5.422617823602380316e-01,2.916058070163065064e-01,1.662946520272516604e-01,1.577092648626463867e-01,-1.374856561466661631e-01,-3.201358718117168767e-01,-1.417996874733696844e-01,-7.801656922410966921e-02,-4.341836714274839581e-02,-3.222027610339809472e-02,-1.847737837326721422e-01,-7.788700088739348992e-02,2.254816738277674870e-02,-1.311779624234649944e-01,-6.882239362892859057e-03,-2.699360547294190130e-02,1.621683266842972870e-01,5.071533728041281719e-02,-8.374465388996393811e-02,-3.642225226031869934e-02,1.204571358652362784e-01,1.504673584805097386e-01,-3.330138551465938734e-03,1.448768614494221618e-01,1.319626642705877539e-01,2.669439567808074565e-01,9.726924678602008600e-02,8.221217625166964138e-02,5.586094934852470391e-03,1.251323619259873121e-01,2.250060280828673764e-01,2.826610798602544050e-01,3.022330115408715656e-01,1.383342230027172215e-01,2.591056784966919158e-01,1.769528059134946874e-01,2.146835362610303999e-01,3.326380194664385614e-01,2.787044429679506052e-01,2.029220310620906409e-01,3.507594097969754521e-01,2.928101412812997850e-01,2.320230605922392331e-01,4.098034614515340124e-01,4.294549663987220489e-01,3.026425949215184596e-01,2.419049008364436704e-01,2.330023921866119785e-01,4.154100221422510897e-01,2.084144531490801089e-01,2.217494721750776776e-01,2.942611928432850021e-01,2.033576587032663030e-01,3.148925431766327887e-01,3.866034014652348083e-01,3.630236754829976875e-01,4.947682040253872371e-01,3.342297921471665823e-01,4.212623361122000420e-01,4.572099970679168179e-01,4.476255024309532815e-01,5.040494110604226696e-01,3.111806914136472368e-01,4.271714583727285186e-01,3.889051924387738057e-01,3.791821703124709231e-01,6.436796526088887083e-01,4.508733068164856861e-01,3.499528207503555532e-01,4.808245082217083022e-01
4.487343079611413321e-01,1.559081637431714573e-01,-8.948660332878863866e-01,5.579448552254782090e-01,5.200178740176392145e-01,5.430541901400617322e-01,2.837689927377925470e-01,3.874384079988503204e-01,4.182905702642833456e-01,6.790432303730491170e-02,2.217600905518162802e-01,1.166339346989315323e-01,-6.092720217525094545e-02,8.580168487576131375e-02,-5.190456069826698132e-02,-2.912414017340256636e-02,8.177827924358279515e-03,1.725393109144607307e-01,1.309928436844919608e-01,3.823804053929078656e-02,3.120369136694871662e-02,5.006844276460671594e-02,-6.492330273604378366e-02,3.902083674562004112e-02,-3.791511094983360947e-02,4.925477844864873528e-02,3.368363963911415876e-02,-5.226702296838637435e-02,-3.586433068122524964e-02,-1.257380827930777711e-01,-6.903712355376091618e-03,5.034767385732463740e-02,-1.351331660466436879e-01,5.146013434842538342e-03,3.812632009256581439e-02,2.572518642819618048e-02,1.214075708603401804e-01,-1.983671435323584864e-02,1.409567831351243306e-01,6.432206164836028195e-02,1.228653506986049637e-01,1.713578913209398424e-01,5.493341506764425758e-02,3.921785859110468037e-02,1.170947636064056663e-01,1.576492030868194560e-01,-9.271562594281536340e-02,2.002883418656414005e-01,1.623865561520322909e-01,7.645884908290383197e-02,3.161116130752055775e-01,9.848243675793928731e-02,1.731432963314755713e-01,3.883496663235855989e-02,6.864509782216093869e-02,3.782846298544477182e-01,9.466157128092315964e-02,1.546344369389181794e-01,2.212818651305326345e-01,8.471097833127580468e-02,1.254153917173355670e-01,4.054723462838773912e-02,1.429206458908192368e-01,3.533287458085660471e-01,2.970625125381617382e-01,3.386748864451716301e-01,3.292927205758415798e-01,3.282896251873783644e-01,3.823773235831467443e-01,2.591732383716585653e-01
5.688586275414525550e-01,5.054208555618211474e-01,5.635194894726419657e-01,4.508172709925627464e-01,5.550079876468198004e-01,5.727596679589205264e-01,4.214712490437728110e-01,6.030402339306178972e-01,5.303038041089398469e-01,3.616329150462666564e-01,3.337983185317621726e-01,4.123630780769622084e-01,4.045082374029990713e-01,4.181810371614237409e-01,2.038625742797198770e-01,6.175617213039046732e-02,9.373962110965793071e-02,1.298782417489193208e-01,1.445763200499376733e-01,2.282909141415299242e-02,7.876792917721123222e-02,-2.907842405123795687e-02,-1.198837586829717625e-02,3.112005717558935861e-02,-5.914428280216243311e-02,-3.767497388195367638e-03,-9.851206692319432190e-02,-1.134332821701882488e-01,-4.539982790746197733e-02,-8.245878628478570116e-02,-1.564530047279542521e-02,3.091849582466315097e-02,-2.392179120685165861e-02,-3.084667022009098241e-03,-1.154156158329227161e-01,-2.482949117305681755e-02,3.501056914291303390e-02,6.257655231990669198e-02,3.641394921351996661e-02,5.295487389908816456e-02,9.119847835249214607e-02,7.720594075286016378e-02,-5.054075504845820244e-02,8.345124497679580478e-02,-1.727338899422815321e-01,5.362123760334203126e-02,-4.201001576392206227e-02,-4.098446563081290656e-02,-1.138016047450557400e-02,1.017582446109230043e-01,1.150767132446476465e-01,1.418383434646277863e-01,4.689065002116588748e-02,-8.033450328317713607e-02,4.306715480392116907e-02,2.290572942008460844e-01,-4.786334074458398896e-02,1.869184006693529188e-02,1.000596352736880246e-01,-9.356294965864054777e-03,2.078268856638030015e-01,5.758903909656950398e-02,5.407596091939494837e-02,-2.298166633814623452e-02,1.166355006343701567e-01,1.087212803466654082e-01,6.150678684384721512e-02,9.399193671550729046e-02,-3.117224650266311320e-02,1.160508073215704566e-01
5.732654607669702695e-01,5.693376705869875876e-01,5.111066389807479293e-01,5.038920578611593148e-01,3.871519648040736006e-01,7.112679263117061002e-01,5.584374604276506338e-01,5.517795442992685651e-01,5.267291302340580961e-01,5.886843192843873585e-01,3.059281842284544695e-01,4.339558633225554796e-01,2.958420036724730418e-01,4.000620465235277257e-01,4.329192347607203617e-01,4.803429591943627064e-01,4.190471934128440212e-01,4.705566333182352179e-01,2.488395171691157037e-01,2.622450039176073555e-01,1.829692863940112491e-01,2.962273318439719305e-01,3.905659589862795628e-02,5.768688107947820935e-03,5.900199927342739820e-02,-9.373308945264523240e-02,-1.367564208279906449e-02,8.530364295846568079e-02,-6.667033290972286530e-02,7.137096884159094268e-02,3.556352090348098832e-03,3.205119702204980298e-02,5.461469834987251609e-02,-2.693141924623669928e-02,-4.910752674072526441e-02,4.515292266502086982e-02,-5.531982598287597114e-02,5.017352987774901379e-02,3.028010351882064882e-02,-9.848787273944428766e-02,-3.834940934515964489e-02,1.204021816678850776e-01,-4.164825383591688052e-02,-6.656850205377561058e-02,5.915357964407644970e-02,-4.016175206362662675e-02,5.341556298434065736e-02,-9.368385670980319824e-02,-7.987952256830117836e-02,3.735251892394351320e-02,-1.512884811842799548e-01,-3.141345004268523283e-02,-6.059653266535951904e-02,6.801744459913022789e-03,-1.546823736919336438e-02,6.691228398183736437e-02,-7.530230396052851882e-02,3.665868327846056457e-02,-3.944768261213774108e-02,6.139326276568348589e-02,-7.378000011011587311e-02,6.992230506219647423e-02,1.262224052098525895e-01,3.154719945111351953e-02,6.877039552925816313e-02,-3.133916120380213916e-02,2.971414097626078402e-02,8.196534995330502504e-02,1.264508269592438672e-01,1.872015229216071608e-01
4.549126656464376195e-01,5.179704498477885055e-01,4.668875711660402938e-01,4.692187504923180930e-01,6.062086856982661365e-01,4.462587657815181297e-01,4.074178449517836809e-01,7.151054312546885061e-01,5.476137513629708575e-01,4.389179662102463686e-01,4.405063735212190745e-01,6.150692182949121234e-01,4.588645643234092741e-01,5.935074327594570542e-01,5.564564959694435764e-01,3.629655292250466569e-01,3.902630244815313842e-01,2.802413837026704324e-01,4.520799415069727822e-01,4.959723278531594226e-01,1.577352403305219142e-01,4.715859271698867872e-01,4.207483895449695699e-01,3.322130008051853989e-01,3.700459764960638553e-01,2.426564493799849287e-01,1.811757814799768718e-01,2.015659440111558232e-01,-2.621268438471341042e-02,9.932179063266025065e-02,1.877294167455922230e-02,1.089756428337983890e-01,7.759961494667913517e-02,1.035306463807448146e-01,4.551458150860852175e-02,-7.567037507765585203e-02,-9.348006526391302792e-03,-4.656355762711569292e-03,4.835424061258033340e-02,-9.111346275968142117e-02,-1.251715217132446378e-01,8.605334515467601142e-02,-9.036428306980572034e-03,4.211801077710417007e-02,3.261603970232991589e-02,1.328732038980900698e-01,-9.485530351954028772e-02,-1.528827800546609939e-01,-1.415630836497817346e-01,2.057129428279651576e-02,-1.440990909006392151e-01,1.312529466965717262e-01,5.179634735832418235e-02,-5.802387645973298286e-02,5.554960199460311915e-02,4.120683334758615257e-02,-1.134797954590538310e-01,1.628141753343297429e-02,4.583385765165635950e-02,-1.544616100974745450e-02,1.068955079580630046e-01,9.488175099523238343e-02,-7.005736299819301238e-02,6.634471028991240082e-02,-5.941964327496242898e-02,1.688230857100461377e-02,-1.162299230708902509e-01,-4.278665322064528070e-02,1.402909064598813482e-01,8.715741860067931224e-02
5.311682574745292262e-01,3.568797595266210987e-01,5.299862433117996652e-01,3.794310697404251753e-01,1.931735418154615080e-01,5.031708515751440736e-01,4.595617171994417771e-01,4.659655536024094880e-01,6.671690670427695702e-01,5.896640569656880215e-01,5.449078712275662317e-01,5.221205000765777315e-01,5.068502091931776921e-01,5.082465607554882414e-01,6.716090172596681507e-01,3.538953019215897999e-01,5.295694150783666343e-01,4.959986450938584368e-01,4.402078779021548760e-01,4.687273002458176019e-01,3.988294542598928571e-01,2.582581562225864658e-01,3.048670680718331139e-01,4.084129912337670087e-01,3.602125728322046472e-01,3.315894571286770454e-01,4.067001234499498796e-01,2.582069948031534001e-01,2.463939381846605436e-01,3.620264068516345080e-01,1.376282260337907126e-01,1.492377030057575604e-01,1.452724236969867855e-01,8.917281291090123352e-02,5.115154854046378985e-02,2.643875974825389275e-01,1.062346365774916174e-01,3.649945231915519700e-02,3.032920740993640812e-02,1.685193652785237084e-01,3.220955256726710375e-02,-5.237895976650678090e-03,1.433010346717110764e-02,7.563915143450279654e-02,3.332735866428059024e-02,2.631837979925858231e-02,1.021072283452189866e-01,-1.359761555091940077e-02,3.862484705186921413e-02,-5.507003250988899007e-02,1.370808399282202328e-01,-1.071389590431057366e-02,3.454787496259711932e-02,2.901106523239287138e-02,-8.385737154820578632e-02,-3.551499459703604672e-02,-1.046541699302334372e-01,1.215225197013968667e-02,-6.734535660777234145e-02,2.968625476890801237e-02,-1.431546439789768976e-01,-4.401117351498861491e-02,9.543877497534529464e-02,-2.735426662741755749e-02,-1.408349650104623596e-01,3.786966247982870293e-02,-9.349096848774736401e-02,7.266252716402475664e-02,-2.995888194273038652e-02,7.654594799503304514e-02
6.410693014667335765e-01,4.814313098229395793e-01,4.373056003570864325e-01,7.027398944637373024e-01,5.354687092179946095e-01,5.494425810644661956e-01,5.773602864195073181e-01,5.997854988891919703e-01,7.235349108410633612e-01,6.852315710860923392e-01,6.359302778662898614e-01,5.614432418243748835e-01,5.095211069890607236e-01,4.835743099434695602e-01,4.064917996669184519e-01,5.086920945326051102e-01,4.017479461449402489e-01,4.082013120786841531e-01,4.642772025782283540e-01,5.108688910616580037e-01,5.180787527151923255e-01,4.727840699733908414e-01,4.445501221279086201e-01,5.276942861176837640e-01,5.520521010528542938e-01,2.730776054290049992e-01,2.981735371958634251e-01,4.616579637921853219e-01,4.302296453896357620e-01,3.853563205166830596e-01,4.383194412663137807e-01,4.335892878036978204e-01,3.353873351350047383e-01,3.288898484952079149e-01,3.465058800450314114e-01,1.346369322159638449e-01,1.087232768760555829e-01,7.999366726053024068e-02,1.240338613698807602e-01,6.846657278237890110e-02,1.215493594091861113e-01,1.275521217448179721e-02,1.070727286133398848e-01,1.861478892675280938e-01,1.732958045529652685e-02,3.959793553292079160e-02,-3.406992572288357335e-02,-9.230494652016208931e-03,6.636839132919049311e-02,1.680519191327585829e-02,3.757898017149286646e-02,6.228680902406904391e-02,6.230280139899611186e-02,3.262233220285605528e-02,3.500481839469387485e-02,-3.860171971761952592e-02,2.373064206019422692e-03,-2.026787283699899023e-03,-8.628225849003619274e-02,1.443001199996808426e-01,2.967023736319181204e-02,1.028271958728984858e-01,1.152133995453586413e-01,-1.176497562527405311e-01,-3.248452602049038858e-03,-8.965091500111360689e-02,-2.855859978425914422e-02,-5.818410044338472031e-02,-2.823010806987485619e-02,-5.798486904118489021e-02
5.021175411548631784e-01,6.146898175189711155e-01,5.335175665796271227e-01,5.584514012475868538e-01,5.953632363882745970e-01,5.585781986589011261e-01,6.011075938692351794e-01,5.855884656978140868e-01,5.293137750328671398e-01,5.446386293835152603e-01,5.484046894785328252e-01,6.943753230071149085e-01,6.638216021618688067e-01,5.205832076482003190e-01,5.220094948208525709e-01,4.983954873392847928e-01,4.354774335789246553e-01,3.560330220082872921e-01,4.796396045177807599e-01,4.283765038703412631e-01,4.540667223372620853e-01,5.528067129687628256e-01,4.077771997327152564e-01,5.639006401615919151e-01,3.845987159943764500e-01,5.123747757196990271e-01,3.682921825386372139e-01,4.097626238732578474e-01,4.462415365788626187e-01,4.465498951039133524e-01,4.689321701709462942e-01,2.734711614605772612e-01,2.345842592431434670e-01,3.019672021653930227e-01,3.138118018728828784e-01,3.621023280462145055e-01,3.538113207759815415e-01,4.199287118172000954e-01,3.404793299778716142e-01,9.656166946903718684e-02,2.223359341476536244e-01,2.999977179150598028e-01,3.023043641332638225e-05,1.115473243448678736e-01,8.022398616510052760e-02,9.901346675561335797e-02,4.807843158756945103e-03,4.316411333931477468e-02,3.977233243877561358e-02,7.918729798002029086e-02,7.750871791327430815e-02,-8.306268725690396648e-02,7.922839752130707291e-02,-7.632039012990111948e-02,2.538784084787797449e-02,4.253539184553010305e-02,-5.181992445624508670e-02,9.041499301151888213e-02,1.074330855197898199e-01,1.499796360147867269e-01,6.529966622128977050e-02,4.405318014061895826e-02,-1.227343482961923068e-02,-2.570963174603288146e-02,4.185304525322493946e-02,3.609774718536187116e-02,1.266184761196290087e-02,-7.215113674607875893e-02,-4.585771909977821859e-02,-1.014871380130226083e-02
3.639469022817098387e-01,5.072092577711437844e-01,6.089057151566760195e-01,3.893930738525948620e-01,4.277596882312376669e-01,5.064431876142817535e-01,5.415766649261963828e-01,3.896019349079258842e-01,4.967104569406108339e-01,6.057717118385775867e-01,4.410473857745940696e-01,5.519934274377485961e-01,7.189384324103348378e-01,7.045987349209075212e-01,6.990351774366659887e-01,4.011015355286212669e-01,3.157450620564347110e-01,4.972276810069619080e-01,3.397417088654910433e-01,4.683500831281682264e-01,4.977402405723430068e-01,5.016434671088538799e-01,4.985595312603219309e-01,5.092215985677918111e-01,5.202217275108899086e-01,5.201129241108690682e-01,4.924915226951727676e-01,4.804726569964795080e-01,5.010655206926923899e-01,4.897355719921556161e-01,5.187505999927235489e-01,4.243373110132970250e-01,4.810466974923914285e-01,5.120967203237817289e-01,4.794942027543211416e-01,4.649818947763995070e-01,4.870139581539737472e-01,5.332289112019886756e-01,3.370960641945291991e-01,3.847807477404810994e-01,4.787100630714766769e-01,2.415760636963504016e-01,4.142196136807115292e-01,1.314024076318766332e-01,2.179370060285114874e-01,1.942572546760389374e-01,1.690936965575647599e-01,1.567299819092447255e-01,1.730427847914426109e-01,1.843383250057158418e-01,9.183238645259114707e-02,6.202548771151879768e-03,9.155774777521105690e-02,1.574992441757454009e-01,1.523067955090679979e-02,3.658954190990110905e-02,-4.994119628447606096e-02,-2.250717044756775018e-02,4.964410434953954454e-02,7.481361039222991782e-02,4.426068617385823384e-02,1.806111833394082392e-02,8.200659106743973803e-02,-9.161271951421705306e-02,2.214797490934876031e-02,1.262616008754195440e-01,-6.930994262471551481e-02,8.688101152708989361e-02,2.525953763136029942e-02,-2.157194727906534826e-01
7.662266878430076256e-01,3.826717441194226188e-01,6.853997100330558867e-01,3.857465617841346339e-01,6.286825151555014424e-01,7.152113532866959389e-01,7.275371484942598777e-01,6.692679847812554872e-01,5.869598508363621514e-01,4.398112018263927725e-01,6.495995775334911793e-01,5.803952990728802330e-01,5.064438698926301274e-01,6.971547822492745183e-01,6.934898427059266179e-01,6.675770165503698284e-01,5.212159114046439612e-01,4.371607180809806703e-01,4.188796116713574547e-01,4.994582219476439433e-01,5.667418878079527600e-01,3.815193548742505381e-01,5.736096326008391921e-01,4.732021773066154013e-01,5.774903873957817346e-01,5.194814035569558230e-01,6.037632066481833926e-01,3.953833934789597326e-01,5.473793093474009774e-01,5.295018636869249784e-01,3.210478614486197979e-01,2.671495982047042972e-01,2.872822350260675894e-01,3.425780739666254848e-01,5.413126295874899352e-01,3.641131890196686038e-01,1.347488964976109316e-01,5.710124009012482738e-01,2.623315419180238250e-01,4.343284871728443908e-01,4.402177447836049806e-01,4.639580623783370328e-01,2.001334156977068457e-01,3.962844980192212763e-01,3.943317575779105022e-01,4.800185052106515360e-01,3.077144627013527201e-01,1.856172478670286563e-01,3.265216348381441702e-01,2.127082209711030070e-01,1.382480820001447119e-01,1.942494235610937592e-01,1.161457270095918731e-01,7.796117797592441723e-02,2.190305732647117032e-01,8.749821429544514528e-02,-3.570603626098280137e-02,1.326501840016686140e-01,1.446743338156169789e-01,1.128938249504119057e-01,-6.092141607843473694e-02,1.441450491936732969e-01,1.675425724815426121e-01,1.367250286117895341e-01,6.329889521484451109e-02,5.520770820239920273e-02,1.181488203702369261e-01,7.759388568642916484e-02,1.697477212665624846e-01,8.287367566683351283e-02
5.311985738747175834e-01,5.804853417569654228e-01,6.781178103789827771e-01,5.955189613358302658e-01,4.569323461023060973e-01,6.061864376151293587e-01,4.404450673227780499e-01,6.422627283710334867e-01,6.214314759952646039e-01,5.419177832674401118e-01,5.283880335181351251e-01,4.598258034809405981e-01,5.720367465623495962e-01,5.681355297766449430e-01,5.765945119092951154e-01,6.762128605625888911e-01,6.537543373590454232e-01,6.745113644285373189e-01,5.467860148785018692e-01,5.507908055080033005e-01,6.116538719162768478e-01,6.222491814082556916e-01,4.188969309043571454e-01,5.447580421836644149e-01,3.909065455950724299e-01,3.928166270053545239e-01,5.023301184358079929e-01,5.442470651373848556e-01,5.312166104961180135e-01,5.043786932364577869e-01,3.647445227980072868e-01,3.951246605315068550e-01,5.633434638782877091e-01,4.416920945495200757e-01,4.682468670396432442e-01,3.889844731338316652e-01,5.143187482314571790e-01,2.998264864148716402e-01,4.778290836902387428e-01,4.026418359817565129e-01,3.541841941829070861e-01,3.784012352598746243e-01,3.883765600544819563e-01,3.420497635809640613e-01,3.780248721258184785e-01,2.726871321436353801e-01,5.548936408204786508e-01,3.288600593701858643e-01,3.213863233087013715e-01,2.816556624782752816e-01,3.523562279410212827e-01,3.173432214099844439e-01,4.620131348678989669e-01,3.564930825738080178e-01,1.666556229585244020e-01,1.045697462166952918e-01,2.513832054779984171e-01,1.807425773818606973e-01,2.306998653251644826e-01,2.022453609194640733e-01,1.365846093394281480e-01,8.456832168289651896e-02,-1.850354358199527219e-02,9.284708225828229577e-02,7.279210175331352062e-02,8.993309755189281274e-02,1.140797712780090983e-01,1.554302482878636427e-01,3.529969273947818065e-02,7.490418480850227767e-02
3.424608019059675046e-01,5.586816285396646320e-01,5.785704719390007966e-01,6.860264496737328299e-01,5.830708163019243662e-01,5.807349695698249548e-01,5.778643972381684035e-01,7.269553216192600198e-01,6.428552247527812291e-01,5.479959170159450776e-01,5.123320515693061683e-01,6.220701526664080827e-01,5.601716578506885647e-01,5.906106196428201338e-01,4.613863674491133771e-01,5.307415466152278771e-01,6.680569082997008801e-01,6.601773564537679606e-01,6.067848446443264709e-01,6.675705536149006969e-01,3.859943072008696352e-01,5.221614067263492531e-01,4.114631876554117329e-01,5.174423990484360303e-01,6.385785595659905223e-01,4.948624184344100896e-01,5.089884238002767569e-01,3.307292233205413878e-01,4.200426294388178161e-01,6.147801497432477946e-01,4.369343678909033413e-01,5.171489501811447065e-01,6.339807242942930854e-01,3.417230800505064447e-01,3.869789041905691840e-01,3.926294905857658502e-01,3.711138530238259348e-01,4.125932009390271826e-01,4.221474069208147051e-01,3.638867970421511555e-01,4.896597994305892376e-01,5.065672222223887022e-01,4.801944428743520898e-01,3.092741633933593359e-01,3.521327365511898733e-01,3.913924650701821051e-01,2.482301032930980533e-01,3.535541178992877565e-01,4.511390544922997958e-01,3.364123330157738345e-01,4.749522768186326127e-01,3.265559624028868124e-01,3.585040870568060867e-01,4.847062255876258829e-01,4.863519794394576823e-01,2.776731391786897984e-01,3.798751214365306828e-01,3.562191478162958780e-01,3.364902110112871214e-01,2.518767318113722675e-01,2.790694605173404397e-01,2.094521229529613948e-01,1.012203116693693034e-01,1.320042768863307348e-01,-9.662606029341618344e-03,1.345264298477347464e-01,9.610935467786503594e-02,1.594948759513746062e-03,2.005909950935485520e-01,1.518437534279283019e-01
6.399741551739359657e-01,5.898930301983215108e-01,6.391160609853733243e-01,7.745879894945965072e-01,5.573158783030719432e-01,6.111082736312593022e-01,6.505557761180610354e-01,5.672576709679869600e-01,5.440588574582185810e-01,5.398103305791406292e-01,5.868496265573558412e-01,5.291084685444874536e-01,5.830683444090042356e-01,6.738942349838610291e-01,6.911440808566613470e-01,5.061659453513408513e-01,6.888557602182648898e-01,6.995826355718685052e-01,7.263671808615617120e-01,7.037985077958638369e-01,6.735638914315665859e-01,5.248776896714583140e-01,5.707608567895193774e-01,5.644346721743824791e-01,4.259778833597463454e-01,4.844440909370477666e-01,4.157012101720576891e-01,4.975032850281201346e-01,6.068859428920081456e-01,4.272933505360929640e-01,5.446257031872098198e-01,5.532841770390262148e-01,5.760721314417818206e-01,4.744548759288021444e-01,4.064732584977551189e-01,4.335428733225821230e-01,3.495141125109668678e-01,5.275762713612864863e-01,2.391269793638420849e-01,5.451652442962686695e-01,5.717428284276876438e-01,4.279214623708273990e-01,4.030578918916472575e-01,4.579949098326289159e-01,4.009012742889104808e-01,3.909340684248538977e-01,4.137934116081419256e-01,3.730774122066279896e-01,1.894989540308401610e-01,4.351858074972023149e-01,4.130344903675643997e-01,4.957368078493722408e-01,4.904496601508853693e-01,3.935498094968309379e-01,4.066849530061923956e-01,2.216641734086262638e-01,3.670451703885292405e-01,4.206061693499548726e-01,2.046966539876238222e-01,4.165468854823751177e-01,2.518636678431235842e-01,2.929003783678171269e-01,3.487126826540697389e-01,2.871743077882337736e-01,2.494831306956583061e-01,3.260925296118408201e-01,2.085868287379273878e-01,8.146691034538008913e-02,2.026987060709203869e-01,8.623757224291257739e-02
5.050946929851721778e-01,5.995624404211005176e-01,6.425194291999181129e-01,6.967151000638840408e-01,6.047572359715489565e-01,6.925973930696714964e-01,5.348875713961216416e-01,5.996595934026811570e-01,7.138157891427231450e-01,4.801376068272575903e-01,4.681277363799826174e-01,5.253630180427397711e-01,6.366786099459957882e-01,5.017032489309918297e-01,6.936096218405738423e-01,3.786533549535571752e-01,7.607045938652173822e-01,6.070746476844900430e-01,2.843720878151380638e-01,6.790613080544718461e-01,6.579979114044623989e-01,6.236643582967293931e-01,5.959137088644791413e-01,5.565290123699798697e-01,5.688608538601732656e-01,4.169397668111459732e-01,5.592600539500384160e-01,5.482427328721669602e-01,5.268886386142229705e-01,4.811598532380904070e-01,3.801746816067443357e-01,2.788669660141019357e-01,3.750131639744139767e-01,4.533562065093175719e-01,4.124469794363666564e-01,6.374922618204936775e-01,3.380483787325384015e-01,4.309740134931189792e-01,4.615097567811032864e-01,5.044732998107887001e-01,5.728083267710578630e-01,3.920273407619197514e-01,5.854539379969296853e-01,2.935118801620510975e-01,4.241461420770334390e-01,3.256216259256519141e-01,3.804232780596039087e-01,4.883628338276843062e-01,4.084693691661699377e-01,5.145612239023830137e-01,3.659483501881615752e-01,5.108396573275691965e-01,3.867930889189743482e-01,3.677531739928146526e-01,4.965752810548509921e-01,2.989298911553068261e-01,4.904349507280836296e-01,4.650522248495837507e-01,2.688592073562168783e-01,4.091878404841034489e-01,1.439112131288514951e-01,1.419427933795417984e-01,3.489281073854105797e-01,3.764117512533448062e-01,2.800006787991353163e-01,4.726380591653631114e-01,3.112609641310012942e-01,4.333978205564922859e-01,3.379673939539069583e-01,3.118259855818205084e-01
5.611995386991117662e-01,4.253047212126528920e-01,6.356567367807759439e-01,5.611841467946169226e-01,4.563796507431317484e-01,6.465137407920216184e-01,6.539339448080474515e-01,7.055995138237755038e-01,6.351143613328598114e-01,6.096401058427773911e-01,6.184659401047425398e-01,7.026319965243669197e-01,5.075950370927398980e-01,6.108403892938980562e-01,5.874394376161576892e-01,6.187519254998588014e-01,6.976027766695428456e-01,6.743272623987679459e-01,6.349142581849366307e-01,6.454742181445738414e-01,6.706591288152795594e-01,6.921669553005850295e-01,6.674162798483023185e-01,7.521303703778791094e-01,5.327506883297979945e-01,4.323942604664528511e-01,3.696741542011018344e-01,4.367331413825947806e-01,4.892008135851319550e-01,4.735966478687377856e-01,5.798219822266765799e-01,3.120038435704722279e-01,5.359199251695030419e-01,4.159055367283741589e-01,6.694664373807529545e-01,4.766223337205942046e-01,4.574593401895359346e-01,3.927571949154427533e-01,5.604930993124785932e-01,5.056755743470363607e-01,4.008339157378407736e-01,3.609488319231096698e-01,2.962997570729289931e-01,3.130817019879360008e-01,3.715032482088279076e-01,4.665525380751396889e-01,5.237394116198550442e-01,3.773410901634613457e-01,4.196016766117615093e-01,5.498525117480178581e-01,3.612243425450059608e-01,4.801043780811151129e-01,4.594542872126884947e-01,3.358365283903677057e-01,5.373311960622025873e-01,3.828034467256459239e-01,4.199940270955234700e-01,3.181377460377339816e-01,3.851365237131350039e-01,3.144413756886870748e-01,3.938658775222385056e-01,4.080530574381124875e-01,3.294100139393025817e-01,3.979418721646671431e-01,3.630106936638891613e-01,3.770792709587666991e-01,3.242873230990558353e-01,4.176963758636280111e-01,4.944538285530951094e-01,2.582661859846265284e-01
7.375897928796448788e-01,5.294078748376930266e-01,6.794988776527427499e-01,6.429721336870567461e-01,5.405072461480833201e-01,5.442159056809194873e-01,5.619655283236816290e-01,5.878291388846045296e-01,5.264631249546307679e-01,5.406222760272844097e-01,5.363413943850084964e-01,6.770131556064626910e-01,6.436218758213559932e-01,7.211537360812896313e-01,5.531531642980902497e-01,5.927241653756246675e-01,7.131043299920708511e-01,6.494675349688885380e-01,6.990524915898769232e-01,5.000520140870281516e-01,5.524832823326553122e-01,6.714680114184232718e-01,7.037860491662945028e-01,7.248107268767171041e-01,6.557544154899197508e-01,7.041674950521077392e-01,5.396781591910423392e-01,5.701142735088265967e-01,5.095032608003076113e-01,4.907475639580362037e-01,4.719001707655513522e-01,3.728559512491533279e-01,2.531244927617174456e-01,5.291008804095338469e-01,6.419782030254010952e-01,4.839123378046706891e-01,4.107025424745503472e-01,4.649620657603958929e-01,7.219602825831915593e-01,5.487657804729099142e-01,6.275510063454777798e-01,4.986499050539199285e-01,3.875867602949397694e-01,6.081704909506057133e-01,4.575855143594743657e-01,4.246731600453549915e-01,4.543122967615321750e-01,3.694974511130549866e-01,4.926060160438893165e-01,5.226236204459616674e-01,3.021068705636472118e-01,3.624288641478644601e-01,3.982291834996317670e-01,5.154068334794401629e-01,5.174573738415626512e-01,4.704685694615067804e-01,5.232664906141949457e-01,4.736817502550615400e-01,5.084190536197158439e-01,5.458475821087009905e-01,4.670587448269242214e-01,3.869290784648455883e-01,2.436335761847690240e-01,2.203430552978303814e-01,3.639362694152493138e-01,4.482687726204668266e-01,3.404668127305715553e-01,4.084081351414284855e-01,4.383862359283484667e-01,3.729357028181183864e-01
5.003820173771434954e-01,6.300910336784728560e-01,6.703169145121616879e-01,6.223708488547162743e-01,5.362526243883388721e-01,5.269249059675179536e-01,6.272151615653001056e-01,6.560493546185515168e-01,5.309856619848150050e-01,6.202650022478206626e-01,6.301970741026747813e-01,5.985178677178636386e-01,5.451911632996273571e-01,5.942786411989302575e-01,6.855831008843010776e-01,6.235279391235907243e-01,6.326980144672932349e-01,7.710496350526717668e-01,6.193009243590256174e-01,7.564648487378982100e-01,6.881754003655392582e-01,6.984759510294286100e-01,4.591895885662874988e-01,7.344803216305096916e-01,7.311967870929674262e-01,6.832996692371687830e-01,7.084174603508697210e-01,6.541226143433201967e-01,2.948848369809435321e-01,5.200568610247855439e-01,5.182445476344496038e-01,5.880630757744547132e-01,4.527248995237752038e-01,3.807806236614770801e-01,4.936667074904595998e-01,4.420948625683127076e-01,4.932975056429324545e-01,4.651688829297772609e-01,5.386506364947927228e-01,5.463800409907167976e-01,5.025767869903685625e-01,4.315156183601568385e-01,6.081833319991136744e-01,5.375174785406894307e-01,3.048278515228828311e-01,5.833747647292486516e-01,4.626023211495953191e-01,4.680635466860688099e-01,5.059167674389056790e-01,3.334680396375375722e-01,3.096509668974824492e-01,4.058648703569300853e-01,3.912340388918878475e-01,4.353620692859475616e-01,5.127145753679939189e-01,4.313385601748466747e-01,3.861043780567415817e-01,4.371927945626848389e-01,4.884503313944084102e-01,2.439161194698379609e-01,4.252729485837765111e-01,3.683960117624229813e-01,5.161032124802319432e-01,5.391577276272704333e-01,4.080474567187153401e-01,4.182257616708806580e-01,4.186857062682626252e-01,2.204444183954607783e-01,3.824344737757610635e-01,3.954134856855849312e-01
5.296928856749086867e-01,7.057910117754756518e-01,7.092911371707392165e-01,6.304600194038443295e-01,5.572419848109910756e-01,6.163971719197468557e-01,7.694367303973964622e-01,6.575812807185313913e-01,7.118402253926940926e-01,5.980875147729264318e-01,5.526407893328010301e-01,5.905223707138139710e-01,7.457138353856826996e-01,7.085398654813691577e-01,6.848909609964837220e-01,7.710546866105966179e-01,7.305396303410792713e-01,6.665480077894717637e-01,7.780669200462903001e-01,7.542506059228532012e-01,7.320617913711708891e-01,7.314808857687986610e-01,5.999070062365158273e-01,5.988099642257521671e-01,6.042794014160929317e-01,7.037439139202715799e-01,6.643712034948293654e-01,6.592518930814706968e-01,6.517078723226226167e-01,5.777418562894768295e-01,4.546350974937855005e-01,4.037163918964819520e-01,4.717104535453243153e-01,3.870683128573401133e-01,4.961238328172562495e-01,3.051625403544432347e-01,4.670654739588684934e-01,3.982339006001536230e-01,5.632047488033776750e-01,5.404419327909040227e-01,4.661851659336280762e-01,5.612795009736107898e-01,5.113997008659647570e-01,5.143689452112035765e-01,4.358016965700270418e-01,4.455829796774280482e-01,4.961400130856177260e-01,3.742134044621099886e-01,5.288043209697896874e-01,3.476778782843155668e-01,5.923197323999050967e-01,3.323519821786611317e-01,4.099742065901271770e-01,4.601110605080905303e-01,4.719482229197750622e-01,4.396974381408554344e-01,3.958139332290780965e-01,3.800507989104301432e-01,5.211239676868603121e-01,5.670690816698462644e-01,3.152076480263036884e-01,3.725913116579209206e-01,3.648740845371115649e-01,3.508804279986849073e-01,4.989975963871921549e-01,4.401906859875899247e-01,3.437385701583872688e-01,4.748931229414277144e-01,4.741180533893185056e-01,3.976621068630848410e-01
5.954654795022236158e-01,6.323778301489760834e-01,6.299656975407327275e-01,5.441489372920754741e-01,5.668846065705058779e-01,6.825309941458336249e-01,6.377673860546608786e-01,7.057816000850906102e-01,6.318833549728525290e-01,7.120582822369885267e-01,7.213200721785789638e-01,6.496068091925978338e-01,6.981873735522311497e-01,5.545349647744515220e-01,7.617362302609627100e-01,6.544403945874589512e-01,6.562288999095540198e-01,7.802645945074074829e-01,7.030597190429453969e-01,7.091558146321610412e-01,6.440682110950006756e-01,7.372867631289085066e-01,6.687439959296790359e-01,6.815428819501510027e-01,7.033483859556070028e-01,7.182396539396235235e-01,7.367972778580230697e-01,7.469533003892173673e-01,6.580588846047216167e-01,6.814444458815548389e-01,5.235890385568876537e-01,4.124653869846384158e-01,6.008940594833470650e-01,6.012812979172768024e-01,4.830867127921358861e-01,4.977039941282493385e-01,5.532725971418565036e-01,6.215197066591873210e-01,3.209848716371572208e-01,4.293000570735398536e-01,4.800547100244285104e-01,4.599419405147232021e-01,4.763232787983730510e-01,2.060698840726273018e-01,4.710441405071604248e-01,5.056930921478772767e-01,4.848197401928632244e-01,5.635705883673407524e-01,4.115338604587996940e-01,5.358605558925497725e-01,5.832669681758023694e-01,3.456508513869653298e-01,4.974441122341343724e-01,5.076540180603494878e-01,5.048180483273621011e-01,4.516760265273605524e-01,5.249061430697093966e-01,4.041135597472979013e-01,4.634589139754149434e-01,3.995268487173449512e-01,4.815952222555194284e-01,4.779871393381339151e-01,4.243050678382743746e-01,4.933989830326790393e-01,5.605297503094023304e-01,5.856894384364246253e-01,3.970933201774378696e-01,4.802870319584726655e-01,3.580893563575952565e-01,3.099593854915616009e-01
4.735764653135826063e-01,6.249167882377472116e-01,5.732607651980731189e-01,5.800842187296971764e-01,6.583154213299244883e-01,6.533149070864322505e-01,7.456211321526428071e-01,6.396079280259954203e-01,5.944663977444956116e-01,5.720695857148960783e-01,6.024717842126954270e-01,6.852930775198290414e-01,7.459083326398475711e-01,6.184572251598022818e-01,7.932700177022345978e-01,6.931095619565676991e-01,7.004934762837193851e-01,7.158332199294126230e-01,6.782307720416491659e-01,6.945489605808451428e-01,7.360667301568846188e-01,7.230674393440601477e-01,6.807981781756744510e-01,7.102578541627108111e-01,6.481007239630646177e-01,6.953817072690683387e-01,4.783405886672493779e-01,6.716084987061524680e-01,7.334046416781219158e-01,6.602515251511275052e-01,7.583533363378509584e-01,6.969588554141504799e-01,6.289958052368185282e-01,5.393005428953325797e-01,5.314464660945436014e-01,5.825368080293323869e-01,5.049460680501587362e-01,4.050502946142314209e-01,4.209971067615860263e-01,5.989794774015594347e-01,4.874760333467361706e-01,3.507039563003656046e-01,5.417222939435077933e-01,3.896133655225664794e-01,3.748564893508855578e-01,4.888390384561648871e-01,5.743430973806833428e-01,5.258372397177705215e-01,6.032667072145622145e-01,4.569563282591225239e-01,5.455586077496960007e-01,3.817366486166395290e-01,3.910020389490972414e-01,3.621929221430176260e-01,3.891202657227562645e-01,4.067892872929459447e-01,5.780166259062293754e-01,5.015501350900506417e-01,5.998030123972480920e-01,5.440219745748373636e-01,5.642533771223013916e-01,4.095248030866426303e-01,4.376506218169978202e-01,4.438561606845891072e-01,5.033970528629866381e-01,2.476474066423427212e-01,3.365697312138831165e-01,5.402349116781784977e-01,4.721051083660314229e-01,4.220176587870462237e-01
7.351646631600694537e-01,6.353672249521694626e-01,7.434551225517479489e-01,7.794688184968803224e-01,6.518195608387504780e-01,7.808821340329589189e-01,7.014491620040679276e-01,6.237498265419851862e-01,5.791668915374015292e-01,7.833233179771024179e-01,7.028715080427727635e-01,7.228190940181654645e-01,7.812173576003857978e-01,6.051201332619668971e-01,7.952070219045795918e-01,7.286757539178726484e-01,7.177972834873442842e-01,7.599433062883149681e-01,6.527284515807529885e-01,7.642741664326092588e-01,7.373699500151812414e-01,7.097992643772458310e-01,7.252127079546083488e-01,7.062667243490367008e-01,7.317355676477425019e-01,6.295497404945469277e-01,7.434232162546006162e-01,7.221809051440968297e-01,6.514352966576500981e-01,7.351433920024282864e-01,6.937967609936606106e-01,7.342570358942236419e-01,7.008749067078565709e-01,6.568748721903374665e-01,5.676931562108813445e-01,5.862527837880157078e-01,3.736381115895135996e-01,3.978887790152908499e-01,5.486231321206788136e-01,6.449608436539109313e-01,4.199329617472059573e-01,4.384324098876142273e-01,4.894233405869269915e-01,5.911980285913155386e-01,5.446784065398000418e-01,4.522692473349073650e-01,4.707779492509276964e-01,5.144213353634959907e-01,3.564621940268162259e-01,3.864952852147980900e-01,5.085978897876670679e-01,4.630972125048737897e-01,5.629902351418359929e-01,4.582681839264708956e-01,4.405679833710225979e-01,4.097303809654037066e-01,5.106119574786391890e-01,5.260176154619646827e-01,4.075458599586224695e-01,6.250181819074095424e-01,4.247403432797923761e-01,4.704135030200373158e-01,4.506315660884637753e-01,3.638431813207188559e-01,5.201324465131973440e-01,4.605373901361625166e-01,3.109648631790765672e-01,2.517935595432593820e-01,5.445995862788435282e-01,4.028153874231177878e-01
7.470641434980881401e-01,6.148945989953926716e-01,6.719868393062201628e-01,7.372762576461399098e-01,7.081036496987447304e-01,5.477816923310266928e-01,6.235691613873982631e-01,8.035842785929413479e-01,7.772266756059519333e-01,7.119163453760080085e-01,6.133104179300420400e-01,7.671427550852772947e-01,6.806944686460340010e-01,7.393240030140104668e-01,6.869785847918487010e-01,6.377984420262091669e-01,6.494988918152604374e-01,7.059368546977565773e-01,7.908538822089370424e-01,6.362996453389124785e-01,6.965555435945212093e-01,6.366054688062577904e-01,6.454188223324355267e-01,7.689707156985920999e-01,7.454634688154104794e-01,6.954145698743242621e-01,7.316122033005661995e-01,7.292911594391421337e-01,6.700115142279230440e-01,5.950472629004439629e-01,7.205407236654070013e-01,7.225706233960362823e-01,6.349534304906651050e-01,7.144894040262783630e-01,6.567453384578310072e-01,6.003581560090569536e-01,4.341182198373338408e-01,5.656504530785165796e-01,4.700679232547908537e-01,3.593437187657860798e-01,5.837258580188048329e-01,4.984437094558556436e-01,3.639686424594909542e-01,6.175144006885034953e-01,6.689935270807337853e-01,6.558677110495828577e-01,3.698929769161135583e-01,2.785904602145749531e-01,4.869287073816719880e-01,4.399320075889218140e-01,5.028537179963901149e-01,4.462601879937491134e-01,4.412320053752042393e-01,4.632026788726857358e-01,5.231628190979090709e-01,5.911361736718269144e-01,5.282073040538940445e-01,4.610160068234607778e-01,4.857810418478820669e-01,5.196477192315814841e-01,4.170513703773739977e-01,5.101604229314521399e-01,5.066427096562420296e-01,2.528257497660298392e-01,5.723401889055067526e-01,5.459710525559534622e-01,5.017455316038585966e-01,5.941062727543671151e-01,5.046636071870512774e-01,4.529241802620269097e-01
7.452244013265894029e-01,7.319234339188031013e-01,7.415204696488775227e-01,5.585994909009236453e-01,7.810395708294192163e-01,7.565603646608365374e-01,6.867966189030831892e-01,6.897025124681056552e-01,7.537243858612313607e-01,8.126275955023832820e-01,6.882314704297690655e-01,6.544404317313163855e-01,7.223795982577462249e-01,7.626975988668799333e-01,7.136176815875535651e-01,7.311231277819126850e-01,7.077274336134810051e-01,7.067184231973240305e-01,7.549837785492293785e-01,6.520981788411467361e-01,7.332754684174385140e-01,6.939627451618526344e-01,7.680428389294633451e-01,6.665340085040123430e-01,7.683827833208797253e-01,5.814763376414827656e-01,7.654975558439376382e-01,7.118333243455415849e-01,7.794064787764856117e-01,6.957762390506674333e-01,5.416593375486320472e-01,6.392915850169288428e-01,7.292777249568277442e-01,6.876882646528571508e-01,6.569432455613061217e-01,6.975438014658059682e-01,6.248823862862233902e-01,6.074597411140569836e-01,5.096010723397071951e-01,4.883809022170877978e-01,5.352917436829340847e-01,4.394548425092041910e-01,5.089997244355690675e-01,4.165935398750841290e-01,3.960254778143444399e-01,5.575830136876177567e-01,5.777032517838205372e-01,7.208113638957888147e-01,4.873087320329937966e-01,4.915379531572929839e-01,5.659893584574896552e-01,4.877683637480302314e-01,3.887589238505504974e-01,4.851783256383248588e-01,4.818246531515350539e-01,5.155825691169064751e-01,3.737219265496714571e-01,5.373133312241606951e-01,4.320555178217039272e-01,4.559044194845837117e-01,4.378771805911544912e-01,5.236282497085178456e-01,5.464383634614156104e-01,3.105208415868476735e-01,3.369663015031694187e-01,4.625500131044555929e-01,4.393552196782850028e-01,4.990702810107888188e-01,4.406499559627539697e-01,5.658339324594721109e-01
7.050475474330742953e-01,6.382476863579596982e-01,6.295135810376869534e-01,6.941296847567589579e-01,6.643683728739050443e-01,6.745592913444158345e-01,7.604006775709158950e-01,7.774075029731276620e-01,7.549089573418495958e-01,7.493469471062615961e-01,8.092641092908956502e-01,6.485397443357773239e-01,7.374782064730498465e-01,7.927972160012380920e-01,7.471671904011425447e-01,5.539160638394347025e-01,7.262505315390281879e-01,6.945777523731725411e-01,6.883369576521661815e-01,7.531928108715569836e-01,7.489657255334789543e-01,7.871822645695079057e-01,7.591640116590157028e-01,7.700312733330194614e-01,7.394884426514458653e-01,7.577405000878236763e-01,7.190899906847938450e-01,7.488324440736531251e-01,7.502141746002554124e-01,6.762376972135234476e-01,7.436005520072560548e-01,7.522045779325172710e-01,7.220790897704413291e-01,6.785528168471074428e-01,7.234981485237184096e-01,7.356562159327846295e-01,6.693335354105734991e-01,6.080863549483226382e-01,7.096848257606219734e-01,5.894966780536152751e-01,5.713055816073983051e-01,3.245097072045349251e-01,4.474989354250624163e-01,5.869628800025946669e-01,3.940149318522167543e-01,4.882224846062326318e-01,5.408867267992515382e-01,4.376985240018689827e-01,5.385371271021592854e-01,6.307860531598598053e-01,5.711013745661541741e-01,6.268902733651259274e-01,6.055015424160319348e-01,5.600094903863126472e-01,5.191689766890968949e-01,4.269941997269761647e-01,5.028428782956237963e-01,3.204402283813296282e-01,5.776809526202565381e-01,4.639153253351927519e-01,2.224653009621310462e-01,4.407788280057183816e-01,5.308537945430945593e-01,5.214545246368612608e-01,3.614484253969519334e-01,6.407944628242169260e-01,4.034736422037261128e-01,4.370103805368582006e-01,5.062445084648786731e-01,3.399217523911151062e-01
8.154601573225559452e-01,7.197575285547792578e-01,6.620246014771445919e-01,7.192768463473149243e-01,7.835904831633953016e-01,6.880871499320015960e-01,7.557448552413449372e-01,7.000945270922805941e-01,7.431665391639649121e-01,7.381229040675230113e-01,7.443228819597723644e-01,6.076439157588485740e-01,7.204904740064893565e-01,7.310923481400154467e-01,7.062370106087212385e-01,5.386117317543746008e-01,7.291874900825159322e-01,6.644280684129431069e-01,8.042948502445125269e-01,7.954897998056404962e-01,6.325067727202398071e-01,6.881400496884211293e-01,7.858050110306465941e-01,7.489002620631181051e-01,7.616760865710918704e-01,7.162074126681702291e-01,7.223130003422418843e-01,7.061052331954897898e-01,6.707359634604211918e-01,7.292392666357214726e-01,6.992479365100940925e-01,7.285072778644992031e-01,6.825931554115807209e-01,6.946624152132343522e-01,6.840936404947919325e-01,7.218461026437442696e-01,6.466895098125396979e-01,6.841410048666417554e-01,7.007597330936786717e-01,6.786993918126454917e-01,6.534888185294374097e-01,4.861063457209260918e-01,5.057868527817294124e-01,3.056933964352034905e-01,5.827317781413683395e-01,3.746386013944659754e-01,5.090591270416056080e-01,6.234625528130418592e-01,6.564624235761058468e-01,5.745855742866794458e-01,4.506794419834109222e-01,4.036917282318103206e-01,6.209664195786017693e-01,6.058826133547884352e-01,5.601940849039124259e-01,2.805554296897546096e-01,4.572198804253651550e-01,5.485898844933239094e-01,5.878121241068694491e-01,4.721899371752009134e-01,5.093038039636439418e-01,4.860151440802248923e-01,5.583680347637547392e-01,5.798760025727763834e-01,2.267491604707790320e-01,6.112932382963207623e-01,4.525001279158984979e-01,3.562457060534364728e-01,4.273984514177640581e-01,5.533848883340330982e-01
6.117773293190492678e-01,7.864694681559206701e-01,7.837872557070447721e-01,7.058946503968063224e-01,6.848518055647280223e-01,7.041971737301147005e-01,7.386539361763188039e-01,8.128495978659825427e-01,6.984233820191974029e-01,6.515021994356776647e-01,6.508120329356833489e-01,7.728531506949521956e-01,7.058175827649627587e-01,7.706124519562838060e-01,7.257212132962554962e-01,7.132055520682978322e-01,7.295791920412203480e-01,7.999921011427397755e-01,7.165463547507963105e-01,6.467199637568714632e-01,6.970832748767921139e-01,7.428017034331892976e-01,7.812811265116770265e-01,7.847120175678081733e-01,6.512869623266224206e-01,6.523643332958213303e-01,7.726038871859877144e-01,7.430432616075833829e-01,6.887167203487210010e-01,7.619710647241013657e-01,7.090356089071637724e-01,7.636082015486435060e-01,7.379680642360554321e-01,7.128817615468541202e-01,7.230318817869701986e-01,6.773302752133898430e-01,7.409983838697573599e-01,6.959805565097788582e-01,6.958972045208483559e-01,7.218914153563849023e-01,6.831372049051671613e-01,6.593064514928332898e-01,6.733526126890768682e-01,3.488823149007875823e-01,5.038947457520476236e-01,3.152503231676783146e-01,5.640785255402216425e-01,5.009852684948034041e-01,3.191995046173833339e-01,4.914128910571589071e-01,4.062192946287817019e-01,5.221439944757361173e-01,3.365200201178488726e-01,4.744964639959161068e-01,4.853600931056072931e-01,5.667040952566967382e-01,4.376233438670728559e-01,4.750462436419524703e-01,5.338961972416477186e-01,2.903770068853225306e-01,4.860580928626820896e-01,2.628000121053765681e-01,4.635632465431953619e-01,5.150532587282181662e-01,5.545100314430349009e-01,6.032975648493634768e-01,3.601519322648482069e-01,5.684666042547721343e-01,3.610140314515373205e-01,4.256343710298717276e-01
6.323964255759210173e-01,7.404747386501535633e-01,6.997294178362217787e-01,7.195153964131246749e-01,7.555145795789462992e-01,7.774143028305798842e-01,6.769191533907795710e-01,7.107734751444207966e-01,7.610815800444541424e-01,7.052748960600669914e-01,8.089468091689998586e-01,6.753006393920549799e-01,6.969389973728784549e-01,7.344849188446435084e-01,7.264760465764259489e-01,6.814891181323992075e-01,7.763821264736304739e-01,8.055700993897033646e-01,7.353362884906972097e-01,7.237079950957717722e-01,7.994730092325718074e-01,7.438478763450887543e-01,6.752775172212381882e-01,6.804267691184124889e-01,7.453372748337282472e-01,7.100127011085769491e-01,6.061836504674951165e-01,7.269638491361722910e-01,7.917053494252836998e-01,6.739695774890896995e-01,6.842952040283382109e-01,7.333246653144759319e-01,6.836123883344140673e-01,7.116067254662451491e-01,7.405895107889595153e-01,6.635451004866694813e-01,6.457366149650184406e-01,7.194760408931817341e-01,6.797623125236026409e-01,6.768348732271163293e-01,6.209489593747850034e-01,6.821507342362467252e-01,6.576246312679226991e-01,6.282289775069055393e-01,5.280574411393010870e-01,4.394608615508788230e-01,2.627051565422213186e-01,5.670550281566327788e-01,5.096015930128939830e-01,4.783519958581377574e-01,5.324775026022490199e-01,4.298340465677117916e-01,5.006375940259648605e-01,5.584521841015802623e-01,4.592020832954610277e-01,4.907185248286408119e-01,5.257162494853695467e-01,2.490613335874114209e-01,6.001400731250060572e-01,5.270757200897224770e-01,5.978141150314036922e-01,3.246219507146763106e-01,5.399813998242767310e-01,5.083584157360298006e-01,3.648632860887996432e-01,5.400599204169588274e-01,4.296220761097107044e-01,3.532475200459575526e-01,5.435640140685623622e-01,4.399381051849031166e-01
7.700341029670713100e-01,6.847839736819981704e-01,7.022606907767929840e-01,7.005807073421083109e-01,6.284945029835183883e-01,7.312906141132274884e-01,6.419683648428602396e-01,7.290235828282549679e-01,8.142207676541222128e-01,7.299552914061874231e-01,7.009936094115585270e-01,7.514430963149292264e-01,6.809208165571921656e-01,7.277293748551590946e-01,7.379746482521196693e-01,7.189666818041607899e-01,8.073881561793465611e-01,7.595359812111600606e-01,7.349224699820254836e-01,7.998616260569039182e-01,7.747696496727277671e-01,7.318846266816169122e-01,7.952226277771531349e-01,7.937277680372788469e-01,7.140750957345720629e-01,6.992546633825040825e-01,7.619835197234474666e-01,6.964178252429263916e-01,7.569652352833852182e-01,7.035648097155997593e-01,7.500866578935523332e-01,7.668030757046881973e-01,7.596028007837442031e-01,7.471945338325436392e-01,6.908449699657102094e-01,6.833571612451911914e-01,6.855199203464501512e-01,6.225284468822614992e-01,6.128803166211415077e-01,7.143313096888955771e-01,6.925742492841557851e-01,7.409094866296253024e-01,7.034306578433011659e-01,7.184331256566024448e-01,7.240321248888377248e-01,6.863593164641257349e-01,5.586039110088873993e-01,3.928096024862883784e-01,5.954932312973111319e-01,4.767344897206321486e-01,4.720900155666202247e-01,4.491954541250485211e-01,4.307115977362783732e-01,5.818131278581584187e-01,2.891103276759085516e-01,6.084184388651449060e-01,3.797680294376492016e-01,5.260841397170300526e-01,2.558903079108137413e-01,5.955395456902882190e-01,5.519979693150703914e-01,5.474430138010458746e-01,4.261392449104119406e-01,4.276337057633300409e-01,4.499540757877100727e-01,2.544165229754277724e-01,4.879592058923654663e-01,6.167075054083384078e-01,5.787803606725102634e-01,6.391755748103205015e-01
8.160691941388960036e-01,7.281686140591454581e-01,7.777992809063014601e-01,7.616905169616667859e-01,6.880660445522994717e-01,7.652687332260714737e-01,7.701021445418377853e-01,7.601207044212124897e-01,6.701371377033804588e-01,6.742964482883809785e-01,7.041687504024690680e-01,7.926650323696888822e-01,6.831672404632563866e-01,7.252156107714974320e-01,6.714650115515363726e-01,7.771310063398076950e-01,7.523607629642063976e-01,7.580197447995083992e-01,7.044090738678612240e-01,7.246920503107064926e-01,7.141340713847905697e-01,7.058428271871988180e-01,6.595896991307451662e-01,6.682399299916462754e-01,6.794762384883964446e-01,7.629779316290530300e-01,7.552692786222615640e-01,7.748764293546037685e-01,7.856042356201028420e-01,7.105437833858552210e-01,7.664428640305666063e-01,7.514877702936961779e-01,6.780121977895088303e-01,7.338313625240615590e-01,6.638698191352864209e-01,7.292391771893498298e-01,6.118082631250667536e-01,7.150056924661568614e-01,7.454767654614679051e-01,7.105340423856255638e-01,6.784413109682739806e-01,7.228897562993119585e-01,6.735803423405125612e-01,7.089133357668485624e-01,7.287981123336896294e-01,6.586667920295077305e-01,5.985716004137558999e-01,6.808178026194278143e-01,5.135328770317068026e-01,4.655862297349303014e-01,6.617719127669801082e-01,5.449449032046139729e-01,5.275166944565128357e-01,5.588158733643066034e-01,4.998095848678972275e-01,4.268445954626051142e-01,3.061897284657638663e-01,4.993400242844833747e-01,4.706091165848272917e-01,4.427089937572469269e-01,3.600050040029802445e-01,4.193156586395859753e-01,6.185015448988038234e-01,5.534162359454408708e-01,5.914610527356654046e-01,5.256183226870340119e-01,4.433546426509707428e-01,5.479954844507466394e-01,4.273619719207910062e-01,5.645772834038979004e-01
8.158058281364506392e-01,7.766846363482202698e-01,7.307203320829315230e-01,8.154167972370320872e-01,7.464824430996345184e-01,7.402914702390110957e-01,8.073261949407239957e-01,7.761419276116880983e-01,7.181420778234796076e-01,7.001448562167321699e-01,7.152497245954207994e-01,6.934241760585748704e-01,7.378772074750207244e-01,7.331409848718888345e-01,7.728585600915756082e-01,7.337384338885154511e-01,6.943846451459887437e-01,6.571441792072080235e-01,7.649855552732310882e-01,7.705946464147961361e-01,6.882153613436297057e-01,7.854953643990972845e-01,7.984542264411024215e-01,7.727660816961121615e-01,6.481810881830379900e-01,6.919853975525835921e-01,7.361303742010346651e-01,7.495032832462159567e-01,7.141428057871971324e-01,7.163659667416378829e-01,7.308282815398390309e-01,7.588729061056996850e-01,6.535493885272442016e-01,7.759803556347157905e-01,7.722955637989774580e-01,7.346760105633194371e-01,7.671701778160350260e-01,7.614558952901474553e-01,7.235254974522146165e-01,6.453308848787220331e-01,6.969731833455672376e-01,5.999442387998538129e-01,6.548813929088104224e-01,6.666416379276427495e-01,7.061982557941018923e-01,6.889477070858601726e-01,5.662867954995244313e-01,7.261235920521769138e-01,6.163671031454643900e-01,4.761537781395135949e-01,4.784917003579216011e-01,5.731718498216923363e-01,4.581226236275668384e-01,5.326388732935829484e-01,3.646687753742414717e-01,5.748042134867356046e-01,5.089789984143467949e-01,3.951937828993253299e-01,4.208586195381788797e-01,4.091546708469081528e-01,5.057610818694858734e-01,4.439652688429281957e-01,4.862866701404374714e-01,4.899373240944431829e-01,6.117800234881315413e-01,3.863640707933266305e-01,5.393218780372038834e-01,4.303030622135153860e-01,6.902450891950784317e-01,4.912407988314070328e-01
6.201590717533966846e-01,7.829980675082468533e-01,6.774832150973357781e-01,7.223695322198967483e-01,7.488206583272289940e-01,7.358171708578437054e-01,7.241431153721200609e-01,7.327494485735391860e-01,7.776678762013256030e-01,7.134973432694899920e-01,7.534720068522191561e-01,7.791853442673014607e-01,7.492876241167327755e-01,8.097484880910169602e-01,6.964257621929018649e-01,7.579201041643905956e-01,6.953753156919159073e-01,6.979682086832291743e-01,6.876942121358358140e-01,6.911803663162993105e-01,7.040150362175141563e-01,7.551991349656028696e-01,7.559248473609508912e-01,7.062811829808829378e-01,7.190902559500450542e-01,7.889444146229002142e-01,7.871895121644790771e-01,6.993012105013806101e-01,6.622528133350683577e-01,6.354532633605064484e-01,7.170695680275224193e-01,7.646591838924160500e-01,7.311823026730169817e-01,7.667490532032978923e-01,7.184177162166337505e-01,7.399392533736596222e-01,7.372131001115141968e-01,7.147635362468949261e-01,7.558589392860993739e-01,7.491767483414898399e-01,6.863054884019811341e-01,4.938407102648260660e-01,7.472748729229459208e-01,7.307107328377714373e-01,6.997267592229449162e-01,6.649855046082484566e-01,6.917407508683528494e-01,7.176663854358076300e-01,6.699149946990287097e-01,7.210973477969875312e-01,7.224560433930851122e-01,4.588823119360040947e-01,5.082982930929299537e-01,4.480956335661488987e-01,5.155866515451704712e-01,4.493463383403469291e-01,4.783106980786606122e-01,4.390622414051678080e-01,6.643224029851897416e-01,6.173911669184043438e-01,6.329062303670773826e-01,4.763887895692635044e-01,3.560821120622838509e-01,5.303052520249234014e-01,4.606505663348749446e-01,5.229945368777976222e-01,5.451102345529109661e-01,4.679085723107706540e-01,5.571774493129815209e-01,4.575731605344198760e-01
7.683844369106407335e-01,7.032654637039617018e-01,7.013982556546544123e-01,7.745268649106062941e-01,7.528072157052655422e-01,7.199190230356058429e-01,7.733315490419189198e-01,8.142777600139784466e-01,8.132817204870369521e-01,7.674125083906748745e-01,8.095348728793718696e-01,7.762642281324464433e-01,6.722739391714571688e-01,7.682133670820190385e-01,7.692547167457494117e-01,7.432368307070014168e-01,7.970918628633969494e-01,7.534699177776083001e-01,6.711450666958282962e-01,8.030268292355150495e-01,7.949696119759466217e-01,8.012716709251695990e-01,7.892609347581881485e-01,7.943913410100308381e-01,7.945700398558341870e-01,8.016668661838229903e-01,7.479218275532157900e-01,6.764052434280325432e-01,7.437985285181643036e-01,7.651254594226741812e-01,7.837504603955954829e-01,7.922899722619740626e-01,6.988489853871751034e-01,7.662846764589651416e-01,7.846276929238437114e-01,7.628189397321825105e-01,6.583113391036661266e-01,7.173460964765016046e-01,7.242305785872544810e-01,7.487205087216460830e-01,7.089052688334800401e-01,7.619661360375549197e-01,7.129031296658531192e-01,6.919246132422463003e-01,6.514876433674828826e-01,6.921056955117801390e-01,7.196431663508898735e-01,7.158757701398723583e-01,7.171362006037999004e-01,6.959883965388006244e-01,6.469598981226607481e-01,5.849282022623237820e-01,5.441450709146001818e-01,5.406553179457584957e-01,4.764178741766969538e-01,4.239486120408391678e-01,5.588897197904404424e-01,5.238882485872128347e-01,5.297716368112671548e-01,5.666694715032666307e-01,6.273096691049571128e-01,4.683909256218337647e-01,5.755399209342539901e-01,5.285062053299884877e-01,4.105294573891857812e-01,5.675707772030382792e-01,5.133930956816293856e-01,4.094116281185514739e-01,5.835542100166926094e-01,5.633573707869191649e-01
6.765175230736388823e-01,7.524674441850793816e-01,7.522852836332313275e-01,8.153890074636136465e-01,7.290516013203807155e-01,7.619555025500719392e-01,7.496965924094056710e-01,6.525371151477297182e-01,7.667871221842444962e-01,6.978382333602418663e-01,7.329662558937443118e-01,7.194029760493372283e-01,7.342500106435638774e-01,7.948226454083676673e-01,8.104533023597052521e-01,7.675475120360523151e-01,6.296317529903420196e-01,7.793283098350838323e-01,6.705627196075077956e-01,7.472802658554713595e-01,8.039230838149564740e-01,7.719907555882232764e-01,7.994250427551706784e-01,7.042317925792987987e-01,6.908026365335036001e-01,7.804839005602007829e-01,7.585400772405567205e-01,7.505342813930396817e-01,7.905188293343776706e-01,7.506062255508625380e-01,6.246108182804476217e-01,7.439815916461867129e-01,7.826964391810757871e-01,7.056783833706968823e-01,7.751946003024847709e-01,7.687044900236337241e-01,7.895821023699930441e-01,7.708692035396856879e-01,7.648470479692489610e-01,7.108023124426353645e-01,7.682949559459649747e-01,7.146955716829318517e-01,7.523034211140906535e-01,7.066013063582919917e-01,6.672298362304565078e-01,6.911742084959812127e-01,6.997525530779598046e-01,7.619186990297817097e-01,6.891918249998391088e-01,6.845058395563331510e-01,6.287617136686349806e-01,7.473686341868488459e-01,6.670630913488105884e-01,6.429150415723593470e-01,5.661645935387168427e-01,6.876703330749502907e-01,5.624355385613236669e-01,5.673453452794879892e-01,5.642867508124206344e-01,4.756959865610216331e-01,5.259677269163518520e-01,5.587297252441183470e-01,4.687082712644658478e-01,5.298558578321670431e-01,4.980757948821261105e-01,5.304103346359215765e-01,6.183143165580491374e-01,4.027694177952916288e-01,5.562806461810361203e-01,3.696039072481912546e-01
7.232511124486946663e-01,7.317926891351208551e-01,7.486723368129291067e-01,7.764548877822898820e-01,7.111725563668228611e-01,7.376303670229505949e-01,7.223314820007452619e-01,7.813086578500418877e-01,7.791062503481424040e-01,7.251447147919433123e-01,8.120150744338630044e-01,7.816294047011731472e-01,7.215939229484764628e-01,7.274552892779162505e-01,7.433865993496179270e-01,8.090397742184702867e-01,5.620321997791283275e-01,7.330390942520030872e-01,7.865200785161288177e-01,8.070248039457691425e-01,7.985427255096301247e-01,7.733524995025151672e-01,7.221621723938794757e-01,7.079984273692329078e-01,7.961628870403925085e-01,7.368379279783525693e-01,7.682385868880590163e-01,7.926662625503387849e-01,7.965751665596921827e-01,7.586052745922361451e-01,7.621782879505991648e-01,7.427553703130423957e-01,7.794562027950238114e-01,6.541246589115362609e-01,7.484761802153649946e-01,7.715084760287367338e-01,7.402678412587455625e-01,7.476073404760277263e-01,6.975634526751942621e-01,7.560563949706463616e-01,7.722970168358170850e-01,7.275526977471721279e-01,6.986303573498700015e-01,5.680533966728781303e-01,7.261666999160364400e-01,4.884441044001450183e-01,7.220430768055499104e-01,6.940004891426192479e-01,7.251185748683754984e-01,6.864521280322896102e-01,7.079585562671514287e-01,7.359337617302653678e-01,6.785361151479893937e-01,7.278092408049581241e-01,6.891935328288408824e-01,5.863660219613942015e-01,5.577681121404662878e-01,4.042175635750975271e-01,5.432948092790780281e-01,6.146961192794182516e-01,5.427944010917543638e-01,5.450856034559744545e-01,5.368179396408969684e-01,3.810442484752231684e-01,4.252226575308906686e-01,5.333818502110009296e-01,3.054561356633845315e-01,4.680897424424696474e-01,4.629333839562865260e-01,3.394756084584280020e-01
8.159768572610506254e-01,7.380398063862323443e-01,7.689320053902140017e-01,7.073374148272636441e-01,6.078605288556925279e-01,8.145992023153262318e-01,8.137361687783147834e-01,8.084450958905334828e-01,7.873472330951715170e-01,8.126941371422269356e-01,7.562569445885449770e-01,7.091723420688182955e-01,8.123414824136298007e-01,7.304827086255408775e-01,7.813923440147030330e-01,7.720503918675473143e-01,8.090451362758310783e-01,8.095504743891079880e-01,8.026895013351834640e-01,8.027869873150870195e-01,6.851361290769177881e-01,8.036470797891873685e-01,7.698470659224148083e-01,7.743727316079049849e-01,7.888799440162621579e-01,8.067315709807999502e-01,7.374918189177041006e-01,8.005171617155854014e-01,6.609353061585034883e-01,7.887671849925710355e-01,6.635223949110945485e-01,7.791876116521454509e-01,7.344436979128835530e-01,7.154809992825950093e-01,7.343435177481130172e-01,6.940442502314869699e-01,7.595210247160764094e-01,7.511064559017668341e-01,7.582378802706323251e-01,7.410034203208840653e-01,6.885021338141421587e-01,6.907867840610861787e-01,6.054261713478865659e-01,7.594309437889347203e-01,6.788493037319830448e-01,7.048057009536830009e-01,6.621725380617932144e-01,7.112227493605411954e-01,6.377122180006680185e-01,6.967644461722063420e-01,6.933656259932949872e-01,6.607497260858660182e-01,6.824131953835550490e-01,6.171244742798250860e-01,7.035949168252229047e-01,6.560389856603425773e-01,6.700322404917788965e-01,5.212872239999009061e-01,4.999120898266664059e-01,5.543419799024046357e-01,5.861491882889994232e-01,4.780251298446040464e-01,5.005489405754413035e-01,5.810986014502935726e-01,5.740971850291570755e-01,5.555216254346827531e-01,4.169457969733171843e-01,5.279313757559364051e-01,3.370907989280477191e-01,4.739990955360694480e-01
7.638318430539615678e-01,7.260805856163989880e-01,7.793422142382460116e-01,7.930449871621527702e-01,8.153760294018842503e-01,6.418449349511399227e-01,6.140254769874134988e-01,6.796886394808138165e-01,6.947010873164246592e-01,7.740569668588952457e-01,7.974511858970784184e-01,7.638901026009509154e-01,7.489074406846846221e-01,7.734628386429499569e-01,7.593276721156437814e-01,7.736470852979212554e-01,7.561242730434435400e-01,7.676150694875241154e-01,8.069025173924723182e-01,7.468232445006024456e-01,7.707578073798878604e-01,7.997440016939584284e-01,7.216035408956210651e-01,6.531765706249824666e-01,8.026726501394018110e-01,7.937973630523326163e-01,7.112211631370934928e-01,7.255071087998169466e-01,7.883665730866654675e-01,7.826222530960985635e-01,7.696651714098023955e-01,7.340870509930936816e-01,6.991589879197488422e-01,6.867020253252432704e-01,6.725789264140655810e-01,7.705208241921396306e-01,7.901587365858558920e-01,7.398023251092218366e-01,6.709948201719126981e-01,7.781215414771739391e-01,7.654609160124761225e-01,7.623049986718025695e-01,7.389303193254292967e-01,7.514536298574102657e-01,7.262936058270369477e-01,6.406582627735522006e-01,6.475106200004676626e-01,7.219562932932042099e-01,7.542914576081525269e-01,7.083739464197800206e-01,7.110310554594699850e-01,7.382029283734368175e-01,6.555896212254660460e-01,6.486708586975875601e-01,6.371424644560684802e-01,7.065145247236007675e-01,7.121939404646243643e-01,6.790175532229697497e-01,6.559537388712699535e-01,7.051169867591023932e-01,4.261869446179579746e-01,5.773121606633272451e-01,4.887176045446020023e-01,4.161405735749553747e-01,4.981413393481252117e-01,5.710065111183104669e-01,5.588800868864373106e-01,5.755095933352259996e-01,4.170390619336965532e-01,5.091355972135557240e-01
7.784010344097602729e-01,7.379427563654251676e-01,8.158957910029652760e-01,7.358360557257086487e-01,7.874671120817099412e-01,8.141473991549105227e-01,7.826405740008816059e-01,8.112483355039029620e-01,8.152914855048601916e-01,6.863062213298559699e-01,7.077552930425349276e-01,8.132185937922096208e-01,7.743224308853640103e-01,7.792654855914473710e-01,8.132619794949533798e-01,7.178637007629382616e-01,8.056573809247428164e-01,7.983154764617831356e-01,8.093927563377704137e-01,7.310826633581427592e-01,7.993737090509135390e-01,7.746749944464889071e-01,7.340980225606007492e-01,7.083698700546030569e-01,8.030437459073218598e-01,8.044506824538718570e-01,6.907071735138607949e-01,7.124127012962239158e-01,7.522407577419276681e-01,7.897703051852034140e-01,7.381982424245826513e-01,7.962661756462687812e-01,7.313929586597576193e-01,7.630748281629099461e-01,7.799420146276713206e-01,7.839754022227466423e-01,7.834408396643607331e-01,7.675011374865113867e-01,7.644368918552852943e-01,7.877034781027262289e-01,7.181454842516417081e-01,7.769910604027552292e-01,7.735941399650202444e-01,7.021536882316663508e-01,7.679299088424201836e-01,6.606696002400641587e-01,7.573163458835362460e-01,7.558319916918526671e-01,7.037850009522707007e-01,4.540061481339769944e-01,6.153962595811645064e-01,7.031121773990705037e-01,6.986104842571895235e-01,7.164475328948228805e-01,6.547834517379079733e-01,7.268428838582673412e-01,6.267955718106854590e-01,7.274327351816365361e-01,6.449227085213764532e-01,6.345851738457345403e-01,5.683697870230213223e-01,5.444622037155956162e-01,4.469881575242999339e-01,4.006663753403316153e-01,6.768933158918953863e-01,3.320308581698226402e-01,6.398717232434746327e-01,3.276704350619807915e-01,5.392647392007141605e-01,5.522841763728469910e-01
6.405232851055333576e-01,7.769649608872936097e-01,7.620712827383318011e-01,7.815927085275570230e-01,7.618388913497672332e-01,7.743078012792262710e-01,6.964257340227303361e-01,8.009026372376892855e-01,7.143557658423350665e-01,7.797721219339059928e-01,6.926292918821255196e-01,8.126840239262627108e-01,8.004520495429804372e-01,7.294436975961163805e-01,7.997715297825848113e-01,7.004471864541312875e-01,7.059323554895289288e-01,7.506559522626278236e-01,7.493933929536036320e-01,7.661725897779986250e-01,7.753239783225691628e-01,7.761981994777792382e-01,7.503083262101754025e-01,7.248969274669039287e-01,7.593084992384062648e-01,7.060306425009164055e-01,8.037253079120245669e-01,7.857066656772883073e-01,7.346515695372286547e-01,7.579679644924683934e-01,7.723214487609912915e-01,7.505293670856242327e-01,7.638323734195362480e-01,7.564908279442453809e-01,7.850588348860262355e-01,7.356216972888270922e-01,7.728442651500546656e-01,7.764988449418142036e-01,7.504943847784872890e-01,6.621674257174005040e-01,7.593300024771260093e-01,7.563032118869796872e-01,7.606919498316471184e-01,7.774965645081975962e-01,7.649081026036482767e-01,6.910688423572933781e-01,6.818598917853161412e-01,7.368212832140983437e-01,7.642799133399512668e-01,7.382453425648836109e-01,6.708155562894259072e-01,6.758905446513634452e-01,7.256912110932336457e-01,7.099453143053557902e-01,6.471861821050747254e-01,6.529316688671061852e-01,6.640195788104641395e-01,6.882917071764863559e-01,7.094578715197827901e-01,7.015104443252486721e-01,6.237329981906201137e-01,6.271386293432741343e-01,5.182564449791121630e-01,4.062221751850615403e-01,5.208166556782164447e-01,4.599826396817493501e-01,3.522218116000737087e-01,6.351158343710615606e-01,2.562243425863889312e-01,3.641688045259047768e-01
8.145011962325358068e-01,6.994893654578110409e-01,7.443511589625899649e-01,7.804975791685361264e-01,8.086292016782181680e-01,7.847765160191751965e-01,8.092772704519909377e-01,7.792482786688927909e-01,7.745349132232436373e-01,7.435088188696277189e-01,8.153277928108519923e-01,7.601190490926758025e-01,8.100758530641125610e-01,7.003309559107899762e-01,7.705367757177635779e-01,8.083870859702914080e-01,7.737034680698222644e-01,7.614200631447797241e-01,7.494440187456942182e-01,7.817485512264072955e-01,7.263084487460496064e-01,7.842018189365493885e-01,7.972218182873616055e-01,7.061924130745237393e-01,7.325281425554638348e-01,7.640066566429766226e-01,7.368890625919599646e-01,7.867803938272073250e-01,7.688359434539915327e-01,8.013889231101195554e-01,7.593254799979655134e-01,7.477244125719995083e-01,6.472064822870715606e-01,7.886019604611917977e-01,8.003102217210500413e-01,7.999398363483393171e-01,7.719721752132113757e-01,7.084603974236060031e-01,7.401033760488775481e-01,7.726986352560967219e-01,7.720744327643410676e-01,7.750314772161008836e-01,7.375473773711005432e-01,7.465312802884465082e-01,6.862282692142692708e-01,7.283328462451170715e-01,6.997451952969607758e-01,6.823630501678221716e-01,6.273004973909592774e-01,6.198922836736350250e-01,6.229147174026646860e-01,7.591336314470307212e-01,7.311459686702429517e-01,6.954723095808225120e-01,6.302536464136591077e-01,6.472149494929205771e-01,6.463699824110188397e-01,6.694628391021401059e-01,7.536937373296944687e-01,6.592718975549004545e-01,6.632278286691452029e-01,6.087300188078125229e-01,7.001241966200382194e-01,6.333577834411828755e-01,6.363882293896226949e-01,5.399930480695143142e-01,4.170268496940280345e-01,5.265167008260015491e-01,5.100648566343622958e-01,5.352438188983399403e-01
7.462815922834964422e-01,6.442146238528700941e-01,6.781755805842134555e-01,7.336510206356819941e-01,6.876103421534646154e-01,6.253057834795699987e-01,8.116157218207989965e-01,7.530059707665013313e-01,7.064184013401452189e-01,8.122262459379868682e-01,7.763944969808470598e-01,7.156983622440111770e-01,7.809251854668636250e-01,7.751411896125148804e-01,7.132388064246101278e-01,6.570580386877257206e-01,7.648485449674388148e-01,7.551280042447211516e-01,7.886969611037486505e-01,6.871660432268383856e-01,8.095951647840979870e-01,7.512829608799863612e-01,8.047691833041595855e-01,7.903929581250568326e-01,7.725139444930897437e-01,7.889378909260493788e-01,7.547876953593355420e-01,7.682250430157108179e-01,7.719641590979909873e-01,8.028954005730872812e-01,7.938113106475256364e-01,7.376571536363166759e-01,7.395165999752227881e-01,7.355217756202249157e-01,7.239716722075345556e-01,7.254261600390028430e-01,7.292585151107071617e-01,7.522246895882719331e-01,7.868573641434790655e-01,7.435466795133055529e-01,7.410236245397676669e-01,7.439391126658045916e-01,7.730039702303896920e-01,6.911956780865323724e-01,7.237681921571001986e-01,7.634443110313927638e-01,7.283719733000386665e-01,7.428908599122819867e-01,7.684187815967692403e-01,7.481469872487807038e-01,6.670031013896243755e-01,6.666813829758516663e-01,7.469682698799768872e-01,4.526871033643553033e-01,6.582212414227466279e-01,6.539954166839354599e-01,7.185851669822884702e-01,6.569618264110659300e-01,7.009773636150498088e-01,6.763072792930773236e-01,6.853610854082485826e-01,6.705828043549127981e-01,6.930304793095165561e-01,6.864179486642781880e-01,7.077585590183240738e-01,6.247892267987381620e-01,5.709793424557917385e-01,5.802469807897979726e-01,4.923979390190910688e-01,4.989932088571720215e-01
7.749287367464500198e-01,7.431770697070071430e-01,7.644236337569396689e-01,8.062181075430605581e-01,7.778519706615006912e-01,8.151639753247713616e-01,7.486443562698383847e-01,7.338097162287681163e-01,8.135846688979344599e-01,7.787529754315893893e-01,8.149902854617122605e-01,7.456447771120917611e-01,8.018354493918002923e-01,7.731050737710946086e-01,7.692828375427132048e-01,7.331774591269267782e-01,7.867670417067181843e-01,7.329146261645672622e-01,7.762224539768248777e-01,7.598273049526257372e-01,8.087561919674681743e-01,7.253057122521889832e-01,6.642461338361236312e-01,7.763154436960945093e-01,7.451318375401232430e-01,8.022447672262028595e-01,7.547122768197946918e-01,7.970946206069482454e-01,7.692165612994849022e-01,7.605889545821807873e-01,6.560970603618503372e-01,7.475360835501624335e-01,7.535560911256365957e-01,7.519772302784768492e-01,7.349921592256806191e-01,7.870094773314133541e-01,7.541277066958534947e-01,7.987462712961269640e-01,7.110437691415062433e-01,7.026791323256806887e-01,7.956727364459649232e-01,7.412190537096901011e-01,6.934774600018162038e-01,7.320923968631849466e-01,7.470152720189744411e-01,7.774036780289972359e-01,7.486270915785151470e-01,7.407990812028282246e-01,7.186733568469658717e-01,7.287084183688119499e-01,7.334607723608980168e-01,6.352840914674409145e-01,6.751122027315481500e-01,7.104200571253866947e-01,6.890258216221958332e-01,7.043661612569301900e-01,6.789154191331494559e-01,7.183125643671118832e-01,7.071045966741291711e-01,6.869896062930817004e-01,6.901652179308936930e-01,7.152710395430658119e-01,6.461935898145304558e-01,7.280329812282398949e-01,6.013044696644687104e-01,6.229803726999414426e-01,5.954067659257008538e-01,4.874548039966182245e-01,5.166120790688198960e-01,5.584678426866613865e-01
6.757326031575049408e-01,7.387940651415422222e-01,7.489774096928881741e-01,8.133527819280073068e-01,7.293800739982494452e-01,8.147246489796157176e-01,7.816484346193832700e-01,7.451198980565104657e-01,8.142075227684308913e-01,6.943182653992338027e-01,7.823108094168795823e-01,8.145518368359564443e-01,8.093323421495208780e-01,6.375706769335202084e-01,7.922686415858567477e-01,6.520525891621112846e-01,6.488383605281491384e-01,8.074584241596821643e-01,7.402969187618297919e-01,8.064180384782753119e-01,7.965077584001351019e-01,7.718561885430379466e-01,7.503397345295836907e-01,8.063781233442901542e-01,7.653074232886661887e-01,8.039421484040273347e-01,8.001554988243817501e-01,7.956777445253611081e-01,7.649715976596543898e-01,7.984773239027782576e-01,7.362029903527723684e-01,6.387113566311005686e-01,7.558743060633944522e-01,7.938139318847101666e-01,7.041649835359196086e-01,7.618846154818811334e-01,7.028273257868121737e-01,7.547728250035602438e-01,7.619740129115857297e-01,7.907168925021730299e-01,7.586879652725477818e-01,7.625631155899880165e-01,7.388530921151861275e-01,7.614732634763285990e-01,7.535491544409644860e-01,7.580173547164977821e-01,7.230497721774055142e-01,7.118918859868338389e-01,7.502973539878647902e-01,7.598960317656453523e-01,6.315299177211978199e-01,7.349566569351992928e-01,6.274206286961141465e-01,6.416715906328813723e-01,7.143016267704983546e-01,7.715750524797209131e-01,6.308162103846887137e-01,6.396824815173768330e-01,6.504917886861977250e-01,6.551947986555241021e-01,7.170684951615207137e-01,6.431315866203352050e-01,7.297527367680778365e-01,6.998051593460832276e-01,7.210020925052073038e-01,7.146706929421763332e-01,6.158330056847147738e-01,5.642439976324147288e-01,6.365272441422057392e-01,4.993224785981897895e-01
7.804163532550958404e-01,7.093589204849037877e-01,7.182843157715794735e-01,7.518236795454150689e-01,8.077828170518155382e-01,8.149634528889057039e-01,7.829091692038371297e-01,8.154251966031329513e-01,8.156675106380834039e-01,7.798131413348691199e-01,7.402237092941559293e-01,7.536042629945138849e-01,6.591216939857958979e-01,7.282940168805673853e-01,8.125764414074558850e-01,8.109294259282209261e-01,7.707635016479090773e-01,7.003736293331688234e-01,7.475578830057547641e-01,8.062746042695992932e-01,7.741009415107549252e-01,7.677990458146235486e-01,7.702635972764662053e-01,7.419720986152175124e-01,7.730621418289078672e-01,7.790976940838588716e-01,7.438548498714798729e-01,7.141739349121165592e-01,8.020090242811744874e-01,7.492491917233987664e-01,6.440670792077843876e-01,7.209783019450266561e-01,7.258716866373898791e-01,7.408936620419946939e-01,7.106997874655754943e-01,7.549592959117298330e-01,7.716224821460920813e-01,7.101708364776748716e-01,7.707655083388776918e-01,7.916573133471476176e-01,7.830986202092549142e-01,7.882575243223144401e-01,7.342069769415037195e-01,7.351806593534377932e-01,6.833157877488031939e-01,7.096948050066044233e-01,7.182210607049163142e-01,7.672815740593038614e-01,7.112828266404069844e-01,7.660790219865690753e-01,7.654944446439506667e-01,6.070966295704703919e-01,7.230659064715765361e-01,6.701916549511520715e-01,6.691032863645390849e-01,7.587178342327087766e-01,7.204152525619920144e-01,6.432796552712359839e-01,7.015616884011642851e-01,7.186148375792670295e-01,7.396334155823429679e-01,7.532218626653560678e-01,7.016456017486565333e-01,6.904031427774851570e-01,6.769157221228609966e-01,6.690974631048699495e-01,7.250720700673473074e-01,7.378082616083851963e-01,6.949796275984451155e-01,7.293984762989202952e-01
8.134885152183672918e-01,7.644128045074151112e-01,7.942335958859700895e-01,7.637531420356242773e-01,8.149295505513978188e-01,7.810820032504921517e-01,7.693373295676936285e-01,8.140405131361527769e-01,7.158732221934933637e-01,7.369757225707822546e-01,7.772098687463686595e-01,7.001371981147901380e-01,7.815644519736539841e-01,7.460319052749322388e-01,8.000675554819598467e-01,7.559160767088706212e-01,8.135516405276896901e-01,7.791215913400051374e-01,8.062691778778724450e-01,7.349050633396326804e-01,7.304173859389030410e-01,7.333534369419879573e-01,7.959642892388332225e-01,7.206431891524764932e-01,7.102115373718594915e-01,6.438543487731612780e-01,7.368145275958032370e-01,8.038546779508283224e-01,7.636431697247798578e-01,7.811167513571594112e-01,7.988558640176982584e-01,7.974279739786296339e-01,7.655523296711613801e-01,7.925218288870073957e-01,6.940479160900220323e-01,7.643954945009849844e-01,7.501705399680254072e-01,7.512069291651096714e-01,7.908314622549762474e-01,7.927170359235744534e-01,7.901200148621061459e-01,7.796232796971686030e-01,7.362951953411570605e-01,7.702628944870438810e-01,7.256734479722461995e-01,7.663600538135314499e-01,6.917070857804775708e-01,7.236471871238208120e-01,7.359225205305136575e-01,7.214415237190215935e-01,7.534254602340122453e-01,7.195815113876419256e-01,6.621046991724995889e-01,7.218332633000822396e-01,6.334651989526849380e-01,7.276512303322171249e-01,7.332829140642036503e-01,7.201365290430944421e-01,7.009777069629029578e-01,7.108316465916127980e-01,7.570074557506712987e-01,7.308409797120822837e-01,6.777457705854629255e-01,6.132835460267386241e-01,6.942065830758418210e-01,6.574555746191733663e-01,7.339276843520967653e-01,7.011394821106389230e-01,7.591465890719909515e-01,7.209520954876972310e-01
7.790457445888753218e-01,8.162039912099603445e-01,7.313913229610146116e-01,7.786746768872634394e-01,7.814557019587936582e-01,7.783977832356915316e-01,8.150814873688709827e-01,8.142015845339461988e-01,7.441725094570904586e-01,7.091588313882096761e-01,7.818877357399329764e-01,7.338824455120638302e-01,8.130944736724264876e-01,7.334540445146543464e-01,7.822351166292028646e-01,8.121631424853626990e-01,7.154713148910246678e-01,6.998987252799572234e-01,6.939961497971435245e-01,7.276510534566802413e-01,7.662586182672369572e-01,8.091967002093161110e-01,7.407624402571083566e-01,7.679946451666910257e-01,7.346889989004515842e-01,7.801538503840425021e-01,7.435391197136865804e-01,7.723135495411526108e-01,7.571006894989233960e-01,7.962830068234288960e-01,8.032203459009569224e-01,7.631126551280845716e-01,7.377949996271098154e-01,6.414343070925525581e-01,8.054566449851642274e-01,7.798531954973169089e-01,7.468038710473603459e-01,7.509842144278213727e-01,7.374545829086037729e-01,7.854671934921870768e-01,7.786378572377307128e-01,7.556910144975987897e-01,7.829014533919680385e-01,7.895908114067373695e-01,6.713968406955083124e-01,7.412348227277121282e-01,7.554108970285573488e-01,7.226700956893309380e-01,7.396163443901381251e-01,7.738814545060674899e-01,6.651299792481515372e-01,7.408923682688648427e-01,7.173201492754033293e-01,7.244479006316879577e-01,7.379498305089582377e-01,7.698580854403153095e-01,6.739059988156659298e-01,6.968895640352441578e-01,7.416574616957377630e-01,7.234966530234353543e-01,6.704583759950855093e-01,6.546291977590493749e-01,6.189301748556876870e-01,6.411858127749038294e-01,6.727804031432185194e-01,7.195883648151080170e-01,6.834331805544717753e-01,6.849275852056927461e-01,7.002944273922983021e-01,7.500004484292966955e-01
8.161168760031435321e-01,7.943567974110249397e-01,8.157641982355925414e-01,7.157281421251706632e-01,8.159768518703623963e-01,8.148508549318876915e-01,7.472987701167342900e-01,7.772992401410441232e-01,7.203225187323188949e-01,7.453385254255658898e-01,6.126808358101367702e-01,8.111418338373792558e-01,7.447547918918184795e-01,7.442494596608959512e-01,7.250719212824653370e-01,7.470621164061636010e-01,8.103082538675693280e-01,8.055771435314672546e-01,8.068431835716792788e-01,8.115921103677020687e-01,7.794810928941243722e-01,7.353379084901815466e-01,7.180874761387109340e-01,7.617535171298981389e-01,7.648232529720100370e-01,7.523568929342623335e-01,7.473790677076653788e-01,6.310896469004039222e-01,6.406024828968223117e-01,8.025993078783755230e-01,7.995934037839073083e-01,7.976183092551772935e-01,7.598440703123081619e-01,7.963869264265002190e-01,7.464676798357615661e-01,7.834213511039551658e-01,7.025200641578753791e-01,7.901501380105390160e-01,7.166197089155290634e-01,7.867589046742098358e-01,7.842595398722331801e-01,7.382664878551620236e-01,7.824411053626018075e-01,7.144874156589529068e-01,7.747233962670793117e-01,7.721749762620432334e-01,7.723898782351630299e-01,7.798669556006591064e-01,6.611578931596189257e-01,7.759460348003851538e-01,7.651591132921434779e-01,7.631488659388477869e-01,7.074352167032584848e-01,7.373550186567273679e-01,7.060627040609891436e-01,7.278769228978231309e-01,7.229654923763197960e-01,7.451026137755794032e-01,7.334224378874559802e-01,6.363952212095359551e-01,5.942753829146000255e-01,5.667846379976384519e-01,7.397315449120508424e-01,7.343920012695248634e-01,7.136565944864107225e-01,7.081254940059306113e-01,6.088799467065477700e-01,7.311122826099355487e-01,6.834483292044842839e-01,7.412091003046966664e-01
7.784193647609133349e-01,7.517560608146689471e-01,7.966672132928881434e-01,6.968240448238967044e-01,7.709682128947777935e-01,7.376624526494652834e-01,7.623046611352248814e-01,7.718309481122110904e-01,7.715086751306949875e-01,6.422504406008828770e-01,8.012638319538812892e-01,8.141403208082559351e-01,8.127199163426882533e-01,7.950920495716435887e-01,7.184978754781818910e-01,7.758291505115582076e-01,7.537601612634085013e-01,6.849699539083069499e-01,7.868325802965430160e-01,7.678421018027513645e-01,8.122617482950185153e-01,7.326317167663690677e-01,7.373126160701294340e-01,7.518826757026696450e-01,7.431417072471838692e-01,6.947261208223868278e-01,6.497881086971659670e-01,7.734059855674004780e-01,6.834083557773301676e-01,7.467141466947765371e-01,8.099914220999321346e-01,6.687997014585864708e-01,7.643633243049785531e-01,6.633932880489779027e-01,7.625270154753275298e-01,7.971670354252226032e-01,7.410743501443559644e-01,7.921402208665925260e-01,7.563407159978257077e-01,7.579267078357300180e-01,7.183621394897461432e-01,7.396264285363769453e-01,7.826909442722184140e-01,6.507671938525035893e-01,7.006382763726864971e-01,7.297279958359309537e-01,7.833052644169403722e-01,7.714887540370690688e-01,7.252938408202723730e-01,7.363339012564344976e-01,6.663752989232902824e-01,7.451415908111626019e-01,7.490484796892478148e-01,7.120294796662725023e-01,6.980013393106904163e-01,7.245931872806951057e-01,7.454823252337720030e-01,6.572772280642392717e-01,7.302404145862594342e-01,7.129492151267021738e-01,6.351419340836893523e-01,7.216284784036858246e-01,5.988761181323984939e-01,7.539609381031832092e-01,6.752220915427907810e-01,7.066323817008924868e-01,7.429310358668991254e-01,7.381393187024739566e-01,6.972732795383840276e-01,6.602869694865606265e-01
6.833544598082555988e-01,7.636447734091096340e-01,7.560646961790827847e-01,7.412460832955977130e-01,6.871158929172144214e-01,7.014833171600470818e-01,7.793169925520970764e-01,7.542107518462056737e-01,7.749861150347382432e-01,7.786639918247839631e-01,7.669700910002067440e-01,8.142545183506649797e-01,6.655557067994962717e-01,8.133973857445844224e-01,8.064784934773959746e-01,8.136767003916202112e-01,6.912122237194014973e-01,8.129138970402033371e-01,8.116930377943851749e-01,8.109711529978973488e-01,8.097576478637624753e-01,8.107496084695769989e-01,7.683584690774315495e-01,7.547181177088987392e-01,7.504114301328104197e-01,7.349052715861094098e-01,7.228084536714710628e-01,7.558291186112209292e-01,7.028761768542961530e-01,8.055987903890664548e-01,7.552892154606895003e-01,7.963348397263607659e-01,7.895609938311024534e-01,7.730942394639009896e-01,8.031950119248142395e-01,7.399115052659458458e-01,7.909994173725960476e-01,7.979594010053351338e-01,7.630624550978133414e-01,7.873690185582002954e-01,5.954404046602227440e-01,7.713643373770705525e-01,7.203166328684138531e-01,7.613808183429570109e-01,7.356805027081415593e-01,7.236078970324085757e-01,7.509449003696644365e-01,7.130304984625067677e-01,7.848672631928178545e-01,7.499014298762202158e-01,7.786221121765676267e-01,7.849523168625970326e-01,7.716353785112981534e-01,6.844483728986971993e-01,7.016129621139062245e-01,6.931719295329519248e-01,7.176402336301580531e-01,7.289578568030292693e-01,7.306465653494312873e-01,6.009429460285822255e-01,7.059499226200276478e-01,7.195160044775520403e-01,6.937221909965270994e-01,6.749953414232909843e-01,5.021987405454543252e-01,6.931542280034415082e-01,6.578894308272797975e-01,7.053725890526296727e-01,6.761342320029672948e-01,7.090833219843554192e-01
6.458575810398359263e-01,8.139550062644799189e-01,7.644186343352428192e-01,7.409446893422440006e-01,7.529677387720721260e-01,7.494494355438010569e-01,8.156786932224779907e-01,7.776144979375860800e-01,7.226500951729100120e-01,7.150220402780469442e-01,7.665916441398062942e-01,8.146237054429902313e-01,7.455742307738453256e-01,7.728237934739757842e-01,7.754599816816746261e-01,7.794464154502919184e-01,7.639932238076727611e-01,7.408044218237403999e-01,7.626748652332231426e-01,7.719685952259360828e-01,7.303620416411155114e-01,8.087103968160987977e-01,6.938300719867072086e-01,8.060704879401719980e-01,8.124104864290894179e-01,6.698948297505745719e-01,8.084162616013799152e-01,7.924676847455049966e-01,8.071122097425962316e-01,8.064451398671812488e-01,8.041609496720921735e-01,6.483737267794581483e-01,7.673980462216951626e-01,7.672374183840015016e-01,7.659446888481457050e-01,7.759844376022130286e-01,7.535399490687901825e-01,7.411090389920428345e-01,7.950422514966730692e-01,7.213331230656072623e-01,7.680180885714282812e-01,7.912158737863279612e-01,7.083382837274260213e-01,7.956443009434743807e-01,7.855868211247453159e-01,7.806986502820820739e-01,7.824586062924383523e-01,7.828403307758412533e-01,7.552627646552175777e-01,7.161347118233971631e-01,7.688634043949055252e-01,7.523667079345329745e-01,6.895019301045858251e-01,7.707932232983164544e-01,7.441451344471634588e-01,7.736262148018050455e-01,7.714203839100631788e-01,6.540398683251207324e-01,7.581383925998945728e-01,6.923069407430257893e-01,7.397740172335127706e-01,7.180491232724978135e-01,7.644703202322833402e-01,7.042534274093514846e-01,6.008661473273376741e-01,5.859178269214901924e-01,7.676337232913704733e-01,6.933855850723035230e-01,6.837590341789733239e-01,6.715692156512652611e-01
7.600912083248659856e-01,6.555058867239306197e-01,7.748734071191613060e-01,7.117374287885961381e-01,8.153637624894337632e-01,8.157485569201224918e-01,7.564080612189736375e-01,7.627706325062139081e-01,6.765382907198642659e-01,7.821426014404777582e-01,8.130162250088811549e-01,7.330575888057428990e-01,7.679235652665376000e-01,8.133966017745120070e-01,8.135797257439193464e-01,7.733500047318651038e-01,6.889527567730749924e-01,7.952139077348281404e-01,8.118644175170639521e-01,7.572514227062320247e-01,7.621254323070217884e-01,7.520033969418870035e-01,7.689355103443759054e-01,7.750764630319205706e-01,8.073307062335397521e-01,7.453747420167313731e-01,8.039573380358763233e-01,7.795763779438034113e-01,7.668135502872411857e-01,7.816882261811277655e-01,8.056483801453949711e-01,7.988341475225499977e-01,8.047087411073263752e-01,7.508824468809759400e-01,6.958266233662183664e-01,7.982599226563819039e-01,7.654160581362686733e-01,7.124655700800850422e-01,7.994197625047515521e-01,7.944546494952872129e-01,7.925195189349820701e-01,7.933045286125768314e-01,7.846217017990774201e-01,7.402864353858088498e-01,7.005014301841391289e-01,7.517303801341500558e-01,7.340697098563377931e-01,7.278938533808266831e-01,7.958293238959230909e-01,7.789455692721456437e-01,7.757314269577603172e-01,7.565901891881314789e-01,7.712746391044195127e-01,7.759231610165716608e-01,7.614291332239329080e-01,7.611241624008386886e-01,7.208263161913343042e-01,7.570633984394097293e-01,7.430514037071827005e-01,7.262427816934675651e-01,7.386020880448218584e-01,7.509283400232555916e-01,7.316762401036719377e-01,7.469982584960409566e-01,6.975336188011631577e-01,6.822308685513753801e-01,7.602134271044084235e-01,7.114755656864357736e-01,6.648356733781601857e-01,7.512070187112477315e-01
8.057104639494260256e-01,6.380191884494077481e-01,8.158418606528811123e-01,7.824264573866446248e-01,8.150441914691709533e-01,8.157912266116172928e-01,7.457747282241431463e-01,8.137168280969729883e-01,7.338085968653268454e-01,7.823648677943164653e-01,8.148773274798983834e-01,6.996000806620936707e-01,8.139263726079756234e-01,7.673506454343083094e-01,7.744388975207987524e-01,7.851442695208802336e-01,7.807996712929331506e-01,7.553963837965101957e-01,6.578677992621512205e-01,7.651854057402830422e-01,7.532645154175661162e-01,7.171352096889480610e-01,7.773054576628763979e-01,8.110006621917569269e-01,7.763072594410989069e-01,8.070452509496011118e-01,7.674114093385132618e-01,7.933282112789348250e-01,8.090821513437724821e-01,7.765537965996988090e-01,7.257063507836115646e-01,8.032411477136158773e-01,7.592530363194646137e-01,7.189869871923054712e-01,7.751663378251714143e-01,7.861580403314242238e-01,7.711179848218984167e-01,8.012727987432283205e-01,8.061057902677030151e-01,7.570795363667850442e-01,6.291729629764212239e-01,7.392831679314347815e-01,7.989821373122701909e-01,7.057231117767167605e-01,7.822809545270346110e-01,7.580214183905599201e-01,7.926655112060830843e-01,6.883753141562796163e-01,7.881652266994102485e-01,7.792888316112094316e-01,7.744287742627393722e-01,7.879563415758371603e-01,7.607308033205705255e-01,7.440809650137646392e-01,7.260527518671283653e-01,7.361584324679633085e-01,6.609362565495715547e-01,7.921002125201475064e-01,7.575774284495698785e-01,7.388092293444051828e-01,7.373750644095491413e-01,7.166300799657026044e-01,7.537614379768664552e-01,7.029458408967902416e-01,7.030465703068577987e-01,7.305116162113483025e-01,7.383758020790162080e-01,7.236349212396698816e-01,3.740156637423667774e-01,6.636375261386362467e-01
7.722703213405323064e-01,7.720327113281654219e-01,7.731721372132570602e-01,7.578000003249047989e-01,8.163196535024456191e-01,8.152940528488374916e-01,7.729008685393597977e-01,7.805551831430147525e-01,7.384043782535768541e-01,7.874794632692209140e-01,7.743886290494107483e-01,8.154644911630762882e-01,7.930139546331461675e-01,8.140114422068530642e-01,8.125160196686508352e-01,8.047592774739255050e-01,7.959884533945922325e-01,7.758330937724657872e-01,7.403712350530129438e-01,7.731222284546678258e-01,8.124067637403179498e-01,7.871379363640590432e-01,6.990824243934231630e-01,8.080863797364050694e-01,7.407886037805671009e-01,8.090118973426297933e-01,8.098422919464260961e-01,7.585374067436656542e-01,7.028595094218961226e-01,7.708649779704421778e-01,7.798138430925892761e-01,8.020136552814821629e-01,8.069315711562944360e-01,7.575384875466505408e-01,8.002330483612979384e-01,8.014547308144240878e-01,7.913932634602662830e-01,7.109555399526951147e-01,8.005161290810735020e-01,7.756539873628420789e-01,7.789916894811891313e-01,7.915563535724954303e-01,6.698606430226604624e-01,7.526590665909432820e-01,6.984160608487280930e-01,7.850053185599260575e-01,7.924343630179530029e-01,7.393646889603059380e-01,7.474163549965429088e-01,7.899601901685240346e-01,7.787065981800532777e-01,7.808898381054825144e-01,7.802121952848184439e-01,7.737628618231562339e-01,7.643740326525952922e-01,6.087487797588040372e-01,7.735718321209338333e-01,7.629586002804115141e-01,7.320681472503497433e-01,6.398545342772268274e-01,7.092912916136330237e-01,7.876391369244939433e-01,7.056224207662197268e-01,7.575808395403799134e-01,7.670450806345390227e-01,6.483656310285039748e-01,7.188850021070183338e-01,6.347634098906260736e-01,7.230294444301130774e-01,6.413746033823000126e-01
7.376110400780021559e-01,6.755552416621564138e-01,7.725085621598980490e-01,8.160586345257280216e-01,6.796883613999500362e-01,7.549538252844257835e-01,7.169520098031284538e-01,8.149527780087633122e-01,6.828097014789555885e-01,7.933501617935311279e-01,7.135947857251709880e-01,7.833247608508978610e-01,7.759001257919815320e-01,8.147818348182170878e-01,7.371374834261322784e-01,7.059503595278907584e-01,7.802878687429267712e-01,7.531776647508464650e-01,7.453974035307066037e-01,6.885956905498683556e-01,7.706869891876364509e-01,7.743993594654295931e-01,6.815631363003304966e-01,7.262174323203975934e-01,8.083508561560813765e-01,7.548448160964027487e-01,8.038141659605211320e-01,7.456385400431295718e-01,7.162063233891315939e-01,7.365612054784779206e-01,8.043955376239765309e-01,7.832936721782934875e-01,7.769779070168143509e-01,7.349961699509395263e-01,8.011416625091987154e-01,7.249114621448863316e-01,7.972943576890685335e-01,7.973881684561990868e-01,7.088210104197616435e-01,7.218408685697602634e-01,6.665586773672836918e-01,7.557838972720457571e-01,7.245182715659633788e-01,7.706833014865981379e-01,7.940633688128849732e-01,7.861564280681467842e-01,7.435130404549266103e-01,7.855616343877583896e-01,7.934486698251429493e-01,7.858868781231239664e-01,7.902571830540700004e-01,7.858626103596688672e-01,7.800475118360805649e-01,7.894502240176506369e-01,7.270439304554833226e-01,7.572317805401705959e-01,7.803953200297992776e-01,7.804324518078016304e-01,7.238865613782269337e-01,7.538669724269034811e-01,7.568011322322780732e-01,7.538489077939196648e-01,7.360144687658924934e-01,6.814576808032133393e-01,6.837791963115414928e-01,5.843500091117947992e-01,6.069744781296547709e-01,7.167026927260137237e-01,6.745624191717762841e-01,7.244393362457741681e-01
7.679636474881872399e-01,7.407357181762139753e-01,7.485546994349372429e-01,7.731350586320441254e-01,7.425825543505102377e-01,7.480770091731011595e-01,7.810566068542719176e-01,8.146506816329710521e-01,7.774928901633744172e-01,8.032345276920999089e-01,7.556169456803487616e-01,8.140491267544469611e-01,7.802536194887540466e-01,8.138577076939604860e-01,7.009825223146523010e-01,6.815333142456313498e-01,7.550247803248075762e-01,8.080622571519469055e-01,7.518776603406048809e-01,7.536339043767010804e-01,7.857849569844461701e-01,8.120777702423863653e-01,7.355452459488162065e-01,7.252525879438116441e-01,8.108922267694410602e-01,7.505017739171802038e-01,8.073640192893861700e-01,8.041398621546833603e-01,5.449182572177757589e-01,8.068022864233068692e-01,7.972478296539958764e-01,7.356825854331497938e-01,7.671892714258274903e-01,8.010697325878098907e-01,7.431375990869746317e-01,7.757493014785941110e-01,7.540850035865066525e-01,8.009984779791252674e-01,7.986452736514675355e-01,7.645140734161256502e-01,7.617793312780085646e-01,7.600796717625920573e-01,7.573648223637857724e-01,7.745398975850139589e-01,7.084385849772604216e-01,7.923143201875151309e-01,7.928333609060832510e-01,7.518037668207939728e-01,6.858556796328137972e-01,7.542084025287362214e-01,7.928963290095433214e-01,7.548921473203910049e-01,7.457877266909312963e-01,7.918602248392956344e-01,7.929986574564862334e-01,7.760657276047772113e-01,7.016400366179951220e-01,7.653447621454904093e-01,7.578852306249588278e-01,7.729133588260623799e-01,7.307435754659671323e-01,6.860459950100664672e-01,6.962348965607561002e-01,7.508991506295326079e-01,7.632313323517618819e-01,7.613481859783060024e-01,7.225855065919964959e-01,7.365405745432784812e-01,6.736250105273065003e-01,7.162333766457679163e-01
8.131165325526759080e-01,7.776460748491682562e-01,7.579362444613327865e-01,8.156019663744645820e-01,7.537182237813858654e-01,6.877423127760050603e-01,6.840111483093244127e-01,7.923835482172428835e-01,7.826338246551037825e-01,7.762976207519751704e-01,7.787143340193124486e-01,8.151629163802914801e-01,7.074490865695646225e-01,8.141874000254719634e-01,7.696921151181570497e-01,8.126698831094010256e-01,7.289243007251882123e-01,8.035734448716396194e-01,7.854745689048935331e-01,7.542522410603137439e-01,8.111880065897200121e-01,7.626255911873210946e-01,7.797183683781911956e-01,7.807540668558220487e-01,8.098747668468775363e-01,7.071913868415033999e-01,7.307262203107661724e-01,7.368453366091729517e-01,8.102003534062658385e-01,7.446307162228884557e-01,7.359128899378568622e-01,7.864536371012950111e-01,6.787159625434349142e-01,7.724945205957503003e-01,8.033960895814130643e-01,8.013526406064584995e-01,6.598517710974973749e-01,8.074997740103664334e-01,7.236067629386736533e-01,7.952756058739549605e-01,7.765508349283739564e-01,7.756431603703399791e-01,7.876161449650058710e-01,7.627892020763263892e-01,7.870563518971380734e-01,7.933100409308029288e-01,7.926962053236400463e-01,7.418094682338105539e-01,7.707848507063197463e-01,7.891862876237831781e-01,7.907543794384821467e-01,7.823143431494550271e-01,7.516145936556229978e-01,7.698926331109967602e-01,7.890114510765988687e-01,7.665101231021415051e-01,7.449313085225593989e-01,6.702481759518055249e-01,7.431531888709028699e-01,7.646816458156154850e-01,7.029365388733361808e-01,7.608299548510815136e-01,7.461844176493925840e-01,7.669685665422228960e-01,7.230170829427844392e-01,7.820319530919098705e-01,7.485473214927743646e-01,7.530348428528466087e-01,6.856613397022337519e-01,7.380914571946568525e-01
6.931872766623270454e-01,8.159810763995634098e-01,7.821602897802257814e-01,7.428164957027646453e-01,8.118689415117771313e-01,8.156401412237727078e-01,7.274752172715019949e-01,6.632612567207453180e-01,8.152523199885478578e-01,7.818572113840188686e-01,6.876446057388886368e-01,7.499397918246973882e-01,8.156674874534648456e-01,7.329524650116978624e-01,7.240691505374253767e-01,7.321706039925716114e-01,8.135332907804995184e-01,8.119439066705224084e-01,7.082776310195469938e-01,8.107838466954202516e-01,6.801028088873706245e-01,7.771655807139788985e-01,8.100002994144827051e-01,7.778177637479753992e-01,7.364554452126206296e-01,6.406007974183666187e-01,7.315043705653475614e-01,8.081520652612080857e-01,7.628949440619802180e-01,7.700321648427531640e-01,8.070538185510585105e-01,7.598794647000127744e-01,8.041760047508107467e-01,8.037982952720891250e-01,7.835578601347051864e-01,8.042084037264035645e-01,8.041758262397953327e-01,7.445244666557021551e-01,8.017705262689452939e-01,8.027639598466088655e-01,8.030257562521868619e-01,7.992011211610069443e-01,7.981822303178999212e-01,7.956344121020556548e-01,7.996979541726016993e-01,7.340978540207384606e-01,7.224887175829919350e-01,7.335202718748272677e-01,7.017772616575824740e-01,6.908767529364712168e-01,7.421394437011752387e-01,7.913788608727513330e-01,7.885918081976311944e-01,7.818064068862152771e-01,7.680623080083536225e-01,7.172369320076897869e-01,7.821516347533232771e-01,7.464512504711304786e-01,7.540553401139808987e-01,7.681631212548845067e-01,7.813488030173348919e-01,7.366890427574606104e-01,7.826184703000311771e-01,7.095095616742520539e-01,7.358051363016412383e-01,7.772404638906333929e-01,7.814776026043153134e-01,7.351835537045965374e-01,7.650590770051041156e-01,6.966749369644004153e-01
7.853727165902913976e-01,7.434210180203597584e-01,7.442027500038222998e-01,8.156911054892227453e-01,8.156435121745407857e-01,7.958209628505674704e-01,7.091040844741182125e-01,7.487312256785293441e-01,8.153957351848537538e-01,8.094195739278231549e-01,7.141124900125167541e-01,7.723680342582567304e-01,7.222246282274304985e-01,8.070617551239717136e-01,7.739928063002660119e-01,7.554046905371384346e-01,7.471907056028282978e-01,7.990681612914249943e-01,6.794986782807499459e-01,7.811208108090681446e-01,8.116894790604678445e-01,7.445065262461434408e-01,7.483187581373159647e-01,7.745074256440692695e-01,7.406062132315764934e-01,7.737218511463287429e-01,7.500117324963180288e-01,7.618244142536939600e-01,7.721092801063672573e-01,8.053957669124957031e-01,7.534271293443296491e-01,7.879202174916870582e-01,7.729152096396106897e-01,7.728221889556626811e-01,7.717710883212981487e-01,7.836078829517758582e-01,7.573991678805469530e-01,7.490062004982168675e-01,7.960088265380833583e-01,8.024463306525987383e-01,7.979921913041841952e-01,7.641138828511372383e-01,7.536289702641288946e-01,7.095947623482333766e-01,7.946290581466196601e-01,7.896074856274812870e-01,7.893314744438894026e-01,7.996620200405064605e-01,7.950517159534070677e-01,7.081947322374176901e-01,7.269359614655895863e-01,7.502217497102946497e-01,7.858510189610167229e-01,7.270759381975436808e-01,7.620421778479432584e-01,7.736021071609562316e-01,7.724957501348536093e-01,7.540895371476650233e-01,7.701569453684816713e-01,7.319536940785525969e-01,7.698136599026332849e-01,7.236288428306046905e-01,7.815879722066535473e-01,7.375496132748149414e-01,7.198205016080103658e-01,6.936516215267142238e-01,7.211569665559522946e-01,7.227065447221955319e-01,7.389724352700466348e-01,7.497381125865797413e-01
7.725388649016141640e-01,7.773275801328551893e-01,8.162623526007819486e-01,8.159415997089157768e-01,7.883353399041682641e-01,8.150729007214617683e-01,7.837470551127593277e-01,7.812870163358988096e-01,7.643994706435061071e-01,7.273593033311224199e-01,7.816118410256112092e-01,7.836815685118272423e-01,8.138166187602208224e-01,7.461605371411480503e-01,7.838340862429548084e-01,7.266927930528610524e-01,8.137357852456634788e-01,7.477927809701514494e-01,7.884949750859726603e-01,8.068576227089888642e-01,6.834163015088159376e-01,7.549666354150280645e-01,7.835007451002247159e-01,7.092662348442230202e-01,8.113784764377937053e-01,8.064878333077006856e-01,7.691824446710840979e-01,7.494659163332966223e-01,7.780160055577467482e-01,8.070781850018372561e-01,7.158809046380411045e-01,6.792089478656937462e-01,7.862092704147231048e-01,8.070265422140318057e-01,8.038717272438010708e-01,8.043293670399845885e-01,8.053849467604593526e-01,8.024697265085296571e-01,8.029501870354484039e-01,7.625700546695052262e-01,7.594921392935701787e-01,7.823725892116309977e-01,7.950087025306251665e-01,7.446824176047707189e-01,6.894642706220585060e-01,7.934386824966228602e-01,7.643857231452171330e-01,6.733636601480504913e-01,7.962978495410057977e-01,7.926646410114767116e-01,7.127435720690570298e-01,7.796435813629399858e-01,7.714790173286405484e-01,7.300691106605963210e-01,7.468455147563501928e-01,7.778023495614523330e-01,7.348347217577714252e-01,7.893867003955459261e-01,7.674368942754367096e-01,7.021783427134992150e-01,7.781417369115125604e-01,7.314641048692197556e-01,7.128734253454055425e-01,7.585723020570184216e-01,7.564483024410443290e-01,7.095032583742956200e-01,7.804318876988333153e-01,7.564943736460253421e-01,7.586998174596302214e-01,7.740736325804354889e-01
7.573946109646094715e-01,8.161714566454352227e-01,7.336802662655546037e-01,7.283653299785698421e-01,7.805076433189312990e-01,7.580613152877108130e-01,7.638465820882357482e-01,8.153528935806089173e-01,8.121843858215084255e-01,7.628105347170314188e-01,7.214194099085352585e-01,8.146948345677356151e-01,7.408461308918440347e-01,7.776137979877866258e-01,8.139868372878550362e-01,7.243117045489226857e-01,7.104519894672823854e-01,7.283369348274610910e-01,7.413494790918873090e-01,6.680297463846922579e-01,7.527439536130540176e-01,7.402076878804028093e-01,8.118312262006778246e-01,6.920972003390224447e-01,7.682621691161262145e-01,7.731344982199922500e-01,7.732739924269288467e-01,8.071144833668653096e-01,7.666197787126964869e-01,7.665024518055917335e-01,8.050429498957633045e-01,7.470283465373187548e-01,7.606128910689468059e-01,8.050298264980342289e-01,7.462059966853443749e-01,8.050811504267155749e-01,7.556285544419262257e-01,7.824117951504793167e-01,7.191252330828086237e-01,6.953368272637605596e-01,7.091307481657019851e-01,7.019004273639154468e-01,8.024987928443513274e-01,8.075379039360127686e-01,7.989848899583017472e-01,7.313326076536258435e-01,7.264215134618012826e-01,6.922822852983995245e-01,7.086139435283952404e-01,7.298635318590529497e-01,7.386028043127136344e-01,7.430886859577968684e-01,6.312929066976058490e-01,7.476629540729715639e-01,7.952584734483286732e-01,7.042741232418484598e-01,7.795783477799685945e-01,7.035985548108087961e-01,7.713576220929636573e-01,7.016754152530985111e-01,7.636155951694522104e-01,7.287962206674414301e-01,7.685152416552742949e-01,7.939766364386565689e-01,7.115499599422421273e-01,7.738196160373678190e-01,7.797079850827155489e-01,7.650277746912198529e-01,7.771469672809452334e-01,7.164622137961842441e-01
7.782359210828438956e-01,8.160886482818945353e-01,8.157891518037774237e-01,7.814344616789465903e-01,7.500505608368219779e-01,8.156558441849666163e-01,8.157651282987423702e-01,7.102960543957012041e-01,6.922525841467080943e-01,7.704112457288524451e-01,7.299128949257822629e-01,7.817435161565139401e-01,7.460809922147941808e-01,7.790674853610423112e-01,8.127680179641120217e-01,7.609780329281861100e-01,7.806855420443277183e-01,6.940566023014189678e-01,7.678746378075885781e-01,7.288611431349811820e-01,7.595247020617754696e-01,8.118778702630202737e-01,7.783764280692224702e-01,8.118849791687979822e-01,7.680533633052054610e-01,7.834492315833639919e-01,7.669351709244267568e-01,8.095203084659279291e-01,7.420258224360536392e-01,7.537620579825092815e-01,6.984122615005046164e-01,8.042217938146229983e-01,7.772764651710875050e-01,8.062210280657329253e-01,8.001515707701898350e-01,8.062904226703718757e-01,7.437404766442691217e-01,8.052898060737169184e-01,8.006189394735098164e-01,7.679553717434363103e-01,8.025167519566479557e-01,7.985218163874603370e-01,7.574136105665929541e-01,7.964771610377212596e-01,7.619157416484295675e-01,7.835338975411564322e-01,8.039515310485714217e-01,8.038068854720884504e-01,7.934752478169015966e-01,7.920126005396610491e-01,7.787933411088804325e-01,7.878812136244245368e-01,7.612772346026263071e-01,7.600061338093256902e-01,7.547082285576313110e-01,6.766199801321032270e-01,7.287398966904816699e-01,7.746435441763457330e-01,7.654770866042990285e-01,7.224162288695891165e-01,7.249702877234232012e-01,7.369054340103839973e-01,7.776987726238910881e-01,7.830659025128403616e-01,7.381233271115835715e-01,7.405217344658638901e-01,7.235329635653938718e-01,7.508225927344341910e-01,7.691896375122619922e-01,7.098686424097089276e-01
8.005358962398798628e-01,8.031381016951812946e-01,7.443810893262341466e-01,7.171984610349645406e-01,8.015531166866364243e-01,7.856049840433863007e-01,7.690311988499144435e-01,6.944408450539992783e-01,8.149400157547829204e-01,7.736098866178106048e-01,8.149722121488288673e-01,6.784315847942941069e-01,7.752451297582566569e-01,8.041167444651533547e-01,8.137305637308602790e-01,7.150605747691256564e-01,8.130363056028060420e-01,6.547339617771615883e-01,7.090892772547686684e-01,7.126352995915078425e-01,7.539677113183435031e-01,7.824345951139151101e-01,7.692423794114845448e-01,8.122725393201885025e-01,7.750416727463630417e-01,6.972728028878055762e-01,8.076724871319093113e-01,7.606579197026559491e-01,7.060961133846680449e-01,8.067048804404716167e-01,7.527805535685982985e-01,8.037340755353352684e-01,7.227078838221127066e-01,7.631343053327664938e-01,7.360968345661107470e-01,7.402922213594137490e-01,6.344657810306866264e-01,7.617016528086673066e-01,7.042380988637683137e-01,7.714186973613568199e-01,7.453783170614501907e-01,8.054467527636800517e-01,7.624314332995881793e-01,7.618399519395121500e-01,7.687316743606456004e-01,8.013866076015311313e-01,5.928257674589204607e-01,7.975258199453296726e-01,7.540293562828498386e-01,7.903146299592117563e-01,6.432791120317503664e-01,7.008179049685648865e-01,7.814290758902598943e-01,7.294190339404438284e-01,7.914535489897233100e-01,7.475733810870816010e-01,7.624989689581781471e-01,7.376449991124623962e-01,7.283205671262387160e-01,7.881735665217018960e-01,7.750108345929316300e-01,7.329914525543758108e-01,7.689915794126156445e-01,7.225833033187905041e-01,7.425306711724846132e-01,7.677675563229741096e-01,7.727926265078010060e-01,7.249596690673897337e-01,6.976701206014825907e-01,7.206279203150111057e-01
6.963336101817432233e-01,7.749759985643759341e-01,7.371261843224667931e-01,7.252796709999896896e-01,6.708540436859692369e-01,7.322512468054510615e-01,7.997294463491215755e-01,7.620179463848296697e-01,7.322696976785246781e-01,7.189934347079882659e-01,8.140705815629882824e-01,6.766414293170349703e-01,7.688770114281842094e-01,7.164397425855583146e-01,8.132710765465274161e-01,7.560825284488128517e-01,7.815501762555284726e-01,7.420918934833272695e-01,8.137484889559142287e-01,7.287923877648023741e-01,7.517008256985712178e-01,7.832349436043284374e-01,8.047615514131475356e-01,7.487460385223407844e-01,7.544016919174967306e-01,6.714417603218337804e-01,7.798581316488913950e-01,7.368408781890013470e-01,7.685658487445865550e-01,8.107136122182463378e-01,8.074982633956494515e-01,7.579689089328913720e-01,7.799411375832329130e-01,8.027154850029435407e-01,7.617969782058435779e-01,7.473331752524149385e-01,7.954636774854154657e-01,7.417284176797348527e-01,7.942295986425740306e-01,7.642682387513212161e-01,7.995548396162271976e-01,6.676570956669334311e-01,7.526834089159630814e-01,7.000001439572157702e-01,7.626381338124420539e-01,6.816592595356966156e-01,6.730722687469599119e-01,7.970153230812974110e-01,7.588172809564430743e-01,7.511884780963629105e-01,7.936041209093013249e-01,7.949956884819248115e-01,7.848764102718962521e-01,7.859229878652710388e-01,7.663159419959159058e-01,7.900360593220538963e-01,7.874270192305169447e-01,7.575974432123345759e-01,7.082242707475813193e-01,7.358644280586049691e-01,7.133300343541211230e-01,7.819275278924580075e-01,7.758409027741287600e-01,7.619127534108326438e-01,7.230038532754669012e-01,7.505483089195553736e-01,7.706490712735684090e-01,7.863347501069603007e-01,6.730663009485055026e-01,7.444738027196973196e-01
7.786140032872889138e-01,7.785491311970031969e-01,8.158211058103305158e-01,7.773888908256533226e-01,7.259458959443072512e-01,8.154987231038044460e-01,7.695012677326255046e-01,8.155264168007625436e-01,7.691421520120651500e-01,7.824855016587365375e-01,7.612910654507710762e-01,8.136796835971484843e-01,6.999794656479920718e-01,7.337489767791028905e-01,7.328039960244390194e-01,7.431697050944754412e-01,7.826676002207756389e-01,8.085162692779455096e-01,7.598372798172031706e-01,7.561033589245196307e-01,7.672206931437319799e-01,7.785808098142897871e-01,7.243039343602947211e-01,8.064424876335838377e-01,7.765367070654379811e-01,7.002197728483917638e-01,8.020754360701690677e-01,8.064606463413570570e-01,7.708785057216223091e-01,7.670085991908363043e-01,7.302115338220872554e-01,7.879718713826345811e-01,7.184349955190544312e-01,7.433257925502014807e-01,8.039723374585733273e-01,7.992478820302820752e-01,7.709043390584248145e-01,7.659569062197771894e-01,7.555495063726251903e-01,7.517748380978560574e-01,7.536876717682067239e-01,7.449726025046460309e-01,8.028814352610605942e-01,7.318113760154761893e-01,7.687600684181877808e-01,7.134935696180753073e-01,7.555524726273907810e-01,7.613493547864256250e-01,6.805843299910735444e-01,7.978844014753357916e-01,7.367798176259865439e-01,7.891136574695128969e-01,7.841228712598152795e-01,7.908496499221846499e-01,7.362829618785170505e-01,7.686001291976894967e-01,7.858132388054619444e-01,7.848144114722857001e-01,7.299506633232474284e-01,7.329950023360431999e-01,7.937076010024157746e-01,7.473992982570394350e-01,6.654722566464348343e-01,7.296524175388028333e-01,7.411679321415450827e-01,7.687335749099856175e-01,7.657053041478462108e-01,7.785173251619222912e-01,7.165717245782747824e-01,7.091490624347154270e-01
7.153243384606412514e-01,7.853182387947517107e-01,8.153916956206733735e-01,8.159428646213141567e-01,8.158167904101872869e-01,8.162913715264488168e-01,8.155170627024325158e-01,8.158096390342933768e-01,8.102455404730903865e-01,8.157358100851790361e-01,8.150809610619588197e-01,8.148872901664218071e-01,7.583610020537819851e-01,7.233847535751559699e-01,7.851260459955544668e-01,8.132509247967274479e-01,8.129882674573870593e-01,7.555079668412564287e-01,7.699705772126077541e-01,7.060177107716960609e-01,7.946801668575654842e-01,7.335880710618406519e-01,6.997639905628511015e-01,7.264850555916084751e-01,8.116326113393631525e-01,8.094477961019046486e-01,8.037292016529079541e-01,7.848607319314454545e-01,7.256036659468828587e-01,8.118612475826397779e-01,6.586698211222808963e-01,8.077864110427461775e-01,8.069946025211112151e-01,7.936887134520730358e-01,7.477635297903384437e-01,6.698091697308886650e-01,8.029995152251087065e-01,7.470364110711001926e-01,7.607793373461718689e-01,8.044667143814420163e-01,7.292701756519951450e-01,7.598536591104941840e-01,8.003782781698264293e-01,7.722011151355305802e-01,7.718173769330518574e-01,7.148443333731713256e-01,7.956271567038283310e-01,7.817558698401771977e-01,8.024329667933741694e-01,8.001387727140635286e-01,7.984545759371391993e-01,7.992822747719353638e-01,7.363060120863578195e-01,7.505027219723705567e-01,7.859160649305876323e-01,7.464216217869413805e-01,7.906490616147056061e-01,7.334492334905673427e-01,7.798387884887580945e-01,6.954873021220204787e-01,7.425405966108515887e-01,7.905465870425378849e-01,6.867439349861749198e-01,7.772689729038994022e-01,6.831771174332728069e-01,7.464328931937768141e-01,7.776204989706988480e-01,7.123687898652673045e-01,6.919162404406035138e-01,7.507892176276399487e-01
7.481951034262190880e-01,6.847722104896306616e-01,8.161384494794781119e-01,7.752156054135730390e-01,7.868553542382427102e-01,7.799564872148352368e-01,8.160856672820538948e-01,7.552835253790041170e-01,7.161380746754614224e-01,7.482718805185072375e-01,6.950604918433800350e-01,6.777035561610477155e-01,7.765776546891817178e-01,7.825437639982274485e-01,7.700842994267681485e-01,8.137701599180644507e-01,7.748020074219650333e-01,7.800542936979548703e-01,7.804452619108160905e-01,8.142818178981579003e-01,7.834335407844297272e-01,8.122001410062544835e-01,7.735509279883548972e-01,7.324723260094483379e-01,8.103367397152310136e-01,7.193547039027664569e-01,7.442537413369512134e-01,7.016357768339834822e-01,7.782466445289853985e-01,7.175372125874462936e-01,6.790177864515675177e-01,6.769594936586634804e-01,6.921963449396321133e-01,8.088122380673996581e-01,8.098099839317398629e-01,7.668839191960850066e-01,7.499539461003570384e-01,8.035363670046180573e-01,7.602330148958093003e-01,7.680039654253917325e-01,7.738274766710553365e-01,7.146373257698768189e-01,7.991666978410419953e-01,7.764284155573611956e-01,6.964977347644529804e-01,7.972246179636817143e-01,7.983724599070317618e-01,7.450549779377891868e-01,6.435729355230564996e-01,7.269316043545074324e-01,7.996948482908796674e-01,7.465526553644610264e-01,7.950853785260224571e-01,7.966510109939162199e-01,7.643507934481078570e-01,7.448155120586363864e-01,7.555573618877210462e-01,7.366491128818621892e-01,7.652288141712120240e-01,7.768907929876528451e-01,7.891356552635152566e-01,7.320186965849434513e-01,7.210699475034590966e-01,7.476051807947914352e-01,7.556064516360706529e-01,7.597532960692380266e-01,7.663877617665364461e-01,7.803874994133231935e-01,7.766072995499245790e-01,7.655806459194522962e-01
7.757252680357721308e-01,7.557166296923382154e-01,8.120774694954911999e-01,7.328979130553304744e-01,7.689399774714704705e-01,7.448753714748926891e-01,8.158016686963974751e-01,7.775757310361749441e-01,8.160167131110683814e-01,7.783769471043358035e-01,6.992521512000041684e-01,7.776420830336159273e-01,7.810119338071107586e-01,7.802419530403778003e-01,7.261065303569721463e-01,7.798414290620646616e-01,7.835091064978302322e-01,7.817094364972265730e-01,7.653236532318504759e-01,7.824013007559428301e-01,7.592040474024337460e-01,6.682309549728224773e-01,7.442148589815720250e-01,7.568420233295770627e-01,7.757222599158628551e-01,8.115851166787737547e-01,7.138751718604858798e-01,7.633803658424018757e-01,7.704304275126119261e-01,7.210039053474281978e-01,8.087061242026027941e-01,8.094531418745869455e-01,8.075255314765932280e-01,6.588564062665258625e-01,8.050736014004005181e-01,7.784050820735534115e-01,7.486955865426724310e-01,7.708542921897536537e-01,7.923948815714401128e-01,8.003630379243852344e-01,8.002836888705410212e-01,7.683087468770880557e-01,7.231612843860635298e-01,7.704829925473525298e-01,7.114612606123167371e-01,8.006036778009749666e-01,7.353148432129235079e-01,7.798274039350847620e-01,8.015912966724363375e-01,7.923080518416470985e-01,8.025174333906960333e-01,7.968886441478502114e-01,7.940373145609355143e-01,7.911209924516956482e-01,7.510757099719397312e-01,7.967916199610491912e-01,7.876121531130523268e-01,7.931681619742013689e-01,7.894185308702671433e-01,6.968788563932430957e-01,6.926364515970736546e-01,7.345793726549572078e-01,7.110537833974882593e-01,7.250776338245052965e-01,7.361534844444058701e-01,7.289165031512562232e-01,6.971993822756182846e-01,7.940245551673944524e-01,7.911905751499869188e-01,7.740943334487708771e-01
8.162537720677176534e-01,7.746722760535390551e-01,7.894216605951147603e-01,8.156326212030251543e-01,7.702810471528364067e-01,8.156293025006916553e-01,7.899188097136737863e-01,7.811630086487657554e-01,7.599159881315171727e-01,6.423191684338143137e-01,8.144247184179191912e-01,8.090067711348630786e-01,6.659777076827492204e-01,8.148734176234773141e-01,7.868413451237031842e-01,7.361213056007691602e-01,8.134673534036677145e-01,6.747581674094907944e-01,7.273658245942172806e-01,7.821595089506035992e-01,8.137487181364875255e-01,7.554759897565307414e-01,7.915026408953008685e-01,7.061457939256523542e-01,6.708272327221462827e-01,5.946004914065553537e-01,7.791238338472136205e-01,7.635050079646154009e-01,7.185845782358061262e-01,8.081787432023010975e-01,7.217650944750099162e-01,8.089836699258065034e-01,7.647800732464459239e-01,8.048728467123946739e-01,7.801453515167527941e-01,7.638788933099122103e-01,7.418270256985591837e-01,8.091113732030905670e-01,7.381511310922915792e-01,8.010004931069402145e-01,7.697594916597491066e-01,7.794616689898322681e-01,7.239591635271218628e-01,7.215040125391248838e-01,7.305811081223706482e-01,8.000330043471401975e-01,7.370104079410070286e-01,7.447405558455556518e-01,7.140675433620853330e-01,7.538133393676723637e-01,7.240704481482079791e-01,7.562606120567809675e-01,7.984677968855845576e-01,7.928867949957765227e-01,7.705795289106055490e-01,7.376611303468879610e-01,7.530142808178378333e-01,7.326165501884907005e-01,7.396024266500893507e-01,7.916816883092704371e-01,7.800979370775699140e-01,7.743358863749030263e-01,7.554285485275352707e-01,7.413658242953565791e-01,7.782616862609758046e-01,7.835635566023722021e-01,7.830185497467403444e-01,7.794252415693979641e-01,7.229389417590783573e-01,7.715273096399145603e-01
7.420435187881094796e-01,7.576763235797143725e-01,8.124032748367630008e-01,7.813274305438013823e-01,7.912000566641240740e-01,7.366659776844042273e-01,7.892304769392779473e-01,7.335573449317956962e-01,7.786766281411023893e-01,6.066617149069178927e-01,8.156641269971474095e-01,8.138882183030687889e-01,7.349638113919324534e-01,6.933945832215103744e-01,8.146226718057538729e-01,7.782864134202776007e-01,8.138951828364930918e-01,7.744690766607180699e-01,8.131525467793614403e-01,7.072486294400487372e-01,8.132613174938927436e-01,8.123311649682922742e-01,7.683569443379801855e-01,7.526265312839425237e-01,8.131625778191153842e-01,6.942840601089901309e-01,7.477348206003818776e-01,8.116585043658779419e-01,7.843300243826123452e-01,8.082971732419748090e-01,7.203138302660394565e-01,8.084975828840659240e-01,7.547404273457058999e-01,8.114237132123812701e-01,8.072785318535309340e-01,7.653260093659499663e-01,7.113951535474308807e-01,7.716031870357971112e-01,8.057202855841956168e-01,8.058021564454469488e-01,8.051607063536805331e-01,7.812679029690747790e-01,7.779702504599080859e-01,8.010657179210809442e-01,7.428129435451215068e-01,7.754222160335388914e-01,7.569009237688866243e-01,8.040397415859208419e-01,7.286683888368687967e-01,7.956535373676584255e-01,7.684090536515923997e-01,7.993808906783351764e-01,7.719651329343556467e-01,7.758599268809339700e-01,7.861592399201206005e-01,6.121948874067637547e-01,7.978981928344205388e-01,7.432860737738195001e-01,7.152037684729530831e-01,7.959141082621906671e-01,7.022551234291725120e-01,7.447719578891642822e-01,7.707218645394144918e-01,7.804885734317869028e-01,7.784819265045508363e-01,7.721101337925423413e-01,6.869500207645925505e-01,7.765316244841465876e-01,7.755193540948330799e-01,6.770718618737913141e-01
7.380111503460083933e-01,7.386900990685661972e-01,8.152093106675056822e-01,6.787579385476372185e-01,7.109762933156823506e-01,8.157273311243354863e-01,7.501511714514184082e-01,7.116705026129248601e-01,7.212400993799933380e-01,7.558591275138758503e-01,8.154662060410095004e-01,7.120652245802532310e-01,7.971507747150312628e-01,7.694168684707530792e-01,8.015351850110801202e-01,7.604809617938671495e-01,7.746696236756369647e-01,7.774619763599096567e-01,8.070551171606947793e-01,8.136374465500697539e-01,8.134570529868077049e-01,7.817901904172092076e-01,7.840115561309483061e-01,7.583887580489306890e-01,7.832181426914738287e-01,6.228526904429103617e-01,8.117359654211718789e-01,8.023882134004621802e-01,8.091212914040176729e-01,7.672169644041558767e-01,7.773539182532415159e-01,7.494250083182965039e-01,7.561419180854460631e-01,6.911191339590480043e-01,8.052336415006156045e-01,7.834247446993564123e-01,7.126330569760791489e-01,7.232387709205000403e-01,7.737572920979213231e-01,7.422882023865234880e-01,7.193983550898709334e-01,7.396566559982513667e-01,8.069561934634105205e-01,7.563253839054630001e-01,7.528678259335859213e-01,7.048277570427929906e-01,6.832637853238519021e-01,7.954001035279698595e-01,7.948009488719105509e-01,7.993826621055384329e-01,7.489591315294815699e-01,8.029694390556180172e-01,7.935655476577614387e-01,7.687977156318478444e-01,7.726825850224749992e-01,7.871745661808540184e-01,7.924293789193993520e-01,7.574619202848542621e-01,7.705679197963323235e-01,7.900551405531011095e-01,6.628259096997202171e-01,7.961281219441850299e-01,7.547352382821934658e-01,7.596733529297516885e-01,7.788518097952175090e-01,6.921059729390816040e-01,7.377583409155857863e-01,7.378412353817540570e-01,7.295168245675131002e-01,7.683125770755795392e-01
8.160944919066951408e-01,8.122105375831953911e-01,7.804007608193551659e-01,7.454455108408987174e-01,7.001895727195974750e-01,7.449279985637105028e-01,8.007665439315428957e-01,7.734617834366663836e-01,7.496765295171833321e-01,7.475604230328531941e-01,7.750823488622631263e-01,7.840848331579672870e-01,7.484399456664548866e-01,8.150344099056546776e-01,7.650866197251386946e-01,7.830687502437253533e-01,7.813522546619703357e-01,7.361275141593003335e-01,7.566557544615968300e-01,8.135690982429273355e-01,7.061700098241636692e-01,7.767393046789414779e-01,8.014417756090925771e-01,8.130906238148132292e-01,7.543361393188615649e-01,6.959398033662645977e-01,7.244172848105563389e-01,7.787754319302105932e-01,8.124919311878400219e-01,7.719094451088930331e-01,7.449155118982530022e-01,7.530051061331682893e-01,8.076079655028106652e-01,6.668518651670539699e-01,8.084490659845889882e-01,7.756372108691352851e-01,7.699881360836151600e-01,7.230089533761483445e-01,7.621631962874625410e-01,7.741069585267504882e-01,7.425481043001275205e-01,8.026988026669494847e-01,8.094406838842437280e-01,6.768889143839355027e-01,6.745937242298905012e-01,6.756273880995635750e-01,8.030016458917187405e-01,7.700175404655513756e-01,7.769721692491202703e-01,7.257671331188116914e-01,8.011882258879506891e-01,8.057746396616274343e-01,7.481768919502089776e-01,7.118679793650782850e-01,7.958378435122082095e-01,7.193399598577888687e-01,7.852519486158691109e-01,7.632766662438352778e-01,7.609704488204569461e-01,7.658144973781160214e-01,7.955982303092663521e-01,7.504169958647673999e-01,7.634261678550033903e-01,7.292521542905573417e-01,7.678399690941877243e-01,7.293684476033067687e-01,7.660342937119921647e-01,7.815357524707227110e-01,7.542612888412150163e-01,7.865226983378018621e-01
