-4.509905698602029167e-01,-5.218333242779414904e-01,-5.974855096119167097e-01,-6.519292088522311568e-01,-7.193134919141568329e-01,-8.066066482515995562e-01,-7.942243320984700983e-01,-6.422621586293359996e-01,-7.089709326103404985e-01,-7.762817885434439846e-01,-7.799711138431931756e-01,-6.864194927500881782e-01,-7.736745540737419713e-01,-7.717134456405901899e-01,-7.501299578920443967e-01,-7.800772082475994074e-01,-8.133067203343464779e-01,-7.448252339206933303e-01,-7.812011584676537002e-01,-7.809055061608712878e-01,-7.569938418539875480e-01,-8.122139962566699012e-01,-7.765727525566261669e-01,-6.865280765293484411e-01,-8.179763007762567151e-01,-7.649985885274379616e-01,-7.263682880294808353e-01,-8.135412065891531874e-01,-7.596010203188094945e-01,-7.012948663289368945e-01,-7.040506970163242784e-01,-8.151631416555885634e-01,-7.092015092930324949e-01,-7.749009296602143992e-01,-7.645494432988882982e-01,-7.405005825621200355e-01,-7.353061281159278817e-01,-7.252786592357601814e-01,-8.154660551662590295e-01,-6.878332465724290579e-01,-8.008978504913142338e-01,-7.996236055379348784e-01,-7.631416724518473860e-01,-7.827860935372119577e-01,-7.319463008992319608e-01,-7.768882878370612088e-01,-8.158179870848660808e-01,-7.346049694867136104e-01,-7.921489035058173478e-01,-7.641521317574347938e-01,-6.728435572631625838e-01,-8.150742615282563497e-01,-7.804396065837247987e-01,-7.792287904304411317e-01,-7.402227686549404106e-01,-8.120084951047605859e-01,-7.960016116754533577e-01,-7.463416994426067541e-01,-8.151151975621424572e-01,-7.970912556026746865e-01,-7.240714979441243981e-01,-7.679117824454169128e-01,-7.622079520236944017e-01,-8.115303809692725467e-01,-7.703162803022939320e-01,-7.405063180059134886e-01,-7.080653502002749455e-01,-7.632789784373881226e-01,-7.990742909601638022e-01,-7.836706626653232588e-01
-1.108929523903360026e-01,-5.179368391670271521e-01,-2.950741735877370764e-01,-4.845123036591916232e-01,-4.437646931622347135e-01,-7.081914148417823851e-01,-6.916174539801194232e-01,-7.573835883239906641e-01,-6.227060846918102133e-01,-6.730898571326835444e-01,-7.826651143252483234e-01,-7.151016643450858190e-01,-7.623611559464520404e-01,-7.554849587872791705e-01,-7.708352720075072328e-01,-7.964827351647321141e-01,-7.660155832600964443e-01,-7.658382449650668056e-01,-7.767306397623835457e-01,-7.682154939364325141e-01,-7.678781084833049553e-01,-7.665476177655325962e-01,-7.821472733945342704e-01,-7.684367770212877646e-01,-7.424573280170370104e-01,-8.064479731626518211e-01,-8.128430953409166992e-01,-7.754829504070265278e-01,-7.845206825317981858e-01,-7.446474504925888471e-01,-8.179612601204928612e-01,-7.687426131680761276e-01,-8.157647895628998835e-01,-7.787383385927511004e-01,-7.819722652079682534e-01,-7.699782313920597865e-01,-8.191780441850750050e-01,-7.049224958384175954e-01,-7.747442711409335825e-01,-7.601390847982347765e-01,-8.023620877487593894e-01,-8.081343733835597565e-01,-7.851587585498228661e-01,-7.802622068428587410e-01,-8.170969728178771874e-01,-6.872158690535139502e-01,-8.154904636885281777e-01,-7.753481476622248181e-01,-8.124219082306736173e-01,-7.870931720656627606e-01,-6.743489112976558397e-01,-7.259590845470260678e-01,-7.420823605083721741e-01,-8.229307522924957929e-01,-7.995032600037998982e-01,-8.095359437388017776e-01,-8.126258763362951276e-01,-7.526687087212325933e-01,-8.151300019667883090e-01,-8.039141967545953005e-01,-7.376847881566445109e-01,-7.830510954797538226e-01,-7.700265519326999764e-01,-7.776335754872821804e-01,-6.876693174529087127e-01,-8.145536770734637111e-01,-7.207784210363482602e-01,-7.475110717837029073e-01,-7.054609922239094555e-01,-8.109135393016927429e-01
5.012941319656997845e-03,-5.609744551190680717e-01,-6.726600230892407772e-01,-7.106443505664952198e-01,-3.697381509323445226e-01,-6.260204457579746640e-01,-4.968296572893618479e-01,-7.297266084444037348e-01,-5.992079014846256602e-01,-7.435953448081690231e-01,-6.993216227711192001e-01,-7.808643912762460726e-01,-6.798071788618870182e-01,-7.891636998134787806e-01,-6.936525890340189404e-01,-7.741637601113977585e-01,-6.677053393851599683e-01,-6.998855517264712667e-01,-7.075426508416146065e-01,-6.192366640728598215e-01,-8.125020038462732463e-01,-7.332599949353880708e-01,-7.359555399026153077e-01,-7.200375563973475668e-01,-8.175974219211615823e-01,-7.317795904001475060e-01,-7.595666448428645134e-01,-6.865980304843624094e-01,-7.630949433568278151e-01,-7.587538645411395777e-01,-7.950046916623936255e-01,-7.110331996753405104e-01,-8.024057085443305759e-01,-7.949925434926911061e-01,-7.905262695732434564e-01,-7.799799673354795848e-01,-7.321853203065494808e-01,-7.699310284010315586e-01,-8.040902644798291199e-01,-6.990063472396296218e-01,-6.738048881641679477e-01,-7.311207596462645508e-01,-7.083755503790472030e-01,-7.680892140192921991e-01,-7.787399964590463464e-01,-8.315212235366526983e-01,-8.138039289128393694e-01,-6.993068886087313585e-01,-7.890510237739413180e-01,-8.084147732729718427e-01,-7.638869109939367963e-01,-7.838685676254543155e-01,-8.186380441683230869e-01,-8.144384949953921149e-01,-7.808994013496619591e-01,-7.025573864270572289e-01,-8.071067705550599714e-01,-7.453867263684608169e-01,-7.353145502728910543e-01,-8.107060751094777862e-01,-8.165230715234188530e-01,-8.201154040744391693e-01,-7.671971270826212219e-01,-6.854667010378195924e-01,-6.690636329544523697e-01,-8.151259137885297212e-01,-7.681056777845702843e-01,-7.652242409430882741e-01,-7.136489490337100117e-01,-8.156444119441457197e-01
-1.475825023810209413e-01,-2.373291919524082028e-01,-4.020064106355807354e-01,-7.374606552234885815e-01,-7.631953183248428862e-01,-5.584463211994006304e-01,-4.061343606263591588e-01,-5.402005277985673093e-01,-6.055063838166534484e-01,-5.227941979801264960e-01,-5.135574176931911872e-01,-6.517065291756851675e-01,-7.274862057472872845e-01,-6.481498267499630206e-01,-6.917704061516588565e-01,-6.885230376770642424e-01,-6.774190871114382784e-01,-6.946109191306759634e-01,-7.208393143459418395e-01,-7.118031047539705725e-01,-6.393575414961440995e-01,-6.772598866085711711e-01,-7.783031624944501958e-01,-7.939960684596435447e-01,-7.247305994047810174e-01,-7.868752092869855108e-01,-7.757936239417164703e-01,-7.501154371102055629e-01,-7.559696084349104561e-01,-7.928956357747503070e-01,-7.443852166909528112e-01,-7.183143468983604896e-01,-7.266783390865485526e-01,-7.942662732754400823e-01,-7.863680549567839684e-01,-7.294216718354870066e-01,-7.484203325324776390e-01,-8.197117774281904579e-01,-7.713804955221083004e-01,-7.242824412549460078e-01,-8.020271405614889382e-01,-8.079942405397002592e-01,-7.853845408193982358e-01,-8.220491436401046181e-01,-8.138904987427466597e-01,-8.104567821216257517e-01,-7.795909964961332816e-01,-7.890098846011632805e-01,-8.151804535793962803e-01,-7.778626533423832479e-01,-7.820002915735388971e-01,-8.162934284315261912e-01,-7.648883058893238829e-01,-7.982117226960034895e-01,-7.559101049054226529e-01,-7.819158481695143159e-01,-6.895469012083866867e-01,-7.885145369111500324e-01,-7.808149427877919546e-01,-7.414154402189775395e-01,-8.131368637153192358e-01,-7.402700128328213447e-01,-7.708040275862946267e-01,-6.783721632853143557e-01,-7.796546346132935401e-01,-7.282977223176673176e-01,-6.672781943550819550e-01,-8.154852910701354540e-01,-7.621367290311027443e-01,-6.735767642667115362e-01
-1.816805790276001253e-01,-2.712741925190982895e-01,-5.077467064640466266e-01,-6.930806278420450495e-01,-8.233760954463421600e-01,-7.665183110588016380e-01,-6.573117897983027369e-01,-2.035702096288830310e-01,-3.007223863127978514e-01,-4.134783525596648079e-01,-5.755853766020174733e-01,-4.898075154829205080e-01,-6.216300239339758171e-01,-5.672094558794509300e-01,-5.856623641092999488e-01,-6.749906444681104123e-01,-6.341417095806343163e-01,-7.349099019116838161e-01,-7.220703461336248630e-01,-7.525850057932027548e-01,-5.778973141994711016e-01,-7.550542166610874073e-01,-7.223323731375266288e-01,-6.562896238958020323e-01,-7.099215015818142183e-01,-6.868651527975134785e-01,-7.881899647043351109e-01,-7.556950771032788783e-01,-7.464712008584605263e-01,-7.149576335840849284e-01,-7.697458654452317139e-01,-8.020441917638810869e-01,-7.919735075274503266e-01,-7.963806063282287129e-01,-7.757567621523261403e-01,-7.825639267649494579e-01,-6.637731225096743515e-01,-7.367457914014905462e-01,-8.118985335872734854e-01,-7.534296647012214132e-01,-7.336388524445724979e-01,-7.563327509448573016e-01,-7.458584452630788730e-01,-7.992759166183749375e-01,-7.888016128411834416e-01,-8.197820413093543923e-01,-7.383243565090821248e-01,-8.032386376800998429e-01,-7.825368766074355387e-01,-7.555339636847554496e-01,-7.402882242296916493e-01,-7.644260336269598222e-01,-7.430850144051762696e-01,-7.208635491058051903e-01,-7.085461593409074776e-01,-7.356200745442375011e-01,-8.042645623918754927e-01,-7.964084115210994241e-01,-7.739753625961911521e-01,-8.131239256277070782e-01,-8.098053809896127442e-01,-8.225276390553030170e-01,-8.023190220617012480e-01,-7.008179568220010980e-01,-7.611586454030908611e-01,-7.416930165890481819e-01,-7.366019999025346099e-01,-7.511943484622686240e-01,-7.657601692846134345e-01,-7.401383071412976911e-01
2.970581150930853495e-02,-4.149517864526916511e-01,-5.402874296033258750e-01,-5.844960703965116355e-01,-5.872279292219834135e-01,-7.651228531832920954e-01,-7.900287016329041734e-01,-7.745524535705637925e-01,-6.969259493620968415e-01,-3.988158712760873637e-01,-4.629044995909492033e-01,-3.696390932171285670e-01,-4.405350979463859562e-01,-5.343626714389498877e-01,-4.746127743492113971e-01,-5.283934188455339243e-01,-5.696189460681628791e-01,-5.698300629441527265e-01,-6.541573552051214158e-01,-6.447533208281034378e-01,-6.363527228313247130e-01,-7.219921997300143834e-01,-7.094338050772822646e-01,-6.839307462236153823e-01,-6.489272481109946700e-01,-6.994266751454286668e-01,-7.135318926125254757e-01,-7.448872470881948704e-01,-6.949717572963511891e-01,-7.358496843621897820e-01,-7.404507895467002943e-01,-6.599959996809269258e-01,-6.851723298493082037e-01,-6.889038012701950153e-01,-7.403171435420207169e-01,-7.819480631453716857e-01,-7.947313939359522683e-01,-6.965059486398924582e-01,-7.557366169390195010e-01,-7.317326138990608575e-01,-8.225653521931853840e-01,-7.023692140673130080e-01,-7.919951400614048120e-01,-7.260278994463950086e-01,-8.057494331805642451e-01,-8.110462313760817832e-01,-7.647041577957273129e-01,-7.622839419692681862e-01,-7.933188124552759124e-01,-7.747526078347759526e-01,-7.834385196155562170e-01,-7.669154295809453847e-01,-7.997587096515768046e-01,-7.875118269942922300e-01,-7.342580908411419083e-01,-7.196916677509893612e-01,-7.501307176145549649e-01,-7.408659926895021508e-01,-7.196999226354238166e-01,-7.880757028380190876e-01,-7.779015705810004011e-01,-6.877678745981905539e-01,-7.843737136197684867e-01,-7.004498620936089326e-01,-8.009664875082245228e-01,-7.984928607615103813e-01,-7.922862326832780244e-01,-8.255097121550186712e-01,-6.541674085560031937e-01,-7.286760250700614616e-01
-5.747630256817019834e-02,-2.407632925007095470e-01,-4.069968673696427452e-01,-4.748489515636521996e-01,-6.562120570503909844e-01,-7.083443537572535753e-01,-6.639387955026083699e-01,-7.001170010718369419e-01,-7.899024520769837299e-01,-6.549789765167693956e-01,-5.761433317212532046e-01,-2.351211904626569205e-01,-3.744846234339386792e-01,-5.404794881402887885e-01,-5.424951391604987405e-01,-5.288695932824178936e-01,-6.093595664262341227e-01,-5.456975534911651105e-01,-4.574999723430860366e-01,-5.772227657243637067e-01,-5.957787022535352417e-01,-5.512887015968104265e-01,-6.604843839405849515e-01,-7.423946130299411417e-01,-5.852116690108002395e-01,-7.186002257441326257e-01,-6.189982775995674924e-01,-6.298629933339127129e-01,-7.543750660931871632e-01,-7.410729588000124490e-01,-6.791466672712158648e-01,-7.044893073038751563e-01,-7.339567313667242354e-01,-7.302825817066165293e-01,-7.717292602605195784e-01,-7.084596201619681732e-01,-7.562471661576479764e-01,-7.631999201270546207e-01,-7.510421630247476887e-01,-8.125358903967845325e-01,-6.747791862392956697e-01,-7.260901109618010940e-01,-7.314561945857845915e-01,-6.693027657306807043e-01,-6.785525531515403941e-01,-7.631371834867011206e-01,-7.782490088539912865e-01,-7.324210236984570743e-01,-7.774342707597408086e-01,-7.833321813548128620e-01,-7.723595344622197212e-01,-8.056862829209856525e-01,-7.964135565454546484e-01,-6.763100824009857792e-01,-7.171390908095680583e-01,-7.688793487930772885e-01,-7.732698294718473031e-01,-8.023492260592521852e-01,-8.331749867498065010e-01,-8.078737436980671927e-01,-8.256403105731192626e-01,-6.958660073436273574e-01,-7.953098607859999669e-01,-8.042563087030013547e-01,-7.148974566889026994e-01,-7.110698436059613714e-01,-8.239737780040918835e-01,-7.550569061587915076e-01,-7.742185463112805088e-01,-7.653848913340913773e-01
-1.373908766352846707e-02,-1.855914803632459642e-01,-3.449496699913623399e-01,-4.701089058171414314e-01,-7.147018069692691045e-01,-5.181017780638464965e-01,-6.629662320872306003e-01,-7.665926032695155046e-01,-7.370340332154603491e-01,-7.218910725578078225e-01,-6.615895147502696139e-01,-6.447746783269061588e-01,-2.751839604219012969e-01,-3.037715927555834639e-01,-2.775712140296456854e-01,-4.601885315248024355e-01,-4.438988000894660835e-01,-4.346245893024969775e-01,-4.890580797157052517e-01,-5.773607089145045279e-01,-6.055156428989026951e-01,-5.612616347846944853e-01,-5.537356620497512205e-01,-5.902983818533903415e-01,-4.974046736908031008e-01,-7.167057593039867225e-01,-6.602214357645480591e-01,-6.229522350086487137e-01,-6.721320743792282837e-01,-7.544383905367731957e-01,-6.764973469701592856e-01,-6.013409791023875961e-01,-7.937104466592196372e-01,-6.805332291634201836e-01,-6.841267388232913360e-01,-6.848489984660841579e-01,-7.164519846243009304e-01,-7.709332865375043697e-01,-7.555503631060009884e-01,-7.644329611956963699e-01,-7.685443040483065369e-01,-7.433214037222855008e-01,-7.022739136333044918e-01,-6.885117218348284496e-01,-7.716028724142746098e-01,-7.412395211620730340e-01,-6.910129611397620719e-01,-6.619071015007892411e-01,-7.375530660759352930e-01,-7.513746718890992327e-01,-7.459252011843804375e-01,-8.268628230038697069e-01,-7.171625644092457508e-01,-6.928265282902701383e-01,-8.365369705217322593e-01,-8.094592687928456876e-01,-8.266445867362133271e-01,-6.939228749299209964e-01,-7.012047443674263025e-01,-7.445033624404289174e-01,-7.509814063422369790e-01,-7.594663479123480165e-01,-6.890534351481145681e-01,-7.839087439080791864e-01,-7.749050146176748033e-01,-8.092887400202933845e-01,-8.062267895243095950e-01,-7.227410685463774298e-01,-7.076554382724100645e-01,-8.247875187525632867e-01
6.587699321817311326e-02,-1.961359585297716979e-01,-3.845928107312820976e-01,-3.226190036050647358e-01,-4.829470776019151312e-01,-6.726165219093372949e-01,-6.803624061179405214e-01,-7.069883117047074395e-01,-7.292590565606815733e-01,-7.387506854236794984e-01,-7.799906245629447676e-01,-7.159328578744721394e-01,-6.230034917091683555e-01,-4.923092720829060909e-01,-2.826196621247447083e-01,-3.521488465721009931e-01,-4.132535065944842878e-01,-4.518833885318030430e-01,-4.497476309206719369e-01,-5.829315678997250005e-01,-5.874446443462230105e-01,-6.308668214918706774e-01,-5.161626351539805313e-01,-5.003444881401264421e-01,-6.916396720896397232e-01,-6.858778888526593231e-01,-6.868040521618198335e-01,-5.223062667836235740e-01,-5.951301841578747753e-01,-6.603630670186950713e-01,-6.989622822616545772e-01,-5.718336853811654130e-01,-6.907801059299625290e-01,-7.182639776545496346e-01,-6.497462955451872579e-01,-6.898484955249959416e-01,-6.598709605716011062e-01,-7.022113959920941451e-01,-6.496973567664543481e-01,-7.101934250817835137e-01,-6.437740624950745172e-01,-6.222030774869174996e-01,-6.972501576294323211e-01,-7.926276591188414766e-01,-7.346541637107734113e-01,-7.005624285575747789e-01,-7.002831826360735867e-01,-7.218503727904792555e-01,-7.140316736514255025e-01,-5.744613568077194810e-01,-7.715565145873740649e-01,-7.991141543612118037e-01,-7.548342720099868730e-01,-7.153866066882546004e-01,-6.887622012678292771e-01,-7.646825848140060833e-01,-7.019634416801662224e-01,-6.914524110745575713e-01,-7.717317761487365591e-01,-7.517091031394426137e-01,-7.670093010797905952e-01,-7.015771070230747419e-01,-7.589937035229424867e-01,-7.460528168404767513e-01,-7.924117836596774600e-01,-7.139401513705424529e-01,-7.796177703543352155e-01,-7.402640876261254999e-01,-7.791979871230397814e-01,-8.039481508878071336e-01
6.077118375698002672e-02,-5.484651245840150430e-02,-3.227291404620607485e-01,-4.010682482538752702e-01,-4.316352066019241152e-01,-6.006214095766666539e-01,-5.858388256892602675e-01,-7.030494656025658706e-01,-7.463357549349517450e-01,-7.659616730045090138e-01,-7.654909095027881971e-01,-7.479734570715746989e-01,-7.429854786002572098e-01,-7.419788027203303438e-01,-6.058675743421654269e-01,-6.344601158995732959e-01,-2.987047939817441544e-01,-2.619112138697928804e-01,-2.505104741065417584e-01,-3.364733647122907789e-01,-5.522159272501785399e-01,-5.267509885644141576e-01,-5.557843059298849253e-01,-5.224740348042922200e-01,-6.275003936343687139e-01,-5.243258253362207411e-01,-5.661213646088912865e-01,-5.305183470345014030e-01,-6.218998996868434492e-01,-6.914700229187341618e-01,-6.700418123472415832e-01,-6.680937277063506707e-01,-5.853545857743508440e-01,-6.280205482307724685e-01,-5.994913108748083364e-01,-6.319790917839041011e-01,-6.709240274115381153e-01,-7.177543836026512025e-01,-6.376271266110167257e-01,-6.665320599907494925e-01,-6.924798402414078513e-01,-6.298429820254439759e-01,-6.594529414669100253e-01,-7.678205059434500823e-01,-7.008910333009557014e-01,-7.132292617576900806e-01,-5.776569959994464210e-01,-7.433035527090035011e-01,-7.472946747743144380e-01,-6.735234477139756537e-01,-6.941682474166867012e-01,-8.014297863096623287e-01,-7.129098173118061377e-01,-7.642672960766709878e-01,-7.580744169953493872e-01,-7.357313317711350331e-01,-6.332811972855604266e-01,-7.735120824977056442e-01,-7.757645093835862093e-01,-7.519970215422848714e-01,-7.440485508975673845e-01,-7.309633690309541576e-01,-7.101059524316897242e-01,-7.241417677698986921e-01,-7.123981974192804545e-01,-7.337349900738447950e-01,-7.377747117996619197e-01,-7.874308412672940127e-01,-7.298663362142197020e-01,-6.568800576600571928e-01
-5.082970741866444514e-02,-2.203429550455290528e-02,-1.489283074179539312e-01,-2.462659465947154014e-01,-5.337254575583034732e-01,-4.979063556262570689e-01,-6.630339934958366932e-01,-6.429467854333891230e-01,-6.590403769985810900e-01,-6.606367375696866606e-01,-8.190003157782275167e-01,-7.064940139813854492e-01,-7.354225519544984602e-01,-7.883196903953949564e-01,-6.433791357726065252e-01,-7.018673256901630797e-01,-6.946361969433205719e-01,-2.766027054458096712e-01,-5.283235053078133570e-01,-4.114319434761627425e-01,-3.413257568210968373e-01,-3.980711665020552070e-01,-3.028265095849523303e-01,-4.432358698314188272e-01,-3.927729622601969783e-01,-4.028846811931822702e-01,-5.235894810882130157e-01,-5.161226608707024655e-01,-6.379019723591026203e-01,-6.310176839861251219e-01,-5.605657116724394040e-01,-5.289800470823563527e-01,-7.193727172224516631e-01,-5.219607283870305592e-01,-5.816296727369231201e-01,-6.877516371262121231e-01,-7.025826828432516491e-01,-6.152144499268425992e-01,-6.341757666889038525e-01,-5.712746871689799999e-01,-5.942338697899091082e-01,-5.693191338221268438e-01,-6.385043767271773030e-01,-7.212634767327662511e-01,-6.276131497723247410e-01,-7.269020598876800854e-01,-7.269633868987813718e-01,-6.825551730517339655e-01,-7.681458513245256192e-01,-7.227100424205656903e-01,-6.744298517716871277e-01,-7.748812430801476081e-01,-6.223007345251400091e-01,-6.369476147592675330e-01,-7.134443670046638486e-01,-6.777803587875672608e-01,-7.159019081128963347e-01,-7.180168513091659266e-01,-6.357930367714443864e-01,-7.629387633822627413e-01,-7.372638454263558128e-01,-7.123727095105699680e-01,-6.666197090254049051e-01,-7.696405274286522991e-01,-7.838546375607664540e-01,-7.627834778239627189e-01,-7.618516949837152996e-01,-7.268058789359279626e-01,-7.802133548753095171e-01,-7.128237674470979668e-01
-8.727004327118045857e-02,-1.059430098037415224e-01,-2.731388889753359472e-01,-3.015304008774897793e-01,-4.410835150878481548e-01,-4.755198530903392840e-01,-4.875476293836937813e-01,-5.570371787765363569e-01,-7.228832119832532266e-01,-6.786424192914258802e-01,-7.202630151244264756e-01,-7.938669113401998212e-01,-7.528808135650849609e-01,-7.760756992295044787e-01,-7.278842290490128430e-01,-7.672649339903263588e-01,-6.071935094219110818e-01,-5.925322611955724517e-01,-6.103747306068474376e-01,-3.427974916205161482e-01,-2.257548695046355525e-01,-4.639343905057033424e-01,-3.568130723660033476e-01,-4.115419833317181530e-01,-3.331924938046334495e-01,-4.228320118634002478e-01,-4.694137671158299940e-01,-4.467892793998838874e-01,-5.591314527632840203e-01,-4.314623111360079699e-01,-5.095922189384690659e-01,-6.813256037482081640e-01,-6.555023257940354453e-01,-6.392386748832169507e-01,-6.985283110066055068e-01,-6.555996541190154403e-01,-5.944994211603956691e-01,-5.639445788629772194e-01,-6.141434454327696635e-01,-6.646766375222576961e-01,-7.084595967014614137e-01,-6.499196222445763338e-01,-6.849404722576355464e-01,-6.585166608386595621e-01,-5.886981261067177895e-01,-6.241029566884629398e-01,-7.624899977655735794e-01,-7.295119069778023269e-01,-5.878487028916102863e-01,-7.007946052948195170e-01,-6.213527349527036003e-01,-6.150838944552281529e-01,-7.385483664613701205e-01,-7.100711702130126923e-01,-7.073963578632651572e-01,-6.795839546544406584e-01,-7.281750425785812331e-01,-6.660570364015229172e-01,-7.240404506584146027e-01,-7.199897803848468447e-01,-7.868839103239272381e-01,-7.175689972017642582e-01,-6.908328979156207472e-01,-6.877648267682962002e-01,-6.985698078664803745e-01,-7.601991540225365718e-01,-7.246780458932996494e-01,-7.169308400958219751e-01,-7.323325139276303242e-01,-7.607605579124812056e-01
-9.842763791956847530e-02,-1.942534988955483821e-01,-2.611518604672988242e-01,-1.562539041360277992e-01,-3.073596021282730684e-01,-3.909597305602678374e-01,-4.873490923055613933e-01,-5.032692371313542967e-01,-5.734513419157559744e-01,-7.280380224264459965e-01,-7.139466806470978755e-01,-7.468688822219110568e-01,-7.444143760442142321e-01,-8.185453974926727438e-01,-8.014742365774762956e-01,-7.943174301585631536e-01,-7.362903378277320110e-01,-7.384096311958023851e-01,-7.272852992970808561e-01,-6.354619001641264031e-01,-6.310043689092642571e-01,-2.676771994850915548e-01,-2.419471691558031934e-01,-4.185869256172270458e-01,-2.356451793683561058e-01,-2.947122038393604204e-01,-4.836601019062739537e-01,-2.796525408537011703e-01,-5.667450049211159024e-01,-5.171600974055843292e-01,-3.433470203694062861e-01,-5.238706999537305897e-01,-4.434330694609344703e-01,-5.906299376385467648e-01,-6.141230516128437511e-01,-5.696875124054618933e-01,-5.563744982510649972e-01,-5.561826468238325605e-01,-7.076564968495590024e-01,-6.181499720781328255e-01,-6.164712433781482925e-01,-6.252714898792853804e-01,-6.328631085595960437e-01,-6.187743154566146542e-01,-5.896736753192859393e-01,-6.661337330889062214e-01,-6.752983428018773937e-01,-7.376388086392657861e-01,-6.944236191984072271e-01,-5.902963704862780325e-01,-6.605347574835144231e-01,-6.142041794488349860e-01,-6.989296806584179844e-01,-6.813744362103865138e-01,-6.683887412803251049e-01,-7.168614068149152807e-01,-6.316524160349524797e-01,-7.688931906654946635e-01,-6.902254350878671563e-01,-6.754898070867380033e-01,-6.194069169365115091e-01,-7.479996749652081389e-01,-6.249107847638130098e-01,-6.761086295873982577e-01,-7.432811191684964847e-01,-7.339794035413571560e-01,-7.939391466035691236e-01,-7.577553307265511018e-01,-7.308012254111744266e-01,-6.426198362209875059e-01
1.459598207116109547e-01,-5.937486656525423068e-02,-7.650595733532866705e-02,-2.365210896242195271e-01,-3.527872341994734984e-01,-3.058233735149046284e-01,-4.254624492366256283e-01,-4.451519158604422821e-01,-5.825706257908890295e-01,-5.590385128244388380e-01,-5.913918018731105786e-01,-6.814066845948630879e-01,-7.060485563089287098e-01,-7.848575360308965854e-01,-7.896749038118821007e-01,-6.942799695481334243e-01,-7.291768588179858845e-01,-7.671805518376797473e-01,-7.369216930594871817e-01,-6.758493451406710761e-01,-7.118142481187047510e-01,-6.856926977378496879e-01,-2.742325180222703329e-01,-3.384797835540408473e-01,-4.227977979679736764e-01,-4.970326412450816189e-01,-4.406578661911176309e-01,-5.011423175205362845e-01,-3.619705396485169979e-01,-5.010827365465375660e-01,-3.778492408168595551e-01,-4.768181251555014821e-01,-4.330547253279726783e-01,-5.453049264495383186e-01,-5.317765425184041161e-01,-5.652501483356817680e-01,-5.168909004454723677e-01,-5.697389222496930250e-01,-6.376918741865815754e-01,-5.923991005672772925e-01,-6.943856400683661168e-01,-6.023090397902741699e-01,-5.913523036252407161e-01,-6.690109754844167922e-01,-6.298580042205951246e-01,-5.721775837503373374e-01,-6.749155946088805091e-01,-7.106601836114220250e-01,-6.560526277874539902e-01,-6.606997766508748704e-01,-6.968542897757511456e-01,-7.641161588846564490e-01,-6.825106875696330677e-01,-5.864510409648725497e-01,-6.932353269065681944e-01,-7.171789108984124583e-01,-6.363547787393569743e-01,-6.363431035654835144e-01,-6.983677270602445253e-01,-6.817670639943461675e-01,-7.431972160274800121e-01,-6.990459842465807094e-01,-7.330917906313207943e-01,-7.513809778186072430e-01,-6.562974382480251112e-01,-6.395245386719695668e-01,-7.769690302320807485e-01,-7.685883226101200005e-01,-7.104578869203579394e-01,-6.918203703098824153e-01
-1.076492664517371932e-02,-1.248437587581964631e-01,-1.677099711596020115e-01,-3.289052926366134999e-01,-4.435526399096680894e-01,-4.645457625512976474e-01,-4.147781542699289781e-01,-5.871745665279644033e-01,-6.442732346986200787e-01,-6.504828558906613489e-01,-5.401894592903616621e-01,-7.241327395081565976e-01,-7.645751238957877449e-01,-6.710543629012846178e-01,-7.797487530231150821e-01,-6.788778616777351171e-01,-7.902838574506312330e-01,-7.794590067261558675e-01,-7.689301134532958715e-01,-7.571479760267018078e-01,-8.111356943913408113e-01,-7.319604368910581638e-01,-5.689027739156634622e-01,-5.482944026763149070e-01,-2.870939743720760107e-01,-3.832183853731329637e-01,-3.751398961864722548e-01,-3.974402974990177140e-01,-5.147288185795635407e-01,-5.132776745249737482e-01,-3.414831365324929036e-01,-3.555115112150749601e-01,-4.507640452057539715e-01,-5.164360591803996980e-01,-4.445478310243061171e-01,-4.777655522503880259e-01,-6.138486395375277738e-01,-5.518368536862208185e-01,-5.081299215997204799e-01,-6.074369380216203540e-01,-5.678526962077551365e-01,-4.969411129738501298e-01,-6.343109263663456732e-01,-6.705778432622883090e-01,-7.461241975996979470e-01,-6.292386484137295621e-01,-6.572155952459688422e-01,-5.453425799858544476e-01,-6.865912199214637690e-01,-6.146365676086973373e-01,-5.280934229161762250e-01,-7.583897713849166999e-01,-6.281838220488137337e-01,-6.883770846888527251e-01,-5.196182537543473368e-01,-7.396014884984843940e-01,-6.899461466113424590e-01,-7.449174958209354713e-01,-5.676010935941386837e-01,-7.184241980869503497e-01,-7.187791773030051123e-01,-6.183061003075145390e-01,-7.466284808545163854e-01,-6.992199189066102827e-01,-6.576452957731100391e-01,-6.661175671478931637e-01,-7.785359431030123289e-01,-7.684845960908607276e-01,-6.801169802046053148e-01,-7.359806021068209247e-01
-7.864336624082252092e-02,-1.365246232483695310e-01,-2.042052286152931939e-01,-1.277985543748195729e-01,-3.329960443938392856e-01,-2.944906974905404651e-01,-3.479409984334596584e-01,-4.843821798354695507e-01,-5.598945650501861993e-01,-5.389303603659177933e-01,-6.511154586687396550e-01,-7.379417942092523219e-01,-6.702577327529819495e-01,-6.391717838765240689e-01,-7.542140997136993485e-01,-7.921348044504658015e-01,-6.395748433246118969e-01,-7.707861001130386081e-01,-7.274696165084257871e-01,-7.874588521795485851e-01,-7.731976541956780968e-01,-7.133412503078957467e-01,-6.487161240863165146e-01,-6.111211127461572135e-01,-6.511387907696484234e-01,-5.965846083271576505e-01,-3.306091356368641154e-01,-5.499180654488210473e-01,-4.573123482949439933e-01,-2.058465002227110319e-01,-3.713988887671532679e-01,-5.697687871346440724e-01,-4.724725805777352794e-01,-4.007684408422404476e-01,-3.424230611996905704e-01,-5.323438883594870941e-01,-4.521272365150986738e-01,-6.231228522745210219e-01,-4.826686944818316949e-01,-5.341836874619085851e-01,-5.446168138652930368e-01,-4.762892952857567530e-01,-5.509185877203762738e-01,-6.478583245851191608e-01,-5.625424092539216270e-01,-5.496882481410126919e-01,-5.778119023111496499e-01,-6.768446357368682609e-01,-6.459800280924502536e-01,-5.710365869247699955e-01,-6.613190026326022375e-01,-5.994172946869379404e-01,-7.110599467787436234e-01,-5.864007099871261230e-01,-6.004804514311818942e-01,-6.138695252601026331e-01,-7.109154085619334706e-01,-6.527416472129273783e-01,-6.296859286218708940e-01,-6.511174615773837049e-01,-7.588548059766446752e-01,-7.130260444490321703e-01,-7.705050221604687888e-01,-6.126034312573184204e-01,-6.456868920664274869e-01,-7.319733025290353634e-01,-6.692345260814162033e-01,-7.343986869290730635e-01,-6.403427461378943253e-01,-6.539688963725188708e-01
2.916051937365894686e-02,-8.796591976903196664e-03,-1.487175291001097965e-01,-2.191410049764171142e-01,-2.336081384622341328e-01,-3.864671965906076867e-01,-3.405186797594423331e-01,-5.334524533924618339e-01,-5.095583839861516084e-01,-6.650719020509956447e-01,-5.543233309938546682e-01,-6.641878821812418066e-01,-7.020577021881896362e-01,-7.311353199115988577e-01,-7.098881816361252151e-01,-6.780727069853725864e-01,-7.604913918418854113e-01,-7.483271638766787470e-01,-7.549381093450965308e-01,-7.182950653668718211e-01,-7.852210684678554431e-01,-7.080608648045262354e-01,-6.703975273696626269e-01,-6.655850101031433041e-01,-6.622743943436962821e-01,-5.424755968593111266e-01,-6.030670897770017413e-01,-2.888756394219448298e-01,-2.684655667255027578e-01,-3.875808775226968761e-01,-3.424498050698231988e-01,-4.233539332389002485e-01,-3.024540421592238904e-01,-4.039552074863556053e-01,-4.269037273372043861e-01,-2.779228856682136040e-01,-5.699795445289806972e-01,-3.827725061035630039e-01,-4.285497344321141377e-01,-4.627818420761252716e-01,-5.422685181818430733e-01,-5.550976024259892672e-01,-5.646937951623606233e-01,-4.844186506966771666e-01,-6.511728182753533378e-01,-5.394200923902129352e-01,-4.658014514539348117e-01,-5.733591137827296347e-01,-5.725061084766309705e-01,-5.487186837680702034e-01,-6.192569471446031093e-01,-6.072119413583816350e-01,-5.128519082744014135e-01,-5.938066926963782022e-01,-6.479123253087240020e-01,-5.178782582026653092e-01,-6.618937872070991268e-01,-7.183776771645026260e-01,-5.953116104336667602e-01,-5.609184397598244720e-01,-6.950895219240404987e-01,-6.298171664414159432e-01,-7.936580885209602032e-01,-7.165207551670088604e-01,-6.929021746967171103e-01,-6.906072300939485320e-01,-6.656946889763722952e-01,-6.828269580751504808e-01,-6.814721516114363720e-01,-6.975291434135096891e-01
-1.465228482192975148e-02,-6.112956020040570537e-02,-2.019228676327981808e-01,-2.893250174989411283e-01,-2.544343869649245415e-01,-3.537904629562163006e-01,-3.317660245432960120e-01,-3.526377043268594247e-01,-4.914402189261215526e-01,-5.200931975525284745e-01,-6.863167184266496523e-01,-7.179368769448301046e-01,-5.919385701631969532e-01,-7.514108619085811958e-01,-6.090042186934149226e-01,-6.975719200088374983e-01,-6.691373314319887244e-01,-7.471466455138842111e-01,-6.998381905250397050e-01,-7.658591120444782074e-01,-7.134876441928602597e-01,-7.876995754062346977e-01,-7.945269065345900161e-01,-7.720559474869268524e-01,-7.723514138662258555e-01,-6.577227683804978131e-01,-5.995224961375206219e-01,-6.543536774107334697e-01,-6.747804435307963589e-01,-4.317101881019743126e-01,-3.174784346388233036e-01,-1.651583575592168729e-01,-2.609523755510274046e-01,-3.509239689901988424e-01,-2.574699057981842953e-01,-5.579551246200578074e-01,-5.081729495238349603e-01,-4.391992797971257523e-01,-2.511618059284214666e-01,-5.034219971736001442e-01,-4.428523119991279455e-01,-4.367952648872389654e-01,-4.733437638514540469e-01,-4.488038941708369922e-01,-5.904799760756457294e-01,-5.775103809912960351e-01,-5.192435335038836364e-01,-5.091704931650623545e-01,-5.642135141866725379e-01,-5.578588976078781014e-01,-6.425332773499818906e-01,-5.599790461434432931e-01,-5.795438395691197009e-01,-6.332731449585931038e-01,-5.450222264858602950e-01,-5.725319543411405698e-01,-6.519440301009903349e-01,-7.495270850805838547e-01,-6.730696278085677164e-01,-5.283593796519452379e-01,-5.720686222214642624e-01,-6.506035351506042064e-01,-5.308469217472030488e-01,-6.154259041137676300e-01,-7.380975454431376592e-01,-6.480041833271165119e-01,-6.803350556720774156e-01,-5.973446713414302112e-01,-6.991943639472941729e-01,-6.385141189995207078e-01
8.069920770008295885e-02,-1.551999625912968139e-01,-1.206153000230343192e-01,-2.208397228497612219e-01,-3.046968644651968372e-01,-3.616859328158524844e-01,-3.268591842562916239e-01,-4.210368762132354892e-01,-3.619637075063938947e-01,-5.901807736417316042e-01,-4.975066213620841227e-01,-5.842532631993136993e-01,-6.542651103463662521e-01,-5.858809855986828463e-01,-7.411742987514625680e-01,-7.171396171791446505e-01,-7.524400648472036046e-01,-7.814354564168674022e-01,-7.566440097848851076e-01,-7.926802912188684047e-01,-7.501956931058411104e-01,-7.718178321996096436e-01,-7.877423637816111102e-01,-7.257547706824448719e-01,-6.560161236557173758e-01,-7.630451623367118241e-01,-7.347577799883736605e-01,-7.034887891673922145e-01,-6.997532822666113761e-01,-6.272545043072347282e-01,-6.903572595445924831e-01,-3.389148669392317847e-01,-3.220843401159129149e-01,-3.804130791943431955e-01,-2.893575452720458796e-01,-2.892699784214805003e-01,-3.635352601543229145e-01,-4.831737870351306419e-01,-4.110807391140725575e-01,-5.597652344563939231e-01,-4.012372207877202834e-01,-4.522794158639953932e-01,-3.276827017614473148e-01,-3.432701799623016914e-01,-5.367611441109939596e-01,-5.535210049509661223e-01,-4.869717341867622618e-01,-5.689571867151024254e-01,-5.291488735140214006e-01,-6.362419920597456313e-01,-6.143426187313445475e-01,-6.008105619691200827e-01,-6.002512111648928839e-01,-5.109858932998473380e-01,-5.765089202284323644e-01,-6.255603821337666348e-01,-6.119492623225376571e-01,-4.676982693768834687e-01,-6.927895598481895734e-01,-6.774381045344115559e-01,-5.511091099953359107e-01,-5.535842326524116341e-01,-6.694421396628598142e-01,-5.850514265498441002e-01,-5.891585160201181504e-01,-7.390685853731636668e-01,-6.923250706416725908e-01,-7.186754014854976891e-01,-6.926844519799334465e-01,-6.413097494507222773e-01
-1.164102159336949938e-01,-1.208307979303626239e-01,-1.640058014912843531e-01,-1.618567812057723210e-01,-2.341493176134386012e-01,-3.658761208187076286e-01,-5.589033245251701087e-01,-4.866355445249292422e-01,-3.554843678044792843e-01,-5.150099604523343810e-01,-5.826617211653135620e-01,-5.263838837982279806e-01,-6.491176424259375022e-01,-6.816508831120545731e-01,-6.555820726266998744e-01,-6.899221600984587477e-01,-7.112096736101047867e-01,-7.732823769731298480e-01,-6.872983191107078227e-01,-6.656466090196455632e-01,-7.373604543165664937e-01,-7.368667863390547801e-01,-7.885190248503212151e-01,-6.449039887728206244e-01,-7.551929693624491735e-01,-7.240042761402337712e-01,-6.040482683611508863e-01,-6.873139988374865617e-01,-6.552599965854312147e-01,-6.902403541827001332e-01,-6.340485452881268191e-01,-5.953038074590198958e-01,-2.882472228216561572e-01,-3.804780079389736835e-01,-2.873737890411182661e-01,-3.627781846159762735e-01,-3.015744323182990572e-01,-5.275066082408820245e-01,-2.909068838237034993e-01,-4.346771732669197363e-01,-4.636860092873916761e-01,-3.236255269670307300e-01,-2.945465077147915722e-01,-4.738757966059064519e-01,-4.895397427780380784e-01,-5.258579394742710633e-01,-5.440707684013956769e-01,-6.177543464839730936e-01,-4.428028084409565968e-01,-5.499969677041398608e-01,-5.244987396297384752e-01,-5.763878234743274875e-01,-4.902602460921526295e-01,-5.786833740624870437e-01,-6.380455829170548210e-01,-5.340570458839456469e-01,-5.852847008570184473e-01,-6.819770392432494832e-01,-5.969250692279746140e-01,-5.382276185537521185e-01,-5.755580963930199134e-01,-6.347650748487707606e-01,-5.850872724977247419e-01,-5.924683463080164803e-01,-6.270649428143056925e-01,-6.912304602138804599e-01,-5.303205207817283107e-01,-6.537841281075930100e-01,-5.778765817161913843e-01,-6.357189663001339142e-01
-1.585095762695866717e-01,-1.473393937393148445e-01,-1.971505543330540344e-01,-1.943619210922809815e-01,-1.917750219634907771e-01,-2.854252752716136543e-01,-3.767542941631970566e-01,-4.768406342731135172e-01,-2.600916552621657107e-01,-4.463085446776227649e-01,-5.465087244070311323e-01,-5.839627588263226476e-01,-5.162112875539484058e-01,-5.588265046060166830e-01,-6.428821289686054152e-01,-5.637630118196423901e-01,-5.961919214251609755e-01,-7.294439918699728853e-01,-7.260231576795052044e-01,-5.696382700801461141e-01,-6.759146636709536526e-01,-7.475646057357854257e-01,-7.277886124715088334e-01,-7.543452106848487215e-01,-7.920938885221450176e-01,-7.150807668733297762e-01,-7.113458474138476539e-01,-7.445818661745953193e-01,-6.095097608793147437e-01,-6.614921400223766623e-01,-6.483967050306834734e-01,-5.963551100765360768e-01,-6.884399097701778825e-01,-6.437620713766603053e-01,-3.279876027394587057e-01,-3.456510374508441341e-01,-3.368817672518348849e-01,-5.236026740508348265e-01,-3.046449268204642347e-01,-3.512966266774558699e-01,-4.294076171089969418e-01,-5.050603168906863116e-01,-3.273562095605987987e-01,-4.115018876326408948e-01,-4.737476570263157161e-01,-4.202029188986322605e-01,-3.969518513106826130e-01,-4.975315290895789833e-01,-3.343754611017797362e-01,-5.642724004105803548e-01,-3.617002071979749656e-01,-5.583215085084245466e-01,-5.688940754044193859e-01,-5.424240428920473756e-01,-5.112446543039251834e-01,-6.157423081925296193e-01,-6.261909152863729400e-01,-5.307508079977332205e-01,-4.645225261929029625e-01,-5.975977520531116083e-01,-6.803701507500918844e-01,-6.038534006215402483e-01,-6.190625989810860652e-01,-6.543653136437072027e-01,-6.723031061474105119e-01,-6.533435154285710533e-01,-6.251977602723585159e-01,-6.331481632519418978e-01,-6.726520375549062125e-01,-6.686056775458550927e-01
-2.363745771943085838e-03,-8.764610244780023096e-02,-1.084326415012951128e-01,-1.880181185840973102e-01,-2.565646164675017826e-01,-3.120539397810270232e-01,-2.104159860678441740e-01,-3.703617721066947976e-01,-4.017549662052038451e-01,-4.343818672391252522e-01,-5.131866649060934371e-01,-4.909553113948785796e-01,-5.396121969115128536e-01,-5.324529362207581773e-01,-6.813705903674325270e-01,-6.818746540393104683e-01,-6.482162000333734353e-01,-6.947733179027241190e-01,-7.128116194765062863e-01,-7.683511027872546029e-01,-7.172839669618876757e-01,-7.452732001095877523e-01,-8.053340528739149073e-01,-8.036212799492300496e-01,-7.672708176050094808e-01,-8.022075355982973832e-01,-7.685036925512245265e-01,-7.431019265246313621e-01,-6.982891151477554903e-01,-7.362796390747613495e-01,-7.971990700517240791e-01,-6.835727347187140479e-01,-7.318320076982917088e-01,-6.826750906674333708e-01,-6.852413228177326454e-01,-6.626692539158267614e-01,-3.464762542311410898e-01,-2.040677574151607554e-01,-3.622293591913847144e-01,-3.545606723636415269e-01,-2.550657606807469335e-01,-3.179036031190926592e-01,-4.215520728431852993e-01,-4.577373228289750018e-01,-4.208898421550856250e-01,-3.701856596150067125e-01,-4.223759857169856469e-01,-4.919560301812387904e-01,-5.108495455709249899e-01,-4.710453459281289668e-01,-4.722592750520735461e-01,-4.759007075966394940e-01,-5.979395439097675569e-01,-6.125236963585076744e-01,-4.954021537479251225e-01,-5.879780172807032024e-01,-6.303322125200848669e-01,-5.528810958138485887e-01,-4.454656062430354391e-01,-7.162578086316564452e-01,-5.126159379599471988e-01,-5.509333524676124361e-01,-5.600940643262876106e-01,-6.210185066500516493e-01,-5.483399763334442234e-01,-5.950968655505810556e-01,-6.346595534703995956e-01,-6.003906842194557392e-01,-6.029524932404374260e-01,-5.973150644665276010e-01
-1.253157888183417841e-02,6.052357056129013292e-03,-4.368904314996221116e-04,-1.170371932259133690e-01,-2.833735973486105064e-01,-3.123483860839110782e-01,-1.805873347501734671e-01,-2.252065152026495320e-01,-4.908672662646873519e-01,-4.673624029869664631e-01,-4.626149005748763088e-01,-3.044245606054968856e-01,-5.573855476661092601e-01,-5.730759476051957568e-01,-5.395701975890864199e-01,-6.780999363089539322e-01,-7.128746309820283011e-01,-6.462283593149312777e-01,-6.967515541735153084e-01,-6.449136293166559675e-01,-7.001705381598932743e-01,-7.760310006720069209e-01,-7.211746430307142131e-01,-7.487076777988050935e-01,-7.128645229609354983e-01,-7.193551676848835008e-01,-7.354145684710314823e-01,-7.905233116913802371e-01,-7.169200528045601706e-01,-7.748970389071992981e-01,-7.609031258278792231e-01,-6.822867761629894945e-01,-6.510286357671216662e-01,-6.851098094050895870e-01,-5.394679988396782200e-01,-6.225977034093960194e-01,-6.524886688607135499e-01,-6.644997428024296271e-01,-2.635308771405229789e-01,-4.532431888770430684e-01,-3.281847659413768548e-01,-1.743210992422712935e-01,-2.058244392184746807e-01,-3.022683940186715046e-01,-4.011912675010960161e-01,-2.615970755591684460e-01,-4.722245082324654231e-01,-4.976946802782928336e-01,-5.064092807745503855e-01,-3.395199756990620599e-01,-4.706740838360526924e-01,-4.214678224726020606e-01,-4.356003099592971606e-01,-4.271578822704056866e-01,-5.802649410225237947e-01,-4.556447755499153374e-01,-5.321587395928896180e-01,-5.625355321996494684e-01,-4.959260942545276607e-01,-6.167339696202951416e-01,-4.378112276341769027e-01,-4.754433366619657542e-01,-4.672863689175845159e-01,-5.968767003996113818e-01,-5.039730194836348209e-01,-6.201299530676256389e-01,-5.857554197889072167e-01,-6.124322884289306046e-01,-6.149301770916305587e-01,-7.055913155764187428e-01
-1.404209803638646788e-02,-1.320737985834005424e-01,-1.342432554722010063e-01,-2.202187436238681739e-01,-1.921025425563812894e-01,-4.226056737734695257e-01,-2.756146269971136986e-01,-3.266588522259859517e-01,-3.665115014629781731e-01,-3.696287030567276255e-01,-5.446679340805697933e-01,-4.792617783125491804e-01,-3.735078386629970826e-01,-5.325931433036991125e-01,-4.680656795399929515e-01,-5.779890870482108367e-01,-6.258688525191934415e-01,-6.889436085978453139e-01,-7.157464325360826107e-01,-7.462302951862805900e-01,-6.392999401079120236e-01,-7.374901442847920929e-01,-7.654140222936489657e-01,-7.294893389497186797e-01,-7.525538704370099419e-01,-8.087175659902606784e-01,-7.897732330172356763e-01,-7.851576823536416949e-01,-6.873496938468388606e-01,-6.851162525013096971e-01,-7.169750390583978783e-01,-6.474136056881969470e-01,-7.037147791712335954e-01,-7.365669375335042179e-01,-6.783164831208645662e-01,-5.313532585857890789e-01,-6.324266856327384057e-01,-7.037585785917639392e-01,-6.598826867003748653e-01,-4.082373489869430827e-01,-4.126536142241525318e-01,-3.124753981234743017e-01,-2.655128330003079795e-01,-3.530398042254519475e-01,-4.217553661201670634e-01,-2.373599860853800314e-01,-3.728643022763438730e-01,-3.515686947851807131e-01,-4.331514803051723650e-01,-4.178260309842208309e-01,-5.304358509228410679e-01,-4.889785416217728442e-01,-3.835859221080916148e-01,-3.875791348089810961e-01,-4.365138261201851333e-01,-3.972188262273468884e-01,-4.376187393248110458e-01,-4.590438388860446639e-01,-5.965176800583230632e-01,-4.213689224987140491e-01,-4.772267327657723213e-01,-5.165965199652543527e-01,-4.628263043958363854e-01,-5.504787651570982598e-01,-6.296968765027249892e-01,-5.968221014995541696e-01,-6.080662498227642487e-01,-5.964151559934164348e-01,-7.192637991515543616e-01,-6.094839261401889807e-01
-3.716417255423837968e-02,5.079199633283222604e-02,-4.900647225327982998e-02,-1.317363033462443100e-01,-1.564039554975750201e-01,-1.363677897595512445e-01,-2.896409839616717052e-01,-2.318289686199061228e-01,-4.060579251449048521e-01,-3.660276327641975302e-01,-4.766541410549965385e-01,-4.351458840986112686e-01,-3.853819889332076309e-01,-3.308080315884905920e-01,-6.832696501113559862e-01,-5.774667005564527722e-01,-6.440743640409040127e-01,-5.813077644194939442e-01,-8.139911766745883126e-01,-7.599090087178309583e-01,-6.372970476136777807e-01,-7.726850755067788956e-01,-7.839418253669420134e-01,-7.951445020526464180e-01,-7.262992271121615495e-01,-7.441974170940139910e-01,-7.423511700189499019e-01,-7.656075462272990961e-01,-7.733118299675449947e-01,-7.833363845198618725e-01,-7.216389509170783034e-01,-7.704942657337080503e-01,-7.191647526470416052e-01,-7.836233695969510027e-01,-7.633927970896137172e-01,-6.904094783988293793e-01,-6.628814302660468449e-01,-6.141005839846020997e-01,-6.191017131906805249e-01,-5.878529046789218171e-01,-6.783582316183239813e-01,-2.427951627666446455e-01,-4.931345713868503511e-01,-4.130543085554961302e-01,-3.165493985184812398e-01,-2.839536040123313843e-01,-2.993772438423237259e-01,-3.103565304487318488e-01,-4.594538955084136456e-01,-3.741361154606631656e-01,-4.216161093752371913e-01,-4.260918471422105447e-01,-4.344247768095429452e-01,-4.392975693996353237e-01,-4.444925890431783433e-01,-5.952270645291718454e-01,-4.926684090719983256e-01,-4.990773580422252498e-01,-5.392573023848208358e-01,-5.788398017936721152e-01,-6.019803062594044629e-01,-4.611548255897878201e-01,-5.604414564146763533e-01,-4.770065387968219772e-01,-5.625380819407190813e-01,-5.837237946392226373e-01,-6.381749665293856566e-01,-4.647936664199798784e-01,-5.932150089444767627e-01,-4.722664204653900244e-01
4.713431367494547511e-03,-1.139052383129867188e-02,-1.331429469845643587e-02,-1.673828714956245578e-01,-1.858025145023012858e-01,-2.597016920993940881e-01,-3.558349545184426033e-01,-3.729668016435620514e-01,-3.805415641249002556e-01,-4.827721794147402101e-01,-4.634809748566004473e-01,-4.083119381359438527e-01,-4.307604274887295026e-01,-3.078393895575384787e-01,-5.026193116950572470e-01,-6.052852004078318471e-01,-5.860235175543465624e-01,-6.764748990898482583e-01,-6.192986594980602888e-01,-6.454919455252207117e-01,-7.821975098258543424e-01,-7.074858321217241119e-01,-6.692673061487454111e-01,-7.314583570293202719e-01,-6.572990862000658296e-01,-7.110284572124855318e-01,-7.520508035050225137e-01,-7.226556150517337018e-01,-7.796308642734131045e-01,-7.642079362489130334e-01,-7.806342763046320021e-01,-7.795480734403238410e-01,-7.191912997160195831e-01,-7.494560742152625021e-01,-6.770493584809369469e-01,-7.546111000716577699e-01,-7.487773654193862205e-01,-7.570193723581755130e-01,-7.019796818009533812e-01,-5.189238831806571861e-01,-5.302843377240000766e-01,-5.707193408656759948e-01,-6.923275090533365095e-01,-3.026909270677594632e-01,-4.140033810661193359e-01,-4.892359528532107538e-01,-2.837420543029880449e-01,-3.642006182132724867e-01,-5.103843820324398539e-01,-2.972134756927209409e-01,-3.602653978829531978e-01,-4.569616620155919628e-01,-3.927571555399982928e-01,-3.437381697208438669e-01,-3.203928336038296965e-01,-4.344743176439512244e-01,-3.619887374087866205e-01,-3.614423145134853521e-01,-4.472419012029977270e-01,-6.202512604764035542e-01,-4.668050101537249974e-01,-4.629577901033378184e-01,-5.403231539291909469e-01,-5.198606583447201723e-01,-5.819351563050308984e-01,-5.457458971283590810e-01,-5.944133622685598972e-01,-6.166324862061041134e-01,-6.332625800627198487e-01,-4.538789213419843205e-01
-3.220666547917528039e-04,-1.254116662198362722e-02,-1.500589012685919488e-01,-1.298616785898739634e-01,-2.759756179070424476e-01,-1.868989577708900784e-01,-2.549729254981354942e-01,-4.831707603742160240e-01,-2.952347883932360251e-01,-3.075597727111503144e-01,-3.787738398172874055e-01,-5.447854938090880283e-01,-5.410762333766628851e-01,-5.308622415264143690e-01,-5.985988978003534688e-01,-5.571329824571774614e-01,-5.832871838072315462e-01,-5.666368356289411823e-01,-7.121575250264909895e-01,-7.137878868074268857e-01,-7.756121891988978501e-01,-6.498822949660124637e-01,-7.239573477654791533e-01,-6.975126823363085871e-01,-7.637268790319385880e-01,-7.289625087121225366e-01,-7.383916431398651614e-01,-8.055357366457918111e-01,-7.626010482596711215e-01,-7.564209796870181579e-01,-7.968188486184921704e-01,-7.961331895641995393e-01,-7.917854965254634836e-01,-7.104051507368024376e-01,-7.818709548065395643e-01,-5.904108081248620188e-01,-6.841100777362018048e-01,-7.480785510343176403e-01,-6.702039979552114612e-01,-6.591131009360531312e-01,-6.497082673987185641e-01,-6.375892786002331780e-01,-6.378026162164640578e-01,-6.346053542302433348e-01,-2.397282072673383446e-01,-2.467448296583609479e-01,-1.989984504683795230e-01,-3.104126725709292489e-01,-4.266290813741951404e-01,-5.329552714432594929e-01,-3.160738287936689650e-01,-2.203896682323119582e-01,-5.393995382870275801e-01,-3.951122479913350416e-01,-3.931877196612958980e-01,-4.183958810228717295e-01,-3.919574986739061129e-01,-4.990150373806790940e-01,-4.562304309172793837e-01,-4.741960382249889583e-01,-4.373113315791075095e-01,-4.285965745454883846e-01,-4.521221968759719934e-01,-6.428425794619122557e-01,-6.092945134255381978e-01,-3.918236030530491965e-01,-4.701101083766657807e-01,-3.782319735993515675e-01,-4.412213696334084667e-01,-5.050086610012285426e-01
7.843120898893783666e-02,1.584746307724898759e-02,-1.898584265185097528e-02,-1.079656051785547327e-01,-2.028369530511658081e-01,-1.913654265522393982e-01,-3.501416371873204980e-01,-2.283278369693658716e-01,-4.598711671604693296e-01,-3.158034725058461722e-01,-3.179594211954890337e-01,-4.582127505612338947e-01,-4.813551405673964223e-01,-4.980903619312372910e-01,-4.782118071981623642e-01,-6.521608071453512956e-01,-5.742083125162046331e-01,-6.526271786213437842e-01,-6.935950317927478403e-01,-6.515325139746425132e-01,-6.484067335673739940e-01,-6.971748287034836844e-01,-7.162061824818227729e-01,-7.310998022344856739e-01,-7.577528208152962685e-01,-7.381672748279011209e-01,-7.186060900744545288e-01,-8.219541421288032446e-01,-6.424214566779563595e-01,-7.395305856716779536e-01,-7.393954539274000259e-01,-7.868992570049127000e-01,-7.887298894294351159e-01,-7.795109856703187345e-01,-6.855747335215203186e-01,-7.142311497386405472e-01,-7.547354895845391765e-01,-6.911997406044335657e-01,-7.628880306640937192e-01,-7.049881894351509581e-01,-6.816882713987554299e-01,-6.655511624366499124e-01,-6.407706690619590084e-01,-5.653735452450008303e-01,-5.188376141505579575e-01,-6.119915998274151336e-01,-1.698713511840493351e-01,-3.866544469532476325e-01,-3.539242730127175052e-01,-2.978582999273349241e-01,-3.701930634880741811e-01,-4.427638535432871225e-01,-2.159754010326880025e-01,-5.255391624035121723e-01,-4.142495208568834908e-01,-3.548581684739432474e-01,-3.642128465304468321e-01,-3.817864119910986398e-01,-5.809341965107666095e-01,-4.025040128878683010e-01,-5.074040848807563897e-01,-4.173777037895169406e-01,-4.301019960664584363e-01,-5.158629300370768389e-01,-4.002902675908794894e-01,-4.702987757216571807e-01,-5.545999103810402842e-01,-5.440586060192986739e-01,-4.829671358425928762e-01,-5.590145955189604887e-01
3.067924843464212709e-02,-9.077257844995628711e-02,-1.213211526267436160e-03,-1.420060968757480557e-01,-7.889831062457537680e-02,-2.252560122059831249e-01,-1.775832922626174593e-01,-1.893123226622968336e-01,-3.255383567189168437e-01,-3.155379659719940166e-01,-4.334264788495648113e-01,-4.395515767442951804e-01,-3.880324121680177041e-01,-3.476344688301791219e-01,-6.443749329227765887e-01,-5.843333475960598156e-01,-5.963084918855803274e-01,-5.332854995943608900e-01,-6.244728729891824148e-01,-4.826017588048632234e-01,-6.563481935948498602e-01,-6.313200294677469016e-01,-6.917582854303087059e-01,-7.104866706026659040e-01,-7.011560106343913690e-01,-7.391932681001609495e-01,-7.791514916256313539e-01,-6.507774566765562874e-01,-7.455417845656879816e-01,-6.812838749206414635e-01,-8.021300449907818875e-01,-7.922994005219384794e-01,-7.836608603477032142e-01,-7.917254433848833761e-01,-7.222275675927968264e-01,-7.468334436361939721e-01,-7.745270457459411118e-01,-7.560186527499983544e-01,-7.626322954905454532e-01,-6.897883380982925416e-01,-7.974107535927443813e-01,-5.998096911495506278e-01,-6.715297325161416753e-01,-6.076566139933963218e-01,-6.782600642370069099e-01,-6.836814184148327644e-01,-6.521652097273770154e-01,-3.704359516955960108e-01,-2.182774788407135513e-01,-4.429407278287392224e-01,-2.856774167543466580e-01,-3.144480886191291513e-01,-3.188596703166106661e-01,-5.112455904597231759e-01,-4.598276991188815499e-01,-3.561735589138967373e-01,-3.524725338194162338e-01,-4.671325887224017648e-01,-4.262377571232088824e-01,-3.054049683924765501e-01,-4.467880282962054528e-01,-3.944241806085660440e-01,-4.933133962909140302e-01,-4.903234578713316916e-01,-4.034014613270086036e-01,-5.354678827179555345e-01,-5.045407003561462878e-01,-4.101984145866989229e-01,-4.669705711688208472e-01,-5.450072436499978634e-01
-6.323126776992199494e-02,4.232397616458618249e-03,-5.315336415828372796e-02,1.267033002476416516e-02,-1.567088175556130281e-01,-1.372499355372914370e-02,-4.315924613285602174e-01,-2.930707922173001467e-01,-2.275945986334056148e-01,-2.574726404172328342e-01,-2.893108136949938958e-01,-3.532083708046969139e-01,-5.603429637075287850e-01,-5.974251616163911427e-01,-4.422377871766917656e-01,-4.591892768591207541e-01,-6.535113209212585206e-01,-6.183125269845426430e-01,-5.142630542026566109e-01,-6.093289515529450862e-01,-5.914038676601269806e-01,-6.202438931105100917e-01,-6.947400541604095148e-01,-7.040584804231347915e-01,-7.026819545017788382e-01,-7.503352125173970988e-01,-7.954902324469718122e-01,-6.281827241358288738e-01,-7.765784786407379237e-01,-7.649987203062024177e-01,-6.700231330864171442e-01,-7.565194834498704113e-01,-7.958669910201164877e-01,-7.492934919246851955e-01,-7.913000486579124804e-01,-7.162178662810182450e-01,-7.767758898634647968e-01,-7.633408565219876873e-01,-7.749306512574114514e-01,-7.613958966370238945e-01,-6.878517060975500863e-01,-8.208463234940605036e-01,-6.915971409289998206e-01,-7.060367044010823490e-01,-6.206437608957706686e-01,-6.862188322724740441e-01,-6.177069850798720951e-01,-6.075351316385371181e-01,-6.129676320980841364e-01,-1.879165188998862257e-01,-3.836117257979248518e-01,-1.659492874388170947e-01,-3.283152625001448666e-01,-2.139153788054509175e-01,-3.830249414981669043e-01,-4.126590562612652557e-01,-4.010040233476776517e-01,-5.077455115609218472e-01,-3.485978485487386536e-01,-3.422313922851772938e-01,-3.099416778709042086e-01,-4.054004275420383108e-01,-5.520101841690269184e-01,-3.105759221626939182e-01,-4.245965095364834241e-01,-4.145793218939837765e-01,-5.259664435881314937e-01,-4.525991240397654880e-01,-4.767157516130888784e-01,-5.742805670926399708e-01
-1.229208962986817061e-02,-2.190391490157979695e-02,-1.245533623189217370e-01,2.875348998795342059e-02,-2.799666492738026591e-01,-2.506980382312343769e-01,-1.433786266864824355e-01,-1.917166985356633380e-01,-3.009385917990840542e-01,-3.380082147708244888e-01,-4.605405717526528386e-01,-4.547575491052599506e-01,-4.054515666809834218e-01,-5.656461198339992613e-01,-4.499949931196102759e-01,-4.849959466057431334e-01,-4.844069357559013245e-01,-7.095107467053320960e-01,-6.193481380321402829e-01,-6.747136363044619056e-01,-6.853806599438411196e-01,-6.333319976530668027e-01,-6.558123373941431300e-01,-5.959158144248820621e-01,-6.973007393382926189e-01,-7.234329351054895607e-01,-7.513058451573125796e-01,-7.041520763463885446e-01,-7.438756652955648141e-01,-7.825811228859185231e-01,-7.838509866326653919e-01,-7.090483507968500243e-01,-7.592656408457859607e-01,-7.927623165720606435e-01,-7.595699949011027741e-01,-7.189895824690598625e-01,-7.260967552256418767e-01,-7.821228420616989085e-01,-7.266503049401146219e-01,-7.300175977732874522e-01,-6.953496332980971806e-01,-6.806260532126749974e-01,-6.508047919037005524e-01,-7.290607242808121446e-01,-6.622106504467857313e-01,-7.095453006742097335e-01,-6.299026761841798328e-01,-6.474601596401360348e-01,-5.103860415988094035e-01,-7.243424131916266218e-01,-6.449800479511372808e-01,-3.187623616343465693e-01,-2.414857201014824484e-01,-2.837194390218444884e-01,-3.120066416231956352e-01,-3.070350863831453059e-01,-3.375936118271269382e-01,-4.297200998623768031e-01,-3.647205962995163087e-01,-4.574309581814380854e-01,-3.920696593256108864e-01,-2.915291879377737150e-01,-3.432464680968292936e-01,-5.188191706171967343e-01,-6.419936476117419355e-01,-4.417583337446168157e-01,-4.237446493185833551e-01,-4.993965567361419167e-01,-5.296734576199796374e-01,-5.646272864835020222e-01
-3.365843994358620750e-02,-7.082164014443384503e-02,-1.069366610551974600e-01,-2.505438692828989775e-02,-1.265394359034574256e-01,-3.892543902939663569e-01,-3.859589083530032827e-01,-3.712809064216137656e-01,-2.364483080451643404e-01,-4.597531515733773166e-01,-4.121832491423799150e-01,-2.944372079624060223e-01,-4.109291521335071695e-01,-4.852082506846581711e-01,-3.967699840599595573e-01,-4.096514378317814842e-01,-3.891852782411093226e-01,-5.272371409477648596e-01,-4.947069352992336522e-01,-5.489273269143321032e-01,-5.571138635417305363e-01,-5.697572655938144548e-01,-7.766807669314581553e-01,-5.436717199302327774e-01,-6.115546369470812316e-01,-6.197502155006849867e-01,-7.456144459375361189e-01,-7.508388603243041359e-01,-7.616791796320818708e-01,-7.413167555927985264e-01,-6.962070135205983279e-01,-7.500340659223661000e-01,-7.387294898532238419e-01,-7.617334284694812219e-01,-7.758914991908727465e-01,-6.950176738794462405e-01,-7.179056165814987622e-01,-7.751851354329486465e-01,-7.829299922317262128e-01,-7.664176173308511197e-01,-7.683597637354868670e-01,-7.817420948160164196e-01,-7.026329012077942027e-01,-7.625038698897441680e-01,-7.331887936879268874e-01,-6.525699584965641842e-01,-6.468257201619351804e-01,-6.698477939937318437e-01,-6.753053007600429147e-01,-6.214038285046863397e-01,-6.658280248639795174e-01,-6.309353671067577940e-01,-3.838181986698016579e-01,-3.214198845622126544e-01,-4.075204981978213792e-01,-1.312990262163432342e-01,-4.154024278346518106e-01,-3.287440337228576537e-01,-2.791841028740762454e-01,-4.219442307241053070e-01,-3.568508564887030166e-01,-3.604541594231178703e-01,-4.690388302938976461e-01,-4.396815842859242429e-01,-3.422636083282189490e-01,-3.316339986133617912e-01,-4.560859208064965697e-01,-3.960743828847672066e-01,-2.676738282433889227e-01,-3.686335510946227023e-01
-1.431015309444819972e-01,-4.718036627845094422e-02,-7.408562942750376856e-02,-1.054554284666555236e-01,-1.307370805943527392e-01,-1.346626652293950177e-01,-3.850241171506589288e-01,-2.395947605907881028e-01,-1.189615072070309559e-01,-2.649778032810016226e-01,-3.803089193569610393e-01,-4.234755911857747135e-01,-4.720820153151471521e-01,-5.205532209249112974e-01,-4.671361784553095253e-01,-5.369387159214984440e-01,-5.320063163737231982e-01,-4.304476385576337383e-01,-5.474976575080798824e-01,-5.897046150408012943e-01,-5.607439948543713193e-01,-5.211384477411812322e-01,-7.140191266596432884e-01,-6.307842798398082262e-01,-6.281290421473880725e-01,-5.683337503237481103e-01,-6.536494364439402460e-01,-7.078812917238198610e-01,-7.913105412584869880e-01,-6.752454532445922863e-01,-7.798030089650987984e-01,-6.963667289704801311e-01,-7.804997944858077519e-01,-7.723028428787641619e-01,-7.881618281707934992e-01,-7.453755099078084312e-01,-7.253638000832084431e-01,-7.345311195084660572e-01,-7.095126518240172375e-01,-7.319438033832081913e-01,-7.466219373296480999e-01,-7.270927916986715811e-01,-7.891117293029050739e-01,-6.554630401636493131e-01,-6.831808884289433115e-01,-6.663166074606008404e-01,-7.025737165521126482e-01,-6.497690932624368143e-01,-6.134380017115615980e-01,-7.006552684868823100e-01,-6.246866694908613793e-01,-6.721539424548608199e-01,-7.008867903035282954e-01,-7.164394696752437453e-01,-2.521785851529544931e-01,-5.386680168103786803e-01,-4.308767040571879758e-01,-2.703459675089120440e-01,-2.623163071819605840e-01,-2.740362397597374544e-01,-3.387921865038100444e-01,-3.606697724608020073e-01,-5.031145990334270346e-01,-4.163648504556581309e-01,-5.018630129703530729e-01,-4.343997068736480949e-01,-4.896693507565371695e-01,-2.969937394893009119e-01,-3.670060836894520340e-01,-5.158737405403951426e-01
2.870443577758585718e-02,-7.019948845935029824e-02,-8.959407318656066599e-02,-2.285007094276481077e-01,1.074144068149766353e-02,-1.857992637657620016e-01,-1.646087585602114545e-01,-1.430504257841169469e-01,-1.786999922783549799e-01,-2.416203522859099728e-01,-3.848730950141198703e-01,-4.560037774239203423e-01,-2.749659761606087494e-01,-4.930167056836050055e-01,-5.690912989288925417e-01,-4.946919630694244230e-01,-6.357536661243698983e-01,-4.902570013079705080e-01,-5.528311797108907966e-01,-5.154978565614263264e-01,-5.390191095264178500e-01,-7.980032887795436292e-01,-5.568940858691985296e-01,-5.811148476633174464e-01,-6.233979879243272126e-01,-6.709740312802802142e-01,-7.741787385895614326e-01,-6.693306700297071421e-01,-6.692943039325407462e-01,-6.962025277705468085e-01,-7.777812326092566897e-01,-7.900623317797623724e-01,-7.385801136690589574e-01,-7.491388575041599829e-01,-7.784350668835359199e-01,-7.645879927971301893e-01,-7.922321866233481558e-01,-7.568147679721926036e-01,-7.578792587400517977e-01,-7.307343565292896415e-01,-7.305577994855547708e-01,-7.734042188852142674e-01,-6.972621005829502394e-01,-7.350399909548970268e-01,-7.719791154106953046e-01,-7.608825899358897527e-01,-7.214867453842633838e-01,-8.084363872098324633e-01,-7.126999334055421631e-01,-6.912818558367289645e-01,-6.987671915831790148e-01,-5.681717522306067858e-01,-6.586535165306287576e-01,-5.984668338287372213e-01,-6.988360693986507277e-01,-5.959022943216997215e-01,-3.499364955397935573e-01,-2.447609031962686421e-01,-2.733686927294359803e-01,-5.630696375642529894e-01,-3.115867383582566763e-01,-4.568511027581746986e-01,-3.840204490016728145e-01,-2.914559201268955291e-01,-3.373739237392754386e-01,-3.426051815169655623e-01,-3.866343584858867310e-01,-3.467812372751632455e-01,-4.215990468372816102e-01,-3.334884850297342718e-01
-2.336211116202333016e-01,-9.174003831082826188e-02,-7.339804988880758996e-02,-8.360390490109229078e-02,-1.802344774026013452e-01,-2.090661378902460288e-01,-1.599867028686284554e-01,-3.057743845072238287e-01,-2.267850413062882931e-01,-2.674158971141068486e-01,-2.970367284277829478e-01,-3.335339183213328340e-01,-4.354095256460776553e-01,-4.592435198574429944e-01,-4.161974199841422806e-01,-5.233627110489074141e-01,-4.009085955860606232e-01,-4.979478992446148000e-01,-6.162680732499749015e-01,-5.502881664067383882e-01,-5.828952770493027735e-01,-6.857492316714773883e-01,-6.055712979686052044e-01,-7.229305763321860478e-01,-6.859723757414815104e-01,-7.252509481541392633e-01,-6.085777095321351915e-01,-6.432448625525394315e-01,-6.748101033904101431e-01,-7.117832809727165921e-01,-6.999616698730312114e-01,-7.892802196057046027e-01,-6.922134632778793595e-01,-7.300839929170095388e-01,-7.887325098923352318e-01,-6.271222813834390619e-01,-7.159427201560446541e-01,-7.667151397316207539e-01,-7.426535702081357160e-01,-7.639733550399222528e-01,-7.740657321718971140e-01,-7.733308878605203995e-01,-7.916727419754117090e-01,-7.362539696121596089e-01,-7.836407389283858160e-01,-7.905753083997818509e-01,-7.732045434090212277e-01,-7.596603457123231040e-01,-7.185986133159573130e-01,-7.626923700860669397e-01,-7.203166590366829602e-01,-7.055161733862012063e-01,-7.355203340815258395e-01,-7.157159760566623730e-01,-6.679014559910856352e-01,-5.967107832324394234e-01,-6.250067166995694201e-01,-3.363041879695885528e-01,-2.680250187477092871e-01,-3.455813665811879321e-01,-4.052696597150371449e-01,-3.856904364140157915e-01,-3.014225701209490849e-01,-4.772582699157485453e-01,-3.884395384775379823e-01,-3.942185767015458642e-01,-2.581506356347056941e-01,-3.999133309920483992e-01,-1.922409686219182234e-01,-5.365467862941972754e-01
-2.131676655782184168e-02,-5.116475209971152460e-02,1.632254779413322976e-01,-1.383714655093561396e-01,-1.404518752711945984e-01,-2.568426217815776291e-01,-1.397480538569316755e-01,-3.264130969570345764e-01,-2.234175325313481342e-01,-2.602042135870030193e-01,-3.596830632157380636e-01,-4.730289541347569848e-01,-3.366856109342848957e-01,-5.037828848187455577e-01,-4.126234229923010366e-01,-4.576596865705282458e-01,-5.400978414150807705e-01,-5.133844574652116632e-01,-5.297710608069384763e-01,-5.286155665073590804e-01,-4.462775814884153425e-01,-5.187718260132959669e-01,-5.745053299139454284e-01,-6.623628352086046167e-01,-6.773091520653884423e-01,-6.993641179490369675e-01,-6.341479653559106699e-01,-6.216281638811008703e-01,-7.506845319343500300e-01,-6.625533833349428470e-01,-7.138401304828505545e-01,-7.674579212835312969e-01,-7.262697314679533722e-01,-6.583614541116080687e-01,-6.959704882541648541e-01,-7.540382313051456897e-01,-7.902166448878266136e-01,-7.872951250991907512e-01,-7.864982078379992858e-01,-7.754267455185355207e-01,-7.306199279478421404e-01,-7.403177290615033934e-01,-7.209857396494360193e-01,-7.796816489448314957e-01,-7.997336956736568192e-01,-7.712482666993296654e-01,-7.282563350443813643e-01,-7.373696728008030110e-01,-6.979659216275663214e-01,-7.697404925783566387e-01,-8.031909710779255862e-01,-6.677315999716945116e-01,-6.067959442089913003e-01,-6.659335328683521071e-01,-6.565893786520502484e-01,-6.278477835584747035e-01,-6.108780811575493797e-01,-6.515749103754566729e-01,-6.360391069847854961e-01,-3.920119576800372707e-01,-2.371170818793954527e-01,-4.735232772883845032e-01,-1.638182053300565044e-01,-3.140736943397115510e-01,-6.008180859080526348e-01,-3.426758829200436396e-01,-4.894760802851419457e-01,-3.181569641696307404e-01,-4.576006142567872192e-01,-3.836538268002506746e-01
-2.930688918289330036e-02,-8.757696409820983630e-02,-2.062601559648748195e-01,-7.610770839190957038e-02,-5.630216183948118409e-03,-2.153086394263286317e-03,-1.626339369403115853e-01,-2.042997803687908454e-01,-2.651566965743938353e-01,-2.459276301550325228e-01,-2.198202765578923246e-01,-1.951729238050770865e-01,-3.058873784232826187e-01,-5.112651185198643367e-01,-3.347412121677643126e-01,-5.317189112480534829e-01,-4.889943063228743836e-01,-5.118909171741401476e-01,-5.811382539480940412e-01,-5.693648090926489713e-01,-5.281982135639845533e-01,-4.600221804070231402e-01,-5.328344811633504152e-01,-5.684064727331145095e-01,-7.771821018755001864e-01,-6.914027042887919139e-01,-7.090867347200230375e-01,-7.837855294439280973e-01,-7.355666456621999805e-01,-7.047166514633771417e-01,-6.919982734960904436e-01,-8.008282951577171405e-01,-6.862948761884340998e-01,-7.226874441235444646e-01,-7.517442642805680642e-01,-7.100779160566517145e-01,-7.136811778664502448e-01,-7.999298113825061840e-01,-7.504271035216637520e-01,-7.394479027117274450e-01,-7.307923208757343136e-01,-7.481089387699902948e-01,-7.028166522746331912e-01,-7.810216357460169068e-01,-7.758962120561537779e-01,-7.782206132124276365e-01,-7.223265597743996347e-01,-7.698442760740139557e-01,-7.596771129356995056e-01,-7.560573836874183717e-01,-7.686821209298151381e-01,-7.363879510192087308e-01,-6.993549566628675107e-01,-5.860714766461294634e-01,-6.439705738113211675e-01,-5.689344531531983495e-01,-6.073923358717085996e-01,-6.415671033377067234e-01,-6.015044374621865142e-01,-6.473632127589808993e-01,-3.300446350331763812e-01,-4.369178174314712337e-01,-3.333842990888323254e-01,-3.674580563566231528e-01,-3.046300063896664745e-01,-5.144640565194031900e-01,-3.411638140718277201e-01,-2.005746317723934857e-01,-3.277052819480028023e-01,-3.283918010235780116e-01
2.969378222911474990e-02,4.449960530212777876e-02,3.080619788857050581e-02,-1.026226869049802204e-01,-1.435986476247534394e-01,-1.721945310379995320e-01,-2.633870449020928040e-01,-2.462947079346864965e-01,-2.690872666551463732e-01,-3.454378629857956517e-01,-3.659445964811196550e-01,-3.478476644473068036e-01,-4.638516810005330893e-01,-4.193609340785417472e-01,-6.044032984388156837e-01,-3.970886622322080117e-01,-5.194127667920181990e-01,-4.564112427010540984e-01,-5.392099026005655604e-01,-5.510542495172121580e-01,-5.972920779924397738e-01,-5.339558487491664618e-01,-6.094398253432521395e-01,-5.986884689005035343e-01,-6.397348630183185003e-01,-6.440685729452660935e-01,-6.222424991426216412e-01,-6.329123689457784030e-01,-6.487041526669362623e-01,-6.595778818589441705e-01,-5.776873434306498689e-01,-7.523214473841967065e-01,-6.654848223204575808e-01,-7.522525516034784809e-01,-6.993824300839335262e-01,-6.285994746006372536e-01,-7.424819966690403561e-01,-7.282617089806674437e-01,-7.438824331768799647e-01,-7.358829990863152704e-01,-8.099821040054675514e-01,-7.845074743029109010e-01,-7.660649107070063302e-01,-7.314084951757030550e-01,-7.617410587166211222e-01,-6.520157705897889899e-01,-7.934632706358859533e-01,-8.312786619166446789e-01,-7.699097645320431837e-01,-7.558673880718165261e-01,-6.798792896021461640e-01,-7.661069610956156017e-01,-6.721633762587022609e-01,-7.737080672184857288e-01,-6.546294601862220341e-01,-7.001817750202312673e-01,-6.411661968150835778e-01,-6.626233433637753745e-01,-6.741888458439350140e-01,-6.026834915988319441e-01,-7.869946536055589803e-01,-7.140898391243716281e-01,-4.147089751280344516e-01,-3.131259831961366591e-01,-4.716957051863489569e-01,-3.304294452780950908e-01,-4.882387018881951812e-01,-4.884620200181855054e-01,-2.707882349173938441e-01,-3.328901577516499288e-01
-9.069932702878329492e-03,-8.493410201797502168e-02,-5.636484444228184731e-02,-2.266089876694353522e-02,-2.049181942740424534e-01,-5.075268183857276766e-02,-4.945631337067837169e-02,-1.475564485371642365e-01,-3.449595884310577287e-01,-2.521297270102008659e-01,-2.859031816289022143e-01,-3.972792609394209529e-01,-4.436628615594840896e-01,-3.212206928477410739e-01,-3.517346320564188611e-01,-4.544748145030077513e-01,-5.476386138621730515e-01,-3.113016903837578786e-01,-5.700340280357301115e-01,-4.408887465463526278e-01,-5.755424565566038542e-01,-5.717452225351731254e-01,-4.541947396295992756e-01,-5.588506422272913055e-01,-6.181566392977898561e-01,-6.403663378676421880e-01,-6.670267924332583531e-01,-7.485417822949268496e-01,-5.595287612628820906e-01,-6.962871170897957374e-01,-6.910406471260217565e-01,-7.060420012790420419e-01,-7.730199058485812680e-01,-6.890968926169233066e-01,-7.239825021354681089e-01,-7.291373114621131357e-01,-7.243596157489702314e-01,-6.088130115804649689e-01,-7.487518256269563022e-01,-7.464908132460430501e-01,-7.679833590458514658e-01,-7.554305756260821791e-01,-7.557959404151015637e-01,-7.751504918039030523e-01,-7.573819097136221812e-01,-7.361345931568237244e-01,-6.991238986350416518e-01,-7.917256340460598896e-01,-7.178747773523622699e-01,-7.355635036786586367e-01,-7.238993490071877757e-01,-7.712862874787141942e-01,-7.481006550127761168e-01,-6.593225309002879175e-01,-7.409782616864413196e-01,-6.684594614963048631e-01,-6.273316345254956738e-01,-6.283776480680558496e-01,-6.753704227253556347e-01,-6.761848153805589678e-01,-7.565637258142333677e-01,-5.736393465357227939e-01,-6.175781709149100740e-01,-2.312224007920458402e-01,-1.498323179530990645e-01,-2.134382823311112010e-01,-1.749958382133042223e-01,-3.379247726299762777e-01,-4.155554589191849391e-01,-4.385701167821228763e-01
-5.078029410196065879e-02,5.278705681377230535e-02,-7.348754189200198961e-02,-1.259196329215299115e-01,-2.254598857801522194e-01,-1.368102726332785790e-01,-1.730024963604357702e-01,-1.327273278567137893e-01,-1.530534914257151713e-01,-3.591843428495451462e-01,-2.784504148113334798e-01,-3.470159728271934307e-01,-4.236123118362254414e-01,-3.921684096212454951e-01,-3.108113094674921917e-01,-3.873584972110363789e-01,-4.668743438788637845e-01,-3.646687505542363095e-01,-5.738988551630513912e-01,-5.014972158953866499e-01,-5.886109622428093990e-01,-5.576476018484919361e-01,-5.865335739271105853e-01,-5.698054371724351475e-01,-5.594612490439381247e-01,-6.092524018632995420e-01,-5.925107316362324683e-01,-6.730330434538071005e-01,-6.687426554101819631e-01,-6.674455221098969382e-01,-5.782429534009209116e-01,-6.740358900259126873e-01,-6.967211553400034507e-01,-7.206426836704165062e-01,-8.194044261095040360e-01,-6.316851731406845083e-01,-6.801761146155584914e-01,-8.255038935777558873e-01,-7.783576492628474508e-01,-7.078906409646698039e-01,-6.625149612865539606e-01,-7.739978674634447886e-01,-8.014241137811356497e-01,-8.004822748529919485e-01,-7.959966219255432129e-01,-7.568574212001583090e-01,-7.716676243215012665e-01,-7.936148108389027289e-01,-7.288855994362010149e-01,-7.686057812412782075e-01,-7.900419250541006466e-01,-7.380762509487764911e-01,-7.065724171266043463e-01,-6.882200181190321064e-01,-7.383772622468680602e-01,-6.724299761440332146e-01,-7.464142193140779202e-01,-6.076285366295823831e-01,-6.961550488933095915e-01,-7.323251077541463872e-01,-6.064047380743075033e-01,-5.868820354600695621e-01,-6.250324295316711520e-01,-7.147413196383016754e-01,-6.823089536259696608e-01,-3.998215080264756471e-01,-4.299096647693662621e-01,-4.179611622776932545e-01,-2.293421121348239444e-01,-1.898481135010461895e-01
-9.142344823647635677e-02,-4.651940589480529908e-02,8.868672761989473963e-02,-1.719324940532825433e-02,-1.182793443001997485e-01,-7.849600055876219951e-02,-3.025474193070229467e-01,-8.569983244446997828e-02,-3.426997935480918800e-01,-2.113499824769193014e-01,-1.740108335708222542e-01,-3.613173647968915825e-01,-3.905163235063361382e-01,-4.810162480297999199e-01,-4.528294925574956054e-01,-4.053465988512545137e-01,-5.936456254921197440e-01,-5.655729485326895789e-01,-5.887148870668720280e-01,-5.989934805123795503e-01,-3.994719502641146391e-01,-5.223071944952858425e-01,-5.684998048845449903e-01,-5.632653008670064354e-01,-6.329402974732829534e-01,-6.180972034362788303e-01,-6.497106805155627995e-01,-7.194052316571500905e-01,-6.688110600547267914e-01,-6.090140867495906773e-01,-6.989371815670161192e-01,-6.553191398480087138e-01,-6.785490824675795007e-01,-7.328464908445818660e-01,-7.894293123863849182e-01,-7.115818311203732094e-01,-7.708717969406034820e-01,-8.071768374733211404e-01,-7.974540597548150922e-01,-7.883057926360909073e-01,-6.759483890470512346e-01,-8.300129816812271688e-01,-7.271218426105382493e-01,-8.008412955672640221e-01,-7.428102494728300309e-01,-8.060036920728795851e-01,-7.214830609411337914e-01,-7.824102630634671707e-01,-7.463972354675487697e-01,-8.030730921394706456e-01,-7.177764446396178721e-01,-7.679926008927225878e-01,-6.538541780799309588e-01,-7.042024108364025592e-01,-7.670229756507365160e-01,-6.667388929716323576e-01,-7.056678038606682968e-01,-7.452191221306645463e-01,-6.864560973207242123e-01,-6.008316986270484383e-01,-6.224517070774550076e-01,-5.866346606086308979e-01,-6.935342375689582672e-01,-6.199945107485034246e-01,-6.930850257905714074e-01,-6.633768337912135937e-01,-1.962846317573604116e-01,-4.250081077499658355e-01,-2.618901247204514227e-01,-2.333394092306994294e-01
-1.554162705874888133e-02,-1.390081728091580315e-01,-8.975089541003655746e-02,-2.301345899304728382e-02,-1.758066010615705888e-01,-9.749361373783785312e-02,-9.929510618007263145e-02,-2.491588338419155890e-01,-8.186478116882552059e-02,-4.057557839330359073e-01,-2.922504068606053829e-01,-4.202443544111860718e-01,-3.394136181549696207e-01,-3.336275783891670677e-01,-4.775514838813862406e-01,-4.198510321865051020e-01,-3.583314361880067245e-01,-3.945485748359461864e-01,-2.888584400289415099e-01,-4.801148117307251217e-01,-5.638280212305518679e-01,-3.902724496641127860e-01,-4.938838774507389173e-01,-5.079630347610805119e-01,-5.470205027565544498e-01,-6.593315682705267466e-01,-4.316096477065444192e-01,-7.188434283611087050e-01,-6.821796738259234827e-01,-6.487905569839109710e-01,-7.095597369736315052e-01,-6.432702646291339477e-01,-5.746974576484391584e-01,-6.411907895165546156e-01,-7.554483589278186972e-01,-7.093082555686804902e-01,-6.637855050588715722e-01,-7.330703904829687367e-01,-7.162990688688977148e-01,-7.625873026390220799e-01,-6.806902389085013327e-01,-7.381754648575740152e-01,-7.263918428536509930e-01,-7.637739143374561168e-01,-7.965489611969428507e-01,-7.530260482662037846e-01,-7.652525446648889007e-01,-7.820605296436163867e-01,-7.869695221547030606e-01,-7.882797129075347353e-01,-6.798597218060172809e-01,-7.388711149886210139e-01,-7.834998065024980640e-01,-6.854736479654269798e-01,-7.727460688591961668e-01,-7.673836820180963691e-01,-6.414549614297015978e-01,-6.892319604624870255e-01,-8.168438180146132543e-01,-7.070311726447412459e-01,-7.048689997966672838e-01,-6.869049886029748864e-01,-6.325965295370861163e-01,-6.824094739144476174e-01,-5.701151891939486571e-01,-6.352662869885072894e-01,-6.966831454161005466e-01,-6.014192664790789511e-01,-1.905872348065481003e-01,-3.324648869138637219e-01
-1.782228488922158738e-01,-2.107360269710154832e-01,-1.452843931174335572e-02,-8.136587972994388518e-02,-1.219057398820485860e-01,-1.311821405431721765e-01,-2.872675108991033510e-01,-5.095885350391830132e-02,-3.204556160486934924e-01,-4.035430448178550789e-01,-2.239552122653769572e-01,-2.515760794956266033e-01,-4.376926836300218393e-01,-3.580139141407483461e-01,-3.139877147082936193e-01,-2.618708924424995588e-01,-3.091911808732551448e-01,-3.217717361217511396e-01,-3.666923784654694263e-01,-4.004724332796564257e-01,-5.185479731912991941e-01,-4.688110801830516761e-01,-5.256784185203995374e-01,-5.643002341643016395e-01,-6.515408274401137678e-01,-6.179660371227787552e-01,-5.779963812879025387e-01,-6.219966526729947542e-01,-6.855359923966216629e-01,-5.301699574780858182e-01,-6.441550887676742443e-01,-6.660066118655324496e-01,-5.821556960763960564e-01,-7.524680576445246238e-01,-7.619074525555294963e-01,-6.990671064142888191e-01,-7.067238707169478662e-01,-6.892069215520383318e-01,-7.235635541640239587e-01,-7.525981776247762101e-01,-6.698851503437242005e-01,-7.011419071589810592e-01,-6.929614384359754631e-01,-6.728412929152611799e-01,-7.870125003304206945e-01,-7.196556632990003255e-01,-7.643241889004401823e-01,-7.919469266910821315e-01,-7.417591761433246500e-01,-6.881114022466703339e-01,-7.205329373027423712e-01,-6.974357641860532420e-01,-7.342059567425107680e-01,-7.689222350372186821e-01,-7.648925072025464234e-01,-7.900360213476925741e-01,-6.842780975144451272e-01,-7.316266528908791367e-01,-7.443027731623877985e-01,-7.485791952078955092e-01,-7.977985876475416349e-01,-6.934090395932694939e-01,-6.260156157696642465e-01,-6.061042590177032618e-01,-6.780312559007826145e-01,-6.513756349781156807e-01,-6.101235521530912198e-01,-7.091584792205161136e-01,-7.133825185339426334e-01,-3.079771683936719517e-01
-7.145216213450283904e-02,-9.244266106185576592e-02,-7.871753539924911114e-02,-1.525353173652592431e-01,-7.800493959890959783e-02,-1.512087012203079395e-01,-1.513738229103975264e-01,-2.235962581619634348e-01,-3.101817632003018854e-01,-1.790926889272751732e-01,-3.184913700079976540e-01,-2.641232348549222286e-01,-3.091712604732201330e-01,-3.766265341351289209e-01,-3.721644798445777336e-01,-3.049359097026030918e-01,-3.038200703909252343e-01,-4.086966171412715898e-01,-2.819177101919180806e-01,-4.456819398970071067e-01,-5.488513150010299046e-01,-5.428791354752587894e-01,-6.195889290038317787e-01,-4.143942192946729053e-01,-5.826528136832880289e-01,-5.340868777429383929e-01,-6.596821495770585075e-01,-6.546600202102840216e-01,-7.396863373347817294e-01,-6.559475296478107786e-01,-7.136814960862735147e-01,-5.988744137546525570e-01,-5.895754055809599992e-01,-6.954696977644074796e-01,-7.863054915410874202e-01,-7.708457993258180929e-01,-6.783671277575226144e-01,-7.105144365303818210e-01,-7.912097787732536025e-01,-7.483375119675289566e-01,-7.606325027974697450e-01,-7.214058721121728857e-01,-6.659175308960392226e-01,-7.933044400579891686e-01,-7.758419243880407823e-01,-7.295035556644020591e-01,-7.627354136498406545e-01,-6.692984717246001081e-01,-7.372770345165221562e-01,-7.900756465497839054e-01,-7.875617495509985577e-01,-7.605621313146477824e-01,-6.321167411345924858e-01,-7.474940080324306013e-01,-7.341674096229363622e-01,-7.996581502081369086e-01,-6.804771050758684492e-01,-7.223400165157712882e-01,-6.920321314316197903e-01,-7.393373735562247528e-01,-7.581664260546409073e-01,-6.714362275227035992e-01,-7.013015235277436643e-01,-7.055671019791930343e-01,-6.985723022599081844e-01,-6.497344132520095350e-01,-6.461783782564403111e-01,-6.139159605481583348e-01,-6.617235240705373611e-01,-6.610346543096934369e-01
-2.908813624827030417e-02,-5.691263605710421974e-02,1.164565156923026285e-01,-1.265691313493706172e-01,-6.725694605044132968e-02,3.333385994578154377e-02,-1.951798302062064949e-01,-2.965314252929370231e-01,-2.162966918000507888e-01,-2.239798703916177636e-01,-2.460295250369395892e-01,-2.575918318503427895e-01,-4.324918874113293787e-01,-2.149279483517197997e-01,-2.777271534359649352e-01,-3.695272271210279791e-01,-3.952850875546092824e-01,-4.550665051643888459e-01,-3.704959517225904775e-01,-5.367009479878337430e-01,-4.040066998798071407e-01,-4.817633839907167759e-01,-4.603967140026304916e-01,-4.839698011033843894e-01,-4.550940198582147378e-01,-5.107923731568624337e-01,-6.306130768155567834e-01,-6.279051727480348122e-01,-6.966844003513892325e-01,-5.825519961626224319e-01,-7.474345165329630003e-01,-7.478686305078084962e-01,-5.740796023883104615e-01,-6.869216362180249336e-01,-7.218609001007589843e-01,-7.130678447295001332e-01,-5.262597829802015958e-01,-7.536872626913645457e-01,-7.389660551894995377e-01,-6.781888749671319827e-01,-6.936797030050454449e-01,-7.104703710195079402e-01,-7.226425768419340034e-01,-7.518150488441001089e-01,-7.821961095113090234e-01,-8.136415070379515724e-01,-8.082237683653434868e-01,-8.191120169357833936e-01,-8.305909866901542982e-01,-7.881110942278232168e-01,-7.597593776497453266e-01,-7.563963431195968035e-01,-7.891869706279006635e-01,-7.422252499425758820e-01,-7.996235189874185689e-01,-7.259995852640146463e-01,-7.531076860154015673e-01,-7.920371138806019395e-01,-7.724495626865182096e-01,-8.030614312283742562e-01,-7.262987253500675644e-01,-7.154303974817330936e-01,-7.489887778947542651e-01,-7.536656274321789084e-01,-6.811317801672386318e-01,-6.379679492398242502e-01,-6.613045556327181718e-01,-6.945137966436919497e-01,-6.643227200972194879e-01,-5.895792274223886631e-01
1.413873909668564299e-01,-1.435278334958655366e-01,1.078853598538500463e-01,-1.581428322788075158e-01,2.344317426862711773e-02,-1.106782839475845860e-02,-1.713590111945415828e-01,-3.150084358954768349e-01,-2.288223968617649762e-01,-1.352743380320118871e-01,-2.115194496492356080e-01,-2.544655507041030384e-01,-4.116875765937286213e-01,-2.863245164332334225e-01,-2.847395513484233809e-01,-4.238438087767523732e-01,-3.740317003595569068e-01,-4.066054747001645042e-01,-3.523964578703026040e-01,-5.205769776785653669e-01,-3.488938832795462353e-01,-5.413320520983044837e-01,-5.390056295177667600e-01,-5.837502866687452885e-01,-5.280724120300920310e-01,-6.226220237932380552e-01,-6.379608795444252634e-01,-5.962341789437568540e-01,-5.388296606062598082e-01,-5.453400039395799315e-01,-7.230468206060929326e-01,-6.949481932404694140e-01,-7.114365732263333575e-01,-7.660701179927404958e-01,-5.294308700599972273e-01,-8.256254668268209196e-01,-5.338542557026009217e-01,-7.447272413925343226e-01,-6.660698974700666186e-01,-7.638728247667068150e-01,-6.971922681096074381e-01,-7.175607856788965844e-01,-7.069254422529628323e-01,-7.626170783981849333e-01,-7.297412784867217672e-01,-7.740616944361982110e-01,-7.393489355633414695e-01,-6.739990111064740885e-01,-7.740477164462113979e-01,-5.634671299957525470e-01,-7.949226462000154037e-01,-7.847247216594107622e-01,-6.625563936738286808e-01,-7.783438343860765718e-01,-5.821350372289325614e-01,-7.724548726660934728e-01,-6.599530897773817628e-01,-7.472755624025347876e-01,-7.710849019167059781e-01,-6.782158364167187869e-01,-7.564714065972585333e-01,-7.847047607184917117e-01,-6.404731545165364137e-01,-7.392057562928514569e-01,-7.833073177849469992e-01,-7.195131734239257337e-01,-7.016391185313661794e-01,-6.854253739648409338e-01,-6.756038149780676516e-01,-6.173821946798792037e-01
2.929442446800402389e-02,-3.332030471421123380e-02,-7.761712444753371409e-02,-1.200970069361457643e-01,-5.180829954839749618e-02,-3.756658176090207912e-02,-8.170911030914812523e-02,-2.422408089042871247e-04,-2.269266595090938254e-01,-2.239983579239131217e-01,-1.728644001930765284e-01,-3.413136813846977535e-01,-3.130320947405712539e-01,-3.044998181202432930e-01,-3.358497841909686699e-01,-3.606087914442462350e-01,-3.900123912326225462e-01,-2.750826257768944627e-01,-5.434931435699148494e-01,-4.174442507866406027e-01,-4.124256598033216314e-01,-6.472053691589051416e-01,-2.983973182806339830e-01,-5.657591011311068341e-01,-4.702302829714357646e-01,-5.487719169346276793e-01,-5.812703342141216645e-01,-6.239455909586356652e-01,-5.740235981407886268e-01,-6.605668321321412906e-01,-6.269256740953206286e-01,-5.604712786675959402e-01,-6.195455699882884693e-01,-5.287194424429183526e-01,-7.138894772810743250e-01,-7.112801950729832345e-01,-6.502555436366183050e-01,-6.560699110626877495e-01,-7.122345275123037611e-01,-6.044265505781137859e-01,-6.613374857654468197e-01,-7.817616724346727608e-01,-7.603138579632791050e-01,-7.113529065083212810e-01,-7.064512658712642779e-01,-8.001681551054669050e-01,-7.277612798882879819e-01,-8.248239542670625646e-01,-7.606098311603674000e-01,-7.683724091633329367e-01,-7.840470916055796158e-01,-6.248874365782505214e-01,-7.166213133313672490e-01,-7.017136466303224296e-01,-7.882229431627200134e-01,-8.000320333254692384e-01,-7.503220193668487248e-01,-7.330612334796597906e-01,-7.738998975220143794e-01,-7.868381318871763286e-01,-7.615856654295841688e-01,-6.667185305677195695e-01,-6.888584186333731596e-01,-7.376267919144346985e-01,-7.053884666998301300e-01,-8.174232998198551758e-01,-7.073134818267614587e-01,-7.235855284712804369e-01,-6.614201852425369843e-01,-6.685619749373852283e-01
-1.262925355201927613e-01,-5.563766202366961233e-02,3.815217382465515075e-03,-9.975061010240884873e-02,-7.427221737194932005e-02,-2.039212977202290444e-01,-1.334206288365772652e-01,-2.734816075775375888e-01,-7.831826565953844965e-02,-2.185740445745484595e-01,-3.163450626742667637e-01,-3.007438281484755560e-01,-3.410266043441321226e-01,-2.877390886232565892e-01,-3.931563008004860804e-01,-3.957218017690350975e-01,-3.178013404042839829e-01,-4.142456500166786793e-01,-4.416366638375252007e-01,-4.395754507029270286e-01,-3.552814982702692248e-01,-5.063215387149831992e-01,-4.388923029548923993e-01,-2.995935502933399497e-01,-5.072770535061300601e-01,-5.870597614848603873e-01,-4.610077034337579094e-01,-5.396849446158421548e-01,-6.333092706515406345e-01,-6.471031809271916568e-01,-5.939955592115336858e-01,-5.089104649023743487e-01,-7.207285560659947299e-01,-6.709522480748704165e-01,-6.256828435474883765e-01,-6.353056254294833227e-01,-7.119888363536115428e-01,-6.754990150754565104e-01,-7.478328883543740035e-01,-6.125764250231547914e-01,-6.818034001195983906e-01,-6.239418799477758348e-01,-6.860239512487058544e-01,-6.613942188639608810e-01,-8.031506529529909288e-01,-7.614573882415469619e-01,-7.461113389468085888e-01,-7.665188463926587703e-01,-6.977016047647794927e-01,-7.589055268502076235e-01,-6.844104065925301628e-01,-7.580007998690415638e-01,-7.941101086978049617e-01,-7.083654717642973164e-01,-7.172579625655527424e-01,-6.843980784687637708e-01,-7.467892114318903651e-01,-7.792391402971433623e-01,-7.689402271717701298e-01,-7.366179682993095890e-01,-7.854737522759728252e-01,-7.651246598494486628e-01,-6.375289092905117583e-01,-7.464218628031694669e-01,-6.289878006843862002e-01,-7.467740176512512873e-01,-7.670779385514072679e-01,-7.821659905243500965e-01,-7.316133702623797141e-01,-7.118295676468395783e-01
2.556751120436508151e-02,-4.993798475368059486e-02,1.405676325908570938e-02,-7.604625597914939361e-02,-1.278445995472767271e-01,-1.063148582527648767e-01,-1.759818805430572383e-02,-5.947972538580008350e-02,-3.353396331946839060e-01,-2.360486950610211215e-02,-5.472314944673962317e-02,-2.899640916796639711e-01,-1.474211065543973020e-01,-2.090583350625473680e-01,-1.894846424908954441e-01,-2.689465922013767885e-01,-4.144744386229989308e-01,-3.630783026163632576e-01,-3.882959258802404778e-01,-3.026122263284362623e-01,-3.330046834057545646e-01,-4.406597450008201688e-01,-4.956972225610423166e-01,-5.154326943132495620e-01,-3.772170077359818241e-01,-5.687130380904510396e-01,-4.218691022731416718e-01,-5.568080948437338362e-01,-6.160343573216323643e-01,-4.648409528383903866e-01,-6.390257077534674535e-01,-5.887385939254597966e-01,-6.598080750286061669e-01,-7.332270784540232400e-01,-5.971845542372516968e-01,-6.725818468402292583e-01,-8.161719747539836201e-01,-5.307698132120336476e-01,-6.946048703573503014e-01,-6.499169497344177149e-01,-6.348924462116409817e-01,-6.602780549632562002e-01,-7.008016209732493840e-01,-6.582814459118068173e-01,-7.443612419785127221e-01,-6.732628799156041843e-01,-7.503674280521911433e-01,-7.895534762945737306e-01,-7.416075271221050924e-01,-7.413855749120997762e-01,-7.548820357488235100e-01,-7.226718576393822424e-01,-7.623427811237082352e-01,-7.614404486486530121e-01,-7.209454291193844178e-01,-7.928765084727948942e-01,-7.974361429066585405e-01,-6.955359782831246340e-01,-7.762330628417218881e-01,-7.762302223274261115e-01,-7.947080435584494840e-01,-7.807916415513814767e-01,-6.393953551553974712e-01,-7.077485773389012857e-01,-7.248783909990185181e-01,-7.639346010547316546e-01,-7.429166711513333077e-01,-7.586944829223384312e-01,-7.287895119013921841e-01,-7.302425409746283735e-01
1.161949404504644505e-02,1.775075136243812329e-02,-3.154158414193532212e-02,-3.482965577337394925e-02,-5.533815647808449506e-02,-1.175517807364218903e-01,-5.286816133310032195e-02,-1.987901051013335196e-01,-6.930621304720716025e-02,-3.082895555656601227e-01,-2.445404460595371476e-01,-2.874912129149150841e-01,-3.178780878503250640e-01,-3.005345986860590846e-01,-2.930311439427058517e-01,-3.068061185105652178e-01,-2.150875473187683073e-01,-2.372441989656269845e-01,-3.324344717812802719e-01,-4.117647952724340366e-01,-4.335032930043111743e-01,-5.193275507999105534e-01,-3.476682346810779922e-01,-4.526879370790916068e-01,-4.945108175087333247e-01,-4.752488704177358914e-01,-6.289023582183833616e-01,-3.939790404814275115e-01,-4.655932091300796216e-01,-5.502527096524157946e-01,-5.389058839001317214e-01,-5.750357458280568324e-01,-6.301379444930348406e-01,-6.793947104267493708e-01,-6.402169632588389225e-01,-7.089659085358539503e-01,-6.373513575495221017e-01,-6.632405518275767964e-01,-6.702080422570053653e-01,-6.878448071831069210e-01,-7.672718554646161815e-01,-7.570409111619702536e-01,-6.061470172833042236e-01,-6.918905900213326854e-01,-7.660261945788245930e-01,-7.145547599167538788e-01,-7.812699766849519056e-01,-7.370142775169810090e-01,-7.751702232966573014e-01,-7.432620461024420644e-01,-7.937484852680348757e-01,-7.539663685986975894e-01,-7.586252517748253155e-01,-7.297915795536661365e-01,-7.388330874607078602e-01,-7.064674227740153079e-01,-7.933361096040660865e-01,-8.066835418002603619e-01,-7.188315501163163868e-01,-7.739622647941393208e-01,-7.732651882777831220e-01,-7.209841577784488198e-01,-7.951801592660437956e-01,-6.434942695176542049e-01,-7.518585740752848912e-01,-6.380567663124795397e-01,-6.754471702163840074e-01,-7.802718492402836992e-01,-7.173425267820690010e-01,-7.302452641213682538e-01
9.673267559225871837e-02,-1.392709185711084839e-02,4.498754403926710776e-02,-1.319744334440435540e-01,5.574887532148382896e-02,-1.306544605236859558e-01,-1.865791489154617067e-01,-2.055040921019341826e-01,-1.152545126345082410e-01,-2.313404630801042250e-01,-2.420441910721509438e-01,-3.440165399834861915e-01,-3.668494994660617681e-01,-3.549830648477950157e-01,-2.970617970170309485e-01,-3.068950767252192069e-01,-4.769233112331126012e-01,-4.359703070879008546e-01,-4.008778744556982243e-01,-4.753992879919832770e-01,-3.966779582008585492e-01,-4.429718290319482055e-01,-4.992682647943277874e-01,-4.995137289668095115e-01,-5.418858898580444228e-01,-6.487484853450982136e-01,-4.730914736711333557e-01,-7.233484210942170423e-01,-5.343611584846168494e-01,-5.170798971434972247e-01,-6.017845784208842863e-01,-6.409800801382368185e-01,-6.019146885332510299e-01,-5.770929294800681841e-01,-6.773363217637637934e-01,-7.767104284942247805e-01,-6.173482595098348513e-01,-6.236263773166090818e-01,-6.746945642156149114e-01,-5.122974760660703453e-01,-7.232213164110707915e-01,-7.134408537158464236e-01,-7.215795728102079032e-01,-7.085496560683121059e-01,-6.500009013420413595e-01,-6.735200223545902976e-01,-6.711435232053515332e-01,-6.968202504918610263e-01,-7.473238873973017116e-01,-7.405053303101009066e-01,-6.444058847350947472e-01,-7.800896720381628180e-01,-7.182855139134010081e-01,-8.157212099905054581e-01,-8.003974711015376942e-01,-8.117423104175731652e-01,-7.589512518656225115e-01,-7.584442449304538147e-01,-7.847609290982423547e-01,-7.847903697114397836e-01,-7.513496746393453218e-01,-7.099280938368174310e-01,-6.935436191654246185e-01,-7.854219045019515955e-01,-7.431805741655306274e-01,-7.621921920996845845e-01,-6.536422749291158629e-01,-7.372938016515004911e-01,-7.721841869314106654e-01,-7.395796794088468351e-01
-1.187826890756168291e-01,-8.920404927920187743e-02,1.546266956640212839e-02,-7.564593991367556114e-02,8.639188137603148396e-03,-7.319346740390884898e-02,6.834729816906308375e-02,-8.334905726078147004e-02,-1.676654576994100754e-01,-1.935623522621718606e-01,-8.083491230078319878e-02,-1.906062640928939955e-01,-2.869368580457493101e-01,-3.336907956139755216e-01,-3.389460708442149084e-01,-2.979683623777986123e-01,-5.165715587984365254e-01,-3.972664015591448328e-01,-5.427696013124481134e-01,-4.279997050797936242e-01,-4.585908924684103938e-01,-4.503317608362478186e-01,-4.152140140349286912e-01,-5.500663186885166311e-01,-5.702063386564828473e-01,-2.987711742230699796e-01,-4.904911943402464058e-01,-4.856410794274414466e-01,-5.738657063075250919e-01,-6.154485565843732520e-01,-5.475932938542028561e-01,-4.928674572845503365e-01,-5.871600577531342902e-01,-6.389779879982978583e-01,-6.280405530013228876e-01,-6.472498716780820116e-01,-7.545422150539562445e-01,-7.028192367612101643e-01,-6.831696440810546278e-01,-6.440621151610993467e-01,-7.131049827681923414e-01,-6.754759027908812108e-01,-6.772644339570237371e-01,-6.990799605326024624e-01,-7.484722047366830777e-01,-6.943254255892843396e-01,-7.010303293617152764e-01,-7.620961145359275157e-01,-7.053456985975532501e-01,-7.320868651458173337e-01,-6.468173035507347457e-01,-6.727918570014448374e-01,-7.477013222951401916e-01,-7.676439660612291993e-01,-7.542178376377004501e-01,-7.699268618003235476e-01,-7.714648186693430221e-01,-7.353434822192806974e-01,-5.997070383459617293e-01,-7.001831217152830744e-01,-7.514369558847758812e-01,-7.369461975040045854e-01,-7.775444121168677558e-01,-7.728082856517494159e-01,-7.041058016962430388e-01,-6.795064131852593947e-01,-6.787692211182451141e-01,-7.581612275112300514e-01,-7.775592476459365354e-01,-7.043124163070643151e-01
-4.299162132640875489e-02,-1.811363854916169525e-01,-1.732592862653276056e-02,-1.129367043368015716e-01,-1.620156012639180909e-01,-1.516083457437150117e-01,-2.479199963815265362e-01,5.175332396634989979e-02,-1.875659460381055577e-01,-1.505036948865172697e-01,-3.847731775904443263e-01,-2.256278721717212277e-01,-1.989689312537565313e-01,-3.475681676708671786e-01,-1.902716905961643612e-01,-4.064263745535536265e-01,-1.815552046708980016e-01,-3.277072549536578783e-01,-4.632185165889789458e-01,-2.986593593193621055e-01,-5.431209585620828673e-01,-4.040248152382081570e-01,-4.895361812421019088e-01,-4.933374651713868242e-01,-3.967450309539667375e-01,-4.221805165888776190e-01,-4.359874030727653449e-01,-4.814869185415717179e-01,-6.332400857725287713e-01,-6.043016780905913210e-01,-6.377343071972955135e-01,-5.813389424397996663e-01,-6.421108088980636008e-01,-6.652574636397591279e-01,-6.293359225308018390e-01,-7.857084155581725016e-01,-6.609954756909676155e-01,-5.385315532083423395e-01,-6.399282553898578696e-01,-7.041388328284636788e-01,-6.819173811029713983e-01,-6.854204912965523588e-01,-6.833945585107419340e-01,-6.080765971863427710e-01,-6.015067443567232441e-01,-7.600247289503915260e-01,-7.253244108883246666e-01,-7.302554116904470538e-01,-7.862656987384369911e-01,-7.691596659088403287e-01,-7.731101932997049841e-01,-6.090739034825861653e-01,-6.820653671812338947e-01,-7.552503501630940530e-01,-7.796110186902055483e-01,-6.900767816575967828e-01,-7.727784765318376214e-01,-7.495621617726965225e-01,-7.644501974758023399e-01,-6.516871259832484053e-01,-7.892747644860481637e-01,-7.014944861216211303e-01,-7.147033245057290429e-01,-6.801970267123437219e-01,-7.258827122545776778e-01,-7.388556762620119844e-01,-7.221997801331198064e-01,-6.781026291558005514e-01,-7.792483616365802890e-01,-7.213728157426825272e-01
-8.755990206031022405e-02,-7.863558684591413772e-02,3.996791315479064632e-02,-8.686950816495762895e-02,-1.086205927739200827e-01,-8.723626495684375093e-02,-1.414484639346272332e-01,-2.085425741545722245e-01,-1.813310997964382720e-01,-2.091501507654841829e-01,-2.470039743065436944e-01,-2.757494463716526067e-01,-3.316821376471504323e-01,-2.418498119642589761e-01,-1.989684688441662186e-01,-3.407427035563742601e-01,-2.703719482350008807e-01,-4.070466119710218211e-01,-5.025239503093067439e-01,-2.618862060459100083e-01,-4.578518206190742013e-01,-3.977931354645180551e-01,-4.084259451406076491e-01,-4.161620854387703128e-01,-3.876143208283159280e-01,-5.245236039519159954e-01,-5.373086146625287718e-01,-4.328281990991411643e-01,-5.466741516447201077e-01,-4.856141545098145440e-01,-4.812569258513818560e-01,-5.524724772797370287e-01,-5.481182000699553747e-01,-6.072743379585737733e-01,-6.100739595703899010e-01,-6.696515055019882645e-01,-5.734314151491460843e-01,-5.558614011678459921e-01,-6.819048433066592363e-01,-6.382201834353671277e-01,-6.913018094686730342e-01,-6.994869623937539638e-01,-7.152289539558852605e-01,-7.353892341556516055e-01,-6.731876661241299464e-01,-7.535394790683596078e-01,-7.709766335677189497e-01,-6.618196452910448668e-01,-6.967969056759242275e-01,-6.801909244849639880e-01,-6.977783165545582422e-01,-6.753565581252012340e-01,-6.996450188574822038e-01,-7.103416075700977883e-01,-7.668344447514503504e-01,-8.076702355783712539e-01,-6.973473912556875653e-01,-7.364607661534721128e-01,-7.488236083354198325e-01,-7.494313837820791857e-01,-7.598281543244947978e-01,-7.788133653236142262e-01,-7.862745048702868278e-01,-7.307180298990569867e-01,-7.290210608085746502e-01,-7.483751070609560019e-01,-6.424685023349708812e-01,-7.524686306881478437e-01,-7.192552971835719511e-01,-7.052701049876456407e-01
1.948487101577290048e-01,-6.280087185626409552e-02,1.579463277774734165e-01,9.418261353016764426e-02,-1.021549276729500633e-01,-1.862752224916805477e-01,1.781492131673679050e-02,-1.173632480051835236e-01,-1.823669295948934788e-01,-1.900841968515211700e-01,-1.545033858339381061e-01,-2.122293213944513868e-01,-2.296275994809760246e-01,-1.977776083346208524e-01,-2.210011799381874087e-01,-4.872518331812712433e-01,-4.260865042528177438e-01,-3.080963230064664993e-01,-3.725746510336683803e-01,-3.375725665048796009e-01,-3.926491657887781206e-01,-4.384172562767754133e-01,-3.497515443241078215e-01,-3.025730152042153120e-01,-5.812202785891865675e-01,-5.105618323289520255e-01,-5.564023926837435852e-01,-4.967111570748301563e-01,-6.092718511227798173e-01,-5.909324002892366590e-01,-5.624498077616750802e-01,-5.661439185870967838e-01,-5.145768038642609676e-01,-5.471797904132077450e-01,-6.334599660481458061e-01,-5.402213023190316488e-01,-6.768276762045535300e-01,-6.077912748509632923e-01,-6.387959124769897468e-01,-6.920018540553272146e-01,-6.352576844302572079e-01,-6.212329426249076914e-01,-6.936829558965282860e-01,-7.509351081141210082e-01,-6.884900557910657026e-01,-7.520452385919547122e-01,-7.070580822887445605e-01,-6.829805832528446086e-01,-6.695814211234016877e-01,-7.171732330744818862e-01,-7.432194358122178324e-01,-7.183161293587545515e-01,-7.552183982107213422e-01,-7.380647245117930577e-01,-7.425503325815371314e-01,-6.348859134830642237e-01,-6.993078637067468017e-01,-7.572351546171490755e-01,-7.933842555580038480e-01,-7.353961488035515304e-01,-7.432161636410075101e-01,-7.862019954295013102e-01,-7.942401888573884516e-01,-6.738242802874196968e-01,-7.210445198384582977e-01,-7.773183239337085881e-01,-7.459795008220740931e-01,-6.893170904271717081e-01,-6.807476668405038067e-01,-7.548271161750701452e-01
-7.788245706539588531e-02,-1.658120519926982728e-01,9.849395587821405118e-02,-1.430434281247407180e-01,7.793966166577230570e-02,-1.761761535493978625e-01,-1.783659126585000754e-01,-1.323614545793584119e-01,-2.768486890494225583e-01,-2.677161591001653296e-01,-2.966146301704316035e-01,-1.157471562027932305e-01,-2.112130150948328677e-01,-1.661822596117027151e-01,-3.034367071872940969e-01,-2.298101254947283734e-01,-3.576785431358762701e-01,-3.790425107330878673e-01,-3.522763873012890179e-01,-3.588614091372583914e-01,-3.750099972320722896e-01,-3.485974399096610221e-01,-4.441184082672190447e-01,-4.772395882252887800e-01,-4.948364557803557884e-01,-4.454528774794228041e-01,-3.687269282405342685e-01,-5.019739314639980465e-01,-5.666242125314728817e-01,-5.022586356619321846e-01,-5.557295007678163534e-01,-6.477755138202806462e-01,-5.852514519982975338e-01,-7.121121121491712502e-01,-5.132938449778974288e-01,-5.573998528942653019e-01,-6.494906126109829536e-01,-6.655600554876303088e-01,-6.131519564746213957e-01,-5.697573691495907422e-01,-5.770124049021781998e-01,-7.238456052039651256e-01,-7.374573928796676059e-01,-7.592207828391411839e-01,-7.109578999832062429e-01,-7.404132531527262140e-01,-6.446624757222850777e-01,-6.664359150334445703e-01,-6.550848008286632718e-01,-7.752484628011934165e-01,-6.243641424501908954e-01,-7.497673626241005973e-01,-7.139961762470256046e-01,-7.956963647016009888e-01,-7.399729126651376498e-01,-7.211180000991944672e-01,-7.009976169803426860e-01,-6.837167856920581821e-01,-6.617969285402497404e-01,-7.898324446884948946e-01,-6.993001280320021440e-01,-7.912050911204412396e-01,-7.732429148920314521e-01,-6.778750878885907438e-01,-7.348797368861377244e-01,-6.822823116935838872e-01,-7.813926058707932887e-01,-6.621116446918901000e-01,-7.425798265672595155e-01,-7.805717249394843460e-01
-5.768134898259366650e-02,4.396036665560276724e-02,-2.507076486921395661e-02,-1.185751871154627352e-01,-5.904945223218602268e-02,-2.869460870347366119e-02,-8.201603311031299692e-02,-1.607018876141898811e-01,-1.955436304938981962e-01,-1.950891814481407471e-01,-6.891146445131829390e-02,-3.169258242216495547e-01,-1.942043217548433953e-01,-3.523912688051265008e-01,-2.410483253472098242e-01,-2.598539993134361681e-01,-1.867856501406471026e-01,-2.962991962826753700e-01,-4.607547010839978530e-01,-4.249982470284787150e-01,-4.282669223301511230e-01,-3.153499492062664111e-01,-3.661070021446981015e-01,-5.011928376218884873e-01,-4.825593869732075492e-01,-5.231824824694654152e-01,-4.232452704919324460e-01,-4.953269156732543754e-01,-6.432444915368288330e-01,-6.448807947246564254e-01,-5.287238684614068429e-01,-6.879452389915592381e-01,-5.574471277632812027e-01,-6.229757631435159926e-01,-6.313627858863407605e-01,-5.106944680710703288e-01,-5.741693960727362045e-01,-5.931005092778059984e-01,-6.095323447801784811e-01,-6.485193641599120706e-01,-6.144353089104955812e-01,-6.700983265576512249e-01,-6.888798689123473151e-01,-6.661420097357529935e-01,-7.477040715559827300e-01,-7.418599639097837040e-01,-7.771486613164400037e-01,-7.347449171784293798e-01,-7.043838749661713861e-01,-6.828603590678069546e-01,-6.770292591371056545e-01,-6.171036555096220955e-01,-6.848271595659933819e-01,-6.948987556040220337e-01,-7.275529768973564293e-01,-7.023475408784506380e-01,-7.850062441694234394e-01,-8.214051060031835050e-01,-7.252261500950045736e-01,-7.168222009686945340e-01,-6.835674553609834003e-01,-8.036458338609219210e-01,-7.314228344646244162e-01,-7.656745859134022059e-01,-7.721293505797705015e-01,-7.860344396151597302e-01,-7.761305497686663557e-01,-7.469672493358756604e-01,-7.421322582573687265e-01,-7.838335814063422946e-01
-5.827381737281221025e-02,-8.926721495847983467e-02,-1.510409305881999995e-02,-1.044232237329406066e-01,-2.789354233745287570e-01,-1.969075993255090529e-01,-1.361805360139486942e-01,-9.157307711125010907e-02,-1.206323248405023613e-01,-1.823572301153695285e-01,-3.090770821069044882e-01,-2.669181770364900674e-01,-2.373423235433449185e-01,-3.039705082602511266e-01,-3.775696265273316699e-01,-3.499310498075176024e-01,-2.490890290001070428e-01,-4.227832240276313547e-01,-3.137236356758570932e-01,-2.709964263302888643e-01,-4.023531996378229558e-01,-3.294439067919509578e-01,-4.328043449014210564e-01,-3.382066291866827612e-01,-4.156056465655436627e-01,-4.448377157835724516e-01,-4.794676506764524726e-01,-4.530322408134809242e-01,-4.670939909556825476e-01,-4.777912135446593100e-01,-6.276322497012569723e-01,-5.423838407991466992e-01,-6.130377366291630548e-01,-6.562271814701017281e-01,-4.966017987829201563e-01,-6.382692963786056328e-01,-5.276490713669418353e-01,-7.247073920419019322e-01,-6.900399019005113432e-01,-7.203300383561155318e-01,-6.191747581625094421e-01,-6.677591920232267553e-01,-5.905567201915690179e-01,-7.196952471822516406e-01,-7.052538576943633286e-01,-7.637979742046761000e-01,-7.129929846195001142e-01,-5.972373485256859960e-01,-7.905658918448561501e-01,-7.393114005229197705e-01,-6.824714061790297936e-01,-7.705941071187979441e-01,-7.423222726633174062e-01,-6.628293651028136502e-01,-6.895418811244286017e-01,-6.088474966258552445e-01,-6.881632430501697373e-01,-7.821498357795496625e-01,-7.443700002127692228e-01,-7.270458302882705226e-01,-7.713241819387444131e-01,-7.525395362508806585e-01,-6.989653468153547156e-01,-7.623705252931327614e-01,-6.814486140169517814e-01,-7.642908021814708297e-01,-7.317283869219541881e-01,-7.375646769936389235e-01,-6.722332415490962498e-01,-7.750987404230940125e-01
-6.659070880116761681e-02,-4.202157300797835365e-02,-1.537768879322326532e-01,-2.961535674426354209e-02,-3.872736877654638088e-02,-7.987755458145003040e-02,-1.246463585351190312e-01,-2.081098515255665193e-01,-1.952657582071791464e-01,-8.875556621270876134e-02,-2.448267429532765271e-01,-1.921753541389533970e-01,-2.023840511214795579e-01,-3.562474849553671774e-01,-2.858929388771731528e-01,-3.594114015995116262e-01,-3.210627432866068887e-01,-3.053297796869784420e-01,-3.619442967488142870e-01,-1.827432323994329366e-01,-5.779967265553275224e-01,-2.964281784825347210e-01,-3.607261666388220656e-01,-5.784268685679492261e-01,-3.370588477578498887e-01,-4.829718147817375073e-01,-3.982677486577116399e-01,-5.590252440531612299e-01,-5.536670454662433460e-01,-5.535794017991302329e-01,-4.496913955788023332e-01,-6.312216218895991826e-01,-6.033634584250476829e-01,-4.853311088493171832e-01,-6.060242048990005514e-01,-5.730976376836741659e-01,-4.977884020083466754e-01,-5.320310071870507640e-01,-6.105849980977382518e-01,-7.133788635169846515e-01,-7.113719209097103535e-01,-6.168132160157874244e-01,-7.301622000831201609e-01,-5.898955588264106487e-01,-6.613486374235328924e-01,-6.640504997725173997e-01,-6.841045671823966501e-01,-6.832953245259542063e-01,-7.693552717703192600e-01,-7.131584784404406685e-01,-7.763883840422700633e-01,-7.327684637936894285e-01,-7.635396394076078286e-01,-7.298594334331788280e-01,-7.384211542737618705e-01,-7.220390946192360992e-01,-6.989241415192496421e-01,-7.368424428724587028e-01,-7.542703758725582963e-01,-7.527955279627623897e-01,-7.341662021015419315e-01,-7.568887782602522485e-01,-7.423518105279212076e-01,-7.301465318929378778e-01,-7.610182105476290815e-01,-6.318525447787665117e-01,-5.574174088275479777e-01,-7.547298967032688433e-01,-7.287527747253726984e-01,-8.033328820308106577e-01
-5.235958056215865054e-03,-9.301362279796683563e-02,-1.034108735281617231e-01,-9.833375928393453536e-02,-1.190511083249855273e-01,-1.597790746388462191e-01,-6.971372745041337637e-02,-2.866973687238761337e-01,-1.185614325710766803e-01,-2.009853951030982910e-01,-2.696285804302082645e-01,-1.559211175731146370e-01,-2.154655223900913130e-01,-2.333281851537607199e-01,-3.492223874039175890e-01,-4.225198604991822759e-01,-4.127457433923740759e-01,-2.707468839745420519e-01,-3.859256320559800169e-01,-4.217424034197833072e-01,-3.635030303935927187e-01,-3.613911864196150403e-01,-2.578930922301290174e-01,-3.455376958624180039e-01,-4.617151646969712697e-01,-3.808608240342452045e-01,-4.203272144707873026e-01,-4.343757187781768225e-01,-5.452975486269815431e-01,-4.444137937925666249e-01,-5.346266708545204249e-01,-6.069080856349969855e-01,-5.460121578052958835e-01,-4.847461819484121248e-01,-4.606520191820965837e-01,-5.779177712709950843e-01,-6.071048245787185049e-01,-4.387812434624048796e-01,-5.058383898697810244e-01,-5.964079632660420627e-01,-6.889050543358119505e-01,-6.829319870876011667e-01,-7.639688977851817331e-01,-7.166648765504570751e-01,-6.767485025499766493e-01,-7.058375596630310778e-01,-6.562103973318201833e-01,-7.199806667222589107e-01,-6.429878251278710044e-01,-6.611567768277474277e-01,-6.867181760409150071e-01,-7.356923776612783739e-01,-7.126260239289611276e-01,-6.689419169409751564e-01,-7.618649969980738623e-01,-7.078320808514163565e-01,-5.980774888827858904e-01,-7.689274253960303174e-01,-8.048768064605529293e-01,-7.555058564872302318e-01,-6.839946776664699302e-01,-7.975007279316316255e-01,-7.391801525057751787e-01,-7.686886518011614156e-01,-6.765730108972133339e-01,-7.500435226263497679e-01,-7.345813603225473942e-01,-7.714002906330781340e-01,-7.494727948184363164e-01,-7.994061006040634743e-01
6.646450100190128690e-03,-1.854375831698057142e-01,6.203586613061329302e-02,-1.953436168452933261e-02,-4.722108327961625079e-02,-8.989754682755803084e-02,-1.561182759634197892e-01,-1.861817719902437163e-01,-1.137431247379237509e-01,-4.081899971390479109e-02,-7.346870776259484259e-02,-1.511745316715929766e-01,-1.986975393856719452e-01,-1.297699489388544902e-01,-3.764696315308460606e-01,-2.631566935773911875e-01,-3.618351231508852850e-01,-3.745680500606829444e-01,-4.573917577789561872e-01,-2.645957883069803285e-01,-4.875039780733129158e-01,-2.776933297708741311e-01,-3.425910770906170910e-01,-4.714439614945208912e-01,-4.359087711210370975e-01,-3.014839237641625536e-01,-3.670537072610839391e-01,-6.067632214242834054e-01,-5.451314344245890009e-01,-5.722155390587599921e-01,-5.797277612492137688e-01,-5.516641663687896768e-01,-5.846341692841662274e-01,-5.536452657519015386e-01,-5.594708641562314844e-01,-5.865994691596276844e-01,-5.434791816426606248e-01,-6.129680505580865635e-01,-6.560248448201363436e-01,-6.790142578834630349e-01,-6.746245784641712318e-01,-6.686823021136579781e-01,-7.624869670020488766e-01,-7.437422552184387303e-01,-6.249149912927082218e-01,-7.495915445388542375e-01,-7.400448319048436030e-01,-6.422935040232824466e-01,-7.232371983885809152e-01,-7.026985641529824855e-01,-6.736977419231895414e-01,-7.047033357963905509e-01,-7.682525164885629643e-01,-7.757784339350729530e-01,-6.855385545860455121e-01,-6.419953722356767090e-01,-7.961430116123852097e-01,-7.525626920248308371e-01,-6.961809318170090188e-01,-7.294652698184928008e-01,-8.031663526442994749e-01,-7.301099335767359255e-01,-8.030523479423969935e-01,-7.714657112771231562e-01,-7.082455195881848242e-01,-7.361575511143547690e-01,-6.378655177831173972e-01,-7.719404522834231175e-01,-7.807242286334687975e-01,-7.004399868485343683e-01
-1.263299693146794495e-02,-1.589681658829513941e-02,2.462529782574871852e-03,-1.019033867325333659e-01,2.215384373915204013e-04,-1.957527521770787149e-01,-1.886515309796830964e-01,-1.978144170972875315e-01,-1.029799197756493812e-01,-2.846899098849530602e-02,-2.857106808201942960e-01,-2.017875191342055896e-01,-3.537568450422338695e-01,-1.944571078341202630e-01,-1.889005159181459392e-01,-2.665268866345572585e-01,-2.974552648273792177e-01,-1.334502504498294162e-01,-4.206608822122335223e-01,-2.667756795393788627e-01,-3.181725018191360332e-01,-3.080773651122326595e-01,-3.987644483790636074e-01,-3.718950995297374273e-01,-4.596292904977861693e-01,-4.782710464561306662e-01,-4.166585115173039866e-01,-4.781366597372779803e-01,-4.345909819851362377e-01,-4.146446884440927461e-01,-4.843737383448161737e-01,-5.295458172996361235e-01,-5.718865590041984914e-01,-6.669948465917527880e-01,-5.533855660838813417e-01,-4.977855438987594527e-01,-5.352727399619686688e-01,-6.479310704009013655e-01,-6.171268563174433508e-01,-5.982723889020487018e-01,-6.470921248043294272e-01,-6.935958494842842104e-01,-6.276401567772025292e-01,-6.809305718485276770e-01,-6.870202447920111810e-01,-7.309959806232079194e-01,-6.196997068903317141e-01,-6.074299673477574490e-01,-6.467946476512161924e-01,-7.058773256481043479e-01,-6.514830194946283903e-01,-8.158860257848650210e-01,-7.881970327702987333e-01,-7.071242107341592087e-01,-6.979333201652966334e-01,-6.951060142874577741e-01,-7.048275768668044172e-01,-7.710636687935674694e-01,-7.789934999475748301e-01,-7.582943305153088120e-01,-6.380686050331950687e-01,-7.101388924240893408e-01,-7.438997991792264397e-01,-7.132401868740996242e-01,-7.747652985127738701e-01,-7.942036633514207855e-01,-7.945630981889326705e-01,-7.414378458938528649e-01,-7.316741078590711655e-01,-7.075447101648462134e-01
3.508194233935522238e-02,-1.248888916177766095e-01,-1.245346594643369775e-01,-3.862553543282384871e-02,1.077920368877370721e-01,-2.391482126300062128e-01,-1.872920140009447787e-01,-1.585624334542228842e-01,-1.216049985397308908e-01,-2.271838166604002451e-01,-2.602148325906127324e-01,-2.922540003792210572e-01,-2.217398384360628749e-01,-3.397375629171698885e-01,-2.574372028737622609e-01,-2.614604852814705893e-01,-3.822747675377227150e-01,-2.495304323714623296e-01,-2.848538274578706342e-01,-4.272359828572194762e-01,-4.389433057481488820e-01,-3.222839759520226277e-01,-4.140053442412560125e-01,-4.283186536673363465e-01,-4.915963163534942670e-01,-4.604370342372683944e-01,-4.094899420449635841e-01,-4.835950781457055148e-01,-3.552717484925880242e-01,-4.937447657575416704e-01,-3.070131489072646658e-01,-5.003779080324646245e-01,-4.018234995915273555e-01,-5.321185875915634966e-01,-5.567454973690296738e-01,-5.544743593275979210e-01,-4.357320990032990671e-01,-5.541931533182915537e-01,-5.575682751633143086e-01,-5.829902608560978416e-01,-6.304565671323836273e-01,-5.814355770428377701e-01,-5.695852616098274757e-01,-5.583360575167322093e-01,-6.475047263074331649e-01,-6.770473359123648782e-01,-7.124534121410754928e-01,-7.728227385229909929e-01,-7.351972873360019811e-01,-6.882493160516791608e-01,-7.386447657572353664e-01,-7.164208441472983413e-01,-7.346200028833838047e-01,-7.123567295884656314e-01,-7.031018889433908736e-01,-7.716308010109158566e-01,-5.352466681219275602e-01,-6.912119350564170928e-01,-7.612606000678631135e-01,-7.733529129560311466e-01,-7.762172323478517821e-01,-7.633859396366652339e-01,-7.823629539159960844e-01,-7.570691942834617549e-01,-7.838227213327219056e-01,-6.928706626380695122e-01,-7.642955281222546526e-01,-7.918711146822793312e-01,-7.723668661556810644e-01,-7.118083673224382402e-01
6.252165232884088208e-02,-1.965003076357502154e-02,-5.280033607647782734e-03,2.844907152418641588e-02,-8.291303237419883621e-02,-4.627560807747492511e-02,-9.890192205252783253e-02,-1.082571258407725862e-01,-2.079864656562449288e-01,-1.282399417706589773e-01,-1.426699373202326704e-01,-2.090191762189991809e-01,-2.104806257872476605e-01,-2.185025118421620172e-01,-2.495694292009434101e-01,-3.553815505612278325e-01,-2.548851551979692820e-01,-3.074782556087392038e-01,-3.974976834329492226e-01,-2.889005552600383830e-01,-3.096122576524582004e-01,-3.383560502283144422e-01,-4.552880108801994341e-01,-4.600301973684687851e-01,-4.398830955727858205e-01,-4.580511462327127026e-01,-4.241286693025108634e-01,-4.082620464651345871e-01,-4.396810343589082626e-01,-5.138706424964728514e-01,-3.930783295203493233e-01,-3.764767801049896390e-01,-4.611884101315879558e-01,-4.139540856117316370e-01,-5.230557193823456297e-01,-6.624647496712453565e-01,-6.446825760213485967e-01,-6.290165063086915476e-01,-5.511971048184867161e-01,-5.857626661615389363e-01,-5.348357247667328007e-01,-6.049480958196445934e-01,-6.103434072326746618e-01,-6.321110495207188373e-01,-5.771332384894108936e-01,-6.540673960258369668e-01,-6.196721879620932238e-01,-6.275472639946316766e-01,-5.810306668165409194e-01,-7.850451913119823599e-01,-6.991824108934970861e-01,-7.323947087674832490e-01,-6.812422970787043175e-01,-7.440801341084846143e-01,-6.860401546518162252e-01,-8.023851601338468642e-01,-6.825547911657412481e-01,-7.364534420378113788e-01,-7.245049718656553228e-01,-7.613888877055983162e-01,-7.360549081641646341e-01,-6.931437480713639188e-01,-7.526299921218300160e-01,-8.043332863556457157e-01,-7.149742682598160259e-01,-7.244577821913275040e-01,-6.009034563760551340e-01,-8.103574877231328744e-01,-7.572057473458962962e-01,-7.182279563539875067e-01
3.203872928680517179e-02,-1.510835475080168910e-02,-5.560960192722814305e-02,-1.394381539411629345e-02,6.261142913469550098e-02,-1.250534007187230068e-01,-6.486044846103991568e-02,-1.467897039555316752e-01,-1.809249816379178144e-01,-6.214164561874611220e-02,-1.467748309429495468e-01,-3.586795404524866782e-01,-1.771176788185143958e-01,-1.700443240190873118e-01,-1.260985509934637872e-01,-2.772509389168106853e-01,-3.881371182505343187e-01,-3.547694212756013488e-01,-2.938044172424701395e-01,-3.478425932427144929e-01,-2.106027572230933786e-01,-4.233631475693002133e-01,-4.480587695093300460e-01,-4.165551305313484609e-01,-2.656978630920158735e-01,-4.674633392185730263e-01,-4.229755519646331008e-01,-5.838176539016877165e-01,-4.245575658451735679e-01,-3.821456270919619813e-01,-5.416938314496069218e-01,-4.135908907437540472e-01,-5.776396169099149436e-01,-4.932734344309392949e-01,-6.586883072868514599e-01,-4.879838021087788968e-01,-5.712805378124193867e-01,-5.010892230518398938e-01,-5.793528996724728319e-01,-5.281450509746011823e-01,-5.855987263522167696e-01,-6.116695313344130414e-01,-6.916968182467123638e-01,-7.245900293402741665e-01,-6.863538453530154682e-01,-6.685805153252962763e-01,-6.425797083488158368e-01,-5.793953325183398562e-01,-6.848010220045781526e-01,-7.564013854519439084e-01,-7.697023231148191202e-01,-6.020293236131426529e-01,-6.937551602222229441e-01,-6.950083448104581452e-01,-7.144581364955367997e-01,-7.121154227825114980e-01,-7.535673031991821924e-01,-5.491010648312387721e-01,-6.264435187832680940e-01,-6.972134154857639876e-01,-7.728827340063130213e-01,-7.638280037245634979e-01,-6.792574660069786718e-01,-7.560977101731434225e-01,-8.140990929732130343e-01,-7.893873342269949189e-01,-7.133847827220746174e-01,-7.061406265369394308e-01,-7.441313153877086028e-01,-7.876961894326796054e-01
-9.023340044071724575e-02,3.867844733827723730e-02,-1.229086634045783027e-01,-1.560581797303866869e-01,8.357050788786964113e-03,-9.372762723802591234e-02,-6.829154847510109094e-02,-1.380440707832293057e-01,-1.001494882236804301e-01,-2.625228564713016910e-01,-1.774994284856947213e-01,-1.787166374907361577e-01,-7.839678835349585262e-02,-1.878017504177613428e-01,-1.361545978648199262e-01,-1.519574207098540186e-01,-3.299137838201139927e-01,-2.618738296282144828e-01,-3.107083087680340139e-01,-2.347534008655457471e-01,-3.811210295206313714e-01,-3.186389516834552404e-01,-3.829902244048631887e-01,-4.273521466390801105e-01,-3.926131371840734241e-01,-4.649193795779993366e-01,-3.373522195529379264e-01,-4.379148809066232828e-01,-3.723766024652147011e-01,-3.979299876296041316e-01,-4.559769773364543144e-01,-4.505460052893678902e-01,-5.112196660466435949e-01,-4.731808670126551042e-01,-5.354421459773955894e-01,-5.115628024951152097e-01,-6.335245536421177937e-01,-5.136107019252228456e-01,-5.897415512717735231e-01,-6.589132664433955400e-01,-5.839051520975890863e-01,-6.560593494200136488e-01,-5.427773535641953195e-01,-5.738847760379014451e-01,-6.678492567134920455e-01,-5.308732890029440599e-01,-6.052677250370382955e-01,-5.941011540099345734e-01,-6.357032715050457972e-01,-7.560098614687821295e-01,-7.440054006167643452e-01,-6.299757141507174030e-01,-8.235724571684061024e-01,-7.115391167270761485e-01,-6.934343871904733447e-01,-6.971161347348834303e-01,-7.490421015091884849e-01,-7.123202320790859021e-01,-7.259926229417656973e-01,-6.638435098855235417e-01,-7.758276432076811613e-01,-7.470921871708141593e-01,-7.297407837112467321e-01,-7.307272330787003556e-01,-8.238300803825258090e-01,-7.440052050900300973e-01,-7.762474077388928917e-01,-7.650628277398995314e-01,-7.909904013950767032e-01,-7.222537771168642262e-01
-1.426138820497028781e-01,-8.435595733640437188e-02,-1.618696263350046238e-01,-1.190877192046670974e-01,-1.770540922030876263e-01,-1.470595240025825146e-01,-1.787535163846991002e-02,-5.015555157621811450e-02,-7.940840892728055767e-02,-1.879637869246365556e-01,-2.353466402041172745e-01,-1.789400330994448951e-01,-1.826995528369345367e-01,-1.527229994876594665e-01,-1.236315533418338303e-01,-3.571761913142965095e-01,-4.172526972070007001e-01,-3.474983653800001182e-01,-3.643339608466464319e-01,-3.595080428815619622e-01,-2.999426559230960465e-01,-4.041561150666834745e-01,-4.242676865863603264e-01,-3.612764213702521210e-01,-3.869140835900351516e-01,-4.181095548056269484e-01,-4.240622586126569504e-01,-5.411015215042264126e-01,-4.509201337605677207e-01,-5.581440424874958284e-01,-5.275204397721805494e-01,-5.675962991390010037e-01,-5.133471170081136403e-01,-5.518096368589751055e-01,-6.270377999487093401e-01,-6.801400742699890145e-01,-5.417226073017862298e-01,-6.257198858844345013e-01,-5.350884251577707751e-01,-5.004018933976400740e-01,-5.613165215220410342e-01,-5.399354776499855069e-01,-6.806471758286285478e-01,-6.928206225704667265e-01,-6.177743016360006667e-01,-5.593559176733706728e-01,-6.125095291436611911e-01,-6.013413011653966356e-01,-6.827989294868529457e-01,-5.950976611755025569e-01,-6.541181860713690677e-01,-7.251840423782857092e-01,-7.137218240358638166e-01,-7.566180416307181078e-01,-7.929032044612738250e-01,-6.813209873357510826e-01,-6.795224932948618068e-01,-7.325536673296351164e-01,-7.995687369192441274e-01,-7.111489278769871358e-01,-7.782609566343627883e-01,-6.753703582134062966e-01,-6.723787960563325505e-01,-7.295635279446133215e-01,-7.574140041150340119e-01,-7.816769437499929696e-01,-7.301283087545420436e-01,-7.582280256219235959e-01,-7.424462584303432866e-01,-7.734848468729784710e-01
-1.087719795978554088e-01,-2.680543517914767485e-02,-1.247035009880028272e-01,-1.596597793051569847e-02,-1.527468830747877038e-01,-1.460617675941828786e-01,-2.163594927880296559e-01,-1.946742233796404375e-01,-1.067109530039117432e-01,-1.743399240281898743e-01,-2.511543627074775409e-01,-1.647111781766867622e-01,-1.408475014343591736e-01,-2.291827855104037748e-01,-3.251085949074781212e-01,-3.544050848360137951e-01,-3.280164968470649645e-01,-1.691249976333911165e-01,-2.143899599958342672e-01,-9.618604338974230672e-02,-1.922843318656114464e-01,-4.646305058432602109e-01,-2.939616591921755950e-01,-4.286439374517915790e-01,-3.539540403507082100e-01,-4.370283280117833735e-01,-3.305702782722040878e-01,-5.378001186492320507e-01,-4.774397655988230071e-01,-6.060127774646676402e-01,-3.855868417002811244e-01,-5.532357019126431519e-01,-4.965167109047446958e-01,-4.818142195804779315e-01,-4.405240372844312358e-01,-5.435868105691824548e-01,-5.192162538863488441e-01,-4.780199740176703238e-01,-4.962295317956498808e-01,-5.047187237736765475e-01,-6.266197996531759351e-01,-4.140935695454583954e-01,-6.994629534241292301e-01,-5.620865031058033257e-01,-6.450371687783785779e-01,-6.908322213097104481e-01,-5.976959667147473398e-01,-6.614726993439887792e-01,-6.282619989812758821e-01,-6.187036907330007995e-01,-6.475242880181083516e-01,-7.714842591380168813e-01,-7.701291468877090596e-01,-7.070554591398640065e-01,-5.857951061599984133e-01,-7.582289137586728511e-01,-7.121897359286114559e-01,-7.332002045023939818e-01,-7.885691386377828849e-01,-7.370249685040065613e-01,-7.832667982257829342e-01,-5.837963538538394337e-01,-7.688787347056234012e-01,-7.338487806579815365e-01,-7.587962362886710999e-01,-7.354616659908728149e-01,-7.977455138007880642e-01,-7.114528323998944304e-01,-7.626006519824134466e-01,-7.175038209210207185e-01
3.921482423761813579e-02,1.526554083837439353e-02,-7.943200915972199738e-02,-1.073331746567252887e-01,-1.031364470574375469e-01,-4.385529129093428125e-02,-9.445929637917199750e-02,7.407146067968255199e-02,-2.560106648130460738e-01,-2.700093265358229910e-01,-5.036693202881595277e-02,-2.454377539962286081e-01,-3.106916088344156557e-01,-6.707254818221661252e-02,-1.078995784611622988e-01,-3.311703920071563112e-01,-3.607233995503192903e-01,-3.152682710753962891e-01,-3.334049134045810048e-01,-4.102095420205590370e-01,-3.079496183928271957e-01,-3.475078508398030674e-01,-3.455115523434426072e-01,-4.018547687374874333e-01,-4.212831966373167258e-01,-3.171238250123492031e-01,-3.165227858450208043e-01,-2.883554664911953669e-01,-4.111474473896991055e-01,-5.016780577659303297e-01,-6.101831981998449006e-01,-4.549393450451880705e-01,-5.918028448916345940e-01,-5.497835116713203352e-01,-5.196053598987615540e-01,-5.464453759843054259e-01,-6.077180382973537132e-01,-4.542598262506866713e-01,-5.131927273612941764e-01,-5.502070196485110420e-01,-5.292221312003796418e-01,-6.066291589516430438e-01,-5.799418962060444160e-01,-6.317225204919785231e-01,-6.803100275345325132e-01,-4.379074778038815063e-01,-5.790187287549741768e-01,-5.867707917440889709e-01,-7.253925374334383447e-01,-7.472920423830228254e-01,-6.551411785909554419e-01,-6.803317037148478574e-01,-6.246336007614922137e-01,-6.671122699393978728e-01,-7.871076520282090927e-01,-6.829210902488546120e-01,-7.084891792606957672e-01,-7.171379038407265094e-01,-8.110756422355078765e-01,-7.796210703922396013e-01,-6.489659827310220175e-01,-7.315050562809030099e-01,-6.334996550544248484e-01,-6.765586036216085786e-01,-6.445111747215858111e-01,-7.014948245093176604e-01,-7.038997761929520758e-01,-7.651976344858337775e-01,-6.776841557121299209e-01,-6.790419105128840949e-01
-9.806640110256387155e-02,-1.373612590761379981e-01,-1.176627129537450300e-01,-6.800660102872581325e-02,-7.709775414628218526e-02,-6.359842116234978859e-02,-4.961204582656725953e-02,-8.987118608636998629e-02,-2.277244907038851462e-01,-2.834908289406042892e-01,-2.111404605116094513e-01,-2.037016479043944617e-01,-2.427051671213048267e-01,-2.934246945689606978e-01,-2.265581076599007260e-01,-3.392775418658562914e-01,-2.953137372472099398e-01,-2.820320577631897918e-01,-3.288496680729821042e-01,-2.933302287518479989e-01,-3.101374056778848920e-01,-3.125535417815992201e-01,-2.690868871004140073e-01,-1.698168776276837710e-01,-4.896635015641156441e-01,-3.087635223552055996e-01,-4.083135628198802936e-01,-3.762644444070905037e-01,-4.628739069828960995e-01,-4.465979575918265221e-01,-4.366933492207096257e-01,-3.579976843890200211e-01,-5.275912411946849234e-01,-4.739873858033366028e-01,-5.400871975226991806e-01,-3.982122491344759485e-01,-5.757229959519402085e-01,-4.850299397833958692e-01,-6.168973979469637436e-01,-5.498381584011118317e-01,-6.693013095087768649e-01,-5.303215365952863580e-01,-6.637196337407140767e-01,-5.593228216021951527e-01,-6.012293847450570494e-01,-6.128526770802998902e-01,-7.124151480904630240e-01,-5.702073664977690415e-01,-5.664788934092686024e-01,-6.343117670204345693e-01,-7.166963706878158868e-01,-6.309505798013861355e-01,-6.931380755101108626e-01,-6.438908574126157580e-01,-6.775250241481868274e-01,-6.467371274969848649e-01,-6.741532508847617455e-01,-6.540296242775865965e-01,-7.414082602343803341e-01,-7.702857969849182806e-01,-7.648547836333708938e-01,-7.198207088032855250e-01,-7.611454977755832685e-01,-6.904245058466965679e-01,-6.838614323506324588e-01,-7.409842918204462281e-01,-8.204032325098516987e-01,-7.142841625359902524e-01,-7.696992949313137267e-01,-7.928962228435004755e-01
