2.966154590524599510e-01,1.793078893917889605e-01,4.432685787505645791e-01,6.834365223868772432e-01,2.214441509963962496e-01,4.049224117399663481e-01,6.067394733170383692e-01,-2.930965842341275857e-02,3.801454597014155556e-01,2.967130198286890841e-01,5.660863228877757169e-01,4.676056571196126055e-01,6.844645460667636572e-01,4.892426856671928670e-01,6.831815903350382246e-01,4.083482390515287830e-01,5.581315538757630756e-01,7.443711297014231620e-01,5.604065436846747961e-01,6.080094605573157507e-01,6.327224139110271262e-01,6.578650524067891636e-01,6.911184626518668273e-01,5.692008376313488771e-01,6.228924541637397283e-01,7.403116009527984653e-01,8.150648937848294917e-01,6.552913045603901976e-01,5.967080354814058296e-01,6.562283532531859587e-01,8.063852441032747231e-01,6.414295181527323031e-01,6.300944278340254723e-01,8.196415451899974336e-01,6.602726830061865781e-01,8.083253765690034953e-01,7.765896396365677967e-01,7.336490280864055302e-01,8.074381197747028116e-01,7.918748881796993100e-01,8.147024942900266131e-01,8.141216144926756160e-01,7.471883334184811210e-01,6.907576427376610484e-01,8.148064298306626485e-01,7.882337814871931414e-01,6.498132752452357996e-01,7.809259606007881160e-01,7.403360085077442809e-01,7.687936762141014402e-01,7.563660109923855401e-01,6.415978606186389932e-01,7.505983003476599524e-01,7.755555793807877851e-01,7.742384596119580298e-01,7.847693586113192454e-01,6.044100180999630867e-01,7.376694714532310293e-01,7.581627962162608148e-01,6.010770334795964009e-01,7.502544514427011979e-01,7.270369298796283131e-01,7.957031596167692955e-01,7.814110967927105911e-01,7.517324713115065560e-01,7.117775076184345018e-01,7.735772525699405877e-01,8.196171764441199104e-01,7.624432218913291814e-01,7.744195048681430382e-01
2.332230178386925368e-01,2.156774151440561116e-01,5.085386109947876987e-01,3.124864689019288266e-01,6.966852400680337842e-01,4.828959780950095038e-01,2.750957388718206498e-01,5.338469594078831815e-01,6.491623733443241395e-01,6.229211588332546068e-01,5.059961382736818392e-01,3.924076567829934969e-01,7.622192069237635481e-01,5.233337147499826925e-01,4.967028335367944525e-01,6.563563292213234757e-01,5.181924460728631887e-01,6.526444372685102913e-01,4.617339500059737256e-01,5.740735147605077193e-01,7.063084963960869489e-01,6.497816523139712253e-01,5.308037583919291702e-01,5.858655365635409007e-01,6.980666204063996627e-01,6.853816598153048556e-01,8.176098299369904954e-01,7.731147417289784274e-01,6.405037966576796471e-01,7.366952428474117243e-01,8.180713188828085958e-01,7.341233085414775594e-01,7.297869910445199393e-01,7.397933883399165911e-01,6.542780995630509411e-01,7.404113044957043588e-01,7.947956328233929391e-01,7.355642661990587916e-01,8.120838462000451452e-01,7.558896198371362063e-01,7.246989007927603366e-01,6.198676699981433558e-01,7.594866271440540162e-01,7.256673384806664462e-01,7.578597307809366024e-01,8.102689966384291065e-01,7.686323662786835875e-01,8.176511433692729147e-01,8.159033389382136514e-01,6.976550788613071763e-01,7.643215730858211598e-01,6.730162635810459371e-01,7.750126970086785860e-01,8.173111910762728138e-01,7.429425546315920892e-01,7.176898622351876034e-01,7.725878233134334527e-01,7.756537097222143684e-01,8.122666976075731959e-01,7.662443169198801529e-01,7.121909752388452253e-01,7.409558757979594068e-01,7.718090559353839586e-01,7.812244278125874963e-01,7.659783312750720885e-01,7.402403489101104794e-01,7.259943914830596645e-01,7.203552762748675065e-01,7.739730298214536619e-01,7.323713951595299809e-01
5.193130846336475592e-01,4.044335398140538329e-01,3.752347603233691653e-01,1.889542100153822624e-01,2.992640037653130913e-01,4.533261702222939338e-01,6.119048245696525612e-01,4.991688005571886522e-01,3.941134050357755769e-01,3.670347940938872289e-01,5.747498653873340801e-01,4.709013809393298167e-01,3.910197244215480317e-01,4.926897939189599507e-01,7.225982148732283949e-01,5.363755156866325535e-01,5.258793736840978728e-01,4.680278345861328959e-01,5.093314545212654920e-01,4.851226789895429214e-01,6.306135641973352746e-01,6.978897723494050798e-01,7.607927107011639434e-01,6.837407734799756387e-01,7.016585401633483876e-01,7.330798940769356342e-01,6.520819654569541823e-01,6.530626133202779293e-01,7.236393613936187297e-01,7.691117959091346989e-01,7.793672165124279072e-01,7.506596633869483393e-01,7.620695253899255617e-01,7.991074293225327585e-01,7.358188483717090778e-01,6.486374889378193620e-01,6.649691989902994926e-01,7.254030207819970322e-01,7.883992241348305452e-01,8.044689897535908241e-01,7.826115726296637432e-01,7.651126066540290260e-01,7.220595769846320788e-01,7.643908209644360019e-01,7.158038015189506220e-01,7.272608172318418829e-01,8.074938523091800269e-01,8.037132941817566323e-01,8.067426351205051471e-01,8.007185185427742047e-01,7.624631368320418101e-01,7.740127835549508450e-01,6.028691403222695699e-01,7.941997130911246927e-01,8.183236581515435093e-01,7.846382985634688945e-01,7.881081859298521008e-01,7.685198127854241390e-01,7.600893111787131451e-01,7.750473000532569490e-01,7.680749302609781726e-01,8.093924473033133893e-01,7.484784780980218155e-01,7.742995502783622808e-01,7.787352657142386780e-01,8.100465301620236591e-01,6.416889980540766425e-01,7.355171831548256156e-01,8.154953041935711910e-01,7.448708797577229257e-01
5.587483944969223737e-01,4.504977253260975534e-01,4.338786179351606931e-01,1.706259339225643101e-01,3.188928409985511414e-01,6.876462645141782071e-01,5.473712309933798092e-01,3.517400020467567057e-01,7.151582895000031526e-01,2.625120772628027899e-01,3.811391376843351608e-01,5.076638479943446081e-01,4.819507438033774904e-01,3.520407829745509365e-01,5.648399521008583557e-01,6.416430896487439473e-01,6.636782153594411593e-01,5.658155349240815424e-01,6.097579275225843976e-01,5.205497791323472345e-01,5.981247298948335622e-01,5.845353091770359999e-01,6.555571546429673768e-01,6.407811013371874642e-01,6.798651114043477994e-01,7.070172839613727556e-01,7.753011131046473325e-01,6.878108158851191645e-01,8.061344054324519615e-01,6.792378587002150248e-01,6.794358269553132379e-01,6.705806997009264858e-01,7.529032294044237794e-01,6.221816871850208708e-01,7.641834546097897585e-01,7.562264527640787382e-01,7.802547924776338517e-01,7.952185871367620784e-01,7.614792319602738946e-01,6.875551199054937834e-01,7.447734321711915184e-01,8.153139866776609734e-01,8.000020492220993873e-01,7.099463333580621205e-01,7.829946481865981411e-01,7.735367582610586101e-01,8.177663853515790837e-01,7.236326492447211489e-01,8.076109743095705173e-01,7.533744101440853491e-01,6.483800439755701417e-01,7.687929937734447883e-01,7.827313208563205782e-01,6.947994652745569377e-01,7.669432772414652710e-01,8.038755326435916837e-01,8.077118830935314797e-01,7.754447937966814086e-01,7.465176643917940114e-01,7.359783201426064458e-01,8.089906654039348277e-01,6.276058437105428434e-01,7.527548465459084071e-01,7.789365572214534961e-01,8.135902674297254000e-01,7.701521045936081666e-01,8.170965707956872048e-01,7.837278719552466244e-01,8.025172545762850884e-01,7.297544554362668245e-01
3.220439328357598274e-01,2.745833216787226250e-01,4.986060649501488085e-01,3.055695914303894756e-01,3.483141713968775921e-01,3.827707831101568314e-01,4.511865156575798341e-01,4.077700759380805118e-01,4.179066986542532280e-01,3.966460581757750292e-01,4.720526926306357063e-01,4.822274330555657018e-01,5.454002250627519865e-01,5.531596026152664214e-01,5.654570999672571263e-01,5.414692126507999470e-01,5.482491028455385162e-01,4.522840794267215525e-01,7.783974861255574806e-01,4.841024758457773691e-01,5.655224070646250878e-01,6.959982144009894123e-01,5.377885183913410083e-01,7.515050276070618374e-01,5.315831271245429201e-01,6.510389901945202729e-01,6.682498171719688518e-01,7.885829037702422051e-01,7.022504393302120285e-01,8.142624089519437947e-01,6.704994729837928658e-01,7.394978940595172689e-01,6.935110757344734589e-01,7.766619082975098065e-01,6.816744186103794734e-01,7.639687329569699870e-01,7.425062989399922042e-01,6.650164410711787433e-01,6.992190970664375893e-01,6.995116235074140265e-01,7.385797153949263949e-01,7.641294942514968991e-01,7.278926096398097290e-01,6.828067935297551516e-01,7.736729998143803133e-01,6.696089107477872782e-01,7.349884268880279015e-01,7.453971441637096129e-01,7.752206388552751459e-01,6.752043481958686089e-01,8.048851544972238647e-01,7.388122185617500559e-01,7.689539570175483174e-01,6.980801289627059925e-01,7.640786316758539920e-01,8.102337185613236459e-01,6.489192983628141453e-01,7.640537891477646726e-01,7.232928247711322145e-01,7.387773972175223358e-01,6.887848954437554294e-01,7.366769583377990038e-01,8.146984353734713080e-01,7.784272401991522150e-01,7.029774472009939768e-01,6.907881612533609550e-01,7.437080728882961012e-01,7.798402398941528535e-01,8.108513404366293198e-01,8.064043664567154268e-01
5.084026735597430013e-01,5.333766299493991614e-01,4.291387998535984294e-01,4.108089276369019105e-01,4.393653057641068727e-01,4.152626611488163255e-01,3.373092965826486878e-01,3.382981925906973220e-01,5.728586353004553322e-01,5.109136195707270067e-01,7.287705830007911167e-01,5.433152503769689279e-01,6.659905117765787530e-01,5.042031211600255247e-01,5.779552280356354821e-01,6.341906090200293278e-01,6.217215039594716774e-01,4.633041028625019542e-01,5.142113188874681828e-01,6.835638299255010208e-01,6.090787142920791597e-01,7.103614711728366560e-01,7.073875812134375884e-01,6.458120234360589240e-01,6.616754715882925408e-01,7.195064299422896381e-01,7.976938270304277934e-01,6.997432320314422860e-01,6.904579668225384603e-01,8.012421182909942319e-01,6.657671115056086331e-01,7.158823110537458900e-01,7.529465771274818087e-01,7.433599404315448522e-01,6.494642590587739184e-01,7.055645562907925106e-01,5.902215403982065123e-01,6.683199470586149715e-01,7.303822191383548823e-01,7.736611160650350705e-01,7.488584668232021180e-01,7.777069324737515554e-01,7.018405901410308401e-01,6.894492401978714602e-01,6.754274218594732426e-01,7.972842416380320207e-01,7.337632577741094453e-01,6.047846179754191587e-01,8.012586249696160845e-01,6.934129468948504460e-01,8.073901374258379837e-01,7.780058383082939510e-01,7.242690078210700655e-01,7.707699936578628064e-01,8.007617937299762456e-01,7.207771136720910743e-01,7.327003804083364047e-01,7.746636647417377564e-01,5.888913535234647778e-01,7.220784383124002614e-01,7.589285093341381350e-01,7.829754407181531706e-01,7.691872633593830333e-01,7.265422291879077843e-01,7.771756497901531890e-01,8.114061947176957057e-01,7.442994587943041473e-01,8.002535972658125774e-01,7.043757290292962381e-01,8.050720607347034985e-01
5.716607510830730154e-01,6.150919845520665952e-01,5.319237655889809124e-01,5.370356960917279654e-01,3.805382006245971449e-01,5.326458130318456607e-01,2.683169924742483392e-01,4.511592245121399669e-01,5.151609314857464872e-01,3.142279083239968851e-01,6.311148444137327784e-01,7.495690498008152902e-01,4.747739150221464977e-01,6.457331080282388003e-01,7.241198065884956181e-01,5.517648586973074032e-01,6.123668136372298898e-01,4.178459542175476660e-01,6.076202150579228523e-01,5.852787836490607187e-01,5.731717906567649345e-01,6.693991792407867347e-01,6.972262532934394574e-01,6.649398515889058947e-01,6.475723654546761132e-01,6.119192308439694861e-01,6.468984878321039078e-01,7.494424062885315374e-01,6.119353521141385199e-01,6.923680646151779694e-01,8.109179930193720631e-01,7.466639331829334481e-01,6.423206991780013864e-01,6.796863293911601378e-01,5.861568915444752559e-01,7.379269912060474335e-01,7.152418717914824642e-01,7.930805186016647301e-01,6.584209818967304839e-01,7.940190556640835950e-01,8.083977308672343209e-01,7.021759756823106047e-01,7.239861496028866528e-01,7.481231716091371053e-01,7.561542742210460855e-01,7.409339592403199060e-01,7.753747614760606588e-01,7.241194672083259842e-01,7.723231693653984653e-01,7.160795427769973687e-01,7.979239277625345128e-01,7.938926596481347131e-01,8.086600694432870551e-01,7.234799153169484409e-01,7.933804706309925958e-01,7.847771775124671167e-01,7.811037988640301410e-01,7.827405595454561826e-01,7.688806155412867271e-01,7.897458882624260879e-01,8.154188971137272812e-01,7.198058609788344775e-01,7.339258968550542717e-01,7.977997602730209081e-01,7.238741764872432816e-01,7.761334230711534055e-01,8.042050923881941538e-01,7.814777093492667470e-01,7.059372124241090063e-01,7.389107895189687136e-01
6.003155994133475559e-01,4.750290091502938350e-01,5.120412608503192020e-01,5.130943698046128709e-01,5.225856362739004224e-01,5.374813897945920349e-01,5.409507370573218843e-01,3.215076026314612756e-01,3.867197968352336646e-01,5.467303778019630967e-01,5.194531730831438709e-01,7.471986125914857890e-01,4.828216238562885176e-01,5.677072369952738118e-01,5.798921739197892000e-01,5.622390445868635789e-01,5.318252737281656817e-01,6.820077755602942382e-01,6.521355548113647593e-01,5.310646405997231367e-01,6.148303592297712505e-01,7.065122186778298730e-01,6.195730321888829328e-01,5.956678187556646575e-01,7.746698465966594949e-01,6.833657538602549986e-01,6.711340277768182982e-01,7.128163801441000924e-01,6.131358486649548523e-01,6.546462880503944870e-01,7.305285984973785007e-01,6.883182179209501594e-01,7.173224960317325927e-01,7.369816667975765956e-01,7.458405133215639804e-01,6.636589052922254872e-01,7.658665414956302708e-01,7.506676314999193300e-01,6.897102180420632278e-01,6.969539066240427738e-01,7.704209806009155725e-01,7.810007077885006144e-01,7.146833997275827688e-01,8.253038497490885472e-01,6.930555490510172945e-01,6.401961439937462472e-01,7.603561080358413049e-01,8.277640623338231585e-01,7.611613252221900439e-01,7.583853692798939727e-01,7.411303297712682481e-01,7.383336292429869552e-01,6.917300353840641902e-01,7.807889575688116146e-01,7.786255605489921239e-01,5.781750798056312091e-01,7.414395334585801578e-01,7.205753153932410449e-01,7.666917543502204113e-01,7.344268896537098357e-01,7.429107940239535468e-01,7.759368668202853980e-01,7.246633020736639175e-01,6.870977741516891557e-01,7.968725951309060251e-01,7.176940294312840196e-01,7.474392264162518229e-01,7.190986588913266253e-01,7.487818620160063832e-01,8.304659861683408861e-01
5.444753786741035606e-01,5.560805480886291674e-01,4.804814474502008825e-01,3.682850448793433262e-01,4.958676396126652230e-01,4.229569949320298172e-01,5.408003550439566265e-01,6.087012618031947264e-01,4.696782387900157452e-01,4.523231249345789351e-01,2.865392521985848928e-01,4.220862448206917916e-01,8.278977457145689778e-01,5.832297935714153558e-01,4.248306891001772945e-01,5.086069053835463594e-01,5.635765941842425519e-01,5.778331170098606195e-01,6.503460928648838735e-01,6.346901114626491980e-01,6.904834501278676040e-01,6.665782618838776985e-01,6.386758894753837845e-01,6.006519449385623322e-01,6.698336189510961658e-01,6.543633677781108826e-01,7.149874253396949486e-01,7.642757492202043590e-01,5.840435446868708080e-01,6.447591297155472745e-01,7.547898469590034187e-01,7.229715561230345422e-01,7.031810606180617373e-01,7.675843822975214614e-01,7.947133085723269152e-01,7.023782620706733315e-01,7.708993008779126965e-01,7.296771483337067821e-01,6.812183339247277480e-01,5.969448535971413339e-01,7.633835414834690969e-01,7.075386852281013716e-01,8.013000220274919538e-01,7.704314613970453252e-01,7.500470020208196420e-01,6.859389946518489323e-01,7.363653286623659255e-01,6.066377421145018323e-01,7.736174948441953969e-01,6.819659695725889259e-01,7.896428197526043080e-01,7.598117007486763219e-01,7.668115163915711907e-01,7.218091848909522490e-01,7.656063230802850894e-01,7.652893017297499600e-01,8.239672729955188624e-01,7.746798070865890118e-01,7.013766591949636142e-01,7.707053922301875248e-01,6.798735860828427624e-01,7.289177859742869137e-01,7.901580730496682303e-01,7.295730386027817760e-01,8.082402273412099269e-01,7.362299202671587217e-01,7.221380213262786896e-01,7.386373434162410989e-01,7.636262665017305995e-01,6.807069288909867177e-01
4.534951960972792850e-01,3.803364794963671747e-01,6.083784466678844316e-01,3.452344377278356857e-01,4.903732382000223211e-01,3.536157431069797963e-01,5.531065516768979284e-01,4.679040227476059521e-01,5.452666781059131162e-01,6.071115468413018634e-01,4.053827754435943009e-01,7.078349980808553710e-01,4.733871555480126392e-01,3.655747584926167804e-01,5.811585341288442175e-01,6.382592205449308942e-01,8.325284745944432352e-01,5.693538312194051931e-01,6.186824992730957096e-01,6.208520998791082768e-01,5.451401933268142930e-01,6.180883761771814866e-01,5.745832236896361023e-01,7.018696626593500243e-01,7.388984103188490637e-01,5.460885865647723270e-01,6.573540914283575454e-01,6.756750276994425430e-01,7.974832112973117004e-01,6.293947811938070958e-01,7.073321553781215520e-01,6.979762067812768089e-01,7.154317604612639991e-01,6.668643193811775172e-01,7.325627851661220546e-01,7.430048565799072247e-01,6.377004675890084462e-01,6.505612266962912393e-01,7.512725172815830632e-01,7.442353205445952913e-01,7.365536251496657139e-01,7.598797430464704350e-01,7.838541697032348488e-01,6.688943222139057676e-01,7.127012927271316745e-01,7.100880147694949018e-01,6.997298502202463633e-01,6.499103224710881532e-01,6.485929163160446542e-01,6.523199581318943618e-01,7.295558662808427908e-01,7.483607175893799424e-01,7.546965830251544105e-01,7.413741597189659194e-01,6.161063693543321618e-01,7.302401151891794173e-01,7.137834401046931898e-01,7.018621628718823002e-01,7.211396856532628075e-01,7.594725043304065837e-01,8.050209941032151484e-01,7.082473911292136437e-01,7.302064722967892552e-01,7.234265585846274549e-01,8.018388646328329372e-01,7.813250186575245726e-01,7.247063559662710874e-01,7.256544689446436935e-01,7.294705299658917896e-01,6.862975342182908722e-01
4.113657415582946952e-01,3.370198958474473483e-01,6.188859445556335048e-01,5.044428745468877429e-01,6.080470297582436512e-01,5.502663164726105949e-01,5.318854485222409556e-01,5.665612007515846704e-01,5.505611369752333450e-01,4.731330576180838299e-01,5.628961805823604614e-01,5.105603583457232197e-01,4.299188397568002307e-01,4.167430624258868788e-01,4.139512584151875951e-01,5.461621435299519600e-01,3.893438793288527267e-01,6.384195885340118171e-01,6.107742887903350182e-01,5.243252149539602280e-01,6.636490033590156656e-01,6.969878502609556659e-01,6.214581782738057836e-01,7.349368108558993473e-01,7.040376047080783017e-01,6.935289367270154326e-01,6.723193760227299531e-01,6.729400861540668632e-01,6.580860113149967772e-01,5.907215264888507900e-01,6.455475202919724875e-01,7.239257571827522053e-01,6.671235843568870116e-01,7.664219083950233324e-01,6.586565052620191318e-01,5.727352774874396868e-01,6.910480487742598488e-01,7.179314772958157453e-01,6.446056537424710298e-01,8.050795491694685557e-01,8.093398756661246418e-01,7.325769352059590123e-01,6.742229402764609025e-01,6.653101807793705413e-01,6.740573227206808626e-01,7.127698073395840606e-01,7.183025122521272676e-01,7.260819966237572753e-01,7.467283771285664340e-01,7.723265899063176398e-01,6.429008794421068318e-01,7.095480066509581851e-01,7.545574971815510734e-01,6.925498637862824713e-01,6.537496287716008103e-01,8.172662053048441733e-01,7.776524566992344401e-01,7.654832111116269822e-01,7.726149034138459770e-01,7.076956812864599877e-01,7.496232181854238785e-01,7.826075691056334493e-01,7.565170418158615462e-01,7.437800094693305386e-01,7.714336181934133840e-01,7.932131684528856974e-01,7.460335487929401488e-01,7.413974800019614841e-01,7.426464980868719978e-01,7.955782993005681147e-01
5.889551054137887043e-01,4.808832904752070037e-01,6.752983248166898322e-01,4.915255493612422644e-01,5.515297047260495633e-01,5.882788006909053236e-01,6.569339791587174293e-01,4.945404848343631921e-01,5.399695109476582155e-01,4.801142871573768622e-01,4.509116323794282177e-01,4.982519163083197755e-01,5.329193975105919190e-01,6.247317059908854553e-01,5.050032838374721722e-01,4.411439853194519256e-01,5.903294241994249125e-01,6.947939132939080498e-01,5.437067601964119534e-01,6.177977741508104970e-01,5.988270204628549642e-01,5.626386304908665981e-01,6.211140467160566336e-01,6.929974352224425038e-01,6.506440164564124551e-01,6.644179888492409702e-01,6.364254999341737440e-01,7.386457508654447057e-01,6.583480455958354849e-01,7.731750599366620236e-01,6.001664558514824277e-01,6.770269133196928912e-01,6.887958270752283507e-01,6.756069037850058745e-01,6.442637562040789412e-01,6.771432828242003321e-01,7.351473078518726556e-01,7.213618747316485891e-01,7.814294525451086493e-01,6.475341330179030797e-01,7.283427467881297135e-01,6.720968870304868670e-01,7.859224062452736526e-01,6.815728280036924547e-01,5.289153118538351128e-01,7.309787672643661693e-01,7.129961729393765602e-01,6.799796299490570295e-01,7.271180796491020226e-01,7.266462995507372291e-01,8.279051142328934798e-01,7.384727194545901430e-01,7.748509200636791716e-01,7.612083902125514889e-01,8.045104272678582635e-01,7.437816236695931060e-01,7.134953255446803144e-01,6.394815158227623586e-01,7.497639592726462743e-01,7.815169518211437794e-01,7.887459085412410476e-01,7.569669677836612376e-01,7.952495554451906035e-01,7.522660809378168834e-01,7.125726660091749043e-01,6.532017685574356136e-01,7.424205447343514841e-01,6.736929455458562366e-01,7.516208283440762861e-01,7.099346216898573259e-01
6.690863947581155990e-01,6.168747039250543907e-01,6.992735016014908211e-01,6.866378120341162239e-01,5.750367181498293734e-01,4.483854250322276136e-01,6.953349745334606036e-01,5.580187492359236501e-01,5.570906959467945008e-01,4.237121120617368120e-01,4.675606920271148659e-01,5.409216031490741150e-01,5.563581226011720116e-01,6.463942765895583920e-01,5.044404517434007973e-01,4.885725651464971064e-01,4.612826432900900553e-01,4.173196663929610861e-01,5.787032258857974787e-01,5.301625392547858473e-01,4.587479198454672003e-01,8.195431364878942304e-01,5.594500497715549914e-01,4.338005019896699621e-01,5.474780501159024482e-01,6.963537304165776654e-01,5.160009275431971520e-01,6.035869599731419344e-01,5.598242131815572842e-01,5.984573590518531550e-01,6.718347770404836661e-01,6.789921272404146890e-01,7.119351307877701540e-01,7.354016402777584505e-01,6.956230921110624354e-01,6.856641010657600344e-01,7.276362125874946685e-01,6.993764871604627453e-01,7.205893843432914503e-01,8.143092506186245805e-01,7.226323185140954841e-01,7.198205578976922814e-01,7.750403010820986482e-01,6.600988535495669884e-01,7.064007783827205289e-01,6.833603209360882280e-01,7.871549266253220489e-01,7.799730575436003566e-01,6.804483792156258426e-01,7.540484874254421710e-01,7.506273625598804955e-01,7.096407911316814365e-01,8.003368363915993600e-01,7.825295930714000203e-01,6.864655124549007281e-01,6.955144751308226514e-01,7.312692298178214978e-01,7.235787827198681965e-01,7.961652877113966076e-01,7.162935047131321342e-01,7.579495360540474680e-01,7.884291177850546450e-01,6.849436859218228646e-01,7.574180110123280851e-01,7.757641743981650295e-01,8.010222257844936689e-01,7.750696251111508506e-01,7.838340886547160435e-01,7.993674302678533961e-01,7.304517214373678069e-01
3.900399663194623057e-01,4.209088336232795768e-01,4.141766585478056650e-01,3.901951829537584349e-01,5.016478858465738266e-01,3.442178777931065303e-01,5.662387839298040904e-01,4.777652927322503795e-01,4.888423628520418562e-01,3.913316418621383130e-01,4.767551820406948360e-01,6.898012583972206180e-01,4.515003435953305888e-01,5.997808923425986816e-01,5.495593139514191039e-01,5.816218784454190160e-01,5.539289072586737195e-01,6.629891273286430131e-01,5.814174035032652066e-01,7.656260186925470945e-01,4.948412853203558170e-01,6.470466103089577148e-01,5.884328625729453588e-01,6.114503911929095592e-01,5.082546358252914009e-01,6.808618943891959763e-01,5.563229935607084675e-01,4.796128363559438723e-01,6.688717453999616369e-01,6.579082342351033619e-01,6.534411044041467109e-01,7.089719766131865608e-01,7.262700899556152612e-01,6.251017967489200799e-01,6.772815795291218244e-01,6.784252453687238393e-01,7.948714207503461138e-01,7.953660393367326664e-01,7.337244734460471873e-01,7.849516718449509600e-01,7.003385349755578693e-01,6.823983329739701231e-01,6.495862105268913611e-01,8.101330964470337959e-01,7.629083116823268673e-01,6.903949117942971281e-01,7.929363214422067152e-01,6.413905350542719042e-01,6.687670355856391025e-01,7.053029267039724326e-01,6.872711539089768618e-01,7.288020086406056253e-01,7.798429312353449827e-01,7.177032881836197253e-01,7.876803561325592673e-01,5.943315199847031272e-01,7.512573200349267344e-01,7.385526540025354469e-01,7.638092003436139921e-01,7.289861849746503975e-01,7.635668705620594077e-01,6.872454761543208557e-01,7.725483841073345070e-01,7.857426248831483884e-01,6.850120303169269231e-01,7.933409569433220732e-01,7.439184463517879431e-01,7.850962161031957987e-01,7.598888155545908685e-01,7.482132291367268317e-01
3.753971405895992763e-01,6.472363489294301608e-01,6.898106159747811050e-01,5.360076843866597995e-01,4.856834458487594985e-01,6.243230677922874117e-01,5.624410773092497484e-01,6.640832259785335312e-01,4.770851111292063185e-01,6.347309822591812312e-01,6.142836752605659312e-01,4.132460659212371934e-01,5.570380282580450482e-01,4.747238199765165811e-01,4.628648281433999645e-01,4.639728145104927148e-01,3.851572988437922396e-01,4.682591333858649452e-01,4.778238314816798948e-01,5.706968096795648204e-01,5.224644985870824376e-01,6.653489983862623802e-01,6.326569913866736394e-01,7.325637449026740633e-01,5.900521428608800356e-01,7.218940471575869822e-01,6.526578310513470038e-01,6.167172475677495935e-01,6.256240979583360673e-01,6.401927571622334501e-01,5.544429755780247993e-01,6.122343694415217641e-01,5.533625348180263304e-01,6.550064277125841050e-01,6.553733030267064885e-01,6.207051568776580375e-01,6.258881210764798420e-01,7.458459622502228159e-01,6.288200508944339351e-01,7.822721820828669737e-01,7.048589966959162290e-01,6.490479001596154429e-01,6.911898500843920434e-01,7.607762299039414478e-01,6.830287145661220194e-01,7.163339585454183700e-01,7.704441037013829430e-01,7.626885213861390733e-01,7.737819257160836184e-01,7.088801713006446237e-01,6.192307324494286114e-01,7.619557726078388660e-01,6.929952208466441110e-01,7.080695560568902591e-01,6.896781860986298529e-01,7.691469014757572609e-01,6.916675789327519919e-01,6.285790093829807246e-01,6.982947960614132032e-01,7.177861893616094280e-01,7.935523884663060468e-01,8.095869331403093838e-01,7.804575857636802949e-01,7.696623423391086849e-01,7.487983212233967345e-01,7.298477977465588351e-01,6.784115661994307711e-01,6.618885364909924407e-01,7.169801315791413110e-01,6.933463824508295792e-01
4.599715866221401606e-01,5.633933497480503316e-01,6.413082944844943345e-01,6.382998476747637762e-01,5.758156759145746095e-01,7.113624292754940903e-01,4.210975529713044119e-01,5.262385757145859877e-01,4.699744501112726458e-01,5.588840437362295743e-01,5.721751277002755653e-01,5.493910706699093316e-01,5.645397892755743552e-01,5.646591972275804006e-01,5.516605788659092457e-01,5.359217816584531668e-01,4.918666177398235972e-01,6.339497600975744218e-01,6.836354830094858448e-01,5.583192814509062574e-01,6.648521632254752456e-01,4.920044778473628977e-01,9.399423726120315070e-01,5.040294891195322702e-01,6.363624468962288949e-01,4.948401401953725354e-01,7.411325514306538187e-01,6.397156041104102853e-01,5.558049788417254167e-01,6.234372691265496202e-01,6.632572144771577971e-01,5.091845073054135362e-01,8.000305174753647997e-01,6.358842705262446326e-01,6.638285452867421776e-01,7.212731602835262823e-01,6.405445225561123834e-01,6.372517297302275896e-01,6.210215723050133141e-01,6.546675771121738263e-01,5.898407892843430256e-01,6.721830131774501060e-01,7.199427171836026984e-01,7.380856451218620329e-01,6.660364810789538570e-01,7.385212485506919000e-01,6.115644312778425462e-01,6.961024677633490532e-01,6.852895283668690718e-01,7.502279498528372503e-01,7.467803195914129999e-01,6.599878563452753477e-01,6.372860350184493816e-01,7.468993352468223934e-01,7.073338079019684255e-01,6.731455791806565392e-01,7.214909697684325218e-01,6.998814334826432004e-01,7.322433768590637104e-01,7.065876605318273107e-01,7.402872668408354562e-01,7.323032569513300283e-01,7.657665588273563362e-01,7.188899883796157075e-01,6.637777588932020079e-01,7.881938906729966110e-01,7.268504246023118620e-01,7.154568731185371178e-01,7.728556202707653755e-01,6.816575471019756804e-01
4.897961368208507693e-01,7.661858515339672326e-01,4.979677183233682247e-01,5.954956316393951177e-01,7.239087394206368264e-01,5.465743130008765549e-01,5.603484014712015737e-01,5.760513406267296910e-01,6.021405903080206956e-01,3.726354853928446342e-01,4.850017004346692806e-01,6.358194796106909630e-01,6.656435615252899174e-01,7.273717822801971655e-01,5.764453382941341353e-01,6.679300353463600848e-01,6.771694903296322510e-01,5.697074304628256813e-01,5.387473962878407407e-01,4.744228998048410362e-01,6.175970207325477412e-01,4.551001773900903991e-01,4.169490609239039913e-01,4.228179109133827773e-01,5.284843135998893437e-01,6.278610955641724667e-01,5.573166097246122774e-01,6.964312762583897420e-01,6.524727517885235972e-01,5.683665918882581103e-01,6.534783624528185397e-01,6.635703828170875784e-01,6.525055353014577175e-01,6.117755188399550681e-01,6.460189506254658820e-01,7.257308471257779559e-01,6.358519515542899736e-01,7.006643035142168241e-01,6.297252841562233083e-01,6.761341217846150720e-01,5.953950978864631649e-01,6.799084320836836781e-01,6.814306855432448184e-01,6.032090440001987020e-01,7.131510809198066125e-01,6.356493214158549510e-01,6.799756498574126562e-01,8.240058633189207837e-01,7.982883321991994796e-01,7.439080985162233040e-01,7.016839085373950402e-01,6.541744461189432647e-01,6.289545304203233433e-01,6.888330369451517443e-01,7.352481507476493761e-01,7.334778266463769514e-01,7.402619794256549701e-01,7.000143893030478237e-01,6.785824036258937264e-01,6.792775798650951824e-01,6.908653073398579592e-01,8.242914127303175853e-01,7.266427426666852707e-01,7.533684825254242101e-01,7.386785467429441976e-01,7.741918982634066193e-01,7.239479132618185098e-01,6.822355294264591530e-01,7.216401190742453009e-01,6.481639122722839819e-01
6.547728823837181134e-01,5.805925575089764257e-01,6.190356255420641496e-01,5.651201629396127579e-01,6.149375448519019960e-01,5.594078113244999040e-01,6.025523536041986761e-01,5.887330491808084876e-01,4.680774858561609353e-01,5.544682300827784571e-01,6.245520340699272088e-01,5.338393677002238880e-01,5.502088298023279922e-01,6.383933466829103676e-01,5.075161318889180873e-01,6.250294194076897458e-01,7.080730938690409371e-01,6.566326083705459338e-01,5.740199451042139467e-01,6.566563878236443275e-01,6.137754393763134031e-01,5.754101978478244339e-01,5.647454796151738510e-01,3.988363598021542056e-01,3.502414472498819875e-01,6.329627494109408836e-01,6.776378801568677668e-01,4.723833222540400056e-01,6.337698379085018319e-01,5.962780297012409969e-01,6.480989026154666544e-01,4.764255152934419590e-01,5.818368742096233781e-01,5.936905233454191633e-01,6.580249565720688310e-01,6.258033433042338167e-01,6.611890061647915928e-01,5.881882699691514116e-01,6.186010456207687858e-01,5.698276949539718972e-01,6.536103685504036642e-01,6.059839448567297948e-01,5.698579561172325558e-01,7.694809642747925116e-01,7.167214866863761413e-01,6.967481095837991800e-01,7.512504293557850099e-01,7.510436618928123531e-01,6.397636425866652932e-01,7.034031896336389034e-01,5.916996265444367520e-01,7.346173099727975053e-01,7.696638224448543175e-01,7.144417530227805679e-01,7.197500139254676688e-01,6.636716391622466960e-01,6.305998169587190283e-01,6.815814376591102786e-01,7.943368018829939370e-01,6.981337707754867727e-01,6.745533838763942969e-01,6.201487492198178852e-01,7.428797879141550986e-01,7.117255402796025532e-01,7.948079603238810131e-01,6.495578939095553173e-01,7.774674347570998956e-01,7.611172301661388584e-01,6.977666781631746140e-01,7.105477581544920040e-01
6.976189984297460622e-01,6.287100246253169988e-01,7.309217084800123665e-01,4.724694851411612162e-01,5.505796431726870388e-01,4.866063068573326933e-01,5.274416044249574664e-01,6.409495512999280331e-01,5.070846027958735291e-01,5.271453166957446035e-01,6.305434225694521722e-01,6.232642020231851099e-01,6.831448316495667417e-01,6.649611749544516170e-01,5.520298153941357588e-01,6.886607296247190257e-01,5.617720232468641495e-01,5.948811973544064768e-01,6.679841688067333916e-01,5.568332162990536904e-01,5.458839799066212972e-01,4.472359273411576353e-01,6.623023906833950258e-01,4.458486106925860781e-01,5.210349351481332603e-01,4.786566070691486430e-01,9.999597983217198838e-01,4.681865107286327654e-01,6.150240873089826144e-01,7.361703525076669363e-01,5.453908065357212509e-01,7.912310943593947599e-01,6.041645062133136346e-01,5.326402814310270406e-01,6.601718495989837843e-01,5.557352836287222653e-01,5.678663461696568104e-01,6.100128886503383141e-01,6.822207112593617895e-01,6.675902836335659840e-01,7.145651355158980644e-01,6.489940614613772807e-01,6.074384115333111289e-01,6.801970446505191115e-01,6.784713387147162100e-01,5.982676988187158873e-01,7.592659071751880484e-01,4.885257938945887779e-01,6.103636053925743932e-01,5.490599010880781172e-01,7.266866001741687509e-01,6.907698416462551005e-01,7.198159897832080434e-01,6.689556533429321661e-01,7.256115841625333518e-01,6.660480741150210937e-01,7.176968182365845994e-01,6.568998513538719664e-01,6.509785223509919616e-01,7.146906030837780754e-01,5.660987680260929356e-01,7.077302027728377132e-01,6.760903921715242237e-01,7.294029780527895301e-01,6.618601540682004236e-01,7.826973048094909569e-01,7.632845849695829576e-01,6.860771343069238526e-01,7.342621531810652469e-01,7.375508231306310281e-01
5.268012079109504198e-01,4.760767298481912713e-01,5.433856848207750945e-01,5.118492530262033213e-01,6.410550809550784601e-01,6.668120999107093327e-01,5.462719214433788828e-01,5.602633475689365872e-01,6.604287662338428344e-01,5.423242773213884371e-01,6.331633455718415071e-01,5.367128523683769581e-01,5.560638994493720677e-01,6.786331621137194903e-01,6.668551267588703757e-01,5.183986208263122730e-01,6.108223958697908129e-01,6.841298481724756853e-01,5.972265879855156445e-01,5.002675356764340053e-01,5.344595106462615153e-01,6.038054424834942147e-01,4.225994401679007972e-01,4.436804017333495498e-01,5.749794817841620276e-01,4.073202670194199237e-01,4.647811973590956769e-01,5.318779865454268396e-01,5.462030509798474487e-01,5.561667418964526544e-01,6.781488764686208759e-01,5.437914243497199429e-01,7.133227806542774552e-01,5.428618502243629518e-01,6.215277330990321980e-01,5.779096922681726811e-01,5.548526611759216909e-01,6.607732614832213525e-01,6.815379549562229355e-01,6.830452173012260264e-01,5.642042691772908292e-01,6.581702573899236297e-01,6.509977533989023124e-01,6.435071674576725576e-01,6.082379157804151948e-01,6.422037796052897374e-01,6.906078218888720421e-01,6.402898204462619258e-01,7.069540037580008818e-01,6.402130320515304618e-01,7.115845206679948243e-01,6.976658828940804913e-01,6.492378409240034953e-01,7.174541593392501637e-01,7.833916736656565405e-01,8.165212685333587128e-01,7.270997316475278360e-01,7.144024830811781523e-01,6.131464285698895456e-01,6.821222346368475131e-01,7.552023126814169096e-01,6.671981405233738949e-01,7.420226782726296877e-01,6.822625423403624323e-01,7.815208231844006370e-01,7.315046233606300463e-01,6.913294724006993075e-01,6.685837954483254686e-01,6.684353221597221228e-01,7.508459896311659998e-01
6.247191373388479851e-01,6.057657628807030514e-01,5.381876864727830334e-01,6.853850852621362622e-01,4.957823001192614987e-01,6.193259015863245009e-01,5.445457556786662545e-01,5.649030247248938430e-01,7.104761405025940002e-01,6.853102860633019100e-01,7.956583081141191949e-01,6.997447245318059172e-01,5.579049807800144922e-01,7.095543346912199789e-01,7.297019611592674426e-01,5.973505818286539704e-01,6.106134860048205715e-01,7.718125937170401407e-01,5.451365959426662799e-01,7.211783670625512288e-01,7.660752606585605751e-01,5.932088969715338944e-01,6.854047078498621826e-01,5.578061186614422517e-01,5.168601619214786558e-01,5.027860203951656226e-01,4.985835586178996026e-01,4.953003433943953260e-01,5.182443341499461953e-01,8.491191601027223701e-01,4.884912760223650841e-01,5.398732411013705823e-01,6.643193611091962048e-01,5.656717993283213453e-01,6.090502893474085688e-01,5.405729873717082246e-01,6.121054924514576223e-01,6.248016739265395136e-01,6.563550061793103074e-01,7.074846297939757500e-01,6.775534174507449325e-01,6.670208034079880832e-01,6.240374853077553796e-01,6.511580265930640987e-01,6.658762107026447996e-01,6.600256662201571256e-01,6.046697068674206088e-01,5.459092396160276639e-01,6.778416524743161586e-01,7.350688442780179965e-01,6.942486007267303361e-01,6.841565751123636074e-01,7.110042720449777365e-01,6.463507424815747582e-01,7.280114660808963967e-01,6.331075150527265549e-01,6.613457857531028772e-01,7.055220148933265545e-01,6.682640091221271339e-01,7.607467936728883329e-01,7.523511641944663486e-01,6.872189449776521242e-01,6.058426302636249483e-01,7.487226989944574251e-01,7.140767078337616480e-01,6.817161527781543384e-01,7.301948325373159854e-01,6.865273498366237792e-01,7.302702633637566665e-01,7.454554186386076475e-01
7.033244784845622544e-01,6.561271199581905078e-01,5.164809090553431625e-01,5.887349707093098017e-01,7.801633783040051728e-01,8.094753409416716172e-01,5.066693278379529319e-01,5.418849626571107247e-01,7.112499690463006674e-01,5.768999385065046726e-01,5.720838054969202835e-01,5.468022672523307204e-01,6.144751083930362068e-01,5.181417253591747984e-01,5.622816740950631331e-01,6.466290494094929509e-01,7.029957150250467635e-01,6.243151866411881246e-01,7.031888822886177559e-01,6.647109421407815244e-01,5.919815293979738824e-01,6.832791711967203252e-01,5.748507510946061494e-01,5.543341622499097232e-01,6.190056940585274559e-01,5.789374700591681799e-01,5.825982386747043940e-01,6.296690211859891084e-01,5.653797874667950696e-01,5.253027572385705612e-01,5.557604224988065278e-01,5.911212177090363618e-01,7.066297330316712033e-01,4.624231164731896770e-01,5.619368082462038450e-01,7.823667093316292176e-01,7.027309986540873910e-01,6.282330482829381335e-01,4.812918527506924726e-01,5.229330405456321662e-01,6.957654271624807985e-01,6.146633411054198692e-01,5.384950199988579600e-01,6.195694129639487402e-01,4.930057115912067633e-01,5.301595120467180733e-01,5.785911488142561065e-01,7.330647565116716891e-01,6.003351507614802518e-01,6.699145966414790099e-01,3.538328152305120766e-01,6.299543330103164473e-01,6.549056318093922080e-01,7.019301528160247772e-01,7.087328740566053442e-01,6.612806976946209447e-01,6.880318203678705835e-01,7.023571418217137152e-01,7.523689282090706421e-01,6.825189259222674831e-01,5.663795239793221192e-01,6.341904377286653460e-01,5.770809143723897305e-01,7.611174049844611211e-01,6.454582416704988113e-01,7.340415746682736886e-01,6.946615674013728592e-01,7.123795733001921926e-01,6.967020348008740038e-01,6.990444474425647758e-01
6.640971009161719119e-01,5.576467377240680312e-01,7.651543005764498417e-01,5.495277093338172270e-01,7.367508755800876719e-01,5.340826670586504843e-01,6.028055894270824000e-01,6.831477919962123391e-01,6.923556289613420622e-01,6.115214934391663970e-01,5.349397724065295678e-01,5.740670934099368905e-01,6.427716211041344385e-01,6.607014249537730421e-01,7.001548767854293143e-01,6.939992099936727055e-01,7.045736049273181312e-01,6.444868167280015658e-01,6.764996743462704520e-01,7.588989546729424385e-01,5.772429302380774896e-01,4.896764427760705862e-01,6.560025386578408613e-01,5.764112138408116204e-01,6.216423624000833037e-01,5.545486872663669686e-01,5.940160268735871218e-01,5.425087898048973623e-01,3.881988176720515549e-01,5.842818958740203517e-01,4.336471944976656445e-01,5.512670661887527634e-01,9.377803804576000379e-01,4.894116388355383984e-01,6.395037794194143865e-01,5.998158961932779087e-01,5.176289370187676653e-01,4.120575469226810394e-01,7.497879249995346163e-01,6.563613510870858203e-01,5.542354021221671534e-01,6.272290429486244712e-01,6.800406187756533605e-01,5.312137454712526630e-01,5.646214162718046214e-01,6.228591015326973013e-01,5.364951057281341917e-01,5.983613215723696532e-01,6.943253734063729032e-01,6.522282426119307974e-01,7.605514916339936038e-01,6.724495148767662966e-01,7.270330997083586100e-01,6.811706588583198441e-01,6.820880386484403646e-01,7.216616597355649532e-01,6.521401760098402001e-01,6.780752306410970931e-01,6.249159483183340802e-01,7.244209480155492376e-01,6.318323599707516003e-01,6.852991650172222116e-01,6.669168939591103573e-01,7.732125241113273484e-01,6.713541385293205765e-01,7.612156871525489477e-01,6.803022886911357370e-01,6.696163766685629959e-01,7.810545697139169574e-01,7.193345969120233940e-01
5.719293029624380464e-01,7.069530377234483076e-01,6.477346168938277193e-01,6.449323675960108027e-01,7.317073680030294902e-01,6.081822397390929114e-01,6.410863200088350311e-01,6.677101982354403109e-01,6.763353082442731257e-01,7.237108512274006422e-01,7.441186968696994475e-01,7.118421723204221285e-01,6.955306478223707289e-01,6.653583318843768746e-01,6.333985578295827645e-01,7.189110484211617136e-01,6.979975740051832522e-01,7.147345426587982109e-01,6.115774077052525959e-01,6.540648036224777639e-01,6.762128669065964326e-01,6.517758859070383881e-01,5.020825501230062882e-01,5.277648678528156223e-01,6.392519235757566642e-01,5.795922043660585166e-01,5.511684614024180418e-01,5.820238902554547566e-01,4.849025143807960125e-01,4.323802536265097252e-01,6.346999695017555565e-01,4.349047493675053944e-01,6.073942385193595861e-01,8.812948242476257299e-01,4.434620270199104430e-01,6.605951645502650127e-01,5.262992059286752955e-01,5.550144820720779304e-01,7.735419391321255445e-01,8.259759104053018275e-01,6.956402271606677568e-01,5.117090711944020098e-01,5.156994516355967173e-01,5.123320343593743553e-01,6.385068835914082808e-01,7.374426593832210663e-01,6.627096096389296642e-01,7.147944295133700221e-01,6.133615210999124878e-01,6.656558479488171587e-01,6.008715795416917915e-01,6.522709588452808571e-01,7.265384485430554928e-01,6.541032029478714982e-01,6.664549929317383770e-01,5.671909872434069966e-01,6.604231783744659579e-01,6.020945380271468528e-01,5.658834531549808977e-01,6.803344877890975528e-01,6.280066816168969890e-01,7.411244946750126239e-01,7.234416078411679552e-01,7.053084589549797334e-01,7.526869997666907341e-01,7.231921760061779114e-01,7.372680650291048021e-01,6.584862010313135006e-01,7.298857210346497704e-01,7.877551195642866766e-01
8.166984400564895052e-01,6.308765273927491313e-01,6.226154589550051410e-01,7.327024175417088392e-01,7.668641534699673912e-01,7.628288458320235943e-01,5.966069247362212336e-01,7.569321513527654810e-01,6.808861908325131163e-01,6.812741828694801605e-01,6.739290668981822163e-01,5.975418573654646126e-01,6.770949797990951646e-01,7.214859758060616635e-01,5.702527740183946925e-01,6.882024805814642709e-01,6.296883530002186369e-01,6.490578313095436425e-01,7.360598541694673980e-01,5.640660388046702112e-01,6.519718906794260693e-01,6.489669180736566956e-01,6.206372587868768109e-01,5.547474794286166855e-01,6.586260033732418417e-01,6.734864433562534058e-01,6.204826382847059563e-01,6.406869022888793674e-01,5.965657795089831517e-01,6.857546326265300252e-01,6.186477824021733296e-01,6.037082319374709183e-01,5.983957643384212322e-01,6.651364354552501412e-01,3.589176263216370399e-01,6.566696533541691583e-01,3.798535283426646147e-01,6.438937803840768526e-01,4.344777790850659072e-01,6.231362413219307950e-01,4.161373421878283851e-01,7.006005114047881843e-01,6.906509058112149102e-01,4.179241563119149294e-01,6.091784964869653152e-01,5.353918472580401211e-01,5.734938360533310409e-01,6.788851617382728465e-01,5.422941569963032338e-01,5.295005296271839690e-01,6.432608993833637268e-01,7.295730346561130064e-01,6.583994371038364157e-01,6.720905718926639683e-01,5.272299918970785315e-01,6.967493870950695056e-01,5.493954235192017865e-01,6.457839254131980677e-01,6.743077444118856789e-01,6.203524849268996499e-01,6.354481428587284153e-01,6.340508991933078153e-01,7.849621460322629973e-01,6.176966369500165310e-01,7.269921157457300831e-01,6.665218515090541862e-01,6.949715396517437416e-01,6.029700448904116161e-01,6.951213273655706404e-01,5.682865235817078364e-01
6.735082735483821637e-01,7.107554052876126072e-01,6.698294113228147051e-01,5.791385228291811016e-01,7.307574986566958142e-01,6.752904064199649614e-01,6.576558568380810321e-01,7.728700013963049065e-01,7.256156134861665441e-01,7.439019890847107241e-01,7.216845407761915965e-01,6.093581455499565980e-01,6.672258945071383174e-01,5.973181856702878267e-01,6.371325486438232932e-01,6.915971765095133561e-01,7.019497639837241065e-01,7.461902403121443150e-01,6.914032112477195291e-01,6.953712150149180538e-01,6.520662639370606861e-01,7.347164228193958646e-01,7.004729275985160930e-01,6.113010595060095476e-01,6.571726613772387315e-01,5.337436764392919919e-01,6.529636704731398567e-01,5.127048350769205509e-01,5.724093170463916413e-01,5.521976208851193668e-01,6.209280158174838027e-01,5.120476544147219977e-01,6.768350682632802151e-01,5.735527495461686387e-01,5.623557560953656997e-01,4.794778977584321367e-01,5.013648677501895135e-01,3.302108233251080383e-01,5.386094514991008886e-01,7.098932817813733420e-01,3.053094391625660875e-01,3.808324297404347414e-01,5.604737126903456268e-01,6.100546228213560296e-01,5.387075392865899870e-01,6.243051629088308685e-01,7.442777760537671039e-01,4.697412692234737563e-01,5.559264840415009123e-01,6.887194096465159010e-01,5.910179911421344912e-01,5.761660381313932211e-01,5.423897462003630654e-01,5.894703978408858402e-01,5.802689778470225823e-01,6.001030692703914760e-01,5.445399315207645197e-01,6.586528735502364951e-01,6.966373032496115947e-01,7.183143713651596318e-01,5.918784003772216140e-01,5.718765740282798493e-01,7.565660692812755661e-01,6.302222233344233482e-01,6.694639716101720150e-01,7.522137668656170284e-01,6.239303789781929233e-01,6.705857764218753347e-01,6.580710201189734487e-01,7.283769425300357092e-01
6.687145017841817918e-01,6.688563382660653867e-01,7.416016168006083209e-01,6.666953170261187278e-01,6.413578295849602373e-01,6.341479485018459705e-01,6.901126454795776244e-01,7.397145602560289968e-01,7.021410097859900334e-01,6.719189873561153270e-01,6.390896776126865353e-01,7.153865940951560365e-01,7.258467090319011827e-01,6.546103890655393664e-01,7.568056093049254640e-01,6.756584118261721450e-01,7.314970218564209592e-01,7.640380407669936647e-01,5.973260632553899496e-01,7.135392413687345892e-01,6.959478199255804132e-01,7.100510888894283612e-01,6.979628125036089203e-01,7.065331659878163473e-01,5.774464376453670722e-01,6.019355783893741707e-01,6.924663920136970852e-01,5.936502203310278780e-01,6.246744600752861531e-01,3.948971165970090458e-01,4.566739237025334019e-01,5.198443575198944400e-01,5.408022892531078041e-01,5.866241044018225548e-01,5.638998429301474991e-01,5.983123143382613751e-01,5.741355941996976187e-01,4.579716098358216358e-01,7.200670744610842000e-01,6.686060054581730583e-01,4.689225892066611889e-01,6.921332718598885991e-01,6.318035993904795866e-01,6.474163011371498744e-01,6.070260920795510495e-01,5.479353047364966534e-01,6.236421876619490101e-01,6.762354897792134389e-01,5.639218397078189504e-01,6.701962613123535473e-01,5.989889027129311483e-01,6.921081334740887270e-01,6.741414280139412796e-01,6.577805580613448333e-01,6.645211057851349024e-01,6.791354631736351566e-01,5.506368596178876640e-01,6.400083109536325310e-01,7.400808052238461165e-01,7.347079142083715597e-01,5.831173362425505768e-01,6.522900199219440198e-01,6.492241818732941150e-01,7.440694525154879502e-01,7.756364327381258805e-01,6.465413828624482218e-01,6.934366640027103124e-01,7.571683412592576934e-01,7.881955612132157674e-01,6.897180001299120233e-01
7.874413957112643692e-01,7.279639857461197572e-01,6.484499870995037440e-01,7.949601391384127913e-01,7.928508523575046318e-01,7.728276960376260218e-01,7.689950840597429282e-01,8.209519749547024015e-01,8.216260593520864353e-01,5.179960890179196031e-01,5.850005569943236283e-01,7.303647791569428671e-01,6.278112447640595839e-01,7.230853251241532442e-01,7.360190388187963784e-01,6.834061454855141493e-01,7.428420043334978962e-01,6.919541559071560322e-01,7.311929417025690991e-01,7.423276365603024285e-01,7.372648109300037333e-01,6.386367036677174092e-01,6.801175587261011346e-01,6.241321076461020523e-01,6.638792779647033626e-01,6.289561604021371988e-01,6.718558363033501069e-01,5.909919070990028445e-01,5.510404727516269308e-01,5.246659762442292818e-01,5.877116801082489239e-01,5.499435449865360814e-01,6.543627804686894534e-01,5.470454136747324725e-01,6.113075342969785941e-01,5.626277567108122213e-01,4.545462704320099023e-01,5.906126268311555627e-01,3.627859358356195774e-01,8.313599429866828094e-01,5.205165023562777771e-01,6.369362058251277769e-01,3.313569713959483853e-01,5.508425428103813637e-01,6.033892449199719232e-01,6.505395189235783082e-01,8.017615473816834815e-01,5.715795139707734451e-01,4.591521595478135764e-01,6.310651252854488913e-01,6.878130485344912115e-01,5.557127757461922668e-01,6.215955831694255362e-01,6.159058283566809511e-01,5.429525968082621334e-01,6.839075016168867371e-01,6.232606042418337156e-01,5.958920647918274360e-01,5.982778703502690254e-01,5.191244335741426186e-01,6.634691845402180821e-01,6.943142406463399530e-01,6.820796248958049812e-01,6.929817206289465847e-01,7.309191664080766371e-01,7.289426373387113411e-01,6.674493599351936091e-01,6.540636947915740018e-01,7.800606827319941372e-01,6.857926001382617098e-01
7.412075170681313718e-01,6.569001459485753758e-01,7.573293085937279345e-01,7.322323240433452618e-01,6.015310736389999358e-01,7.559767486498896183e-01,7.267064586945497506e-01,7.531027725661683103e-01,6.243581866362423183e-01,7.427618791930103992e-01,7.304970874887819487e-01,6.696151993548298265e-01,7.217586400239446309e-01,7.259030133939291529e-01,7.710721133267369742e-01,6.210863636161889634e-01,6.188307002316381089e-01,7.624501930578709841e-01,6.409499235591891164e-01,5.883304200032883902e-01,7.039100395069030069e-01,6.761413712315208491e-01,7.355857003640325908e-01,6.055678717357594332e-01,5.965747529113100134e-01,4.784186943406216752e-01,5.723124229810792052e-01,6.558007970708275014e-01,6.867518774593354136e-01,5.496128752407991591e-01,5.887093880600055007e-01,5.551251530017538016e-01,5.933833284353130511e-01,5.004264302532764885e-01,4.285841412730934108e-01,4.846725367548732621e-01,3.963383759677935325e-01,4.345472566003883985e-01,5.375363482885082700e-01,5.857561749117460304e-01,3.847336672245408873e-01,6.102765034817968504e-01,6.677140410457705899e-01,6.028086404267790632e-01,5.738830782346524551e-01,4.618601658576919622e-01,6.155502296438734033e-01,8.263304849431133414e-01,5.842651990115279581e-01,5.875369934503620328e-01,6.158193219317716904e-01,4.997925406205950827e-01,6.598406051821809060e-01,6.721380244662324976e-01,5.511570194914184873e-01,5.963031024391173274e-01,4.673838829501347769e-01,5.542256336410993356e-01,5.270705243951326890e-01,5.979317909285659649e-01,6.812829672322021635e-01,6.575937128240428864e-01,7.477558449953290998e-01,7.291858449067072367e-01,7.025863883284296785e-01,7.401556631174178724e-01,6.876557574478494583e-01,6.844700601478977964e-01,6.880564384785927690e-01,7.464924270491074543e-01
6.937299256639678502e-01,7.547065350450762322e-01,6.614681071535617463e-01,8.031275557010419952e-01,6.309813865080232675e-01,8.195857122093392899e-01,7.792172157009800149e-01,7.710829625984827462e-01,6.873801297457750037e-01,6.844356551888565177e-01,6.886391932669185811e-01,6.432484439203247639e-01,7.628505069252609072e-01,6.797042758702178666e-01,6.874276978768268931e-01,7.225355167388349820e-01,6.940250341015345992e-01,7.171362231231409590e-01,7.014453817772287048e-01,6.953871709686029190e-01,6.544972509274037398e-01,6.705171307734193453e-01,5.499361205887163262e-01,6.702098913981916484e-01,7.075142912404497331e-01,6.203427612878833486e-01,5.838453785706076982e-01,6.713408982279726045e-01,6.134526424735536887e-01,5.439773398312507391e-01,6.120032879582600893e-01,6.466837078431317831e-01,6.740708070545385899e-01,5.035715312626545259e-01,6.150002128385136935e-01,5.362955591963375346e-01,5.921687348026005715e-01,6.001930426321121503e-01,5.760757343802080932e-01,5.972281635223294360e-01,4.857912085385376888e-01,5.975617606610856836e-01,8.122278775748712487e-01,3.550414458699121534e-01,5.271451210698937517e-01,5.839763176931277444e-01,4.936511455648194269e-01,6.261678034756575917e-01,6.987176192509332306e-01,5.080469916331725733e-01,5.869072717200679579e-01,7.430364508580246108e-01,5.143988847212640492e-01,6.220747910532521407e-01,5.860410432625265953e-01,5.123228875413947669e-01,6.046148056155914441e-01,5.593177477406636733e-01,6.385819764932391118e-01,6.768937946189294008e-01,5.940081741509398716e-01,6.456322046956212146e-01,6.713692612897277368e-01,5.019356438387874153e-01,6.631624021516735468e-01,6.541311605842636823e-01,6.547051757759957402e-01,6.686346498360554724e-01,5.522836577995730023e-01,6.812848372308722977e-01
8.146014108105207319e-01,7.652370078425740907e-01,6.858891973459372293e-01,7.330718114775056637e-01,6.404982751485616133e-01,7.461251178176941945e-01,7.570762728620795690e-01,7.193943319525811786e-01,7.137468000595000861e-01,7.816787811759756677e-01,6.715265912033306916e-01,7.015768855141729654e-01,7.147259759742973229e-01,6.734342735650324929e-01,6.943995565760281430e-01,7.479342295047748390e-01,7.041971131765050185e-01,7.557934583500016679e-01,7.706186220297116529e-01,7.327183646005692719e-01,7.040681287749704920e-01,6.658151794474236329e-01,6.834451484357211282e-01,6.719952386832919178e-01,6.371369975319378653e-01,7.536358603371072773e-01,7.214560476877368567e-01,6.961529119932137188e-01,7.384325820973691723e-01,6.312812496270800988e-01,5.871640959742022714e-01,7.102709921993711761e-01,5.747924716092815967e-01,5.787105767386836463e-01,6.052065136093900399e-01,4.657794319547451378e-01,5.828739247627673370e-01,5.389857730035386707e-01,5.149932235080527665e-01,5.637610277324291985e-01,4.621024052215524369e-01,4.717826452798273285e-01,5.526294788716624717e-01,6.656155088496841232e-01,5.163199438029175692e-01,5.888790542992917709e-01,7.664469805246163503e-01,5.116403113879083309e-01,5.465057867866147667e-01,5.323893291301051711e-01,6.579815135247210067e-01,8.032543406545143982e-01,6.298030916276871061e-01,5.728235714840423931e-01,6.026007008640021922e-01,6.087042691641780801e-01,5.475107734282552707e-01,6.308632280161358130e-01,6.057964010784814279e-01,5.481229887772587350e-01,5.544087128345662752e-01,6.033478952847524113e-01,6.454679698430877410e-01,6.089912821589227310e-01,6.617253718605069501e-01,6.655636175631159945e-01,6.867785875190701717e-01,7.165521062261639429e-01,5.383032759571374504e-01,7.268627597270990170e-01
6.742683006175805849e-01,7.290331299161071366e-01,8.101477936760930199e-01,6.649393187353347390e-01,7.321117892212910538e-01,7.551786492605381262e-01,7.353662835246825846e-01,7.760604065997382950e-01,7.330042435296012515e-01,7.984072619022916095e-01,6.749210993644225720e-01,6.474748337971047984e-01,5.945117320607690159e-01,7.086228945985769689e-01,7.214514241929492755e-01,7.207435685386034407e-01,5.814431397782364730e-01,7.524208100664606658e-01,6.498626337657515961e-01,7.309029026374864735e-01,6.354858784353234480e-01,6.530959968823445427e-01,6.690615540207375256e-01,7.566781062355321108e-01,7.841406081263638805e-01,6.636482483894339257e-01,6.489468137946309279e-01,4.854906857627563910e-01,5.548849018607554529e-01,6.411287422857504525e-01,6.881796181270309898e-01,6.410019461101917893e-01,5.939950882651333641e-01,5.904467351614683945e-01,6.317305537140767147e-01,6.233620539747379841e-01,5.725153585702267289e-01,4.651518767495276818e-01,6.267297497782867710e-01,5.509028076671900198e-01,5.475950080176865686e-01,6.236268376575192507e-01,5.148029021453768284e-01,5.365446293437629022e-01,2.538269489168086257e-01,7.389449077307557179e-01,7.013074479190427590e-01,4.365586016164969552e-01,5.410010099012775298e-01,5.386529120248975122e-01,5.107765283566606529e-01,6.458118669496794029e-01,6.126662856724287565e-01,4.571085159811582588e-01,6.173100692046061821e-01,4.950448426783964906e-01,6.612837633673082083e-01,7.621314008498930592e-01,5.492833502788471156e-01,5.776343227955800241e-01,5.850811801439446125e-01,5.689459045954791128e-01,6.674956306103383419e-01,7.039438468420217143e-01,6.672935145956565561e-01,6.617014259106938079e-01,7.081777115416870716e-01,6.082199733700632827e-01,6.480929986928798403e-01,7.682651892673243443e-01
6.775099843478233907e-01,8.140273258604281414e-01,5.950568731425076585e-01,6.827583377580669355e-01,7.806034519604183597e-01,8.242001274890020657e-01,6.898651226942553727e-01,7.995424851698389457e-01,7.091017519052786877e-01,7.536043419820629419e-01,7.103394429559177770e-01,7.289492921363240896e-01,7.583893607139701176e-01,6.740055898843386739e-01,6.791626532399263061e-01,7.750866844035931846e-01,7.415875804580440711e-01,7.799722367183328231e-01,7.601177358754834801e-01,6.578287087049006221e-01,7.576951653892010086e-01,6.400111185060309849e-01,6.614156283732509634e-01,7.114098850299116483e-01,6.620599129633458757e-01,5.246028385341853228e-01,5.963217007572979567e-01,7.511474082858238255e-01,6.835272149621743898e-01,6.044104078491313592e-01,7.005293129389374984e-01,5.964355311140004945e-01,6.660928469205293911e-01,6.655262076936090399e-01,5.823946840360816335e-01,5.897134202330579500e-01,5.842089443127306270e-01,5.654437429333948328e-01,6.440876598007743148e-01,6.152566334587741270e-01,3.727761300753461571e-01,6.448926764954702184e-01,7.132234868240796555e-01,5.145600301916927188e-01,4.345708412904819573e-01,5.334653906253208344e-01,7.651728928864629520e-01,6.123628745896614323e-01,6.472872409029085672e-01,4.881878834440310233e-01,5.939803553645653933e-01,4.811188829322793348e-01,6.889964812893430990e-01,6.456868604064534001e-01,7.531427104159656993e-01,5.173494355239046660e-01,4.967651199723571720e-01,5.022930466733861454e-01,6.556588577397046702e-01,5.566096020011629397e-01,5.773662249677423697e-01,5.376715823138511485e-01,6.924668065709408404e-01,6.699182136044926628e-01,5.195173031650708317e-01,6.968836176707520202e-01,5.457750099205284089e-01,7.225499799797316935e-01,6.130882715449439413e-01,5.353495370576892842e-01
8.136015387017745404e-01,7.864768120971645793e-01,8.131694575870412889e-01,8.179728323112125388e-01,6.955145770511548253e-01,8.112205413062313353e-01,7.161739742154775712e-01,7.366572935626803931e-01,6.476336453661448722e-01,7.519395072915187050e-01,7.019898158055541959e-01,7.495430226556913933e-01,7.808550994714250626e-01,6.509300072779075075e-01,7.904668133649284112e-01,7.261001093892354152e-01,7.363628352666307109e-01,6.768227609089653152e-01,6.213327858437908136e-01,7.266867470598676881e-01,7.624678022866790972e-01,7.621699918207515134e-01,7.299558054923852568e-01,5.050117335340181812e-01,7.467820853109701229e-01,5.446681230629564219e-01,6.775402235290994835e-01,7.009722807492146934e-01,7.046243869884328825e-01,6.282541875315534874e-01,6.360247989513788669e-01,6.641505981678564874e-01,7.509683068598196343e-01,7.458955886113514122e-01,6.218427378647256587e-01,7.011691043687720004e-01,4.959262769881883637e-01,7.621649195151157796e-01,6.135463661794549051e-01,5.784855887952807807e-01,5.094663621746570170e-01,5.195711247183730785e-01,4.065482312019704780e-01,5.606860011066622240e-01,5.717127156062152826e-01,4.507476921851544804e-01,4.031481072329640147e-01,5.423470920237235537e-01,5.894983578589035877e-01,5.629087833173102018e-01,6.302686857821068189e-01,5.618593041336457095e-01,6.647963312629323607e-01,5.474464432485581789e-01,8.101250094748421171e-01,4.883499610129446444e-01,7.779202004801517578e-01,5.721555376772933244e-01,6.079689312426055370e-01,6.219101842194783014e-01,6.324697602018718445e-01,6.059080139931959375e-01,7.956720758476284461e-01,7.548845518209065242e-01,6.971266665055738665e-01,6.098196229888805941e-01,6.105818110306643343e-01,6.694695264145936742e-01,6.713971936505099825e-01,5.017410121137713119e-01
7.304997311594501053e-01,7.477024447962193898e-01,7.187164453578253065e-01,7.132738443405813866e-01,6.738837867583005181e-01,7.538466100540273107e-01,6.673127602686175219e-01,6.916054137666401980e-01,7.643762523258870178e-01,6.546235082341288480e-01,7.880239634667797199e-01,7.153557322339122448e-01,7.029405249767584074e-01,8.086997376003797200e-01,7.353835911096558986e-01,7.745458205620575631e-01,6.757294761687470119e-01,8.141791790595307443e-01,6.122863669945388665e-01,7.176707475562018601e-01,7.516690755199580964e-01,5.983055585250212083e-01,6.605847962690877262e-01,7.321809366932222618e-01,7.345598425544425103e-01,6.137937748917481340e-01,8.340921243738910196e-01,7.900831726634673924e-01,6.854954760873980257e-01,6.079302855627181090e-01,6.822632028020475525e-01,5.141011017174716979e-01,5.900797000566803119e-01,6.567636086457521172e-01,5.223910666465709784e-01,6.703348486005094031e-01,6.064142623576018742e-01,5.228973678789327062e-01,5.656233403208409394e-01,6.090776978688293708e-01,4.941045148285015398e-01,5.366147753632257711e-01,7.320005567224299181e-01,5.385691233378917531e-01,6.161866882099411580e-01,5.645083384900099199e-01,5.309560500583336839e-01,5.063558568610921906e-01,4.864375709197401032e-01,9.662227823952689310e-01,5.101349658785493402e-01,6.030690302762765631e-01,5.186172549756034034e-01,5.834694602421325316e-01,6.089681187936162310e-01,4.840144191641829741e-01,5.431603369923053704e-01,7.584138224250173144e-01,6.467272077832253441e-01,5.713465448468747487e-01,5.756940168253350532e-01,5.952478261192317710e-01,6.118880470287254569e-01,5.213162346340627362e-01,5.017531228263064635e-01,5.320700450434032724e-01,6.919103371269683667e-01,5.058218433820982352e-01,6.176122715256044948e-01,6.260257497116824554e-01
7.753160110925105819e-01,7.785521159357193799e-01,7.639845990585788504e-01,7.293560650617891827e-01,7.728528649010848461e-01,7.689467619514152030e-01,7.279770733835402297e-01,7.556171001693712252e-01,5.698188600508564683e-01,6.826236156415723677e-01,8.194494513052995588e-01,6.890289029319943692e-01,6.227741499819041682e-01,6.383473304322235808e-01,7.584548622905052939e-01,7.131879314667896042e-01,7.109657875425429152e-01,7.949925556773328461e-01,6.993850623898351104e-01,7.201894811208118252e-01,6.508439539311682287e-01,7.823022776939658751e-01,7.262063000738170349e-01,7.343156885045784010e-01,6.792489946779413090e-01,6.625372819875092745e-01,6.848579080846869394e-01,5.141498341416987916e-01,6.956789726043836053e-01,6.775836609585373926e-01,6.855680214670253347e-01,5.414153599833838593e-01,6.403304090913759516e-01,6.188883611797583173e-01,7.072545390967580614e-01,5.207715848059204511e-01,6.541416548174538992e-01,5.910190845519698311e-01,4.786755453953542849e-01,5.384682779055250945e-01,4.905520502531359184e-01,6.219765900528204661e-01,5.722279335148656720e-01,5.186875926066736309e-01,6.547060122894792222e-01,5.520651562163157999e-01,6.284286000478724876e-01,4.938568829318332187e-01,4.617659177580623053e-01,4.874619929563085985e-01,9.661293322054881338e-01,7.901333497005308404e-01,4.781850218642076933e-01,4.427427056803466821e-01,6.078827294579099982e-01,5.243257788075076364e-01,5.434663439703305565e-01,5.455553458343146422e-01,6.592547867664880767e-01,7.393165915201810323e-01,5.274945735768021837e-01,6.443778107866481308e-01,7.474249433906984263e-01,6.421118037179011084e-01,5.972285317894007184e-01,6.978006757236469015e-01,6.209797701001702475e-01,6.739639410100346506e-01,6.657947367169153585e-01,6.672432875054623569e-01
7.753638949212375842e-01,8.142989799454078970e-01,7.758119621774002272e-01,6.805194944647596778e-01,7.880453341468730555e-01,7.784286572198163556e-01,7.688558876193696268e-01,7.038201396997545434e-01,7.708147582384045071e-01,6.607968728020676696e-01,7.357484556967062161e-01,7.550951549350819469e-01,8.040982098072645412e-01,7.434040038238204362e-01,8.053175271394329426e-01,7.193419881555958018e-01,7.022523058528420403e-01,6.965543270355138983e-01,6.416480084728098943e-01,7.314965373985574670e-01,7.588224855169083405e-01,6.938889138102247722e-01,6.873942999041637858e-01,7.438860119193183573e-01,6.942225597852377250e-01,7.858532947366937416e-01,6.860894397954203638e-01,7.437646726935772667e-01,5.901707979664357895e-01,6.870632312455952073e-01,5.941447225742083615e-01,6.670306783917259175e-01,6.567630761957116148e-01,7.082884190549854075e-01,6.616744465220923965e-01,6.294077585630710736e-01,6.494693512581466432e-01,5.498517031861441806e-01,6.483127732011582101e-01,5.297869235736206717e-01,5.597413019621811925e-01,5.511529961000143363e-01,5.088648137853002407e-01,6.529939337794899989e-01,5.397929517986059800e-01,5.706752811205443310e-01,5.415808754087690913e-01,6.330266579411755190e-01,5.514889363067727590e-01,4.896768678220763116e-01,5.401888342231803142e-01,4.432993381320426973e-01,9.984905578621710021e-01,6.041126652604388303e-01,6.474042148771148586e-01,6.351312185571575952e-01,4.390308542724531971e-01,5.797695984850520512e-01,6.861313278167902041e-01,6.857265605259337260e-01,7.226698830342594970e-01,8.343786990508209600e-01,5.275452480382096798e-01,6.818204741392089874e-01,6.978245682335330047e-01,5.635605525952648298e-01,5.948594327282012983e-01,7.864484157988042012e-01,6.603720148788444488e-01,6.020959280187961893e-01
7.551741221833083717e-01,6.080197179757679260e-01,7.153051103411500744e-01,6.710651112514552930e-01,5.949787546463490839e-01,8.122337199412216213e-01,7.601802242642211604e-01,7.119743239257609879e-01,7.845672749340782959e-01,7.928095285338494502e-01,7.690803558753332991e-01,7.220587911175666562e-01,6.918064798867266108e-01,7.478200148867170105e-01,7.488481384007431574e-01,7.345149705737772372e-01,7.179281018226577604e-01,7.386344140225845623e-01,7.140447891575738559e-01,7.596404786881583160e-01,6.953411348084512777e-01,7.622075607379101836e-01,6.207563731001569662e-01,7.581468869293284119e-01,6.026245850993690034e-01,7.498640143381186673e-01,6.762625423252599521e-01,7.181916856515566661e-01,6.557819814973956385e-01,7.196218974239219079e-01,7.015387049946930631e-01,6.980926191877160347e-01,6.416969774682895755e-01,6.295965275118097226e-01,7.228001212766547168e-01,6.113373804299256919e-01,6.531657990890343823e-01,6.112094291833006787e-01,7.152524495479627431e-01,4.790581477446301251e-01,5.312286368143454007e-01,4.488619211589319757e-01,6.285795702089103099e-01,6.200895637078488454e-01,5.874928435358998113e-01,3.977836223212055655e-01,4.588923529676551261e-01,4.441558369581709576e-01,5.786836701956427076e-01,6.327958668667460485e-01,7.002440535464645732e-01,5.330244691070425977e-01,5.356114298281803299e-01,5.649308948291473786e-01,6.156687192222747296e-01,7.135189198729281479e-01,6.235396714483658620e-01,4.835281659391801323e-01,5.514496866847674594e-01,5.304984635885006128e-01,6.504787096163967552e-01,7.279601878738337639e-01,6.465250480340694050e-01,6.560992099165475766e-01,5.374190435144100553e-01,6.537378246311493779e-01,5.097612795793954321e-01,7.607829645278830766e-01,4.083361018889176686e-01,6.673832528759525706e-01
7.373753429018795602e-01,7.478694416261970623e-01,8.183205622526209533e-01,7.657611580935844708e-01,6.808466711748709654e-01,7.704345124295931546e-01,7.347059253581880167e-01,8.096871469533102328e-01,7.916507449009422270e-01,7.789100346591353308e-01,7.832556278355498058e-01,6.870796547539488319e-01,7.908200280860121500e-01,6.510136042454246486e-01,8.096059338144621087e-01,7.020504648980392393e-01,8.330019713754107658e-01,7.761046804612828920e-01,7.101335130539526697e-01,6.243309628449247306e-01,7.222885497886746275e-01,7.231602220398888337e-01,7.420711371666496303e-01,5.773211246949284670e-01,7.496465709585909964e-01,6.673266536366780910e-01,5.613467272896277560e-01,6.609378878505322019e-01,6.245447044772046707e-01,6.610801287740949439e-01,7.117710024780653510e-01,7.107907914222568735e-01,6.079562391805872767e-01,6.533849749825270115e-01,5.612673545043143086e-01,6.461726384013741775e-01,5.972263927460694788e-01,6.886304239658518345e-01,5.545272263186371564e-01,7.091258830730000629e-01,6.601359109886587584e-01,6.301997443814777444e-01,6.489372722216105727e-01,6.396790495940412047e-01,5.949298223592951462e-01,5.473074683288587927e-01,6.906209272150805045e-01,4.048495931703479100e-01,5.343065090818316376e-01,6.274656038601571506e-01,5.726831802721825682e-01,6.277177150263049121e-01,5.363330850688901030e-01,7.260034286980159290e-01,4.389421432361207409e-01,8.586950793769189128e-01,6.243596781475587720e-01,5.720631947778253013e-01,7.612844627952298771e-01,5.741792759160354587e-01,5.998049848218830471e-01,5.619775117080447746e-01,4.965048983617766365e-01,7.120520895735455991e-01,8.218899563645778450e-01,6.714718218553508144e-01,6.877915822277986813e-01,6.177510640602539294e-01,6.775078222872411571e-01,5.334770848225748319e-01
7.462132272298139801e-01,6.701099506086780622e-01,7.376590868773720278e-01,7.414187224554839029e-01,7.108584933851015419e-01,7.781963850101280000e-01,8.009159901242360879e-01,8.121858147365956793e-01,7.535869712638195717e-01,6.901811065955596458e-01,8.085774951365249930e-01,6.804256487330848646e-01,7.729010137762907240e-01,7.983145143201444416e-01,8.050248337379959374e-01,8.201628797644061608e-01,7.407200069190396086e-01,7.601543860582867795e-01,7.110882265684153047e-01,7.180596334490801924e-01,7.752133468643336300e-01,6.705134532292381655e-01,6.244426538683448547e-01,7.439275022924271008e-01,7.263650869594779902e-01,7.677737980616523572e-01,6.129598902240029901e-01,6.755057556658793372e-01,6.440083342603757366e-01,6.688151438179913422e-01,6.774675864956373195e-01,7.196988598282653138e-01,6.490038048222779299e-01,6.887119784900185282e-01,5.787661911891421873e-01,6.120825362032672468e-01,7.107692304372290604e-01,6.427876309987360370e-01,5.828527461508130614e-01,6.253502546384973604e-01,7.497222976242882142e-01,6.582153938494211820e-01,5.963320379288731266e-01,5.903576861408055265e-01,6.517589474872793609e-01,5.836341822619359743e-01,6.892931314439153523e-01,5.894186166085270129e-01,5.858304938242065996e-01,6.004434551461534930e-01,4.269327556305987925e-01,4.131131193843049498e-01,5.428577875473536984e-01,5.095365188869106499e-01,4.973249996843017162e-01,4.094706095504671017e-01,8.975577101560573423e-01,8.119709755240406279e-01,6.210179819807244428e-01,7.485519306744391477e-01,8.045015776164763377e-01,5.990572877309900957e-01,5.699387254210420695e-01,6.711242054957582415e-01,5.444901713051835124e-01,7.272800889776896982e-01,8.949019306667523876e-01,5.404068035306294204e-01,6.160897244351011270e-01,5.755203622680357123e-01
7.114000757644080020e-01,8.135602656896355755e-01,7.221235465215550819e-01,7.565918233338104759e-01,8.117554547021131883e-01,6.761116952038351835e-01,8.081635435428947689e-01,7.458387521919795926e-01,7.767798615986465371e-01,7.620817226834843972e-01,7.232849026716439145e-01,7.494369291318676574e-01,7.711517166520115429e-01,7.547796225619112231e-01,6.515895511230167525e-01,7.656164417156916535e-01,7.417593722765986053e-01,6.735017350664914693e-01,6.896623039144216261e-01,6.633481979359678871e-01,7.273616250477732414e-01,6.969865992886838946e-01,7.158288173616677019e-01,6.368025573523342642e-01,7.512590070314716373e-01,6.491139361686772968e-01,7.485930818845303314e-01,6.890370626757651440e-01,6.956836469607626805e-01,7.384384300005962798e-01,7.688000957208432906e-01,7.398046896724462806e-01,5.869250281300839589e-01,6.628330442872406580e-01,6.641048598881224008e-01,6.664301079463648136e-01,6.580607264571960435e-01,6.614083427589695363e-01,7.303940932288686128e-01,6.185910965201936174e-01,6.396164041828760194e-01,4.874417612073089212e-01,5.990759284081316194e-01,5.811119346289237431e-01,5.921320393622507838e-01,5.999232935973134451e-01,6.030285944447122404e-01,4.735509807957359873e-01,4.623507021633298519e-01,5.798340670648146622e-01,5.675752887315533846e-01,5.915513799337360767e-01,4.095371093947751118e-01,5.771126410205013046e-01,6.406992164525725508e-01,4.896580027773876354e-01,7.132671285901749370e-01,9.633979341231323490e-01,6.850337840899904940e-01,6.020027487738085492e-01,5.333834868650654260e-01,4.899018434670908140e-01,5.644933395656750452e-01,6.448887108659635548e-01,4.588661247732531701e-01,5.737590491166443263e-01,7.597106013334918861e-01,6.867993401563335931e-01,7.902757818880280505e-01,6.188376007326961137e-01
8.183705127316740491e-01,7.353759198126936791e-01,7.766046571984629443e-01,8.156096520322246857e-01,8.193887215943701507e-01,7.693146393014614892e-01,7.472904041466480463e-01,7.351376594458670644e-01,7.399189208507195303e-01,7.565741278293078853e-01,8.005913683684316995e-01,7.902816363163267521e-01,7.604328290010825553e-01,7.572322090870876599e-01,7.990906225068200586e-01,7.144529918307157557e-01,6.588733146510994398e-01,7.238987533036862487e-01,7.402730146650530196e-01,6.940995961819458326e-01,7.631516149760252388e-01,5.972941342109077123e-01,6.651791414510357381e-01,6.200882464613735046e-01,6.731454465454421721e-01,6.868379133353568200e-01,6.821179015272071933e-01,8.183164538461838999e-01,7.329069802242443865e-01,7.467528303613771845e-01,6.839139370676767804e-01,6.873408383632984009e-01,7.016473840489267921e-01,6.389110110123075170e-01,5.056940915941778858e-01,6.848081281105281581e-01,6.054963003736782978e-01,5.752101718569438971e-01,6.218032921647176359e-01,6.395547313753637830e-01,6.663582349335436250e-01,6.872010347195453006e-01,6.422973590633678231e-01,5.824318476029756164e-01,6.303397322150973148e-01,6.740965787241051110e-01,6.158834604564469295e-01,6.157213559427989757e-01,4.915787463111386257e-01,6.256205068406732739e-01,4.911217313939984508e-01,5.194802795665727224e-01,5.571238632451964712e-01,5.382512753076001966e-01,4.196807035603135061e-01,5.287877310258123353e-01,6.290791688037858931e-01,4.709751183643758332e-01,4.851212334193186759e-01,8.577987253041486904e-01,5.577030339877893095e-01,4.456929389573119349e-01,5.749837283736554117e-01,7.415160613642046705e-01,5.595430423389403662e-01,7.632819281861148442e-01,2.506168923932760029e-01,5.012796787996897097e-01,7.473661851611684837e-01,7.983426736286746150e-01
7.637230718842360488e-01,7.778844185843168946e-01,7.464106115558942767e-01,7.729750918438947904e-01,6.393035311372350371e-01,7.717051741241948148e-01,6.864693012438326525e-01,7.347872716370731361e-01,7.618735081011910326e-01,8.008608945952517821e-01,6.602205081414036503e-01,7.648918786375964451e-01,7.501626697485228590e-01,7.518919145921502123e-01,8.134892629660008811e-01,7.593320413659289114e-01,6.330126908736847247e-01,6.818029517711070575e-01,6.920861193617798834e-01,7.088739458022714768e-01,7.548612833078482964e-01,6.822623233151789979e-01,7.357937695396707944e-01,7.113651740611246499e-01,6.708572656986393490e-01,6.728619784048225361e-01,7.050065670084486591e-01,7.557034598696923400e-01,7.133388236963100759e-01,5.969000194987137409e-01,7.710493333412299366e-01,7.166695079878153685e-01,6.452695543714048743e-01,6.421144377071876796e-01,6.955690275617401053e-01,6.022881655054667105e-01,6.744817741593418514e-01,6.692696483902509375e-01,6.827888511507523850e-01,6.254183376440800579e-01,6.278667620445612663e-01,6.846197909625996170e-01,6.516995728939377619e-01,7.201938697408400980e-01,5.740417726696314116e-01,5.619916888008932299e-01,5.041285582063390613e-01,7.227139877546885360e-01,5.408043905064052748e-01,7.441842430803283781e-01,5.462234158080968571e-01,5.339100345286661442e-01,4.521106318449869543e-01,4.929839882354388192e-01,5.536150251804149436e-01,5.389949254881584162e-01,4.804837080923105019e-01,4.565502820880900647e-01,7.018852642702704259e-01,5.638543846466943510e-01,5.661347020422661247e-01,6.347479908769725343e-01,4.088500320914635333e-01,6.454168587734242513e-01,4.906500727352340330e-01,6.600382766380443744e-01,6.216899997724762983e-01,5.374280801384838657e-01,6.532984687583857086e-01,6.097580403197071508e-01
7.674343209417137102e-01,7.892985301411649113e-01,7.246377239761970790e-01,7.262681619276026845e-01,7.428007745623682601e-01,7.949053362155044100e-01,6.634300200431785255e-01,8.127353621553633500e-01,7.774703412942517433e-01,7.505591549656612793e-01,7.814469500444716221e-01,7.050638596918265000e-01,7.583006637497631264e-01,6.996899452069212932e-01,8.105907718450097166e-01,7.684720060321865720e-01,8.065124582900720096e-01,7.724364084415827891e-01,7.314034453857051199e-01,7.583582751214793527e-01,7.124509159894379939e-01,7.565731555426380428e-01,7.672464198322845874e-01,7.734582159809352264e-01,8.200888954456160285e-01,7.612875135333327936e-01,6.639279460259203125e-01,6.401781023514635516e-01,6.524967247686106475e-01,8.080664990334305298e-01,6.591020154700781841e-01,6.273907355106442818e-01,7.008764320237382828e-01,6.461967862973114762e-01,7.059873220291345008e-01,5.940026984561868062e-01,6.570494376713998941e-01,6.635082548522103219e-01,5.486824731185772075e-01,7.125954278157647925e-01,6.732899060655928025e-01,5.653455617683660339e-01,6.748912828879405357e-01,6.896393443201899176e-01,7.295972021288752440e-01,4.701329472756862193e-01,5.864888457624282125e-01,6.281002169567708737e-01,6.841965655363028143e-01,5.775494339710813829e-01,6.359350830334328242e-01,5.709397220910638060e-01,5.119681936758418983e-01,4.553504717681668978e-01,5.295218495931066638e-01,5.685917393868320513e-01,6.960767814017061461e-01,5.125174919994753830e-01,5.205843854866329945e-01,4.690887660297988204e-01,5.222611555371864389e-01,5.411860400700994056e-01,7.689845944906225084e-01,6.162594356622942415e-01,5.275529234954489111e-01,4.016100340086422027e-01,6.533343079449356328e-01,5.356391712368178126e-01,5.322344559364633465e-01,7.466789408478847756e-01
7.827165304021741488e-01,7.588187380366486767e-01,7.674718614516570225e-01,7.685245746435066527e-01,6.979856197823498531e-01,8.070624336188293446e-01,7.618420742928930789e-01,7.707761385585091274e-01,7.644589099128001886e-01,7.226582622664550204e-01,7.359693738791481810e-01,7.385237855440316412e-01,6.239548566112511629e-01,7.165707562418405230e-01,8.063366072260821360e-01,6.958890003998877694e-01,7.936379333350037646e-01,6.457004932914965911e-01,6.720162129539823948e-01,6.985753212088939845e-01,7.696274821632206331e-01,8.099542648195352523e-01,6.924056576388036843e-01,7.216722994876360042e-01,7.077623892455229271e-01,6.786920020239687323e-01,6.475610920775792811e-01,7.092765274905658002e-01,6.794422709595527854e-01,7.130099653725459063e-01,7.504417166820748220e-01,5.675106070353432841e-01,6.987517209028927256e-01,7.513625239962687941e-01,6.717535041111306615e-01,6.581896816081946877e-01,7.478750824290819610e-01,6.366532328848557576e-01,6.584991664835830871e-01,6.817723084018755264e-01,6.309984593141678699e-01,6.834878259332872741e-01,6.383156424053135769e-01,6.111881264443618234e-01,5.426611564180200409e-01,5.565984373208338054e-01,6.352436872715301330e-01,6.004507563548021620e-01,5.972598661194757907e-01,5.873070826350444973e-01,5.736246020225623798e-01,5.501675414807410958e-01,6.306897523520020865e-01,5.361651673830720721e-01,5.835037277562652447e-01,5.680919711999297128e-01,5.985901702308087380e-01,5.255441617346260363e-01,6.852806438938033873e-01,7.986754636908125482e-01,4.911143614830723592e-01,3.832996970105657653e-01,6.612351919816837897e-01,5.952910178978182421e-01,6.947406039163667169e-01,4.457933728326706202e-01,7.250326140193285029e-01,5.154801558713254517e-01,5.455414149737981555e-01,7.160801660486453279e-01
7.484179350561103172e-01,8.102133159296864839e-01,7.492319382398687777e-01,6.207499133761196219e-01,7.846067419453947034e-01,7.070764736223890123e-01,6.996810231449724915e-01,7.708311195788960513e-01,7.376370673799317323e-01,7.607658004570304611e-01,6.979064182498873059e-01,6.660097460327487617e-01,7.480935997146110905e-01,8.116403098523200521e-01,7.216968081447469041e-01,7.436604799312901415e-01,6.730922317314963488e-01,6.738702423186010426e-01,7.645217652150846366e-01,7.509964209199886387e-01,7.951689043449811090e-01,7.030870528364735472e-01,6.987092846566246296e-01,7.490593747810696534e-01,7.342094473872526894e-01,7.095242952813017867e-01,7.112290564405344684e-01,6.627363785488885606e-01,7.900113907868487884e-01,7.806975496479900967e-01,6.112581830795357218e-01,7.242736821600826991e-01,5.692803563444346349e-01,7.395526680655400975e-01,7.248947291749289201e-01,6.284014329942951838e-01,5.021320721567709144e-01,5.771524444092824835e-01,6.155945387831447402e-01,7.881026632858317837e-01,6.107996331999493433e-01,6.182819116913224056e-01,6.580225829718499009e-01,6.970093995112635055e-01,6.237510747147249068e-01,5.789092516281066914e-01,7.754814908571451282e-01,6.026560051891552972e-01,6.503808430825647191e-01,5.757277235338530419e-01,5.753518804936433861e-01,5.453724209102257525e-01,6.670856552278924267e-01,5.343755064954589518e-01,5.962564395653767724e-01,5.103507881527136192e-01,4.833428641545607918e-01,6.468674748248349760e-01,6.395158140255136070e-01,4.706195222024599500e-01,4.573657626632196549e-01,5.631631495108148089e-01,4.496578688688893655e-01,4.780035614902719554e-01,8.922227941360307835e-01,7.601497006486794827e-01,4.941816599076683247e-01,7.952742700326678182e-01,4.733005074771981513e-01,4.427530348232950330e-01
7.861515527069553588e-01,7.670623982207392944e-01,7.686918661583829193e-01,7.773163328862222610e-01,7.565236345289216846e-01,8.086808447646514075e-01,8.133727565329269549e-01,7.797065657920022597e-01,7.487482239074964019e-01,8.065029222605689663e-01,7.213567286706766835e-01,6.797474446962222805e-01,7.617292153241176367e-01,6.641046782336396115e-01,5.966713653006868734e-01,7.788264291549087392e-01,7.681173119835670304e-01,7.994195209420150716e-01,7.909554089564618806e-01,7.025743919200663212e-01,7.379001262752470369e-01,7.786535486670566053e-01,7.690922154821236978e-01,7.878366920740168533e-01,6.952583113328928421e-01,6.822516641246644253e-01,6.462998540041112738e-01,7.620095960438632021e-01,7.205230759896301684e-01,7.564957064167944223e-01,5.901337886579428593e-01,7.574990705429097693e-01,6.761624776702760409e-01,7.251588607511344486e-01,7.714847488634645201e-01,5.333498238844621708e-01,7.303525520062124077e-01,6.824511568802648087e-01,8.299645573618293914e-01,6.347265786873336202e-01,7.243108357572997091e-01,7.274962877819909357e-01,5.698964885964858951e-01,6.403457465652191427e-01,6.512669361092594533e-01,5.764597085335333437e-01,6.030672930732831061e-01,6.472595596050264577e-01,6.633427098583447590e-01,6.560054439540971005e-01,5.959296307618286992e-01,4.724912787580707874e-01,5.225226556553121959e-01,5.170188621041125199e-01,5.107907975346505092e-01,6.027322785511095571e-01,5.880224708416825763e-01,4.727355764403277649e-01,5.597262428359214281e-01,5.695632771690702922e-01,4.437240619772758188e-01,5.673836181151765690e-01,5.621673715862315346e-01,5.063543646432207002e-01,4.656065214183786605e-01,5.772776397314735020e-01,9.432320822702953134e-01,3.867161615599445379e-01,5.307110284556262325e-01,5.327312826465396833e-01
7.993325778975773899e-01,7.723218263884096269e-01,7.382461607949962756e-01,7.809483892634425661e-01,7.118341359791295897e-01,7.431761734406836517e-01,7.321395379987944985e-01,7.775562454015795266e-01,7.387486637455945582e-01,7.543506559021250224e-01,7.257470159853733893e-01,6.921059901944096593e-01,6.786469636974371555e-01,7.290839074176179713e-01,7.566411825237380206e-01,8.031868697536431734e-01,7.043387678228509863e-01,8.272610400561990485e-01,7.820471972004416905e-01,7.739934071555512052e-01,7.209126411730113482e-01,7.739327430048928980e-01,7.805714776676954125e-01,7.305705695498685426e-01,7.479196794239274526e-01,6.583992839394243735e-01,7.488617509877484313e-01,8.034572366669617827e-01,6.924980506176180439e-01,8.073272342503193810e-01,7.236781937717835511e-01,6.878033109147267954e-01,7.260505175288279878e-01,6.777180559558497741e-01,6.800843031778344150e-01,7.601387402462322918e-01,7.741936444762043124e-01,7.121175670872949004e-01,6.404580102559513932e-01,7.115974849797510604e-01,7.541178782937545400e-01,6.778599716433577616e-01,5.831735770803536667e-01,7.218345679630910894e-01,6.285566337264566483e-01,5.612283192743873217e-01,6.792230309717677272e-01,6.197151336134297805e-01,5.685996324238152821e-01,5.397983507912061940e-01,6.818796832407869601e-01,5.779737439455890913e-01,6.103636007928154861e-01,5.211346728713249776e-01,6.332089488752479234e-01,5.999018431228999582e-01,6.503833298608586722e-01,6.007188682443861394e-01,4.403830443184558741e-01,6.337928999775166439e-01,7.290962657450054119e-01,5.120469005327613621e-01,6.773138300408000356e-01,4.607182478280710813e-01,4.842824962228979846e-01,6.713774740205008529e-01,3.630632251001140176e-01,9.819020356133746352e-01,6.378777760440864641e-01,5.960068505777836867e-01
7.148561626518353807e-01,7.801876907781574166e-01,7.805032710505711568e-01,7.744651977877665683e-01,7.308756820345022609e-01,7.155279409246825262e-01,7.652176110918098573e-01,7.258003464489772849e-01,7.804487351777770199e-01,7.573778083787260362e-01,7.357430082540404870e-01,7.974848166121977222e-01,7.969299918201481203e-01,7.277756748623495087e-01,7.154872336126565369e-01,6.581541277596723027e-01,7.874954749755894712e-01,8.071341774035514227e-01,7.371680147481569634e-01,7.716939931929874819e-01,7.409855763824761965e-01,7.745754836303022639e-01,7.870750897083460540e-01,7.184752849958110366e-01,7.089566473899703292e-01,6.601234808551180722e-01,7.309896048984628747e-01,7.383662655714862133e-01,6.092021586064174654e-01,7.115218176772215575e-01,7.247550795170331073e-01,7.452882427174327695e-01,6.967958440973701650e-01,6.649756921038814106e-01,7.170343112142965047e-01,6.658922249538068439e-01,5.563753882876137924e-01,6.932609110805149077e-01,7.038650923030133066e-01,6.942382028471334454e-01,6.764920956262622243e-01,7.253218074299939699e-01,6.517773288534134402e-01,5.225785057216250085e-01,5.803365439681023030e-01,4.914933075247581162e-01,7.812689895013065211e-01,6.832978259143567268e-01,6.357191104269689363e-01,5.695818505886015570e-01,7.495834347403262932e-01,6.635077773477682239e-01,6.159124969778451142e-01,4.991475992922333460e-01,6.137753337125650965e-01,5.440309472966569082e-01,6.331945905660695262e-01,4.758710639107591178e-01,6.851152535800745236e-01,5.665550077474390545e-01,6.591668573666709108e-01,6.309928820410912742e-01,5.537298328485532606e-01,4.367767178128715289e-01,4.850083902974417494e-01,4.948937303628294093e-01,5.673634244533818372e-01,5.867812940468694061e-01,4.794622190071379797e-01,9.981371459148912217e-01
8.155970398585355996e-01,7.478083808704748536e-01,7.673486258661490478e-01,7.475977400702542575e-01,7.024175720133057910e-01,7.695099042962918467e-01,8.111962414959221768e-01,7.785527518046527762e-01,7.096783940511294242e-01,6.257248091107834309e-01,7.402383396007633509e-01,7.222432936936018510e-01,6.465912449990340871e-01,7.254010425675513352e-01,6.894774350680104025e-01,7.859996017623410713e-01,7.090168110386468880e-01,7.775070977470694977e-01,7.186292311196953442e-01,7.308492495641633058e-01,7.689211636898113378e-01,7.366237792652601257e-01,7.264314634225722545e-01,8.239827896957608866e-01,7.558757372150536336e-01,7.972588532316476906e-01,8.125941106447689410e-01,7.267016553706792115e-01,7.348600156501409186e-01,7.078338876285061865e-01,7.271177826811026090e-01,7.180952338806296797e-01,7.122523662031468028e-01,7.062600376497789600e-01,7.221406595484990421e-01,6.101811048974694618e-01,7.071466280734485244e-01,7.524542840555350498e-01,7.527922663828324756e-01,6.599867579605070977e-01,7.004394117048401425e-01,6.314452610118367337e-01,6.799097644900152781e-01,6.813672970636225346e-01,6.337336597502878366e-01,7.132336775532178708e-01,6.886078555071698526e-01,6.326558760058187403e-01,5.173096134517447542e-01,6.358098978718463856e-01,6.242648510314527943e-01,5.441329873884199753e-01,5.907382977047143102e-01,6.390922825557421305e-01,5.431720765209477886e-01,6.999041080179039254e-01,5.014400651289654398e-01,6.343358237187685100e-01,5.744390035241498937e-01,5.149636714424528083e-01,6.633448179570287095e-01,5.421391074594258397e-01,5.769031532910467996e-01,6.375046541499675978e-01,5.499179726226799403e-01,5.097978743551733194e-01,4.887625380055279911e-01,6.192547778327166519e-01,6.443339444774238700e-01,5.206985640766839118e-01
7.858945207702849878e-01,7.712846727202911090e-01,7.993943246987414986e-01,7.715763127455723680e-01,7.077371840525281677e-01,8.218124838181039005e-01,7.484092654889149543e-01,7.374159208534131205e-01,7.581279654110921751e-01,7.507531885290212870e-01,8.080289646110611068e-01,7.717601104627064279e-01,6.435941985187881853e-01,8.088612345746449828e-01,7.660361029762245977e-01,6.925784479383073622e-01,6.942778396701008159e-01,7.389253475443028352e-01,7.921935580642379682e-01,7.334777792026632159e-01,7.990293388139039221e-01,7.632415041234460462e-01,7.178345935655011667e-01,8.031495501379508628e-01,7.791130866939993682e-01,7.268551593087387852e-01,7.141878852502882014e-01,7.648500899144126119e-01,6.652634541045504557e-01,7.317216564396981093e-01,7.344704865040273534e-01,7.522471280586228159e-01,7.188981111944153790e-01,6.273566309429196020e-01,7.917007405441294221e-01,7.623075657806328564e-01,7.585580163885979887e-01,7.293177520189030316e-01,6.082343649371788619e-01,7.187678506980486048e-01,5.644763009826135880e-01,6.116816698507328010e-01,6.550438065524705200e-01,6.467529854905748055e-01,7.462791756507447527e-01,6.039033751548501527e-01,6.423563094229396420e-01,7.004489657236567801e-01,6.172413772116309705e-01,6.643530151763755720e-01,4.680516289027590870e-01,6.001101510355172364e-01,5.012204613383752783e-01,5.778923456498742395e-01,6.440507317763676243e-01,4.293099466800409103e-01,5.333649182787648657e-01,8.098542488350358726e-01,5.318021542593905915e-01,4.993681985494730635e-01,7.020645245050605165e-01,7.145431051813948553e-01,5.034812677931437275e-01,5.986700494240854153e-01,4.554391257711857266e-01,5.614309821066708617e-01,5.339803062781512955e-01,4.103560060535749177e-01,5.733976629163776151e-01,6.248432585838215036e-01
7.206811500036999218e-01,7.016058828792204327e-01,8.188823836173327875e-01,8.158736456759883016e-01,7.320618776213267953e-01,8.143766397690989089e-01,7.503746322953226411e-01,7.463985625271357671e-01,5.995795928848932643e-01,8.279693989872787263e-01,8.025586132547566365e-01,8.257390528133280450e-01,7.605210244088626004e-01,7.807908680416389968e-01,7.983360771169411008e-01,6.672196012907621876e-01,7.934318775868213214e-01,7.467248164306409253e-01,7.889289713688546479e-01,7.841677394236568066e-01,7.505663058106570862e-01,7.869195677093376862e-01,7.791041698181033759e-01,7.805825999493786194e-01,7.953139265068799313e-01,7.608737406286272265e-01,7.305355658650747319e-01,7.563230264470917064e-01,7.548860571723000623e-01,7.355226475098370909e-01,7.126461421563408116e-01,6.966468131273987341e-01,7.115340620376930936e-01,5.939458922263942675e-01,6.193324656465964972e-01,7.781483480381198303e-01,7.050330798438638746e-01,7.394949025111661189e-01,7.249262896774729681e-01,7.047322445612944630e-01,8.399408959148616516e-01,7.344673218453316998e-01,6.488958984491274284e-01,7.161543211108882812e-01,6.078380973389545527e-01,6.534930582005968880e-01,6.308085603185590307e-01,6.792289233582908814e-01,6.584758035369981943e-01,6.781581161905017030e-01,6.297302466717192848e-01,6.194742703868071354e-01,5.821638047219260814e-01,6.376136701244666805e-01,6.275929675018787623e-01,6.215958352247709096e-01,6.818635222115917438e-01,6.302641277268463682e-01,6.177316551638253328e-01,6.136845769072655221e-01,7.417856147671618716e-01,4.839621405192824910e-01,6.318324276323135091e-01,7.080658619172802704e-01,4.320507767785419229e-01,6.331989237155235539e-01,4.282008410879035720e-01,6.328259979942957303e-01,6.708537117551018891e-01,6.241194046903124626e-01
7.789820878961167816e-01,7.427680792460082948e-01,7.046912840582165716e-01,6.901800783742485512e-01,7.594549633884690731e-01,6.866596289359655492e-01,6.917923525991115374e-01,7.813534351152217061e-01,7.947459465902493303e-01,7.695132821664468770e-01,7.142808536584935863e-01,6.957513218680521083e-01,7.777031876634042940e-01,8.127660408453688534e-01,8.267096447486171895e-01,7.367926464217652294e-01,7.380415360138585790e-01,7.770617506459159829e-01,6.705444921534027269e-01,7.322489298149562620e-01,6.753306223930253260e-01,6.809868884203263972e-01,6.853662290902077237e-01,7.038360793633898771e-01,7.279669431316333483e-01,6.990591304059674549e-01,8.095028572662369415e-01,7.536462253836753167e-01,7.133208220564295488e-01,8.013377644248572684e-01,7.373700722069913560e-01,7.451221524506604910e-01,7.305659273334579318e-01,7.750270518898764172e-01,6.864292535378839766e-01,6.757500692028074463e-01,7.695419133272010104e-01,6.917508381537150752e-01,6.689305929470550360e-01,7.230603772360779669e-01,6.375723521322247400e-01,6.895230253365668416e-01,5.833799793110541199e-01,6.694788833970560793e-01,6.603887173354815454e-01,6.864835841541593320e-01,6.043484166155602688e-01,5.943805918871751803e-01,5.659425354765021954e-01,6.328080850176103223e-01,7.829304404176206100e-01,6.080718177787899359e-01,6.723906112230008114e-01,7.050998346845359643e-01,7.249573767985385553e-01,6.350594359353323171e-01,6.688624556842301949e-01,6.405316976668533613e-01,5.379847815778743270e-01,6.258365861604759939e-01,3.386563377028273814e-01,5.102884203222749493e-01,5.522269990420287655e-01,5.750468842045698414e-01,6.601967487031795701e-01,5.198585408845940448e-01,6.738873164167088481e-01,6.146585317418534755e-01,3.094573628993887993e-01,3.883466543841411767e-01
7.126779207938569449e-01,7.636159235087760511e-01,8.020102863097547941e-01,7.193993474356463746e-01,7.443484163722716707e-01,7.099769279452474713e-01,8.089123203378622007e-01,7.766860305077408766e-01,7.621716167632645034e-01,7.930639926662287342e-01,7.974116900696834875e-01,7.044430079433685599e-01,8.192453499751509716e-01,6.893551104880859537e-01,6.954865516709365370e-01,7.880470171811038149e-01,8.068623030492704240e-01,7.287412409525160228e-01,7.620100044949627005e-01,6.346888806682270401e-01,6.634833150249398459e-01,7.901746864372306556e-01,8.208813501324845330e-01,6.957513650100340952e-01,6.749056085866792509e-01,7.740667854396544589e-01,7.242597012970359849e-01,6.865963827697622035e-01,7.081377579131468147e-01,7.112113298211154566e-01,7.359433736075383647e-01,7.148299703180555076e-01,7.612468225521558107e-01,6.664881930430308632e-01,7.165379998314224119e-01,7.573238283468542997e-01,7.750852939092116589e-01,7.561460583284187464e-01,6.872032452036677119e-01,6.737216341626198757e-01,6.319282428120280848e-01,6.573313898695914981e-01,7.128145568979028512e-01,7.652485436641159877e-01,7.329029337177173087e-01,6.954297550268567774e-01,6.079975840149889343e-01,7.220943584925193504e-01,5.865649513021735650e-01,6.097840103410057111e-01,5.866241505913849519e-01,6.950602313635830809e-01,5.931173951991087767e-01,5.662989380741109136e-01,5.012422240056509937e-01,6.556485753416380069e-01,5.750503852487774958e-01,5.089317450165611323e-01,6.633991564184289480e-01,5.104847539221505359e-01,5.915817694918017455e-01,5.879964007698686990e-01,4.771698860688074473e-01,5.723046177457659089e-01,6.517787631267194515e-01,5.929893042299299033e-01,5.001699742662022441e-01,6.029430671207799408e-01,5.316154749736982099e-01,6.450778254571448711e-01
7.841160273998823982e-01,7.639726959970538633e-01,7.603134619075537781e-01,8.133029069662746080e-01,7.655670717164538841e-01,8.120160953156568828e-01,7.842355772365215971e-01,7.672064383528657272e-01,7.065279806510995630e-01,6.487696665621730530e-01,7.482826098744375098e-01,7.869360695810635464e-01,6.667663178089041631e-01,6.764164369257775755e-01,6.597764652009276976e-01,7.964996812722782149e-01,7.784384945989774041e-01,7.158281218985715899e-01,7.097752772165557555e-01,7.900320905700382035e-01,7.935849414690826498e-01,7.558489402866234164e-01,7.747380478475768273e-01,7.791618939790421194e-01,6.825695590754747855e-01,7.682741480149538615e-01,7.270283015700016449e-01,7.858126242441254572e-01,7.678020268824853334e-01,7.019728388017357767e-01,7.327965973949616130e-01,7.764585333669337119e-01,6.845042698258624325e-01,7.315401004460433398e-01,6.838139705417730640e-01,8.069974109192529221e-01,7.443044419048771010e-01,7.480020702692927737e-01,6.227512334689370155e-01,6.960115077928350491e-01,7.737251105401907747e-01,7.391761868850534878e-01,7.698867293864878336e-01,7.310158050500089599e-01,5.393465492636633218e-01,6.633784138602596414e-01,7.111658757882123316e-01,7.169799313670733865e-01,5.763700733634802287e-01,6.466575371454729160e-01,6.827919047164257016e-01,6.754243474890575527e-01,6.201093613540765714e-01,6.311453194371413611e-01,7.158767662010808719e-01,7.020785997980965032e-01,5.609733914447591063e-01,6.707734930407962537e-01,5.521419451769246090e-01,5.355519394725078985e-01,5.103153262714708038e-01,6.194063194958607799e-01,5.529562569244764747e-01,5.990124025381331485e-01,4.879269394237801261e-01,5.604530883291594101e-01,5.398622295845820762e-01,5.038849596158068156e-01,4.812983048939055153e-01,4.742132941777608690e-01
7.806258760575059963e-01,7.496082399878911673e-01,7.707843177755758779e-01,7.875579930458087574e-01,7.639724271845014236e-01,7.775830218254431436e-01,6.705756021671026579e-01,8.114958562922045537e-01,8.154073373079495646e-01,7.927846963425763116e-01,8.138333142666962505e-01,7.889254347449524696e-01,7.658186376011310026e-01,7.184558543143657605e-01,8.050911461675319680e-01,8.234568060611829887e-01,7.253551511381139960e-01,7.312707953768053937e-01,7.149653020842933193e-01,7.322995427745379038e-01,7.813422893466992480e-01,7.487850622707480364e-01,7.473545242274491907e-01,6.852732742532174903e-01,7.594603035315441453e-01,7.463783528130210065e-01,7.618164716433586392e-01,7.430381772572307586e-01,7.144448102601766992e-01,6.826034452434037725e-01,7.731789714336609887e-01,7.424344465165102491e-01,7.651889036752468343e-01,7.774739709775436713e-01,6.871771748950409320e-01,8.040164155320574935e-01,7.122954372381393728e-01,6.833622209807477255e-01,6.407623262169505063e-01,7.244643488386280916e-01,6.631007168035867316e-01,7.600750520917700648e-01,7.214841844495227807e-01,6.986800077281208887e-01,6.143880349736179358e-01,6.680198666789098905e-01,6.229120895264939062e-01,6.579733017965565534e-01,6.319910312375136563e-01,6.386357064618333190e-01,6.401907315353072558e-01,5.647128370484604254e-01,6.945327600657619227e-01,4.806870678846951184e-01,6.277804140353573370e-01,6.238655534326408292e-01,5.466669452720961386e-01,4.202127861261523711e-01,5.636567175591025158e-01,5.301470049022823927e-01,4.913277761285269052e-01,7.131168866010109131e-01,7.211351879906199303e-01,6.793059619586632181e-01,5.749252231964834259e-01,5.784142869777237905e-01,6.084860145956174637e-01,6.240944284351219729e-01,5.523043132059658467e-01,5.892502686754720331e-01
7.380214117083047087e-01,7.816160010979336104e-01,7.541865143194090848e-01,7.838942632422121193e-01,8.191026925546575077e-01,7.161625755466046739e-01,7.256407026656180870e-01,6.658359273427606473e-01,8.110931191602371859e-01,7.671789818743764977e-01,7.884308324979776295e-01,6.977178602723196343e-01,7.616168229839083148e-01,7.268248169362597766e-01,8.159738223219634712e-01,7.848522175673610102e-01,7.366398727376866074e-01,7.372665746700258760e-01,7.696654219330596458e-01,7.257732756551236175e-01,7.719929521532533645e-01,8.029047711136997334e-01,7.606568224014257362e-01,7.859055203377439680e-01,7.536275711897670870e-01,7.629282984431664527e-01,6.629429929485086692e-01,7.555453045778637300e-01,6.625056377563888210e-01,7.855988845480804672e-01,6.810892556657626162e-01,7.605037153255715943e-01,7.450556892089033045e-01,7.656327759584158343e-01,7.681444707897623347e-01,7.359585373535997288e-01,6.923306523240272403e-01,6.480853054247788236e-01,6.290624616031217364e-01,7.425316308734611903e-01,6.993726591351328015e-01,6.748397464532163159e-01,7.560359406882634081e-01,6.992763290948187382e-01,7.039524513012602736e-01,6.851059984898190125e-01,6.018939993463340299e-01,7.363750654289923370e-01,6.465380149192425652e-01,6.790799699922602795e-01,6.157541520487352926e-01,6.677915125693340004e-01,6.356561466142426342e-01,6.081315687703092721e-01,6.199676533832183534e-01,5.500490533964991213e-01,6.238660141362314393e-01,6.635622834935990255e-01,4.948105181338036118e-01,5.593752828658672405e-01,6.752634305426625794e-01,6.605242278306678871e-01,6.345066428879132525e-01,5.677007182181477152e-01,6.492435848354024541e-01,6.678723413107231499e-01,5.413993911335537312e-01,5.321908226354992166e-01,5.912244490809189790e-01,5.141342670744468712e-01
7.783251906821929689e-01,8.021027742513493486e-01,6.585664452470324504e-01,8.163364315659523696e-01,8.005547017862267856e-01,8.122828726367272711e-01,7.197610753786580773e-01,7.627551362684443781e-01,6.857209679322605611e-01,7.830163801147368430e-01,7.230463674027743926e-01,7.794944323763169924e-01,6.934437842117537887e-01,7.517309025464228300e-01,7.524063526285792447e-01,7.250637546505185327e-01,6.778316681493706808e-01,7.227438194852862097e-01,7.409804756772454537e-01,8.244292018297528779e-01,7.643943047181698258e-01,7.695816913521092983e-01,6.769146275475226293e-01,6.486397950142520630e-01,7.426174555221600748e-01,6.974882125525447840e-01,7.557664250745737000e-01,7.553931029287969112e-01,7.349500451787758237e-01,7.410535768152622937e-01,6.786435699018973366e-01,6.799194247254507495e-01,7.038097669584751914e-01,7.424036373463955840e-01,7.239798055996863324e-01,6.488744420007180880e-01,6.764489027016191702e-01,7.298093003148049540e-01,7.086214099127230437e-01,7.152460983400932282e-01,6.381402249457742704e-01,7.423602402058248062e-01,7.412762920895575869e-01,6.371067176462644754e-01,6.122551497242180174e-01,6.692100632080287825e-01,6.787471340555145671e-01,7.458374165187025007e-01,5.477577111034359625e-01,6.566190026257767709e-01,6.864621883707887617e-01,6.378319254370808933e-01,6.358325574417734716e-01,5.652545949180275420e-01,7.324258466750616092e-01,7.477072116445623307e-01,5.705815291208150564e-01,6.683249096046895987e-01,6.110739626068999453e-01,5.517922668801128472e-01,5.641144974630023512e-01,6.396495911192497941e-01,6.810830124700946175e-01,6.544310718547664552e-01,6.194045798739312714e-01,7.082104993566479267e-01,6.121677098227160663e-01,5.853868031321257659e-01,7.309983587308723774e-01,4.866315914125118880e-01
7.742391214791151111e-01,7.882930996222121678e-01,7.507518169858352630e-01,7.839962557933424225e-01,7.222907083720766508e-01,6.969735703578135988e-01,8.111679036644806606e-01,7.497390185470157453e-01,8.079109048531100123e-01,6.237911528943382855e-01,8.079955997906350662e-01,7.966230359991540722e-01,7.551543627233255895e-01,7.756071331330993690e-01,8.014286460821736791e-01,7.759438368553842613e-01,7.804055982722122309e-01,6.921183579718336309e-01,7.973688773944520580e-01,7.879372914569581221e-01,7.555208335321693669e-01,7.754786970306288829e-01,6.715917570548696203e-01,8.124522309296897671e-01,7.462228646119287712e-01,7.308218345114887438e-01,7.246745787005998141e-01,6.811544593294643901e-01,7.713113259098981489e-01,7.543791705650658708e-01,6.402009702628685961e-01,8.051069693755802392e-01,7.362935620421909855e-01,6.762182199699006135e-01,6.816211194886673264e-01,6.187203568313592861e-01,6.837189129779903674e-01,7.705375873419999522e-01,7.469768101082502332e-01,7.711613216550926575e-01,7.700944169574875930e-01,7.287473071912331513e-01,6.892246490776071655e-01,7.539332514390434392e-01,6.957865552752406924e-01,6.189203462328128902e-01,6.096415366070246922e-01,7.224002495708539140e-01,6.879298814404845031e-01,6.736382553528492689e-01,6.170286276225037669e-01,6.570180695535982052e-01,5.599504318442695139e-01,6.255490236709904117e-01,6.050968446577011939e-01,6.818842634560274840e-01,5.830863607797712733e-01,6.230758683755249772e-01,5.963766387099582733e-01,6.387904108804747239e-01,5.695892278290756172e-01,5.292653246386841426e-01,5.949682874398741772e-01,5.720582056789133008e-01,6.032677304575245758e-01,6.334735089015117726e-01,5.852020847387472413e-01,7.401568618670584243e-01,6.673115789202906933e-01,4.685580062128591461e-01
8.050649891241997702e-01,8.126163478872191481e-01,7.209987743830558182e-01,7.117346589213753294e-01,7.803369830697580722e-01,7.285227636613755831e-01,8.176928261516706042e-01,7.033326746915453676e-01,7.549296072006329572e-01,6.780086242702006993e-01,6.998506585625019483e-01,6.890135456170303208e-01,7.694262218848880730e-01,7.571412802947742327e-01,6.799926048054356631e-01,8.044784140903580294e-01,7.872671811845690648e-01,7.016428246144715830e-01,7.198580332646276059e-01,8.325708307295004440e-01,7.331299473157819602e-01,6.972020596308496909e-01,7.466997328334048500e-01,6.428756106859697672e-01,7.443720957300664631e-01,7.669091629571380686e-01,8.081835990810980475e-01,8.264007302158592472e-01,7.684102387579335725e-01,8.321478612498496297e-01,7.744174826123949584e-01,7.232253145297147245e-01,7.942404986814096679e-01,7.067606488777827822e-01,7.595960964006464033e-01,7.153318573277084313e-01,6.522101946262800487e-01,7.476973429371296387e-01,7.483998541695491280e-01,8.175640656873290890e-01,6.593266326507314368e-01,6.463260004962660954e-01,7.721171358022111963e-01,6.603394113647224062e-01,7.320910260855773011e-01,6.939883768058515701e-01,6.339145473070925130e-01,6.372213191305546864e-01,6.753541050687670300e-01,5.709117407720413206e-01,5.949432081378425163e-01,6.380134131994562585e-01,6.555429349072308121e-01,6.458672822733600993e-01,6.268244004789362833e-01,6.398636268239322744e-01,6.773055889173951183e-01,7.168764182438558397e-01,5.638013296312555100e-01,6.368126109234304444e-01,6.308214868728043712e-01,6.075481238412892004e-01,7.397014318160360924e-01,6.354220766738852832e-01,6.692985736267609287e-01,5.533795157654374242e-01,6.255928781455408760e-01,6.127004584744318860e-01,5.948477656546434789e-01,6.530621075351076277e-01
7.853956494287275270e-01,7.793550721159976380e-01,7.741382888831946918e-01,7.746548410047601196e-01,7.086560245471650310e-01,8.171472138408063524e-01,7.678827727340398202e-01,7.853483366050610925e-01,7.649253973632605952e-01,8.034547797054735208e-01,7.730098592946267333e-01,7.363028325490783565e-01,7.299175285544523550e-01,7.823130811965944842e-01,7.681213796709916997e-01,7.303432708270416462e-01,7.327555843412988379e-01,7.930043514901038426e-01,7.971249184795455855e-01,6.949411385188583035e-01,7.377115108339641347e-01,7.100021534113304389e-01,7.761717823678007111e-01,7.710825403063712447e-01,7.702827706516038875e-01,7.515415586200265841e-01,7.427625049622351705e-01,7.751007523919616338e-01,7.467025338419652769e-01,7.607231813442020263e-01,7.509598593785143938e-01,6.560537233657673939e-01,7.799780998575083224e-01,7.216458163192674968e-01,7.661530612248417249e-01,6.702768858822902853e-01,6.514643903011915205e-01,7.230621078065158081e-01,6.853186717794021998e-01,6.815098445014400319e-01,7.638910918869347144e-01,7.217652996911265717e-01,7.130496711342960703e-01,6.858144689014403772e-01,6.951254227878266301e-01,6.981725484870409115e-01,6.540144318612368668e-01,6.535058127291589747e-01,6.489247518994366581e-01,7.664713360618786719e-01,6.098960390484077232e-01,5.790665904930994978e-01,6.397740034887718918e-01,6.658212261070400872e-01,6.446284139436033733e-01,6.790812945877404694e-01,6.166532026462605565e-01,6.791121704687529403e-01,5.628807774497039951e-01,6.530609916153709005e-01,6.072479182778991458e-01,5.749698391296589328e-01,5.697568874578311515e-01,6.506104126659797426e-01,6.252288437241964036e-01,5.433515400372158632e-01,6.097504221283168713e-01,7.577142295438173969e-01,5.369182951682571758e-01,6.403823082189211702e-01
7.853397768778784815e-01,7.172113614657273928e-01,7.813855510785517877e-01,7.810274027775723216e-01,7.319388717371700936e-01,8.173182599818293870e-01,6.933609426485735083e-01,7.870409175144723601e-01,7.935120650327256442e-01,7.802656110930729083e-01,7.799139918939843596e-01,6.881014817127836247e-01,5.942833177613635609e-01,8.113447030520519743e-01,7.800451993046692012e-01,7.658186817433842997e-01,8.364289151100288144e-01,8.192044014255401851e-01,6.474680218492793182e-01,8.005047401304109522e-01,6.618696275278121988e-01,7.865129688853811363e-01,7.868514529951529113e-01,6.405071723157313990e-01,7.828405819276206268e-01,6.607627237284915411e-01,7.471185694368939201e-01,6.857270622421649531e-01,7.064695079082828899e-01,7.900038033471903365e-01,8.113123689985630715e-01,7.352896656078781179e-01,7.592303100015417305e-01,6.831482630964004210e-01,6.844536773305855970e-01,7.338566686524361504e-01,6.571944548745257686e-01,7.312775604867479684e-01,6.970941459573822829e-01,7.199004217534407113e-01,6.979415869412527451e-01,6.932336144182646986e-01,7.134556389057202797e-01,6.559674757777443910e-01,6.217420281427498141e-01,6.552934111436515829e-01,6.368660182724446006e-01,5.756662870273373533e-01,6.913707292484357891e-01,6.544960487256273884e-01,5.812630806014651430e-01,5.862561150076356364e-01,6.768625248568505004e-01,6.121064250354554259e-01,6.156666405664704689e-01,6.001923284748410525e-01,7.363343098872764392e-01,6.791154277845005138e-01,6.668525162737174439e-01,5.294385439946474037e-01,7.055704198683941941e-01,5.887863068094019159e-01,6.954694829803271805e-01,6.544726240601420608e-01,5.839907220224247464e-01,6.925270025796644857e-01,6.640534460970998198e-01,6.139527123192615177e-01,6.541125908354058494e-01,7.546753432076727108e-01
8.151133109220906059e-01,8.165365548880511026e-01,8.117185776544193487e-01,7.801554855283833190e-01,7.479418935696534598e-01,7.481822235035563429e-01,7.590536389076087964e-01,7.625001590632133341e-01,6.664365732816854848e-01,7.171852100186553169e-01,7.365644404917366384e-01,8.114762186084315543e-01,8.181183767131109397e-01,6.221025583186073904e-01,6.880498696677599391e-01,7.762850396308526024e-01,8.017088584747329438e-01,8.241261418882156464e-01,7.951846595553562214e-01,7.614623575253608445e-01,7.754094769807788889e-01,7.203081235086392642e-01,7.824455607696036985e-01,7.688702573495118653e-01,6.753095077692368164e-01,8.246565023194180055e-01,7.665304029934805197e-01,7.366826516037168204e-01,6.927296512922486160e-01,7.003454427059294662e-01,7.301200119194483085e-01,7.804772175121569289e-01,7.380032297322843826e-01,7.564427382792545673e-01,7.658201943271628620e-01,7.696461561928410466e-01,7.554510808279338852e-01,7.747800303233153274e-01,7.898099211558295973e-01,7.632597501000071283e-01,7.558006761148742259e-01,6.707804026254376994e-01,7.091466906414866100e-01,6.976403253327004839e-01,7.394135444538826318e-01,6.024236817101548125e-01,7.976107836764162462e-01,7.804908726510149108e-01,6.277732990561377679e-01,6.722926525076028392e-01,7.296996980468879457e-01,6.314491897266666376e-01,6.698744852589795240e-01,7.305892588037548041e-01,6.402155453712615740e-01,6.442107350147805445e-01,6.595641481015630525e-01,7.558604047795148828e-01,6.259861053723351221e-01,6.770770756102404420e-01,7.217327575447783916e-01,5.468515007512658732e-01,5.466513538244559545e-01,6.185110605914713178e-01,6.562117019451126909e-01,6.196422330690051217e-01,5.870007102243667285e-01,6.435329762975648960e-01,4.793527626050222423e-01,5.377652732487451237e-01
8.157093863329769601e-01,7.976150251507150291e-01,7.759608208196372425e-01,7.704085130318535368e-01,7.746629290491269249e-01,8.139497785601860214e-01,6.926550537148506992e-01,8.173312894114685978e-01,7.900732619206738416e-01,8.026774542896338849e-01,7.797605724370505476e-01,6.704625225534958100e-01,8.188285265894678089e-01,8.117956610375733906e-01,7.950516316296087904e-01,7.830545873056945494e-01,7.115002918310442404e-01,8.144977877830533730e-01,7.496711112677415523e-01,7.931929136408999437e-01,7.478478677722713019e-01,7.524328033735578902e-01,6.862989181390042326e-01,8.046611884700655137e-01,7.295564218270352841e-01,7.961493598294706597e-01,7.410460890750645291e-01,6.678543430108150325e-01,7.419131176036878328e-01,7.549274608005184239e-01,6.773550560980065027e-01,7.235202695407796369e-01,7.612159446481794323e-01,6.828763981619789813e-01,7.890156905097126527e-01,7.718949898264012566e-01,7.056289287141029876e-01,7.426668534296941848e-01,6.656614401305854800e-01,6.880976252424634287e-01,7.271283661053611347e-01,7.912670175722076316e-01,7.581904262639138636e-01,6.873816479969754312e-01,7.121774630858369592e-01,6.985307812578974707e-01,7.553885943184975860e-01,6.760590575053306850e-01,6.628168152770927968e-01,6.175068532678398281e-01,6.758809557036099536e-01,6.613757982943840874e-01,6.067313162093034284e-01,5.732422895721349665e-01,6.562966781404244720e-01,6.529883928007019778e-01,7.022579799684980362e-01,6.610610682855120324e-01,6.106119826587266264e-01,5.425087478441541489e-01,5.332620907572702684e-01,6.163695254736368812e-01,6.945271422271585005e-01,6.171010812474505558e-01,6.313145299957219070e-01,6.403581490490392047e-01,5.625820521436600830e-01,6.207518055327386763e-01,6.323834116837170338e-01,6.090466955337695554e-01
8.151234312379463942e-01,7.732995012092781506e-01,7.821551464402571874e-01,7.235414308561408658e-01,8.087993635150996230e-01,7.789759530385196307e-01,7.774918551872407324e-01,7.456744039474846319e-01,6.916841628638290551e-01,8.091332486951744452e-01,7.757250352693798590e-01,5.480752208943777681e-01,7.884176947827684634e-01,7.978081264202995238e-01,7.040527231209154913e-01,7.136604295725903491e-01,7.651779091790873455e-01,7.629782360012992148e-01,6.612126752110339956e-01,8.108136030290233887e-01,8.186688440084851637e-01,7.750967763596280369e-01,7.965591365805815283e-01,7.662647656188038559e-01,7.731934302130194503e-01,7.316776583287775138e-01,7.760070991474778968e-01,7.112229241129355284e-01,8.231967501794714703e-01,7.412359270847216353e-01,6.773069298675795658e-01,7.072701479771531519e-01,7.729324123362764087e-01,6.692208495428827453e-01,7.418626303626038032e-01,6.810880257792916170e-01,7.628940801903705271e-01,8.116003364537734965e-01,7.593705032324292725e-01,7.185067433882686982e-01,7.048810352846132110e-01,7.423389803061517522e-01,7.805883427359298077e-01,6.554938902847334825e-01,6.301944660901859230e-01,7.390181527976247278e-01,7.946861925745526412e-01,5.923734325050412641e-01,6.490343928718840250e-01,7.867590462732264589e-01,5.935012439681143226e-01,6.834034294310900037e-01,7.805947596277096334e-01,6.727916725340992166e-01,6.419598967599504657e-01,7.151232512333135505e-01,7.421066962469615724e-01,7.558340496109434703e-01,7.600288743659008306e-01,6.710752782018997165e-01,7.297859168618562320e-01,5.491459878481820267e-01,6.047660675424821886e-01,5.966709560690751646e-01,7.376695333952589806e-01,6.803715070944706955e-01,6.955142670360833224e-01,5.546564475651920567e-01,7.757166487279211209e-01,6.715150480971064928e-01
7.334679855285766159e-01,6.718758793409234098e-01,7.212099910273838121e-01,7.893619568596638159e-01,8.176511966698465361e-01,8.001594069467431458e-01,7.767170142998528481e-01,7.267036799284680715e-01,7.021299372197969957e-01,7.825382732355621318e-01,7.665714970624222246e-01,7.771703784873236209e-01,7.819609856100417922e-01,7.944137171253089491e-01,8.157635420693850614e-01,7.989123040137113829e-01,7.330071065023801014e-01,7.257908595373295801e-01,8.051045171552172475e-01,7.791562500169224581e-01,6.888879505026782590e-01,7.345575286014669469e-01,6.239619250425264552e-01,6.920461435196686439e-01,7.104003050591423118e-01,7.694783187037835814e-01,7.890769291157188059e-01,6.793489378859053351e-01,8.336673955135458502e-01,7.803516215478186746e-01,7.550122839296380395e-01,6.828978406549283120e-01,8.109273613524637936e-01,6.209818186891682412e-01,7.362919133889982426e-01,8.087288571481126009e-01,7.468659886578513651e-01,7.163943756397461726e-01,7.868101063522560112e-01,7.166354406982712311e-01,6.564825939453544645e-01,7.644699088413599020e-01,6.843619062228227801e-01,6.363289576624830968e-01,7.034795793532417907e-01,7.412150978879183949e-01,6.556307885869264718e-01,6.517419110793521986e-01,6.854327182241092276e-01,7.816727466285225967e-01,6.995330928816839711e-01,6.504618937091544151e-01,6.493866125424967439e-01,7.055774754775812063e-01,6.575151963597432037e-01,5.752676485936244477e-01,6.506883520719660696e-01,7.347261836189982187e-01,6.824906663102408011e-01,6.456378769480818347e-01,7.118494720311291379e-01,5.739945741138473556e-01,6.360825421434419535e-01,6.111542040069796178e-01,6.797473942886700371e-01,6.144758783882913189e-01,6.056544517066538846e-01,5.651132799213628433e-01,5.379766839056632222e-01,5.513861023265230754e-01
7.637464374900944097e-01,8.157142838896637160e-01,7.403133651791495851e-01,7.234399264748925251e-01,7.993875021176363171e-01,7.325830847480746533e-01,8.213547323658683119e-01,7.546110367805145547e-01,6.732818516237499828e-01,7.275280612126930890e-01,7.709531742695453493e-01,8.185175956491748117e-01,6.850252579764232186e-01,7.612281064538372055e-01,7.705013258997602810e-01,7.405100143404184099e-01,8.088285863166676526e-01,7.982340539420728076e-01,6.950571079032112909e-01,7.734028565811018607e-01,7.625418433321465850e-01,7.948848013991171024e-01,7.354225546292710858e-01,7.354856714012042440e-01,7.025684258931669257e-01,7.060004948354410281e-01,6.760760573428625797e-01,7.770729919047998369e-01,6.835948648951947204e-01,7.832723376439719720e-01,6.954129626406515552e-01,8.363178951997689570e-01,7.425380305371970246e-01,7.266656671752276253e-01,7.628038937595899016e-01,7.217214909520294208e-01,7.728827897911929590e-01,8.412650613353910289e-01,6.784719980134564787e-01,7.050776253906592128e-01,6.431469708163281007e-01,6.082732781540685085e-01,6.962357622747652464e-01,7.106342114618267036e-01,7.118413933692575579e-01,7.727420636600300652e-01,7.261849674326218418e-01,7.231355735223282677e-01,8.053334002758272270e-01,7.293930293024021294e-01,7.099019914358635219e-01,6.642574020485478847e-01,6.688312209867999236e-01,6.542319310994008097e-01,5.100074347509002681e-01,6.425601069326150050e-01,7.534994890899144870e-01,6.612071408580679766e-01,6.578238200468394803e-01,6.862351366335865954e-01,6.507463875332539782e-01,7.353489004781686988e-01,6.974319883949873233e-01,6.644900472986788875e-01,5.075905841349981351e-01,7.575576438852943406e-01,5.716616873190918380e-01,5.306550651089545489e-01,5.042931632908668194e-01,6.278045609853674103e-01
7.354676236539291478e-01,7.272187972064394490e-01,7.520101369350865594e-01,6.546563218904279946e-01,7.960740461660050782e-01,6.591279914181025212e-01,7.713094920383610775e-01,8.071954657714067727e-01,7.763162773877023692e-01,7.780296744674052301e-01,7.710770886010009928e-01,7.789600884729807051e-01,7.660079452696020308e-01,7.972793009017938859e-01,7.600011703751847758e-01,7.235649790012192994e-01,7.521816403815140273e-01,7.603928013072143166e-01,8.050556035169269542e-01,7.584847801633336495e-01,8.011031781576988253e-01,7.454468013188088049e-01,7.274525870089944002e-01,7.921266964158901747e-01,7.089122837321343296e-01,7.487378263490589436e-01,7.558651484234845119e-01,7.312151105001836182e-01,7.141828834963547257e-01,7.938768119870405204e-01,6.848206514735351025e-01,7.056630683467819409e-01,7.224075155035574181e-01,7.122088489460191019e-01,7.791865964039175196e-01,7.687905291932360941e-01,7.015058494693774405e-01,7.395569995921715822e-01,7.261332729548020115e-01,7.994128980923790317e-01,7.380934640124723334e-01,6.774290500708646245e-01,6.912246885922236350e-01,7.807740609439224322e-01,7.368233680504324701e-01,7.025848724878593909e-01,6.920636328458946718e-01,6.872039608413268441e-01,7.144694002602041127e-01,6.943735041721780243e-01,7.412649318925902397e-01,6.463210032414219430e-01,6.162264913647256259e-01,6.351994359252893796e-01,7.015165439028832051e-01,7.062591535567863676e-01,7.473955068486795028e-01,7.294488882809960772e-01,6.549361885851591181e-01,6.297051142512523070e-01,6.866650701747456509e-01,6.600222577168284310e-01,6.624735038327034253e-01,6.188415143082467429e-01,6.610723447739140779e-01,5.825922161284147194e-01,7.042070377022412453e-01,6.283628970097236976e-01,5.735008806658009606e-01,6.187876089088624187e-01
7.546948273984642741e-01,6.761403586969260138e-01,7.759305725195757564e-01,8.114376444755918572e-01,7.861457628139483234e-01,7.555654568074042787e-01,7.263166870741037950e-01,7.832062875200525021e-01,7.508490803703941063e-01,7.710838789299424567e-01,7.797191425212923743e-01,8.115472383938547862e-01,8.106975157874661830e-01,7.867521071771521601e-01,7.424619061327636382e-01,6.867124106186427435e-01,6.823151195772576560e-01,5.716716222457483010e-01,7.774552169284354441e-01,8.078238979473493231e-01,7.782840809914279845e-01,7.780266222033154211e-01,6.840972086120457041e-01,8.258122814749833118e-01,7.406822072104333188e-01,8.264904888885118428e-01,7.965524229534772793e-01,7.931867110589708725e-01,7.163188657440605622e-01,7.766689942533389068e-01,6.264213073885167571e-01,7.198153413241054066e-01,7.691400225390395695e-01,7.141650328644242318e-01,7.020932601050332567e-01,6.971613088802396385e-01,7.147899086484248432e-01,7.165378775156976410e-01,6.683639122645192998e-01,7.622413934273249980e-01,7.432159485378697639e-01,7.026939256110610321e-01,7.348335798154265186e-01,7.262366964616023823e-01,7.398696542515933450e-01,6.913001123727556818e-01,6.904435674011750734e-01,6.947032853318159118e-01,7.176990613489970805e-01,5.632285302040529462e-01,6.578284652071245686e-01,6.811605436486829479e-01,6.459868698298235623e-01,7.304584842149739465e-01,6.985379002733521636e-01,6.094108212348413600e-01,6.385619141077835126e-01,6.915272091581349256e-01,7.349472220269331890e-01,7.922418933150655596e-01,7.051462449742645910e-01,7.556255043055347675e-01,6.614739185844329405e-01,6.041663989320712469e-01,5.384365361442272624e-01,5.985418344478182773e-01,5.975935637825788849e-01,5.830848368262334658e-01,5.750103567311311004e-01,6.010137347318658119e-01
7.851436023826963151e-01,8.159899549467863888e-01,7.789828300764620739e-01,7.633782959406377744e-01,8.207558128997022306e-01,7.829111255804630520e-01,7.505156667914765212e-01,7.379218870317013623e-01,8.212211901621907506e-01,8.260965461713499769e-01,7.674480184204560684e-01,7.783515624999076676e-01,7.422484024654726342e-01,6.990989463602306220e-01,7.743229316579202104e-01,7.873924652063845064e-01,7.378764010640339599e-01,7.711098188503845430e-01,7.164603212629868656e-01,8.039321626112208019e-01,7.771867476780359718e-01,7.917960958037721930e-01,7.638825601322736247e-01,7.808833095286611403e-01,7.994461849644738383e-01,7.340062775752943525e-01,8.310638294324036446e-01,7.650661513232392963e-01,7.893114440344505267e-01,7.819325412123095953e-01,7.168872762336561122e-01,6.567995649245774725e-01,7.257728367497036093e-01,7.872204158740974123e-01,7.662245433709472531e-01,6.736545370940612010e-01,6.470922924154690614e-01,7.342398224993115230e-01,6.814306527856407447e-01,7.182838793108886621e-01,6.715224616635582233e-01,7.080603877387169343e-01,7.531678115889149927e-01,7.672461003578446848e-01,6.669197993151466664e-01,7.204876828423965041e-01,7.526646401775318740e-01,7.579191745424807003e-01,7.402572975522623278e-01,6.833486649002653568e-01,7.869585558045386620e-01,6.452828354046796777e-01,7.235508520917470765e-01,7.830453977509106434e-01,8.013408650550626344e-01,7.228715932201763561e-01,6.819572435403509214e-01,7.726451103499125672e-01,6.999216359285550526e-01,6.923576272347842231e-01,6.322923810172034198e-01,5.977206771938943231e-01,5.198228663595069188e-01,6.579370789831042732e-01,5.885394026240864385e-01,5.904384687174669688e-01,5.721219644898626333e-01,6.582640800715526819e-01,5.697258479456348557e-01,5.988853806884476549e-01
