-1.612233515504299664e-01,-1.621172326288341792e-01,-2.553728245179667788e-01,-1.642831961981982558e-01,-3.123266288120439271e-01,-2.710968391313378634e-01,-2.386507714829742832e-01,-2.635572682236340669e-01,-6.913969011320376945e-02,-1.147125078143772375e-01,-1.953404170462661182e-01,-3.470980308708626616e-02,-1.440103936914669258e-01,1.394934589087585414e-02,-1.912420179316683400e-01,-6.425657681902138818e-02,-1.849978544288128635e-01,-5.981385561602426543e-02,3.836281804194922873e-02,-7.674927590822711032e-02,-2.785934263374391096e-01,5.994024649811733468e-02,-7.104508773787303333e-02,-1.384202950580270819e-01,3.520618607299019764e-02,-1.709241496320914322e-01,7.218147996322755999e-02,-7.455199870720075062e-02,-1.537322372595553988e-01,-3.161306192942238691e-01,-2.219442210597278864e-01,2.573168062492414698e-03,-9.938109470219090580e-02,-4.922561569211451882e-02,-1.508740353694261981e-03,-1.248278903384869021e-01,-8.242448171110834665e-02,-8.794062376887705479e-02,-3.384062541868194246e-02,-1.996780955893189546e-01,2.175624209771575765e-02,2.718224833076568828e-02,-1.915781223847460579e-01,-4.528217156111177810e-02,-1.196049176655106933e-02,-1.896652943109807810e-01,-2.182780434053952986e-02,-1.178092792060839340e-02,-1.778775894097978927e-01,-7.436276089967348846e-02,7.136880224616258712e-03,-7.733658444444967139e-02,-1.263706934946233207e-01,-1.432529514725973570e-02,-1.858131397284340791e-01,-1.491405235344136215e-01,-6.547583857308242328e-02,-3.402502860626718112e-02,-1.686790439226167337e-01,-3.873296727505683157e-02,-1.129164712723964570e-01,-1.016000717599549324e-01,-9.849972830361200526e-02,-7.274766435784617291e-02,-1.203417317396074729e-02,-5.764472333212063843e-02,-2.914582392506385664e-03,-9.128200651368714724e-02,1.007122576933505795e-03,3.466171058153887791e-02,-3.071137166593841412e-03,3.000004788946255066e-02,5.310740611858124488e-02,-4.315923841370825076e-02,3.600690500394065907e-02,-8.877944226024930829e-02,1.693177453257858466e-03,-1.012312762313269943e-01,-5.219525370306785789e-02,-4.099024758197853530e-02
-2.891214442503312054e-01,-2.448964013971330622e-01,1.025357354925942044e-01,-5.190640782797977248e-01,-5.932200584905056306e-01,-2.838065320788784596e-01,-3.158490246600532125e-01,-1.679576377515664409e-01,-2.156794451855015005e-01,-2.092360447040121085e-01,-3.313761273682204744e-01,-1.762701269423374295e-01,-1.098951702230280270e-01,-2.784662270270278905e-01,-2.184846433600212690e-01,-1.727880822629500046e-01,-3.002646527590734915e-01,-3.473572800953785011e-02,-2.700670714097705427e-01,-2.313415869240273703e-01,-1.302820935525590140e-01,-1.696067440642495261e-01,-9.283245725520869462e-02,-2.029768900318153491e-01,-1.698393040793414188e-01,-8.158342309599596331e-02,-1.285724764982981438e-01,-2.250751218318488289e-01,-1.122960413353446957e-01,-1.560218796058341073e-01,-1.756055244168851504e-01,-4.473368569491605745e-02,-5.565986088439896229e-02,-1.610678912698010334e-01,-1.842031485492386100e-01,5.358910918239434551e-02,-6.303475998124745405e-02,-1.655597253815187242e-01,2.061222122154744013e-02,2.369209920403510250e-02,-5.987972078586644570e-02,-7.331680731140713392e-02,-1.697490984953134996e-01,-6.699489004070241852e-03,-1.336712671030705069e-01,-5.350486266008661757e-02,-1.161425595918236658e-01,-5.332502838672720062e-03,-1.995776655648408004e-01,-7.779904345558878720e-02,-3.403297744671991004e-02,-4.387890222229747644e-02,-1.260358629377389406e-01,-1.220335366929079096e-01,6.618273761662654686e-02,7.306564314348450162e-02,-6.594382236678478226e-02,-2.447541278038611046e-01,-7.576870493376298976e-02,-1.443116699317796292e-01,1.164792290534671058e-02,-1.329792521167963426e-01,3.444329567808110393e-02,-1.873068969151797658e-01,-3.309396196407379115e-02,-2.122115611689623649e-01,6.265436984621576555e-02,-1.498466056218120956e-01,-2.911712856356635237e-02,8.153328119569555610e-02,-6.118646331903066816e-03,-2.265916063667974129e-02,6.084044190953571962e-02,-1.510611000790076930e-01,-2.567916119306923317e-02,-1.019643630174788401e-01,-9.364050022716893795e-02,-1.122287874359473858e-01,-8.218650710556822669e-02,-5.743280202426994351e-03
-2.629796733832037159e-01,-4.111327348975873930e-01,1.875472411189651675e-02,2.435141734713646908e-02,-2.182767859651938980e-01,-5.329764437233682761e-01,-4.791341655942367717e-01,-4.046854806862547060e-01,-2.815822392513316341e-01,-4.353432656786799249e-01,-2.638948182477336979e-01,-3.268853269911737858e-01,-2.880392020011478538e-01,-4.171081863383443999e-01,-3.109782007522606806e-01,-1.737636141153094116e-01,-2.407061801859494143e-01,-1.701223288590344995e-01,-3.670207759663204339e-01,-1.684454715644306821e-01,-1.854344181963974714e-01,-2.624202985833962165e-01,-4.535019353184632090e-02,-1.962209803495956473e-01,-2.132806187772148254e-01,-2.028102260771237619e-01,-1.912850837530938874e-01,-2.763937225272938836e-01,-2.152053105003896849e-01,-2.888511712532434994e-01,-1.654394279004949841e-01,-2.939732801176992427e-01,-1.474325462940255516e-01,-2.023203925588272223e-01,-7.733765965690432564e-02,-2.184239975772005460e-01,-3.135344939620542393e-01,-2.661577107641426715e-02,-2.303271279414308703e-01,-2.284519772441031549e-01,-1.028630495630648567e-01,-2.515047563445124146e-01,-2.021673982468140118e-01,-1.290340136443476719e-02,-1.888070499278753089e-01,-2.712469678433191561e-02,-9.538064019379502434e-02,-1.479389321017176781e-02,-1.586873157386765598e-01,-1.228023030764383988e-01,-2.223334355746863777e-01,-9.539680680754905606e-02,-1.182198650010646140e-01,-2.657940762472195059e-02,-1.489160591119604582e-01,-8.998097881419446151e-03,-1.618516946957372638e-01,-1.764842462823336955e-01,2.816849540626014878e-02,-1.391309640708674744e-01,-3.786036435022997748e-02,-5.458772389694850624e-02,1.227424294051773779e-03,-1.093868881310293695e-01,-1.623651821193300470e-03,-7.119026997396241119e-02,-1.584684374600437984e-01,-5.998429746483648767e-02,-1.577323545031529273e-01,-1.439646794444547351e-01,3.655484820029914709e-03,-1.355818242744209756e-01,8.783960413586444638e-02,-3.533944172623822589e-03,-6.836600694120566202e-02,2.461440330484841038e-02,-5.737021034870841418e-02,5.988493739780038211e-02,-2.212526588093604446e-02,2.197801119096092631e-02
-4.925306172509626990e-01,-2.187422781348712375e-01,-1.088549288725519371e-01,-4.745237544871541008e-02,4.406995871900489664e-02,-5.680791174397519239e-01,-4.550972606613116200e-01,-6.530634878065890714e-01,-4.383396806932963741e-01,-3.871385529110895618e-01,-3.325061012801160953e-01,-5.132473655369048648e-01,-5.436749991004975469e-01,-3.478481040236383048e-01,-3.022051514028545882e-01,-1.104097120709096880e-01,-2.958686233033621660e-01,-2.248800549999128984e-01,-2.418272275106795599e-01,-2.323292708727408284e-01,-3.372031951935633431e-01,-2.864465341848964064e-01,-1.829215908595830109e-01,-2.261049373382372218e-01,-2.722811758159227602e-01,-2.118155141363526062e-01,-2.884057115125334692e-01,-2.437474475296453891e-01,-3.149835599432939670e-01,-2.398123075320683362e-01,-3.301903661186502692e-01,-4.148480427346404875e-01,-1.528201313508225634e-01,-5.096092124022123110e-02,-1.784512978947887241e-01,-1.677471672589710694e-01,-3.673482541068602836e-01,-1.674180678782355713e-01,-1.470966992602810164e-01,-2.247916711468693207e-01,-2.156750072426067213e-02,-2.361774599133618646e-01,-1.982251672005798937e-01,-1.692210015678757007e-01,-1.747803704384274792e-01,-3.295322178251487433e-01,-2.486591686033150228e-01,-1.680675180335615693e-01,-1.352056382955431346e-01,-1.621264493528928874e-01,-1.852293507502776604e-01,-2.361489454091632856e-01,-2.401476993259472892e-01,-2.633794582878881130e-01,-2.022740289363380017e-01,-1.580299704267175143e-01,5.360410575883130940e-02,-3.219569465204256686e-01,-1.525241077680566382e-01,-1.844805053718363286e-01,-1.626790864179553653e-01,-2.152753379968785075e-01,-1.414919672083837510e-01,-1.183429994014096598e-01,-5.694222513380078204e-02,-1.309208833584753207e-01,-2.517168574944618209e-01,-1.684654442153218912e-01,-3.256524764218763583e-03,-9.721059658645145318e-02,-8.319975667942412778e-02,2.668454545748481788e-02,-1.066952789312928113e-01,-1.832990397411612127e-01,-8.541988497677530101e-02,-1.386669542651199072e-01,2.544411440056781881e-02,-2.300772424847613920e-02,-8.656872709696281087e-02,-2.920727177281728926e-02
-3.912406965916106483e-01,-3.832812404295586339e-01,-3.227132220590270273e-01,-3.505555947437193343e-01,-9.547218180726438352e-02,4.559377430896047190e-02,2.844067269845297341e-01,-3.843980288859347172e-01,-6.624793493629358432e-01,-6.989137424518013786e-01,-5.414597104307478093e-01,-6.420511719158333852e-01,-5.786571491898103714e-01,-4.245098344593528084e-01,-4.995131904407137946e-01,-5.095186462085782297e-01,-3.180575146152776478e-01,-3.520712441451075980e-01,-2.787955712408755615e-01,-3.690822201161850225e-01,-5.403320390095385228e-01,-4.041119686841714298e-01,-2.577641456477839932e-01,-3.892277127089145972e-01,-4.422580920524820103e-01,-2.424916831094518499e-01,-3.068949447772896799e-01,-2.853391253102320335e-01,-2.225500013977956548e-01,-3.026831052541805178e-01,-3.872939813082636462e-01,-1.155100128654228814e-01,-2.614359790910121828e-01,-2.192981014815528762e-01,-2.133192763513418536e-02,-1.819369922864165490e-01,-2.442082323592145165e-01,-3.033853382799819309e-01,-1.824065325776080548e-01,-7.799587799524446141e-02,-1.996771500508410235e-01,-2.006552965693343404e-01,-1.851049459116403395e-01,-2.212932302084455183e-01,-2.015892884024441112e-01,-9.879039467050838852e-02,-2.385466886972497647e-01,-2.106199246160621319e-01,-2.296755591503521488e-01,-2.875400660987318946e-01,-3.160719527087992309e-01,-1.614906178429912076e-01,-1.123778156790030541e-01,-1.047111816591864558e-01,-2.004888079279087687e-01,-1.154903819312589480e-01,-2.700576988075465423e-01,-2.193223812240012449e-01,-6.620718000120745517e-02,-1.574831847966870757e-01,-1.121691644509779928e-01,-6.731190027160242895e-02,-5.920572933314495467e-02,6.836468906605054630e-02,-2.649210192201772451e-01,-1.704215694755443489e-01,-2.553342313482100945e-01,-8.850980940253376505e-02,-7.175159130775796146e-02,-2.127907434867504569e-02,-3.191182664669446611e-02,-1.195977711954727546e-01,-8.660326310031281338e-02,-1.837180230560115368e-01,-1.802928709447339795e-01,-1.488330987832416352e-01,-1.430257156084766279e-01,-1.458500679093510943e-01,-8.134955806779356480e-02,-5.312374053496019682e-02
-5.578622234401808822e-01,-3.442928225070109871e-01,-4.387670089718838651e-01,-2.398143526117622604e-01,-2.823787396796037519e-01,-2.171199760387360345e-01,-1.106942009930169113e-01,4.345415804491855050e-01,-1.799181689147646701e-01,-3.032651893001912513e-01,-5.314430734127927325e-01,-6.434605097083327951e-01,-7.071192085544691919e-01,-4.746445893138517835e-01,-5.884399082095832512e-01,-4.301504409448616006e-01,-4.926502628717521204e-01,-5.390085943908334842e-01,-5.695262484004329773e-01,-3.465046746613219542e-01,-4.499722816877523845e-01,-4.140847151410991800e-01,-5.315520555258661517e-01,-5.144833174578578028e-01,-4.329780274572389009e-01,-2.911308268180550218e-01,-3.316815406962586033e-01,-3.583717509532416412e-01,-3.725177983532615977e-01,-3.283244035948618689e-01,-3.265101735261618510e-01,-2.452172667415969676e-01,-3.962253557472424914e-01,-1.127978534199992333e-01,-3.196289269676857447e-01,-2.781758108018175801e-01,-3.534934043943825377e-01,-2.557774184355376401e-01,-3.144800198192345131e-01,-4.165414456345094552e-01,-2.259518307327190167e-01,-3.077681754255762736e-01,-2.136193885447053853e-01,-1.597414700703759238e-01,-3.312646391919035205e-01,-2.177206985396700212e-01,-2.218838790388450444e-01,-1.547678581354017813e-01,-1.163599946501287646e-01,-1.605602974848661380e-01,-1.120137197689622943e-01,-6.394640062763498611e-02,-1.216984835060621051e-01,-4.036453480815172523e-01,-2.794756668013447798e-01,-2.569394826258327713e-01,-2.119065891540351243e-01,-1.973223608635081838e-01,-2.052386327948926281e-01,-1.647175873597361007e-01,-1.996725880750725712e-01,-3.431459342838217297e-01,-2.161046810913322125e-01,-1.166035124157995956e-01,-1.723934104473739681e-01,-3.339315358358992958e-01,-1.102046089243897686e-01,-9.185970692454371866e-02,-2.545613015355329550e-02,-1.584428735469338712e-01,-1.001664543673704555e-01,-5.168797206572612463e-02,-9.810958775985458014e-02,-1.065212464781220419e-01,-1.099965496931334663e-01,-1.951728306683335745e-01,-1.143879590813790675e-01,-2.650346167972780220e-01,-9.697361394823390823e-02,-4.463560428918877249e-02
-5.286183103458705901e-01,-2.804982109215504726e-01,-4.241225111329517961e-01,-4.933542192127665649e-01,-1.910180003444200969e-01,-7.270696279503784110e-02,-1.086457076241168912e-01,-6.995241556268806671e-02,2.939163099658823747e-02,2.551714720903924816e-01,-1.684442921987528152e-01,-2.316623706581277253e-01,-5.769761250492722038e-01,-6.948078619218974739e-01,-6.448955504210418521e-01,-5.806944614091469337e-01,-6.263417538149463892e-01,-5.023685439355597415e-01,-4.839993101147563315e-01,-5.375658572618413622e-01,-4.438303741376226630e-01,-4.861549271430833374e-01,-3.175781891404108603e-01,-5.402915749781097565e-01,-4.763956650788550573e-01,-2.813613019515539548e-01,-5.167001037998569801e-01,-2.571782481434904399e-01,-4.543222789041327925e-01,-4.349524914174435763e-01,-3.755781082778315016e-01,-4.922472346920340192e-01,-3.239692309482177235e-01,-3.206209795521945405e-01,-3.446701916028969137e-01,-2.207813452799719245e-01,-4.531067577294227156e-01,-2.588856250248814939e-01,-4.229202330411575561e-01,-3.941990411115913195e-01,-2.910898366674531390e-01,-2.289379653057094510e-01,-2.268287745665143462e-01,-2.905147427442850705e-01,-2.387591679822504420e-01,-2.234970122400013748e-01,-1.963457438670825894e-01,-2.724105165625978486e-01,-3.553410323336408938e-01,-3.250523425741347894e-01,-3.088178642889353176e-01,-2.249078555197480678e-01,-3.508098373456283170e-01,-2.832721782806152944e-01,-1.862739822719590710e-01,-2.955753892175669306e-01,-1.615720675317882660e-01,-3.472252940463739779e-01,-8.665966565636458452e-02,-1.819814510143514252e-01,-2.305446403029989821e-01,-1.632127272253911521e-01,-1.878730126446954973e-01,-3.274173764159238331e-01,-2.745215453726296828e-01,-4.621431872333681135e-02,-4.001145727283902942e-02,-1.812083162741273124e-01,-1.649988955645099176e-01,-2.344598480288928033e-01,-6.223742660670912932e-03,-1.657395626485619056e-01,-1.098995752317461216e-01,-1.904687095588767365e-01,6.760891237213226268e-02,-2.130097735803766490e-01,-1.269890567424344051e-02,-1.832073470263603232e-01,-1.411926106739476994e-01,-1.144987206594679507e-01
-5.629291664163580400e-01,-2.272141108649268770e-01,-3.753065499269052085e-01,-4.087076526842335911e-01,-2.751984708291786430e-01,-2.610906411660710025e-01,-1.776503183495965754e-01,-7.466231968451317313e-02,-5.621014590777911185e-02,-5.815131286238668651e-02,1.580094441403462058e-01,-1.032445831794008700e-01,-4.292125092729616176e-01,-6.665557894394973371e-01,-6.985044254320518231e-01,-7.345094196958632526e-01,-7.135093350962133929e-01,-6.814856763439057774e-01,-5.867853507739583252e-01,-5.321151832505871537e-01,-5.747160461194993353e-01,-4.054971277984737443e-01,-4.446463235656380464e-01,-4.830293646427252230e-01,-4.583894909745246382e-01,-3.511437434416215808e-01,-4.665800367640445812e-01,-4.770609291390132678e-01,-4.636162113582141808e-01,-4.369668633489292575e-01,-3.176299883038224414e-01,-3.531233228258538470e-01,-3.227368258196623985e-01,-4.045044791451345989e-01,-3.072684272127113592e-01,-3.046866495446259315e-01,-2.515748026469463161e-01,-3.489527909629671631e-01,-3.430279152637394358e-01,-3.750845960407488966e-01,-3.496891933967237187e-01,-2.558325006270620872e-01,-3.691580812463503003e-01,-2.886331446478883067e-01,-2.903727574014173807e-01,-4.092420862252389990e-01,-2.855767187910528415e-01,-2.979162301663121903e-01,-1.989725000628675688e-01,-1.990594520475479912e-01,-3.025913906464297032e-01,-3.970049550923710480e-01,-2.585139244257844693e-01,-2.957249738804791361e-01,-1.779206575369043086e-01,-3.174376102774495445e-01,-2.913403735750908496e-01,-2.155556000040494691e-01,-1.278316530116374583e-01,-3.461110444324220214e-01,-1.183851377122630694e-01,-2.084676288622058782e-01,-1.245574641373930619e-01,-2.719351182913179454e-01,-2.596781700837771933e-01,-2.835459812246444722e-01,-2.242346960056814942e-01,-2.345767298880167551e-01,-1.266607037530904090e-01,-1.132483387168996269e-01,-8.866304779915561152e-02,-2.679611131520971967e-01,-8.028718321127666091e-02,-3.317951568054888223e-01,-1.942445011820677359e-01,-3.498205518814196946e-01,-1.561789129884225968e-01,-1.513592989755118690e-01,-1.598884504817972563e-01,-1.730807939670529483e-01
-5.914971713043363222e-01,-5.920209856780669355e-01,-5.847040057976301553e-01,-2.450165275307992219e-01,-3.696031770875382594e-01,-3.932186619905848057e-01,-2.077937058577287444e-01,-1.169953788628937674e-01,-1.539061299016449558e-01,-1.465997850008252633e-02,9.727881260515111594e-02,4.181281818891145752e-02,-2.035944212233949946e-01,-1.274893377784398762e-01,-5.275977071148496567e-01,-8.601078152626336903e-01,-7.298203341791935639e-01,-5.172808506405222051e-01,-6.372457372250328600e-01,-6.458855991480445535e-01,-4.757055706315371224e-01,-3.756881194381467282e-01,-4.154366437484969810e-01,-5.988777850711266559e-01,-5.081690522190971393e-01,-5.738813949444223628e-01,-5.385450760118806190e-01,-5.133025259898775783e-01,-6.026591779000499693e-01,-5.376474762248145689e-01,-4.115803652167916993e-01,-3.386902292560676764e-01,-3.194730856954208220e-01,-4.192080320799896898e-01,-4.639111112157543459e-01,-2.636458736571303807e-01,-3.270638391402346246e-01,-3.581193396973759713e-01,-3.808125634923544833e-01,-2.842967813982291703e-01,-3.519805618830769145e-01,-4.330612596881627807e-01,-3.218546209818862192e-01,-2.623406697446299396e-01,-2.419320650596460953e-01,-1.478863613905912200e-01,-2.696861155578845759e-01,-3.803538916016319105e-01,-2.576391111821104141e-01,-3.751502106252833646e-01,-1.608298405193869796e-01,-1.563973512986905900e-01,-2.544236975809484047e-01,-2.914174718276602016e-01,-2.717879066235378005e-01,-3.282780871260725375e-01,-2.226402749489967692e-01,-3.942463319742371408e-01,-3.461584987771043620e-01,-3.262765921307118622e-01,-3.012420214352989900e-01,-2.506452057513056664e-01,-2.119505438363828986e-01,-2.980298008902781404e-01,-2.537028658073988141e-01,-2.369518903558843204e-01,-2.264225131037345407e-01,-2.852416667656799687e-01,-2.027798951043884856e-01,-2.978853511555878963e-01,-2.451694097163835961e-01,-2.589009784152086491e-01,-2.249776256603172042e-01,-2.775476725455121030e-01,-3.346385514234140879e-01,-2.425048140171385813e-01,-2.112557053534592499e-01,-3.398557690924487035e-02,-1.042116729188004159e-01,-2.527783140446302479e-01
-6.095674834061827196e-01,-5.337504228195093514e-01,-4.454753867714137394e-01,-2.547781973858761484e-01,-4.042957362702207513e-01,-3.529218741191240127e-01,-3.603370032743289375e-01,-3.456456141655631087e-01,-3.850730971686854853e-01,-1.196980037847558270e-01,-1.725334064787450161e-01,1.955069988563602756e-01,-7.995143039389293604e-02,2.117673374973128575e-01,-1.908680586540030810e-01,-2.390983991108334428e-01,-3.351460228935327357e-01,-7.220215810152003089e-01,-6.730785876647326083e-01,-6.468094918349912570e-01,-6.605544007744355017e-01,-6.820289362807164801e-01,-6.095857362664306445e-01,-5.428954856044267974e-01,-5.293910933905324745e-01,-5.124422757491600144e-01,-6.344886037008311552e-01,-4.538789499289818674e-01,-6.064705396366727452e-01,-5.798510659293049097e-01,-4.154889863554024343e-01,-5.687336425969924392e-01,-3.152457940874862086e-01,-4.267964565627460072e-01,-4.586065531914209625e-01,-3.430089417907024041e-01,-3.134235924242901317e-01,-4.475686736322395110e-01,-4.175243855367226087e-01,-4.509990634852575342e-01,-3.949953040381429248e-01,-4.698615060564410029e-01,-3.667074198534417406e-01,-4.380835778084963272e-01,-3.255742421127341135e-01,-4.267648311734604794e-01,-3.777773610983062302e-01,-4.644521483073556500e-01,-3.995516177508776634e-01,-2.982976584525302566e-01,-3.543555098778848889e-01,-2.501095226097295732e-01,-2.931917447200261262e-01,-2.874500321991929619e-01,-3.647093208368989981e-01,-2.964127135359830856e-01,-3.500517436485952039e-01,-2.635955523193000416e-01,-2.471381595942116760e-01,-3.314040328556440707e-01,-2.397586404769422586e-01,-3.331257839098368811e-01,-3.804231489757450291e-01,-2.714899176942386361e-01,-1.231792042139945031e-01,-3.765448182995484450e-01,-2.661841450697901013e-01,-2.806330341451860333e-01,-1.565719359283597734e-01,-1.957266220397816670e-01,-1.980988677548903565e-01,-1.831201358703146709e-01,-2.124886682632456947e-01,-3.247892183413148559e-01,-2.015258468355614341e-01,-7.209231559652830301e-02,-1.098422774926532258e-01,-2.409253105005769169e-01,-1.840094595919933018e-01,-1.874953466250493805e-01
-7.413222455740888783e-01,-5.364855627741752508e-01,-4.396718025026116750e-01,-4.573739503451818011e-01,-2.813666592274204348e-01,-2.655870840319555226e-01,-3.080399198083401680e-01,-2.789335797064603772e-01,-1.625247501593854726e-01,-2.817632825409069897e-01,-1.108619278236167155e-01,-1.154563132124253738e-01,-1.198266504336915339e-01,8.417341555831801825e-02,1.590106082793160402e-01,-4.954873550194524023e-01,-2.642890779147940017e-01,-3.261566610544752720e-01,-7.065274321928641799e-01,-7.333730747456161936e-01,-6.852833486449291245e-01,-7.952765092231282029e-01,-6.252975989625634279e-01,-6.141824722947021309e-01,-6.380300097988137464e-01,-6.846748706114093030e-01,-6.640748382157242169e-01,-5.017313582422712193e-01,-5.551345001138303648e-01,-6.118223326466429857e-01,-5.136056528525485554e-01,-4.946231581616325479e-01,-5.059120013204846389e-01,-5.140888873207699605e-01,-4.386313967801463987e-01,-5.715803535884959041e-01,-4.186325870438326602e-01,-5.006229585507983026e-01,-3.607195086418558683e-01,-3.253171709729509309e-01,-3.961850070263514545e-01,-4.057359073331128219e-01,-4.406810018623603664e-01,-3.326731441512154053e-01,-3.580622222474372784e-01,-4.244298399237766972e-01,-3.340319718143900940e-01,-3.489087398379028260e-01,-3.658516178949531295e-01,-2.332611339316196519e-01,-5.093492723788533016e-01,-2.665879909354864075e-01,-3.427943007184452995e-01,-2.232211678010683764e-01,-4.312183354683007397e-01,-3.426099796919551688e-01,-2.490955245972703846e-01,-4.643317960429052538e-01,-2.409878295270365400e-01,-4.276239167311971512e-01,-3.858716525487805860e-01,-2.413359078216591458e-01,-2.596717320326807910e-01,-1.856124766517624203e-01,-2.965769801584338117e-01,-8.277837325061564167e-02,-4.027009478610791282e-01,-1.777666162173364151e-01,-2.369704946755244734e-01,-2.917289668727354179e-01,-1.461259753102986392e-01,-1.493463924660714537e-01,-2.057841179709387069e-01,-2.022224461557265429e-01,-2.024613183791751370e-01,-3.129387271892228872e-01,-2.000169965126165350e-01,-3.068119031160763677e-01,-2.522207049287308323e-01,-2.146383139213072500e-01
-5.349476044778291861e-01,-4.608507671161417019e-01,-4.372043889904976277e-01,-5.459096673434249425e-01,-4.151250703073366410e-01,-4.147481355603401809e-01,-2.977368062096850121e-01,-3.958737160856241055e-01,-2.842276139629623111e-01,-1.960048542286659257e-01,-1.466658013376454239e-01,3.619548296468778209e-02,2.355377240579785078e-02,-9.685298994442688436e-02,-3.509694618806109834e-02,1.877789433308152955e-01,-5.156090030556271797e-01,-3.732895475608546954e-01,-2.557866717864016315e-01,-4.333087946715382111e-01,-7.347128409298115947e-01,-6.984034758075537974e-01,-7.334184777761624252e-01,-5.670240730031639309e-01,-6.054885569176376992e-01,-5.940226606690988120e-01,-6.604361663140896344e-01,-6.673093377454681896e-01,-6.828669926417832992e-01,-5.262287529240359252e-01,-6.155417359938282207e-01,-5.217042884622131727e-01,-5.043109947189086117e-01,-4.434167403792089179e-01,-4.756703039502697128e-01,-4.905693110909964960e-01,-2.585045833768203072e-01,-4.845842043916745445e-01,-5.059588283290281652e-01,-4.648789512641002264e-01,-4.999265745004267680e-01,-4.574083892048851352e-01,-4.896379866066896125e-01,-4.454526219870250103e-01,-6.786004347947786064e-01,-3.002685983242960321e-01,-4.511379735552946135e-01,-4.011686436512376108e-01,-3.375690791360791976e-01,-3.299555375936986112e-01,-3.966218294313006987e-01,-3.543606813387988885e-01,-3.319665375447319322e-01,-3.152621320112822256e-01,-3.361262606627692384e-01,-3.189451146030460871e-01,-1.369336219589660786e-01,-3.656179584616709444e-01,-2.515999777049694464e-01,-3.586608231673295011e-01,-1.790937763234319580e-01,-1.982424136512079271e-01,-1.890396057459043100e-01,-2.442409199478192683e-01,-2.862571128280364530e-01,-3.686099209681959477e-01,-2.828030428598543589e-01,-2.341946260781689049e-01,-2.844358112096733171e-01,-3.366312004241528988e-01,-2.108208300758689924e-01,-1.596235189659896969e-01,-3.065504704551570425e-01,-3.405833520891107802e-01,-2.814434081551322464e-01,-4.094768020737450942e-01,-1.904936001421615177e-01,-1.627183687185360939e-01,-2.410554219578601165e-01,-4.442755797947923191e-01
-3.944690007796697317e-01,-5.469819825825992243e-01,-4.154784966434758031e-01,-4.616954764364012975e-01,-5.095288926885434000e-01,-5.173105447861788830e-01,-5.628202013043691609e-01,-5.289355728885511976e-01,-4.075080550182235695e-01,-2.304462765626187071e-01,-2.631475473773510210e-01,-2.798019419239531902e-01,-1.620135518783737683e-01,-1.092672570628953621e-01,-1.206641894677381449e-01,4.900245522113278601e-02,9.922967051888295295e-03,6.008825255093121209e-02,-5.328191220594076238e-01,-1.751295271529645370e-01,-4.882587614536486598e-01,-2.131192151739090268e-01,-7.869440353720604797e-01,-7.350265627534610102e-01,-7.025236565859862559e-01,-6.213928786902730428e-01,-6.739581812287865903e-01,-7.374753830397302590e-01,-6.056681313762495300e-01,-5.083757562269165531e-01,-6.508465629993679391e-01,-6.304525329237745668e-01,-5.529463672758087034e-01,-6.307102621630902295e-01,-4.294150083577584764e-01,-5.516732155936378001e-01,-5.645266540979515524e-01,-5.304376060239679447e-01,-4.536198598112761160e-01,-3.286448689330473405e-01,-4.490546075686969174e-01,-4.499920508341960224e-01,-2.804561081195416361e-01,-4.697491578440703419e-01,-3.221667944302151754e-01,-5.462363676451739147e-01,-6.426128344780813739e-01,-3.913673486522595835e-01,-5.205368689718922193e-01,-4.504877978156683338e-01,-4.183039758875211622e-01,-4.140959784615375616e-01,-4.820774636210171105e-01,-4.650159192409691333e-01,-3.623694005403680363e-01,-2.680339169112253561e-01,-3.989624891754038338e-01,-3.859822351478607305e-01,-2.737914676996619501e-01,-3.480464545985814118e-01,-3.782511890687726974e-01,-4.928621564601695093e-01,-3.148973521691696975e-01,-9.135586307425849761e-02,-2.980889162045796126e-01,-3.736307561863153603e-01,-4.164060225823278949e-01,-3.672995090639574189e-01,-3.208907418609278084e-01,-3.018080108325232325e-01,-3.049046690194945897e-01,-2.805150864147668566e-01,-1.046119370692049633e-01,-2.687371154869156453e-01,-3.060249708996582996e-01,-1.015872049254792041e-02,-2.057763321110201160e-01,-1.471271015229510815e-01,-3.511170508159556225e-01,-1.211024975438344947e-01
-5.635689010600047899e-01,-5.557857371085667131e-01,-5.194896907407898778e-01,-6.927841306656874476e-01,-4.253172227913257775e-01,-4.733649814301597036e-01,-5.627567971700923044e-01,-5.357613916820181954e-01,-3.425477001054152981e-01,-2.869605705163553733e-01,-3.435241735518090311e-01,-1.655532561932780977e-01,-3.145615335673141999e-01,-5.226393681630691485e-02,-3.048446871170705785e-01,-2.047636497992282867e-01,7.268370471031029845e-02,1.887051642045514122e-01,2.380626537957641065e-01,-5.707117119598579258e-01,-8.722340422166598162e-02,-1.685389508024441318e-01,-4.518944406536168912e-01,-7.767448418740034999e-01,-7.390988394816578877e-01,-8.188496897947018516e-01,-6.928323613676337089e-01,-7.786769628436586155e-01,-7.290226176427068161e-01,-5.968323476626078428e-01,-6.500446244119564287e-01,-5.649997603009563329e-01,-6.836652836614977025e-01,-6.496110165138140324e-01,-6.572835251652719979e-01,-4.639005455405033063e-01,-6.069547145790422649e-01,-5.231667647425893852e-01,-4.703557168193030491e-01,-4.347638309670131540e-01,-5.299165871928210869e-01,-3.751164318241475559e-01,-4.618315235000073904e-01,-5.369783068926742287e-01,-3.407149103490210718e-01,-2.833556276064458923e-01,-3.952571772045161969e-01,-4.339491358629617435e-01,-4.494384405706763896e-01,-4.370225382353839505e-01,-5.715961203350629072e-01,-5.257486484681982430e-01,-5.727421430278150094e-01,-4.574389415497177591e-01,-4.639216830322189788e-01,-5.130358628161821866e-01,-2.601864223030338485e-01,-3.878281546335294871e-01,-3.961166420508970276e-01,-4.181385621177068912e-01,-3.035745920214017457e-01,-2.767875799082845645e-01,-4.187592239624871593e-01,-3.564044235622677581e-01,-4.054387535079069238e-01,-1.950659985634920768e-01,-2.500960099059383324e-01,-3.594546834515631173e-01,-3.132571942374375307e-01,-1.941235560102075042e-01,-4.257527189858933414e-01,-2.330525856683006991e-01,-1.622701332562032639e-01,-2.419435305538234493e-01,-2.887862624776264542e-01,-1.511852410790105183e-01,-2.590566559556063964e-01,-3.330724913845711233e-01,-3.114033183058635967e-01,-3.773272144464205335e-01
-7.421875056403897108e-01,-6.761007534959083687e-01,-6.016152351299566270e-01,-7.571659845600502425e-01,-4.114008711539012819e-01,-6.035838123866749116e-01,-5.820206748678249387e-01,-6.415772301496535102e-01,-4.653263535841907772e-01,-4.788595591771466764e-01,-3.347583447240320420e-01,-2.484130934117077805e-01,-1.717490025421850863e-01,-3.218991146492926614e-01,-1.866428837263412466e-01,-5.872000079500480640e-02,-1.178556996470712763e-02,-4.650738342610430398e-02,-1.275080829219017164e-01,2.656070769110349672e-01,5.573940255995620680e-02,-1.510346523796587681e-01,-2.145686933946377717e-01,-4.020710494721100869e-01,-4.326043223367708190e-01,-7.807689787047368268e-01,-6.971146430575662079e-01,-6.650187371674942671e-01,-6.292766412511668905e-01,-7.018946489206494554e-01,-6.870368995522632138e-01,-6.273501671139221081e-01,-6.686777064267650506e-01,-6.762469208645364160e-01,-7.298080848464409964e-01,-5.537185714034829065e-01,-6.627007176389793086e-01,-5.529437473338674192e-01,-7.063086022402117470e-01,-6.169420023691447597e-01,-4.620896530025780935e-01,-5.279013265552314760e-01,-5.568552096272227914e-01,-5.941802530511846037e-01,-5.460766951013714676e-01,-5.521416721494805113e-01,-4.178726412200498008e-01,-4.869819510205716240e-01,-3.488144267735417969e-01,-3.893655957966547509e-01,-3.717202128363764069e-01,-3.902767196049857779e-01,-3.684453821100878712e-01,-3.923006538592724302e-01,-4.366021584501417752e-01,-3.510755269094098519e-01,-3.350191172723427924e-01,-4.647651306635696145e-01,-3.296679286444308965e-01,-5.126421338605003930e-01,-4.684566118947514068e-01,-2.514237662150747843e-01,-3.892611023309260343e-01,-3.549093662070686439e-01,-3.873969250404755704e-01,-3.336481518056764739e-01,-4.708873652546388677e-01,-3.000196152491445001e-01,-4.116095244393244701e-01,-3.006678384712712093e-01,-2.228800692740667555e-01,-2.893223840430589888e-01,-3.680065485428129501e-01,-3.640435505921686965e-01,-3.803882775360507007e-01,-3.028401855237674578e-01,-3.318082021094737599e-01,-3.432182537151366453e-01,-2.580953031024891264e-01,-3.140549214034610848e-01
-5.837765643277209593e-01,-7.089175733637443910e-01,-6.082568968834525247e-01,-6.599315845169858585e-01,-7.601727625234140362e-01,-6.243450653931279515e-01,-6.111835203807961525e-01,-4.445750667145270119e-01,-3.917746426697750195e-01,-2.137329120884982891e-01,-4.427385456943997988e-01,-3.607748547650331816e-01,-3.843911172613214688e-01,-2.768802872999794884e-01,-1.938359422365994178e-01,-1.989242872797107320e-01,6.193901125096931692e-02,-1.096045430000672505e-01,8.663382744034588134e-02,-3.040063527984714076e-02,7.408199153993014208e-02,1.979974615961754836e-01,-6.760820666046103711e-02,-1.838201655338178309e-01,-2.126713961206614933e-01,-5.111617811836609571e-01,-3.659552516656128796e-01,-7.320525982253779373e-01,-7.055575101183592102e-01,-6.997289466528847646e-01,-7.146540622544986787e-01,-7.003186959736523720e-01,-7.010166716420030975e-01,-6.870498587644662258e-01,-7.178638078556203173e-01,-5.443966792282342038e-01,-6.321574197954671348e-01,-5.972908057996771936e-01,-4.531475361021788939e-01,-5.440352768955610818e-01,-5.517562091586766249e-01,-6.013253526316643116e-01,-4.108729774022689130e-01,-6.767886270635491419e-01,-5.850430574437867071e-01,-4.367433612309389313e-01,-4.447255175541841021e-01,-4.910156970480848981e-01,-6.110612184088548560e-01,-5.656949015788883539e-01,-5.249142530149177865e-01,-4.887612525449241407e-01,-4.163135965056400933e-01,-3.917719547163679983e-01,-4.160017303437010816e-01,-4.958821250254893398e-01,-5.436044959378397712e-01,-4.507664378611656031e-01,-3.853191487747433253e-01,-5.182753671996629397e-01,-3.771138267287538204e-01,-3.919094110026797306e-01,-3.435500561532477404e-01,-4.715113787050773109e-01,-3.206141976200455601e-01,-4.352826825388335652e-01,-4.993798295981797808e-01,-2.427594261505188755e-01,-2.718650340193684567e-01,-4.071279217039281417e-01,-4.052802759062405502e-01,-3.774367172279564087e-01,-2.612295448926084118e-01,-3.538492582883521198e-01,-2.763125424984345102e-01,-2.821298478435618207e-01,-3.246243301351673938e-01,-3.157819421871764232e-01,-3.379716245033165811e-01,-3.128732061312272661e-01
-7.104395012221681460e-01,-8.048683102438969339e-01,-7.215876473824873738e-01,-7.513756066582445436e-01,-6.442938835402526321e-01,-5.615960555012330380e-01,-5.350086840702005242e-01,-5.009344654936388475e-01,-4.194159919047116269e-01,-4.389928066783775895e-01,-5.438943536584193161e-01,-5.214979432851634122e-01,-2.682002514239426039e-01,-2.979501676608437011e-01,-3.014129807732652822e-01,-3.468877578557166830e-01,-1.467111957776663644e-01,-1.736448943786678134e-01,-4.574041005733631843e-02,3.734581797411963989e-03,6.399288791563607914e-02,1.072546304967747083e-01,1.700211522564817890e-01,-4.513624922139047868e-01,-3.446990304768619146e-02,-1.803779922674692560e-01,-2.981619509033608950e-01,-4.240026381744346762e-01,-7.872991563369197143e-01,-6.108175413452976432e-01,-7.919503538390165742e-01,-7.204139628367367543e-01,-6.361914465390101636e-01,-6.253345929456990415e-01,-7.199107542605351906e-01,-6.671758366818836272e-01,-5.972275205657217034e-01,-5.410457720355584810e-01,-5.099835113233488482e-01,-5.260691520726302750e-01,-5.033999343997634934e-01,-7.221593018469903980e-01,-5.608617379793244817e-01,-6.240878829372075165e-01,-5.699482404652370660e-01,-4.643714738664158626e-01,-5.436933150288052463e-01,-5.563255827417905586e-01,-6.012326411423195571e-01,-5.047781398115281926e-01,-4.076793303688370229e-01,-5.197128471515347625e-01,-3.548695591851413478e-01,-5.003984186300729498e-01,-3.864574788732259569e-01,-3.908062588117148239e-01,-4.289434092788804720e-01,-4.516940004623882787e-01,-3.297839832999908127e-01,-4.027103275021223228e-01,-2.320197770317231345e-01,-4.451028602842766468e-01,-4.153544324868888027e-01,-2.493411419693544184e-01,-4.742110269826874669e-01,-4.417298618837798285e-01,-4.195004818347449205e-01,-2.868293050032787450e-01,-4.641583253387253083e-01,-2.548720739228020338e-01,-3.375411256134589477e-01,-3.776861544680409910e-01,-4.048902242811118768e-01,-4.315820096479260348e-01,-3.155976315670338539e-01,-3.832178940342897411e-01,-3.254491823446338250e-01,-4.958662681930004479e-01,-4.036737609339011157e-01,-4.488647796874370988e-01
-5.744801133247100511e-01,-6.478958708596304072e-01,-7.489507722247609189e-01,-7.596607449001031576e-01,-6.806417988458854929e-01,-5.581384236593173176e-01,-5.399819001489184478e-01,-5.449462209723515693e-01,-5.806898505337599881e-01,-4.932177815498419715e-01,-4.855208633049437617e-01,-4.142397073804644503e-01,-3.305563551251320953e-01,-4.397314418705745021e-01,-1.825028106364594283e-01,-1.974359623479055026e-01,-1.098620977410959682e-01,-2.048523209579838078e-01,-1.453886601805870482e-01,1.414691946979490245e-01,9.818750813371655839e-02,2.197386732914680951e-01,1.347141853454066340e-01,2.049576436265057311e-01,1.867011285930877951e-01,-5.295705510432605623e-01,-2.301981843617320334e-01,-2.105843214247390127e-01,-4.829251373711460071e-01,-4.638494041072537266e-01,-7.594528974873806515e-01,-7.182610586957230980e-01,-7.898091791313021082e-01,-7.909553841874831237e-01,-7.128116590732397340e-01,-6.759663052191933197e-01,-7.230251872202466679e-01,-7.118525031541008685e-01,-6.112578211948094253e-01,-6.343391857508193787e-01,-6.730183583851120366e-01,-7.751190520389177330e-01,-5.769845581691144254e-01,-4.782462338962292225e-01,-6.337418975716681002e-01,-6.345992466185920167e-01,-5.071395416763357922e-01,-6.369127166997102796e-01,-6.810243274335547881e-01,-5.296728783811012198e-01,-5.368754633318582048e-01,-4.536208113839816369e-01,-6.397287613854342192e-01,-5.262907083003521835e-01,-5.150048646107288075e-01,-4.174818132714191998e-01,-4.310612374760347532e-01,-4.491874243160946523e-01,-4.882364388700987656e-01,-4.045686959120711745e-01,-5.151024320646938603e-01,-5.631683717287025992e-01,-4.842541737113046363e-01,-3.149082553172102283e-01,-5.255534527636183117e-01,-3.489497709631495526e-01,-4.749224953165541718e-01,-4.660501824892946399e-01,-3.274990449726825625e-01,-3.496083035754466439e-01,-3.481769290397090377e-01,-3.649557853523281437e-01,-4.600723838031041679e-01,-3.650299276046070074e-01,-4.500460114486600771e-01,-2.827751819138789036e-01,-4.044704132415554154e-01,-3.946561053837754907e-01,-3.002836792181378667e-01,-3.869313544416886907e-01
-7.625484026477994393e-01,-5.617937793504045318e-01,-7.247740643654810855e-01,-7.570817581448660016e-01,-6.733470028099520777e-01,-6.645998315761687536e-01,-6.491405426142331514e-01,-5.469616762352293993e-01,-6.802318821239967672e-01,-5.465404996741772825e-01,-4.409928743562781528e-01,-6.058181580676272882e-01,-4.737967468425197115e-01,-4.679906597638557875e-01,-2.982287512359524384e-01,-2.712237188312298652e-01,-2.463858319217979154e-01,-6.110875595405147048e-02,-2.438160543985322670e-01,-1.871299949226704062e-01,-1.354429270981526434e-01,-1.669026425977543082e-01,1.350016258071558006e-01,2.486182217601136391e-01,2.199033036524812856e-01,9.563641514007885369e-02,-5.650911335156361126e-01,-1.530824255065572348e-01,-1.074632813855175006e-01,-1.275952099042078902e-01,-3.471583014305328896e-01,-2.740550570960044174e-01,-7.274128424688901529e-01,-7.555468472547453018e-01,-7.195648142994778285e-01,-8.283038180606059342e-01,-7.683434297581933636e-01,-7.207214165898907510e-01,-6.843636775888748414e-01,-6.569261803078384476e-01,-5.941598541138515266e-01,-5.086556433686543199e-01,-6.232370110880255387e-01,-5.597240084436259089e-01,-5.801141363950856888e-01,-5.701111561374300196e-01,-5.534546662654271643e-01,-5.246715082449351364e-01,-6.106287058526491673e-01,-6.038067313159157790e-01,-4.349996283342782433e-01,-6.028171801616492020e-01,-4.152843947170167249e-01,-4.691879257179372709e-01,-3.396370317829507379e-01,-3.954910759514281282e-01,-4.090364821294156239e-01,-5.624054706841192797e-01,-4.874742808060192334e-01,-4.733313888467277630e-01,-5.962011480992033263e-01,-4.233787989837576315e-01,-3.413621984239922913e-01,-4.677351592908756683e-01,-4.045330436863528445e-01,-4.094509987588393352e-01,-5.501105747313520533e-01,-3.574559348854903784e-01,-4.286465578707560620e-01,-4.887729388545399845e-01,-3.693693854519858322e-01,-3.970266227911454782e-01,-4.346205578068397801e-01,-3.375070664042734148e-01,-4.708735724856104587e-01,-3.327291206681876612e-01,-3.764285823519393781e-01,-3.292056309888464205e-01,-2.831702117209132785e-01,-3.258980547048710985e-01
-7.223547954861792020e-01,-7.023950940931577014e-01,-6.393924083471849151e-01,-6.166858954042998553e-01,-6.397353792869936440e-01,-6.530991123681036958e-01,-6.533537119136604288e-01,-6.042424968157307230e-01,-4.593588618430733406e-01,-6.011248775305620962e-01,-4.369758792194959329e-01,-5.293015533492949620e-01,-4.747611505886395467e-01,-5.326770558401431321e-01,-3.932521260518672679e-01,-3.317771580253075503e-01,-2.345843455722547988e-01,-1.289175837460465601e-01,-8.968670325779588837e-02,-5.341963627572613588e-02,-1.493944404832363120e-02,-8.468433097096632334e-02,-2.948547529484691482e-02,-1.670897002207288873e-02,-6.188131016343642078e-03,3.794184991296134513e-02,2.248700864406613376e-01,1.048746667363793933e-01,-5.967531438319503279e-01,-1.781202658370292791e-01,-2.080861114290733227e-01,-4.285169733114078672e-01,-4.986655009732420263e-01,-7.090413001540013527e-01,-6.687842799360790291e-01,-7.199763630943688542e-01,-6.054178405732560941e-01,-6.321772743028287733e-01,-7.161403042879030956e-01,-6.729487849107773645e-01,-7.017734810055732408e-01,-7.775588107462751974e-01,-5.901937907520043991e-01,-5.833069137400721527e-01,-6.740850886986611279e-01,-5.851226733748062792e-01,-6.653672328304416350e-01,-6.213957769408114951e-01,-5.087629578064192248e-01,-6.089945239334152438e-01,-5.478065743633173668e-01,-5.901444370997415145e-01,-5.892391572153489188e-01,-5.448050935809477524e-01,-5.558628264085597737e-01,-3.909027670310056823e-01,-4.392120355717289981e-01,-5.339956115965475147e-01,-4.056510270428271281e-01,-4.933492153112850054e-01,-5.315885255161482137e-01,-4.269952325601307219e-01,-4.987229145248337492e-01,-4.876018045898857789e-01,-4.885650503509352816e-01,-4.519257469018335693e-01,-4.520259975453193024e-01,-4.105566603341793686e-01,-4.942569098397288085e-01,-3.814616651483866416e-01,-4.701563095210123389e-01,-4.741700389612658606e-01,-4.734713700845866735e-01,-4.516573609492897101e-01,-4.395809206326568019e-01,-3.392329827319099933e-01,-4.061554518451301887e-01,-3.800482518080317562e-01,-4.958004933238392420e-01,-4.881195240123429313e-01
-7.584272334845703067e-01,-7.318361253894234419e-01,-6.859847228769330174e-01,-7.505112866965818474e-01,-7.300358304415407451e-01,-5.431305482377859484e-01,-5.733068104185459202e-01,-5.896659216002538839e-01,-5.355489658440576450e-01,-5.779038665509984574e-01,-4.895177520372980817e-01,-6.735520628678821620e-01,-3.887855347349293833e-01,-4.517361066495130251e-01,-4.842396274221020258e-01,-3.704757778001536161e-01,-4.473779452685501812e-01,-2.526903715588198485e-01,-3.651393599117990774e-01,-1.631486467380578731e-01,-1.660448751637557396e-01,-6.639050273726344875e-02,-4.558817222762363841e-02,-1.143995392287601998e-01,-1.102749655909875288e-02,4.801448097002233156e-02,2.219741784289724906e-01,2.699233392863812919e-01,4.393688092829627356e-01,-2.050180682833229184e-01,-2.837632322885769165e-01,-1.515193144700194283e-01,-2.152491907417969641e-01,-4.364914367538023643e-01,-3.137665568767411539e-01,-6.494385915006908316e-01,-7.969225870473294338e-01,-7.750031514340890437e-01,-5.823750618862940653e-01,-7.167442436961775076e-01,-7.002206232181080736e-01,-6.432135319702075860e-01,-6.849253252441387385e-01,-6.027052822430646328e-01,-6.594665304736977429e-01,-5.363983210597199625e-01,-6.442033888645568585e-01,-4.801434127954753994e-01,-6.205828085651511339e-01,-4.788020523700803333e-01,-5.909506860330734357e-01,-4.961277978336724459e-01,-5.946607660740768075e-01,-6.636656124180515537e-01,-5.574818947545419068e-01,-5.467029278410595605e-01,-6.458887565155497779e-01,-5.410352441045562788e-01,-5.272935816498468542e-01,-5.833194523611668902e-01,-5.882723277386120442e-01,-5.363982903983374184e-01,-3.592708119487376672e-01,-4.044553374189712724e-01,-4.503795587171162684e-01,-3.697782440370334656e-01,-5.244580138175570783e-01,-4.559329776277137314e-01,-3.816704168784000317e-01,-4.132038201763661434e-01,-4.940394629191776077e-01,-5.031904481490829806e-01,-4.905690204861750114e-01,-3.844515246136825937e-01,-3.573541134853924217e-01,-4.146565411036887694e-01,-4.579752859253125030e-01,-3.727650038619841899e-01,-4.644546846638160087e-01,-5.098120005557879031e-01
-8.202319711087807663e-01,-8.143329252181169542e-01,-7.528806436778842093e-01,-7.807657383018370423e-01,-6.681740321300749796e-01,-6.728363640075942786e-01,-6.806663979338604120e-01,-6.595832955795658537e-01,-6.703920406783298036e-01,-4.081903781647174823e-01,-5.580733397609566326e-01,-5.687223138773294107e-01,-4.587687570400991732e-01,-4.384288055219421332e-01,-2.575807452771388117e-01,-3.424296313214602594e-01,-3.089350434950925983e-01,-2.068881060713120001e-01,-1.471625759499925190e-01,-3.100502055671084944e-01,-2.369829482711793556e-01,-1.195700172671962935e-01,-1.224376530035138910e-01,-1.477885446906519740e-01,-1.280556477163572182e-01,-1.068863103003323684e-01,4.748047528659801730e-02,1.816849847010457708e-01,2.385370188686327664e-01,1.986426124915694202e-01,-5.687974340231721770e-01,-5.248268282908018501e-01,-1.294006791781426580e-01,-2.151740969386139180e-01,-3.996381605658839709e-01,-5.319800467329177662e-01,2.716188598050808117e-02,-6.364382493093323490e-01,-7.306491473798703007e-01,-6.392398173053567279e-01,-6.883720913042695733e-01,-7.142048165643833935e-01,-7.528928628882262108e-01,-6.748002859579617096e-01,-6.840407250708244735e-01,-5.873817986526324031e-01,-5.955353633940517755e-01,-6.517820027399273686e-01,-6.683401461957435563e-01,-6.912915141990240153e-01,-5.652426553001592691e-01,-5.932542152990433193e-01,-5.703027994271253620e-01,-5.984590000469683924e-01,-4.866568727303653419e-01,-4.983530206323727452e-01,-6.133285114602381460e-01,-5.608288804879830725e-01,-5.644854785482655846e-01,-4.900991405781336963e-01,-5.513065129534517883e-01,-4.940662329285337995e-01,-4.396338471387822855e-01,-6.222484353985321404e-01,-6.154960724694871210e-01,-4.931426584075370156e-01,-3.172164844010758600e-01,-5.817688431553837969e-01,-4.435368822110749565e-01,-4.085029173146221271e-01,-4.182402480678403811e-01,-5.035076923279021566e-01,-4.480795173319941371e-01,-3.736584537947430507e-01,-5.596630424455850683e-01,-4.365546130951152848e-01,-4.106058238091833124e-01,-4.538124179001726821e-01,-5.301362930271850127e-01,-3.787373495974121762e-01
-8.176739537008532732e-01,-7.542329184620449878e-01,-8.017765129913362321e-01,-7.483695575929814048e-01,-6.615686362621704397e-01,-6.292944299550842224e-01,-7.649047311381291792e-01,-6.443259029341700250e-01,-6.582367375687797617e-01,-6.730773215140171128e-01,-6.269224261868673320e-01,-6.085916984078032499e-01,-3.938709782804343806e-01,-5.546447705589446775e-01,-4.109417529592331864e-01,-3.878749424708681226e-01,-3.676209340669051584e-01,-4.608532322377485446e-01,-2.766438826440386078e-01,-1.075260489318662777e-01,-3.150275708644728057e-01,-1.517511910910031847e-01,-2.670135143635859465e-01,-3.014857224280577119e-01,-2.171814628704117900e-01,-7.543846958442122774e-02,2.879005613932649615e-02,-5.113574078875681578e-02,1.624915988795381031e-02,1.768520889064676693e-01,1.748477018575712513e-02,1.807606104492499033e-01,-2.971050506420762627e-01,-2.664008019437906771e-01,-1.580369952524467991e-01,-3.905156796532934238e-01,-4.801350400200859458e-01,-4.274704047914459903e-01,-3.581050864087668706e-01,-7.757544860863271330e-01,-7.214764620810109053e-01,-6.429199389303185130e-01,-7.178502257465407821e-01,-6.528777177238825891e-01,-7.402407169179535673e-01,-7.038009561983749052e-01,-6.311625578968005357e-01,-6.545062535488714861e-01,-6.775930592430058352e-01,-6.417883211728704351e-01,-6.543332557182164333e-01,-6.479704016899316965e-01,-5.854281409227134469e-01,-6.028353977948522902e-01,-5.356811701792544289e-01,-6.371792890205371096e-01,-4.599966917494651697e-01,-6.124196820554373977e-01,-5.359179380958158934e-01,-4.586019480477244170e-01,-4.763607797113565967e-01,-3.822905807033629144e-01,-5.858303193450379309e-01,-4.915102765802714657e-01,-6.122791448710793727e-01,-6.160193870789780757e-01,-5.568305711593809493e-01,-5.362079684566425364e-01,-6.460853616058362947e-01,-4.843726193870053764e-01,-4.760323862963731778e-01,-4.466898774189480559e-01,-4.205931669841040943e-01,-5.661977837702907301e-01,-4.465851747836865893e-01,-4.834358844510699971e-01,-3.995031106515540831e-01,-4.251042093367838337e-01,-5.135304934628422968e-01,-4.025245889894673579e-01
-7.612299702480849195e-01,-7.505602462332121583e-01,-7.655766619140157436e-01,-7.912879187575889706e-01,-7.072094033803097979e-01,-7.841735377855368894e-01,-6.529566127763325456e-01,-6.860049129338388063e-01,-6.722961793840377398e-01,-6.011760069260111417e-01,-5.956542478392434781e-01,-5.933940591854016677e-01,-4.191310531983978294e-01,-5.822496833688973750e-01,-4.948934336091098674e-01,-3.560291420483450708e-01,-4.221988410635731936e-01,-4.168376606084644442e-01,-3.022452045475277349e-01,-2.510866156111050129e-01,-3.395915084056399524e-01,-4.253123231154261608e-01,-3.021964828986677398e-01,-2.079916296924594690e-02,-2.304857988495633003e-01,-1.968277676050426139e-01,-9.234096300522345521e-03,5.133209648013691007e-02,-1.957082909525891812e-01,5.326242510300671640e-02,3.815481841706681865e-02,-3.030641508716667987e-02,1.993683837327971664e-01,-5.685929136414926699e-01,-2.857592480434136828e-01,-1.809283591331576069e-01,5.384596521275383275e-03,-3.963868746027360279e-01,-3.317114671296433337e-01,-1.751058295598152403e-01,-6.142090317228848795e-01,-7.364905255375610027e-01,-6.535127435671158613e-01,-7.425575063910816453e-01,-8.009405386150407757e-01,-5.933538908279268886e-01,-6.783810211943757107e-01,-7.096376397448030948e-01,-6.078303102902964383e-01,-6.613264510501203342e-01,-6.171274176730541239e-01,-6.807791724640985809e-01,-6.376071221734881389e-01,-6.089043570976282460e-01,-5.739413136348656685e-01,-6.680396439866008729e-01,-6.219146423898683773e-01,-6.069612059837280471e-01,-6.863621490626645727e-01,-5.860088171509082455e-01,-5.747091773902116563e-01,-4.995625486750857602e-01,-6.189231519152617045e-01,-4.369558231721301644e-01,-5.318362716495181886e-01,-5.535430282337323593e-01,-5.297631786765124584e-01,-5.578182331363660262e-01,-3.937240813349756618e-01,-5.562373665529801725e-01,-4.972264095221969327e-01,-5.786064457764065194e-01,-5.961815094922715552e-01,-3.788461913935606828e-01,-4.164720824380718223e-01,-5.113670301651016548e-01,-5.351133143713101559e-01,-5.967417642681590584e-01,-3.547544198694435047e-01,-4.208442039996735384e-01
-7.679107968719693922e-01,-7.342486769723356455e-01,-7.253944805100569493e-01,-7.198650274054005926e-01,-7.735555494081621797e-01,-7.833473898903959842e-01,-7.068430816460335997e-01,-6.883379033049317197e-01,-7.741330062148168434e-01,-5.207011052650469818e-01,-5.248623837242517576e-01,-7.141936937984223466e-01,-6.028653267493258028e-01,-5.246735894244684006e-01,-4.626715923315959933e-01,-5.701303830326143185e-01,-5.005114942513702037e-01,-5.511512689795925457e-01,-4.366410254571418958e-01,-3.230521056684326764e-01,-2.928734181621827082e-01,-3.030082062020742484e-01,-3.316499181249579209e-01,-3.325368729179593030e-01,-1.216864117920729710e-01,-3.213938823853846882e-01,-2.470848818626842081e-01,-2.004675639805362369e-02,-1.147029286529680780e-01,1.103433924726033299e-01,5.868988908367746282e-02,1.669427459936207447e-01,-6.540309893414211762e-02,7.781524591863839269e-02,-5.687368055991468691e-02,-3.528841758067835510e-01,-8.682028629652947804e-02,-1.311358487737424305e-01,-1.610146963612874571e-01,-3.941101723022347181e-01,-3.944835094077611126e-01,-2.842697598147371219e-01,-6.944483860076469117e-01,-7.178652990816016821e-01,-7.371736407164523053e-01,-7.195503563098317734e-01,-7.187796451361564420e-01,-6.579490219794881245e-01,-7.262516407992413159e-01,-7.092434338486843792e-01,-7.156288640486005992e-01,-6.409925643910635573e-01,-6.944086481958854362e-01,-5.441169838860936414e-01,-6.378927756154434414e-01,-5.455033745933461908e-01,-5.747975007689359872e-01,-6.717350247660914819e-01,-5.740672647412690122e-01,-5.964543470332125397e-01,-5.851300780646346844e-01,-5.555391835853598081e-01,-6.425312048813280885e-01,-5.828720553946308280e-01,-5.516723844092310536e-01,-5.136108713674444326e-01,-5.429792030980267192e-01,-6.123437140837053594e-01,-4.755150453902363683e-01,-5.258808793885946242e-01,-5.266802413774528402e-01,-5.276529452342166859e-01,-5.737036723122911352e-01,-5.525025857925952577e-01,-5.887274731962305330e-01,-5.337421662186585536e-01,-5.449450620696419945e-01,-4.470261501625794054e-01,-4.244028889475778277e-01,-5.107481190288061246e-01
-7.675696882710199009e-01,-8.245899397521567753e-01,-7.225120223083141280e-01,-7.414887507355251151e-01,-6.441683981380491586e-01,-6.164174854341371024e-01,-7.604198294954260806e-01,-6.734360648652842896e-01,-6.933001789773025614e-01,-6.175337681619350594e-01,-6.610445665900379630e-01,-5.061206198304717407e-01,-6.158913304877106087e-01,-5.384001883959962376e-01,-5.184077496211588754e-01,-4.146365021370423398e-01,-4.466227333018865653e-01,-4.456280918057656804e-01,-4.090380571071065563e-01,-4.209377161892275399e-01,-3.546735438094733017e-01,-3.086099270043294873e-01,-3.121553018937744950e-01,-2.381256903033097116e-01,-7.093806190579801663e-02,-8.610991843087981157e-02,-2.289548111263745300e-01,-2.391784222318119324e-01,-2.500044904737114271e-01,-3.186475251341836651e-02,-9.319727649078397846e-02,-1.305858836657471933e-01,2.225311939497481017e-01,2.454702261620131110e-01,-1.495619684954169540e-02,2.288473361753536606e-01,-2.999649509662122293e-01,-2.811362857707463969e-01,-1.250978721626321011e-01,-2.245239858597599392e-01,-3.535283447283374403e-01,-5.268114953272333700e-01,-4.555418735149102116e-01,-1.042579416506574375e-01,-6.619032210035965536e-01,-5.758743753951590660e-01,-6.859827949044517981e-01,-6.363167239228185723e-01,-8.080849749776937152e-01,-5.811391924802299380e-01,-6.735003660738170250e-01,-6.533757942043172395e-01,-6.058776261795030260e-01,-6.755831163462721056e-01,-6.663781399186725629e-01,-6.411917012525737425e-01,-5.843673805331833782e-01,-5.914925821922345506e-01,-5.554487897562854215e-01,-6.509839087528921375e-01,-6.604193990326597818e-01,-6.775912086787325705e-01,-6.681967929028392872e-01,-5.704300501127197442e-01,-4.894373861912612589e-01,-4.912969586764050489e-01,-7.187337412964954764e-01,-5.374885091539385318e-01,-5.076789970148378739e-01,-5.125308305642168882e-01,-5.321395207746885125e-01,-5.227649497278811230e-01,-6.567763579959746689e-01,-6.187225343543953926e-01,-5.214151137520749435e-01,-5.071814994591470338e-01,-6.245699068175841751e-01,-5.265269177869685846e-01,-5.593248445735449215e-01,-5.183903976338658515e-01
-7.623393281754415884e-01,-8.185727530518354111e-01,-7.433818358888536482e-01,-7.756667582114885606e-01,-7.847034789249028863e-01,-6.863979446757720870e-01,-6.972438551983509702e-01,-6.488389551598445770e-01,-5.720080257538912027e-01,-6.605069534543760446e-01,-6.492420728307835009e-01,-6.423784279505433403e-01,-6.361555129406770703e-01,-6.443013164480896338e-01,-4.992801071840545779e-01,-5.324941720302596160e-01,-4.876141056412848784e-01,-4.141994772937839242e-01,-3.590637530151783996e-01,-4.104579634876376337e-01,-4.306893410655753263e-01,-3.500659425428324645e-01,-3.132560202841793706e-01,-2.909392916074382551e-01,-1.156061582557692397e-01,-2.968076705559622996e-01,-2.635964831721763768e-01,-2.484078979349975402e-01,-9.542792174202453792e-02,-1.617739379911652953e-01,-2.024779345631497474e-01,-3.913183611849011673e-02,-3.938737912039673265e-03,-1.329312663770930714e-01,3.080340240485161460e-02,1.058329195392809369e-01,1.054490891997491159e-01,-5.549242667468605728e-01,-5.835789182535718878e-01,-1.833960651069659886e-01,-1.794168145429138883e-01,-3.523319175992181140e-01,-4.039385278615075792e-01,-4.637244098596540187e-01,-3.033905327102951466e-01,-7.795262751468877704e-01,-7.786044124405343547e-01,-7.931537709375156009e-01,-7.267616033907183803e-01,-7.126469508013956178e-01,-7.034137007471562564e-01,-6.897043417342281213e-01,-5.654685497267848415e-01,-6.636707919040757409e-01,-7.323376390298877991e-01,-6.149793370665694869e-01,-7.132830750504568496e-01,-5.735246723707961847e-01,-6.417249042984595198e-01,-7.169582321051257701e-01,-6.981356975839217993e-01,-6.190269616351048443e-01,-4.944865787562837678e-01,-6.043262737255249428e-01,-5.272322829287616752e-01,-4.349791372813521795e-01,-4.727781854453548815e-01,-4.960222517676306508e-01,-5.012466135917964527e-01,-5.324890183563382173e-01,-4.917716181395637154e-01,-5.806002426463857669e-01,-5.967077447320724426e-01,-4.153933821293714357e-01,-5.135507276643408447e-01,-5.362059358521115149e-01,-5.271941038639116339e-01,-5.084019934308627864e-01,-3.961730972007498908e-01,-4.998772194277158465e-01
-8.167820805550757290e-01,-6.200900267673360444e-01,-7.921241773235948580e-01,-7.755407980268610446e-01,-7.138391631063449871e-01,-7.655456153883125614e-01,-6.893445477672242028e-01,-7.197175073887114305e-01,-7.147709583585205584e-01,-6.372856796413456371e-01,-5.474318505853053018e-01,-6.934073118589054729e-01,-6.957843513842278949e-01,-4.884580332859647656e-01,-5.780488184982214284e-01,-4.967329112423469195e-01,-4.606839163282219207e-01,-5.951284300747674560e-01,-2.792289712509424260e-01,-4.918739957241449190e-01,-3.182599922473487997e-01,-2.653156950181526641e-01,-2.464214273076792139e-01,-2.062512998321695545e-01,-2.426941318092962763e-01,-1.874625108296388842e-01,-3.593462568871529927e-01,-2.659718086150450467e-01,-3.362579152520335513e-02,-2.075903149709562578e-01,-5.606024871344442856e-02,-6.810871814377711386e-02,4.168860891259149742e-02,-4.240810559334438901e-02,1.438607887497630466e-01,-1.158206723675080652e-01,1.696263971191196984e-01,1.751564643416191058e-01,-3.635112521584537952e-03,-3.030652783383466220e-01,-1.896212927684048921e-01,-1.191464697954041918e-01,-2.927792437225791855e-01,-3.164921470339530085e-01,-4.030854421468293980e-01,-5.195324251338726551e-01,-2.331166939595909482e-01,-7.120031690066813690e-01,-6.995596047767397296e-01,-6.722135251709336901e-01,-6.948662213350236261e-01,-7.309699382320081762e-01,-7.315514486365812807e-01,-6.778958016782726803e-01,-7.035759939694994358e-01,-7.075626170100673962e-01,-5.866147746731597001e-01,-6.324693004993903189e-01,-5.985579837307773987e-01,-6.194128911936989113e-01,-7.541443441972427442e-01,-5.916295840188406929e-01,-5.093870112127518723e-01,-6.909625605390826708e-01,-5.593320034819009301e-01,-6.029098391746638974e-01,-7.326799634772100944e-01,-5.976613028671151628e-01,-6.299291314531050290e-01,-5.002878138299571287e-01,-5.648667797457390671e-01,-5.634251075476356396e-01,-5.664071971481139389e-01,-5.891087292720349478e-01,-5.774752414793180577e-01,-4.937639321309471030e-01,-4.874781176683869455e-01,-5.638830477780085726e-01,-5.581595996157041606e-01,-6.533593595834609191e-01
-7.314244496855993871e-01,-7.121627391721249145e-01,-7.988806012328104611e-01,-7.803051610978815056e-01,-8.010736783990682897e-01,-7.803554777265112596e-01,-7.281519644654308454e-01,-6.747597876522839488e-01,-7.236642378448011614e-01,-7.104884831020898961e-01,-5.996684758541424021e-01,-5.872375436163216333e-01,-5.850607153669041827e-01,-6.943645307023890156e-01,-5.452451976645323883e-01,-4.868603090819157431e-01,-4.269876203665212144e-01,-5.745746443360880695e-01,-4.552342141674746712e-01,-4.270799811429210613e-01,-3.778436020599353351e-01,-3.477914557973845744e-01,-4.868635407520475189e-01,-3.754864559965011561e-01,-2.310589067497354765e-01,-2.316470453038451671e-01,-2.134500688801789225e-01,-9.655640598485552839e-02,-1.850665463354479179e-01,-1.613769399026222240e-01,-3.587980504442048191e-02,2.819578168586087900e-03,4.073721320593647749e-02,-1.208847665296194501e-01,-7.405877900514559742e-02,1.175821772087883160e-01,9.159104637499008994e-02,-5.409111177917493019e-02,1.697403657849731184e-01,1.970002724282792633e-02,-5.701162355365598788e-01,-5.791891967809863484e-01,5.201051630217121829e-02,-2.133377860694232464e-01,-8.672595062283801337e-02,-3.332995852534271219e-01,-3.926099867721387082e-01,-4.650131863052236469e-01,4.753440113244476045e-02,-6.729291980457497990e-01,-7.233493181680816786e-01,-7.644200127663808297e-01,-7.885611318836392991e-01,-7.078266066522905797e-01,-7.654932978090187579e-01,-7.465966016154609308e-01,-7.527400771743981700e-01,-5.740111538948106107e-01,-6.869338541583130953e-01,-6.186856760533223643e-01,-6.305154082108924696e-01,-6.004855440502269159e-01,-6.865271292829622229e-01,-6.801060149561642953e-01,-5.802458990360863655e-01,-6.601602462342163191e-01,-5.412370053406569959e-01,-5.169195706209761543e-01,-5.262713888488941283e-01,-5.895099904837414195e-01,-4.817408044642826903e-01,-5.822625971190523719e-01,-4.115805509858314060e-01,-5.928765043447208338e-01,-5.689330180773743972e-01,-5.867351511293058541e-01,-6.008335442051311315e-01,-5.127563887084439775e-01,-4.427428638417544859e-01,-4.683730188428854024e-01
-7.653685252620135993e-01,-8.057785140865185713e-01,-7.837344801071831624e-01,-6.916242702241767182e-01,-7.635903778289899746e-01,-7.399243303818762163e-01,-7.868655340951511423e-01,-5.793035310397670612e-01,-6.667487858018669167e-01,-6.539222651148198784e-01,-6.725546205219045115e-01,-7.274189908741885979e-01,-5.889834997657370508e-01,-5.639851803458085788e-01,-7.261708827987209958e-01,-4.675318987242384483e-01,-5.304872152676902708e-01,-4.585301591229568041e-01,-3.936554092034694197e-01,-3.256034399755317055e-01,-4.551899232633026537e-01,-4.242196855801235733e-01,-3.581213812717727873e-01,-4.279324788175021821e-01,-3.535715116402059488e-01,-3.015293546624423504e-01,-8.295501546078026811e-02,-2.872391262751226026e-01,-1.848916454325615355e-01,-3.854044595371663995e-02,-3.036382740540942773e-02,-6.898143131728572131e-02,-2.120685749972663625e-01,-2.254305823726809183e-02,-1.155613434833541349e-02,-3.865680528854598813e-02,2.675056196961926591e-02,1.860206722821905190e-01,5.725127573535533643e-02,-3.505163539640767344e-03,4.235583083393178461e-01,9.692593582136503627e-02,-2.032118566301369944e-01,-2.798395753744019609e-01,-2.152762194604502383e-02,-4.491830809383111078e-01,-3.885813928783588556e-01,-3.145312331211567725e-01,-5.042833768340321265e-01,-3.465491734140495050e-01,-7.308252335361206109e-01,-6.947918153892620463e-01,-6.277382434104535891e-01,-6.944476509495280947e-01,-6.981823339579215082e-01,-7.791995725656444272e-01,-7.160009412420610397e-01,-6.774143974542720104e-01,-6.487149426898087823e-01,-6.632628221607972385e-01,-7.594445591370465598e-01,-7.010249846957680164e-01,-6.667844388576920078e-01,-6.862807595960922491e-01,-6.752213097037935707e-01,-6.804951873763877002e-01,-6.062188752851371820e-01,-6.028037257246808833e-01,-5.593030644122378714e-01,-5.868927423965043522e-01,-6.062394683064508127e-01,-4.079161426321538664e-01,-5.666733659588888417e-01,-6.335368438384555434e-01,-6.680195701802454922e-01,-5.069481594477103226e-01,-6.740420147672895324e-01,-4.871452205712953898e-01,-6.006237166965392449e-01,-5.615921986779833786e-01
-7.737988508643961483e-01,-7.707375190395160391e-01,-7.655968396797931952e-01,-7.797435484720264265e-01,-6.514891764155720244e-01,-7.574007606243944313e-01,-6.856540431552157200e-01,-7.169755338146550638e-01,-7.798049430686369021e-01,-7.258721999554512694e-01,-6.990321973322755067e-01,-6.137971128006218802e-01,-6.616718912474107706e-01,-5.796392343154282978e-01,-5.120355744659164099e-01,-6.305752994365122488e-01,-6.030122124329729827e-01,-5.343890835483660062e-01,-4.543248889130492296e-01,-5.104862612522276244e-01,-5.061619697962589370e-01,-2.830881956532452781e-01,-4.662547819360702284e-01,-4.955189905195956368e-01,-4.083579563150841474e-01,-3.545888994596212429e-01,-2.470989999142635674e-01,-2.478490697337236148e-01,-1.170957774086584385e-01,-2.361097119605136130e-01,-1.081817070741123293e-01,-2.040030200107117719e-01,-7.597185045039686613e-02,-1.513374090012863382e-01,9.447067382131715818e-02,-7.398947731213208201e-02,-1.192461302854723876e-01,1.207315130831884409e-01,2.448199900564391740e-01,7.466839013479494025e-02,2.292573459865415719e-01,-1.297204013422887173e-02,1.215836883090741088e-01,-5.794275039397973615e-01,-3.411761272436935610e-01,2.532732244118962583e-02,-2.513847747391936283e-01,-1.798007564434502548e-01,-4.485608740200335287e-01,-4.503460301036782965e-01,-5.461617814727477427e-01,-2.653974954701519007e-01,-6.864140031349557081e-01,-7.255380593827032154e-01,-7.327948312137133602e-01,-7.215378805578566146e-01,-7.783549882719126289e-01,-6.601468128284555537e-01,-6.947650267628407983e-01,-6.196724960481353461e-01,-6.184256345999245008e-01,-6.752477312587881197e-01,-5.098477558362307649e-01,-6.469307925015519434e-01,-6.581442775422247093e-01,-6.793041821087031362e-01,-5.873396903288569115e-01,-7.010259725973433387e-01,-6.159380487075210020e-01,-5.376763328986959856e-01,-4.856081064180869378e-01,-6.681318173564698704e-01,-5.765052619249220189e-01,-5.819766139135028604e-01,-6.453481248740027265e-01,-6.014488978695665677e-01,-5.528990718247795977e-01,-5.536219451634397659e-01,-6.109215267933375548e-01,-4.966873151801287078e-01
-8.176813149862922625e-01,-7.514514740253314118e-01,-7.843565096023205063e-01,-7.950116580467641025e-01,-7.525791342220461422e-01,-7.825188557966699099e-01,-7.403191859420990006e-01,-7.208083125189619356e-01,-6.964422305058336482e-01,-6.463187323070324064e-01,-6.244910541195433096e-01,-6.733313782535919056e-01,-6.598985820275982128e-01,-5.983631473472380558e-01,-5.482941526084720296e-01,-5.612425037775161663e-01,-5.470063458531864153e-01,-5.170117686179129812e-01,-6.371512724301822139e-01,-4.611571124923289910e-01,-5.907838021562663577e-01,-4.181379223207491447e-01,-4.653677153729827709e-01,-5.306683941979951635e-01,-3.360157722848393647e-01,-5.087301412716290772e-01,-2.539491313949437390e-01,-3.471989472311495795e-01,-2.490912056664855712e-01,-1.914914282406427193e-01,-2.157678089778669595e-01,-1.738270334329987676e-01,-1.824100120171449346e-01,-8.411773639259728652e-02,-9.814280055207695586e-02,-1.073768262903660453e-01,-1.180545199808030049e-01,1.399103126382424990e-02,5.603894315170210999e-02,-6.028176997397645398e-02,-7.778167828659870997e-02,2.220637339143450295e-01,1.127130832945952149e-01,1.516018598625704927e-01,-5.803229123573449000e-01,-2.971962973937890551e-01,-1.675272871803009100e-01,-1.893854211878895355e-01,-2.079785720136783089e-01,-3.092737487693983933e-01,-5.105790533460259351e-01,-4.832092468383406003e-01,-4.187950567342845765e-01,-4.589811710496948666e-02,-7.322666193919969979e-01,-8.084822995686344882e-01,-5.471045872311071090e-01,-7.288329304122265206e-01,-6.839996184691884418e-01,-6.847806613039241208e-01,-7.122312816530879109e-01,-6.801694287113313475e-01,-7.815445932020346209e-01,-6.257296380981173245e-01,-7.640173757345229966e-01,-6.847646657545836124e-01,-5.952803486758606599e-01,-6.407890774988341809e-01,-6.420969350489413863e-01,-6.698260976422989454e-01,-6.222379898497771844e-01,-6.184705096076746900e-01,-5.995974107683461618e-01,-5.934180808961666553e-01,-5.570192953242383282e-01,-6.404586362973518909e-01,-6.319290128122000416e-01,-5.905887825052338336e-01,-5.915589237284586410e-01,-5.723102791125717070e-01
-8.048090946926810263e-01,-7.184977845945129671e-01,-6.510678741336944908e-01,-7.182965348855778753e-01,-7.380006659579435579e-01,-8.002675129216803018e-01,-7.439661321853031639e-01,-7.554661139055985908e-01,-7.242115655038626754e-01,-7.604583603193501018e-01,-6.522332435477874446e-01,-6.684587702098201412e-01,-6.264817606290049579e-01,-6.650455770476942918e-01,-6.048293429112965303e-01,-7.180541831819603482e-01,-4.822453644372827752e-01,-5.579984571532540238e-01,-4.489931719978236813e-01,-5.836300890732945001e-01,-4.341876510949509993e-01,-5.109045529523157381e-01,-4.115947006754712145e-01,-4.517920489002623663e-01,-4.785124263853079984e-01,-3.718826074736059639e-01,-3.011382626167914967e-01,-3.293263936030248473e-01,-1.912983248224270072e-01,-1.561816703944143014e-01,-1.546621535889536048e-01,-3.082788549989995963e-01,-2.224013720964097829e-01,-2.150047967920579520e-02,1.161042830481407405e-02,-2.449847408208889188e-01,-3.627577810191129348e-02,-7.798718879287068473e-02,1.490869544314364636e-01,3.944179906146339648e-02,-5.517787226095407366e-02,-1.075636339762191807e-01,8.975201054901918440e-02,-6.126364971878936472e-02,2.638684333264152970e-01,5.193508656916501209e-02,-1.147016713737260274e-01,-3.488514971233104833e-01,-7.937375895426343475e-02,-3.271568574571703802e-01,-1.644821153483562448e-01,-2.870027218217128251e-01,-4.052471050869846936e-01,-4.302684745052964832e-01,-2.622501742859117413e-01,-7.494255405599403730e-01,-7.408354864050922250e-01,-7.490119926770154590e-01,-7.423481434859844352e-01,-7.418352842697274463e-01,-7.754796992515655685e-01,-7.615772538475259479e-01,-7.620942755641940680e-01,-6.895085898100247190e-01,-7.408334307198642943e-01,-7.799604436874651991e-01,-6.066291656528878251e-01,-6.634370311534207865e-01,-6.691299054005166447e-01,-5.673691858448115521e-01,-5.971530070473168861e-01,-6.768551873430362908e-01,-5.294492916805066951e-01,-5.462043710834354471e-01,-7.542923955920258772e-01,-7.049563417694438838e-01,-5.600339087028364249e-01,-6.639312217425540341e-01,-7.407702191568138472e-01,-5.655117077835263295e-01
-7.663017545026331589e-01,-8.133025508306643836e-01,-6.522939380626079364e-01,-7.176958264373249907e-01,-7.966707182033795354e-01,-6.712047470723753184e-01,-6.978711415976256438e-01,-7.008893236802516968e-01,-7.504012893715119592e-01,-6.503975038378629892e-01,-6.628312980381518837e-01,-5.581450844255474442e-01,-6.490129940203499537e-01,-5.353640314816729973e-01,-6.688642038513152865e-01,-5.995897492977669829e-01,-6.826084569083604725e-01,-5.773834200186050980e-01,-4.952855901727666876e-01,-6.374901082674938602e-01,-5.284379843147798406e-01,-4.319534017664498626e-01,-4.222722054664634350e-01,-5.465253144314290434e-01,-3.617366154738445028e-01,-3.580086820684655335e-01,-3.075852948387665098e-01,-2.123419412287560204e-01,-4.275888601190017124e-01,-2.568072614229163220e-01,-2.112037553153749136e-01,-2.512526438282422503e-01,-2.264780685313865505e-01,-6.867627138540402520e-02,-1.570746107471611974e-01,-1.079993549136391978e-01,7.829079923944014252e-02,5.837852833719334861e-02,-1.012902464563595478e-01,4.588393483065927175e-02,5.951328622866212253e-02,-3.671727032373788002e-02,1.364843293484132858e-01,1.736077215012210018e-01,1.466555907836113448e-01,2.659206970909345213e-01,3.214318152319140531e-01,-5.750997450052872662e-01,-3.881722402514670711e-01,-2.142201426248569462e-01,-2.224628085723668602e-01,-8.211081029951231014e-02,-5.261254204004348067e-02,-4.594965362017833232e-01,-4.798626048056516824e-01,-5.561989400344015122e-01,-1.917535595233622880e-01,-6.367567530094540018e-01,-7.828154574639152319e-01,-6.492639843108027886e-01,-7.278174974168389877e-01,-7.541797394450939773e-01,-7.262803520413219083e-01,-7.769271127244619102e-01,-7.280170098919248600e-01,-6.603502443713039627e-01,-7.336345677501177054e-01,-7.120398487175535474e-01,-6.846287851928728463e-01,-6.113502104533613535e-01,-7.819370922086676945e-01,-6.654555131380416322e-01,-6.580760536824368234e-01,-6.572607436132639203e-01,-6.287630257230711894e-01,-7.101381124012765556e-01,-6.141030144966959092e-01,-6.247923751628292610e-01,-6.988096025701351355e-01,-5.242272954451582256e-01
-8.235824243723085525e-01,-8.015248654688809093e-01,-7.247000952372875116e-01,-7.779213833611801077e-01,-7.479305702092359232e-01,-7.770001458432408414e-01,-6.986860638816991820e-01,-6.512057940184027283e-01,-7.146225207011759339e-01,-7.304835994682471467e-01,-7.181436942660948120e-01,-8.101779954924476224e-01,-7.397174503955705749e-01,-6.938573068993808546e-01,-5.401937561466587656e-01,-6.144230668758451364e-01,-6.782044834693444768e-01,-6.521401394945872676e-01,-5.578439374558589181e-01,-4.690657430742979916e-01,-5.161176119451271749e-01,-4.292671121882025154e-01,-3.388540286744688990e-01,-5.518550096316511278e-01,-4.609520057811234972e-01,-4.887561253838574316e-01,-4.442969541856511273e-01,-4.647192196541379827e-01,-4.157699193954915162e-01,-3.686627771283712551e-01,-4.144389283561743520e-01,-3.575797617523236993e-01,-1.622307928443724734e-01,-1.465476618572519318e-01,-1.952301691362700459e-02,-6.707184890133634225e-02,-3.399180378150329918e-01,-9.667921188372570473e-02,-5.441918668281449378e-02,1.466999213663520551e-03,1.224345103993304817e-01,-2.036486831766865235e-01,6.418900226655328833e-02,8.815326826972635921e-02,1.160698590926778351e-01,2.348338594381305655e-01,1.183959530578845148e-01,5.766936893548151033e-02,9.455117854153162471e-02,-1.096129335038571184e-01,-2.360178510295516952e-01,-3.256177937997818961e-01,-2.029126602633326837e-01,-2.795760752620322642e-01,-3.588425423595740238e-01,-3.222110137994919632e-01,-4.316101281017991065e-01,-2.275238987815156044e-01,-1.187093999414314538e-01,-7.526163063965649602e-01,-7.199186498900386200e-01,-6.946707088980390576e-01,-6.162025780913192863e-01,-6.737465405445366429e-01,-6.234208904161476772e-01,-7.274556981702429148e-01,-5.748297864450734318e-01,-6.919797515029874058e-01,-7.508306263637029021e-01,-6.506865112683133390e-01,-6.330519514012898918e-01,-6.024147504587968882e-01,-6.312757737131455826e-01,-7.160586596802104298e-01,-5.960605870054404010e-01,-5.561177772762539995e-01,-6.900058504893887834e-01,-5.300013443607032304e-01,-6.226969801025117324e-01,-5.189020878114783963e-01
-7.197439214038106048e-01,-7.648855055558055893e-01,-7.364684989477867649e-01,-6.633417803758976383e-01,-7.302925462959277692e-01,-7.747047417714602036e-01,-6.488512696715316164e-01,-7.450012732274811089e-01,-6.319136080172370606e-01,-7.599892949506472650e-01,-5.334374811906671399e-01,-6.369667630923487867e-01,-6.359221678894814156e-01,-6.377367618365429314e-01,-6.091601429843128690e-01,-5.737358906529494984e-01,-5.894395367989847534e-01,-5.832323832012120679e-01,-7.001733272559155230e-01,-4.622730937833056664e-01,-3.203196931703662376e-01,-6.396152973253951268e-01,-3.644693386219791664e-01,-4.853524363703710098e-01,-3.944812233766621934e-01,-3.654816471531019961e-01,-2.898311931173302991e-01,-2.956603106337293840e-01,-2.680485445716482285e-01,-4.334933193996293732e-01,-3.934411568069676735e-01,-2.412393084804503041e-01,-1.387747834365390676e-01,-1.981193336310927700e-01,-1.707629388762164635e-01,-2.024337584787736233e-01,-1.269882205574263123e-01,-3.458661863535041070e-02,-8.268733545965026299e-02,-3.158946931373556033e-02,-2.221230537170941488e-01,-3.847352014367985684e-02,4.846424637954629966e-02,1.185445302640239784e-01,1.914078887603145041e-01,2.460301733499478394e-01,-2.897534852641847972e-02,2.787081806607007439e-01,2.073662218358939824e-01,2.302049989293734333e-01,-5.814375227064474405e-01,-5.263654528914148978e-01,-2.280480952128091932e-01,1.253781267533042067e-02,-2.019002908722901390e-01,-9.838971376383984224e-02,-3.270963527499336498e-01,-4.766485724967415294e-01,-4.128462402933480990e-01,-3.231372024478623151e-01,-6.956598615422154852e-01,-6.970323939151462644e-01,-7.073516376262176664e-01,-7.500498990756736539e-01,-7.826854255549859918e-01,-7.208592705228881181e-01,-7.457458541611053926e-01,-6.640160080592388825e-01,-6.665729154730040129e-01,-6.964352261218073048e-01,-6.764599978765761801e-01,-6.452275346728921779e-01,-5.822526594265740041e-01,-6.402385077780580191e-01,-6.744750908224336206e-01,-5.559226111702050277e-01,-6.209152103823496471e-01,-7.064980679386577700e-01,-6.141271901036748915e-01,-6.240975855548875906e-01
-7.608348925768859683e-01,-7.895905832019421977e-01,-8.046885311869741431e-01,-8.046693127396441492e-01,-8.187744662977245458e-01,-8.116682224392073319e-01,-6.921564830872704022e-01,-7.878958612463422551e-01,-6.630963539367158432e-01,-6.800873147616786074e-01,-7.101492366199476658e-01,-6.891936435687429086e-01,-7.299644397094497972e-01,-6.498509757179765645e-01,-7.204878120962814325e-01,-6.170122619715010526e-01,-5.943009618647080439e-01,-6.529386930382070631e-01,-5.858533436601350841e-01,-5.723045952644715273e-01,-6.094947511767802029e-01,-5.594635591523948737e-01,-4.913030349220893767e-01,-4.795082621117571775e-01,-4.525260466538393311e-01,-4.185706678849162587e-01,-4.326471408376381667e-01,-3.409333720247672561e-01,-1.029613518977354758e-01,-4.420226174997015645e-01,-2.979375426495582957e-01,-3.204046945821394377e-01,-3.370091964788645145e-01,-2.825344067857307739e-01,-1.204301415532927216e-01,-1.623024305651748211e-01,-1.671679426806587376e-01,-1.020768731664033341e-01,-1.784306232722408514e-01,-6.339161297521461735e-02,-1.467173996357170607e-01,1.108119902016623942e-01,6.239872624818763175e-02,1.254097384182881192e-01,-6.079174717453435933e-02,1.612394421565485902e-01,1.857298984769021472e-02,6.949247390448465289e-02,4.534534103358730216e-03,2.318136906731028263e-02,2.300931289176958161e-01,-5.767378038205082103e-01,-2.048219818750580123e-01,-1.309484354401172224e-01,-1.266282223921822436e-01,-4.182135015871776829e-01,-2.489638078885381411e-01,-1.213350296177195531e-01,-3.533043125255507788e-01,-3.796390315059779974e-01,-3.651828489638955233e-01,-4.765319107240803542e-01,-8.408559075915871261e-01,-7.263240747741048775e-01,-6.982778476657910405e-01,-6.894971335979018789e-01,-6.259358193588399066e-01,-6.794414488178823763e-01,-6.696841792271182037e-01,-7.625239925070893543e-01,-7.388935734456014703e-01,-8.132720235918410312e-01,-5.812615940013444726e-01,-6.585250446188875006e-01,-6.119811557180128148e-01,-5.972717307599265668e-01,-6.730153172151888130e-01,-5.851066039613027625e-01,-6.975493998386916861e-01,-6.533539443769215138e-01
-7.378038335491936550e-01,-8.204979939979174519e-01,-7.502865069640801687e-01,-7.285099371601027052e-01,-7.562453099572243875e-01,-6.733814678768254014e-01,-7.885179266770987461e-01,-7.263124260238928986e-01,-7.773662138131025579e-01,-7.366952683964452797e-01,-6.117699710910614597e-01,-6.565839904290323714e-01,-7.438832000894798346e-01,-6.123591324946249248e-01,-7.086077186136565675e-01,-6.074999219062541256e-01,-6.155752351493897212e-01,-5.262634557106397049e-01,-5.246573168030295164e-01,-5.414011009524913876e-01,-5.730231564924553878e-01,-5.392545164085592591e-01,-6.278451850595232475e-01,-4.037232414252047152e-01,-4.337687598252025767e-01,-4.560887969479160420e-01,-4.496824550630706407e-01,-3.697778367051163806e-01,-4.420712529070475738e-01,-1.808054696187988142e-01,-3.523583107004281678e-01,-2.842233125657537829e-01,-3.446830089541999542e-01,-1.280554906719245378e-01,-2.873854382348766667e-01,-1.651177994786052206e-01,-1.722630567631559528e-01,-2.993857668925717919e-01,-4.338634558073993508e-02,-1.321764416923718877e-01,-6.002545550011888914e-02,1.320851955606286605e-02,-4.632177081255979545e-02,-7.635101892300394377e-02,-1.150347935228032345e-02,1.191915259940043853e-01,9.696461843393917868e-02,1.508955680985064329e-01,-2.313476614369590345e-02,1.571827832115104961e-01,6.841337417172738133e-02,1.695305732424749190e-01,1.287571900451549983e-02,-2.049900928309201786e-01,-4.800395312095820932e-01,-2.829714807013726519e-02,-1.687117291682240505e-01,-7.117773133695316778e-02,-2.335610424702460053e-01,-3.820405281012376197e-01,-3.579572272523394161e-01,-4.697879303161286435e-01,-3.760650648621701175e-01,-2.596493549005894907e-01,-7.180039315091727437e-01,-6.579735480883056598e-01,-6.818240339613074186e-01,-7.810538298970037818e-01,-6.927174591928347835e-01,-7.217379984878163901e-01,-7.097241694485026953e-01,-7.547807476985741726e-01,-7.007532361000082810e-01,-6.664369599791186705e-01,-7.080029105372201981e-01,-6.165184962721529383e-01,-5.863274042311182876e-01,-6.528319865072444994e-01,-7.395316604815709294e-01,-6.198265106129208224e-01
-8.136467017330104579e-01,-7.719413878209897550e-01,-8.053084993231701683e-01,-7.253447966676921377e-01,-7.071596544849835242e-01,-8.242409253872090558e-01,-8.300858755549572754e-01,-7.790519704714153892e-01,-7.522367685342057353e-01,-7.237431949549069099e-01,-7.185749717781160228e-01,-6.658167676741215679e-01,-6.596498214160229079e-01,-6.832735294069489651e-01,-7.343530647612275253e-01,-6.770922729621794423e-01,-6.026058460876861922e-01,-6.694876133489232606e-01,-5.058206894181141999e-01,-6.316633378692088074e-01,-4.953358157066849454e-01,-5.651626039475776686e-01,-5.598528583742632403e-01,-3.963912137756645526e-01,-4.517918088203616289e-01,-4.199759054905179978e-01,-3.313233339741495365e-01,-4.115719508758590717e-01,-3.381825078128925521e-01,-3.176566463884446523e-01,-4.719423318582368632e-01,-8.418641467013804336e-02,-3.190974055964588274e-01,-2.334761990764297468e-01,-2.479019477011669137e-01,-2.900471813781607122e-01,-2.202120717887273704e-01,-5.409022182719928212e-02,-1.359100002989482026e-01,-1.077257020807120408e-01,-2.614141566628219726e-01,1.042115145641698687e-01,-1.898635771145853746e-01,6.013847043523996155e-02,-1.139895978599195225e-01,-4.119497005061154016e-02,7.338314965432929382e-02,-1.983619527264805435e-03,9.807844308209491546e-02,1.753336852429925388e-02,4.986988047153499692e-02,-2.271883829399305374e-02,1.778742703034993100e-01,2.258733532959203705e-01,-5.692933561781861052e-01,-5.337277177520943772e-01,-9.497427895997037628e-02,-3.681398511283148073e-02,-1.592297881655640179e-01,-2.112427429846922278e-01,-4.671565065856674026e-02,-3.149145128920964876e-01,-4.463875660097300080e-01,-3.799896555553043953e-01,-3.283777207177889235e-01,-7.747556314591238502e-01,-6.878958848619015631e-01,-6.901231799799247835e-01,-6.264382699686396050e-01,-7.013450520487581885e-01,-6.014027956282917975e-01,-6.421753780077076312e-01,-6.167018361225912182e-01,-7.029245456537506209e-01,-7.229608785407507510e-01,-5.875980153768655123e-01,-7.341624509931455878e-01,-5.257779878339793322e-01,-7.139026374521292295e-01,-7.142859461705397539e-01
-7.822784835548628468e-01,-7.704527390922106811e-01,-7.553549119511475674e-01,-6.939672676801040829e-01,-7.146002823179669061e-01,-8.023146361098124624e-01,-8.212151680075937543e-01,-7.692084592787098440e-01,-7.938994501123862735e-01,-7.389397700771326294e-01,-7.112227734115630362e-01,-6.815293950694901737e-01,-7.012415334288155666e-01,-6.432246543800025362e-01,-6.068448302973776798e-01,-5.815434394003866636e-01,-6.810331026745798377e-01,-6.479847499696126389e-01,-6.523425559390417794e-01,-6.444931558204589628e-01,-5.220726052329044409e-01,-6.353788180806374530e-01,-6.497946355514897521e-01,-4.745807234813716469e-01,-5.148440065246447928e-01,-5.159241378233937469e-01,-4.482566770708125703e-01,-3.814908696229424856e-01,-4.156670344032390996e-01,-4.485223660828775438e-01,-3.150280697156409571e-01,-4.187753304599315940e-01,-2.727808828449598821e-01,-2.872552180562266133e-01,-2.539190537416037841e-01,-2.816203489029677764e-01,-3.059191405462314273e-01,-3.377216351237773972e-01,-2.119561080473722492e-01,-1.460451795228054905e-01,-1.726037244062879894e-01,-1.324246283431391169e-01,-1.846863383892329291e-01,-4.867890326993299516e-02,6.904662938165873065e-02,-2.627904049647032392e-01,-6.537962361787504062e-02,5.647458987948585953e-03,9.965871116037132438e-02,4.409848449599015202e-02,9.235517562203371389e-02,6.151438676196908234e-02,1.228666271782404146e-01,1.507975780680531341e-01,2.019898031733645960e-01,1.155623427842235734e-01,-1.116761477107674205e-01,-5.286322285479314598e-01,-2.308218315123803654e-01,-2.702296214771905403e-01,-4.936198465434789295e-02,-1.380094661942553591e-01,-2.133308129306432377e-01,-4.216026167265109481e-01,-4.530490916879831298e-01,-5.123518342437500817e-01,-3.178458173031699641e-01,-7.895240829184634324e-01,-7.157988196005005133e-01,-7.913493319714530738e-01,-6.742561112068569118e-01,-6.635629662108304405e-01,-6.616282501025712026e-01,-8.142881911052572974e-01,-7.849665646214979420e-01,-7.528707360097632861e-01,-6.432557516142438647e-01,-7.376997440183049592e-01,-6.414918296170669665e-01,-6.136832776491537578e-01
-8.109657243194443588e-01,-8.113372923814183846e-01,-8.196463927026730323e-01,-7.770346440874230654e-01,-7.915677413365929116e-01,-8.065904016580860425e-01,-6.972772947693023360e-01,-7.510166414150305503e-01,-7.278696272652382948e-01,-7.153515634932599010e-01,-6.046593745513195728e-01,-7.158666388574180806e-01,-7.177251362577697913e-01,-6.904265959468901537e-01,-7.612053382864153450e-01,-6.647007721611679631e-01,-6.843108689764074715e-01,-6.726371719893609047e-01,-6.230818519392627985e-01,-5.589205202134100992e-01,-6.826565582025732049e-01,-5.534992014169560770e-01,-5.780343102806810851e-01,-5.335968774251804714e-01,-5.783583835799092077e-01,-5.632988501945164206e-01,-4.923267852384436427e-01,-4.158637552722104780e-01,-4.340310590564785964e-01,-3.018768027754322736e-01,-3.782244222369521292e-01,-4.205131017525430281e-01,-2.661734080996104868e-01,-2.301649465802836636e-01,-4.394529345870170078e-01,-3.431828593752120904e-01,-4.447240331928414836e-01,-3.251226898459858572e-01,-2.257194816420590722e-01,-6.281608611990187330e-02,-1.328161009128397130e-01,-1.451255752170171887e-01,-1.564931864655743077e-01,-1.782455622304869036e-01,4.828105968720815657e-04,-1.213403381060697978e-01,-1.028064993375412961e-01,3.492167661525111266e-02,-3.785800428417702979e-02,1.456257271449356780e-02,-1.214368278217595881e-02,-2.738844136082915423e-02,2.426161773159548896e-01,8.051198699124585689e-02,-8.314777095428951825e-02,3.237099184844413613e-01,2.036609886185108687e-01,-5.705955799355847402e-01,-4.397374110549525650e-01,-9.112081980346802002e-02,-1.303087227832205597e-01,5.937961217985306128e-02,-1.001687118243931585e-01,-2.555728894308438304e-01,-2.347973945064581180e-01,-4.733670824472652194e-01,-5.281736674111535690e-01,-4.651473002471390172e-01,-4.064782418988949764e-01,-7.835350813252420776e-01,-6.946863866749706240e-01,-7.458532415990047904e-01,-7.061455081483304363e-01,-6.944403709782247525e-01,-7.189689380554188380e-01,-6.748463526635676279e-01,-6.925682403332172887e-01,-6.450770997562258469e-01,-7.537075434794552331e-01,-7.788178920877999456e-01
-7.319876805463599867e-01,-7.740065331877239441e-01,-7.299975295876321990e-01,-7.893380725635622541e-01,-8.145802226921959877e-01,-7.118804765098800669e-01,-6.675199623015725114e-01,-7.574875050880734983e-01,-7.207573465307386407e-01,-7.134465181509473952e-01,-7.468953161257311235e-01,-7.376530531773904942e-01,-7.119952899209995856e-01,-6.544542367240423486e-01,-6.949050502167960497e-01,-6.788231933761772474e-01,-6.757909684095749769e-01,-6.752064909206088039e-01,-6.194407659893789164e-01,-5.549007233494248625e-01,-5.375521076271614351e-01,-5.121838994008472978e-01,-5.101956170801174029e-01,-5.541028534719156795e-01,-5.600149503967687403e-01,-4.274978090721631707e-01,-4.393655039055911482e-01,-4.616059369591987149e-01,-4.697671827824718704e-01,-4.425692574608933172e-01,-4.646290714367748986e-01,-4.434960336308799156e-01,-4.965810658298481228e-01,-1.972065955094694789e-01,-2.445154076419419342e-01,-3.305802106187175626e-01,-2.857460820948535263e-01,-2.659087206385045143e-01,-3.440334826907086585e-01,-1.356630785486711843e-01,-2.591019043335906491e-01,-2.581176122633445646e-01,-1.375563605600731154e-01,-2.362400259224206600e-01,-1.518485203844885667e-01,-9.199113331424849452e-03,5.020991094064231053e-02,1.310008596918526558e-01,-1.927982052047079800e-02,-3.685413343865832306e-03,1.984832777040887730e-01,-1.325084764594460784e-01,2.075043341136525998e-01,1.533336330267999481e-01,1.271652320965795946e-01,-1.495961498340498547e-02,3.269125976532528122e-01,4.749890627692913286e-02,-5.561592395450466464e-01,-2.025764555241300613e-01,-3.759537482573404032e-01,-2.842548890931093641e-01,-2.814757301400411249e-01,-1.674927121294702281e-01,-4.050148381457114866e-01,-1.255560979853874437e-01,-3.707952322255866906e-01,-5.040556229454119519e-01,-5.537191621073269676e-01,-2.181675224076514152e-01,-7.238509463146337586e-01,-7.207868111681967616e-01,-7.906050727243829623e-01,-6.577721889310008674e-01,-6.085867882851877519e-01,-6.883186416556615894e-01,-6.598396008335165597e-01,-6.217109760358264792e-01,-6.494243994370467732e-01,-6.744787053944757416e-01
-7.164483896143002406e-01,-7.941950675422488892e-01,-7.970336688585784035e-01,-7.725997495073676502e-01,-7.960511699213211889e-01,-6.803375317627243790e-01,-7.536518418716424694e-01,-7.400352850542801786e-01,-7.626636568612763512e-01,-7.063334072511531225e-01,-7.592002222742590956e-01,-7.590683294900151257e-01,-6.562528132595075725e-01,-6.724338853006134320e-01,-7.074826769957199835e-01,-6.686542823051649931e-01,-6.812231547163029033e-01,-7.177711915713543833e-01,-6.522933043006974296e-01,-5.475940359953507253e-01,-5.512997801907879580e-01,-5.320440376241633018e-01,-6.444577594446349034e-01,-4.926946359488090232e-01,-5.668432035177837225e-01,-4.898213488896438483e-01,-4.461379017188858986e-01,-5.312775306541361875e-01,-4.024503971980674666e-01,-4.821118002765137911e-01,-3.887038221279100481e-01,-4.740766033622059172e-01,-3.983326855516943210e-01,-3.775040576212275178e-01,-3.088637088346685711e-01,-1.211043575839828024e-01,-3.176094101726533725e-01,-2.396810876269741819e-01,-3.681453603151324527e-01,-3.933861345356678973e-01,-1.293466526820399032e-01,-2.394194917596076388e-01,-1.925314878337323066e-01,-2.445253348409596461e-01,-2.492890443267044565e-01,5.437498546360652711e-03,-6.300708755104357517e-02,-4.543107700924684661e-02,-4.211310943415012137e-02,8.191957582176423100e-03,-6.319818023640820515e-02,1.575413983994279066e-01,1.370463339187291407e-01,8.641788403624306447e-02,1.590547785794994007e-01,5.927492445427939155e-02,1.267354111776975434e-01,2.716650186358166019e-01,2.434069264948249822e-01,2.647556407885985619e-02,-2.993307477889211032e-01,-5.267242083554894982e-01,-1.305089203877658199e-01,-2.800005484897402086e-01,-3.627813439549312235e-01,-1.185917350453597335e-01,-3.628440444463635894e-01,-4.793249347808225536e-01,-3.300098217010897228e-01,-4.707954424533304927e-01,-4.187646496277000474e-01,-2.348967527913768394e-01,-6.963806041883552345e-01,-8.179860106590276514e-01,-8.042134342909584843e-01,-6.526925147728898091e-01,-7.856256980063019979e-01,-7.222089616563321934e-01,-6.929038306923883672e-01,-5.766765276977700028e-01
-6.963991914271635553e-01,-8.096045432598085734e-01,-7.717883399986887882e-01,-7.699802883679954801e-01,-7.589679283741136429e-01,-7.982824825550868253e-01,-7.183888624818938196e-01,-7.310152488837682316e-01,-7.684861070245293524e-01,-7.317777248058386919e-01,-7.369220562584807288e-01,-6.617573981458787502e-01,-7.393100875082977419e-01,-7.109111211244039108e-01,-6.858136146545044110e-01,-6.126672245848662213e-01,-6.503366873690722416e-01,-6.711784266935506560e-01,-5.929111136847803332e-01,-6.589913133950299207e-01,-6.421519300149879372e-01,-5.539838931013780776e-01,-5.126663773228989918e-01,-5.920766876402175916e-01,-5.631773306686422842e-01,-3.676344519006318756e-01,-3.901440901358617652e-01,-4.863970719659087005e-01,-4.486444403347654153e-01,-5.115233783207567830e-01,-4.772639704260676075e-01,-4.781491567697319645e-01,-4.702137618379881867e-01,-3.711853496107168637e-01,-3.292961929634097840e-01,-3.021710401091396991e-01,-3.359388648508556674e-01,-1.533018490815145074e-01,-2.525321510021131810e-01,-2.713899280817315685e-01,-2.173676204246963728e-01,-3.118810049198763035e-01,-2.801485035246114100e-02,-1.548695981073754946e-01,-1.596836198702735465e-01,-2.649613429949302865e-02,-1.660726681445667263e-01,2.011335960525205968e-01,-4.055260482014658857e-03,1.415147377640484441e-02,4.849558392235778226e-02,6.478481760697783753e-02,-3.121152172198420061e-02,1.331175649996093613e-01,4.264017695274111702e-02,5.128729298653271484e-02,-2.141340974930260044e-02,-1.532499772801457771e-01,2.407872433764189635e-01,2.450176689817880338e-01,2.069759722047885275e-01,-5.708038725310241590e-01,-3.990569794982404273e-01,-4.308708728106299679e-01,-1.292700561654554492e-01,8.583941580235303695e-03,3.768867402798704164e-02,-1.839778068539288658e-01,-2.176728281176656954e-01,-3.852629892352700258e-01,-3.965040529030881000e-01,-4.737665860244188454e-01,-1.948582084799560799e-01,-1.900890277146263796e-01,-7.622027169163486660e-01,-7.758152134379581177e-01,-8.167098241389286750e-01,-7.310685087260397896e-01,-7.148187497206950347e-01,-7.365068301301833653e-01
-8.075894124042080069e-01,-7.743347172069594553e-01,-7.707532048893437349e-01,-7.523020048465675069e-01,-8.107293037671641223e-01,-8.238344582542499461e-01,-7.884944232844320888e-01,-6.983435406122855404e-01,-7.128631454453076000e-01,-7.363916639654306540e-01,-7.235336782867974881e-01,-7.296404830857291524e-01,-7.373057968579107557e-01,-6.862366571935759607e-01,-6.993887957316674564e-01,-6.531000588900155446e-01,-5.820926005006754611e-01,-5.806827608587534773e-01,-6.279208989515291384e-01,-5.972054532915596070e-01,-5.894476463835391922e-01,-5.981974882756794232e-01,-5.169501037371795338e-01,-5.891289233285214033e-01,-4.618515773062139562e-01,-5.081696318858061057e-01,-5.446638775564164314e-01,-4.108759549822053048e-01,-5.054830372742419309e-01,-5.423052906884028301e-01,-5.630888246062963898e-01,-3.328348729433043829e-01,-4.299920214009882447e-01,-2.776551155756992184e-01,-3.371385367572329872e-01,-3.723284982923708020e-01,-3.709456511904308251e-01,-3.790895375566701309e-01,-2.033697243616019168e-01,-2.305690074168754711e-01,-2.156611734843594530e-01,-3.649785529704775433e-01,-2.286371759487998701e-01,5.279066733504259729e-02,-2.046870700634002282e-01,-2.432629549189946339e-01,-2.039990740632351973e-01,-1.275656019592957269e-01,-2.714499644666200640e-01,-8.377997706948932255e-02,-1.276763863360796114e-01,-5.503552011305404973e-02,-1.265292382853782371e-01,-1.957915230082213354e-02,-5.977142494734067474e-02,-3.884003066803361909e-02,-5.983822852971287104e-02,1.086121767922276909e-01,1.071947042575079195e-01,3.363494683178618744e-02,2.928719315513776400e-01,2.114268865193382196e-01,-1.315820854913896665e-01,-2.040520867307051289e-01,-5.887508110763647329e-01,-3.494030186775255453e-01,-7.131303922963664992e-03,-2.657028689689585055e-01,-1.246621135224791205e-01,-3.545428776306051577e-01,-3.242455231689786443e-01,-2.595997011968508850e-01,-4.942005349370636735e-01,-4.709255984511437343e-01,-3.030610988589352295e-01,-6.516934373391478630e-01,-7.564793034710797226e-01,-8.271902556970809339e-01,-6.823357793083011380e-01,-7.204623598634757320e-01
-7.689753472690509239e-01,-7.289091481189805544e-01,-7.704329376986874811e-01,-7.243346133362167372e-01,-7.963388004840822321e-01,-7.379434413167554885e-01,-7.694129560924627409e-01,-7.466356804507906508e-01,-7.660401673432700731e-01,-7.282052574067916506e-01,-7.595733297007761786e-01,-7.568439282504965115e-01,-7.003596610324082095e-01,-7.066396085472670396e-01,-7.284993093571384692e-01,-7.264859353397213892e-01,-7.236819418069604382e-01,-7.095660980439062460e-01,-7.320392908450498171e-01,-5.602389091468117366e-01,-5.815225727381603260e-01,-6.113877981318209809e-01,-5.867691773031636915e-01,-4.790748409599921431e-01,-6.517458497535083550e-01,-5.780099395513661475e-01,-3.678713115627413321e-01,-4.978001492355288993e-01,-4.600599966316742950e-01,-5.058373756865628401e-01,-5.198216234813759495e-01,-3.850883485494149272e-01,-4.765465503986167639e-01,-3.597071988664059528e-01,-3.120160137813286494e-01,-2.257942585304132943e-01,-3.708052672495412150e-01,-2.723698974085035918e-01,-1.987023851202972258e-01,-1.914061178756631953e-01,-2.504519763005642052e-01,-1.586094331276341196e-01,-2.613175180475024173e-01,-1.220416855355278968e-01,-2.298017435650493712e-01,-2.589178449007767946e-01,-1.768339707978379138e-01,-1.012297962100189852e-01,1.824141218006284162e-02,-9.815746281573553556e-02,-2.070814712984331007e-01,-1.307055013313104253e-01,-7.554249476182253731e-02,5.065357612243302082e-02,4.539676884794563438e-02,1.966114908542659356e-01,2.002779122392236433e-01,-5.386523592833434432e-02,1.088563547500473044e-01,9.727602211355586281e-02,7.136282055036313916e-03,2.244504080097276810e-01,-1.087289943761495827e-02,3.140086845052917353e-01,-5.628625548616156271e-01,-4.400237314933835853e-01,-3.512445587905127509e-01,-2.190658176246356170e-01,-1.816022851563343365e-01,-1.981598682488360311e-02,-2.761656102716190109e-01,-3.004752487593417842e-01,-2.871794834006319852e-01,-4.902027476899382674e-01,-4.625187551264463015e-01,-4.265717995763903536e-01,-2.611248489776789028e-01,-7.965859913121100533e-01,-7.168657406309161262e-01,-6.813246198684035360e-01
-8.116496180455861076e-01,-7.505616486291225575e-01,-8.117345526763912744e-01,-7.612839671880020642e-01,-7.677377758221707316e-01,-7.255026159303081812e-01,-8.171211739614805403e-01,-8.250594251292537873e-01,-7.583418979831826334e-01,-6.376292464954568251e-01,-7.600092691028432768e-01,-6.543844149265540810e-01,-7.530795034684661937e-01,-7.945023735926954878e-01,-6.500496064316079181e-01,-6.499708364108005565e-01,-6.939638765220831340e-01,-7.104209385071194038e-01,-6.166775144352864002e-01,-5.733836511364391875e-01,-6.919608299800632523e-01,-5.876715294727191674e-01,-5.673635471793596619e-01,-7.195693627669224046e-01,-5.558862606337580115e-01,-5.588571085883569101e-01,-4.513735974126690809e-01,-4.903266239182129671e-01,-4.163138221410462303e-01,-4.646127559078594982e-01,-5.999399218854402083e-01,-3.139034600961694843e-01,-3.453277806306744302e-01,-3.767167464759682005e-01,-3.818899523277681785e-01,-3.629464115852786277e-01,-3.059165723631182554e-01,-2.135603666618564600e-01,-1.724495240951496589e-01,-4.801484605026517527e-01,-3.140729969837498525e-01,-3.469134615710761094e-01,-1.728401866790325869e-01,-3.419570515852269343e-01,-1.641405229712031566e-01,-1.870151540880600760e-01,-2.270056661518720931e-01,-1.309407908504245377e-01,-1.646707036126792700e-01,-1.249685618085515440e-02,-2.354488209610852006e-02,-1.599988580526570670e-01,-1.918020790144497889e-01,-2.241282599483527815e-01,-1.892199062142959146e-02,-2.947136437255160404e-02,-6.737150444020659212e-02,2.344339176401725178e-01,6.227847987556731080e-02,9.716031034182405490e-02,9.692576393431492909e-02,3.072703775053234332e-01,1.999261269997954227e-01,1.401909798760815062e-01,2.596748252423998204e-01,-5.274518406929544767e-01,3.169290372900031988e-02,-4.334875698927379006e-01,-2.522404550856755662e-02,-1.195066941020919010e-01,-1.124633719906016072e-01,-2.083158817559467302e-01,-1.748806529832077072e-01,-1.905635679848133313e-01,-3.716412919861663000e-01,-5.388131552991569651e-01,-4.572665081250240626e-01,-4.297327164168948110e-01,-1.224815750338000414e-01,-7.439379846214692060e-01
-7.880026909313309069e-01,-8.100287469654612327e-01,-7.878179743786688505e-01,-7.236732459666782580e-01,-7.537606679417998556e-01,-7.144062981079445374e-01,-8.137594414211662963e-01,-7.768262492428562593e-01,-7.314377633161186498e-01,-7.716469392688060092e-01,-6.848718183511024460e-01,-6.586394906797204962e-01,-6.815662569591404152e-01,-6.271240951935973529e-01,-7.924893780291842882e-01,-5.665830969171933296e-01,-5.980254634821364768e-01,-6.323855165496726771e-01,-6.610672493452297571e-01,-6.103682220556141402e-01,-6.951893873606513896e-01,-5.622218313336638795e-01,-4.940087658332958376e-01,-6.165883812125201313e-01,-5.868069273887921433e-01,-4.019821105253932880e-01,-4.595539141914666836e-01,-4.890019501672167035e-01,-3.607650491256503833e-01,-5.001393940639411451e-01,-4.448541581584083415e-01,-3.480543594787382511e-01,-3.432368031231242678e-01,-4.963725688447092055e-01,-4.724216592084177213e-01,-4.438229142838165941e-01,-3.102840666155546878e-01,-2.432304515550165747e-01,-2.451507772111421457e-01,-2.437365151886768111e-01,-4.108728412211216652e-01,-2.908241165260994632e-01,-3.180096956348920090e-01,-3.631113437210571615e-02,-1.349213338952325314e-01,-1.371153522401495350e-01,-1.723564877210661817e-01,-2.990405698700095982e-01,-1.926721967995667084e-01,3.779381685773430116e-02,-1.100270488177667871e-01,1.774214622691235310e-01,-6.097791223586609272e-02,3.425232355628143183e-02,2.275986280830439093e-02,-8.947827437941376083e-02,-4.149300846543160087e-02,-1.249939860788080864e-01,1.791437297777359050e-01,-7.819635687864395779e-02,1.513233896163690695e-01,2.557204202840158702e-01,4.172093695791212475e-02,7.904379477516164376e-02,7.801270758195626154e-02,1.941538357650210989e-01,-7.655044018793774607e-02,-5.788901776315108494e-01,-3.373948250578030494e-01,-2.404265853358021621e-01,8.032535935275890090e-03,-3.129203560561920061e-01,-2.004160145404836335e-01,-2.411931280732315386e-01,-1.297782100147677198e-01,-4.040350079533878147e-01,-4.336974793548316054e-01,-3.479931132133847749e-01,-5.428512524601274425e-01,-2.159893176831396977e-01
-8.202817818536056738e-01,-7.773196443235319553e-01,-8.019466344568371152e-01,-7.631640170245767019e-01,-7.522885396074244779e-01,-7.978027395829604407e-01,-7.243855243021570800e-01,-7.694948090313861178e-01,-7.382431996606146907e-01,-7.126723348092374177e-01,-6.962497180145388320e-01,-6.741403866775342868e-01,-7.015111191720440065e-01,-7.617797823776701893e-01,-6.898304880025560859e-01,-6.805066858480895986e-01,-6.557594371912455200e-01,-5.460787014263110972e-01,-7.170724455280876874e-01,-6.634799474627459670e-01,-6.517070450936230941e-01,-6.028765979521604201e-01,-5.545263075661037711e-01,-5.789192958113640319e-01,-6.075379366193431885e-01,-4.810114420825685189e-01,-6.576799130962225348e-01,-5.800012492948430909e-01,-5.285527110937214834e-01,-5.338712394616007550e-01,-5.284033316802534408e-01,-4.706993197454715783e-01,-3.974816439077456520e-01,-5.076125523428918207e-01,-3.490568273439891289e-01,-4.168175812436903382e-01,-3.587434513977741379e-01,-4.400562586714177882e-01,-3.478806151921895462e-01,-2.531708251741853766e-01,-4.530759893154540086e-01,-2.296566719439584736e-01,-2.384416281216356071e-01,-2.312046795640567975e-01,-3.006447221848158602e-01,-1.217348254465126789e-01,-1.340121693831845817e-01,-8.804961308795400399e-02,-7.636110989027090901e-02,-3.102811420077092874e-01,-1.560624820402597424e-01,-1.983620347216374924e-01,-1.170490048886398682e-01,-2.317226445799009937e-01,-1.747496782568090656e-02,-1.542014612655683362e-02,2.301001975197018191e-03,-5.762604972658969156e-03,1.440605706990189527e-01,2.311460723603313543e-03,8.720068397668583049e-02,5.190563922759550836e-02,2.543111041111981510e-02,1.082062412110286892e-01,5.427059746962740322e-02,1.404940826088889316e-01,1.474023510162013606e-01,2.203365401391138290e-01,-5.776963784500735999e-01,-2.086779808528535229e-01,-4.183670885723679844e-01,4.473834172702717896e-03,-2.758393902854884283e-01,1.525741512701380732e-02,-2.586829096856325116e-01,-2.271530745722866729e-01,-2.724918094142235736e-01,-2.960605470437905340e-01,-4.598939991491052259e-01,-5.175156621039879168e-01
-8.220799387710818751e-01,-7.610173719909519852e-01,-8.132231259906791410e-01,-7.756518544253586667e-01,-7.695099404908606333e-01,-7.670084885487244986e-01,-7.172110073196554803e-01,-7.980483921613811260e-01,-7.398101121229870847e-01,-7.804530268476189692e-01,-7.287260166926575744e-01,-7.385136431938904567e-01,-7.386966402928405451e-01,-7.126614201492641465e-01,-6.691283329030520699e-01,-7.379934427482968129e-01,-7.298854985898876047e-01,-7.443582697714209440e-01,-6.695736505241641767e-01,-6.486961448328648627e-01,-7.331114744682929452e-01,-5.857614997362878828e-01,-5.932365802552455047e-01,-6.286034591871256794e-01,-6.980710921366768407e-01,-5.281133533166079141e-01,-6.495599592790390897e-01,-5.292978270675939845e-01,-5.875882066217397171e-01,-5.576915134302331545e-01,-5.753760213911138788e-01,-5.060631295630536597e-01,-4.238115769244222286e-01,-4.372213128898987389e-01,-3.642586138437945431e-01,-3.581213258301982894e-01,-3.821057628219714508e-01,-4.027787339783497900e-01,-4.902474481097198189e-01,-2.359141771672066679e-01,-2.940617029961311579e-01,-3.668483726269736178e-01,-1.974736866893468112e-01,-3.129382992971026511e-01,-2.278328174314090959e-01,-3.255976558500969231e-01,-2.127155021244674094e-01,-2.369253742680988983e-01,-9.769725578416248168e-02,-2.104450328733560027e-01,-1.492007045736706006e-01,-7.576522586184045172e-02,-1.144265940946104926e-01,-7.547335412639497032e-02,-1.890209596314927354e-01,-1.765087122349223714e-02,-1.229425666281181856e-01,-8.280975406607525569e-02,1.929216136878358565e-02,-1.362654682361926276e-04,5.816165878952469365e-02,-4.730430424540229412e-02,2.691044121750076415e-02,-2.112024255400934275e-02,1.131532824833119261e-01,3.875475612534747677e-02,1.257840389548073312e-01,1.904779663317242300e-01,7.618162981070002171e-02,-5.364733001687608249e-01,-2.040998857575379855e-01,-4.828748358738544355e-01,-3.286132584331072359e-01,-2.384836996093700479e-01,-1.759817141669594298e-01,-1.083094614440824333e-01,-2.906520654178897378e-01,-4.425601309358368485e-01,-5.006047987548916112e-01,-2.830424988908479267e-01
-7.337400605721646762e-01,-7.147657410705033909e-01,-8.062753018737464084e-01,-7.529144477037327254e-01,-7.994093653599327887e-01,-7.677602301444438337e-01,-8.122904857044938032e-01,-7.371630748619456552e-01,-7.546823820016370643e-01,-7.612162233963750690e-01,-7.503410371232158704e-01,-7.688109238847139482e-01,-6.595262722046247861e-01,-6.859018515202527366e-01,-7.791234046044539507e-01,-7.341060065491938902e-01,-7.618483548419736628e-01,-7.585176357326257612e-01,-6.824591221696302279e-01,-6.048537814732202200e-01,-5.370854430274898395e-01,-6.446922979005053067e-01,-5.414542302198480650e-01,-6.115322431255296731e-01,-5.990996855077029837e-01,-5.966680107182102955e-01,-5.899764135059426540e-01,-5.919112476312233806e-01,-5.097613268590468483e-01,-6.724134431102598564e-01,-5.196342771044609732e-01,-5.177397228868906298e-01,-4.679904597864273930e-01,-5.117037064449410089e-01,-5.304981624593740897e-01,-4.231258526745645954e-01,-3.038316238850495288e-01,-4.288994590011300234e-01,-4.549005614746484683e-01,-2.803033216763879398e-01,-2.148612298716465474e-01,-3.879889440061379813e-01,-3.194880788355543566e-01,-2.044572430423074738e-01,-2.997456953273358038e-01,-5.035348716865959418e-01,-2.461214299528949878e-01,-1.204693828487932022e-01,-2.703589085177335316e-01,-2.404252124480809882e-01,-1.801442591575999619e-01,-2.617909401449502668e-02,-6.742357949188843014e-02,6.976614134067908590e-02,-9.672591335853995831e-02,-5.006715025157593485e-06,-3.513805321428762566e-03,-1.118257699545903150e-01,-1.774487205284486571e-02,-4.223898305110755473e-03,8.983210572713161424e-02,-8.554003206924967739e-02,1.698241807148657689e-01,-7.129669330050111831e-02,1.374331435477871288e-01,9.203345282341904299e-02,1.151793239445955130e-01,1.458108011811252436e-01,2.171111861049621894e-01,1.302592263675338702e-01,6.588447895915724994e-02,-5.707502094502973078e-01,-2.536026874669718989e-01,-4.326833592703677178e-01,-3.182991954563406667e-01,-1.772244091422375475e-02,-4.396976188912704586e-02,-1.119353756516548309e-01,-3.583853492682429476e-01,-3.337310857353293914e-01
-7.639345240347447108e-01,-8.173670252226670208e-01,-7.952699616634324453e-01,-8.150280956680990840e-01,-6.491495075628790357e-01,-7.746935574539647318e-01,-7.829378933013529940e-01,-7.544055545050448730e-01,-7.643567400636572806e-01,-7.498122733834999831e-01,-7.858034015938268890e-01,-7.314430730208130171e-01,-6.652055545784929524e-01,-8.425254497246288388e-01,-7.212093751247612428e-01,-6.439011510194899701e-01,-6.619653899440774980e-01,-6.631359508905373401e-01,-6.428341848627094901e-01,-6.560348641016549021e-01,-6.269598360550646676e-01,-6.071220354353805693e-01,-7.122120683568589072e-01,-5.797033907180686452e-01,-4.958051868671750073e-01,-4.934481113997425394e-01,-5.714684168106017870e-01,-6.416318934449203315e-01,-6.445275622403546789e-01,-6.020099214473034754e-01,-5.547603788479542608e-01,-5.363747892832890773e-01,-4.829541279244021212e-01,-3.270807005597585193e-01,-3.996251122206579409e-01,-3.998305906020765410e-01,-6.018714566047861370e-01,-5.125670736033470787e-01,-5.921178843767092026e-01,-4.569552868617403063e-01,-3.755311833499853091e-01,-3.865028647558933494e-01,-3.335775601148462943e-01,-4.494444692443260170e-01,-4.784818361716477453e-01,-1.884250834642920425e-01,-2.893802908752801106e-01,-2.997480896633538117e-01,-1.468907039837329398e-01,-3.445212500466756089e-01,-2.918241280614790600e-01,-2.013863448545266110e-01,1.123015230600534486e-01,-2.471272686498460769e-01,-1.386375278178907933e-01,-4.562280978717090513e-02,-1.201212155262856712e-01,-6.226888855524390781e-02,9.179631459739194532e-02,5.705370749876269298e-02,-7.411057526282280317e-02,1.225551183030481883e-01,7.512275447968007336e-02,2.234018337198257487e-01,-7.931448140697260063e-03,-4.163658211318681246e-02,1.027444489217730489e-01,1.662695252275410984e-01,1.669210697348187389e-01,2.126081935745043339e-01,2.680116621020288067e-02,5.613496864524210837e-03,-5.504376142928454341e-01,-2.042676404360731501e-01,-5.771073966646544928e-01,-2.961593829406379275e-01,4.835856967564163000e-02,-2.904138388594225129e-01,-3.976470352061306501e-01,-2.130448564883530016e-01
-7.725175183433060644e-01,-8.147453797620484162e-01,-6.963263981935148283e-01,-8.259494805581309995e-01,-7.156904646818745830e-01,-7.406083068502461453e-01,-7.983537166720982015e-01,-7.913046842805167014e-01,-8.021582780579127325e-01,-7.485204919526281531e-01,-7.465230605880430748e-01,-7.170247395224502718e-01,-7.404064055758418084e-01,-6.350088137494557250e-01,-7.452876673935040497e-01,-6.688372002224581836e-01,-6.829299243984289225e-01,-7.148544030236451130e-01,-6.275129725417294413e-01,-6.269870525302589925e-01,-6.765119603650889823e-01,-5.927306434255366074e-01,-7.103289559843700696e-01,-6.595566493680876663e-01,-6.553403179532447664e-01,-6.080776682585665727e-01,-5.078624547437905479e-01,-4.687158863000437936e-01,-5.573835792557805258e-01,-4.984731396148687210e-01,-7.089551313192612447e-01,-4.758180742371649896e-01,-5.243549117177416230e-01,-3.598167751734552278e-01,-3.171916262016485910e-01,-4.781480722192608113e-01,-3.934513615226719607e-01,-2.579624795945835714e-01,-4.087187335420586209e-01,-4.543742623626825794e-01,-3.290940261777766107e-01,-3.369960595325627306e-01,-5.258095687638737470e-01,-3.798142147386824874e-01,-2.618224823526954514e-01,-2.968281005181434562e-01,-2.413209387401095696e-01,-2.025841133934614402e-01,-2.585681371088410785e-02,-3.595340347017928484e-01,-2.437552782272981722e-01,-1.085297116074524365e-01,-2.268995195237874241e-01,-1.757772168367698062e-01,-5.764929547845532021e-02,-2.158068405584965821e-01,-1.037521411544354601e-02,6.997732702696986967e-03,-7.409122218056173048e-02,-3.691206026447249600e-02,2.998264018426990279e-02,-1.294924606261575566e-02,-3.859479466622810911e-02,1.146141579309883640e-01,1.307625714034356401e-01,-3.728173975401197909e-02,3.481454103507582859e-02,1.576779270361477747e-01,-9.734031518916114178e-02,7.752998004387676168e-02,6.139913808976036474e-02,1.415063817839416205e-01,8.653664593614147915e-02,1.143259417748286738e-01,-5.642527394057780254e-01,-3.426130299290793269e-01,-3.333408674953868833e-01,-1.059065686704938059e-01,-3.274466040145366796e-01,-1.779036588403352659e-01
-7.143777827600196195e-01,-7.642992011609741621e-01,-7.666180064177852138e-01,-8.185993612937534358e-01,-8.080873770920647958e-01,-7.972634445421078464e-01,-7.946303126229266045e-01,-7.620880708019057703e-01,-7.538130076918546640e-01,-6.426093223978522895e-01,-7.472664895901716120e-01,-7.441246962521860242e-01,-6.971234649547164430e-01,-7.807882411672857348e-01,-7.678049902674314309e-01,-7.011856149471515920e-01,-7.316511413684951837e-01,-7.308264438528426776e-01,-6.102860121535724769e-01,-6.903852817125122332e-01,-7.115194460890080785e-01,-6.185504479291327184e-01,-6.806404953747878794e-01,-6.221108020265467831e-01,-5.496325233798021737e-01,-5.790581190615623486e-01,-5.883871700230861590e-01,-5.414623527064793551e-01,-5.884703605928164327e-01,-5.191727796718214050e-01,-5.448468293885709857e-01,-4.315709199851561761e-01,-5.329893142109576321e-01,-4.566774792667542271e-01,-4.764893639379534362e-01,-5.333614207403623020e-01,-5.256743699486169374e-01,-5.834284690111513072e-01,-1.765996374557375348e-01,-4.297666667211563762e-01,-3.883767154826310852e-01,-4.396148434170570884e-01,-3.429328503350596580e-01,-2.605459674954373472e-01,-4.661193873362463047e-01,-3.643466959849521181e-01,-3.748495754686824166e-01,-2.764851455463552266e-01,-3.725566454201850175e-01,-3.334305728693721105e-01,-1.994329604449947280e-01,-1.854530026655543951e-01,-1.952891035843219436e-01,-1.189789067046405774e-01,-1.088004689376353834e-01,-6.420906804221654385e-02,5.788808027492359926e-02,-5.233166414496413787e-02,2.458581901993048442e-03,-1.610667188086781776e-01,-1.783619051024028512e-01,-5.303602685636062825e-03,-2.563072726767779905e-02,-1.383365006456108159e-01,-9.608033883679844775e-03,-1.887504699160928445e-01,1.663579109505474163e-01,3.739657487566733912e-02,2.988715133678667146e-01,2.146985005113210554e-01,1.593403187526166720e-01,9.462093674736732352e-02,1.252458281863134126e-01,1.343390470668989478e-01,-3.378932158461749741e-02,-5.777146161186034190e-01,-1.666475801089867814e-01,-4.367031086097774573e-01,-9.801163146544289440e-02,-1.302248242512927257e-01
-8.124054639915428977e-01,-8.163651183072175854e-01,-7.519668630029185952e-01,-7.803557035529763430e-01,-7.874557154856394181e-01,-7.101121535959149522e-01,-7.725707859923641729e-01,-7.725496998708434315e-01,-7.783035280342733842e-01,-7.953381567161168508e-01,-7.532423891003733329e-01,-8.002960937646055317e-01,-7.269236599231559959e-01,-7.365229182673308506e-01,-7.413079400347721837e-01,-7.763490272376567525e-01,-7.402766398938696035e-01,-5.452360733906833623e-01,-6.161275046505978459e-01,-6.620374093789030967e-01,-6.622853156742785075e-01,-6.829216645393348939e-01,-5.736632149288192206e-01,-5.947589032728334280e-01,-5.313318937161377598e-01,-6.152394268215658490e-01,-5.969383738991618227e-01,-5.804284861231343573e-01,-6.505822404321109920e-01,-6.230118190727327310e-01,-4.772475312686239590e-01,-5.315088512948208388e-01,-4.999529081271099629e-01,-5.283819084070371375e-01,-3.828180780485277990e-01,-5.376421663578107024e-01,-4.113355695012471669e-01,-3.312219633135078944e-01,-3.922118003199351888e-01,-4.253671747738903552e-01,-4.810385310634860412e-01,-2.864649345972897221e-01,-3.091006149831692640e-01,-2.806608065271088970e-01,-3.157421407144028747e-01,-3.203448308719934468e-01,-2.203967839304664389e-01,-3.101101936958972627e-01,-3.427550991874068198e-01,-8.034318644006695209e-02,-1.057705916272116270e-01,-1.698685849319022667e-01,-1.574318661840960476e-01,-1.328019848103906553e-01,-2.281582753581858358e-01,-1.546941573922121227e-01,-6.645967997582662157e-02,-1.836055777426467694e-01,-1.691323354576859950e-01,-1.290235829004611756e-01,-1.494587912218325043e-01,3.235392306033598592e-02,-1.612587271045368420e-01,-1.442600358991250331e-01,1.712816004253034721e-02,9.312731306749580384e-02,1.131927754264234059e-01,2.516121826652612317e-02,6.445305559179932697e-02,2.260066379067197651e-01,2.124040543071418485e-01,8.385391045484126560e-02,1.812958424699052939e-01,2.544937167534485067e-01,2.526458058898796155e-01,1.103048527641909832e-01,-5.485597047981192187e-01,-6.746989429682627437e-02,-4.411084358344009582e-01,-2.617896858108286207e-01
-8.123810250488425755e-01,-7.926040904707485346e-01,-7.643398603365326727e-01,-8.010441960940164474e-01,-8.115138474867964469e-01,-7.634845516553347977e-01,-7.814113311328998446e-01,-7.023274711443814322e-01,-7.721501690369266813e-01,-6.646044727077252690e-01,-7.124821366990733429e-01,-7.555004695327099951e-01,-7.455628051501650422e-01,-7.302067175623586648e-01,-7.233266906231204940e-01,-6.906144379880209128e-01,-6.910910488808107432e-01,-6.599300629881572622e-01,-7.195997830436500209e-01,-6.728699847565066117e-01,-6.906788117142491634e-01,-7.825298426833126042e-01,-6.168094096872446253e-01,-5.664693603259748356e-01,-6.206100307359979640e-01,-5.808587855988597282e-01,-5.871368314677357647e-01,-5.560799911329828982e-01,-6.305476850621496432e-01,-5.605201979269499590e-01,-4.712350255222759743e-01,-4.888049916912969861e-01,-5.257711179351433062e-01,-6.037240458781121255e-01,-4.643977406682339160e-01,-5.123442403107371090e-01,-5.751660115272486662e-01,-4.939510253428638920e-01,-3.622352688457813330e-01,-4.183289860379644787e-01,-4.535341245066856208e-01,-3.890673273954499134e-01,-3.349003923220716938e-01,-3.224341916842266564e-01,-3.854616770730767139e-01,-2.570038170807918965e-01,-3.064140768990876729e-01,-3.361429070079086090e-01,-4.287856229504998229e-01,-1.584441106712034808e-01,-1.372352787387063899e-01,-3.711124380012525981e-01,-2.443659363644865579e-01,-1.195421613705945074e-01,-3.169148594213713754e-01,-4.885000664226657463e-02,-1.088899351800141635e-01,-8.759493198067001829e-02,-4.470246773392334144e-02,-1.554096732394846525e-01,-1.696934744679699791e-01,-1.214789308026329728e-01,-2.320376601829728710e-03,-5.561219270056256408e-02,7.666339573884640990e-02,-2.543666370510544537e-03,-5.915429267547640813e-02,3.068804317240218099e-02,-1.367633730098498646e-01,-1.543481404743400967e-02,1.952050293290567146e-02,2.146853648019981797e-01,1.402394960591099582e-01,1.433574039860364413e-01,4.066388506904384803e-01,2.286447979187853641e-01,1.983172936168286771e-01,-1.730878816362287076e-01,-5.624889064213078882e-01,-2.019798675619651207e-01
-7.631441910053290423e-01,-7.608095049725418502e-01,-8.145160416764216649e-01,-7.642925056981934029e-01,-7.980669892423510881e-01,-6.950618208505515705e-01,-7.799527028456886280e-01,-8.105869521975785918e-01,-7.781592421750537225e-01,-7.703915518636116344e-01,-7.959191327319495857e-01,-7.111821135994974563e-01,-7.145790929046837991e-01,-6.913989419828722172e-01,-7.317076746369707285e-01,-7.822637163156727080e-01,-6.692697578280538684e-01,-7.206630024208081631e-01,-7.130472909741573107e-01,-6.315169820375464704e-01,-7.332151481512406699e-01,-6.666271864601918118e-01,-6.980517092917872812e-01,-6.507210228345939873e-01,-7.226936563835724137e-01,-6.927227773165270941e-01,-6.203606933418951419e-01,-5.510009568133331648e-01,-5.040408276448616887e-01,-6.047382447713143261e-01,-5.631080858443300308e-01,-5.795620063588383664e-01,-5.439486494939960171e-01,-5.267908572875270590e-01,-4.952059160969760621e-01,-5.000794505228193243e-01,-4.576052163973052256e-01,-4.426536061685333867e-01,-3.734132386390782155e-01,-4.383087909428794449e-01,-5.487113905069214148e-01,-3.100886657550823711e-01,-3.385070594470463989e-01,-4.482958961854365820e-01,-3.711204895324462516e-01,-3.264814245126954062e-01,-3.386559047057198790e-01,-3.373827122686587354e-01,-4.030292136397898295e-01,-3.634311401539763176e-01,-1.992368749296596908e-01,-7.028563470834314764e-02,-2.528810105357823246e-01,-1.192542518457049838e-01,-2.902275195494242732e-01,-2.455195118511917241e-01,-6.257315778636179937e-02,-1.367836556309439677e-01,-1.739752759458788878e-01,-1.033944386922573677e-01,-1.791640386969440835e-01,-7.062996521004034911e-02,3.751719245372068384e-02,-1.204764554862898379e-01,-3.982247731383697226e-02,-6.205066866461136227e-02,-1.249169082586645552e-01,-3.415708793186466585e-01,4.777334756729574583e-02,-8.289648139247815517e-02,-1.439374215486504127e-01,-6.557607098858055095e-02,-3.065886890996191022e-02,-4.653408118476548387e-03,1.028283057146842268e-02,9.393052214495228869e-02,1.276038290854283330e-01,2.064692339548908351e-01,3.650341571151404230e-01,-5.395634874094689115e-01
-8.189125779890503720e-01,-7.401621169340637518e-01,-7.219430044498159615e-01,-8.033905160970675752e-01,-7.871047041936656274e-01,-7.912273766714580381e-01,-8.034173288517920675e-01,-7.126112784940563660e-01,-7.030264044476187690e-01,-7.735699992311342310e-01,-7.475891115770709749e-01,-7.224223740423864060e-01,-7.270212132050500875e-01,-7.212074569702749960e-01,-6.686985531377275249e-01,-7.286093066298762189e-01,-6.968529704709752748e-01,-6.863722087678236772e-01,-6.820244741574786884e-01,-6.641045782310519563e-01,-5.912050180032317748e-01,-7.144498021884587713e-01,-6.128084265867167479e-01,-6.822051024768762684e-01,-6.971611549509020289e-01,-6.316251172126748914e-01,-5.718795722241618584e-01,-5.383820433516752768e-01,-5.771606698370549404e-01,-5.810053643477789409e-01,-6.467838510412915465e-01,-5.849391015621611123e-01,-5.545312034655487388e-01,-5.728896115556573188e-01,-5.410521858831114361e-01,-5.215773377490566798e-01,-5.060622935261867017e-01,-5.088465572355133082e-01,-4.452280389351574996e-01,-5.454578536581262682e-01,-4.057834900397737088e-01,-3.441447100543505999e-01,-5.212074345835276956e-01,-4.639193861731118473e-01,-2.877100941740567408e-01,-3.129862605806191800e-01,-2.534407456250324930e-01,-3.742861592440537288e-01,-1.708640107624555260e-01,-3.450118331780668290e-01,-1.373601360861487763e-01,-2.624476740863562751e-01,-2.569134769592824052e-01,-3.197021894993198332e-01,-4.437397431222800948e-01,-1.301641291511590644e-02,-1.795192634168906731e-01,-1.906294821807623663e-01,-2.176314078636164551e-01,-2.120341956837049624e-01,-1.907732644211969641e-01,-2.005375334354710659e-01,-1.686592770080521941e-01,3.627501152693132086e-02,-1.017773524276123914e-01,-1.776233634789884386e-01,-6.098105887365017075e-02,1.558941863908341052e-01,6.829575972558088459e-02,-7.107586420051938136e-02,-9.055289336364923114e-03,-1.040092539024888851e-01,-5.819499807088126392e-02,9.519576086707906559e-02,5.774218724790604503e-03,8.017029876680134559e-02,2.050997362256471168e-01,2.791449335010399158e-01,2.909805983888271580e-02,3.694635152341876339e-01
-8.142654310922200489e-01,-8.102662151954233005e-01,-7.210362125703991820e-01,-8.342152340654824805e-01,-7.477466576851549140e-01,-7.983042470334904550e-01,-7.634001665940017833e-01,-7.382903367587281274e-01,-7.607324923710226949e-01,-7.415174380396659659e-01,-7.176777138601803108e-01,-7.084074655296356271e-01,-6.824645448923513102e-01,-8.215214678073200494e-01,-7.860351167529119332e-01,-7.913599028611861819e-01,-6.727437134627402004e-01,-6.913262425521879972e-01,-6.454996626780126201e-01,-6.493474356869401998e-01,-6.682179334136595372e-01,-5.952472589246325940e-01,-6.448868596880922288e-01,-6.588635491002510225e-01,-6.351077468909590573e-01,-5.928904890100448188e-01,-5.454831873651974083e-01,-6.218313892182931735e-01,-6.668435004510988584e-01,-5.884509054129141159e-01,-6.083452994207956266e-01,-5.961385162258091563e-01,-5.711709416394972205e-01,-4.616620074421146080e-01,-5.331005702209213881e-01,-5.356466129429843237e-01,-5.304276396165534813e-01,-4.215550373925192051e-01,-3.424807422847627181e-01,-4.464177437407739757e-01,-3.179936776502616524e-01,-4.815844839416457135e-01,-3.769243955810557822e-01,-4.100207667369529796e-01,-3.810387331178343162e-01,-3.583721745238159784e-01,-1.152786170249722741e-01,-3.813460620179785487e-01,-2.969051215516319009e-01,-4.362524252515010414e-01,-4.324132011495838146e-01,-3.376335058128294153e-01,-3.447731452811685915e-01,-3.705626240890072531e-01,-2.460548567966300559e-01,-3.293449548986841086e-02,-1.625631879999715756e-01,-1.255076307645886513e-01,-2.717666298180669293e-01,7.682750680648545161e-02,-7.190062387602139116e-02,-1.351074804661772655e-01,-2.334695064298926426e-02,-1.160309879776816183e-01,-1.262567454879179041e-01,-5.028310906117330892e-02,1.815446953104647709e-02,-1.204956715897865932e-01,-1.793308695216069559e-01,-5.390840388018218465e-02,-9.044095601231275094e-02,1.520188905691615133e-01,-8.269000561487152567e-02,1.030708339731894602e-01,2.036335379739618867e-01,9.102536192040261431e-02,8.575290439502933348e-02,1.153596989087691677e-01,1.222959887969446713e-01,1.908511762267890155e-01
-7.749266726434453911e-01,-8.122358216322065338e-01,-7.696602824358121930e-01,-7.606865032097902546e-01,-8.030101972383955067e-01,-7.871763982593141806e-01,-7.999652693972686412e-01,-7.601687643242666104e-01,-7.717778034582186697e-01,-7.982346037980686537e-01,-7.638978966815231919e-01,-8.122052149441505442e-01,-7.513499733561849192e-01,-7.056078241950868302e-01,-8.115062447622014563e-01,-7.052034802994300300e-01,-7.397699019303721757e-01,-7.210030008171988136e-01,-6.846570157415684532e-01,-7.209126675414755381e-01,-6.744159841557245683e-01,-6.318501666848721499e-01,-6.303294672657724362e-01,-6.567202895035147980e-01,-6.193070217532252730e-01,-5.477799654432248255e-01,-6.453288034337977264e-01,-5.663645242930950285e-01,-6.694562138577667687e-01,-6.855582972035901834e-01,-5.571774680072609787e-01,-4.784936940003647887e-01,-4.758596679359680115e-01,-5.866050563863398626e-01,-5.952633984539309475e-01,-4.774718008280520176e-01,-5.551997944682626196e-01,-5.022905723528848787e-01,-4.820846782709171108e-01,-3.624178732825765747e-01,-4.963987214085250343e-01,-5.210372749971926565e-01,-3.032987987625114790e-01,-3.169032831579218223e-01,-4.588747424446599221e-01,-4.803648654288951714e-01,-2.238439909911151549e-01,-2.594466273074645390e-01,-3.707148034149592708e-01,-2.073888578788441184e-01,-2.184051438261652989e-01,-3.363031359338887194e-01,-3.406381998998467275e-01,-4.101277593575038405e-01,-4.094236297899398469e-01,-2.523731887654971917e-01,-1.833983296105006489e-01,-2.873816851943201134e-01,-1.743989097454482218e-01,-1.304129570370238800e-01,-2.311310019588751763e-01,-1.745006738210330421e-01,-1.030435705462795226e-01,-2.302097967620986008e-01,-2.568613880753743972e-01,-1.971125535158516767e-02,-1.691269006238294570e-01,-2.745862722925682814e-02,-2.558573339540319222e-03,2.262763677788902708e-02,-1.948236276716138471e-01,7.879986180980955157e-02,-5.690942049480909176e-02,-1.777494978999586694e-01,3.323154289602172629e-01,8.352927630703728401e-02,2.408137979717611121e-01,2.587743914046753413e-01,-6.234766669728435823e-02,2.516337039167032205e-02
-7.615538499529428407e-01,-7.467184502061388063e-01,-8.234862831496007063e-01,-7.622273440547362444e-01,-7.598073844894502882e-01,-7.817750274584169823e-01,-7.950430051597485726e-01,-7.806184230314364703e-01,-8.076067882897881578e-01,-7.680111555093330766e-01,-8.205128788211749624e-01,-7.564995894953894240e-01,-8.068892068865731737e-01,-7.625459358568008605e-01,-7.660056105691424033e-01,-6.987760713447223049e-01,-7.309570142511586655e-01,-8.134637333493811573e-01,-6.946099918550981966e-01,-6.577489673909572288e-01,-6.773955816706878075e-01,-6.642695989859621619e-01,-6.839037626611249587e-01,-5.803411717432211958e-01,-5.625482120708470424e-01,-5.336419251187114465e-01,-5.755914390841733175e-01,-6.650717987465247782e-01,-4.760966463096674706e-01,-6.091137213261125227e-01,-6.791318131968238081e-01,-4.917157214961310197e-01,-5.616653254235911552e-01,-5.807471771819900930e-01,-5.579877712742465912e-01,-4.281361464951194962e-01,-5.677352625262045427e-01,-4.409220647367234069e-01,-4.982636449417369717e-01,-5.166033286512795586e-01,-4.834677273660510366e-01,-4.279307564526803054e-01,-3.728853494910744359e-01,-4.546848732785385705e-01,-4.708359940616616557e-01,-3.837330539072452140e-01,-4.874619488013329227e-01,-4.433156812547361381e-01,-2.934049945868100195e-01,-4.082633325940080438e-01,-3.679069951360192658e-01,-2.590102312082039893e-01,-2.500906302545206628e-01,-2.627134899153590331e-01,-4.094972315094167481e-01,-1.761648427503443026e-01,-3.173138550080275011e-01,-2.750336115014261895e-01,-2.649101269857528362e-01,-1.717356761762602324e-01,-1.157671447346711041e-01,-2.347335295352338813e-01,-2.716391850745299430e-01,-2.177484888131933360e-01,-7.127667054824497750e-02,-1.560013182593604775e-01,-1.668138428013814789e-01,8.504210986151122809e-02,4.949150387841346616e-02,-9.997389081564479751e-02,-1.318949763028051669e-01,-2.226410672712713507e-02,1.549214764331475203e-01,-7.416002458514653339e-02,-1.202961106011619929e-01,1.904226216819774054e-01,5.609749578315204738e-02,-5.841655049957264478e-02,1.183021035939060307e-02,3.519900608127280450e-01
-8.168773317047145488e-01,-7.322957685228749236e-01,-8.020401398198309106e-01,-7.541569438437026873e-01,-7.950907806229560171e-01,-7.426820160827710682e-01,-7.499460966477327073e-01,-7.878372162639920573e-01,-6.866299627350153090e-01,-8.271416182162805164e-01,-7.497984516454069270e-01,-7.506120979299649720e-01,-6.451550482583574553e-01,-7.072504002119243127e-01,-6.851115418497747411e-01,-7.081957057353245322e-01,-7.183882140988834264e-01,-6.603582613019443048e-01,-7.249151778736174778e-01,-7.700864614831457455e-01,-6.793185871562875677e-01,-6.904617101698636850e-01,-7.067190892526482582e-01,-6.430938444250030583e-01,-6.479379656095998197e-01,-6.275493722038922861e-01,-5.643901444247674259e-01,-5.275099959413209749e-01,-5.585726987104513430e-01,-4.867337957789703018e-01,-6.623412846875071924e-01,-5.533286948830380414e-01,-5.666623420945108291e-01,-6.129318060207583629e-01,-6.577534039929102683e-01,-5.570804789056639228e-01,-4.940197375354373199e-01,-4.486723707643037184e-01,-4.397189268923446526e-01,-4.755272817650486039e-01,-4.217664686065595858e-01,-2.818051941375746550e-01,-4.017873488574520424e-01,-4.356672160165058205e-01,-3.982211175241974765e-01,-3.538188770459352317e-01,-4.631252241308832507e-01,-3.271495548158967481e-01,-4.056217213510603381e-01,-2.682373936274763948e-01,-3.136723980102004705e-01,-2.470607434187860330e-01,-2.153750166947718536e-01,-3.955699572318367996e-01,-2.358865902135226511e-01,-2.315662183215952685e-01,-2.895826005095277211e-01,-2.602299855501801207e-01,-2.613937284630187263e-01,-2.432402526661636144e-01,-1.531259825606472447e-01,-2.142005865328331926e-01,-1.065056094513373297e-01,-1.315874325123452260e-01,-2.175873510889481388e-01,-7.989344669108030053e-03,-1.820613339576506451e-01,-2.203189056227781717e-01,4.629491143346443210e-02,-1.574249927515166125e-01,2.167822551699922703e-02,2.768564801762745872e-02,4.148892458839855552e-02,1.289568174471966977e-01,-3.401079955716485720e-02,-8.286181903969724871e-02,2.536763747272274914e-03,-5.569169283009976074e-02,4.229650892209725621e-02,2.580363619190478297e-01
-8.093600703204054669e-01,-8.056140571225701708e-01,-7.194609646272388526e-01,-8.064887168191632316e-01,-7.594456997680806287e-01,-8.066535904201945772e-01,-7.663489095355678904e-01,-7.247186740264275340e-01,-7.977664671416868636e-01,-8.036857079951086336e-01,-7.779162155806793599e-01,-7.876120580737037136e-01,-7.657065399919967819e-01,-7.742495697213911399e-01,-6.571269815857502250e-01,-6.773312941696900680e-01,-7.132959537034023745e-01,-7.493466949296138102e-01,-7.489913851498894992e-01,-6.569402593434682247e-01,-7.162945162614515748e-01,-7.736818397487579269e-01,-7.316953111091782924e-01,-7.175348921649752354e-01,-5.348129430933644679e-01,-5.265500579040680584e-01,-5.861527018403325240e-01,-7.549712521518560093e-01,-5.489828474698335015e-01,-7.278906892537130302e-01,-5.632700457330029886e-01,-5.453097464688330120e-01,-6.766921577132561927e-01,-5.555797966156126311e-01,-4.698446870519248919e-01,-5.348719030147267572e-01,-4.888605223242895592e-01,-5.228187287818928386e-01,-4.533257977507323955e-01,-4.135173953263763802e-01,-3.270022274382673455e-01,-4.974438054066945281e-01,-4.092611233602232446e-01,-4.289864231096193192e-01,-3.693351797674061521e-01,-2.635623226449100853e-01,-4.604779557825940950e-01,-4.331259141683186376e-01,-3.974689681075960213e-01,-3.600529018683832350e-01,-3.787208761571093651e-01,-4.078530854204619471e-01,-2.463631057237760102e-01,-2.959583499795327977e-01,-2.430670356175164415e-01,-3.314100068182417314e-01,-3.986623854252229204e-01,-2.662911155234513050e-01,-2.045324049735858518e-01,-2.010323387073866541e-01,-1.498191684277579427e-01,-1.929523216569551669e-01,-8.260142960842038751e-02,-2.364839771661235435e-01,-1.099659685870524733e-01,-2.125509175371357862e-01,-5.861951409910846379e-03,-1.940371114866888680e-01,9.955499859604939605e-02,4.439380206930251295e-03,-2.120040474117531604e-01,-1.048739826177682022e-01,1.461165502769123103e-01,3.774217778937655893e-02,2.111505443146160232e-01,1.324763698654174513e-03,7.768675040928073317e-02,7.850046246009513562e-02,8.384760801574196731e-02,-3.482580904897461527e-02
-7.749840294242850147e-01,-7.709418447546665387e-01,-8.262942778565773860e-01,-7.508237431471250778e-01,-7.053049618413368416e-01,-7.047645456825885057e-01,-7.539595356190796904e-01,-7.770012645745645319e-01,-7.444929089962972757e-01,-7.296397927826722141e-01,-6.932668041244914869e-01,-7.287702394522252991e-01,-7.651719498815681142e-01,-7.686753367918571778e-01,-7.223511511118233530e-01,-7.127202138089810957e-01,-7.844200406272761050e-01,-7.799631289105150023e-01,-6.456447734598628196e-01,-7.198242365331921633e-01,-7.212151395139898558e-01,-6.708998492015558757e-01,-6.812658786549008472e-01,-6.584507760818031352e-01,-6.158907475009751664e-01,-5.973035356730445056e-01,-5.863395180644854765e-01,-6.446512778483578510e-01,-6.177167182388753064e-01,-6.724877087708559520e-01,-6.076857818010378276e-01,-5.002785652583731091e-01,-5.559915082196005276e-01,-6.880514420410961396e-01,-5.865534833624644895e-01,-6.321996908475953081e-01,-6.184482750230564374e-01,-5.420462297480580505e-01,-4.161072442379037950e-01,-4.441621388002250370e-01,-3.029211471391226040e-01,-3.958968169077976551e-01,-5.401077329645578295e-01,-2.977185948554772477e-01,-3.879454375120389154e-01,-5.855420581742154518e-01,-4.329065907211441244e-01,-3.929419148004959506e-01,-2.399090250054901341e-01,-4.226450592699177999e-01,-4.196148504050824513e-01,-3.906614520315063732e-01,-2.768380769549088627e-01,-3.367191288534707727e-01,-3.241978953961692778e-01,-2.468211727776821740e-01,-2.165278098549826835e-01,-3.263288355546089536e-01,-5.586344052445822023e-02,-2.728095352831607090e-01,-3.366775191435096848e-01,-2.427296326680877803e-01,-2.295888386471538201e-01,-2.801689131390043830e-01,-7.650693583244828899e-02,-4.109604846237986664e-02,-1.347486797990027629e-01,-6.021877407074311545e-02,-3.009359349040617304e-01,-1.176907979985323122e-01,-2.681368810766929234e-01,-2.512827906170618866e-02,-5.160652393170198603e-03,1.074663247991671650e-01,-9.039512830614241864e-03,2.431448010317905084e-01,-6.741326809214377713e-02,-7.527742189768346637e-02,-1.610293919900293025e-01,-9.883868460077295526e-02
-7.863437507896923195e-01,-8.128034530393850599e-01,-7.781834326582366401e-01,-7.217061969704355873e-01,-8.011905290166243532e-01,-7.613117323270642833e-01,-7.702393350262061178e-01,-8.008959119180331099e-01,-7.607436133956853030e-01,-7.456378296439488684e-01,-7.351165876730517690e-01,-7.430378813932529969e-01,-6.309868178013833262e-01,-8.299853207034038061e-01,-6.122223139511586698e-01,-7.127948024723038678e-01,-7.299830941038448762e-01,-7.441395762739434483e-01,-7.295551351760092285e-01,-6.753140498365349798e-01,-7.442459474318809942e-01,-6.497319145707216581e-01,-7.022761195782510901e-01,-6.826207225408661428e-01,-7.053427211519520679e-01,-6.219348704687550633e-01,-6.671026720430029977e-01,-6.192961732262193264e-01,-6.261587628723241927e-01,-6.852516796586819448e-01,-5.667659732695332631e-01,-6.047159131333881277e-01,-5.891936932632161339e-01,-5.723394952929860002e-01,-5.645253202578205398e-01,-5.205640398469232322e-01,-5.673261398774308573e-01,-5.157359056210373272e-01,-5.135841345350449227e-01,-5.449696761029761971e-01,-4.452461292586969432e-01,-3.227282441517853595e-01,-3.191632406982967129e-01,-4.716987979721544155e-01,-4.808752336564902086e-01,-4.662463147790191775e-01,-6.015747386211008907e-01,-2.959004251505755190e-01,-3.157814857934306829e-01,-3.340891741395536352e-01,-2.320996283645652691e-01,-2.414793407890869770e-01,-4.305657033480588813e-01,-2.444847434661316654e-01,-2.502561350949437657e-01,-3.182103904346464396e-01,-3.158777909061943889e-01,-2.586738347132311322e-01,-2.225498533060745465e-01,-2.598375462282204174e-01,-2.596794927308606060e-01,-1.296739421592455477e-01,-3.047132347662744323e-01,-3.140888629808344934e-01,-1.525793837540158626e-01,-1.545489257172968645e-01,-1.265922199012116389e-01,-3.350099330402520753e-02,-2.587719763139769147e-01,-2.017047522197696618e-01,-7.424466477333230285e-02,-3.875114634115605326e-03,-1.051183705794558193e-01,-4.278223564186978134e-02,9.011868154498081998e-03,1.784399689429067293e-01,8.745743019819324227e-02,6.241755604783164046e-02,1.796490384760134063e-01,1.431819213074509434e-01
-8.148138892825423918e-01,-7.083484813200714436e-01,-7.727248629349112719e-01,-8.008624525212962864e-01,-8.120904365522029211e-01,-6.960658084137999468e-01,-7.547762618392722667e-01,-7.882025695891456962e-01,-8.156916339070755528e-01,-7.457846389402242870e-01,-7.577833703806918786e-01,-7.285715500890889151e-01,-6.836544639866506401e-01,-7.072442783237262720e-01,-6.938383048612402071e-01,-6.451032498468443066e-01,-7.575247567454821418e-01,-6.743364840789556336e-01,-7.475265778824784491e-01,-7.476875151575319567e-01,-6.654717369459660636e-01,-7.221203718480554423e-01,-6.759705111737538408e-01,-6.391657321100775446e-01,-7.222100927445318508e-01,-7.380719296546616182e-01,-6.749817794174857166e-01,-6.212650176428911042e-01,-6.067869933809998395e-01,-6.971077386415409638e-01,-6.465899340960751251e-01,-6.752536601490342072e-01,-5.977947353158504784e-01,-6.342382781913151746e-01,-5.574066526847101244e-01,-6.053642062007309477e-01,-5.920198662945644896e-01,-5.439146460189776544e-01,-5.065054058600599873e-01,-6.248122709253952634e-01,-6.108136003482863563e-01,-4.737334411519565913e-01,-5.490956580669273945e-01,-4.980713062717208595e-01,-5.452081520885690979e-01,-3.214758061001799505e-01,-4.097494536887981709e-01,-3.971267454357208515e-01,-4.466384477804996589e-01,-3.508542484272981765e-01,-2.629798752831907227e-01,-3.099187653041320933e-01,-2.883672117183315731e-01,-3.125999997792713314e-01,-1.697977661651434433e-01,-2.622934589467477706e-01,-3.625494397998414442e-01,-2.314467486222075154e-01,-2.422460198148730648e-01,-2.233407385556373526e-01,-2.977649036906892532e-01,-2.509810321152231571e-01,-5.957677896022909453e-02,-2.295981532681537207e-01,-1.543290875933153727e-01,-1.988711681619134697e-01,-1.567413935601665864e-01,-1.785519657804907068e-01,-2.940106447049638597e-02,-5.181606335862149609e-02,-5.102326390746441537e-02,-4.757976661068468588e-02,-4.126107896853786067e-02,2.896295023804113314e-02,1.042651092685117770e-01,-1.936097125645401817e-01,-1.975490754885441680e-01,4.570043405977812501e-02,-4.793055393649032353e-02,-1.110170590750918090e-01
-6.453990603672956627e-01,-7.291737857119231503e-01,-7.701588414595990084e-01,-8.034576021954573655e-01,-8.231901564278675254e-01,-8.040354014865045418e-01,-8.025806063123135381e-01,-7.600274547434435757e-01,-6.206982774640296130e-01,-8.014335741808079616e-01,-7.573893552345231095e-01,-7.863578429552212645e-01,-8.268689030913467519e-01,-7.879025547346090175e-01,-6.872565282534269793e-01,-6.941548822432010990e-01,-6.995410398189912948e-01,-7.580746743349792149e-01,-7.566379473672967260e-01,-7.030112520817584087e-01,-7.269262175722119856e-01,-7.721496477882762166e-01,-6.736489136865145833e-01,-6.618863066504112602e-01,-6.867199209185260722e-01,-6.356480049049749725e-01,-7.451461013449952597e-01,-7.758210835475354283e-01,-6.547395086620187987e-01,-6.697673628272812207e-01,-5.296965651878490222e-01,-6.851889255563136105e-01,-5.796689285447783613e-01,-6.638348867038076362e-01,-5.564812163886030394e-01,-6.592144697611992399e-01,-6.290691508948630384e-01,-6.988428746483883458e-01,-5.817908321974740726e-01,-4.957159035822463200e-01,-5.127486943429502286e-01,-4.630300423191531789e-01,-4.644852281558229934e-01,-5.448754560701378757e-01,-4.186848017190420990e-01,-4.082991319231638050e-01,-5.065006572663252049e-01,-4.520129230615357319e-01,-4.094375997231562425e-01,-2.910877675733807290e-01,-3.993219137203549707e-01,-5.000773396122875081e-01,-2.413587109328726443e-01,-4.523699602382958984e-01,-1.886594319966649613e-01,-4.167032488221311115e-01,-2.796757541695694127e-01,-3.330058187955217686e-01,-3.569640143054169101e-01,-3.273051325742194484e-01,-3.553961820263457083e-01,-3.139466207630330907e-01,-2.336766777892405611e-01,-1.426809657244386409e-01,-1.470689421175798081e-02,-1.266651060549550956e-01,-1.130612173152491934e-01,-2.636148925830392731e-01,-2.714632166996920892e-01,-1.699339013026889833e-01,4.067919197362974970e-02,-3.100583390145828511e-01,-1.575127809703835147e-01,2.416226563686336634e-02,-1.454940021718970911e-01,-7.985299166697350237e-02,-3.177106395039372422e-02,1.058887376466605967e-01,-1.516397677568738674e-02,-7.404134137386686812e-03
-7.261795427796157165e-01,-7.176649306968432285e-01,-7.277111244899235887e-01,-7.802632118235863778e-01,-8.194799628291604687e-01,-6.783188589802369162e-01,-7.868425505205655091e-01,-8.175636553018393871e-01,-7.830992222633548216e-01,-7.718496883613378268e-01,-7.926772078645215602e-01,-7.651807670059681543e-01,-7.600441373727763184e-01,-7.167472019312272069e-01,-6.923869489095136887e-01,-7.937447942526796307e-01,-7.893101051806882262e-01,-7.744405198234224352e-01,-6.853358296007644457e-01,-7.872925465642752751e-01,-6.139179953693797431e-01,-6.701731221077171785e-01,-6.417259496019788179e-01,-7.425540720642911374e-01,-6.706338806606592096e-01,-7.155957642946846331e-01,-7.276420604841551398e-01,-6.954991713882250348e-01,-6.521107580088262301e-01,-6.478993928212249953e-01,-6.401586762583906243e-01,-6.265407076412362608e-01,-4.996815069319075486e-01,-5.860354528266802365e-01,-6.243177635201871967e-01,-6.434872443079922011e-01,-4.174228201168783681e-01,-5.220185151920533340e-01,-4.651007396859666021e-01,-5.794042942597931178e-01,-6.600733061005985558e-01,-4.905783115652856408e-01,-5.343464954068087858e-01,-5.962039504119835964e-01,-5.502922725128803760e-01,-4.609151035434155275e-01,-2.633443651557815235e-01,-4.085577036025008768e-01,-3.660338071446088137e-01,-3.914310192861664706e-01,-4.178315444871577578e-01,-4.610358861436513744e-01,-3.582319820313858982e-01,-4.164802397862725769e-01,-3.310841858079827671e-01,-3.544931633574052166e-01,-3.375048109392997930e-01,-1.751611143961348538e-01,-3.466797965765079370e-01,-1.878576436506366465e-01,-3.376034828791120712e-01,-1.221540229451777010e-01,-1.753183902137959715e-01,-4.030111071141495027e-01,-1.980424505964860915e-01,-9.740895309679782621e-02,-2.894829943063572109e-01,1.436158237260903164e-02,-2.719706894302097999e-01,-2.079014436778000574e-01,-1.534588275138810409e-01,-1.640337373132536372e-02,4.299963725956324617e-02,-1.344705331826362427e-01,-6.650379187536382963e-02,-9.822143971883375013e-02,-1.311712768573731758e-01,-1.791491554387791285e-01,7.368102180220617581e-02,2.338478165157412691e-01
-7.980886856271400820e-01,-8.079923056135194237e-01,-7.614348884327089007e-01,-7.778992902428145673e-01,-8.018523012952253337e-01,-7.806504165011034502e-01,-7.465162161060657775e-01,-7.146725579028732067e-01,-7.123691831201427460e-01,-7.624234880481294274e-01,-7.008753130148408506e-01,-6.568950612757924468e-01,-7.083552530883401310e-01,-7.495104557211440532e-01,-7.901165527873194039e-01,-7.070846633917539092e-01,-6.774318077372586400e-01,-7.493590286576802262e-01,-7.612432687482402205e-01,-7.110511641256697102e-01,-7.708861540908678034e-01,-8.023840080138635589e-01,-6.830014534472493848e-01,-7.467825393667651968e-01,-6.058403665958523865e-01,-6.861640747527336659e-01,-5.718246214341582423e-01,-5.659026434171388065e-01,-7.027689956399972848e-01,-7.349772082761549807e-01,-6.784851947294415764e-01,-6.183988139167357900e-01,-7.027342125867235278e-01,-6.015351550261146540e-01,-5.772145524677275708e-01,-6.462449562331626929e-01,-5.221085756798238275e-01,-4.902630049909495469e-01,-4.861830162241275177e-01,-5.113924823073824344e-01,-5.291411878651653966e-01,-5.006099283972138547e-01,-5.740339424674073543e-01,-4.640928324998275234e-01,-4.100224606461812527e-01,-3.837812161666508959e-01,-5.226199548116802207e-01,-4.206598560025427980e-01,-3.414634062200996856e-01,-4.182454609041463267e-01,-4.210607671109050654e-01,-4.056106542169660156e-01,-3.797806613548643795e-01,-4.343147813638837396e-01,-2.286283377364451141e-01,-4.454238795555892638e-01,-3.961739066109535301e-01,-2.615000360922239975e-01,-4.089658299540009923e-01,-3.270177788752199333e-01,-3.388310103298876053e-01,-3.022386453212529966e-01,-1.629907816515284713e-01,-1.605862690427310169e-01,-1.915610175799152270e-01,-2.360320045122151489e-01,-1.061002055275628991e-01,-1.715162946942330457e-01,8.565711042007377596e-02,-1.970174640144975106e-02,5.296311437679427801e-04,-1.786654871557192548e-01,5.998416755087745966e-02,-2.283765950633879771e-01,-1.939193692668306768e-01,-2.550139046303491197e-01,-6.630985522673297702e-03,-1.914718332738706008e-01,1.116566320036152110e-01,-2.364540485686538254e-02
-8.128603974611224858e-01,-8.177889867260096368e-01,-8.187861920930454840e-01,-7.410653357037197964e-01,-8.154800699034947531e-01,-7.670627042216915381e-01,-7.844162698872843009e-01,-7.089746722201520912e-01,-7.885626406870925864e-01,-7.687000388764880787e-01,-8.030591577670745940e-01,-7.843162309223601358e-01,-8.023806273495980301e-01,-7.124694071909007942e-01,-7.925157903487225486e-01,-7.501011512087821798e-01,-8.108458460694492054e-01,-7.360003822814901175e-01,-6.224167733515435508e-01,-7.001299954332801390e-01,-7.723331277753530122e-01,-7.243176235363937288e-01,-7.411159471067264581e-01,-6.621932373725832877e-01,-5.750176708867321684e-01,-7.033092559876092942e-01,-7.261071806661347772e-01,-7.530687554843077391e-01,-5.753413443303614372e-01,-6.119203185344789242e-01,-7.505690268541101995e-01,-6.366614811212756297e-01,-4.731143850306557819e-01,-4.659387321847984209e-01,-5.821799814705238552e-01,-4.918069041371527783e-01,-5.350480826959796987e-01,-4.733931751096006613e-01,-4.384648605997066850e-01,-5.507674102015054363e-01,-5.648755702192481687e-01,-5.769152732882089074e-01,-4.282197969513963920e-01,-4.449875622855702928e-01,-5.244393391319601694e-01,-4.073343000941683778e-01,-5.059635344391799627e-01,-4.094491343857483701e-01,-3.873981350118305134e-01,-3.869275478102609522e-01,-4.868427033688930150e-01,-3.682339897802608397e-01,-3.462149117684490407e-01,-3.908974043204870852e-01,-3.049554100637759668e-01,-4.180114206428945933e-01,-1.551469500929502088e-01,-2.686822893590973260e-01,-3.434119812821052053e-01,-2.770142465303069290e-01,-2.934128734416058815e-01,-3.805231492059912290e-01,-2.204368479883674070e-01,-1.509898771518135008e-01,-3.325658144784804926e-01,-2.800622745978157968e-01,-2.569398939331360987e-01,-2.921412557015365952e-01,-1.207043561423235822e-01,-9.746023416394695993e-03,-1.394412842101349914e-01,-9.850834055179188975e-02,-2.376552005018321423e-01,-9.460197875243911425e-02,-1.129947473531186242e-01,-5.846478240352522698e-02,-7.028047489237844447e-02,-7.237376591856377328e-02,-6.377052876547945059e-02,-1.579863705413741826e-01
-8.148870522648322678e-01,-7.817961153925180318e-01,-8.093736097972379362e-01,-7.571431015210720039e-01,-7.368306662632098103e-01,-8.221398379539699430e-01,-8.139135374621024877e-01,-7.913303479457689527e-01,-7.394759465627561701e-01,-6.201692525995953220e-01,-7.742509615684205482e-01,-7.574113913659211716e-01,-7.392953608255705689e-01,-7.599658611982272882e-01,-7.712393459333243273e-01,-7.349221904935387961e-01,-6.363189416196934900e-01,-7.129560857434998900e-01,-6.735134533054891737e-01,-5.897347357505366983e-01,-7.182054866958239581e-01,-6.925383988229950605e-01,-7.298064706082494357e-01,-7.131767031000751933e-01,-6.562299619375108195e-01,-7.486632867477294173e-01,-6.743663404997043420e-01,-7.128985571557688861e-01,-6.438902447690353359e-01,-6.685004100207471156e-01,-5.766112647583842010e-01,-7.220728995855225651e-01,-4.964744593458448318e-01,-5.667914644746712138e-01,-5.293117980585315685e-01,-5.630086490144119438e-01,-6.195518529415469100e-01,-5.604460160851839623e-01,-6.596301978979843827e-01,-4.666557166747798968e-01,-4.949869354855122028e-01,-5.622875917970744375e-01,-6.872269924554031961e-01,-4.679789899100118555e-01,-5.256975492658728655e-01,-6.061763368130478336e-01,-4.963644778447694472e-01,-4.633249224983651549e-01,-3.841900513878320766e-01,-4.016747303778613332e-01,-4.893471543367619025e-01,-4.770195419528279190e-01,-4.105213347005929880e-01,-3.911842498000021595e-01,-3.530379598367078264e-01,-3.475167588834002230e-01,-3.380536846899503400e-01,-2.710672567067638483e-01,-4.788225118551823201e-01,-3.056187559280676980e-01,-3.353825136612264002e-01,-2.569411902341919851e-01,-1.925754262609301604e-01,-2.481655788391338990e-01,-4.394050585318811653e-01,-3.336411341290647092e-01,-1.913140940043747407e-01,-1.104290699606189224e-01,-2.003148008487010967e-01,-2.543044775612089345e-02,-4.321041143086352260e-02,-1.842167779736138822e-01,-4.854413377857876022e-02,-4.949736329554795672e-02,-5.448445937184960564e-02,-1.306709356847537973e-01,-2.088603854084997435e-01,-1.645815333282236448e-01,-1.501375930114538793e-01,-1.373854184581451976e-01
-7.764433273804580704e-01,-7.372049664854337658e-01,-8.122824752719695063e-01,-7.582495941448919030e-01,-8.237782432498772511e-01,-6.791613296315969217e-01,-8.167037996357794372e-01,-7.789849712911584012e-01,-8.119643539561582912e-01,-7.834256267827882647e-01,-7.301946692649514681e-01,-7.232324605690839681e-01,-7.621215771013155615e-01,-6.704346007713208877e-01,-8.288806269524555681e-01,-6.816370364444812591e-01,-6.943261923230832355e-01,-7.189736814599894110e-01,-7.706150091250422163e-01,-7.707498048328211837e-01,-6.981935846204913032e-01,-6.287611886465390709e-01,-7.384041135039716153e-01,-7.013916343111249452e-01,-6.446653031526120570e-01,-6.582783229449318263e-01,-6.898604067155635899e-01,-7.031472773292846146e-01,-6.603632387938381809e-01,-6.640688840544031191e-01,-5.804257211072625378e-01,-5.667299740805742392e-01,-5.788332459824321319e-01,-5.943001049895580978e-01,-5.648646150275380418e-01,-6.255311225483209947e-01,-5.663637545133379803e-01,-6.957445868792614396e-01,-6.100493414481952259e-01,-6.025586699404048563e-01,-4.939385682432152480e-01,-4.535637454072914410e-01,-4.325637434400426695e-01,-4.022472810256809694e-01,-5.887733393153636863e-01,-3.466419325060751122e-01,-5.517869872178583490e-01,-5.558662381607429870e-01,-4.526323545631411593e-01,-4.189735647277320618e-01,-4.882607489119392130e-01,-4.689838507598375061e-01,-5.125918739992115780e-01,-4.431508210772592826e-01,-3.615075624806068366e-01,-3.210993615877432150e-01,-3.422054215979773439e-01,-3.043124998828984351e-01,-3.601945975618033313e-01,-2.985140595873296832e-01,-3.190666045124936900e-01,-3.144511117304988335e-01,-4.571025752087428118e-01,-2.331174841368847950e-01,-1.397549757769702417e-01,-2.632726233622785239e-01,-2.096248975691845373e-01,-2.211976734925476251e-01,-2.274664171416189429e-01,-1.933383764876288879e-01,-2.271073609403216065e-01,-1.799080427549110961e-01,-2.062717851966947846e-01,-3.270355330800281402e-01,-5.151958956106354043e-02,-2.892201546624775018e-03,-1.191436897006353107e-01,-8.538473786323949599e-02,-2.855986693097180562e-01,-3.249859018347658196e-02
-7.671176450587071649e-01,-8.156825622926408004e-01,-8.215637197516388879e-01,-8.166795096063224069e-01,-8.073314977015535465e-01,-8.153869493017888992e-01,-7.957718217444861297e-01,-7.844839350182937210e-01,-7.997071772856725325e-01,-7.429591060641650424e-01,-6.839277059909866230e-01,-7.026384655063134810e-01,-7.052457052714709018e-01,-7.831179559066497875e-01,-7.042079590418255375e-01,-8.064254960150361029e-01,-7.605212195277784026e-01,-7.116116477974657739e-01,-6.914500494363672312e-01,-7.537348153887233337e-01,-6.883945084166858130e-01,-7.168619212684015363e-01,-6.691833940455673702e-01,-6.444531954926032702e-01,-5.954502328803115141e-01,-6.877858084001465810e-01,-7.182570591803544291e-01,-6.164860094069531948e-01,-5.563367558737613017e-01,-6.248912514971601828e-01,-5.150204182751122461e-01,-6.455850912274851972e-01,-6.632868310238689835e-01,-6.021434829794676258e-01,-5.581425717530624775e-01,-6.048470939772625510e-01,-4.423117550633521855e-01,-5.275745309421155937e-01,-5.043037526429514639e-01,-5.691384637471886832e-01,-6.037987517473233368e-01,-4.944213484595539332e-01,-5.270634528707457411e-01,-5.378122066739005058e-01,-5.047283649334054489e-01,-3.837654224176979545e-01,-4.879661641494031921e-01,-4.417964886886621145e-01,-4.717738580280416150e-01,-4.620819315636350288e-01,-3.300905412950235207e-01,-3.659440166251332616e-01,-4.701349721711687857e-01,-3.508550653573578870e-01,-3.831387329932153807e-01,-4.619051407795978781e-01,-3.946773433990842794e-01,-3.564307783204052060e-01,-2.426930530308676059e-01,-1.869828070447458190e-01,-2.956242855391116864e-01,-3.801509442846965903e-01,-4.685100612744339532e-01,-2.506108795730140337e-01,-2.159937947187940688e-01,-2.204232105445498024e-01,-9.854867005596142093e-02,-2.592913408976258438e-01,-3.940224240362832919e-01,-3.307374914689413803e-01,-1.490635263663209753e-01,-6.725877379665573530e-02,-3.133087151632084066e-01,-5.953510957271636317e-02,-1.929818831487734865e-01,-1.364827549636129234e-01,-2.786273207785832651e-01,-9.626333691106400692e-02,3.982410480262985053e-02,-1.840529735373710660e-02
-7.665661857109380417e-01,-8.074405100887332987e-01,-7.460234728181159847e-01,-7.704176465352202685e-01,-8.051506975949049849e-01,-7.929040630935563216e-01,-8.015154696943380674e-01,-8.044646823894706644e-01,-7.717238178871264065e-01,-8.123036048379989049e-01,-8.063592515866514487e-01,-7.690508600948500195e-01,-7.784077041231842742e-01,-8.107523724503794549e-01,-8.250941027416371920e-01,-7.526956331948734258e-01,-7.623166519488780990e-01,-6.467186706981906674e-01,-8.114679629838827957e-01,-6.650002743175702502e-01,-7.181577861176208222e-01,-7.251558543229269516e-01,-7.034329392589022678e-01,-6.777299758599025781e-01,-6.625299807778668448e-01,-7.602591138070571297e-01,-6.931259206673953122e-01,-6.575120651239836356e-01,-6.641336393997183674e-01,-5.822145804357135024e-01,-7.829363483096752896e-01,-5.962028525770510790e-01,-5.812477945735039508e-01,-6.979646471155191989e-01,-5.908200099245469739e-01,-5.828872239461424520e-01,-5.533656495266963127e-01,-5.597138184674835815e-01,-6.104743441206295085e-01,-4.667101057947238285e-01,-5.865852779187762378e-01,-4.751887452681117785e-01,-4.092318772271041349e-01,-5.134019682263571971e-01,-4.602648138157474089e-01,-4.986605535539949674e-01,-4.062006133919124351e-01,-5.008515606546548593e-01,-4.916340892074141933e-01,-3.706053486527997043e-01,-5.082250235522048909e-01,-4.535829910419471034e-01,-3.660677135552349304e-01,-2.261611855008638372e-01,-4.703149370869008083e-01,-3.024742866926014018e-01,-2.934178867160135984e-01,-3.356505832170293413e-01,-3.948902939328753914e-01,-5.712927928751807549e-01,-4.123258205837633805e-01,-3.677173747006377558e-01,-2.980527335664708843e-01,-4.244329566950446053e-01,-1.779475512452060038e-01,-3.870191845087760929e-01,-2.887697435067120844e-01,-1.863268623257885725e-01,-1.937367904383181239e-01,-6.273583648349535802e-02,-2.077542652237899523e-01,-1.758118148179971807e-01,3.609699505256828284e-02,-2.848074409113400818e-01,-3.321307049317014787e-02,-1.054924217226155675e-01,-1.904414190229687387e-01,-4.614756367582913826e-02,-1.532572399197798529e-01,-1.256898234116253787e-01
-7.686737491257373822e-01,-8.107228225063665139e-01,-7.397419870362574867e-01,-7.116826159298812460e-01,-7.631089942510882462e-01,-7.895621938721245625e-01,-7.573947432934831081e-01,-7.383587590881782736e-01,-7.284740972423588978e-01,-8.112830736310324697e-01,-6.840268952071906217e-01,-7.888655935768362770e-01,-7.719319986210424478e-01,-7.705956687845177955e-01,-7.914150070275138837e-01,-7.618723708256794902e-01,-7.756890086834675735e-01,-7.006461831943047169e-01,-7.316056697319132107e-01,-7.171421329471916462e-01,-6.960320526292496091e-01,-7.454626805466626482e-01,-6.279790215267616604e-01,-6.496912165096255798e-01,-7.691937606063437016e-01,-7.037926277420869514e-01,-6.974340176895733601e-01,-7.075940170957620845e-01,-7.415070785288315758e-01,-6.791078882750390955e-01,-7.663524323450343623e-01,-6.461919318397855161e-01,-5.651655888296189811e-01,-5.188351660009058453e-01,-5.810661803969382477e-01,-5.902982608299960354e-01,-5.920974095662269177e-01,-6.600213148359291848e-01,-4.526277272936781171e-01,-6.137686177362960960e-01,-6.049866811598448857e-01,-6.149531780468184827e-01,-5.829451443921923603e-01,-6.155618564004412541e-01,-5.326660322342785525e-01,-5.289647054604851295e-01,-4.608953383270829041e-01,-5.281854013422448979e-01,-4.323428425820174947e-01,-5.425320650433655967e-01,-4.708478843217551169e-01,-5.290182353283902073e-01,-3.591075152434718976e-01,-4.457239308457697224e-01,-4.310601483703361270e-01,-4.644868918968990679e-01,-3.640126951594799820e-01,-3.640047685194094940e-01,-2.729895847448640667e-01,-3.578406919471721626e-01,-3.493554019794347099e-01,-2.851842719241551305e-01,-3.350623619014144738e-01,-3.754377834994739316e-01,-2.425385102936802872e-01,-1.888751701203498778e-01,-2.732407683144181809e-01,-1.922730539488917423e-01,-2.337530525571342999e-01,-2.892016674815097166e-01,-2.856831795491279191e-01,-2.284960707082272502e-01,-1.786977622868505533e-01,-2.961373742090123717e-01,-9.692548536485504074e-02,-2.488748565045567906e-01,-2.235800408590290778e-01,-3.134502228783787592e-01,-1.756980022208281256e-01,1.082528036272825400e-01
-8.144325868701837168e-01,-8.132201965296904644e-01,-7.989198147013053530e-01,-8.110139072765781831e-01,-7.048882754313897658e-01,-8.160473786054335266e-01,-7.252252598769776126e-01,-7.820237394381179818e-01,-7.899532215332890628e-01,-7.313637359280685812e-01,-7.949868592036085646e-01,-7.755235983610568873e-01,-7.822283270366386931e-01,-7.825304728978442759e-01,-7.321813603161158035e-01,-7.433689016219179324e-01,-7.041350012516320866e-01,-7.261036562579832321e-01,-8.041394356006548172e-01,-7.627704237529623343e-01,-7.507610982822231493e-01,-6.950188070457947731e-01,-6.720523515566916295e-01,-7.861438095778540136e-01,-6.600102719571324661e-01,-7.388408535193181637e-01,-6.713164373917706040e-01,-6.693498770187684688e-01,-6.632478362143220396e-01,-6.623683378411577838e-01,-6.592633332930567525e-01,-6.618009673163676165e-01,-6.551410344720377532e-01,-6.268536422946915376e-01,-5.456644954346817622e-01,-6.032019706776509116e-01,-6.532480731153486042e-01,-5.253265536813938041e-01,-5.014744463990103984e-01,-5.281842929372205786e-01,-5.767645854309216835e-01,-5.428134533221425917e-01,-5.613827115372156396e-01,-5.171415067893658790e-01,-4.545722572567172381e-01,-5.922411971075511872e-01,-4.595698925104783061e-01,-4.546338015663880516e-01,-5.567912491940885111e-01,-4.662762295621741826e-01,-5.533334509849040517e-01,-3.804979132588949264e-01,-4.187580441747019155e-01,-4.217969305170547467e-01,-3.798326769560630423e-01,-3.574699826368116229e-01,-3.290190318835121697e-01,-4.533537735566991467e-01,-4.530324052693494030e-01,-3.676628693177785290e-01,-3.061122611718212760e-01,-1.938636201798092651e-01,-3.630337677065197388e-01,-3.196094072298273914e-01,-2.550942962741264974e-01,-2.879009269763077583e-01,-1.971609200141256069e-01,-2.105457901423758715e-01,-3.828639806995573491e-01,-1.955417928954489570e-01,-2.669226850817837948e-01,-3.431488970306411646e-01,-3.004019733823061755e-01,-2.564789865165107430e-01,-2.252199748828196679e-01,-9.194281257973405119e-02,-1.763965459686378801e-01,-3.299470949352526494e-01,-1.827111832039405026e-01,-1.405631937325826641e-01
-7.696154810508085697e-01,-8.189888714558578586e-01,-8.096441614012273025e-01,-8.100757227352640699e-01,-8.049520176458304643e-01,-8.154391958888402847e-01,-8.084425769798794237e-01,-8.051815352334440457e-01,-7.451768664234660333e-01,-7.707490001089521980e-01,-7.965631899047099784e-01,-7.748399856343893832e-01,-7.523952403188125526e-01,-7.551777930857217491e-01,-7.624938780588739196e-01,-6.177547884096844522e-01,-7.448352415701464668e-01,-7.187205086449537372e-01,-6.933175929763759626e-01,-7.396812548615477878e-01,-7.126143714479746816e-01,-6.741845015512807349e-01,-7.064880655617521432e-01,-7.255894713235451210e-01,-6.953427793671160817e-01,-6.367499331481764058e-01,-7.413460421326776295e-01,-6.385399360337902230e-01,-6.519411304659982198e-01,-6.765766678304488968e-01,-6.111473610120591315e-01,-6.541963981304431686e-01,-7.427159834181646936e-01,-6.410866293470253163e-01,-5.335126546599461284e-01,-6.394583076451587633e-01,-6.196297556057236422e-01,-6.327599779204695629e-01,-5.335244489571336901e-01,-4.613455096900455632e-01,-6.538301635856910154e-01,-5.646497054884613842e-01,-5.441314784327242471e-01,-5.614447976454568501e-01,-4.976647214730605673e-01,-3.697399598558955280e-01,-4.300940707240096805e-01,-4.858526996669569886e-01,-4.214878696886745768e-01,-3.566701653774589365e-01,-5.088526588421886654e-01,-3.811199794771771843e-01,-5.508717217559558899e-01,-3.675392042266650838e-01,-4.637156620741588742e-01,-3.716258231755260044e-01,-5.738513533204624428e-01,-3.502504510874769883e-01,-4.128875968631843807e-01,-2.587645519999406951e-01,-3.862624151088885349e-01,-3.425409724249438570e-01,-2.926428486090398295e-01,-3.291168644078145689e-01,-2.899148063087312877e-01,-2.010505128679287989e-01,-3.514809951226665619e-01,-1.952887677954389667e-01,-2.455095306437532487e-01,-2.338502281857810783e-01,-3.006089521825534017e-01,-9.604496807580446827e-02,-2.841123210199685833e-01,-2.923035323197147872e-01,-2.235916311556273850e-01,-1.705267469616885967e-01,-8.507628299708240582e-02,-5.365235302739797957e-02,-9.927608157111705856e-02,-1.024598868769127230e-01
-8.126645018047368163e-01,-8.130240131578448937e-01,-8.094063213326508910e-01,-7.642967152448360002e-01,-7.694301617638845681e-01,-7.498743179295402905e-01,-7.792776098492961712e-01,-8.113504020444206599e-01,-7.732830618758553820e-01,-7.798059711420349815e-01,-7.875867129673511657e-01,-6.693968834271262214e-01,-7.835557952653817715e-01,-7.987942906133127519e-01,-7.710541435947024791e-01,-7.271936606067640474e-01,-7.531951808261149184e-01,-7.589260799071819719e-01,-7.746937770931761058e-01,-6.711327138415338345e-01,-7.435649927132056414e-01,-5.218779668995231491e-01,-7.635125224906320618e-01,-7.436830475459196288e-01,-7.253156249432139990e-01,-7.930817038074736702e-01,-7.570837406952848347e-01,-6.651881130260306474e-01,-6.494188546887152969e-01,-7.266343121540657091e-01,-6.358134274269436892e-01,-6.434564901839121553e-01,-7.188539758916571154e-01,-6.990676755417161159e-01,-7.441352474349531843e-01,-7.112308165599721121e-01,-6.983034681262368926e-01,-6.665459100576799356e-01,-5.170295154227944057e-01,-5.891728600297303498e-01,-5.185085510482576598e-01,-5.845738887080659252e-01,-5.984409088180701053e-01,-5.094588830673019153e-01,-5.829825865159673492e-01,-5.387002543901432405e-01,-4.396173763723461581e-01,-5.694751222917845412e-01,-3.522562332577180433e-01,-4.933803093192430933e-01,-4.832634385399190990e-01,-4.666964584260332449e-01,-5.831120035598452711e-01,-5.390889096572307748e-01,-3.701697812541029919e-01,-4.273095295674839700e-01,-2.980016916651168635e-01,-2.876208439762065749e-01,-2.514802663274517402e-01,-4.233493566315244538e-01,-3.396297578769255088e-01,-4.178280140226388051e-01,-1.890178809022046436e-01,-2.790666365220904055e-01,-5.498229977854146577e-01,-2.970805144900138806e-01,-1.823447367605633973e-01,-3.579923719880310218e-01,-2.899703753324646693e-01,-1.327397331681657300e-01,-2.949309607724909243e-01,-2.754827301665127015e-01,-1.918856569780792165e-01,-1.432360764962966881e-01,-2.097127810553039984e-01,-2.462270110995429806e-01,-1.872143004511599845e-02,-2.940705779595712555e-01,-2.429702969542192059e-01,-2.212957786118888437e-01
-8.125915112927514228e-01,-8.118474189647699735e-01,-8.113523298928095873e-01,-7.682574939154324101e-01,-7.458377687845304527e-01,-8.126000807908088097e-01,-7.979936031839955923e-01,-7.291138963099044190e-01,-8.223552372321825121e-01,-8.007585202882875342e-01,-7.688454572180304369e-01,-7.412085968771227051e-01,-7.698160221561867189e-01,-7.191925486710998294e-01,-6.878922054987005597e-01,-7.450639228668981540e-01,-7.825104969587179937e-01,-7.913840365995732373e-01,-7.760896047482657156e-01,-7.645189425318463794e-01,-6.717402203857065768e-01,-7.723314132008557431e-01,-7.358337514644883726e-01,-6.309366579852001555e-01,-6.602927259827519046e-01,-6.525963579491758093e-01,-7.544250340531879484e-01,-6.302614261491842340e-01,-6.771169289398955016e-01,-6.341769712383727997e-01,-5.894130336717863239e-01,-6.887074198551638160e-01,-6.409191579453435983e-01,-7.236926702426633717e-01,-6.267529727616452107e-01,-5.647824602983958497e-01,-6.407476080658619511e-01,-5.399242294831484434e-01,-5.425684319410478684e-01,-5.183329841765200729e-01,-5.875139766920064455e-01,-6.462671539784419217e-01,-5.521863859060801571e-01,-5.556943739004537308e-01,-5.826623702172061270e-01,-5.479135890570911993e-01,-5.946694391690506842e-01,-5.065227471844853113e-01,-3.854711621006196021e-01,-4.389980746399400058e-01,-5.672195985373822413e-01,-4.678637536745080538e-01,-4.735682743690113328e-01,-4.573811428887802344e-01,-2.739983261132640791e-01,-6.702697548457848820e-01,-3.500386897087147120e-01,-3.839118014269632950e-01,-3.940732837463423732e-01,-4.166982657639574650e-01,-3.636103028513419377e-01,-2.330503326397803943e-01,-4.326007336874310161e-01,-2.543956454684181412e-01,-2.722356347414656708e-01,-1.800560279030755662e-01,-2.948821235476601355e-01,-2.674783386207256197e-01,-3.809269400416905871e-01,-3.701543204143948884e-01,-1.812422150018398459e-01,-1.699291991181862416e-01,-2.689542453009458600e-01,-2.493968199528732999e-01,-1.418506474506547876e-01,-9.964902273032999469e-02,-2.147181080346452775e-01,-1.672637934865039422e-01,-3.240595939115035184e-01,-1.386957501997467535e-01
-8.125089158880567375e-01,-8.150237279425744941e-01,-7.727597670249879425e-01,-7.826604220222735941e-01,-7.949022795624379745e-01,-7.611004401882988102e-01,-7.334861706547853855e-01,-8.073702576372916440e-01,-8.179595091567167797e-01,-7.344146441394170388e-01,-7.801678783947978424e-01,-7.581096851794891789e-01,-8.042009032938600699e-01,-7.135533744312085869e-01,-6.666168820523885596e-01,-6.607345684161340937e-01,-7.745752592854734386e-01,-7.328884734435611170e-01,-6.983386989940838507e-01,-7.657804864842946424e-01,-7.093177518778578383e-01,-7.588204416271493447e-01,-7.438376551953717053e-01,-6.707256862028576627e-01,-5.968078279127306818e-01,-6.977332915444459660e-01,-5.364699587035993700e-01,-6.686390328221865076e-01,-7.388852373059190404e-01,-6.145137436630385697e-01,-6.421721283622300325e-01,-6.199930493006219345e-01,-5.670397854614086519e-01,-5.628592466040910347e-01,-6.757965715260320083e-01,-6.154142280574652624e-01,-5.395903887131928700e-01,-6.148386327024348841e-01,-6.865740004581349920e-01,-5.851854656480901529e-01,-6.435800205889385950e-01,-7.118154497808369952e-01,-5.629051944889595926e-01,-5.203494650986589809e-01,-5.445895521107853021e-01,-4.968907384273918426e-01,-4.161679660973175987e-01,-5.184998577752037985e-01,-4.328202232127476012e-01,-3.919800865582186988e-01,-4.657906537792997903e-01,-5.383314317398845139e-01,-5.654858869738604854e-01,-4.401641849466622625e-01,-3.848884111624849558e-01,-3.409459225255215831e-01,-2.620631942509754064e-01,-4.491065567037166861e-01,-3.960266628813715051e-01,-3.888419966621258772e-01,-2.743109374215455531e-01,-3.215632436744220723e-01,-4.190926950266895545e-01,-3.815823908643060647e-01,-5.198010505746780696e-01,-3.334292231360442837e-01,-3.232486383584218248e-01,-3.094728034601512134e-01,-3.290060993276482937e-01,-3.896109089055397323e-01,-1.970498171324547854e-01,-8.471498950237182912e-02,-3.135839811053013348e-01,-3.131648827526279377e-01,-2.318810417735892304e-01,-3.340593361000065986e-01,-2.014201155670435339e-01,-9.720411569175098354e-02,-2.400342700597728543e-02,-1.898594725180356435e-01
