-1.733702599568864855e-02,-2.405559787622280343e-01,-1.798555261651615667e-01,-5.381370368420003436e-02,-2.656115637868892154e-01,-2.904732999138782967e-02,2.856277099184818535e-01,-2.979664427368840240e-02,-1.281261391446927300e-01,-7.923081895777175920e-02,-3.878605806597005407e-02,-8.448998330172680093e-02,-1.233074771838814226e-01,-2.088960756752339040e-02,-1.563168077836261105e-01,4.280719257310999087e-02,-1.088408372692567377e-01,-2.777501633072636256e-02,-1.206170146415953479e-02,-2.211060192635349794e-02,-5.854957584593470377e-02,-1.868211442909014641e-01,-1.376803416279779972e-02,8.458355088059127391e-02,9.177947296736248262e-02,2.246922048352671675e-01,-3.362016280878186297e-02,-1.568877703382082767e-01,-1.197074905293924463e-01,-9.979838042288145805e-02,3.539512278598064970e-02,-6.859177305396160773e-02,-5.540372870169615882e-02,-2.304154667966165637e-01,-6.356079290466559728e-02,3.655167416529506164e-02,7.458994526010287451e-02,-5.536436314240315154e-02,-5.647958125529653484e-02,-9.948130327365896364e-02,-1.302452095729565162e-01,-1.513653347908489877e-01,-1.343316260327580836e-01,-9.497990633018805334e-03,8.735765982505572930e-03,1.299920337522656455e-01,-2.892564888484317615e-02,-6.148992130105143498e-03,1.373907191930763549e-01,-1.502151488703047828e-02,-6.182194789980717531e-02,-1.155541212812089547e-01,-6.726221800645212912e-02,6.658698133709045619e-02,-1.060811283073065797e-01,-5.079321997400164379e-02,2.164839493648960250e-02,5.873198922037984465e-02,-1.254364023432023301e-01,5.158909132715760321e-02,-5.742087490270693373e-02,-1.199235528263361272e-01,-5.338200822296979703e-02,7.741547106310812942e-02,8.552200717943594932e-02,-4.391750999384506221e-02,3.017831766100980209e-02,-2.965650342555828725e-02,-1.792996012702760822e-01,-2.155003953357076396e-02
-5.192993327373822687e-01,-9.597832354301426283e-02,-6.695805962815818413e-01,-3.910770012166994158e-01,-1.719170634708491463e-01,-3.258563398310949655e-01,-3.068268604957645751e-01,-1.726200272979059869e-01,-3.226717707722833728e-01,-2.478573558659493414e-01,-2.328831470915339319e-01,-1.733352773966660709e-01,-6.469630926853496555e-02,-1.311332314504956575e-01,-1.093297128074515456e-01,-1.876234709170142567e-01,-1.817019020901120829e-01,-1.259425146123815675e-01,-6.539573023661827966e-02,-1.104388806792354488e-01,-1.345479787794270909e-01,-6.295966815049920673e-02,-2.630710408792257676e-02,-1.469594193160896900e-01,3.679239455192928610e-02,-1.373374165734778940e-01,-7.015659887938414940e-02,-8.770834955226870788e-02,-7.785061709154424137e-02,7.986165974319223149e-02,-1.002812291860400232e-02,-5.796189063501511890e-02,-3.460911464306876822e-02,4.382760411636658915e-02,9.797176647349418316e-03,-4.885009261274664283e-02,1.843378779057188235e-02,-2.080061561236200979e-02,-3.226547437318316031e-02,-7.148301057886677357e-02,-2.483699664305998589e-01,-1.553215428255466657e-01,8.376476705557103775e-02,-5.886825102460604975e-02,-4.266402406836803697e-03,2.577941501804324048e-02,4.743674549281683139e-02,-1.061398336217267147e-01,-9.216430790445612198e-02,7.032989095918255884e-02,2.241448440117004351e-02,-4.613316712991757940e-02,-6.175722009003840884e-02,1.292434734307802702e-01,-1.306789696769136699e-01,-1.644678075688306707e-01,-9.689759230311660587e-02,7.880147470504748550e-03,-3.982773062432638095e-02,-7.605914280912168257e-02,5.314808021824569267e-02,1.192677408420310392e-01,-4.455070882241254221e-02,-1.267539581867558884e-01,-1.106869749920600665e-01,-5.578748180583373295e-02,1.370391577846879205e-01,-2.587533638064217281e-02,1.469060691781498042e-02,-1.588726958564098124e-01
-3.751806368277089132e-01,-3.262333704521829802e-01,-1.352013287269281105e-01,-6.847918543146502834e-02,-6.395662083453217406e-01,-4.747626247435325353e-01,-5.694351543677740324e-01,-3.781226100469855522e-01,-3.618007805380214492e-01,-2.872404350036233955e-01,-3.421109866602236038e-01,-2.465494881397664040e-01,-3.912052525504364775e-01,-2.169851868733085332e-01,-3.890650966377509623e-01,-1.300724850177004677e-01,-3.238203024382298456e-01,-2.175590482475368570e-01,-1.714526820539132579e-01,-1.887430636579904286e-01,-8.800782927315126125e-02,-1.542631383639978537e-01,-2.475529026244751019e-01,-1.389946988594093769e-01,-5.683420340190211556e-02,-8.035325263649599481e-02,-1.923124550216916140e-01,-1.396928501315807813e-01,-3.033716939294480580e-02,4.783359917138999343e-03,-2.012620154127037764e-01,-6.327030341168893464e-03,-1.316009483083120379e-01,-1.465355443225328513e-01,-2.477859349703397385e-01,-9.646132881574583096e-02,-9.791968261602201906e-02,-1.599618897251338379e-01,-1.422968203990437608e-01,-1.204128348663291853e-01,-1.961252828303917950e-01,-1.298653745437942757e-02,-1.749205708192051179e-01,-1.790553527660105615e-01,-3.862765696346234096e-02,1.201306924179084551e-01,-6.144790607384165854e-02,-8.638489694492793025e-02,4.344299870666296776e-02,-1.208429471901046881e-01,-1.402954125099138416e-01,2.020175423913528334e-01,-4.447240516379898784e-03,-5.242431198850258656e-02,-2.190575937265317602e-02,1.181145374258832093e-01,-1.313268132475278460e-01,4.252993603733062206e-02,8.777086002015527244e-02,-8.291703582411273643e-02,-6.849385597660182130e-03,2.565091169248464101e-02,-7.314917999411517380e-02,-1.689930594973848843e-01,-1.116236530047856196e-01,-4.097543489403061151e-02,-1.596076712521362906e-01,-2.188244714167842941e-01,-1.431993738639683600e-01,-3.197232574824731416e-02
-4.012362717383543553e-01,-6.368089570461054061e-01,-4.232379932253869104e-01,-1.395018911249553684e-01,2.194743363228335298e-02,-4.095120929279884303e-02,-6.502026177193477308e-01,-5.969357916760086313e-01,-4.748919066529290745e-01,-5.289617853056793884e-01,-5.873379664391387145e-01,-4.861853914115807362e-01,-3.593208999825761030e-01,-4.754272202970606376e-01,-3.330414994016391850e-01,-4.461350614762204514e-01,-3.497100784805218798e-01,-3.484963887313721753e-01,-3.301824556271959477e-01,-1.922133511209093704e-01,-4.061355339331296221e-01,-2.920248217773011579e-01,-2.207391632025164918e-01,-1.889226648672201470e-01,-3.499290654479872420e-01,-6.607118121883671924e-02,-8.676583463287652898e-02,-1.961738707629801792e-01,-1.261575337727999513e-01,-1.744212710234141206e-01,-2.511121022778683431e-01,-6.488696145672262494e-02,-1.468147352988088961e-01,-1.870529047969808067e-01,-2.226600170678990076e-01,-1.044089790392527944e-01,-2.171803768285234526e-01,-4.987049225978058831e-02,-1.349707283280596193e-01,-5.533485622418755218e-02,-1.511322257673098635e-01,-1.136227400304810203e-01,-1.678259647663549459e-01,2.651700940621122115e-03,-7.485419750021907181e-02,-9.774062189934677736e-02,-9.153641703708124966e-02,-1.229194867405247749e-01,-6.084251065879956594e-02,-8.200422698598124061e-02,-5.363198485556391198e-02,-5.026140723601064952e-02,1.319587543215671455e-01,-1.949060088758901577e-01,-1.497468356849565863e-01,-2.306056246637365470e-02,-5.731913365784715997e-02,-1.450626667007620940e-01,-7.506533056692761552e-02,-1.123559874457947527e-01,-7.031260326274410555e-02,-4.007287718793750564e-02,-1.536080458948451688e-01,-5.571851995807568236e-02,-6.021245127353424403e-02,-5.813118686273088809e-02,-1.832513481431886221e-02,-4.367581649684047773e-02,-1.645400773803325223e-01,1.051704551576556207e-01
-7.251155730644740505e-01,-6.510053000223962050e-01,-4.635567694976513997e-01,-2.778289173807354517e-01,2.831647142791334382e-03,1.058950746284670202e-01,8.840854057573975522e-02,-7.553163278669231540e-01,-5.817030050991836010e-01,-6.998837908869491864e-01,-5.134529177509412623e-01,-6.548943842823334860e-01,-5.205122044707330975e-01,-5.308020718862863641e-01,-4.850625279325295192e-01,-3.467836583484131263e-01,-4.643808623848896810e-01,-3.513956954268842581e-01,-3.834623633524146813e-01,-1.480891529491833447e-01,-3.797370819099613048e-01,-2.196204062119840039e-01,-2.782035047698356300e-01,-3.140070668846162705e-01,-3.334778564595059502e-01,-2.304539413573996887e-01,-2.125452053247749995e-01,-3.115480641715416832e-01,-2.258525339621781369e-01,-3.979893821742816473e-01,-1.319098875136305304e-01,-1.611906743508052520e-01,-1.948290110492043037e-01,-1.695909546432142478e-01,-2.586135862604243552e-01,-7.000809759204228155e-02,-3.356590328191365047e-01,-2.264395032373300309e-01,-1.061910477244628337e-01,-1.397063342687903109e-01,-1.323061985207257540e-01,-8.019579511794683313e-02,-2.256776339060589109e-01,-1.658729687645445205e-01,-1.787584124802087671e-01,-5.758678654070745889e-02,-1.140271888914777682e-01,-1.428655422561050659e-01,-1.367890587574958350e-01,-1.967910141788941497e-02,-1.155596506547973412e-01,-1.384757896069393202e-01,-1.222124044581573699e-01,-1.927881634829347601e-01,-1.007070515211000855e-01,-1.907760523529681562e-01,-1.399501685172808985e-01,1.974189927200619213e-02,-1.050063823809294639e-01,-7.859435555949516317e-02,-9.735682403277233499e-02,-9.025832726701824710e-03,-1.557805688575301384e-01,-1.374404899170076078e-01,-5.436203100812098121e-02,-3.449528079579591150e-02,-2.159269485053494086e-01,-2.022364048352124355e-01,-1.761963800868379393e-01,-8.977121641531797536e-02
-8.194964060822033103e-01,-6.376082524014651254e-01,-4.843691830407162446e-01,-3.670690518174566375e-01,-5.427621615512180364e-01,-2.465974891746474870e-02,-1.943198748373430318e-01,5.821054767546270103e-02,-2.295613552668541446e-01,-6.757100791846131216e-01,-6.559642863340751084e-01,-5.755992136970636830e-01,-6.984561693352523415e-01,-6.067558961987057353e-01,-6.271867708019814858e-01,-5.754165909044564042e-01,-4.919441745081103434e-01,-3.832891102365009184e-01,-4.229798750994571699e-01,-5.072951345725770222e-01,-3.986005680136236462e-01,-3.758510115016157616e-01,-3.672166304282458160e-01,-4.576133490713609198e-01,-3.744455178996571321e-01,-3.532645484176167305e-01,-3.238713211549650861e-01,-2.602020813394003707e-01,-3.736570359942674724e-01,-2.503095218053555948e-01,-2.139119761279522358e-01,-1.696026111047189422e-01,-3.396390462573556923e-01,-3.178860354743519578e-01,-3.663561759425607023e-01,-1.044666243551752860e-01,-1.665219747402431894e-01,-3.588359195751235076e-01,-5.902570207578825001e-02,-2.727196245654063267e-01,-8.222350032154782107e-02,-4.106467536207898394e-01,-1.945694957029112937e-01,-2.827409488627835588e-01,-1.377876467878961508e-01,-1.144757035702966413e-01,-1.775618949080964015e-01,-1.509722052567376294e-01,-5.963071244262344722e-02,-9.694723639470832766e-02,-6.778948957650526852e-02,-5.493429022376523224e-02,-1.605854681256774774e-01,-2.218439704586153971e-01,-1.253291737592189259e-01,-1.454889406503843408e-01,-2.479264045260740346e-01,-2.160035914772257259e-01,-1.565285218738384498e-01,-2.243609758633844653e-01,-1.659109872801063645e-01,-2.907260657272507931e-01,-1.716432497371729038e-01,-2.106540129923834548e-01,-1.553719915728779266e-01,-1.735472934264900291e-01,1.670165573926315344e-02,-2.483047216680252679e-03,-1.129852707572240461e-01,-1.505399522747157687e-02
-7.169643987111447014e-01,-6.497852557697776366e-01,-5.485165149439445997e-01,-5.289799304107973832e-01,-4.714307476676151132e-01,-2.348544465749297094e-01,-5.094717527771857463e-02,1.287726499483145270e-01,8.176996452231931334e-02,-1.054595226363531507e-01,-1.522386557676911056e-01,-7.186510982958616012e-01,-6.822565929447286237e-01,-5.799486752805276257e-01,-5.392804724314230747e-01,-6.102554443906977877e-01,-4.860492811162415161e-01,-4.868646448085660605e-01,-5.735366950692264432e-01,-4.557149517256766647e-01,-4.221645480049906474e-01,-6.331631157069448346e-01,-4.046133237959523288e-01,-3.480660366555559659e-01,-3.159171248199194038e-01,-3.591719927410911284e-01,-3.380882811988225045e-01,-4.731915595404714292e-01,-2.471850356783344693e-01,-2.071432619603363057e-01,-2.429257697412252892e-01,-2.718317832995156280e-01,-2.921494047933926308e-01,-3.333871859481451483e-01,-1.250950148896954051e-01,-3.899864625119376926e-01,-1.776233413408779827e-01,-1.844707853635597916e-01,-2.313280933828126829e-01,-1.370992846688802724e-01,-2.307204309120701458e-01,-2.753081503927703455e-01,-3.054132777502964746e-01,-3.256820338811174387e-01,-3.279093859978850500e-01,-1.773960172795301382e-01,-2.035211642086192929e-01,-2.380271337872797155e-01,-2.496286208084971259e-01,-2.312137696547652277e-01,-7.807521030453369593e-02,-1.415182354668458875e-01,-1.742369040352502452e-01,-1.490323207225241475e-01,-2.408932737123361534e-01,-1.400997263906668122e-01,-2.804528626189178864e-01,-1.473378228311661431e-01,-7.398225767288373923e-03,-1.238601397985626545e-01,-3.609858983867760690e-02,-1.711319201276645940e-01,-1.822622350662320145e-01,-1.398377883959960044e-01,-1.447841220312633681e-01,-1.714792240011674129e-01,-3.127733359089229087e-02,-2.328396489539439618e-01,-3.516947982700833336e-02,-8.294552248800333982e-02
-7.966879901442680545e-01,-7.915299315849434469e-01,-7.033595046533063222e-01,-6.670099431894860320e-01,-4.223370381774956828e-01,-5.268818340878070883e-01,-3.902351232533274317e-01,1.264593981333075011e-02,6.556850503233586881e-04,-5.827822650907886481e-02,-1.119035349197699744e-02,-1.662194230411482010e-01,-6.258829885590195818e-01,-7.404381967255766472e-01,-7.161426438023407171e-01,-5.613371368662762873e-01,-5.771667201839846273e-01,-6.540520552895134898e-01,-5.923633341693027576e-01,-5.688966372094467205e-01,-4.724914301375414682e-01,-5.251215980023415941e-01,-4.083059800625465363e-01,-3.934514768698136877e-01,-5.901104101331171581e-01,-3.324645007404814501e-01,-2.886872965923659717e-01,-5.407690893161678503e-01,-3.834171295882600194e-01,-2.448540891232468264e-01,-3.258155187385533003e-01,-4.823618571014135492e-01,-2.353949279223715718e-01,-2.508523896024065780e-01,-4.615273887539543263e-01,-4.654112736304249487e-01,-3.968783513008666830e-01,-2.722793322789163750e-01,-1.499323971342609307e-01,-2.838872121344178656e-01,-1.805956429081180814e-01,-2.290959794197964527e-01,-2.148455046804710056e-01,-2.892557340789412845e-01,-2.296599682909377660e-01,2.845168293391455144e-03,-3.770611137919920308e-01,-2.917775863068642339e-01,-3.757403859056460127e-01,-3.179656215441229450e-01,-3.548468844240020847e-01,-6.992309697985847616e-02,-1.457563327339438108e-01,-3.251614811456552956e-01,-3.184551512181622857e-02,-1.309606713467413863e-01,-6.329900937510052339e-02,-4.420609636439692958e-01,-1.333259483388206379e-01,-1.626245871366262252e-01,-3.604768813524317772e-01,-1.791911726419653517e-01,-1.127549189271265795e-01,-9.726340839093129687e-02,-1.455031472163726414e-01,-1.183620304075434920e-01,-1.327345647783052529e-01,-2.029066400439862861e-01,-2.263536287235489164e-01,-4.242832997565181008e-02
-7.864496919822524523e-01,-7.395382042949906198e-01,-7.201464214566867250e-01,-6.932386060659354587e-01,-5.825633297251899823e-01,-4.597444996803868311e-01,-2.861551315316462341e-01,-4.204660888571876143e-01,-2.193742190432493577e-01,-3.548389407977056709e-02,-3.142319180020854141e-02,3.710516427560205943e-01,1.966714052549702330e-01,5.475462667646772974e-02,-6.774339532688560261e-01,-6.287707888824094482e-01,-6.144986966763456016e-01,-6.434293194090000556e-01,-6.497547599809738728e-01,-5.665863720665549330e-01,-5.636720888147657149e-01,-4.916319143887513121e-01,-5.715359566517339562e-01,-6.182122449627024396e-01,-3.825907213194848500e-01,-4.470279674877678522e-01,-3.731661483290985570e-01,-5.318233906424506552e-01,-4.814604729943747774e-01,-2.848536322631628481e-01,-4.145470283221753260e-01,-3.583669569411200295e-01,-4.350928827835733870e-01,-3.824726886534224324e-01,-4.288565412452743364e-01,-4.409259721942257459e-01,-3.296605208468139647e-01,-3.603572378984932212e-01,-3.684631485643851678e-01,-3.226919572688772830e-01,-2.495903447185626456e-01,-5.474941555014171124e-01,-3.595128286236545234e-01,-2.139701316977612455e-01,-2.526272765730599446e-01,-3.150895418051031238e-01,-4.534070830982123712e-01,-3.000010968822631741e-01,-2.342848463717385754e-01,-2.799106402701507790e-01,-2.617138009721972081e-01,-1.803106142793584055e-01,-2.040763824421997497e-01,-2.498965672861066523e-01,-2.474348161080893449e-01,-2.846406071030379570e-01,-2.737525100886070151e-01,-2.398252828514688961e-01,-2.664582323818417975e-01,-2.014845694206730542e-01,-2.834056000727890323e-01,-1.849490184343761667e-01,-1.876707084426195715e-01,-2.845397176883970314e-01,-1.967126487062493823e-01,-3.137240978796088653e-01,-2.428323574657527961e-01,-2.587492942578228372e-01,-2.459035038433073361e-01,-1.472318198465810413e-01
-8.189079624866373308e-01,-8.204560673731665643e-01,-7.134005179267587371e-01,-7.076001577110500040e-01,-6.049160392049546253e-01,-5.481844289307598039e-01,-4.371976534276832971e-01,-3.317315966430202656e-01,-1.907569627477088969e-01,-4.804159029905394340e-02,-4.153577639080454076e-01,-1.081062968396069024e-01,-2.340323051478414990e-02,-3.137393365173754556e-01,-9.879360467223025077e-02,-3.335561856396901947e-01,-6.285989733813547309e-01,-6.917006666532766745e-01,-7.428012275648285812e-01,-7.055468300028053807e-01,-5.852462946497987151e-01,-6.216515319674392748e-01,-5.382158429997285776e-01,-5.951794137984194322e-01,-4.431228647799856923e-01,-5.768688187610858664e-01,-5.856089953708532025e-01,-5.701393587873264668e-01,-4.905988723575425703e-01,-4.326908794155467919e-01,-4.602677583950969264e-01,-4.593378138011591227e-01,-5.849443544510446458e-01,-4.579372680548447483e-01,-4.303374814957592331e-01,-4.404034211678947153e-01,-3.121052215410710096e-01,-3.791789000365736184e-01,-4.213267599898164462e-01,-2.899678346837865073e-01,-3.993226706826084049e-01,-4.802530102262857481e-01,-2.316280674242597593e-01,-2.782873343830456481e-01,-3.003346668625315741e-01,-3.804150039906571967e-01,-4.308323000813655268e-01,-3.399365957663902926e-01,-2.907947312497276560e-01,-3.470571897717085741e-01,-2.748902534270987186e-01,-1.829041616596610298e-01,-1.679915729450642270e-01,-2.796822030024175842e-01,-2.186736094249719931e-01,-3.141842251869054192e-01,-3.287773486636992315e-01,-1.641151191137325827e-01,-1.373807677038709762e-01,-2.260246280589637002e-01,-3.503578883451489712e-01,-2.726012870250933973e-01,-3.358093254995976884e-01,-2.679838721292840398e-01,-2.512449055598008907e-01,-3.972771674517939777e-01,-1.025638681540152891e-01,-5.587042511461395161e-02,-1.203737794420823709e-01,-2.309778948308794377e-01
-6.044764748977216051e-01,-7.507459624275233390e-01,-8.105029721254192188e-01,-6.925305934495679105e-01,-5.243130188767668454e-01,-6.087769855141683673e-01,-4.708252186968889808e-01,-4.883401811336334775e-01,-4.830063350059418670e-01,-3.308268868048059863e-01,-2.499290950320288279e-02,2.058041153494033146e-02,-1.026735416868902392e-02,-5.257763330473017721e-02,3.597004385295760609e-01,-2.455121387357034890e-01,-3.154071074512427297e-01,-6.663133656785157344e-01,-5.232599142477956100e-01,-6.311397609529380004e-01,-6.551902647624178178e-01,-6.974797255394532547e-01,-5.803186801875939160e-01,-5.594565292563470349e-01,-6.723609219371037282e-01,-5.876455435959699880e-01,-5.449679043550369473e-01,-6.283765877693291424e-01,-3.529248394848899517e-01,-4.614539297514502758e-01,-3.143467681348813270e-01,-5.983802851444309789e-01,-3.996242258853085483e-01,-4.793637735362096253e-01,-5.252802348274562272e-01,-4.434222022484802239e-01,-3.300915900596427255e-01,-4.049990306062697942e-01,-3.454329586013811793e-01,-4.601837385674666381e-01,-5.386572877100277434e-01,-3.846255732051079290e-01,-4.354935582216256651e-01,-2.639345054583465133e-01,-3.090862962382047163e-01,-3.543966573796935027e-01,-3.606225044078643083e-01,-3.598792984599381573e-01,-2.810006055406860104e-01,-2.772552774427288758e-01,-2.776011030885688347e-01,-2.554706527680689621e-01,-4.010044463019122318e-01,-3.707178467213763096e-01,-1.971302226475672437e-01,-4.178899023821284198e-01,-3.255965029060214344e-01,-2.859258868212265492e-01,-3.111651798168473815e-01,-1.746209986804971581e-01,-3.641341737106879028e-01,-1.617725630573278728e-01,-4.298288605717458521e-01,-2.695612072344361621e-01,-2.309681133463374614e-01,-2.885499176467173910e-01,-1.690739093432196138e-01,-2.823456547659672911e-01,-2.361696035229178536e-01,-1.892290229758959996e-01
-7.794853239687943303e-01,-8.095253199353945606e-01,-7.611861557755691399e-01,-6.568943721345000819e-01,-6.379423753376232131e-01,-6.644741224426179427e-01,-4.792073258356008836e-01,-4.567400364219370013e-01,-3.687294388860829497e-01,-3.432639700933507454e-01,-9.843465713278849727e-02,7.514791004913083661e-02,-6.845394527782050487e-02,1.085967805993526825e-01,8.696533506150004589e-02,8.492357680843014289e-02,1.465416389868479108e-01,-6.639046219105878416e-03,-1.110772980553558498e-01,-5.831965382131848452e-01,-7.653306467169420646e-01,-6.036495850481619074e-01,-5.978097860249026452e-01,-6.649906027968799371e-01,-6.618223619893850440e-01,-6.966714655107695275e-01,-4.583942074951835588e-01,-6.784864055092300061e-01,-5.815146617367783488e-01,-4.258224938149423600e-01,-5.264894468907594938e-01,-4.243859722022413350e-01,-4.764513581017318367e-01,-4.349383496476674216e-01,-3.533912911938741908e-01,-4.351198068717844758e-01,-3.913959753928939467e-01,-5.405243868069238289e-01,-3.112794563867810060e-01,-3.918974211147650544e-01,-3.272420933022593403e-01,-4.416533142348273433e-01,-3.513877586120885410e-01,-2.517355945481030699e-01,-3.284071385358822703e-01,-4.761133358231627866e-01,-2.666189974984450872e-01,-2.151483188351971665e-01,-5.953071595295350571e-01,-3.674384390138337730e-01,-3.635054513275109977e-01,-2.977851111760633218e-01,-3.449105809432649328e-01,-4.010866808928252869e-01,-2.986491598464979802e-01,-2.448320436142497336e-01,-2.723778519207015747e-01,-4.245802040721848858e-01,-3.820026123826966158e-01,-1.623798120060699068e-01,-2.105683489824224097e-01,-3.225993094164240627e-01,-1.577068507274634324e-01,-2.912622183634761552e-01,-1.551633265009212115e-01,-2.926584592101008631e-01,-3.042811859484643722e-01,-1.464195170243046407e-01,-1.468456038257084650e-01,-1.208220089698140293e-01
-7.857953568689748369e-01,-7.160898050563170303e-01,-7.038590749436414162e-01,-7.803493914361772088e-01,-7.431455345283698444e-01,-6.719288454759742013e-01,-5.771588537990910428e-01,-4.434641941662523790e-01,-3.546619177031591907e-01,-3.708405661049589130e-01,-2.802990815144458803e-01,-2.927992429617841674e-01,-1.548350950343272692e-01,-2.522045150056178783e-02,2.379760982501809286e-02,-5.433282902991860841e-02,-9.050727650988826811e-02,3.042153659157563195e-01,-2.558968178652376024e-01,-1.930568312575862144e-01,-2.085888293754533662e-01,-6.130169690576252606e-01,-7.108057451849325581e-01,-6.297381397988583984e-01,-6.244422631558540493e-01,-7.640605756645755253e-01,-4.421949132285995510e-01,-7.631317895554915465e-01,-4.279393170814119740e-01,-6.265591062341122619e-01,-5.805981523406700262e-01,-5.632864244730164671e-01,-6.555167237196152241e-01,-5.086710160545043768e-01,-3.666438649096972480e-01,-5.716795841254487254e-01,-4.996108151885552684e-01,-4.945430446330679186e-01,-4.059112603125996088e-01,-4.679000628962107222e-01,-4.816206399409133643e-01,-4.047212849484794761e-01,-5.158845301772089220e-01,-4.365080499998699182e-01,-4.818586434586553668e-01,-3.693079929931651906e-01,-1.740365657056464621e-01,-3.546277028057128189e-01,-4.291534861691010949e-01,-4.784652819246271727e-01,-4.023390608121968359e-01,-5.822463559676303024e-01,-3.270058332199016760e-01,-3.731275724002209304e-01,-3.777817837288399705e-01,-3.891133154221723123e-01,-4.174515257956434855e-01,-2.794019579482892590e-01,-2.963995654227463139e-01,-3.826486483708197994e-01,-4.406699732336275543e-01,-2.258634621511171614e-01,-4.242985069622288163e-01,-3.125310265112494212e-01,-2.159511499134974255e-01,-2.572735442793891991e-01,-2.109389472553958589e-01,-1.538802985183278238e-01,-2.457325513782387394e-01,-3.722927159661672536e-01
-8.201759189994263233e-01,-7.444986559464865650e-01,-7.459240230186691134e-01,-7.830673967863224227e-01,-6.828583330733490886e-01,-6.882075661962164803e-01,-6.569721232724494708e-01,-6.434931817979901991e-01,-5.093432534835848902e-01,-4.947928349216208499e-01,-3.007000934478959442e-01,-4.548779939783347270e-01,-3.394404616501117133e-01,-1.919419317447405571e-01,-1.285969234582828302e-01,-7.525586093601900617e-02,4.469032623974853596e-02,-3.605317710330224051e-02,3.092590058434217457e-02,1.208992674379118226e-01,-1.893321119778753059e-01,-1.671975124799938150e-01,-3.930521395238967264e-01,-7.041452684708768839e-01,-6.603785564164105226e-01,-6.519373587341326104e-01,-6.348730292115747353e-01,-6.223505511175441152e-01,-7.187783791154686019e-01,-5.658083600321329731e-01,-6.365174320859572354e-01,-5.987062778463723145e-01,-5.815199637951266043e-01,-5.356136744132711236e-01,-4.933689185043528824e-01,-4.335892897263985968e-01,-6.364591754423062353e-01,-5.193177959624012408e-01,-4.955185865968502190e-01,-4.918445926240644916e-01,-4.177523078630240305e-01,-5.492405640908835096e-01,-4.501418126583014989e-01,-4.113146892322572801e-01,-4.410267484708142449e-01,-5.096294349154050218e-01,-3.927999935446559454e-01,-3.978582125977947470e-01,-3.984642135170232691e-01,-3.801534159351446784e-01,-4.216186091791103152e-01,-3.029725092128417452e-01,-3.491275595836904055e-01,-4.399398208288406997e-01,-3.472758979105654564e-01,-3.101083722283524136e-01,-4.234817499636996385e-01,-3.269986458761755532e-01,-1.589183855960062397e-01,-3.986076515597116177e-01,-3.293709787350974083e-01,-4.288991020224116046e-01,-2.797766797136148620e-01,-2.365377035728362942e-01,-3.533984806126183598e-01,-4.361346267273985555e-01,-2.558260494369892224e-01,-2.742417198546383550e-01,-3.182131977165152947e-01,-2.230593786745035390e-01
-8.159472451466805998e-01,-7.388592839047073424e-01,-7.787068909157489616e-01,-7.203257502507554033e-01,-6.914144066443053127e-01,-6.213176322146244379e-01,-7.041089543402584416e-01,-5.191352600321786914e-01,-5.036599792147978816e-01,-4.424741938138954112e-01,-5.571574116908012408e-01,-3.138757928974093558e-01,-2.224967870516989521e-01,-2.835705629308819531e-01,-2.234440100508501004e-01,-9.496665166216576581e-02,-4.521380123559967656e-02,-1.197899645720202633e-01,5.265577843003199816e-03,8.399345684839669424e-02,-5.825558693589718562e-01,-1.229572466485887861e-01,5.988365559102708929e-02,-6.378030036545022374e-02,-7.068399868797690111e-01,-6.980337791656621160e-01,-6.251040150107985971e-01,-6.689536851103969894e-01,-4.894736145972633512e-01,-6.262256652621331909e-01,-6.160568727984970794e-01,-6.472775116092267522e-01,-5.518815807884233093e-01,-6.188283785467457720e-01,-6.257506636758806140e-01,-5.335369329046629749e-01,-4.856345211164707076e-01,-6.028201664410652860e-01,-5.531396697414322494e-01,-5.480959051389517889e-01,-5.166638620697729944e-01,-5.565276288667563298e-01,-3.709894605734349038e-01,-3.629270363823083878e-01,-3.226849634730309391e-01,-2.752094423243726107e-01,-4.136039666384357383e-01,-4.543566250831547748e-01,-4.428963897729744081e-01,-4.848647226344044436e-01,-6.017389932815149223e-01,-2.240787841338732489e-01,-5.012117500752584220e-01,-4.210247665710038500e-01,-2.908157828983077287e-01,-3.491025660898233740e-01,-4.319833593016876305e-01,-3.317814796161143720e-01,-4.969532261796346662e-01,-3.837234791557507241e-01,-2.297647802050711285e-01,-3.123850085001412258e-01,-2.291173891253815154e-01,-2.319123099933994014e-01,-3.941997246176673908e-01,-2.878975672281346432e-01,-2.573498734011694378e-01,-2.563058218477431427e-01,-3.949933545596785445e-01,-3.476921879654394920e-01
-8.145003150859582153e-01,-7.082112278933124783e-01,-7.178490096426438649e-01,-7.399533608123287642e-01,-6.491042122909361778e-01,-7.139512020449437779e-01,-6.639179319581797190e-01,-6.105474056675770367e-01,-5.894122781239621300e-01,-4.351908165370028669e-01,-4.904106645609277448e-01,-3.540572720205739654e-01,-3.755796140229260560e-01,-2.523799781069575032e-01,-1.099536483718775159e-01,-1.450442355381436621e-01,-1.786981079099443925e-01,-1.007954612892215246e-01,-8.266446314036809961e-02,1.295652147099483065e-01,1.081229790253048356e-01,-1.047142214866847165e-01,-3.826542431723300303e-02,-6.805420881295357050e-02,-1.709142477998596144e-01,-3.385041038820876813e-01,-5.633606033157796400e-01,-6.164605800888289799e-01,-6.212164210874836501e-01,-7.404755885409959326e-01,-5.837866157596314221e-01,-5.703232598803074094e-01,-6.508170570372492358e-01,-7.130459731542584390e-01,-6.884513896184485393e-01,-5.359428277519829864e-01,-6.467816511662805024e-01,-5.276142687992149138e-01,-6.565836787091006155e-01,-5.094682726964252506e-01,-4.819344861085759768e-01,-5.956412507772484988e-01,-6.024788932806234287e-01,-4.942554913923272730e-01,-5.970098838133401919e-01,-5.425889242260135692e-01,-4.961973959747034701e-01,-4.446933964439470643e-01,-3.767244922980088062e-01,-5.769848412787770275e-01,-4.700666320944810739e-01,-4.861206384107357725e-01,-4.018208720461912131e-01,-5.850368327052896111e-01,-5.207175999163354829e-01,-4.613545158796022450e-01,-3.996477125054737622e-01,-4.521341888849659818e-01,-4.638719932982051097e-01,-3.889158691786743782e-01,-3.117757567853737810e-01,-3.484092927760579772e-01,-1.957929420880197557e-01,-4.162800357436139964e-01,-3.870137607779133848e-01,-2.850937743808754643e-01,-3.452812563434400350e-01,-2.819835024905877341e-01,-4.566901738845474124e-01,-2.761549034846805806e-01
-7.220340554691054846e-01,-7.506299629999113598e-01,-7.591658629064699237e-01,-7.855973697313938242e-01,-7.453134902845263143e-01,-6.031128653244243187e-01,-6.819347474970783862e-01,-6.161603860393275456e-01,-5.193199098342702325e-01,-4.829294997500254705e-01,-6.041380767263342388e-01,-4.640899379443527151e-01,-3.782893836297519519e-01,-2.869828188360543098e-01,-3.099344154784235417e-01,-3.389812651416411748e-01,-1.734132695235004185e-01,-5.949945359044080812e-02,-4.578787147273809949e-02,3.576310052805786732e-02,-3.987562981323452410e-02,2.674129976995208713e-01,2.769885982562895199e-01,1.214196670581110665e-01,5.560764238563262185e-02,2.382800353671453986e-01,-1.754363027139303755e-01,-5.568923160068421918e-01,-6.785223127559283363e-01,-6.931870308063842190e-01,-6.708072894057510727e-01,-6.728773824706635320e-01,-7.125150586149189280e-01,-6.801668296038417827e-01,-6.895380618321430566e-01,-7.898718290700134093e-01,-5.189443464058227651e-01,-6.743293248808430729e-01,-6.929330077428725865e-01,-6.677155213358620944e-01,-4.506177869075630449e-01,-5.861804187937764699e-01,-5.632812430106048929e-01,-5.998485352343257970e-01,-4.960172784939674284e-01,-5.342175485336454477e-01,-6.159998800743836656e-01,-5.783160457012208600e-01,-4.663050583236054147e-01,-5.307217080358888062e-01,-5.323384666840909052e-01,-5.105199231749998345e-01,-5.976369367115422770e-01,-4.982669904809162720e-01,-4.915155589544904502e-01,-5.325273356173380046e-01,-4.662151589583592992e-01,-3.927435998924309613e-01,-4.541092543079223720e-01,-4.686593689383231065e-01,-4.265006926465192971e-01,-4.365687819415802751e-01,-2.492470119925084548e-01,-3.894664683262169524e-01,-3.407259160057496405e-01,-2.196366097237841541e-01,-4.765818168926687637e-01,-3.769999158262692385e-01,-4.602125295361211288e-01,-4.249680667576771209e-01
-7.622846736540075385e-01,-8.142077179227210637e-01,-7.920812949096373012e-01,-7.656689701776685508e-01,-6.811489100485693671e-01,-6.553300480321221366e-01,-7.495870532604776981e-01,-6.978677688918916155e-01,-5.984403605258834524e-01,-4.799035012005880563e-01,-4.443864726160813849e-01,-3.461929445974938901e-01,-4.762186387527636566e-01,-3.155134036509200657e-01,-4.056559354458126876e-01,-9.207913048921183286e-02,-1.657191053579339379e-01,-1.858238669732495407e-01,-1.165077843140178981e-01,7.788614680797421863e-02,6.473655014771571847e-02,-1.073852452660906641e-02,-1.967543545445381570e-01,2.798242803390411648e-01,-9.352883461403954310e-03,-6.180962126958607777e-02,4.130502490603205068e-02,-1.636085618666680008e-01,-3.319604295173821384e-01,-5.917410100539280959e-01,-7.082679309715419480e-01,-7.727412443533979713e-01,-7.668836729218715398e-01,-7.118756309346595534e-01,-7.502049621731060602e-01,-5.516325377343719305e-01,-6.222558096043889764e-01,-6.088884345143316112e-01,-6.938086272315491243e-01,-5.659471397151681904e-01,-6.842363432808629131e-01,-6.377017068236241482e-01,-5.595940277014951336e-01,-6.238096552316422239e-01,-5.647761283304176816e-01,-5.551015394940367331e-01,-6.274824749399325885e-01,-5.409831891888057243e-01,-5.794668073435625955e-01,-6.005256579838130770e-01,-5.007722211166341086e-01,-5.913980315640622321e-01,-4.781952814348969238e-01,-4.512413657146124857e-01,-5.150387217515175475e-01,-5.326677527951687585e-01,-3.894885103922787750e-01,-3.508947308219125816e-01,-4.096166533912590224e-01,-5.298310097678213815e-01,-4.441078240812739164e-01,-3.529096279752594323e-01,-5.875151751203329109e-01,-3.874648943665402467e-01,-3.486488218269235828e-01,-3.959829820232405040e-01,-2.931016354051477202e-01,-4.398520812416578107e-01,-4.088258248240493331e-01,-5.271388013846322051e-01
-8.177614732117789442e-01,-7.705467799322334166e-01,-6.504104877154454067e-01,-6.875438912925364576e-01,-7.051549850304401623e-01,-7.213133150901585022e-01,-7.439538419631362975e-01,-6.230889162576083162e-01,-6.916347240601071755e-01,-3.721471328319632677e-01,-5.810501971884698413e-01,-5.355365201357344951e-01,-4.828662994921089635e-01,-3.534229797965879327e-01,-2.565939408005770694e-01,-2.826449219134395396e-01,-9.154717808020357284e-02,-1.251184786393338411e-01,-2.581308346311928514e-01,-8.186706712817173881e-02,1.517165702487326406e-01,9.801048024414936444e-02,4.402993416108677040e-03,2.371611491141698350e-02,-1.493468109684572935e-02,-4.317694118897306976e-02,-3.157359114221361396e-01,-1.679724877915644288e-01,-1.377162667989716704e-01,-1.199658694080404098e-01,-4.604596244715615794e-01,-6.413752103270999871e-01,-7.121986932852373275e-01,-6.577526925435434046e-01,-6.057840584285831831e-01,-6.317985515142652275e-01,-6.533188801734487461e-01,-6.151318051412985044e-01,-6.719794495842973392e-01,-5.113702788624743256e-01,-6.017389173783382894e-01,-6.014516825879319128e-01,-6.550709436955123310e-01,-6.700377542885074256e-01,-5.647387966925491165e-01,-5.259741824273781452e-01,-5.434563452042546761e-01,-5.373673276316838221e-01,-6.008371526835699639e-01,-4.485012620062909794e-01,-4.835340364367963772e-01,-4.727895547004664634e-01,-5.033140833101454881e-01,-5.350397826722375072e-01,-4.387178821925488137e-01,-5.099335078780744546e-01,-4.012749474518444992e-01,-4.619618808059783310e-01,-4.309698315961194015e-01,-4.346140004706218751e-01,-4.830196101419786392e-01,-5.390023481500095803e-01,-4.120363404412116237e-01,-5.856399103112490678e-01,-5.148714243514791455e-01,-2.870033087284512563e-01,-2.835795928461602999e-01,-3.150412250118902469e-01,-4.140717811059379527e-01,-3.306680399585453234e-01
-8.141178012699512578e-01,-6.998196103606192375e-01,-7.974424581585352056e-01,-7.562166342502524286e-01,-7.777039970376590228e-01,-7.311977806911234001e-01,-5.488857415368089132e-01,-6.576653711843838401e-01,-6.485201784790597390e-01,-6.292600202131601872e-01,-5.449704763516061146e-01,-6.319897942352420417e-01,-4.060127774652433907e-01,-4.329091596205579817e-01,-4.363828225926652538e-01,-2.560275895324866657e-01,-3.535249418537693145e-01,-1.832140571228401682e-01,-1.039329602861248231e-01,-2.519380984668415646e-01,-1.758855223904146614e-01,-1.279601836338453980e-01,1.026773866108381811e-02,8.089489704044978968e-02,-1.509296859736545919e-02,-3.682366180670837430e-02,1.751443972337795585e-01,1.674356901244704321e-01,-2.570057121996531246e-01,-5.780141746568593503e-02,7.391399234756462419e-03,-3.713471771126235915e-02,-5.949864907148029181e-01,-5.533561129239384924e-01,-7.257134806603214860e-01,-6.185663868512294439e-01,-7.419736001233190326e-01,-5.132515586308022959e-01,-7.342258790459241791e-01,-5.104590409626739156e-01,-5.534133816085394786e-01,-6.757994427763852618e-01,-6.099366139369681861e-01,-6.478020889420769146e-01,-6.369549537761082236e-01,-6.089446740144311976e-01,-5.644723279656133075e-01,-5.275391046287134511e-01,-6.392299012023259230e-01,-5.575807403652334182e-01,-5.063350788591846063e-01,-5.632988104878692281e-01,-5.190093557423807180e-01,-4.992900814145483368e-01,-5.084700986079073726e-01,-4.728519912032512762e-01,-4.788900159742102147e-01,-3.667763137967479659e-01,-5.555520956184395454e-01,-5.041110143966017754e-01,-5.443718629098545092e-01,-3.932016834777698477e-01,-4.525493078635406397e-01,-4.477057824501096683e-01,-4.567227841802413701e-01,-4.351282611566364422e-01,-5.129208212677791590e-01,-4.917589134918277094e-01,-4.583565397702240585e-01,-4.316802271452938600e-01
-6.810438307805510849e-01,-7.997472021116607266e-01,-7.942597376699129796e-01,-7.919537787905601700e-01,-7.954782977126657606e-01,-7.245272505237422278e-01,-6.570512868977623766e-01,-6.097936431678319114e-01,-7.642872847718938933e-01,-6.846938033407476976e-01,-5.465225948019235558e-01,-5.649711646542194821e-01,-5.376239054297844433e-01,-5.344114399487462919e-01,-4.775484549287107305e-01,-4.661109086278365510e-01,-4.803915079444066039e-01,-2.275706888666993166e-01,-3.524969683587583780e-01,-3.295900475482703151e-01,-1.918969999855355546e-01,-5.958434686218640197e-02,-2.069537757128905031e-01,-1.050413110273308165e-01,-2.663067063900395257e-02,-2.027044038172610974e-02,3.007832399016792391e-02,1.483465922271146042e-01,1.248530546965093413e-01,-1.697971986530766655e-02,-5.690450912891986679e-02,-1.218507108314859227e-01,-2.058874825065758474e-01,-3.118701550365638453e-01,-6.409507474151497908e-01,-6.810097497564536750e-01,-7.184338827785297088e-01,-4.807992165472862456e-01,-7.195880756138226531e-01,-7.299965587580015125e-01,-5.560025225312601460e-01,-5.450666029042039451e-01,-6.650265044085759136e-01,-6.511635139974889519e-01,-5.626506860500570806e-01,-6.936285163451197944e-01,-7.068440722307459678e-01,-5.459718169888588823e-01,-6.442267584839462824e-01,-5.430800368883376139e-01,-5.920530598304535319e-01,-5.828971348751006420e-01,-5.518605687303926866e-01,-4.386788429430061309e-01,-5.690481579173340965e-01,-5.321876965704122053e-01,-4.576675584058106927e-01,-4.846846744571999266e-01,-6.590994375059209265e-01,-5.424143946949384620e-01,-4.453969789414528591e-01,-4.341550083877741550e-01,-5.295772018361160072e-01,-3.769723033705967841e-01,-3.864822351937181599e-01,-4.799928237558193089e-01,-4.691938521183771638e-01,-5.113117262641273530e-01,-4.468173110750870425e-01,-4.602403635075887345e-01
-7.194717484658054163e-01,-7.372468639062361717e-01,-7.653942523126089359e-01,-7.328276132269792020e-01,-7.413535080693890444e-01,-6.608071778984004885e-01,-6.501526370609033156e-01,-6.847359987660326386e-01,-6.894312458110888331e-01,-6.006963426560223418e-01,-5.732284382733259243e-01,-6.143675426291569375e-01,-5.283049748464448969e-01,-6.251295782605625906e-01,-4.447545697631882233e-01,-3.402948018548340725e-01,-3.484559864645259131e-01,-3.613530455031698785e-01,-2.682859735115397104e-01,-2.241616530162056364e-01,-2.978089820605969718e-01,-2.049617812863441246e-01,-2.396173782290865473e-02,9.692880470264240989e-02,-1.819516767476228869e-01,6.125710748405432948e-02,7.589313808761442848e-02,2.268282831590604232e-01,2.546945282206641847e-01,1.738147039312080144e-01,-4.887272908300532848e-01,-1.440625940812938210e-01,-1.083505904841031847e-01,-2.268862734520785407e-01,-2.166391572817714106e-01,-5.031023618828046606e-01,-6.690940833066980620e-01,-7.645278360142302443e-01,-6.122598794404765510e-01,-6.602652517134280918e-01,-7.129410599798607917e-01,-7.519523181002971679e-01,-6.300673180197132739e-01,-5.667414500820420198e-01,-5.394768046570038722e-01,-7.209815083844071104e-01,-6.940389735429215445e-01,-5.399406798937265162e-01,-6.086407660240699125e-01,-6.573715126156759458e-01,-6.106105583669830805e-01,-6.485130863346276753e-01,-5.078802049858444079e-01,-4.909439641923494801e-01,-3.810378681836810721e-01,-4.504894564747408681e-01,-4.560747367807040376e-01,-5.858250940505196347e-01,-6.462352657376393417e-01,-4.132370323841969006e-01,-4.984576957626934424e-01,-5.433449614573786501e-01,-5.936722745793637790e-01,-5.265087855431970221e-01,-6.017004401897571020e-01,-5.642947855313142913e-01,-4.352279902580115656e-01,-5.390198042262016598e-01,-3.543306030079814151e-01,-5.589676349843334391e-01
-8.071921898033739273e-01,-7.316579579031594616e-01,-7.714588342132552290e-01,-7.129585068762550604e-01,-6.444046518564117143e-01,-7.109337790103182897e-01,-6.796697750010571859e-01,-7.325743642581697967e-01,-5.871812189689561423e-01,-6.247657081767626908e-01,-6.019016467449149754e-01,-6.812724873759770094e-01,-5.175845853682590203e-01,-5.132449177770874726e-01,-5.892234751901079814e-01,-4.387713570402533292e-01,-2.776719515995390575e-01,-4.180880868090955937e-01,-4.030012786690935211e-01,-4.356236493592087755e-01,-3.243685777799038550e-01,-7.743262886406533652e-02,-1.756348416383334693e-02,-2.880669473305775830e-01,-1.797406067517204886e-01,-4.053224049377047999e-02,-5.084043808994150038e-02,9.851778885261931740e-02,8.743725586334369360e-02,9.183477877754832319e-02,1.508915455843355957e-01,1.583992391804665834e-01,3.275969525853116016e-02,-1.335491891252852670e-01,-1.833830054368428344e-02,-1.433073676900128157e-01,-1.856525992012529602e-01,-3.472632374334937988e-01,-6.787304018165406516e-01,-6.478445244918696888e-01,-6.489784764948045570e-01,-6.828371114737579184e-01,-7.033694946365883771e-01,-7.405405912201198371e-01,-6.727106352891177865e-01,-7.991334065685359311e-01,-6.379820790608919934e-01,-6.213804644884118877e-01,-6.326458686828180245e-01,-7.318995483971714178e-01,-5.530212176082056619e-01,-6.902940958395731297e-01,-5.962808811630597727e-01,-5.983527530761204583e-01,-5.121421809325282792e-01,-6.641838550310568134e-01,-4.902124820781140202e-01,-5.754601539145933753e-01,-5.159647654422812035e-01,-5.267172052616797551e-01,-5.436365490473765716e-01,-6.142480461153719817e-01,-5.112999954387292822e-01,-5.567561944860900391e-01,-6.504573691465597163e-01,-5.210726427523055815e-01,-5.040258398922905503e-01,-4.385396240235059917e-01,-4.576560343228988637e-01,-4.176108988679168021e-01
-8.144496733580464110e-01,-7.727691332100846688e-01,-7.221634019065381604e-01,-7.815207979333534949e-01,-7.929722159721303010e-01,-7.109960132223438478e-01,-6.858052049833279762e-01,-6.763810807383326962e-01,-7.296725498753493522e-01,-6.261523987995776253e-01,-5.375878650131877823e-01,-6.623461633042840857e-01,-6.781508486826439697e-01,-5.702041981751783117e-01,-5.312127665315629077e-01,-5.347041062514626963e-01,-4.318248479457145739e-01,-3.787080703516128022e-01,-3.009135453348594225e-01,-2.137460436714664624e-01,-3.197251479250859396e-01,-2.011308963300395269e-01,-1.574568172713472214e-01,-8.228655807254778298e-02,-4.204656605704607648e-04,-1.901681822960767099e-02,-7.082321323164282589e-02,2.241400673804147189e-02,-1.193910254672770829e-02,1.506041085095516929e-01,1.124444288671412051e-01,3.236071325129088461e-01,1.475940435628191882e-01,-1.063169367344080213e-01,-1.963139465117513249e-01,1.388245680114681413e-01,5.826918673721414969e-03,-1.920023392138467400e-01,-1.131495204551030281e-01,-5.741860019795049785e-01,-6.229258327367481751e-01,-5.899778684617128510e-01,-6.450359495835004120e-01,-6.636931090236773967e-01,-6.727974662242750536e-01,-7.736908695508845080e-01,-7.112659713592421884e-01,-6.312858276927776346e-01,-6.380245210895457708e-01,-6.740104910685044137e-01,-5.416191239506406019e-01,-5.070733673480823933e-01,-6.633567486911950972e-01,-7.297208505191324912e-01,-6.447966201701007538e-01,-6.606821739422201745e-01,-6.878205006659852128e-01,-6.678130254423195744e-01,-3.703953939844439325e-01,-5.621833023904895255e-01,-6.611868087972642138e-01,-4.961740979801111950e-01,-6.811315835299051047e-01,-5.411795398646449540e-01,-4.069807553794687061e-01,-5.002608108684196697e-01,-4.481161867965536838e-01,-5.503765732308310010e-01,-3.388820110116823048e-01,-5.301833351000020400e-01
-8.156355315988293997e-01,-7.876799235164987367e-01,-7.036643729694264104e-01,-7.544735683114666136e-01,-6.792413106995877081e-01,-8.137280243389597434e-01,-7.158405381934609402e-01,-7.544061157663927153e-01,-6.668830953694643293e-01,-6.287527825309298102e-01,-6.606205418842674426e-01,-6.940314553191642144e-01,-5.721651453634044593e-01,-5.620040337490205262e-01,-3.899830940260341494e-01,-3.784758857939550802e-01,-3.318490752302503122e-01,-2.316438955513346054e-01,-1.288372009392396433e-01,-2.943961973671520016e-01,-3.311876708891406396e-01,-2.341916816520710209e-01,-1.883528724376810071e-01,-1.073420191267416696e-01,-2.133646184318461758e-01,-1.655174913120587843e-01,-1.301807899035197502e-01,-1.323217074434941964e-01,-7.215888937905026723e-02,1.161342345012930377e-01,-1.182337469280456410e-01,-4.819676531945223108e-02,4.911823728091106039e-02,-1.112625993610633635e-01,-5.739768671267538869e-01,-1.275084560179248760e-01,-6.893959230110739689e-02,-2.473783704189431651e-02,-8.876082397920592726e-02,-1.130986870652114958e-02,-4.004466821284888289e-01,-7.736449759193910758e-01,-5.692010587248111930e-01,-6.809288216417498374e-01,-7.329793961675499236e-01,-6.739866612774162435e-01,-6.793080673462496000e-01,-7.402054164062412678e-01,-6.557393846091643663e-01,-6.150477352567257361e-01,-6.060718979724287747e-01,-5.907366837731043985e-01,-6.080294152205201197e-01,-6.321446255471341313e-01,-5.990752091661273315e-01,-5.135496292533906493e-01,-5.824887587305145331e-01,-6.237363900018534357e-01,-6.015325583409579790e-01,-4.374896410770509059e-01,-5.437287590720208952e-01,-6.843921212281197652e-01,-5.789777818774337614e-01,-5.843891260896928452e-01,-5.185599596320737970e-01,-5.578360711010715844e-01,-4.024259854265086478e-01,-6.521041152471015456e-01,-3.921045120788917426e-01,-5.778698147646221805e-01
-8.108087117147153577e-01,-7.449407328976634934e-01,-7.830804650481172358e-01,-7.988295638505776841e-01,-7.647732653160258520e-01,-7.193675049643579733e-01,-7.376137155203292828e-01,-7.258786846377570656e-01,-6.772350934429905989e-01,-6.588526470371309784e-01,-6.581545364977002821e-01,-7.130123391912817077e-01,-7.042634790300622560e-01,-7.247105288140345269e-01,-5.494003677381313899e-01,-5.176349791579448745e-01,-5.597381289656458980e-01,-4.423109271760709560e-01,-3.937352154438412688e-01,-4.071586561835645601e-01,-2.359630786305192129e-01,-2.466082804262555994e-01,-2.972436889737533616e-01,-3.174700702393704055e-01,-1.329736444380044680e-01,-2.839970513737879454e-01,-8.421690027080849794e-02,-2.241525616332845916e-01,-1.072416365212157247e-01,9.869251894092036237e-02,-8.609044509166421943e-02,9.504010852378162733e-02,-1.534618336838110622e-02,4.300420034187223128e-02,1.468534342339564425e-01,1.078945851222589819e-01,-2.071754045690347157e-01,-2.957582836445871166e-01,-2.062798083888838785e-01,-6.356214756149333733e-02,-3.421988358692990007e-01,-2.817277415474930824e-01,-2.157252926490492440e-01,-6.601590282459260939e-01,-6.203752498890823253e-01,-5.773826561748961472e-01,-6.280896128666628719e-01,-6.493449244898069628e-01,-5.719002946213811445e-01,-7.532555104271148050e-01,-7.226154912605469161e-01,-5.940099645258197780e-01,-5.049478288429155581e-01,-6.797198808335853659e-01,-6.988109896149544698e-01,-6.692490472575631788e-01,-6.743838885648452131e-01,-6.391640825818711846e-01,-6.685969811667641371e-01,-5.282625288804182473e-01,-6.244102355341016874e-01,-5.535123218889768104e-01,-5.554477714503034402e-01,-6.134496025405072883e-01,-4.978103375202170278e-01,-5.414080742534250756e-01,-5.508763461335826062e-01,-5.321309559189240090e-01,-5.113252459093358127e-01,-6.817069446270527244e-01
-7.125335738012723574e-01,-7.659653804356588713e-01,-8.034877971421902076e-01,-7.696795571248753465e-01,-7.271308734663540774e-01,-7.134551913869435769e-01,-6.212619925278107802e-01,-6.299562117256723992e-01,-7.115282773694479035e-01,-6.012386254129032936e-01,-7.227661108793396183e-01,-5.670818872459915116e-01,-5.710451997285418413e-01,-5.666386839633993366e-01,-4.901705911479500855e-01,-4.537814473408851024e-01,-4.276464012655862845e-01,-4.331222116846412673e-01,-2.911753997135814176e-01,-3.796996494389596744e-01,-2.798183380229170569e-01,-3.290994950046190470e-01,-2.289123802429963994e-01,-3.220823030849014890e-01,-2.120739622578008687e-01,-2.222429704948260809e-01,-1.453958081267186231e-01,-1.173935506896690330e-02,-8.525881771202173387e-02,-1.834881530870484945e-01,2.390864275330611619e-02,-1.628022528770568522e-01,-1.576633024452729903e-01,1.856541723076491623e-01,1.002662326322686093e-01,4.004369537102118320e-02,1.714112690751886381e-01,-1.417662525932499862e-01,7.356494011396923216e-02,-8.998124355944910058e-02,-9.247639792035868000e-02,-5.105304156064389282e-02,-2.985638409186515130e-01,-3.380566002986640228e-01,-4.136594071854884924e-01,-7.500365761090961314e-01,-7.206038962406347004e-01,-6.688589528042876431e-01,-6.544024375084128708e-01,-6.190854207839424639e-01,-7.170894683987518725e-01,-7.806412079482760724e-01,-5.938027496679743056e-01,-6.643188350896465089e-01,-6.463227395792560115e-01,-6.031841290030117708e-01,-6.102483835758943931e-01,-5.202311020796291929e-01,-6.668256900544810017e-01,-6.523016694289537343e-01,-6.758028961732469586e-01,-5.835069227812419435e-01,-6.083869863750933638e-01,-4.634946549520898018e-01,-5.461576605115789906e-01,-6.449911482062588020e-01,-5.976447842098675522e-01,-6.017393060668082549e-01,-6.448556333497799109e-01,-5.215484472722488052e-01
-8.171479960418409627e-01,-7.272339812982230312e-01,-7.547861462187408499e-01,-7.610686854148427383e-01,-6.743639768964041492e-01,-7.940479490402551077e-01,-6.573536424159512892e-01,-7.415826780549042985e-01,-6.842707591052934468e-01,-7.326975827464617952e-01,-7.218057325283704362e-01,-6.744474158682328691e-01,-5.965733671165183161e-01,-5.970787485153914442e-01,-5.933994184287426643e-01,-4.467463629762967736e-01,-4.233444089132014643e-01,-4.753737310379066439e-01,-4.298302777031701161e-01,-3.539870168790755778e-01,-3.414535448407427509e-01,-3.098514184292268658e-01,-2.911542403711288585e-01,-2.266644759418753596e-01,-2.601109876159315437e-01,-2.920335211235929873e-01,-2.792755567978280618e-01,-3.341199587377414321e-02,-3.294338590227356978e-01,-1.662976871839516035e-01,5.561737991786120522e-02,-6.825410868946411858e-02,9.608567067961350239e-02,1.277499201986443678e-01,1.575094388287143210e-01,1.259559816003131827e-01,2.571861894340328192e-01,1.221488659792398512e-01,1.210398922139501732e-01,2.847806994184638035e-02,-2.210880671041260126e-01,-1.887377134267892442e-01,-1.727927848761788010e-01,3.014265275770910968e-02,4.044342823322121666e-02,-3.852538543741493848e-01,-7.381974027076082523e-01,-7.137418939613759949e-01,-6.586192304124470764e-01,-6.600493401523752635e-01,-6.364724364402725154e-01,-6.591963353824762395e-01,-7.390917897710397311e-01,-6.184469375443504280e-01,-6.192774037977746282e-01,-7.405547798083176314e-01,-5.470507907236358269e-01,-6.708551324838676333e-01,-5.348486729832804265e-01,-6.556315120397055995e-01,-4.810375517660188671e-01,-5.881998233568016543e-01,-6.803891020469834405e-01,-6.175027213861971065e-01,-6.817006980243939251e-01,-4.084427417809161076e-01,-5.882609354146641767e-01,-5.545065256872431236e-01,-6.159565902351143984e-01,-5.612266742051608137e-01
-7.283810549524412092e-01,-6.402164084414719847e-01,-7.356689992355316399e-01,-7.553943867549434144e-01,-7.819345612173553839e-01,-7.485040653937174993e-01,-7.628364915376670830e-01,-7.172414848409727206e-01,-7.090110026496893036e-01,-6.751712062426663552e-01,-6.135616333792036636e-01,-6.644347413996846141e-01,-6.239779799330544829e-01,-6.536839448455402657e-01,-4.152587238676890835e-01,-5.034016768637099570e-01,-4.922677578102158669e-01,-5.845799011691108493e-01,-5.257937869555524557e-01,-5.793718385767456791e-01,-3.413621993336020677e-01,-3.660835414901457141e-01,-3.387787849618427161e-01,-2.503140567963111907e-01,-4.152329445003540287e-01,-3.082452271936563792e-01,-1.719610981084906398e-01,-3.088943106587708765e-01,-1.245258765374153698e-01,-2.023463377324865309e-01,3.273610231135896248e-02,-8.563797679511316041e-02,1.196277096554601016e-01,1.323592239698480610e-01,-6.017398661343973103e-05,1.061673919979348301e-03,1.451165747951906615e-01,4.215785143847853439e-02,2.960669655681815934e-02,9.315963310886926640e-02,-4.834987723014445016e-01,9.512774417338581978e-02,-2.259021092721810731e-01,-4.761172654968843371e-02,-2.996872165870536620e-01,-3.603616144557346135e-01,-5.390634762998987306e-02,-4.597212430668005112e-01,-7.776091370488018573e-01,-6.265178544033335184e-01,-6.878789926238279007e-01,-6.219072454809578820e-01,-5.900424187764012895e-01,-5.726066871398785008e-01,-6.485273939516944530e-01,-6.864401060080133066e-01,-7.101813118034789873e-01,-5.461512901069587311e-01,-6.812138936251646015e-01,-7.112719499277193602e-01,-5.526272317679830071e-01,-7.045518092620335349e-01,-5.878020353642908757e-01,-6.368125518459925027e-01,-6.474932082799220723e-01,-6.069755303959726289e-01,-5.373667466969195283e-01,-6.246147065233329521e-01,-5.059958450415699138e-01,-5.999701815605421595e-01
-7.312911905375010235e-01,-8.179573754006840280e-01,-7.799643431952699713e-01,-7.514151325313702667e-01,-6.654984635386888003e-01,-8.016441561781700864e-01,-6.751058902195820055e-01,-5.862847111438227454e-01,-7.913900898923340588e-01,-6.668400286727945714e-01,-6.893971018479502222e-01,-6.769308440137138394e-01,-5.436487166387065084e-01,-5.144572767372871391e-01,-6.444006059306860434e-01,-6.752959380827652236e-01,-4.873991715232933175e-01,-5.264394950872699486e-01,-4.674130180031041970e-01,-5.445655602180149435e-01,-4.737101010420455283e-01,-4.494950953729210386e-01,-4.127697726178448656e-01,-1.844880360231345995e-01,-3.970945953295264008e-01,-1.971028372995915490e-01,-1.848640439987865036e-01,-1.303626394937867361e-01,-1.443724176173151741e-01,-2.078038838049351411e-01,5.275200578448731303e-02,-6.920848235034891827e-02,-9.165782691817003780e-02,-1.812162958318867811e-01,-1.347724306762654867e-01,-3.627185551880417885e-02,6.111853655037959715e-02,2.016199858565956571e-01,5.307059035355517380e-04,-6.564766011169329007e-02,1.584952396353286608e-01,-5.702913822242283715e-01,-1.174015944734019407e-01,-1.193982394785163131e-01,8.530863820265119357e-02,-2.580380563129789362e-01,-9.396083851601952364e-02,-1.183938340104335185e-01,-4.546766234244749016e-01,-7.399052184747759719e-01,-6.733029641482859429e-01,-7.755578224474305449e-01,-6.723396036458429981e-01,-7.768807970916330463e-01,-6.977947353503074490e-01,-6.820060085878669742e-01,-6.924656595454101726e-01,-6.211336894675675291e-01,-6.159787150534671296e-01,-5.612401847707937375e-01,-6.932723662575642765e-01,-6.863417108727821736e-01,-5.708849485267060153e-01,-7.490852856538289251e-01,-6.470043237360667554e-01,-6.452620209596807710e-01,-5.555496920975069308e-01,-5.652427195099594126e-01,-5.965288462994708940e-01,-5.586351355001892838e-01
-8.158552437578748817e-01,-8.159015625634798985e-01,-7.504076652182212204e-01,-8.308431486709216829e-01,-7.379830674985746741e-01,-7.776728742668818084e-01,-7.746091972476379928e-01,-7.987512531053782006e-01,-6.664054821454897803e-01,-6.077887641768670024e-01,-6.777552672042542747e-01,-6.782667771550440206e-01,-6.615084263311351576e-01,-5.941279354914238420e-01,-6.133764907612003769e-01,-5.984895589989364106e-01,-5.765349659168208518e-01,-4.346676742041623576e-01,-4.459461684883148092e-01,-4.076662354001330812e-01,-2.900488189105835390e-01,-5.004592201181163880e-01,-3.299302039097364858e-01,-3.847911362435551541e-01,-4.041137916101203986e-01,-3.453846139495206913e-01,-2.848085352565259964e-01,-3.798842898730098172e-01,-1.410985962853291142e-01,-3.834448729532861921e-02,-1.629046757137091739e-01,-2.032918754754806448e-02,5.258831386765482757e-02,-7.897039837220458380e-02,-6.079244101954629081e-02,6.218378413062808363e-02,4.527771844819040992e-02,-7.001737676810905475e-02,2.603933898033976291e-02,1.859571521213782344e-02,3.857388166545242664e-02,2.793841600372774514e-01,5.027846705169665420e-02,-2.144100722039994633e-01,-1.711749271070014400e-01,-1.986247605726769450e-01,-1.423742957036743251e-01,-1.279283690443537291e-01,1.111804290244033586e-02,-4.461037201365954941e-01,-4.232817169249451505e-01,-7.067246406217027044e-01,-7.442948331886132252e-01,-7.365935455552767852e-01,-6.754108822236510878e-01,-6.895641220967906326e-01,-6.857202314196988446e-01,-6.695128335006296227e-01,-5.308234001786434897e-01,-6.552197425522636731e-01,-6.582536429817765766e-01,-7.745253722287066545e-01,-6.714634351517315691e-01,-6.091098709399557221e-01,-4.578471879243585230e-01,-5.612876175807894885e-01,-5.384971153234193730e-01,-6.315682596578718888e-01,-6.071793587307922069e-01,-5.197853779872906310e-01
-7.266026136067058605e-01,-7.329170593687692747e-01,-8.092490750334824234e-01,-8.118370985657239469e-01,-7.135963749113941601e-01,-6.557151605083145762e-01,-6.612557365075679705e-01,-6.773387924457426879e-01,-7.837024580828325648e-01,-6.047805452960144379e-01,-6.905957575861850772e-01,-7.111944985250361340e-01,-7.029726659073394224e-01,-6.141069156651901562e-01,-6.517362136939650608e-01,-5.551674917256698150e-01,-6.451882712582713841e-01,-6.238966272072670183e-01,-6.604651777579128025e-01,-5.659139148435343714e-01,-5.060051892614993996e-01,-4.579560382721291623e-01,-2.373974475666920936e-01,-5.799883528648489550e-01,-3.433561803128233891e-01,-1.239270802087308054e-01,-1.900676614463331915e-01,-2.224352546377004747e-01,-2.626040550093262649e-01,-2.973740658090812117e-01,-1.147143985498592506e-01,-1.120113070149658940e-01,-8.792508966204366783e-02,-7.452094270778145124e-02,9.916510322817320700e-02,-5.355451113708419725e-02,-3.740684793346149561e-02,-7.911129274071228290e-02,5.197203839125046770e-02,-3.983482382300486402e-02,-7.334781252947594754e-02,-1.220240444538825582e-02,2.521680967555486319e-01,7.933629130531680285e-02,-6.935778343392320910e-02,1.468821038039723297e-02,-9.640014226312597356e-02,-1.954600427974351740e-01,-1.855096904175743966e-01,-6.182862736917006663e-02,-1.290551917922831415e-01,-1.860679553611534753e-01,-3.441345240133884542e-01,-6.121259032984168735e-01,-5.387049206139884472e-01,-8.159075799718890076e-01,-6.091771579974196715e-01,-6.798969523177521568e-01,-7.151562790670609182e-01,-6.782738540124368942e-01,-7.096263854452309339e-01,-6.719261408637691169e-01,-5.976257512569892461e-01,-6.368931490224836178e-01,-6.553685476616386563e-01,-6.170869217794940909e-01,-6.613173063186116307e-01,-6.879930124455687634e-01,-7.287177244192969416e-01,-6.724614130005880375e-01
-7.161502568594607654e-01,-8.044203748817080335e-01,-8.125866963465805393e-01,-7.535056380872975357e-01,-7.304697011474539092e-01,-8.070244906444514754e-01,-7.273419588718839091e-01,-7.772959175876420490e-01,-7.568185935410661758e-01,-7.379769923887984362e-01,-7.173334962139837900e-01,-6.982314913873284290e-01,-6.648617709588463542e-01,-5.395416731091736695e-01,-5.932396790838103673e-01,-5.065240988411953138e-01,-5.883729522762766173e-01,-5.964100570698054327e-01,-4.966954352371217851e-01,-5.055569673614552784e-01,-4.377917914905326002e-01,-4.290321622630217102e-01,-3.675379217501650309e-01,-4.303279818446744120e-01,-4.082337147013228029e-01,-3.838357988272346200e-01,-4.204207210896536706e-01,-2.948587054562922805e-01,-1.928918121129664376e-01,-2.420923801156139310e-01,-1.507266896353001984e-01,-3.707939398038089251e-01,-1.378315834679377239e-01,4.575167173413093036e-02,-1.979015920965451480e-01,-1.917169592536109302e-01,-1.453782653645728506e-01,-1.505441928469976598e-01,3.749438194232111027e-02,1.400455648951146881e-01,-1.856250880539713488e-01,-5.519120163955288511e-02,-1.702171198323520485e-01,7.837105227968120535e-02,8.488014626169357313e-02,1.887273574534715503e-01,1.869511688767716215e-02,6.571788137656638974e-03,-1.274033074711383717e-01,-2.278599556196893028e-01,-2.885581497374830606e-01,-3.360210313933597592e-01,-6.617021201780273754e-02,-3.777628380995697310e-01,-7.539701613772529232e-01,-6.150558901568933257e-01,-5.948374311440428608e-01,-6.736549179923947417e-01,-7.440974426540313269e-01,-7.560030983467113108e-01,-7.192085478515006791e-01,-6.362687151137611519e-01,-6.348211747010235051e-01,-6.107989316194373242e-01,-5.234989632099781298e-01,-6.604241866552036377e-01,-6.268903820869525800e-01,-6.609240555629370961e-01,-7.287675151537583718e-01,-6.109896245007796489e-01
-8.164294081741773068e-01,-8.132671654261010019e-01,-8.102102501963414083e-01,-7.699759195865456540e-01,-7.980367336024997149e-01,-7.564182888032426888e-01,-7.472589438702644804e-01,-8.127188874205112379e-01,-7.933085876005067094e-01,-7.835203781786554966e-01,-6.653692642966949622e-01,-6.458294342686871081e-01,-6.176347388692934315e-01,-6.515982890573587261e-01,-4.694482057887077175e-01,-6.056431136351366762e-01,-5.271924906704011926e-01,-5.261794096020566691e-01,-4.731418105076707348e-01,-4.841618566915368849e-01,-4.464098904622107455e-01,-2.945925699874646919e-01,-5.476867385151336087e-01,-3.938328372696101032e-01,-3.474928471885097570e-01,-3.407416946417868298e-01,-2.040252925859000754e-01,-2.753699824624895598e-01,-3.767159669416372814e-01,-3.307469320984786632e-01,-2.325359054027845984e-01,-1.552696575246755584e-01,-1.794313403920010097e-01,3.422717054310638485e-03,-1.599236605581678961e-01,-4.594530272359804296e-02,-9.640696394639190758e-02,-2.116070837394642690e-01,-2.784785869561852423e-02,-3.173740850967266686e-02,-4.199671609548101536e-02,-1.656022904350117758e-02,-1.685211751645673273e-01,-2.168547441016533545e-02,-8.527800268827431807e-02,2.708697905708663117e-02,3.212332338696400336e-01,-5.302824800148050466e-01,-1.854776232729993535e-01,-1.224893492035943610e-01,-1.844093119828050797e-01,7.887096644145587254e-02,-3.085384505642583264e-01,-2.362723139467360622e-01,-1.658271231441101612e-01,1.231112325006316829e-02,-7.027475037029841110e-01,-6.323640304055430095e-01,-7.479678789918356996e-01,-5.999416616859352125e-01,-7.072043832050554091e-01,-6.523792667122025879e-01,-6.274925869270464585e-01,-7.085312710468046893e-01,-6.779024638104026446e-01,-7.290270813243878711e-01,-6.714002493831447982e-01,-6.320876348969945990e-01,-6.509072493153912342e-01,-6.167768803358024687e-01
-7.286490991654969163e-01,-7.445173847766386466e-01,-8.127501211955707738e-01,-6.413975519926632396e-01,-7.964478542144896034e-01,-7.535774895287556951e-01,-6.835214430803328023e-01,-7.505419504927367536e-01,-7.852472933854445225e-01,-6.769500174613216625e-01,-6.775059204537196011e-01,-7.084756468371880000e-01,-6.033018500495025416e-01,-6.383137572353519973e-01,-6.419377635457130804e-01,-5.851570686618055017e-01,-6.132263457810331886e-01,-5.728243453114851835e-01,-4.378849730673588514e-01,-6.043089723406900315e-01,-4.010428006473412688e-01,-4.516359127325261236e-01,-3.777511660151022244e-01,-3.838018985357817825e-01,-3.186797561146634816e-01,-3.614852263249815345e-01,-2.866882044412030761e-01,-4.389369020114047282e-01,-3.641581490461074377e-01,-2.109928545983178194e-01,-2.904788541977814664e-01,-1.680403797882982775e-01,-3.656365474616120603e-01,-1.004357998453313389e-01,-1.656932518204071725e-01,-2.207764082472983558e-01,6.602894858802420275e-02,7.877393805867534404e-02,-2.303025788855984080e-01,-8.157247642893107956e-03,8.483656404940916052e-02,6.572960871008245998e-02,-5.599519199824484761e-02,2.172833960125813424e-01,2.795242228757877090e-02,3.501566569802726236e-02,1.194396263442774019e-02,7.055162537290006475e-02,2.345661528601277190e-01,-4.099709365137860773e-01,-1.603625671088381166e-01,-1.297108950088076418e-01,-2.729939139188453656e-01,-1.934682036682460471e-01,-1.022859884814803222e-01,-6.272910426279891538e-02,-4.881523161935724109e-01,-4.048414282741266690e-01,-7.229334407994243428e-01,-6.325680747467059550e-01,-6.868601353108584329e-01,-6.409818374730718027e-01,-7.490776942277125316e-01,-5.398111746975190472e-01,-6.235701860666996721e-01,-6.875902256165569160e-01,-6.762832289034150790e-01,-6.375918233786672662e-01,-5.910975458814464734e-01,-5.708013514997348770e-01
-7.503651799471400263e-01,-7.708173255882361241e-01,-7.532438015304274703e-01,-6.823763870547500110e-01,-7.999079758842093657e-01,-6.568808458964440211e-01,-7.291340070338894197e-01,-7.527603568711543902e-01,-7.382083094688903779e-01,-6.912831404560259019e-01,-6.517072631199508637e-01,-6.376864214202130343e-01,-6.898932650971422165e-01,-6.453788668105933102e-01,-6.413416603051458331e-01,-6.723887167880394644e-01,-5.961738772622842131e-01,-5.312759744710709997e-01,-6.238077115665343619e-01,-6.181929665315961664e-01,-5.461986832452914165e-01,-5.951528102715393231e-01,-4.418466384296389493e-01,-4.684307003044888562e-01,-4.189505673586026990e-01,-3.180500963731615061e-01,-5.000509520516979167e-01,-3.951977879132376192e-01,-2.992795109557238598e-01,-3.965146264865356818e-01,-3.070697324119504024e-01,-2.819847111833787556e-01,-1.887676334883338081e-01,-1.691941735816254178e-01,-1.000960727021780322e-01,-2.252391057774666694e-01,-1.156210435456349467e-01,-1.673052411498882897e-01,-5.070700325094694427e-02,6.833710052497025955e-02,-3.262586066439265853e-02,1.071594769740897291e-01,2.568420466590992657e-02,8.923183566044624870e-02,3.247980430570244353e-02,1.718292046649721738e-01,1.030638874933133692e-01,2.917948371340832181e-01,8.379633178203788058e-02,5.625751280024503947e-02,-5.893876989511830367e-01,3.590484896428654260e-02,9.326963825525400043e-02,-1.737043418962191110e-01,-2.477980318207038679e-01,-2.523367943884823328e-01,-4.990150949296892624e-02,-2.741749441684620536e-01,-1.307763657467840013e-01,-5.213897005987384592e-01,-6.332627045684322553e-01,-6.536140086783323033e-01,-7.953393806253885590e-01,-7.390660813646640070e-01,-5.888076920277235393e-01,-6.609060909669606243e-01,-4.728722541926313472e-01,-7.433522455612565638e-01,-6.576514915131983496e-01,-7.022264274708910348e-01
-8.158451176610932443e-01,-7.433381183456172492e-01,-8.004999533487878738e-01,-8.130572638493328563e-01,-8.276327445614237721e-01,-8.347859936233519296e-01,-6.446343756621224497e-01,-7.892236842636607408e-01,-7.709331125223530812e-01,-7.329270405941508137e-01,-7.757878873452174195e-01,-7.677310004749504646e-01,-6.905382411545765153e-01,-5.612339851902510279e-01,-7.025492942089150983e-01,-5.655159876279916009e-01,-5.853978858732342694e-01,-6.219198363650986217e-01,-5.003924631521382560e-01,-5.260193431667363750e-01,-5.997241768835593900e-01,-5.896762720068920993e-01,-3.697697536367763882e-01,-5.058928442184045249e-01,-3.075954014037652895e-01,-2.980252968434104477e-01,-3.567981872881986760e-01,-2.616547580600349088e-01,-3.357690411375597872e-01,-3.080019020543020569e-01,-3.357068253485558373e-01,-1.571997829026999249e-01,-3.725846097527976686e-01,-2.568296170480888763e-01,-1.479353040269492381e-01,-2.911161804078165605e-01,-2.271220526895775249e-01,4.350689978449720496e-02,9.268870308559237770e-02,-1.965570497158380392e-01,-5.700443275644418578e-02,-1.641000472487292861e-01,4.168338074572466856e-02,-1.024619110940189898e-01,8.886815582636885952e-03,1.428376764029459234e-01,9.030715095876432064e-02,1.250071677586074848e-01,1.097029785811217961e-01,1.115841830024330988e-01,1.144656064773125898e-01,-1.125525277856528200e-01,3.893376753658291806e-02,7.835859867612328389e-02,2.176610037528540348e-02,4.753781618542925538e-03,-1.684190491294506598e-01,-1.357673037274439998e-01,-1.742588826329075635e-01,-2.018263861354534505e-01,-5.349003937279614984e-01,-5.974162743260248432e-01,-7.337225447148598700e-01,-6.994913314448879538e-01,-7.287467169736331352e-01,-6.335382211154756416e-01,-7.376941692525232908e-01,-7.764431918925475129e-01,-6.135177416798140992e-01,-6.613984157370907946e-01
-8.163963440251530423e-01,-7.808831472630710646e-01,-8.221567237367523040e-01,-8.094941218623074031e-01,-7.665924761972059409e-01,-7.974867626996691161e-01,-7.750571131780140677e-01,-7.779720290561495943e-01,-7.349586315243074042e-01,-6.943288385750998604e-01,-6.933272034416713137e-01,-7.315171627966773338e-01,-6.142838818829521319e-01,-6.426777660173570439e-01,-5.102400609971534662e-01,-5.881462645405667322e-01,-5.906315276082876320e-01,-6.671018534534209898e-01,-5.632561117240338922e-01,-4.919815325005391649e-01,-5.114144066901979979e-01,-6.169734337716735739e-01,-5.326448815707658380e-01,-3.793170570641037354e-01,-5.011541486909991683e-01,-3.728757596980567524e-01,-5.282620527609116490e-01,-4.150660116083452200e-01,-3.901101752750928409e-01,-3.850789048957752869e-01,-3.821583429803709353e-01,-2.757169275652842644e-01,-3.513338941567354379e-01,-2.556988246070792115e-01,-1.978335711066608604e-01,-3.659807334704319737e-01,-3.156101934667637776e-01,-2.035760211783864682e-01,-3.077487442228259429e-01,-1.731088507938716714e-01,2.128485537672373390e-02,-2.783037593472161009e-02,9.437156366554898257e-02,-1.739590285633203781e-01,1.309084051434907525e-01,-2.647758086014753362e-02,1.905113125825649290e-01,-1.020821150990045278e-01,2.107717784306853068e-02,1.150733571802868282e-01,-5.797209255830765989e-02,-6.593754196906533895e-03,2.370743954970876144e-01,-4.016403450591737867e-01,4.322994537298569667e-02,-1.639255450205205356e-01,-1.951981835845661151e-01,-2.243281844359056865e-01,-2.406228233293457031e-01,-1.651685127072408388e-01,-3.720120261639621173e-01,-2.405161326824136192e-01,-3.021437755965893923e-01,-6.643714453307191237e-01,-6.500986729989484125e-01,-6.487057019578688077e-01,-6.296265877110454046e-01,-5.878046662908960052e-01,-7.407582007332360607e-01,-6.606746292146310484e-01
-8.160219426222161676e-01,-8.128999856435399352e-01,-7.768194109983225237e-01,-8.197617425194025920e-01,-7.210211523279534962e-01,-7.386992583492983933e-01,-7.829633261903159447e-01,-6.585895802839407676e-01,-7.447402254725600246e-01,-6.952025933070481445e-01,-6.315733455486876036e-01,-6.564478809848236507e-01,-6.495222546625993854e-01,-6.714106478812483791e-01,-6.857251761430015469e-01,-5.407164764114449351e-01,-5.457577407193600072e-01,-6.937792114272645083e-01,-5.385725603403598294e-01,-6.946328922349996882e-01,-4.090938208849073110e-01,-3.943592680717466492e-01,-5.280850574357760507e-01,-4.995225362023505977e-01,-3.071620045608046690e-01,-4.984301694677563677e-01,-4.639995148470157371e-01,-3.243262661871138541e-01,-3.877974916589380094e-01,-3.969629436101041464e-01,-3.614232352905817347e-01,-3.144962383383952953e-01,-2.258462204110167071e-01,-3.392858008475757581e-01,-2.569558862674961586e-01,-1.645033406855755387e-01,-2.011572896242427577e-01,-1.991635207076550840e-01,-2.894781697118202768e-01,3.849525783909350102e-02,-2.141930627082577476e-01,-8.552400787641092905e-02,5.475143136218654782e-02,-7.464821752803378618e-02,-5.045489514715966600e-02,7.551597158883543992e-02,-9.022143850115901809e-02,4.884676185871146721e-03,-1.883872256318808863e-02,1.078822495775149937e-01,8.303332372092461777e-02,1.482201320630859021e-01,6.688552563133878240e-04,2.375820022573052748e-01,-1.614527386585892510e-01,1.197593821812581449e-01,-1.190156609255361986e-01,1.365914547834651271e-02,-3.120346271476061029e-01,-1.574355889769004924e-01,-3.795487813304772584e-01,-3.506302648887433815e-01,-2.338971222724736398e-01,-3.175992253909342145e-01,-4.724722483927144001e-01,-6.972596636257153424e-01,-7.202736842589224642e-01,-7.161951007939204583e-01,-6.642090598604393215e-01,-6.283605849188415027e-01
-7.703733664561964734e-01,-8.194699310844854034e-01,-8.127626703494719163e-01,-7.527247641080563323e-01,-7.502333913434091617e-01,-8.038486591839114626e-01,-7.576356265937916890e-01,-6.238638344346012499e-01,-6.531495397482871557e-01,-7.372476250708587253e-01,-7.289581322228422255e-01,-6.651787315123611766e-01,-6.467521607476562906e-01,-6.738810903756544679e-01,-7.144780652334525861e-01,-6.502987316350156144e-01,-6.074005113493130548e-01,-6.834264096138564781e-01,-5.362346659774150925e-01,-5.308800091765812912e-01,-5.596169566328990097e-01,-4.749612447307610674e-01,-4.992973583177562902e-01,-4.927143659122140140e-01,-5.351545108990287680e-01,-4.705053989720449636e-01,-4.018712476041248483e-01,-3.642793263156826611e-01,-3.712807071889496213e-01,-4.662342441204654353e-01,-2.112732593268502046e-01,-4.540109628370704864e-01,-3.062843222184607472e-01,-2.830979616017962885e-01,-1.217433603659226760e-01,-3.274923626385035647e-01,-2.370190339820973102e-01,-4.790409348613559187e-02,1.488313075290954683e-02,-2.231996744330229654e-01,-1.435185645809143040e-01,1.117428640851076127e-01,1.773328323044064125e-02,1.215452502886233965e-01,-6.932873894797428327e-02,1.177761017200550653e-01,4.841173593534253694e-03,2.680712321635989395e-02,6.435078610148685374e-02,-3.808158168406552274e-02,9.647082943771310981e-02,2.015864826130046861e-02,1.993041787329894177e-01,1.618288499274432579e-01,1.695245907170245814e-01,1.347187782147516999e-01,-2.173645597244063810e-01,9.661330226830801282e-02,-2.709512358366636398e-01,-4.011412661782305378e-01,9.762088214645954498e-02,-1.433450371981181692e-01,-4.995571082013205988e-02,-3.046313192396158387e-01,-2.122214754515440449e-01,-5.035957274981650578e-01,-3.911723275931360266e-01,-6.765244336416308402e-01,-7.658830198824523317e-01,-7.066553010940221924e-01
-8.153276372044296894e-01,-7.771318158967919221e-01,-7.812067330229461870e-01,-8.147737405947738099e-01,-7.708109459056946555e-01,-7.722724572780212959e-01,-7.201398740424352907e-01,-7.280976171061194213e-01,-7.474331104657377933e-01,-7.799768652287647486e-01,-6.649573186927176804e-01,-6.556545636209218930e-01,-7.165650897912402284e-01,-6.677862849261637646e-01,-6.378267823356352784e-01,-7.103981498407748729e-01,-5.827491933614239450e-01,-5.989072097279092288e-01,-5.755455337926644876e-01,-5.636804583253934853e-01,-6.279578423697020906e-01,-5.332981408446947347e-01,-5.548830822954007314e-01,-5.196661023651716338e-01,-4.795842155687315977e-01,-4.850678812256878358e-01,-4.216803355942241871e-01,-3.941652240190795520e-01,-4.596348620241003657e-01,-4.518092315852099139e-01,-4.254616520105740651e-01,-4.106242961786685242e-01,-3.563664798204054240e-01,-2.077438253991646944e-01,-2.390215240611288650e-01,-2.835463948450799854e-01,-2.573464238686492545e-01,-1.229799679757685865e-01,-1.077430964745926811e-01,-1.734150672838326024e-01,-1.763694635701163194e-01,1.321860084335770361e-02,7.973690693972666776e-02,9.464564994002203427e-03,-9.497394664223560851e-03,-5.606749637576757817e-02,1.903043414689058743e-01,3.993118235535215305e-02,-8.507995509602038486e-02,1.271979797074116181e-01,-6.468438050612843049e-02,1.430738365400706091e-01,3.638252596686596813e-02,1.201503582735969217e-01,-3.681363887524965323e-02,3.402336790705535186e-01,3.052149881086831384e-01,-1.257877869158156581e-01,-7.142392104885320059e-03,3.445856498492141928e-01,-4.786209054165860288e-02,2.235552047024094435e-01,-1.916164397262254959e-01,-5.935121602676587255e-02,-2.221402265664094988e-01,-2.843643832724519482e-01,-2.263151052925543028e-01,-4.164398815242472685e-01,-4.906828468688881340e-01,-6.878298024583837655e-01
-7.718251086550045326e-01,-7.766653291876595144e-01,-7.951736264186425318e-01,-6.937316219706465281e-01,-7.985728340236200040e-01,-7.379101472180437105e-01,-8.012229146777027911e-01,-6.690159724672383179e-01,-7.734590168969526225e-01,-6.339735664948642491e-01,-7.615168587831664393e-01,-7.074144087824154603e-01,-7.027515961743475703e-01,-6.918471502102429005e-01,-6.208599719294990438e-01,-5.095301545133668064e-01,-6.952728997528569987e-01,-7.098208025819022771e-01,-6.739173413066754659e-01,-6.612186739472742936e-01,-5.403474298542253473e-01,-6.710347862559028487e-01,-5.906279783193560950e-01,-5.992857359573930953e-01,-5.090547064625746687e-01,-4.660173286696271400e-01,-6.273086494234995092e-01,-3.925404165627869313e-01,-3.965433301441486091e-01,-3.535951758764211417e-01,-4.005787991550731064e-01,-4.513131134103973707e-01,-3.929905753900605481e-01,-4.360911717788626407e-01,-2.836209250370549384e-01,-2.668800184645885309e-01,-4.001881242389069282e-01,-1.955698529100756977e-01,-2.384604642299439914e-01,-2.822913588280352992e-01,-1.694111372844627761e-01,-1.516765750211347130e-01,-2.627282519120168747e-01,-2.532735920159328580e-01,-2.004294752023732043e-02,8.211073502615016950e-02,4.708287845448495823e-02,8.814007230539731841e-02,-9.352462948667038256e-02,-4.789749328884826407e-02,4.632384805928087268e-02,6.989859080268732983e-02,1.048862512272021041e-01,7.658745019486762340e-02,5.818267971345628814e-02,1.458697600273611006e-01,-1.062038361948492160e-01,1.875641186307648312e-01,-5.767845978060108791e-01,-1.873196899885726588e-02,-6.155059127504122068e-02,-2.180756881269160785e-01,5.124953619448795227e-04,-1.399466007143273794e-01,4.917799631891680082e-03,7.339577605779128155e-02,-1.772234420856693693e-01,-2.916609464112973060e-01,-5.803554742739331918e-01,-2.653099028291535100e-01
-7.775468483324878832e-01,-7.404731227253366077e-01,-7.820735428163084757e-01,-7.715314201232571500e-01,-7.727679705811087985e-01,-6.615631777888186793e-01,-7.211381082444664470e-01,-8.002837588623721299e-01,-7.549404125905923024e-01,-6.273723308756623540e-01,-6.968546211769134358e-01,-7.786288553104766530e-01,-6.328508718945456968e-01,-6.530276801651261342e-01,-7.085254679359844765e-01,-7.784555284620801041e-01,-7.050590981322214512e-01,-5.732477712178621898e-01,-6.924163422662523715e-01,-7.200816504939319129e-01,-5.767192751435664677e-01,-6.158256176771724766e-01,-6.206212108912178005e-01,-5.830805327259664939e-01,-4.935407747645397247e-01,-4.663390047774816360e-01,-5.083930366658659938e-01,-4.360124714456556361e-01,-4.408210389526608930e-01,-5.317866379721393200e-01,-4.864784892640374170e-01,-4.427813520087789390e-01,-4.533034179322592006e-01,-3.063880642787021324e-01,-2.505344770605837934e-01,-2.825837642952501172e-01,-2.194328592597775129e-01,-2.235541298323505677e-01,-1.646744887714653438e-01,-3.058171844858811883e-01,-1.969807629708638930e-01,2.363444405525742809e-02,-1.829107021235236163e-01,-2.133568556089261992e-01,-2.773264795687522405e-02,-1.984488257853393028e-02,-1.186967680513794227e-01,4.379807308493280371e-02,4.669133109133613568e-02,-2.135324429858893869e-01,-4.474714674596191877e-02,8.769953313079796586e-02,4.269544639208978226e-02,1.881355663433232905e-01,1.673326464688077719e-01,-1.709327494823744409e-01,2.596044127127831169e-01,8.107695135268995490e-02,1.529030014064112486e-01,1.922682711499251185e-01,-5.407573365729606563e-01,-1.243045745519870543e-01,2.278419082497615614e-02,-2.124363546723442020e-01,-2.043504980109677738e-01,-2.794128377991473289e-01,1.004859721720558798e-02,-2.506044935805259444e-01,-9.034431459641771578e-02,-3.422325978473843011e-01
-8.136303498181889360e-01,-7.632223177122053892e-01,-7.798929230346500763e-01,-7.671644084678997944e-01,-8.131398062066086396e-01,-7.958646064434810041e-01,-6.358745009205377663e-01,-7.469110342793047197e-01,-7.180087428125312421e-01,-7.510414127022623232e-01,-7.309771510773110936e-01,-6.965910264063798207e-01,-7.547738045834595511e-01,-6.821391773407000647e-01,-6.413584393276484663e-01,-7.435839475304265589e-01,-6.591577811949738130e-01,-5.968966768959999003e-01,-6.683716637253386272e-01,-6.845102508962709331e-01,-5.765197525907145293e-01,-6.064419501640345711e-01,-5.339777799296119287e-01,-7.296561956876398414e-01,-5.228190247582003014e-01,-5.656135005163279716e-01,-4.749648186482344769e-01,-3.451394848470355492e-01,-3.655361662418099011e-01,-4.798812048022877974e-01,-4.009841283804658207e-01,-4.614858571060753145e-01,-5.187856366533313279e-01,-3.516205216781256859e-01,-2.330672788091623093e-01,-2.778934200171546132e-01,-4.360252797902882671e-01,-1.967915303375530611e-01,-1.573617637255765866e-01,-3.191667485844507657e-01,-6.259586217259197061e-02,-2.945446822105921569e-01,-4.264949500676983862e-01,-8.834888559183869117e-02,-9.887749763146956583e-02,-3.248061215756522374e-02,-1.360091181449417652e-01,-3.344149014384717455e-01,-1.286123859259582225e-01,-4.804000809041539949e-02,-6.988517274048607238e-03,9.847680923344460935e-02,-4.451094226864858727e-02,-1.266586447102653785e-02,1.450784692835115908e-01,-8.017487197845377112e-02,3.226277959646819266e-02,5.897907379592546434e-02,3.024757093913473804e-01,9.308481927194312000e-02,7.496957138180712632e-02,3.016168048710456406e-01,-7.229518470156452714e-02,-1.996280806219839499e-01,-2.056174685105574274e-01,-2.152396876994412678e-01,-1.292110461230388530e-01,-1.741864178821198039e-01,-7.109764543049704177e-02,-1.685846966273239489e-01
-7.373709663764022038e-01,-7.452072694229222583e-01,-7.876159972616183502e-01,-7.744417138436698878e-01,-7.376244573006797145e-01,-7.513475177938776506e-01,-7.550407600154656063e-01,-7.016186972691506041e-01,-7.629439466081886501e-01,-7.847098065257025468e-01,-7.532954216746325926e-01,-7.761320805174325432e-01,-6.214997202776433305e-01,-7.061735444590220290e-01,-7.553407142361635573e-01,-6.415736516796587408e-01,-6.015877281801593757e-01,-6.054309286952694880e-01,-6.771686633925798615e-01,-5.082427134042082351e-01,-6.180791425650712378e-01,-6.030985359439245963e-01,-6.424446798868953534e-01,-5.959759788093058619e-01,-6.359405357080059051e-01,-6.437506898633239549e-01,-4.940500468362239994e-01,-4.521550810557118383e-01,-3.732641282682161443e-01,-3.728476749099298715e-01,-3.365460391880870650e-01,-3.475985167702833056e-01,-5.672892577129809988e-01,-3.595328538408500973e-01,-2.477540568209267713e-01,-2.073970806936786260e-01,-3.559854172744152945e-01,-2.287027893842193405e-01,-3.069858270306745629e-01,-4.194398294349254153e-01,-3.227005320539246269e-01,-2.765373151165684273e-01,-2.398386015600893761e-01,1.019605312548999554e-01,-9.740419126292676130e-03,-1.666935675196048669e-02,-8.983932199621014192e-03,1.961412914927770368e-01,6.492713736749987190e-03,-1.276469790070114060e-02,-1.634141688537176507e-01,1.752137875893015062e-01,6.117941058378902411e-03,-5.724293208841453595e-02,2.415250179266732744e-02,2.694129056986128701e-01,-2.195357323501468012e-03,1.212092070426352280e-02,-4.886536120248419907e-02,1.019725611906094204e-01,1.017002086888715989e-01,1.652042144220738570e-02,-4.393430875823082712e-03,-2.437475708637607819e-01,2.784358897281041453e-02,-1.069462047672136151e-01,-2.295524074689643812e-01,-2.053526031195303803e-01,-8.779512475761225287e-02,-1.486440465259216137e-01
-7.525604597953331476e-01,-6.969159927976515956e-01,-7.885627685318674640e-01,-6.877402338018046013e-01,-7.071822111257060062e-01,-7.929615408591697001e-01,-6.989763595771623095e-01,-7.622412465550945093e-01,-7.830796107385503690e-01,-7.664219769006659355e-01,-7.512229747690590820e-01,-7.400793478494358535e-01,-6.931161109992363123e-01,-7.664000290159439510e-01,-7.330602606880119998e-01,-6.741459653858579149e-01,-7.252505950302553517e-01,-6.500320787100407616e-01,-6.665439201165669347e-01,-5.872013838903190619e-01,-7.041634884687814067e-01,-6.091994799916000680e-01,-5.626648184744844627e-01,-5.288532970809147749e-01,-5.372558468527219855e-01,-5.018332641063888433e-01,-5.030539274774088465e-01,-4.888625012431356831e-01,-5.776116641826981590e-01,-5.682533263285438618e-01,-3.819637042017894890e-01,-3.306891511525760219e-01,-3.804699953946547586e-01,-2.002837996209217986e-01,-4.696969077054165553e-01,-1.774495418357210086e-01,-4.875279943551059647e-01,-1.659100993131735757e-01,-3.988624431464479758e-01,-1.753991789629203157e-01,-2.601613464026940048e-01,-2.340707228447297117e-01,-1.965566021898045024e-01,-1.443271938908688157e-01,-1.768921211692428275e-01,-1.853029327442152208e-01,-1.812043779757974704e-01,-1.861022212304160595e-01,-1.417454119021719916e-01,-3.954004013301790077e-01,-3.093989774530727863e-02,-1.267330859629964279e-01,-9.684562666334840808e-02,-9.818562248267019218e-03,-5.127617743883468998e-02,1.205707674908324152e-02,1.049745952790579265e-02,-7.040425128015360967e-02,2.083608886312100228e-01,-2.053125326121007024e-02,-5.940263031883629558e-02,3.854580320987325420e-02,1.473137677783130650e-01,1.294646061767485146e-01,-3.884817291758621005e-01,-1.762944245786771391e-01,-2.682780273284418038e-01,-1.958675136335014111e-01,-1.947191534295632520e-01,-7.816987804452368849e-02
-7.576767628556260181e-01,-7.766382714946629129e-01,-7.821154594843066077e-01,-8.055877086610636617e-01,-8.144355885012697360e-01,-7.252145066303987697e-01,-8.161707565639880757e-01,-7.021690139752859716e-01,-6.793516595136434022e-01,-6.982302736515393349e-01,-7.306307281801489584e-01,-7.263680101116436472e-01,-6.468198850646429410e-01,-7.562841504575869012e-01,-7.052279749431857869e-01,-7.307585858148707425e-01,-6.762961713814754638e-01,-6.277129612342674525e-01,-5.329840489864643427e-01,-6.113981989594406974e-01,-5.995773418541980870e-01,-4.025313898522702716e-01,-6.875695032345393587e-01,-5.386794970515701442e-01,-5.564699113195497038e-01,-5.550816420111603922e-01,-5.711572107040484569e-01,-5.263764612511239172e-01,-5.098956782522535702e-01,-4.387727374984733975e-01,-5.137072961690299922e-01,-4.654477899577688094e-01,-4.228441006943779445e-01,-4.760220474204225338e-01,-2.736979659528762654e-01,-2.893198710764677273e-01,-3.935042465956719582e-01,-3.536989558720889937e-01,-3.089451597889376067e-01,-3.954465600859127239e-01,-2.786313358641175353e-01,-1.975880958001128285e-01,-2.182682624306526153e-01,-2.024722437752083937e-01,-2.421441095136270261e-01,-6.217857422321729222e-02,-2.496687718247815602e-01,3.570113308743675523e-02,-1.419719327230141159e-01,2.464886198474697601e-02,-9.167475736257113539e-02,-8.942770779225904521e-02,1.615287948298138945e-02,-1.385203099477730626e-01,-7.555624585387157865e-02,1.496916871803281035e-01,8.626846808252217058e-02,-4.337392226238877269e-02,3.773820686653848316e-02,1.131370858168180213e-02,-1.101284481548953365e-01,-1.161981909281178532e-01,1.709874931246539442e-01,1.363415833838769742e-01,2.894492711679798672e-02,-5.759086892317041295e-01,-1.101676634374789028e-02,-2.502018383900838153e-02,-1.399147563364588620e-01,-7.830484043734105282e-02
-8.150025350565408555e-01,-7.244892916474157119e-01,-8.183781580950604262e-01,-8.100956719886550639e-01,-7.443967182592423626e-01,-7.932775218065692968e-01,-8.052601648453596717e-01,-7.744442361964478660e-01,-6.844150662348570391e-01,-7.861659113591951131e-01,-7.546638821236020256e-01,-6.607919776366962816e-01,-7.408569549997549020e-01,-7.282593395973880890e-01,-7.157841047480256735e-01,-6.979762548918732046e-01,-5.949904819676317125e-01,-6.793381057478561358e-01,-6.850711616635128953e-01,-5.629070689634640967e-01,-5.507067306845448984e-01,-5.882805722707427076e-01,-6.393571214604024666e-01,-5.985212136645033931e-01,-3.646631752660299819e-01,-4.919014995127018453e-01,-5.697373710547780634e-01,-6.145690992702360633e-01,-5.097177342019489910e-01,-4.974573440255701806e-01,-4.597636987900206029e-01,-5.263538710791997310e-01,-3.886497004793081911e-01,-4.012682638567401372e-01,-4.596890834872501830e-01,-4.381084342736925041e-01,-3.869519984851296224e-01,-3.074020415741567924e-01,-2.991942329718095261e-01,-3.930080607540602511e-01,-2.456520137608676491e-01,-4.623917489945062465e-01,-2.533609046617062432e-01,-2.675020177332096960e-01,-1.361338653718986991e-01,-2.349462410412685998e-01,-1.923230822818105534e-01,-9.102339858800033434e-02,-2.212565009353727741e-01,-1.444884456129994499e-01,-1.584974349769303903e-01,-3.279564543265750531e-01,-2.103509325725493040e-02,-2.290174251922251214e-01,-8.512034993414688278e-02,-4.510847661511958179e-02,-2.589731344858533721e-02,-3.084245007396037991e-02,8.006479521951069545e-03,5.850374030454086327e-02,-1.895312504573699527e-02,9.825274961052954392e-03,6.629684886583928072e-02,1.644276696143159300e-01,1.440062766354933965e-01,1.774641869426447083e-01,-2.785381068306187410e-02,-3.897601835565613348e-01,-2.052542828064574387e-01,-1.058643480069594994e-01
-8.013419274359848687e-01,-8.147636700535645371e-01,-8.168716057322014112e-01,-8.125066152290834065e-01,-8.062049835002560449e-01,-8.093087542083430286e-01,-7.907677533271041392e-01,-8.038694557652653616e-01,-7.276125071903614128e-01,-7.799532111274259938e-01,-8.406364285649204904e-01,-6.903623393989640755e-01,-7.772055418747376709e-01,-7.580464290669584049e-01,-6.872982470924274834e-01,-7.457876857616174693e-01,-7.020269314210885181e-01,-6.183387044879476990e-01,-6.766581759904523041e-01,-7.773706753059482777e-01,-7.053136004657142299e-01,-6.184543114233822525e-01,-6.442990579625573755e-01,-5.377453685241833092e-01,-6.330335938006645957e-01,-5.460260523230424656e-01,-4.655537760919459811e-01,-5.933246771781692797e-01,-5.297189873957837136e-01,-5.932520275829442635e-01,-4.489438732288353884e-01,-4.370430510110633326e-01,-3.882864310962650944e-01,-3.323795532040006995e-01,-4.987625088800550777e-01,-4.554893831946477123e-01,-2.109651122782473243e-01,-4.779372919198644487e-01,-4.141965956842175722e-01,-4.506001902005082882e-01,-4.965073249985607617e-01,-3.495566481725465025e-01,-4.370319279702412074e-01,-2.584231387351842990e-01,-3.301441070984185155e-01,-3.020860009109492816e-01,-6.775228194066841569e-02,-1.171930520118791286e-01,-3.110682815181202709e-01,-1.118086306821775983e-01,-1.173304106068039920e-01,-7.088246160973567245e-02,-1.840360314175454315e-01,-1.294887520693729921e-01,-6.842042542711133934e-02,4.980470144392230153e-02,-8.535560349060421215e-02,-1.638968523973792502e-02,1.843789958669116991e-01,9.870271794629650874e-02,-1.239003589434417296e-01,1.243204272802352489e-01,1.371406475989886235e-02,1.607109691710675858e-01,1.023564489822822582e-01,1.246137107898298152e-01,1.567266757905125540e-01,4.456416921259689218e-02,-6.596409951057392862e-02,-4.900049859608797409e-02
-7.504493481204794758e-01,-8.173173250954264279e-01,-7.404653996584052988e-01,-8.158847623203017152e-01,-7.725916168326917299e-01,-8.072718182246774177e-01,-7.386594662178233017e-01,-7.541012736716650178e-01,-7.827344639433543305e-01,-6.684550705801289849e-01,-7.423997358293817905e-01,-7.183817228180776615e-01,-6.965980426168791872e-01,-6.776897385851159417e-01,-6.680064843119386531e-01,-7.152972464663491792e-01,-7.097786265504815173e-01,-6.311549358431007839e-01,-7.042219817824465489e-01,-6.135916768077271932e-01,-6.906126427492160769e-01,-6.024473598998347779e-01,-6.902974166881128415e-01,-6.110416518034637035e-01,-6.476007209596256198e-01,-6.654051876813004140e-01,-5.230384779891597002e-01,-5.310792974626288299e-01,-5.084278592964731613e-01,-4.842785721320674863e-01,-4.494336984496253851e-01,-5.277631261563743292e-01,-5.123954385611300122e-01,-3.724612720936034127e-01,-4.925978031745721908e-01,-3.192161936139274458e-01,-5.154787819449978548e-01,-3.209715414815143553e-01,-4.510950084149749628e-01,-2.720596115867649489e-01,-2.783465603899319407e-01,-2.915685711815762526e-01,-3.607664609130044053e-01,-3.097122857561542819e-01,-2.657118035938899059e-01,-2.438657020723170310e-01,-1.896434932309251920e-01,-3.279108438990375185e-01,-2.085340527856351100e-01,-1.520927683962932930e-01,1.930355008854319279e-02,-7.528937287635461759e-03,-6.419583613282282830e-02,-1.149420789773192980e-01,2.536996883425738508e-02,-5.307942315395571160e-03,-4.697947931238027723e-03,-2.104661835840418715e-01,-9.859433386035608426e-02,3.560112675977606528e-02,-1.037145658376920215e-01,-1.088915635857292258e-01,-2.559647668375967730e-02,-1.422914290547579730e-01,2.825104496632080964e-01,-7.591368920619070981e-02,1.169732723164785410e-02,2.713446787204042143e-02,-8.399367758971550135e-03,1.811344833022368594e-01
-7.871505010030492855e-01,-7.792414730217964713e-01,-7.628914677877565165e-01,-8.070225865520698205e-01,-7.552248725198753565e-01,-8.056142672801500648e-01,-5.973783735778265269e-01,-7.902065131539038889e-01,-6.785111268017530728e-01,-7.338227538239914249e-01,-7.677019839018003333e-01,-6.993806266413640227e-01,-6.439755927558785675e-01,-7.268014256910358961e-01,-6.874424966894380207e-01,-7.183811327986574513e-01,-6.318886200871365322e-01,-6.879809333227855372e-01,-7.085607024260156539e-01,-6.661280109171652253e-01,-7.144379365232430557e-01,-5.186833945763416054e-01,-5.527215829837553995e-01,-6.454064812940777385e-01,-6.096576950260299554e-01,-5.128726789214212989e-01,-4.481954566867266121e-01,-3.052302134754972807e-01,-5.535476813076239955e-01,-6.423836766592408987e-01,-5.486597812380845651e-01,-3.727394705695179500e-01,-5.480161386521839040e-01,-5.908177588288159310e-01,-3.733881850487142384e-01,-2.820386844258155334e-01,-4.598310516490447530e-01,-4.610713868216675948e-01,-3.474932851168847647e-01,-5.783190168575990109e-01,-3.136831435287382175e-01,-2.699874289176260045e-01,-2.111108551444216830e-01,-2.946131523345803527e-01,-3.379654066254041966e-01,-1.190017322536958688e-01,-1.788756584272084005e-01,-3.191528831963144630e-01,-3.149045898077187378e-01,-1.616083782005951763e-01,-2.740480092914273635e-01,6.353444417621886831e-02,-9.074473597750968082e-03,-4.029513215671145371e-02,3.709456784579250044e-02,-2.357147218297113433e-02,6.594413911162781694e-02,-2.829382808804255939e-02,-6.205859120182641991e-02,8.383881104495878589e-02,-1.701476024620782179e-01,3.020189478821445547e-02,2.798062248029105966e-03,1.072194481965928342e-01,2.957995974798266568e-03,1.272414525652388329e-01,2.099848659626969705e-01,-6.408964019767367237e-02,2.319697956260737270e-01,1.432132541566122699e-02
-8.152992674062373712e-01,-6.718616558662706684e-01,-8.187969665541162678e-01,-7.307412371715967803e-01,-7.344249558527221611e-01,-7.763032166967089864e-01,-8.079181478961967589e-01,-7.737142978860942488e-01,-7.560502012982580622e-01,-7.422076685835482524e-01,-7.893369265738391372e-01,-7.966111470083010460e-01,-7.236644029653472865e-01,-6.912216454593228532e-01,-6.630525057643443798e-01,-7.603851775561059068e-01,-6.180164171706866716e-01,-6.711009395490178386e-01,-6.055606670486516352e-01,-6.543667235504292412e-01,-6.346485860804811363e-01,-5.848211948095352053e-01,-7.075107054885613200e-01,-5.955168907699698311e-01,-5.113532114762183722e-01,-7.164376710043546259e-01,-6.513076481770717630e-01,-6.241853212801504736e-01,-5.182098395099553612e-01,-4.828537795458914816e-01,-6.046368375606089307e-01,-6.331486745534538052e-01,-5.335340877731690190e-01,-4.979483915783318171e-01,-3.980551344670152369e-01,-4.177859920303311769e-01,-3.135111345646979242e-01,-2.568357501316081981e-01,-4.423085794618463185e-01,-3.633711315568167177e-01,-2.776469036349891728e-01,-4.341631528269027651e-01,-4.470481333016357306e-01,-3.065179597240023091e-01,-2.274804188448827924e-01,-2.720288560450201398e-01,-2.364509420794752292e-01,-2.532155216392785735e-01,-1.820700113584287350e-01,-7.220628335195815317e-02,-3.266905075216920418e-01,-2.597467629907453945e-01,-6.955148165560384732e-02,2.543205616403782302e-02,-1.546620497921552817e-01,-2.339049949490234342e-02,-2.615978666579140896e-02,-1.293264933533498084e-01,2.303436477643097322e-02,-1.646775064940412701e-04,1.983951243992616506e-02,7.045197688679931403e-02,5.271192150606151400e-02,2.875336902191933386e-01,-4.205103172928392058e-02,-3.686104602699815519e-02,2.689705930416105492e-02,1.441354687431773696e-01,2.202210432056233291e-01,1.347576706010928382e-01
-7.761734778370166232e-01,-7.160240039939219647e-01,-7.793035445089628865e-01,-7.740362872264617833e-01,-8.022455834268240604e-01,-7.862897419080063788e-01,-7.502610393185837889e-01,-7.632005975499693839e-01,-7.313764433653688890e-01,-7.701969799955439289e-01,-6.984472395834070424e-01,-6.533543973625867141e-01,-7.703594048670197036e-01,-6.439108020802968291e-01,-7.579032991982312950e-01,-7.122015377913605283e-01,-6.844288568846043086e-01,-6.970181437139227887e-01,-5.339056174548174605e-01,-7.227607900993758827e-01,-5.688607698469410057e-01,-5.681522136170193971e-01,-5.614545757796264303e-01,-6.509924541712602819e-01,-6.844023412708680754e-01,-6.477263468885495756e-01,-5.587250442275517592e-01,-6.084706857831684301e-01,-4.466265780067867341e-01,-5.439075599205153155e-01,-5.004821933804429746e-01,-5.563384629050894814e-01,-4.399063453512157551e-01,-3.771408925101207843e-01,-5.172875484279789715e-01,-2.878656456632902039e-01,-3.054132940476473324e-01,-4.871881472629887577e-01,-4.984960605188366589e-01,-1.638382032335107541e-01,-4.373261410257291981e-01,-4.319773381202559603e-01,-3.012515877147906584e-01,-4.144374617259858340e-01,-4.625839199292770543e-01,-2.490493784638642960e-01,-3.465083281499899415e-01,-2.832893237560332733e-01,-1.669920996169496907e-01,-8.424386031457897772e-02,-2.223198264851701800e-01,-2.243201097425021606e-01,-1.807062455289828173e-01,-2.203520461700436417e-01,-1.292213221469907247e-01,-1.648408194341764166e-01,-1.896955120729891253e-01,-7.828652012143086369e-02,-4.975398635529352902e-04,-1.060181256209247330e-01,3.648049128710360162e-02,1.284380496672812566e-01,-6.709521977811006010e-02,-9.164906404410823326e-02,1.776656631460276081e-01,-2.077126683925704376e-01,-1.240843265069287681e-02,6.734256411282021904e-02,-1.021920554306397499e-01,-1.432755808171338185e-01
-8.155310037933828360e-01,-7.841121451927141051e-01,-7.466834265361819156e-01,-8.115248657390321529e-01,-6.332285662905247081e-01,-8.120449007957613041e-01,-7.716751977109854721e-01,-7.043155684639967884e-01,-7.583611309023957636e-01,-7.454000212697819983e-01,-7.414508407659583522e-01,-7.178562438935398582e-01,-7.481125660016775258e-01,-7.332772869084431822e-01,-6.948557329659181825e-01,-6.946622589085355015e-01,-7.327729915309884046e-01,-6.613647425257479506e-01,-6.534089255534568652e-01,-6.898936462753924026e-01,-6.210429058087231224e-01,-5.992964111686169826e-01,-6.909611148163607997e-01,-6.447401152828354798e-01,-7.313075041849079749e-01,-6.203754949923908635e-01,-5.226146610017197158e-01,-6.568349242501445584e-01,-5.446853770609598744e-01,-5.793780220778436130e-01,-6.292047411348473673e-01,-5.224332351102000116e-01,-5.759214978154243436e-01,-4.742583377808561318e-01,-5.196436720334102199e-01,-4.534005579024359966e-01,-4.299971532079999159e-01,-5.547706827079825764e-01,-4.428291303820054425e-01,-5.162850814825570289e-01,-3.215631972760555346e-01,-4.112939162494190226e-01,-2.824303909225124309e-01,-3.326216438358660654e-01,-1.554478776191980105e-01,-1.925891532999566003e-01,-1.518059266176003674e-01,-2.850756962589521271e-01,-3.013818686579911588e-01,-3.394357986408462202e-01,-2.670674421642166840e-01,-1.334200043830590376e-01,-2.045012809530026288e-01,-3.335839315183395937e-01,-1.280752985947313481e-02,2.311027080202832443e-02,-2.078941531505322515e-01,-1.956759103488198426e-01,3.957947475307334317e-02,1.830372107782069283e-02,1.909264395093911715e-01,-4.237267981306783865e-02,-8.422709417296327106e-02,-1.392641610005287099e-02,-8.182829019096014844e-02,-1.099288784489905052e-01,6.993706439445661338e-02,2.583540429558268958e-02,-8.340262480386778296e-03,1.745988453443310939e-01
-7.771356232870668679e-01,-7.212509346536557509e-01,-8.273235053774380399e-01,-6.834029138109587453e-01,-7.293815796632643345e-01,-7.975478010248087113e-01,-7.511927364023155418e-01,-7.518680966829288659e-01,-7.291227844177793349e-01,-7.508800574232773473e-01,-7.909900861629685087e-01,-7.048457093087499015e-01,-7.045143900267362147e-01,-7.626908743694968962e-01,-7.267583540618800519e-01,-6.270985230386668663e-01,-7.006139352396910658e-01,-7.073014503157042387e-01,-7.248249906782455732e-01,-7.156978874636231724e-01,-7.133464410119039201e-01,-6.843652988045632046e-01,-6.980578312620612236e-01,-5.552419742436555117e-01,-5.822214162656770275e-01,-6.324017385482653131e-01,-5.956904568107929121e-01,-5.920641959675739807e-01,-4.741233692432554325e-01,-3.881642559211734289e-01,-4.610264574063056009e-01,-5.859628238102788655e-01,-5.257576400674459638e-01,-4.666938799411328720e-01,-2.668059210643522472e-01,-4.625552697834846572e-01,-4.392160500314735705e-01,-4.575810241357335939e-01,-3.572724144874303565e-01,-2.906684263767355114e-01,-4.246320373215153876e-01,-3.985526745360477019e-01,-3.331440754808175919e-01,-1.596193275573964954e-01,-3.364773011746932663e-01,-2.940876437752830697e-01,-3.568746736469458614e-01,-2.698955170713187024e-01,-1.415535168271104816e-01,-2.549086443008453107e-01,-2.305616244867969289e-01,-3.431813755145315392e-01,-9.622571951874030194e-02,-1.818175836065759610e-01,-1.135290918122590781e-01,-3.037181330710825855e-01,-1.583782183247027520e-01,-6.264643169881613238e-02,-6.019457666692497322e-02,-3.898645295409600697e-01,-1.771340285150376781e-01,-7.901870070216503172e-02,-1.160034215718699080e-01,2.734843780318817197e-02,-1.215131916774712384e-01,-5.993565798899962160e-02,2.597301982389955272e-02,2.507047185793466471e-02,1.441936059712518592e-01,1.379943459839174102e-01
-8.103965141372412306e-01,-7.727661877943282631e-01,-8.148166328000479020e-01,-7.485875760108645638e-01,-7.390011398418210309e-01,-7.508687227794124119e-01,-7.973186153749891592e-01,-8.058353271686642394e-01,-7.590930333642259553e-01,-6.883695539501294425e-01,-6.867113912656631625e-01,-7.513715090495888260e-01,-7.596122649748207056e-01,-8.076606224001898759e-01,-7.081666045914315477e-01,-7.464304014596769843e-01,-6.928703309838355473e-01,-7.196447363148070764e-01,-6.782731446092969962e-01,-6.876888274252431765e-01,-5.812219623860662709e-01,-6.776976648549458693e-01,-6.374116926796615790e-01,-5.225158948665870051e-01,-6.457448067208465536e-01,-6.886963390461191548e-01,-7.297974770675806910e-01,-6.445749239996839686e-01,-4.739411182038084647e-01,-5.695507496398526381e-01,-5.879621669380039606e-01,-4.388886487183745744e-01,-4.579042010338196800e-01,-3.900173278327549453e-01,-4.851134505608663550e-01,-4.835506722167040583e-01,-3.848773307120009757e-01,-3.776416015906679524e-01,-4.270381317754716188e-01,-4.093831606399576106e-01,-5.306026391023597188e-01,-3.690735686264706161e-01,-3.244349867197225956e-01,-2.900079237935899723e-01,-2.430688836705692801e-01,-3.148042217753029837e-01,-3.300874400195866754e-01,-3.584158391175608638e-01,-4.952748528722161203e-01,-1.380063151604033755e-01,-3.277833520693534397e-01,-2.848032746822379280e-01,-1.868129908130402306e-01,-2.093836357296605943e-01,-1.952992163904533063e-01,-1.509507753007923066e-02,-1.589449771266223388e-01,-3.775838876912172015e-01,-2.246635639744255508e-01,7.731370164899832587e-02,4.031658984677758523e-04,-1.807189404552064504e-01,-2.060554377579329743e-01,9.794555795143201904e-02,-2.836937264227494190e-02,7.480710422563699447e-02,1.138224050588392544e-01,2.224116878300627653e-01,2.036859009775075502e-01,-3.887320455280979942e-02
-7.490943940983414429e-01,-8.123078018741849426e-01,-6.824324530760429441e-01,-7.203738229561303941e-01,-8.098304713060097138e-01,-7.553484254733947578e-01,-7.294706854702587284e-01,-8.000876869078769049e-01,-7.922204046378379383e-01,-7.840395022735529018e-01,-7.699127785490976761e-01,-7.195906335636320650e-01,-7.955963624646632537e-01,-7.398760481214574636e-01,-7.817594866064074832e-01,-7.315438463901812183e-01,-7.235785237244919399e-01,-6.831950832589511746e-01,-6.400222253196559130e-01,-5.566864312322297170e-01,-6.954817904045096366e-01,-6.659018956222895191e-01,-7.338765907650059983e-01,-5.803785664276587264e-01,-6.519384336348721387e-01,-5.682832690178352131e-01,-6.540855847203369544e-01,-6.438521126788155913e-01,-4.717839735127111189e-01,-5.075525265303140188e-01,-5.036716434996030278e-01,-4.227344029190296948e-01,-5.189484931102451570e-01,-5.217685858932130660e-01,-5.129412471655528938e-01,-5.901577600851233285e-01,-4.448458774896045242e-01,-4.452566763569152375e-01,-4.822298542622470152e-01,-4.387831051196350862e-01,-3.982109056379073975e-01,-4.519334981886838909e-01,-2.786061881594409928e-01,-3.610419637956761574e-01,-3.268843429126265798e-01,-2.909446827351668263e-01,-1.302512347204623500e-01,-2.083611372565268016e-01,-2.937654835914494944e-01,-1.666262626474940001e-01,-3.675375676298016647e-01,-1.737681043502486700e-01,-2.937748740996138919e-01,-8.202023953984402538e-02,-3.887611950993005022e-02,-5.207725155867510419e-02,-1.684986111958872435e-01,-6.489348928750363760e-03,-5.169250664326978210e-03,-1.989050359524776879e-01,-2.453324440250847227e-01,-1.361154911443260285e-01,-1.526486486211733606e-01,8.192929331100498591e-02,-2.408974559914205671e-01,1.257730951379217588e-01,-2.312540220498644217e-01,-1.297854827362922847e-01,8.229862406434350353e-02,2.211298684164200168e-01
-7.464131201712472796e-01,-7.227591936386199567e-01,-8.148743399791668063e-01,-7.737026578444481384e-01,-7.900342798925830134e-01,-7.966307675190219539e-01,-7.103749399106268347e-01,-7.724827200346592315e-01,-7.342776416420447871e-01,-7.958321399151579989e-01,-7.614748307360513779e-01,-7.268674400144965464e-01,-6.956524629774399893e-01,-7.109121958480770775e-01,-7.279259151983210607e-01,-7.370043090249995821e-01,-7.827545681443421888e-01,-7.026688716158600023e-01,-6.544838454388400839e-01,-7.115496962418668137e-01,-7.097252875083969181e-01,-6.525079401134142865e-01,-6.881442579342712529e-01,-7.111082408983381287e-01,-7.046556424495631354e-01,-6.315081287202540805e-01,-4.863928123798278436e-01,-5.729575513433641243e-01,-6.772922251257188497e-01,-6.043946455076041335e-01,-4.730714559146031450e-01,-5.270417602955630443e-01,-5.326953198657796706e-01,-4.937713071948864330e-01,-4.490422656604570739e-01,-3.866693582748664815e-01,-5.303245132677761875e-01,-3.253620352839535768e-01,-3.653502718048020625e-01,-3.854567581202833493e-01,-3.933255147506545257e-01,-4.594324890211821666e-01,-4.395519547715777686e-01,-3.430413363376460523e-01,-3.504675285026668807e-01,-2.794095626847253322e-01,-2.866089848690852038e-01,-3.340097817759016263e-01,-1.666690728255527110e-01,-1.794757777967525836e-01,-2.642033062718443515e-01,-1.394012626711786107e-01,-3.037199286323379321e-01,-3.291680912848214402e-01,-3.115543581805574891e-01,-6.534195017500321612e-02,-1.633962200010139199e-01,-1.653305246451236554e-01,-1.489547319251755264e-01,-1.548888993265221392e-01,3.419304893285642685e-03,-2.470540340294933093e-02,2.115075497751762665e-02,3.543940780384575995e-02,-9.784795712533703171e-02,1.929582394855032801e-01,6.264816697650288368e-02,1.038262946884616067e-01,-8.136589377779263055e-02,-1.728084163082736074e-02
-7.436324743352721311e-01,-7.885459048830434359e-01,-7.162566330906009471e-01,-8.164373770111061912e-01,-7.654975379833531823e-01,-7.939847642205494216e-01,-7.680908788725149261e-01,-7.039174707332190861e-01,-7.521932472513230827e-01,-7.745344811128849205e-01,-7.257741651445285269e-01,-7.932900299725390569e-01,-7.918150440791583700e-01,-6.113287334642710791e-01,-6.941102338058527943e-01,-6.498177935107591896e-01,-7.041652752147978811e-01,-7.109092941259756993e-01,-6.578732232227382237e-01,-7.429804423441493944e-01,-6.073515907421668247e-01,-7.016742190483505892e-01,-6.567186771930807465e-01,-5.937057611773948196e-01,-6.731257794077174506e-01,-5.238802088404577173e-01,-6.518177387620948116e-01,-5.939980275630322160e-01,-4.969662672287130656e-01,-5.954014487720632465e-01,-6.927701124982871272e-01,-5.213111314729721446e-01,-5.424378919178213243e-01,-5.792805309178498119e-01,-5.423441172860637982e-01,-3.781155284261938920e-01,-6.062042043655961887e-01,-5.130353369186738677e-01,-4.740134625353871201e-01,-3.480721806191048873e-01,-3.858593416587415281e-01,-4.420474766941077105e-01,-3.342129881729093421e-01,-3.255561365826142306e-01,-3.910901507864538162e-01,-3.765287432392305789e-01,-3.291016554277376716e-01,-1.367399416979951099e-01,-2.622883092270770211e-01,-3.071352060823193120e-01,-1.405560927955217809e-01,-3.406313778878565790e-01,-2.297200106652531049e-01,-3.495554202818535461e-01,-3.061845754856374335e-01,-3.953628935664526001e-01,-3.396369652533632877e-01,-1.202418615564394694e-01,-1.616376558239561792e-02,-1.346078044222174808e-01,-7.229054314732999420e-02,-1.935911355989582416e-01,-6.346471254371339977e-04,-8.689558760192624132e-02,-1.651128237558499023e-01,-1.227804593205768097e-01,-7.743526736392254695e-02,-1.423516399356936080e-01,-1.803069278424530852e-01,9.400804643493726465e-02
-6.748479733991622487e-01,-7.279149988278782457e-01,-7.758729304668982030e-01,-7.695020155070602108e-01,-7.720710500864352843e-01,-7.010581295608022678e-01,-7.304708151749252920e-01,-7.768739070805925628e-01,-8.088295067252079251e-01,-7.532671472763651233e-01,-7.621186663335868250e-01,-7.612430621757951821e-01,-7.540553472999557139e-01,-7.406599550902496221e-01,-7.402603071079741914e-01,-6.729903835775261634e-01,-7.092227467951626174e-01,-7.284278615805467316e-01,-7.183069601000438009e-01,-7.003123399220513301e-01,-5.822227695938476666e-01,-6.939053290078827096e-01,-7.546372920089479130e-01,-7.048706163178855011e-01,-5.976929019996295445e-01,-6.658315987762595256e-01,-6.608059185465264829e-01,-6.514419408884564167e-01,-5.758982575691256045e-01,-6.506998499594777163e-01,-5.688722007008929493e-01,-5.510504501296353830e-01,-5.620043801812351081e-01,-4.946192972718105318e-01,-6.386202472200488423e-01,-5.051230337595900011e-01,-3.573377544185518673e-01,-4.182052058380791859e-01,-6.692839185753612918e-01,-5.049082511959473996e-01,-4.346328898358264303e-01,-3.566899312051777238e-01,-3.135980907912954696e-01,-3.493135656276578072e-01,-3.044113940630761572e-01,-4.052068389594037368e-01,-4.734120541274257077e-01,-3.694481325991098020e-01,-2.344273499210650369e-01,-4.940627336823252280e-01,-2.846053285753007978e-01,-2.257316114720250289e-01,-3.840911123736574506e-01,-3.953731453055431277e-01,-2.222384514929058030e-01,-3.013757504877529469e-01,-3.911616240171127412e-01,-2.520935111318012289e-01,-7.926207128381286549e-02,-7.799214840455985509e-02,-8.385296423675507593e-02,-1.382619804577886191e-01,-2.431695702826420502e-01,3.318334949347419988e-02,-1.957127368906437515e-01,4.643370056660790779e-02,-4.404017344472837409e-02,-3.778568069977564919e-02,-3.958446352362094550e-02,-9.268464092167179313e-02
-8.108347156495457897e-01,-7.768153917766821293e-01,-7.461459061834700979e-01,-7.620560675681249396e-01,-7.692271154234957553e-01,-8.112156208615991515e-01,-8.015262369827987898e-01,-7.954149587876006011e-01,-6.959950536229700946e-01,-7.262658029356868772e-01,-7.382463684371084467e-01,-7.732067798493770239e-01,-7.712834866927350541e-01,-7.915898017219924476e-01,-7.308091880359068870e-01,-7.723959920926610767e-01,-6.436051409961692782e-01,-6.782299440758396969e-01,-6.842466773576746375e-01,-7.798339453265081822e-01,-6.626113681220047180e-01,-6.326337324843467336e-01,-6.728278051603771015e-01,-6.646549149235256859e-01,-6.453449606448801168e-01,-7.824781432960741245e-01,-7.427234064024170745e-01,-5.591386998597832614e-01,-5.783080971851219942e-01,-5.486801592822655449e-01,-5.022661313736080935e-01,-4.587127154541528751e-01,-5.162082731871809882e-01,-5.739929561962592297e-01,-5.415882295276166492e-01,-4.371544080750865979e-01,-5.658481463984906812e-01,-5.330096173687256522e-01,-3.646879127041754987e-01,-4.476662265357200243e-01,-3.988493206797312784e-01,-3.824513764597043397e-01,-3.101097179559124117e-01,-3.195952278030279592e-01,-4.455746735881195297e-01,-2.654621146659696951e-01,-3.270974481214886653e-01,-2.402884193892967923e-01,-3.643607595804809751e-01,-4.118416312805555646e-01,-3.805872161054948966e-01,-3.053239987710306136e-01,-2.526047513899062347e-01,-2.046084944754378854e-01,-3.062429836886748080e-01,-1.749430499280614226e-01,-8.606693969957045220e-02,-1.976921082656656614e-01,-1.777349835581098492e-01,-2.449879798311879187e-01,3.625195950287418006e-02,-1.244253554840284853e-01,-2.182519225276859445e-02,-1.012784262724186202e-01,1.158913745575879395e-01,-4.198506802567722462e-02,1.284089970069169362e-01,1.126328026790477353e-02,-3.656459809085828988e-02,8.380443045227451565e-03
-5.940903900823855111e-01,-8.158372238464218773e-01,-8.174143058622448388e-01,-8.101311189942208557e-01,-7.290314925926631995e-01,-6.474551464264096667e-01,-7.964988865472139024e-01,-7.538937189978459630e-01,-6.994797649402165751e-01,-7.149168814271110728e-01,-7.690477439183850406e-01,-7.906908950823784421e-01,-7.082731913495377007e-01,-7.217756900397643838e-01,-7.248095391566741208e-01,-7.571926798298102002e-01,-7.592236974894042145e-01,-8.327068973284166287e-01,-6.590887000262195539e-01,-7.768181562903671011e-01,-6.591553578323363638e-01,-6.702601717360144873e-01,-6.793530375576991576e-01,-6.269878951284205693e-01,-6.224047370620091613e-01,-6.365833412470938146e-01,-5.372758981023287861e-01,-6.600796830482600352e-01,-6.423605334312754156e-01,-5.140528413721936474e-01,-5.290071547292706233e-01,-5.205613967363270644e-01,-4.223002676408996181e-01,-4.837046221809015445e-01,-5.766572576372620551e-01,-6.534993477100216053e-01,-5.673720121004568462e-01,-4.824409065574453703e-01,-3.957356033326669964e-01,-5.533602423884190769e-01,-4.397240099021110238e-01,-3.651917445125992812e-01,-3.566192056186919812e-01,-4.295589226528049309e-01,-4.372235407228896031e-01,-3.549520748073222709e-01,-4.488018983073622792e-01,-4.226394836243254627e-01,-3.149095816196519904e-01,-2.709239094910266821e-01,-2.965477306577507521e-01,-1.539818927023195450e-01,-2.133716904442410078e-01,-2.421570528589306326e-01,-3.364240865890119614e-01,-3.469544176839366445e-01,-1.868709107484675946e-01,-2.291512343849938516e-01,-1.808031508741874960e-01,-8.604641924206907211e-02,-2.472918363901498717e-01,-1.215850170140101855e-01,-7.388224439629115237e-02,-2.456026967806714256e-01,-6.576138888077338873e-02,1.947718451516431554e-02,-8.014215823843119646e-02,-2.034793797318700803e-01,-8.204441018298647137e-02,1.411840444639436525e-02
-7.823332914082903322e-01,-7.626180916906704077e-01,-7.833791257265824148e-01,-7.784267682049125225e-01,-7.729507494703969916e-01,-7.846970003684129447e-01,-7.578735648934660230e-01,-7.675568075442124050e-01,-7.061497023425852282e-01,-6.669958757135462379e-01,-7.757102411486633819e-01,-7.240418733336946300e-01,-7.794786611000875665e-01,-7.471527355079157218e-01,-7.418035727434670878e-01,-7.217781584404427964e-01,-6.856970001091312605e-01,-7.412966113359248377e-01,-7.074866398857883043e-01,-6.445052558448904900e-01,-6.651759590673498312e-01,-6.528956477936406211e-01,-7.040918478694515592e-01,-6.223648701195581001e-01,-5.992472204069652086e-01,-6.265931099442565433e-01,-6.227330348836424001e-01,-5.932675798361783936e-01,-7.548488144842104841e-01,-6.038781618694087916e-01,-5.996056978349039168e-01,-6.463105204882835242e-01,-7.350046706114704564e-01,-5.543189268243352563e-01,-5.915077019778564038e-01,-4.445072583572007852e-01,-5.987346529617187940e-01,-4.567873806073271536e-01,-5.330858314031454714e-01,-4.666634720981359119e-01,-3.978676591521724260e-01,-4.919441780328735470e-01,-5.492101302127508911e-01,-3.911151745503352872e-01,-4.019591433442586959e-01,-4.425100827101084988e-01,-2.716462197269727263e-01,-1.789253246044940904e-01,-2.787472578475612695e-01,-3.373096438215336113e-01,-1.230520033533340218e-01,-2.640618132927063377e-01,-2.468355741121093794e-01,-2.810752658675280125e-01,-3.607312082087972827e-01,-1.985365364990130943e-01,-2.870896967374906850e-01,-1.746120252405227724e-01,-2.600975938792379205e-01,-1.163832930497186030e-01,-2.162535303421869726e-01,1.776790057738305282e-04,-1.487903181204962566e-01,-3.008588810400981695e-01,-1.156629934345792671e-01,-3.835799934913042969e-02,-1.903008416314679596e-01,-1.042054296288905529e-01,-2.179566649275917478e-01,-1.958505387628855718e-02
-8.164380165520085386e-01,-7.815131257876868354e-01,-6.850413648289190860e-01,-7.777339650004754246e-01,-7.770293438936570762e-01,-8.165779703679205692e-01,-7.644062764491886819e-01,-7.732860987586416268e-01,-7.521752976907108978e-01,-7.327961227019357260e-01,-8.051624482832212548e-01,-7.888846233491988436e-01,-7.481749352603904724e-01,-7.870943456282902817e-01,-7.325555142312011325e-01,-7.384299017845727953e-01,-6.763845712406866273e-01,-7.560798225662029859e-01,-6.240613187564986175e-01,-7.672634737431611729e-01,-7.501667605906341407e-01,-7.430608706246331074e-01,-6.341743485131627889e-01,-6.735595562742134890e-01,-6.508778952880012181e-01,-5.516721272834858025e-01,-6.433774087680075304e-01,-7.117038655696720229e-01,-5.033768745410607259e-01,-5.944617794819968548e-01,-6.268998212550250804e-01,-6.800566399895660030e-01,-6.867171656807334879e-01,-5.543223505656691419e-01,-5.910156286067792530e-01,-4.781977247310976176e-01,-4.490295928999710195e-01,-5.154785773650116809e-01,-6.045259123147730396e-01,-5.211003520782496734e-01,-4.734769743060575076e-01,-3.689721247779706448e-01,-4.630754454514354745e-01,-5.034631730184402354e-01,-5.166673293381920384e-01,-4.755377429959432578e-01,-4.006778534268902736e-01,-4.332207769442348311e-01,-4.454418586134415436e-01,-1.922513181970273155e-01,-3.622738359721470180e-01,-1.937752261205885618e-01,-2.193085435104341341e-01,-3.076452603041273659e-01,-3.025268801226677629e-01,-1.557198907486526673e-01,-3.562869584688185265e-01,-2.004804663802955966e-01,-2.169599615134861770e-01,-1.007196291527291537e-01,-1.994142047759925873e-01,-1.486610708142903359e-01,-2.977067592615990632e-01,-1.344188116279375067e-01,-2.391062309588687096e-01,-1.951895258209463691e-01,-7.007156573543592282e-02,2.646177206428067599e-02,-8.081812314368928829e-02,-9.628098902952293703e-02
-7.344223209048287293e-01,-8.159828046453633243e-01,-7.129161197714439790e-01,-7.389994089644945641e-01,-8.262311096845935676e-01,-7.709727330702110804e-01,-7.620407997367762976e-01,-7.869895357298887228e-01,-7.535433664264132858e-01,-7.481321960726667886e-01,-8.038813097645896022e-01,-7.487557480533789667e-01,-7.975001759821512826e-01,-7.648429834933544447e-01,-8.113702657633969917e-01,-6.445832840163211452e-01,-6.813663144908779223e-01,-7.358056929309285676e-01,-7.353147178069676659e-01,-6.752747348672321070e-01,-7.317874646969527719e-01,-6.979192697956740910e-01,-6.831637088943072200e-01,-6.399968245484809470e-01,-7.618155387324797578e-01,-6.559586311738002662e-01,-6.969934557795433028e-01,-5.868391253310766276e-01,-6.495335056465859624e-01,-6.873120683927548269e-01,-5.493951845062936545e-01,-5.963177389743093970e-01,-5.717826731919032346e-01,-5.193621244409516446e-01,-3.909316392262024986e-01,-5.404374424405529176e-01,-5.758758103187686661e-01,-6.590013521549951125e-01,-5.222979743200530933e-01,-4.080479903590056301e-01,-5.271607263990321091e-01,-5.357817520994855309e-01,-3.192883260250047872e-01,-3.648501177644646876e-01,-2.991733924015079760e-01,-4.584343972582337057e-01,-4.287904553389284001e-01,-5.318261371009325167e-01,-4.206732118073970295e-01,-3.215433591119367662e-01,-2.779945080148118475e-01,-3.391312471204467882e-01,-3.262170949372505957e-01,-2.481001611517993921e-01,-3.558629844641242879e-01,-2.782095771980498955e-01,-2.634264235419187528e-01,-2.015707757959606106e-01,-2.388652156909217561e-01,-3.460926966994270493e-01,-2.424723582733634142e-01,-4.102876986269103632e-02,-2.075919350151266274e-01,-2.920572210644634126e-01,-4.252598282482833447e-02,-2.140369819260260972e-02,-1.771192870956292131e-01,-2.973263238239359230e-01,-1.542746906048260980e-01,-7.987603088231293169e-02
-7.297990557035372028e-01,-8.174998957187025184e-01,-6.941283159626191468e-01,-7.552080424624154631e-01,-7.782432672949617380e-01,-7.492512668484573313e-01,-7.769058105216952725e-01,-7.333813378922005022e-01,-7.400961658699178880e-01,-7.780649939367269008e-01,-7.712170935679564243e-01,-7.535389326013679501e-01,-8.260713289131346171e-01,-7.601163844887327548e-01,-7.798768892450557155e-01,-8.059837834808817325e-01,-6.792237995129137840e-01,-6.958697582520350089e-01,-7.542035524527475054e-01,-7.893989740428543067e-01,-6.836803341921086075e-01,-7.085541203754248674e-01,-5.915831120362067264e-01,-6.952739431959196192e-01,-6.296343877147645429e-01,-5.889070288746882653e-01,-6.884986536505641741e-01,-6.899937035090430992e-01,-7.382602506958541033e-01,-5.710682797275965505e-01,-6.290625819692829968e-01,-6.835616322529239897e-01,-5.864660757048150153e-01,-6.519038996068752256e-01,-6.090014409589125099e-01,-5.433372670824281325e-01,-5.148018023969875845e-01,-5.723085404981038682e-01,-5.613572641548493225e-01,-4.763309247295122728e-01,-5.216880005121576902e-01,-3.824054472204942434e-01,-5.548392977081747501e-01,-5.227009722117247348e-01,-4.542415009097148793e-01,-4.406010576706646531e-01,-5.622704297960547937e-01,-5.317965416727216121e-01,-5.020554836407191690e-01,-2.642702134554409943e-01,-3.174358520758329139e-01,-3.478093033073628715e-01,-1.506154856045601731e-01,-2.131660621996551430e-01,-3.204746727704515519e-01,-4.021894410668546693e-01,-3.236504549812116438e-01,-2.234557112496294851e-01,-2.604063723041848410e-01,-1.646306414428876652e-01,-6.833128826020738733e-02,-3.075400385654104007e-01,-3.001404541279120708e-01,-4.674609512153725388e-02,-1.552277482614624823e-02,-1.734313189571253244e-01,-2.267269836920930703e-01,-7.300304632499494961e-02,6.005376371391308102e-03,-2.535723064106842894e-01
-7.739616893530764097e-01,-8.140492051293535258e-01,-7.168237727421833405e-01,-7.748308128360500424e-01,-6.959366972909798443e-01,-8.043385136522656076e-01,-8.216467999933059208e-01,-7.391624298624194234e-01,-6.783546040656890375e-01,-7.593974971294982224e-01,-7.472428118824896437e-01,-7.505923541215148154e-01,-7.268547506574905004e-01,-7.484176451372318573e-01,-6.201728318268442397e-01,-6.991428156137307059e-01,-6.613255455258953974e-01,-7.290360071750974225e-01,-7.316427889458499978e-01,-7.325083088025176048e-01,-7.156886207046799786e-01,-6.693973633252102706e-01,-6.533242912579025896e-01,-7.225248525639395014e-01,-6.710935178404492385e-01,-5.930492521035986009e-01,-6.076750315285639470e-01,-6.183880210452229464e-01,-6.153882382469439971e-01,-4.983548508825096923e-01,-4.949149342693112130e-01,-5.884961469795019218e-01,-5.984075813342057959e-01,-6.004844695593605230e-01,-3.579105139082225384e-01,-4.208965942637024060e-01,-5.529366776045152587e-01,-5.257474691288173130e-01,-5.615093396336426901e-01,-6.101064996074515578e-01,-5.447839753187755374e-01,-4.182245385763453394e-01,-4.493746584584891735e-01,-4.316253196520704605e-01,-3.474543917802868642e-01,-4.764138527023148439e-01,-4.497773810701104491e-01,-4.367464936617281301e-01,-4.487606021856317406e-01,-4.394315538370663909e-01,-3.485441488254109044e-01,-3.559990138768560630e-01,-3.048018625637152756e-01,-2.928773769886985900e-01,-2.139042039904610892e-01,-1.095873031298489619e-01,-2.983422509105043696e-01,-2.029075110808376547e-01,-1.732340558735469827e-01,-3.868132996544492719e-01,-7.506619771058174739e-02,-2.362413794459964078e-01,-1.192806928155634855e-01,-2.386428637333606051e-01,-2.473580927413998876e-01,-4.093086224792667760e-02,-1.755590679137942686e-02,-2.729516518452054230e-01,-6.464558305158014939e-02,-2.350971642615740931e-01
-6.692054408131299370e-01,-7.904515591835820087e-01,-7.223120431360683380e-01,-6.907063037926515214e-01,-8.052402819201279760e-01,-6.924706896616765750e-01,-7.562372238676405845e-01,-7.919787982695557504e-01,-7.078848873460986679e-01,-7.758577223336434736e-01,-7.241103724120990792e-01,-7.655832121522457845e-01,-7.727227041537205743e-01,-7.077549006046754965e-01,-6.575770662530520116e-01,-6.506047923663823562e-01,-7.470479069192518251e-01,-8.106430967015195721e-01,-7.948339337070196020e-01,-6.937376082584235659e-01,-7.624419212538442459e-01,-6.794474983566132220e-01,-7.669003104520696334e-01,-6.930188902583779287e-01,-6.700166829622214992e-01,-6.605132513183797904e-01,-6.132081678782480560e-01,-4.759211723645357384e-01,-6.374215451077623884e-01,-5.652404483786708234e-01,-6.655860382952827337e-01,-5.339647946484077368e-01,-5.502095395919984755e-01,-5.515310637035587549e-01,-7.025190961005266521e-01,-5.950151503496216021e-01,-6.315041937154932672e-01,-6.093683087342409710e-01,-5.214357714561429491e-01,-5.570045014902794689e-01,-5.260459674229608362e-01,-5.532368745229062634e-01,-4.270051450098676371e-01,-4.169432507798888632e-01,-4.936408836851832183e-01,-4.199618474941759216e-01,-4.956525301285601981e-01,-4.763196696413120601e-01,-3.832632600953089774e-01,-3.912468746858491220e-01,-3.262433410864110095e-01,-2.772486934137957659e-01,-2.646354556275692937e-01,-3.936066755799758066e-01,-3.172309391112701493e-01,-1.986988840868262329e-01,-3.117531046732746058e-01,-3.280617931087763117e-01,-1.083407102351552631e-01,-3.532272114960087195e-01,-8.797073093878997330e-02,-2.724259947571773810e-01,-2.051702076990319090e-01,-1.189112820947972743e-01,-2.198326329850986971e-01,-1.083590897480981308e-01,-1.020119238258269945e-01,-1.946738209738282654e-01,-2.379191953878686261e-01,-3.007558930059974767e-01
-7.798448247562222990e-01,-7.811652180847016291e-01,-7.790168149741830694e-01,-8.056832314682874641e-01,-7.745384186057602260e-01,-6.541226004669085103e-01,-7.688953806885394648e-01,-7.627339783833978482e-01,-7.230730051584334239e-01,-7.774172689786266188e-01,-6.358115049630759241e-01,-7.783553376954500669e-01,-6.971530570169693908e-01,-7.484778376422550616e-01,-7.882996539132702818e-01,-7.122217738802325560e-01,-7.180465506010453858e-01,-7.047384424637529454e-01,-6.957551430381128110e-01,-7.109438096897696679e-01,-7.526251479637814379e-01,-6.497553541609625283e-01,-6.957348826615128434e-01,-7.098550710589315305e-01,-5.996201031511730895e-01,-7.149845222259167965e-01,-5.866776937007055492e-01,-7.121106382561472881e-01,-6.618908983566459403e-01,-6.439574891593505823e-01,-5.583340625825979897e-01,-6.244371501366685617e-01,-5.383184961026930004e-01,-5.469913118007906361e-01,-5.180663283789919138e-01,-5.410961123437540987e-01,-5.414555853905667071e-01,-4.685294041657815378e-01,-5.577250123954364813e-01,-5.957825083650118980e-01,-4.042599537254675246e-01,-4.683159317944297628e-01,-5.784881551262798238e-01,-5.149569797787082459e-01,-4.589385071448432440e-01,-6.155750752245739976e-01,-4.724429581679009948e-01,-4.394183792025143642e-01,-3.048634096995052611e-01,-3.248312781515669267e-01,-4.777044149560090713e-01,-2.062723580912208254e-01,-5.328191088523638319e-01,-3.576441104773012691e-01,-2.439254449616814202e-01,-4.393719230433931755e-01,-3.896479476564417288e-01,-1.949225678643495274e-01,-1.758430580061803028e-01,-2.527376559189623006e-01,-3.771462198040764213e-01,-2.705132857756364362e-01,-2.723578976603512336e-01,3.820776844093662361e-02,-3.104125632168041604e-01,-3.015198686888059809e-01,-1.730319671105602641e-01,-2.387994313360218002e-01,-1.085779423358094603e-01,-1.282567687203867990e-01
-7.677139707645086464e-01,-8.127095483238323537e-01,-7.511215145043631525e-01,-7.708395121628960345e-01,-8.124091409582349099e-01,-7.427853179681177531e-01,-7.790117071055792097e-01,-7.859237608220236426e-01,-7.880107992036042841e-01,-6.761693994432147470e-01,-6.255892618162897101e-01,-6.604378740709815343e-01,-7.484377447942933692e-01,-7.629140552788064022e-01,-6.996711601147368453e-01,-7.410516028841271918e-01,-6.545862040286380967e-01,-7.650207502946643201e-01,-7.046680599458988725e-01,-7.605665681641063935e-01,-7.478083544565912177e-01,-7.385498140600105232e-01,-7.781915369373162417e-01,-7.311305988983072268e-01,-6.581472716145614354e-01,-6.108964799435672166e-01,-6.303035683395965538e-01,-6.561732556836187280e-01,-6.698614117733128204e-01,-5.751871956289378307e-01,-6.494121999016526647e-01,-7.528827144039305086e-01,-5.801723834176829575e-01,-6.073537204711764170e-01,-5.706924535298844026e-01,-6.840027571649025528e-01,-5.646732015588491471e-01,-5.176249651590588696e-01,-5.326439086657172028e-01,-6.053304064707423215e-01,-4.171231920041435504e-01,-5.058828887274147146e-01,-4.033634692360013596e-01,-4.379314507865151862e-01,-3.591476213261660111e-01,-5.219338644913186220e-01,-3.905350465209039834e-01,-5.007639881078137511e-01,-4.491394197919711950e-01,-4.593082409509822717e-01,-3.000595675444800436e-01,-3.571167225557221325e-01,-2.166274486812321820e-01,-4.463204228386669636e-01,-3.558680618978414256e-01,-4.168536148908424943e-01,-2.161928255414473088e-01,-3.367418661501652144e-01,-3.159592954844813173e-01,-1.226435553110528792e-01,-2.669346523062348098e-01,-3.616690154753606223e-01,-2.967498487493555048e-01,-1.984749824992610157e-01,-1.933708532243999523e-01,-1.352953373700207240e-01,-9.909390527673019033e-02,3.733050113801497649e-02,-9.808046432323035135e-02,-1.322980285117633381e-01
