-4.620744803233970410e-01,-6.227608071684138658e-01,-6.116716737781383584e-01,-6.306260293364549518e-01,-6.000922256337885008e-01,-6.812595546177846462e-01,-5.800066845650858616e-01,-6.467984709709935220e-01,-5.521051305543108745e-01,-7.228366920041687793e-01,-5.835051296101254614e-01,-5.602965715555568993e-01,-6.011510757072974220e-01,-6.140160063864085194e-01,-5.679918664722417576e-01,-5.602167944219877960e-01,-5.934598524083266602e-01,-5.849588099044591427e-01,-6.071018103574535862e-01,-6.385560587027853119e-01,-6.151471152602151493e-01,-6.244951606616495621e-01,-5.655097405798877874e-01,-5.013767912314588404e-01,-5.912474538064140805e-01,-5.978708959533436396e-01,-5.955057482556298520e-01,-5.602168112014153101e-01,-5.574717188553548475e-01,-5.720045158580332467e-01,-5.018150730920151181e-01,-6.109469707991485032e-01,-5.332088256051539243e-01,-6.185485269297136268e-01,-5.464958778401405315e-01,-6.291388833745503728e-01,-6.700847472605606647e-01,-5.783643854649727079e-01,-5.168107787848575940e-01,-6.546009461750236236e-01,-5.706631759275037075e-01,-6.296163102243256260e-01,-6.045225041719889392e-01,-6.174998303475988104e-01,-6.005515467349434866e-01,-6.543595168570270904e-01,-5.532338465165460573e-01,-5.311765029102348823e-01,-6.499822030648115812e-01,-5.729359202095882786e-01,-5.728544938059093594e-01,-5.592018141584464974e-01,-5.408688299416584133e-01,-5.802843128463309741e-01,-6.638626694406070117e-01,-5.366494199621485439e-01,-5.289826877940130290e-01,-5.791005039524045328e-01,-4.744647998593566340e-01,-7.129824721832743739e-01,-6.077863982214707361e-01,-5.317685590127964046e-01,-5.364023037584101372e-01,-5.148222519477390069e-01,-6.365317315913279206e-01,-4.814267043734574703e-01,-4.980169993229262015e-01,-4.878497502065073377e-01,-5.794556088564594143e-01,-6.006315956007012291e-01,-4.644990914717880837e-01,-5.227320501392405117e-01,-6.123351802569959590e-01,-6.554872009448574621e-01,-5.861904588007843531e-01,-6.563554694892789199e-01,-5.982530601922133595e-01,-5.059705022402218866e-01,-4.166143624996686001e-01,-5.668716823940294081e-01
-2.515575082767927406e-01,-3.668526990860829784e-01,-5.191248102028033218e-01,-6.233921721411903594e-01,-6.878163433437959329e-01,-6.486269424951609519e-01,-7.498272171618418636e-01,-5.756595086736695510e-01,-5.553808570335421191e-01,-6.529567559089767270e-01,-4.939669798155429392e-01,-5.519613095050546203e-01,-5.608336476783847280e-01,-5.465854761874973100e-01,-5.432664243013732852e-01,-6.464634245205249652e-01,-6.143909140836335547e-01,-6.661001429238883054e-01,-5.977912523391896160e-01,-5.548223355459120931e-01,-5.581528504824941894e-01,-6.067402707731052169e-01,-5.242861403111845897e-01,-5.462257275064388296e-01,-5.852852901927996232e-01,-5.740007082768621149e-01,-5.756344265890530609e-01,-5.891019515215526470e-01,-5.261403801355364340e-01,-6.361388277465819252e-01,-5.355745373486447969e-01,-5.670073389652331430e-01,-5.651131909099595951e-01,-6.377450190976359234e-01,-5.637506160030290037e-01,-6.236885287113831389e-01,-6.540822203358214182e-01,-5.041738153066046557e-01,-5.234862568931332172e-01,-3.946395301967314251e-01,-5.740120250460071238e-01,-5.471526073010839486e-01,-4.813794868766723689e-01,-5.345444815767589342e-01,-6.084237334203422831e-01,-5.363512547793480856e-01,-5.899210158404917248e-01,-4.956180415148733753e-01,-5.788651002338168761e-01,-6.550885224984346333e-01,-5.941173352671232921e-01,-5.894929180974497473e-01,-5.100850129571166125e-01,-5.781538260115627326e-01,-6.103337975967935147e-01,-6.693652614319045568e-01,-6.094103242242357998e-01,-6.012899263692085272e-01,-6.825052149502980336e-01,-4.973065729195000340e-01,-5.995585034256094570e-01,-6.326369703474405970e-01,-6.122359625551783147e-01,-5.521653102543648828e-01,-5.414084617780122732e-01,-5.903037689254145848e-01,-6.313676813772347574e-01,-4.643072016220904374e-01,-6.071680035325798253e-01,-5.486011353088796616e-01,-5.096474182104736572e-01,-5.613712087863707012e-01,-5.683496887414876131e-01,-5.404899266632772203e-01,-4.705647291927380071e-01,-5.741299549503217081e-01,-5.367207877591161358e-01,-7.188660398435928744e-01,-5.367481415198039896e-01,-5.624597463688857379e-01
-1.952579101883703538e-01,-2.469940946661801084e-01,-5.063630962796642487e-01,-6.105318787026021710e-01,-5.844523534548839994e-01,-6.131348924865028804e-01,-7.222768763520345248e-01,-6.344832545159657666e-01,-5.832823741416862662e-01,-5.708728075019576798e-01,-6.567894022684749311e-01,-6.525203559988176361e-01,-6.154957407183190288e-01,-6.282208260250222720e-01,-3.777103182562541184e-01,-5.668240532215006455e-01,-5.987670929017432364e-01,-6.026226686402120780e-01,-5.489818611708729978e-01,-4.848073028493891656e-01,-5.809408294152065277e-01,-6.282131121548037989e-01,-6.219373990233845184e-01,-6.392530614584547299e-01,-4.827056934498969443e-01,-5.095476344994062101e-01,-7.122817274361105122e-01,-5.912717434402271488e-01,-4.756554616285287307e-01,-5.827009426024518657e-01,-5.287025710980434168e-01,-6.188354571501457624e-01,-6.004525016139589111e-01,-6.118473608701688882e-01,-5.793286810171403012e-01,-6.034818611094668883e-01,-4.284050348011474441e-01,-5.315285937407326911e-01,-6.656868767979625678e-01,-5.497289439279023915e-01,-5.392908478503321001e-01,-4.916742488252091037e-01,-5.344264979785325886e-01,-5.782453523438235710e-01,-5.060049718916675987e-01,-5.727283491631189882e-01,-5.729918702336431746e-01,-6.660403162194278304e-01,-5.558533447705944486e-01,-6.418930963561458869e-01,-5.603484190635110718e-01,-5.814283673304395661e-01,-5.337598343554353919e-01,-6.213083440981476135e-01,-5.452075153830844290e-01,-5.656081873482998734e-01,-6.524178060610263952e-01,-5.788376697566250950e-01,-5.148840571959211188e-01,-6.219651748612575748e-01,-5.913527586641154077e-01,-5.480563405342447902e-01,-4.994947941264553659e-01,-5.250092801254149233e-01,-4.579299413260065066e-01,-5.699850388812660595e-01,-4.906645895706377991e-01,-5.778826304810338321e-01,-6.676378385552388384e-01,-5.291585048287388293e-01,-6.912956026883984029e-01,-6.472780247764353678e-01,-5.483533152037817215e-01,-5.310438706618694216e-01,-5.885304704287193100e-01,-6.308853498354506373e-01,-5.828239715837627566e-01,-5.993341240016261118e-01,-5.193323873476829444e-01,-6.439017336969538041e-01
-4.323583851772348080e-02,-3.026586156971821651e-01,-3.456281407172700493e-01,-4.387913100263079458e-01,-5.187623556078995168e-01,-7.201295348008057706e-01,-5.937176926770708629e-01,-6.612593177542359646e-01,-6.322202443048381415e-01,-5.817558913361661199e-01,-6.726821626879334604e-01,-6.137670066617856302e-01,-5.608012282831207340e-01,-5.597251014449826645e-01,-4.948543006234457642e-01,-5.906550321046292185e-01,-5.639267836102782594e-01,-6.643377455863747061e-01,-5.754902771795140648e-01,-6.590946438726047463e-01,-6.460304458338960165e-01,-6.178748257571040625e-01,-6.782453940961021832e-01,-6.893284032533418815e-01,-5.511994717135556554e-01,-5.714946048993336802e-01,-5.787984208267985542e-01,-5.886872279411944353e-01,-6.641481720895281438e-01,-7.091491071006041924e-01,-5.654684440594406336e-01,-5.855611167503607106e-01,-5.606129720566722652e-01,-5.288703165730520572e-01,-5.916698779044274881e-01,-6.043584668775731084e-01,-5.524129720491132156e-01,-5.120442252849126685e-01,-5.857832632928182681e-01,-5.824473471876849828e-01,-5.523565680857055460e-01,-4.761892055133410406e-01,-5.499625500468432460e-01,-5.774554519481763792e-01,-5.184380467971901885e-01,-5.646852113853626509e-01,-5.736797203687289404e-01,-5.702569961391731335e-01,-5.386126310374397264e-01,-4.166989239130737821e-01,-5.546521041988893286e-01,-6.664876806418039701e-01,-6.628126074767758391e-01,-5.226772163807531513e-01,-6.449049795793839746e-01,-6.552507656693887794e-01,-6.648331639584044161e-01,-5.474988683878121432e-01,-4.624904395086476550e-01,-5.912987720122403479e-01,-5.571380733697154364e-01,-5.745525132610765917e-01,-5.360606119196991148e-01,-6.154681276621413177e-01,-6.173557995177295643e-01,-5.807752608872202016e-01,-6.814526131563082290e-01,-6.991480173247076602e-01,-5.055170246414395496e-01,-5.401513162405789936e-01,-5.790407148163304596e-01,-6.297839085854639585e-01,-5.741249056716825061e-01,-6.115645554957623853e-01,-5.603645402430180722e-01,-5.080112352717454094e-01,-4.229229515607783041e-01,-6.116935123825545384e-01,-5.572885582501712065e-01,-4.398687786569675517e-01
-1.977028476440151339e-01,-1.764372010735964780e-01,-2.492396653252839100e-01,-3.472465310815283646e-01,-4.232424146741365356e-01,-5.507678594960083718e-01,-5.904998317603665781e-01,-5.439345739992202944e-01,-5.864563760556966709e-01,-5.572587429940755177e-01,-5.666586589189392953e-01,-7.253984950360010675e-01,-5.930967859063666081e-01,-4.193924832841320893e-01,-4.832689869377743697e-01,-5.408507015582123545e-01,-5.962949279729581331e-01,-6.302788650538831972e-01,-6.870254162501389095e-01,-5.582810120861397829e-01,-7.073347833508051297e-01,-5.619112835508220938e-01,-6.018163744973615836e-01,-5.385657203635657586e-01,-4.574526507141522536e-01,-5.325004179069868782e-01,-5.298545125090422525e-01,-5.377628721429856817e-01,-5.663797172233437927e-01,-6.269820603331447417e-01,-6.231791996396371935e-01,-6.977350211271773350e-01,-6.784798813134986784e-01,-5.603452740639912610e-01,-6.243536747035218770e-01,-5.179946447700175538e-01,-4.845557334873583089e-01,-4.825944469776664025e-01,-5.162684927651739475e-01,-5.215205191151613962e-01,-5.548756275775004188e-01,-6.331487059334055534e-01,-6.557425529861949931e-01,-6.427748907321301219e-01,-6.558022350502704656e-01,-6.405340680954186849e-01,-6.206473412194121186e-01,-5.417155359072448606e-01,-6.596690510233248483e-01,-5.692627946935497896e-01,-6.545780082687157053e-01,-5.314221046269574922e-01,-6.733732061241698430e-01,-5.387575536510305074e-01,-6.266510233278879127e-01,-6.287485587445483803e-01,-6.051104122850122780e-01,-5.017487611840418804e-01,-5.711436248819368178e-01,-4.722101831143052375e-01,-5.180553733063845145e-01,-6.933921963917597520e-01,-6.090637488406682731e-01,-6.009715381292998204e-01,-5.636809747212870869e-01,-6.115973391151673377e-01,-6.255404873004374311e-01,-5.188553454574407198e-01,-5.522181884435943822e-01,-5.773561038667147649e-01,-5.548459352424135460e-01,-5.056420039026476854e-01,-5.746613599260252947e-01,-5.302949814976550824e-01,-5.079035934333193669e-01,-6.465581773504102125e-01,-6.081817518718681814e-01,-5.831535613986665867e-01,-6.169201889604652989e-01,-5.893339238500506783e-01
-7.597456147855355391e-02,-3.182577563928249559e-02,-1.446844314865016468e-01,-2.200466584074278475e-01,-4.662609504181864373e-01,-4.233439704370851042e-01,-3.870375533459408657e-01,-5.198817284248115067e-01,-5.975832836602209541e-01,-6.085052856415820166e-01,-5.462455512536388280e-01,-6.495462271375276320e-01,-6.996505361755044339e-01,-5.777199463708763139e-01,-6.682631178722453491e-01,-6.774104778704231888e-01,-6.607053249137931905e-01,-6.109734068446213140e-01,-6.064067570476633362e-01,-6.008839393063378775e-01,-6.209279874588710113e-01,-4.861646494375426730e-01,-5.339627075581130367e-01,-5.700863447709457743e-01,-4.859920225678487915e-01,-5.560737457133485551e-01,-4.989687947775228172e-01,-5.833707710651269140e-01,-5.540693144365028688e-01,-5.949440112762253152e-01,-5.289345816018801161e-01,-6.596259208180565992e-01,-5.314367729714849498e-01,-5.358776784949917937e-01,-5.594057687189385453e-01,-6.512132043824104821e-01,-5.813301458868143090e-01,-5.315999599560131683e-01,-6.020070332724400952e-01,-6.019057493047127450e-01,-5.211028873621358359e-01,-6.363598964879428888e-01,-5.418565156986242526e-01,-5.772282977143083915e-01,-5.637415060887273066e-01,-6.142905221126874205e-01,-6.341919582219663898e-01,-4.699621601526401959e-01,-5.360249141109391102e-01,-5.007609362079395998e-01,-7.048407270900107768e-01,-5.596038770688369635e-01,-5.929738075992276869e-01,-5.864848037962158145e-01,-4.356910861474868057e-01,-5.372436290727796715e-01,-5.885892350028805176e-01,-6.341502927654983912e-01,-5.945734995197775596e-01,-4.718157041423147180e-01,-5.685398074519401046e-01,-5.644387653314761888e-01,-5.644835214632083487e-01,-6.084422253523524837e-01,-6.187041273569543476e-01,-6.121650368629881767e-01,-5.487041767237701428e-01,-6.475192623423940974e-01,-5.749300611073746570e-01,-5.776958828260383427e-01,-4.670876179659991800e-01,-6.596694185870008997e-01,-4.588426517613095612e-01,-6.005943009460013027e-01,-6.837797348751989412e-01,-6.070005665376274617e-01,-6.280437461712600200e-01,-6.608988688444903392e-01,-5.377098554723719337e-01,-7.246709587468512792e-01
8.249969744152824136e-02,-5.972389517012340054e-02,-2.061351030257133898e-01,-3.687882691949715963e-01,-2.753298357000584229e-01,-3.556670153279616331e-01,-3.450484694452550238e-01,-5.431154108386346824e-01,-5.448924449427288152e-01,-6.299165766861982707e-01,-6.768207838650575070e-01,-6.891868420331407341e-01,-6.352865824705345998e-01,-5.894923220822615439e-01,-5.929223638680596320e-01,-5.530699229778530679e-01,-5.766293481252821040e-01,-6.289705644426465403e-01,-5.514480849658999206e-01,-7.447299347012112936e-01,-6.608631046640741635e-01,-6.131571298977872564e-01,-6.160988340563749999e-01,-6.105460970912433005e-01,-6.224634800585636674e-01,-3.902491097474281023e-01,-6.170081101361082343e-01,-6.607285812758367793e-01,-5.566168192805616144e-01,-6.430834307147699214e-01,-5.965534241409095051e-01,-5.165972465100681088e-01,-4.820537554379974443e-01,-4.862494307123545467e-01,-6.999210773454189738e-01,-4.914008074887170063e-01,-6.059931740259730804e-01,-6.241866662791820675e-01,-5.325175716019352468e-01,-7.094897028325582999e-01,-6.175624330289370967e-01,-6.197554885301044258e-01,-5.841251758836223384e-01,-6.511125043658203548e-01,-5.262965978296453295e-01,-5.376883392308400289e-01,-4.740781938810815777e-01,-4.811273495917375853e-01,-5.577640090923687843e-01,-5.305379392755560364e-01,-5.503006929273975834e-01,-6.201943746378454358e-01,-4.925011159831598206e-01,-6.464216092459182939e-01,-6.530764255554283304e-01,-5.773027786762783276e-01,-5.592676372466864887e-01,-5.466781312234728629e-01,-5.125067341033282542e-01,-6.784710561781973626e-01,-6.282542409388393034e-01,-5.546152781953923583e-01,-5.846739492770329782e-01,-6.044360234754969641e-01,-5.145991688163576994e-01,-4.439183538666632289e-01,-6.156863937705019385e-01,-5.087147576335743215e-01,-5.607933611910314031e-01,-6.506825974732854956e-01,-6.131822133218263193e-01,-6.086730238531754544e-01,-6.507687837506028750e-01,-5.844809625362835659e-01,-5.976527473976281923e-01,-6.888189565376144907e-01,-6.322562146507071379e-01,-6.470954531062618198e-01,-5.649756618275459941e-01,-4.717161599451144549e-01
-4.205872943864508856e-02,-1.343498813616659793e-01,-1.503006820842280322e-01,-3.024952881945742744e-01,-2.472287474247708838e-01,-3.160268519414081712e-01,-3.828582271710088691e-01,-2.755105583134814240e-01,-4.310877451696819573e-01,-5.359716335013253730e-01,-6.370644794806921141e-01,-5.741077469140933864e-01,-6.712512099242435859e-01,-5.717352908177467663e-01,-6.304506186768551457e-01,-7.458693934091935596e-01,-5.606164002035503025e-01,-6.683297550395558284e-01,-5.559952507874548200e-01,-6.061894399692646651e-01,-7.114382703857116130e-01,-5.870462784507589626e-01,-6.358690950375580631e-01,-6.270065391599176641e-01,-6.127100693671096998e-01,-6.386561939137613830e-01,-5.708510461280048576e-01,-6.486745047481606852e-01,-4.617726641820484867e-01,-7.221699720471861372e-01,-4.847030574227096933e-01,-5.481836935590501669e-01,-5.697322363220842512e-01,-6.133215931487725481e-01,-4.859955952784671962e-01,-6.791165033838890697e-01,-5.599564814384904166e-01,-6.153815370592823353e-01,-6.123014583725481241e-01,-5.270242090887816699e-01,-5.513777913262772890e-01,-5.549934397644571415e-01,-4.860580672578097006e-01,-5.958905010056502194e-01,-6.138936152848614158e-01,-6.608251232523918439e-01,-5.331251485693361269e-01,-6.534314870074849901e-01,-4.629353817817765115e-01,-7.544572198502382809e-01,-6.749286484715235623e-01,-5.520497229357107516e-01,-5.735451932055269930e-01,-5.645583984070813299e-01,-5.883543052876488710e-01,-5.427387777641249356e-01,-5.965765476204107909e-01,-6.235089559232498413e-01,-5.102206857822300101e-01,-6.785117520814646364e-01,-6.022014086601641392e-01,-6.386005136951046213e-01,-5.633162133533653471e-01,-6.397933217884442803e-01,-4.953253958685331915e-01,-5.953417646635552618e-01,-5.496017980135721182e-01,-5.914945371040786215e-01,-5.055610262741512262e-01,-5.147410171172760451e-01,-6.217647409840344475e-01,-6.520416707057000716e-01,-5.966581531501904401e-01,-6.257417959324016454e-01,-6.678217984884149416e-01,-5.875857982265534352e-01,-6.578104014813828115e-01,-5.635736418450358887e-01,-5.365771517258643986e-01,-5.265808540086831524e-01
-1.095338780105818977e-01,-6.734964637296919632e-02,-1.582397216076848467e-01,-1.558035593840866873e-01,-2.592094275562662475e-01,-3.943988716941335126e-01,-3.556409793797081220e-01,-3.514331074549179035e-01,-2.220365186571925387e-01,-4.435239733293088737e-01,-5.566396596607866565e-01,-5.489782753680128025e-01,-5.132460096121548299e-01,-5.784261872627042278e-01,-4.836889934255682588e-01,-5.052978305370898759e-01,-7.044084931626126700e-01,-6.032340950681315261e-01,-6.380914408545875771e-01,-6.477273443433045896e-01,-5.731341069552339240e-01,-5.615319362748092402e-01,-5.776150730360397612e-01,-5.224960777870946149e-01,-6.365441465717428526e-01,-5.450277895542281481e-01,-5.446144871553200151e-01,-6.471191089456957979e-01,-7.097384769321544162e-01,-6.281831396221547736e-01,-6.830088184785352290e-01,-6.578582263130113850e-01,-5.434179825357138283e-01,-5.824459016768366304e-01,-5.924353630288773376e-01,-5.496561808965035878e-01,-5.058345805635483527e-01,-6.364506584207471063e-01,-5.823161581513071061e-01,-6.583916316328640717e-01,-5.665475158136693556e-01,-6.112929755034877122e-01,-5.790628922999907502e-01,-4.914842050926513939e-01,-6.408341815049806156e-01,-5.812316852475276630e-01,-4.353054070922514618e-01,-5.563179398257086516e-01,-5.547269115908696202e-01,-4.559985986905352173e-01,-5.784486861178568251e-01,-5.926440396444454528e-01,-6.005693803633757044e-01,-6.188862665099973404e-01,-5.821323311433259651e-01,-6.291781372758625812e-01,-5.479970475274037467e-01,-5.463550707288857833e-01,-5.743298165177688208e-01,-5.510278408918687365e-01,-6.463937842586913174e-01,-5.595026203275099697e-01,-5.405966837720209694e-01,-7.381076396251964322e-01,-6.816730740007642675e-01,-4.787399613764949935e-01,-5.055279475753186036e-01,-6.346522781109207312e-01,-6.449584279226662220e-01,-5.913624761504101546e-01,-5.419748130388233331e-01,-6.461792942002465567e-01,-5.625704955764925241e-01,-5.054393424546340663e-01,-5.924072777926633337e-01,-5.744025961834764438e-01,-5.945817857288333563e-01,-5.003079204005228542e-01,-5.372743022307644445e-01,-5.775514716330467646e-01
3.802860830270782949e-02,-4.184026437846408153e-02,-1.925044834133939065e-01,-1.800928226508108076e-01,-2.892162730929357384e-01,-2.851817431097485867e-01,-2.458034900437734149e-01,-2.991506561740713832e-01,-3.608368768951875083e-01,-3.921732540285827184e-01,-4.919259580246723162e-01,-4.060779141918660073e-01,-6.445346358705937861e-01,-6.515361187739416859e-01,-5.733330860745243784e-01,-7.052102596236426990e-01,-4.898114544570814077e-01,-5.660666226899792042e-01,-6.495765652056454398e-01,-6.021630074161048451e-01,-5.497371027955231249e-01,-5.058702055234950423e-01,-6.939343884565095655e-01,-6.521090002857502510e-01,-6.173320672111357599e-01,-6.157063626736847262e-01,-5.217828128371443386e-01,-5.697485969776141523e-01,-5.543766403238959972e-01,-6.347325865044459725e-01,-7.541985168145564078e-01,-6.385814028809686516e-01,-5.379101652776533404e-01,-5.531295651636692901e-01,-6.726640799404159932e-01,-6.078270803688673452e-01,-6.415078158169926770e-01,-4.837580870172411562e-01,-5.511622327245032649e-01,-6.917764146846361317e-01,-5.437371619200991324e-01,-6.167110595397009565e-01,-6.149446390585775468e-01,-6.370561962153854507e-01,-5.854909758929238706e-01,-5.759475285248324417e-01,-6.616161908356463783e-01,-7.013535107681067027e-01,-5.663946455814102832e-01,-6.659719839464537383e-01,-6.494127482207704416e-01,-5.473776300297067410e-01,-5.071117643161823230e-01,-5.838844067576320906e-01,-6.646420922119418151e-01,-5.757524357862073838e-01,-6.388430312583524007e-01,-4.009413968779284021e-01,-5.480153935607279259e-01,-5.213028236634745793e-01,-5.786882298863695873e-01,-5.356033234139270238e-01,-6.246358351945097143e-01,-4.725651635215272761e-01,-6.860672009838709728e-01,-6.003088230638904399e-01,-5.726042648361736598e-01,-6.102039233001357310e-01,-5.805213677103311376e-01,-6.295148046677573328e-01,-6.268429560701019865e-01,-5.679674011469136863e-01,-4.876571026997563729e-01,-5.537550688636350138e-01,-5.886703703403421972e-01,-6.550199761016625155e-01,-5.846364835389330494e-01,-5.342150148090518691e-01,-4.795589649437120294e-01,-6.988323483219169852e-01
-5.428502741847145152e-02,-1.389659726632590242e-01,-2.114417723660069193e-01,-1.633468829023570212e-01,-2.652866725590669050e-01,-2.274940721265924226e-01,-2.932306861405150622e-01,-2.094091473947137516e-01,-2.272179243583041519e-01,-2.701832289572404511e-01,-3.462178228070037500e-01,-3.637699257886697901e-01,-5.401654215782618618e-01,-6.044094155414275749e-01,-5.177438904829719801e-01,-6.632665639116123169e-01,-6.429107118666853582e-01,-6.258781516141014301e-01,-6.232984486131611934e-01,-6.063534331819792067e-01,-5.511145003854177604e-01,-6.963369546391611209e-01,-5.525323205874148602e-01,-7.119875091291574254e-01,-6.715388600501067673e-01,-6.454320501128878451e-01,-5.097474472799503609e-01,-6.439967691914750825e-01,-5.359199894722179724e-01,-5.486519126884779052e-01,-6.257058594799665974e-01,-6.215272278412242724e-01,-5.414417071942403403e-01,-7.058299756567955052e-01,-5.443403499788923572e-01,-6.156766069237943340e-01,-5.888416775288048965e-01,-4.909573448078700664e-01,-6.903219337963643065e-01,-5.755244742108110989e-01,-4.982007987740917909e-01,-5.914026947628238107e-01,-6.601052865794688751e-01,-5.673793393634883886e-01,-6.188219137109260970e-01,-5.150233492715059480e-01,-5.889765078894411143e-01,-5.794000962720949888e-01,-5.901746362281418135e-01,-5.715786647123979325e-01,-4.993284680783811047e-01,-4.063630154384865745e-01,-5.978972095282478749e-01,-5.556788753019471505e-01,-5.306673162337386396e-01,-6.037856543188896419e-01,-7.088282436953576848e-01,-6.214303438077696251e-01,-5.542976024930028611e-01,-6.540823492313011522e-01,-6.023340474517836496e-01,-5.673809345526126258e-01,-4.788822417973019330e-01,-6.207624873358049689e-01,-5.356461578441160665e-01,-6.143777681001998392e-01,-6.104385644967543767e-01,-6.460536935241485423e-01,-4.523692381103738280e-01,-5.121212928181778645e-01,-5.634874722907047273e-01,-5.193599503901744630e-01,-4.906107990941361296e-01,-4.839483576635095763e-01,-5.310103881454028008e-01,-7.059229265906469264e-01,-5.744092336926824860e-01,-6.177844234745049068e-01,-5.819344657615020955e-01,-5.640489899611470515e-01
1.011475940213755614e-01,-1.874279552424705786e-01,-1.704846198865395679e-01,-1.235636880131433940e-01,-2.424293801581034191e-01,-2.174548837599135642e-01,-2.673324074036768083e-01,-2.294734251160629179e-01,-3.712932168975404124e-01,-4.320191779783107422e-01,-3.776662642451054652e-01,-4.564541630303705078e-01,-4.313222451795441503e-01,-5.936202596238345786e-01,-5.103106166370376950e-01,-5.942647637945345229e-01,-6.307652829043132181e-01,-5.772204978402795117e-01,-5.426382963499262191e-01,-5.201690676223951204e-01,-5.913435416726238181e-01,-6.401558045425302934e-01,-6.685650529883883086e-01,-6.758905785939604005e-01,-6.803361554189218952e-01,-6.818683830736723683e-01,-6.255244693123047650e-01,-5.716545347131832822e-01,-6.098328252548035344e-01,-7.301082498820100630e-01,-5.733886697443549840e-01,-7.224236586661658688e-01,-6.867172664974312557e-01,-5.952568779224961526e-01,-6.454465682666344906e-01,-6.920547763385086482e-01,-5.423980690376275504e-01,-5.609031077374512231e-01,-7.336992492443445979e-01,-6.508143103021045706e-01,-6.669643948332329986e-01,-5.251018544112695530e-01,-6.834667047367690706e-01,-6.240843966185484204e-01,-5.386981778613121330e-01,-6.742292856697533754e-01,-5.980329478304430291e-01,-5.500070381742735437e-01,-5.841290569904696861e-01,-6.218029192699980889e-01,-5.415606568378411589e-01,-5.751004931975846057e-01,-6.231438636263177955e-01,-5.344951255394270184e-01,-5.680307961132050609e-01,-6.079918959347492269e-01,-6.444803409725291532e-01,-6.491014076840572189e-01,-4.513762751901643777e-01,-5.955226612374635575e-01,-6.413121845830384027e-01,-6.899989428329422747e-01,-6.646613890149962733e-01,-5.372755273712804813e-01,-5.909367117652133405e-01,-6.181542427563595510e-01,-6.816485917463395161e-01,-6.747906901241036426e-01,-5.584224435040201495e-01,-6.446404682363280347e-01,-5.721285832303274477e-01,-5.793151255585582415e-01,-6.142988847807835384e-01,-6.756177574815644959e-01,-5.612014643020508675e-01,-5.477043449593862467e-01,-5.765619284392038413e-01,-5.996385705544695632e-01,-5.627304034688698220e-01,-5.726045152386668446e-01
-9.804052209997146661e-02,-5.545673566079344780e-02,-1.773118929748220829e-01,-9.849963459563564061e-02,-3.086903723453849335e-01,-1.391871202538186303e-01,-1.770719556760225744e-01,-3.333700507585816153e-01,-3.543283138945383381e-01,-3.273676596223971114e-01,-3.082925106825798456e-01,-4.030948644658402524e-01,-3.144899984953136163e-01,-5.321882796563134344e-01,-3.735963114415959407e-01,-5.395219221940413812e-01,-5.201701037118836579e-01,-4.974282634886302290e-01,-6.360234553051606898e-01,-5.328038254659248629e-01,-5.852568488637465149e-01,-5.883037966908848393e-01,-6.225615542798534907e-01,-6.477797712613486691e-01,-7.145263542721492778e-01,-6.570024038540951405e-01,-6.658988526901269411e-01,-6.164847360827957479e-01,-5.442565502158848156e-01,-6.283319509310684170e-01,-4.836030639392726038e-01,-5.586576977662461863e-01,-5.902031505133610301e-01,-5.432596571407523056e-01,-6.606548331260625462e-01,-5.753038679117816745e-01,-7.006883887007391287e-01,-5.616978273875739003e-01,-6.025050691035818140e-01,-6.493996059165539902e-01,-5.734332297757883667e-01,-6.059308254303491514e-01,-5.589553104907084569e-01,-5.987570548624797651e-01,-4.429718801138386453e-01,-6.210414319997412669e-01,-5.378663513904556881e-01,-6.185499717215360294e-01,-5.604498168509027822e-01,-6.524545401276324874e-01,-5.057266219447947853e-01,-5.526248000343877420e-01,-6.551368296360096100e-01,-5.713005420689218905e-01,-4.711575106768010057e-01,-5.805994197643913335e-01,-5.202831238172258566e-01,-5.573390133967179860e-01,-6.166756441057811289e-01,-5.163427758358173358e-01,-5.540244298987651028e-01,-5.062274866644201898e-01,-6.207186717202254345e-01,-4.342974737626422166e-01,-7.151809005900121585e-01,-5.869213746472468074e-01,-5.251822269341481775e-01,-5.383816717154213949e-01,-6.587662589099030352e-01,-6.290895721235870708e-01,-5.037366080163393489e-01,-5.852123072387959146e-01,-6.163204047394800211e-01,-5.862430379863459162e-01,-6.494834391370082338e-01,-5.583970629949912556e-01,-5.062232609437128383e-01,-6.364933095371142491e-01,-5.382089241952263681e-01,-5.289059435291766365e-01
1.303833287906605055e-02,-1.157103471905350511e-01,-2.283598547829931436e-01,-5.335571072721776407e-03,-2.683721687492040542e-01,-2.144021483846689502e-01,-2.276286306539833382e-01,-3.141741359688501323e-01,-2.048061112667998174e-01,-3.426579425486725450e-01,-2.157034836129613220e-01,-3.925001601234442417e-01,-4.132454963976194273e-01,-3.457676351451739460e-01,-4.146616273546794296e-01,-4.022429263837147828e-01,-4.795078783132383782e-01,-4.284921664447980394e-01,-5.957944162997798054e-01,-6.511189996718586004e-01,-5.717772394127551561e-01,-6.553867261259032073e-01,-4.625337688969489713e-01,-6.517513685812663660e-01,-6.052785048632952636e-01,-5.321914955092552635e-01,-6.756929202051896732e-01,-6.901572251777595701e-01,-6.812367554640490486e-01,-6.566921060497150631e-01,-5.803980822314370736e-01,-6.629444198187771642e-01,-6.054276862740450849e-01,-5.196194072942322828e-01,-6.006797873864945236e-01,-5.737728986440868706e-01,-5.587669550694799314e-01,-5.891776417425854673e-01,-5.957748135137058698e-01,-6.789439282548112020e-01,-5.660324270587526740e-01,-6.120837853416760677e-01,-6.108746131553826064e-01,-5.856927504939118956e-01,-6.065212808606745831e-01,-5.885765522583257248e-01,-5.662487964040160415e-01,-5.669879298957595237e-01,-5.823795667686458843e-01,-5.552271463397561169e-01,-6.235557663847804966e-01,-5.601224339177147682e-01,-5.632404460013147318e-01,-6.045511088300320468e-01,-6.279314393787326365e-01,-6.905314124290153899e-01,-6.274408976115389835e-01,-6.588925952245995310e-01,-5.870342635371842421e-01,-5.700095211248715765e-01,-5.841620367582751605e-01,-5.770087313844941557e-01,-6.238903657634532474e-01,-5.480744073963282892e-01,-5.413279819525314007e-01,-5.731562312848788032e-01,-5.538653983191751395e-01,-4.587380411784335310e-01,-6.010145178398665911e-01,-5.605592273195110220e-01,-5.369916110075170224e-01,-7.227733080736137294e-01,-5.479638564667664857e-01,-5.626260020140604334e-01,-6.251348945288788261e-01,-5.504532940429486265e-01,-5.926993572230705443e-01,-6.140845809051570514e-01,-6.594966717881215468e-01,-4.808996891675846319e-01
-6.294484198170909733e-03,-1.196887622559011516e-01,-2.238215721891292642e-01,-1.693277487808532433e-02,-1.216389352344857955e-01,-2.649740150140673101e-01,-2.551089516114590783e-01,-1.127313319140850201e-01,-3.756612297312754145e-01,-3.477534073506716172e-01,-3.945069140308086753e-01,-4.047277163754479656e-01,-4.959277208862105102e-01,-4.171894823353151649e-01,-3.865617681333141098e-01,-4.529805641531303162e-01,-5.221738901339730843e-01,-4.369748572291749511e-01,-4.783450473181705687e-01,-5.719662340453753879e-01,-5.190592724278108028e-01,-5.797923125387021148e-01,-5.389121022713311282e-01,-6.501787704704742321e-01,-6.879138462571147139e-01,-6.733675944925395784e-01,-6.171500838953311030e-01,-7.446742470857264928e-01,-7.341175424787099724e-01,-6.576972660660845849e-01,-6.135385353320430557e-01,-6.996744831930308273e-01,-5.234091388780329757e-01,-5.940608640028276488e-01,-6.734126361202190658e-01,-6.130326465706283923e-01,-6.891438957285167533e-01,-7.120319017380946081e-01,-7.111755770438060731e-01,-5.504537104179757501e-01,-5.986631633809882391e-01,-5.847600203774984129e-01,-6.884063861224055669e-01,-5.490998833288057712e-01,-6.142191423584792975e-01,-5.362354610530573051e-01,-6.336189949482634587e-01,-5.673744830535317751e-01,-6.584431159477429629e-01,-5.474260403660815566e-01,-5.837149152315368461e-01,-6.206749100937751784e-01,-5.776181656642401796e-01,-6.384993120342232764e-01,-5.925316621629324043e-01,-5.053607216387440149e-01,-6.420137120036403244e-01,-5.796370597632167776e-01,-5.090491728560204709e-01,-4.960628382635210998e-01,-5.221330208063981182e-01,-5.234681893767538785e-01,-5.456132614847803985e-01,-6.170822482733137049e-01,-6.402839594069974494e-01,-5.377736170564687557e-01,-5.092914879502378200e-01,-5.696571606822026235e-01,-5.667391041868919954e-01,-4.973953851195127007e-01,-5.007875898591390706e-01,-6.447546532780583650e-01,-5.487479094237674992e-01,-4.411116438440153553e-01,-4.505637330921372641e-01,-5.663641075088534649e-01,-5.720516412577333343e-01,-5.075918393089808855e-01,-5.633261812856457107e-01,-4.970155293999848900e-01
1.049469168528063406e-01,-1.493785956745851407e-01,-7.871425894452516170e-02,-8.692524262534512269e-02,-1.289030005567715076e-01,-2.195515264379422626e-01,-3.459592578044946853e-02,-2.720136601905002727e-01,-3.666212684330348859e-01,-2.030060947957129658e-01,-3.604047727963620718e-01,-2.421114514397550710e-01,-3.453024606154579956e-01,-2.640226855560203201e-01,-3.336341415582297354e-01,-2.169504552294495847e-01,-4.402712873085876111e-01,-6.124765744989528748e-01,-4.955754337642431784e-01,-6.514608642422046181e-01,-4.916125388326527679e-01,-5.235409879995531757e-01,-5.115386899663907361e-01,-5.746802475197672067e-01,-6.051223625240990112e-01,-7.131544387655797124e-01,-6.618739320879339916e-01,-6.809694320748594931e-01,-7.134809290536696658e-01,-5.771320310528569308e-01,-7.145277266350650303e-01,-6.682724478750188268e-01,-7.515476400794554035e-01,-6.202516233686448111e-01,-6.834281350964066526e-01,-6.184447469075006198e-01,-6.531462228584455909e-01,-6.054014038891721849e-01,-6.033628145057655656e-01,-6.550880119733257789e-01,-5.918825530845068794e-01,-5.849354031886448979e-01,-6.460017049268300671e-01,-6.703551895679727979e-01,-6.275302140408443030e-01,-7.318327006437870264e-01,-5.966761464607034382e-01,-5.172162726646080122e-01,-5.793309461786797510e-01,-6.438757348806074532e-01,-5.041708852865877111e-01,-5.520689331477600659e-01,-4.133726637249235947e-01,-5.589559724743113911e-01,-6.214012570074721742e-01,-6.290844920231839499e-01,-6.362636333793880716e-01,-5.351752911299326732e-01,-6.831447700420582025e-01,-7.314924307708411400e-01,-5.286870442498213807e-01,-5.953933443214917132e-01,-6.397578484976798041e-01,-5.956210074781030928e-01,-6.057268088518567017e-01,-5.475641132427729874e-01,-6.302919378200179112e-01,-5.897849704914176483e-01,-5.752121981564337627e-01,-4.609906953754022707e-01,-6.458129568669231935e-01,-5.887276479505506588e-01,-5.933633530514673682e-01,-6.462681237845797622e-01,-5.635421307193120288e-01,-5.945025484364122592e-01,-6.368427033687785732e-01,-6.394278071500238969e-01,-5.661797209768514305e-01,-4.640518794559157501e-01
2.344387965505435600e-01,-1.522152879895922462e-01,-9.845198794508109794e-03,-1.873389133308131227e-01,-1.219939244871751233e-01,-3.221142017739710983e-01,-1.180034488655184732e-01,-2.430231265810396946e-01,-2.421757077995949081e-01,-2.590629215996993473e-01,-2.769400292646672646e-01,-3.801401964659241739e-01,-4.155836245620557201e-01,-3.529186086003631706e-01,-3.226113893443084413e-01,-3.548096785079286608e-01,-4.092664880200971855e-01,-4.234647036486571259e-01,-5.633860641140936432e-01,-5.468623374906635970e-01,-5.478208974429540357e-01,-5.395692672826831737e-01,-6.611204954317785321e-01,-5.976790586554439066e-01,-6.796881713387118440e-01,-6.536288927245356151e-01,-6.197767448089904763e-01,-5.301547467139475778e-01,-7.326603538948202043e-01,-6.588666509786357262e-01,-5.634373218477323197e-01,-6.889176943849124601e-01,-5.612757161347272650e-01,-6.278846669856715801e-01,-6.494761396724730851e-01,-6.141420415798152233e-01,-5.639945249641348246e-01,-5.151378887368894821e-01,-7.502701881230426917e-01,-6.732252053778433609e-01,-4.960887490741975880e-01,-6.630319367332723202e-01,-6.066043634566177234e-01,-6.056319860406863542e-01,-6.712389043827202695e-01,-5.987190294221811371e-01,-6.568736882352915751e-01,-5.807064574449719574e-01,-7.336784782132316218e-01,-6.328879421467493716e-01,-5.707840209929745390e-01,-6.508837138916184761e-01,-5.115303112990891021e-01,-5.971885908179199731e-01,-6.304036430619138764e-01,-5.808910106009257390e-01,-7.234882443597959734e-01,-5.294525477964087123e-01,-5.181574946318509012e-01,-6.673102944667963499e-01,-5.168226633403703030e-01,-5.755626990553152078e-01,-5.714882726972091431e-01,-5.237779191488451946e-01,-7.433751930561155463e-01,-6.586474297970185132e-01,-5.791243499753920831e-01,-5.023088356756282291e-01,-5.781399648072185204e-01,-4.736179070259690649e-01,-5.040993225445203896e-01,-6.040052872287475783e-01,-5.551652177652808273e-01,-6.548754738492250649e-01,-5.046098563246975699e-01,-5.996817270172002390e-01,-5.979597574738646504e-01,-6.727534296098054423e-01,-6.522615703724136127e-01,-5.545736202692622685e-01
-1.433210525044413264e-01,-5.336456231337096019e-03,-1.906203215111451077e-01,-6.071879402254347358e-02,-2.850625976770745362e-01,-2.678599832479114928e-01,-2.025159378177531222e-01,-2.708300116104595534e-01,-2.761365084608993770e-01,-3.210663054174955899e-02,-1.546993490412392203e-01,-2.007957312296049512e-01,-2.158332549785170751e-01,-2.536342197646450081e-01,-3.008402213254371405e-01,-4.538032395141263220e-01,-3.148051023916421109e-01,-2.369882292107031718e-01,-3.227419053094358059e-01,-3.824593624105990797e-01,-5.647543334648511548e-01,-4.979070807078877503e-01,-5.052225549957596318e-01,-6.046964473616328606e-01,-5.869260054375174951e-01,-5.414817719483124847e-01,-5.871018082559115170e-01,-6.573407361957315231e-01,-5.575626276178915486e-01,-4.881999671248660189e-01,-6.417573182628414363e-01,-5.751332743302773887e-01,-5.903462126848509905e-01,-5.632776565132026070e-01,-7.306054744319527838e-01,-6.066667512732646372e-01,-6.747292605053678560e-01,-6.543919248034651970e-01,-6.723220449962451495e-01,-6.777439351380762922e-01,-6.385090424849899637e-01,-5.797749095794237917e-01,-7.259535653216798723e-01,-6.688959916392381855e-01,-6.418535314162966410e-01,-5.588450999559358978e-01,-6.519817121517091918e-01,-6.662871257857383434e-01,-6.099916164222402015e-01,-6.195976592109497805e-01,-6.186444896575729047e-01,-6.518839786512645729e-01,-4.780977164084649900e-01,-6.641676764766890617e-01,-5.386595293348259705e-01,-6.228928026147516617e-01,-4.866485608947744845e-01,-5.499556145299304699e-01,-5.791245325525140597e-01,-5.738177215490768424e-01,-5.962061500642972245e-01,-5.856379690648668701e-01,-5.940158995369293482e-01,-5.407587134764724190e-01,-4.929800359987938085e-01,-6.048858085352617486e-01,-5.256783740356885115e-01,-4.550544771240480624e-01,-6.122448814053053079e-01,-5.914500320182399795e-01,-6.346744845896444831e-01,-6.244670205999857115e-01,-6.614664954269907637e-01,-5.396914391185604343e-01,-5.558177903674491604e-01,-6.226365772656449193e-01,-5.650088574369077632e-01,-7.136162112378107159e-01,-6.435075551490435641e-01,-4.802917342755576580e-01
-1.421513492297214742e-01,3.135447553739233867e-02,-2.071389498850607080e-01,-2.503113670949455027e-01,-2.001442512161460130e-01,-1.845478388899895461e-01,-1.624477265667441939e-01,-7.575820089185072992e-02,-1.840534235034913257e-01,-3.239430429057186811e-01,-1.988201242325016993e-01,-2.284730378531736605e-01,-2.821639909498485088e-01,-2.888589558513645628e-01,-2.743263251615013498e-01,-2.933698672695256859e-01,-3.644190533089182726e-01,-3.995227783506567487e-01,-5.305440016778812939e-01,-4.147504974026615110e-01,-3.369345630948784032e-01,-4.787872270652089868e-01,-5.041666476553253728e-01,-4.876259235680789339e-01,-5.588300134344653669e-01,-6.178105539075818831e-01,-6.403380974802215242e-01,-4.606211599298552506e-01,-6.373909514409316079e-01,-6.389684863988951413e-01,-6.287558271779636332e-01,-6.595866070641315249e-01,-6.438484093982607126e-01,-6.485702413576199810e-01,-6.832066842955326624e-01,-5.100960503475873153e-01,-5.403347205511409568e-01,-6.056885174858739340e-01,-5.428980424707697816e-01,-5.057369105133884268e-01,-5.815676727591237993e-01,-7.129816260086110358e-01,-6.124575789879120880e-01,-6.221521701949818128e-01,-7.068620170219138688e-01,-6.527410762807852596e-01,-6.224479852107857036e-01,-6.642086766580457269e-01,-5.809282935425503780e-01,-6.292257662906547422e-01,-6.004533045975786187e-01,-5.904295187057347905e-01,-5.302750221234681094e-01,-6.765598075582235360e-01,-6.580908758843565520e-01,-4.997873026649911621e-01,-5.987182343205130763e-01,-6.868440884099663579e-01,-5.120268867029112991e-01,-5.743813607919336928e-01,-5.864313892642315507e-01,-6.313807877473273100e-01,-7.021683034526984279e-01,-4.744840791415959047e-01,-4.820528570600052798e-01,-4.157074726289909372e-01,-6.810368394107418899e-01,-6.121585942848283279e-01,-6.096552547403238931e-01,-5.819638333729280077e-01,-5.157379153641357128e-01,-5.485881557798275576e-01,-6.836592684781266360e-01,-5.852433364342602973e-01,-6.104223933946032465e-01,-5.216830891223271927e-01,-6.488893846966407031e-01,-5.263609026117792578e-01,-6.173375399005441855e-01,-4.233412534331132404e-01
3.749049268581936684e-02,4.649788442330008570e-02,-2.482022118559427393e-01,-9.583609034317160102e-02,-7.437322406642193906e-02,-1.340222729017898073e-01,-2.560792098156343122e-01,-5.590015559243519117e-02,-9.666787761173421811e-02,-2.313953817040110272e-01,-3.609444025367974374e-01,-1.923156663181305459e-01,-3.300123656816508211e-01,-2.829313355746025382e-01,-2.754975976806907645e-01,-2.662947691885426682e-01,-3.765878351486610098e-01,-3.438208694112716013e-01,-3.549680682547730615e-01,-4.457927364474141840e-01,-3.326109810150921220e-01,-3.928603750503152359e-01,-4.045612568661516861e-01,-4.906182430842236375e-01,-6.063236538581002755e-01,-4.289249870853858448e-01,-6.228106813285891885e-01,-6.416486665536857981e-01,-6.016615843329110591e-01,-5.736998342637785742e-01,-5.264299471085576165e-01,-7.249527273055700327e-01,-5.265846943565313243e-01,-4.924301340044122122e-01,-5.716025243843513293e-01,-5.908706635543946595e-01,-6.642045077682845466e-01,-7.139988186241270629e-01,-6.216255340013382424e-01,-6.781606142779564861e-01,-7.240358249156632064e-01,-7.383851584463566597e-01,-6.463503303437273528e-01,-6.977784905253970882e-01,-5.873176354814100275e-01,-5.827310514193858593e-01,-7.579681309893990804e-01,-7.295473308110645982e-01,-6.006757742668769051e-01,-6.679174775904090922e-01,-6.713353151449106271e-01,-6.865180214456231278e-01,-5.524041083112435357e-01,-6.204218739385746195e-01,-6.024349330237441791e-01,-4.855112826826725181e-01,-6.650201137235776105e-01,-5.929460879549954821e-01,-5.581586450977639169e-01,-5.357025858964914455e-01,-5.077924868915989487e-01,-5.559536265486758611e-01,-6.688118143697093787e-01,-5.735246280907052574e-01,-6.173773418272341384e-01,-5.221020240508991161e-01,-5.630166542740442370e-01,-6.339063409502860846e-01,-5.694295504157851351e-01,-5.396194303040214857e-01,-7.133314258797752716e-01,-5.760375600319302958e-01,-6.260655367653249481e-01,-6.190196208625045049e-01,-6.700375534997270455e-01,-5.793079215208425392e-01,-5.748627795078725677e-01,-6.895999547799929186e-01,-6.742725418968723572e-01,-6.996651589237050661e-01
7.995477746028337163e-02,-2.515856147292477307e-01,-3.416156054413379412e-02,3.157442208982538107e-02,-2.443021699074070796e-01,-2.179251076066595350e-01,-1.830339694686187735e-01,-1.305266486537705606e-01,-1.422679423768448970e-01,-1.181787520839148037e-01,-2.149595791516013821e-01,-2.528792142808492516e-01,-3.723269217748640392e-01,-2.534158752412534188e-01,-1.834768274756572448e-01,-4.222895603456882085e-01,-4.128591807762764798e-01,-3.364351864864674746e-01,-3.591740026256184382e-01,-4.306668987592569553e-01,-3.845414443544875049e-01,-3.521320419789392142e-01,-4.054392351811672013e-01,-4.472124279780730904e-01,-5.993884871678606396e-01,-5.053856561872198672e-01,-5.644548062224803431e-01,-4.974961789840409709e-01,-5.919629605648194515e-01,-5.115349834580055211e-01,-5.218180113303799716e-01,-6.338931155571293496e-01,-6.533559841987198746e-01,-6.435862701759138549e-01,-6.213625085066735165e-01,-6.624614953398099138e-01,-6.931007812663365630e-01,-5.724613360732290213e-01,-6.519787374849177475e-01,-7.334435598670161482e-01,-6.948673697078844302e-01,-6.693372963404580211e-01,-6.143721989009528484e-01,-6.227124527460290437e-01,-6.204998880485951274e-01,-6.603091658195257008e-01,-7.057992503346639523e-01,-6.528068975180875144e-01,-5.714118618744369327e-01,-6.794167933910381096e-01,-6.217825437133535083e-01,-6.024854288758990650e-01,-6.328644826689853176e-01,-6.634384654314992025e-01,-5.211290198195609458e-01,-5.774242997675932410e-01,-5.409820502154726318e-01,-6.696384251561603440e-01,-6.713274081973549245e-01,-6.241146784036842865e-01,-5.713425181328674052e-01,-6.184591976010768155e-01,-6.161715798047898707e-01,-5.548069825902005592e-01,-5.535540565077599062e-01,-5.965793235020661056e-01,-6.932425905916974607e-01,-5.759909064770076803e-01,-5.367515863216254512e-01,-6.457832218133880975e-01,-7.015517507874602376e-01,-6.238238259266464247e-01,-6.597146579577896075e-01,-5.922898347617635562e-01,-6.277491005723658812e-01,-5.627638355203464782e-01,-5.330476640459710369e-01,-6.395337672678204077e-01,-6.468363554744844812e-01,-5.279445229414074792e-01
-1.525967630457808200e-01,-5.138753256902731797e-02,-9.493181999999466755e-03,-1.249717830703554605e-01,-7.906573623630412662e-02,-1.378489602381248458e-01,-9.232411512874387494e-02,-2.819499298896852718e-02,-2.659085050719179333e-01,-8.152038394927070553e-02,-2.693403169574489775e-01,-3.077897507380160658e-01,-1.854618745309163375e-01,-3.813088910806338716e-01,-3.227622490247388232e-01,-3.797538877051975792e-01,-1.432589662731276470e-01,-3.470012801787679124e-01,-3.396204909560875396e-01,-3.303997526702089349e-01,-4.749319360726796946e-01,-2.742724797570460504e-01,-3.283922404016663132e-01,-5.185393149422931058e-01,-3.388269882450979376e-01,-4.371817710606153984e-01,-5.777427155110025359e-01,-5.375487239000878992e-01,-5.037153872579022140e-01,-5.832412229099807055e-01,-5.420364564188133727e-01,-6.383081900241200923e-01,-5.538947535211282691e-01,-5.915342510278035482e-01,-5.817549256582066342e-01,-5.946366093812144316e-01,-6.183634621277221965e-01,-5.709475297263117977e-01,-6.245688040923991213e-01,-7.213994690230515205e-01,-5.614732106090605246e-01,-5.789030980681347804e-01,-6.359857656553711269e-01,-6.387995085842216314e-01,-6.899595718658394494e-01,-5.419840291120628928e-01,-7.025993850018454889e-01,-7.028938677505037758e-01,-7.252685276550278060e-01,-5.931734133582098334e-01,-6.678648207042099383e-01,-6.834707806580774259e-01,-7.048823145866023321e-01,-6.587406833464527489e-01,-6.820497695689379247e-01,-5.716508917201374995e-01,-5.441152602772080238e-01,-5.600327351069610549e-01,-6.513385813248575573e-01,-6.035975475994440620e-01,-5.791636821251859857e-01,-6.253449057334680150e-01,-5.041739404804626012e-01,-6.685659478482361973e-01,-6.325968754501853919e-01,-5.323347046755929624e-01,-6.573398960769721855e-01,-4.396443247541986787e-01,-5.224767993069406868e-01,-6.071152698524912017e-01,-5.839167258401027905e-01,-5.827120035596110581e-01,-7.248860779561735468e-01,-5.386260529432072008e-01,-5.270073184290193780e-01,-5.600095939681319912e-01,-6.500933256437217977e-01,-6.715837113264361280e-01,-5.361661536428834474e-01,-6.230837152828455627e-01
1.107509069277788083e-01,-1.752733866244104988e-01,7.808842703239791960e-02,-5.878777631638520268e-02,-9.198495818439698934e-02,-7.034426155788994772e-02,-1.793718810179637801e-01,3.521360261249237983e-02,-1.660179981022874285e-01,-1.035961982728864500e-01,-2.361149192194994251e-01,-9.448748179741883746e-02,-1.497483592004971442e-01,-2.788558877942548531e-01,-2.250601663694634658e-01,-2.972910905198430376e-01,-3.415800032657685947e-01,-3.359361813851212686e-01,-2.741315754606514776e-01,-3.631257396763108991e-01,-3.399540520081619777e-01,-3.806990595550070466e-01,-4.738909292297660003e-01,-3.937328309270627935e-01,-5.075501771578273535e-01,-4.769150937360985831e-01,-5.068354348302414047e-01,-5.371904195473883314e-01,-4.786994003329735903e-01,-5.222578564795357092e-01,-6.230984578205511770e-01,-5.833169859797247003e-01,-5.141231626232609653e-01,-5.843693097255258095e-01,-6.198471920454101669e-01,-6.265681061653347594e-01,-5.807045199498965804e-01,-6.369390454738809160e-01,-6.080776397836348268e-01,-6.620736955776784782e-01,-6.263405758893941799e-01,-6.621241646096857059e-01,-5.996816716769080013e-01,-7.619566588318062994e-01,-6.761104439654953557e-01,-5.971716657356443969e-01,-5.615005762549645230e-01,-6.574618949912244270e-01,-5.511501094101544096e-01,-5.987268582937476102e-01,-5.970550424931154732e-01,-6.639361645662658074e-01,-6.408385314498988850e-01,-5.143585876491132414e-01,-6.833183104197160240e-01,-5.610602030529153739e-01,-6.690191778942525813e-01,-6.591688560983871570e-01,-6.646694836785645988e-01,-6.521374030142200739e-01,-6.050825081514119574e-01,-7.002361291621123085e-01,-6.859423044833586891e-01,-6.699724444054396821e-01,-6.181326738547368027e-01,-4.842527911139988817e-01,-6.354817669550600900e-01,-5.184130107259117271e-01,-6.263851899581830418e-01,-4.852212100294333585e-01,-5.877538747280438569e-01,-6.398186991788362699e-01,-7.007192199122099785e-01,-6.864882238863396768e-01,-5.658914847330663855e-01,-6.440771014614414813e-01,-4.868148998514768011e-01,-5.616586095148765612e-01,-6.879723154240781069e-01,-7.123424141276912813e-01
-2.330910829828626296e-01,-8.993041052613429120e-02,-6.427570359414486179e-02,3.559197926622473945e-02,-4.121258483893706220e-02,-1.501001418558564615e-01,4.231674270920800923e-02,-7.546070422768123842e-02,5.117458301178158531e-02,-1.105579637012890359e-01,-2.515362711569077425e-01,-2.352510851360399002e-01,-3.750809438918674688e-01,-3.036061137252568098e-01,-3.406690421609683272e-01,-3.312864861179390386e-01,-2.756725077006356162e-01,-2.582368892583926656e-01,-3.657423549059045653e-01,-3.638572512237464585e-01,-3.171545257238955751e-01,-3.246045431853234464e-01,-2.931164596852781634e-01,-4.227270809677279306e-01,-4.455906314753829700e-01,-3.532539971439734861e-01,-3.919264332000576556e-01,-5.513569869695090775e-01,-6.326563114311249958e-01,-5.879155795447771338e-01,-5.761766979021784030e-01,-5.917301673652204386e-01,-5.843380751325170097e-01,-5.750104354604950174e-01,-5.592869230767278932e-01,-6.432446446625543768e-01,-6.169850913796750547e-01,-6.290168390395459719e-01,-5.784566893742687510e-01,-6.202144508073175189e-01,-6.498546453429998593e-01,-6.652682038867274716e-01,-7.034959401898382980e-01,-5.721817277088643294e-01,-7.317535894058815327e-01,-6.202908493937130396e-01,-6.363405082446058625e-01,-6.272686494052153172e-01,-6.332065826295063538e-01,-5.952587223334593336e-01,-6.793717983213732881e-01,-6.179012579846113740e-01,-6.343619405112772558e-01,-5.056342834662642671e-01,-6.727195099613684226e-01,-7.036478939338702832e-01,-6.338685470970233382e-01,-6.586215193716794536e-01,-5.483678768510510393e-01,-5.521694734223391299e-01,-6.208301697168123745e-01,-6.596003304897760655e-01,-6.180527296086411049e-01,-5.709471404727994859e-01,-7.529475799482371334e-01,-6.477611232590814172e-01,-6.035405141386083194e-01,-7.287668256975904368e-01,-7.190266134274517773e-01,-6.432339281046004498e-01,-5.077594885765041033e-01,-5.054000313281478141e-01,-6.686255476716806978e-01,-6.584549693852523866e-01,-7.673548338336323438e-01,-6.557572178525937767e-01,-7.221985158393764426e-01,-7.013929991022173072e-01,-4.346548902317777796e-01,-5.719368422620525472e-01
-1.582590814220179165e-01,-4.875728093744526037e-02,-2.134467438555239793e-01,9.683025905713503467e-02,-1.489848192279737416e-01,-8.382115212486174194e-02,-1.499593103383173587e-01,-2.118705744824937731e-01,-1.863017827328555809e-01,-7.386742596733335275e-02,-9.741411005689834535e-02,-3.465250061658858294e-01,-2.642946882559062960e-01,-1.667633082348477236e-01,-4.018092576154427276e-01,-8.624998587872695355e-02,-3.612256288203739008e-01,-3.348288290875648943e-01,-2.898468904760302389e-01,-4.423623287389685799e-01,-3.100341112875631411e-01,-2.280179207005999797e-01,-3.238089963530864646e-01,-3.269094225812302357e-01,-5.109793568734594116e-01,-5.098686531930940458e-01,-3.677529203668598590e-01,-3.234610294466727654e-01,-5.983367980698460764e-01,-3.586124910576574121e-01,-4.076502843582343050e-01,-5.956081048792080113e-01,-5.522609506735381979e-01,-6.008521330661170667e-01,-5.328698784994621018e-01,-6.268103005342073875e-01,-6.613598290471205399e-01,-6.053318797264838347e-01,-5.377987608395777830e-01,-5.859414146899712961e-01,-6.584091785388040963e-01,-5.509317738169855483e-01,-5.576014992827401651e-01,-5.444883089171100865e-01,-6.170256472711450613e-01,-6.224463956678878418e-01,-6.194112495806354257e-01,-6.467365816838978043e-01,-6.232681629319909433e-01,-7.058145411361402832e-01,-7.103246085207411964e-01,-5.810162247952456172e-01,-5.404995797048394168e-01,-6.475513745088973261e-01,-6.497903505015456549e-01,-6.518929372095300101e-01,-6.320323865942788499e-01,-6.078104886012346553e-01,-6.961667693634580045e-01,-6.416216837669892481e-01,-7.217444439640996467e-01,-6.358162393904834842e-01,-5.975160723755120751e-01,-5.840375377601690898e-01,-6.547010390498739785e-01,-6.184586451682877462e-01,-5.774441316237548527e-01,-6.419226256735103275e-01,-6.357787276062067949e-01,-6.469816024549047695e-01,-5.479531242028723437e-01,-5.273900683203540662e-01,-5.720263357466389698e-01,-5.626746340386622469e-01,-6.278420609625877669e-01,-6.380101888146263445e-01,-5.155158497983037824e-01,-6.631319461470901455e-01,-5.749448220356294659e-01,-6.272106534197469108e-01
8.734831063647577332e-02,-8.759747590364488912e-02,3.541970909718213101e-02,3.958357361186630452e-02,6.135074498536145782e-02,-1.634900295883162658e-01,-8.199563865685420561e-02,-2.224010009162787072e-01,-1.201825304547620571e-02,-1.992887828414225404e-01,-2.495444789633548821e-01,-1.039122585662289600e-01,-2.166053805606170113e-01,-1.869289226233806778e-01,-8.216633909559553639e-02,-1.638682573729228209e-01,-1.365847255900017043e-01,-2.318933498876351862e-01,-2.114606107716108796e-01,-1.487120138016234661e-01,-3.634483391269832664e-01,-3.816812429373586113e-01,-3.870221129839788166e-01,-4.701247747581654424e-01,-3.633518753272835800e-01,-3.395267546738471309e-01,-4.370673614539442031e-01,-4.837533127559946466e-01,-5.353703288843558727e-01,-4.314046560146722054e-01,-5.037133995034002165e-01,-5.573932267540461227e-01,-5.197582582240244387e-01,-4.281326802953134281e-01,-5.887804479272019664e-01,-5.154772516797023751e-01,-5.682981150934518499e-01,-5.152460274439568666e-01,-5.462772449002171182e-01,-5.166218373905873129e-01,-5.777528252021267852e-01,-6.487286940434080496e-01,-7.289363205961739700e-01,-5.081601081402163933e-01,-6.976437764560733390e-01,-5.834474524876979151e-01,-5.375833935800748975e-01,-6.227801071936814870e-01,-5.858010533138385822e-01,-5.986474224957269996e-01,-5.540759020088004139e-01,-5.939104657530202003e-01,-5.678810404648181320e-01,-6.856441393903446313e-01,-5.965380713736876395e-01,-5.744469371840409400e-01,-7.433184971821129583e-01,-6.688379305699438948e-01,-6.307391688715762168e-01,-6.443462959212785668e-01,-5.336361459025447118e-01,-6.939070009531455030e-01,-6.357715910050385499e-01,-7.770791781114075869e-01,-5.888723278455872956e-01,-5.604613367711269722e-01,-6.782509630800337419e-01,-5.369577621297403347e-01,-6.178036340900974199e-01,-6.691084085971809037e-01,-6.572441321574103990e-01,-5.498303345061058556e-01,-6.795537491837516653e-01,-6.584249528622436731e-01,-5.780892791116916118e-01,-5.881447591045290135e-01,-5.711100451950815726e-01,-5.954854270295493190e-01,-5.643564802786037449e-01,-5.123387460314934305e-01
5.049074568028131399e-02,-1.094238289554082255e-01,-9.818918790451043599e-02,-1.420238251346024605e-01,-1.028491477931495618e-01,9.051820655182143960e-02,-2.297669542252624986e-01,-1.475432834885760658e-01,-1.625284936358870058e-01,-2.661613585177317609e-01,-1.341925898946844664e-01,-2.646850090062276631e-02,-2.161457584424515688e-01,-1.135569655116586418e-01,-2.036930822407107544e-01,-4.554026498022366587e-01,-3.196400656932638640e-01,-2.883930795557431703e-01,-2.515679390899160373e-01,-3.253619616133130998e-01,-3.738800174117395403e-01,-2.750719612597397612e-01,-3.241525779374035965e-01,-4.621291329997479491e-01,-3.807199818461554641e-01,-4.562188626128183544e-01,-4.825079814014271440e-01,-4.045290816246940868e-01,-3.575106605851516850e-01,-6.046920670469299042e-01,-4.773693122318411475e-01,-4.168852959316610707e-01,-3.054863584186953696e-01,-3.589663281891969371e-01,-7.025212468948570654e-01,-5.920192786578187816e-01,-6.091490718599444909e-01,-6.138657833208113201e-01,-5.038552928879878046e-01,-6.342216520446346539e-01,-5.847030799847579008e-01,-6.436478462657019284e-01,-6.133005638499121615e-01,-6.734544371120232409e-01,-6.507501127240412631e-01,-6.403327326351038185e-01,-6.438745991265446555e-01,-5.850875837514561972e-01,-5.369793023766197271e-01,-6.638455729253678328e-01,-7.376294743023000811e-01,-5.904986752023406726e-01,-7.574466294818642531e-01,-6.623576223983735911e-01,-5.618464768374721308e-01,-6.605096370515562976e-01,-6.318985920165124393e-01,-6.687230656121500028e-01,-5.468268319025059165e-01,-6.892957864396273004e-01,-5.869388003035077572e-01,-6.606959682221398289e-01,-5.416640505817699180e-01,-6.832204971816729921e-01,-6.713156792605268208e-01,-4.565233965639151625e-01,-6.340005012493141745e-01,-6.737473910877614935e-01,-5.579203375857548775e-01,-5.065619711226025945e-01,-6.663147578289302375e-01,-6.032173823839386273e-01,-7.867713347289074788e-01,-6.409714085858616572e-01,-6.250512836046221432e-01,-5.509407719827860150e-01,-4.859329177785500220e-01,-6.635651054963604967e-01,-6.168534502524988250e-01,-6.632015860715846367e-01
-1.548342790895922312e-02,-7.530119487225525599e-02,1.065753102779158773e-01,-2.418807055469883449e-01,-6.414334920737185808e-02,-1.173077056111484912e-01,-6.093094423513689684e-02,-2.964813888062842739e-01,-1.341560169606430819e-01,-2.732791956202805794e-01,-9.030273319936329979e-02,-3.519370162705456329e-01,-2.973840155720129386e-01,-7.745082306395542106e-03,-2.521349556753466059e-01,-2.773527276487212645e-01,-2.535290277977344520e-01,-2.310218771592761899e-01,-2.159585142434967686e-01,-3.123417254424937783e-01,-1.735044722602120115e-01,-3.345940051309235219e-01,-3.134582929023080888e-01,-3.372243478746778100e-01,-4.009593544630984385e-01,-4.554479501178990142e-01,-2.243878072075715380e-01,-4.635200593158556592e-01,-4.518073134593086904e-01,-4.801340645159233866e-01,-4.360723124839237519e-01,-4.862936210186111219e-01,-4.321094567031366629e-01,-5.434362316820601224e-01,-6.875583522150293669e-01,-5.099035873434396571e-01,-4.597542042956262454e-01,-5.401120426750473102e-01,-5.358498893752087211e-01,-4.650875186090738245e-01,-6.252589502334013893e-01,-6.716441643053696620e-01,-5.279606836308726736e-01,-5.336110988633472330e-01,-5.741059226627099887e-01,-6.555675111441980896e-01,-5.663637736408347889e-01,-5.906179448772993501e-01,-7.204453394524440446e-01,-6.933845726865756065e-01,-5.777739501662840782e-01,-6.421637351929555537e-01,-6.713002183351409746e-01,-7.158031664886823631e-01,-5.464824713949343327e-01,-6.655648869113687249e-01,-6.144741812102306744e-01,-5.626456439899513162e-01,-6.319300165550418846e-01,-6.620247355403968692e-01,-6.044496072303187084e-01,-6.787716275997233151e-01,-7.319116887514660608e-01,-5.962557762454839816e-01,-7.107011540851598808e-01,-5.504957974906348195e-01,-6.723276456931442935e-01,-6.803468215673320607e-01,-6.067328866812038424e-01,-6.143796599108080070e-01,-6.525923328396479040e-01,-5.873400778838970826e-01,-6.076084841747549925e-01,-5.569633917206233686e-01,-6.259089282683366617e-01,-5.669079955548794736e-01,-6.489533377329161912e-01,-6.548904999852320774e-01,-5.288152116693157767e-01,-5.299064223210707691e-01
-7.344741474791657843e-02,-1.183598487978771152e-01,-1.518000072692237412e-01,9.181218169324627254e-02,2.791375912465555997e-02,-2.662913099810269857e-02,-1.319564125633286844e-01,-2.141406752124346002e-01,-1.398558354975392715e-01,-2.845999285673960766e-01,-2.291047754425556138e-01,-1.992314935362449191e-01,-2.707422563403015792e-01,-3.257631546487858021e-01,-2.835773975436817751e-01,-3.915141599350250856e-01,-2.082663680201925216e-01,-3.534310169756685882e-01,-1.463340485228234178e-01,-2.688604912188505836e-01,-2.797549149785435452e-01,-3.507124627599206290e-01,-2.615121104308820166e-01,-4.267519779193029716e-01,-3.819572425583988018e-01,-4.508186697828737710e-01,-5.654657050135468710e-01,-4.347556188460370286e-01,-5.444289652645893929e-01,-3.341607917560294738e-01,-4.410960212626470200e-01,-4.006809208750908846e-01,-5.331840519933905842e-01,-5.673918288539954169e-01,-4.898421832340436044e-01,-4.254159417526018339e-01,-5.538426653567778413e-01,-5.076792185910414812e-01,-6.553706276595298030e-01,-7.276935350546208658e-01,-6.099240398232618210e-01,-5.002761916597235903e-01,-5.476009329911660783e-01,-5.733196926656195513e-01,-6.219243565273384622e-01,-6.851267541837630093e-01,-5.384770273611249047e-01,-5.944750293014098297e-01,-6.589364618445269217e-01,-5.811393933383878219e-01,-6.436332918803792102e-01,-6.593711999587676953e-01,-6.869847113515081816e-01,-7.452954899943218248e-01,-6.106967714104662992e-01,-6.737946931874908563e-01,-7.050280324786781794e-01,-6.535050322948302570e-01,-6.308116138594920264e-01,-5.744922136489551967e-01,-7.056615289428459503e-01,-6.599190895319192451e-01,-6.653660201979951783e-01,-6.859135711992977447e-01,-5.822073331778004901e-01,-6.414626252997115419e-01,-6.345941548699062240e-01,-6.035481929204234985e-01,-6.252059955003371750e-01,-7.443795226465527159e-01,-6.583098239940713414e-01,-6.265733767768902895e-01,-5.613029274920865452e-01,-4.559093640844307793e-01,-6.573856430151533425e-01,-7.170801392929628815e-01,-6.794503610394531101e-01,-6.256393047273527408e-01,-6.618025264346500958e-01,-5.929022494240678842e-01
1.765406979009024602e-01,-8.038870795507896405e-02,-2.435658070778004280e-01,-1.694712128266539705e-02,-2.713210771926382117e-02,-2.344287287491462479e-01,-1.464954660299811195e-01,-8.614745127148125403e-02,-4.677324962885782283e-02,-3.054872935339764117e-01,-1.835480641297536630e-01,-2.301501230229408002e-01,-2.491372802719252211e-01,-1.707446146218457861e-01,-1.437071444266591613e-01,-2.130125043997661005e-01,-1.404183766639213460e-01,-2.053374656180794733e-01,-2.990935230235539088e-01,-2.162209386603848871e-01,-2.359490295852365027e-01,-1.937202385012871952e-01,-4.285153027155466088e-01,-4.197344825582188799e-01,-2.606987684048059917e-01,-3.081824155378604657e-01,-4.640925490220634830e-01,-4.460323154415963276e-01,-4.762662532338047261e-01,-2.833516601079176800e-01,-4.129049028472589478e-01,-4.851299307672963246e-01,-3.466480491126969765e-01,-5.430006900861480412e-01,-5.399074736097844163e-01,-5.756386299280167318e-01,-4.002577576332063680e-01,-5.207732249640487643e-01,-4.361363957170364958e-01,-4.957031736446392278e-01,-4.994198839258125466e-01,-5.276998384069393477e-01,-6.551597569676415045e-01,-5.567843853615863647e-01,-6.385064005192402359e-01,-6.044690588960686117e-01,-5.098538285765201739e-01,-6.538421473140558771e-01,-5.889472202140259016e-01,-6.265637007170073991e-01,-5.636311108088882804e-01,-6.086671570777753004e-01,-6.504234205902952315e-01,-6.678216144790641851e-01,-6.251192076106605322e-01,-5.503346588545056095e-01,-4.994570543804547347e-01,-7.535065278064393413e-01,-5.584497149984142261e-01,-6.168586430379400243e-01,-6.137413378966757316e-01,-6.530140105966585340e-01,-7.310222477747533310e-01,-6.572187371764911523e-01,-6.218095922110085105e-01,-7.158590810859060127e-01,-6.065099574501265911e-01,-6.159582327614727681e-01,-6.003842465549820151e-01,-6.730615639258368255e-01,-6.592903015839414183e-01,-5.528787731910422831e-01,-6.942228581447696945e-01,-5.658823599959924566e-01,-6.048670249322291026e-01,-5.952284649057489885e-01,-7.258427723074123428e-01,-6.158030573145772957e-01,-5.282956969426934046e-01,-6.256871809643910209e-01
-1.038671524482378261e-01,8.913994637439330571e-02,2.909076804952965070e-02,-8.548253736531018221e-02,-6.118909209380137687e-02,-2.458109468968681932e-01,-9.366381722321581726e-02,-2.290369859821727860e-01,-9.715369374135440772e-02,-1.365596542104325073e-01,2.466843914812226219e-03,-2.976414040628736490e-01,-2.477887235845562253e-01,-1.413444897611904894e-01,-2.434998494972793748e-01,-3.793678225729920639e-01,-1.941511509021130455e-01,-3.500486089767027020e-01,-3.100913175902396679e-01,-2.496567271093523555e-01,-2.312177590003977323e-01,-4.145576800002409024e-01,-1.985848364126845955e-01,-2.856556890022143302e-01,-3.138143091926105521e-01,-2.299233082033302622e-01,-3.102620698778548181e-01,-3.602853061474792784e-01,-4.292986755378219166e-01,-4.847522250530504895e-01,-4.509551497503058726e-01,-4.973341224857489307e-01,-3.622925010558199488e-01,-4.146281419704324622e-01,-4.893188449160256193e-01,-4.040972165783890402e-01,-4.957470134592302791e-01,-5.833771056443182168e-01,-4.551200181484938989e-01,-4.886087176119374154e-01,-5.324260996740629581e-01,-5.520584360075534436e-01,-5.366369933802473957e-01,-5.480001162447967200e-01,-6.656392096585664886e-01,-4.911156305213648654e-01,-6.909829108015427268e-01,-6.223858358448953743e-01,-5.062311504685638175e-01,-5.891868007682322661e-01,-6.059819907435420872e-01,-4.719742675040112800e-01,-6.435735528882471357e-01,-7.346925665236663239e-01,-5.041777540105011335e-01,-5.648758380077701924e-01,-6.158823579863452746e-01,-6.859808236336785159e-01,-6.388258687401866531e-01,-5.692809987511667780e-01,-5.796034643869992786e-01,-5.906005909620358763e-01,-6.147185752800200520e-01,-6.761083031068589877e-01,-7.379036957085650661e-01,-6.244478169398011147e-01,-5.007436356941408206e-01,-5.994918120913471649e-01,-6.933308905144314194e-01,-6.881229269685509298e-01,-5.811599820609695266e-01,-5.734378553260458533e-01,-6.286046988155311599e-01,-6.387994178560175706e-01,-5.234429507659223990e-01,-5.985487636115478516e-01,-6.521098179505985248e-01,-6.476867425048974392e-01,-6.554984210027161584e-01,-5.966533683246940667e-01
-9.402726546949323472e-02,2.365900914147802889e-02,-8.440724646132864717e-02,-1.243507294231164552e-02,-1.444381874475603178e-01,1.857185299054465999e-01,-2.949705274769642283e-01,2.224315066473898234e-02,-2.347384265581667351e-01,-6.711896571648225118e-02,-4.233126841422666514e-02,-4.206582086766664369e-02,-8.898031315787398310e-02,-1.275191178080076482e-01,-1.125299025615833504e-01,-3.918009967405735039e-01,-7.163273013023511993e-02,-2.147702639234727040e-01,-2.941592035460554033e-01,-3.248956684508366166e-01,-2.527787440483796888e-01,-3.299438594370834310e-01,-3.387036351351517260e-01,-2.979247198527356089e-01,-3.719029241576665701e-01,-3.847224784732330982e-01,-4.585083859041418908e-01,-5.303831007768626815e-01,-4.120413727076918109e-01,-4.806164658754304986e-01,-4.417094285191998648e-01,-4.917510968880522415e-01,-4.591090469641533334e-01,-4.498798826180976929e-01,-3.417943648877465601e-01,-4.608733371296088732e-01,-4.811132135311348978e-01,-6.022480048191276580e-01,-5.847740927265939748e-01,-6.263942289129859065e-01,-6.214529960518915264e-01,-5.309237169863233463e-01,-4.643924536900319588e-01,-5.531302503291747330e-01,-4.968476737786114983e-01,-5.750699225967660366e-01,-5.519447921495715947e-01,-5.873292528573446081e-01,-5.885188053971273092e-01,-5.355698063837894818e-01,-5.941956102935310735e-01,-5.800406301194767078e-01,-5.420496381390965679e-01,-7.233259392303265090e-01,-6.498020361454003302e-01,-6.212822867242514535e-01,-6.423683326036881969e-01,-6.194630751032541571e-01,-7.532583867450958204e-01,-7.043063935740971893e-01,-6.320216754791029290e-01,-6.242402086280656182e-01,-5.705575362436406950e-01,-6.728811711705963150e-01,-6.331680795604318623e-01,-6.724728280042316930e-01,-6.504262965111400341e-01,-6.802644901498720031e-01,-7.137060690260125240e-01,-6.544451910730991750e-01,-6.381160378459477256e-01,-5.576357391793632656e-01,-6.823206182800539699e-01,-5.930601512232432926e-01,-6.655495366484177611e-01,-5.727090408459092341e-01,-7.120217717617588482e-01,-6.384823561955460525e-01,-6.347919020841213955e-01,-6.318082753642177973e-01
-5.798381044292179320e-02,-7.799301392910283626e-02,-1.197676067015993606e-01,-8.642739524005646490e-02,-1.724285219014224102e-01,-4.078241040109820137e-02,-1.836562360010432493e-01,-1.334566913985240494e-02,-2.674539319559727235e-01,-2.327596130795392959e-01,-9.989001725369996143e-02,-1.673146271305957500e-01,-9.054737627458082916e-02,-9.105789574013808951e-02,-2.840274659082636655e-01,-1.858295375405869254e-01,-2.850975437598929699e-02,-4.025368908919045308e-01,-3.118099928932862586e-01,-3.846208641062288103e-01,-1.581919619061320226e-01,-2.245421358457875549e-01,-3.299589435315412184e-02,-1.713961342392752996e-01,-2.290664067447058805e-01,-4.197046684786639448e-01,-1.784174109414029818e-01,-3.513411153971908729e-01,-4.117810435572687999e-01,-2.049472464930632565e-01,-3.625039212734502692e-01,-3.049265921658511069e-01,-3.645908824615686217e-01,-4.501483333590962643e-01,-4.446838520685655327e-01,-5.344818828603304928e-01,-3.962444470495350979e-01,-5.299163052438218280e-01,-5.266063545936154888e-01,-4.144431237929601664e-01,-5.224675372766239834e-01,-5.695387180341572320e-01,-4.252792619753365533e-01,-4.977828210971333989e-01,-6.156764744011938850e-01,-5.135099396958532347e-01,-6.649825846789508832e-01,-5.915769632376706166e-01,-5.950007943656704379e-01,-7.252867574872178258e-01,-6.901262697226483445e-01,-5.130566183227928123e-01,-5.976628414791685939e-01,-7.743169161347125407e-01,-5.515222334055752684e-01,-4.892822943156086013e-01,-6.329327628058509791e-01,-5.891695787057964484e-01,-7.304356906525002469e-01,-6.759263440648088928e-01,-6.023815296127986718e-01,-6.314756139527555323e-01,-6.176048484285227014e-01,-5.497570349534790513e-01,-6.206774507024764853e-01,-6.021223697924926732e-01,-6.864736370607523730e-01,-6.344668795897360214e-01,-6.316335062752375107e-01,-5.969690259707794988e-01,-7.141810236846962701e-01,-6.014798978311844957e-01,-7.132029449490104867e-01,-6.532318052224018734e-01,-7.073019012960927165e-01,-5.262109599276201255e-01,-5.068725109471755585e-01,-6.883871140694576285e-01,-7.251461991031027399e-01,-6.217562717262580252e-01
4.693534674675661766e-02,1.871052347014530784e-02,-1.967749675485269342e-02,-1.466426125226168442e-01,-8.360599515807534687e-02,-1.167778125339022921e-01,-1.019662899634605630e-01,-1.628931301330411863e-01,-4.151190808385566422e-01,-2.085703862292965505e-01,-3.654752056728007015e-02,-2.355618078204771079e-02,-2.301733316677997965e-01,-1.950101062899365911e-01,-2.720189074925766781e-01,-1.442852945441024937e-01,-1.633167702411247035e-01,-1.062259183878695168e-01,-3.222095847307436256e-01,-2.758891236401985747e-01,-2.384586950908737513e-01,-4.020326292134281942e-01,-3.188819573892880399e-01,-1.785292428508814533e-01,-5.214452132293254660e-01,-2.781257391651518751e-01,-3.305421243005567389e-01,-2.809246295439376540e-01,-4.513865624667184884e-01,-3.510767925361685804e-01,-4.456826279157724002e-01,-2.941776727747950071e-01,-4.095386737258382981e-01,-4.840296644452688479e-01,-4.839201880664298350e-01,-4.271906268918635452e-01,-5.634030437839372407e-01,-5.851743880830225786e-01,-5.115325474419893936e-01,-5.239540203545894892e-01,-4.736462022867082289e-01,-5.576365600343213824e-01,-5.180905172735306152e-01,-4.654357516410282392e-01,-6.507129186703347612e-01,-6.817131573160217783e-01,-4.137909093969556751e-01,-5.204077327154753574e-01,-6.731379229658043251e-01,-6.880596642239266147e-01,-6.435333901234052689e-01,-5.878629605547145420e-01,-6.616172375037926434e-01,-6.052384606046460336e-01,-7.021456725508469221e-01,-6.046335455308970985e-01,-6.345513027766482850e-01,-5.153339329277406566e-01,-7.516901237697569682e-01,-6.320022637806137489e-01,-6.483768838103804999e-01,-6.391814577188598134e-01,-5.486523951384926212e-01,-7.531079471278749882e-01,-6.820882434640596070e-01,-6.349009414959605468e-01,-5.892420846822322700e-01,-5.512339940420966089e-01,-6.999378886336981020e-01,-7.218410777692924052e-01,-5.908883418507832053e-01,-6.298942529160920234e-01,-5.461984664240412402e-01,-6.926372152655628778e-01,-6.441648778319741808e-01,-6.773096345405710261e-01,-5.313979743955020707e-01,-4.979955404548300768e-01,-6.938186656591762702e-01,-7.569516606079546017e-01
7.852486098920574698e-02,-5.325690960148240366e-02,8.225806049225284355e-02,-3.273358140824387391e-02,-4.421721804185377996e-02,-1.235275673660211730e-02,-8.194977692395602475e-02,-2.646075478944565421e-02,-2.214020512605238689e-01,-5.903679292002385337e-02,-2.120037096600991822e-01,-1.736215148661313379e-01,-4.869629968232024042e-02,-2.413043487466565995e-01,-3.505189964596445718e-01,-2.226265479803933023e-01,2.401083770606283335e-02,-1.971907582094293565e-01,-9.853997476785593401e-02,-3.424665097113306911e-01,-3.359443436560146101e-01,-2.027878624935982310e-01,-1.649482050506907160e-01,-2.134050696067075481e-01,-3.585992060386947733e-01,-4.356643507423367256e-01,-3.143279479926363584e-01,-3.486266724428629948e-01,-4.769965352341534737e-01,-3.239464553054777207e-01,-3.451891604354479504e-01,-3.585287809211344379e-01,-5.042079988668147772e-01,-3.922717968249294085e-01,-4.868300249939761515e-01,-4.804791309678816957e-01,-4.267117517807212379e-01,-3.905356074775306330e-01,-5.129248403379437216e-01,-4.499033186728362832e-01,-5.182025234140653636e-01,-4.645438620179003220e-01,-5.615069921278890153e-01,-4.717872960364989932e-01,-5.910401205218736020e-01,-4.593582953578854711e-01,-5.455852666035749809e-01,-6.154678374877965430e-01,-6.852598088173263990e-01,-6.188730872964196550e-01,-5.869084993548876472e-01,-5.608706547074830961e-01,-6.228885359472886574e-01,-6.392344757456567272e-01,-5.094544487663195120e-01,-6.947730712916432294e-01,-6.807321896972843289e-01,-4.712071842638609342e-01,-6.746090660224660640e-01,-5.311835777902683686e-01,-6.746251232993510927e-01,-5.909366690220304585e-01,-6.911987210486855160e-01,-5.927367652096446893e-01,-7.148421366044189762e-01,-6.690647075976995373e-01,-6.906171611782425668e-01,-6.927401679822279279e-01,-6.063160194167596106e-01,-7.062471148297954082e-01,-5.232353077353134596e-01,-5.933624063281406347e-01,-5.545480269354136071e-01,-6.416834270445652688e-01,-6.559184121495618136e-01,-7.420898432350313545e-01,-6.164375559147253769e-01,-5.694164090980886606e-01,-8.111250628341645230e-01,-5.884701274691963579e-01
6.236468109991100128e-02,-7.909641775110230755e-02,1.243770870598810696e-01,-1.406249973787636054e-01,1.530928286196489400e-02,-2.550889536225361409e-01,-1.866859574829915769e-01,-1.786148529892644943e-01,-1.165101180438727208e-01,-1.169078635245673625e-01,-2.468781494276982291e-01,-1.651816924452474966e-01,-1.809447528640608371e-01,-1.206294569649700166e-01,-1.435010264013816539e-01,-3.088222704517395445e-01,-2.389404680721823604e-01,-1.033733781503598653e-01,-1.502248836241396324e-01,-3.705847078882787415e-01,-2.098764429571073620e-01,-2.594707000419659848e-01,-2.551506525882773491e-01,-2.769668845633337928e-01,-3.481565134241949022e-01,-3.578090936970277358e-01,-3.696730276030840701e-01,-3.912267922216776106e-01,-3.954101917554532775e-01,-3.401297113738178668e-01,-3.270274600739076498e-01,-3.269380567375023694e-01,-4.354536160521140786e-01,-4.904402394344838934e-01,-2.245795874204418174e-01,-4.560283455899173943e-01,-3.469381460973281484e-01,-4.996954693704578898e-01,-4.834377181633148224e-01,-4.474937367359688167e-01,-4.236396640596578611e-01,-5.276639209002500497e-01,-5.491664626236356650e-01,-5.924560315071064620e-01,-4.614975408600229811e-01,-5.709600725102244034e-01,-5.901126625127995906e-01,-6.657546188683359789e-01,-5.154217881160187975e-01,-7.174523753305451779e-01,-6.156618712980015395e-01,-5.779664876075132351e-01,-6.359500255495216248e-01,-6.446135734687641339e-01,-5.607188536469854823e-01,-5.782691444633379918e-01,-5.772467106456061758e-01,-5.598639617585502437e-01,-6.992592309750782498e-01,-6.237066786616634051e-01,-5.964856791009498505e-01,-6.232004897660202714e-01,-5.427735001787116209e-01,-6.383094912684462718e-01,-6.496561388082809918e-01,-6.607245716976025696e-01,-6.438157733139961980e-01,-6.244748635215243704e-01,-6.210525091900780392e-01,-6.498321757398153320e-01,-5.626765142253417062e-01,-6.645807179560799804e-01,-7.024261268921413448e-01,-6.222184012505425077e-01,-6.806361366262920765e-01,-6.441330235635659429e-01,-5.772920446276897932e-01,-6.937668425774411451e-01,-5.984798141529924509e-01,-5.767235871836154937e-01
-1.104248343921288705e-01,1.526455500324681858e-01,-2.616415772970326348e-02,2.739453613466165741e-02,-4.891537628219855965e-02,-1.383942567694990133e-01,4.311789884134183820e-02,5.996906322239549392e-02,-1.464133090800747716e-01,3.236031367078502641e-02,-1.735526911270338368e-01,-1.403503592568818570e-01,-5.910719919296150704e-02,-2.240746325872806921e-01,-7.642546739956787571e-02,-1.612682818985997635e-01,-2.648473597092185217e-01,-2.929590821508418208e-01,-4.017520868245778587e-01,-7.733683201202859459e-02,-2.815303437686773047e-01,-2.536247466639952597e-01,-1.631099395982774369e-01,-3.247068573070647779e-01,-2.308702353325937928e-01,-2.673869574316475872e-01,-4.039175007482393442e-01,-3.753835424664040965e-01,-2.725400333096789640e-01,-3.217090489623258276e-01,-2.951769937019328438e-01,-3.422470531899585722e-01,-2.772754993931175749e-01,-4.452497681927751194e-01,-3.627397465093918361e-01,-4.415628623691917887e-01,-5.394838600600257994e-01,-4.044021156383987292e-01,-5.170713425570566679e-01,-5.322430027812835585e-01,-4.248023996231807264e-01,-5.535893181725479728e-01,-3.805514429658881093e-01,-4.778896038960593895e-01,-5.925545123281362736e-01,-3.962386641211327332e-01,-5.902208618768945980e-01,-4.822274562261442687e-01,-5.061225574108042524e-01,-5.295509817820265308e-01,-5.268779447857082632e-01,-5.756685148776672367e-01,-5.904611726976283226e-01,-4.536636252843021522e-01,-7.762125234423041809e-01,-5.801481311376062155e-01,-6.348352799135563718e-01,-6.320888005942838506e-01,-5.869906786756953210e-01,-7.616106777516350457e-01,-5.715212080943089523e-01,-6.610130225166219731e-01,-5.388362971971987214e-01,-6.288696782669639385e-01,-6.339612067659204930e-01,-7.272621299016973628e-01,-6.322544146445718827e-01,-5.808084957375074797e-01,-6.603420296123808653e-01,-5.766414708750551288e-01,-6.391398118236947257e-01,-6.756127591932116205e-01,-5.065852025655782631e-01,-6.753071344551867528e-01,-5.373084555861122880e-01,-7.684667278087986553e-01,-6.024049376726026139e-01,-5.741933365458210536e-01,-6.299055318669156689e-01,-6.725012540191526167e-01
1.030295715132035494e-01,3.298594783771652966e-02,6.763766200795898187e-02,-9.292843574545703311e-02,-1.779323286565413220e-01,-2.778179427021002512e-01,-1.461925082210958349e-01,-1.349846906976010508e-01,-1.223908483164511674e-01,-1.167830441367630617e-01,-4.601851086463804030e-02,-1.516420962833935904e-01,-1.266754030822482835e-01,-2.208413286737480052e-01,-1.949418594818367045e-01,-5.078363389360469188e-02,-9.065248618656697455e-02,-3.308851510184820932e-01,-1.728159394456590392e-01,-1.803412249963027292e-01,-2.178158774993348978e-01,-3.138116538858279347e-01,-2.291338195602877770e-01,-3.254647336147920567e-01,-2.177901849420862956e-01,-3.057078860417999921e-01,-1.900933661326493218e-01,-3.941583798726509547e-01,-3.505121830877617750e-01,-4.309959999022385801e-01,-3.199990131286060691e-01,-3.969698143412523916e-01,-2.629927156124195475e-01,-3.649810981783122021e-01,-4.109541770066940103e-01,-2.934319605175947365e-01,-4.744231968626314022e-01,-4.602996612680302913e-01,-4.341092512674377679e-01,-6.343884421560130882e-01,-4.014169022332997327e-01,-4.472877756880049294e-01,-4.542284470463898716e-01,-6.536775478915469728e-01,-4.691059673811596720e-01,-5.600581085703626449e-01,-5.992279301829213090e-01,-4.601147664113121594e-01,-4.507528223324654415e-01,-6.340371484857801887e-01,-5.570575829851612815e-01,-5.691941949256981159e-01,-6.882253293504839720e-01,-6.844496103299816392e-01,-6.169444325741954005e-01,-6.498444061516894799e-01,-5.846577803994253975e-01,-5.898374137932963501e-01,-6.309127028305572260e-01,-6.254686602923679173e-01,-5.900418954503504620e-01,-6.784943508096479281e-01,-5.505363587450980978e-01,-7.508839892210196210e-01,-6.113566188039492033e-01,-7.209661499239073956e-01,-4.864016378344687697e-01,-5.075732449258419932e-01,-6.040709981767352632e-01,-7.369226973672450276e-01,-6.614032777015901310e-01,-6.530991955453793185e-01,-5.733173564128829502e-01,-6.488783421923154382e-01,-5.970901387947065153e-01,-6.408427357296015980e-01,-6.214861466284242741e-01,-6.406246727663768015e-01,-5.398065800365503542e-01,-6.248254909641315358e-01
-2.218336908613340042e-01,-1.385923755605092955e-01,-1.395036088514257089e-01,-2.649556167631555645e-02,-9.088834313727592318e-02,9.806421325588293714e-02,-9.832119986444265436e-02,3.859927098109425248e-02,-1.208718304111622843e-01,-2.438712152868514615e-01,-2.106092533301943126e-01,-1.514607958817088540e-01,-1.492690490994977026e-01,-2.087441616613865958e-01,-1.873428634483311483e-01,-3.549739101186109025e-01,-1.624715817419189468e-01,-1.331303439356466001e-01,-2.351485539635143618e-01,-2.859400359481100717e-01,-2.109984125088444906e-01,-2.994775712149995162e-01,-2.467685333828665839e-01,-2.547455970366369060e-01,-2.434879866334542231e-01,-2.450672569982348670e-01,-2.455822689362039957e-01,-4.210563472347031988e-01,-9.290929568946844352e-02,-2.132921014648702929e-01,-3.594576464101554847e-01,-3.453418450419515340e-01,-3.336497880186897191e-01,-4.675233154530091251e-01,-3.367660675855249641e-01,-4.941229068615912712e-01,-4.965183405653702531e-01,-4.075088788340724966e-01,-4.987152754714352931e-01,-4.449162348991047011e-01,-4.088216444814138373e-01,-3.238012235090328983e-01,-5.209482277081967094e-01,-3.935608166469753977e-01,-5.943395462600091772e-01,-5.109366200681467740e-01,-4.773875153533965743e-01,-4.401022443425239294e-01,-6.656845377610014491e-01,-5.056914030464800813e-01,-5.822581828021567985e-01,-5.127123400452869850e-01,-5.646607607843616705e-01,-6.500299461039127369e-01,-5.628428797770698155e-01,-5.925311510752638844e-01,-5.457200906306914900e-01,-5.424684495347845692e-01,-7.127885781850530345e-01,-6.215986395207905302e-01,-7.429889458954229697e-01,-6.584441508493540374e-01,-6.695232522560219390e-01,-6.007697367359341456e-01,-6.131439889099012941e-01,-6.846277645813257928e-01,-7.108827580833967374e-01,-6.558349659609440385e-01,-6.056795760802464734e-01,-6.646568912062568169e-01,-6.931695361006053879e-01,-5.918795589425692727e-01,-4.425900779305373955e-01,-7.146080209511690429e-01,-7.010005496620093091e-01,-6.054491795621396166e-01,-6.825566844468724526e-01,-6.257112268480268247e-01,-6.711681706915126888e-01,-5.459144924402480337e-01
1.508215468636910084e-01,-6.303785290047440870e-02,2.823068219515332405e-02,-1.953538292497672239e-03,-2.330873088076730604e-01,-1.549634838089975208e-01,-2.737003122378815489e-01,-1.827022020111691569e-01,9.616409081803124759e-02,-1.350487338580272367e-01,-2.147399625093256992e-01,-2.264585997343143420e-01,-2.059784992063551090e-01,-1.436266113744997519e-01,-2.285841949266063378e-01,-1.149618382043354203e-01,-1.412560348348145256e-01,-2.539789377425989425e-01,-1.562888301200626440e-01,-2.192682089539829127e-01,-1.581599252867457173e-01,-2.048315533978145864e-01,-3.103864563914955355e-01,-2.370555327184744043e-01,-3.593852285411059944e-01,-1.888446974016043112e-01,-3.241626270611045468e-01,-2.179594354668913381e-01,-2.379430520053359421e-01,-2.848218932966623540e-01,-2.786791766156509476e-01,-1.840101466598469682e-01,-2.569439603885257939e-01,-3.945906900080038415e-01,-4.654578238105993582e-01,-4.433948272633075338e-01,-4.617815920672893593e-01,-4.465583218682250277e-01,-3.645579898283392017e-01,-5.697254233918369604e-01,-4.195027039331870045e-01,-4.468130988756377486e-01,-5.993484459695095357e-01,-4.420484922400564898e-01,-5.012375917393990798e-01,-6.073368333314224099e-01,-5.052880157035660735e-01,-6.277955434335762419e-01,-5.114865098205337857e-01,-4.985575062958801373e-01,-5.174414759784938811e-01,-5.229524516107528775e-01,-3.631633570806572231e-01,-4.319153642026130613e-01,-5.461371179632357187e-01,-5.897613284294703773e-01,-6.538616040256599593e-01,-5.746889871845621833e-01,-5.743349635990611102e-01,-5.442768904638044525e-01,-6.453002491123557283e-01,-5.263335905091947042e-01,-6.569572269595009839e-01,-6.147664072626807252e-01,-6.154863350594882432e-01,-6.368168903717276175e-01,-5.156151792544647616e-01,-7.055452484611681729e-01,-7.132806732943305361e-01,-6.802146767256578297e-01,-6.169350663029276038e-01,-4.977285926729278498e-01,-5.424305460348848307e-01,-6.819939516067644592e-01,-6.347895738628214213e-01,-7.214248174261880253e-01,-6.027779205465023660e-01,-5.533762773940781310e-01,-6.125574585353952273e-01,-7.299322521729418867e-01
-1.610777286168115496e-01,6.667957540287439144e-02,-4.753565419183309465e-02,-4.634971173408777845e-02,-5.271746038723869494e-03,-1.403315786180585611e-01,1.288744706101848103e-01,-3.138086742229245080e-02,-1.033433994999598121e-01,-8.713163088322176120e-02,-6.759928901156340986e-02,-6.331158052618252041e-02,-1.020187179944333639e-01,-1.340078207559327328e-01,-5.742110764430454622e-02,-9.578740803770054157e-02,-2.092462249737042090e-01,-1.342622667731752928e-01,-3.321729193005595326e-01,-2.181344026559302318e-01,-3.060602065142615791e-01,-3.518712687917876503e-01,-1.454333707353953342e-01,-2.065305011315612116e-01,-2.821692970941817036e-01,-1.873349964408640156e-01,-2.638439155113597723e-01,-2.149978407324998342e-01,-2.932032649850269679e-01,-3.189031586509949445e-01,-1.893269098536563277e-01,-2.792326492329630927e-01,-3.563210187837684284e-01,-2.612281419755118628e-01,-3.692639300202091301e-01,-3.750109188327072629e-01,-3.095085642716206564e-01,-4.865831636994779053e-01,-3.327304350040227177e-01,-5.107878188242898077e-01,-3.089160174294749983e-01,-4.306205530947301852e-01,-3.128153171510416608e-01,-3.536084380870430643e-01,-4.437777791609197053e-01,-4.257463161548872277e-01,-5.241062966797019884e-01,-6.098359211590336226e-01,-5.378201988220191465e-01,-5.527306664928024471e-01,-4.332285665221105586e-01,-5.930134430227600451e-01,-6.173114880072769761e-01,-6.484190330579909789e-01,-6.100188994366173567e-01,-5.906510310984512957e-01,-5.388059950165492440e-01,-4.880175416157506718e-01,-6.143203519343725105e-01,-4.988283707800450495e-01,-6.335924263549919111e-01,-5.422936156136742847e-01,-4.810951101232982530e-01,-5.399115431126573217e-01,-6.197724660314988254e-01,-6.593314844533154639e-01,-6.019892706332500287e-01,-7.429276134895583805e-01,-6.229326263559916699e-01,-5.867977629150149532e-01,-5.943292303327469828e-01,-5.622024558591547372e-01,-7.173285368096834480e-01,-6.811484046942066772e-01,-6.100156443528594874e-01,-6.706722402952184359e-01,-6.277036625030880668e-01,-5.648842328908507682e-01,-5.184574004130739766e-01,-7.584938320043544957e-01
-4.949387975472509943e-02,-3.605170011770469224e-02,-1.866334462391475713e-01,1.824044290232880450e-02,-1.923979917342674983e-01,-1.560956701829503690e-01,-7.646347209695919522e-02,-2.421749006440600260e-01,-1.226916530653929804e-01,-1.492575107151940250e-01,-1.898092821415255094e-01,-2.464675678098421641e-01,-3.104058269648991009e-01,-1.500853791159165451e-01,-2.148973816795101965e-01,-5.472130272909217497e-02,-1.566113030240860182e-01,-4.427749073603808871e-01,-2.628911666525311497e-01,-8.092590695729920403e-02,-2.560365283849005413e-01,-1.500712542805261451e-01,-2.614430866633760120e-01,-2.504292811419265852e-01,-3.299385038089878153e-01,-1.119132921819162851e-01,-3.572002071056534223e-01,-2.702919634861241094e-01,-2.976235372380154898e-01,-2.972571460930223397e-01,-2.627096042165960044e-01,-3.101588749121769184e-01,-3.726644511629835232e-01,-3.835234637132801661e-01,-3.440420467662103632e-01,-4.322742301281593535e-01,-3.815037572388889631e-01,-3.828600426863072448e-01,-3.734050197586327169e-01,-4.554022947738768368e-01,-4.793200940240464614e-01,-2.921871029591826541e-01,-5.268774250593035724e-01,-4.273355466981649808e-01,-4.174124751341460327e-01,-4.574448838537733542e-01,-4.680331408350743572e-01,-4.947478363093600340e-01,-5.091976940682247932e-01,-4.993905294314218701e-01,-5.243833956322900836e-01,-6.463889949587360295e-01,-4.476833711368645718e-01,-5.272290926659960464e-01,-5.548508050414053816e-01,-6.476057229042269103e-01,-6.269792397694560204e-01,-6.071541414458389019e-01,-6.507553261357864605e-01,-5.135351819440810983e-01,-5.687471155316679017e-01,-5.693374860883205768e-01,-6.764601871491994212e-01,-5.863331777473791417e-01,-5.823183725740892491e-01,-6.273225591315801930e-01,-6.784784315828193968e-01,-6.529766549737380243e-01,-5.949672073409203454e-01,-5.711235197726182156e-01,-6.216215648987539755e-01,-5.798503170424179620e-01,-7.376181328232320755e-01,-6.436150615348744664e-01,-6.223500485626005663e-01,-7.182521382207824878e-01,-5.875988763629999001e-01,-6.347702906556015323e-01,-6.706548322915604210e-01,-6.809200456077163510e-01
-1.303894994968689547e-01,1.136784599607126578e-01,-1.010869417747421728e-01,2.188591430017837805e-02,-1.427039230375819479e-01,8.703034061348773401e-03,-6.793861457624392197e-02,-1.230259979234199844e-02,-2.076516424930853755e-01,-2.643196621174221383e-01,-1.904595864291888374e-01,-1.486321405764324810e-01,-3.796892347399512865e-03,-1.341494898872889197e-01,-2.075544877417125345e-01,-1.774034671348125869e-01,-1.622285187505419779e-01,-1.836949509853657847e-01,-2.722967731567144667e-01,-2.188116216782155232e-01,-1.059732251813862575e-01,-2.202609963828453532e-01,-3.097049676750480152e-01,-1.127230528341555682e-01,-4.522820763514306952e-01,-2.610390184784479595e-01,-2.727553497849582453e-01,-3.084899662255989883e-01,-2.955835074916845495e-01,-2.446248237752147447e-01,-3.563704836044841451e-01,-3.736963188556547966e-01,-2.797134729736429071e-01,-3.563751032586462975e-01,-3.053097230511370719e-01,-3.172791883470472141e-01,-4.909368963740320391e-01,-4.538340091932352993e-01,-2.372844241689114064e-01,-4.142844117453340913e-01,-3.369591373941246970e-01,-4.382855095265589807e-01,-3.528256430562478063e-01,-3.860600227944013807e-01,-4.679491584303664409e-01,-4.396659650201593106e-01,-5.071932429202203885e-01,-3.409225154444412431e-01,-4.744086684654262309e-01,-4.547666753966286834e-01,-4.037950613361998009e-01,-3.860392638105825669e-01,-6.060998761306978233e-01,-6.952556626135237838e-01,-4.734330806827448668e-01,-5.820759278834869432e-01,-5.477423268889286545e-01,-6.642323945296210175e-01,-6.212077642833038205e-01,-6.828738264757914234e-01,-5.673137230914779838e-01,-6.439175560213655780e-01,-5.356339996513383994e-01,-5.496001935250457437e-01,-6.739011427549651545e-01,-5.920771136013480707e-01,-5.882084259834193807e-01,-5.421932159482760749e-01,-5.920057051060417797e-01,-6.207469787774388958e-01,-6.564441627284665071e-01,-7.518106528311050418e-01,-5.978924867489797679e-01,-6.263022101027607702e-01,-6.801279673510793877e-01,-5.420558851617516272e-01,-6.025293489519611967e-01,-6.409983351019262754e-01,-6.244620631440558345e-01,-6.019724112491124934e-01
-4.294646540267874762e-02,5.582497240758317646e-04,-1.182490856475088975e-01,9.073236939212513119e-02,9.004661479548611500e-03,-1.156908760231447897e-01,-2.763558378148618933e-01,-1.752315645667485988e-01,-1.537381764896917358e-01,-2.128210087706014220e-01,-2.166440605710947542e-01,5.029471889744161622e-02,-7.798016153030863651e-02,-5.518089837120113833e-02,-1.739439211856201872e-01,-1.405075574780466630e-01,-2.233443724054712809e-01,-8.214186536799081284e-02,-2.665056384742127693e-01,-1.147641285509528181e-01,-8.285480707763562269e-02,-3.486487253486778570e-01,-3.499606628190872759e-01,-1.133812043538841158e-01,-1.239555387732391295e-01,-2.074409179911960166e-01,-2.418296923268277721e-01,-4.480718679377549418e-01,-3.579069478549213312e-01,-3.236363344181293344e-01,-4.346506574447809856e-01,-4.240442553987243679e-01,-3.910213525905036902e-01,-2.068974309796098310e-01,-3.951605946293210159e-01,-3.251688098574586627e-01,-3.268745114724041501e-01,-3.355170010261899205e-01,-2.069283000302042930e-01,-4.173484562843920997e-01,-3.512669066492447589e-01,-4.489782404997882947e-01,-4.699832351989519097e-01,-5.053073149803494202e-01,-5.124004265204064046e-01,-4.680058685581863220e-01,-3.450258620863087544e-01,-5.971599957868914954e-01,-4.492027585178909321e-01,-4.822309968201287655e-01,-4.800250544913527428e-01,-5.561274466689556384e-01,-4.180323760099800556e-01,-4.743122562455966973e-01,-4.833135706313304025e-01,-5.725424258371429875e-01,-5.030809299808703949e-01,-6.810291806318277130e-01,-5.580219401214436825e-01,-5.848985437801416110e-01,-5.545444470177998131e-01,-6.126094686659567801e-01,-6.732742056609304360e-01,-4.936733836895446093e-01,-6.107505738291034714e-01,-5.429471236031199188e-01,-6.068827195622286119e-01,-5.867466849639305648e-01,-6.041724371985607300e-01,-5.994698007082817082e-01,-7.009769078565980527e-01,-6.562033121041223049e-01,-5.903058602950619349e-01,-6.379502022829001140e-01,-6.314640720960280618e-01,-5.764190936101970530e-01,-6.429812820720203215e-01,-6.448250378454952747e-01,-6.069765709728647263e-01,-5.840171203792180465e-01
-5.124552419097073291e-02,1.126004640961168063e-02,-2.474660332153960293e-02,5.572651318448139379e-02,-2.328289051791466308e-02,-6.890923095721611380e-02,-5.418133212545828137e-02,-8.751685656792432266e-02,-1.052266250952475363e-01,-1.002421354443699675e-01,-2.232388531730899461e-01,-7.014625985320546708e-02,-6.261205275661922698e-02,-3.593524066739887945e-02,-2.303439788590757320e-01,-1.338745837081483925e-01,-2.812999712308840716e-01,-1.189087168462111543e-01,-1.647853199668452007e-01,-1.611480929147254271e-01,-1.836356025228268740e-01,-3.534883998837511920e-01,-2.537756769255709588e-01,-1.666513970578725468e-01,-2.612590367599114116e-01,-2.114309652879950707e-01,-3.401344862241752476e-01,-1.280939350023811985e-01,-8.696877725394787373e-02,-3.417823208676302182e-01,-3.791932569330215830e-01,-2.229657614035873980e-01,-5.097189567543730648e-01,-2.817883835113464408e-01,-3.649027028371155112e-01,-3.481684955166839956e-01,-5.389767726111600599e-01,-5.203981230891329135e-01,-2.946958691328745994e-01,-3.299708921847291920e-01,-3.059475049765448262e-01,-4.742117962516556040e-01,-4.304565203866409506e-01,-4.250172363591511737e-01,-4.467641038686250843e-01,-5.171994455181296857e-01,-5.992782528770554951e-01,-5.091643643939909314e-01,-3.815248405189522463e-01,-5.333063874397997450e-01,-4.268089508034598745e-01,-5.452529032498555361e-01,-6.097902775514369988e-01,-4.554851570878370448e-01,-3.811269195444223490e-01,-4.311939268588265151e-01,-4.990993798735973708e-01,-5.685740580616479578e-01,-4.787398184631247999e-01,-4.788019298061241824e-01,-6.152515478556606077e-01,-5.149801141963341600e-01,-6.331423411322755213e-01,-5.244909405320348217e-01,-5.178022039822034461e-01,-5.723481098044663762e-01,-5.853147286108211222e-01,-6.121014985515073059e-01,-5.965698666974879050e-01,-6.419291759699482514e-01,-5.442224293250782496e-01,-7.062438346987033322e-01,-5.800948947047576132e-01,-5.281013673280080534e-01,-7.372794630558620055e-01,-7.387416147142719103e-01,-6.426057486773704142e-01,-7.427184914285364092e-01,-7.080310004777830013e-01,-6.511028673773904263e-01
-1.012481367307779406e-01,-1.552834829496018698e-01,-1.262904739481613414e-01,-9.294913475675364856e-02,2.264267287619635971e-01,-1.337875290307022069e-01,-8.946459080225933891e-02,-1.840537278293759571e-01,-1.344317622236596010e-01,-8.156068310966216317e-02,-4.365425804025546697e-02,-1.797958345789486823e-01,-2.481583106027671626e-01,-1.453949713716986836e-01,-1.948530037006621640e-01,-8.722664470291278949e-02,-1.264600627580478309e-01,-4.393057907778365190e-02,-2.848381882961100731e-01,-1.814047828746829794e-01,-6.626146704462451686e-02,-2.330855301778355926e-01,-2.048657607403510661e-01,-2.495020741751583226e-01,-2.389033256346459744e-01,-2.520887692932619606e-01,-2.563935165047079301e-01,-3.571816759918358120e-01,-3.366851019081005258e-01,-3.616629458607811265e-01,-1.748635231070041207e-01,-4.258936917547858081e-01,-3.039023445725075323e-01,-4.049866902221359033e-01,-2.605799113449345228e-01,-3.679164797860968728e-01,-3.852989741729249684e-01,-2.495517822955593545e-01,-2.942711658060327973e-01,-3.848539130549645804e-01,-3.726179695601324338e-01,-4.232255832049446331e-01,-3.244278797576938822e-01,-4.719308001126975571e-01,-3.131152381257729100e-01,-3.923704471470080835e-01,-2.051273891444165831e-01,-4.844955616721319802e-01,-4.443940642222056758e-01,-4.753491954034499423e-01,-4.799398964876314122e-01,-3.668345594248580976e-01,-4.251488678043190972e-01,-5.229365457452934685e-01,-4.373911116856001313e-01,-4.417379451815574010e-01,-4.254711234332773651e-01,-4.655641999018265698e-01,-5.222555596456381899e-01,-5.641001469794186818e-01,-4.759758380613143269e-01,-6.180976030620620731e-01,-5.607021238546259223e-01,-5.340673569992094860e-01,-5.207730639594113642e-01,-6.730491830348916960e-01,-6.098040696290324414e-01,-5.852666939161810244e-01,-5.639095857909665055e-01,-5.677700294096134082e-01,-7.307933041592462597e-01,-5.910113177896522130e-01,-6.888278201787044752e-01,-6.356329113906888928e-01,-6.789864212882038563e-01,-6.237749642118560756e-01,-6.622375673101430493e-01,-6.310510280321558474e-01,-7.073424085256289073e-01,-5.769989591012183450e-01
-1.100227407548267783e-01,-8.121805807238072217e-02,-2.888965333618743678e-02,3.935331256502690167e-02,-1.296640916368205047e-02,-8.710857715002691404e-02,-3.132921067784864150e-02,-1.500402130380801002e-01,-7.363141692884747624e-02,-1.178482149416428398e-01,-2.007049268711690038e-01,-1.886875931387414773e-01,-2.878737312989017028e-01,-1.994184554880293059e-01,-1.900561659533510084e-01,-1.034756699110457728e-01,-1.036045295894718749e-01,-3.141039727657431446e-01,-3.290916728386494294e-01,-2.042137825218335034e-01,-1.571615276960316443e-01,-2.082195974323387266e-01,-1.210620141503375019e-01,-1.827555265824270803e-01,-3.252440732247687261e-01,-2.969539005954267563e-01,-1.522335725578190524e-01,-1.147541488878893179e-01,-1.766887855805415741e-01,-2.897445294797070248e-01,-2.198369838386693975e-01,-3.882025403482288195e-01,-2.704931137993667467e-01,-1.539854100637360612e-01,-4.725139547218927261e-01,-3.379965608244587805e-01,-4.294509560591632802e-01,-3.898733319779709716e-01,-2.670313702257918198e-01,-3.339991515845144865e-01,-4.026962677287402870e-01,-4.472892444570387704e-01,-3.996595255213291065e-01,-2.810386557140026054e-01,-4.062422476927184944e-01,-2.374967635476005756e-01,-5.002621229854294915e-01,-3.762130596650287706e-01,-4.953372727894658767e-01,-4.439351271033914470e-01,-4.980213569534873708e-01,-4.573187359970483645e-01,-3.449997056823136954e-01,-4.816320117514052979e-01,-4.849476288528353218e-01,-5.842563961498659086e-01,-4.727122961409764290e-01,-5.446004547557633524e-01,-6.008916883564729972e-01,-4.825366525328293466e-01,-5.155132695270935317e-01,-6.174538906647497605e-01,-5.510190629306273014e-01,-5.160918941126065862e-01,-5.296658597157933857e-01,-5.423095856900024270e-01,-4.716420997426389872e-01,-6.701286775492486525e-01,-6.858348164791485679e-01,-7.346196157878863708e-01,-6.310188148161489652e-01,-6.739613640440675901e-01,-6.530705741754372351e-01,-5.264927589385269835e-01,-4.733910504055539037e-01,-6.503077722094142699e-01,-7.078159735910581896e-01,-6.427156073465098984e-01,-6.893634164089105232e-01,-6.654696104837618531e-01
-6.574453547881418947e-02,-1.923310561489591786e-01,-2.158923905443384250e-02,-1.686834759071530465e-01,5.792715811068815251e-02,-6.591004356654850405e-02,2.133128112835811288e-02,-4.666832345716428326e-02,1.567720859636280717e-01,4.410101033276862814e-02,-8.803249973118129623e-02,-5.852913965756589149e-02,1.499863103836100242e-03,-1.391459041447067613e-01,-1.584617266294233440e-01,1.021731906846805454e-01,-1.864607397125834232e-01,-8.381179883716223522e-02,-3.674464708712840699e-02,-9.242664010269649455e-02,-1.003694493929168929e-01,-2.864497604663515662e-01,-1.024196844084327013e-01,-2.110716109346858216e-01,-1.053375712854354163e-01,-1.986438118285490939e-01,-1.580668485449040761e-01,-3.153889056511190447e-01,-2.208834386033591002e-01,-2.192512114361023501e-01,-3.523276259479590777e-01,-2.607363051052378755e-01,-3.379406736174992987e-01,-3.501352060633378671e-01,-2.969615499371819900e-01,-4.183089704475341786e-01,-4.645323636813128432e-01,-2.847707282547183860e-01,-2.422114879314677116e-01,-3.836983938571235098e-01,-3.345151496540827996e-01,-3.873633007914649706e-01,-4.238900744114472152e-01,-3.994260072937893535e-01,-3.253144410284017907e-01,-3.415050598464983711e-01,-4.653507937825511198e-01,-4.319112387217726168e-01,-3.624427578013199036e-01,-3.228786299754226041e-01,-4.614521301226552907e-01,-3.055640928200255013e-01,-5.470586726532624677e-01,-3.706298317644499685e-01,-4.997247851321915402e-01,-4.387342510342247537e-01,-5.494035465599834689e-01,-4.382238913282009429e-01,-4.098292635938086126e-01,-4.211045611705308001e-01,-4.683103514431378178e-01,-5.704802650777748285e-01,-6.077201708896659005e-01,-5.872448239573889728e-01,-5.768237115774701440e-01,-4.910007973868303344e-01,-6.064666792819971564e-01,-6.972747915194902335e-01,-5.868905616608284248e-01,-5.934608840276514030e-01,-5.126835207434410346e-01,-3.705176766620740247e-01,-5.401070900515344553e-01,-5.870842246017501376e-01,-6.238001129211331319e-01,-6.679214843423274539e-01,-7.127882807725718362e-01,-5.149190366635819638e-01,-6.303934161096970135e-01,-7.011381433897805326e-01
7.804645463009914075e-02,-6.923723601825723661e-02,-1.560468726603568002e-01,-7.160009911942845362e-02,-1.253906711629321491e-01,-1.147295411733414983e-01,-2.096708991713167394e-02,-4.359079332745272733e-02,-4.657396852473558863e-02,-2.270900404486644597e-01,-2.768657552243348197e-01,-2.491315150214055626e-02,-2.148781938802093450e-01,-2.576893100454231283e-02,-2.310059257064310256e-01,-2.065665977125289710e-01,-1.811016562134538932e-01,-3.392105057727989870e-01,-6.236485144063106528e-02,-2.665316405736306016e-01,-2.052530072419856133e-01,-3.345715787590280987e-01,-1.125140242712802940e-01,-2.215348699881962424e-01,-2.535372050112718600e-01,-1.308527766516721924e-01,-1.811293759108150436e-01,-3.061538452203942384e-01,-2.844418768010993914e-01,-1.966447734172538375e-01,-2.383543737300293508e-01,-3.271869569908859576e-01,-3.447649679148029334e-01,-2.384315848837587348e-01,-2.907151634615006697e-01,-4.209124997731527595e-01,-2.319196699543283890e-01,-7.491011634418150156e-02,-3.356203528414667958e-01,-2.307215829743373969e-01,-4.778811538749547227e-01,-4.508551200408196236e-01,-4.127802329869065256e-01,-3.161456721442074680e-01,-3.748600656109554730e-01,-3.383899853759125831e-01,-3.586092812777920691e-01,-4.522367428509065368e-01,-5.023172882401979455e-01,-3.650406055294359575e-01,-5.448982591770281658e-01,-4.633328145376837126e-01,-4.930878153096108218e-01,-4.485305862385105535e-01,-4.588021343911236616e-01,-4.629237198946471454e-01,-4.658345355316885206e-01,-4.039889695130004510e-01,-5.453823999393369037e-01,-5.058573331423575903e-01,-5.221065395559748579e-01,-5.058698336171681964e-01,-5.561263607936770548e-01,-6.983358831842366721e-01,-5.402029862214845490e-01,-4.997102483792040806e-01,-4.914655497881165180e-01,-6.725271789376762177e-01,-5.699524551514951742e-01,-5.379737827511349435e-01,-6.076508806373480676e-01,-7.003419557707578624e-01,-6.296284074047314716e-01,-5.905404029604636174e-01,-6.084845191931491648e-01,-5.788596621990663715e-01,-5.980799185176290944e-01,-5.794918632536383285e-01,-6.026386471320767102e-01,-6.432617508379944171e-01
-1.180532221184564107e-01,-1.346264244435542998e-03,-1.531029687435613018e-01,-7.084868222863625886e-02,-2.317184385189621776e-01,7.935177272326407807e-03,-3.016645162990651621e-02,-1.437207407432931384e-02,-1.834074885072650707e-01,-8.318615487389771634e-02,-7.011238704987851622e-02,-1.551998013056918313e-01,-1.668990522254421710e-02,-1.468325919836716009e-01,-2.864380528919602958e-02,-1.698163106924666377e-01,-2.072833119811509639e-01,-9.711539968506652243e-02,-1.750800790879491198e-01,-1.365472227484449408e-01,-1.650976774440698069e-01,-3.503782956691985362e-01,-2.066909529133604539e-01,-8.119350865442022391e-02,-2.077308991915203795e-01,-2.464366978382891982e-01,-2.163070577726247667e-01,-7.089780187297896330e-02,-2.349191363736973237e-01,-3.151036723167551235e-01,-1.293372283758783547e-01,-2.511459970967340749e-01,-2.333160978082224613e-01,-2.903144023962553333e-01,-1.519623250594775987e-01,-3.114310540045448494e-01,-3.254796865061415079e-01,-2.279866191669586706e-01,-1.717938187895287905e-01,-3.647821615071963341e-01,-2.684017698790298057e-01,-2.986808671182975550e-01,-3.930212859734327213e-01,-3.476288135111079702e-01,-3.664762081339128508e-01,-3.089890091044698583e-01,-4.341526833570932831e-01,-4.285787259034004593e-01,-4.976094509133502930e-01,-4.203261995302340903e-01,-4.397842920344057771e-01,-3.199973217195246078e-01,-4.328229397023243274e-01,-5.326438680808378567e-01,-3.694107833603004765e-01,-4.436255381512999585e-01,-3.962908157977335644e-01,-4.619739961949319018e-01,-4.411473143950651599e-01,-5.293953676266379693e-01,-5.379212547034298852e-01,-5.433215168212448543e-01,-6.015269268325440510e-01,-5.282306794485475132e-01,-6.221376428534046710e-01,-4.996868095849901215e-01,-5.169640051661738012e-01,-5.680962211577231802e-01,-5.740784109621499542e-01,-4.268090924795043817e-01,-4.850066189524685489e-01,-6.226917088503047815e-01,-4.344113808934880749e-01,-4.800910910101123807e-01,-5.502563774799421603e-01,-6.298620737365279165e-01,-5.151568961886240361e-01,-4.477859987681063747e-01,-5.299054418325269689e-01,-5.741980287630917834e-01
1.560707774148677174e-01,4.566380520804735887e-02,1.536277362238717692e-01,-1.469030984281447516e-01,3.388330627264937722e-02,-1.386664044727282386e-01,3.845948321252356389e-02,-5.915115823495535607e-02,-1.923478796765942800e-02,-2.347868164948505032e-01,-5.138308154735676120e-02,-2.662453146910277735e-02,-7.121242781316051984e-02,-9.080237645397851165e-02,-2.826575251877154193e-01,-2.644990170152093367e-01,-6.958507086568456457e-02,-3.817344973480688020e-02,-1.357663672524792586e-01,-1.667625618556882461e-01,-2.630942990522175950e-01,-7.900162853892377102e-02,-1.839997087170542056e-01,-2.107234583971445419e-01,-9.010517147502154376e-04,-4.682347560367958877e-02,-1.428135368359168822e-01,-2.594912465612522201e-01,-2.100056892964102528e-01,-1.894567379824821374e-01,-1.464312336756486699e-01,-3.197845096540280485e-01,-2.878998957759281163e-01,-1.884441912029488075e-01,-3.841479979203759054e-01,-9.450466445686538097e-02,-2.915762610094969620e-01,-3.349102322114203001e-01,-1.116094863204280252e-01,-3.619334686317548511e-01,-3.409349626816646772e-01,-2.857078592479842527e-01,-2.816004589912842193e-01,-3.900349614628481620e-01,-3.887265730852187962e-01,-3.877734247662232292e-01,-3.340051956215642215e-01,-3.520787036294454331e-01,-4.039815582847682829e-01,-3.708401756053092968e-01,-4.018059755936852495e-01,-3.238953544800559636e-01,-3.436870631081895278e-01,-4.557408012445404166e-01,-4.579741717992526495e-01,-4.819395960957876812e-01,-4.481996607876001515e-01,-3.277477362154271878e-01,-4.834130123339797636e-01,-3.913477740671267857e-01,-5.571463738897275420e-01,-4.913693674593053728e-01,-4.488160800449965682e-01,-5.583387822994699823e-01,-5.057973026249300563e-01,-5.807656534068796894e-01,-5.617426374721877780e-01,-6.544330727420647476e-01,-5.954586449336668474e-01,-5.582914791597048954e-01,-6.755345856020175122e-01,-6.337930686266129987e-01,-6.423931672322940045e-01,-6.321566144926027420e-01,-5.523277266168837851e-01,-6.038642050770236525e-01,-4.949101760475093092e-01,-5.462826171649023399e-01,-6.842793725711943109e-01,-6.511157603886872369e-01
-6.531673994461743848e-02,-9.700951683642104056e-03,-6.486951673619768821e-02,9.192263644800201250e-02,3.490584687319361196e-02,-1.478068836239523065e-01,1.237960996947668271e-02,7.379471326607785209e-02,-1.025549457203448894e-01,-1.158244040971299904e-01,2.205015274057151725e-02,-9.664754656532410781e-02,-3.539677478771622449e-02,4.108000295695498488e-02,-9.197302681339653008e-02,-1.284885062535436329e-01,-1.834558165730678092e-01,-8.020747615569991107e-02,-5.939212576145788680e-02,-9.042934631057022998e-02,-1.222081615698568380e-01,-1.230568046945125643e-01,-3.310918995240852980e-01,-1.589820545119947914e-01,-3.116755744741998013e-01,-2.672749463065292597e-01,-2.164570760816519612e-01,-1.103832296163272247e-01,-2.804504753479544754e-01,-1.533498480472900716e-01,-2.402342331179604384e-01,-2.843596953872036814e-01,-2.656792514024446938e-01,-3.076905895888798481e-01,-1.222671671922207631e-01,-1.070830067015460657e-01,-4.265441252270498196e-01,-2.555619865193979878e-01,-3.870229213384160372e-01,-2.924416604231544481e-01,-2.861571271822019313e-01,-3.627770907770295761e-01,-3.519602846703692722e-01,-3.494999002235828489e-01,-3.950009455707058637e-01,-2.974680784281714674e-01,-3.472504213662379602e-01,-2.855087504314886004e-01,-4.296220432236795839e-01,-3.083921055252877852e-01,-4.558269270414051499e-01,-4.328294309057588718e-01,-4.371928737585644709e-01,-4.259286943386156876e-01,-4.218221613747029086e-01,-3.994298421948640487e-01,-3.890953544273159648e-01,-4.908309346327447975e-01,-4.967317643328105214e-01,-5.443549411335848465e-01,-5.586338158101106233e-01,-5.371413213353546379e-01,-5.340929849829603171e-01,-5.377474624799152281e-01,-5.794669896023166844e-01,-3.962080991712361167e-01,-4.927005067755928502e-01,-5.961571753160318510e-01,-5.613289505134241297e-01,-6.237516184687730281e-01,-5.759063150667549369e-01,-5.647575590858343597e-01,-6.057668851038229274e-01,-5.550496002136212637e-01,-6.525448657884251880e-01,-5.264405548152951697e-01,-6.411486691801616677e-01,-6.734399093137174441e-01,-6.404266237907041415e-01,-5.511267239806230123e-01
-5.855092934450852049e-02,1.869095140924834433e-02,-1.766633791508487872e-01,1.760882627966306110e-02,-4.372496720115252172e-02,-1.416394224076094610e-01,-9.753920978068456038e-02,1.956425579164163594e-03,-4.686734467368126877e-02,1.256462731256994259e-01,5.898116041899474464e-03,-6.203459901895190531e-02,-1.250179096795493196e-02,-1.719138107641700886e-01,-9.679470375523058223e-02,3.866232115632704802e-02,-2.023011789056173015e-01,-1.519123690039191898e-01,-7.745178905647656653e-02,-1.424792191023036003e-01,-2.942944495118801074e-01,-8.803537336327403595e-02,-1.873960927441279400e-01,-2.065832815493886809e-01,-1.438311504870757596e-01,-1.641482227017360962e-01,-1.787152714020789623e-01,-2.818509529323315888e-01,-2.507532257746363791e-01,-7.918494033889769690e-02,-1.826616738247998084e-01,-1.795416770508812820e-01,-2.026978353044805170e-01,-2.704103557912367894e-01,-3.450143614067615605e-01,-3.867167297970940387e-01,-1.839021891557742205e-01,-3.363271615145213000e-01,-4.225484184603448545e-01,-3.090114579898844971e-01,-2.981952199291606487e-01,-3.967558639659617969e-01,-3.704666666603336767e-01,-3.759848795189861814e-01,-2.843476799537413835e-01,-3.193213659781877767e-01,-4.020540501385223009e-01,-3.698957194453169062e-01,-4.552194285107130645e-01,-2.919530700026222170e-01,-3.955422032261240450e-01,-3.857959338472569666e-01,-4.284994710879159174e-01,-4.322734315749224843e-01,-4.862626584964861443e-01,-3.815909391411156926e-01,-3.050780758644789370e-01,-4.227862633303415829e-01,-4.605233040674891476e-01,-4.731861267377653335e-01,-2.718312785595179415e-01,-4.634559982295211600e-01,-4.993679729174310133e-01,-4.624248236774543552e-01,-5.765259846020100998e-01,-5.067425008217927296e-01,-4.485471621236766793e-01,-4.698526961471778396e-01,-5.536105360236222017e-01,-5.584956635240030387e-01,-5.990072284100247391e-01,-6.045038924704553285e-01,-4.490579062123010723e-01,-5.592172894438101061e-01,-4.723203534726202468e-01,-6.762527225627281702e-01,-6.395498850052186990e-01,-6.331853515220181583e-01,-5.886350568352846091e-01,-5.819445743005208227e-01
8.822063830947758645e-02,-5.968104903426536129e-02,-4.310758384611840938e-02,-1.626726607988983886e-01,-2.145043156007369056e-01,-4.535475617336900966e-02,-1.347610980176415230e-01,3.518282429607207801e-02,-1.165347236254667650e-02,-8.632110760174610542e-02,-8.187547718350916826e-02,-1.037792772983472112e-01,2.852009120809307838e-02,-2.269223374275716465e-01,-1.932029246111319765e-01,-2.019088724272627075e-02,-8.850797530160531279e-02,-2.828913390042663289e-01,-1.845495759775808153e-01,-1.876387675615625306e-01,-1.467924799985790563e-01,-8.470723688911684091e-02,-3.191899084610063664e-01,-2.661831749360541455e-01,-3.477584370649470791e-01,-1.523388129311054606e-01,-2.587427280881519076e-01,-1.342262222701354202e-01,-1.184570742419030348e-01,-2.067188996188884242e-01,-8.360382970200312680e-02,-1.747624515337013740e-01,-1.109018542140681185e-01,-2.132629944136254785e-01,-2.599895975769780931e-01,-2.260629245260477316e-01,-2.448053266999843658e-01,-1.551150137956941455e-01,-2.579935695076562285e-01,-3.149417189423619479e-01,-3.117026420454709901e-01,-3.571417629770105573e-01,-3.821694715383012197e-01,-3.543293773729098151e-01,-2.554509483363453515e-01,-5.072031130972174395e-01,-3.424331727332143305e-01,-3.243596685248409939e-01,-4.598598912853353871e-01,-4.577866064062536822e-01,-3.445446807048664906e-01,-4.922186639224301330e-01,-4.392191487774548264e-01,-4.066060012527001888e-01,-4.623429694710269877e-01,-3.716836735890554633e-01,-3.390262922397966894e-01,-5.349739511380370294e-01,-3.648635209494823228e-01,-5.114836322755770270e-01,-4.051712194025125502e-01,-4.061156537039163350e-01,-4.981776914608561646e-01,-6.088077349313288922e-01,-6.155238727329496173e-01,-3.984795323973508996e-01,-4.897378984474770047e-01,-5.378414950951290185e-01,-5.142109593201281692e-01,-4.960734451421945912e-01,-5.866901780370786801e-01,-5.175466085723738896e-01,-6.361796813301748843e-01,-7.056054593850610290e-01,-6.337496344938172710e-01,-6.609918161331567177e-01,-6.744223182000883554e-01,-5.012621703259928507e-01,-6.766898829205226784e-01,-5.606862543581796476e-01
-1.246380378113647741e-02,7.462052117784004346e-02,-4.576685532110449928e-02,-9.543354769742706800e-02,-1.181216606542711961e-01,-8.098923447809268372e-02,-1.733606964284948038e-01,-1.721603298626316891e-01,-2.586144568998625659e-01,-1.797601697563860623e-01,1.494044479827596750e-01,-8.502924604377856688e-02,3.011753526704952916e-02,-1.795354296976754693e-01,-1.258598986523578045e-01,-1.598199408993789816e-01,-2.292697122983921032e-01,-2.316118394829421168e-01,-1.624389521531265923e-01,-2.584309802318994209e-01,-2.723607735866243051e-01,-2.060444025946470137e-01,-2.223682818519633897e-01,-3.184237487551218604e-01,-1.793243085220559141e-01,-1.454258829690719679e-01,-7.424378869548180215e-02,-1.801125581360123740e-01,-1.386011505341758210e-01,-3.085128744486479446e-01,-1.749783302384195771e-01,-2.255038622333462306e-01,-2.096052221508577229e-01,-2.708552394851063139e-01,-1.735099213841547194e-01,-2.550662702317698649e-01,-2.160550147962429501e-01,-3.666481894161225941e-01,-2.747590390867952759e-01,-3.549675172365404641e-01,-2.654642949533727592e-01,-2.907908650328849265e-01,-3.409931309600849336e-01,-3.528351060245863979e-01,-3.375723669497546209e-01,-3.399910537411287015e-01,-2.058303464152196616e-01,-3.886145129682714860e-01,-2.351532151866805309e-01,-3.365609266645606112e-01,-4.111005350156059501e-01,-2.719394613891937817e-01,-3.743743650185800687e-01,-3.370381787467221502e-01,-3.299155717795909104e-01,-4.572188611883642451e-01,-5.810284148503864765e-01,-4.143002320375128722e-01,-4.870455374679891758e-01,-4.333042391898493384e-01,-4.784419167495045366e-01,-3.247426551371399017e-01,-4.331896811238769573e-01,-4.532309614629316807e-01,-4.917476559449635021e-01,-4.653942900355657053e-01,-5.488667245056835231e-01,-5.282658915308038328e-01,-4.118867585154921684e-01,-6.493946443897783416e-01,-5.226807425489603531e-01,-5.233340502764626256e-01,-4.569326525456465782e-01,-5.151601444274195307e-01,-6.237781101569432884e-01,-6.290670891208364202e-01,-5.682300065453708138e-01,-5.708941882034679338e-01,-5.202888279250694747e-01,-6.529227844641276590e-01
-3.712145083590634442e-03,-8.518462744998323011e-02,9.880228122534912005e-02,4.010321871099851998e-02,-6.736685761148714091e-02,3.257788101148977739e-02,-6.906633764553109234e-02,-8.773132267406706652e-02,-1.579906241035548553e-01,-1.053681731300157715e-01,-6.277108971932854505e-03,-1.854396934822008236e-01,-1.371404446695433654e-01,-5.601579348662934915e-02,-3.362092827013437035e-01,-1.701768140840881072e-01,-8.978591525404401585e-02,-3.146549810827036636e-02,1.562488449621247943e-01,-1.094325344660279781e-01,-1.033467565845822278e-01,-1.859976983351289137e-01,-4.205210016772990556e-01,-2.467517341289697241e-01,-1.650967691440835272e-01,-1.795375926643722753e-01,-2.097149013283726715e-01,-1.926903983408621845e-01,-6.436776104622346506e-02,-1.222613428326680129e-01,-1.937460067767094729e-01,-3.267360681463850614e-01,-3.408409012711701158e-01,-3.456730176605742333e-01,-2.226260983310164032e-01,-1.729706489633943411e-01,-2.687096419726700547e-01,-2.251183075680857626e-01,-2.026893702928839469e-01,-3.190219452467378813e-01,-4.012117741756404121e-01,-2.367670267729538869e-01,-2.943881247559874126e-01,-3.808940514662146337e-01,-3.383373078460368277e-01,-4.123006720776499212e-01,-3.075740987141836746e-01,-2.767731000984783862e-01,-4.466525457469840421e-01,-3.553872176582733022e-01,-4.235799951166299149e-01,-4.495832596680972570e-01,-4.043914176538896954e-01,-3.647546995247307189e-01,-3.224433208462015310e-01,-4.304684988951732461e-01,-5.055260325788892839e-01,-3.007705032834560033e-01,-3.625363229456438074e-01,-5.145817168007174036e-01,-4.018400311785867984e-01,-5.133078436428928359e-01,-5.059294667145254332e-01,-5.172475038302596362e-01,-4.884647633459771598e-01,-6.192145242860008780e-01,-5.239385624849116629e-01,-5.629563140524925791e-01,-5.878703132090563610e-01,-5.519677103446640754e-01,-6.171579282380450504e-01,-4.580774262597747670e-01,-5.638889563153663964e-01,-5.558538356155723337e-01,-6.324378588311859728e-01,-6.129422554862632433e-01,-4.690828414377322120e-01,-5.046118522770961512e-01,-5.693483584480779625e-01,-6.391486027034024575e-01
8.968408144897691003e-02,-1.052936838426909473e-02,-1.411672791367174495e-01,-8.181172313645994343e-02,-7.242559203974392734e-02,-1.291166350427998266e-01,-4.166884066108700324e-02,-9.328289191209444831e-02,-6.493811265540393174e-02,-1.881082282795766558e-01,-2.316164637408345273e-02,-7.545211141080143680e-03,-1.609350282123005182e-01,-8.416763263146762042e-02,1.654291035750022620e-01,1.713211365325529451e-02,-1.465357339100854250e-01,-2.131550640888573156e-01,-1.004087624684034535e-01,-2.908993247373290458e-01,-1.782736326179984176e-01,-1.154260689020968900e-01,-2.207559964486925930e-01,-2.026162519584162880e-01,-1.135786421202400615e-01,-6.348196887273703515e-02,-2.619340182339769396e-01,-9.125632189771194780e-02,-2.847493826196126343e-01,-6.599647260775168278e-02,-1.995096901358856256e-01,-2.312111947235368226e-01,-2.536987566484053547e-01,-3.026809045962807754e-01,-2.400162209555593285e-01,-2.073904057282450197e-01,-1.671928380372726120e-01,-2.666506868531873242e-01,-2.932851929542272251e-01,-1.660571976585044351e-01,-2.362852685523751106e-01,-2.786012058226919330e-01,-3.646185306425271944e-01,-4.334638758589173801e-01,-4.875607745186322783e-01,-3.155212786420496518e-01,-3.966365945770629065e-01,-2.796221171000266570e-01,-4.680356979359792668e-01,-3.831885535652251873e-01,-2.423272140503736349e-01,-4.348241581647956377e-01,-3.516749208976475694e-01,-4.659837105024695059e-01,-3.851737525296553000e-01,-3.576639155154485716e-01,-4.296081240993025463e-01,-3.961711699334072856e-01,-3.581150668337242937e-01,-2.615877789925034613e-01,-3.381320291323618443e-01,-5.617002715516892231e-01,-3.837791865768709898e-01,-3.944685305692187116e-01,-5.897793193277894863e-01,-4.841347044037435099e-01,-5.703008511026957938e-01,-5.811230660486255140e-01,-6.448875900785775439e-01,-6.361468521057089820e-01,-5.154968855440390518e-01,-5.252263821106583075e-01,-4.921617176249427072e-01,-5.049960809542463069e-01,-5.849859237752035312e-01,-6.001540059101986291e-01,-4.693083663653421223e-01,-7.141742162498408986e-01,-5.870188181868827293e-01,-6.288665640373378718e-01
1.071144954991338702e-02,-7.096010965336337593e-03,-1.111796044119984922e-01,5.817705787612761914e-02,-1.269285732721847360e-01,-4.395991639856156041e-02,5.095191555496769026e-02,-6.408998516958162861e-02,-1.737462321920096864e-01,-2.002342614937936693e-01,-6.266463021124972499e-02,-1.160658551828029350e-01,-2.102344808941060961e-01,-1.114020784744286091e-01,-1.803375773391699757e-02,-1.163543582459142661e-01,-1.661131402434311011e-01,-5.912973116124214251e-02,-1.141882153645853853e-01,-5.108152025490120263e-02,-2.836135286045526893e-01,-9.810776781542754343e-02,-8.354939765509961092e-02,-1.778822805657058470e-01,-3.513212117463723194e-01,-1.765886228528973090e-01,-1.985992607607942884e-01,-3.475066266791959069e-01,-1.257330096188842561e-01,-2.112714722011118651e-01,-4.634031466696665880e-01,-2.548894476489891314e-01,-3.125211365141964404e-01,-2.219941033324100699e-01,-2.284397422122433352e-01,-3.088583374731612707e-01,-2.987982369906185820e-01,-3.498454490138714346e-01,-2.494066925034099380e-01,-3.487908238975467867e-01,-2.393900742412229943e-01,-1.637337182094962817e-01,-2.168973864786915284e-01,-3.940839694418837857e-01,-2.111346047740544907e-01,-2.886978306286352991e-01,-3.200605309385067820e-01,-4.208919053608685679e-01,-3.496591810474523609e-01,-3.271486141093311040e-01,-2.547901402338784704e-01,-4.778536913950640619e-01,-3.558176452112476462e-01,-4.961908151029280067e-01,-4.807663722693542030e-01,-2.356007756499750305e-01,-4.833977371140119050e-01,-3.491885416240915752e-01,-4.592994307321603964e-01,-5.027317303447093044e-01,-4.187970504644293879e-01,-3.752430896923942827e-01,-4.654703216767967500e-01,-3.177330798580363935e-01,-3.151269235067956087e-01,-5.557584970943592051e-01,-5.391360695381285373e-01,-5.734172641599702969e-01,-5.352754661637217914e-01,-5.532992136524931270e-01,-6.134983842660997055e-01,-5.329430842003543001e-01,-5.719888984610185245e-01,-4.452828521588651500e-01,-5.109355059102210772e-01,-6.436933787858948319e-01,-6.033347206319572553e-01,-5.124524969388841722e-01,-5.115123648354426011e-01,-6.517525845118520289e-01
1.511569381747587815e-01,-5.499977862438374700e-03,-5.042497503250856217e-02,-4.471006985669478268e-02,-2.671531210665853417e-01,-2.053085333305195576e-02,1.209660818750463683e-02,9.835406324268635911e-03,-2.418964891543378543e-02,-2.493483981381987846e-01,-1.885849091168773639e-01,-2.943701126626003736e-02,-2.786008666552637278e-02,-9.833388584879881877e-02,-7.529318222396828852e-02,-9.943513446166866998e-02,-7.998449209024993678e-02,-1.589552333257192029e-01,-1.418607850248652935e-01,-9.326265554041691941e-02,-6.305210436173278032e-02,-1.706552764113117571e-01,-2.074489520323608838e-01,-2.042855618266031514e-01,-1.445142718255340852e-01,-2.236291009563728394e-01,-3.357961676374742188e-01,-2.525610539848870961e-01,-1.022217582066044100e-01,-2.189806663362340033e-01,-1.797132288376202258e-01,-2.887024471882548293e-01,-3.061601354744638015e-01,-9.842015264620419812e-02,-2.383668559799309028e-01,-1.023365115111923296e-01,-1.274577960292413992e-01,-3.470975708665454684e-01,-2.193569482454334196e-01,-1.344210148635350821e-01,-3.063984378925651564e-01,-2.339960052151688896e-01,-3.125262933560068457e-01,-1.817364642683728937e-01,-3.321070417160067456e-01,-3.453948985776689740e-01,-3.747545630302197006e-01,-3.718080298353932389e-01,-3.121359395143615267e-01,-2.615865605766907742e-01,-3.890970412460874051e-01,-3.531731724175002918e-01,-3.068584871193404950e-01,-4.518913019546643706e-01,-4.521551076563392058e-01,-3.505032684078271399e-01,-3.299494651212122043e-01,-4.539407709041931027e-01,-3.928112131574296728e-01,-3.155053758722074497e-01,-4.146872762873857754e-01,-4.031248140336303742e-01,-3.951300371500857112e-01,-4.267841007232052730e-01,-4.883092769444498660e-01,-4.553771610768533873e-01,-5.594823079516674236e-01,-6.346525531837983181e-01,-4.876167818043250501e-01,-5.168708472164533774e-01,-5.253122175310912523e-01,-5.982137817725335927e-01,-5.374968451094851440e-01,-4.602256627516913556e-01,-5.529577044540944231e-01,-4.800471470901488402e-01,-6.320580194968230536e-01,-3.974447357485957344e-01,-5.811038061696593982e-01,-5.667407515880654723e-01
-2.150137554123993655e-01,2.631969903166997068e-02,-7.167994073070876881e-02,-1.650022888939720600e-01,-1.147916150255370721e-01,-1.675642137818713628e-01,-1.638131260263661071e-01,-1.723427715843091346e-01,-1.410416139217606640e-02,-3.752407589917385045e-02,-1.005720153648827775e-01,-4.488775711467796192e-02,4.901346434093993391e-03,-8.188984855089069537e-02,-3.774089256210607507e-02,-1.259103062449567767e-01,-1.049057283484867570e-01,-1.234661971799576319e-01,-3.132157439321652803e-01,-1.982228179034309645e-01,-1.782941556266616490e-01,-6.074806937513001909e-02,-2.599217470743224734e-01,-3.867256867704155221e-01,-1.026874610695056034e-01,-1.920324608489317464e-01,-2.137263085883783220e-01,-3.997990377981469612e-01,-7.650776394641863043e-02,-1.655872448053636592e-01,-2.827462635537983937e-01,-3.694016441320905897e-01,-2.241558893885752246e-01,-1.679208442334801654e-01,-1.609750250593477705e-01,-3.711388101171842480e-01,-1.944931977268553325e-01,-3.266711236243015626e-01,-3.886679319804529631e-01,-2.352118909603043706e-01,-2.654145020450654480e-01,-1.487075937435983486e-01,-3.429244149057795732e-01,-4.065055010470345342e-01,-2.849808109829121694e-01,-3.028471745822934325e-01,-3.628770103515835399e-01,-4.542436816603767635e-01,-2.817836610072835257e-01,-4.725814748123438602e-01,-2.617374733817993682e-01,-4.789280988052444510e-01,-3.970557735038701130e-01,-3.377655302665859005e-01,-3.716408929685129925e-01,-3.257314499235867689e-01,-3.646217977866025861e-01,-4.655055296071796689e-01,-3.966669340628923290e-01,-4.600444686382484383e-01,-3.418125637786768034e-01,-4.375102739963027676e-01,-4.455385114586987716e-01,-5.912027946300145720e-01,-3.971523272047000064e-01,-4.736304944601072431e-01,-5.726785591598634317e-01,-4.099312412565733754e-01,-4.368915173824173270e-01,-5.439169289309273569e-01,-4.368182224757855558e-01,-4.911653990822502092e-01,-3.306292505766262879e-01,-3.612287000587903751e-01,-5.129004479233499891e-01,-5.768095633743509643e-01,-4.478451777954781110e-01,-4.638275837569750260e-01,-5.955470756659384524e-01,-5.104641830143490377e-01
-4.809516028253346676e-02,3.937166902773477084e-02,-6.187643317599121097e-03,-6.304058762436781649e-02,-1.198710583260781219e-02,-2.371331224920281977e-01,-5.178969945662133950e-02,-1.081112234733368769e-03,-9.574882356542105399e-02,-1.229401805717481311e-01,-3.858731293024025150e-02,-1.448157667055945952e-01,-1.509459173454106018e-01,2.812192484367839404e-02,-9.157470620705115971e-02,-1.268042963909044585e-01,-1.227069764863817358e-01,-7.693485814426155589e-02,-2.238363460503597635e-01,-2.521033234675439383e-01,-2.201004164219656223e-01,-2.191338065061678581e-02,-3.047385804677638088e-01,-2.088586228604792372e-01,-1.496951593234118194e-01,-3.346461551592322392e-01,-3.383029730869263063e-01,-2.246204497942521916e-01,-2.821407554819572727e-01,-4.240649347601633395e-02,-2.567985669202703658e-01,-1.926256098664381744e-01,-1.477514652986594845e-01,-3.029926298973785181e-01,-3.068306473815956559e-01,-1.399975155513963065e-01,-1.737640687440993037e-01,-2.330479343762028310e-01,-2.683239400129630581e-01,-3.518595838350112026e-01,-4.326421608056980617e-01,-1.952111185680162897e-01,-3.560540278161069550e-01,-1.740719289869089581e-01,-4.913810127641243808e-01,-3.482269277407963881e-01,-9.619758480704687642e-02,-2.702380990145374917e-01,-2.223886323801001763e-01,-2.431265417973748344e-01,-3.924257191498752295e-01,-3.474969280010838379e-01,-4.492614330618608931e-01,-3.856494172491212735e-01,-3.494750442975570470e-01,-4.562969702433370967e-01,-4.375674835624763781e-01,-4.234528296753757859e-01,-4.439328324218876909e-01,-3.051528637140278888e-01,-3.234990404052584534e-01,-3.590200187282173161e-01,-4.431146979591432666e-01,-4.597544686080906051e-01,-5.759921676588468653e-01,-5.389713171633550015e-01,-5.341374388649008376e-01,-5.097960382467799922e-01,-4.245028447543371941e-01,-5.537720365343923312e-01,-4.542081226659620552e-01,-5.780660828152074382e-01,-5.385072707944488224e-01,-5.328220242161575415e-01,-4.431071689669994762e-01,-6.271175904426532499e-01,-4.919157545983353086e-01,-4.719261753662869485e-01,-4.970376678747185362e-01,-4.778869633310923737e-01
-5.268539054212841716e-02,9.369257922650571502e-02,-7.918362707549099488e-02,-1.493198331560470216e-01,-5.538924157605492476e-02,3.113315958663694094e-02,-2.776805646286355581e-02,-1.085323684928549658e-02,5.974425362568355768e-03,6.934481162802449972e-02,4.578922693295254566e-03,-2.168647752228931858e-01,-8.093210400782899216e-02,1.575987769179530984e-01,-1.406236004040148646e-01,-1.007164765585145949e-01,1.011362519389705644e-01,-1.512105822400600375e-01,-1.751478369010465719e-01,-1.467254358323449859e-01,-8.160451253577220843e-02,-1.110622499351432285e-01,-1.173186641196989621e-01,-2.439549372527855323e-02,-3.808712316780517582e-01,-1.928187438762933859e-01,-2.989182786201354802e-01,-8.834200967890479955e-03,-1.830168642942854029e-01,-2.826017693718526624e-01,-1.990132637189423181e-01,-2.433545594467893258e-01,-2.328503466388021637e-01,-2.831355725082378982e-01,-1.654883440706760023e-01,-3.358969495635294455e-01,-1.344500543875580267e-01,-2.249309719642863525e-01,-3.092854325796985382e-01,-2.039192442237666159e-01,-1.173676493871115140e-01,-4.968532183677121239e-01,-2.694721913956500958e-01,-4.097243022321565564e-01,-2.443173976422723104e-01,-2.326551772403368246e-01,-2.704766726368361685e-01,-3.402974362790026630e-01,-2.856027004019703885e-01,-3.867838892306757481e-01,-2.809962057984422557e-01,-2.690109854063744144e-01,-3.971454911634623719e-01,-3.616148877802827233e-01,-2.598828447516808859e-01,-2.512430295385710277e-01,-4.224995492711712819e-01,-4.262315018616198992e-01,-2.668692507319870844e-01,-3.181405208879484192e-01,-4.051819523507705356e-01,-4.124968053112940680e-01,-4.114835769280125732e-01,-4.179004390770556521e-01,-4.848901919038517416e-01,-4.508524535377317899e-01,-5.419463759470168895e-01,-4.913847819588763044e-01,-3.977136884620494639e-01,-5.814129364138609368e-01,-5.886575322520438691e-01,-3.904297191883294715e-01,-5.261625758259318442e-01,-5.525895185601943371e-01,-4.463858283911281699e-01,-6.140627966759967249e-01,-5.605479194526916675e-01,-5.265523601262710462e-01,-4.963583862812956382e-01,-4.948897870071073957e-01
-5.860642436819862161e-02,4.377065422001621270e-02,-7.901135167073727872e-02,-1.244653984979751937e-01,-7.155074080770199019e-02,3.122592765749719612e-02,8.994773196315112782e-03,-7.172472328254574092e-02,-3.720155455475393502e-02,1.298713593129565691e-01,-5.060712557447985538e-02,-7.666631240243111656e-02,-1.033856996363978903e-01,-1.400191784670657691e-01,-3.446862338125492586e-01,-9.486983342247644335e-02,-1.576874909975894690e-01,-1.303850187639624403e-01,-1.123221957874682847e-01,-1.112530951952314523e-01,-1.775005978560838804e-01,-1.209473140399957986e-01,-2.731853615778359057e-01,-1.965333703094725715e-01,-5.144674133544299005e-02,-6.974798970635030793e-02,-7.199096610302301025e-02,-3.033112053919035933e-01,-2.351399239574030464e-01,-2.206981246049377343e-01,-2.729756973112988372e-01,-2.431648685217343842e-01,-2.235347049026966404e-01,-1.956142073004469295e-01,-2.306240577091361321e-01,-1.731334495491355097e-01,-2.122726227886260197e-01,-3.500504050063938388e-01,-1.650714864997842868e-01,-2.177149863182409051e-01,-2.678490858995073998e-01,-1.408881921884537480e-01,-2.988709123284183922e-01,-3.471123042731544817e-01,-3.517621874443614405e-01,-3.569060324845007570e-01,-1.561311245141965287e-01,-3.363312021851639355e-01,-2.971675684823953945e-01,-2.133300534537068138e-01,-3.725925470829388186e-01,-3.130838099625600779e-01,-2.229553318462941802e-01,-4.692221663393618125e-01,-3.073025258117267344e-01,-3.896899268267494110e-01,-1.967412677608388616e-01,-4.197088962888729791e-01,-5.496107082239770625e-01,-2.860935747596531353e-01,-3.146683605739314937e-01,-2.985629916486717828e-01,-3.991797612622668967e-01,-4.102284993284099346e-01,-4.140373844955462235e-01,-3.923025317107340371e-01,-5.232855788657718721e-01,-5.817792093290496958e-01,-3.896923680736774087e-01,-5.090469429769479692e-01,-5.002651946724385734e-01,-4.516109517718906452e-01,-4.597939809846117165e-01,-5.585399439009212097e-01,-4.509544381239826150e-01,-4.822455616910494292e-01,-4.229024558952163004e-01,-5.931562372620828860e-01,-4.472730097536375959e-01,-5.379204487312724270e-01
-1.522435390273318145e-01,-1.303493352459990373e-01,-4.356850876601772032e-02,1.346372315940809750e-01,-2.771343779401662100e-01,-1.988590031299520833e-01,-4.023537926489716837e-02,-8.401007204689377172e-02,7.889563743973702914e-02,-8.564679470176525533e-02,-2.475793305987628312e-01,3.993889104029395287e-02,-2.170776933030621192e-01,7.928604837054492593e-02,-3.668147935252570879e-01,-1.642685637711839841e-01,-2.002440741750870778e-01,-4.155003872476866617e-02,-1.023932031599930487e-01,-6.111233267434083155e-02,-1.157275979314509456e-01,-3.058610661945636577e-01,-3.654235384068701409e-01,-1.945914797889146119e-01,-4.751500605730867022e-02,-1.123151619464079487e-01,-5.608565959883474866e-02,-1.444380337312475560e-01,-1.991714977774740047e-01,-2.655007454184042381e-01,-1.464872358519616335e-01,-1.405958136714852424e-01,-2.393762310820705952e-01,-3.220636027173051086e-01,-3.017044531140561925e-01,-2.203841056201048809e-01,-1.532096605047736093e-01,-1.130128734900674586e-01,-2.732534492327092224e-01,-4.050141794171118748e-01,-1.547231229444711587e-01,-3.880878279371848816e-01,-2.895556683045440449e-01,-2.392090020428439545e-01,-3.392379446068394255e-01,-1.310682028754061035e-01,-3.395341166911692299e-01,-2.886935318707491982e-01,-2.441983509344664016e-01,-2.927204607627500454e-01,-4.368906726720556688e-01,-4.094939020486574877e-01,-4.998618825304548818e-01,-2.619590033838150034e-01,-4.399324491681304017e-01,-4.462348761921329787e-01,-2.952492589409133616e-01,-4.266344651876122773e-01,-4.301758091478801727e-01,-5.341996944210533060e-01,-4.708756045951962288e-01,-4.684592924814991455e-01,-3.853483503821865108e-01,-3.489660356868743429e-01,-4.093942491548945850e-01,-5.286376929231610955e-01,-2.976014840442649523e-01,-4.578039162952410868e-01,-5.300836967497256635e-01,-6.030831836179870731e-01,-5.694267218769002437e-01,-4.795912122630239249e-01,-4.012061901322322988e-01,-4.285477884540210280e-01,-5.770168763741558848e-01,-4.617167123924923455e-01,-5.524002752141711214e-01,-4.330057325545599300e-01,-4.752668366081851392e-01,-5.108226939211175655e-01
-1.762186159013468256e-01,-3.324829759873014490e-02,-7.633524976962528796e-02,6.102971904454121410e-03,3.027807529247379670e-02,1.130073351558759237e-01,-1.083175726345249890e-01,-3.938769126076788196e-02,-3.344263606225252733e-02,-2.094275239592867724e-02,1.077831867117816922e-01,-1.756158714293958034e-01,-9.716068435077127030e-02,-1.271090696177701873e-01,-1.597384780831195006e-01,-2.191520484105044519e-01,-9.613836374515037642e-02,-1.795311409575247041e-01,7.226205328904317104e-02,2.371841461701070571e-03,-1.250165647473990005e-01,-8.292139621277103134e-02,-7.416264581457694682e-02,-3.475739065581172071e-01,-1.499185591350730706e-01,-2.335192147600521628e-01,-3.218857684705826450e-01,-1.217757220110970012e-01,-3.658314491181037797e-01,-2.672398859086724809e-01,-2.671316649068243287e-01,-2.084949727975285716e-01,-3.186683586035556903e-01,-1.118055155411052243e-01,-3.162432352710302652e-01,-1.227837180464311645e-01,-1.485492004229288510e-01,-1.682260316370589592e-01,-2.684469560684362710e-01,-3.501912583085958208e-01,-2.269549626964303402e-01,-2.585248700985612325e-01,-1.977274008187744625e-01,-1.710161263376458463e-01,-3.342027747847864938e-01,-3.781276194994090956e-01,-2.531860202181670516e-01,-4.162930489122723121e-01,-2.823151218899748183e-01,-1.794926108521870123e-01,-2.998854276657469953e-01,-2.209091164219550985e-01,-3.729414305791438067e-01,-2.416519372310575453e-01,-3.578092568440539023e-01,-3.601537340109915442e-01,-3.774923607225615929e-01,-4.313356126355608056e-01,-4.324541038032425622e-01,-2.969913821034829704e-01,-3.670449279831441425e-01,-3.926186745663015065e-01,-2.813131295773323992e-01,-3.384691708075351912e-01,-4.354305122036095099e-01,-4.079767420593515270e-01,-4.628890895737696187e-01,-4.521556252161474387e-01,-4.682737062485688440e-01,-4.857493252476903778e-01,-4.425064054188064810e-01,-4.074212510344663030e-01,-4.631235781397580187e-01,-4.956304027211443919e-01,-5.599000844338750671e-01,-5.637672377538701651e-01,-4.899161449751076036e-01,-5.198695259678106639e-01,-5.097445611621467254e-01,-5.303580584491555117e-01
-7.862002312020077710e-02,5.663980026961809577e-02,1.832754463133176581e-01,-3.263955739970304804e-02,-7.250666889092918788e-02,8.148696211516000655e-04,8.078462013990797552e-02,-3.132461345572106620e-02,-1.890451139714008633e-01,-1.588472786639785750e-01,-1.032325508062573588e-01,6.193754180442498369e-02,-3.894872241317579725e-02,-1.382796769066315934e-01,-1.371790270599193284e-01,-1.237394180601642940e-01,-6.872103334619079906e-02,-8.747711715869499471e-02,-8.235346902769298538e-02,-1.515030726388144344e-01,-1.888376532084500847e-01,-2.832135626781140392e-02,-7.238568229643746466e-02,-2.847484540385613605e-01,-1.326435061422682471e-01,-8.588095358099560872e-02,-2.919131013156647247e-01,-1.789021774676508025e-02,-2.635901308243501773e-01,-1.798986908360309944e-01,-3.034929665219626704e-01,-1.175526054841212614e-01,-5.258516196041577301e-02,-2.684294673789929808e-01,-1.750524690894952051e-01,-1.633854647180004172e-01,-2.604126705676515496e-01,-2.818228764403697406e-01,-1.716714332169732293e-01,-2.183322701463832616e-01,-2.789814566715180799e-01,-2.080005722818204505e-01,-2.596296518898367767e-01,-3.176424748865664949e-01,-3.664810293814516617e-01,-2.178639395950474344e-01,-2.245102874370741852e-01,-3.214221080628417715e-01,-1.306353241789076913e-01,-2.935735045343251248e-01,-3.605457543722201952e-01,-1.730490198559613835e-01,-3.203992856316755233e-01,-4.379216254862092206e-01,-1.764771819796148722e-01,-3.202872172828684638e-01,-2.332416564721855323e-01,-3.249676983921008788e-01,-3.317147499956873413e-01,-3.901312371162094506e-01,-3.868874422177638883e-01,-4.062349780078123307e-01,-3.521235744974085535e-01,-3.714918256315439260e-01,-4.007270594273448783e-01,-5.004037646562312647e-01,-3.445762279806468542e-01,-4.566963862557569809e-01,-3.536436913195951659e-01,-2.576223011743309366e-01,-5.369898370675962873e-01,-3.106417343434395018e-01,-5.777609306304977155e-01,-5.337639911273680537e-01,-5.245377312577350626e-01,-4.139395180733204671e-01,-4.336204847804394635e-01,-5.045411993724526756e-01,-4.338617319711772780e-01,-4.492479221867740069e-01
-1.315257057087405868e-01,4.366037468436183289e-02,4.652376688327305304e-02,-1.060955815171940042e-01,-3.549038681269842122e-02,7.245433836088754909e-02,7.983902325167374636e-02,-8.922229538037583507e-02,-6.976077532384027113e-02,-6.743010925856532389e-02,-8.393698176944847100e-02,-1.248379001176708053e-01,-1.140864638141056014e-01,-6.847086302295400662e-02,-1.488541972837797156e-01,1.694268690718886763e-02,-1.194237134836319825e-01,-4.773371077422015885e-02,-6.264658959674788974e-02,-1.218659319134137026e-01,-1.413215477415906696e-01,-6.270737096160816648e-02,-1.307003722485931274e-01,-1.216382557016516125e-01,-1.913067530171360664e-01,-9.777800373495733333e-02,-1.079028881050545369e-01,-1.424557063047880712e-01,-2.737255834250166830e-01,-5.166233292875185845e-02,-1.945119722421757014e-01,-1.480275730581195603e-01,-1.359392215944278115e-01,-2.182336197166785119e-01,-1.691947434775010473e-01,-1.718162205053990199e-01,-2.176824275494517180e-01,-2.500761732995546716e-01,-1.091813106545856116e-01,-2.042399186859800431e-01,-2.344743488625186667e-01,-2.665380303722907351e-01,-1.855124149165030822e-01,-2.571555169550274189e-01,-2.682541855753519111e-01,-2.042751690939155762e-01,-2.850469397798281457e-01,-2.754847803045405996e-01,-3.300043171643869955e-01,-2.122682795899017982e-01,-1.931441034745696450e-01,-2.170517784513000259e-01,-1.425498061969671382e-01,-3.571186637167524380e-01,-3.726923737906290834e-01,-3.816672961238002926e-01,-4.456909604324975627e-01,-1.643782736038868486e-01,-3.884607557216203655e-01,-4.947232867950552282e-01,-3.522818981795194371e-01,-4.752519754296972154e-01,-3.583803647724972397e-01,-2.765308085618553013e-01,-3.061633026371277655e-01,-3.802036234896282729e-01,-5.549129773299750212e-01,-4.242675851222432737e-01,-3.705409267509153781e-01,-4.835335519703186646e-01,-5.438930347018663403e-01,-5.448109297010343965e-01,-5.146790430292806917e-01,-4.454308453798953016e-01,-4.545270931479579724e-01,-4.870214859097710680e-01,-4.233277473984411454e-01,-5.812611173119729413e-01,-6.042575078106325881e-01,-5.846788200899447618e-01
9.174686023487947650e-02,-1.670652653422220191e-01,-7.297251928889204875e-02,6.861001140349416716e-02,3.353396518515568137e-02,6.060122537928557679e-02,7.461059546594785152e-02,-2.457684031370883579e-02,-1.578369081416622910e-01,1.186805334350033922e-02,-6.735048113209735066e-02,-2.155726012045017792e-01,-1.667017008729334282e-01,-5.926779334521133959e-03,1.159362963321382105e-02,4.938686419999604831e-03,-1.650171630041084303e-01,-1.582336459719141941e-01,-1.778505327503080991e-01,-1.838665107086099870e-01,-1.526388895107611693e-02,-9.611517945836073329e-02,-8.422613293405981083e-02,-2.321517163997246225e-01,-5.038548919117508823e-02,-1.360886343674828081e-01,-4.893605674094720498e-02,-2.744803057799143908e-01,-3.909371097224083602e-01,-1.088428788687852838e-01,-2.645547842511548065e-01,-2.090051011931876590e-01,-2.617771366052198401e-01,-2.889568370052935653e-01,-2.252407856539300757e-01,-2.129458869859143788e-01,-2.713786300264227624e-01,-1.568032355055928029e-01,-1.940643745302169931e-01,-2.811248479155304958e-01,-2.804935576050168189e-01,-2.761077384464296069e-01,-1.734990222728493292e-01,-1.808119164377937627e-01,-2.775723404047271692e-01,-3.729541937987406186e-01,-2.973464183502663727e-01,-1.696876170377612791e-01,-2.504000432911566154e-01,-3.249012277297053664e-01,-3.342949856561979738e-01,-2.175642863174283292e-01,-2.927817959097005485e-01,-3.455277701622171405e-01,-2.689576276910446428e-01,-3.794567365023440164e-01,-3.458548779195823597e-01,-4.216533572355537496e-01,-4.316955099403759211e-01,-4.542742362468267237e-01,-3.082801481888040596e-01,-4.259935107105163321e-01,-4.046395195617805696e-01,-4.340449117356449671e-01,-3.812354391523204433e-01,-5.446579107379937446e-01,-4.798166952000507135e-01,-3.071896205736087682e-01,-1.968924392512020338e-01,-4.612376367601118687e-01,-6.001686684103076930e-01,-3.855407862406136643e-01,-5.856516750516340686e-01,-5.488618462590620917e-01,-5.655659773210689467e-01,-4.383625134630810272e-01,-5.186478897277172484e-01,-5.586508684798624502e-01,-5.391352211951894180e-01,-5.156835022244807831e-01
8.841721783104690424e-02,9.060255781412160370e-02,-8.701217894156464128e-02,5.730051874790376143e-02,1.488266371028784951e-01,-1.603559435122617338e-01,1.268056238174539996e-01,-2.369247195044674528e-02,-1.342972349491825257e-01,-2.084651711393127882e-01,-6.263826782602822940e-02,1.558945792857100443e-01,-1.203723114230901836e-01,-9.244666645452793985e-02,-2.040647087977081331e-01,-2.622252794968019107e-01,1.022632734889704180e-02,-7.341138062944228826e-02,-1.318369190661068668e-01,-4.972387728915549088e-02,-6.404140443289799145e-02,-2.797860710476036128e-01,-1.756264656181405204e-01,-1.707619721531518919e-01,-2.478429280420813841e-01,-2.248327529255203169e-02,-2.437223748783277355e-01,-7.734104280626583061e-02,-3.678916720163777354e-01,-2.767738209275641403e-01,-2.057904046166059708e-01,-2.446991569809760236e-01,-1.473761184465821050e-01,-2.618641217667951882e-01,-2.361480853497756049e-01,-2.737812435704015113e-01,-3.104852638445576574e-01,-2.446951069726445438e-01,-1.559649350630484821e-01,-6.318724209107591874e-03,-1.755305534359557773e-01,-2.401139792632937253e-01,-2.427737631728287548e-01,-2.856883580144032320e-01,-2.679776464316186990e-01,-2.994605203232431623e-01,-3.488828443115837841e-01,-3.398585760505373199e-01,-4.643255954670951757e-01,-2.281003322219455343e-01,-3.137209886101168244e-01,-3.677179663759516659e-01,-3.662476486934683195e-01,-3.541026367181640544e-01,-2.783214676722245429e-01,-3.063121688375056717e-01,-4.765820589667583151e-01,-3.588167435655750803e-01,-3.621888340009348228e-01,-2.025378790438788212e-01,-3.391695479012203918e-01,-4.867216414561924553e-01,-3.731966376713248823e-01,-4.857351112326231402e-01,-4.642807632570443155e-01,-4.782898879652613955e-01,-5.015456965689700786e-01,-3.208092126254482590e-01,-4.193222228954677777e-01,-3.277864398395308743e-01,-4.348231789840644179e-01,-4.464630754683689973e-01,-3.588291588407331312e-01,-4.305275824668411411e-01,-4.236271724684612106e-01,-3.935652574908552470e-01,-5.286046228863653385e-01,-4.033972643615762466e-01,-5.549955849858595469e-01,-4.815807314938295169e-01
-1.241934561341928867e-01,-1.509025412545886013e-01,-2.089871838452902197e-01,-1.698653987523291164e-01,8.836746715813866004e-02,-7.712565683557918994e-02,-1.008476768013174124e-01,3.953164726922357708e-02,-3.432635977969284435e-01,-1.639820656914735969e-02,-8.293262499491096951e-02,-1.748586342069260724e-01,-2.254552843193930456e-01,-2.942966749407556204e-01,-2.121656831467723381e-01,-3.006306917834891332e-02,-9.311203720187403998e-02,-1.481087121378964200e-01,-2.865770014651572439e-01,-1.489058785431928988e-01,-1.144227351924816255e-01,-7.735081843666605228e-02,4.657769272244972891e-02,-2.225570542665259444e-01,-3.240384601584634771e-03,-1.198194695073673127e-01,-1.779139812951876232e-01,-1.012303108527433521e-01,-1.984215247895092515e-01,-1.957723183673922007e-02,-2.870021661530960388e-01,-5.661053674560129895e-02,-1.854539723893857406e-01,-3.714330423181795293e-01,-1.725484776201620107e-01,-2.674147894577127427e-01,-1.980623677764547230e-01,-1.954837185234986063e-01,-1.462205853657039256e-01,-5.222896617998363383e-02,-2.776449313006857933e-01,-4.497177863369410944e-01,-2.037872269517677637e-01,-1.881341338336713354e-01,-2.685329516640400649e-01,-2.287807958920186069e-01,-3.124697754184854182e-01,-3.503367957575130864e-01,-1.837934113907509215e-01,-2.881096670343977206e-01,-2.237417241607106144e-01,-2.538483898400795136e-01,-1.539652991393808124e-01,-1.079537901065687200e-01,-3.830932240460095395e-01,-3.142291764080611949e-01,-3.561650437460054386e-01,-2.824487454161622169e-01,-3.639739240046026558e-01,-3.955921928734543735e-01,-2.694834675690708226e-01,-3.427246259165682152e-01,-4.091653165985856822e-01,-4.257595709745726209e-01,-3.450366959593814675e-01,-3.928774090522030304e-01,-3.179215260809437060e-01,-3.979303079401252385e-01,-4.054163515964134268e-01,-4.197015659629011464e-01,-3.711993788822550155e-01,-3.595165611526554006e-01,-4.683270473679946311e-01,-5.347609641674548886e-01,-4.595001266901578840e-01,-4.743154855871052344e-01,-3.980825736151336058e-01,-4.512175701570043662e-01,-4.897003263228080217e-01,-5.172220521772245005e-01
-1.064864066608534054e-02,-4.249671344342609985e-02,4.592100157603402205e-02,6.614566550437199488e-02,9.077249187518211804e-02,-7.969152229971279700e-02,1.441976533544241101e-01,-5.669162913627003725e-02,-2.249937843612299926e-02,-1.149238837024252197e-01,-6.523800190798891008e-02,-1.573527176302730868e-01,-1.726962417289153451e-01,1.025274204834177999e-01,2.294917145883597701e-02,-2.223028135166795483e-01,-2.166050613488328114e-01,-6.135479831080537178e-04,-3.193288154821645464e-02,-1.592330387129712033e-01,-1.502408881853219413e-01,1.887691902529388399e-02,-2.581655400049020360e-02,1.267746099064405163e-01,-6.525417149353915369e-02,-2.867014853154857823e-01,-2.274402130285088086e-01,-1.937988826899931516e-01,-2.049840472117905876e-01,-1.780338808139669271e-01,-5.090252444129451243e-02,-3.320507987964578245e-01,-1.457103753514085998e-01,-1.546745706889695593e-01,-3.404313733951548349e-01,-1.807637524055482614e-01,-1.289171846375135877e-01,-2.636641028664631903e-01,-2.416566233283758414e-01,-1.933901213160520161e-01,-1.756286020527335345e-01,-4.008342477029958051e-01,-1.783541873968327585e-01,-2.628834434730243363e-01,-3.703476079761588435e-01,-4.944040158853273970e-01,-2.557531811952028500e-01,-2.084756058345006713e-01,-2.022679238729267470e-01,-4.374606254678873873e-01,-4.086364523486726852e-01,-3.373973326648839755e-01,-2.637899797423068349e-01,-2.246825598852822681e-01,-2.030476224584222555e-01,-2.502784142606389595e-01,-3.535076410664432234e-01,-2.955064695369631900e-01,-4.096802275058680776e-01,-2.961351297807574001e-01,-1.514522725840297679e-01,-4.339408637956841397e-01,-2.672073700898923709e-01,-3.823335982677317224e-01,-4.548861177035288805e-01,-3.791122508516636125e-01,-2.524763256846054849e-01,-2.861085938283612351e-01,-4.256109096524785529e-01,-4.214057527009081872e-01,-4.180073829040310551e-01,-2.218994301005286218e-01,-3.588937060862896211e-01,-4.674855602143342392e-01,-4.163678811250962619e-01,-4.529000606960998931e-01,-4.733308284029900670e-01,-5.333484003293915698e-01,-4.542319390507268961e-01,-4.443321098694709148e-01
-1.885862396103414954e-02,-1.089746184606408819e-01,1.314018927411516324e-01,-1.021922547106818013e-01,3.121907409573563760e-02,6.142492695024918958e-02,-7.116180884109854499e-02,-7.441586358723664696e-02,-5.934507464593917481e-02,-1.998517091393949563e-01,1.725199285518579095e-02,-1.724895438060233266e-01,-2.117864411481523712e-02,8.391265078473282525e-04,1.523312960160450591e-01,2.134002492262456960e-02,-8.163013303293080447e-02,-3.030345326806019313e-01,-2.491433291964886554e-01,-2.191615176129241283e-01,-1.460465057147916357e-01,-1.227592835032413482e-01,-3.038849702308733525e-01,-2.171664887798997468e-01,-8.253470686198180473e-02,-2.589315254940850464e-01,-2.363269475900082739e-01,-1.229471456737005544e-02,-2.283318007071532263e-01,-3.028188324143851196e-01,-3.336040822420181517e-01,-1.073788129122592444e-01,-1.821379330703920829e-01,-1.944571262227304254e-01,-1.632021476778878211e-01,-3.975539221055190281e-02,-1.647655077586193395e-01,-2.429130743473472687e-01,-2.360518260349700193e-01,-2.380607410152648928e-01,-2.230548424043826972e-01,-3.149073682787400519e-01,-2.368392629355452472e-01,-2.299598800142068911e-01,-2.496250274145380144e-01,-4.561386230377056372e-01,-1.668629654447369715e-01,-3.569084336771580213e-01,-3.954188114832874468e-01,-2.482699807075005038e-01,-2.248316484708558494e-01,-2.340618555379348209e-01,-2.606286555143990658e-01,-2.940115131271208715e-01,-3.631041668377929521e-01,-3.619698806438752525e-01,-3.610336170462489225e-01,-3.413539348395062123e-01,-3.058803719856181824e-01,-4.683587168380458077e-01,-3.151292535075548296e-01,-3.460021282725891378e-01,-3.384867907419608080e-01,-4.126705127725335820e-01,-2.734140840460593802e-01,-3.301944963258991450e-01,-4.802643040236543870e-01,-3.508693233685434842e-01,-4.018190574305243179e-01,-3.510282503570253398e-01,-3.887984180360828934e-01,-4.295507972372157868e-01,-3.709708261990335987e-01,-3.778907523016811765e-01,-4.839335349122111940e-01,-4.786372714640563797e-01,-4.362241755987341096e-01,-6.043640725967834859e-01,-4.574358046457845939e-01,-5.145186257703771027e-01
3.877103147464670482e-03,-4.607604133891949477e-02,-4.517040260295408088e-02,1.228507586560051990e-01,1.660414176353402493e-01,7.155199149010448012e-02,-2.503008474455170607e-02,-9.075656789801249402e-02,-1.302946163372243997e-02,-6.070335731142442043e-02,7.964073442613586740e-02,-8.814313478411683889e-02,-8.388370248713838961e-02,-3.245646163574758547e-02,-2.431496996794539345e-01,-1.285223101281008362e-01,1.288417274436424453e-01,-1.514111070996392028e-01,-4.716047692973739797e-02,-1.213161692672154318e-01,-4.447782360415253322e-02,-9.373386833868554979e-02,-1.457358419076973943e-01,-7.648939397272576379e-02,-1.709355839576885694e-01,-5.510155103842068886e-02,-1.155709140179620592e-02,-1.861413800038486388e-01,-1.862900429657562140e-01,-2.362615020453061598e-01,-2.521806288527204676e-01,-1.919090942224772056e-01,-2.204238955426257238e-02,-2.727273035382994371e-01,-1.987115258970257592e-01,-2.525034163588016356e-01,-1.947446429505659549e-01,-2.520470667181268221e-01,-2.000611685908314785e-01,-3.647108661054274115e-01,-3.102715002292185109e-01,-2.602240966628374674e-01,-2.177617317132562319e-02,-3.067360288168809457e-01,-2.788157252950514420e-01,-2.479684862195821182e-01,-1.926955389369231220e-01,-3.150584911621481798e-01,-2.476652478571537419e-01,-8.174041277281131335e-02,-3.147131490008886479e-01,-3.367270068685550011e-01,-3.093967042406687296e-01,-3.531194434967604989e-01,-3.417651158312332016e-01,-2.311350379393463383e-01,-3.921726940867108491e-01,-3.872406735594557947e-01,-2.442541806411721306e-01,-4.260326064028444049e-01,-4.591300609654769826e-01,-3.460495115692632240e-01,-3.686287882853980791e-01,-4.149945260823720283e-01,-2.219809175594071315e-01,-4.433582842909196686e-01,-2.833050435463546068e-01,-3.093095974359015288e-01,-3.955315468841645865e-01,-3.236001491426952481e-01,-4.309189208791001646e-01,-3.880344171752026505e-01,-4.530818279846671737e-01,-4.409156246472644702e-01,-5.476361625409366107e-01,-3.327552545849696286e-01,-3.924142340905130699e-01,-4.460931275282052910e-01,-3.763473893032075468e-01,-3.513483783917227266e-01
1.239237498855692843e-01,-7.827972772133888826e-03,4.309256832607456095e-02,2.752197040572474870e-02,2.513656311410783495e-01,-2.284854141240081626e-01,-3.026591317252044864e-03,-1.421879150994944108e-01,-2.238370381702582956e-01,-2.916861374054549941e-02,-4.045170067757485055e-02,-1.287676522238251908e-01,2.684829415391759913e-02,-2.521720528436957043e-01,1.264989363959389546e-01,-8.924313956689124139e-02,-2.475466997855854390e-01,3.542331165365734946e-02,-1.586546073802871937e-01,-1.117344809119486526e-01,4.750202176348509303e-02,-1.241965947938053066e-01,-1.952322217203162624e-01,-4.973156103050727084e-02,-1.130262197897462378e-01,-2.529514378802583119e-01,-6.075746261273140547e-02,-1.347343067013659079e-01,-1.983271177308009448e-01,-2.448005723562817759e-01,-1.572062557636324520e-01,-2.652433586074396388e-01,-1.091727384667482564e-01,-8.113966103730903268e-02,-1.449026031337888321e-01,-2.221522011556878728e-01,-2.084978215255967882e-01,-1.492407823076679907e-01,-1.636625881340295907e-01,-1.672876583831318098e-01,-8.232308484132629112e-02,-1.831516417198102709e-01,-3.140356357324542436e-01,-1.177238613889438762e-01,-1.210948306864199076e-01,-2.828890237972506716e-01,-2.260774002347251399e-01,-3.095624620943336347e-01,-2.351525830161466657e-01,-3.707727466886053258e-01,-3.183913606425784470e-01,-2.550332781908504765e-01,-4.339407763666910944e-01,-2.288271620873142675e-01,-2.291497492830339711e-01,-2.072023227449220073e-01,-3.916531101489322264e-01,-2.798550697648272689e-01,-2.943459897451823903e-01,-3.528042626468856358e-01,-3.662076397954236451e-01,-4.105834017435254224e-01,-3.841921495680083454e-01,-3.233596045556163534e-01,-3.505877361452884311e-01,-3.819025304366915341e-01,-3.213742425275057935e-01,-3.741490082278495222e-01,-3.037348848527046119e-01,-3.390233970713728562e-01,-4.750719395773908005e-01,-5.100211145973336802e-01,-4.107177003468366339e-01,-3.333515167550654690e-01,-3.975812282162251021e-01,-5.300961062687821190e-01,-4.253329968369568004e-01,-5.140099222954778169e-01,-4.757756541257973648e-01,-4.473134548220406570e-01
6.765224643416860306e-02,-4.749745982749453699e-02,-7.932751296957966936e-02,-1.294182269356344006e-01,-1.755436632125865204e-01,1.077664295244787213e-01,-7.041611212166910827e-02,-1.184466051054174213e-01,-6.202167814909750887e-02,-1.993905941571903206e-01,3.986663702923299440e-02,-8.532387993498632972e-02,-2.101206885979119698e-01,-1.612957067591639093e-01,-1.909070525673896290e-02,-2.424721288319633683e-01,-3.120693434152803022e-03,-1.006615588454382176e-01,-1.670261862133817499e-01,-2.693578673425496214e-02,-1.799128148231005087e-01,-1.119608998581453213e-01,-2.100275193849085453e-01,2.422096187396971523e-02,-4.259041478464847125e-02,-1.675640887058497119e-01,-1.773710987662437122e-01,-1.146670230454433226e-01,-2.486631050377385577e-01,-2.116909422047120737e-01,-2.020503455405689430e-01,-5.448714445434722081e-02,-2.051421031165207853e-01,-1.852400505999537428e-01,-2.852501519254481699e-01,-1.477836873270691742e-01,-2.144637792203128168e-01,-2.073501665356501933e-01,-4.188703594820221143e-01,-2.701835808906516978e-01,-1.567440760416143608e-01,-4.477642875323870064e-01,-2.811333749124018677e-01,-3.329700364950181068e-01,-1.776663606481753976e-01,-2.668519178963211780e-01,-2.853831743567439849e-01,-2.393768075750056235e-01,-1.895343610621437469e-01,-3.264073000991545848e-01,-2.731362463414225838e-01,-3.598814798656542746e-01,-4.135190494673703920e-01,-3.824862574549025007e-01,-3.559396955722270994e-01,-2.678510808921542030e-01,-3.228168961974937634e-01,-4.128321503995316943e-01,-4.323866774234339516e-01,-2.828604847459478822e-01,-2.496808995698933109e-01,-4.157047956725181681e-01,-2.615919201972011776e-01,-4.421146205819591612e-01,-3.303866270820096651e-01,-2.938497071708947583e-01,-4.641790367864687128e-01,-3.084677345863967024e-01,-4.454355536231432988e-01,-4.144824623346840542e-01,-3.265653620958668957e-01,-5.018906661757640553e-01,-3.991654153133612493e-01,-3.728238657636213649e-01,-2.943682660122126094e-01,-2.983774152361429177e-01,-4.491773679872007596e-01,-5.821180903735323486e-01,-3.471026890840599455e-01,-4.373452635094066121e-01
1.257283848711027718e-01,9.904816035286562181e-02,-5.827494319436151565e-02,7.397586177420807652e-02,-9.949403651142112170e-02,-2.599960842699668498e-02,-1.851351861098735063e-01,-1.173767454116927955e-01,1.049138353761496500e-01,1.359211921987334148e-01,-2.642636342388608034e-02,-9.770143364292808996e-02,-1.939387959979605447e-01,-4.479070660121672875e-02,-1.255290105948439483e-01,-9.980688904872582826e-03,-2.169381961620031607e-02,-1.019667225003938887e-01,-1.463423649336102750e-01,2.983928605952767404e-02,-1.911629818126444058e-01,-1.166484575358548575e-01,-2.766825392078346990e-01,-5.535667182318045748e-02,-2.199372891369725802e-01,-1.707538204877980803e-01,-1.829627717033874557e-01,-4.865941249915409911e-02,-6.907239674562538900e-02,-1.195261909607646111e-01,-2.023792514042772051e-01,-2.299719112926648379e-01,-1.687609458706361976e-01,-2.389980711541521141e-01,-2.742870494626123423e-01,-7.062226362089418785e-02,-1.162270864325433972e-01,-1.063221339742020516e-01,-2.853311904832655510e-01,-2.374802682288531253e-01,-1.429255304356907841e-01,-1.716196624301092322e-01,-2.671384701034835163e-01,-8.021333913757504319e-02,-2.055616700099077987e-01,-2.350366420959453806e-01,-4.383335461615820994e-01,-3.200198330024013327e-01,-2.847284765592010269e-01,-2.975234414700480001e-01,-3.400723478423027246e-01,-3.823882392746079106e-01,-3.379211512169451037e-01,-4.107351730265251799e-01,-3.805272497999543924e-01,-2.085385888638911223e-01,-1.750279194526234428e-01,-3.232181816590641299e-01,-2.940178521415625079e-01,-2.681111805703472739e-01,-3.946424999998930372e-01,-3.561060124453921394e-01,-4.036135466979721698e-01,-2.757078697096080888e-01,-3.380003054576041777e-01,-3.652713650210698271e-01,-3.828747774980335583e-01,-4.408471781773199427e-01,-4.130402249779255297e-01,-2.380899872538755901e-01,-4.452293723196069641e-01,-3.308063419250349968e-01,-4.779491296339552497e-01,-4.340472569070596975e-01,-4.114504066322491327e-01,-4.325010169161002671e-01,-4.481044116163480640e-01,-4.943350461607178281e-01,-4.321738495532611579e-01,-4.645516489308482710e-01
6.690382884540042874e-02,-2.126418602179019554e-02,-1.076260480387358082e-01,-1.363946683166492035e-01,4.468905164190391938e-02,-1.050124167083485993e-01,-2.928566603483942835e-02,4.078359653609679226e-04,-1.237755308809591476e-01,-3.075771154608430979e-01,-9.745840442008125992e-02,-4.653545223569364314e-02,-9.305234991367053454e-02,-1.359138010867289303e-01,-1.742498428494912988e-01,-2.148674841707878258e-01,3.107855302382509649e-02,-1.883651526267773046e-01,-1.879347829135218917e-01,-1.757373912261064042e-01,-1.224443001489102512e-01,-8.734531964404972093e-02,-4.943750921392576353e-02,-1.935169136435491988e-01,4.757590007346878874e-04,-1.736124534628115945e-01,-1.632919535790334498e-01,-2.182061833878802815e-01,-1.064141990152376455e-01,-1.470742717047495984e-01,-2.581913417532152311e-01,-1.256330814678093266e-01,-1.715150658592990429e-01,-4.576939482029688394e-02,-2.266819371731280119e-01,-2.135583963863017798e-01,-3.519342853485669664e-01,-2.075627592074755223e-01,-2.247345707945060944e-01,-1.555297174919555991e-01,-3.187650182295054813e-01,-1.805285509194785587e-01,-2.674893711599629076e-01,-2.132420363410472142e-01,-1.094440648773463004e-01,-1.719921939427834778e-01,-3.136364547615782539e-01,-1.656020707597828101e-01,-4.487315183203298696e-01,-1.295425576305493653e-01,-2.401859430585373822e-01,-3.470173133808869270e-01,-2.572006405388376771e-01,-3.209066180693310733e-01,-2.664140466614797198e-01,-7.676569692449144999e-02,-1.671790477107102657e-01,-4.323178110049935019e-01,-1.807297925503656699e-01,-3.259165694195574337e-01,-3.378897970499462056e-01,-1.714404936830620507e-01,-4.025905528159177682e-01,-4.044238251225706904e-01,-2.010655867395664542e-01,-2.472756553846624239e-01,-4.557068335876755527e-01,-3.169890776884927708e-01,-3.750722948131746670e-01,-4.223091402261919813e-01,-3.067279095408286249e-01,-3.480501471936796043e-01,-5.843212082060976753e-01,-3.371712040567219626e-01,-4.021591612912872593e-01,-3.978423750589284436e-01,-3.423998634734666813e-01,-3.513041554913964859e-01,-4.311998820676415933e-01,-4.547354552574590647e-01
3.354534769447717335e-02,8.708134184345317844e-03,-2.010353609170125455e-01,5.770033229450324125e-02,5.634768753008911196e-02,5.241922973746677289e-02,-7.335725577373328199e-02,-5.263203577314066323e-02,5.843226633372169271e-02,-2.851523792214528605e-02,-7.479602149292587099e-02,-7.429837180952014557e-03,-7.261466816467470296e-03,-4.009592328256738475e-02,-2.721710718939684415e-01,5.162426604710258077e-02,-1.790074837810029474e-03,-5.564976228512655970e-02,-2.751327988865937685e-02,-1.314259987161661702e-01,-1.211227841236438701e-01,-6.352805066013264557e-02,-5.991559180270587814e-02,-1.689248847935443942e-01,-1.160385926971274073e-01,-5.803873853100668945e-02,-2.367082426135605766e-01,-3.036105653929690451e-01,-1.206961560399635175e-01,-1.001181365487480157e-01,-2.284863463712135112e-01,-1.880860622241894986e-01,-2.658036165481003632e-01,-2.110435087507420704e-01,-6.402553634603665167e-02,-1.634606665316433449e-01,-3.267658399186091356e-01,-1.952316865635507770e-01,-3.327387003222693207e-01,-2.581647205051665894e-01,-2.679860493237734009e-01,-3.685469629955934190e-01,-2.134396397054875161e-01,-2.853872279515636823e-01,-3.226506136723006346e-01,-2.425763141771165865e-01,-2.137711244171957570e-01,-1.888987431009941931e-01,-3.525284652571835098e-01,-3.437826995384145046e-01,-2.284430446484026767e-01,-2.821329125447752939e-01,-3.554761290211062019e-01,-2.365883307387686707e-01,-3.869079753323084181e-01,-3.640776799214212600e-01,-4.042835799757526494e-01,-3.636537886167034439e-01,-2.800465966574108845e-01,-3.642086067527606774e-01,-2.121525491662785423e-01,-2.507873514827418382e-01,-3.592648273304503426e-01,-1.555170619487916406e-01,-4.939844159279305758e-01,-3.823253389714418859e-01,-4.692764953774503089e-01,-3.267009277145668245e-01,-1.932231636208754100e-01,-3.907133233026141572e-01,-2.000222729700387170e-01,-4.251743019474191199e-01,-4.204448447793718291e-01,-3.936172625628742150e-01,-4.402045574373481540e-01,-3.223036954792752318e-01,-3.326489165284902128e-01,-4.342491775979483437e-01,-4.336797921993753024e-01,-4.657688048524883384e-01
-3.465216842822734476e-03,5.713573663451354534e-02,-3.765264247767263067e-02,-5.582090091563289558e-02,-1.435731358475798303e-01,1.033234750281932790e-01,-3.411390377697861957e-03,4.275837221725063697e-02,-2.413796005983765702e-01,-3.820160740139923704e-03,-3.208284936286330269e-01,-6.486612924301352057e-02,-7.087686451446265079e-02,9.984909266102430167e-03,-1.058553279086183324e-01,-5.106354634028598301e-03,-1.808153315967516161e-01,-7.583717025421807256e-02,-1.036422890115702190e-02,-1.632357250500113266e-01,1.538815914205277774e-02,-1.226954785793506475e-01,-2.290858662446808303e-01,-2.365833379875579845e-01,-1.880547395103699670e-01,-2.290201695774715107e-01,-1.666991203596561166e-01,-8.495383833885378211e-02,-1.437820864828545930e-01,-6.529031565096697631e-02,-1.499039284352647328e-01,-1.623350290875824053e-01,-1.581326847049639717e-01,-2.415948922528152742e-01,-2.716412368110537323e-01,-3.126751724869570870e-01,-2.537633587328645413e-01,-1.622932093169947854e-01,-2.505345948236676890e-01,-1.344758646436826077e-01,-1.313474256126186679e-01,-3.173158210160481607e-01,-3.156445990681175928e-01,-3.215474311026734200e-01,-1.778796757622506386e-01,-2.730901911433610829e-01,-3.694364036669730567e-01,-1.533488340387487436e-01,-2.998318367592011091e-01,-3.767807695978412363e-01,-2.321167990384493118e-01,-2.552200318071808915e-01,-2.439564630121165423e-01,-3.351119001982388323e-01,-4.716081223881781193e-01,-2.159282179065966922e-01,-3.618824871600818116e-01,-6.975517922552483541e-02,-2.883027880323436043e-01,-3.480015488523350298e-01,-4.116796015359751593e-01,-3.258360336669440249e-01,-3.350295016249028035e-01,-3.318312109642169716e-01,-3.893040521794237652e-01,-2.520462390177294898e-01,-4.167630129756169088e-01,-3.791086169742569623e-01,-2.838376006032403143e-01,-2.834377636323999750e-01,-2.473678059581395638e-01,-3.156016248651467015e-01,-3.308122780035394617e-01,-4.127454232566236669e-01,-2.952135506047777747e-01,-3.859073513746349438e-01,-3.068394911381435719e-01,-3.501841675714134627e-01,-3.296555385960527329e-01,-3.729489359333194587e-01
-1.252916352795481192e-01,1.834488469022939675e-02,-1.179479694742498370e-02,1.678733934745332002e-01,-9.232299634883238404e-02,-6.728573703849811960e-02,-2.595722256101812633e-02,-1.018284578706509236e-01,1.007647243772167023e-01,-1.262828013600663934e-01,2.143557066671323771e-02,-5.092180948740440694e-02,-4.874463239833225908e-02,-7.630768877617852275e-02,-1.683126110108807902e-02,-2.264489288903161895e-02,-1.521188747088745297e-01,-3.033809259653122981e-01,-8.267319952075864731e-02,-3.097601090065196794e-01,-1.519484643829615012e-01,-5.486239932208798048e-02,-1.497749648731452714e-02,-2.152623826795438122e-01,-2.623111703001916872e-01,-1.223020454528653128e-01,-2.445518715379638719e-01,-2.609165007275542764e-02,-1.599211655026915868e-01,-1.690241750754339078e-01,7.075316172684477378e-02,-2.717599655702070960e-01,-2.475599561556158512e-01,-1.400011449760030224e-01,-3.585636228826336036e-01,-1.985827483373725499e-01,-1.184893825702457992e-01,-3.040888494499542904e-01,-2.214041564748687185e-01,-3.122695396281763847e-01,-2.169062315622086734e-01,-3.304635728435924569e-01,-1.163055298011032856e-01,-1.934319784179310275e-01,-1.640660049838500167e-01,-2.523116008754152650e-01,-2.216582953079435647e-01,-3.380838253867056720e-01,-2.839606358869899427e-01,-2.661336590745776443e-01,-3.256193669259053736e-01,-2.828955933075885110e-01,-3.157810727257545635e-01,-3.026368545385358377e-01,-2.556807742819984797e-01,-2.769276887140598165e-01,-3.011736679066152056e-01,-3.809052863374128850e-01,-1.457821926126948719e-01,-1.894490365719870839e-01,-2.242842312969679786e-01,-2.428675137264887374e-01,-2.211240754853544266e-01,-3.183406148562202831e-01,-3.627905144974220564e-01,-3.018275149834562243e-01,-3.011178397759298742e-01,-4.506897085662647795e-01,-3.493366148865453269e-01,-4.270567565954987987e-01,-3.659653936134700802e-01,-3.894677579621411700e-01,-3.382895846546703500e-01,-4.475542263384849062e-01,-3.536278421004231398e-01,-2.988375700880253061e-01,-3.567693918713014112e-01,-3.576395923843784797e-01,-3.901585904444920816e-01,-3.846884052847393543e-01
