-4.732401555206350863e-01,-4.296894935980347663e-01,-3.471170835867348758e-01,-1.994187109571665117e-01,-3.272528530317259099e-01,-4.409138428561128475e-01,-2.698940699217612926e-01,-8.513048109444619482e-02,-1.016681619200847375e-01,-1.405102525081665665e-01,-1.202050177372026574e-01,-1.905876652325280418e-01,-1.770402701006383583e-01,-2.368173756176749911e-01,-1.350382007145243535e-01,-1.218850481728155216e-01,-3.578476307409765578e-02,-2.838035885624530241e-01,1.264245377118870528e-01,-1.280792087607983132e-01,-2.245049040621525244e-02,-2.765329334900716862e-01,-5.097246236540078218e-02,-2.641290077278792697e-02,-1.968485691692865858e-01,-2.450649308244449431e-01,-1.211800041731313088e-01,-1.361985800026392114e-02,-3.281186834042063016e-02,6.342744960085325290e-02,-1.711883384327061164e-01,-3.172386880721547731e-02,3.900874447845789628e-02,-1.585177329018467585e-01,-7.682356355266582726e-02,1.155544884614597735e-02,-3.305997098196612055e-02,-1.850467323554697285e-01,4.741420289180978825e-02,-3.065507165707037629e-02,4.734564962380206216e-02,2.212798336086814477e-02,-1.250830164977261294e-01,-5.438744346294004106e-02,1.318055351583050649e-01,-1.547563338019964374e-01,4.285511819869418371e-02,1.640338262194965951e-02,-5.463953206783525585e-02,-3.341200300992525768e-02,-1.508325066148649418e-01,4.593100470933599022e-02,-7.359878945706750664e-02,1.131457142478268924e-01,4.430870697059407365e-02,-2.674010229692196788e-02,7.256753686227612396e-03,-1.266749431146554361e-01,6.261715527753090871e-02,-2.258728793037263760e-02,3.783683361314441745e-02,-9.685190709971532030e-02,5.464787986078186582e-02,7.427155205238246405e-02,-1.511956222562847452e-01,-1.825551407588156816e-01,-4.968527226655983925e-02,-5.033132606429169265e-02,5.254826457828789404e-02,1.217536459800764165e-01,-7.530469698976854920e-02,-1.515215894159244181e-01,3.410582635331243367e-02,-1.023647290490834749e-01,-1.113390385569307528e-01,4.799902880288980239e-02,9.562842333611781820e-02,2.921884229608995298e-02,1.207890604402469398e-01,3.473886452103117778e-02
-5.973257928380267812e-01,-6.359417651095070623e-01,-5.059269859509554212e-01,-3.773225372059303973e-01,-3.107167302433676004e-01,-4.173365090636273478e-01,-2.618648408413749018e-01,-3.143654692334324485e-01,-4.345067216486811490e-01,-1.161183841122951643e-01,-2.918071909830867172e-01,-2.513562713844895713e-01,-1.434484979266569815e-01,-1.643641214747116330e-01,-2.059713912257305490e-01,-7.879854586080593803e-02,-1.617300644134716248e-01,-2.497100229385931236e-01,-2.339565192374153391e-01,-1.252058510343191378e-01,-6.389123902927115739e-02,-6.931199618899358539e-02,-1.150786253501116657e-01,6.865277332945805833e-02,-2.327778937339874260e-02,-5.655316588217195947e-03,-1.175252242050365235e-02,-9.121424903383672234e-02,-1.629423201503398533e-01,-1.498847201015313380e-01,-1.528014316200248524e-01,-8.237315927674812577e-02,-8.159424389582360659e-02,-9.730903143147633105e-02,-1.019139466389604003e-02,-6.238817280774498764e-02,-3.732015606779160583e-02,3.627787569704647025e-02,-2.131229746177296380e-01,8.461105824932734984e-03,-8.257933625600791250e-02,-7.475549218994083367e-02,-2.250879010203624478e-02,3.925766022530251947e-02,-1.010532595035719544e-01,-6.909193921545210559e-02,-1.831518355340571169e-01,1.073286214005214623e-02,-1.676720669165120969e-01,3.437432490387800493e-02,-7.425302892719005954e-02,-1.795244209884197181e-02,-1.148770576481087519e-02,-1.314328723344615202e-01,-3.174430620615292797e-02,-1.190020573836979983e-01,-2.494138598803899085e-02,2.346396172246115533e-02,3.092118003078364943e-02,-1.665286722108451703e-02,-7.346664759574086934e-02,8.712835691362684487e-02,-1.742715635618510284e-01,-4.584644127645076672e-02,-7.017029610372267634e-02,1.684031037294874966e-01,-1.732097650209857287e-02,2.451691901767041534e-02,-7.950589978669947433e-02,-2.226395180603406992e-02,-4.147177844263061353e-02,-7.759657429709261589e-02,4.562155988616855423e-02,-2.081170245127601792e-02,-3.929262917532564542e-02,1.320413657980117894e-01,-1.444438686770135039e-01,-5.663587351805412368e-02,-1.288571411355032281e-01,-5.990812495335307020e-02
-6.873034246683543680e-01,-5.529255346079453570e-01,-5.869889486581807425e-01,-6.620476798905710059e-01,-4.551625283804852651e-01,-3.303230490796379981e-01,-3.992000915867108257e-01,-4.287545874002994806e-01,-3.100070727808998394e-01,-3.508342540833009338e-01,-2.724410603621211235e-01,-1.989023265357200698e-01,-1.690012685415336335e-01,-2.568978496283695900e-01,-2.102727162549996309e-01,-2.932169015942266421e-01,-1.304174236971471501e-01,-1.405945209462539647e-01,-2.548714800255925672e-01,-1.803501561456103131e-01,-1.555193185963436586e-01,-1.856723597416233829e-01,-4.910326213202498985e-02,-7.903482631111807821e-02,-8.348779418745223835e-02,-1.441949977938756233e-01,-6.902154940466080635e-02,-3.071347818884621605e-01,-9.957679785828187080e-02,-1.959210841463048525e-01,-7.449483605009224463e-02,4.149337077693742576e-02,-1.268745262855702216e-01,-7.059720035872533474e-03,-2.592684444677317498e-02,-2.125826833188048937e-01,-1.591059396806620285e-01,-1.889831254387459511e-02,-1.173295322115288503e-01,-1.336144286278078963e-01,-8.677208240369660430e-02,-1.246851718681121768e-01,-1.308678554569010499e-01,-1.213878649039496910e-01,-1.325031223081161169e-01,-2.992612926744420837e-02,-1.465222255432971077e-01,2.075868217942603358e-02,5.095986068749863707e-03,-2.078695137186817310e-01,-9.754150533425930136e-02,2.102528983075725375e-02,-4.590915741025691083e-02,1.523861157966086531e-02,-7.258626534879457359e-02,1.084405249522123194e-01,-1.779799813183321477e-01,-8.005227250216777335e-02,-4.836492490944330896e-02,-1.289491779406450600e-01,5.768421093012095213e-02,-1.596360257198547322e-02,-2.292426205168905662e-01,-1.885803598412058302e-01,-1.498511264535641874e-01,1.532514985590807850e-02,-7.858861240096066264e-03,-1.862599117951575789e-02,-1.241891327868467065e-01,3.620403361716219987e-02,-1.357704980115752857e-01,-1.245336647432828542e-01,-1.106397397077967526e-01,-5.237017408171146943e-02,-4.962674394276885698e-02,-9.162657472357922661e-02,-4.581722839227873184e-02,1.778490009309500574e-04,-7.475159549044770035e-02,-7.288084041640893740e-02
-7.957962767068818000e-01,-6.451094913683879106e-01,-6.423800275442765884e-01,-6.156839978445165507e-01,-6.919488061494910580e-01,-5.826762145150853334e-01,-3.950270218108265508e-01,-3.191447491796176039e-01,-4.071222345281129695e-01,-4.249488076183874363e-01,-3.890051097138867986e-01,-3.115402676491349498e-01,-3.278189294765867512e-01,-3.036677040877104328e-01,-2.830030440871551534e-01,-4.393555572886614913e-01,-3.011009122874519495e-01,-3.040734226488694403e-01,-1.306449578299724579e-01,-2.579242973024880037e-01,-1.626597672255105098e-01,-3.010084359756444172e-01,-1.721697062370071696e-01,-1.338384638900794732e-01,-1.359735977516149386e-01,-4.845909945129153046e-02,-1.333697931499689127e-01,-2.234208894029779124e-01,-2.025299372680670340e-01,-1.788669069805249312e-01,-1.346861762676592744e-01,-1.226401479883510170e-01,-1.580474864011637559e-01,-6.823127526363020889e-02,-9.367247051730059892e-02,-9.870356499264951178e-02,-1.944613590946604742e-02,1.797223911071112179e-02,-1.363247255402755542e-01,-1.858363912489162939e-01,-7.589409705092124703e-02,-3.736713957921501683e-02,-7.462000991522853288e-02,-6.944112459103643498e-02,-1.011037106649447515e-01,-1.800361562469329768e-01,-2.003830461405245733e-01,1.392316696073874968e-02,-7.860110666895356313e-02,-7.771916876875330227e-02,1.531119170226578376e-02,1.021761165773827848e-02,-8.505914629723632103e-02,1.405263860887003280e-01,7.209554944189948411e-02,-1.577932668991824383e-01,-1.189927480151543315e-01,-9.620478677195778983e-02,-1.541482513884656902e-01,1.566031049705443948e-02,3.544132235591064550e-02,-2.247382411676794936e-02,-1.081552639891660977e-01,-1.246702655641901553e-01,-7.371503133108679717e-02,-5.362284699465449250e-02,-1.284837962680116796e-01,-4.279813737000859319e-02,-1.333800641611090076e-01,-1.580203597060146348e-01,-9.422398255373654052e-02,-2.425981974790731022e-01,9.883036195609843852e-03,-1.162367211202197832e-02,6.548151264371173709e-03,-1.696433080689244144e-01,6.343534464644712267e-02,-1.192583260796116901e-01,-1.329901379743350653e-01,4.011893032566048178e-02
-7.192326214034746590e-01,-6.894455843553826124e-01,-5.550741120493659642e-01,-3.658327250064924430e-01,-5.557345028168068080e-01,-6.229866836944251141e-01,-5.768149958024414437e-01,-4.376241018976478325e-01,-4.339735071269936739e-01,-4.927690997410559826e-01,-3.386333782989529029e-01,-3.223993943613517321e-01,-3.254313527245638604e-01,-2.747679044522683411e-01,-4.055272511787038625e-01,-3.409597020610474760e-01,-1.879291709236002028e-01,-1.354917986663727036e-01,-1.705035860504250933e-01,-2.234182285471687790e-01,-3.569399594916323748e-01,-1.484817971968462325e-01,-3.088809667204064913e-01,-2.670954749664232741e-01,-2.198790933431055972e-01,-2.402254888619254347e-01,-8.451900973653142524e-02,-1.911939050860708700e-01,-2.084489722040568371e-01,-1.554458850725833063e-01,-1.510525137926649053e-01,-1.357513460918719495e-01,-1.749256783456979436e-01,-1.939460480568020451e-01,-1.213251442504170718e-01,-7.535651589779576720e-02,-1.861400493527129441e-01,-2.585584828635102972e-01,-7.128676687574854454e-02,-1.959449080614903138e-01,-1.137805658197412195e-01,3.837161306746218054e-02,-5.231759760120582164e-02,-1.773268536378816429e-01,-7.742652195880429800e-02,-3.488646150046580130e-02,-2.217298938403157171e-01,-5.974206734119325707e-02,-8.630119327942811780e-02,-1.460419357695377229e-01,-8.091802052235372300e-02,-2.997871973668951584e-02,-1.359898683533977137e-01,-4.331269011027696902e-02,-2.525990251166217691e-03,-6.047399837187028560e-02,-1.031513474483984616e-01,-7.785301589764145880e-02,-1.097398711503091984e-01,-1.695493458724554037e-01,-4.289689746169012691e-02,-6.937470460783194681e-02,-1.063208755215016704e-01,-1.467582949878532272e-01,-1.479426586310879921e-01,-6.414547719282240323e-02,-1.709268815606765912e-01,4.668519204745624762e-02,-1.052785937641766284e-01,-1.673617460155432390e-01,-3.618809688565714777e-02,6.727523364996067234e-02,-1.251719310937801644e-01,5.798707569327781614e-02,-7.154351380345162770e-02,-9.716850027598920511e-03,-6.944110299281205934e-02,-3.072720839048458455e-03,-7.405171233719973212e-02,-6.886303066805406214e-02
-7.756368834651997668e-01,-7.574633159387169634e-01,-6.232061485227902153e-01,-5.620796075500781308e-01,-4.891083592003848124e-01,-5.630298616768149023e-01,-6.721674941305262330e-01,-6.305239051586731813e-01,-5.597321209598963287e-01,-4.767780712291037615e-01,-3.168395158684458313e-01,-4.132424394890578667e-01,-4.069265226329883967e-01,-3.881490285216965819e-01,-4.171882301101371149e-01,-3.317052930203236438e-01,-3.234386268126151487e-01,-2.555587644397914193e-01,-3.845903226737371061e-01,-2.549805644120416437e-01,-3.920809772484014077e-01,-2.793401174984498914e-01,-2.418235798349308852e-01,-2.039811430930688896e-01,-1.720199492542303643e-01,-2.349711423884138506e-01,-2.590302873999476008e-01,-2.476488306507014514e-01,-1.795456249107108271e-01,-4.080619489189528104e-01,-2.327827221567360383e-01,-1.719214243934077957e-01,-1.735908157037111266e-01,-1.634307383708255845e-01,-1.875683201509365516e-01,-1.342257162837985907e-01,-8.995599075522268950e-03,-1.019943323059836066e-02,-1.825761956655694296e-01,-5.178844412034397382e-02,-2.167145764986273815e-01,-5.845567994178656190e-02,-1.686258246175751929e-01,-1.452902673161356184e-01,-1.121239890693138119e-01,-9.096023454990716239e-02,-1.249106905613746876e-01,-1.531577215020480109e-01,-2.222202508432977175e-01,-1.337868377973826517e-01,-1.909823825743849901e-01,-4.401871996706045037e-02,1.096796549041717875e-02,-1.206265506092802364e-01,-1.871836668312580054e-01,1.188911329946609058e-02,5.961894640458274873e-04,-3.815918600425929202e-02,-1.607242918961065137e-01,-1.344408891941673567e-01,-1.790064995747338572e-01,-1.545888921763820256e-01,-3.048601724193620854e-01,3.822531235268047251e-02,-7.615835938276983852e-02,-1.852700761925120398e-01,-1.378510317530438900e-01,-1.673871536572321961e-01,-6.563042770223073696e-02,-1.067535713571786393e-01,-9.434212551681760150e-02,-9.447168227204731650e-02,-1.340176074965115094e-01,-9.597928420860162013e-02,-2.978416751183942529e-02,3.885075933315217112e-02,-2.133627566084345117e-01,-1.410064802106623938e-01,-7.726521272421568720e-02,-2.362863851371627966e-01
-7.631919270578964021e-01,-7.516767289344132852e-01,-7.487861165361017202e-01,-6.821848142059228071e-01,-6.302476460414357939e-01,-6.338717245926108745e-01,-4.727558350370392737e-01,-6.901722344745299109e-01,-6.597062510721013462e-01,-5.619281801138048538e-01,-4.288309336571724528e-01,-4.065174315154492235e-01,-3.364600331288200574e-01,-3.427640701617132857e-01,-4.085038614978565574e-01,-3.730013304041728261e-01,-3.752409569957067537e-01,-3.427052909865079822e-01,-3.884036337565360264e-01,-2.062336339930066487e-01,-3.421891002010798988e-01,-3.325656418049077745e-01,-4.112184776941277820e-01,-2.168245149404101346e-01,-2.811919255463729561e-01,-3.762593578491480462e-01,-2.912529557044819528e-01,-2.982994296670122281e-01,-1.532446298293684006e-01,-2.882584155653044600e-01,-2.286960868172575323e-01,-2.078464613961523988e-01,-2.364946958736794946e-01,-1.830560364823123343e-01,-2.822025698469640687e-01,-5.212960334385290107e-02,-1.678072986667746291e-01,-2.526070440120985472e-01,-2.049378877116751763e-01,-4.262070118466343427e-02,-1.935861030811014405e-01,-2.475870076024314914e-01,-7.564145347537333530e-02,-2.167763343123090825e-01,1.965618441700487957e-03,-1.988338822479310264e-01,-4.431029971138827211e-02,-1.758152418808457962e-01,-1.873337239690112122e-01,-1.794085436212903284e-01,-1.759337032123872158e-01,-2.491432427222624868e-01,-8.437095845368165759e-02,-5.417951999939512459e-02,-1.468718493090395427e-01,-1.891967416363358190e-01,-9.620015423644258379e-02,4.405918216433615114e-02,-2.047698963256188234e-02,-3.031454456964113309e-01,-5.706381151146459885e-02,-1.470301621300898198e-01,-1.476981461439392518e-01,-4.292880348196374124e-02,-1.529799530839196786e-01,4.213599517202647887e-02,6.145111890736233880e-03,-8.835880635445211850e-02,1.850268587031567158e-02,-9.940959714514591150e-02,-1.426209090835137416e-01,-5.934413911436800526e-02,-1.634844729636854566e-01,8.014223334360895965e-04,-1.520483279252379250e-01,-5.635534842536782385e-02,-2.126893368401167050e-01,-6.766919943642048241e-02,-1.787913253955501769e-01,-2.123436269038738722e-01
-7.839136662787559162e-01,-7.532082777962144648e-01,-7.437885949234210869e-01,-6.976643731268096227e-01,-7.416251013740600140e-01,-4.626557326844683571e-01,-5.212340983008162398e-01,-4.685121530271937895e-01,-6.401150069686474264e-01,-5.948179608002662766e-01,-6.047419530476422223e-01,-5.276940404161956089e-01,-4.280546688516543297e-01,-3.898318628982991307e-01,-3.575742013191453017e-01,-3.750839256635527530e-01,-4.604634302581145366e-01,-3.639102068366442677e-01,-2.758958865046252651e-01,-2.627971438492034406e-01,-3.409041036960778204e-01,-3.466133553491366759e-01,-3.592227431325076825e-01,-2.177937891017335537e-01,-3.379606185402906360e-01,-4.174075284722207346e-01,-2.858514493824984570e-01,-2.950071833258634535e-01,-1.491652214201636406e-01,-2.737286792697998239e-01,-1.195201894307538343e-01,-1.784173701100018328e-01,-2.220590551041791427e-01,-2.892999924232022568e-01,-2.687235697075102681e-01,-1.573510531702584647e-01,-2.294953498149638060e-01,-2.137662059162272754e-01,-2.238098823710772400e-01,-2.816156360931275637e-01,-3.167747726197186475e-01,-1.214025438116011490e-01,-3.108368855277890419e-01,-4.236290147496013514e-02,-4.034104866696641145e-01,-2.666759767527603353e-01,-1.836032449249440368e-01,-2.254650205317504930e-01,-2.230335728352884628e-01,-2.205967905367449966e-01,-2.889565720807005245e-01,-2.290570379615846641e-01,-2.619796217171331820e-01,-1.038084297232201719e-01,-2.093033301791220047e-01,-1.117687680785745125e-01,-1.588722202416131268e-01,-1.470517729266389018e-01,-1.591349425709165655e-01,-9.071683840196068105e-02,-4.362198507115613161e-02,-1.676286988621362717e-01,-4.791593213944711493e-02,-1.688820709415460586e-01,-1.009337354493713007e-01,-1.936075094026988852e-01,-1.032987237625307836e-01,-1.324008247248301962e-01,-1.530755945477210445e-01,-8.515237099153544209e-02,-1.397280510617371629e-01,-7.421663393877148129e-02,-8.384740896793516085e-02,-1.453840766721670730e-01,-1.139087392831566320e-01,-2.527607034168654621e-01,-1.222530971013695150e-01,-6.344582881855131973e-02,-2.296884110938266291e-02,6.134234576827266201e-03
-7.553214527394681577e-01,-7.418561654893092161e-01,-7.667814242860272467e-01,-7.330105066890887366e-01,-6.527042576386694606e-01,-6.367835018479657272e-01,-5.529294483403331961e-01,-5.642126491911285679e-01,-5.817643596214113755e-01,-6.198233753628880072e-01,-6.251693101037474332e-01,-6.284546467061105091e-01,-5.351688522206049514e-01,-4.686417530929080089e-01,-5.031551463468594276e-01,-4.158599332354141476e-01,-3.298393837031471931e-01,-3.305183923160595061e-01,-4.208642881564980121e-01,-3.790272090750611000e-01,-4.773271925600127696e-01,-4.624555143435166160e-01,-4.414633078849191650e-01,-3.367462129487774347e-01,-3.428088110853850790e-01,-3.045707280818981122e-01,-3.155402440106387374e-01,-2.085813932776688362e-01,-2.804908809090929656e-01,-2.253630954900296690e-01,-2.903273331723482675e-01,-2.462708862427638867e-01,-2.201315021761111046e-01,-2.274312567710431165e-01,-3.702369086786545527e-01,-2.329134177545585382e-01,-2.432429378988633650e-01,-1.255395157355138902e-01,-2.282027597755245385e-01,-2.621512731933700047e-01,-3.304321265262799012e-01,-1.387475848507674081e-01,-2.739879687762826199e-01,5.478367400696205862e-03,-1.101573061813239801e-01,-2.050752224903365784e-01,-2.143555959242934572e-01,-7.707763530377813310e-02,-1.967489934145459085e-01,-2.043430938807396513e-01,-1.947980897125241584e-01,-2.159889194918485356e-01,-8.550894537093499392e-02,-1.671502304045046072e-01,-1.231870996801785745e-01,-1.686569905723543372e-01,-1.299561548736055117e-01,-5.414439050837482718e-03,-2.056323528035724768e-01,-2.938907600400323394e-01,-1.587279869413618094e-01,-2.828230809944718982e-01,-1.702013510747222569e-01,-1.087174758314241457e-01,-1.117018544242935757e-01,-1.511229830863980161e-01,-1.017011792514342094e-01,-2.039171506232461129e-01,-1.676138685962800801e-01,-2.018398485755219796e-01,-1.270399965788805152e-01,-1.533596225634563937e-01,-2.723797834594727241e-01,-1.662853847567839216e-01,-1.109596087986514240e-01,-1.289174562822693604e-01,-1.078750980023804179e-01,-1.298420214684508911e-01,-3.301101744368441226e-02,-1.165915536166031025e-01
-7.736228105861343574e-01,-7.162544645177247871e-01,-6.933296359182834490e-01,-8.249832343037178939e-01,-6.573762681262989016e-01,-6.257045357983003209e-01,-5.963390162181202436e-01,-5.411233556680372647e-01,-4.753224469551274867e-01,-6.129878546980388476e-01,-5.859420217487816274e-01,-6.708517972424892228e-01,-6.102412080515173809e-01,-5.814731921835866180e-01,-4.888936196240668552e-01,-4.491496809541016266e-01,-4.694981586604315971e-01,-3.214979228457313654e-01,-3.994545599396503444e-01,-4.081913350636584004e-01,-3.044856140643937281e-01,-2.533672830102723372e-01,-3.260469794633263918e-01,-4.758743748764797110e-01,-3.181431994941225638e-01,-4.069223127808296869e-01,-3.106878304526667356e-01,-2.831739487565838043e-01,-3.789337067311093210e-01,-3.371012681006523293e-01,-2.577679659085018171e-01,-3.774667561819872730e-01,-2.348692312184924580e-01,-2.507673373382166560e-01,-2.218063161144966100e-01,-1.697991827981454038e-01,-2.039979728766453393e-01,-2.137648612607940535e-01,-3.289857982727131813e-01,-1.925675091723936250e-01,-2.821544732048936188e-01,-2.407705882873051595e-01,-1.683679845156238752e-01,-1.327786441464537670e-01,-1.929203896302195131e-01,-2.908412737863009800e-01,-2.450379309637845116e-01,-1.147366320249349619e-01,-1.452646731945685388e-01,-9.307477966149092785e-02,-2.302931926901982396e-01,-1.705475438204039906e-01,-1.782181577426200647e-01,-1.370990716359998807e-01,-1.705616845824366179e-01,-6.326698477166428636e-02,-2.625976435584299051e-01,-1.103710786078709316e-01,-1.566196324157876907e-01,-2.047037060382079013e-02,-1.273297411015544556e-01,-2.172291503502123411e-01,-1.940503646840286145e-01,-2.662467763994610936e-01,-3.313048841648496418e-02,-2.923391174535113213e-01,-3.675461305152066260e-01,-1.869330729686237702e-01,-1.989669951042383478e-01,-7.282668731211568158e-02,-1.376989015070750055e-01,-1.670333083984812117e-01,-1.486838920128449870e-01,-1.727473361025118059e-01,-3.575623850884485783e-02,-6.840736601958820329e-02,-8.678908667302032143e-02,-4.068087139295049892e-02,-3.298800820597272421e-02,-1.834734573082330011e-01
-8.182842075620053723e-01,-7.861994978211286345e-01,-7.892011865846458862e-01,-7.382150854030050668e-01,-6.594210879125496083e-01,-5.823510366261430704e-01,-4.646188196913865753e-01,-5.492065151643359400e-01,-5.218451638097553191e-01,-5.538652851806943334e-01,-5.080056458085439042e-01,-6.501226887919363540e-01,-6.438433877150374629e-01,-6.097497948784433852e-01,-6.374783151860350383e-01,-5.358189938351252124e-01,-4.910879889735077497e-01,-3.182376314337905798e-01,-3.719759509008332965e-01,-3.435647625381896830e-01,-3.614290224066012414e-01,-3.281474870475438177e-01,-3.709404157334054708e-01,-3.060802780686203151e-01,-3.931924253539624825e-01,-4.231477820235926557e-01,-3.424167302014952674e-01,-3.197464669262083392e-01,-3.847014724660134388e-01,-3.897714173614998945e-01,-3.981748979176852887e-01,-2.689998944806308301e-01,-2.353038772803634493e-01,-2.384126008630202131e-01,-3.150201586853578206e-01,-2.591587567231536382e-01,-1.608187248048268403e-01,-3.706424437015146123e-01,-3.627594644166560744e-01,-1.415154165275231968e-01,-3.972881006892481914e-01,-3.878576304137216213e-01,-2.002049949402297524e-01,-1.597995577835058245e-01,-2.445925831133227701e-01,-2.225372190159445873e-01,-1.738001393274094253e-01,-1.597454376735820136e-01,-2.097361491182786752e-01,-2.689502005866115097e-01,-1.829470113764182782e-01,-3.258797865450144271e-01,-1.060077872334766469e-01,-1.722570631858464651e-01,-1.411959376904221852e-01,-2.910058893836846017e-01,-2.462260728022698797e-01,-2.044112884609911585e-01,-1.481599796224394028e-01,-2.592634738451992105e-01,-1.529365943287949170e-01,-1.300923657383095677e-01,-6.916120235961842333e-02,-9.485085689005315346e-02,-2.513308229944345440e-01,-1.725021254057126918e-01,-1.365757639058270134e-01,-2.057479954907712183e-01,-1.774072228903041670e-01,-8.882588499377060132e-02,-2.554207199382620419e-01,3.896344858509392939e-02,-5.330916717380913133e-02,-1.793691984819141549e-01,-2.251497925083021934e-01,-8.452423331239809767e-02,-2.311255946812320050e-01,-1.806645640400842134e-01,-1.812591438990643067e-01,-2.911230708565413772e-01
-7.793693221286333017e-01,-7.501409253241505537e-01,-7.958110729457543719e-01,-7.518079746956071174e-01,-8.131883056186673953e-01,-6.507058759332846609e-01,-6.051841706488898520e-01,-6.652685271228553354e-01,-5.825399207752547381e-01,-4.178307013377661749e-01,-4.883698533356837790e-01,-4.834206683410459671e-01,-5.746469374951821418e-01,-6.744082685466261662e-01,-6.394243684853395671e-01,-6.187561124123789336e-01,-5.955937005025198072e-01,-5.045466503991291596e-01,-3.782677722614227744e-01,-4.596291343293709142e-01,-4.087727787314197059e-01,-3.604089097947925091e-01,-3.884476533949330346e-01,-3.444445507069670009e-01,-3.846799167272481057e-01,-3.861270637461202693e-01,-4.275890193320225907e-01,-4.128344215384424087e-01,-4.738280137814054882e-01,-3.332569561802287694e-01,-3.245271356213348946e-01,-3.116169808288272169e-01,-3.198462633988030657e-01,-3.718391444044716887e-01,-3.042772951631662059e-01,-3.537047270431356583e-01,-3.788865829295759435e-01,-2.532975033571467915e-01,-3.147183914955234973e-01,-2.849030439627314171e-01,-3.135689471331438716e-01,-2.135140379014937584e-01,-2.377254060237241617e-01,-1.455342601407933478e-01,-2.830991479076868100e-01,-1.067699173090991410e-01,-2.797830459732760233e-01,-2.366355086068914482e-01,-2.028194571371890187e-01,-2.078296330616145604e-01,-1.211372445138410581e-01,-1.761465744714350301e-01,-1.501507995481884405e-01,-1.314718193322483020e-01,-3.436425452629848221e-01,-1.047574056979080487e-01,-8.877287256544300065e-02,-1.409653426310279734e-01,-1.158225720734133019e-01,-1.842159512091738061e-01,-1.726124636976142102e-01,-1.581996350021709907e-01,-1.923494685885316080e-01,-1.913476150982592883e-01,-1.009487542955752049e-01,-1.585109254141228996e-01,-1.862997860112099724e-01,-2.867714272381565177e-01,-2.481701031083317077e-01,-2.486550725749060720e-01,-2.006532614788524571e-01,2.370860839450272123e-02,-1.426462478041397863e-01,-4.168924627914757930e-01,-2.560202326647191828e-01,-2.324019905506987671e-01,-1.273181937169712008e-01,-8.545337103444849980e-02,-1.275228418094266902e-01,-1.268721315914688175e-01
-7.615919932053655250e-01,-8.307133257567512752e-01,-7.220293340053528519e-01,-7.720033728587941679e-01,-6.565532643272287139e-01,-6.650673307948090640e-01,-6.471552679935150820e-01,-6.365250663301758038e-01,-5.831805285034433739e-01,-5.518404769144272803e-01,-4.713949365986190854e-01,-4.864435356657750287e-01,-5.557231738155944401e-01,-6.270799814944335582e-01,-6.327973974075126185e-01,-6.108641106231658124e-01,-6.292397474051896200e-01,-6.019772660281855758e-01,-5.109554039813585247e-01,-5.094966941896214019e-01,-4.533133803655200467e-01,-4.398672353589805906e-01,-3.682518279142889539e-01,-4.123642694744792947e-01,-3.586731139696209825e-01,-3.994736495915131580e-01,-4.272471706491228760e-01,-4.400686244703377881e-01,-4.225490095780001787e-01,-3.338888480263647041e-01,-3.584356173213537611e-01,-3.301615701083851495e-01,-3.693635035989893400e-01,-3.874519441256871199e-01,-2.804139606249062555e-01,-2.833831736826065151e-01,-4.224444732590953988e-01,-3.037312728756002000e-01,-2.531885309927579542e-01,-3.850308817640440973e-01,-3.625905659382527291e-01,-2.822417828443690713e-01,-4.196536287903785412e-01,-3.831219490672984618e-01,-2.274588423189395081e-01,-3.754651142082865434e-01,-3.427625621509332032e-01,-2.887360023029397760e-01,-2.604991464041085947e-01,-2.171349703930038344e-01,-1.538512772848291132e-01,-2.012169882512565566e-01,-2.743291059239361673e-01,-1.975856159037321369e-01,-1.174613789672312864e-01,-3.600296599382358242e-01,-3.172798823379912037e-01,-1.899594122358269632e-01,-1.125873032037278676e-01,-1.688414394345661707e-01,-1.289900096061830370e-01,-1.707085337976707584e-01,-2.789130237915029009e-01,-1.207374248211244422e-01,-2.755575074404579272e-01,-2.351027390754487079e-01,-2.135770474389604989e-01,-1.421024407695004599e-01,-1.188653189145226635e-01,-6.924000550250136721e-02,-1.187159640321953230e-01,-1.536162118898841689e-01,-6.026263359226744637e-02,-1.850996324995152764e-01,-3.137422267859191205e-01,-1.653588609966828993e-01,-8.389278897553632819e-02,-1.230928211875714218e-01,-1.482617639936495424e-01,-1.366496480401775127e-01
-8.100603053114290297e-01,-7.747732131343156858e-01,-7.412231441222798534e-01,-6.673513810151358028e-01,-6.833541411029506740e-01,-7.316857413999063864e-01,-5.931515557963832341e-01,-6.159500506586065294e-01,-5.882009759315863784e-01,-4.342824532553249406e-01,-6.176215092033456866e-01,-5.804379919029133417e-01,-3.786483465670839044e-01,-4.571617505865909759e-01,-5.717083509280109777e-01,-6.369944356261503238e-01,-6.497148606161616824e-01,-6.458857444626702193e-01,-6.204608225191796667e-01,-5.428271115194365226e-01,-5.342889698715914681e-01,-4.417741547189937279e-01,-2.968244158997556115e-01,-4.369414828301216858e-01,-3.925368629352877226e-01,-3.438982283891311997e-01,-3.904786952960824786e-01,-3.819318377042962287e-01,-4.506588099183793661e-01,-4.117744578917847398e-01,-3.632577735781892803e-01,-3.674839205127489739e-01,-3.182216941770628083e-01,-4.463740671093961443e-01,-2.575758932960213743e-01,-3.703369799201989276e-01,-3.255521345842215530e-01,-3.063258989532236520e-01,-4.213920637104692779e-01,-2.926110053887231999e-01,-4.311672055787591495e-01,-2.534049744230232881e-01,-2.775938093782522320e-01,-3.421003419141673829e-01,-3.017750393555299615e-01,-2.195666389148292208e-01,-3.778491914410340158e-01,-2.842412134930541456e-01,-2.393965626286827519e-01,-2.491316691227611069e-01,-2.789100241076001296e-01,-1.525172562761691331e-01,-3.635735574700949546e-01,-1.392692170084387782e-01,-2.844856248907315366e-01,-1.502148540953318345e-01,-3.922837038941840992e-01,-3.334545634468480957e-01,-2.705306887578797226e-01,-2.631215919357406396e-01,-2.859413641749900536e-01,-2.855044841389584032e-01,-3.068414850522985238e-01,-2.679380814004789224e-01,-9.421607055916821072e-02,-3.269002880147501289e-01,-2.859523154224174468e-01,-9.651979413106208383e-02,-1.644769857050242257e-01,-2.007158214947360741e-01,-1.867111091796033462e-01,-1.289781799268520657e-01,-1.889853121181994111e-01,-2.209988494268501358e-01,-2.350126634287035554e-01,-2.839812898011751519e-01,-1.843034606229638495e-01,-2.803362888612502268e-01,-1.052463393937212027e-01,-3.636282568705108409e-02
-7.781439933153954103e-01,-7.780362635625550638e-01,-7.680991099154983459e-01,-7.292747045382032001e-01,-7.365652928588449777e-01,-6.940183308593675937e-01,-7.471042034943057297e-01,-7.483714830963403841e-01,-5.621357361866412550e-01,-6.143855139810420196e-01,-6.133179115428251116e-01,-5.537333257903187533e-01,-4.764627773420771484e-01,-6.050089565589636953e-01,-5.637182692193681843e-01,-5.322920252156859711e-01,-5.457674825980584066e-01,-6.444782733712846046e-01,-5.980359315339598414e-01,-6.263234389508782751e-01,-5.225301978547992610e-01,-4.620650350891559177e-01,-5.163578849716349284e-01,-4.127185902145492080e-01,-4.644043984693736471e-01,-4.020151665771616867e-01,-3.929614539698768616e-01,-3.397846843210786671e-01,-4.190692124769173077e-01,-3.920600186676652665e-01,-3.384490498770605926e-01,-3.948810275572266493e-01,-4.735694082871413912e-01,-3.610892429695866657e-01,-3.934463474986881759e-01,-3.653571741037893728e-01,-3.630204249084271750e-01,-4.260036500362640033e-01,-2.848032290156491952e-01,-2.680604299994918671e-01,-3.246284391000120451e-01,-3.111679868560858764e-01,-4.024247081825455541e-01,-2.738677899524781245e-01,-3.580067503890617120e-01,-2.565738709461312106e-01,-3.483739235922431732e-01,-2.740345169434650341e-01,-3.325480894590218672e-01,-2.492205696766677248e-01,-2.292696882256264612e-01,-2.777378402783276523e-01,-2.593924792120602674e-01,-1.842027830893903928e-01,-3.012481667828958987e-01,-3.398865651884246386e-01,-3.071484226769027881e-01,-2.478635700223356664e-01,-1.694413570665019575e-01,-2.990890323512603866e-01,-1.539719213513172091e-01,-3.058086728474505023e-01,-2.647935160668696830e-01,-3.409259236403157645e-01,-2.548818684902840470e-01,-1.432253982904201084e-01,-2.335557388452819683e-01,-1.933217225483168655e-01,-1.590999803833755555e-01,-3.397523120464590596e-01,-2.164750543225513468e-01,-2.728483744957771462e-01,-2.202020707053753967e-01,-1.971623068149524483e-01,-1.379351962730881453e-01,-2.675233985446107687e-01,-1.613645061794797553e-01,-1.888481931496093780e-01,-1.906039952582594121e-01,-1.708820328678164746e-01
-8.074515251246492387e-01,-8.004630153837606343e-01,-7.778519063554948376e-01,-8.107493279206436920e-01,-7.153176536107458405e-01,-7.537059147174007823e-01,-7.336760475432807516e-01,-8.042975193068964135e-01,-5.607483487778168740e-01,-6.087542213846405259e-01,-5.866926832082605126e-01,-6.042870685340629988e-01,-5.246017188228125905e-01,-5.729218049311258776e-01,-5.289474249353242064e-01,-5.751071881491327531e-01,-6.549679614166702413e-01,-6.822311970354847377e-01,-6.819397740344992354e-01,-6.492006190434788104e-01,-6.311937278971395671e-01,-5.831227756444676835e-01,-5.785577805756183523e-01,-4.788350183794482517e-01,-4.021949535568508649e-01,-4.360621106807558434e-01,-4.102254214261266130e-01,-3.957952205321174088e-01,-3.526070412302810264e-01,-3.666343704463435049e-01,-3.904708453499682874e-01,-3.310869830355397947e-01,-3.931689870476755555e-01,-4.103425857734274707e-01,-3.607197774862173079e-01,-4.059866828414350204e-01,-3.051939929475751545e-01,-3.164475404438423234e-01,-4.165684483231796298e-01,-3.538472747965459297e-01,-2.807674543249970567e-01,-3.361221004746878238e-01,-3.292296737012562202e-01,-4.017174297882846190e-01,-2.432427430905257926e-01,-2.855921057100171412e-01,-2.806387272677247635e-01,-3.950157626259330756e-01,-3.772268177994140270e-01,-4.062721889339643844e-01,-2.612521002841772244e-01,-2.522453297656698235e-01,-1.753356885746554239e-01,-3.438606151244425480e-01,-2.547943807350852019e-01,-2.877773699860891043e-01,-2.259364008377046651e-01,-2.226878324627754313e-01,-2.877057589131261639e-01,-2.777368035555107806e-01,-7.005041308131759736e-02,-1.454000748535576037e-01,-1.986017665432046053e-01,-2.551317864765564325e-01,-2.708178355471883569e-01,-2.702071530059800275e-01,-3.039685275227998473e-01,-1.384271725950441123e-01,-1.515757894347633805e-01,-2.454459041258218732e-01,-2.295339801289188464e-01,-2.443135207302924716e-01,-1.653650019529526172e-01,-2.465879979671160294e-01,-1.337940045122203714e-01,-2.123265611484681792e-01,-1.088312476197239725e-01,-9.061241191559762931e-02,-2.403537176641384887e-01,-2.245995820856137304e-01
-8.330605594570620331e-01,-7.677964424163100654e-01,-8.110821373939393064e-01,-7.128181344352060300e-01,-8.017915638446175830e-01,-7.012732757996748001e-01,-7.339823885612223320e-01,-6.217733128190217062e-01,-6.775662238993871433e-01,-5.994772299429702578e-01,-5.695785580848774510e-01,-7.061434350953522676e-01,-7.117177206274275525e-01,-6.192951971111541054e-01,-4.709881767305958422e-01,-6.547717770189223074e-01,-5.959177468015989243e-01,-6.211992512679880285e-01,-6.544151421973311011e-01,-7.101764941521583330e-01,-6.216159287513300935e-01,-6.293882642903875224e-01,-5.832274265368658783e-01,-5.854255965976368214e-01,-5.587458017989994641e-01,-5.247603682143705539e-01,-4.356315483801367350e-01,-4.362290424779947107e-01,-4.000304749828942907e-01,-3.581274063806844654e-01,-3.923963955872029064e-01,-3.565092890828536198e-01,-4.277168197906042746e-01,-4.107631872964437880e-01,-3.653519277730545856e-01,-3.509026074338268963e-01,-3.960114798048070539e-01,-4.434822340776914951e-01,-4.083382229503261240e-01,-4.137108027726566495e-01,-3.393266130422717408e-01,-3.440042131299040351e-01,-4.066551809355690161e-01,-4.364754697412362439e-01,-3.233666716441376821e-01,-3.437215035757251735e-01,-3.924668753321889914e-01,-1.910025366151288928e-01,-3.467867476481868438e-01,-3.106235345187278174e-01,-3.593792725036989988e-01,-4.176481725017506808e-01,-3.490447187372369697e-01,-4.073049468583275767e-01,-3.049113794316510861e-01,-2.118467817561923983e-01,-2.839707745238780889e-01,-3.484161347104478001e-01,-1.894751303626799055e-01,-2.637058275360638082e-01,-1.368129453070823232e-01,-2.666341424787846970e-01,-2.127863780637858637e-01,-1.923535460480684245e-01,-3.446098092602479790e-01,-2.031096220747803938e-01,-1.798834980805373573e-01,-2.405673040878551494e-01,-2.534828923469508721e-01,-2.501548050693985226e-01,-2.501985206079913593e-01,-1.393681487482015813e-01,-2.371790627682899277e-01,-1.618026501387830607e-01,-2.731009075038597356e-01,-2.610615824224624126e-01,-1.059293299392440602e-01,-1.371275929636586455e-01,-1.734923681982827870e-01,-1.249274329851180337e-01
-7.678618560099040868e-01,-7.660209741712649123e-01,-7.253618152546611464e-01,-7.619545670185924324e-01,-7.116206686141324234e-01,-7.032785332034442449e-01,-6.985088989627991074e-01,-7.022852593938215815e-01,-8.580663381936567413e-01,-6.686281933958818646e-01,-5.709283777767493184e-01,-5.547671140393085620e-01,-6.800889405506304053e-01,-6.154090099338067610e-01,-4.916567445019413563e-01,-6.153554880187754872e-01,-6.158463966896484676e-01,-5.372406511301559551e-01,-7.190731885635017751e-01,-5.297686274521423710e-01,-6.914926024136202054e-01,-5.937333110289108040e-01,-6.105500099264679070e-01,-5.833655021178358879e-01,-5.831190615089468787e-01,-5.424158609793459096e-01,-5.409903589334941199e-01,-4.874992359130850827e-01,-4.595388416769302098e-01,-4.095120165418523195e-01,-4.408464986164536970e-01,-4.229632435364522047e-01,-3.958011876921521122e-01,-3.593927317087206030e-01,-3.802051161677886815e-01,-3.924041218877994952e-01,-3.395425145168335379e-01,-4.523028921170106353e-01,-3.773520063929787782e-01,-4.838056740528792199e-01,-3.947862659957410703e-01,-3.095753312661261303e-01,-4.082401568142481896e-01,-3.933126666450050268e-01,-3.370655974907429964e-01,-3.486309763444587762e-01,-4.190048841987800698e-01,-3.438633564048064750e-01,-2.123306181071715204e-01,-4.732701951082694536e-01,-3.236161762150892574e-01,-2.797935126802766348e-01,-3.261689009629962777e-01,-2.671787898526004068e-01,-3.398948347699780048e-01,-2.359911471632372970e-01,-1.788600818375299939e-01,-3.842019219213700931e-01,-3.364488770856658983e-01,-4.713280371801747415e-01,-2.660060973022913000e-01,-2.145838590613251828e-01,-2.810515799364743939e-01,-3.503119047238155148e-01,-3.429713011756458374e-01,-2.077710662917705009e-01,-3.704555865176918927e-01,-2.544393777050285022e-01,-3.299242550539169261e-01,-2.419151963656802073e-01,-3.766164553858292741e-01,-1.049205434960557570e-01,-6.995880618218865143e-02,-2.994315351536063763e-01,-2.486137764596951516e-01,-2.309908140803798027e-01,-1.128848381641736620e-01,-2.352713330702848604e-01,-2.337496834368586740e-01,-1.818069292028552941e-01
-7.913984756369573104e-01,-7.363692229786772403e-01,-7.742082673929038261e-01,-7.739576946752770858e-01,-7.555232506865058317e-01,-7.797217866494102756e-01,-6.858040444289735804e-01,-6.637765672796612781e-01,-7.556887419176010479e-01,-6.021198940599538085e-01,-7.143453328028350757e-01,-6.415974064370134622e-01,-6.327626462169736454e-01,-5.742026149608694396e-01,-6.594223474197645762e-01,-5.930268198126975587e-01,-5.704098802884041142e-01,-5.937744828071769287e-01,-5.829578651954011592e-01,-6.284369090730771434e-01,-6.064512003080761993e-01,-6.135545909430607514e-01,-6.733325211669858312e-01,-5.338079872846038798e-01,-6.038851372795764894e-01,-5.712294640475562568e-01,-5.751887376281339392e-01,-5.507393238643424338e-01,-4.461236193202002265e-01,-4.152485099394552237e-01,-4.789968234606137298e-01,-3.861724193088106327e-01,-3.980429909223983653e-01,-3.592463591901863262e-01,-3.660699474045313040e-01,-3.029496257207414667e-01,-3.999753427354950097e-01,-3.680131085058614415e-01,-3.537987364330490436e-01,-4.682931450057770673e-01,-3.955401295634169423e-01,-3.006285806804263605e-01,-4.605481507097201610e-01,-4.279139602146133092e-01,-3.767750823031357776e-01,-3.334927516364842859e-01,-2.909889038677699324e-01,-3.570140507429128141e-01,-4.067787375445661158e-01,-3.213808268919861044e-01,-3.662121313506044307e-01,-3.584509471503897760e-01,-4.332935087067532609e-01,-3.168920723179441401e-01,-3.828621495840752731e-01,-3.386305387526339916e-01,-2.454210798248511460e-01,-3.596329972873869574e-01,-5.084397954439753287e-01,-2.338100263428443681e-01,-3.484721382717416716e-01,-2.941654626113462401e-01,-2.427410351170316838e-01,-2.338029837629903296e-01,-2.694318843371148464e-01,-3.172357595541888120e-01,-4.001433804050827381e-01,-1.776356670258797676e-01,-1.943105865149255818e-01,-2.246982812013214315e-01,-2.451334449953962991e-01,-3.274895847337865873e-01,-3.362816409342541113e-01,-2.579305238694881708e-01,-2.226541607369581788e-01,-2.226250020732463142e-01,-2.794922902444944568e-01,-2.593100905563524572e-01,-1.176545559759561155e-01,-2.691259322347017147e-01
-7.661822319795793534e-01,-8.296311035181503923e-01,-8.077826947519547440e-01,-6.953610291115315256e-01,-7.319224212344128677e-01,-7.261268616781483276e-01,-6.840009623933206440e-01,-7.001520906105386244e-01,-6.525477420052839816e-01,-6.907538847495845458e-01,-6.427104461046787565e-01,-6.511645715296466852e-01,-6.235856284664155202e-01,-5.611519141299035063e-01,-5.394686066691516402e-01,-5.406358713389587400e-01,-5.181993443463895899e-01,-4.262865366860826843e-01,-5.179232548096400768e-01,-3.691467286481037724e-01,-4.800604460834888565e-01,-6.063935927708381524e-01,-6.722687225670235245e-01,-6.309141365026195158e-01,-6.454651054175328806e-01,-5.888961270781639668e-01,-5.994384504626203425e-01,-5.950270463725925163e-01,-5.685805953640110655e-01,-4.988791597669998135e-01,-4.870964407339963831e-01,-4.703300054714222855e-01,-4.610825901207957767e-01,-3.619750215005714256e-01,-3.641089901442082777e-01,-4.154290389980113685e-01,-3.672617688122568058e-01,-4.041824380315457987e-01,-3.755023821827030428e-01,-4.357664165031001624e-01,-4.897035721212093518e-01,-3.573977189607616678e-01,-3.534667919475614761e-01,-3.930743006937070239e-01,-3.393858137042717327e-01,-2.728994017705021480e-01,-3.976215939585553971e-01,-4.090093482999383467e-01,-3.755891835185109495e-01,-4.487210816000848368e-01,-3.506111883727333622e-01,-4.091781255806094530e-01,-3.184458292127762546e-01,-3.892010134061383853e-01,-3.096149915844440548e-01,-3.084568284003397221e-01,-2.956409095501438822e-01,-3.445252327063608733e-01,-2.560772495993474673e-01,-4.533608217866433865e-01,-2.521296263985750019e-01,-2.768229438885660421e-01,-2.954317738785651182e-01,-5.973480537042131361e-02,-2.981517725337065605e-01,-2.969496874469425562e-01,-2.407962731175266879e-01,-4.095777025632698076e-01,-3.389852038695490011e-01,-3.566989479472930102e-01,-3.044251717145541325e-01,-3.611009144182439345e-01,-1.413846308271022589e-01,-2.311755521240964895e-01,-2.930987503626333313e-01,-1.079081196181402164e-01,-2.612301839093901235e-01,-3.197149078848710024e-01,-3.839494574208384137e-01,-2.146051958556105532e-01
-7.749417865441248221e-01,-7.886695315009413232e-01,-7.614363025417969499e-01,-7.503928608467493877e-01,-7.915166265096745812e-01,-7.607395306166381266e-01,-7.569336503952247552e-01,-7.057287949389672299e-01,-7.013377400793620042e-01,-7.214647314271117606e-01,-6.655007395504231038e-01,-6.405438579974188640e-01,-6.735717990689545909e-01,-5.593814546484985328e-01,-6.917414539579470611e-01,-5.777310787012690518e-01,-6.023510413129173902e-01,-4.998189544862293165e-01,-5.925689287599456012e-01,-4.870578829418233391e-01,-6.989025571800956405e-01,-5.794430875720074647e-01,-6.773397442020756554e-01,-6.712305906408734257e-01,-6.901290243858653195e-01,-5.923473945145780739e-01,-6.396582071912945144e-01,-6.114451862512108038e-01,-6.009859029475400627e-01,-5.687399055204112042e-01,-5.359583789500105278e-01,-4.945684102354522826e-01,-4.372037811103767768e-01,-3.720833795697234825e-01,-4.172659253004485369e-01,-3.630341378492736859e-01,-4.152929644320893510e-01,-4.109128503354861350e-01,-3.391806871275810931e-01,-3.203199723019826695e-01,-3.119475698453557655e-01,-3.682170264886836519e-01,-3.667663830026662852e-01,-4.403605244901586113e-01,-5.180251314977611932e-01,-3.723468757813458985e-01,-4.032833542000035520e-01,-3.536474426744532495e-01,-3.636367879966284633e-01,-4.809994415759118458e-01,-3.837271106512837315e-01,-3.180145037393605212e-01,-2.467204696336814940e-01,-3.872066445572638904e-01,-3.914506976367052027e-01,-2.622641104155385983e-01,-4.678804434691040126e-01,-4.143987644298009476e-01,-3.686485419207768954e-01,-3.495764310310217615e-01,-3.409490501647417515e-01,-2.547836635557159668e-01,-2.647999013306838179e-01,-2.785686944119750152e-01,-4.029447966205477738e-01,-3.377351812254654750e-01,-1.637910060817208135e-01,-3.450607786154726853e-01,-3.143151437069297560e-01,-3.115650928289321886e-01,-2.408148375829438081e-01,-2.407463325942612864e-01,-2.814363037421767078e-01,-2.027366821861185664e-01,-3.531139587799673740e-01,-3.297869887519975785e-01,-3.179906605134782960e-01,-3.207265941889759220e-01,-2.825889906559886366e-01,-1.848036503230656435e-01
-7.967487892827136431e-01,-8.023032435522213790e-01,-7.980970155323845461e-01,-7.657240724172496016e-01,-7.482862574487271212e-01,-7.497551582761151634e-01,-7.064147221546627220e-01,-7.745127794746236027e-01,-7.276662890480909418e-01,-7.105332278635508869e-01,-5.866989451431646740e-01,-5.862741089667100614e-01,-7.027315711816924937e-01,-6.249428273571948633e-01,-6.586258872246588680e-01,-6.413319300554396474e-01,-4.963785066460253970e-01,-5.082585399060400855e-01,-5.061902019337615188e-01,-6.806085732134593558e-01,-5.626703747722356930e-01,-5.027481140072943555e-01,-6.155883337059090410e-01,-5.940560072765812549e-01,-7.078287267669326477e-01,-6.180710420174474473e-01,-6.094031631340665056e-01,-6.042914560248078271e-01,-5.801754246453917352e-01,-5.878985035346098176e-01,-5.639933043406509805e-01,-5.004907070542051750e-01,-5.039720563450885704e-01,-4.229920264620926629e-01,-4.626742077437870360e-01,-4.792747629977489598e-01,-3.700899373511389312e-01,-4.400887402188736197e-01,-3.870368911617813601e-01,-3.843468669466982290e-01,-2.986303603263093520e-01,-3.917461770865557913e-01,-3.991041643634492542e-01,-3.574884647702030738e-01,-4.552280877534882197e-01,-3.906237479227250287e-01,-3.277775952415046823e-01,-3.977720148417863144e-01,-3.905659625985173355e-01,-4.209355806745148643e-01,-3.268344865729136961e-01,-3.913482333747764219e-01,-4.101624871424023322e-01,-3.679464976633086692e-01,-2.984456031249568819e-01,-3.601316237802351661e-01,-4.023012879707275058e-01,-3.203583563108763355e-01,-2.468734897562903374e-01,-2.653612518329805381e-01,-3.506918074314653855e-01,-3.408032831790913098e-01,-3.440706128248266493e-01,-4.517360784711135224e-01,-2.668279750953974072e-01,-4.071033745817969063e-01,-2.782060168374392850e-01,-3.016915133117261116e-01,-3.441460517838196287e-01,-2.819134471399204478e-01,-2.270626211353862778e-01,-2.585961353565984222e-01,-2.137351627377397645e-01,-2.427378743006142758e-01,-2.806703366908859243e-01,-3.205854496248373153e-01,-3.402490128789976143e-01,-2.401059097094893624e-01,-1.541260620851593044e-01,-1.623737260152041673e-01
-7.960480058604076925e-01,-7.858755807692361373e-01,-8.081050774328776276e-01,-7.530410747255171788e-01,-7.594962814842928234e-01,-7.637305102952356428e-01,-7.553813340400885590e-01,-6.882601926741449549e-01,-7.347396028640627019e-01,-7.510401880763585281e-01,-6.289789105233610789e-01,-6.727507367357437040e-01,-6.320415645845000041e-01,-6.252143898423487833e-01,-6.592850188774935782e-01,-4.747722106437289868e-01,-4.890542481937460439e-01,-5.066287099098282232e-01,-5.946068126722411362e-01,-5.371450063865178537e-01,-4.759039725060274506e-01,-5.659741935095812249e-01,-5.022483275976298289e-01,-5.610542927948845016e-01,-6.817353858786286969e-01,-5.765875906739936774e-01,-5.977321703319723456e-01,-6.045376776855765355e-01,-6.133585104242145203e-01,-5.851680455432942685e-01,-6.059171138609098506e-01,-5.993078487074586791e-01,-5.601463128054823271e-01,-4.799109583972050452e-01,-4.797334465432602779e-01,-4.624531336259006253e-01,-4.137112639793468771e-01,-4.522671676190128665e-01,-4.254023746528127203e-01,-3.424644043473862864e-01,-3.994573531577772507e-01,-3.664503112438030064e-01,-3.405367739065375265e-01,-3.919201280423357248e-01,-3.799494532811332759e-01,-3.558792325588875372e-01,-3.371269625330958197e-01,-3.792245480810331748e-01,-4.425836645583238749e-01,-3.934763663586064997e-01,-4.272240993187882419e-01,-4.096112629855898635e-01,-5.106756317765300812e-01,-4.780097281601256021e-01,-4.676333885627428910e-01,-4.594208432074128878e-01,-4.601112896064792901e-01,-4.676835125061144516e-01,-3.720754077349657241e-01,-3.708812669449732535e-01,-4.989640606138525114e-01,-3.920241117133633213e-01,-3.412380772094624759e-01,-2.015477265710424737e-01,-3.939489012128669088e-01,-3.767200696453282260e-01,-3.974249970409857724e-01,-2.100888969610991974e-01,-3.859112628071388884e-01,-3.090557838841842542e-01,-3.369044840084310377e-01,-3.205827190559241702e-01,-3.083597799077387736e-01,-3.616665327539025365e-01,-2.528973005114260597e-01,-3.262781075197238034e-01,-2.703830812898184721e-01,-2.949556963273770038e-01,-3.461425553861099402e-01,-1.800460413302466256e-01
-7.817840923784679097e-01,-8.178465992351281466e-01,-8.211523741063385673e-01,-7.434906813994442976e-01,-7.605044828100649967e-01,-7.176968579869843490e-01,-6.980479746180662248e-01,-7.510974304866983031e-01,-7.820440681798479510e-01,-7.683224848071229518e-01,-6.484215276365293823e-01,-6.253854138434468135e-01,-7.308617567738997511e-01,-6.254908793314686299e-01,-7.353480743652794915e-01,-5.882173899669962402e-01,-5.514715506695054836e-01,-6.345676418118382234e-01,-6.344158674147567512e-01,-5.623230955888867122e-01,-5.360721837603531492e-01,-5.416630784842164648e-01,-5.284032198564461158e-01,-5.347739576083490043e-01,-6.876003995164897686e-01,-5.538990946485592426e-01,-6.148036574935346055e-01,-6.948473591129696869e-01,-6.465605678625621078e-01,-6.682863689479291436e-01,-6.158033955555096695e-01,-6.186220705216872728e-01,-5.860250628553166363e-01,-5.778938976145066020e-01,-6.053639793383489565e-01,-5.183222292836929812e-01,-4.099669049826018541e-01,-4.906897158292991556e-01,-4.528659402792625244e-01,-4.310244260868291710e-01,-4.089068382535426815e-01,-4.281708061541923405e-01,-4.041334579920878300e-01,-3.713538365598562097e-01,-3.377011834809003910e-01,-3.236822557221063490e-01,-3.521562467726945811e-01,-3.836221398758111745e-01,-3.166615991014513631e-01,-2.826551658927815014e-01,-2.936751008001808882e-01,-3.559878858224260756e-01,-3.277763028635011233e-01,-3.591016989437285645e-01,-4.038813313023499330e-01,-4.159612930464925973e-01,-4.221466822290954601e-01,-4.734501149220985416e-01,-3.494884924018644701e-01,-3.725297607010526479e-01,-3.961327844751334482e-01,-4.674399078223883119e-01,-4.018358441074030285e-01,-3.386840442682536034e-01,-2.964893598912447525e-01,-4.186611283203208189e-01,-3.601794971041314408e-01,-4.997295959482197514e-01,-2.921424738595096438e-01,-3.017174086716779002e-01,-3.437701017401620929e-01,-2.671131188696110326e-01,-4.058169545634799369e-01,-3.015363361549999177e-01,-2.074635696353112069e-01,-3.804134415878578923e-01,-3.183099427415400640e-01,-3.709702384478051340e-01,-2.892229547897317565e-01,-2.150505817697035971e-01
-7.857810093226416104e-01,-7.971103203664267056e-01,-7.656656027950482502e-01,-7.971398109459267856e-01,-8.343800702488858301e-01,-7.624744760855446390e-01,-6.866301912101063776e-01,-6.901951458463131406e-01,-7.465677443468030638e-01,-7.601807924661301286e-01,-6.984820850707341711e-01,-5.794115620497368724e-01,-6.675190912054840275e-01,-7.118288806327675022e-01,-5.629365718225669557e-01,-5.838202872295911172e-01,-7.481881142089984449e-01,-6.656702230093899386e-01,-4.955066194953767766e-01,-6.105314244352758601e-01,-6.175298966140035928e-01,-5.706844084202452594e-01,-5.030542747298782924e-01,-6.106677000270231970e-01,-4.938672300702757201e-01,-6.419235091656669834e-01,-6.356376168848139052e-01,-6.494261478802679788e-01,-6.720145210670857017e-01,-6.615565042728357437e-01,-6.847757479078097065e-01,-6.326730378616323147e-01,-5.958212854712082729e-01,-5.870112652732071279e-01,-5.447266301309559022e-01,-5.703215551747439216e-01,-5.271347839439128879e-01,-5.084857965584457240e-01,-5.649647381604585572e-01,-5.053202866341697241e-01,-4.119824765393253485e-01,-3.937817959960788761e-01,-4.024514128022269599e-01,-3.857863397581550169e-01,-3.293579217244582136e-01,-3.538343570813670680e-01,-3.753862669529285379e-01,-3.582884165410086807e-01,-3.162158746165552592e-01,-3.603335715528131478e-01,-3.885265506308221428e-01,-3.968041222916445787e-01,-4.057002991017713001e-01,-3.714054520249957525e-01,-4.824655695569984304e-01,-3.892827459592584916e-01,-4.367996378256375212e-01,-3.547477778154738970e-01,-3.253224267126981206e-01,-3.738037912248979300e-01,-3.345604266807436500e-01,-3.749938276109335278e-01,-3.865820813360451025e-01,-3.081468833942884178e-01,-2.474027296970083556e-01,-3.215822674150560223e-01,-3.721579432750857785e-01,-1.491581348550839736e-01,-3.252688076354858238e-01,-3.534522370003776448e-01,-2.649640829079853988e-01,-1.647203712238622386e-01,-2.512817417306036361e-01,-4.186882348586218883e-01,-2.537019762871632889e-01,-2.651361885214248981e-01,-2.470423161548298274e-01,-3.925474420146927157e-01,-2.972635652140749318e-01,-2.891857464248053233e-01
-7.909876349684697994e-01,-8.113993736072120377e-01,-7.348254628691667234e-01,-7.585380158972251374e-01,-7.826019595918577432e-01,-8.041436823049260552e-01,-7.327092345317155475e-01,-7.410185074630926128e-01,-7.019175224562611559e-01,-7.553267002508458061e-01,-7.446750550353186116e-01,-5.898709587884084504e-01,-6.853061954540801137e-01,-6.522392967886044834e-01,-6.083150330220679081e-01,-6.113682153551448506e-01,-6.247422805887004049e-01,-4.921599256035265602e-01,-5.205091137369510790e-01,-5.905887250486558937e-01,-3.135637264371773369e-01,-4.964117560384542771e-01,-4.425742331628320647e-01,-4.768415322073042417e-01,-3.788183967155304144e-01,-5.525398965685562880e-01,-6.146978254858809221e-01,-6.415060895936243179e-01,-5.420705570144928043e-01,-6.242387455929622186e-01,-6.298754908166411814e-01,-6.276880582831889654e-01,-6.276710959677900270e-01,-5.626209698537459891e-01,-6.075296514254022728e-01,-5.958430850433311665e-01,-5.565645289696472542e-01,-5.676099391917137638e-01,-4.511616149548883237e-01,-4.910490195093236698e-01,-4.344710657797439257e-01,-4.676205246748717514e-01,-3.990808304107591464e-01,-4.283964149607877303e-01,-3.886455454764994877e-01,-4.068983011204999611e-01,-4.297824096957977846e-01,-3.809024012400373249e-01,-3.493487467977627881e-01,-3.629517174184743733e-01,-3.308086151708666267e-01,-4.310826611853750823e-01,-3.812319508230307408e-01,-4.882266951069973993e-01,-4.111032922221395935e-01,-3.346708542606385839e-01,-4.180997744917221981e-01,-4.068177714805595313e-01,-4.112714312514565429e-01,-5.146938160402895202e-01,-3.513093698772125628e-01,-4.706888861950780378e-01,-3.947611358996950814e-01,-4.698693571877974873e-01,-3.580642138010314279e-01,-3.436426251297975409e-01,-2.985048847652069237e-01,-3.053080267210133147e-01,-3.556690707968950260e-01,-3.432904329569215762e-01,-2.755492010709739148e-01,-3.334482098017669816e-01,-3.024661616811108455e-01,-3.938823778384664132e-01,-3.918769010302224354e-01,-3.063879474168468842e-01,-2.755475698971319165e-01,-3.475141077313920746e-01,-3.038916157482245972e-01,-3.677637761420580187e-01
-7.835240328943783306e-01,-7.628988639756960621e-01,-7.959855691890924678e-01,-7.555869458254125259e-01,-8.074225898793857548e-01,-8.071030527077628358e-01,-7.138268204873984280e-01,-7.523022137378876373e-01,-6.679444031050457697e-01,-7.593971180471881244e-01,-7.355019384202174937e-01,-6.738276029600495098e-01,-6.136756814251159708e-01,-6.992992480936620625e-01,-6.769232603536264881e-01,-7.544905535966096588e-01,-6.632036325493563256e-01,-6.408427310931720244e-01,-5.063782019429861059e-01,-5.966120725114507639e-01,-6.741810572957827041e-01,-5.354698504294941319e-01,-5.797108194053083308e-01,-5.896624275853473707e-01,-4.809763819946510921e-01,-4.148650867831133460e-01,-5.976781161233044593e-01,-5.768103632292714833e-01,-5.655675852575595686e-01,-6.779416100973637560e-01,-6.560363793287996570e-01,-6.514786890138904996e-01,-6.429254251624537675e-01,-6.089528410674301950e-01,-6.471611834792015960e-01,-5.573369985101563895e-01,-5.899711624274378563e-01,-5.896338240221539184e-01,-5.085008916363753517e-01,-4.800988228582979689e-01,-4.164011611719197203e-01,-4.152514326023785118e-01,-5.144882016347469555e-01,-5.205881432185950342e-01,-4.217702038586559343e-01,-3.822576696468145130e-01,-3.586798329558388287e-01,-4.280881785963457364e-01,-3.843668048991718544e-01,-3.363682470790983481e-01,-3.670748353312985324e-01,-3.430646488278462081e-01,-3.676968758602438547e-01,-4.081812753980387787e-01,-4.037216171870793291e-01,-4.205781832359362649e-01,-4.066697229587971640e-01,-3.616118596102850247e-01,-4.167785863642304856e-01,-3.802016294941397145e-01,-4.437623707388956840e-01,-5.250293824569961521e-01,-3.813292029066920885e-01,-3.038020406179651745e-01,-3.877922578101493101e-01,-3.130599567601610733e-01,-4.023419502680008475e-01,-2.174530801230731558e-01,-3.202024807343024082e-01,-4.562062314543144370e-01,-3.722046948492600538e-01,-4.055149142365260806e-01,-2.651754299994663056e-01,-3.141714162499043561e-01,-4.459977797033732316e-01,-3.882753250909206644e-01,-4.082094786153165900e-01,-3.056845512826700806e-01,-3.238637141032368327e-01,-3.866345986968004467e-01
-7.916200681748712942e-01,-7.922524540657914782e-01,-7.659300853269459530e-01,-7.501690705235248835e-01,-7.712306231561162351e-01,-8.184120830478838204e-01,-7.542542950214837782e-01,-7.766632669490316498e-01,-7.366494878721104866e-01,-6.704259270465681153e-01,-7.450596791057645385e-01,-6.181340003315884957e-01,-6.291630292677619085e-01,-6.264448583923889480e-01,-7.388870333003666468e-01,-6.867915668793629358e-01,-6.895491868234486788e-01,-6.054450077942267194e-01,-6.178780110410164728e-01,-5.776893870904558081e-01,-5.245931804874964799e-01,-4.508927378213362647e-01,-4.350217526297754933e-01,-4.698622772759533106e-01,-5.726456088266559386e-01,-4.904172223161306077e-01,-4.989370050300103165e-01,-6.575958984541222518e-01,-6.252706712875334416e-01,-6.773762531426744671e-01,-6.325840796759570894e-01,-6.378000847245522964e-01,-7.042678788605943874e-01,-6.647743419914871055e-01,-6.493257227250140984e-01,-6.685670322113995701e-01,-6.038890354556929463e-01,-5.728629383436495415e-01,-5.793511790346954626e-01,-5.732320797594449013e-01,-5.466534749027791573e-01,-5.796008872307163440e-01,-5.297968279130431668e-01,-3.929445911412304815e-01,-4.496471802902772263e-01,-4.528741585406162451e-01,-4.599496470381744806e-01,-3.932933668989535558e-01,-4.348078614100870376e-01,-3.988939094774744953e-01,-2.787526368963159085e-01,-3.390163809601867140e-01,-3.436286472028897143e-01,-3.358049262384313338e-01,-3.893026608425794732e-01,-3.450507737809572206e-01,-4.180163065495623442e-01,-3.574101998439392358e-01,-3.027888219426436156e-01,-4.258819948811016221e-01,-4.087236323620830891e-01,-4.603079059838576792e-01,-3.743712153847316149e-01,-4.277680317495533568e-01,-4.463910802217899154e-01,-4.084653577916787515e-01,-4.134716244726641121e-01,-3.611904866046967144e-01,-3.323810229955978524e-01,-3.880791322442816993e-01,-3.382131980027752727e-01,-3.386516942129537133e-01,-2.942717559224716783e-01,-4.008688439833541506e-01,-3.950888623173379188e-01,-3.798377801028648970e-01,-3.443984075577541382e-01,-3.016585288684023869e-01,-4.270998048407331771e-01,-4.221145291248808440e-01
-7.698994472563902569e-01,-8.064951529618802351e-01,-7.999139441328678712e-01,-7.913459607568498200e-01,-7.726296235717110550e-01,-7.687454716115080799e-01,-8.052091238997292066e-01,-7.560864761416097313e-01,-7.585859351468212664e-01,-7.384221391793827083e-01,-6.481429186918384877e-01,-7.971069742096854593e-01,-7.178808804691979573e-01,-7.067032079639320452e-01,-7.508433900241843206e-01,-6.094137053159457418e-01,-6.166751746692837877e-01,-7.200792517407283988e-01,-6.283464030654168919e-01,-5.657860648111018298e-01,-7.094419115304880785e-01,-4.756272154511111405e-01,-4.604102815429901296e-01,-5.089303556584581223e-01,-5.970722611927641310e-01,-5.427194656231437708e-01,-5.270881239370217575e-01,-5.420930543004522928e-01,-5.662339368463613631e-01,-6.163431854172050084e-01,-6.098302799293687793e-01,-6.350350235952053612e-01,-6.804855454388361036e-01,-7.038397615817131303e-01,-6.417039447977537225e-01,-6.949504854878493232e-01,-5.515266710010886531e-01,-6.059900978828083318e-01,-5.690405777598553927e-01,-5.947573498683969007e-01,-5.886592229689022737e-01,-5.552178900474316059e-01,-5.854538047024345770e-01,-4.683199130582619829e-01,-5.256448336846724079e-01,-4.678129771080852817e-01,-3.833260942050066289e-01,-3.981152720300575876e-01,-4.458386095065706711e-01,-4.169761406948159221e-01,-4.127800929856488277e-01,-4.007235768641546070e-01,-3.218906967872651181e-01,-4.093787993649060097e-01,-4.442175977758016647e-01,-3.474513520524380450e-01,-3.889467346166464723e-01,-3.717546377868231611e-01,-3.025953318028348771e-01,-5.582051630428555011e-01,-3.676113166991153425e-01,-4.481071443601593041e-01,-4.233614919382385211e-01,-5.030211466152125777e-01,-3.842976636350533548e-01,-3.841701094484979984e-01,-3.725555700855642249e-01,-3.844359499854057005e-01,-4.198853113934772341e-01,-3.627144694807580283e-01,-4.165838817525342463e-01,-3.147987153270824789e-01,-3.013397448436843096e-01,-3.209902384625841765e-01,-3.770575666096159240e-01,-3.000735206794518106e-01,-3.488632864860152782e-01,-2.763747272312041536e-01,-4.100987573925518603e-01,-4.327287792300790192e-01
-7.937147066114339511e-01,-7.945615418047068390e-01,-8.024930791471602820e-01,-7.987417981111482046e-01,-8.001964588993405458e-01,-7.449875204852766108e-01,-6.874047870911353941e-01,-7.916230674552020563e-01,-6.605072134342396817e-01,-7.774525295175184203e-01,-6.976890012151565346e-01,-6.869967048228508011e-01,-6.658288103116846157e-01,-6.077319627879180786e-01,-6.949610593493104060e-01,-6.884581143983365958e-01,-6.926728930687965358e-01,-6.160249456759628872e-01,-6.382375768365894375e-01,-4.611304444253081503e-01,-5.746986497630768298e-01,-3.593666862691294317e-01,-6.194263038907944496e-01,-5.040898278794088139e-01,-4.962257088820534179e-01,-4.169785016180063697e-01,-5.888885195758714053e-01,-5.142562159233876606e-01,-4.539408781651073088e-01,-5.417927152260687551e-01,-5.619550931236995117e-01,-5.657069879085336872e-01,-7.092958527795477641e-01,-6.921201178152153188e-01,-6.652235642011395944e-01,-6.438306584853445980e-01,-6.390955152967799924e-01,-6.693211422516003317e-01,-6.152941756965655262e-01,-5.893101241835013715e-01,-5.702111388505105571e-01,-5.432165399735116029e-01,-5.670457295259925257e-01,-5.332045399727909363e-01,-4.373293086393644780e-01,-4.737516752485539939e-01,-4.260962932833819994e-01,-4.370808435983691842e-01,-4.189024890463756701e-01,-5.021208124576209686e-01,-3.782444571625373508e-01,-4.295614506682490230e-01,-3.986796915966541177e-01,-4.181155091396641654e-01,-3.303428432062687770e-01,-3.803806351123500962e-01,-3.558154561876397115e-01,-2.600964660892878810e-01,-3.574925634120652007e-01,-3.813628419529769831e-01,-3.520891900952612952e-01,-3.707777206850909613e-01,-4.467069634108386533e-01,-3.441899785364931352e-01,-3.644656022485171509e-01,-3.352671204242608782e-01,-3.442883620660906474e-01,-6.110757581602250799e-01,-3.835713793387782733e-01,-3.974743931903633731e-01,-4.017449078979876687e-01,-3.013779224569307358e-01,-4.177408110498886384e-01,-3.237096608808656129e-01,-3.177402177469426103e-01,-3.345846040073940930e-01,-3.234934295429085505e-01,-4.020198977454692013e-01,-3.520115365636806160e-01,-3.821097779265029137e-01
-7.891907163171769657e-01,-7.670411610042323636e-01,-7.928960430949971716e-01,-7.983691167896935781e-01,-7.664444963740895123e-01,-7.509615464753464087e-01,-7.266660699701323889e-01,-7.218938304605211354e-01,-7.197547485411156520e-01,-7.206990261189893943e-01,-7.711815975985596427e-01,-7.008952586293742959e-01,-8.404405163588383187e-01,-7.567244773373431599e-01,-5.966418314523118660e-01,-6.772861113145015599e-01,-5.992139829919244098e-01,-7.477144365311350072e-01,-6.431495672629277127e-01,-6.530407700458924491e-01,-5.537079524598684799e-01,-6.039014590195904697e-01,-5.368561413387724635e-01,-6.273147899250216541e-01,-5.345156620316900975e-01,-4.446331009590588912e-01,-4.930791499263730837e-01,-4.496419190303064806e-01,-5.725994893146446607e-01,-5.077545056729719786e-01,-6.003478141138275381e-01,-6.458844571452707628e-01,-5.394030367534051740e-01,-5.298104863299405443e-01,-6.166727412941049868e-01,-6.744254009240210346e-01,-6.116697817969637407e-01,-6.759725633611780582e-01,-6.850529874935656904e-01,-6.071473493040870917e-01,-6.427109330599950487e-01,-5.786493385956622548e-01,-5.885791805830097312e-01,-5.984081771780083159e-01,-5.519782651197134848e-01,-5.134920117316037480e-01,-4.604197711602429077e-01,-4.387315821394419113e-01,-4.583701752444618860e-01,-4.035026158075976088e-01,-3.929183277749874748e-01,-4.001588097474302885e-01,-4.039508830914156912e-01,-4.188020359965000106e-01,-3.437962833974914090e-01,-3.585727069508702347e-01,-3.033125688487744998e-01,-3.496719088402041042e-01,-3.455955557422664137e-01,-3.226025368503739887e-01,-3.577580807361729898e-01,-3.828004036622407180e-01,-4.214711093762363303e-01,-3.883973965640595827e-01,-3.285907718891328266e-01,-3.897772957831460161e-01,-3.926221460519032647e-01,-3.629671972666731472e-01,-3.500152403660646283e-01,-4.020054549991035064e-01,-3.342461478207137682e-01,-3.467290501452236495e-01,-3.717897289619201961e-01,-3.178395335278974554e-01,-4.564791539484550076e-01,-4.013100428002784881e-01,-4.135160213652679939e-01,-5.144781936060646155e-01,-3.477013974108796868e-01,-4.131047730264305051e-01
-7.855049806396235956e-01,-7.743140743039881313e-01,-8.066144117960110105e-01,-8.037773657211173539e-01,-7.781765358224874696e-01,-8.184992125573569144e-01,-7.960983104674074218e-01,-7.455189336429889346e-01,-8.294552963596623085e-01,-7.693953386161964669e-01,-7.137247808471267607e-01,-6.672078676340029713e-01,-7.297914371216166485e-01,-7.935476949381713441e-01,-6.557386253998925829e-01,-7.117289439103514637e-01,-7.310629355591247158e-01,-7.389816964923581200e-01,-5.686896345544865117e-01,-5.583100704247235813e-01,-6.868673106657785521e-01,-6.727039741438715081e-01,-6.466119901488102117e-01,-6.308656787005149091e-01,-5.116298345818279802e-01,-6.204367588854757809e-01,-4.561722763904845768e-01,-6.025084023899396346e-01,-5.289107718108154721e-01,-4.107781672633933345e-01,-5.249969454030664062e-01,-5.913348075718593000e-01,-5.450318307010385555e-01,-6.286334857449896729e-01,-6.573858335514972673e-01,-6.347388018410410337e-01,-6.969683622437170545e-01,-6.176557077461950485e-01,-6.716836172331840382e-01,-6.469711114992918732e-01,-6.086545581486902945e-01,-6.073333592151207716e-01,-5.934402103932138184e-01,-5.672683337329286202e-01,-5.529494996441275401e-01,-5.333492181933543463e-01,-4.899079097058531285e-01,-5.243816386605494317e-01,-5.040404422997806222e-01,-4.106542551074306990e-01,-4.564200303973597328e-01,-4.144386078920135330e-01,-3.929693174790557797e-01,-4.656344684508920695e-01,-3.957147414519594508e-01,-3.716695928997487131e-01,-4.204480973067985516e-01,-3.549437007592720628e-01,-3.884469067319244462e-01,-3.536837058200658079e-01,-3.328042194083707384e-01,-3.781593637461472257e-01,-2.994797707166098610e-01,-4.670198305266502481e-01,-3.193822253484338569e-01,-3.917728390826608620e-01,-4.432568782122977558e-01,-3.312164328876627262e-01,-4.699638908372376078e-01,-4.554582312859533633e-01,-5.113140767714630108e-01,-4.819849645868615196e-01,-4.165636128781641800e-01,-3.800009010638735751e-01,-4.253250909238916466e-01,-3.618693041166381463e-01,-4.449574778120191643e-01,-3.619826931261457270e-01,-3.452034153763905988e-01,-3.438513991986366647e-01
-7.737283030898346459e-01,-7.965616301708257074e-01,-8.174524629903852091e-01,-8.138872857677460493e-01,-7.739049068126404585e-01,-7.931674230872205467e-01,-7.385447062479305602e-01,-7.705981891111091109e-01,-7.746124016863341621e-01,-7.453477344154175732e-01,-6.914523588031845636e-01,-7.073033467660542195e-01,-6.357512828940559135e-01,-7.049263167894181947e-01,-6.656460839128489626e-01,-6.962450235278644373e-01,-6.609774531793602970e-01,-7.264090846572947013e-01,-6.218611537973032233e-01,-5.691336856279978207e-01,-6.808405576076995702e-01,-5.290598839510478602e-01,-4.617943135234398033e-01,-6.010359828571936180e-01,-6.711385998062276981e-01,-5.486842641611843208e-01,-5.915288724553303679e-01,-5.861070316762337917e-01,-4.331331682058477961e-01,-5.901856502422945239e-01,-4.921252585522953304e-01,-5.934347999727889178e-01,-5.923854582687911874e-01,-6.415908083544579199e-01,-5.948370769827943105e-01,-5.333462065714880129e-01,-6.624040962590116433e-01,-5.641253297175925496e-01,-6.275939119688996870e-01,-6.751788501962399103e-01,-6.686910436486319664e-01,-5.641940719481201016e-01,-6.728514511247599694e-01,-5.517877006165172737e-01,-6.426531535864810074e-01,-5.752115984950159078e-01,-5.645348934201838142e-01,-5.200916209448952499e-01,-5.167107190488385848e-01,-4.931075716357099514e-01,-4.825418411678759623e-01,-4.551916139646931536e-01,-5.076652472052740617e-01,-4.012027321092423437e-01,-4.279094815929516682e-01,-4.189962217671219791e-01,-3.439107944090126212e-01,-4.218216206834656812e-01,-4.412367010683245216e-01,-3.844830162190712719e-01,-4.009325516818887380e-01,-3.181007128309282228e-01,-3.753134923736533568e-01,-3.584248101016010990e-01,-3.412803251257560677e-01,-4.173701558743397877e-01,-4.089225691604922996e-01,-3.831927162806971210e-01,-3.478204752171089043e-01,-3.379151562183020374e-01,-3.819997941106806905e-01,-4.693343400014072797e-01,-4.634962957266255401e-01,-4.555730915576447493e-01,-3.823708392778243370e-01,-4.980510858469722746e-01,-3.609447735715919370e-01,-3.333106122985274866e-01,-4.644037462186397791e-01,-3.974095994044897773e-01
-7.901425531632306765e-01,-7.917021095990709467e-01,-7.868634332322923530e-01,-7.832909177338494011e-01,-7.836646117295718028e-01,-7.875241949933147190e-01,-7.775408577177778113e-01,-8.140351976083789465e-01,-8.088587308427004352e-01,-7.680032763889859115e-01,-6.867527429618188739e-01,-7.727790493494324231e-01,-7.546140269627097386e-01,-6.987863863177659063e-01,-7.266588592359906063e-01,-6.822019940447102693e-01,-7.145024051216644079e-01,-6.361779725320221290e-01,-5.660843815240195198e-01,-6.241178547036395630e-01,-6.876350158186581574e-01,-6.402125958147055762e-01,-7.249763984025354713e-01,-6.509658644981578535e-01,-5.631915812629334495e-01,-5.227161423651611738e-01,-5.746423946481888922e-01,-6.546055735254602270e-01,-5.372795549931999037e-01,-3.893034834779815490e-01,-4.544021808973705556e-01,-5.410334271200692990e-01,-4.913316062403562667e-01,-5.600336828945273737e-01,-5.839943593234895314e-01,-4.772225192279798134e-01,-5.860352018382642969e-01,-6.633741249010648433e-01,-6.833548744907991246e-01,-6.380914528435681632e-01,-6.526213562368939902e-01,-6.223645134250453959e-01,-6.771542836769701701e-01,-5.991646066972886597e-01,-6.155548880547417889e-01,-5.256947719870940228e-01,-5.666159250558673310e-01,-6.182416768193090828e-01,-5.531036465002791003e-01,-5.068058490751041756e-01,-4.776725353267353147e-01,-5.342775176408735005e-01,-5.658233518973806442e-01,-4.486155412911712048e-01,-4.234726747353482756e-01,-4.718623961006087053e-01,-4.340784277656551948e-01,-2.903116904053898439e-01,-3.598791588202552849e-01,-4.165229164036560738e-01,-3.646046008727837351e-01,-3.758552277715364598e-01,-3.772115888760347868e-01,-3.888150824091652913e-01,-3.675246360281935187e-01,-3.537733987403497982e-01,-4.084005920200762252e-01,-3.642018366279635710e-01,-3.427663230094232238e-01,-3.631814646942105873e-01,-3.511449136453526632e-01,-3.180313483956865306e-01,-3.912770488277018122e-01,-3.935322815784422223e-01,-4.946956106247398788e-01,-3.621385282385986559e-01,-3.908239230320951219e-01,-4.073837137017987664e-01,-4.363709705799610483e-01,-3.967360952716452727e-01
-7.739454584317929653e-01,-7.870728266490180092e-01,-7.840880291450494921e-01,-7.827099254293052866e-01,-8.073876446920544847e-01,-8.187715837923328355e-01,-7.908339023967461134e-01,-7.683092203102215301e-01,-7.889720845656801318e-01,-8.072519944091042232e-01,-7.123511527424259970e-01,-6.810034685130458287e-01,-7.908483901313527742e-01,-7.911748756958729700e-01,-7.398971764524119310e-01,-6.230610500421291942e-01,-6.182797433377612562e-01,-7.118252353596540294e-01,-7.333303449235353266e-01,-6.966293718717018191e-01,-6.088428845705823322e-01,-6.208087017944057262e-01,-6.839616300681952143e-01,-7.164075738401384230e-01,-5.408077949697570608e-01,-4.683664103221195640e-01,-5.507207354807477362e-01,-5.037238692013357166e-01,-5.325110004153474907e-01,-6.279931052535505653e-01,-5.443390608983100787e-01,-5.986317776579898053e-01,-5.439081992373028251e-01,-5.786642790680167625e-01,-5.806359512853143112e-01,-6.768567624307958441e-01,-6.522897492778363393e-01,-6.280372769485694784e-01,-6.771715209953376169e-01,-5.964560871977219181e-01,-6.259790581024646805e-01,-5.868989270895175192e-01,-6.554761470178048777e-01,-5.759577732888928603e-01,-6.431183387428804910e-01,-6.290610391324445994e-01,-6.366905851640825009e-01,-6.227848876042753057e-01,-5.855072543036664579e-01,-5.748567838574488720e-01,-4.717742408418714173e-01,-4.648215507918778133e-01,-5.001625467394288371e-01,-3.934432525647749701e-01,-4.237461313694529941e-01,-4.350478582288770379e-01,-3.723543025149948504e-01,-4.370770467640085477e-01,-4.976337122903529697e-01,-3.592300911831758370e-01,-3.059238446449795701e-01,-3.554984060192855067e-01,-3.786893459048675803e-01,-3.831772750073670353e-01,-3.704450861983777377e-01,-3.654196891398871494e-01,-3.435032777072165033e-01,-3.913934169908632188e-01,-3.615186637104507161e-01,-4.055012987055868212e-01,-3.750165384775109856e-01,-3.769713070249780529e-01,-3.747919813734034711e-01,-3.474840674682828645e-01,-4.096940457843225025e-01,-3.214715629351240778e-01,-3.761726595050845501e-01,-4.223953445461724465e-01,-3.971134573654960254e-01,-3.858732755748762733e-01
-7.821436497103065877e-01,-7.774825406256131721e-01,-7.753339447664251427e-01,-8.228039661511521441e-01,-7.463918794185391281e-01,-7.806739527873841622e-01,-7.195322791434525245e-01,-7.888133620930948275e-01,-7.758461772845200999e-01,-7.368458981700596322e-01,-7.614893285988574290e-01,-6.926562393657019756e-01,-7.900178250707641237e-01,-6.785504409307728801e-01,-6.782507134181693376e-01,-6.314754219868571328e-01,-7.371111320311531934e-01,-7.458415405876459570e-01,-6.906917263200268442e-01,-5.467683119946706860e-01,-6.826254212948303923e-01,-5.865459246382093150e-01,-6.819230513952576622e-01,-6.132777950862645655e-01,-5.860185730379888769e-01,-5.022924550189437065e-01,-5.549224806954943245e-01,-6.022526185439486257e-01,-6.101132865288155793e-01,-5.508842628253893814e-01,-5.183938093488401622e-01,-4.171613933349115899e-01,-5.109228835313794903e-01,-5.880233450344714008e-01,-5.089109895955760132e-01,-6.299253641308614204e-01,-4.955624701378670283e-01,-6.095930504081951140e-01,-6.424703371236734073e-01,-6.032962629017888379e-01,-6.923784903225990162e-01,-7.023641947964395227e-01,-6.740470318266453820e-01,-6.361622796606440922e-01,-6.148193487718226491e-01,-6.455734838221682814e-01,-6.628326229956272853e-01,-5.737712438071295162e-01,-5.661039679730041074e-01,-5.450058381345839198e-01,-5.655881864246820045e-01,-5.486743940345507609e-01,-4.970841328399613901e-01,-5.107153854552446415e-01,-5.071198761514923437e-01,-4.795717174510833458e-01,-4.519763859654909455e-01,-5.560937652520041574e-01,-4.839216706251434630e-01,-3.523913466678996742e-01,-4.524905646312286644e-01,-4.410218513377527350e-01,-4.127717630310188124e-01,-4.595076008833501313e-01,-3.703041038809044005e-01,-4.044506769406455149e-01,-4.303481918117464944e-01,-3.184181868058545972e-01,-3.319976283270204553e-01,-3.592077095355525884e-01,-4.436747027414325029e-01,-4.400136034144986330e-01,-3.094213333594060256e-01,-2.968680514342617593e-01,-3.942382897931235863e-01,-3.051769955130357315e-01,-4.661962150316744102e-01,-3.909885735914305216e-01,-5.081815554524982126e-01,-4.413729558371634609e-01
-7.959159618164731720e-01,-8.053324096842042756e-01,-7.951090130285562996e-01,-7.883182269621278326e-01,-7.749590005034524554e-01,-8.143432385749712621e-01,-7.523867075569061758e-01,-7.889304834034501779e-01,-7.552258145289721947e-01,-7.096143457221993911e-01,-6.906461657739991766e-01,-7.552415981564143399e-01,-7.785089367139763628e-01,-7.660290143767913840e-01,-7.082552885486974592e-01,-6.585603575082736860e-01,-6.337942346478612210e-01,-6.941555419228365720e-01,-6.834348014421911532e-01,-6.734523136687788902e-01,-6.547388454736765562e-01,-6.621058531949344239e-01,-6.446657886398097226e-01,-6.337003204528618427e-01,-6.209107046134069163e-01,-5.936383363731345675e-01,-5.582980852047487730e-01,-5.543683672230884651e-01,-5.948011387866277699e-01,-4.993359435561200432e-01,-3.888009688570095990e-01,-5.101593265448876036e-01,-5.695708669419130565e-01,-5.585740520354964822e-01,-5.310830699091211304e-01,-6.024157757088398624e-01,-4.892999015056469503e-01,-5.404639376990337807e-01,-6.664001301073276817e-01,-5.687513326456969942e-01,-6.824567094700247916e-01,-6.673804756449579489e-01,-6.255328178949237650e-01,-7.023324507378163606e-01,-6.269999655087962198e-01,-6.088488423546331019e-01,-6.551311383841121883e-01,-6.309136977026474913e-01,-5.856802502071575267e-01,-6.149247523131013970e-01,-5.387050285286371087e-01,-5.775107031775608135e-01,-5.209969435789286729e-01,-5.459021919002197132e-01,-4.897498510904869651e-01,-5.372529267680480336e-01,-5.177129765169105058e-01,-4.969271172910705303e-01,-4.184916894350608763e-01,-4.302597443577357295e-01,-3.723315408621328260e-01,-4.088135559104854044e-01,-4.079623765735807539e-01,-4.478161219641373370e-01,-4.026285388733815696e-01,-3.641456694682508322e-01,-3.864079637505700160e-01,-3.376812068652320087e-01,-3.241929553722958102e-01,-3.106837965299888982e-01,-3.979204463592585506e-01,-4.036620209138487847e-01,-3.737771858827875771e-01,-4.677801924226895891e-01,-3.478876723939448024e-01,-3.308339155278015031e-01,-4.510073703507825882e-01,-4.744805118310768122e-01,-4.809299763933890248e-01,-4.157962645544324709e-01
-7.763313221501508821e-01,-8.024731254302223116e-01,-7.820270178712310782e-01,-7.936370644367651828e-01,-7.508146076531434510e-01,-7.678129397857400562e-01,-7.815576620069992764e-01,-7.550578357737829371e-01,-7.890200239609296284e-01,-7.873896198060063023e-01,-7.650140096346870200e-01,-7.512966851291751347e-01,-8.055786872471105697e-01,-7.282236451547592360e-01,-8.022265081808533926e-01,-7.091110077808693291e-01,-6.711110156959076978e-01,-7.230147877573063209e-01,-6.686983004928855889e-01,-7.007229208423534361e-01,-6.052608841159566877e-01,-5.589421089533613829e-01,-6.399539978517267969e-01,-6.231782155103861021e-01,-6.762228410376500687e-01,-6.429742369141590030e-01,-6.644998383006645026e-01,-6.205706805037898288e-01,-6.785880471124169366e-01,-5.265460101597856379e-01,-4.376746039066523597e-01,-6.897447952715783925e-01,-4.204978802664129378e-01,-5.519144325408604779e-01,-4.467703347689603866e-01,-4.773482748865661707e-01,-6.336610003428191362e-01,-6.122276747850566858e-01,-5.090567938826933148e-01,-5.548414976750941641e-01,-6.632065683774108766e-01,-5.869351583178136211e-01,-6.775885316699951089e-01,-6.991529950975756691e-01,-6.797962149086240746e-01,-6.473285863847004773e-01,-6.143056743250363549e-01,-6.519290903358504474e-01,-6.425971102634367993e-01,-6.149562838864246483e-01,-6.018661604671708965e-01,-5.768176087224401449e-01,-5.998257190075375611e-01,-5.192463587061170172e-01,-5.032283642732596762e-01,-5.240219263164973551e-01,-5.096313399398507693e-01,-5.091131493704250666e-01,-4.746520517547845874e-01,-4.468403023163654009e-01,-4.966048293194521568e-01,-4.284733698676065905e-01,-4.128299675510105904e-01,-3.944646724117003012e-01,-3.748957566329853552e-01,-4.255817789906489734e-01,-3.557238190388432586e-01,-3.871790168209832683e-01,-3.471254748391000011e-01,-3.428706087241381595e-01,-3.479715934386418130e-01,-3.036761142972883021e-01,-3.853556187487204299e-01,-3.267128767713325388e-01,-3.831073441261202417e-01,-3.626442097252833840e-01,-4.293917214874396482e-01,-3.598675841208477943e-01,-3.412410326781571968e-01,-3.077631364640966427e-01
-7.889215055689414724e-01,-7.922405521125100991e-01,-8.090101101994580102e-01,-8.329975868305196096e-01,-7.633519086213651494e-01,-7.515443901412025562e-01,-7.562367658358719602e-01,-7.724429444528341238e-01,-7.241607262343696672e-01,-8.134139520627718944e-01,-7.238127357055298416e-01,-7.328946560424497436e-01,-7.226723521088210811e-01,-7.622466449681367662e-01,-6.727555920126311317e-01,-6.941174786071777625e-01,-6.411537667804704244e-01,-7.013838843216705365e-01,-6.305573272929393402e-01,-6.829725857719139981e-01,-6.657812092609621812e-01,-6.732009266237513057e-01,-5.497392381224970315e-01,-7.139259622073311773e-01,-6.046036312347895514e-01,-5.401146452186669222e-01,-6.998541609470650959e-01,-5.594818060028597939e-01,-5.506712657871285499e-01,-5.313763743553353569e-01,-5.351703088472486991e-01,-5.593615840462169420e-01,-5.969673115613221004e-01,-6.449592397795788079e-01,-3.190441715937923362e-01,-5.255361117972024987e-01,-3.450432956540422924e-01,-6.288506562968322333e-01,-6.275081219178196834e-01,-5.610822761768495814e-01,-5.180358191442725468e-01,-6.845353179068094374e-01,-6.393391886761001786e-01,-5.170699969304666244e-01,-5.929770818234428864e-01,-6.646298186393088114e-01,-6.924061602131460491e-01,-6.443491068072115802e-01,-6.424832780717399938e-01,-6.146325860618235826e-01,-6.445559148839697938e-01,-6.239144614239950926e-01,-5.284468511030804283e-01,-5.422966902747003992e-01,-5.850808259356171659e-01,-5.786847083884070209e-01,-5.608136133698360393e-01,-4.663852160203394437e-01,-4.625626477557243654e-01,-4.517738361690501470e-01,-5.119256397570509654e-01,-4.843800194988219232e-01,-4.907326090787769157e-01,-4.810494256323572526e-01,-3.268982508428931455e-01,-4.404702069696249112e-01,-3.753215435142741030e-01,-4.045603931224258654e-01,-3.016713911317353003e-01,-3.854499802579870460e-01,-3.154071030071810000e-01,-3.170777195388413405e-01,-2.937369053588350654e-01,-3.128187975409635890e-01,-3.413852029059131210e-01,-4.230233502236889209e-01,-4.254814543566032836e-01,-3.808680727478481187e-01,-3.200316822656527060e-01,-4.021965231502476201e-01
-7.996333958760819538e-01,-7.780738762350795090e-01,-8.213433053106595771e-01,-7.562841890108038534e-01,-7.785060076172350962e-01,-7.869051680170103813e-01,-7.939835339458232166e-01,-7.545821600245770089e-01,-7.792466010565576306e-01,-7.684156620599009724e-01,-7.119257900764891511e-01,-7.158032535801225338e-01,-7.404864301111041547e-01,-6.589697872681844482e-01,-7.204015360261838419e-01,-5.881791955838557850e-01,-6.988760841827625914e-01,-7.202314798996920509e-01,-6.875265494497120322e-01,-7.152887890310313246e-01,-7.315721185470835941e-01,-7.397208254741086675e-01,-5.783210428946409243e-01,-6.842026347223136851e-01,-7.087601273374014577e-01,-6.651640797306753727e-01,-6.785956858390097546e-01,-5.976748028435225901e-01,-6.258602615131786395e-01,-6.232706184359577684e-01,-6.350083158603967437e-01,-4.989483126069051977e-01,-4.773648560597175128e-01,-5.302799403031676073e-01,-5.696910561599186629e-01,-5.274474843551880676e-01,-4.642598759637168726e-01,-6.258738834587129762e-01,-4.619419133706737512e-01,-5.558292929292242279e-01,-6.227933896631956401e-01,-6.010926870361515961e-01,-5.975940510743010803e-01,-5.366750333436801634e-01,-6.389321559719550736e-01,-6.890001803363907662e-01,-7.156412874501429933e-01,-6.381849197197208001e-01,-6.550676372510721990e-01,-6.343169035626381458e-01,-5.829308741174028530e-01,-6.345238801387140803e-01,-5.991778954755151432e-01,-5.974462650410646836e-01,-5.853096258837472421e-01,-5.780329026100318179e-01,-5.148388309471956248e-01,-5.988149724459718160e-01,-4.971335684110611552e-01,-5.185139693087840174e-01,-5.737668903381540897e-01,-4.679279774955381610e-01,-4.990299333350508015e-01,-4.964195362652557564e-01,-4.079375742360801804e-01,-4.334585073314884407e-01,-3.701083994977826253e-01,-4.331959893978203358e-01,-3.929165902427941837e-01,-3.569764567254096743e-01,-3.705630270717630848e-01,-3.586953045938633955e-01,-3.756366954921749324e-01,-3.915827564505428571e-01,-2.736912181982991688e-01,-3.545865989261255402e-01,-3.652866244276462004e-01,-3.955880428391967962e-01,-3.634805786961437524e-01,-3.706982891308787109e-01
-7.901277798385376583e-01,-7.676843963026291906e-01,-7.769968812571883543e-01,-7.775237777904978609e-01,-8.043099211332804810e-01,-7.789945808779007441e-01,-7.232795613322161588e-01,-8.117081483326427094e-01,-7.627837096761532765e-01,-7.471298145727752749e-01,-7.350601402772586335e-01,-7.879661766246955912e-01,-7.826755923424871808e-01,-7.570359576029381810e-01,-7.585604673767599726e-01,-6.976501758401840725e-01,-7.120142691829965953e-01,-8.034372287850778394e-01,-7.286648517365488242e-01,-6.857629444927534346e-01,-5.701149845667168314e-01,-7.080111078889549381e-01,-5.991397708443850778e-01,-6.134183584227083097e-01,-6.949682287951141069e-01,-5.510859507634545684e-01,-5.641105168186696384e-01,-5.787526450190216831e-01,-5.160856097714902058e-01,-5.422046467449558316e-01,-7.013857009411275101e-01,-4.935549458623054719e-01,-5.720464360043300278e-01,-6.206642794232670735e-01,-4.749658730187926725e-01,-5.672154501768028600e-01,-5.608048237931497759e-01,-6.175256833631983522e-01,-5.679925685346554065e-01,-5.039165168643247039e-01,-6.259136014591403230e-01,-5.636547514803349479e-01,-5.226631145333373585e-01,-6.199099445939574293e-01,-6.377247683870738149e-01,-5.551908507404085258e-01,-6.617909698984282274e-01,-5.939179086386771056e-01,-6.474560718140627280e-01,-6.242254107277953601e-01,-6.258038052808524432e-01,-6.164532336134701529e-01,-6.363693923274150732e-01,-6.130256018102346882e-01,-6.135170315163310795e-01,-5.913233473125742989e-01,-5.772786786647152724e-01,-5.125951455945492174e-01,-5.032315779524721977e-01,-5.664139595955407502e-01,-5.477558590345690259e-01,-5.019517645741212730e-01,-4.755039360275573057e-01,-4.878762517809142607e-01,-4.197448736496962596e-01,-4.508806718828445859e-01,-4.546383309185713650e-01,-3.977482342553759764e-01,-3.733831613595455234e-01,-4.275781085782177637e-01,-4.137410335108883119e-01,-4.060873072342762180e-01,-3.412396560779876742e-01,-3.866040026803833629e-01,-3.436295319557014505e-01,-3.773924203262152277e-01,-3.943874836060999867e-01,-3.079719502583016522e-01,-3.948484453361339463e-01,-3.925783266288733753e-01
-8.080052505088608505e-01,-8.081158261754424199e-01,-7.692194830931001759e-01,-7.771529866423459998e-01,-8.000498556393362826e-01,-7.592720478295446052e-01,-7.447821055294661097e-01,-8.509134513295822932e-01,-7.964585015782827959e-01,-7.262600836300528995e-01,-6.873782631083419359e-01,-7.487898313792834548e-01,-7.908265271995843504e-01,-7.555904595785075673e-01,-7.131577655590805032e-01,-6.817916515091178020e-01,-7.138742301425655690e-01,-6.785042737858315576e-01,-7.014081760014173605e-01,-7.058257675762794614e-01,-6.443082565649703719e-01,-5.884814911741894639e-01,-7.048255717891134253e-01,-7.049723433878110068e-01,-5.796544563728212029e-01,-7.484861880987979665e-01,-6.252123128850102241e-01,-5.497897958006172647e-01,-5.553733922536365775e-01,-6.071374951608591308e-01,-5.654624461898649646e-01,-5.442223664739905820e-01,-4.325455597331668289e-01,-5.514153320650965195e-01,-4.248261713358389424e-01,-4.973582138738958935e-01,-6.513272136728360806e-01,-5.986604669203022810e-01,-5.224311048290934956e-01,-6.414091242226515055e-01,-5.499357895726472156e-01,-4.525666238747335091e-01,-4.772547935875952607e-01,-5.719395465605265905e-01,-5.884391948108661508e-01,-5.852741935538318119e-01,-6.522048315706681088e-01,-6.210398764702024232e-01,-6.733765999878124076e-01,-6.660240029956484564e-01,-6.130985572305741593e-01,-6.240628022970791111e-01,-6.022227277866032402e-01,-6.590189086698025056e-01,-5.885034386296198461e-01,-5.960611086582232598e-01,-6.144163856444680993e-01,-5.483596812190801861e-01,-5.621640550323231400e-01,-5.286981166037264535e-01,-5.543972560802888916e-01,-5.185639857293992128e-01,-5.253494682152776152e-01,-4.289587690539645726e-01,-5.142647148329936302e-01,-4.782460090371312145e-01,-4.143750967998236501e-01,-4.243044624276405830e-01,-4.244525424162760574e-01,-4.493835948639826605e-01,-3.799233231092417062e-01,-3.922362391665344394e-01,-3.759452617052441159e-01,-4.286231595252101845e-01,-3.255837488473559693e-01,-3.355670018275126454e-01,-3.252475854730939586e-01,-3.620828671753624217e-01,-3.526476146871012629e-01,-4.045204912003109721e-01
-7.880134875317319487e-01,-7.912707442234488964e-01,-7.614005211082378599e-01,-7.969766155304006672e-01,-7.678652941034399548e-01,-7.944811298111053022e-01,-7.945265989757640535e-01,-7.828837270501594059e-01,-7.886468470437207889e-01,-7.707226397769948445e-01,-7.984166885742579600e-01,-7.411233950719885444e-01,-7.083357669747093466e-01,-7.683930061246232457e-01,-7.580652839888878392e-01,-7.083626364388204699e-01,-7.237062344918281376e-01,-7.011682157294493178e-01,-6.897059971900968423e-01,-6.348771536688713191e-01,-7.493587168393218700e-01,-5.824662401078291030e-01,-7.061665813676815118e-01,-6.255212144274628905e-01,-6.046668635634435685e-01,-6.557010138181230685e-01,-7.008586016215083703e-01,-5.204404993394633472e-01,-6.565914547685192115e-01,-5.915732430370369554e-01,-6.179040759753769985e-01,-5.590103562464108222e-01,-4.567684682860504441e-01,-4.689428822353706727e-01,-4.469219433500657979e-01,-5.058749108320319543e-01,-5.702825292369944066e-01,-5.282394937746579533e-01,-5.168425925982529368e-01,-6.350630133505157371e-01,-4.525210317096335921e-01,-4.444870352485071896e-01,-5.039814423454440639e-01,-4.693351521582490582e-01,-6.301709343322576817e-01,-7.063349743438546158e-01,-6.650000876946524642e-01,-6.593064507347290437e-01,-6.540281420465461348e-01,-5.913315431159246183e-01,-7.107024416645075782e-01,-6.596589731151001335e-01,-5.846395462646122310e-01,-6.696103678171099194e-01,-6.369160180658181014e-01,-5.937028196877576214e-01,-5.870798907392547061e-01,-5.271717791625870619e-01,-6.045113313437168179e-01,-5.168771416938030550e-01,-5.827088890258411702e-01,-5.432952353043655203e-01,-5.658471962725675208e-01,-5.164878245995734307e-01,-5.621956311383541349e-01,-5.107271323528329576e-01,-4.742954127007478204e-01,-5.271418163630152698e-01,-4.079527169324703162e-01,-4.549581408968358942e-01,-4.083923892304769931e-01,-4.103382266366608633e-01,-3.819313184227643987e-01,-3.657553853374550523e-01,-3.830856630713602162e-01,-3.998150978631136443e-01,-4.179881945865397408e-01,-3.624676514574167174e-01,-3.896329315938403814e-01,-3.972718486158913209e-01
-7.977906548145923260e-01,-7.852422704382181484e-01,-8.008604926160067805e-01,-8.063028429043298528e-01,-7.959969102299918609e-01,-7.717435489072815846e-01,-7.514447387503065956e-01,-7.887594721310003942e-01,-7.592649497284470472e-01,-7.456993932541621239e-01,-7.295785013747680958e-01,-7.537086780637184402e-01,-7.048876272618935790e-01,-7.162994643026988628e-01,-7.002883516588697121e-01,-7.835247414289093770e-01,-7.307042069751580327e-01,-7.710371604584955740e-01,-6.475942981816565913e-01,-6.572066072973009598e-01,-7.107532429107396021e-01,-7.825548589916889730e-01,-7.375020560692875371e-01,-7.288795847159483809e-01,-7.588494848389114589e-01,-6.183085982141255377e-01,-6.938704697856252768e-01,-6.071434467765494114e-01,-6.922435396760753257e-01,-6.510563893525663781e-01,-4.558590483353753831e-01,-5.618771925089205421e-01,-5.105579059024867306e-01,-6.449465819169144520e-01,-5.355162147137690898e-01,-5.391171878770621984e-01,-5.467442984733429379e-01,-6.552021126919863603e-01,-5.464060360814252393e-01,-5.296661527432650063e-01,-4.723973515374634835e-01,-4.319569172209843932e-01,-6.992641533252138553e-01,-5.584185326621707857e-01,-6.633288449501381079e-01,-6.426041943625188102e-01,-5.720291029096336022e-01,-6.321061477224473313e-01,-6.645420973389992714e-01,-5.712488306069106736e-01,-6.457986215923745554e-01,-6.503754667646313159e-01,-6.172237659431335510e-01,-6.686630414589515015e-01,-6.410035656818483529e-01,-5.691202720650195834e-01,-6.444029762621920066e-01,-6.127464092413347219e-01,-6.309879088549402715e-01,-6.175191479363142388e-01,-5.999879714915705708e-01,-5.757113058899894220e-01,-5.656350586405789471e-01,-5.895444018061509750e-01,-5.163213356003023558e-01,-4.894955392465007993e-01,-4.686984399452336358e-01,-5.527381498828594086e-01,-4.562653547242322971e-01,-4.311003582303454262e-01,-4.476258133614675061e-01,-5.184999506492800059e-01,-4.151094338634169767e-01,-4.197462283648994985e-01,-3.780270474554801585e-01,-4.393028678302887124e-01,-3.986257226009958243e-01,-3.104778829659792239e-01,-3.989700392225661862e-01,-3.457724747494949624e-01
-8.192771355897974228e-01,-7.878732609160488121e-01,-7.954785518982299131e-01,-7.695777316367563570e-01,-7.993456622076610119e-01,-8.009631354156814265e-01,-7.707645080805881621e-01,-7.957021543873016300e-01,-7.653991104149717728e-01,-8.140300097079773423e-01,-7.659716160635953175e-01,-7.186464068037421438e-01,-7.273740979703988696e-01,-7.939427431587039452e-01,-6.843150861315034916e-01,-7.077292941455487485e-01,-7.515964875337377560e-01,-5.948449371772547289e-01,-8.153501323424365843e-01,-6.779082419968259776e-01,-6.373624645968389846e-01,-7.468600059084290477e-01,-7.635525376972422951e-01,-6.582164386905445808e-01,-7.145212727528413854e-01,-5.987031024597878615e-01,-4.909548382291547552e-01,-6.198285288543612381e-01,-6.106171492434810943e-01,-7.313153612417817584e-01,-6.583980244904098500e-01,-4.235032156324172181e-01,-6.030122714352683655e-01,-5.880713601056871687e-01,-5.149251738291306113e-01,-5.351155866227151892e-01,-5.727106119355792613e-01,-5.426200434052096400e-01,-4.694991025961468556e-01,-4.606506951716665688e-01,-5.996946427554867842e-01,-5.701904989631633169e-01,-5.331554052781608544e-01,-5.993382761030138228e-01,-5.632133348946160023e-01,-5.830976559909137880e-01,-6.605795565710453898e-01,-6.306847286536508834e-01,-6.916521613066340946e-01,-4.151356988041313700e-01,-6.187722466732751281e-01,-6.815683335957468669e-01,-6.793344819957786163e-01,-6.714239797323123815e-01,-6.922985658686332533e-01,-6.577878182471762480e-01,-6.491585704182988303e-01,-5.823828638528525392e-01,-6.450033333688887094e-01,-6.416557152882848003e-01,-6.121390555625373375e-01,-5.873786836410572754e-01,-5.521576139833894725e-01,-5.657583172532688609e-01,-5.013758737885476435e-01,-5.397979875123454230e-01,-4.750755178810820434e-01,-4.913320176242421122e-01,-5.527672501714093745e-01,-3.949264340848933075e-01,-4.885648473817981730e-01,-4.630234401047415016e-01,-4.707648645889449535e-01,-4.530009539522857342e-01,-4.093118341204550759e-01,-4.288863697469592617e-01,-3.817255771916749918e-01,-4.078973482769617243e-01,-3.979785714291102505e-01,-3.658818577067308175e-01
-7.744703694905233915e-01,-7.687939390540434736e-01,-7.898865472416993772e-01,-7.589882121058633135e-01,-7.848901523118673174e-01,-7.373422015699087062e-01,-7.557787940334829146e-01,-7.718679762192469651e-01,-7.589640201764439320e-01,-7.794114161759321258e-01,-7.824914059177384695e-01,-7.368279065486885715e-01,-8.060362503056435202e-01,-7.064166600367066673e-01,-7.483904079026757472e-01,-7.660675941406790423e-01,-7.689321306766477848e-01,-6.869571520135956399e-01,-7.221429186446761683e-01,-7.232159457935889435e-01,-7.049594678268498171e-01,-7.628422553966660580e-01,-6.299464003691030989e-01,-7.347151923869539303e-01,-5.734763236714914836e-01,-6.253445098758071419e-01,-6.387203664166616335e-01,-6.084662491219793301e-01,-6.347591046800089565e-01,-5.652376108780646780e-01,-6.783516283698530769e-01,-5.101429413143682146e-01,-5.416075808948901393e-01,-5.569787895935897071e-01,-5.791678726318193471e-01,-6.297164754901529715e-01,-3.982926907622455492e-01,-6.632226438216618503e-01,-5.817065994392608408e-01,-4.060342036458965409e-01,-4.548857445817187095e-01,-5.920166840118782359e-01,-5.553753387813652465e-01,-4.625215761198303577e-01,-5.754393725949830118e-01,-4.456969067573360865e-01,-5.631828954681200594e-01,-7.279212176517454447e-01,-5.899502365464962539e-01,-6.579113952893653749e-01,-5.416499082368623208e-01,-6.860051702664294870e-01,-7.121416827493376456e-01,-6.519921293865815759e-01,-6.497999199131638814e-01,-6.694319684165219719e-01,-6.807064342044115701e-01,-6.140749470954730560e-01,-6.084861229194903354e-01,-5.965363546872032297e-01,-5.998063008616499880e-01,-6.052327268971312568e-01,-5.641917103554926483e-01,-6.088549903013498188e-01,-5.230901685405678903e-01,-5.509996120446917223e-01,-5.531554448794083756e-01,-5.003027217102133939e-01,-4.721583697593512707e-01,-5.318091945424413547e-01,-4.814497439541599588e-01,-4.892885067928496867e-01,-4.876713409404381805e-01,-3.909674292897054593e-01,-4.625974842295310641e-01,-4.253149393619522489e-01,-3.774668197742706011e-01,-3.803136169906393693e-01,-3.867099125038617191e-01,-4.336186335139692316e-01
-8.038552327663989194e-01,-7.831541979466903891e-01,-7.886539809088042308e-01,-8.160263435399792709e-01,-8.019864516281016709e-01,-8.128652606643046452e-01,-7.593375227085900070e-01,-8.192430669618918637e-01,-7.643701652983645456e-01,-7.271391466108633184e-01,-8.066295137266761284e-01,-7.038476580025088136e-01,-7.820473587510541336e-01,-7.089804081684508708e-01,-7.363362878406563006e-01,-7.919919920071772923e-01,-7.088412481693135980e-01,-7.451639020515611334e-01,-7.605445427907019385e-01,-6.750604054325595182e-01,-7.322662242475053151e-01,-6.636469624594590888e-01,-6.818321452281511652e-01,-6.702943447037761349e-01,-7.215584430186581244e-01,-7.018147366379037244e-01,-7.131258004364834369e-01,-6.636945063647009535e-01,-6.664479900002943102e-01,-6.872594530917962574e-01,-6.669154265334977794e-01,-6.561947508103702642e-01,-5.855661251381153454e-01,-7.010373144150854330e-01,-5.275086071768209095e-01,-5.183507260280337814e-01,-4.943904103120650428e-01,-4.665841494129820410e-01,-6.351267612383124650e-01,-5.373092252383037115e-01,-4.056595593880844564e-01,-3.023661554663948370e-01,-5.655032408684507184e-01,-5.295686546674873707e-01,-4.676923522898606689e-01,-5.762806113243247319e-01,-5.807770038960896608e-01,-5.682058222493751032e-01,-5.283719604588777985e-01,-5.752147759192325349e-01,-6.353006417073330248e-01,-5.843812898519397114e-01,-6.929255686553079663e-01,-6.887684782694757368e-01,-5.405291611914686545e-01,-6.473072805321208323e-01,-6.291162799858996957e-01,-6.007959641746174473e-01,-6.623130582893307361e-01,-6.127293028888103343e-01,-6.241210503463808790e-01,-6.181702460302762603e-01,-6.252728442879578186e-01,-6.128380185782525968e-01,-5.410700602435372097e-01,-5.171144954331667876e-01,-5.574474532193774978e-01,-5.419063164839118540e-01,-4.745563751667422059e-01,-5.346787576242308937e-01,-4.915059114747276081e-01,-5.022661318251201434e-01,-4.256007151298402680e-01,-3.998488231035573492e-01,-5.024082294149536665e-01,-4.646740806435461502e-01,-4.098943992262837899e-01,-5.168688439565927162e-01,-3.865720911324684317e-01,-4.553689302065156985e-01
-7.787362982515527721e-01,-8.034706794253833051e-01,-7.866237046872011085e-01,-7.670038360217129592e-01,-7.845103323844732079e-01,-7.607225389004707017e-01,-7.808425209610229123e-01,-7.194014746126673465e-01,-7.657527489277471400e-01,-7.863574023276043157e-01,-7.876257854018718918e-01,-7.728225524395609947e-01,-7.481439169958886692e-01,-7.250244430014424202e-01,-7.270753993274070570e-01,-7.710714314145051818e-01,-7.379628223596569336e-01,-6.677443398743480030e-01,-7.513482082021044617e-01,-7.846098722446215312e-01,-5.806195618933223113e-01,-6.455292174951439144e-01,-5.837456814699610863e-01,-7.096205645851140220e-01,-6.830262639731327079e-01,-6.914656272262823533e-01,-5.770910026638821355e-01,-6.345620348898689533e-01,-5.973282733860959537e-01,-5.154955874470306121e-01,-7.380584752795978920e-01,-7.006103177279683347e-01,-6.034094468122129795e-01,-7.205084639621738285e-01,-6.475870999318440457e-01,-7.160090687033221490e-01,-5.461218854371518994e-01,-6.188494638892437782e-01,-4.621995591810754700e-01,-4.831579176227330796e-01,-5.999424647810951416e-01,-6.273633422013503713e-01,-5.314213489098542631e-01,-4.374512921338487570e-01,-6.137492302780177544e-01,-5.752275491639369243e-01,-4.372999219771377954e-01,-5.947344530591277545e-01,-4.802554711071425064e-01,-5.721491989614684304e-01,-6.028246699827845001e-01,-6.509511517703052697e-01,-5.342644959370411728e-01,-4.916464652389821999e-01,-6.788120217025824799e-01,-6.564403531405894610e-01,-6.467561044991374519e-01,-6.560547455286281915e-01,-6.640629238329691653e-01,-6.841912242659690113e-01,-6.051276200096612490e-01,-6.295309453079125372e-01,-6.427743035324373633e-01,-6.278777554191530275e-01,-6.383021468540618359e-01,-5.270523480018175499e-01,-5.892410095422504490e-01,-5.347425166294964560e-01,-5.198446946233009625e-01,-5.197895383740639419e-01,-5.668619206677569800e-01,-5.769246019835646555e-01,-5.270309125859874433e-01,-4.628812903279848068e-01,-4.903256125915393393e-01,-5.049863029921662916e-01,-4.321765930277520762e-01,-4.815092225846877017e-01,-4.416482641302014178e-01,-4.302347873114122923e-01
-7.880820780519389723e-01,-7.972717286192730901e-01,-8.165386738265915101e-01,-7.580388330363256877e-01,-7.754833189341583388e-01,-7.838503413216717508e-01,-7.745481522313241163e-01,-7.631624542583216320e-01,-7.962602447120018523e-01,-7.478534087881065773e-01,-7.544333400055009964e-01,-7.932612903371435431e-01,-7.528846982691015377e-01,-7.347327161257638517e-01,-7.784151546419709744e-01,-7.471640109462214241e-01,-7.592109127813977398e-01,-7.210564366429890182e-01,-7.408090501672714989e-01,-6.817568849261896879e-01,-7.030921933568315962e-01,-6.415148983923770754e-01,-7.017630192802751798e-01,-5.916153583357992574e-01,-6.269617132386754443e-01,-5.880861005130781916e-01,-7.548062195712978983e-01,-5.744808472964174628e-01,-6.035742721798069699e-01,-7.057382816171891005e-01,-6.325628224658276233e-01,-5.871519912581223410e-01,-4.912509797306008341e-01,-6.364097511052310141e-01,-4.880585897090723435e-01,-6.942807472673556690e-01,-5.027989165317158227e-01,-4.475386231738890386e-01,-5.985277989587179936e-01,-5.231794230934309065e-01,-5.292400905416029255e-01,-5.510662301272043484e-01,-4.938323373806955408e-01,-4.487966191176580577e-01,-5.543809049189789562e-01,-6.551391903570562558e-01,-5.271320538089496743e-01,-5.471924994125481057e-01,-6.300717676915467136e-01,-5.696051610674850441e-01,-7.100107250804452708e-01,-6.267491189311643618e-01,-6.466922781029202927e-01,-5.806324633825766801e-01,-6.417236482759315352e-01,-5.801354099859583613e-01,-6.529571337934881869e-01,-6.749277922623905246e-01,-6.860096285646951619e-01,-6.153564754639327949e-01,-6.582930120090449977e-01,-6.625319959558876315e-01,-6.200070992142308057e-01,-6.041853286198719530e-01,-6.055965743513049837e-01,-5.869511459286884669e-01,-5.958728952420094815e-01,-5.879961952259512570e-01,-5.350811172636024127e-01,-5.466312039937730738e-01,-5.490223510928803341e-01,-5.049187049510442948e-01,-5.102143140857127168e-01,-4.613181198442401487e-01,-4.967850682932306583e-01,-4.972053944767207967e-01,-5.455714319603085505e-01,-4.778686245144022071e-01,-4.694690220847157480e-01,-4.177549997182043451e-01
-7.855498209521923902e-01,-7.589574256087145976e-01,-7.893333788236256421e-01,-7.889184864800117269e-01,-7.528138759552691628e-01,-8.086165137844132378e-01,-7.656884027881106780e-01,-7.728202487658456521e-01,-8.061064814860706695e-01,-7.610885622341518886e-01,-7.946942436529172982e-01,-7.569753279577490224e-01,-7.539050636555917340e-01,-7.525513981192532009e-01,-8.026103424907797823e-01,-7.011034134640367066e-01,-7.302664957865528939e-01,-7.676576708180180564e-01,-7.426953843998582716e-01,-6.999074508074375478e-01,-7.020072258904608287e-01,-6.734710810065227538e-01,-6.600015334801291322e-01,-6.950949140896084399e-01,-6.736383542403971969e-01,-6.190070734333873448e-01,-5.764858230357120528e-01,-5.838825084013578026e-01,-7.169988927013145608e-01,-7.127336927124090504e-01,-6.376676282453097588e-01,-6.645531193185999497e-01,-5.879614649708833074e-01,-7.172353225000820398e-01,-6.959231244832145835e-01,-5.412439118684585493e-01,-5.500549542093078337e-01,-5.890214462248876126e-01,-4.204595710919030171e-01,-4.519308494158634226e-01,-4.633501924906775482e-01,-6.793210229163374470e-01,-4.674490682200367897e-01,-3.502026824379045888e-01,-4.487640592254272254e-01,-6.415070678391298076e-01,-4.888026562096035588e-01,-6.899272625541172932e-01,-5.872895359477484645e-01,-4.480502810556891147e-01,-5.764437398827302328e-01,-5.399254134989125431e-01,-6.393795414964380530e-01,-4.911592118538959939e-01,-5.663978786481386196e-01,-6.651549640274219133e-01,-6.073574865223488883e-01,-6.343115907576485357e-01,-5.992286660546689570e-01,-6.576649260484449533e-01,-6.580428019881146007e-01,-6.331381164870147904e-01,-5.967968700946921778e-01,-7.024696283944094066e-01,-6.071495223203015046e-01,-6.212024877062101158e-01,-5.728295898557208554e-01,-5.874364193269374645e-01,-5.635306600445386671e-01,-6.120826854818814944e-01,-6.218275577747903737e-01,-4.680923159894060936e-01,-5.304633168933396981e-01,-5.810544570896130079e-01,-4.259935508548232663e-01,-5.434700983234522775e-01,-4.359873403572175343e-01,-4.349452801705008809e-01,-5.042059040328401576e-01,-4.514388249618728755e-01
-7.956836494679355720e-01,-7.767662914824224885e-01,-7.918528629106799110e-01,-8.004080865812698287e-01,-7.826168628409532202e-01,-7.493710633621277761e-01,-8.093886270985841680e-01,-7.871432935323416924e-01,-7.743454893389218885e-01,-7.604815480925485316e-01,-7.878918594375551310e-01,-8.035220600270075453e-01,-7.649091614273011430e-01,-7.440227698774358744e-01,-6.956897082184819725e-01,-7.711024710067813093e-01,-7.841745379763657153e-01,-7.358238967373917916e-01,-6.435903883463807151e-01,-7.187222621262461253e-01,-6.903266827179354026e-01,-7.314905489030143482e-01,-7.450284691759107014e-01,-6.774880593151253461e-01,-5.925520505633529167e-01,-6.662627817853912227e-01,-6.672399695971322764e-01,-6.283483305701008659e-01,-5.559525113688238429e-01,-6.624595286153848184e-01,-6.871382751411821976e-01,-4.393533024781648422e-01,-6.376871359457787491e-01,-6.673117922754021603e-01,-5.493099961939723608e-01,-5.611405340008258635e-01,-6.490322323998511944e-01,-5.093065699048799910e-01,-5.458383065586719374e-01,-6.272941026595116876e-01,-5.562814858354695469e-01,-6.280774013433616521e-01,-4.912476209098998736e-01,-4.845383009900668392e-01,-5.420765974101742213e-01,-5.096144826892196056e-01,-5.771887761100665815e-01,-5.089305694260679580e-01,-6.152547452540582107e-01,-4.247502334276081482e-01,-5.918301450399645613e-01,-7.060930655348690577e-01,-5.824840108476319056e-01,-5.481967300702001999e-01,-5.715568264068185966e-01,-5.705189975395140722e-01,-6.578862028239635951e-01,-6.464252049686610713e-01,-6.945056821004608194e-01,-6.662429676496361974e-01,-6.588941391043581230e-01,-6.595287123153962261e-01,-6.552056715714488222e-01,-6.176108376824327451e-01,-6.698815413572846156e-01,-6.497006462120205050e-01,-6.101865834449849979e-01,-5.980354645413169523e-01,-6.189247372883098786e-01,-5.747305443493445631e-01,-5.569604269813036579e-01,-5.789112842739957410e-01,-5.446450127352779891e-01,-5.468494548582267800e-01,-5.188774465711509798e-01,-5.248816955999006106e-01,-4.893808593976858301e-01,-4.776104006866543350e-01,-4.418143989042452313e-01,-4.137621624172938550e-01
-7.850842605522106998e-01,-7.940035530551384779e-01,-8.043578540846477720e-01,-7.803916420070117210e-01,-8.248062463300025460e-01,-8.126741154647499910e-01,-7.744061014126298881e-01,-7.619964683667410643e-01,-7.258218872517886444e-01,-7.794550829764970157e-01,-7.246567005648817394e-01,-7.821913893937517681e-01,-7.575616438171023370e-01,-7.678719111013559973e-01,-7.658597715894455149e-01,-7.640857449006207558e-01,-6.382223890077323158e-01,-7.193753971274641223e-01,-6.658604531657671410e-01,-7.063345744813925853e-01,-7.135497529787303561e-01,-7.869638278648155572e-01,-7.260908723479047033e-01,-7.516765696368659100e-01,-7.112508004674682471e-01,-6.878785630486734526e-01,-5.952827755064724613e-01,-7.249813863300481609e-01,-6.904064321080629618e-01,-7.025184363865007997e-01,-6.820049571483112194e-01,-5.847686321631424544e-01,-6.049320760895834370e-01,-5.490592508413960626e-01,-6.017299875704231749e-01,-6.227245772733077667e-01,-5.878590197413795515e-01,-6.667268360899407664e-01,-4.881950764696867395e-01,-5.521739884645113783e-01,-4.942908960297293097e-01,-5.508130389597476473e-01,-5.242482178428740092e-01,-4.932410102558487108e-01,-4.964026817515599377e-01,-4.111720651587024156e-01,-5.319032601827236029e-01,-5.999603619273747857e-01,-5.629934966959935227e-01,-4.750349277004776716e-01,-4.564015728800431271e-01,-5.997627816410100454e-01,-4.993636723465987859e-01,-5.018809863629825063e-01,-5.437388809209853235e-01,-6.198828296008690453e-01,-6.435027669740343015e-01,-6.813072171477720929e-01,-6.369377700836832412e-01,-6.097917156802663552e-01,-5.936334838883433607e-01,-6.790246340756785903e-01,-6.596979295924310094e-01,-6.283613452236908037e-01,-6.331042683919483327e-01,-6.440980385506123174e-01,-6.382782345649276046e-01,-6.149183200442427388e-01,-6.513950066641539527e-01,-5.727183150919437082e-01,-5.723074077811246552e-01,-5.844763782077763148e-01,-5.941335907019348328e-01,-5.933286831438711051e-01,-5.831400326202612616e-01,-4.849787428782855181e-01,-5.242253602224633546e-01,-4.802639051074343302e-01,-5.521979905775485920e-01,-5.178189334007188283e-01
-7.848623195137823805e-01,-7.744467099471066263e-01,-7.751447549527514802e-01,-7.689507900823489006e-01,-7.739665528949640771e-01,-8.048430364756039568e-01,-7.951664067849644191e-01,-7.863199270957562659e-01,-7.378278112768189567e-01,-7.597787890737439653e-01,-8.073201132734740826e-01,-7.975865565220729980e-01,-7.197210766288505424e-01,-7.223657562506232699e-01,-7.552958383395426134e-01,-7.704261528532438952e-01,-6.811633926708703379e-01,-6.881611036736264841e-01,-7.639764097184191805e-01,-7.096363306510867774e-01,-7.183672700375507425e-01,-7.911551914829112464e-01,-8.201945029818048516e-01,-7.093017535705785637e-01,-6.851361764826979783e-01,-7.401599900704418644e-01,-5.941226820421423582e-01,-7.198450224768069283e-01,-6.238288754809342418e-01,-6.106328470528842312e-01,-6.171319052339562239e-01,-6.927892371849295738e-01,-6.101624164802676997e-01,-6.073642499152109853e-01,-5.558649923106331325e-01,-6.943032692829727015e-01,-5.454660373647661764e-01,-5.071664616983369012e-01,-5.076827494624064352e-01,-4.340257523748630719e-01,-5.451695578277427900e-01,-5.999512791530368094e-01,-5.683224555925096011e-01,-5.203400486166734895e-01,-5.337503497071481862e-01,-4.648295825929863456e-01,-6.351779329652343931e-01,-5.714295135760071309e-01,-5.707686205835392768e-01,-5.644771385377890249e-01,-4.214046187054822368e-01,-5.767544132435407089e-01,-4.497375084577817095e-01,-5.868326114841948549e-01,-6.058619630396259170e-01,-5.970090796091876983e-01,-6.629955417716764110e-01,-5.205432980637632046e-01,-6.483063100346867502e-01,-6.418808705475537169e-01,-6.271197218345991864e-01,-6.923819530430783686e-01,-6.361289875954203588e-01,-6.577814801070591688e-01,-6.524935055953783314e-01,-6.316942584764826396e-01,-6.499047794258185906e-01,-5.964906964629022035e-01,-5.541867272683911327e-01,-5.973070223266653267e-01,-5.689352237401285040e-01,-5.528414182194112403e-01,-5.880564437964050928e-01,-5.265545852205519850e-01,-6.082759949766621821e-01,-4.932616087728317056e-01,-5.647584158032717960e-01,-4.922534616802295426e-01,-4.621407434746129805e-01,-4.827848370317274207e-01
-7.881662180801815021e-01,-8.010394165921816967e-01,-8.149997841491942729e-01,-7.772144887014195147e-01,-7.794816462418262537e-01,-7.518670952509086680e-01,-8.102944019008753163e-01,-7.746085620498878166e-01,-7.694779699044758114e-01,-7.764050698834428221e-01,-7.404381142820781747e-01,-8.129738896987147578e-01,-7.651094509926411602e-01,-7.676151773168994330e-01,-6.815783739022180931e-01,-7.768752206998920107e-01,-7.582298320129932101e-01,-7.106561937858507649e-01,-7.792419945310077312e-01,-6.618312490907887202e-01,-7.552685798690659258e-01,-7.006153919241880912e-01,-6.916228148892752392e-01,-7.503594617270400446e-01,-6.730926859120144323e-01,-6.726079313529502723e-01,-6.190070172058209641e-01,-6.827038425010739653e-01,-8.117441518005622525e-01,-6.454994445446474716e-01,-7.132385018937124066e-01,-6.067166177537252070e-01,-6.139911233859727258e-01,-5.886307109471197174e-01,-6.349158762395407107e-01,-5.105645621265891831e-01,-5.546556385139725931e-01,-6.198400954422125242e-01,-6.137064685810486031e-01,-5.303265429786436780e-01,-4.278954833634492361e-01,-4.278242684729099965e-01,-5.391496589914622772e-01,-5.448623456787659025e-01,-5.463715361983149110e-01,-4.731522877336161170e-01,-4.976637450259884243e-01,-5.178934363653461270e-01,-6.399850510678992688e-01,-5.861095628472960950e-01,-5.511230775611560828e-01,-6.408363369864955583e-01,-6.251337017833956677e-01,-5.934878417746424217e-01,-4.240892369741357526e-01,-5.528238945904305757e-01,-5.886187261145816585e-01,-5.481489614304133617e-01,-6.035905523791590399e-01,-6.689733534020998462e-01,-6.252772725716762015e-01,-6.699047845120169598e-01,-6.681890740195485234e-01,-6.984090412356154243e-01,-5.601283472857816470e-01,-6.757434374051698445e-01,-6.834067292518226644e-01,-6.443845088519459807e-01,-6.315198530836365620e-01,-6.175468233878675939e-01,-6.040500966518891346e-01,-6.079681542501177427e-01,-5.410612323865560125e-01,-5.523679957600841073e-01,-5.323049854910723022e-01,-5.605294016321664685e-01,-5.535961160765072719e-01,-4.881414308623505671e-01,-4.987059267106018767e-01,-4.808866803387072397e-01
-7.999624515591304830e-01,-8.035208623058381905e-01,-8.043052859858543790e-01,-7.676751557189369635e-01,-8.095577671514920803e-01,-7.759227758875238967e-01,-7.434966104052804781e-01,-7.796561029202003779e-01,-7.347901539549268612e-01,-7.873960051843112984e-01,-7.380573979471795054e-01,-8.020653331009760523e-01,-7.529677236732885692e-01,-7.917493801565022027e-01,-7.770261091005158383e-01,-7.434633893923834336e-01,-7.652768472474622552e-01,-7.541450653489872868e-01,-7.074099381480164483e-01,-7.568995580937751821e-01,-7.309958636583878677e-01,-7.733453535851405602e-01,-7.744989253082489311e-01,-7.350131257289393982e-01,-6.956481094433158985e-01,-7.037289971081074347e-01,-6.394867791325702377e-01,-7.949582835077545484e-01,-6.899888324124725525e-01,-6.904521364399024419e-01,-5.898468417661468788e-01,-7.455827890696757887e-01,-6.714720640894300541e-01,-7.038543095746494505e-01,-6.887850648834439315e-01,-6.426248292217642266e-01,-5.942932949527117703e-01,-6.122534759181282871e-01,-5.182055143507565687e-01,-4.545793810451990713e-01,-5.822942957641445982e-01,-6.176522133405273340e-01,-7.169448885118178127e-01,-5.948906694064065581e-01,-5.130606503531747187e-01,-6.084701289455766160e-01,-6.886548793882002473e-01,-5.920899041954258424e-01,-6.061761844169825109e-01,-4.537607424801777256e-01,-5.305529089098696138e-01,-5.770348128402282839e-01,-5.913776868005697906e-01,-5.410724732795185732e-01,-4.517243080415793699e-01,-5.339976650408594372e-01,-5.793284517904881969e-01,-6.668674603294708625e-01,-5.875051930328771821e-01,-5.908160444138581546e-01,-5.734075465618129197e-01,-6.565518301698471948e-01,-5.966757616270645936e-01,-6.419243693270024753e-01,-6.412908304561050210e-01,-6.873166468927891515e-01,-6.650038449343980140e-01,-6.138562291336813193e-01,-6.094452699309583776e-01,-6.144907901747198586e-01,-6.132616260665300079e-01,-5.877261487706986198e-01,-6.361109235836633902e-01,-6.066798542825933005e-01,-5.844914041202804444e-01,-6.118087987044255049e-01,-5.583753025617724797e-01,-5.664141770477916227e-01,-5.252495490178985538e-01,-4.273740169461305860e-01
-7.756102470392942649e-01,-7.834372720770942378e-01,-7.785223282707255388e-01,-7.859727498804113255e-01,-7.755380335360343436e-01,-7.792028045720547080e-01,-7.689210777029472643e-01,-8.240228751369568228e-01,-7.585473735994223698e-01,-7.776563039261807919e-01,-7.582646344262145011e-01,-7.560538929582028000e-01,-7.890160222791423594e-01,-7.269368575081948114e-01,-7.489504412264625932e-01,-7.904591999154843007e-01,-7.423420233104109922e-01,-6.462226080407181827e-01,-7.790691522689306980e-01,-6.614192932417964910e-01,-7.892665021877447451e-01,-6.979828339974034623e-01,-7.326591048457322675e-01,-7.666182184151718593e-01,-7.587684088196038346e-01,-7.268853355725757304e-01,-6.872804986156110241e-01,-6.469751901637634806e-01,-7.599093354869478345e-01,-6.814247719953168136e-01,-6.739210225428721168e-01,-7.145334396449970482e-01,-6.637459378345214045e-01,-6.781619198941694071e-01,-6.141278945001954481e-01,-4.875800521109431296e-01,-6.570166172480834677e-01,-6.729556720646399093e-01,-5.878108354024601523e-01,-6.335460164439472575e-01,-5.814906432717363849e-01,-6.465396646810021020e-01,-5.617891159837193893e-01,-4.033086790247735198e-01,-5.322224300205886660e-01,-5.096466945540163440e-01,-4.867189094657696224e-01,-4.724968768368515426e-01,-4.220042094377425834e-01,-5.155567492595419798e-01,-5.352084139862726131e-01,-4.983827100262827603e-01,-5.303136819266581758e-01,-4.453816883129605442e-01,-6.441192109599622739e-01,-4.548598257913807341e-01,-5.829184792129541437e-01,-5.899289728424828017e-01,-5.305182462288562384e-01,-5.568950666531612415e-01,-6.553064548742084661e-01,-5.953538453836758615e-01,-6.228758368478666263e-01,-6.067604858189660222e-01,-6.710287371940761858e-01,-6.527239586748111444e-01,-5.957439052254742684e-01,-6.424560399306790126e-01,-6.483253305816532031e-01,-6.612581345643671060e-01,-6.523932620249557335e-01,-6.226826569260379696e-01,-5.985649270382834564e-01,-5.796881468041330532e-01,-6.168424253876291230e-01,-5.861413961373880266e-01,-5.905002606799989451e-01,-5.199631515821725447e-01,-5.109623388080875017e-01,-5.452249443368707427e-01
-7.910238343509106151e-01,-7.780154998693220580e-01,-8.019237977708670861e-01,-7.772296940376491881e-01,-7.883719027581401750e-01,-7.761670372519806627e-01,-7.813132689816935095e-01,-7.551365627021133786e-01,-7.275492889827052112e-01,-7.875443501560425164e-01,-7.634330856053352932e-01,-7.734264818383955742e-01,-7.675820400981204772e-01,-7.680312764573734574e-01,-7.642849270675876605e-01,-7.499758253695486543e-01,-7.672990080973239868e-01,-7.313367417234746259e-01,-7.770875196799454931e-01,-6.460450581189185471e-01,-8.119566623536980110e-01,-7.248911614814473880e-01,-7.551254488948446753e-01,-6.985495932286978071e-01,-7.643416134389523497e-01,-7.290015551078500300e-01,-6.674905311804042451e-01,-6.157447202443491197e-01,-6.501539018754541877e-01,-6.710133789787573466e-01,-6.637457966871287418e-01,-5.776390768175209134e-01,-6.762850831495192949e-01,-6.534982530872157636e-01,-6.262008793387603411e-01,-6.407364644436067680e-01,-7.041847370831906261e-01,-6.076208798450043469e-01,-7.189436763874177405e-01,-5.628954128936410894e-01,-5.906451286223174391e-01,-7.266099539792604256e-01,-5.381305297243260677e-01,-5.087495120256000369e-01,-4.053234062396737780e-01,-5.075937282185227772e-01,-6.193201111559116789e-01,-4.407289167287550269e-01,-5.337483973218888345e-01,-4.109035860126011852e-01,-4.285847631989873618e-01,-5.607614363139696856e-01,-5.440985566904796844e-01,-5.183273391999353441e-01,-5.043872559130927469e-01,-5.321129937993342995e-01,-5.082297814649728851e-01,-6.059813086523361259e-01,-4.839022000844279137e-01,-5.936783152019574628e-01,-5.392208542381607961e-01,-5.490389171610043917e-01,-6.601251658398918920e-01,-5.938436892548083490e-01,-6.782199066505658624e-01,-6.544133905051395805e-01,-6.693314538564565375e-01,-6.787875125974180968e-01,-6.218689790195103262e-01,-6.506715304462212801e-01,-6.471803897091394919e-01,-6.424908719073880725e-01,-6.351603847887815624e-01,-6.194289394271788041e-01,-6.428922540688333243e-01,-5.741965168335781966e-01,-5.953401258319336309e-01,-5.665528491791860244e-01,-5.864592687623326750e-01,-6.020337624697088552e-01
-7.766484163749383107e-01,-8.114177090718096563e-01,-8.010614551007980699e-01,-7.937832955853291184e-01,-8.032584474180863854e-01,-8.003713284777983494e-01,-7.872439577526219034e-01,-7.265499867387926747e-01,-7.584803744986192697e-01,-8.278081488752223605e-01,-7.466919880699766088e-01,-7.851596924197020710e-01,-7.889690814526570950e-01,-7.715610197992935904e-01,-8.323436281949795346e-01,-7.757536037155577935e-01,-7.465526247613440969e-01,-7.751056289404635313e-01,-7.449257186002641307e-01,-6.889303236896512361e-01,-8.283238149599299049e-01,-6.939339928269326885e-01,-7.138494557037801114e-01,-7.414010225660112585e-01,-7.633750445234182003e-01,-7.496068527102776047e-01,-6.873893099933641171e-01,-7.987865157686332429e-01,-6.943704839612265811e-01,-7.484531360782701315e-01,-6.623289494519598586e-01,-7.250134062154786063e-01,-6.330296879610772809e-01,-6.360218148279305206e-01,-6.772143265332786211e-01,-6.753063409511255166e-01,-5.718693343380648608e-01,-6.532211190343043539e-01,-6.961577316424280015e-01,-6.231567341553824191e-01,-6.542357927743155388e-01,-4.514045399097413314e-01,-5.603318861917895299e-01,-5.911175295224422310e-01,-5.134480486341536087e-01,-6.574543615319652368e-01,-5.788674698254687723e-01,-6.104703874892654092e-01,-5.287223341632937279e-01,-4.422538725040960350e-01,-4.376402978743303973e-01,-4.713662190906111604e-01,-5.384733196761534169e-01,-5.356914812460177311e-01,-4.979256970463746268e-01,-5.263097036828956465e-01,-5.081187056332534535e-01,-5.666320775924640341e-01,-6.819168664088065546e-01,-5.782051127249766553e-01,-7.043278082978638999e-01,-6.264653720057770103e-01,-4.991873463002668987e-01,-6.150086622126857971e-01,-5.893087334317776982e-01,-6.831795014505688268e-01,-6.139588946571200578e-01,-6.644240113387884783e-01,-6.028745521388489959e-01,-6.586832254561962863e-01,-6.158472798134247972e-01,-6.498073427810570069e-01,-6.281116401784109238e-01,-6.079556323740191726e-01,-6.322740963903537015e-01,-6.378830077424155753e-01,-6.283865524474798736e-01,-6.006247487563467491e-01,-5.217199665349423476e-01,-5.753989222013937699e-01
-8.063766835874276451e-01,-7.818284879964815248e-01,-7.941882993976516758e-01,-7.724187459526959953e-01,-7.974265175193735455e-01,-8.037037306195625730e-01,-7.719232751817710625e-01,-7.738441137845424311e-01,-7.917956749800888483e-01,-7.553789336384397757e-01,-7.547275001462134814e-01,-7.368510500146697728e-01,-7.846220510592750719e-01,-7.855714366873810528e-01,-7.349344506828168200e-01,-7.860048712155959239e-01,-7.575345949749212604e-01,-6.929798243937396185e-01,-7.017036083412885317e-01,-7.981145989265230334e-01,-6.971794858604013490e-01,-6.577647058640490041e-01,-6.636482524826051721e-01,-7.662696308870754480e-01,-7.445528928046416528e-01,-6.720828504838146644e-01,-7.356592321464067163e-01,-6.706086032715564693e-01,-6.720296978112603181e-01,-6.258326829255014268e-01,-7.283945592160336879e-01,-6.191523360756782113e-01,-6.996710496671797452e-01,-6.052901326331401322e-01,-6.406281967140393663e-01,-6.426772898764275821e-01,-7.223854865380269219e-01,-6.648823081055592610e-01,-6.664707963300812166e-01,-6.361135580468081363e-01,-5.862562860906808115e-01,-5.427432581298357039e-01,-5.005289555896913489e-01,-6.590201028352938861e-01,-5.257938931485438561e-01,-5.939828539554048437e-01,-6.091159048632268647e-01,-5.985999687313788842e-01,-5.423102394834162787e-01,-4.442390485420710800e-01,-5.296298857945195282e-01,-4.881431405336723039e-01,-4.565576701649007307e-01,-5.649904568393974147e-01,-4.831985002080973479e-01,-4.679753029593374247e-01,-5.771472857745626461e-01,-6.290328027545047940e-01,-5.019356658287875694e-01,-6.747527810606240850e-01,-6.121415116183599459e-01,-6.008077054428810904e-01,-6.455349664046978742e-01,-4.903346850005392832e-01,-6.324035776445515733e-01,-6.149905914321384115e-01,-6.323475671489884320e-01,-6.396420549220953600e-01,-6.318569133013387518e-01,-6.815050702491307622e-01,-6.477953520303854074e-01,-6.327435860876995388e-01,-6.687628462321349998e-01,-6.125383808665171292e-01,-6.401939510823059232e-01,-6.478093327554153014e-01,-6.103440081008252305e-01,-5.872210044990968658e-01,-6.101704796478565340e-01,-5.982983915994244395e-01
-7.696776644702463255e-01,-8.112784532455378228e-01,-8.030359671955451528e-01,-8.238617905121403684e-01,-7.934774986718119427e-01,-7.861437719580399719e-01,-7.485568190188292004e-01,-7.467823263589491445e-01,-7.562207696225133891e-01,-7.765548168497685699e-01,-8.132570186013261537e-01,-7.465190656061478913e-01,-7.139522852225018701e-01,-8.185380993071915690e-01,-7.624217790088189117e-01,-7.174601795580487495e-01,-7.525738365191979584e-01,-7.211626151487793290e-01,-7.438632152920694462e-01,-7.375459405485107478e-01,-7.747945460363970804e-01,-7.707554868772664713e-01,-6.375046644704343013e-01,-7.353948146072756265e-01,-7.322714251154835985e-01,-7.649429079157542555e-01,-7.319840503443291180e-01,-7.748967762868150810e-01,-7.717325882479314503e-01,-7.062831845274395448e-01,-7.030996595557135187e-01,-6.019647239165216712e-01,-5.826811353372580715e-01,-6.189086513920103449e-01,-6.366139645785421353e-01,-6.336123807771711913e-01,-7.216782976817849304e-01,-7.885640842163966768e-01,-6.001426609806778112e-01,-5.718633216897882621e-01,-6.256066967517439625e-01,-5.837915867092662303e-01,-5.217206663924649490e-01,-5.576027337447956311e-01,-4.622739133944555046e-01,-5.823626989012978816e-01,-4.940765765791647612e-01,-6.246198091172459055e-01,-4.205939258330431696e-01,-4.998413617586702773e-01,-4.301754913183278850e-01,-3.684947632000798445e-01,-4.753244601563737515e-01,-5.303835585040420630e-01,-5.354740695567133946e-01,-4.737544114376047166e-01,-5.508092010013184714e-01,-6.364135093371890983e-01,-4.342046988427477050e-01,-6.508318619529381843e-01,-5.679041652326177747e-01,-4.663826659533291674e-01,-5.276126632913362702e-01,-5.589553592184742792e-01,-6.243993477740502618e-01,-6.678670356148875831e-01,-6.678103461242402838e-01,-6.135976618189004084e-01,-6.137748040233621527e-01,-5.733493530158860763e-01,-6.648474118382399212e-01,-6.494697001048129748e-01,-6.781055620587363997e-01,-6.913391004013745844e-01,-6.145269557464065890e-01,-6.248905050262226757e-01,-6.218224872213240495e-01,-6.507944753901028223e-01,-5.108424309726047330e-01,-6.089915083581217692e-01
-7.851894742045976150e-01,-7.997747921301259222e-01,-7.943424706292530058e-01,-8.103989975737661000e-01,-7.643521277930741542e-01,-8.076720114548679996e-01,-7.833258807297532877e-01,-7.915586953921397440e-01,-7.863175557583041986e-01,-7.559150044279649983e-01,-7.866024179795589877e-01,-7.938486055848028577e-01,-8.273479299186591307e-01,-7.223531097290368796e-01,-7.874166577434077441e-01,-6.781553694939467247e-01,-7.676980069946811591e-01,-7.514715125360861281e-01,-6.673816216008873203e-01,-7.648577186431803066e-01,-7.399171499027966670e-01,-7.015607091643535353e-01,-7.021588039960520167e-01,-7.076480378295880724e-01,-7.153716651972863438e-01,-6.469380127143100623e-01,-7.313636423081774085e-01,-7.211547739593417994e-01,-6.714927804604535755e-01,-7.503190593314602586e-01,-6.293386550306673266e-01,-6.877751830871191574e-01,-7.211495724467200663e-01,-6.002582934711802043e-01,-5.995729890183955080e-01,-7.011638322509826660e-01,-6.246371912414289129e-01,-6.725064728335802267e-01,-7.509174602034802692e-01,-6.693476841633677621e-01,-6.683063309654116990e-01,-6.026431171769869310e-01,-5.295577637477104638e-01,-5.523868844955797108e-01,-5.348843342662903400e-01,-5.017193388262177756e-01,-5.919322434185312343e-01,-4.439032927886625846e-01,-4.665634508262550550e-01,-4.238240237071507210e-01,-6.150930988700639146e-01,-4.742497730862244021e-01,-4.750776409853598725e-01,-5.333206859203122319e-01,-4.829581582088486869e-01,-5.916024516100514274e-01,-5.888440217422500345e-01,-5.400006920219408979e-01,-6.260567728845316537e-01,-5.575412892893937267e-01,-5.506622343292398858e-01,-5.817981257125560690e-01,-6.312710554340140723e-01,-5.228776156447745294e-01,-6.080305575330791079e-01,-5.920414881026656584e-01,-6.731451803342394236e-01,-5.358722633837209592e-01,-7.006048126881930793e-01,-6.272665518795683681e-01,-7.117524216918941216e-01,-6.388689215576542901e-01,-6.277380865969225399e-01,-6.355491647938020794e-01,-6.039564359291563767e-01,-6.225105185376471617e-01,-6.313272955394015895e-01,-5.609910754086866458e-01,-5.755141173355592388e-01,-6.059303070619936893e-01
-7.917200294277743078e-01,-8.062948543575146898e-01,-8.171077329907932008e-01,-7.992112271055440420e-01,-7.833085204775636079e-01,-7.958308513064029643e-01,-7.748849591527597891e-01,-7.231448108655619267e-01,-7.653276240189934576e-01,-7.566694604378352285e-01,-8.107471225146510863e-01,-7.569613459699393587e-01,-7.728401266493610811e-01,-7.557043391792106490e-01,-7.805922956503156263e-01,-7.100497366323742510e-01,-7.760293687890517100e-01,-7.981083433601352528e-01,-7.708789162023731434e-01,-7.293303087365947679e-01,-7.195138324183860679e-01,-7.548714240646361429e-01,-7.222252323618205683e-01,-7.774266471038671078e-01,-7.133301421853347479e-01,-7.682119661007251743e-01,-6.356157373702490121e-01,-7.775379812887048825e-01,-7.154439487310654266e-01,-7.342502420623187032e-01,-6.990932133325826747e-01,-6.585560087552498887e-01,-6.315007688127222130e-01,-6.617293499798122536e-01,-6.253608509943834326e-01,-7.505810425287997578e-01,-6.605511989732306688e-01,-5.541547690516772651e-01,-6.376223685591076995e-01,-6.113280498476857394e-01,-6.438433674032100207e-01,-7.291914842408596664e-01,-5.485932058991209725e-01,-5.815011022905210991e-01,-6.526703220921282744e-01,-5.360627551987824368e-01,-5.420385525060148479e-01,-5.746243144841790551e-01,-5.414384352014897095e-01,-5.664126957635062798e-01,-5.871743244736677969e-01,-4.856693709083570454e-01,-5.459342859477323007e-01,-3.552205612477903895e-01,-5.865703195797339342e-01,-4.710349131997920158e-01,-5.763989922854155790e-01,-4.732471994513905988e-01,-5.608825406415872683e-01,-4.990193419872468450e-01,-5.078985708391015041e-01,-5.145910439812647619e-01,-6.124921740022981620e-01,-5.491959052499129079e-01,-5.858147928949537508e-01,-6.435325787472643277e-01,-6.815813630107822041e-01,-6.155287609927290182e-01,-6.070543179704388503e-01,-5.918229274972107712e-01,-5.667171867322967627e-01,-6.315025154381714856e-01,-6.390149050476587878e-01,-6.722351252827816204e-01,-6.375123168441124699e-01,-6.626472181804200501e-01,-6.153750630575677283e-01,-5.581026634670486208e-01,-6.621978880335640527e-01,-5.941125824578014081e-01
-8.079382992332571067e-01,-7.915953650587069790e-01,-8.003388376797748727e-01,-8.012756116744078616e-01,-8.224287904052681730e-01,-7.661238629815251278e-01,-7.761435433495634806e-01,-7.921815118035253622e-01,-7.787000662439075294e-01,-7.930292087757625508e-01,-7.580559456495450377e-01,-7.629276810384835183e-01,-7.540391284798440008e-01,-8.299493140923975831e-01,-7.851575432002046995e-01,-7.544541312613505246e-01,-7.610872661459205935e-01,-7.662395231794434380e-01,-7.250639426413110211e-01,-7.161553366493952355e-01,-6.878398867854909060e-01,-7.478565845839924009e-01,-7.651649496540716688e-01,-7.258160057815138400e-01,-6.891367978430302799e-01,-6.632614215695074034e-01,-5.903448012487414465e-01,-6.772435710407334053e-01,-6.802904965848101115e-01,-6.949378504589460714e-01,-7.586273403168607432e-01,-5.835605617834180858e-01,-6.980445036856431917e-01,-6.410209486933697853e-01,-6.378752956712637756e-01,-6.383599842811890079e-01,-5.761053561666283906e-01,-6.882722441964388427e-01,-6.243886435253303002e-01,-6.328015428204093462e-01,-6.585000974207412261e-01,-6.362235698639245873e-01,-5.879408257326198539e-01,-6.438490868221602437e-01,-5.504889487535949977e-01,-6.608074537193107112e-01,-6.786882207051277982e-01,-5.783411810085090643e-01,-6.854426363853327597e-01,-5.018979796501198409e-01,-5.229658001764733166e-01,-4.189174847155258674e-01,-5.092074395875980652e-01,-5.213355172753395550e-01,-3.523802260271524656e-01,-6.740929496715304392e-01,-5.376234639271852966e-01,-5.267052054469162359e-01,-5.290995551336231673e-01,-5.038705071435567451e-01,-4.165637557272066638e-01,-6.294724749097906358e-01,-6.279839919965426454e-01,-6.300372359401014144e-01,-6.365192927529736977e-01,-5.739808803292368866e-01,-6.147616209155899458e-01,-5.597155933776460923e-01,-6.072788049635861052e-01,-5.912206396166596045e-01,-6.561884682392036261e-01,-6.537722488415071975e-01,-6.097160907555655429e-01,-6.747494730078638092e-01,-7.049636254549189740e-01,-6.795676863833092218e-01,-6.768194607329894863e-01,-6.232305340331474319e-01,-6.751001113042197632e-01,-6.300554306676645622e-01
-8.207187040080123897e-01,-7.980095811812598638e-01,-8.133103153445879752e-01,-7.871528308798363405e-01,-8.003088380305556360e-01,-7.966647030838769350e-01,-7.922700181425254007e-01,-7.623195907511814973e-01,-7.742311350538102488e-01,-7.776503460962803649e-01,-7.379214400703979493e-01,-8.254494520891899612e-01,-7.606921210725826610e-01,-8.041298378585507445e-01,-7.861119283104484046e-01,-7.556959363193762602e-01,-8.262250721436624756e-01,-7.470277134305709499e-01,-7.459437736085157145e-01,-7.517834815050119524e-01,-7.518296839325059322e-01,-7.325498004167740884e-01,-7.285455543660863675e-01,-7.015352145606446044e-01,-7.580290224454715453e-01,-7.165681770646640247e-01,-6.310546800903588105e-01,-7.185052593965325363e-01,-7.099537690172709192e-01,-7.496152242406303179e-01,-6.974808966345669159e-01,-6.924861627213348969e-01,-7.068960359291638351e-01,-7.740526650694968813e-01,-6.203001589801578897e-01,-6.554785465707093639e-01,-7.336638012921702368e-01,-6.632803537800998628e-01,-6.741755819332490018e-01,-6.839008831978290459e-01,-5.847683113631363394e-01,-7.103605588293890882e-01,-5.252894451568184131e-01,-5.774431974251464927e-01,-5.549399403642123474e-01,-7.130596871303030992e-01,-5.446706614802935276e-01,-6.011178398088629082e-01,-4.672353826862654103e-01,-5.424395908999842808e-01,-6.480719603094174941e-01,-4.339962253560819549e-01,-4.856041697778196720e-01,-4.914102470129891320e-01,-4.904910761885360460e-01,-5.798710182807780278e-01,-5.110922621846286651e-01,-5.097569882015079434e-01,-4.718761105251186860e-01,-6.164459211818864581e-01,-5.018711297696776263e-01,-5.856382632164306434e-01,-6.460500277319891627e-01,-5.874764119934491324e-01,-5.928374817780437400e-01,-6.501667613985969707e-01,-5.709195796388496502e-01,-5.051123813901027271e-01,-5.516573657143830633e-01,-7.065088500416070172e-01,-6.395005043153229041e-01,-6.307065054220721834e-01,-5.859069067430826561e-01,-6.614329488550438896e-01,-5.972015971356026132e-01,-6.254407081737134444e-01,-5.854448979026396493e-01,-6.538269389277735488e-01,-5.889958369836675312e-01,-6.329514763444102909e-01
-7.813131547154418266e-01,-7.510496362359849742e-01,-8.092669770250804362e-01,-7.875076801999135734e-01,-8.121937659786986341e-01,-7.666078648782075344e-01,-7.846559837153334049e-01,-8.099437484850182667e-01,-7.661154713635867086e-01,-7.689113534711466968e-01,-8.378715609110989337e-01,-7.745398518387069942e-01,-7.471316179654020617e-01,-7.683728929703196320e-01,-7.254347809048703466e-01,-7.892028267075769099e-01,-7.456098452479019700e-01,-7.881250058772715228e-01,-8.100030999590522862e-01,-7.746879819450954718e-01,-7.603836185103822753e-01,-7.554645031846497494e-01,-7.384518939409721039e-01,-7.272441713727655355e-01,-7.638444528965794289e-01,-6.703812636633895705e-01,-6.910997552098608887e-01,-6.745680678097989436e-01,-6.544054861989230254e-01,-7.203188754337213062e-01,-7.794835904158452511e-01,-6.924951228026542394e-01,-6.633140758365471124e-01,-5.985305631287506367e-01,-6.671894309197697881e-01,-6.798916023639717254e-01,-7.218743595389327528e-01,-5.869480782928351292e-01,-6.542354668679773999e-01,-7.421197688975778028e-01,-6.855395478152768174e-01,-6.046433316615050790e-01,-7.014079742420658015e-01,-6.977118834855732254e-01,-6.032269279923185845e-01,-6.793899612464084914e-01,-6.249710507340939802e-01,-5.331851188868710345e-01,-5.315891147256284199e-01,-6.462180727028010718e-01,-6.286983724725675460e-01,-6.064224482749466238e-01,-5.366536736873600555e-01,-4.218612160773978492e-01,-5.734334958377989011e-01,-5.482208498493096327e-01,-6.716983358320837150e-01,-5.309958521507243123e-01,-4.461514394057200517e-01,-5.853561082627684042e-01,-5.645422705041767131e-01,-3.971134895557998368e-01,-6.107272740302804870e-01,-5.941234848717807937e-01,-5.364379095646801821e-01,-6.432796880227906744e-01,-6.188884938622748466e-01,-6.001661666328048650e-01,-6.341373267436022365e-01,-6.304687679717152493e-01,-7.364994608746645577e-01,-5.930235195600211950e-01,-5.686533761738111759e-01,-7.322154182762847796e-01,-6.690802005110589867e-01,-6.219485281714741687e-01,-7.026808360948459953e-01,-6.178320635443008690e-01,-6.387307997020456041e-01,-6.406429423654393940e-01
-8.092308382271283795e-01,-8.020044222201128115e-01,-7.850156902564974226e-01,-8.094684807294538764e-01,-7.801033055577842878e-01,-8.140835908398250664e-01,-7.924735308551663637e-01,-7.820418225745560115e-01,-8.008598621189852995e-01,-7.596253382923953135e-01,-7.882315127625817430e-01,-8.006781661804890371e-01,-7.789713012658611158e-01,-7.998893084829167277e-01,-7.651270790295360280e-01,-7.522127124861213154e-01,-7.561973197657150259e-01,-7.805236036793329335e-01,-7.522941379777540183e-01,-7.359013146883631729e-01,-7.192236792376147658e-01,-7.392424978687160975e-01,-7.565799040130020137e-01,-6.876630441009672357e-01,-8.178661197358739754e-01,-6.938619780109471780e-01,-7.438283139956071155e-01,-7.413355346074161911e-01,-7.154834844645133751e-01,-7.562740862126401398e-01,-7.155066526847712050e-01,-7.705203913899404400e-01,-7.164777185061820264e-01,-5.091142262186141298e-01,-6.454757935040952299e-01,-7.604994440431754876e-01,-7.380345814513974423e-01,-5.952567199271758813e-01,-6.895086666176155621e-01,-5.532475399821886741e-01,-6.227806571777730893e-01,-6.446391959964645757e-01,-6.327755468225558788e-01,-6.645409392578957020e-01,-5.437223599471472379e-01,-4.812301254126920558e-01,-4.663520867766279276e-01,-5.516541491149423715e-01,-5.389237778545216129e-01,-6.228589646284816705e-01,-5.143212872450694251e-01,-5.150841586873885491e-01,-6.165678137454657648e-01,-5.645015572065126275e-01,-4.447618459344919728e-01,-5.560116762081547259e-01,-4.995993285120998162e-01,-5.535314893145206749e-01,-5.014653060855475131e-01,-5.503744941379608013e-01,-5.414295596526460530e-01,-6.118703699813977659e-01,-5.218936905568380968e-01,-4.984451174018837971e-01,-5.895445997566394203e-01,-6.289345844290062937e-01,-5.245932767803543895e-01,-6.552595460105827829e-01,-6.376079725378623886e-01,-6.139265176171199156e-01,-6.107169400480557675e-01,-5.802544988393142367e-01,-6.534584256429123439e-01,-6.289031218989692418e-01,-6.106555068284399423e-01,-6.725176452346878220e-01,-7.129604911731426409e-01,-6.690676756225822919e-01,-6.683551133026542912e-01,-6.751727149402676487e-01
-8.151523684952740600e-01,-7.872755625115563927e-01,-7.927592661067400792e-01,-7.927043666685971157e-01,-7.738427341321008068e-01,-8.125320237147306557e-01,-8.068725940341532343e-01,-8.143610683547014562e-01,-7.674012385458985896e-01,-7.885881718347795832e-01,-7.523146966848212047e-01,-7.815760057552196827e-01,-7.968979059048053593e-01,-7.878459225404377264e-01,-7.922627618250637216e-01,-7.474860228213658919e-01,-7.826766949827632658e-01,-7.535969745423751753e-01,-7.467267844194382942e-01,-7.003037095949752322e-01,-7.116357611920097748e-01,-7.534830146013337115e-01,-7.143150100574510164e-01,-7.154494594094102933e-01,-6.604952138814551565e-01,-7.263427313885478798e-01,-7.024421374251516026e-01,-7.691857283156984249e-01,-8.044577716030445469e-01,-6.896333965819825274e-01,-8.345005037802035730e-01,-5.749710827125642520e-01,-6.208064610213595014e-01,-6.414877924514200691e-01,-6.360949977325913718e-01,-6.986010997667696509e-01,-7.008003125430792846e-01,-7.040797037647332779e-01,-6.684828358173816598e-01,-6.056994379317457433e-01,-6.663739538614674718e-01,-6.582868494428029127e-01,-6.659026582780481762e-01,-5.209529306589977260e-01,-5.501917107674180185e-01,-6.241535139064694482e-01,-6.183052876504493423e-01,-5.612787301063696388e-01,-6.527879998763893576e-01,-5.895216716137557933e-01,-5.581841439759106516e-01,-4.264282647994158681e-01,-5.037977781880801365e-01,-5.612073732656555070e-01,-5.814299794558814849e-01,-4.458209523563438359e-01,-6.523359554323602261e-01,-6.225426522657176998e-01,-5.924445872103024646e-01,-5.119940054649458894e-01,-5.740007607622750196e-01,-4.057653699422976712e-01,-5.060824761521797166e-01,-3.917459017483239658e-01,-6.139860908346793655e-01,-5.807289173419848405e-01,-4.219594020559299108e-01,-3.815257435672531616e-01,-6.335848740416449854e-01,-6.915300094866262404e-01,-5.623385077965923351e-01,-6.255190058055080105e-01,-6.079923811792069532e-01,-6.883509989999411216e-01,-5.674094065868218184e-01,-5.388988854926703986e-01,-5.591770111742268012e-01,-6.663396628420557022e-01,-6.240373124966912544e-01,-6.296780669443324818e-01
-7.776036655699977151e-01,-7.779835987539234221e-01,-8.021057448430645165e-01,-8.054868208088337145e-01,-7.788459885364985569e-01,-7.867727878359469518e-01,-7.963378705411395808e-01,-8.082538569183629340e-01,-7.850998046031875122e-01,-7.754030451922294676e-01,-7.643845154781838680e-01,-7.619159870120575384e-01,-7.334024426976671895e-01,-7.798158368169955112e-01,-7.304193339021975984e-01,-7.393002377837535333e-01,-7.125893434668066906e-01,-7.776892387609348756e-01,-7.465283002194330608e-01,-7.232535351628914810e-01,-7.529449355774747721e-01,-6.690652183096995609e-01,-7.878795581993931485e-01,-8.154130170227603669e-01,-7.267329686361010399e-01,-6.714876004065442050e-01,-6.910970679992547439e-01,-6.785575927352315295e-01,-7.406659265069097664e-01,-7.818485370412849855e-01,-7.221025042988801212e-01,-7.234321699910929437e-01,-6.737380063710216582e-01,-7.353033752890449914e-01,-6.457473833416814690e-01,-6.460822500303486926e-01,-7.528907325189453381e-01,-6.217063603185385423e-01,-6.314786351890923077e-01,-6.602896613940902881e-01,-7.188687278685613746e-01,-6.328852196316149259e-01,-6.579597099588611053e-01,-4.965867198702800800e-01,-6.538757743885308393e-01,-6.501056752249255721e-01,-3.878429302521522737e-01,-5.850684443491327436e-01,-5.006713596587215598e-01,-5.780857095873699336e-01,-5.186869319995887073e-01,-5.725292238849610804e-01,-6.273031446957337831e-01,-7.208353983010368227e-01,-6.316027116444480338e-01,-4.769100602620401919e-01,-5.484356437139383811e-01,-4.853923540823525395e-01,-4.026400412962407027e-01,-4.957278983275527073e-01,-4.919986209131371746e-01,-5.428623488587204227e-01,-5.713650224139169564e-01,-4.669273679705010505e-01,-5.338920911315566675e-01,-5.935223211528314335e-01,-6.132818811118894153e-01,-6.201876008082286562e-01,-4.919686375464532024e-01,-6.961225460927518149e-01,-6.764784534751803191e-01,-6.354373378307620612e-01,-7.135776703254592679e-01,-5.926259582680073468e-01,-5.681390930273221285e-01,-6.481754759223364859e-01,-6.394969316974575824e-01,-6.976975267945860759e-01,-6.628629172344593368e-01,-5.808466989160989691e-01
-7.913255441169793070e-01,-7.963637591481973477e-01,-7.851408199717028191e-01,-8.081212728569017179e-01,-7.865432011860546968e-01,-7.379531676184012401e-01,-7.876551285079902431e-01,-7.383266621440872646e-01,-8.210606097386858870e-01,-7.711834674159416814e-01,-7.857447603836088534e-01,-8.016265736431846811e-01,-7.338678827196531973e-01,-7.796046109143776048e-01,-7.547065744178118596e-01,-7.568668981073261026e-01,-8.042881145923428399e-01,-7.893851274262642104e-01,-7.244685391923336715e-01,-7.179528432981626684e-01,-7.502732804737541894e-01,-7.843584185749575832e-01,-7.246638571889312264e-01,-7.418885935003474152e-01,-6.987787228881691126e-01,-6.690127543998209969e-01,-7.737048048155765745e-01,-8.026956968740197595e-01,-7.567530453859061534e-01,-7.048205917245259355e-01,-6.779588492113879372e-01,-7.795209534228316750e-01,-7.615526672334642644e-01,-7.253118692374876941e-01,-7.066151496321668724e-01,-7.008098832358646835e-01,-7.212087425087994053e-01,-6.470087486365216911e-01,-7.233471045317582115e-01,-7.190626083032934934e-01,-6.607552356483439304e-01,-6.420869967694200486e-01,-8.318431826820043007e-01,-6.789406778996940339e-01,-5.591428941661459318e-01,-6.248073308862985842e-01,-5.297480037333369696e-01,-6.511488722507732252e-01,-6.494717044434817899e-01,-5.711666887259077008e-01,-6.686079854393705002e-01,-5.803222596146782042e-01,-5.862146446303514447e-01,-4.242689381275058791e-01,-4.438059695142725358e-01,-4.420790680965379083e-01,-5.148683980116206538e-01,-6.025714550365073308e-01,-4.788363686725212731e-01,-5.567409835387261419e-01,-4.955251715999136053e-01,-4.649575607644491071e-01,-4.759785156637303394e-01,-5.863652577415741085e-01,-4.703180174610328002e-01,-5.402448245929023507e-01,-5.724523729059919352e-01,-5.134751353834706711e-01,-6.273522724748760160e-01,-5.578398466559447710e-01,-6.080940947852789824e-01,-6.145147014275700315e-01,-5.860337970437670130e-01,-6.589478964367856406e-01,-5.523430996008702465e-01,-6.334075766916867911e-01,-5.973106874992749615e-01,-6.672500893264453614e-01,-6.344684145156110899e-01,-4.873578257118093560e-01
-7.925042923579510568e-01,-7.940931120550006606e-01,-7.729036559647827209e-01,-7.502635701539860369e-01,-7.848382088862264627e-01,-7.670615018918940375e-01,-7.981362149289972230e-01,-7.458509829370718602e-01,-7.975311114707803739e-01,-7.835844670469486184e-01,-7.610551839194118484e-01,-7.859994157936510684e-01,-8.148180462858038986e-01,-7.537411531218073391e-01,-7.713871690495559541e-01,-7.779516590897556094e-01,-7.889495057888443741e-01,-7.599397331899543362e-01,-7.901090614156267566e-01,-7.260896870415393112e-01,-7.272157430848776860e-01,-6.787364221498741745e-01,-7.413681069180454442e-01,-7.218359457660366019e-01,-7.561854958991400810e-01,-6.019939768640416577e-01,-7.812780445157532228e-01,-7.247567689596416951e-01,-7.038604691306368233e-01,-7.377223612374375072e-01,-6.884835253540726452e-01,-7.311255775258955758e-01,-6.472792336320850604e-01,-5.590777664721318096e-01,-6.834635281371703730e-01,-6.120069323532995043e-01,-6.696164048750625764e-01,-6.968894481597628365e-01,-7.648253657704108255e-01,-7.136650854668592503e-01,-6.642365740600089108e-01,-6.965523822282044808e-01,-7.143636657208264351e-01,-6.652049481774049422e-01,-6.603951442328380717e-01,-6.311553278257484578e-01,-6.753303681573042949e-01,-5.371372460132797233e-01,-5.790317594512816024e-01,-5.944441504519585306e-01,-5.701428216176616104e-01,-4.628667985918723526e-01,-4.738704231623928065e-01,-5.157529433429346444e-01,-5.919387837055827273e-01,-5.852633087430145764e-01,-5.375685676280633762e-01,-5.184764359835145608e-01,-5.257690903452387765e-01,-4.390829704939659961e-01,-5.127008449808532209e-01,-5.545252100502326975e-01,-5.560229802583737113e-01,-2.850248353997694717e-01,-4.257818090039456327e-01,-7.375529598069278103e-01,-5.158839598400355442e-01,-6.439453001093091711e-01,-5.641543518515246269e-01,-4.888934524280253435e-01,-5.972154171360948283e-01,-6.232895528329700507e-01,-5.271270874693845254e-01,-6.039795979194310105e-01,-5.853862734611241514e-01,-6.435916197757960422e-01,-5.759701140484515536e-01,-7.129620098215126989e-01,-6.456052444874613716e-01,-7.029691647161558921e-01
-7.855668416421539568e-01,-8.006632651816992796e-01,-8.004374708583642528e-01,-7.897707634921918851e-01,-8.068075396272772482e-01,-7.716029619335189604e-01,-7.896027137203069923e-01,-7.731693149613683147e-01,-7.854207858296711198e-01,-8.042552635729868227e-01,-8.138976994809432597e-01,-8.044031596042058307e-01,-7.495844310188564119e-01,-7.794322049413512365e-01,-7.507702187592238952e-01,-7.937075190403656277e-01,-7.424799917979808539e-01,-7.761825619451138136e-01,-7.220367144680710503e-01,-7.231113385353757916e-01,-6.770152849334712952e-01,-7.332966027680958288e-01,-7.592317851128617123e-01,-6.755899146571345826e-01,-7.373577806827231740e-01,-6.956948137687526401e-01,-6.977483813148787073e-01,-7.204728717218410461e-01,-7.515190042691630712e-01,-7.526339636654957310e-01,-6.842029821555080105e-01,-7.267472542805857305e-01,-6.614300183196122340e-01,-6.970569728454198977e-01,-7.470854003632222406e-01,-6.218275883777245605e-01,-6.433933579116292156e-01,-6.478626532907146851e-01,-6.448867936024494929e-01,-7.691600543610718210e-01,-7.045682629069287550e-01,-6.983740106872950992e-01,-7.023464716592030532e-01,-7.132465197123248890e-01,-6.137386796848596227e-01,-5.868088747357330659e-01,-6.247528051822095474e-01,-6.679023009091438201e-01,-6.511416450285681945e-01,-5.452159334621756726e-01,-5.925432869484652532e-01,-5.452994000616429027e-01,-5.578883478613850810e-01,-5.424442756138386779e-01,-6.066022828812127621e-01,-5.696555367479576582e-01,-6.167097047221153927e-01,-4.378365713551612415e-01,-4.520863794332543595e-01,-4.603629895094908386e-01,-5.810805088929570372e-01,-5.080186732822882245e-01,-6.437758376008390071e-01,-5.480136655844433102e-01,-5.693192655852750139e-01,-4.689140241808301135e-01,-5.136499269819183588e-01,-6.194949152983851848e-01,-4.899906832408447710e-01,-5.408276309929785919e-01,-5.116611135017403722e-01,-4.863879033746541514e-01,-6.285496916404014200e-01,-5.850198663102449403e-01,-6.533486109682343779e-01,-6.240056915959637518e-01,-4.887557902354373596e-01,-6.359624945397471807e-01,-6.619998669994898721e-01,-6.901648041249178744e-01
-7.881522486273955241e-01,-7.849895159504993725e-01,-7.769888990105340287e-01,-7.891452255373379021e-01,-8.011273685436534064e-01,-7.838417972497303543e-01,-8.046443805682295114e-01,-7.842174024954290390e-01,-7.919874401026028021e-01,-8.189517712635718816e-01,-7.757799926964270565e-01,-8.388809425173948675e-01,-7.941228799445044784e-01,-7.497119607335017699e-01,-7.278813273252848770e-01,-7.743690826970258678e-01,-7.865445336558319900e-01,-7.793323627904541473e-01,-7.445599081707726663e-01,-7.438256602333890299e-01,-6.882187586316383943e-01,-6.865068678473499331e-01,-7.291229394980814904e-01,-7.861143219822598338e-01,-6.432800521608326161e-01,-7.403405924863933896e-01,-7.102494775050379738e-01,-7.276871435655846154e-01,-7.188340101381822667e-01,-7.752555460178467417e-01,-6.808260371795836763e-01,-7.176930631672646665e-01,-6.719430282872441706e-01,-6.830686518131899865e-01,-6.951418938267578396e-01,-7.166512680174391692e-01,-6.843851264206769480e-01,-7.389140558819199400e-01,-6.197720633773448062e-01,-6.566488170986062300e-01,-7.017832077182056816e-01,-7.219130951984993327e-01,-5.512101327800350559e-01,-6.936720420290226619e-01,-6.362257374822147815e-01,-6.827439422674063119e-01,-6.611692491337657351e-01,-5.558251721110526455e-01,-4.624663254419304481e-01,-6.739550253055202056e-01,-5.409962514722839177e-01,-5.498875689481135254e-01,-6.061620777113232439e-01,-5.654211857778970174e-01,-5.905261820025742292e-01,-5.004421543619791413e-01,-5.160060042393109780e-01,-4.907539775960339523e-01,-5.020714484614748896e-01,-4.839308553415916925e-01,-5.713396281367014717e-01,-5.676070718630105150e-01,-4.777641520222388749e-01,-5.851124558623748140e-01,-4.671389596275629108e-01,-4.881978118307040981e-01,-6.215411515787965246e-01,-6.136154339661785695e-01,-6.030919205879859968e-01,-5.472013529734104376e-01,-6.355298769473379794e-01,-5.808890679203254637e-01,-5.562513744518766678e-01,-5.750046342105047392e-01,-6.520261765158538170e-01,-5.885582284313373158e-01,-6.365117145175827051e-01,-6.560893955333483296e-01,-6.849598305664649223e-01,-5.070669287638748246e-01
-7.893658993529583112e-01,-7.924333697881553729e-01,-7.966367702691766750e-01,-7.787517571999310606e-01,-7.887792961438631067e-01,-7.541191811676977164e-01,-7.499695431788657718e-01,-7.877038620708438632e-01,-8.092321642053162956e-01,-7.801478189936724705e-01,-7.758685521222186132e-01,-7.901507147528612496e-01,-7.912833802907257574e-01,-7.932399552593057956e-01,-7.446735523325044293e-01,-7.471890124109583642e-01,-7.489056747192505137e-01,-6.928097964959568644e-01,-7.124349933863332041e-01,-7.143843797180103872e-01,-7.323678059789877626e-01,-7.280977304976806730e-01,-7.598676648547965096e-01,-7.170158256866326907e-01,-8.534527297677308999e-01,-6.995067066851486937e-01,-8.415869097366611706e-01,-7.539249529064755428e-01,-6.251508025088744480e-01,-6.589587693355171139e-01,-7.327740533150920443e-01,-7.556706954716226887e-01,-7.369905172170042595e-01,-7.348866573398951108e-01,-6.534033017643193775e-01,-6.924108566365396733e-01,-6.365824279198640800e-01,-7.060956211800343274e-01,-6.893714821021269534e-01,-5.987151165641538819e-01,-6.572234632356249717e-01,-6.226266658417709543e-01,-6.653691103430775522e-01,-6.096002177908405040e-01,-5.984789390373506102e-01,-5.962691374173013648e-01,-5.616988813483331233e-01,-4.543784495826255210e-01,-6.498849776221494734e-01,-5.999912759009354835e-01,-5.422228052880525562e-01,-5.837891324492461287e-01,-6.210561002280906573e-01,-5.205421669085654734e-01,-5.296022420172786793e-01,-5.777818976405498796e-01,-6.481616897678752487e-01,-4.952154556991427148e-01,-4.425804748695519875e-01,-5.549001243806832573e-01,-4.542410332345143131e-01,-4.455221777835511321e-01,-5.831378774222367722e-01,-6.894019690107845433e-01,-5.242693453153408623e-01,-5.032431480720376271e-01,-5.136815782634349681e-01,-5.785270492834035938e-01,-4.877084444201781332e-01,-6.051203411318619718e-01,-5.371533548974931627e-01,-5.955683183832142236e-01,-6.642371375389690691e-01,-6.492734022811994521e-01,-5.836057091782974604e-01,-4.936549413471383874e-01,-5.933312534760246670e-01,-4.426281148455227243e-01,-7.041954612468185326e-01,-6.504521657957549330e-01
-7.695368746961567252e-01,-7.853477989114214797e-01,-8.095417260283100935e-01,-7.675221879863413088e-01,-7.540902364527164448e-01,-7.977760992771134596e-01,-7.593116033311873014e-01,-7.951972951588662797e-01,-7.926087449251063566e-01,-7.885450266407727504e-01,-7.745272425855499465e-01,-7.825272589073940521e-01,-7.809385940959520100e-01,-7.560895748927655147e-01,-7.447596652848856857e-01,-7.841561866528128366e-01,-7.569581523539733459e-01,-7.398907816774780155e-01,-7.445618886515819046e-01,-7.569415465822377787e-01,-7.956200480981493461e-01,-8.158510415463144927e-01,-7.909290641440953618e-01,-6.976905542142916028e-01,-6.903112030558772316e-01,-7.045152520073512115e-01,-6.575761180068141476e-01,-7.481742766027912328e-01,-6.904482186017398826e-01,-7.476141727203694520e-01,-7.985378439638671777e-01,-7.283441180545366933e-01,-6.839917613966380872e-01,-7.350754802637069485e-01,-7.290986615307718521e-01,-6.785351888350763527e-01,-7.594120485883379956e-01,-7.766255088525702011e-01,-6.687730853273025078e-01,-5.087266464258840548e-01,-7.858453354339123287e-01,-6.489096374621236007e-01,-6.593928781156898067e-01,-7.619055082624844877e-01,-5.572345696866728426e-01,-5.733948677823964557e-01,-5.975070245844062988e-01,-6.771460541542665412e-01,-5.990647973952770711e-01,-6.487096023265414013e-01,-5.337484532285545757e-01,-5.424735977153662958e-01,-5.661256922830706362e-01,-6.008841056763764010e-01,-5.972403870080440491e-01,-5.253210273594025592e-01,-5.844138760497458174e-01,-4.050210217715143890e-01,-2.705427226096642768e-01,-3.893710434168781709e-01,-6.554083930132604818e-01,-5.104129222111482012e-01,-4.605674094828170473e-01,-4.062673891493130407e-01,-5.993187204270740143e-01,-5.222502649937420527e-01,-4.652249273829531240e-01,-5.377947167972003673e-01,-5.530354210165205897e-01,-5.962224719588781197e-01,-5.187709447102514249e-01,-5.104467143189480582e-01,-5.522374865977773828e-01,-5.682491876184870838e-01,-6.544377150655480424e-01,-6.025881147599261300e-01,-6.031907344100226886e-01,-5.121265304649199601e-01,-6.416997247925448900e-01,-5.140755803469566620e-01
-7.904547684875012914e-01,-8.099415227097822578e-01,-7.882650926041783190e-01,-7.833987306815070051e-01,-7.692330048880618998e-01,-8.115242007538604474e-01,-7.631643694238822162e-01,-7.877629263566305884e-01,-7.560241850799817032e-01,-7.960729353300257660e-01,-7.654392163007432970e-01,-7.792826014650123811e-01,-7.743240872082334247e-01,-8.204594403440478301e-01,-7.001751431210228027e-01,-7.370581106361532298e-01,-7.846784183704152982e-01,-7.667244502712945442e-01,-7.844949552839840523e-01,-7.394137084812932859e-01,-7.580073542254669450e-01,-8.216595978536855860e-01,-7.781889288535983606e-01,-7.898079865739103811e-01,-7.702015629380312145e-01,-7.944349325199868694e-01,-7.003772248669294376e-01,-7.133825270607073721e-01,-6.743830992287690451e-01,-7.580806200869616429e-01,-7.258762366978189773e-01,-6.960425584280690581e-01,-7.559427932550570883e-01,-6.416014521889367161e-01,-6.727802385523093953e-01,-6.554680370222775165e-01,-7.207177496670811312e-01,-6.696483417355488799e-01,-6.806150454504696912e-01,-6.395519363890059816e-01,-6.353479438356057774e-01,-8.270251144316289604e-01,-7.104884693317193856e-01,-6.216767840118635480e-01,-6.663503596849380539e-01,-5.471994695511412932e-01,-6.418257866348423546e-01,-5.270694854076317659e-01,-6.403211067228719022e-01,-6.333843729487750318e-01,-7.060981624406508228e-01,-6.168266564199651469e-01,-5.430490726217294117e-01,-6.570785676999508773e-01,-6.148175382038963965e-01,-5.136904637638223248e-01,-5.666593408422666567e-01,-4.060709866454076389e-01,-6.650737513230372544e-01,-4.851677815797527105e-01,-6.928959222961068587e-01,-6.228789206830868119e-01,-5.514729676616408893e-01,-5.222102389115396148e-01,-4.899199694890409851e-01,-4.713394608573128752e-01,-6.055053318642081850e-01,-4.551174749290204380e-01,-4.733496661912726666e-01,-6.578701747742652373e-01,-4.753390963130048608e-01,-5.981388073714177800e-01,-4.769978217181384261e-01,-5.894980023458153973e-01,-5.609522195372329545e-01,-5.889381299437260742e-01,-5.326192533500154758e-01,-5.805772129907450507e-01,-6.639232951965112761e-01,-6.437123755549667425e-01
-7.814119822247793667e-01,-8.020522583362460489e-01,-7.943409886006621567e-01,-8.062707343157123896e-01,-7.915230138133156901e-01,-7.992182649815008366e-01,-7.698587000073455755e-01,-7.626803437517442052e-01,-7.860083014241311394e-01,-7.742215707664157343e-01,-7.870848519698565582e-01,-7.693127856696037048e-01,-7.551502130094707166e-01,-7.716491609637335936e-01,-7.496380655364360823e-01,-7.782287556842854004e-01,-7.852923597430530034e-01,-8.184098649257998126e-01,-7.672833933006742990e-01,-7.951654445175438957e-01,-7.572585369289842605e-01,-7.388369499947505803e-01,-7.692394516382428105e-01,-7.408749328830684933e-01,-7.338418514427712536e-01,-7.409308507989277315e-01,-7.361647746873665188e-01,-7.664498495256422128e-01,-7.415315737931419404e-01,-7.417915837297733850e-01,-7.556267737205648594e-01,-7.541828422727175907e-01,-6.533490646471543650e-01,-6.157520683438951759e-01,-7.872085758163359648e-01,-5.889804175483082105e-01,-6.872106285589807406e-01,-6.315835500010364978e-01,-6.427775508839934648e-01,-6.715114729910390823e-01,-6.554466923110344734e-01,-6.802712343173633602e-01,-6.270507646267662327e-01,-6.748472466402214431e-01,-7.136390516883684976e-01,-6.553431597489322025e-01,-6.055570592026617849e-01,-7.298329733135250352e-01,-6.192863032260061962e-01,-5.278595307383964208e-01,-6.465837492001627052e-01,-5.806522308677378730e-01,-4.873895669267014341e-01,-6.890870467547898226e-01,-4.975631478722994938e-01,-5.505062292167847149e-01,-6.892537646504118820e-01,-7.121609868864980930e-01,-4.219751026999897792e-01,-4.967812503699563509e-01,-6.395892404905555439e-01,-5.356914292874783712e-01,-4.529656828712005923e-01,-5.285667579978837738e-01,-4.421334114574083096e-01,-6.022722257553062564e-01,-4.216112279185811884e-01,-5.459258363956894788e-01,-4.984540612119937597e-01,-5.374535790511358879e-01,-3.803254958719205492e-01,-6.126852142451509886e-01,-4.357999829847738482e-01,-6.129216601746703130e-01,-5.066587085882562347e-01,-4.006932375826332549e-01,-6.235569990743213831e-01,-5.116026700014626449e-01,-5.903559833666852663e-01,-5.691762536013857954e-01
-7.784454311925831371e-01,-8.092483515180347586e-01,-7.842057473545461788e-01,-8.041004014914733267e-01,-7.567980585446539843e-01,-7.744020584809985230e-01,-7.842483246398451735e-01,-7.895626610587698213e-01,-7.547513879935242587e-01,-7.583976511955640154e-01,-8.005640551271321348e-01,-7.877670458220042971e-01,-8.020768178970072437e-01,-7.586684450058712725e-01,-7.933673084169637901e-01,-7.196023208867431409e-01,-8.092170000571317079e-01,-7.888483264056563860e-01,-7.261219881104736817e-01,-7.284466770078104059e-01,-7.357036001625348876e-01,-6.823902626739341004e-01,-8.044813668555270691e-01,-7.369797746589393794e-01,-7.382531750911388579e-01,-7.286626032980827450e-01,-7.575416792644624753e-01,-7.160364912923289360e-01,-7.026605526184304118e-01,-7.745360812262861439e-01,-6.465538108544762741e-01,-7.209374919116331437e-01,-7.623744868714673606e-01,-7.769379772004468832e-01,-6.101046999466246401e-01,-6.319895841001470504e-01,-7.071577206927808223e-01,-7.082353725827282842e-01,-6.940812714366514369e-01,-6.322594562373865523e-01,-6.850278564708656148e-01,-6.862853939534848680e-01,-7.515981066670313071e-01,-6.141616061009028682e-01,-5.134168730176139617e-01,-6.948682785333273326e-01,-5.766105566120499626e-01,-5.080692403860095352e-01,-5.985613297539695843e-01,-5.685650112828339875e-01,-6.262488236131845687e-01,-7.108064256546133830e-01,-5.371472742448814008e-01,-4.733015563666004288e-01,-5.976682939343994638e-01,-5.852311901603255428e-01,-5.643376858717406019e-01,-6.344773200320603657e-01,-4.159464765446761469e-01,-6.191656590347095479e-01,-6.142667878957284167e-01,-5.897456794725871587e-01,-4.503560897699256937e-01,-5.651895445935847251e-01,-5.619670121983947331e-01,-4.929420185849867075e-01,-4.820669226596080437e-01,-5.175578641637991195e-01,-6.138593528082184614e-01,-6.044816126254229927e-01,-4.049728285778648740e-01,-6.475400167073737112e-01,-5.565073259897508340e-01,-4.845207117965911747e-01,-4.672105254232571947e-01,-5.411860244087431937e-01,-5.665934711443610938e-01,-5.901762702338178013e-01,-4.971636539887616113e-01,-5.874690386138753384e-01
-7.846540331968889781e-01,-8.058413213752465554e-01,-7.781646225056958466e-01,-8.113424489828577890e-01,-7.812395036245101121e-01,-7.844757987850031755e-01,-7.875314139615159359e-01,-7.835775431518129386e-01,-7.753386871322260898e-01,-7.721566843618851150e-01,-8.142559865288850895e-01,-8.035391972032147612e-01,-7.804684620103207182e-01,-7.419002670659808896e-01,-7.931463248560846058e-01,-7.949309995041082821e-01,-7.404763074611775409e-01,-7.833042576493524090e-01,-7.320079963968078030e-01,-7.413457991040114381e-01,-7.219259754888649461e-01,-7.490001638810264151e-01,-7.857204548427795254e-01,-7.590889241462076553e-01,-7.393988111661383700e-01,-7.903230034529485915e-01,-7.733723520291968523e-01,-7.034265736649987222e-01,-8.135548367980531825e-01,-6.477444623753940700e-01,-7.018900135384638084e-01,-7.181591586794066062e-01,-7.099359701801262190e-01,-7.777991855333935556e-01,-7.030376760702566896e-01,-6.282013047477971179e-01,-6.540703956237928773e-01,-6.629759787009332772e-01,-6.276821921260979931e-01,-6.589542741718885654e-01,-7.697512407926062616e-01,-7.051818957893805084e-01,-7.161712342537923659e-01,-6.696834515840581759e-01,-6.394669980541569654e-01,-6.373685459615596738e-01,-6.118945386210973281e-01,-6.042482347644440033e-01,-5.532714624464122322e-01,-6.388158435578581429e-01,-4.682240157027929839e-01,-5.945267383932598682e-01,-5.697499582192571133e-01,-7.568753693082467260e-01,-6.018358610508568463e-01,-5.327628131484111185e-01,-5.496976643406668028e-01,-6.386959753615689683e-01,-6.274861461053197198e-01,-6.553801576841942200e-01,-5.379092714382589513e-01,-6.370585589062809362e-01,-4.113958347867457954e-01,-6.534245009776940005e-01,-4.898303266191649241e-01,-6.048993432378231283e-01,-5.828538897167822030e-01,-3.879021817380362558e-01,-5.952468361871720015e-01,-5.794714878418655291e-01,-5.038776581971029511e-01,-5.943995090474908372e-01,-4.965862204052300943e-01,-4.659399128289946068e-01,-4.257423224452170363e-01,-5.341573152208171082e-01,-5.783426514519135475e-01,-5.531656291831265060e-01,-6.295484115530519675e-01,-6.216647096422757146e-01
-7.898114861301853695e-01,-7.793641936506873202e-01,-7.973789659095533722e-01,-7.846618689607776087e-01,-7.943917365420620769e-01,-7.623607141548552901e-01,-7.872817994111670492e-01,-7.782062609825960431e-01,-7.946460632581540118e-01,-7.905361245563135020e-01,-7.698286792925881361e-01,-7.913910240375728877e-01,-7.910046046628554928e-01,-7.592543439815007122e-01,-8.095689880106645697e-01,-7.664834477382181932e-01,-7.543587914058117461e-01,-7.750264761868554952e-01,-7.577954846165749769e-01,-7.910151432294387774e-01,-6.865372872546154914e-01,-7.467328609037995335e-01,-7.178944328152305765e-01,-7.192771237906158133e-01,-7.835003096401341738e-01,-7.080515429929069571e-01,-7.691094302932449667e-01,-7.681752333361546725e-01,-7.439509779097263076e-01,-6.304392161958271013e-01,-6.499939896034750975e-01,-7.029396611103611026e-01,-6.343832344454963801e-01,-7.437315743055502582e-01,-6.529562694326472849e-01,-6.985283414387598588e-01,-6.608104872923479256e-01,-6.893721406714158340e-01,-7.265480648784052864e-01,-7.161589228277740471e-01,-8.158993027292773537e-01,-5.805307250115784301e-01,-7.115497251354733210e-01,-6.180290303309897704e-01,-6.912169672967682921e-01,-7.279723652897035491e-01,-6.568882601734788995e-01,-6.607314266251226309e-01,-6.607752424645558786e-01,-6.556239333032266581e-01,-7.386203349893083470e-01,-7.018506749412682932e-01,-5.538268407405770866e-01,-6.459503748132198186e-01,-5.625256168279654245e-01,-5.353471278743735517e-01,-5.613347630585131531e-01,-6.242962868467026860e-01,-5.170259889088664185e-01,-5.507778420495250682e-01,-7.181729325993598811e-01,-5.707328167040169875e-01,-5.283402414842177652e-01,-5.362642811439030099e-01,-4.659785402384878372e-01,-5.228145813384517115e-01,-4.359682775612069849e-01,-4.860711375841672011e-01,-4.383939556428442241e-01,-4.769564824198717634e-01,-5.220958191884488286e-01,-5.677767058113584175e-01,-5.046374878813945086e-01,-4.766705803728306656e-01,-4.861512141590728087e-01,-6.589071127593630894e-01,-5.190047342068360159e-01,-5.256853512309049847e-01,-5.874348692347202139e-01,-5.771330850909343058e-01
-7.688436796577674537e-01,-7.736960598946737155e-01,-8.032659877161644202e-01,-7.545356550208844881e-01,-7.915174098023471938e-01,-7.932581554026396642e-01,-8.123836140931331995e-01,-7.898026858371612891e-01,-7.807329782054577283e-01,-7.620028210987292994e-01,-7.642367224950069593e-01,-7.972459052916281985e-01,-7.526524686819880960e-01,-8.189362614604163149e-01,-8.058175149984200258e-01,-7.743185324343724307e-01,-8.234241484159116053e-01,-7.411313221741668844e-01,-7.798638727683291361e-01,-7.567460534081232870e-01,-7.097650973151827802e-01,-7.757578437972353358e-01,-7.895164472535931566e-01,-8.023499996449054983e-01,-8.064556860669517269e-01,-7.430665233233855194e-01,-7.364395540041608346e-01,-6.827419062923032467e-01,-6.169429287085091973e-01,-7.508193977645214456e-01,-6.412144670739109431e-01,-7.667016601777661977e-01,-6.334620092796910962e-01,-6.667927051432449570e-01,-7.291460253501645949e-01,-7.359305665723671064e-01,-6.115914995178890479e-01,-6.928597241251595040e-01,-7.706927743826162969e-01,-6.796982928097481391e-01,-7.119148178024276019e-01,-7.084788628119043086e-01,-6.833613822511097613e-01,-6.708978291639601244e-01,-6.027111796155592005e-01,-5.555613579383094081e-01,-7.157383177708263045e-01,-6.937037185126193606e-01,-6.789080445019491927e-01,-5.633953777388834849e-01,-6.430879407935383707e-01,-5.231229324414468085e-01,-6.746986467920520480e-01,-7.426697249609671703e-01,-6.513657184302660275e-01,-5.678852172100000706e-01,-5.048747620342719511e-01,-6.346422376827889344e-01,-5.381568871065539605e-01,-5.148718004911488899e-01,-5.152643073357957570e-01,-5.381754453747523703e-01,-6.624207898362658442e-01,-6.305372649859181111e-01,-5.962850136400530410e-01,-4.336642563795682914e-01,-6.849940201259755446e-01,-4.268577782177442326e-01,-6.313916814307370950e-01,-5.103643982198843299e-01,-5.227397045792764319e-01,-3.880320591997198920e-01,-5.261057262717093730e-01,-4.497868816617510146e-01,-4.271127476081305607e-01,-5.944028859715883018e-01,-5.703292760461308175e-01,-4.310663960780798942e-01,-6.308542878498085704e-01,-5.720478565799790305e-01
