-5.157367064796480882e-02,1.095636999470215728e-01,4.865055446854026078e-02,5.293907414081984453e-02,1.275741957727519749e-01,1.781869667180670802e-01,-4.337206709955875039e-02,9.415001136356838940e-02,2.221797981108534492e-01,-1.450705365721541122e-02,2.819957531511147475e-01,7.862777376234959814e-02,2.401374946642321206e-01,-7.815243445197252170e-02,1.212280677057232942e-01,-1.488229118930710186e-02,2.801967500473663830e-01,-1.097010513701016932e-01,-1.031408095556787252e-01,-2.117671668194721912e-02,-4.033394275930595602e-02,4.475474695945257791e-02,-1.257612481002036986e-01,1.788904564420163157e-01,-2.394329675516079087e-02,-4.634917189576814173e-02,-6.201296148057541813e-02,4.537796430840598805e-02,1.357549609087398690e-01,3.127420687011430167e-01,7.569833135021151148e-03,2.181664518230181649e-01,7.129813514029725852e-02,8.450972544856324986e-02,-5.592613826667618832e-02,1.415304083748823993e-01,2.978724004952627152e-02,1.433338045602322065e-02,1.130461524254372657e-01,1.699534702876991099e-02,8.551920872962039122e-02,-4.524480679928297167e-02,2.224793550945797782e-01,3.198949010721545416e-02,-8.277134103008527977e-02,3.800099261782449028e-02,1.529334915227889835e-01,1.957604228620279108e-01,-8.874422608870678741e-02,-1.240627960101364086e-02,1.301242462731613536e-01,4.539564383866898090e-02,-2.251031390107667840e-01,9.793224677984710413e-02,-5.603775076842213571e-02,3.513088326025746166e-01,8.402048131576096701e-02,1.757218877494059750e-01,-1.353040195803905943e-01,2.905117748089465837e-02,7.226426597630677962e-02,-4.634387888948712092e-02,1.670314452485107404e-01,2.082013462637876955e-01,9.996435905114199605e-02,6.200134370128786154e-02,1.103008180546603823e-01,4.155614759450828449e-02,1.619177637984564599e-02,9.468810136357715124e-02,1.976485745951587492e-01,-8.710374362977883755e-03,5.379204089070952280e-03,4.360969645670437905e-02,1.804692671822666350e-01,2.354207482941089447e-01,1.620825011711919394e-01,2.621879069857516731e-01,-2.467140049009178548e-01,-3.083784847961077574e-02
-5.699376210846722468e-02,1.003336494860627703e-01,1.810336442551908065e-01,1.271730505336972628e-01,-5.453832809323090614e-02,7.435548429449187480e-02,-5.204618214855415148e-02,-9.907530529861398316e-02,-1.447154923178094708e-02,2.261232286350151749e-02,1.105995555050765244e-01,-7.346751714191440685e-02,9.127920256631931462e-02,-8.087739655718627352e-02,8.104903693769859030e-02,4.669584486525799744e-03,2.371036877451694613e-02,-4.214042458814158676e-02,1.029004936482283139e-01,-1.462313988639142859e-01,-1.686520760520963252e-02,-9.245353171216810773e-02,7.957232848671075276e-02,1.163319280466540845e-01,-8.148010950328269872e-03,1.103831134061215684e-02,1.042499785914829530e-01,-1.779632979432285989e-01,1.349256848478558035e-01,-1.775556966815300675e-01,2.349806555227352545e-01,8.744277597066767160e-02,-7.744610687236005986e-02,8.728391933704454653e-02,-5.957218695255265400e-02,3.925994204334496557e-02,2.342458960970858484e-01,-5.062550305759028202e-03,1.497764886225558256e-01,1.732889123529774422e-01,1.411068222802840666e-01,1.485777811714170116e-01,2.733076341710777638e-02,2.116058401471320738e-01,1.658533912423549306e-01,-1.635902488528831189e-01,-9.358913581482847244e-02,1.238030921852186217e-01,2.414158582780759690e-02,8.984019684506695802e-02,-7.727788453150892523e-02,-2.142992256998803996e-02,-3.886427184237348925e-02,1.039541702565133507e-01,9.876236785978648181e-02,1.932672163631683759e-01,5.585954196502219277e-02,-1.176327038922728718e-01,2.439941216511739841e-01,5.977444530297005426e-02,1.477041335420979928e-01,4.554304959782300849e-02,2.261749731561745191e-01,3.830222705932696814e-02,1.524436886511075784e-01,-1.706859505531253818e-02,1.028896420176849263e-01,1.615162116793347757e-01,-1.020091980926865899e-01,2.175655427359516614e-01,4.032861792695086045e-02,6.043482375981747146e-02,-8.280582339231819244e-02,-2.187933076383963369e-03,1.491367674413490163e-01,-7.857308869400529694e-02,4.056643443686243355e-02,1.598991589298191518e-01,-1.192775523987592290e-01,-3.520694005279351863e-02
3.999929733868926723e-02,5.710712541159222028e-02,1.188989577972634631e-01,1.583207260590696330e-01,-3.588038270183650791e-02,1.337516595089399130e-01,1.511371026923794547e-01,2.705882220423452139e-02,1.635766697234670441e-01,1.091279448662548501e-01,2.224914714059732235e-01,2.561552725380746853e-01,2.270170615287128990e-01,8.749025249466052534e-02,1.249371399281226230e-01,2.051499128585004272e-01,7.431843898123249859e-02,-3.162288451966487335e-01,1.005196388470128294e-01,-7.754914030802492753e-02,4.262836569361667244e-02,1.871382554499605999e-01,2.951180108265576973e-01,-3.719583343201387365e-02,1.552840414346803588e-01,9.028800895645862357e-02,8.387111165402130752e-02,3.795245573902458064e-02,6.479305864270185067e-02,2.909563562041293794e-02,2.440606388411262206e-01,-1.721414823676263237e-02,-1.340219463757465479e-01,1.446606176165364521e-01,2.743093863814308753e-01,3.695229289574866651e-03,1.169192875847152868e-01,9.136029322243950646e-02,1.159871519955609420e-03,-1.388684851010112695e-03,5.951228260201380654e-02,-1.541911278349794752e-02,-4.344324898457096323e-02,1.729311047227087006e-01,5.783525547928921456e-02,1.186621969860854192e-01,-8.021487633455014199e-02,-6.811932244714787206e-03,6.073136851702356370e-02,1.413441607853946173e-02,1.000702081283405959e-01,1.111888745805734158e-01,5.104785733519975888e-02,1.456585262312330153e-01,8.384445572343807163e-02,1.304248147951368730e-01,1.625950905319445139e-01,5.347494548416729249e-02,5.859320823621668589e-02,1.955180895629739790e-01,8.751129860649128900e-02,1.929838837296375675e-01,2.441853296689441843e-01,-7.051483950527395739e-02,2.753190022396395653e-01,5.928067582993830700e-03,9.373434429248896083e-02,8.989522859380275066e-02,-1.141753328594132845e-02,1.548161320471238556e-01,3.303916338109338935e-01,3.177139836612721813e-02,1.570913622617137739e-01,1.151294275411453433e-01,1.395812336859933167e-01,1.981170304122810144e-01,-8.754004759939849889e-02,2.113291985487410207e-01,1.334419794285150174e-01,1.289716964922336673e-01
-1.891785200072870418e-02,1.979336127974993254e-01,-2.373091295510478330e-02,-3.897305711565143133e-02,1.382529814317679309e-02,7.107930907230988749e-02,1.572795795143735187e-01,-6.823213963761094215e-03,-2.299409512261236729e-02,1.150402997867395194e-01,1.880940728133490281e-01,1.695314843415728079e-01,2.157694016523639957e-01,1.376634506321300078e-01,-4.495777119883989648e-02,8.188414501450701211e-02,7.309525483926018752e-02,2.018349821537676891e-01,9.402196438805168754e-02,1.496888117280918140e-01,1.934926838462706356e-01,1.342568505176282290e-01,-2.844613073972927786e-02,4.568980770905971267e-02,5.030793476253361818e-02,1.934966277913210270e-02,1.923427046875873514e-01,1.623173702146624986e-01,-1.000165404775159722e-01,-3.196799257019181106e-02,1.851873380877651631e-01,4.129213019450451300e-02,-4.303804675948141867e-02,2.389233568478946884e-02,7.569745787108132784e-02,2.098645370975415342e-02,6.013857607802738231e-02,-5.942716777157216329e-02,2.184490521104938687e-01,-3.811853540097371457e-02,1.917950737910536219e-01,2.555102514731838470e-02,1.242728705738153396e-02,7.349205378786519138e-02,-4.149975338186752231e-03,1.711169881959823391e-01,-1.295547893749695624e-02,-3.251204323149587978e-03,-4.475073871000777997e-02,4.793874843557407311e-02,-1.317944568745506584e-01,7.486100382920908569e-02,1.160001344424137562e-02,1.384868149648896818e-01,3.106801516194001578e-01,1.380060244781036727e-01,-1.360443626344477186e-01,9.199538514040034309e-02,-4.992926599416814409e-02,9.694768924881951022e-02,6.438853030654317910e-02,1.294813859959808855e-01,2.111774092231302746e-01,-9.155672163894071347e-02,5.238074295906190725e-02,2.723303841482201462e-02,-1.518838827733871855e-01,3.154343561046396571e-01,8.197530600408560464e-02,7.326248604185862934e-02,1.206669415763093473e-01,1.958007148746534476e-01,1.204322014009291397e-01,-2.468649760488418263e-02,-4.695554226017669211e-03,-5.485152274447984561e-02,6.295056741335075534e-02,2.108946785292483417e-01,1.118868737563822463e-01,9.585184100778618155e-02
4.742375007875284515e-02,4.676393699579250995e-02,1.321118840518172022e-01,1.673770157041137852e-01,-3.364915921028687612e-02,-1.839707655373695461e-01,2.353064433372078490e-01,1.249785317996856132e-01,1.827679722545791641e-01,3.680302974004581035e-02,2.786662427260572228e-02,2.040538320815968032e-01,1.138887503636086679e-01,1.840587810625784471e-01,4.196807639111289207e-02,2.330145206567814983e-03,8.812630849509878184e-02,4.678235833465951149e-02,6.962486234060800971e-02,1.504237102542375915e-01,1.088584650322758918e-01,2.210830556657636045e-02,3.676192406810206426e-01,9.103530189613469326e-02,1.657427871172387490e-01,1.907853518593564390e-01,2.031063467086099694e-01,2.185628669827776316e-01,-6.884299366798639352e-02,-7.702492994323671682e-02,1.192892194080984736e-01,-1.052473390888354760e-01,1.892344850507924059e-01,6.817915889735588937e-03,2.280908615116659932e-02,2.159054790437113236e-01,-1.721878416515407531e-02,-4.006812808884654964e-02,-1.923167914394936229e-01,-2.011890937284877001e-02,-9.453507931100923675e-03,4.736724522755008521e-02,3.515619236722633545e-02,-7.383698598288256087e-02,7.360607308143601868e-02,3.287921414574328238e-02,1.494424976680516493e-01,1.972513621251540117e-01,8.620472804792818355e-02,8.749216180661339992e-02,1.762822893744853681e-01,1.164055060290815347e-01,-3.934499185337596294e-02,6.307619804028773147e-02,-1.049844225901300221e-01,1.535758833645442870e-02,1.018615969901810331e-01,2.286737078461463513e-01,8.126158003682362740e-02,1.376545505504256084e-01,1.834955234869128371e-01,3.138627152792893005e-02,2.224721091213098245e-01,-1.081477404508474349e-01,2.297118784872298758e-01,-5.539087000123544408e-02,6.989252697137628145e-02,1.629018091612315089e-02,3.352689892856938747e-01,1.186600603503315116e-01,-1.051745936855798119e-01,7.378718498566314010e-02,1.508974600886318351e-01,1.015103064060703247e-01,2.276825678397283170e-01,-5.311036141557825413e-02,-1.971966339942711199e-01,7.711372588762793745e-02,3.727729115026971393e-03,-1.379865257602760353e-01
1.357290800508607620e-01,8.039333125310135775e-02,5.646085547269175109e-02,9.733867927620475091e-02,2.048742728981446659e-01,8.276401792965952520e-02,-1.383883352117783183e-01,7.640937344794702935e-02,7.857865350931760029e-02,4.483661536519594620e-02,2.868300392232982499e-01,7.985066390222730903e-02,-1.154402586836996286e-01,1.654702065393363619e-01,-7.835208908043271581e-02,-4.571450402731415397e-02,6.871612854276815119e-02,1.222079770657523989e-01,3.454745222400954635e-02,3.709219809910478671e-02,1.200030931587406230e-01,1.485346522656812718e-01,1.254452486981074144e-01,2.302722163411197731e-01,6.691474630669028145e-02,3.114293075688011614e-01,1.329133324744898536e-04,2.744890014925305821e-01,-5.810844544574632342e-02,1.123220546193582775e-01,-5.652426702735822983e-02,-4.889139455519887767e-02,3.085176536191722163e-01,1.354372935832174607e-01,-7.503821813587939482e-02,6.884250857144681712e-02,1.589803234900158679e-01,8.900826447744471237e-02,-4.865081117024467466e-02,2.495147103539982480e-01,-1.622804077617197999e-02,-1.000188233594359183e-01,2.180499723728620068e-02,-1.043401454647878770e-02,8.248687302352057660e-02,8.029984619444853478e-02,2.103124529711832350e-02,1.184671006664270582e-01,-4.935863264065055989e-02,-1.394323606334196275e-01,2.067600257041587661e-02,2.732970650156899689e-02,2.021420522902760142e-01,-7.656518250160454508e-02,1.087706743311374208e-01,3.553107639144859747e-02,1.452704590005834406e-01,2.500461261851184558e-01,5.074333343877436564e-02,1.735811361162482303e-01,1.005122479223287263e-01,2.791134232338212673e-01,-2.021713407367290924e-02,1.615887356499942362e-01,1.200390549164036397e-01,1.910948891801601823e-01,-3.509099627671811994e-02,1.151367513751129085e-01,4.900587069786661865e-02,5.615841285677013878e-02,1.983953501765794158e-01,-2.944586594089933836e-03,7.391849882084658430e-02,4.221478939786130202e-02,-7.391916419354851997e-02,2.068248465327889585e-01,3.977711304685660476e-03,1.097584502766655312e-01,1.384365305324431472e-01,6.751718467656249445e-02
1.017677562444230938e-01,-5.074308020918796847e-02,1.527508826353770298e-02,2.003400466840324634e-01,7.201269517371589046e-02,1.484359170971430268e-02,-3.912231224495878873e-02,6.990762364687012898e-02,9.242468634572122144e-02,-6.560666284475052956e-02,1.581644578350567820e-01,1.626208583193870238e-01,-8.613308661645610598e-02,1.477335188573715985e-01,1.983741684885121370e-01,1.279294562137394675e-01,5.682383450272013303e-02,2.519900378176759270e-02,1.043829269917755098e-01,1.648996892007257853e-01,1.300867381441278281e-01,6.948249946399741306e-02,1.739803131160909677e-01,9.040601624811113457e-02,1.913408989755159273e-01,-3.729243776934402371e-02,1.343211347753837936e-01,1.068322113755183628e-01,-1.446316102379827800e-02,1.598804941502760812e-01,4.643413940150433600e-02,6.565656239242549652e-02,1.005361343737511820e-01,-8.064322323113067015e-02,1.687333496340162609e-01,1.644591772273775176e-01,1.344125370495375671e-01,1.083104039463162888e-01,7.385693006418685147e-02,7.070058288891331588e-02,1.295540421841495649e-01,1.717516642397549920e-01,9.163874430360535728e-02,-7.970702927764476697e-02,-8.658398505570001624e-02,5.350617491792068053e-02,-5.702248899840316188e-02,1.264550747873667835e-01,6.578075106529414351e-02,-8.622867794498850769e-02,1.137667193900569473e-01,9.488589077990408627e-02,1.150019039484855288e-01,4.876237766131464452e-02,4.614546307519257901e-02,9.176587944483645398e-02,1.581180197749829652e-01,1.750556890473324301e-01,2.019971226951660925e-01,1.312256887512144865e-01,7.290577175850835971e-03,3.050484633473600840e-02,1.625140567332654662e-01,-1.316486425521987413e-01,1.575148034788970697e-01,2.121983083555214478e-01,1.382649430076781927e-01,2.346643653859488976e-01,1.465851291396823020e-01,1.842696425896069301e-01,5.005613134842275963e-02,8.312493369310176849e-03,3.201340247595601540e-01,-5.450429327374804733e-02,6.351743639880831627e-02,-3.088563445658059139e-02,2.236773242639426562e-01,1.843219574606441424e-01,1.861405216352158831e-01,2.298460725964374118e-02
1.415090641615539269e-01,2.737211655858403855e-02,2.339408242899079435e-02,-1.560860018994859599e-01,2.065804174031103668e-01,1.423272683974358410e-01,8.532608700280544523e-02,-3.542962448012743765e-02,2.674224315723678913e-01,6.923583359298111917e-02,1.071285504346176365e-01,1.370690012123753632e-01,1.008091964899313943e-02,-1.288453570173164475e-01,-6.868495577376232126e-05,1.457475984395623092e-01,-2.935199612925304402e-02,9.506258228525522880e-02,-3.296718141643013855e-02,1.925993692925745959e-01,8.231499697280357519e-02,-5.277157599642526807e-03,7.871939258621819813e-02,1.223465119405602736e-02,2.133230863177504599e-01,1.664844479298922542e-01,2.123325768018582971e-01,2.439326649186298879e-01,1.162541710079388335e-01,7.723515062883971882e-02,9.127921856031599723e-02,1.041059668200502025e-01,5.583801442787504621e-02,1.355613094714506195e-01,-4.439694286448408328e-02,2.083440461054374693e-01,-4.767480508339214107e-02,1.584840190858815279e-01,-1.164068403366973342e-01,8.280245978942138430e-02,2.182653132507799409e-01,-2.132841739499834882e-02,7.450323417523121994e-02,1.110832137412104265e-01,-3.994627718112107179e-02,-1.178025338742332423e-01,1.356166293131210732e-01,1.670190627348925871e-01,1.431910991820075363e-01,7.338283689251925979e-02,1.001478565370866047e-01,1.393567229174314248e-01,1.318027701621025671e-01,1.604328501736080048e-01,1.327367137001902730e-01,4.619834246099054770e-02,2.058524558830550633e-01,2.645605417767893375e-01,6.121491071465777478e-02,-7.938801665330670609e-02,-2.384416131847587605e-01,-3.020118292056701848e-02,9.209917011638439621e-02,9.459173100781623211e-02,2.262775325698627438e-01,9.596301883734817406e-02,5.216148190999674028e-02,4.114353316309356245e-02,-1.266177915960938795e-02,1.589760660338431775e-01,1.523593816742568330e-01,2.005786587881193406e-01,-7.965575984783682464e-03,5.756699577961126024e-02,6.732314110157039400e-02,-6.827235970723910183e-03,7.203757526428991587e-02,3.237465421323677123e-02,2.327155821165893257e-01,9.685441717154626151e-02
5.738183580980616046e-03,6.923336608992561661e-03,9.336706082924522976e-02,2.600430359373694447e-02,1.586574466709034792e-01,1.140008708229225259e-01,7.326482699496376927e-02,1.641815511884424927e-01,1.070838283877992014e-01,1.429365001714184014e-01,4.156717442093313397e-02,1.364817231669972208e-01,2.734684098033607902e-01,9.035372047796100259e-02,1.057140511781042846e-01,-1.562361592191554259e-02,1.763925750115737101e-02,5.690721738057004549e-03,7.882501494142712950e-02,1.773691238759959599e-01,7.151635856437128791e-02,8.809739461079720002e-02,-4.130563227398677262e-02,-8.443280482536855147e-02,5.710278670225889946e-02,1.526629247424946823e-01,1.545549348711313387e-01,1.092070756516253655e-01,1.217701354475161785e-01,-1.218088062486932244e-01,1.229046971111048825e-01,5.319797587893773660e-02,7.687631733119797139e-02,2.842942594214385721e-02,2.029266640569078461e-01,-4.464343132635348321e-02,2.119064532257415867e-01,-1.179343510575417558e-01,1.561816536109921980e-02,6.853523679136007234e-03,2.831539065844961844e-01,2.896654840352543350e-02,-1.003426513213430682e-01,5.233761488022812408e-02,5.602019474568734753e-02,1.610179051864898125e-01,-1.615266423336958468e-01,-3.861273162712261509e-02,2.363068037756610729e-01,-1.269354318057350217e-01,9.877791814775939427e-02,-3.006273920100977978e-02,6.339447121344422842e-02,1.859065129736872102e-01,8.540922031094931588e-02,-3.629935841386228851e-02,1.347584817392276091e-01,1.601345933452137382e-01,9.728691307325697257e-02,2.410060447518862781e-01,1.173276974088492131e-01,-4.631537947432799035e-02,-1.371713097789018128e-02,3.944454062576562697e-02,-1.956514554803167466e-02,8.197340292824403796e-02,-3.206371319817829385e-02,9.199933545320729267e-02,-1.261759086359868776e-01,-2.781138832835533883e-02,1.310021245077948315e-01,2.727637413576571301e-01,2.197267545493718482e-03,1.466211436317229888e-01,1.585420549767607989e-01,1.224722640493726561e-01,-5.278632363170054041e-03,7.540070500543896714e-02,8.874007707143291568e-02,1.202204415967982609e-01
-1.665169823864760118e-02,-6.945278303034298217e-02,-1.005647389553776094e-03,1.923814173837242458e-01,1.102402530043706114e-01,2.075337855961087441e-01,2.447766122703108338e-01,5.006988077294742545e-02,1.705603307708419281e-01,1.522809687451925353e-01,-9.178368481870874396e-02,1.083055116421959008e-01,1.449614094977263734e-01,7.231960096463001253e-02,1.672689615384255757e-01,-2.563539071136082190e-02,-5.470586268686321828e-03,1.519049870695826469e-02,2.875311921167640339e-01,1.353160891239105768e-01,8.482043420767840236e-02,9.369033043550075573e-03,2.319849593969798285e-01,-2.406191419366902201e-02,4.222349041371528666e-02,1.418572083145675788e-01,2.461864638036855013e-01,5.268663091254870146e-02,-7.996445627301480841e-02,-5.958196831113103664e-02,1.368683519089996040e-02,2.413274069362365826e-02,1.178944486464555824e-01,1.646367099790133348e-01,1.994165132747556524e-02,7.521725884658268801e-02,-1.166464983532190386e-01,9.996941170732779117e-04,1.791276590427274551e-01,5.298226348753976717e-02,1.467440020086965835e-01,-3.883795045644473920e-02,2.905891164608857217e-03,-2.062662858201138316e-01,-7.755093692552554596e-02,2.327770914309999495e-01,-5.566503570345786300e-02,8.870203575290745712e-02,1.017659320168861625e-01,2.413523145813473436e-01,1.367477979969047297e-01,1.254145374951779468e-01,9.299377411111456326e-02,6.367468510639059942e-02,-2.756696050851886390e-02,-1.851338563883934626e-02,1.239474461453810156e-01,-1.181865566409783935e-01,9.003478530668594659e-02,1.548737216452327481e-01,1.389637836360875234e-01,2.418706190558541497e-02,9.118273742702794060e-02,7.661881540004820967e-02,1.301748418780956096e-01,2.039460836384202058e-01,1.205264905544150555e-01,6.966798195988553599e-02,-6.010934332164624000e-02,1.835239355571368358e-01,1.922059140061338212e-01,-5.693482510809234898e-02,2.706517010541314994e-02,1.777326902976520545e-02,6.172257254857234712e-03,3.413659557231130039e-03,-9.818299654836241605e-03,1.772281474278402658e-01,6.716841700188684594e-02,2.024497088434800696e-01
1.672238271821493150e-01,1.418550153298301642e-01,1.540117443485844173e-01,8.708953750490107740e-03,7.946117473123112673e-02,1.981639646813556088e-01,1.164221348420185209e-01,1.395522108194010846e-01,2.734254642907748070e-03,-1.565401004046456865e-02,1.935749804377034922e-01,1.066417815882797909e-01,5.156681876491300831e-02,6.203846566301628174e-02,-3.442660314868601495e-02,8.990915984151021112e-02,1.186583258241866445e-01,-6.370968973600328600e-02,9.265859112744880000e-02,2.235520195479758290e-02,-2.419023589084708711e-03,9.400247349028688360e-02,1.712402526448117968e-01,1.059719209403714585e-01,3.363838168852650856e-01,1.939588582094997349e-01,1.697344135649977992e-01,-1.517882671870792455e-01,-3.348379800149973474e-03,1.042895205788561680e-01,6.341459575604622978e-02,2.189478192929604217e-01,1.009613960224097912e-01,6.208614104831988029e-02,5.062488899026069966e-02,-6.472425488551927786e-02,-7.331897800281692024e-02,8.823065932604230721e-02,-1.713422211284370278e-01,5.545707793281073883e-02,-2.172053515852833128e-01,1.278243634762370184e-01,4.600754309111761836e-02,2.671486413955965200e-01,6.726146852896018602e-02,-1.434964556354111076e-01,1.296359089143132581e-01,6.535070123856424884e-02,6.937736430102482699e-02,1.556803746525559362e-01,-2.016270819915784440e-02,2.571987423504858983e-01,8.436052408216324072e-02,-4.508293799350164555e-02,5.590233153888412437e-02,1.040976855276486562e-01,-2.245534273201403586e-02,8.794162040805100777e-02,-1.094838428886722725e-01,2.052811045303350179e-02,1.363194394021760014e-01,3.193350332192361040e-03,-6.879229050926329025e-02,9.953057909489006205e-02,-8.215197258840485628e-02,7.416996836281856964e-02,1.358332090269133430e-01,-3.533969766120061140e-02,2.850172869321819860e-02,8.045269844204358534e-02,-4.491216525904275642e-02,1.094165974922865908e-01,2.367965709351098347e-01,3.062775039903780500e-02,9.199464255155248571e-02,-7.738304614984738150e-02,-9.680923995542385641e-03,-3.269468123078168864e-02,-3.317440903765574156e-02,1.555112130888936239e-01
1.766907437606503040e-01,7.936357777528885160e-02,2.494327741137287655e-02,-1.300946271278979882e-01,1.392886944604877497e-01,-1.392599935639509019e-02,1.113749268925667280e-01,2.859049562872790773e-01,5.448785120213729682e-02,-1.241595346197642280e-01,-5.664223925228700079e-02,4.852293294841979882e-02,-5.298685166620176884e-02,1.835260862239420920e-01,3.596687700939925347e-02,8.780593716255280512e-02,1.161960982683528099e-01,2.179691430331014979e-01,6.992841810568500849e-02,1.072629066943798226e-01,-1.441080867703125878e-01,1.572138565691002798e-01,-4.445869257443402917e-02,-1.133706365863862073e-02,-3.453370231058081746e-02,9.005042924447616282e-02,1.173609493111009011e-01,1.022037046223298468e-01,1.131193338343214477e-01,2.319751037183946304e-02,2.205017503306021948e-02,6.296800808965265228e-02,-2.709355526779423651e-02,-8.953280746740160945e-02,2.194493951449145996e-01,8.657131684117026771e-02,6.675624068747075535e-02,3.040308562827342270e-02,1.764539535715606011e-01,-1.511002856422788143e-01,1.107734132030908968e-03,1.682797799784542525e-01,2.337534959719317698e-02,1.127524919319951580e-01,7.125656689006115707e-02,1.126351392415533420e-01,9.071911896729305258e-02,1.138208025403352058e-01,-2.483114589205328779e-02,1.408415404586110115e-02,1.180797096951839431e-01,-1.645443796415669013e-01,3.255391876968818151e-03,-3.072781251428824759e-02,-1.229316413429723531e-01,-7.726315365826842696e-02,8.384216694019250293e-02,2.584488748469089825e-01,1.126538164354368987e-01,1.674210753518440564e-01,-7.588956419099512907e-02,5.475479930970204162e-02,5.447709257469252747e-02,1.375494424349729128e-01,7.907720421946717870e-02,1.588402587363467455e-02,3.060799089683310589e-02,1.625964927927293080e-01,8.080176050096436746e-02,-1.723557988914681607e-02,1.247702559606911760e-01,2.704647488546835232e-01,2.512494392607220531e-02,-4.786164003994691080e-02,4.973089705629856611e-02,1.847430632571382403e-01,-5.815467275704975375e-02,-2.530005532662828530e-02,-1.028491762598292003e-01,6.321769050574507776e-02
1.256947235221390902e-01,1.460803840356767747e-01,8.589172183083602918e-02,-5.039414239464769241e-02,1.322261762291087051e-01,8.273396468485788580e-02,3.674966213598053477e-02,2.277921427486067837e-02,-2.940430188235779521e-02,1.557750783443921927e-01,1.183568325921135617e-01,1.396778131017347158e-01,-1.121787943044779377e-02,4.361452967262526709e-02,1.001735085104068640e-01,4.062404618327367101e-02,1.238815670723387580e-01,2.398322251274156713e-01,5.230016785830293724e-02,1.103770839154147726e-01,3.042200366819477060e-05,-2.131834343638842541e-02,1.659301811416237504e-01,7.534508507561654689e-02,2.107471379271111042e-02,2.252454572419067824e-01,2.152701546191204685e-02,1.141002778163572595e-01,1.355968300289067396e-01,-9.198061707336992188e-02,1.596392104180207883e-01,2.440851806960205039e-01,4.228894520663591811e-02,1.783647647870359454e-01,7.682779595263190819e-02,2.255767092624116621e-01,3.215670867234499131e-01,8.895092566080849139e-02,1.001182087086382733e-01,1.238189362341666350e-01,1.527124422604796139e-01,1.866833787536926470e-01,1.528644779509972518e-01,1.352222947838095379e-01,1.279743851978112079e-01,7.800600398014936876e-02,1.552077351513990178e-01,-2.942805652956962965e-03,-7.211028353323208767e-03,-1.432061004532106108e-01,1.548504425863622969e-01,2.052672339545151894e-02,1.862851393350002105e-01,1.671991734721993694e-01,-5.308640627464116662e-02,1.507160988853123440e-01,1.233079149436966532e-01,7.083297411780335728e-02,1.850532993704546159e-01,7.910730460681505982e-02,5.867568393002997595e-02,9.672613520949090160e-02,9.867580243592549705e-02,9.827486953891990951e-02,2.322611773361032972e-02,-5.434011416697832886e-02,5.733781755887974035e-02,5.342522362352264409e-02,1.028838230041564418e-02,1.608785809144128998e-01,2.874756415048816960e-01,6.947100276851211897e-02,-1.035181801901241885e-02,-5.972040075147414841e-03,1.169584446724115587e-02,1.935023415381781076e-01,-8.842346261370623989e-03,1.578277181347243485e-01,-8.959635117735746668e-02,3.168964508301655436e-01
8.802714279382309326e-02,6.289859857431620571e-02,7.830997864042066325e-02,6.862245725789617445e-02,2.699524918808563975e-02,1.944918441946989762e-02,9.997506460409232021e-02,9.553452307952707556e-02,-7.780564398357125988e-02,6.937710415324632729e-02,1.034368392101100709e-01,4.515644176103730811e-02,2.047586202396821375e-01,1.263407469109735504e-01,8.549834530974115276e-02,1.685205850306977782e-01,4.971196018493160770e-03,1.929644541758009655e-03,4.461485197879782455e-02,1.768522663807341189e-01,4.437243346269401784e-02,6.945649066291058327e-02,4.423197467315875125e-02,1.119880686309733669e-01,-3.563823157005079068e-02,-4.003295215082678521e-02,1.417432856581642975e-01,1.677645470652180393e-01,1.067891824573592996e-01,9.677278623660363899e-02,-2.737159527494090541e-02,1.018931890288733710e-01,1.441142329576082792e-01,2.177077881329335662e-01,8.800998232705493918e-02,5.407064335122279547e-02,2.016088210381267454e-01,9.877484227028553165e-02,7.248703444644061245e-02,1.380611966177794081e-01,2.249716646222808536e-01,1.060629028116812228e-01,5.113862461487577588e-02,2.635007900515471194e-02,-3.129248786835544388e-02,1.491203312885254761e-01,-5.610909749462619778e-02,3.188563590150542137e-02,1.242439821395094485e-01,-2.897327047178259452e-02,2.006352610922430835e-01,-1.924805553003616429e-02,1.748451521203541470e-01,-2.346399543623516049e-02,2.624705204930642410e-01,1.856803298245716105e-01,-1.197024706450149772e-02,9.631193330685844378e-02,9.095570507006765781e-02,3.844854870052256957e-02,-1.613285149597109116e-03,1.239106085171251675e-01,1.578126297100329589e-01,1.590050536063710440e-01,1.097508185327719654e-01,5.094287488511062972e-02,1.515905586742981037e-01,3.583572957327146175e-02,3.884674968167620146e-02,-3.404871151642325372e-02,1.668793409778174530e-01,8.267958241707927536e-02,4.485104419196921793e-02,-1.516278993592232345e-02,1.188302219954069233e-01,1.362228585329013919e-01,1.253578497522585544e-01,7.402423292464617444e-02,-4.675098959386980724e-02,-4.421378729448530859e-02
-8.045687192197541887e-03,3.801821455720473530e-02,-1.379169358039117055e-01,-1.401506576241540736e-01,8.764892344527748513e-02,-1.152419872319170556e-02,1.449129142411472171e-01,-6.235018000006446737e-02,2.421718408472161577e-01,2.395521126516942934e-01,-1.199710368691677201e-02,1.294920264137833406e-02,1.145016664019390430e-02,2.097169827362328764e-01,-4.480163968763348908e-02,-7.382668344595407113e-03,1.133525073421458723e-01,2.175422597184889228e-01,7.672105107367939436e-02,1.477055590861078849e-01,2.053463392188105696e-01,-1.368543941548716657e-03,1.105612975111386620e-01,1.727829127366185269e-01,1.095903878322881247e-01,1.256367254444453463e-01,1.733177678977590730e-01,5.653168848596726304e-02,3.007521950603947794e-02,1.644803847663567397e-03,-9.494132452345686261e-04,-1.314301840466520870e-02,2.335459810141911619e-01,1.709820567955157300e-01,2.209610440501516282e-01,1.724496881224654166e-01,1.039091497367695405e-01,2.045792767803389367e-01,-1.084850038963243862e-01,-8.442929796711980128e-02,1.436116343460334677e-01,1.040337346068858915e-01,-9.348122616727042034e-02,-3.933630302372236737e-02,-7.105292167225503441e-02,1.698568947172560129e-01,-6.002628556449202818e-02,7.233607188245395891e-02,2.977551899700884852e-01,2.272503842261435480e-01,1.642761594754950649e-01,2.393736469309693526e-01,2.275778228016213378e-02,-2.473668163538878667e-02,7.955942471177618325e-02,3.873948686854955525e-02,-1.882294168688250155e-02,2.633448547752129110e-01,1.911967194297515826e-01,1.981433582246103220e-01,3.052028110294199501e-02,2.385968572646392574e-03,1.508845030152507483e-01,9.118928161846852343e-02,6.915463282375691745e-02,2.245714187621247401e-02,2.578244357843515466e-01,-1.022003546982855615e-01,-6.938623112784209068e-02,2.717331835566886289e-01,2.089474743482643004e-02,3.480673089555817289e-03,-6.861482432200566306e-02,3.049356297379406944e-01,-3.237480272917037973e-03,-8.971188561672736872e-02,3.504076686587846712e-02,9.770259872057840411e-02,1.048022525426372809e-01,-9.269704060563589698e-02
-7.788454808963357623e-02,1.925753065491190089e-02,-6.346455692214482414e-02,-2.425680424486668929e-02,4.344676507564512735e-02,9.444158368524921410e-02,1.058253229232554438e-01,1.499105923774680660e-01,1.162344323824627268e-01,1.824168537691108760e-01,1.613765333252824008e-01,-7.191774270374519384e-02,-6.015637810391294416e-02,2.584961896118913027e-01,-1.112933907395133315e-01,-6.662893875294302777e-03,-3.374975673340789052e-03,-1.148008280693760957e-01,1.171437153430827591e-02,1.659301469066264689e-01,1.277471363285743455e-01,1.260191974851399555e-01,-6.711093488391783879e-02,1.289533172310584341e-01,2.538195987121819042e-01,4.961795604815721905e-02,1.660841088199294935e-01,2.211992639504684402e-02,1.248771829551836576e-01,-3.331521971089353509e-03,-1.086277068908596544e-01,1.112194946297555276e-01,1.141223278298544308e-01,6.191367011431880840e-02,1.854117859478158492e-01,1.386616793953370647e-02,1.612197483282614141e-01,-1.862058596952386180e-01,5.598203994652317661e-02,6.520997551632630451e-02,2.201394458691109668e-01,-6.231415608804914685e-02,1.429693774752966440e-01,1.357580404187713752e-01,1.278809982300500303e-01,4.261670151836778608e-02,2.131260670396466217e-01,-1.423199764587722016e-01,1.173741382887170809e-01,-7.689382887691841029e-02,1.368641474793757806e-01,1.466508969278916552e-01,5.369501972843578053e-02,9.282930480483694846e-02,8.595666815182863296e-02,6.620210830282009795e-02,1.172660552873220491e-01,-3.579330108170116626e-02,1.016642008431312832e-01,1.434637455853122467e-01,2.106755851939172974e-01,4.446294034849443411e-02,8.694720935857168376e-02,1.492775134836086259e-01,6.205538043397931802e-02,-1.420214629049745304e-02,-5.730792851374136992e-02,3.074481753015032362e-02,4.399631323205906684e-03,2.236642364809271477e-01,-1.185881497215051927e-01,1.158707215152017661e-01,1.239616791480101371e-01,-6.419166145729025656e-03,1.214318799578781305e-01,-3.806949241945747735e-03,-1.554521204424283154e-01,9.487057983786728599e-02,-5.061246927217803032e-02,4.101979945598047822e-02
9.899459463595147724e-02,3.152555233753259051e-02,-5.509327987330064208e-02,1.122227223038193000e-01,4.755185711041824692e-02,-1.438623407635135701e-02,1.462917837108267984e-02,5.907935378067386001e-02,6.052077955850769519e-02,-3.671178441859852121e-02,1.648261930641806983e-01,3.790667674195460912e-02,1.650420096379548451e-01,-1.721894796735211342e-02,8.391876759439094446e-02,2.814887164801332942e-01,-3.899885828156730155e-02,2.600985633560614144e-02,3.753966305807635712e-02,-1.240426877425490106e-02,1.328375974851150054e-01,7.088490459872168192e-02,2.127595103310569724e-01,7.745044873177582556e-02,9.396955301340852162e-02,-3.555400064697145871e-03,8.197208648485061755e-02,1.341532436662015160e-01,1.232755545285672272e-01,1.731820178322367454e-01,1.028158295774145442e-01,-1.243768493851730474e-03,1.262282258986792416e-01,1.237413919494709663e-01,-1.153603933803670073e-02,7.163241777782895781e-02,1.608327381613215423e-01,8.157090914479588062e-02,-1.164388522537476156e-01,5.625690660036389984e-02,1.364946530497749590e-03,2.155366274000266036e-01,1.175928927040251065e-01,-1.302968739591897906e-01,1.225373624335748257e-01,1.569652800661204828e-01,7.293947957077599742e-02,-2.743736078948917981e-02,1.430789781682145767e-01,1.483140751154022885e-01,-3.097315679470185809e-02,-2.570840443945188181e-02,3.204500676146719851e-01,5.342115937095991141e-02,2.628143715197260588e-02,7.937960288651292606e-02,2.175821780790234972e-01,1.838177478804911280e-01,1.753870985763419932e-01,2.216281980589477896e-01,1.506365815403006847e-01,7.386568890448229341e-02,2.091484004060452095e-01,-1.085596026962483938e-02,2.978611310456390909e-02,4.224202385711302993e-02,8.346670758692728564e-02,2.786643469225902892e-01,1.356597044182019651e-01,-1.209559334718470491e-01,9.904865036447496607e-02,1.364665638577390872e-01,-2.400968812974883446e-02,5.321636597872504010e-02,9.505996881748950134e-02,1.057288181781288194e-01,9.561622005867205509e-02,1.025682389505202380e-01,-6.226114049923649890e-02,2.058998475880757517e-01
2.861599649412776558e-01,1.270101409988716804e-02,2.209873662042783071e-01,1.356782793156116329e-01,2.022737256269310502e-01,2.146409319381431882e-02,2.100950960785063770e-01,2.028569491426162330e-01,-5.917589220328586114e-03,-4.257648191510361030e-02,1.147883097020436713e-02,5.829254046016523610e-02,1.629236653518732203e-01,8.530250990995411065e-02,-1.991735465777416392e-01,2.298569198237133682e-01,9.328566815877348262e-02,1.361450145611045326e-01,2.608716658655441112e-02,8.737405520062740960e-02,-8.021714124362758214e-02,2.090481041685453845e-01,2.320536434152925820e-01,8.175514861230723240e-02,1.481577676344033589e-01,6.293391794424944841e-02,-4.464428108466081402e-02,1.044948207354349651e-01,1.472985200947710405e-01,7.008673258403802682e-03,1.044593539267991283e-01,8.888635565044000764e-02,-1.217256041025571583e-01,1.814924894509375997e-01,-8.384164462889889813e-02,-2.008694228779395533e-02,-4.293884616981798880e-02,7.301118828645236647e-02,8.679552448603361503e-02,-5.911375196071432664e-02,-1.459522690151718489e-02,2.817367827303762229e-01,1.061397588795256856e-02,4.798344988641910225e-02,1.071363249951096386e-01,3.054692601326351037e-02,1.092890340495610013e-01,2.381664375440629144e-01,1.193876686364439693e-01,1.773534099825003485e-01,2.585122450439366060e-01,-5.209944573353803704e-02,1.821120642605570661e-01,-5.009173193084444364e-02,1.452060996202061693e-01,-4.351339813393132611e-02,-9.115636917259971328e-02,-2.936856414779891872e-02,1.324798788414979778e-01,1.874610006892509506e-01,2.571032423154417379e-01,6.565458055502114421e-02,8.395529975772331524e-03,-3.180213912936066811e-02,5.023835875466306500e-02,4.541000301785948906e-02,-2.193848066201893043e-01,2.207388932568213891e-01,6.458091693377772391e-02,-1.435224116735028532e-01,3.220867796013310858e-01,2.481798366934526712e-01,1.041076401848853999e-01,-6.903964974524566534e-02,1.287473307943916845e-01,2.291051682658359553e-02,4.606388135389138244e-02,5.643068693154759674e-02,-9.593377993929066982e-02,-1.028819717565877673e-01
-1.129202092964952213e-02,-2.686163249479669307e-02,1.790224544480998325e-01,2.452687100499137754e-02,1.717189289453799894e-01,-3.462183050099564008e-02,1.138992698632325662e-01,1.343351423088213203e-01,8.856688511848460899e-02,-1.799787511324239808e-01,-9.013908901748318714e-02,1.235697394193369103e-01,4.074030125547389511e-03,1.778676456205234221e-02,1.721186418365407700e-01,1.619880622018710428e-02,1.183868822803861159e-01,-4.314592784664072339e-02,1.839822553306327546e-01,1.635252552427476358e-01,8.770242982205963406e-03,1.086228748195502830e-01,-6.268951620128147828e-02,-1.308802396548099621e-02,3.199912687601410566e-01,1.215310334008965765e-01,7.541815798524101333e-02,5.135813896910836063e-02,2.274349675482308930e-01,1.278654171332291312e-01,-4.317742630102903295e-02,1.161025054048682031e-01,1.354444804962708360e-01,2.335676237763518320e-02,9.515835725929101818e-02,2.967891689353445439e-02,1.537845941080104584e-01,2.766828823591395703e-01,-3.473504537764822431e-02,2.724449043444923668e-01,2.205435276795529864e-01,1.730437450101098562e-01,1.312109903963764590e-01,1.229067695438824936e-01,3.312120394236789389e-01,2.362558665435746386e-01,4.019711517235484421e-02,6.953585835201200882e-02,-3.314804077109029419e-03,-1.509858496684755580e-01,2.253234517846584850e-01,1.362618848058817222e-01,1.183803056676048931e-01,9.545326434567134866e-02,7.869524561314106270e-02,1.321408198589036354e-01,2.212583472065454970e-01,2.115510845228052716e-01,1.942428169493221057e-01,5.590452570138833288e-02,6.564299504565408727e-02,1.379626528510804750e-01,1.605745285737399108e-01,3.786133658855581063e-02,2.093786210038174889e-01,1.689643403285080725e-02,1.522949363951694723e-01,2.193482784647790562e-01,2.260144545500943070e-02,8.570339456058960470e-02,1.339065350234817237e-02,1.245740745736362148e-01,7.446316633236955973e-02,3.206875387112543500e-03,-2.966039117695860872e-02,-4.373049962513664637e-03,-9.835859256549953078e-02,1.341142683676546932e-01,-8.927403910544372267e-02,-6.436210371011823195e-02
3.581403161802699381e-02,9.837546683738314368e-02,3.561017981274890165e-02,1.862438012590222625e-01,4.027949535400768971e-02,1.724468543950668509e-01,-6.684241530510641460e-02,2.103851347626833623e-01,7.820663448637583948e-02,-1.820960914262921906e-02,-4.273311310435023991e-02,2.064768133873357281e-01,-1.140401774880481396e-02,3.098316625074214181e-02,-6.082768501738143596e-02,6.003510531920093485e-02,1.518024009249188955e-01,6.466287236054327203e-02,1.848865012418221820e-01,-8.239454481812048814e-02,1.246998109279116168e-01,-7.593410811216042998e-04,4.644703737821887640e-02,7.207055214151600331e-02,2.190841411441472319e-01,1.344291432498355421e-01,6.994723185577414459e-02,1.315121234529811334e-01,-1.699278660915809758e-01,3.260310739901674248e-02,7.258510878005915157e-02,1.022144281486073863e-01,8.338689938338407492e-02,1.181431915916943132e-01,2.247586850383038182e-01,1.887955289872677578e-01,1.231295263754556557e-01,1.935806827299711361e-02,7.934101700876915186e-02,-4.636148774114687808e-03,3.487443473403728338e-03,1.912250759581023418e-01,2.073400931538344483e-01,3.582056067606199934e-02,3.097815471426100878e-02,1.205883039558097725e-03,2.982457052530523289e-01,3.886022354433273096e-02,1.846908771052443443e-01,5.009931321323069647e-02,1.928293272431753635e-01,2.892117898635463424e-01,8.422161809585791692e-02,7.462558416789795424e-02,1.616762815223722616e-01,7.304129138610721342e-03,-3.719323079353464151e-02,-2.210554593497126435e-02,1.268252878882880630e-01,-1.401542262033708408e-01,6.239866099964928164e-02,5.409898078903954688e-02,2.669669981997148667e-01,2.429129836828473193e-02,2.963039358855249494e-01,2.075906793506613890e-01,-1.711905475734178117e-01,-8.931987376283586494e-03,3.815099050571204436e-02,3.988488697994419310e-03,2.262285578638403571e-01,1.903884116566912366e-01,-5.514359979492235164e-02,3.135239442718600750e-02,1.132426875220056417e-01,2.252402899691296340e-02,-2.042360969043575253e-02,-1.382460345316484096e-01,2.489878491837754088e-02,3.128232873738035630e-02
1.820214095722564041e-01,-6.873125060755640170e-02,2.882681020620244121e-04,2.526253301665624673e-01,1.674626978254077081e-01,1.803835285541750266e-01,-2.887554726431189669e-02,1.088540263790913759e-01,-2.021953142914712995e-02,2.025762910006713435e-01,1.724897990526149949e-01,2.486609837397337208e-01,1.485297883299920539e-02,1.370249795052196767e-02,3.311707132972144946e-02,5.928240742462738411e-02,8.319191008743880011e-02,1.729428710185962614e-01,-3.547267856021138477e-02,-9.333108730301553288e-03,3.346344936840089379e-01,6.846742957075796499e-02,-4.062977594449860425e-02,-3.618023565964147668e-03,1.587802852726365524e-02,8.899494951028116482e-03,2.807569901888129493e-03,6.635732816591582983e-02,1.742434705558806307e-01,1.433589481858337789e-01,1.939840600437013965e-02,-1.786883230481393220e-02,3.212296368500947019e-02,2.428279845558843353e-01,1.950665170168293383e-01,4.627289579760365812e-02,1.285320892741055321e-01,1.403540876024736428e-01,8.403498921415212056e-03,8.306974056983246202e-02,1.427089019332737074e-01,1.515254989038280764e-01,7.481139529679138589e-02,1.057973657310724985e-01,6.503994988016567613e-02,-2.384172756566235174e-01,2.476221352065534950e-03,2.391766264052511415e-01,1.514830106620577710e-01,4.660705021955226929e-02,1.545504935590418794e-01,6.516853621500283411e-02,8.134174289433075689e-02,1.869709123867475085e-03,-1.225013110663806665e-01,2.249867932680237048e-01,9.633136582171396289e-02,-5.604905838180411493e-02,1.335577887049010926e-01,1.665962616183684353e-01,5.412631913426726310e-02,1.870168008671585225e-01,-1.447148768108876861e-02,7.972724530182678793e-02,1.797050353083985974e-01,-3.473712080201750430e-02,5.313333317749268508e-02,-2.263770003873085464e-03,1.230634493316198758e-01,-1.128216941291962025e-02,1.060897710119326071e-01,-4.260702566770227517e-02,-2.359238003240191409e-02,1.583692684537401918e-01,1.144499597641222000e-01,8.652316616484995171e-02,1.425435810892611843e-01,7.768787037162974696e-02,8.824903526072805371e-02,2.161013009834277243e-01
5.660333909994082896e-02,2.825606205504627710e-01,-2.023746909776092881e-02,1.299507059743151283e-01,1.662151573807500449e-01,1.606035344110811613e-01,-2.661314580949213360e-01,2.736825411181179057e-01,1.454818433632769532e-02,-3.998242170948640428e-02,-8.472686478691779030e-03,8.332526221469487016e-02,1.970757294387121689e-02,4.605539478011556886e-02,7.271473987786637727e-02,1.004825053786624900e-01,-1.774916158849192127e-02,8.859398221579066479e-02,-1.066712424878266943e-03,-1.063258466119984015e-02,-6.530636912935895710e-02,2.218594776711287353e-01,1.017615097173538152e-01,2.474799579790924395e-02,1.370948440655394840e-01,-3.869162942022711521e-02,1.835463976923372431e-01,6.995683114093885317e-03,7.698703243907276117e-02,2.678027605513594867e-01,1.474770159656782764e-01,-4.795541311069990292e-02,1.100959296768817958e-01,2.079201690662785540e-01,2.093288811087760659e-01,5.484488985594947880e-02,-2.699592852041772170e-02,3.100963375215132212e-01,1.484449203276507478e-01,1.070639877667615425e-01,-1.109733866948094533e-01,-9.448987796708813169e-02,1.192734894431180109e-01,-2.332470792648067004e-02,2.347399630389400971e-01,4.158068754280198204e-02,2.056463567065669740e-01,-1.238300822763394732e-02,2.865733789999377334e-01,-3.628544720996787487e-02,7.456548943214319491e-02,-8.777189991740557209e-03,4.182532271812506447e-02,1.902082614918315928e-01,-1.485139436986558127e-02,1.806281857614873698e-01,1.520328332668755000e-01,3.772678127568213774e-02,1.323002340318686285e-02,2.197012897679719579e-01,1.899938187779553339e-02,5.835774652881049046e-02,1.748989664341134009e-01,2.492209206535694888e-01,1.685903985898046797e-01,1.089969404789442875e-01,3.163894198930086721e-02,4.614691204425622889e-03,2.375924753539343515e-01,1.107358390193284164e-01,1.800740761223010300e-01,-1.525771505367394011e-02,1.527987065288932411e-01,6.290806275231040912e-02,9.041280157399886330e-02,1.230857310208000460e-01,-7.976460104249734340e-02,3.000851846169321629e-02,1.067516459976734083e-01,-6.915914289009533755e-02
9.620554896427847835e-02,8.463356578397915331e-02,1.111828062608925805e-01,-8.554847717420904774e-02,1.625353250430874030e-01,-8.062263459557135470e-02,5.264486702957996145e-02,-3.858418416383949806e-02,2.692262082872724435e-02,1.457223173944620642e-01,1.341938304692368855e-01,6.803576179651990574e-02,1.615461797417133138e-01,1.210676806267073913e-01,2.533109866460209747e-01,1.412036016306651154e-01,5.089659024096535728e-02,1.194437660561068898e-01,4.283577255727197969e-02,3.887289726686943975e-02,1.878816335994045461e-01,-8.566870362160396157e-02,1.946382037278721888e-01,1.589334900244797899e-01,1.149884132672011894e-01,1.269886370016127253e-01,1.351360288253041497e-01,1.604660159625815874e-01,6.503320783337424027e-02,8.439897287184158770e-02,1.262282786690848979e-01,4.892507238673731579e-02,2.029783992432367401e-01,5.801198103427183256e-02,-9.066738036792891184e-03,2.707569416800032491e-01,-6.679034624365519368e-02,-4.354291409685268760e-02,-1.407277915300307602e-01,-8.018837695955879918e-02,-2.242370369858103299e-02,2.009429140455236684e-01,9.962294458743169157e-02,1.007792016274171865e-01,4.386457174485632049e-02,6.762988525205328172e-02,-1.775983538684250407e-01,1.179783804677064368e-01,1.854210481329832683e-01,1.335960059012922807e-01,-3.735314464717867655e-02,1.399154036251207545e-01,-2.471188746251058374e-02,1.672932232122674445e-01,7.167686533223020795e-02,2.254258680891342015e-01,5.830278422870632110e-02,1.839637880857564467e-01,-2.912469664396849858e-02,7.082127324095167931e-02,-9.453485842451821164e-03,3.694046822523631701e-01,6.736316233114057750e-02,2.405451538262333711e-01,8.216930664366892123e-02,2.419892705087099694e-02,2.835480498917321568e-01,2.091005146275511373e-01,5.974808844265389052e-02,5.634099705531499247e-02,3.431466455511818225e-02,6.683024931709602781e-03,1.772202168514251663e-01,5.802919121766027949e-02,9.913020746664141791e-02,2.723436456306821962e-01,2.010288945081296630e-01,-1.571495532126884059e-02,-7.394475373485009939e-02,8.030680720444247078e-02
1.787425751394139395e-01,1.931041816623225715e-01,1.445278342479965894e-01,8.306531345601383953e-02,1.510644992811042420e-01,6.821339601564203881e-02,-2.424500610152156149e-02,1.553929818036092585e-02,9.295641100068099960e-02,8.163413133358039808e-02,7.050519625564098669e-02,1.250521716695643659e-01,-1.251905452566624659e-02,2.053558909083799955e-01,2.713806976720780154e-02,1.210274709548302408e-01,1.405872025153787341e-01,1.805440161610157856e-01,1.443510328026289570e-02,2.011650665496780566e-01,9.655710256612029529e-02,2.264700847504576009e-01,2.676842129024313288e-01,2.858504599750211761e-01,-3.811705880796879137e-02,2.405035899531929866e-01,1.445723580383232454e-01,1.822017732723491823e-01,-3.844897768364807875e-03,2.695433949842940269e-01,2.924171849113367250e-01,6.772835468743319820e-02,-3.826239997386129965e-02,1.454230788764133697e-01,-5.383792222187624293e-02,1.608580420479719664e-01,1.529838815067116331e-01,1.249793510673428559e-01,2.176467708380934452e-01,-1.016085026261854055e-02,1.391963040155437814e-01,-9.522716446667529866e-02,1.677730227675938157e-01,2.511205416691732473e-01,1.902265231839178269e-02,1.167722858560999027e-01,-5.189231233370899393e-02,5.424433109586963148e-02,1.608745333747207268e-02,1.067235603214288509e-01,-3.299470507400269204e-02,-4.346434824530322205e-02,2.044463620727792474e-01,7.514655825650733145e-02,1.752997434176448432e-01,1.127066175485543914e-01,3.200610889194518416e-01,1.244108669779939169e-01,1.022259444863425765e-01,1.835342314100617822e-01,9.139340995793972244e-02,1.257550820647328205e-01,2.022542993082089222e-02,2.395672932783443343e-01,3.545857445859002845e-03,1.467735795034242896e-01,-4.985575522625972089e-02,2.598411060083715557e-02,-1.956342463427625505e-03,8.771405095321069267e-02,3.025507028719250438e-02,1.572808322831855121e-01,2.546190934583748566e-01,8.894135585209222983e-02,1.244069242538973774e-01,2.521355420764549438e-01,8.219391140048194766e-02,-5.344376225550552528e-02,-1.105087577825658585e-01,5.771993872669699266e-02
9.530228402440991953e-02,3.914254823189576571e-02,1.107714260707930581e-01,-6.459018229282394163e-02,1.488771044431624058e-01,8.370938527146169761e-02,8.244018747014168758e-02,1.282502908003696207e-01,9.163976520083171040e-02,-2.601505658253520578e-02,6.221433071114620267e-02,1.229855032023844524e-01,7.774115985571325438e-02,2.742594290731463214e-01,1.047279887674848892e-01,3.832565847034396372e-02,1.831555804861077497e-01,5.437813089535195599e-02,7.097799975846337539e-02,-4.637286007084913397e-02,1.875330105113170720e-01,-4.542490709798208820e-02,6.988209549380398899e-02,4.141614632990085754e-02,-1.110430856588866116e-01,1.164779417878685358e-01,3.323042405859596982e-01,1.725602023496827786e-01,2.338710476311156028e-01,6.054670150993322897e-02,4.906675433429292382e-02,6.751760673675688551e-02,6.701283074791884731e-02,1.815222086571383064e-01,1.652660414305001102e-01,8.996414445996185616e-02,1.378666000197740216e-01,9.768970627529832695e-02,1.903417945709865930e-02,1.184534346685143513e-01,2.443559929242841433e-01,1.601524747461885168e-01,2.074794351356921418e-01,7.942717467066007231e-02,2.022299276062661522e-01,1.189064613230365608e-01,2.329982956800890070e-01,1.236998914810187727e-01,1.608202903996633071e-01,8.613597280379012289e-02,3.296180481094405090e-01,2.209591106170568642e-01,-1.453433446790078354e-01,9.884770535757821108e-03,3.505388539896989869e-02,5.205405905151719997e-02,1.046052930517522156e-01,7.855078851905469492e-03,1.197638884046628854e-01,8.661611750843589697e-02,2.395048440229636741e-02,2.211653445570744281e-01,3.348568343313625961e-01,5.880039552126337804e-02,5.527674320876038022e-02,2.647173821053728782e-01,-1.437922559667894132e-02,5.820883042432010990e-02,3.195809706810067152e-01,-8.121935745528641171e-02,8.933618917602945131e-02,2.470635301099616613e-02,9.675533617588363833e-02,6.819828051098772437e-02,1.561570598438697700e-02,1.106960250317772926e-01,-9.563962034559185532e-02,-5.380234271854133360e-02,-8.712221757908885852e-03,2.224715765275750694e-03
-1.241683754876280188e-01,2.516916010988497487e-01,9.414511887593297879e-02,1.050088560972079199e-01,1.344993825082566874e-01,2.134330379230199234e-02,1.471724154466599044e-01,1.689369299424405002e-01,1.151867300272494815e-01,4.875243356276385415e-02,-2.671433455830937026e-02,1.428183341808320905e-01,4.276110987716625483e-02,5.210174425627975975e-02,-1.116767728430774903e-01,1.197048945492529409e-01,1.017010853161471606e-01,1.571329562808041203e-01,2.475509034014715115e-01,1.314353732639221084e-03,1.832770519733540882e-01,2.806531467122065360e-01,8.285950815003707837e-02,1.077294730797897643e-01,1.004555343871419044e-02,1.077952470252384470e-01,1.338822969012094799e-01,2.288419819672805888e-01,1.899253183767575237e-01,-2.141710390666084780e-03,1.208705888362673897e-01,4.866899841594850284e-02,1.754530606202575893e-01,-4.743451340789706094e-02,4.334718003182568002e-02,1.208947358862177968e-01,1.950140996882168687e-01,-2.246226580208336362e-02,7.527341704872525519e-02,-7.765350270160694020e-03,-6.571336357643357828e-02,8.762337423868576947e-02,8.233248042645273379e-02,-1.115909145144546900e-02,2.175721151928399488e-01,9.850623585248508007e-02,1.388174971454332052e-01,1.646352503344380436e-01,1.503860450728758125e-01,2.206795725542524955e-01,7.457494302418059273e-02,1.358481356059712541e-01,1.208485088223031911e-01,3.778378576272397593e-01,1.834703184555409594e-01,-7.526557762764822350e-03,4.806304817200823115e-02,-5.878992708200286160e-02,-9.636105213840395756e-02,7.687534842106469313e-02,8.115031695296218150e-02,2.006017831566214438e-01,2.280297352931639210e-01,3.105311536750410967e-02,6.781689894635976879e-02,-3.221948014282423334e-02,1.156941918025896215e-01,1.486550186529131956e-01,9.622639952326585144e-02,3.603509162183402698e-02,3.383112675813246956e-02,1.904577226457441763e-01,-1.174052526010620073e-01,5.437988191726216697e-02,4.339499862711172079e-02,6.544091750574697330e-02,1.693619558484212861e-01,-4.352979765673428009e-02,3.794252015087661856e-01,1.332793686623043594e-01
3.393462765639036066e-02,-9.483854041368514412e-03,-7.251175605311521721e-02,1.013131274072370525e-01,2.129291540481659164e-03,6.621954586267611576e-02,1.496961152722219857e-01,1.009154859862080866e-01,7.799033085388264175e-02,9.753044812644605377e-02,-8.769818486773095501e-02,1.778792942049362089e-03,1.219994027119874688e-02,5.886479948130192430e-02,2.558623471521382364e-01,-2.002726083398632256e-02,1.614936410867512939e-01,9.597389142666487571e-02,4.301797228117790195e-02,3.502756181701188049e-02,1.506941357352401811e-01,1.167590579800634049e-01,-9.983181426584841062e-03,6.862144600338758449e-02,5.913043921872185998e-02,9.162344803622125833e-02,-1.141754555702271662e-01,4.451199620324903378e-02,3.206772790611117641e-01,-2.175331503361962668e-02,4.347764069036245266e-02,1.684057636547209025e-01,1.222395600633146839e-01,9.995223093860615415e-02,2.713466555300728111e-01,1.437015213556113724e-01,-5.778287908182148241e-02,-5.115157033893814181e-02,2.770967022921407841e-01,8.738970751290003891e-02,1.677996815886308724e-01,5.227384365069824568e-02,1.578772922024945236e-01,1.422503556663899105e-01,1.145399836463789969e-02,1.340297532571246841e-01,-1.468466924106585081e-01,1.565674575683832781e-01,-5.189143475862911803e-03,2.118595582863491700e-01,1.544280971382212819e-01,-5.344212325065049451e-02,1.640834029864791654e-01,3.317900228669739410e-02,-7.206808920470886455e-03,6.812307655591275102e-02,2.055351057849892915e-01,4.318878142123933755e-02,1.454722504659638205e-01,5.229926269573215158e-02,-1.084768532874142224e-02,1.930237112639292263e-01,1.047289343100330922e-01,1.167084205174660078e-01,1.718947825232964022e-01,-3.807887281533117729e-02,9.063382246846468648e-02,-1.922368692320242378e-01,1.716345255785712426e-02,1.486186179996116519e-01,9.354127033955840498e-02,1.765131353177086249e-01,4.001968419725265846e-02,6.169390870440605301e-02,-6.577855277609692686e-02,-3.861335870753856980e-02,1.254238447962167102e-01,1.804011874586910480e-01,-9.746654856342835613e-03,2.537611067835494547e-02
1.174712759506345294e-01,1.825046343820670713e-01,2.061038559755398458e-01,1.336256991491268642e-01,1.760468963534542186e-01,1.395118572770668620e-02,1.091138738391338736e-01,1.478666559662910884e-01,-5.618869446013496222e-02,-1.416877118871265884e-01,1.312312930543381440e-01,-9.808546303090866225e-02,-8.594999462996227857e-02,-7.985191546109528249e-02,-9.465482725682265036e-03,-6.752932506347809893e-02,1.134356573303169496e-01,3.573865120172296100e-02,-1.912552212594987797e-02,-4.999493535059764543e-02,4.711905630692758001e-02,4.013715974288944305e-02,3.171227675998426476e-01,9.990038374043551384e-02,1.690696024723686575e-01,1.687697353923859611e-01,1.033717976222810198e-01,8.339988689327577920e-02,1.613036882179564591e-01,1.578674321409739290e-01,2.074485417585881231e-01,1.689405261305477676e-02,-2.886991833852270428e-02,3.756286686580809220e-02,1.305956536324626438e-01,3.776591800653220088e-02,9.570961675536769631e-02,6.092230622952148761e-02,1.588866645249055742e-01,1.140904747621236393e-01,1.294267912357822403e-01,3.372731911331404431e-02,-6.220195515414105036e-02,1.010628899192188707e-01,5.534711001447532863e-02,3.362210942839172212e-02,5.785379817143339320e-02,1.449527579617932993e-01,2.854881246876181389e-01,1.691346109464280933e-01,1.288867345996931590e-01,-3.836790695971626503e-02,-5.566033765791235377e-02,1.215818635577097934e-01,1.430952252066495789e-01,1.257650909003184547e-01,4.480368636473330141e-02,7.106980136172728890e-02,1.728493795526148680e-01,2.422647352384514896e-01,1.872845285051958630e-01,2.762831577159867158e-01,-9.768249617226835990e-02,2.522442691194732856e-01,-1.981680294829630748e-02,1.865872533271966671e-01,1.624165626020922237e-01,1.636598759976076733e-01,1.169444753060753794e-01,2.814998589497210574e-02,1.787108103295903250e-01,-1.115369316266503173e-03,-5.865441924247354749e-02,1.899899133456815770e-01,-2.027606152564414774e-02,1.449247915980113495e-02,1.514363860715059462e-01,-8.466942691715306779e-02,1.084918594112176532e-01,7.769396178696670596e-02
6.538711760769087833e-02,-7.259163112405095375e-02,1.124381434748507325e-01,1.965078024334542262e-01,7.862530171006863744e-02,4.875647595735011115e-03,1.071180708595689639e-02,1.393334078107670015e-01,6.269454724801183654e-02,-7.908059445450242586e-02,4.169226821372364750e-02,3.014512236893363006e-01,9.213446136846863144e-02,5.549553342795966737e-02,2.661043846423646331e-01,4.499466156288375873e-02,5.762027144173014620e-02,1.269547912604120643e-01,1.473040013346291477e-01,-4.701547983136700193e-02,1.876000248304166562e-01,8.212164395492545232e-02,-7.138896698886395414e-03,-4.401041936679098154e-02,9.122872015813610069e-02,2.144111927189334618e-02,2.627841100207574110e-01,4.369691767423460882e-01,1.036180572086573860e-02,1.448594216489209330e-01,2.603341453346775802e-01,-1.403034165091301272e-02,4.628907545123025352e-02,-7.023508079380372249e-02,3.080742597126965299e-01,-1.582563005028436998e-01,1.808132399118712041e-01,1.601072363005753840e-01,7.663951201190065399e-02,3.073096594859250213e-02,-1.758183747302879268e-02,-6.370329825796278156e-02,4.441666515096687196e-02,2.083621514387513918e-01,1.177389074115886558e-01,8.187736909474932490e-02,2.158307025603757590e-01,1.872705573284077774e-01,7.224552476641893373e-02,-8.952611742875721951e-03,1.313705251966200416e-01,1.627466021402860785e-01,9.097778103561557708e-03,-1.078735482563153714e-01,4.325078674615587954e-02,-2.395376423692374343e-02,1.756258986213425979e-02,1.300592102811995721e-01,-1.048949041179734337e-01,-4.178148119661152099e-02,1.984819952460346870e-01,8.467074071512814548e-02,2.036089324548426838e-01,-3.028384664669052720e-02,1.177849731646893328e-01,1.519932649888126484e-03,9.109610923870877343e-04,2.338629605572281889e-01,1.639623445161920712e-01,-6.280458236576694220e-02,-9.832315176809318380e-03,1.495378472984051355e-01,2.323225035627841384e-01,1.181201346704956745e-01,1.608901763342321101e-01,1.188351921393358407e-01,2.482571383934985276e-02,5.640480086232243367e-02,1.188606477232334452e-01,2.344392583439866840e-01
4.520351297956420183e-02,-6.033424519177017081e-02,-1.119851759269213515e-01,4.210410321560178332e-02,1.646069118256586195e-01,-2.685209108566832814e-02,-6.228164403178984565e-02,-4.520380669228463849e-02,3.828387371516403515e-02,1.433359375215388642e-01,-1.180947874957194166e-01,1.599792647893128195e-01,1.688671119633582476e-02,3.553639090254469279e-02,1.655750594924572036e-02,1.204861223063626030e-01,6.106113074010242892e-02,1.849138482903196767e-02,-4.148020373742896533e-02,-2.525059758006534955e-02,-4.436460372797818713e-02,-9.948538501207165874e-02,7.768217759665765887e-02,-1.348332871484902648e-02,1.440630805431565575e-01,2.158965096514254278e-01,1.231499756874431528e-01,1.665629403216420668e-01,8.512417231456202715e-02,4.166469061969878263e-02,5.932116676591391718e-02,5.725789427306367252e-02,7.992906976045076328e-02,3.475399665296629442e-02,1.115655024657265654e-01,1.713047396447147513e-02,1.165156138879441979e-02,1.767992956877837973e-01,2.886730357785154411e-01,4.149713489789353532e-02,9.961701311020292049e-02,-9.172003965178114615e-02,1.783749845436049808e-01,8.467435479401158593e-02,-1.846504547437720356e-02,1.556453809233233898e-01,5.887902809040472529e-02,-1.436838635538416897e-01,2.459628451941043292e-01,-1.344536661122913701e-01,1.105244548710266062e-01,1.382915290938625530e-01,2.696957437680078118e-01,2.870534541771145240e-02,1.189961186998411136e-01,6.623424901907946916e-02,8.196088120915485942e-02,1.373022034228227606e-01,5.160414494961148429e-02,-6.644118959997950824e-02,1.668379458050814612e-01,1.392456491269483121e-01,1.849199714663244398e-01,1.815109979417495467e-01,3.051953326023770438e-02,3.600167881480246385e-02,3.091631487781446586e-01,2.386786488431193731e-01,-7.077802936905916442e-02,6.123652298061106614e-02,9.061849556514717241e-02,1.735962833405109776e-02,1.568166512499594156e-01,2.358385164658987065e-01,2.105975018237881691e-01,9.149871994933342356e-02,2.402483091491776912e-01,8.388107240700649891e-02,-3.663070225678505439e-03,8.185400455023414401e-02
2.216013893717933558e-01,3.180741159404622959e-02,2.167304179656442675e-01,1.373850130202634336e-02,1.576835318440958089e-01,7.414580160568080835e-02,9.681375098312852701e-02,-2.872565451806341832e-02,-1.323374415698171380e-01,9.749251799224402382e-03,-1.547627990493135285e-02,6.123671961300938132e-02,2.324380012861766986e-01,5.327721854341359309e-02,1.823266724072250267e-01,-1.210538548670618136e-01,9.044113134587226932e-02,4.046475791831663504e-02,1.507084760404113211e-01,3.064529161332036483e-02,3.302201502732562272e-02,2.156071621466482957e-01,4.662153841650851227e-02,-5.638720030864708549e-02,-4.386880127098698873e-03,1.579590822738619060e-01,1.826805157190154461e-01,4.886869683392791597e-02,6.432336431318004533e-02,4.909099465506029658e-02,2.784342356694209375e-01,1.063573527752130071e-01,-1.413885128485381157e-02,2.314633768633572175e-01,1.176654233234961378e-01,2.352724606562531587e-02,1.081092786849147946e-01,2.890897220700964360e-02,-9.000823267149052342e-02,5.514487466603710392e-02,1.451032838403707170e-01,2.958706731148972313e-01,-6.152735821687474460e-02,2.548769254056567068e-01,2.179172046349691638e-01,3.754820235682508611e-02,1.296861982096119137e-01,3.052281564502108968e-01,1.828551576139071377e-01,2.604541477947970862e-01,8.493127473299418029e-02,1.546352507949286421e-02,-9.207629555288542739e-03,-1.235165355457491961e-02,4.583701032895927396e-02,8.037460334133769702e-02,-6.048799905137883931e-02,1.050170362456095546e-01,-2.560403021463724671e-01,1.204039576983206017e-01,1.022383664215063964e-01,5.156893062460107119e-02,1.203657621842165043e-01,1.703998653514225692e-02,1.185145648413738484e-01,2.279287881255641357e-02,1.261455015235428134e-01,1.307689232390858436e-01,1.319457762146069579e-01,-1.138606658032897609e-02,8.929900801819526390e-02,8.793625754418110674e-02,8.893279002475321104e-02,4.426917623796560591e-02,1.382512208418453827e-02,5.520461170809942003e-02,5.820474801047055037e-03,1.150483527214732488e-01,6.188180941885400299e-02,-2.225465609640645340e-02
-9.492540897962629953e-02,-1.797279344084589878e-02,-1.235859452603570718e-01,9.138094707192273569e-02,7.150516290251004992e-02,-1.963360307496348212e-01,1.590160218101574208e-01,-1.340176563177148880e-02,6.106893786942588220e-02,8.315630198625853509e-02,1.400273727578791871e-01,-6.267047126203076357e-02,-1.677739513366823254e-01,3.137460366032976955e-01,2.898224944611121900e-01,-2.455505956161158770e-02,1.549531245796625656e-01,-5.456626130524493135e-02,2.359970153408101901e-01,1.971118556496941898e-01,1.073540265667138477e-01,1.698965737339871440e-01,1.841182781965579052e-01,3.335131649477750954e-02,8.626883540108466752e-02,4.940668560236336632e-02,1.294770429517328736e-01,-5.147776961199390655e-02,7.212453152847080051e-02,1.844568070324663911e-01,9.821560808592731673e-02,-2.674592150528611045e-02,4.583589491138851529e-02,1.205076124464636023e-01,-2.046087520668339252e-02,1.747607446723244418e-01,1.021770131158373923e-01,1.624684447776063856e-01,9.975704482756257707e-02,1.058355166393241398e-01,1.898630763653808284e-01,1.390447306937501737e-01,-5.973190981164989283e-02,7.357571765083144311e-02,1.026490562680663632e-01,4.200582301635259058e-02,3.618200937955372010e-01,8.574046088177533775e-02,4.978091071984232230e-02,-4.250931529754631982e-02,9.069378955597716396e-02,5.998523552080999022e-02,1.340131464178202780e-01,-2.935580735370531616e-02,1.108296558945195548e-01,1.441495987189329309e-01,8.809563820851271099e-02,-5.948997602291272724e-02,1.303468091369212045e-01,2.220616213999781763e-01,2.063664809511567555e-01,-1.973574698074744699e-02,4.107795015904455727e-02,2.019312066280282703e-01,2.446242547329281203e-01,1.350198355075323542e-01,1.805968742089020945e-02,8.660877401223686378e-02,2.849392189624913030e-01,9.787515843498077739e-02,1.664778831622212296e-01,3.210473310121469970e-01,2.631690008877815221e-02,1.197714957523181301e-01,1.661748608779550496e-01,1.453752337705580266e-01,1.994668162582197701e-01,2.027619449327775769e-01,1.363376182551245732e-03,1.110025877065757977e-01
1.080605411535325439e-01,1.765662641256703080e-01,1.174590495440018673e-01,1.521204988445859496e-01,-6.982184101170176016e-02,-1.100298226643753666e-02,-1.852974416476620978e-01,-7.074419412948834696e-02,-2.019835708384388334e-02,-1.173298666472298059e-02,8.962086217590643777e-02,-1.511828643558486007e-01,9.252974328337058851e-02,8.050128740692487350e-02,6.057919898501890749e-02,-1.433750375681386025e-01,1.839506600261022473e-01,-2.087222120728830232e-01,1.841645958201068300e-01,9.555180275939165191e-02,5.328380600613840529e-02,-1.457233734024781791e-01,1.161175644517360994e-01,1.499769664693414994e-01,2.249394729048896369e-01,1.463125501473112530e-02,3.405809793848170453e-02,-9.494932369849554132e-02,-4.065758685783273790e-02,-7.556897198989095954e-03,9.565529860176058552e-03,3.835919559483098873e-02,1.553020986249700926e-02,-4.860214637335179971e-02,1.132823864766531047e-01,-2.390480858151183829e-01,1.288234437165655388e-01,-1.172278116239147822e-01,1.371490744395228445e-01,2.866692088104360048e-01,1.613862623263068174e-01,1.797770162966062096e-02,5.918942471397468236e-02,-5.845053639842146681e-02,2.406636751860117551e-01,2.535505166349801831e-01,1.713084208155369326e-01,5.033878219598282577e-02,1.670265346949532936e-02,1.099675944441930037e-01,1.808809743914324697e-01,6.595712312502190200e-02,9.632796125735679227e-02,1.114932248826990269e-01,1.236071487646432931e-01,1.019421500399720487e-02,1.415078595657091043e-01,7.073170082466694042e-02,1.128523163213955294e-01,-3.706780350361160020e-02,1.190671098574715703e-01,1.458592201920249354e-01,1.113808480508713394e-01,2.230890314241542327e-01,2.002213597829105851e-01,2.158997862908550724e-01,-1.602006625027249317e-02,1.817027462454063880e-01,1.691427346210318261e-01,1.929082711841387798e-01,4.395030058913809018e-03,3.764920140284926109e-02,1.629343905072282439e-01,1.936546036687746275e-01,1.221822423195067508e-01,1.425336948464196174e-01,3.787690378657503076e-02,5.931612663445217509e-02,1.545769225476340547e-01,2.958396075515072610e-02
7.486081330909105137e-03,-1.542665322849295570e-02,6.258499596913326413e-02,1.998236079202780624e-01,3.131518738198034186e-03,1.542045107612179111e-01,7.946739828995645627e-02,5.089456406673385086e-03,3.400604997757836895e-02,9.940375357891126362e-02,1.771175819674677132e-01,7.182524767072283323e-02,2.046879254502786405e-01,5.223217411963430867e-02,2.374423219049699718e-01,1.229128527940828025e-02,2.099412730598581439e-02,1.874388984350067178e-01,-1.153575509011250527e-01,-5.366334080450654853e-02,9.707393080338370950e-02,4.965356411888720983e-02,1.227772249468785520e-01,3.600724575830886471e-03,9.880060330448593373e-03,1.525374486725050993e-01,6.577050745744776605e-02,-3.243036590316801526e-02,1.264068881347777118e-01,-5.198059797187871284e-02,9.363742709335617920e-02,2.491122282052924686e-01,1.534108690420072918e-01,1.642281695479121395e-01,8.592574486280983581e-02,1.902419707193674647e-01,-1.564781518332136051e-02,8.570002264835570316e-02,4.267615526484937194e-02,2.434504096947592844e-01,6.055707805696640411e-02,3.755031742580097753e-02,6.704029133628512140e-03,1.000819804766504839e-01,1.737911373970545126e-01,3.526867359014975584e-02,2.203074623777981356e-01,2.440674321049785822e-01,2.444735671926142329e-01,1.395503785031665112e-01,1.002274615981124384e-01,1.105144181617619126e-01,2.670010184757061200e-01,2.235374413661788198e-02,4.085554913330351201e-02,7.443225922911068937e-02,2.075252340594597178e-01,1.421689322034630498e-01,9.801120367138339839e-02,1.840146399837909175e-01,2.200858402216916143e-01,-8.853251173919956044e-03,1.182619235692785320e-01,-1.273568058738542008e-01,1.311443816982906657e-02,-5.190012059173557124e-02,3.178367612848898710e-02,1.230030700377986036e-01,7.120822182222966146e-02,-1.436417850596022616e-01,-2.634634439609597964e-02,-1.159975219855046286e-01,1.316475652499220772e-01,-1.002316502851828411e-01,1.690419986991698598e-01,7.693988600698929703e-02,-3.816356253519072317e-02,8.418904716282112066e-02,-1.718416521195481883e-01,3.421092017734978508e-01
2.395720529639874530e-01,7.030917834303629377e-02,-1.180167523809880908e-01,1.062909553505555077e-01,1.009719541427334666e-01,1.668220058357865743e-01,1.451243440545484098e-01,7.576453689991799467e-02,3.080805067935745711e-01,8.685461689896993576e-02,2.639726101916128886e-02,7.454735906717416261e-02,6.214426904685758229e-02,8.093410037822060255e-02,2.891921181974441840e-02,-9.889312490724878196e-03,-6.651979562039467622e-03,1.247285637115320839e-01,1.454220977967523032e-01,1.474247851434575540e-01,-6.042628207423005049e-02,2.373663192184271575e-01,1.731296065712025767e-01,3.891039142754648683e-02,-1.174240258093253442e-01,1.130668064073952900e-01,3.025145272570967658e-01,4.315817564313594729e-02,-1.513440372529995526e-01,4.829932893175997027e-02,-4.487095394426101475e-02,-4.763965386255329670e-02,1.881639340634252144e-01,1.350797989299819257e-01,1.355426990429547673e-01,2.518299683677574508e-01,1.059015684981685565e-02,-4.489540511442322718e-03,5.625019267091683345e-02,-3.408461719401531531e-02,8.604299022256116369e-02,1.085777977329995397e-01,1.870128585184347991e-01,2.017828227341465774e-01,6.109491199574945859e-03,1.366893031393666968e-01,-7.129231942711175551e-02,-6.396063154845940679e-02,2.737444866529261112e-01,2.415516923791904691e-01,7.077185600947585864e-02,4.545133529654894061e-02,-1.154699299742851723e-02,-1.458157722222553354e-01,6.506506257646703373e-02,-4.641166147026491023e-02,1.468551412886613117e-01,-3.894857755513972397e-02,-2.570303887264534931e-02,-8.385633058938328499e-02,1.660152510085547428e-01,1.458153869918762391e-01,6.512157641565972932e-02,2.116622701520034788e-01,1.822761009274430632e-01,9.579108771676381195e-02,1.651157435616655844e-01,-1.194116743319659744e-02,1.159778179447379098e-01,1.794378961011431350e-01,1.969521140355001976e-01,-3.170994123764597078e-02,-1.357276516030473668e-01,3.100488243920628689e-02,1.956558010753579185e-02,1.029578990129689092e-01,1.370513306773327999e-01,1.070585942272622715e-02,1.318698603232245359e-01,-1.993709571899716926e-02
2.998761980324744433e-02,2.006905300464961184e-01,-2.078786755006074294e-01,1.995831711131491049e-01,-9.849156879943846143e-02,1.094517481459942876e-01,2.218410401348299144e-01,1.073988130120742956e-01,-8.816131837780405434e-02,-1.104008991258379792e-02,4.811941586258914466e-02,2.606624841606119958e-03,3.996745871091851978e-04,-1.665091333215190303e-02,-6.586735047002652450e-03,9.486802023281559748e-02,-1.691844477220905141e-02,1.026108584309786270e-01,2.125678166612392575e-02,1.413198545169439269e-01,1.814327357210032965e-01,1.997042970461363198e-01,1.186817177919373238e-02,1.152563737758167429e-02,8.104703873203303321e-02,2.899118820974244115e-01,7.307214738279206589e-02,5.760934823078793510e-02,1.095487793438060936e-01,-6.283689258282784684e-02,1.297349235325202799e-01,1.809282356196915409e-01,1.096442862030238552e-01,-7.638431675597931458e-02,8.068662475743954010e-02,2.867675706512502476e-01,4.123232112177969699e-01,1.260673069574786143e-01,2.234651824473784729e-02,-8.744822433072145171e-03,5.485257768398894146e-02,1.833595673321823660e-01,2.676254181206579874e-01,1.653785848108674517e-01,-7.763060762571058482e-02,1.762316352586057178e-01,7.698795969235773529e-02,-7.675797069642321946e-02,1.038428128294209690e-01,2.396177918500924306e-02,1.661593940367132594e-01,2.573063824717516379e-01,3.650927562844026864e-01,1.920788670898954109e-02,1.628398326887570968e-01,-1.337727495166033953e-01,1.792260519370490468e-01,-1.425433446227350742e-01,3.550811244949227813e-02,1.466362974331109903e-01,-1.864350360534098444e-02,6.915515469708574670e-02,1.775456909342327805e-01,1.174022933060539231e-01,1.742904791574325929e-01,4.527251661107429409e-02,1.587879908003141938e-01,1.267710234198334562e-01,1.005950680030692941e-02,-5.991723209891995638e-02,4.441624378837546322e-02,1.288968508846338734e-01,2.613753337333127869e-01,2.335909263789874221e-02,3.437582366577850157e-02,2.930502741781960269e-02,7.870177149278717588e-02,-1.409565240672730653e-02,1.774819126383802778e-02,2.174807115106644484e-01
1.051373670315595456e-02,-2.010647939169987741e-01,1.562231602465008196e-01,9.540407040992787691e-02,-5.994585935270226734e-02,1.270418255830324875e-02,-1.641990021152160417e-01,1.105292698749519437e-01,-1.032931192679539395e-01,8.875893309668722586e-02,3.553191658974699796e-02,-6.062521551011511994e-02,5.336640855379088527e-02,4.724902657201998646e-02,1.510515614617533864e-01,-8.015891496491604762e-02,2.123684365444750144e-01,8.754950284775658842e-02,-2.027821835724784305e-01,5.135521375570589048e-02,1.112493202248661939e-01,2.140666967259077444e-02,-4.086630260159192229e-02,2.499008423211015739e-01,-1.140522622179563628e-01,1.866245068742724000e-01,3.829584215523954005e-02,-7.387078877878947014e-02,-1.992730863023961605e-03,2.413111956580884232e-01,-2.477995227046347546e-02,7.570653805212700094e-02,-8.311552619159959243e-02,2.254310520580676547e-01,1.145119367011737666e-01,1.660678615619292919e-01,6.971066095223793502e-02,4.728817035269854835e-02,2.043357809729982877e-01,4.346209099144988236e-02,1.069858484916241109e-01,1.920875059405272589e-01,7.790392803556729640e-02,2.366496245336010273e-01,1.669329413970215004e-01,1.167108886727098310e-01,6.813616815641164448e-02,3.813085406208498868e-02,2.226107137915031287e-01,8.805887399497222545e-02,-1.958780551848774212e-02,4.721018041235636002e-03,7.770305773417460204e-02,5.856974804479390256e-02,1.137713625996792689e-02,1.393041952592959098e-01,-2.066155554759691385e-02,-1.014695709964818365e-01,1.297428298502553978e-01,2.080879857630125729e-01,2.719568057651046145e-01,-1.005525823727901474e-01,1.190924452914155218e-01,2.139940049347202611e-01,2.022908216932135517e-01,5.346296839926343442e-02,1.442046472376377897e-01,-2.392237968562750325e-02,1.448878708894939249e-01,1.044888616650893332e-01,7.038225628892805230e-02,1.035867149961600259e-01,7.248717652915281917e-02,1.255581117799279556e-01,1.802957573315023265e-01,2.878782103503828571e-01,6.141572923007982548e-02,5.758143386936910579e-02,2.981846029048950686e-01,-2.064478802415904007e-02
9.081352176157488076e-02,1.828889442784410457e-01,2.512553830928826448e-01,6.424004164478748502e-02,-1.217067685004105948e-01,1.865436962255396791e-01,9.653346960005762534e-02,2.706140049460488417e-02,1.420076258707029249e-01,-4.618931122301934977e-02,-1.703770033872419043e-01,1.746827069148136347e-01,1.067585885786080796e-01,1.351973951816781150e-01,1.366976588986756058e-01,9.572519444761885821e-02,2.824278674961585023e-01,1.620497655204865273e-01,2.629876928927245977e-02,1.262181812365806843e-01,8.576949705763853293e-02,-2.629155424594105742e-02,5.758807283322869841e-03,1.331228738000936884e-01,-5.783861328505290889e-02,-1.179849446753198916e-01,2.303189962930402013e-01,-2.504795728049844517e-01,4.802791503459036965e-02,-6.091523500055737866e-02,-1.256015249276264956e-01,1.857772056380705139e-01,-6.290066696890414533e-02,3.564880982747966470e-02,-5.855728504739254880e-02,-5.625792088081466719e-02,-7.273446480037404349e-02,9.959854049552439859e-02,2.727540708670691053e-02,1.116149904048720221e-01,-2.857315081080569370e-03,2.054727168257404826e-02,1.709635923297835591e-01,2.930166467085470461e-01,2.847035932265836507e-03,7.947663693240819560e-02,7.509537488422105868e-03,1.547653276335015926e-01,5.598606076423492256e-02,1.692644974405996261e-01,9.257079329802536671e-02,5.048236268919933413e-03,3.528812708061900699e-02,1.416921330322770400e-01,4.792296291898732324e-02,1.010628871017911212e-01,1.552014338749600209e-01,1.418165474571953799e-01,-1.319709999935509553e-02,1.517460559238278765e-02,1.765671201112706534e-01,1.127898523277902909e-01,1.170592645443938457e-01,-9.030868753194148946e-02,2.367983355714822491e-01,1.083954592834478897e-01,-5.659969787351421672e-02,4.694576170684814503e-02,-1.042021834787274365e-01,2.160595772118160118e-01,5.377598875796260613e-02,-1.082230859712814686e-01,4.960571645221344139e-02,-4.988393519612829147e-02,3.510927016496742659e-01,-9.409192303211311170e-02,6.471342189380807630e-02,3.040766211554132500e-02,8.165849342480528683e-02,1.688949086794308552e-01
-5.938845582757613928e-02,-6.986469036651409004e-02,-3.596836882240923156e-02,1.204184714617017107e-02,3.265293247011099437e-02,1.227330216132084956e-01,-1.583174749867254927e-01,1.401758305969095890e-02,-3.073923783426835837e-02,-6.682242849378952632e-02,2.334076291096022146e-02,4.379562101678447644e-02,7.756095081243176426e-02,1.303987695972639305e-01,3.120468676177009723e-02,1.733930704565091185e-01,-4.464377390075609242e-02,-1.171617913888980261e-01,2.989625542336498548e-02,1.136473244635343993e-01,-1.656380235511832957e-02,2.258021075074995512e-02,3.046490347015052280e-01,2.280161899747724097e-01,-1.357273918041451144e-01,-1.115444407454053710e-01,1.525155770007686762e-01,1.125806649306457102e-01,1.141942472247406554e-01,1.101797104756496448e-01,7.683233658549196154e-02,2.462583186619078657e-01,1.624200667671618359e-01,2.675341427457474455e-02,7.592797837694362229e-02,1.496221579222514475e-01,7.648111225570844440e-02,-1.202141822645780428e-01,3.251892785121072299e-02,2.296233018146394758e-02,1.185170810501334077e-01,3.157339784419611189e-02,1.570916507720147293e-01,1.836700347198867989e-01,1.658827052872121829e-02,9.731208950653051637e-02,1.169399767329995649e-01,1.933382884730252826e-01,-7.764260596809752224e-02,1.521794474449585932e-01,1.198386702221361372e-01,9.483019792945175663e-02,1.011301017946834718e-01,1.058173260213533667e-01,-1.317551997566707156e-02,1.159841567650708172e-01,1.479435403723031728e-01,8.611854106306100765e-02,-1.986890833798615058e-02,1.597812298861159830e-01,5.374850257224364491e-02,4.735791761067704997e-02,-1.488837200848671938e-01,1.035360463813517207e-01,5.836713883656984014e-02,3.180400665333646404e-01,4.083724579060537402e-02,9.371267968260327264e-02,6.242912664997762179e-02,1.775579639018460554e-01,-7.967750483560709709e-03,2.068235725227113575e-01,1.871743150273874334e-01,1.774502836408069772e-01,-4.182913381689420257e-02,1.295982510085464112e-01,-1.697060234273596036e-01,-2.323836033855002370e-01,9.119145905369870075e-02,1.867358480585634695e-01
1.771962345457725740e-01,2.247710333955553474e-02,-4.703984766178320037e-02,-1.517366224932729379e-01,1.399555071713761700e-01,-1.128839444941499154e-01,2.814174288612194541e-01,-3.609097650735622331e-02,-1.286227629931094296e-01,7.343016400079352413e-02,2.581908609715131697e-01,-1.465107551442878728e-02,1.708451152482118873e-01,5.310793546204371079e-02,1.410979246130288252e-02,-2.763623385376212487e-03,3.605058452305916900e-02,4.409492199972128712e-02,1.249047791966929194e-01,2.670478205762304436e-01,8.649688221585224990e-02,-2.879623071849599786e-02,1.386729461415421305e-01,4.499733313105745008e-02,4.770949258026003365e-02,1.988984578707389539e-01,1.252815244526641891e-01,1.980078445956561517e-01,6.724361657205113474e-02,2.674189565011975134e-01,6.216639453052931474e-02,9.595004099491367955e-02,1.544502906011965548e-01,-1.152397462758093377e-01,2.717659270561180174e-01,3.396249058673875970e-02,3.542052268846195701e-02,2.002442629147942188e-01,-4.200039055790661725e-04,2.498541443728345690e-01,3.194648209021275220e-01,3.324023276498958707e-02,5.223337887360335156e-03,-7.753897064871477507e-02,8.661044220892126499e-02,1.039688288567306718e-01,2.067226431387494678e-01,1.541279064685311950e-01,2.262449745691162417e-01,-7.878575529615725048e-02,7.160091200530413480e-02,1.210703486230311626e-01,1.680896189860395240e-01,-1.518597048469288655e-02,2.171030355951734381e-01,2.159594336327103348e-01,8.573413059128037750e-02,-1.041681379578345695e-01,2.871104204224012024e-01,1.073712462195758610e-01,1.501130842354284345e-01,-3.103532047573070909e-03,7.419916881162193223e-02,-2.864044146073962266e-02,1.602734076526332041e-01,1.428155773161794151e-01,1.508105696574744796e-02,1.571780918732908483e-01,-8.157818982666950602e-02,1.022309553635840085e-01,1.266865047409095058e-01,6.031133965391299867e-02,1.517239887053936920e-01,2.902310905659256091e-01,1.742858989244490120e-01,-7.955845946210822472e-02,6.616019837410211379e-02,1.328698898212881951e-01,7.599922697451401421e-02,-4.729974044460656668e-02
-2.706708783650868533e-02,1.531302785508167896e-01,8.946481361166926105e-02,-1.203183932833085459e-02,-6.099155729019582750e-02,-3.257636641343777950e-02,1.469403718258140978e-01,-2.822859915264454289e-02,1.659140105320333070e-01,-8.835470220091673835e-03,6.443067767912104282e-02,7.157375469956025159e-03,-9.049902398264680903e-02,-4.850748504083595564e-02,2.217542370240311589e-01,1.593562382136068933e-01,4.093358202092916426e-02,1.224625847537194612e-02,-4.322785158621600399e-02,-6.343132648104565785e-02,1.597042129565192647e-01,-1.044708485033114115e-01,1.748698397862086251e-01,1.582152084995271796e-02,2.235631973579221658e-03,6.014436879875907638e-02,6.256487520540003275e-03,6.401444649708080969e-02,1.068441729759670930e-02,7.368319065631236120e-02,1.264847202809601945e-01,-6.760050600173260482e-02,1.521412699223332055e-01,6.602085342388634530e-04,1.609826608045265006e-01,-6.763380929340011456e-03,1.375378765807506454e-01,-8.123404009807885795e-02,1.282611913071417253e-01,3.300199665189627873e-02,9.120863512291749187e-02,7.286815045764918897e-02,-2.292825422614655842e-02,1.333434146359961658e-01,6.358872292218062904e-03,7.705060865578979012e-02,1.163326361080772864e-01,8.781595958810531344e-02,2.349165633721819191e-01,3.720690622970707767e-02,3.024703294205957974e-02,1.390056109059468192e-01,5.975883891179559204e-02,5.178292200475638485e-02,1.154619135009460340e-01,1.381662193685572609e-02,1.312173389088882036e-01,2.223326543406269340e-01,2.459222798712743241e-01,1.228813040396900952e-01,3.141823786248654909e-02,6.203212202384722485e-02,1.625924782368261823e-01,1.688847682292922425e-01,5.331358444992232576e-02,1.197643416658802917e-01,-7.914041172280276981e-02,-2.751876154011998789e-03,2.806216985047741558e-02,-4.973477893187593785e-02,1.904941521164746909e-01,2.071895365550481816e-01,2.780934834819567270e-01,2.750893484974689107e-01,-6.584891857741329013e-02,1.383573918632406419e-01,4.655694970247425957e-03,1.114983279007987667e-02,1.702169727255986587e-01,1.816828687667005060e-01
-7.175629512229289575e-02,1.077051909471879731e-01,-6.941993937796912817e-02,1.549983190540313027e-01,2.843026807045017645e-01,6.793622604481880378e-02,1.074055902402601403e-01,-1.114554426726452850e-02,1.561791474911042588e-01,5.512479544553765265e-02,-5.234034998635192504e-02,-5.599337648622131069e-02,1.663076182622933719e-01,9.343086632931044827e-03,1.129401565815706804e-01,7.793021430913353587e-02,2.042144914666103525e-02,1.651702217525060912e-01,5.817079944002282593e-02,1.419246009031937539e-01,1.762966924303363547e-01,-7.021179758479331734e-02,5.615293363599538345e-02,8.999746948979979455e-02,5.195909043562970363e-03,4.035698854832813626e-02,-1.117205519918142431e-01,-1.895927240946667855e-02,7.350846628834852015e-02,-6.417879188071991259e-02,-2.472674075346415618e-02,1.729730570806432138e-02,-5.672018593133091452e-02,9.406846885334797792e-02,1.788330471252739806e-01,1.571421894541429054e-01,6.060850867611018711e-02,9.765446074406826382e-02,8.794024510259657035e-02,5.563231979939346067e-02,1.778953868575564035e-01,-1.539735565016348284e-01,-1.601600120326220067e-01,3.710638500960786179e-02,1.144730820342040462e-01,-7.740786911205232990e-02,1.393359311468058415e-01,5.104036288058739351e-02,1.110687499577383414e-01,1.062061102422850317e-02,2.131424931219510488e-01,1.215192309130578609e-02,-4.594242146385672798e-02,7.860677321644038429e-02,1.010569858449718583e-01,2.643951666427850067e-01,6.491053120567855106e-02,2.647583755501082270e-01,-1.928735558754423804e-02,2.476723654108048678e-01,1.499892179979183393e-01,1.381239673980922122e-01,-7.599553064454958888e-05,-8.494117209472422381e-02,-4.555007575662485542e-02,2.534497500545165871e-01,-2.756750872730649032e-02,1.432209294635564956e-01,2.354048317388353906e-01,5.760838185790424781e-02,-8.854967151756269750e-02,1.422848476931230233e-01,-3.731498825065400482e-02,1.139433224376491388e-01,9.351594102076754567e-02,1.607481412636138640e-01,1.612106330057760384e-01,2.102636606277876186e-01,1.593108912151669776e-01,2.972335817682856263e-01
6.162462407554059052e-02,8.550984812131399992e-02,-3.245107084882462023e-02,6.100217018482843173e-02,1.947207286023213135e-01,1.018143783659396784e-01,7.789675417175766226e-02,-6.878323018165496960e-02,-5.689072341743717405e-03,1.824330431403568542e-01,-4.888049723206270430e-02,9.881892713444721810e-02,-1.672491136994212202e-01,5.709758077432018630e-02,-5.585996078918203239e-02,1.872756069037350424e-01,1.331926274420930090e-01,9.813458442641795343e-02,5.692856960026996399e-02,8.238065150219808092e-03,-2.080653611994002020e-02,2.793618139427692659e-01,-1.381691598245912977e-01,1.917753973395981970e-01,1.093318917269293922e-01,1.002868871441595922e-01,-1.549965296821771005e-02,7.548741408215155213e-02,-6.282099238651094042e-02,2.307752951675309805e-01,2.586453674027556215e-01,8.138674346624358291e-02,7.648803348307625649e-02,1.576538964300655821e-01,9.218227350349235405e-02,1.256947141132722101e-01,1.208499513833819622e-01,7.835568645563779910e-02,1.421822946115448016e-01,9.615987550950784446e-02,-1.880255431723153459e-01,-4.941791498710075559e-02,7.645319052246123126e-02,1.172326277257838278e-01,3.072640648053177187e-02,5.774238417235443704e-02,8.594292034578608630e-02,1.190512650223599783e-01,-2.406948467357898289e-02,3.309937523529925540e-01,7.439093825033457619e-02,1.353059145611580916e-01,-6.266879365600468155e-02,6.231809558169852659e-02,1.803481785750249144e-01,8.706224262199697972e-03,4.438981069450672473e-02,6.105939206844009093e-02,-8.894010559319154297e-02,-1.354833061703365239e-02,2.663087442554489814e-01,2.166584669206096381e-01,-4.831956601462664928e-04,1.302985592239983559e-01,1.753638518774389976e-01,2.878230089756080856e-01,6.132700667071903922e-02,-4.492506420408184931e-02,1.881899679024523764e-01,3.183492440937427809e-02,3.136336366060115538e-02,-6.275054876927366188e-02,-3.946728690074817469e-02,-5.455792072824418998e-02,2.982969422927959219e-02,1.509743032770703708e-01,6.768326080842988757e-02,1.198844905773126801e-01,3.342883697789105213e-01,2.063066461638834725e-01
-4.290911410023636602e-02,8.243187388951636607e-02,1.569728266942261585e-01,7.164320911906386924e-02,5.192543765563672337e-02,-1.444799208481464536e-01,2.051001761201632634e-01,-2.887903455549472101e-02,8.758839806853435661e-02,1.068027327488956096e-01,-4.003177112835035883e-02,5.454684007226325015e-02,-1.342311950246066060e-02,2.278754125936812425e-01,2.906952532696641979e-03,3.570621212892043095e-02,-8.472896006479517517e-02,8.612888361808043736e-02,2.223695182949275706e-01,2.774504778710486837e-03,-2.774725194575963436e-02,1.000066301850452977e-01,2.245691481090578423e-01,5.142139306361832168e-02,1.249593154741715229e-01,9.168086238656714820e-03,1.232991865817787552e-01,2.034802869373484036e-01,1.654954275939174435e-02,9.641693560631002524e-02,-9.772687361835194486e-02,1.823549429872847738e-01,-6.725095319562883478e-02,3.697051172282462411e-02,7.567734316789211102e-02,4.010415448718614856e-02,-5.424010578022289697e-02,1.362504990071075062e-01,3.716453568022032999e-02,1.843360496201297549e-01,1.374895108144706946e-01,1.232134537462747370e-01,-1.464857273465228031e-02,-5.691999846566649784e-02,3.295807376000612493e-02,2.434525907724671007e-02,1.520582264012824980e-01,3.189491827380121908e-02,7.532113223915319622e-02,1.223109525396131742e-01,5.701461096030522452e-02,1.925853657404010336e-02,5.139874405074264935e-02,-5.224711738776555842e-02,1.019430126224458583e-01,4.853367961038358019e-02,-6.188268210264576824e-02,1.010348281245235236e-01,1.562639005980706874e-01,-8.715404080767802375e-02,3.649610706278837990e-01,1.484031286879638478e-01,-9.147680463615408264e-03,1.502550887939342883e-01,5.542289108109733908e-02,1.192655332037753507e-01,1.640146500461946433e-01,-9.860510789234787354e-02,-1.227750077921040545e-01,1.420696086662334538e-02,4.334952029695852277e-02,-5.297810488176397242e-02,-4.972834670019556091e-02,4.189286063004952348e-02,1.272976258347041645e-01,1.388419004775038879e-01,8.506384707664280120e-02,-5.315931563451455066e-02,8.249309278102992526e-02,6.463643339407006139e-02
-8.230271618066128947e-02,5.548026166691925887e-02,9.964920985940038667e-02,-4.962179726759977788e-02,7.280797541503511439e-02,2.952490552436000046e-02,1.014430134013491608e-01,4.595255951094957131e-02,5.554444817542355389e-03,1.083353309193150343e-01,1.917606399750234059e-01,-8.592935333956557009e-02,9.112379767493740401e-02,-2.461727229457778485e-02,-2.943611212804929655e-01,1.967492181017320430e-01,-2.668457778349984238e-02,8.973715714101344887e-02,1.970368217333608452e-01,5.115671093270720421e-02,-3.042894914230260747e-02,-5.633581361104286755e-02,7.030873784032534712e-02,1.871783157192623628e-02,2.168100552792148056e-02,9.362456136596877809e-02,1.608415150147149697e-01,1.369635970356836985e-01,-1.007913967569396690e-01,-3.791068748282259981e-02,5.348374466269210925e-02,1.076189393457231414e-01,9.218512149540737666e-02,-2.773760218143020775e-02,1.193613661810608711e-01,1.003710114367724615e-01,1.666092647324766973e-01,4.146605977418246075e-02,2.195846061513081690e-02,1.495461892753559563e-01,5.422198462720111134e-02,3.335603529973239778e-02,1.316161222871891356e-01,1.918543019701397789e-01,2.363359469503215349e-01,-6.498911246322956400e-03,-4.588264042151921074e-02,1.258463257226518917e-01,1.097156468836789911e-01,2.046146772429937866e-01,1.193590653469260715e-01,5.439975248428681465e-02,1.099013207575897239e-01,6.787025542047099569e-02,9.125825232632789330e-02,9.194834418078162708e-02,1.914762931475587349e-01,2.994202013664836251e-02,8.928683675512592843e-02,1.838462393999701627e-01,4.675364796641876680e-02,2.163919239203223599e-01,3.602523939815045484e-01,-3.163101398373751455e-02,2.066751592017592593e-02,-1.955958502755093462e-02,2.676268080909925337e-02,-2.200479070560839787e-02,8.672751070859617550e-02,7.566034623497498723e-02,6.260000699301957426e-03,-3.640142013733901200e-02,1.088756629000946496e-01,-1.613857811824283978e-02,1.149404907454210922e-01,1.539674453204169791e-01,1.932879068920120291e-01,1.737147211014933024e-01,1.744021603563400413e-01,-1.555737218250581588e-01
1.375801963159634933e-01,-5.263761129926584729e-04,1.177080207745872797e-01,1.817609623953005682e-01,1.246216785128934634e-01,-2.099378654119652410e-01,9.898172428631364650e-02,1.195962939771701844e-01,-1.144488531325572184e-01,5.789781498033349377e-02,1.565610276606563267e-01,5.166477344222931978e-02,1.309837704590886553e-01,-1.397495970374032781e-01,3.574769424165569198e-03,1.695208463104398988e-01,-8.158686942508791562e-02,7.336007469206809462e-02,-1.454651415194659590e-02,2.631615741005875059e-02,1.294201465397127881e-01,7.460600957399768363e-02,5.877224278939734842e-02,-2.507948788876470103e-01,-8.257962304904031825e-02,-1.500021426254265211e-01,1.492395077297999952e-02,-9.551449923297447575e-02,9.662583010362212066e-02,1.600745464622488068e-01,1.415041651596787020e-01,2.281098428272825829e-01,5.319703187031347286e-03,5.095920906099830200e-02,2.019065906574588343e-01,-2.698710981848456703e-02,5.878134167525441572e-02,9.344650046058486370e-02,1.828950214132736007e-01,2.439899059418365254e-02,-4.996671968971669320e-02,1.107762162772852194e-01,2.155435414915544967e-01,1.504377708173605943e-01,1.139315711988563712e-01,9.523989774926187868e-02,2.114353660358126233e-02,2.065272893388422903e-01,1.709847855126324090e-01,2.150710830286733100e-01,8.645966719462737371e-02,-1.104166458006182461e-01,2.627744785299472308e-01,-6.115357772082554572e-02,7.296219421449934295e-02,-1.719176049121501071e-01,8.292730203258501243e-02,3.998773401619613171e-02,1.102931690004180926e-02,1.830650015132181119e-01,1.290057681609930451e-01,3.958220858506518447e-02,2.132988293935315360e-01,8.291688720899517695e-02,1.103702760121163667e-01,-2.684667457267342437e-03,1.291341286235654084e-01,-1.042600293200857120e-03,-4.301590691947168588e-02,1.064011472028253275e-01,8.150632733028610744e-02,1.155863054421802233e-01,6.900392438874117240e-02,1.304514137146814690e-01,2.230866717702717772e-01,1.803944169329718406e-01,-7.148714998283058064e-02,7.654437261966559602e-02,1.752908306323434640e-01,2.083379422925729363e-01
2.612949691544748376e-02,-5.081951648237612029e-02,-4.494597157160524353e-02,-3.678853765799239067e-04,5.603662144855358490e-02,4.574537030160974460e-02,-4.243563489419902718e-02,9.878032060900335254e-02,1.002696005195766876e-01,1.815047566612409125e-01,2.271821511766894952e-01,1.774548527365130413e-01,-4.587564023255281086e-03,-3.883184791447269468e-02,4.374271276431088845e-03,8.288109390097059270e-02,-1.180338877801609260e-01,-1.852866363851617820e-02,-1.486252304522781287e-01,2.602701019980533936e-01,9.582734743026970550e-03,1.558898400024583131e-02,1.608655109663027771e-01,-6.130689256046979035e-02,5.329452896653627536e-02,5.836339523242189270e-02,-9.141147725356674192e-02,3.696765731865359061e-02,8.034018150323224416e-02,1.090541030063171650e-02,1.257613277415455810e-01,3.737679005255509224e-01,2.108764249010529057e-01,6.388944483951772280e-02,-1.077770979241014261e-02,7.056279723452289765e-02,-5.670110505036898840e-02,1.314471376708143957e-01,1.305749583899273314e-01,1.854731970961268940e-03,8.930266309396769908e-02,3.906534112506008377e-02,3.220790903511775438e-01,8.057216875096623321e-02,-5.721414660577666539e-02,8.438510085168683672e-02,5.569587529556621619e-02,8.686293687772247973e-02,2.819549922081549323e-02,-8.743963855280829922e-02,-1.002988380144327202e-01,1.253579541566576805e-01,1.177270356895983696e-03,1.035835352927768349e-01,3.311240358968566277e-01,1.891939295702944890e-01,5.270467114782650953e-02,8.038148270288483777e-02,2.137318680303219517e-02,1.952188523050185087e-01,-1.082553398338755163e-01,4.356993578092881875e-02,1.765473850101884623e-01,3.984413400054583054e-02,1.836029150167520774e-01,1.515141200356029116e-01,-4.807423569391298945e-02,2.037548457731987867e-02,1.359201925771333364e-01,2.764988236041142633e-01,3.777630376555492654e-03,1.017767771098929130e-01,1.169270796899713263e-02,2.256886308931941032e-01,-3.492194488222117449e-02,1.732260636083214622e-02,1.037514355966404588e-02,6.846039760484831649e-02,-4.773220790550172961e-03,2.274406677228492657e-01
1.743606127249550386e-01,6.678621583281282859e-02,1.657257618158412826e-01,1.981682527006526084e-01,-1.850494373732473191e-02,-1.884684373605092014e-02,2.211905504965497038e-01,-1.180289482885599345e-01,9.025283289292029831e-04,-5.744067531947719824e-02,-1.748895742273856857e-01,1.812323813515161475e-01,-4.207971287323721693e-02,1.740507650480154281e-02,1.264773879416579982e-01,1.961523286090958995e-01,2.194250612373351284e-01,1.592536284219329967e-01,-6.010794306793733333e-02,2.010013121593135638e-02,2.068429114570768113e-01,6.259388996133534444e-02,5.873046282662040297e-03,-2.117432510303503615e-02,2.092919306305507099e-01,4.819422612609772921e-02,2.576832845754125634e-01,3.048020830130964698e-01,-2.231628219038143610e-02,-4.815530159272007893e-02,2.694114198046280301e-02,8.730712202962541413e-02,1.452503800574025672e-01,-3.740493338260698908e-02,1.622153303668797120e-01,1.051689889895383312e-01,8.794856133976344803e-02,9.577389949431348859e-02,6.033949417708865670e-02,1.189189405345564970e-01,-7.808546469027687065e-02,-2.055004648566753980e-02,-7.737528958845622286e-03,-6.848517382022415584e-03,-2.137874760498427798e-02,8.726972461089692323e-02,1.251618631013002580e-01,1.217304735871194560e-01,-2.967042088044841500e-02,1.529489568300907709e-01,-5.141232213142900298e-02,1.329238836658710732e-01,-4.090938680496194330e-02,1.351035060905352858e-01,4.123241381617088336e-02,8.801289586391342068e-02,2.362047069256664050e-02,7.726263358004339943e-02,4.362019822077478626e-02,2.614943785016007882e-01,-9.961417317292850168e-03,1.244372766595463475e-01,9.853775745447183876e-02,2.153624990881621015e-01,8.644667142305181851e-02,1.596276204419542211e-01,2.813397354661568150e-01,7.893437558248729558e-02,1.914396703309079184e-01,-3.172129980563040408e-02,7.292050786019448061e-02,1.101592581956902656e-01,1.148373155621973812e-01,2.127507628320075006e-01,9.538825962644263690e-02,1.516800826319593745e-02,2.387280607829898038e-01,7.192156711346221754e-02,-1.589162364645381742e-01,1.646975694817358615e-01
-4.182305192260726834e-02,1.677136189938684407e-01,1.730959597711009823e-01,1.586770009854601982e-01,1.046970319139118449e-01,1.278980024632280776e-01,3.334146747218447865e-02,1.133048088160953509e-01,-4.578133641889561845e-02,1.031901554759727391e-01,5.038262347271826869e-02,1.070516758520020512e-01,3.833901074303304457e-02,7.924578443400391581e-02,-1.737092046398069911e-02,9.530956875537717476e-02,1.544468307832417599e-02,-3.321366540182146138e-02,2.216402392787726605e-01,1.828996991485783430e-01,1.542134238523949208e-01,3.569958856379507051e-03,1.585407223055553677e-02,-1.706172904849323491e-02,-3.291352534779706102e-02,2.570181484001073935e-01,7.117303595272721217e-02,1.311721544601933132e-01,1.520675935487891817e-02,-4.872879428453246939e-03,1.888908121062075340e-01,1.727788371539271811e-02,1.454617453001535166e-01,-1.212418296996158329e-01,9.673620982825063830e-02,1.973509014695754571e-01,5.980622327675032962e-02,4.525583751827062969e-03,-9.617728445380697988e-02,-6.995648597708734040e-02,3.722090213846648149e-02,-3.928547708329454234e-03,1.254093691122113441e-01,3.670619173081952902e-02,3.870854263692347780e-02,1.852479686129915870e-01,2.302297876485104033e-01,3.210830020033662163e-02,1.638659110600001467e-01,2.783638230081754428e-02,1.928818398836197601e-01,1.135244858482971492e-01,-1.299124134626857170e-02,-1.006329124617948850e-02,3.495424806375336813e-01,1.427336308206160753e-01,7.707242567180476456e-02,2.943663210593005508e-01,2.480975106506058681e-01,1.735723946200263823e-01,1.092233556814473233e-01,1.579411906410692693e-02,8.931380323181319081e-02,-2.916211086160013996e-02,1.032083548552527458e-01,8.658631790525708749e-02,1.381419459601791466e-01,1.804403989385383045e-01,1.189071873045702971e-01,7.907858031287200162e-02,4.077451747950719407e-02,1.710074455753254064e-01,3.609087297742406830e-02,1.141547106910441450e-01,2.639158857960344218e-03,4.673345219178304255e-02,1.530947871169854591e-01,3.127658796422545795e-02,3.802945930873705138e-02,-7.667376929305894095e-02
9.815753556273046354e-02,2.135406688922107388e-01,5.495804925206937419e-02,7.645740530722996975e-02,-1.557784516190897361e-01,4.697966930139523163e-03,-6.349189999817675574e-03,6.900765331712850614e-02,-1.856217226658877497e-03,-3.121510447538256017e-02,1.210044294451205621e-01,-1.400444043766138451e-02,7.640007081391167465e-02,1.044243144718520477e-01,-9.089108218113338411e-03,-1.055656605543737053e-01,3.826450337744079916e-02,-1.069879775637213315e-01,6.324617445674088345e-02,-6.064361217659668818e-02,3.284274300269172664e-01,-5.906257618416459881e-02,4.767243217490504253e-02,-1.634447028903954491e-01,2.271422939406761779e-02,1.235727657359576293e-01,8.563524822039790541e-02,8.166565684968855876e-02,-1.960532202881311997e-02,2.171401256549508607e-01,-5.266509270292894090e-02,3.323668487228564200e-02,1.564550071608724335e-01,5.715906161301933380e-02,1.838823740006466922e-01,4.462874760730365341e-03,-8.374737676920377544e-03,1.078022441550705868e-01,1.149298949564275529e-01,-2.346405342968945623e-02,3.379209222299726090e-01,1.368980375357580492e-01,2.095667688232923098e-01,7.982695432486983100e-02,1.686813508295542940e-01,2.706031602508629508e-01,-1.702722670720435358e-02,1.576874486242408613e-01,6.849421580733626447e-02,1.664885760353062294e-01,1.965781979750417241e-01,1.688021364990363871e-01,5.513540206607072530e-02,-1.314966445469837042e-01,3.396356906720133795e-01,4.044361611441437548e-02,-2.544072739263300229e-02,3.323915074356593308e-02,1.372717958762305068e-01,8.145478221991779566e-02,8.103410126277005299e-02,1.950700532684060684e-01,1.000492396341110535e-01,2.405247908651024225e-01,2.155858356039086210e-01,-2.757963680942253359e-02,1.091497447806537707e-01,2.359045576668357680e-01,5.268046238004595733e-02,7.281740956502330553e-02,1.184517033165311678e-01,2.246731018007207259e-01,1.182278046298123469e-01,1.761070289096654529e-01,2.049294047528266438e-01,6.218371794117413115e-02,-8.077786140073327237e-02,4.058980837584173773e-02,7.828442410459053591e-02,1.161020770036242794e-01
6.568773139871474098e-02,1.726918738677649945e-01,1.985798527944582226e-01,-3.344544360812112902e-03,2.507454919605288102e-01,-8.155382572100062719e-03,1.644819528723941993e-01,1.783313584984660694e-01,1.027750845431550514e-01,-5.320065131280541509e-02,3.157453167234689634e-02,-9.712406210449447963e-02,-9.385507219592179040e-02,1.547301191379450436e-01,1.619665422495765450e-01,9.049629484030112525e-02,1.289771550946333944e-01,1.044121537397496163e-01,4.115570512864315939e-03,-3.293792382531881419e-02,5.361118849898149907e-02,1.428013148816728306e-01,3.155000862631825859e-02,2.020682282871106572e-01,3.205229231060083978e-02,-6.380778411131972361e-02,-4.953204511620781098e-02,1.681388818526448892e-01,-6.408604806795512032e-02,2.458546459566093856e-01,-1.173583097172402855e-02,1.895876900344353189e-01,-1.107593550794852832e-01,-6.374688092157865422e-03,1.766438508061747292e-01,4.196274012007119442e-02,9.637842551419176229e-02,-1.392738813647890483e-01,-1.051817877652509448e-01,1.746323171993770795e-01,-1.582580044002851113e-02,1.428975955542255150e-01,2.620930299014547216e-01,9.887201848507858049e-02,5.597964297590174443e-02,9.505969940282628372e-02,1.776715424103104957e-01,2.173880650242400459e-01,9.499950582925516251e-02,1.657458114586570219e-01,1.548999223095640643e-01,2.313011740257694127e-01,-1.801329526118822244e-01,1.467354157188718866e-01,2.281100755070738229e-01,9.600225034801039559e-02,4.200016743409690917e-02,4.889205737832435367e-02,3.865946472678220835e-02,1.260533875605856224e-01,1.387609150424689297e-01,2.603201325221732310e-01,1.380332017872889228e-01,1.661109728438219801e-01,8.067272141398469654e-02,3.806701586253583014e-02,7.137640122961223799e-02,1.009567822355973282e-01,1.400168439298406786e-01,2.002798567069171698e-01,8.969593204815416720e-02,2.771287235271241989e-01,1.566554292694313510e-01,1.035829492589320083e-01,9.424098630982200020e-02,1.360898761903400755e-01,8.541951470577541228e-02,1.964862798113706926e-02,1.508211488181058352e-02,3.007924668264781026e-02
-4.435279656648871693e-02,-7.170724182556150600e-03,-1.559081943587786907e-02,9.617921255053259177e-02,2.345075373332850266e-01,3.600523042029309118e-02,-1.003690320712117695e-01,1.539018029351019515e-02,1.078484499475434316e-01,1.305844943224195205e-02,-1.846556464041821180e-02,1.469314380386954055e-01,6.876515975975464046e-02,-8.530199469685818825e-02,-8.873632305018813726e-02,8.079472814175120421e-02,6.200988352546033325e-03,1.177488659521507969e-01,1.098011055703461830e-01,8.583082658647378516e-02,8.767797740442266619e-02,9.022536963389719833e-02,-3.212265214143754117e-03,3.046335379748042055e-02,-2.277623518677781012e-01,1.010014071724986279e-01,5.075091845889834197e-02,5.868700086401481414e-02,2.366904857519814276e-01,-2.450409034844758596e-02,1.137772685470245654e-01,1.037053270265427540e-01,-9.806501105629217285e-02,5.539219444742535248e-02,2.009926626009234940e-01,4.818478278400859655e-02,7.675321643253539550e-02,-1.228414667653991432e-01,1.846484397655146215e-01,5.551046902803886268e-02,3.411748664772206591e-02,2.184530674755260082e-01,2.847745517308767904e-01,-7.721906289265043077e-02,2.382138049347490988e-02,9.042515072379733732e-02,4.224246690436993940e-02,5.037730660067955835e-02,1.134036941095722534e-01,1.162534580487372543e-01,2.512457550539243245e-01,5.894173907230525894e-02,-3.694482562489443539e-02,-7.797230650395509631e-03,1.293050580289387963e-01,1.473691566181077328e-01,7.657692476718010177e-02,7.961669869742582506e-02,1.666666413529347551e-02,1.873586515620114523e-01,1.560681514666652225e-01,1.720764740000832738e-01,-3.228007714428177827e-02,1.081292530396402024e-01,1.603371485586841672e-01,6.942691650841927020e-02,3.059849096548205583e-01,2.223218010043021553e-01,1.000551208003365999e-01,6.218315001127203839e-02,1.338415237874759633e-01,9.051314193627665872e-02,1.648089911206153946e-01,1.545146980398466596e-01,2.369677489435560447e-01,1.482356354697906067e-02,1.816362683652565091e-01,1.982341030116089864e-01,2.808442840433655330e-01,2.244264135477799516e-01
1.034249165172992646e-01,2.726652495948973520e-01,-6.256462879338194061e-02,1.096032549944370438e-01,8.234273542239443910e-02,-1.032489077558357976e-02,9.754386224220133739e-02,1.350564823712431702e-02,5.486643958531907395e-02,2.066395688843001566e-01,1.650016222976905533e-01,1.408707045081007692e-01,-1.108893842688321411e-02,9.125638799662237621e-02,1.262253973071959523e-01,8.195726092123607753e-02,-2.400123139938905442e-02,1.066335613193571397e-01,-8.650749805616945662e-03,2.968896098447222354e-01,2.654999022325205682e-01,-6.051979476000750313e-02,1.577102440436112529e-01,-6.909887391337973805e-02,-9.906719797011809270e-02,1.286026654593653562e-01,9.384254090845725593e-02,1.604631987003762583e-01,1.760913004386126246e-01,4.583476954028650741e-02,-1.442404060149313494e-01,6.403975288888651141e-02,1.460333316751692145e-01,2.141283303675208805e-01,1.779014574112259411e-02,7.238824088535679435e-02,1.704770457864402677e-01,-1.289913868745200948e-02,-2.077697601289535748e-02,2.024811471988617606e-01,8.187612616685739642e-02,-1.119824909486817899e-01,2.269906695432619137e-01,1.941336804299632901e-01,6.489936732632425875e-02,4.941759429091623773e-02,-8.710122010404347526e-02,3.375797587015959556e-01,1.080389606981429218e-01,1.308970771400027461e-02,5.981478024247617598e-02,2.460656721588630746e-01,1.846103232676287592e-02,-1.655804428404964238e-02,1.993092206241101755e-02,4.400478850976304035e-02,1.145977974696281571e-01,1.288569056649654931e-01,1.590198216345312110e-01,1.723532825404667790e-01,7.452719477332261921e-02,5.175101677054420868e-02,1.468779573658372528e-01,7.464451626654620975e-02,1.467634521586155816e-01,2.561572789491260368e-02,2.991333361864292884e-01,2.950559660945050594e-02,1.207806554958307105e-01,8.719446490147594875e-02,-4.158770753993924069e-02,1.745580508157133781e-01,1.785447400637955595e-01,1.759245078555312647e-01,-1.169738692228902976e-01,2.579211835558830601e-01,1.448385083949611796e-01,1.557899426742484217e-01,2.006728005092215661e-01,-6.079381368868231120e-03
-9.141317628837327194e-03,6.616462549742192778e-02,8.548335413860402854e-02,1.797285484736041994e-01,6.165097187409657870e-02,5.438631154637164900e-02,-4.445516117302054926e-02,3.132410998333399338e-02,-1.705615924262892172e-02,-9.542719760778019256e-02,2.205962459394292252e-01,-5.554309726086056886e-02,-1.114289603513847204e-01,-1.199029246736562776e-01,1.348849273612884592e-01,1.435033137579492801e-01,-1.041045614922211648e-01,8.740796475147344369e-02,1.030126161377820787e-01,3.899566174188166812e-02,-1.246130364195209839e-01,-1.186332618832747349e-01,-6.958737125399523660e-02,8.341364999520058110e-02,2.857977855211996446e-02,3.108738709820713444e-02,7.523502595796362213e-02,-1.501511332986944225e-01,-6.095358429930263638e-02,-2.790141197223695510e-02,8.317203104562988225e-02,-9.425346776660893655e-02,7.671042047676324138e-02,7.622993737521782665e-02,2.390072367989710608e-02,1.436611154158047299e-01,9.789830177195937844e-02,1.371835488926346214e-01,2.072110473499035599e-01,2.078461036290539243e-01,2.129181762814803536e-01,6.397324388129034534e-02,-5.026333793653610382e-02,6.352186749121353782e-02,1.018068192722932329e-02,1.172615552451012483e-02,1.006510308296955231e-01,4.394024196468683530e-02,1.257066274487514679e-01,2.310581127717089289e-01,1.441327840267759286e-01,1.148007094107684894e-01,5.215411597511043079e-02,-1.103803604791941603e-02,1.305871618843878756e-01,1.301504636058169739e-01,1.484867669912058319e-01,-1.392959508680838565e-01,1.233677323995995834e-01,6.895368955279716772e-02,1.792251555583273537e-01,4.435370557426622506e-02,2.615027206798209991e-01,2.559719978688995701e-01,1.620302667118285467e-01,7.943558413827374320e-02,1.783197591033583163e-01,8.645534125450643481e-02,3.318629483008064991e-03,5.622434890125160151e-02,4.211201915231223974e-02,2.038045441983873107e-01,1.309209818720434571e-01,8.712051492380951112e-02,2.203207160405159792e-01,1.256290989522238222e-01,1.547779108280001037e-01,-4.855714339121437739e-02,1.647803283016984754e-01,9.177784898942424607e-02
8.528443535434243605e-02,-4.977783383380059157e-02,1.325037638890465830e-01,-4.368695116389775812e-02,1.159934280890595887e-01,1.119844578277720132e-01,-3.219469309017820163e-02,6.766983413638913425e-02,-4.064327822170048926e-02,-1.073552150506625058e-01,-7.679876419339204396e-02,-1.349433989617005170e-01,4.458973718352634424e-02,3.346021416517629826e-02,-1.455520645965405375e-02,1.225010492401113205e-01,1.132709764974574734e-01,-1.781361496906044492e-02,1.870245568503703937e-01,7.384666638112111214e-02,-3.859097933176318385e-02,-3.747891172123311160e-02,-7.259371326076251296e-02,1.206851854807318158e-01,-1.332906082104480007e-02,1.902023856914898114e-01,1.376946180730051206e-01,1.546884168493311007e-01,4.543018379837298476e-02,1.424950659014805887e-01,-9.520767465613426406e-02,8.989188560936524353e-02,-3.663099587658526224e-02,-6.926565951055438375e-02,-1.638044165607183134e-02,1.292372085226581313e-01,6.791147522857617427e-03,4.977009339910379304e-02,1.167795957739927032e-01,1.144968990496342126e-01,-3.661322873188210120e-02,-6.125575134789677106e-03,-1.540520144726563803e-02,7.559205264559347437e-02,6.786882701660126860e-02,2.115048559302367404e-01,-9.808015260818428449e-02,6.361301859015441873e-02,3.648926868011070912e-02,4.197526633294878379e-02,1.437365954654305777e-01,-3.285662539619453593e-02,7.945332328858306647e-02,6.206915838142511299e-02,-2.987216189776045402e-02,-2.725510317384820594e-02,7.611443501720369098e-02,-5.307889516291275367e-02,2.079645849262101720e-01,1.410194386649488985e-01,-4.011335061247742195e-02,2.329714762751246282e-01,6.223803949603128743e-02,9.884432027464385220e-03,7.582145274062343510e-02,5.075037272880747463e-02,5.450191269579123671e-02,1.041598806386723475e-01,1.207764359761061713e-03,2.890733617548367843e-02,1.317105579841068852e-01,-9.183481902789022641e-03,3.469537309422716237e-02,1.186229071235095356e-02,1.276621117615070466e-01,6.142179267839232432e-02,3.616723945489838665e-02,1.687173087048968734e-01,-4.863509310968029686e-02,1.234748227000723314e-01
1.447367397742225503e-01,-6.694948913168913274e-02,-1.221875705019760117e-01,-4.094107788495744693e-02,1.563341742431015591e-01,-9.969598616081591647e-02,-1.034588977763320622e-01,1.244288266030680462e-01,1.920535681672092820e-01,1.655833386665365725e-01,3.987607610330455576e-02,-6.142682215108076493e-02,5.498223558583614085e-02,1.131928989490620097e-01,-1.253355595169245995e-01,4.920569423746442086e-03,-1.051450084293432535e-01,1.294856252703382726e-01,1.521033817033222157e-01,-1.325865992780431712e-01,9.588643884229812453e-02,8.031556073072021462e-02,4.968663898036666110e-02,-1.050956279905418261e-01,2.277167350564225645e-01,3.265811713189674392e-02,2.015190785953177022e-01,1.484031020718445670e-01,2.576943882470950076e-02,1.248439015375203964e-01,1.164522443781168537e-02,1.215289179798370173e-01,1.049979451443565914e-01,2.179065450823149674e-01,8.292482583746983368e-03,9.413944672482506271e-02,1.688873694269721615e-01,2.210886234766254801e-02,2.187168616448436631e-01,-2.655372245432230990e-03,7.749052486899705994e-02,9.735296414494135075e-02,2.058422908994576028e-01,-3.443404761683544618e-02,1.625091778038428025e-01,-5.774738816698367534e-03,1.662371129522239588e-01,1.007413035337674373e-01,4.816356169187708050e-03,7.027706751305713706e-02,-2.354691552544738511e-02,3.033032012654419962e-02,-5.319716693652910139e-02,-4.334515249927209379e-02,-9.065863300550248971e-02,1.722578544759991934e-02,8.213544681749870846e-02,-1.629094376196272426e-02,2.007939121451774167e-01,1.863197867652612548e-03,1.206809029261226851e-01,1.512844520026277451e-01,7.872685067250199953e-02,2.200839905219566933e-02,7.238868947030363543e-02,4.443567294596275502e-02,1.128375922343948096e-01,1.801050581827124686e-01,1.601998848637692652e-01,1.723266169907381462e-01,7.482492145375153891e-02,-2.364198301786059331e-02,1.430358855480893254e-01,2.440595887933497132e-01,1.662254287987887380e-01,1.196836925334077012e-01,2.617741496049129646e-01,2.359016452602194225e-01,1.165175247942070585e-01,-8.151433394546891975e-02
6.690813181946607402e-02,4.643794310665055186e-02,-5.474135527721196021e-02,2.462858709031311433e-01,-4.835660341487582614e-02,6.786076917092233318e-02,1.209215434188810195e-01,1.337662087352592677e-01,5.778916560016867515e-02,7.634926172416307832e-02,1.014977838063900045e-01,-8.269719925506259506e-02,1.390236342481020182e-01,2.729386780382576649e-01,9.941890242548966083e-02,2.151886952489402705e-01,7.690695205965375481e-02,2.198907665499464092e-01,-2.308722228579726185e-02,-2.466453032759764047e-02,-6.946116389483273333e-03,2.852375222851584180e-01,-1.324328134672796697e-01,-6.092928136207088896e-02,-3.014207270123266461e-02,-2.112703535294434970e-02,-1.482987882043215570e-02,1.321277226855099574e-01,4.214756523551754092e-02,1.847755510120615563e-01,-5.314290093948569049e-02,1.555309355744473598e-01,-8.413800041407068497e-02,5.844924012541231895e-02,-8.627551319678110169e-04,-1.235951165260322504e-01,-1.489346342352186950e-02,2.272120573683981404e-01,-4.752979366670379707e-02,-1.242879217024761423e-01,8.072271675822197123e-02,1.179096879953336063e-01,8.044202360124695639e-02,7.178187022258078476e-02,-1.999834393690323037e-02,1.436334953419576566e-01,-8.998669846192966504e-02,-8.451943361335897964e-02,6.490495608602274424e-02,1.140784816786148681e-01,2.125031080214834917e-02,1.560455369727192509e-01,-2.534491579120419849e-03,-1.453368853152701978e-01,2.378092425359757123e-01,9.930609131252796096e-02,1.523255917454379438e-01,3.437379642169062499e-02,1.414142850470940377e-02,1.928099139037722509e-01,1.292217669626355148e-01,-1.023159094460972390e-01,-1.131185672923306212e-01,1.766347531893066453e-02,9.933189886285927195e-02,2.346861753625271302e-02,8.730638561731682290e-02,1.702816635583911387e-01,1.468898626243156091e-01,-1.184583960675489669e-02,1.141512858909343592e-01,2.618996559992206943e-02,7.690358156057965078e-02,1.958100232123200501e-01,-1.591251096302113976e-02,1.106804127693971906e-01,9.684109516510153171e-02,1.313571772153842299e-01,3.162939704490253662e-02,7.518160539408906551e-02
1.590069963451773150e-01,5.920359948219595242e-02,1.676183995764088108e-01,-3.581829612943699531e-02,6.532428812988407343e-03,-9.593100143892993592e-02,2.168768203682084131e-02,1.447466698750062286e-01,-2.359245805726108841e-02,9.952018727945950716e-02,2.077717383564904874e-01,2.074255016419216790e-03,8.108028404487063745e-02,2.005956236895389544e-01,1.236040786377979733e-01,1.998024008786982719e-01,9.195404376621651998e-02,1.932873391272105779e-01,6.854309222030415807e-04,4.961171775863715966e-02,-3.439776702128131275e-02,1.388007524258076941e-01,2.070795150526702766e-01,1.547223476948237642e-01,1.241097145075445267e-02,2.660315409365437977e-01,1.073408202523550847e-01,1.614871142293694203e-02,-6.633257887725026170e-02,-5.645766094007739072e-03,1.340672540013653768e-01,5.303091097897512374e-02,7.840973615118990159e-02,1.865966492436681862e-02,1.566870566317078717e-01,1.390468356620146173e-01,6.521881698499186475e-02,1.764130794689340587e-01,-3.068353142099713299e-02,1.985621148856821228e-01,-5.269526623923118797e-02,-5.196728915312476965e-02,-1.100546258349285739e-01,3.487285369722130379e-02,9.423278378111765718e-02,-2.827321388885310500e-03,9.463655711200062021e-03,1.019154780559268156e-02,1.945818839303426959e-02,8.911788757708404007e-02,-2.902421069291688527e-02,1.222953624298365495e-02,1.309500310420713964e-01,5.216936409488694137e-02,1.635467481198071282e-01,2.752194512982801891e-02,1.035119534479233550e-01,5.718423250858378076e-02,5.499595796290939614e-02,3.265076050105672478e-01,-4.585131982716546262e-02,1.965711511311685478e-01,4.778488620887740707e-02,2.220757855997920402e-02,1.891028867416867376e-01,2.438744125690748416e-02,2.579979379235556869e-01,1.294510471663744833e-01,-6.128106947606572208e-02,1.063876379049921439e-01,1.752814469568882427e-01,2.965739493571424839e-03,2.356247015633157818e-02,2.374114714079941790e-01,1.430678623458850052e-01,2.849433603000925755e-02,-1.590360480415390493e-02,2.625078442486377117e-01,2.788178724879514236e-01,1.847481088339499034e-02
1.053166062907803513e-01,-1.204704418108713398e-01,1.494888199549865848e-01,1.234377773132642499e-02,3.332659102903766102e-01,1.091944666406725051e-01,2.205163145729972796e-02,-1.524154007249803877e-01,6.938839887146441843e-03,2.998402819520908785e-02,5.251441837170992694e-02,4.700830591885038490e-02,2.711718134931017654e-01,2.869609759461482640e-02,2.760446441761373396e-02,1.312502772600738499e-01,2.590063089591365109e-01,2.264906458977945791e-01,1.157171406198652559e-02,-8.467978657946573229e-02,2.427340796579114668e-01,1.003406379215045774e-01,-5.937540019455158496e-02,-3.867228596759867982e-03,-4.067868412588111771e-02,1.521504389306509997e-01,1.280574949378379505e-02,2.213109125171808522e-01,1.338365851644580384e-01,4.948344787388011395e-02,5.331133134867526574e-02,1.552551375091475450e-01,1.242840822377986321e-01,1.578844163484585950e-01,2.036274620146485137e-01,-5.225007547160328419e-02,1.018905117637598778e-01,-2.734593433206033986e-03,-5.444496872982189373e-02,2.535642243827284509e-02,8.640678991235833939e-02,2.233767486707027017e-01,7.680171958431435131e-02,7.856366121975258410e-02,7.122717035848473432e-02,1.716636934845185425e-01,1.999316876765991069e-01,2.005157014129190507e-01,9.642176342467644046e-02,1.077318938140911508e-01,1.954424993622136120e-01,1.496697592742368965e-01,1.268620723703755837e-01,1.773575464617272723e-01,2.404830780076616381e-01,1.323073934551641517e-01,7.922695204368321309e-02,1.982046564562267021e-01,1.965483789500934719e-01,1.979862515820198232e-01,1.119960538464137151e-01,3.793570796747913754e-02,2.252926477433472852e-01,1.354743134818425510e-01,2.399344820210390083e-01,7.370891139610881437e-02,1.298218096477407046e-01,1.516924756872203850e-01,-1.165038287417356072e-01,2.477117340650622779e-01,1.661178568117195331e-01,7.598579578231519360e-02,3.000379417862995002e-01,-7.276314194831315883e-03,1.480289567395873251e-01,1.792298881515609343e-01,3.592453924954366884e-01,2.220488939651742988e-01,2.890972428633122870e-01,6.324744170264810783e-02
3.771759597725257013e-02,1.135125616142633603e-01,1.191345684071948643e-02,9.731751135240265804e-02,5.378216628928148002e-02,-1.016986943627158496e-01,-1.979644224090164328e-01,-2.140402614110653925e-02,1.393900196731288899e-01,8.678247690449104879e-02,1.327724827226016702e-01,5.065353484576185644e-02,1.936643554749717111e-01,9.927862840495816146e-03,6.462108715394938863e-02,1.198008061306095190e-01,-8.131262496138720597e-03,-3.247595924451574141e-03,2.809406663737290533e-01,1.543254180080676496e-01,2.045246555123766963e-01,-1.259840873371425862e-01,1.979986790179292244e-01,-2.797420014439182256e-02,1.864259242735360200e-01,1.393617736672501939e-01,9.728294594199596301e-02,3.743306421256299005e-02,-3.265686315980101395e-02,1.358088698015941231e-01,1.402293468041404811e-01,1.910621772691294684e-01,-4.241486753437680559e-04,8.299664683660076814e-02,8.907503844229188936e-03,5.815127322850607156e-02,4.776552518460189939e-02,2.035333486387198854e-01,1.863795283960574534e-01,9.624106435330365139e-02,1.816191222992936671e-01,1.315579884862467519e-01,-2.683025417615270830e-02,-1.272608573612563354e-01,4.654997961412778856e-02,-1.707781674274285455e-01,-4.848172850829493563e-02,3.137223866854158688e-02,-4.260335079677172315e-02,2.224239916844602261e-01,8.099887834509945927e-02,1.353405869733433076e-01,3.654247513652641999e-02,1.840061643804663527e-01,1.761964321135060796e-01,6.517590141846127394e-02,-3.258098673709265009e-02,-5.023275220612346409e-02,1.247020312864058345e-01,1.486707805294779083e-01,1.708866985002177874e-01,1.863932383247384750e-01,3.794093208342426415e-02,-3.691054259133785820e-02,1.584784188474393229e-01,1.698673579621531315e-01,1.280392869148832269e-01,9.541046185222519516e-02,6.123794875659395454e-02,7.930286729350624619e-02,-7.489060025643400065e-02,1.324859084219958405e-01,1.460314357752173220e-01,2.097455441343920313e-01,9.319660361305076579e-03,5.355294018000619077e-02,1.474839512508095973e-01,1.847608327350947766e-01,1.761227188148480061e-01,6.851650252353531922e-02
8.834616144300451446e-02,1.754095900953851483e-01,1.027297587363669024e-01,-1.151725900888086740e-01,2.498950805116424700e-01,-1.477027780632165577e-03,2.619916265567122093e-01,2.752181811981381232e-01,1.169262813934848211e-01,-8.011403181994554423e-02,-1.018557971348860516e-02,9.386762528828146435e-02,2.620855958309191176e-03,1.511438283960218031e-02,1.310168837877382642e-01,-6.557911854607924307e-02,-1.331538725661401135e-01,2.044291337783259999e-01,-1.090902621208281464e-01,8.260507566429559079e-02,-5.581050177298130244e-02,2.010821179953863058e-01,9.593140390993119826e-03,-1.967275100580042485e-02,7.670348765916673583e-02,4.033541184662216804e-03,6.759466711350155862e-04,2.539538109166740720e-01,-1.449595535652508649e-01,1.415540949326655473e-01,1.259818523456950612e-01,-4.976997502244950161e-02,9.408822456071951057e-02,1.097557011504575880e-01,6.771348128794570098e-02,1.427723371462063726e-02,-1.004749612448045670e-01,1.500605715561226794e-01,1.919700339879837261e-03,2.302830096536168450e-02,1.125315236386941059e-01,1.384438946541354520e-01,6.705895266555352008e-02,9.858664125168652408e-04,1.537530936605915055e-01,7.157696996043584614e-02,-2.835239695705020144e-02,1.459275864175713922e-01,-5.636493427364033804e-02,7.894553526594980108e-02,1.501072585126508041e-01,3.967478489181907458e-02,4.796167436616906310e-02,1.391587078004730693e-01,1.594421643511229059e-01,2.336269672711173417e-01,-2.034384909652180440e-01,3.289027098664400184e-02,1.561458422709895155e-01,1.529191409581156791e-01,5.338850953797128623e-02,-2.330264738415625814e-02,7.817115205781682841e-02,1.308474871040049836e-01,-4.036407963487445572e-02,-4.779622534057416383e-02,2.474756731059913617e-01,2.811707562216969603e-01,1.239983389305114314e-01,4.778116100995698917e-02,3.044480368040900723e-03,1.583197756282746504e-01,-1.164226217994424918e-02,1.044319343226747937e-01,2.074301512011881565e-01,1.866750744495315473e-01,-1.909741990818565258e-02,1.297223502106335802e-01,1.830621245886560888e-01,1.386323553524514696e-01
8.786773353598455183e-02,1.150588510961781802e-01,2.083704751097707752e-01,1.075362321550086403e-01,1.657988310171827906e-01,1.190999186336238469e-01,5.270208391062280312e-02,1.150720040990734355e-01,9.167672244561680950e-02,1.835070682112068530e-01,4.669038996609892883e-02,6.452109024776590818e-02,1.067583756676001860e-01,-5.741823387793753425e-02,1.947065332631335299e-01,1.846472199621649601e-01,1.601828162550288093e-01,1.348988850114688498e-01,4.792203952174202419e-02,1.243422727379977361e-01,1.027008105370949276e-01,9.151203853076148031e-02,1.808279128833505667e-01,4.526948041032523989e-02,4.492854284667470444e-02,-3.553753750908809905e-02,1.013804593143073779e-01,-3.985539926023979468e-02,7.581737352079495618e-02,1.855309351260598372e-01,-4.707773976681694887e-03,1.595036601984040625e-01,8.432300352737959193e-02,9.045413057709450477e-02,7.552179215200527373e-02,-3.902843849203389143e-02,4.890203694523897332e-02,1.991509738596811963e-01,2.186814106041579664e-01,8.311937091888749185e-02,5.977005673199599356e-02,1.713035040499306383e-01,-3.925138981629217733e-02,4.886809849419586349e-02,1.665662047111441113e-01,3.626940120133668316e-02,4.360396823021115559e-02,1.563977525318521744e-01,2.785757056642810814e-01,7.220667527926721840e-02,-2.613214868179102035e-02,2.944419072008568061e-02,1.110739662642068193e-01,3.251254980780585169e-02,5.722177731050465815e-02,1.195856639117811870e-01,7.838468263261173796e-02,1.632427075032761854e-01,1.225246388753975096e-01,4.045200915246058293e-02,-1.002512408337732919e-02,1.095250996775432722e-02,7.151042335590492016e-02,-2.806553256963775084e-02,-4.141885146142836732e-02,6.892843542488368003e-02,1.383402656323553803e-01,6.056233084275607081e-02,1.427607623150130289e-01,6.882110840641263161e-02,2.097376991505596477e-01,-6.335834018558891834e-02,7.421523090037358827e-02,1.527821873665000108e-01,1.743964297999681945e-01,1.363617208033147121e-01,4.375130083188382563e-02,2.119810904032361498e-01,1.263875413786568203e-01,1.592362830880231228e-01
8.580728712714992545e-02,-2.813335324030624696e-02,1.185333853216817973e-01,1.450583441196205414e-01,3.550331429573030245e-02,8.215334232507899570e-02,2.376770020388621965e-02,6.199755158015073792e-02,1.095480310332233587e-01,2.175442405359402087e-01,-1.785100420757188694e-02,-7.562648433854433916e-02,8.016952672118951573e-02,2.368469126777595912e-01,9.051801504174342150e-02,3.349782783559119431e-02,-3.079150303933348917e-02,6.374302562504516323e-02,1.230318244120078702e-01,1.158504532528821379e-01,2.051104377581776939e-01,1.787874269565077057e-01,-6.536140072176915838e-02,-7.038557387810895349e-02,-6.584355887474090119e-02,7.802423077343846602e-02,5.999906908452755372e-02,7.102561474389323948e-02,2.228605770546897569e-01,1.794149785027129573e-01,4.703017301344295659e-02,1.006688975948342724e-01,1.313591683369399743e-01,1.391808007403357583e-01,1.323820370788225398e-01,4.035341893583979656e-02,5.397119153337540109e-02,-5.857482224265867822e-03,2.546212259250800122e-02,-1.246577776651313502e-01,1.323269380617456414e-01,-3.527300077758352415e-02,1.858747842019748964e-01,-9.049179236230625589e-02,-5.415851509561782351e-02,1.088410983048576502e-01,1.807508337258632580e-01,-8.750076009808857580e-02,9.491590139010115668e-02,7.034784500822804931e-02,8.000817077826681556e-02,-1.091379995915933883e-02,1.011567111233934585e-01,2.283561004502688008e-01,-2.516680092036931160e-02,1.573910309011691544e-01,7.123237667971188403e-02,3.798825954580147685e-02,1.718150368920887960e-01,3.002486921251840135e-01,1.414636098395632702e-01,1.456261787446430922e-01,6.516984442651894971e-02,1.979411158713844654e-01,1.319045329171290581e-01,1.142129622968879737e-01,9.629522213616650839e-02,1.728793017326059611e-01,-5.443766433324240261e-02,1.086337600089361671e-01,-2.291245293181038908e-02,1.552602681350854497e-01,1.681284338118033683e-01,4.358816899074369894e-02,-6.597074521430199012e-02,1.571767942549395503e-01,1.175351069524694508e-01,1.947610510502151560e-01,2.692083994466249464e-01,1.466537088122565891e-01
1.103569365406144170e-01,1.187083088977754636e-01,7.133432957989976897e-02,9.236177686897120709e-02,1.932286726080980829e-02,6.243670011750945131e-02,3.891755210127707115e-02,2.954529726614906204e-01,7.292283754380876615e-02,-5.978877725558385398e-02,-4.438606550531384171e-02,1.223071266140637187e-01,9.234351092191774024e-02,-1.841502917011915152e-01,2.323449654048070218e-02,7.057504559726371363e-02,8.827141100396115880e-02,1.739131458509009520e-01,1.712139427392927182e-01,6.015365537641040317e-02,1.519574485827772208e-02,2.146428526074552201e-02,1.811662479204768361e-01,1.779821034709423988e-01,8.251646139774113098e-02,2.201293473579040982e-01,-2.746621372721396240e-02,-3.160434031250509285e-02,2.006239947411547209e-01,1.686546437036248042e-02,1.243601225802058313e-01,4.242054642344523369e-02,5.212240836313896536e-02,-3.159192241646944371e-02,8.315216641655363838e-02,-2.342181219183452675e-03,8.036518485507225529e-02,-6.068185381263443978e-02,-5.990464739679876582e-02,-9.537371482916028043e-02,2.061375258011701947e-02,5.230657777634231675e-02,1.115861458344442891e-01,-3.476002863834144058e-02,-2.712363787160270226e-02,8.203867005632890785e-02,1.725037582546467552e-01,2.665917601832181599e-02,4.336454647289546271e-02,2.634068742764429649e-02,1.325759843086982692e-01,1.240664088089774020e-01,8.355380374525078757e-02,-6.777246914026013522e-03,2.665043912910058932e-01,1.429252103187267364e-01,-2.498358606571678825e-02,1.358846111163944381e-01,1.530815062782508312e-02,-3.941315271128153358e-02,-1.029302674642406934e-01,7.748081726854401385e-02,2.958399574224734874e-01,2.167908919813053281e-01,1.469613777242747832e-01,-7.383545566161272417e-03,1.190414602859823090e-01,1.157969702677213303e-02,1.243480120909374459e-01,3.619080392966513710e-02,6.447480937718789995e-02,-2.710951193199711770e-02,1.202575801077887113e-01,2.705804582488062840e-02,8.295896979085361223e-02,-2.757423091719798242e-02,2.848264549083599079e-02,6.709540062778900082e-02,2.565076804537036459e-01,1.044332805018250709e-01
3.248910802478012505e-02,-2.254769885219735231e-02,-6.728464127397711103e-02,5.837216764047889472e-02,1.470253074789393821e-01,-1.396063211596814194e-02,1.728402768205935386e-02,1.373207415840672629e-01,-3.006876636925519611e-03,5.979958786737442182e-03,2.442997707114186734e-01,-6.101277927390358347e-02,-7.473294031846925388e-03,1.316995091095995440e-01,2.163655552096753823e-02,2.544333464925755406e-01,1.517417924515492011e-01,1.220884815580497162e-01,2.514355118872097505e-01,2.131682219733010419e-01,5.914862074394521690e-02,-1.408629480805515845e-02,6.512185631811903685e-02,1.009897011521314475e-01,8.865180336965677865e-02,-6.580560566527003663e-02,-5.969760720470054099e-02,-3.688453333409821844e-02,1.223374592501378921e-01,1.050707476917631250e-01,-4.343147478975892956e-02,2.334471745008443594e-02,1.140540161849702971e-01,9.686403098761268982e-02,6.079233247055448180e-02,5.831971566968773002e-02,-1.295081860695591613e-01,5.798066218156010948e-02,9.994084665966058989e-02,9.131196366436809819e-02,2.525222549268908989e-01,-7.852420797138930098e-02,2.121321547570143018e-01,2.607358312668222045e-01,1.455671872491479460e-02,8.972243634121739031e-02,3.614762491329471389e-02,1.253640551237082124e-01,2.332223851114956226e-02,7.886125892185126551e-02,1.363241272960844241e-01,-1.333225775533445345e-01,-1.992592048267147753e-01,1.391936015593654985e-01,1.718321682494273472e-01,1.374480748980043687e-01,1.212529757410356623e-01,1.128777463237851109e-01,7.823274822373534054e-02,1.197605051085844953e-02,-1.193601230276718911e-02,1.557887900913281776e-01,2.771220665099013436e-01,3.140421084671937701e-01,-7.033920522757869907e-03,8.319023589278552733e-02,3.906883773102842738e-02,1.446974323354020819e-01,2.644287422733613072e-02,1.769837370069356208e-01,6.271766833943664965e-02,1.288470549041619284e-01,1.949643281363820082e-03,-2.004472875117643133e-02,1.296809807400708670e-01,4.308934622965255451e-02,-2.315337083178533109e-02,8.704162383852585838e-02,2.343065471813450540e-01,9.650719665350226961e-02
-4.346853444255245613e-02,-8.467761381430029266e-02,1.170140343145040646e-01,-5.273003867626254761e-03,-1.250475061712501799e-02,1.239677775357546502e-01,7.486548200283286991e-02,1.222095340138807246e-01,9.174416696251803949e-02,-1.128663551792478785e-02,1.850303857014069520e-01,1.647846458784535872e-03,-5.509979767939343631e-02,8.224018705785428318e-02,9.086847120520910592e-02,-6.329604051856488334e-02,1.494134949824758030e-01,5.128406470179527193e-02,1.679039678889944487e-01,1.310860390719985336e-01,6.126437750627814621e-02,-2.073526435869871010e-01,1.892750729516202435e-01,-3.966116250694028122e-02,1.042743957958170570e-01,9.336387542995162880e-02,1.431860581346404426e-01,-4.502940818308498634e-03,2.478809511031640489e-01,9.583796188277241002e-02,1.445730984785323359e-01,2.084008641831360531e-01,2.516958000486343439e-01,-5.555358256009453044e-02,2.676679091134382196e-02,7.508565767158036086e-02,-1.934981460291232414e-01,1.740366117645735788e-01,1.161869836668115857e-01,1.534963159454381942e-01,-1.340427257491574597e-01,-1.435878032622969758e-01,1.960612689263174502e-01,2.804913431609168395e-02,-7.678790737060015026e-03,1.730149254789593583e-01,-2.300156473053547451e-02,5.054708253446783817e-02,1.146108560441014695e-01,-3.993733229201722884e-02,3.391433439493556773e-02,1.464158911218413350e-01,5.974393510759057335e-02,1.432975351505938744e-01,2.198986355478400184e-02,1.789406793419560243e-02,2.100738971009199207e-01,8.780076963370590792e-02,1.015003910479791160e-01,-6.942472646719438645e-02,-1.332890012655706981e-02,-3.874905514280914398e-02,1.756723947645027206e-01,8.279655625882828551e-02,1.379189773750080228e-01,-7.089203985821078413e-02,1.053650530144661784e-01,-8.614368192030227508e-03,1.687989507739061368e-01,2.330885908897846470e-02,1.856227371019095462e-01,3.076521924114803894e-02,1.780954916079721118e-01,1.863089483197603521e-02,2.609866390655302681e-01,1.070790667371575439e-01,1.195310506159286967e-01,1.283443636953340294e-01,1.297720073020905973e-01,-3.399971403982895990e-02
1.001725306634015378e-01,1.283967833992561702e-01,1.556787880747769193e-01,8.420695393729493716e-02,3.609393409114198398e-02,1.185823410267759608e-02,2.589386817875846680e-01,8.761346700996326675e-02,4.079301233229484791e-01,6.321748687016784385e-02,2.943487900261192169e-02,-2.607000893122283711e-02,1.465162915622348072e-01,-4.993776785356299902e-02,1.768499248266072743e-01,8.805398298372317523e-02,1.329564167985744783e-01,-2.716353184948594804e-02,1.268110900438833566e-01,2.083541374813396296e-01,2.521399037937516532e-02,1.238814601335377630e-01,1.738016660829309196e-02,5.634622290994017318e-02,1.849552080234196927e-01,1.546752106153733985e-01,-2.015566562472441772e-02,6.795995567469147181e-02,5.214375301106944499e-02,7.484586257121669806e-02,8.031479888034305514e-02,-4.452917219516300956e-02,-3.713205962559103235e-02,7.966785781432511593e-02,-5.969908852976590907e-02,2.291499925552748507e-01,2.658127748852406325e-01,7.829735386244619788e-02,4.411448792890964449e-02,8.417534738365900493e-02,1.646066330154965715e-02,6.588070721960653797e-02,1.429902790784862987e-01,6.399840493630614205e-03,1.316494036971634363e-01,-6.859456909696205751e-02,-1.805175346270866954e-01,6.868278147445534831e-02,1.454629955311372291e-01,1.213675542765176724e-01,-1.690656464780602997e-02,8.282455799482828229e-02,2.250085955273478655e-01,4.923961879974210476e-02,8.712248776735830036e-02,-2.198170379086010484e-02,-3.751750331481041451e-02,6.051693854778201348e-02,1.763494378290234310e-01,1.040870610222278253e-02,6.075533041738030021e-02,-6.974874676470101120e-02,-4.592863811886642444e-02,-5.654118154704172033e-02,2.383272010035369752e-03,-5.090256984110106547e-02,1.683848048498219896e-01,-2.418736201677429420e-02,5.677488885331270774e-02,-2.117845781078166179e-02,-9.416957519415759814e-02,-9.061459662107095719e-03,1.586906106279822037e-01,2.340418662026312879e-01,1.028124791736985955e-01,5.711478799787507443e-02,-6.049457141138159591e-03,1.037322411117518883e-01,1.025772531658970949e-01,4.670082739832382562e-02
-6.179659651181760444e-02,-4.007198789561324317e-03,2.088600773853620252e-01,4.548303725001431180e-02,8.831978602212856716e-03,1.605789643804116928e-01,-1.959332873460345459e-02,2.394978071527904123e-02,1.462913605238980066e-04,-3.516708025668532911e-02,7.037089886468970990e-02,-5.438099635530501547e-02,6.211889441173742976e-02,6.611095529504495971e-02,-1.228597519222402179e-01,-3.232499621206048196e-02,2.068279589267854324e-01,9.188046305916106049e-02,1.094398624582965662e-01,2.326961516605238756e-01,1.181435151780876325e-01,1.103788718620783427e-01,6.033515619328989193e-02,1.358635868469008634e-01,-4.777223400946903342e-02,1.716440198752581248e-01,3.949898210230253642e-02,2.549214061854881974e-01,1.969796868054228822e-01,-4.944636214866739848e-02,9.193835358754905152e-03,1.807891246901787430e-01,3.026732405528274189e-02,-1.829092193042150816e-01,1.160754196706935970e-01,9.860689744754261299e-02,1.756386675648546614e-01,1.691496826646936291e-01,1.113098227371074889e-01,-3.598448956567180945e-02,1.516136361490729445e-01,2.613520885692698914e-01,1.223538019161795193e-01,1.258513638951123115e-01,1.069598939860316317e-01,6.515156326879918691e-02,-6.430004450101752325e-03,9.453162685280266930e-02,9.810440085209343186e-02,1.073260807410535006e-01,5.324750802473366545e-02,-7.541461042388840352e-02,-1.273879659991835472e-02,-3.033190158925882715e-02,2.750371235027732411e-02,2.353395915896601687e-01,2.998179754299846733e-01,-3.479465257937134487e-02,-3.424302531735719246e-02,1.590460181075230572e-01,-1.634976016290774770e-02,8.725845069003577981e-02,1.342706171421250982e-01,9.808569533746606950e-02,1.407342450161475356e-01,-4.674715547954641504e-02,1.623986704988775176e-01,8.819999168655220934e-02,1.340476372961335316e-01,-4.698296540992875220e-02,2.371200229876610499e-01,2.183701058105347315e-02,1.198241725109030764e-01,-2.157224266503232797e-03,1.367817816584617208e-01,-4.290823835904600952e-02,1.966895132455298012e-01,1.427786198204787638e-01,1.263022183151760180e-01,2.986093204156164416e-01
1.035214550287147095e-01,-6.258376683221381076e-02,9.882861884943902608e-02,3.072025428456180360e-02,1.041340926243383563e-01,-2.678725076187565141e-02,7.910264603176213327e-02,-3.439746406101288484e-02,-1.177817997382553730e-02,1.448226289852972970e-01,-7.342635888038999414e-02,6.620030543712333848e-02,-2.646691218867062555e-03,-2.705927894654956353e-02,-7.060888143649948767e-02,2.526752528948711385e-01,1.652265158587185589e-01,1.157513919622181059e-01,-1.398110571246571621e-01,1.443977786462909696e-01,1.365553146255637507e-01,6.106010366914951804e-02,-4.787550977818362530e-02,1.836684779880846663e-01,2.119727703920482598e-01,-1.253864859118333230e-01,2.471791982617769778e-01,1.415727952244376087e-01,8.428865668897697616e-02,8.000836562142151290e-03,2.918741492507592045e-02,1.034518974882015219e-01,1.752185295564707146e-01,8.641548058935492882e-02,4.227215039279048903e-02,-2.092183027134036574e-02,9.749023546207162549e-02,9.617020423705845145e-02,6.264443669141714355e-02,1.299337071770517993e-01,-3.358267037402883071e-02,2.428650332519430854e-01,8.212148989630629675e-04,4.557990691012873269e-03,2.930685851691913202e-01,1.159256458323499606e-01,2.717667706835014685e-01,2.674318266156712198e-01,3.101047588303018718e-03,-6.763157695940512359e-02,1.157331902165299187e-01,4.030750092048846628e-02,1.480193811792515114e-02,3.811522749286976736e-02,1.524848005022339491e-02,8.610781909971418346e-02,5.563569035644234939e-02,1.499468229769232788e-02,1.359438767827499395e-01,7.336446319907080627e-02,2.437414970919672685e-02,1.465200788749230522e-02,-5.306671562415384014e-02,6.142794041375521791e-02,8.304656080756293857e-02,-1.438335243224806992e-01,6.229109588583411211e-02,-1.189714259807913010e-01,1.332173820447107582e-01,-1.623469156087787441e-02,6.614995700509386511e-02,1.334738276559982173e-01,1.659635397228519382e-01,1.508700510561382657e-01,1.662837856082517995e-01,2.902103894564139197e-01,6.865722261762007006e-02,-1.225483108605099174e-02,1.148862342891675131e-01,6.588107832938470965e-02
5.798218801136017370e-02,1.528483741229463844e-01,1.292007961380386939e-03,1.830856264196025485e-01,2.499951357710452227e-03,-8.351488074840439368e-02,2.024387569938706777e-01,-6.233437830348962858e-03,4.054833037636097065e-02,3.245141415619066938e-02,1.288177228048801581e-01,7.771177099069564997e-02,1.521087954758049421e-01,1.077327343540999544e-01,-3.411150099637225066e-03,9.590717503073076591e-03,8.922958004312443736e-02,-6.055528905208810986e-02,5.570338335963844617e-02,1.139875727555065138e-01,-5.686013435423679929e-02,1.270448673665275086e-01,6.248936783580261861e-02,2.246662598284653589e-01,3.398260975459031774e-02,-8.737540342494892753e-02,1.218255076718494784e-01,4.578562887844131457e-02,3.652540182135124991e-02,2.718196361408106720e-01,-5.122048209184803386e-02,6.895311965934770859e-02,-6.275694769781663129e-02,2.553027920221685038e-02,2.041110993390568562e-01,-1.596716341738985481e-02,1.088393898771232160e-01,1.389503640298085652e-01,-5.257925494337911676e-02,8.322805598429591778e-02,7.263694055080234524e-02,3.265562513499792319e-02,1.750953088447253225e-02,-1.181990218660898956e-01,6.785573079577546241e-02,3.361321032000851028e-02,5.341428849494037068e-02,1.121638973988685478e-01,7.702729889965943821e-02,7.491566958470843862e-02,3.177528981416991027e-02,1.766603591945490812e-02,-6.045000629876232795e-03,8.976782390971548009e-02,5.678465681765857906e-03,-7.286722036613210718e-02,2.786958311536939514e-01,3.418463560440929139e-02,1.367780583259369243e-01,2.553594586753189441e-02,2.025605737727534383e-01,1.420249013103692670e-01,-6.502771536345521020e-02,-4.185546328010236738e-02,5.718905900285939370e-02,1.125199810993018079e-01,2.853910321178753651e-01,1.411783831607675288e-01,-1.000459054787095417e-02,1.057731751657802061e-01,1.495492781808294147e-02,7.133342397016308178e-02,2.623192755359738879e-02,2.119455505754076208e-01,1.034603077172835950e-01,2.244489988158165084e-01,2.806171289772147470e-01,1.396372459381325926e-01,6.580454585129066891e-02,-1.651179080512440653e-02
2.124876110737389245e-01,2.405662646050512332e-01,-1.258492059310140632e-01,-4.834498702684141697e-02,8.904859137379461664e-02,-2.421374083682768460e-04,6.597654074761709342e-02,-7.204578824252945435e-02,-5.577399464052457817e-02,1.510781976390334624e-01,8.654521490210012602e-02,-6.978727940818893472e-02,6.436619667603531159e-02,1.690561616690115510e-01,-1.919802645136373456e-02,-5.948300357905070973e-02,1.287930176964805461e-02,4.450411056766395007e-02,1.409646111675907920e-01,5.119941604674221186e-02,2.082045502283657312e-01,7.047314186727089702e-02,1.126548784204757098e-01,1.564586349369169738e-01,1.314298179751180184e-01,3.909132020315638639e-02,1.950090504890870935e-01,3.110687890682726706e-02,9.688784690044006942e-02,-1.356595819549144630e-03,9.003438279853562265e-02,1.050728612083175334e-01,2.619614468878667113e-01,4.152283561433388163e-03,1.696782085215685909e-01,1.057501751580956495e-01,6.273856356505451426e-02,-2.984593685961603807e-02,1.961524155902165945e-01,-3.576636951603217457e-02,-6.277699843968283580e-03,-1.004168256009072280e-01,5.139919252229838836e-02,1.941007834108808838e-01,-8.847570795148079759e-02,-1.452956587943610850e-02,1.002878997058206240e-01,3.287331727957609057e-02,-2.439859366301079177e-02,9.143020384622341235e-02,8.530215341302695153e-02,8.503863512719844406e-03,1.674390128472658112e-01,6.002423096273957343e-02,-2.446969260949347774e-02,1.249386720485283001e-05,1.821852718156787287e-01,2.335178907426852801e-01,1.180746915996516017e-02,5.120450338838669624e-02,1.286534220025489506e-01,1.197172203727544203e-03,1.726602828711861493e-01,3.725788486271887356e-02,1.096118909778088929e-01,-3.444858323862993316e-02,4.716951970770565106e-02,-7.072008464526197136e-02,-1.235088879956399294e-01,-8.902221273810635715e-03,1.241413298167242663e-01,2.508527433347386704e-01,1.282647729204625109e-01,7.441937282008043164e-02,7.953257662096072100e-02,3.968119140330235439e-02,3.764793575030393746e-02,3.406317106858867266e-02,-2.244994768568838242e-02,1.934278460379211806e-01
8.697576808380753921e-02,5.288663289519882071e-02,-1.409022628596817150e-01,5.009613202418446848e-02,-1.126817990436261852e-01,2.531548461601084710e-01,8.854295697070080351e-02,-4.860720497026801284e-02,4.004692882420364530e-02,1.588158626439672150e-01,4.582000637662774628e-02,1.135592951046138915e-01,1.813775311605150473e-02,6.433090767534480059e-02,-5.248436440542522674e-02,3.170458119192168245e-02,8.748246733042602807e-02,2.545851911738046813e-01,2.705602383835490898e-01,-1.110273037593966644e-01,1.727384216272835962e-02,-3.003340309772684416e-02,2.486818872721753837e-01,2.457726071023549619e-01,2.314890036845437260e-01,-9.842468419277823621e-02,1.729416590230242051e-02,-6.786526794149162767e-02,9.898361181173125078e-02,1.138087587777871501e-01,1.167556796005193853e-01,6.314883007641128310e-02,1.519323689066692518e-01,1.521539929684290471e-01,4.239799917449825484e-02,-2.520586730575544859e-02,2.095615208973213572e-01,1.346543802031633374e-01,1.770556334016576694e-01,1.145026704357028635e-01,-7.383307599729140025e-02,5.489485269618028102e-02,1.364940834109819867e-01,2.286635924650683160e-02,-3.073059251731020264e-02,3.027726910735565879e-01,1.817021267824584230e-01,-1.052699891506915925e-01,2.174231479040889675e-02,-1.126710510723728659e-01,-5.573355695462936521e-02,4.461151812916630717e-03,-1.965495686287969598e-02,3.936540677938971111e-02,-1.338860912386275748e-01,1.219472118809507427e-01,1.371093337466294249e-01,7.362237651281977775e-03,9.330249637649194738e-02,-3.964098783946219673e-02,9.093096000099336329e-02,-1.268661207175768475e-02,4.388731229784090249e-02,1.853258785913922471e-02,5.462623045964132458e-03,3.266857438999657554e-02,-3.929591153837000417e-02,2.163368554443301228e-02,1.645786386748223085e-01,2.554023198085720869e-01,1.677412464835797423e-01,1.254967041298303276e-01,-1.277509074069208272e-01,1.361373505861866451e-01,-2.378456830643168110e-02,-6.212826023729601382e-02,1.918237167773906848e-01,5.666887661813795052e-02,1.854907146124121498e-01,1.251741818680753571e-01
-4.140004863196403845e-02,2.127686052285773441e-02,1.048823162750728011e-01,1.101027005839895490e-01,5.081719717142479248e-02,2.293084246371051016e-01,2.122109866628177910e-01,-6.917198928609089026e-02,1.286352953253786235e-01,7.391409356979795897e-02,-5.018200646470038356e-02,-2.921541312258158635e-02,1.839772569830792626e-01,-8.273641658439015445e-02,7.740828725083830075e-02,-2.450440499695471369e-02,4.567988288735602004e-02,4.214962419548495820e-03,6.685438066440164973e-02,9.866115257010005246e-02,1.673437353963443119e-01,1.121690907728515180e-01,1.580085676802433781e-01,-1.631114422479017501e-01,4.496117150804524593e-02,2.921452019058156657e-01,1.217340340718611746e-01,-1.620924683615722686e-02,2.061209947644996807e-03,1.290508746183909039e-01,1.815763220593302474e-01,1.020918722902073306e-01,-2.584600180195175678e-01,1.017226981802741986e-01,9.580651849251435592e-02,2.295153543903975801e-02,2.454935567932425844e-02,1.179370584035888542e-01,3.604984984700955464e-02,1.589091218947873141e-01,-1.732183009440591091e-03,-1.420488680424539414e-02,1.642941113201669967e-01,-5.897249166893765021e-02,-2.434419263396968031e-03,6.865818448175664557e-02,-3.592225968269420477e-02,7.205931149866119656e-02,-5.477162964378765042e-02,-5.490374050806769157e-02,5.983738395261291310e-02,5.770447429939444539e-02,-3.688345248438609086e-02,1.206877231104184767e-01,2.346849766043922203e-02,-1.979130505611649826e-01,6.926957033070377245e-02,1.476069865578150953e-01,1.183373480534534034e-01,2.414644416692751649e-01,-1.834747014609217353e-01,-8.147062998067822193e-02,-7.603713394590543018e-02,-2.119384206517351682e-02,1.478634806139949021e-01,5.840675344856507967e-02,8.266069710024401274e-02,1.584175644628006141e-01,1.566476324107157758e-01,3.009821328594750739e-02,1.784232957588379742e-01,4.284549263679537229e-02,6.537772084843769538e-02,1.248104684516912199e-01,8.655594126710358660e-02,2.536721682008110171e-02,3.842237271294137169e-01,2.287212148677381929e-01,8.637579356194557967e-02,8.807364247791106548e-02
4.121970986182209307e-02,6.071781778685276382e-02,1.071717497323009388e-01,6.564194273180601336e-02,-2.778944346192190051e-02,8.395082553598730291e-02,1.304387242907402260e-02,1.386615641494258755e-01,1.327719108748791621e-01,7.824088813355183081e-02,2.120620445861272742e-04,-2.455278641007261065e-01,5.997663377686530267e-02,1.889545045095450404e-01,7.453649898684609754e-02,1.141716447707088675e-02,1.173542017584455338e-01,2.174851189971860055e-01,5.155590105022416630e-02,-8.075292991798568853e-02,8.908417936964445338e-02,-4.785818343488972004e-02,1.432260814099071689e-01,-3.703875403610935174e-02,1.239694405457725523e-01,5.120617603816064040e-02,1.659443880892409739e-01,-9.212157553064986848e-02,4.713244958519310218e-02,2.639675722203510197e-02,2.679075469689771727e-01,1.605966073600267885e-01,1.862421159952659666e-01,-2.308779084297444828e-01,1.474018780459083501e-02,1.271972389151235505e-01,2.341049032049444534e-01,2.674031216374067252e-02,-6.367501283524807168e-03,-4.530497068759483520e-02,-1.678761162897288439e-01,2.888595193633761507e-02,2.883137986098295302e-01,1.605256420850270996e-02,-6.200009911870894841e-02,9.730507023810688882e-02,1.952897735484593333e-01,9.154760770850717266e-02,-3.803281596348586507e-02,1.264615237608614738e-02,1.041833952963505810e-01,1.370489515209522557e-01,7.302382019686069758e-02,2.040770945249592294e-01,1.678862231832022878e-01,4.393266177827844648e-02,-1.677702556658618605e-03,-5.223068977519799289e-02,7.241461130189413842e-02,1.535846410259737033e-02,2.148784323180454314e-01,1.197640371517009333e-01,2.964164424274998155e-01,1.109549457184113991e-01,1.505841592355279812e-01,1.697277767389722136e-01,6.714816045706868686e-02,1.703213752145580628e-01,6.352154679826564621e-02,1.948878704955771257e-01,-1.438990712133535882e-02,8.318760501761386650e-02,-5.695974666977226403e-02,1.400207885995002899e-01,-1.079802765846373941e-01,2.459780720762831663e-02,1.260283198122310322e-01,-1.534254831206653289e-03,1.213153488725546708e-01,7.239296427960278946e-02
-3.349981359994454178e-02,4.366948027992077069e-02,4.596773495312065499e-02,3.215261412144356651e-02,5.961322476849398311e-02,4.113902534432757607e-02,-6.856492850279022333e-02,1.968948329929550156e-01,-7.168731210583270674e-02,1.798184783406757137e-01,1.454115463561206634e-01,1.779724273992275563e-01,4.371025294563660180e-02,1.206765588635500680e-01,-7.118846918598688289e-02,1.910601641966129249e-01,1.667029994374239765e-01,2.273230857984311071e-01,1.291253914252069868e-01,-3.076823590074332510e-02,1.344839052815307023e-01,3.260546572474039978e-02,1.507046431905000594e-01,-1.150838494162685494e-01,-5.400881670227961062e-02,6.344498453086118601e-03,2.376521109303410539e-01,1.547492103076417158e-01,1.795698216703027761e-01,4.492481122853487358e-02,6.958812122527766042e-02,2.512294547989199489e-01,2.871441521773798189e-01,1.061468136144016611e-01,6.331810739485899120e-02,-6.703866845655558071e-02,1.271405379006004289e-02,8.810816848456001771e-02,-1.215151002219021642e-01,1.411766473065943495e-01,3.713147532251449834e-02,-8.393123966238250078e-02,2.231766957636764914e-01,6.816837828922182874e-02,3.859626320547369926e-02,1.804255502617189422e-01,1.892635015017680444e-01,3.109027373581934803e-02,1.699921017588838790e-01,1.902668919993480978e-01,1.711647970287583642e-01,1.917570701413250644e-01,1.507207232160180932e-01,1.438812024810555701e-01,2.661894174985571793e-01,1.489403019732029598e-01,1.876126965184270468e-01,-1.000978341620774731e-01,-7.700443730447768809e-02,5.224247396663316001e-02,-5.028720405483184247e-02,1.336784785383038077e-01,7.893775908583983147e-02,-4.141781708762166947e-02,1.375797602528348595e-01,6.439060756641948324e-02,5.210973205572783790e-02,2.118443701355142150e-01,1.441967791236852536e-01,6.671178169419779425e-02,2.023550478412733944e-01,2.600447476842933092e-01,6.737856855974062864e-02,1.310171446335467171e-01,1.579759728842146105e-01,1.268660840672991563e-01,1.239454524582569162e-01,-6.825076318563509659e-02,2.968846648707019198e-01,1.096940986076155589e-01
-6.076361577719957552e-02,1.351346828841766823e-01,2.502103340867021242e-01,5.674966900035782746e-02,3.021487057666265019e-01,3.620707029005446748e-02,-9.700655192816177996e-02,2.197442472656982448e-01,1.632655309930900744e-01,2.228561654107543422e-01,3.106987865359277581e-02,6.638211102319745149e-02,4.523502874860406420e-02,2.611022787722900099e-02,2.397757543628574184e-01,5.277878066750833069e-02,8.276203570045920221e-02,1.423847796451312986e-01,2.169151795535101401e-01,1.343304603334991854e-01,5.302455023254606936e-02,-3.178072075055867439e-03,-4.337023031257643269e-02,5.642095425292342065e-02,-1.945501799326316769e-02,-1.258202899295740584e-02,1.327501575546484285e-02,-1.467237200053081968e-02,-1.034096478779197581e-01,-8.260900549791400094e-02,9.306490446448111020e-02,9.394427417636659963e-03,-2.370774737093868986e-03,4.115201068369529064e-02,1.054347676672846290e-01,1.708845599251749003e-01,-1.277909247694525574e-01,2.368728175431963553e-02,1.417938170779283087e-02,4.913866346644380628e-02,-3.467290145485904529e-02,2.572802590056315619e-01,1.195530329520029522e-01,2.108268949421709393e-01,5.358848250529275881e-02,3.851484479410286488e-01,-2.072938017968196239e-02,9.516186895063613593e-02,1.162317698853316955e-01,1.449881897181202750e-01,2.220866354152076574e-02,1.130027774785670597e-01,1.994348782423721600e-01,1.408855924110269664e-01,2.523677772849839407e-01,-7.009972185412739580e-03,-1.272803115469521296e-01,8.082940907699183442e-02,-8.092969322820445927e-03,6.316016546774042006e-02,1.195350453987686912e-01,-2.720392582563597311e-02,6.761930386978424329e-03,9.292302872602435648e-02,-3.479079879307012818e-02,6.165668175806954081e-03,1.891302520524545394e-01,-5.872817496192029446e-02,1.704804920201329343e-01,2.285340943092432353e-01,-4.322360027114480197e-02,1.174353626876153134e-01,5.218929648633558599e-02,1.733776055019692064e-01,9.983504591759005675e-02,7.914973705998271103e-02,-6.124519316658331297e-02,-2.959792571640281963e-02,5.035308769246552019e-02,1.452855826899775715e-01
9.775833548816784124e-02,1.302031544703929553e-02,2.205015199501072776e-01,1.506937728867929482e-01,2.360372299637172044e-01,4.908233939452692068e-02,4.566721517529732932e-02,3.697386581213412543e-02,1.598620421680741199e-01,6.755750700597028258e-02,-1.325536125011742917e-03,-8.215491126183821491e-02,1.805542705425268110e-02,2.309468954371869664e-02,5.819582602676644928e-02,2.115402634514521873e-01,1.981491785648074599e-01,1.271960852121979402e-01,-5.396688736526498997e-02,1.088452683306649071e-01,1.769798625374996159e-01,8.682830506621334876e-02,1.239707168639897356e-01,-4.543930382742134011e-02,-6.476400810670689123e-02,1.599523965825301874e-01,5.713588395089243266e-02,-1.540936104396556025e-02,1.178234608177555626e-01,5.764384531536785074e-03,1.369622141431537099e-01,9.273795772426308981e-02,1.945583741976570080e-01,1.558711387650168478e-01,1.546311042675543312e-01,1.697876184539576505e-01,1.289889223378534455e-01,1.132621065374896790e-01,9.364520432824809115e-02,-1.094279859481767786e-01,-2.439102995373609167e-02,3.599147844340485139e-03,1.334601068255953371e-01,1.512497686763950300e-01,2.077071556180931922e-01,-8.093940073567047755e-02,1.964706438588676995e-01,1.535586940639727671e-01,2.443065818755012220e-01,-1.353821994880647639e-01,1.695295194471830302e-01,1.134227660384905106e-01,1.446924339734104725e-01,-8.585476078019647905e-02,-9.125400572533688692e-02,9.545756755512552205e-02,-5.421401390548830426e-03,1.429132333448041303e-01,1.383714013936642728e-01,1.934098319522082818e-02,2.023572269058299677e-01,9.906764840404561068e-02,-3.863638440501907662e-02,-1.094394113483168895e-01,1.039305908040126653e-01,3.994114470549134377e-02,7.002146962033992117e-02,6.065208748460977975e-03,2.571011869524319690e-02,-3.837776509521236609e-03,3.279028200689067252e-02,9.791121044641298843e-02,7.434378691897952640e-02,-4.670680521586374756e-02,1.454611256151812915e-01,1.143775048316502535e-01,6.374872482194543499e-02,1.211320890065143846e-01,1.686219351491336504e-01,8.344434157562169441e-02
2.416533339515725479e-02,-1.405334207049560580e-02,-1.931310509967914743e-02,1.334670432355043179e-01,5.375192883914042125e-02,1.750874695922461644e-01,-1.987593217492666237e-02,6.294828755258997932e-02,5.393147139232665199e-02,6.027620550311319630e-02,2.881414274695909272e-01,-3.078569980021917535e-02,-3.650511730739636890e-02,2.811877281759938771e-02,2.211418718133080497e-02,-2.113620396863253037e-01,1.805505483234310093e-01,-1.095466093920832856e-01,1.900985417251060128e-01,2.045443113596218387e-01,-1.080063359812055424e-01,5.563197494416274175e-02,1.281437243798273229e-01,1.020117999561507005e-01,1.456907365334750015e-01,-3.456090951053102794e-02,-6.902698093845725802e-02,9.588895591797053086e-02,1.252296379024112338e-01,1.601887275481486128e-01,1.673620660025658957e-01,6.651973409425246397e-02,-2.472540131326763507e-02,1.113388628828844568e-01,-3.199224384747945821e-02,1.391847900346734890e-01,5.489545404655425676e-02,7.939621237359019423e-02,1.562951989669278743e-02,1.778129863620664108e-01,9.547798181870323364e-02,1.057094308385713027e-01,1.667973508540979977e-01,9.174367226089048810e-02,2.150303448049665778e-01,-2.689652876647896478e-03,1.050242464688655591e-01,-1.462987675060846860e-03,-8.530457708656541405e-02,2.499529783360080193e-01,5.765711712818635815e-02,5.683577153458259368e-02,2.002282842579555522e-01,2.062352941177441612e-01,-7.820311131437879260e-02,1.869077912982829714e-01,1.413136110765064457e-01,-4.896130739283350436e-02,1.268304639821012381e-01,8.945677400989741901e-02,4.232467507848831911e-02,1.735397873022278409e-02,-2.310942998529453424e-02,3.955820948671594055e-03,-1.080121853682559224e-02,9.140944915811007043e-02,4.574171644611132320e-02,-9.473050988276159046e-03,-2.328413783010295779e-01,6.382095720786529203e-02,1.232160978545906865e-01,7.074638212515396707e-02,1.559142937655098593e-01,4.869733758785990685e-02,3.122520995477949257e-01,7.609192244406254302e-02,-5.695871647808543187e-02,1.684205630807073528e-01,2.293712144944490272e-01,1.001912674400368131e-02
1.039314723251293232e-01,1.143533290421475945e-01,2.191949429313127390e-02,6.073494428957526559e-02,1.224320990649195584e-01,1.097893023169659726e-02,-1.788969322164390930e-03,1.724239491270520008e-01,-1.838985746603128205e-02,6.860624349007267420e-02,-9.424943198553928370e-02,2.385044537644250007e-01,-7.923954257178555949e-02,1.143886194105276505e-01,-4.142450817147568659e-02,1.098342376492539713e-01,-1.060132217017419748e-01,-1.077899613511745791e-02,1.179616575612738583e-01,-1.673259858193054950e-01,1.311780338789793054e-01,-5.399728185074385844e-02,-1.527931502934540831e-01,-2.500275647315566147e-02,1.907025779350881300e-01,7.978995906075644906e-02,1.349772478599601810e-01,5.279840432278712879e-03,-4.814275739808825116e-02,3.700908740789887741e-02,1.040952637841616873e-01,1.047224650707083010e-01,-3.280798774773440590e-02,2.943447742536230427e-01,-5.028110578876881370e-02,-7.768835309004139267e-02,8.259939214025327492e-02,-1.280346656233312674e-01,9.833220979166296116e-02,3.284061097346839819e-01,4.549506567353359121e-02,5.339081793017067673e-02,9.015521024289883945e-02,4.636672226333714980e-02,6.940404626507298835e-02,6.671728240019894618e-02,1.498442538966410220e-01,4.421276285373581388e-02,1.151969010110774488e-01,8.964461148404148302e-03,-5.848107941790755583e-03,1.716260341203012518e-01,7.565701781176484807e-03,2.130001106782277165e-01,1.862819355521385944e-01,7.344755034004575578e-02,8.230829838569865553e-02,-2.597397109407998186e-02,7.034553075026656055e-02,6.888316398598266777e-02,1.323635700032346763e-01,4.412843949737502852e-02,3.560624911569409412e-01,9.744079489086061863e-02,-1.666374697641108682e-01,1.026282832145924001e-01,2.652976479910529317e-01,2.936144088490268145e-02,5.592873114396969964e-02,1.323644457635488568e-02,5.123769723744726196e-02,5.663290405088827056e-02,2.976781395201043984e-02,-4.847362664854013709e-02,7.794949547823896985e-02,1.744152873952045935e-01,2.396647742470351672e-01,1.264209690856002155e-01,-1.184769224294015266e-01,-5.183032457732689863e-02
1.108858470476245944e-01,1.238224212970449878e-01,1.806168094442895181e-02,1.914920656179156522e-01,-1.175324036824104412e-01,1.865856923672193080e-01,1.594913143536092759e-01,7.230653647774995529e-02,1.846594776111533664e-01,5.301515605845040502e-02,1.093319483851307450e-01,1.314029682109427999e-01,8.430447837590437921e-02,5.483983651781412089e-02,-6.019161301990209184e-02,6.525858075521451251e-02,-5.822200907475251486e-02,1.429467304491991997e-01,-1.546645790557289388e-02,8.369114012224827814e-02,5.083042153922986972e-02,1.085799239893505408e-01,1.214957453581860386e-01,1.130966155949806179e-01,-4.307482886284889727e-03,8.029261685278112071e-02,-1.337561929291893742e-02,-1.500962533949757672e-03,1.394900148052716782e-01,8.175606800329784929e-02,1.764715764267528811e-02,2.698189401008429405e-04,6.676957250964631052e-02,-1.049801026042792435e-01,2.732055846807401878e-01,1.086033558847271652e-01,2.130627065065965331e-01,-1.107675560061723297e-01,2.750934209211265691e-02,-3.191175239856271911e-02,-2.794827576468302335e-02,-4.737750702188987806e-02,-8.198530641098679406e-02,2.094304797897184392e-02,1.008039360312044525e-01,1.565613467448717933e-01,1.178189165125181070e-01,8.853025323338986619e-02,-1.401221634098716584e-01,2.705112643701521602e-01,1.658898408847878092e-01,1.043855266529919029e-01,-7.460088125190153518e-02,7.157660886576005903e-03,5.856068765178430030e-02,1.157655698644347031e-01,-1.076566541011944322e-01,1.471798168704114285e-01,9.619938184600226871e-02,-2.731375698491837409e-02,1.743229942634451704e-02,-9.113411438079144222e-03,5.639622651175192625e-02,1.710677496764062000e-01,4.986208298555660362e-02,8.077985264257314668e-02,2.699987010205429083e-02,-3.832449582437065516e-02,1.264810152266548360e-01,2.209996416208808434e-01,-3.437067876764266644e-02,1.581575464816350196e-01,-3.898488515507699675e-02,1.875204349734814480e-01,6.511635501522565483e-02,1.801359071611889628e-01,1.067404851263167864e-01,1.536575070757643102e-01,8.110782213897231585e-02,2.256005585757959175e-01
