-6.185955966967378039e-01,-6.583338840432272354e-01,-6.012358679136672324e-01,-5.608321680881326321e-01,-5.599811315074396667e-01,-5.515983489163195364e-01,-4.334958081914435657e-01,-3.140742032600233880e-01,-4.289408587062468192e-01,-3.443565659390402933e-01,-3.149628593352428729e-01,-4.162027400637917096e-01,-2.471643499364926944e-01,-4.155483834697450973e-01,-1.733347207724334274e-02,-2.996416006209059457e-01,-1.634792150620097417e-01,-2.879948839071347910e-01,-1.849140074230880837e-01,-2.977263528641796997e-01,-1.054445566096692682e-01,-2.531016908279257183e-01,-2.465125685507002506e-01,-1.373225645362376457e-01,-1.575159784531952600e-01,-5.993474458678289124e-02,-3.683041523844200471e-01,-2.898887030640733276e-01,-2.154874446620981543e-01,-8.259170303539403735e-02,-1.524412996178816648e-01,-8.142016417604125422e-02,-1.812110634627855932e-01,-3.046848151898312596e-01,-2.539224847213039093e-01,-1.026425109864977508e-01,-5.579102316629417843e-03,-1.198049783953151898e-01,-1.726484958151473237e-01,-2.150103000005414156e-01,-2.698943163604409223e-01,-1.009026316186738409e-01,-3.027449590494315501e-01,-1.999811064395619620e-01,-1.274397550384885891e-01,-1.516909623448551292e-01,-2.096508297026497547e-01,-1.203995391635511031e-01,-2.053822046010778946e-01,-7.154226226803617195e-02,-3.124636780286829119e-01,-6.102213535270335082e-02,-6.417755225693019816e-02,-2.494931687978100832e-01,-2.621332758458973511e-01,-2.741850552606719948e-01,-6.472178977925585608e-02,-1.122239581586493701e-01,-2.211189983482035326e-01,-7.211548562547226426e-02,-2.623021887700561772e-01,-5.609710630991145835e-02,-2.009857433150122330e-01,-7.871105797530522641e-02,1.181017275149990053e-01,-1.899179828763488953e-01,-1.813806722905881574e-01,-1.420833595138015215e-01,-4.568058188504198203e-02,-7.283911371656845435e-02,1.381647940924274065e-01,-5.977400008204734189e-02,9.373876632225187910e-02,-2.058875259016191006e-01,-2.148934624380833408e-02,5.767712382191147319e-02,-8.051123369788767969e-02,-2.125457953069576078e-01,-2.409639178256628711e-01,-2.706467785269778270e-01
-5.929240963753863447e-01,-5.183540328388620555e-01,-5.264042408089449898e-01,-6.409088888553916563e-01,-5.133571547446349470e-01,-6.123931996757139284e-01,-6.086119578648646611e-01,-5.228798613298750730e-01,-4.400207689098717401e-01,-5.162579586090760841e-01,-4.159454920838255298e-01,-4.865135789445467207e-01,-3.049602411499884869e-01,-3.573690377332292556e-01,-3.577971817130879972e-01,-4.500434928821490654e-01,-4.040281615481922661e-01,-4.326256743116022041e-01,-3.522240614154895644e-01,-3.370505398623007687e-01,-3.201601673089840006e-01,-2.155350716383857279e-01,-3.640808808658968498e-01,-2.790705554309071967e-01,-3.565237737040275467e-01,-2.581805155316651557e-01,-3.643179746539246810e-01,-4.610217764680681340e-01,-3.319883188808748775e-01,-2.635328756888812296e-01,-2.293311780682938117e-01,-4.024049809872575767e-01,-2.081361078487174721e-01,-3.536011584101517724e-01,-2.011070057308205206e-01,-2.548763770163513520e-01,-2.965330233772919821e-01,-4.632914013292356303e-01,-2.774967273137448620e-01,-3.443260070258624128e-01,-1.211627471331579720e-01,-2.849251576123326135e-01,-1.081568084714814165e-01,-2.490585868987508500e-01,-1.438924162268424845e-01,-4.177705950052899575e-01,-1.441902189177720062e-01,-1.027986591144506717e-01,-2.239428509523294086e-01,-1.829773967779289301e-01,-2.781658924930197063e-01,-1.347815412258379919e-01,-3.138010884489034757e-01,-2.764088837500897067e-01,-2.782438029676053137e-01,-2.707673772211022234e-01,-1.145978918649504380e-01,3.106962210709583380e-02,-2.100393585668744734e-01,-2.720664227036053151e-01,-1.864136185876701657e-01,-1.528553930105515032e-02,-1.224113478742201305e-01,-3.201313583186192468e-02,-1.608179267432143233e-01,-4.715808156798355355e-02,-1.455742391261539981e-01,-2.328435958617813828e-03,-2.172081066875164168e-01,-2.321125758279741491e-01,-2.154420569004595332e-01,-1.813033309054176145e-01,-1.818654108248873580e-01,-1.624434893276748559e-01,-1.806798328402672849e-01,-2.348933998394230616e-01,-2.624260805671539964e-01,-1.987260165708409909e-01,-2.569345849697141082e-01,-1.703927472875839400e-01
-6.162534930537844069e-01,-4.159778401122845581e-01,-6.335835190424764507e-01,-5.688672092708625394e-01,-5.879451876502401753e-01,-5.093975204247357391e-01,-6.103457231255552395e-01,-5.412050174427103233e-01,-4.360123668086347548e-01,-6.306442720781225697e-01,-6.291264637469056176e-01,-5.457227119947283267e-01,-5.414323939555160115e-01,-5.124050054423443523e-01,-4.098327453639709628e-01,-3.098654525521198910e-01,-4.632141003142236646e-01,-4.183442675818177525e-01,-4.304811430645744119e-01,-5.030793245404274749e-01,-3.385266396381811371e-01,-3.134883994820060749e-01,-4.458604411609053964e-01,-4.895877365054319141e-01,-4.266719714171290367e-01,-3.209479411017042150e-01,-4.004091142277542703e-01,-2.292497595368082064e-01,-4.724066983306465795e-01,-2.831562649305316981e-01,-3.702080246099096472e-01,-1.739195462683888749e-01,-3.047950016843037346e-01,-3.425164680975000264e-01,-3.015218895300667001e-01,-2.545913821344714667e-01,-2.149604632595238374e-01,-2.515004152798892556e-01,-3.133560766336926373e-01,-3.939629845458170743e-01,-2.085874343259987440e-01,-2.898553693331137882e-01,-3.873371052012313243e-01,-3.110542131514779651e-01,-2.748651506833535985e-01,-2.283477150744052664e-01,-1.535179759630968255e-01,-3.045598713236176702e-01,-3.157080772563791160e-01,-5.469873885285255616e-02,-2.418519157601996261e-01,-1.801960281239617656e-01,-2.806498170786321800e-01,-9.843406845245145087e-02,-1.921743114606767056e-01,-2.707587305715414838e-01,-3.114791194520082906e-01,-5.866154227714217434e-02,-8.487390137331395079e-02,-2.292983662980228321e-01,-2.362023510605623378e-01,-1.973344155388752630e-01,-2.343043630661291732e-01,-1.649603622905183864e-01,-1.862690830653938312e-01,-9.119621082166402826e-02,-8.800362283870895308e-02,-2.556484083262713924e-01,-2.945648751438613155e-01,-2.196303426007844839e-01,-6.879486532304628088e-02,-2.751953994188372499e-01,-2.839954816476389921e-01,-1.910970443396311780e-01,-1.776767197564437240e-01,-4.209992541422514535e-03,-3.019666118719936398e-01,-1.107796176716987352e-01,-1.479660370798928926e-01,-1.358741753016839138e-01
-5.728627031960501492e-01,-4.540375356693335807e-01,-5.327142391017587464e-01,-4.749483994331205605e-01,-6.337966367780628607e-01,-5.792517969698030011e-01,-5.891643311789780402e-01,-5.976210591840855901e-01,-5.152991503330575096e-01,-5.742134139691966732e-01,-5.609984046168567939e-01,-5.276168814572809174e-01,-4.930825265541932123e-01,-4.890927433057268847e-01,-4.484252335045716409e-01,-4.727846949775617036e-01,-4.028678901310092098e-01,-4.339038470826050986e-01,-4.619800942743795824e-01,-2.396808920493778139e-01,-4.533585359019047800e-01,-4.230368223300201014e-01,-3.253959351235252706e-01,-3.827097852199250472e-01,-3.043340633003596141e-01,-4.164482648281371269e-01,-4.853584540397957725e-01,-3.644703095050360053e-01,-5.334831204132338689e-01,-3.567098452417878929e-01,-4.278219344275616121e-01,-2.081531102831734870e-01,-4.308357798686305862e-01,-4.598714319261958394e-01,-3.367042880605407018e-01,-2.722734546034377145e-01,-2.577484646541929880e-01,-1.787614998777379283e-01,-2.095014273594286713e-01,-4.270476490958167171e-01,-2.885091951675657351e-01,-3.181233419919203831e-01,-2.340446076714344237e-01,-2.165248296142867901e-01,-3.687640207919702928e-01,-7.130817483098647602e-02,-1.338124269684201062e-01,-4.463918574235574699e-01,-2.899102125800467888e-02,-2.622613010797318345e-01,-2.663122361498665436e-01,-2.522527371556128606e-01,-1.872992313818552523e-01,-2.697823268913164818e-01,-1.763337455554213340e-01,-2.961856515272471291e-01,-2.725275744626193264e-01,-1.970136918545441207e-01,-2.611345034370414764e-01,-2.375845288009179046e-01,-3.124427380772148988e-01,-3.591445948061419147e-01,-4.442175208171788570e-01,-1.648547776609974591e-01,-1.475652655132777269e-01,-2.429893780376885248e-01,-2.831003545010151168e-01,-1.448007700017092114e-01,-2.561193420601732273e-01,-2.308195194984562493e-01,-3.148247877616915380e-01,-3.391253030068820395e-01,-2.040479779667657145e-01,-1.758385309094905591e-01,-5.521598322888220112e-02,-2.950953239315960985e-01,-1.811410474985491459e-01,-3.790392961717486409e-01,-9.804027461378976571e-02,-3.477101102324332005e-01
-6.231042370725964341e-01,-6.962093739005875692e-01,-6.300904124432129549e-01,-5.545499075801463285e-01,-5.779594222442933082e-01,-6.208608269650937039e-01,-5.891944840537017836e-01,-5.028196861410096918e-01,-6.065954835882776397e-01,-6.038376075448982361e-01,-5.156700607421307314e-01,-5.153592350428944924e-01,-5.363316156957641523e-01,-6.671189047622192447e-01,-4.655452639160715944e-01,-4.886143862062281018e-01,-5.353362115302916502e-01,-5.931789821062396495e-01,-5.422056976898088632e-01,-5.765768294951179040e-01,-4.876245797210541633e-01,-4.172286251962766812e-01,-4.139695832681857812e-01,-5.553464040928570711e-01,-5.270423165332783766e-01,-3.920437486349754863e-01,-4.854076962313605970e-01,-4.969004739111522739e-01,-3.502192489627458660e-01,-3.799663564203369925e-01,-3.429422782327563035e-01,-3.663804146889382829e-01,-4.847546202335368815e-01,-5.228870040935370556e-01,-4.156261034270338772e-01,-4.505790262775158928e-01,-4.599639232574157521e-01,-5.113227915663994816e-01,-3.379390281072155444e-01,-3.318304427949491653e-01,-2.857586227773799559e-01,-3.505298618073686701e-01,-2.559476172883450862e-01,-3.265462107082405807e-01,-3.752216737299257088e-01,-1.660092707748190566e-01,-5.097258491277327774e-01,-2.365899898760983888e-01,-4.009236961924026454e-01,-3.271868689637774108e-01,-3.762639732588918817e-01,-3.692465357699134532e-01,-3.081163615638237152e-01,-1.227328173482410273e-01,-1.040368046024528065e-01,-3.518264360722089257e-01,-3.111529600369328796e-01,-1.208869637587648427e-01,-1.249199245944559444e-01,-2.646510088525912407e-01,-1.892889452490363056e-01,-2.817384937150525515e-01,-2.668999801269749672e-01,-3.040039715471752890e-01,-2.591852202719497344e-01,-2.219904346484864177e-01,-2.906810910359312605e-01,-1.881904600374056657e-01,-1.166496403918440145e-01,-2.520071213922082665e-01,-1.805691752248455018e-01,-3.858937588041937983e-01,-3.239895175994755849e-01,-2.369917818543014199e-01,-8.842543851222735285e-02,-3.977179721856385908e-01,-5.581657563980615966e-02,-1.209218264260345788e-01,-2.047707465767564516e-01,-2.943502016735433102e-01
-5.584827904914354546e-01,-4.233099440080628773e-01,-5.451266869747288801e-01,-5.162056373796495290e-01,-5.475267468033988560e-01,-6.532285022757722270e-01,-6.050552117557548293e-01,-5.795033316294623260e-01,-6.516825791484400776e-01,-5.309268376278634127e-01,-5.854053673860888374e-01,-5.695841239147780843e-01,-5.591220906012182024e-01,-5.474943308311254198e-01,-6.669733929709974474e-01,-6.214395113845770924e-01,-5.641533521129016293e-01,-5.073156456984095897e-01,-4.392260651894256407e-01,-5.635963777073551562e-01,-4.513251119645348419e-01,-5.332576798266087659e-01,-5.136253550206436591e-01,-5.281149243988719766e-01,-4.832301220256523533e-01,-6.194817234221279278e-01,-4.625716151737390147e-01,-4.422058972475343408e-01,-5.688913570677619491e-01,-3.736839833359837382e-01,-4.306094143975737754e-01,-5.028377158595229712e-01,-3.865472064927779616e-01,-3.145879966741834122e-01,-3.525428048310097484e-01,-3.320627099897880963e-01,-3.999101175383357187e-01,-4.140823562867536056e-01,-2.856303534665649013e-01,-3.298362525086119823e-01,-3.952088326896727732e-01,-2.763748995058891156e-01,-4.102898599619210773e-01,-4.232955539882839457e-01,-3.988323535567181444e-01,-4.177934324610600991e-01,-3.645590369028425815e-01,-3.234831220545101305e-01,-3.396866942879407381e-01,-3.686573380262070931e-01,-4.038856274317668693e-01,-3.158586108980022122e-01,-4.322544070829180685e-01,-3.612962379044173389e-01,-4.343020570360628940e-01,-2.019780534186416954e-01,-2.435891514990302931e-01,-2.690646156330259164e-01,-2.660112001867711573e-01,-3.081853126591188596e-01,-3.275336141486999697e-01,-2.140752899266314957e-01,-3.118430719102365800e-01,-3.597339871876846229e-01,-2.212874844981548295e-01,-1.721831292599121099e-01,-2.725175603863136398e-01,-2.749989749478791712e-01,-1.615409947919119460e-01,-3.691439497285941007e-01,-4.400094881696237081e-01,-2.784258080915686384e-01,-3.065645952416160558e-01,-2.076832965173989465e-01,-3.162226351144046266e-01,-1.603735233703786067e-01,-1.882828407287762962e-01,-1.969536943884984959e-01,-2.566082616187230769e-01,-3.510012198222801083e-01
-4.802946117803224002e-01,-5.551799563777420898e-01,-5.189977335238229461e-01,-5.070802578628916812e-01,-5.136891089964654711e-01,-5.465874555171417182e-01,-4.913069701731285210e-01,-5.483438321498133039e-01,-5.412062395102666956e-01,-6.353080280983397499e-01,-6.449789388051986316e-01,-4.851463017099466035e-01,-6.196583277904282872e-01,-5.993013817609528227e-01,-6.865413836783513801e-01,-4.211615423889991106e-01,-5.914410166225336773e-01,-7.094853474692520701e-01,-4.922961859675040741e-01,-5.393836598867604026e-01,-5.807948274714866965e-01,-6.037232083241286240e-01,-5.626052770114914336e-01,-3.938871794015762484e-01,-4.866983701657762174e-01,-5.598339697476665267e-01,-5.569874298305976801e-01,-4.499680518197034518e-01,-5.045873440320748360e-01,-4.103415985070899552e-01,-3.846094960198753743e-01,-4.214901153243280074e-01,-3.617769396909162327e-01,-5.107706268419992535e-01,-3.957409992440772961e-01,-4.953038446227163716e-01,-5.180629147641737653e-01,-3.201571904291529713e-01,-4.469821765839072092e-01,-3.028548198361612487e-01,-3.755308268957669449e-01,-5.302832694255050772e-01,-3.510237536668863734e-01,-3.342556906386048854e-01,-3.453380168399612371e-01,-3.464522697923975714e-01,-4.687427726405778983e-01,-2.307902641864493787e-01,-4.217820084649170354e-01,-3.746908504783666993e-01,-4.066018087775601919e-01,-3.638993129664491177e-01,-3.245940987252387555e-01,-2.874745008231553434e-01,-7.424691855779255723e-02,-3.557420894901875408e-01,-3.576974521442051747e-01,-3.025895006935116482e-01,-2.573867615628936956e-01,-2.360106599681947581e-01,-3.908545304175309876e-01,-3.091739449507235893e-01,-2.241894583597757173e-01,-4.166885659814127396e-01,-3.871744286749803643e-01,-2.988488785476015597e-01,-4.097305422607842029e-01,-5.082168732985643533e-01,-2.364599408736579311e-01,-2.571364543090954302e-01,-4.119400275212869444e-01,-3.794275430054054321e-01,-2.330399432480325939e-01,-4.696613008352373275e-01,-2.765714467199141824e-01,-4.108908457220217247e-01,-4.050700233932133520e-01,-3.568455851135650669e-01,-2.562505448705125755e-01,-3.886852767573913403e-01
-6.839561243953562464e-01,-5.605012685901779035e-01,-5.930233326072477107e-01,-5.941506861711353116e-01,-4.947467203545256043e-01,-6.353636156649548061e-01,-5.314572545110105573e-01,-6.448326613034400800e-01,-4.704864249685711264e-01,-4.776430709583792678e-01,-5.411743562523294582e-01,-5.674204337314695534e-01,-6.209010278254601944e-01,-5.264312918352934689e-01,-5.420030284120087583e-01,-5.190429645349835530e-01,-6.594558991924988067e-01,-5.514727814750076673e-01,-5.296043827488846611e-01,-4.757488763436041879e-01,-5.452807606897601689e-01,-5.848142074556474945e-01,-5.758531074033677033e-01,-4.624173848574244516e-01,-5.293940639134739889e-01,-5.296841945592724032e-01,-5.089862310656380062e-01,-5.317632200338446857e-01,-4.965255264950119707e-01,-4.766322451085351353e-01,-4.410051473840500558e-01,-3.892445545797010853e-01,-4.826706880624166418e-01,-5.166921464688104537e-01,-4.327345908169564215e-01,-3.641159641306060957e-01,-4.407866183243845937e-01,-4.364460973450912662e-01,-4.339257773103131210e-01,-4.822828314243713943e-01,-4.465755954133939776e-01,-6.032231306735355014e-01,-4.342833296441317992e-01,-3.852430133280367319e-01,-5.373231810065631775e-01,-5.062755901428814820e-01,-4.205977752614462051e-01,-4.250312684808251751e-01,-4.574682208232682123e-01,-4.444265984649835022e-01,-4.230073933017121091e-01,-4.312426105524391207e-01,-3.211394822514025416e-01,-4.720903241278121554e-01,-1.730311900274959236e-01,-4.603350612967481159e-01,-3.092965854683612514e-01,-5.028708677245571357e-01,-2.388382211152140777e-01,-4.771476995222876938e-01,-4.025530357084090571e-01,-3.976128356620047266e-01,-2.243286869987334564e-01,-2.480212076798503640e-01,-3.396009639952694559e-01,-2.841936134627554011e-01,-3.035765377401781762e-01,-5.101205451054066087e-01,-2.832509613753674826e-01,-1.858424122553662683e-01,-2.338148191341740401e-01,-4.189047811119147036e-01,-4.387994349694923080e-01,-2.986607734529416192e-01,-4.248299686068742753e-01,-3.939830171311364260e-01,-3.212791396196018057e-01,-3.506981410649882558e-01,-2.967833507725510800e-01,-5.351532860407197667e-01
-4.793358747790564256e-01,-5.985093490115944714e-01,-5.471044272855191126e-01,-7.005090835954024264e-01,-5.738989729399084361e-01,-5.514753178044415893e-01,-5.543863341821873014e-01,-5.966027242646808615e-01,-5.337932932238899086e-01,-5.739256175531399773e-01,-6.298872584069060698e-01,-5.474220200402591940e-01,-6.411423294936962058e-01,-6.775604825726574409e-01,-5.854242911252780512e-01,-5.193118163221421835e-01,-4.943104298492545512e-01,-6.160488038233259411e-01,-6.008699938766223214e-01,-4.917204789531665621e-01,-6.005813232065461138e-01,-5.648589124327237920e-01,-6.134174962132215025e-01,-5.886990591957094177e-01,-6.068770986849324478e-01,-5.572413556150994651e-01,-5.880639148169259922e-01,-6.230503618355224260e-01,-5.871348457807707977e-01,-5.669606738983253846e-01,-5.556543956841012433e-01,-4.816504284544513292e-01,-4.014675117421394601e-01,-4.988907525291982337e-01,-4.341488972839589455e-01,-4.151397407315882138e-01,-4.766731076544610257e-01,-4.884972353674996715e-01,-2.920589768033865496e-01,-4.307779333505978303e-01,-5.176588827528190162e-01,-4.062590164718310470e-01,-3.656408118145367814e-01,-3.714301465936118429e-01,-4.405604107218176746e-01,-4.816457578462721156e-01,-4.295101738242840805e-01,-4.482996949570744460e-01,-5.431385782908197957e-01,-5.196074980168460256e-01,-2.792193795185447525e-01,-3.371671035767965785e-01,-3.213577512429438565e-01,-3.707417971888605779e-01,-4.064719271004069157e-01,-4.352746612543456073e-01,-4.105651322471907116e-01,-5.403024523560621128e-01,-4.512863981774584143e-01,-2.727121144785850659e-01,-4.043056707276725392e-01,-3.732329149555175807e-01,-5.061294069522798145e-01,-3.237392753101409060e-01,-3.717506742923040175e-01,-4.586699936206541373e-01,-3.854199910225873382e-01,-4.921757742657436596e-01,-3.275201529568103620e-01,-3.454462909030648343e-01,-3.200123552072222655e-01,-3.068013875576173777e-01,-4.821735825078810600e-01,-2.673964967678713611e-01,-4.532255942321005149e-01,-2.929645933913528344e-01,-3.450729981047402917e-01,-4.223936441670218533e-01,-3.440864042813877588e-01,-2.160807349621673146e-01
-5.306094371759566553e-01,-4.331203910853598793e-01,-5.897881910639749536e-01,-4.665413057148504739e-01,-4.683931563425204336e-01,-5.695523162387665650e-01,-5.469973821395566205e-01,-5.718589092968656695e-01,-5.911944712706694860e-01,-6.336038775336798601e-01,-6.120024929910446998e-01,-7.031005921020919702e-01,-4.737716895886425195e-01,-6.266226790800782931e-01,-5.991972093161600510e-01,-5.830953321576294313e-01,-6.471841959940699551e-01,-6.197411730587797374e-01,-6.919135896050985224e-01,-4.712498746348237622e-01,-5.650146883445095192e-01,-4.532981494654501620e-01,-5.635982215910771975e-01,-6.624510165619681423e-01,-5.293397960474818253e-01,-4.584615249257882330e-01,-5.732235931765127246e-01,-5.612123570324580868e-01,-6.025723562398078714e-01,-4.993911377753414982e-01,-5.493445225101709628e-01,-5.531641966555735923e-01,-6.128315991374594374e-01,-4.532402505687729288e-01,-6.163883075359337660e-01,-4.744246390509915812e-01,-5.695037845504329344e-01,-4.609040703393815219e-01,-4.986281795579056708e-01,-3.648868527797305417e-01,-3.460261055625145077e-01,-4.363145140955359547e-01,-4.715044658241335229e-01,-4.799544430055873168e-01,-3.641488276506485988e-01,-3.721375209739091749e-01,-3.540740382950504639e-01,-5.218402774538990485e-01,-3.554220695643188765e-01,-5.597206209744081118e-01,-4.303350220208145283e-01,-3.533702029705192982e-01,-3.216544036878444257e-01,-5.054141758443314592e-01,-4.656801341512841197e-01,-5.350829337882726522e-01,-5.128549085330907920e-01,-4.959197519728540393e-01,-2.058084189605159375e-01,-5.480144322478817109e-01,-1.837713915711501889e-01,-4.402603318758009365e-01,-4.100007101052259850e-01,-4.664850019240380785e-01,-4.789431657147998900e-01,-3.038217175218539401e-01,-2.484534889252974499e-01,-4.822551867026635963e-01,-3.989563970757328826e-01,-3.694531459423294195e-01,-4.233328690126667571e-01,-4.568220903861515136e-01,-3.501952396499465325e-01,-4.535814982149103392e-01,-3.059281193906436824e-01,-4.028744077613580776e-01,-8.851376635537126780e-02,-3.939408730938803727e-01,-3.130875121622623269e-01,-1.337483396219520115e-01
-6.798758111516196578e-01,-5.159968969896145952e-01,-5.542793370573533274e-01,-5.691890339283934841e-01,-5.595979568216890021e-01,-5.306368577921620755e-01,-6.513434694586217599e-01,-5.936305422414096533e-01,-5.270445292115019109e-01,-4.350158166899190104e-01,-5.529364754172397811e-01,-5.197775276443586945e-01,-4.926914965305199678e-01,-5.900213260578793806e-01,-5.668456199566926923e-01,-4.756235627357116580e-01,-6.600552175388723075e-01,-5.919152974761633379e-01,-5.529565754057870208e-01,-4.964857214005643504e-01,-6.591116913951770018e-01,-6.017278084331006971e-01,-4.545997517302498570e-01,-6.486380088084675588e-01,-5.690690118958781074e-01,-5.698519801563397547e-01,-5.005307661398732400e-01,-6.616211203281411324e-01,-6.025244670139184855e-01,-6.005910117202789555e-01,-4.518524954706132357e-01,-4.803824333911133615e-01,-5.403360897166462617e-01,-5.963539879834587332e-01,-6.254957989139916519e-01,-4.654256261196123012e-01,-3.937471661069587570e-01,-5.541327200781884788e-01,-5.477216357658012402e-01,-4.937715109413326475e-01,-5.393669272419683303e-01,-4.874562083243569877e-01,-5.011373948696017377e-01,-4.770536764148798903e-01,-4.609562644468239712e-01,-4.652611568524989694e-01,-4.650672107073345884e-01,-3.672006498909904382e-01,-3.710817429916046795e-01,-4.556688692862820855e-01,-2.558217892991523912e-01,-3.594904887079349853e-01,-4.867654886367586142e-01,-4.900669728154840032e-01,-4.140748243142969298e-01,-3.805392449978506897e-01,-5.179027765628254620e-01,-5.683005948565562626e-01,-5.001412852698741141e-01,-4.166829065871797133e-01,-3.394160921490697591e-01,-3.237161310721013430e-01,-2.791648396234242546e-01,-3.746989119957111480e-01,-3.309158037097826854e-01,-4.619629444897798143e-01,-2.970770915519761468e-01,-4.182303181897524813e-01,-2.494108596355164298e-01,-4.955953002099214855e-01,-3.606723494372868766e-01,-3.064733874695672045e-01,-3.984662237272186824e-01,-3.287166484448109105e-01,-3.829719760539694873e-01,-5.110582532484050367e-01,-2.155619090763716272e-01,-2.835507192635947638e-01,-2.932904502433201221e-01,-3.759542421898546816e-01
-4.650231408690384538e-01,-5.379374261456443262e-01,-5.288791748760118816e-01,-5.480428764421880761e-01,-5.343640496614370239e-01,-4.646765182811105066e-01,-4.443184724827231036e-01,-4.814885783828092847e-01,-5.509127175061014903e-01,-5.875384550065609890e-01,-6.383185579946096810e-01,-5.543419592419664976e-01,-4.266328699032590488e-01,-6.274396412308022031e-01,-5.666008364752659343e-01,-6.660709832209423809e-01,-5.380427931680886733e-01,-5.470853519869004478e-01,-4.921872392639151661e-01,-6.363953764016192505e-01,-5.382538095442761517e-01,-5.248046906915436738e-01,-5.386982447269085261e-01,-7.065590549735299986e-01,-5.293900382276415240e-01,-5.959820075691923957e-01,-5.961511416671336772e-01,-5.947237366199850106e-01,-6.203625645752889328e-01,-4.801558327623703382e-01,-5.600494482054595435e-01,-5.756491205772575892e-01,-5.782256287167452102e-01,-5.770591978552326307e-01,-5.606616856640802560e-01,-4.482775239943895818e-01,-4.996900484705777412e-01,-4.425164868233259496e-01,-6.012614816955920150e-01,-4.342057359770926661e-01,-6.300622739669994310e-01,-4.551561065960470498e-01,-4.759767057035292903e-01,-4.966310916172737011e-01,-3.996767380191416641e-01,-5.942326268542316159e-01,-4.151818180350614895e-01,-4.615541481101884669e-01,-5.996580044983297331e-01,-3.883513337701027246e-01,-3.606915442273612715e-01,-4.572847814471037720e-01,-4.828248573291732404e-01,-4.006945387957172589e-01,-3.494744114698816184e-01,-4.592051996188851182e-01,-3.909865708320293676e-01,-5.089398913749768605e-01,-4.283177190541235246e-01,-4.672098410080335884e-01,-3.822278695268456206e-01,-3.989043945328795138e-01,-5.007967375502401230e-01,-3.659032665152757158e-01,-2.500559667947506726e-01,-3.490381412353446566e-01,-4.753692253979051041e-01,-3.937111984474271908e-01,-3.250011784899767830e-01,-3.407180190210388759e-01,-4.762498105905968449e-01,-5.792826629840729380e-01,-2.707909883691307917e-01,-4.250479448002482119e-01,-4.233360045845646069e-01,-3.311027690856305772e-01,-3.550939698781288012e-01,-4.613543788329264594e-01,-4.889409649089469512e-01,-2.762158261055182029e-01
-6.334667812642358342e-01,-6.642464575462959653e-01,-6.663734284967196553e-01,-6.192982853296977730e-01,-6.335665469423066298e-01,-6.327908862946195478e-01,-5.464867467734050299e-01,-5.124535040725032298e-01,-6.511100013549548926e-01,-6.499359732163622061e-01,-5.115157370060229303e-01,-6.826396546468719295e-01,-6.424483579602812133e-01,-4.836334057937065611e-01,-4.576415157650875476e-01,-6.266451971135059695e-01,-6.415286602567609187e-01,-5.764777729353057767e-01,-6.499400801589563237e-01,-5.705224406470894571e-01,-6.783461145246020285e-01,-5.085207401070436228e-01,-4.934234888788140427e-01,-4.848434489187383734e-01,-6.511108849757748507e-01,-4.910990042071263773e-01,-5.573352157475468527e-01,-6.276670732964796384e-01,-5.960352171008198585e-01,-5.031837158862161319e-01,-5.623931499595009598e-01,-5.862015595209799645e-01,-5.407472703022446758e-01,-5.768734695606945184e-01,-5.461053341450948784e-01,-4.663441083531391085e-01,-6.860997781486631864e-01,-3.698239807880898122e-01,-4.954486759785020622e-01,-4.806852892088124829e-01,-5.418948782477488457e-01,-4.122352566007984609e-01,-5.548571596573992348e-01,-5.198233832691678824e-01,-4.744410362767702560e-01,-5.438716107963929014e-01,-4.022386426151028371e-01,-5.172236086947979983e-01,-4.652616931901623620e-01,-4.595473837342206047e-01,-5.167338430813074313e-01,-4.890824799002739809e-01,-3.731779295485298520e-01,-4.692892635750510744e-01,-4.658028609638674156e-01,-4.721410737995764828e-01,-3.579251015476146436e-01,-5.279002993277094324e-01,-3.905327083912133457e-01,-4.501318572189384470e-01,-5.170524897166641765e-01,-4.354794264795141534e-01,-5.017100899277576742e-01,-5.044848865596526233e-01,-4.485462215173022793e-01,-3.273757724251510348e-01,-4.100418842879343106e-01,-3.063612280074183847e-01,-4.831591557768548095e-01,-2.918665859498918991e-01,-3.449815385900354969e-01,-4.592266170065391062e-01,-4.833504427043914253e-01,-2.836981838172586423e-01,-4.279992719225707010e-01,-4.315247209893245950e-01,-5.056251386784240687e-01,-3.783968718230718009e-01,-4.026065302081593966e-01,-4.318562838510224822e-01
-5.851613607809710293e-01,-6.028004768002525049e-01,-5.620441962326733210e-01,-5.681241807858529169e-01,-5.730417262573598292e-01,-5.361804050111256270e-01,-4.140319812886070205e-01,-5.798029961966252310e-01,-5.469629411519697504e-01,-5.512802889643441118e-01,-5.201482541711768270e-01,-4.766582427629978969e-01,-5.761762194126431869e-01,-5.481259475693688321e-01,-6.099650080038412359e-01,-5.152873217170730324e-01,-5.574813836711117743e-01,-5.966426903124311121e-01,-6.866456108749668941e-01,-5.803484136917103076e-01,-6.095401878540371854e-01,-7.029598256644369325e-01,-6.190378746034014279e-01,-6.499228915484352997e-01,-6.386882311726066463e-01,-6.405102223080018087e-01,-5.007009086648006591e-01,-6.152088747185703310e-01,-5.573999671020145597e-01,-5.683070745353628883e-01,-6.516571270387468973e-01,-5.759549760254222273e-01,-6.468393833353698330e-01,-5.078345651399120975e-01,-5.139933527648350431e-01,-5.275968334462987075e-01,-4.346303299813479848e-01,-5.757693089655820939e-01,-5.342212483990667060e-01,-5.637889695992962524e-01,-5.028269666061654375e-01,-5.327501158561835926e-01,-6.355118199386240452e-01,-4.300341815898125475e-01,-5.377868788968783731e-01,-4.951098398256918998e-01,-3.866636047058912284e-01,-3.336987220661339348e-01,-5.053292633342024720e-01,-6.219041130239516546e-01,-4.544053758234742335e-01,-4.288363836399845530e-01,-4.235521400192172048e-01,-4.152843434320158678e-01,-5.057289419172901201e-01,-6.252242980207057821e-01,-6.346293287505117009e-01,-4.913888631248017336e-01,-4.699683434853131891e-01,-5.034462463791766762e-01,-4.447944302539799111e-01,-6.144462853142321768e-01,-2.801636273111366426e-01,-4.706168673722821438e-01,-5.636670638963209301e-01,-5.144003800014431693e-01,-4.886963511717123954e-01,-2.808900407602301086e-01,-2.818341505240779532e-01,-4.311656546926100342e-01,-3.742979113125258217e-01,-4.699316963215169896e-01,-3.852379107765648292e-01,-4.366190508245623159e-01,-4.366916218622760026e-01,-4.089881379913297699e-01,-4.567237788643321861e-01,-4.599981177098593221e-01,-5.064359645863319992e-01,-4.533105994396796068e-01
-5.999864434700594717e-01,-4.267380645440897458e-01,-6.094436652413299793e-01,-5.250293247247261874e-01,-5.782935034430141119e-01,-5.313940495713930234e-01,-5.176876317393551696e-01,-6.165125424932244025e-01,-5.027555973371541365e-01,-5.541228733824180575e-01,-5.720828694266608672e-01,-5.011015285756456050e-01,-6.718484483882408709e-01,-6.012455596673172975e-01,-6.356677624248260328e-01,-7.194984723303224916e-01,-5.268192847519849176e-01,-5.669428918499190839e-01,-5.168375077715754440e-01,-5.843171457192963825e-01,-5.786086632757164727e-01,-6.012299767218463042e-01,-6.356827118329623216e-01,-6.478665889161671076e-01,-5.775720912081372393e-01,-5.482642507636048546e-01,-6.693633226791330104e-01,-6.241928976630090053e-01,-6.188812964700196595e-01,-6.544449885432872538e-01,-5.079037599185763918e-01,-4.778492273755779451e-01,-6.296402021779020641e-01,-5.042230663766004151e-01,-5.420082570274031841e-01,-5.256834839336982368e-01,-5.116970510578332521e-01,-5.528660898547650415e-01,-6.092510690487807912e-01,-5.178317825321030465e-01,-5.978441741849164215e-01,-4.136497687002703705e-01,-6.140513993372568313e-01,-5.095624752093297349e-01,-4.723476434999112628e-01,-5.104914433971027288e-01,-5.784409426734284931e-01,-5.759795585334863688e-01,-4.852758227858759432e-01,-4.507618739900371430e-01,-4.673881977702091239e-01,-5.297395755922474914e-01,-4.787002120047862408e-01,-6.116511780192100955e-01,-4.183091408735820083e-01,-4.994990433498402993e-01,-4.688405608065507879e-01,-5.713498027134603641e-01,-5.009822341201295437e-01,-4.154706620412200735e-01,-4.637505465316115183e-01,-4.323033233517842855e-01,-4.295783907154081538e-01,-5.589938827901718144e-01,-4.557295418152593203e-01,-2.736808172072568990e-01,-4.004074760216487783e-01,-5.081938767078719721e-01,-3.542944194527264390e-01,-4.925029608110116919e-01,-3.954380563364719436e-01,-4.956045839331209568e-01,-3.120873049099959218e-01,-4.657116008700535326e-01,-4.673605069254378463e-01,-3.141853027142224586e-01,-4.636919587293366618e-01,-4.006993729683131500e-01,-4.316817459846801208e-01,-4.852420113644378419e-01
-4.808026658250568186e-01,-6.191461443658827779e-01,-5.465060831284593856e-01,-4.796541573575564543e-01,-5.837330119372678983e-01,-5.028876314725411190e-01,-5.327513655496278755e-01,-5.703125062208332929e-01,-6.365194325235482564e-01,-6.259559571433090941e-01,-6.384053042061771377e-01,-5.936327680419213326e-01,-5.117462028302114385e-01,-5.946751982912064083e-01,-5.706512360546652785e-01,-6.823701225433480566e-01,-6.893753839200580380e-01,-5.803005906981877349e-01,-6.182217237218370354e-01,-4.647000503473484034e-01,-6.521870092539092667e-01,-5.933057484134369730e-01,-6.565204727175288912e-01,-6.077558075658267001e-01,-6.354945748425343544e-01,-5.356351330192773430e-01,-6.305120513200481724e-01,-7.464006912063748667e-01,-5.582681832724863957e-01,-6.554338303153366407e-01,-5.965655821744226817e-01,-6.020853262216706581e-01,-5.305396288392393300e-01,-5.580219297166845172e-01,-4.840435742259219243e-01,-5.227825128006186040e-01,-5.066870508724091726e-01,-5.272318604027336209e-01,-6.235564229149841431e-01,-5.788150022049859400e-01,-5.733114720466726544e-01,-6.184125222669801802e-01,-6.285626629425528078e-01,-5.130374561486612528e-01,-5.713769226157743297e-01,-5.128117238721551230e-01,-5.631675360998735780e-01,-5.963326275541052102e-01,-5.459724941052573888e-01,-6.219442343207991497e-01,-5.959900690876790419e-01,-6.067264489702155483e-01,-6.225726003572377154e-01,-5.773797223095781250e-01,-3.484099340383597365e-01,-5.213946518859050583e-01,-4.806890724508127155e-01,-4.848449934563820451e-01,-3.095329301255762000e-01,-5.319242894888841500e-01,-5.461271578874163923e-01,-4.442214478344881368e-01,-4.590204121925863801e-01,-6.030074721773744928e-01,-3.747433139749861697e-01,-4.889020005639926336e-01,-5.597857482505529392e-01,-5.528894674205144799e-01,-3.902071997456302288e-01,-4.416735794294521233e-01,-3.781985708017493453e-01,-4.553753793857039933e-01,-4.850939193524595461e-01,-4.396205555585999125e-01,-4.810774322121330604e-01,-4.037994351842358887e-01,-5.534232897653494909e-01,-3.233571762225196378e-01,-4.487839519364208440e-01,-5.065769549249474757e-01
-5.133203653019331458e-01,-5.958239538960136139e-01,-5.972694174799675348e-01,-5.523832534304358166e-01,-6.286298814616995134e-01,-5.843705307232422985e-01,-6.560450578163881108e-01,-6.167725015619206497e-01,-5.743470873483009775e-01,-6.108150412906174775e-01,-4.930644089612837289e-01,-4.917593069343917933e-01,-6.478609636978196473e-01,-5.403415638209781990e-01,-6.244466674004336415e-01,-6.135550848125983503e-01,-4.226374582118148093e-01,-5.744371194200457165e-01,-5.513868694382606517e-01,-5.080139175228937098e-01,-4.588725338615287086e-01,-6.690026608833974375e-01,-5.811575065312408750e-01,-6.782226007886117403e-01,-6.251304721768018435e-01,-6.421297073176082115e-01,-5.984500544304708347e-01,-6.134728075232095401e-01,-6.525216571973810886e-01,-5.818094760282516154e-01,-4.525161814876529909e-01,-5.410394079311816595e-01,-5.989314289916738421e-01,-5.997708007844306799e-01,-5.257959988669305140e-01,-6.058941415237627526e-01,-6.040760462297838362e-01,-6.239668878707849142e-01,-5.541935568704690063e-01,-4.122215635377713960e-01,-6.227670618372018740e-01,-4.670558522901652188e-01,-4.943376862562681717e-01,-5.394029603002119533e-01,-7.022862766394574185e-01,-5.062119239974036677e-01,-5.355387620965086359e-01,-4.818767069982257123e-01,-4.906024969027524274e-01,-5.104450639263907741e-01,-4.924932252820345968e-01,-3.710778527233991042e-01,-5.372898773856833454e-01,-5.471955494341466109e-01,-5.979852749091806308e-01,-3.852632359577219390e-01,-5.636069542028424584e-01,-4.821827981107958960e-01,-3.959111306617320580e-01,-5.354702932771175927e-01,-3.578120370843525522e-01,-4.492456192666324788e-01,-4.339358208661406313e-01,-4.008359694779555227e-01,-4.421177877277256973e-01,-4.735551172380788043e-01,-4.450381787227391528e-01,-4.972522136197594644e-01,-5.736979958041608096e-01,-3.936970538982586532e-01,-3.886507684071158208e-01,-4.622534801029041795e-01,-5.849372753899689803e-01,-4.916075871799702179e-01,-3.510790600640007475e-01,-3.795099494507439553e-01,-4.005875680927394877e-01,-4.859871482503876350e-01,-4.479657961686228096e-01,-5.061841603361079134e-01
-5.495173842263468833e-01,-6.059635596536667723e-01,-6.458609246567550422e-01,-5.418900138514829434e-01,-5.492661903390935185e-01,-6.675666404096038953e-01,-5.251774494828074236e-01,-6.509187468723480752e-01,-5.861484619119203821e-01,-6.125112786373576590e-01,-7.040511644852943673e-01,-6.331734480833028922e-01,-7.119565049176844740e-01,-5.236756394496174805e-01,-6.117759802900665234e-01,-5.295001866758899389e-01,-5.996722655866792984e-01,-3.877415804491680662e-01,-5.730395928639939740e-01,-5.456681340714475414e-01,-6.215240438831745040e-01,-5.483363151835051186e-01,-5.587320537195549219e-01,-5.962635499166830666e-01,-6.479707798733099766e-01,-6.487525068605740630e-01,-6.325638423925832310e-01,-6.829563531096823903e-01,-6.898615328701250826e-01,-4.717564155197212505e-01,-6.238396380081187020e-01,-6.753979079766891935e-01,-4.831069477262953105e-01,-6.843639225238649093e-01,-5.971661433576735956e-01,-6.022652048021150950e-01,-4.282505798727545554e-01,-6.524477991594274107e-01,-5.105929809293436872e-01,-5.893261121013447790e-01,-5.023089561250626556e-01,-6.000431867764238758e-01,-4.488847491757411157e-01,-5.127776452880505875e-01,-6.258951750470554964e-01,-6.686290957130088808e-01,-6.174601843985948468e-01,-5.226135177809433374e-01,-5.731452657341925550e-01,-6.588587699027090849e-01,-4.806520057577258753e-01,-3.216085344182897932e-01,-5.366188757387858610e-01,-6.023027398943000543e-01,-5.357306256089252594e-01,-5.159899555776260582e-01,-4.934123247127423229e-01,-6.019441445136746172e-01,-5.148500764801299256e-01,-5.565345032440902617e-01,-6.364302858509988114e-01,-4.746599981312804029e-01,-3.986323653643957798e-01,-5.749480254963963421e-01,-3.465055940369646814e-01,-5.014043503532240598e-01,-5.172195700228421344e-01,-5.930435542650889236e-01,-3.844284518306678722e-01,-4.840489894350536448e-01,-5.718851303462787472e-01,-4.858086476188550051e-01,-5.078237002564170988e-01,-3.466587684249787804e-01,-4.495926834844753972e-01,-5.314222894194325919e-01,-6.087365795831480852e-01,-5.289184772314199368e-01,-5.138785065482006642e-01,-5.374103904685397781e-01
-6.203722305029302220e-01,-5.869559600625033902e-01,-5.681466324085445718e-01,-5.677172451375641637e-01,-5.733013115972791507e-01,-5.306380277823760094e-01,-5.555107520426099121e-01,-6.371032358242804117e-01,-5.700425574791142536e-01,-4.834916843410291820e-01,-5.081249369416540596e-01,-5.397358524768123278e-01,-6.452340735938865146e-01,-5.492983861054130390e-01,-5.411764853361228367e-01,-5.675035855266424845e-01,-4.930714114362347300e-01,-5.624907200599725821e-01,-4.803522010289677513e-01,-6.958117525892615340e-01,-5.279798964891427859e-01,-4.909592963378797137e-01,-5.599590143997004166e-01,-4.518892321064694739e-01,-6.407118672255267544e-01,-5.993456729817445705e-01,-5.299270094663018904e-01,-5.840724351880803855e-01,-5.112262470640931422e-01,-5.751031981082518341e-01,-6.624683014970771389e-01,-6.053439802743681986e-01,-6.561134968205398765e-01,-5.533432662520213485e-01,-4.664750217657662179e-01,-5.899328899803939485e-01,-7.158487709173915192e-01,-6.038191057600633682e-01,-5.446069399524035015e-01,-5.561377494629611284e-01,-5.679638134095309487e-01,-6.411497296740260587e-01,-5.773799143096250974e-01,-3.846423702620740959e-01,-5.312775090564576530e-01,-4.994317016350787730e-01,-6.068636910001281581e-01,-4.731759919322374719e-01,-5.862606454969555569e-01,-4.872811277977960875e-01,-5.692895325669676820e-01,-5.967699154681872509e-01,-6.811149501095263847e-01,-4.073820629112545055e-01,-3.981367789301243354e-01,-5.207234250417601684e-01,-4.064209174107714651e-01,-4.453345706113002733e-01,-3.702117986955550943e-01,-5.036895001896676272e-01,-5.510880604166317198e-01,-5.100470438129137696e-01,-5.697078092827089213e-01,-5.694060987135078911e-01,-3.504944770657217878e-01,-5.684550055166561755e-01,-4.862965019224994578e-01,-5.019928408448574020e-01,-4.105823539443313464e-01,-3.696617797963941965e-01,-5.869512448406827287e-01,-4.932274214632290654e-01,-4.301595932916976173e-01,-5.173203675778205168e-01,-5.177744213369543935e-01,-3.942493990427597961e-01,-5.253609844647325611e-01,-4.816189459373594883e-01,-4.340815068337464111e-01,-5.223873727353240959e-01
-5.809400315393834502e-01,-4.906107305434037613e-01,-5.885204577825490224e-01,-5.574358593130869233e-01,-6.149944717435708030e-01,-6.109058318854463376e-01,-6.751887254269722805e-01,-5.140700470131183142e-01,-6.046764481181651218e-01,-5.594841491224892271e-01,-5.512952074398324021e-01,-5.172131083929858431e-01,-5.250624906574425932e-01,-5.220105383319070258e-01,-6.009283587083049660e-01,-6.169041410688016480e-01,-6.201160648483152737e-01,-6.229551638154069426e-01,-5.696024785603497342e-01,-4.556174429254984393e-01,-6.084441573875761788e-01,-5.615702773216890709e-01,-5.427626612259908168e-01,-6.065582098672386291e-01,-5.644939471955908727e-01,-5.510091848257995251e-01,-5.734078876330690466e-01,-5.011433474568937063e-01,-5.842933224835971107e-01,-6.360285259057645302e-01,-6.703391328847778663e-01,-6.484141855749204764e-01,-6.602720280588562085e-01,-6.153964736181141149e-01,-6.317079236783332830e-01,-6.117693735917245634e-01,-5.318126872608662792e-01,-5.612949919551293299e-01,-5.479091305868833972e-01,-6.139947658604556491e-01,-6.204377735845298947e-01,-4.889603061547801444e-01,-6.074915794455905127e-01,-5.444784438445290364e-01,-6.223577930160847371e-01,-5.657344893307197919e-01,-5.351934079725566562e-01,-4.841571198443822555e-01,-6.642363324609055208e-01,-5.757490893054492131e-01,-5.874268417603830672e-01,-5.439631660268886559e-01,-6.013544741903127377e-01,-5.420530288057153756e-01,-4.758925606429311728e-01,-5.267317390877742644e-01,-3.817664481249715691e-01,-6.094358410090802147e-01,-4.717917413205022226e-01,-5.846052745732018829e-01,-5.391137544516093616e-01,-6.235347001922239007e-01,-5.548442573970933100e-01,-5.856339002404261640e-01,-6.135522337536042370e-01,-5.059374766954417568e-01,-4.559664688893362849e-01,-4.099731108836394133e-01,-5.964857199433970525e-01,-5.140728542675790935e-01,-4.617319148558653441e-01,-5.845706968650176139e-01,-4.726852637800432744e-01,-4.854915551623731340e-01,-4.368243303188911741e-01,-4.636368874773200144e-01,-4.545709907784085124e-01,-6.160581205703561380e-01,-5.156934066333350719e-01,-4.993455036866069618e-01
-5.553240218749054824e-01,-5.716426315558961191e-01,-5.229412117634123502e-01,-5.159393137270816831e-01,-5.576527953710281871e-01,-4.803902992118356807e-01,-5.144958865857416352e-01,-5.206875429048561932e-01,-4.896589398134212345e-01,-4.644940759211174663e-01,-5.422353657268537130e-01,-5.579918831871022444e-01,-5.792947912224983842e-01,-6.845792321736082764e-01,-6.092387811960393584e-01,-6.102926336382868966e-01,-5.480956907736492800e-01,-4.754250701453185957e-01,-6.843486975709013320e-01,-5.679999492957014118e-01,-4.703733298564648502e-01,-5.193161122488563208e-01,-5.616492770813841240e-01,-5.584294424099258691e-01,-5.623343395518816124e-01,-5.782490145879795040e-01,-5.917448821773222400e-01,-6.654988637826840803e-01,-6.228815857024810887e-01,-7.024339156606219658e-01,-4.625115778646334275e-01,-6.484157172947127012e-01,-5.468762908363582476e-01,-6.838753517234513746e-01,-5.526211321013091426e-01,-5.016677650254698362e-01,-6.093836179573196565e-01,-6.365413757375557591e-01,-6.308157102133407079e-01,-6.761854945111905879e-01,-5.264756054243020511e-01,-5.172723567873918071e-01,-6.032828897256005130e-01,-6.236005488914718731e-01,-5.734908331506977097e-01,-5.655781648625407554e-01,-4.414254787704553484e-01,-6.389129056709462740e-01,-5.473324723709543926e-01,-4.742365566226434126e-01,-5.759333984847437860e-01,-5.644411654876387852e-01,-5.321623190914562818e-01,-5.261083571024541827e-01,-5.971255932438167546e-01,-5.911402651442739797e-01,-5.520485646081620956e-01,-5.705008391709150972e-01,-6.235123657318669688e-01,-5.119472019391885231e-01,-5.259616997408678163e-01,-4.143469882706768970e-01,-6.440075972836274421e-01,-6.003822107312402068e-01,-5.189178899698142500e-01,-5.100482697770050144e-01,-6.405050752839537287e-01,-5.480412728075765294e-01,-5.498771929314172358e-01,-4.844987167740893441e-01,-5.273351220761621772e-01,-3.906934576395241776e-01,-6.011147382111270421e-01,-4.709233764353545348e-01,-5.291995907531344967e-01,-4.590323978246378389e-01,-3.668971692100078674e-01,-5.780072928156770873e-01,-4.521485149788025959e-01,-3.971488556168950024e-01
-6.120003244266871700e-01,-4.252671072167614752e-01,-5.176258096669031916e-01,-5.532774228299729424e-01,-5.131598503435109704e-01,-5.844705233159589453e-01,-4.310215271490944189e-01,-5.326726182132575094e-01,-5.896955783706508969e-01,-5.599416083889837692e-01,-4.953633693150972239e-01,-5.138858162152010189e-01,-5.117426427223032981e-01,-6.966588075981735573e-01,-6.190389201966119970e-01,-4.752445246245287080e-01,-5.603329724030967629e-01,-7.465490190246935054e-01,-6.233527220156723780e-01,-5.953174824266340703e-01,-5.908483190835289722e-01,-6.265532772058993727e-01,-6.077628246392465794e-01,-5.271457974970832350e-01,-4.285734187566597742e-01,-6.320801725805174076e-01,-5.187631754376238469e-01,-6.642911449011141833e-01,-6.126427003222014722e-01,-6.033762049877392508e-01,-6.269513429143432903e-01,-6.048384645634752310e-01,-6.567355377484912493e-01,-6.367398974087136176e-01,-5.366039703462196497e-01,-5.298012106116435360e-01,-6.574852719741796081e-01,-6.282494317732095768e-01,-6.607550385108981184e-01,-7.114763151681906539e-01,-5.927060975369815576e-01,-6.191064049031157479e-01,-6.961069918955004043e-01,-4.283389480404515282e-01,-5.309741682856367051e-01,-5.687776349151021371e-01,-6.796901297581033896e-01,-5.739239314431950900e-01,-7.166767715905222325e-01,-6.796124210244512964e-01,-6.730049357674818822e-01,-6.150139351957055744e-01,-6.312192654083532695e-01,-6.528869077833897583e-01,-5.385523811840573494e-01,-4.751876867572634167e-01,-5.509032743691830714e-01,-5.954278815596354413e-01,-4.910489019931557064e-01,-5.074202178223400361e-01,-5.704419176808219749e-01,-4.439723009986981661e-01,-5.639051681511706438e-01,-5.207701867794188866e-01,-6.339130867122581003e-01,-4.521210886141028840e-01,-4.381543027268986479e-01,-6.314543446682996386e-01,-4.666972465464104824e-01,-5.791173815135118863e-01,-5.663493493649423005e-01,-6.385305245219992099e-01,-6.222871109792166289e-01,-4.316374112138018360e-01,-4.704080042475993761e-01,-5.599596360824318220e-01,-3.557597710366204868e-01,-5.192417060097009873e-01,-5.015853780868787526e-01,-5.541087757010140225e-01
-6.133914835131066834e-01,-6.114254691746329184e-01,-5.329679013637569351e-01,-4.922200635965730542e-01,-4.538667950953297336e-01,-5.944337344227277331e-01,-5.922091554566186744e-01,-5.113183308312330144e-01,-5.714802041053687054e-01,-6.247191294177334431e-01,-6.338357231076355847e-01,-6.042911366142790230e-01,-5.416803485638121973e-01,-6.545011532151387978e-01,-6.102534700270321188e-01,-6.265745753108562521e-01,-4.350367775403570780e-01,-5.060119379899146175e-01,-5.124748334477278178e-01,-5.446127823628650333e-01,-5.770282528837685776e-01,-5.959409587421043986e-01,-5.971965397872547321e-01,-5.901973313961966783e-01,-5.576690517783526868e-01,-4.876339915442748363e-01,-6.926714371789339797e-01,-6.088145145320706941e-01,-5.938328753824050343e-01,-5.873674660157858218e-01,-6.531473797183970920e-01,-5.244718025179644361e-01,-5.610544597303707137e-01,-6.392551097132297411e-01,-6.756750582938551020e-01,-5.637421341041976008e-01,-6.086995212705205160e-01,-6.332408835290270765e-01,-6.236262654833476526e-01,-6.212153792006898101e-01,-5.069483457680917793e-01,-6.180509605795211359e-01,-6.498401114032856807e-01,-6.886408837435172847e-01,-6.360390026375595252e-01,-6.052856591250981300e-01,-6.327560600967085946e-01,-6.354374820313847261e-01,-5.187621342108392763e-01,-6.015218185849254828e-01,-5.486119617588224306e-01,-7.140545069012496082e-01,-5.557094926365694354e-01,-5.076409711388999435e-01,-5.956484527610702573e-01,-6.059027312383034047e-01,-5.083651575666984224e-01,-4.725436462345919963e-01,-6.167219118393935107e-01,-5.447706921460964136e-01,-4.987683229961684672e-01,-5.992278104119671545e-01,-5.152020193118054259e-01,-5.369359918429087442e-01,-4.943594007270036839e-01,-4.633223863338410409e-01,-5.895898061598938700e-01,-5.760219803491161139e-01,-5.189686293672658435e-01,-4.335106959702757501e-01,-5.436344212116763774e-01,-4.932319957209388428e-01,-5.103687928884268477e-01,-6.248709644385500583e-01,-4.938053375792988420e-01,-5.659970061763675009e-01,-5.391573843258451459e-01,-4.824082755771214592e-01,-4.751038632961887553e-01,-3.787944705383378685e-01
-5.141892568488948267e-01,-6.349046959586209793e-01,-5.018243445151253646e-01,-4.942506744433066701e-01,-5.341626577754295946e-01,-5.837776350810722770e-01,-6.884675978995725698e-01,-4.618456916713151172e-01,-6.113397900665791251e-01,-5.102293444097431019e-01,-5.759841538069180311e-01,-5.827190452041647317e-01,-4.092527224143208131e-01,-5.612932725802540768e-01,-6.038361325085063180e-01,-5.797841423637227765e-01,-5.279562792316830899e-01,-6.506882190067250216e-01,-4.959224462341340622e-01,-4.702771391917373034e-01,-6.366262411574711289e-01,-5.196007785622770436e-01,-5.933874017308966575e-01,-5.638692108607307185e-01,-5.989301119312343546e-01,-5.505803550103827160e-01,-5.686642277692689484e-01,-5.152645059608935707e-01,-6.429114210777513438e-01,-6.369980280286912100e-01,-6.620054279907402472e-01,-6.521856018774023767e-01,-4.235841269609099125e-01,-5.999015607328342936e-01,-5.152401392994155893e-01,-6.742224736799850016e-01,-5.192522638606936747e-01,-6.006622958538159196e-01,-5.631045375476262382e-01,-5.772527447607183060e-01,-5.931541847904505671e-01,-6.257950624615159496e-01,-6.110557043707678382e-01,-5.895994367335165576e-01,-6.528804087578599091e-01,-6.023780727321900175e-01,-5.843219857582196974e-01,-5.369671766041659300e-01,-6.437809151266905561e-01,-6.269192355901326286e-01,-4.706800819871760355e-01,-6.120641833712324731e-01,-6.696328168082149590e-01,-6.401281008061876499e-01,-5.152384694283033140e-01,-5.077353241938353801e-01,-4.862353991831964706e-01,-6.024367649308967065e-01,-6.153245717451321095e-01,-5.101383532942364019e-01,-6.136456061207955504e-01,-6.229720845809901819e-01,-6.088084739932941858e-01,-6.323891268568356816e-01,-5.020573580329741326e-01,-3.785709109518750060e-01,-5.576427243530411859e-01,-6.246906399097167384e-01,-6.242212677608874882e-01,-4.177180647270876679e-01,-5.536360809407445682e-01,-4.580740890917714414e-01,-5.805577710599416630e-01,-5.491150467317889028e-01,-3.959599577977173657e-01,-4.530162380138308964e-01,-4.345604848305131829e-01,-4.005042355351065564e-01,-5.985795812200699340e-01,-4.992469776726606301e-01
-6.203314769504580939e-01,-6.209556044711754819e-01,-4.734101746718232251e-01,-6.193805522347076709e-01,-5.502871066419543489e-01,-5.193410776858965461e-01,-5.269956113908603745e-01,-6.411446250710303163e-01,-6.969470323649258336e-01,-5.260702047381201618e-01,-6.297320067904379481e-01,-5.364053427509013483e-01,-5.908556123933670357e-01,-5.557815192136733584e-01,-5.848760152524730138e-01,-5.222042579078666202e-01,-5.973083922737906226e-01,-5.876328396093829509e-01,-5.315139100059990129e-01,-5.795697079346132652e-01,-5.159311424575697691e-01,-4.636629807345070686e-01,-5.767835198844722955e-01,-5.028292115324028977e-01,-5.504321118035833127e-01,-6.362898148187060565e-01,-4.570293281808434638e-01,-6.608392715191288014e-01,-5.473488461462033827e-01,-4.645463090435688058e-01,-4.919315396902205206e-01,-5.962225717877338571e-01,-5.582854630639736415e-01,-6.772338585528527855e-01,-6.626526344459975348e-01,-6.080348386136120720e-01,-4.480907014073554628e-01,-5.554255227612102663e-01,-6.460577088307016824e-01,-6.275145155166438338e-01,-6.678426194365986168e-01,-5.867572830203372503e-01,-5.471352011112209368e-01,-5.889391162583089701e-01,-5.404106202927194680e-01,-6.020741417187489564e-01,-6.588086910042137978e-01,-5.338305648830108385e-01,-6.499621775200242757e-01,-6.337826497209001486e-01,-6.056188724724609340e-01,-5.546640659618569114e-01,-5.516143298937924433e-01,-5.585157026346796449e-01,-6.910416727527747272e-01,-5.410230226993676395e-01,-6.118021222825891225e-01,-5.333485782296564226e-01,-5.981445906498442655e-01,-5.888359087938354053e-01,-5.504314763255162557e-01,-6.441463052971254655e-01,-5.884681693336603070e-01,-5.914736564256997120e-01,-4.554972171114886614e-01,-3.813623328176946048e-01,-5.183663529546654880e-01,-5.155962051415238223e-01,-4.751310584346119525e-01,-5.504727570898100275e-01,-4.508751134286166917e-01,-5.841085029029520204e-01,-5.697701172918082646e-01,-4.728302815495585287e-01,-5.643641182580435567e-01,-4.768847995622956248e-01,-5.891096531059278885e-01,-5.171527942110597520e-01,-5.918330678387682120e-01,-5.635391972241834413e-01
-6.404672975419244407e-01,-6.193684516356461334e-01,-6.058344050357588051e-01,-5.372847063995380701e-01,-5.520238688810116257e-01,-5.529052691594663616e-01,-5.511320551989457028e-01,-6.193150172925960817e-01,-5.816063723520358275e-01,-6.092751889098944051e-01,-5.755523175134676928e-01,-6.058068173368992282e-01,-5.168351881297732486e-01,-5.670722010697804016e-01,-7.057053536454561682e-01,-5.724665066016098036e-01,-6.849678630941684609e-01,-5.408679127117612673e-01,-6.686882742561596205e-01,-6.487258488793947730e-01,-3.512791931548238655e-01,-6.753134153795041783e-01,-4.815110450214847293e-01,-4.224001415345770005e-01,-5.867201588864445760e-01,-5.623295388517554061e-01,-6.264037533642290434e-01,-6.366562259263477408e-01,-5.102877597156419975e-01,-6.823924911583233444e-01,-5.427381427710523676e-01,-4.246109708199877764e-01,-5.080293314453323550e-01,-5.654252891460643804e-01,-5.137339440243341437e-01,-5.090471313971383083e-01,-5.521236298511028595e-01,-7.191433250279146705e-01,-5.945808380564616691e-01,-6.433591030123632093e-01,-6.581507445818065571e-01,-5.980471845247995466e-01,-6.489665795241400525e-01,-5.879148346574598616e-01,-5.941097823051452176e-01,-5.778636091748108328e-01,-5.940835015980366896e-01,-5.300114239946890349e-01,-5.715485127615577143e-01,-5.401709482234261506e-01,-6.006255312218695686e-01,-5.879914845078139107e-01,-5.435820622304332606e-01,-4.161409095477784370e-01,-6.442863556969552485e-01,-5.936279298663118542e-01,-5.526469280371461013e-01,-6.701372310579664093e-01,-5.731990282664767289e-01,-6.144629421920981827e-01,-5.353682940400460444e-01,-5.910744941807222208e-01,-5.060695572025536437e-01,-5.878508654001274314e-01,-5.666095006203073492e-01,-5.243807317464979079e-01,-5.026966455877818207e-01,-6.444956145106850443e-01,-6.391993376484657041e-01,-5.183000104916575257e-01,-5.587974351898452596e-01,-5.835600543357702952e-01,-4.805119237681573230e-01,-5.692349424559832727e-01,-4.759193038204556081e-01,-5.882723558621649751e-01,-5.391926342949721063e-01,-5.439836192729023967e-01,-5.547398011408734009e-01,-5.827071313095528726e-01
-6.529094916071292998e-01,-5.798127245941232522e-01,-4.694353856644069567e-01,-6.329265407182563807e-01,-6.257098822279595352e-01,-4.745482227469944303e-01,-5.615647793998537196e-01,-5.312402091830378259e-01,-6.015630685861210747e-01,-5.871017275006941150e-01,-5.752949229200143844e-01,-5.887505241921162646e-01,-5.978370834950408330e-01,-5.701178928700968429e-01,-7.183463290150891023e-01,-5.911063148018560476e-01,-6.211242252718035539e-01,-4.635336013077791528e-01,-5.480316912437068755e-01,-4.829769361019632390e-01,-5.222404988195968878e-01,-7.209531542928667713e-01,-5.252735963708216049e-01,-5.990552841349257029e-01,-5.923520925331812181e-01,-5.633060194443439972e-01,-7.018786580889494475e-01,-5.512225958733407705e-01,-6.587949615125167080e-01,-5.884204740142543466e-01,-5.938524717385047502e-01,-5.843911666004033556e-01,-5.916983876230504924e-01,-5.419242251780594932e-01,-5.293915387672348816e-01,-6.634346639403574386e-01,-6.957411411063116891e-01,-6.532949415101011459e-01,-5.769127620492173758e-01,-5.637135274318550993e-01,-6.275660175835654497e-01,-6.703540997286905334e-01,-6.212282303934323346e-01,-6.747932940857250816e-01,-5.928148648535346288e-01,-5.575129044118029009e-01,-5.637004283796218651e-01,-6.708457271883696560e-01,-5.817608802589970818e-01,-6.457345597232758694e-01,-6.464152655003180259e-01,-4.897825934989006313e-01,-5.234613247156385540e-01,-5.895747665949606642e-01,-6.323293304734067810e-01,-5.934581779286698389e-01,-6.196339680730338362e-01,-5.825126587611814122e-01,-6.676222243798247691e-01,-5.726188006651846685e-01,-5.748052221630945979e-01,-6.294482641077295826e-01,-5.438176542850184925e-01,-5.275415465804569326e-01,-5.179600391826303385e-01,-5.186475763274879247e-01,-6.135869577778941819e-01,-5.592647954365367324e-01,-4.468513609302153800e-01,-5.617371510211169872e-01,-4.703485529042599200e-01,-5.584591318241890479e-01,-4.756006836344612299e-01,-4.746530014622546978e-01,-6.024468063862508105e-01,-6.084795813913129736e-01,-5.721630724566167947e-01,-5.733239175722281145e-01,-4.616879313940396301e-01,-5.200945015619844458e-01
-5.737909313635886077e-01,-5.442402517942989126e-01,-4.300813758604558612e-01,-5.324070762865732442e-01,-7.267547334822201943e-01,-4.836928017617138642e-01,-5.995133042623179698e-01,-6.316407799823874347e-01,-6.118070468759294611e-01,-5.387210833272636501e-01,-6.936112333421308174e-01,-5.138910710094507506e-01,-6.995706976544762146e-01,-5.823066465400653646e-01,-5.887674777704814399e-01,-5.143351781535077105e-01,-6.045415687991109177e-01,-4.945357639581385301e-01,-5.066371574646716391e-01,-6.113032702354970205e-01,-5.599558645177721283e-01,-4.738113946821589928e-01,-4.505671358787142755e-01,-6.721885814183530261e-01,-5.659664041371098575e-01,-6.993781053231503675e-01,-6.117977771847732393e-01,-5.094609744173921317e-01,-5.694890739798641466e-01,-5.060313688354188821e-01,-6.102417636337862383e-01,-5.522637765094966511e-01,-4.801390189556398180e-01,-5.042749877558744265e-01,-4.851144754054216857e-01,-5.149815736263859689e-01,-7.210645615711429590e-01,-5.748803974514207216e-01,-6.791709225706293873e-01,-6.468193070708573300e-01,-6.180816471092740461e-01,-6.014273328394810214e-01,-6.499735418531245035e-01,-6.065296479740818203e-01,-6.873826978697533674e-01,-6.596642210004388662e-01,-6.381326368421676998e-01,-6.830439819059087592e-01,-4.671261057163728081e-01,-5.297307981604900684e-01,-4.646859384484712807e-01,-6.712903006113981608e-01,-5.914339010854643419e-01,-6.781297611797885150e-01,-6.334467110576105231e-01,-5.940301246947582436e-01,-5.745819081369816228e-01,-5.425996705290779820e-01,-5.808066172997186083e-01,-6.173902228466644493e-01,-5.327782962137395106e-01,-7.201072650868304281e-01,-5.705416615971315997e-01,-4.610784003437039535e-01,-6.326603589437806985e-01,-6.218703116318520241e-01,-5.012719676347987541e-01,-7.154362064967620949e-01,-5.875910259075620701e-01,-5.910846732216546995e-01,-5.662672435552527084e-01,-5.934428615209734748e-01,-5.169966946876013436e-01,-5.452804444757178848e-01,-6.233056034801616185e-01,-4.617044660730249550e-01,-5.379067056099041677e-01,-5.669466765185356971e-01,-5.991592534050277363e-01,-6.199181664907933431e-01
-6.239239920648000925e-01,-5.583198910111826230e-01,-6.177123274114695306e-01,-5.844205874095681486e-01,-5.404564090201494642e-01,-5.671158697921767633e-01,-5.820775740261823206e-01,-6.413120804898467808e-01,-5.270427887863227134e-01,-5.247913560867975002e-01,-5.488321419141345414e-01,-5.198966606755821562e-01,-4.782412625660787953e-01,-4.402078958115081542e-01,-6.151962146049524405e-01,-6.298145799199240669e-01,-5.732634295863070495e-01,-5.141402577803754204e-01,-5.438530627978114262e-01,-5.247464979825086084e-01,-4.440187693966239357e-01,-4.606447831408322369e-01,-6.871035722047128536e-01,-4.463049335447344945e-01,-5.528381907336820111e-01,-5.232292692137155976e-01,-6.054193256614956997e-01,-5.281520056270097019e-01,-5.307605370437328274e-01,-4.446172986425951934e-01,-6.398188571470417862e-01,-5.280672942613103826e-01,-5.421426766569634736e-01,-5.787308123408493321e-01,-6.350966937814745972e-01,-6.276687096180740832e-01,-5.079212417778297128e-01,-6.019458024039132660e-01,-6.670171344402126001e-01,-5.724296290853170266e-01,-6.390798766013391363e-01,-6.007125856410726605e-01,-5.130071052577536150e-01,-6.593502656538767770e-01,-5.314566803892124547e-01,-6.355263486228213132e-01,-6.597088041724653573e-01,-6.068088168049189379e-01,-6.193640208070385622e-01,-6.245489346497949956e-01,-5.821650411199398301e-01,-6.267561848772698063e-01,-5.094653704260146965e-01,-6.881361388384044098e-01,-6.799904861051976335e-01,-6.102842315948553420e-01,-5.996962157911802649e-01,-6.679132698348531072e-01,-6.990492387413677067e-01,-4.768906725002998725e-01,-6.103933992540401254e-01,-5.224670723383103565e-01,-5.983057061852411485e-01,-5.160088215741286399e-01,-4.520163576988182608e-01,-5.611955278119240553e-01,-5.495173262092968303e-01,-5.995497293547065176e-01,-5.614715792828746110e-01,-5.142264716736055785e-01,-5.986104324825425316e-01,-5.801679605475087431e-01,-5.238845826833969932e-01,-5.394215447067092217e-01,-5.720092330169523898e-01,-4.478850731576505817e-01,-5.261767347213771595e-01,-6.286214529324447575e-01,-5.947633364476385687e-01,-6.157279390681120734e-01
-4.709999417758385376e-01,-5.260507643675439438e-01,-6.123798203099527493e-01,-5.998275516811762964e-01,-3.914006671122309822e-01,-5.874212462588842554e-01,-5.705800728602329341e-01,-5.510722845857100038e-01,-4.673832327510030193e-01,-5.968470241150852784e-01,-4.882697540290062976e-01,-5.362055189005263678e-01,-5.605524267368054980e-01,-5.726738191550800883e-01,-6.696514104721577043e-01,-6.367408977305892837e-01,-5.695680628249406574e-01,-5.490642628064937858e-01,-6.093298163736926565e-01,-6.764308283426493373e-01,-6.495288012406460476e-01,-5.510208524514774719e-01,-5.261014039479419147e-01,-5.411470941424526560e-01,-7.054999699643225153e-01,-5.734225996534029202e-01,-5.558967397417763356e-01,-5.487672995136380072e-01,-4.289421925972010663e-01,-5.893233795361290106e-01,-6.311825138243707389e-01,-5.980607760404177409e-01,-5.186852011671174711e-01,-5.607937917084273582e-01,-5.925723990515879835e-01,-5.666288108459874850e-01,-6.851026812122242848e-01,-5.145582726020985209e-01,-5.017114937467899161e-01,-5.533034868734618694e-01,-5.547546621984729143e-01,-6.348862780780791804e-01,-5.145028727895262222e-01,-6.466118617447793593e-01,-6.966490655639844265e-01,-5.297173801921645220e-01,-7.015577057852760978e-01,-6.685386678095419644e-01,-6.280520000687270787e-01,-5.514159176974854359e-01,-5.937875605038794857e-01,-6.204593922858214761e-01,-6.399331528556809756e-01,-6.081600921988847830e-01,-6.299035179865588585e-01,-5.365745897973772660e-01,-6.414778193021760666e-01,-5.884679466771646217e-01,-6.678191856181533437e-01,-5.739978324584181779e-01,-6.404190754523045870e-01,-4.901505044130411437e-01,-5.267905444689603423e-01,-6.456674964890302126e-01,-5.773528928435035512e-01,-6.754713598568452548e-01,-6.055012806903989908e-01,-6.105683939754907863e-01,-4.697689682257102373e-01,-6.221506373100742504e-01,-4.701201180391513246e-01,-4.722763913516535017e-01,-5.458255704612328119e-01,-6.261254072238571222e-01,-4.996730023023940315e-01,-5.623560426232224740e-01,-6.253569366366662496e-01,-5.661658821716907264e-01,-5.469543022743942329e-01,-5.394938107578114428e-01
-5.456760543854166645e-01,-6.569726147812474659e-01,-6.510470090299427248e-01,-5.944327861416933700e-01,-6.436599801265535659e-01,-5.543107370662093691e-01,-5.153351021876511062e-01,-5.993144484732588761e-01,-4.581628356992124007e-01,-5.714025567357440272e-01,-5.457593753215164156e-01,-5.815507149021272859e-01,-6.027310717371027193e-01,-6.417589054358149303e-01,-5.966543035387031901e-01,-5.992997074705533889e-01,-5.795807039637259628e-01,-4.795435134605267602e-01,-6.676872854215424313e-01,-5.119161772514427833e-01,-4.554677500826510572e-01,-6.372956925225430336e-01,-4.932058102555950119e-01,-6.056306690481805255e-01,-6.042749149273421994e-01,-4.886588963776510308e-01,-5.856519176053550657e-01,-6.847078875942360643e-01,-5.781424580085638976e-01,-5.924584166424470277e-01,-5.740332237854357533e-01,-6.884560441428220212e-01,-4.204231069798466391e-01,-4.519162012786523963e-01,-5.597350213435670074e-01,-5.806160858504436639e-01,-6.795506734201935961e-01,-5.541212332965126386e-01,-7.022649778281464528e-01,-5.049037531201988616e-01,-6.114926659384070096e-01,-6.278571765502896085e-01,-5.831775671927611482e-01,-5.657089424359106333e-01,-5.861225378946632869e-01,-6.297289566191256460e-01,-6.011648416222704627e-01,-6.461204850698807345e-01,-6.393421332764638310e-01,-5.768519078514859899e-01,-4.823881143755262557e-01,-6.548662091767056825e-01,-5.965300563634331477e-01,-5.851111615843807012e-01,-6.416060167702456463e-01,-6.350622122691842453e-01,-4.777336422132021920e-01,-5.480203694022413030e-01,-4.895356974946896145e-01,-4.998775934964601597e-01,-6.089776527062720213e-01,-5.741483675489239547e-01,-6.643082776638664644e-01,-6.971920889098862650e-01,-6.074457106633683878e-01,-6.135152078371671758e-01,-6.520901282863407200e-01,-6.776323091800612319e-01,-6.086451156860904765e-01,-5.007927707923294225e-01,-5.343197323404165200e-01,-5.950406862373207595e-01,-5.536802761401415918e-01,-6.083697569412813699e-01,-4.436663484047241868e-01,-6.201114076363569705e-01,-5.087628199110091343e-01,-4.643923914237084727e-01,-4.886325084287227449e-01,-5.774198017804776928e-01
-6.013374807219470375e-01,-5.877166699217354351e-01,-6.114371848063183679e-01,-5.956257023957779451e-01,-5.340267864583160273e-01,-4.027331563969542283e-01,-6.044900810468613050e-01,-6.113770466999254305e-01,-5.070679176812730171e-01,-6.076957916876535304e-01,-5.957321189392889016e-01,-6.692574174770709039e-01,-4.059604006242044649e-01,-5.743171929033785705e-01,-4.637030248085923789e-01,-6.184329681608082829e-01,-5.830014815157811281e-01,-5.579511399149218454e-01,-5.389791233215047717e-01,-6.342702759149188019e-01,-4.304877302543493878e-01,-5.982722965491042988e-01,-5.359436091766142107e-01,-4.550550779337794727e-01,-6.374761663714100246e-01,-5.277029352397414330e-01,-5.403317765412705143e-01,-5.029509812868074858e-01,-4.631341229906047463e-01,-5.830208055831905822e-01,-5.176339722842694391e-01,-5.923337838872314576e-01,-5.899010787355501995e-01,-5.020664224405551046e-01,-6.868742557832910878e-01,-6.365875470637679667e-01,-4.980298535334818366e-01,-5.580682347322108994e-01,-6.278905765756392920e-01,-6.585260382446296301e-01,-6.344770974582943923e-01,-6.685885235828854523e-01,-4.741997753327690246e-01,-4.883006986455653564e-01,-5.166949981809265680e-01,-7.220307897803313057e-01,-6.727662167467606258e-01,-4.833935679984076583e-01,-6.283791853345582767e-01,-6.237962611955238934e-01,-5.755632393307300587e-01,-7.156680453402372022e-01,-6.883412122114876963e-01,-6.725786611019569650e-01,-6.244904265751803907e-01,-5.943437600252551301e-01,-6.342066133622729085e-01,-4.920171270644388417e-01,-5.691997941796077543e-01,-6.416020515374233346e-01,-5.835776487249361155e-01,-5.561717600191534716e-01,-6.268016473057829163e-01,-6.464587483604452567e-01,-6.029870865310419381e-01,-6.058601500228741887e-01,-5.168673289303353791e-01,-6.020783693795002112e-01,-6.011883717365429369e-01,-5.404171875591329277e-01,-6.414081820852683968e-01,-5.795423288208827461e-01,-4.626300869761634238e-01,-5.351848881427705429e-01,-5.961092707664199519e-01,-6.629115803483954794e-01,-6.673773897312123005e-01,-5.831022210493919111e-01,-5.236307093834368098e-01,-5.236353631819460341e-01
-5.853108150146861810e-01,-4.924404008636262819e-01,-5.290223210598654635e-01,-5.798379819644222666e-01,-6.180750314607433848e-01,-6.028845799324262789e-01,-6.734034542236373433e-01,-6.400267490080643329e-01,-6.492742466892870157e-01,-4.857571738092335001e-01,-4.593663433324330359e-01,-5.042943564360675701e-01,-6.113814299792427187e-01,-5.728327544611606648e-01,-5.808036035665772312e-01,-6.940344381415896047e-01,-5.956467292797530400e-01,-6.033793123378765610e-01,-5.024463287310895199e-01,-5.024331956895198292e-01,-5.467108044511885812e-01,-6.448553477888412377e-01,-6.583593587524639856e-01,-4.741056980000138976e-01,-5.189237989720819622e-01,-5.118931998422326934e-01,-5.708602803502919043e-01,-5.015702210718148146e-01,-7.085170366290537425e-01,-6.547901243641457425e-01,-5.214610478486814138e-01,-3.752604697847295445e-01,-6.534605951094848431e-01,-5.847035839559141523e-01,-5.052516343095930784e-01,-5.540700817215884477e-01,-6.460327771309494205e-01,-6.552555567679415605e-01,-5.029380185753461463e-01,-6.259768643954309875e-01,-5.803141586249732642e-01,-5.552576319369341151e-01,-5.959909723668678216e-01,-5.792410904838357633e-01,-7.025739645643749309e-01,-5.650686686044379403e-01,-6.090362317162744121e-01,-7.038422017238344930e-01,-6.333244925516888779e-01,-5.939477331050952991e-01,-6.422471397664737403e-01,-6.052026320040208018e-01,-6.160785685925370680e-01,-6.708002261934605803e-01,-6.057461043567714531e-01,-6.551265008613095242e-01,-6.137543105636432683e-01,-6.394793626053851821e-01,-6.860792791360819098e-01,-5.875678480583688135e-01,-5.861055250289239904e-01,-5.714512780472673636e-01,-6.000338830601948947e-01,-6.002008697452152486e-01,-6.094117187234938671e-01,-3.628857025027438232e-01,-5.711044497202898418e-01,-5.365666856533977125e-01,-5.710525486025819220e-01,-5.372123047838456289e-01,-4.759516604747041635e-01,-5.334320372356480267e-01,-5.913948874588279558e-01,-6.423890649769167238e-01,-6.833394072643516060e-01,-4.518305974532016434e-01,-6.034161692048359837e-01,-5.119486847023398957e-01,-4.984453710319168840e-01,-6.441255609150451367e-01
-7.109207541018582877e-01,-6.455819782846814459e-01,-5.522903873857668566e-01,-6.142047969935270357e-01,-4.911371264164594574e-01,-5.469983054981646386e-01,-6.898292226261497628e-01,-6.077989117717039758e-01,-5.887788059409694297e-01,-5.437181113348630301e-01,-6.580463834742820151e-01,-6.363887942656636376e-01,-4.529734889636863882e-01,-6.214866325887968834e-01,-6.196266156203348308e-01,-5.925330376151158873e-01,-6.141691430748561498e-01,-5.640110573919948633e-01,-5.012723896416774183e-01,-5.823804310041754695e-01,-5.502091737855930864e-01,-6.936898674313134450e-01,-5.189428498126715805e-01,-5.804640252466789496e-01,-5.586472761765484130e-01,-6.089705292495927180e-01,-6.754366475847426443e-01,-4.993007602825366154e-01,-4.799928118451994297e-01,-6.231439239550408127e-01,-4.848672342656425438e-01,-5.636488208688893442e-01,-6.817500812145236289e-01,-6.074987609917242848e-01,-6.484898690199262239e-01,-5.209994383975471433e-01,-5.328284836128271973e-01,-6.203239463293908074e-01,-6.570909154587109002e-01,-5.383166011295902331e-01,-7.281248014637304866e-01,-4.645140527528516250e-01,-5.546611932895616492e-01,-4.916555953108135979e-01,-5.582026983454136948e-01,-6.117778590058491339e-01,-5.924041045573741338e-01,-6.039064488614088733e-01,-6.075764941602856961e-01,-5.339464105520140835e-01,-6.269657580818519538e-01,-6.460826515854769525e-01,-5.849759668905802901e-01,-5.885224678008851296e-01,-5.378472849068440809e-01,-4.560915506276562170e-01,-6.004725678647044873e-01,-6.189350330402511036e-01,-6.646977688298506548e-01,-6.240326086084504453e-01,-4.368294851283393565e-01,-6.026767694497604522e-01,-6.384886095642227088e-01,-5.081350210501854869e-01,-5.476961710674359551e-01,-5.712571033706460577e-01,-5.960790094780890058e-01,-5.019667604496745872e-01,-7.421941876024537033e-01,-4.927335696245856989e-01,-5.216781910916319376e-01,-6.282550999504131761e-01,-6.729602399893329645e-01,-5.819707411873225045e-01,-6.079483524323820998e-01,-6.272102718272205557e-01,-5.550460546541128304e-01,-5.489790928148132743e-01,-5.884190585299108323e-01,-4.652747402357586548e-01
-3.699939688715578878e-01,-4.910637688714770688e-01,-5.814386633114918546e-01,-5.527370858256556163e-01,-5.405292907672029079e-01,-5.312036108222931707e-01,-4.629930726035757504e-01,-6.108440267254923173e-01,-5.924247238688703510e-01,-5.483980697578431096e-01,-6.591623450659142014e-01,-6.063077587318580486e-01,-5.114039934066755277e-01,-5.467902981496346460e-01,-5.965480117907109303e-01,-5.655898737205719007e-01,-6.175526798144056473e-01,-4.786449527357171108e-01,-6.411485009094545218e-01,-5.550186128049456880e-01,-5.898721361402425867e-01,-6.309837482791759156e-01,-6.662690418721642915e-01,-5.356957482519147939e-01,-5.572005206150413281e-01,-6.429307785212741155e-01,-5.224092672415469041e-01,-5.122936983682532253e-01,-6.053038858261288180e-01,-6.343870013512955541e-01,-5.303923519954243382e-01,-7.069762908343029117e-01,-5.826308987696652286e-01,-6.203838127063627805e-01,-5.888751539313211714e-01,-5.104283908252930102e-01,-6.397549662709572926e-01,-5.475054706608015742e-01,-5.483786823886394046e-01,-5.322147778120934758e-01,-4.785297031073320051e-01,-5.181292492352356227e-01,-5.717215955987876574e-01,-5.338846797915851594e-01,-7.053480126409780171e-01,-5.820283726902671928e-01,-7.038632379057452315e-01,-6.226182541165540263e-01,-6.136654133975383285e-01,-5.265086676329420179e-01,-5.537509851147128792e-01,-4.827882217389809494e-01,-6.260956197421605474e-01,-6.427832732371785429e-01,-5.718744726113644816e-01,-6.409934136710885300e-01,-6.791939999315567134e-01,-6.572064691299606132e-01,-7.128559231706400601e-01,-6.526111658538427118e-01,-5.418058798920674102e-01,-6.374243450996535110e-01,-6.128191709635510964e-01,-6.841545416616356956e-01,-6.568005227168832727e-01,-4.954485414115327724e-01,-5.447545963423373605e-01,-4.765337576292332789e-01,-6.668434687103811376e-01,-6.070802347352384221e-01,-4.660385438082350618e-01,-5.296735799169129955e-01,-6.589810473955772796e-01,-5.984553313265771335e-01,-5.560990009850389493e-01,-6.058552675821265998e-01,-7.044346453893420845e-01,-6.439085702017881552e-01,-4.785387147760527538e-01,-5.588783323497910072e-01
-4.204546495418900465e-01,-6.773655181637187050e-01,-5.210801261182411714e-01,-5.853350649290799401e-01,-5.752977398097485207e-01,-5.377462748428473160e-01,-5.520901258484606222e-01,-6.176167928997453593e-01,-3.521205475309567290e-01,-6.052949593951658658e-01,-6.049919026743879602e-01,-6.555857844733157247e-01,-6.664901090568556841e-01,-4.787842786367351722e-01,-5.106866382123858017e-01,-5.109938727078926490e-01,-5.947234632567356405e-01,-6.127728900635794895e-01,-5.986606310402543540e-01,-4.690066089686149575e-01,-6.476950212187310152e-01,-5.237173468405214027e-01,-5.134615197244106755e-01,-6.679906203227495842e-01,-5.599645458989994662e-01,-6.960537100904320429e-01,-5.189872413060265810e-01,-5.176848943048087959e-01,-5.640748281481116067e-01,-5.663955983472691580e-01,-4.670601964177600318e-01,-6.337547587306493480e-01,-4.853368038675267560e-01,-4.911038664383584607e-01,-6.299997459475779049e-01,-4.476670061110610832e-01,-5.722723744426806425e-01,-6.043172837959642774e-01,-6.407484998335999382e-01,-4.711920860811292799e-01,-6.536948845813357334e-01,-4.945140138141736474e-01,-6.098215589989952612e-01,-5.895905144496720318e-01,-5.325725180258924496e-01,-5.345950467160794917e-01,-6.100620301439294568e-01,-5.338650291290236716e-01,-6.690139087184056033e-01,-5.062734510234336849e-01,-5.442694707717805613e-01,-5.232504851902664011e-01,-5.966679127690607265e-01,-6.248439781119472514e-01,-6.912794101990434870e-01,-6.369455128723192638e-01,-6.697745941740580466e-01,-5.386883602159184825e-01,-6.488969468360186177e-01,-6.656862637654636927e-01,-5.764531142224361693e-01,-6.747106678680945269e-01,-6.531355638559772636e-01,-5.832001104931204827e-01,-5.880436734766721907e-01,-6.298818169945480383e-01,-4.743848862114597997e-01,-5.695179141638895270e-01,-5.820653618603920387e-01,-6.126315626544724946e-01,-4.894542074162596124e-01,-6.302863431816887463e-01,-6.207037905136637557e-01,-6.208746648107275057e-01,-6.051331882879144031e-01,-6.510146587502236848e-01,-5.318680479054203047e-01,-5.562251412287859687e-01,-5.166955818753181662e-01,-5.312711855775427150e-01
-5.889496119316438572e-01,-5.465403888426212387e-01,-4.965820754407428983e-01,-6.417122196515214760e-01,-5.995971151412000655e-01,-5.897825262821976278e-01,-4.880585160370393694e-01,-5.356761156583548233e-01,-5.892453483265531755e-01,-5.598270064813207769e-01,-5.806392307451707646e-01,-7.222749930421900055e-01,-5.848877122275569773e-01,-5.384445964140808227e-01,-5.364491568381789532e-01,-5.602269400735609972e-01,-5.826870800592509614e-01,-5.771227316272299346e-01,-5.785155226883369473e-01,-6.522729551628714262e-01,-4.836751401212395773e-01,-5.885533448339618223e-01,-6.279920359974759947e-01,-5.929271382136049873e-01,-4.868674878373705495e-01,-4.233535985956455305e-01,-6.653193858247987702e-01,-5.327308162256317869e-01,-5.414824481014176571e-01,-5.361324737517320083e-01,-6.033368267405380125e-01,-6.665692830434435390e-01,-5.874352252082943870e-01,-5.562862248633982931e-01,-6.854752620049546774e-01,-6.986814441982542867e-01,-4.942421622296072070e-01,-5.625879912727766996e-01,-5.547595036167256577e-01,-5.726983335998628855e-01,-4.443687994375998263e-01,-4.852211884489790461e-01,-5.680405543866415830e-01,-5.924531923321539884e-01,-4.493476060711409925e-01,-5.335378376041278736e-01,-6.017076039642306196e-01,-6.161896406334865794e-01,-6.306196805772033009e-01,-4.632378375251187674e-01,-6.163315402020947964e-01,-6.613361591442253884e-01,-5.635301899440340323e-01,-6.148217728691480755e-01,-6.069998527970825730e-01,-6.839583704482242732e-01,-6.690946248146548703e-01,-5.355139147015869350e-01,-5.452350976921144232e-01,-4.953271681698156459e-01,-5.629448485368075961e-01,-5.851531597446903987e-01,-5.905993489477424641e-01,-6.622971092379335012e-01,-5.229936265422413522e-01,-5.551264004468816626e-01,-6.124587869260323947e-01,-5.249324745860655117e-01,-4.969284608460539654e-01,-6.297311570645260925e-01,-5.807468124904267004e-01,-6.224174856716480075e-01,-6.168446969508578626e-01,-5.535841817246330843e-01,-5.561544425060470642e-01,-6.311965522303069065e-01,-6.553041179729456323e-01,-6.629372879581955091e-01,-6.150217951506110614e-01,-6.511486908057744216e-01
-5.899499478831550237e-01,-5.405387056402575219e-01,-4.364719482247789162e-01,-6.198759930393025197e-01,-4.906903623559984440e-01,-6.206741153954987711e-01,-4.998923483864723960e-01,-5.458495318142121411e-01,-5.401973839763573038e-01,-6.646212774636429677e-01,-5.747956006718708544e-01,-5.462691748681777204e-01,-6.740580524758955638e-01,-6.171628032602697322e-01,-3.622597435492642126e-01,-4.439551887380560058e-01,-6.812340559967398068e-01,-5.644010308102115347e-01,-6.510158462004070890e-01,-5.792255402508197371e-01,-6.226332869921723523e-01,-5.490600390570219425e-01,-5.083434778063700143e-01,-5.108433513244697854e-01,-4.644959423515013786e-01,-6.784824775278531783e-01,-4.307633650947060855e-01,-6.403906071309553028e-01,-5.811359857863689360e-01,-5.900510449157806425e-01,-5.631851413945939688e-01,-6.653794407800646127e-01,-5.783125775725587170e-01,-5.081088760799588044e-01,-5.264902180637812679e-01,-6.167985565299533013e-01,-5.116367861677282303e-01,-5.512898925544755802e-01,-5.200245290510520091e-01,-6.202602824720099273e-01,-4.988525122399846135e-01,-6.922787418125682102e-01,-5.617953570468918745e-01,-5.377678714340737853e-01,-5.451352454241528145e-01,-5.115410061987025747e-01,-6.072354060599821635e-01,-5.917010447754229574e-01,-5.998682189255754027e-01,-6.095345515402411651e-01,-5.570690282325592158e-01,-5.609965908855347738e-01,-6.328714507669253031e-01,-6.134249311939010685e-01,-5.440364216704483002e-01,-6.289522209882695281e-01,-6.926387395427718863e-01,-4.552859737253396877e-01,-5.678919019207955277e-01,-5.908823415832746839e-01,-6.534839498094121568e-01,-6.452880408420765823e-01,-6.499459687520491302e-01,-5.169459210555557016e-01,-6.555973525641439759e-01,-6.200098515341120331e-01,-6.031819245457523682e-01,-5.042595055203203946e-01,-5.486650945367965715e-01,-5.645792690244949563e-01,-4.796772587126466036e-01,-6.966589191254186630e-01,-5.850210253814277506e-01,-6.377685285543999161e-01,-6.235305560418277215e-01,-5.554684191988589204e-01,-6.845571819800378988e-01,-5.900559652510811715e-01,-5.909830769432553588e-01,-7.290790326805967059e-01
-6.059415610029629251e-01,-5.373738755544714696e-01,-5.957485642714640539e-01,-6.275227929956311845e-01,-5.418864293106194774e-01,-5.744701301832116913e-01,-5.874595543412619580e-01,-5.327312902897829439e-01,-5.334575580500575676e-01,-6.613333245156310936e-01,-5.929069933502834067e-01,-6.696843392280320550e-01,-4.259640778814339779e-01,-6.006769298985425998e-01,-6.132485497120399032e-01,-4.639727812931946915e-01,-5.140838720207697721e-01,-5.154753644592257045e-01,-5.687139836364100143e-01,-5.349733619655914207e-01,-5.940281927158088671e-01,-5.631089152335495562e-01,-5.138904140251253638e-01,-4.729345354742833241e-01,-6.441330131920489643e-01,-5.762418840837874034e-01,-5.108130417015928071e-01,-5.920014792058325703e-01,-6.076246831986069630e-01,-6.358431253808094485e-01,-6.116550581072067727e-01,-6.231604474748896338e-01,-5.062008590969748756e-01,-5.426553474832450652e-01,-5.575592856012723253e-01,-6.127186483207242018e-01,-6.837975910118747613e-01,-6.496388882191627134e-01,-4.434713427035467115e-01,-5.855729535023243004e-01,-5.965415189753993097e-01,-6.162390496148349994e-01,-6.126084921020626961e-01,-5.064548754327333757e-01,-6.055270058887517459e-01,-5.635961731964699295e-01,-5.874954775017383612e-01,-6.366951493500703219e-01,-5.851998832975452425e-01,-5.219502766117537496e-01,-5.971223616345333607e-01,-6.090908926853514371e-01,-5.878004871116968566e-01,-5.786916227393897882e-01,-5.543241779832164262e-01,-6.247067333310937221e-01,-5.376381746563392294e-01,-6.345257055152799808e-01,-4.725350070476818098e-01,-6.629861308081170801e-01,-5.036656003797933545e-01,-5.694253620098311819e-01,-5.311250030747907136e-01,-7.143895261838952848e-01,-6.560753533926051428e-01,-6.950074313635744572e-01,-5.439210970581125348e-01,-6.644046680963168194e-01,-6.849129538123098770e-01,-6.002121549702612580e-01,-6.508427060187770286e-01,-6.644693720002677884e-01,-5.732198786635175347e-01,-6.557381732874012492e-01,-5.064355886925019368e-01,-4.767768395313827789e-01,-6.677678861532041488e-01,-6.517440160096009683e-01,-4.891668504763312386e-01,-5.377376913037984485e-01
-5.611780920979577703e-01,-5.766732367021448757e-01,-5.827001933227523578e-01,-5.028670841758332566e-01,-6.051521829615686965e-01,-5.762705034741263388e-01,-5.280924536663930136e-01,-5.738711273783633215e-01,-5.412821171164172718e-01,-5.899540017028039873e-01,-5.434477059433530099e-01,-5.219884399347293202e-01,-6.008394042345148733e-01,-5.093576950766045552e-01,-5.438686962992466123e-01,-5.667212369117577975e-01,-5.553830391187103421e-01,-5.680137898746586700e-01,-6.124977674399330052e-01,-5.751871366616574388e-01,-6.256368173246292796e-01,-5.006397925531768101e-01,-4.852307056882231850e-01,-4.932373663916613804e-01,-4.852091874838226349e-01,-6.052633445107746812e-01,-5.356201617792287761e-01,-5.605455420123803822e-01,-5.114043881708740802e-01,-5.336400625491958261e-01,-6.001062838942382571e-01,-5.464416450027378414e-01,-5.707284230469681363e-01,-4.748277455740751440e-01,-5.676090667235198506e-01,-5.311494952942032999e-01,-6.040302229602200201e-01,-4.618640623791984146e-01,-4.968112680217035559e-01,-6.597347829930402252e-01,-6.310293268303462932e-01,-5.859767034639419281e-01,-4.627375811956617735e-01,-5.527411840739078208e-01,-5.779232556095502682e-01,-6.125118363430782642e-01,-6.551081780607943550e-01,-5.917287436757434627e-01,-6.107262218712887769e-01,-6.256441988115769570e-01,-4.313156398570749395e-01,-6.201326279033729794e-01,-7.257762693867227943e-01,-6.661924060137455195e-01,-6.732875703407416035e-01,-6.250528371014461015e-01,-5.734686460671852837e-01,-6.800417942871498367e-01,-6.178937448422783252e-01,-5.923507870966079336e-01,-5.832483800966165033e-01,-6.789523470151542783e-01,-6.461800226101920286e-01,-4.451976598632670923e-01,-4.515716865798523605e-01,-5.705893655901825845e-01,-5.513839680020172773e-01,-6.307619122019370028e-01,-5.785246879181262791e-01,-5.833560076414073814e-01,-5.957055490691343103e-01,-5.497401365796453776e-01,-6.011318965657077573e-01,-5.978164134711326794e-01,-5.213017062481843933e-01,-5.682996884417776950e-01,-4.788908164719771765e-01,-5.547371987153177919e-01,-5.708441007016854529e-01,-6.497279980023777934e-01
-6.461577364751274200e-01,-5.343618666047965649e-01,-6.215114558935026512e-01,-5.778646183549831505e-01,-5.698466002222620785e-01,-5.349723126296939135e-01,-5.830392771090807669e-01,-6.603629744013675973e-01,-4.945009412735837939e-01,-5.433719737025847207e-01,-5.906237246599644886e-01,-5.262387962561241306e-01,-4.839452089064268381e-01,-5.450944464087892349e-01,-5.362580258543154788e-01,-5.527430435911652173e-01,-4.903045216287279517e-01,-5.283960721389461268e-01,-6.635664192713763843e-01,-6.546007207289297192e-01,-5.285925859876740018e-01,-5.519676881281565528e-01,-6.372677165426973156e-01,-6.073082976222904383e-01,-5.624499807114531347e-01,-5.346748647240254781e-01,-5.451477498683885425e-01,-5.555720246535794660e-01,-4.630056941161219131e-01,-4.526480788732669125e-01,-7.390074879523278462e-01,-5.660459026649392600e-01,-4.419740573088478119e-01,-6.272376109183105397e-01,-6.280081576532089427e-01,-5.051882714036445288e-01,-5.913786837993609824e-01,-5.685593433952594866e-01,-5.441849336494074540e-01,-5.416580284161353065e-01,-6.314274997120072896e-01,-6.305149654421758898e-01,-6.178970353153997452e-01,-5.198664222290800829e-01,-5.579114249654651969e-01,-6.695204101398808394e-01,-5.909973575717069050e-01,-5.619642518469655235e-01,-6.667611347073972849e-01,-6.221787692291704808e-01,-6.279717390951337075e-01,-5.330148897785209616e-01,-5.392914764779895842e-01,-6.304447170097079445e-01,-5.202768957145124107e-01,-5.209482851474265264e-01,-6.628534398967680374e-01,-5.414200853872969121e-01,-5.880045452992488375e-01,-5.162374131247938758e-01,-5.895449185640946332e-01,-5.926775875672997129e-01,-6.671129549463200581e-01,-6.735869153401626841e-01,-6.548584636844142493e-01,-6.066082128021920150e-01,-6.892336703986881030e-01,-5.219336580822203642e-01,-5.452598303470543861e-01,-6.911982170108902368e-01,-5.946351055291706489e-01,-5.605463551698678382e-01,-5.863950300039800778e-01,-6.144376766883883345e-01,-5.653797642752587116e-01,-6.129171709722519568e-01,-5.840264407780403344e-01,-6.884640048547370217e-01,-5.907665095534423427e-01,-6.581880038570915303e-01
-6.069971609807204294e-01,-6.295114827574893601e-01,-5.880920507097245897e-01,-5.011575069146905204e-01,-6.188663673669859699e-01,-6.232497339326060759e-01,-4.879322859029354698e-01,-7.057218319194593636e-01,-5.912204637503303273e-01,-5.684945388151827483e-01,-5.484968480309035943e-01,-4.511310556822628604e-01,-5.155881673798565767e-01,-4.947306106551094818e-01,-6.895688699160238411e-01,-4.850293441578850673e-01,-5.387728607440673834e-01,-5.780399061936797311e-01,-6.254017095256616532e-01,-5.659352718002012006e-01,-5.358050963431357783e-01,-6.148260623992080065e-01,-7.034245082757458745e-01,-6.024822166281668112e-01,-4.741860116661574254e-01,-5.118553411744654058e-01,-4.763785481165559998e-01,-6.454854614145568714e-01,-6.030076053840794925e-01,-5.772917031924778009e-01,-6.389875670384816964e-01,-5.402266120082998002e-01,-4.308420523253844725e-01,-5.155637113721314169e-01,-5.281753781748041998e-01,-5.159402633196242816e-01,-6.472372129631530635e-01,-6.587475368653861185e-01,-5.413100479827482880e-01,-6.602102134347561657e-01,-5.748248814866786516e-01,-5.434960321326564037e-01,-6.272146221320362702e-01,-6.038376287772967421e-01,-4.841213522880971620e-01,-6.209956151183824158e-01,-5.082929710272400259e-01,-5.832913912394298572e-01,-7.740638469010537870e-01,-5.034115628385561481e-01,-6.234542028571493644e-01,-6.196416216798644738e-01,-6.758211083593140822e-01,-6.084637383300081082e-01,-5.352185038303871600e-01,-5.803666374375631154e-01,-5.651625572021233834e-01,-5.419600663342331037e-01,-4.815806827371237331e-01,-6.709236318004501154e-01,-6.276528927373639100e-01,-6.417454403417302000e-01,-5.875352544680937372e-01,-6.057572505040516031e-01,-6.316423874901707647e-01,-6.061772798331394041e-01,-5.316587984237607367e-01,-5.912662410178379790e-01,-5.741960817632734138e-01,-6.724154064229659333e-01,-5.394804950507747776e-01,-6.156736644128929514e-01,-5.644226717002591709e-01,-5.598831944885275247e-01,-6.966393585784679265e-01,-5.779899552292280251e-01,-5.643340106297904946e-01,-6.054679469691417459e-01,-5.188514250176921028e-01,-5.532544167346660213e-01
-5.634886344865522867e-01,-5.553561512081428564e-01,-6.328597724914003519e-01,-5.274664741304138094e-01,-4.561627446604437641e-01,-5.761707172418844003e-01,-5.633404108954532807e-01,-5.584545807708515275e-01,-5.315397034601553328e-01,-5.388767253057372697e-01,-6.366118262202429268e-01,-5.856111291998064017e-01,-4.775625321024870029e-01,-5.520564584669441777e-01,-6.274091751071203538e-01,-6.760954795819050789e-01,-5.215868459316442829e-01,-6.122752538825833035e-01,-6.493249145176556159e-01,-6.146455562178665399e-01,-5.951932174109829665e-01,-5.540358464848512687e-01,-6.220774813921126078e-01,-6.481941364312409082e-01,-5.501155328013808132e-01,-6.133942364915557777e-01,-5.938738504052868405e-01,-5.977546164363203296e-01,-4.622545816000785401e-01,-5.901145526657952667e-01,-4.988811537200130153e-01,-4.672688721534301592e-01,-6.106377259978105210e-01,-6.482432817475619613e-01,-5.043995962157195034e-01,-5.686868744212131288e-01,-5.768923766612400472e-01,-5.738453384999835372e-01,-5.412412860378998936e-01,-5.358952756486216051e-01,-6.536082175970640007e-01,-6.496719132163112365e-01,-5.703172700465092282e-01,-5.388543799769754949e-01,-6.251475130513368672e-01,-5.401192364857114736e-01,-4.955059425461518230e-01,-5.187754872346387325e-01,-6.031215809738905698e-01,-6.473930894862497398e-01,-5.781090639758875716e-01,-5.759177246522239058e-01,-5.740746069989530742e-01,-6.464752905637811686e-01,-6.184980565012998532e-01,-5.796337531633528606e-01,-4.860720286138021096e-01,-6.417967848397325703e-01,-5.898573195646849010e-01,-6.563873980415003695e-01,-5.731848576937743633e-01,-5.565171283102761102e-01,-5.619328235071887612e-01,-6.496734625710477440e-01,-5.007891992942902215e-01,-6.576512288193607780e-01,-5.296917890859308420e-01,-6.203978221513056779e-01,-5.304284635331900644e-01,-5.425008528503624250e-01,-5.934260966125725067e-01,-6.776052215158155922e-01,-7.217393457888803265e-01,-6.062332673215041767e-01,-7.039864980157715113e-01,-4.468405099145735804e-01,-5.954817070142091051e-01,-7.132988881477666521e-01,-5.300435521021292784e-01,-5.744965968286986913e-01
-5.443944488539075310e-01,-5.915017888924892775e-01,-4.709391852694040925e-01,-6.239541110130419899e-01,-6.368239781654614351e-01,-5.586597486265011403e-01,-6.486731084365912059e-01,-6.424156438882949738e-01,-6.358508252930811233e-01,-6.214221426090014155e-01,-5.516364112049961799e-01,-5.805404517399807007e-01,-6.021465570605699646e-01,-5.527292101225532717e-01,-5.281704045584133533e-01,-4.551931644263760846e-01,-4.683559140786025532e-01,-5.066298218170680601e-01,-5.204933038588259731e-01,-4.559632767655591445e-01,-7.159743913905468604e-01,-4.978903829073278442e-01,-5.761359715168313800e-01,-5.854259628673972315e-01,-5.825096219150983634e-01,-5.564142059881657110e-01,-4.758866968994419633e-01,-5.766037039653494345e-01,-5.423938532069029206e-01,-5.689260325988948486e-01,-5.630110259963793107e-01,-6.105046461619695330e-01,-6.144164300120292799e-01,-6.059181186635892447e-01,-5.477414861048514050e-01,-5.909418117873157517e-01,-3.980954831835855079e-01,-5.953005857993836081e-01,-5.995396290957446528e-01,-5.662462250218815996e-01,-4.856639404267324989e-01,-5.023918674220364533e-01,-6.306005546214069613e-01,-6.130630782323691630e-01,-6.239043900338387960e-01,-6.710440497276904948e-01,-5.100942920600205488e-01,-5.990786937361952669e-01,-5.545077465881437240e-01,-6.285762177823935870e-01,-5.469910799511160659e-01,-6.270611242315167200e-01,-4.166489534378025050e-01,-5.492647542480425527e-01,-6.408283157873942981e-01,-6.141993567991659297e-01,-5.326492051921091209e-01,-5.917476017396291477e-01,-5.792031552984243659e-01,-4.341848366740302945e-01,-4.959490358931171183e-01,-6.085362285732104359e-01,-5.912686831158687761e-01,-5.719210171162529832e-01,-6.644232007944521623e-01,-6.193270307720154522e-01,-6.583286662353577956e-01,-5.792433423426294192e-01,-6.089808286811809745e-01,-5.319910763223921757e-01,-6.483829679672337143e-01,-6.226907830716924552e-01,-7.006401204586969467e-01,-6.952578626444462229e-01,-6.250315995061412888e-01,-6.156814763387288281e-01,-5.843952348396730390e-01,-6.447855887720552737e-01,-6.870675474367956559e-01,-5.388592182872687930e-01
-4.821531216454496560e-01,-5.357575067318934847e-01,-4.160511506489780742e-01,-6.369193940411856936e-01,-5.623172126403294113e-01,-6.053563247234523548e-01,-5.843250290131123403e-01,-6.463690784438061998e-01,-4.663154087584681085e-01,-5.964121390091017272e-01,-5.590427497130091572e-01,-5.474931610052730102e-01,-6.611571337495962819e-01,-5.719215945188440564e-01,-5.354341400398726636e-01,-6.391127339818376552e-01,-5.939671452844202948e-01,-5.507553168870674698e-01,-6.317777287102152028e-01,-6.411353513591042663e-01,-5.449644073814481349e-01,-6.502955545698581030e-01,-5.574366137269780586e-01,-4.775744836488692302e-01,-5.668269640650558383e-01,-6.046657744988245264e-01,-4.498279877661198189e-01,-7.085798475950707553e-01,-5.624779503104110345e-01,-6.510703533183527236e-01,-5.282801024045394866e-01,-4.457761327156856135e-01,-5.892724715889259279e-01,-4.408349777659126278e-01,-6.045647807610367019e-01,-6.280810079867702456e-01,-6.064786604850092022e-01,-4.938091699285943603e-01,-5.823298136259392743e-01,-5.609886081626240806e-01,-5.370864005405874275e-01,-5.990675279344144233e-01,-4.807576632785559578e-01,-5.752439490625961271e-01,-5.464483410308108580e-01,-6.115936490179186835e-01,-6.066072611352354427e-01,-5.909679537248747616e-01,-5.342801602631441771e-01,-6.340859248235723999e-01,-5.521911678906715748e-01,-4.005843859471695523e-01,-6.263455944047230384e-01,-5.698355175991333121e-01,-5.628286939641716780e-01,-5.460935158693530633e-01,-5.444135193262834571e-01,-6.921640811335361132e-01,-6.809203048222334242e-01,-6.729262112541259944e-01,-5.209098478280508315e-01,-6.282952023733853197e-01,-5.379661898633523176e-01,-6.299003739139459324e-01,-5.513468389332210062e-01,-6.259142825449941494e-01,-6.797697831705687976e-01,-6.660848390570943689e-01,-6.938546676892978216e-01,-6.005130689989724990e-01,-5.326720682774265248e-01,-6.319496786923056719e-01,-6.420247202842970236e-01,-5.708627323397549302e-01,-6.095667624965428466e-01,-5.794464669259192791e-01,-6.857101942819263662e-01,-6.563013913812812961e-01,-5.640360928358659764e-01,-6.001834341042412424e-01
-6.134907751067711912e-01,-5.025857063822288806e-01,-5.774177926091258461e-01,-5.794298541703443162e-01,-6.257324527733864050e-01,-5.312774924666918697e-01,-6.138629834434967680e-01,-6.150108199808481668e-01,-4.957278224477125739e-01,-5.687903510626601822e-01,-5.881506604415613904e-01,-4.373625844457312284e-01,-4.334870392955655904e-01,-5.228448670506243845e-01,-5.441217478702066179e-01,-5.947401994723882090e-01,-5.135081057126700266e-01,-6.379759506572074690e-01,-6.646957231420455026e-01,-6.586056014059106234e-01,-5.910190815121164620e-01,-4.495401640071154947e-01,-5.847534536652773118e-01,-4.528446915051516086e-01,-4.869706353814332034e-01,-5.020770006663881624e-01,-5.028533145086269140e-01,-5.456462777155972610e-01,-7.131257892768253503e-01,-5.192190182923029917e-01,-5.815203468580095736e-01,-5.285365650704166862e-01,-5.522390711809347374e-01,-5.156822942392323972e-01,-5.703607310988669798e-01,-6.605709141112865446e-01,-5.003152251801410433e-01,-6.683581111518445139e-01,-4.971668276543771414e-01,-6.742950073404672118e-01,-5.411271078733072004e-01,-6.732972073905664212e-01,-6.780660485821032868e-01,-6.440577408936124515e-01,-5.715233835582782529e-01,-6.311377370508562956e-01,-5.418330128633538356e-01,-5.911132633581855922e-01,-5.964894125938964287e-01,-5.643683217586695777e-01,-5.776012413639571852e-01,-5.479301885198977207e-01,-5.587818801305880489e-01,-4.262996323903411322e-01,-6.810710365549661471e-01,-5.269474416889311508e-01,-5.790582093026572785e-01,-6.246887419021391885e-01,-5.898670579668477965e-01,-6.007959846735276832e-01,-6.023186513501107564e-01,-5.765661826122394640e-01,-6.077483820566446093e-01,-5.080244126735720123e-01,-5.150585355647093744e-01,-5.858599303683992288e-01,-5.789320326528762939e-01,-5.862720042811935262e-01,-5.876136012002884934e-01,-6.152737519714340797e-01,-5.446287486503759157e-01,-6.082546374278697821e-01,-6.638130726219600986e-01,-5.912154204843360628e-01,-6.542291575433191175e-01,-5.485467359036835244e-01,-5.222369548799659089e-01,-5.621990848304279087e-01,-6.106457969221931181e-01,-5.044641366642044211e-01
-4.734092985177338897e-01,-6.136222902045620486e-01,-5.967178478902575023e-01,-5.426288704072482760e-01,-6.146180921504830197e-01,-5.259466188621216842e-01,-3.658864592767940849e-01,-6.294220634586824570e-01,-5.625039262516009497e-01,-5.658917380026530219e-01,-5.470731844253466924e-01,-6.010121239158473516e-01,-5.585694701832818465e-01,-6.062368163769092932e-01,-5.919648951292508787e-01,-6.121700272736071424e-01,-5.542386757061346092e-01,-6.432298396397662099e-01,-6.067393622535296460e-01,-5.107784872693631462e-01,-5.652757895444845415e-01,-5.784547978661201961e-01,-6.023221214775985599e-01,-4.714737414646428815e-01,-7.215438069666023635e-01,-5.698631165307692648e-01,-6.406442025404985863e-01,-5.970426959178531945e-01,-4.719484395439276780e-01,-5.718030489381252801e-01,-6.754330567556950937e-01,-5.304922813937682502e-01,-5.625572222552914781e-01,-6.059248406778130480e-01,-6.205015005448282217e-01,-5.596774594189605212e-01,-5.050281220093156831e-01,-5.884095865821644677e-01,-4.075024642528798924e-01,-6.134171379347909125e-01,-4.989731055414181049e-01,-6.857741597555067070e-01,-6.236161968767135466e-01,-4.633881729475368139e-01,-6.341917542032690092e-01,-5.936681217902612939e-01,-5.202247486517299624e-01,-6.026940802899897198e-01,-5.353746014873065340e-01,-5.374032599749859473e-01,-6.575619457819130709e-01,-4.511269554906230383e-01,-6.298289864802658622e-01,-5.939259760159244506e-01,-6.547759352929710674e-01,-5.795993504619634251e-01,-6.493425902800665783e-01,-5.946541748230775859e-01,-5.548185404764528483e-01,-6.386017959455252413e-01,-6.047172112659101595e-01,-6.485580855589249127e-01,-5.260733430524037191e-01,-6.720290052225063038e-01,-5.555790803013110901e-01,-5.847930523377641299e-01,-5.379217386466303985e-01,-5.868314265417766684e-01,-5.609174882164352782e-01,-5.025350029327528834e-01,-7.153847050264018348e-01,-6.687767972588828380e-01,-5.890247487839556095e-01,-5.673377212091840205e-01,-5.107840119822995018e-01,-6.478705269184072968e-01,-6.164410922234360157e-01,-5.596914340300548352e-01,-5.110095701311739846e-01,-5.859061526314593982e-01
-5.907948174332052771e-01,-6.148731666058651069e-01,-5.627903418392402601e-01,-5.240620261307052941e-01,-5.298867448539383851e-01,-5.675286277331750284e-01,-5.309327058608762639e-01,-5.144403544432446518e-01,-5.692248498456682348e-01,-5.802848104971221055e-01,-4.713867719364543962e-01,-4.608015863868578088e-01,-5.911628864192212118e-01,-4.812587770498683581e-01,-5.574177333804313239e-01,-6.201822393615296081e-01,-5.868215795329331241e-01,-4.337519167360295302e-01,-6.158636052087863577e-01,-5.637116889639209871e-01,-6.071457912158891856e-01,-6.150728433434746734e-01,-5.518958054662597146e-01,-5.048319098779946446e-01,-6.034131468980054036e-01,-6.244579497240467791e-01,-5.470337506338613931e-01,-5.160422381764705468e-01,-5.605521797940792306e-01,-6.100837598465350675e-01,-5.289404128505988956e-01,-4.554012499291142380e-01,-6.551184885431474703e-01,-5.787189412927133958e-01,-4.718967046224771256e-01,-5.104338626990500005e-01,-5.293069406264444554e-01,-5.339442793589305181e-01,-6.850519937754714350e-01,-6.622840342621341136e-01,-6.190297951470213889e-01,-7.288144578239373894e-01,-5.633111492741498250e-01,-5.198416472536159239e-01,-6.810126140282638518e-01,-6.439997316072287870e-01,-6.637548805383065575e-01,-6.208942971733351079e-01,-6.581310910683695337e-01,-5.895153225516688300e-01,-5.539400209571688771e-01,-5.993755857453315627e-01,-5.065312207190610927e-01,-5.597368841434329223e-01,-5.520983090385453984e-01,-6.712843349617595434e-01,-5.679673450184782313e-01,-6.525655551069073912e-01,-5.280635270491930156e-01,-5.471597384529868213e-01,-6.489496858994734385e-01,-5.414265297384209807e-01,-6.101146672263395576e-01,-5.715488729423395808e-01,-7.071027922359688356e-01,-5.335577979398260506e-01,-6.919875206370634801e-01,-6.712958561357152965e-01,-5.035130782621101142e-01,-5.383965543525779385e-01,-5.497577648511128290e-01,-5.666784347430283697e-01,-6.799488463520829695e-01,-6.825223659111904206e-01,-6.645589492322364622e-01,-5.618859825651115747e-01,-5.703840479963023791e-01,-6.436769768378329815e-01,-6.062221464833407181e-01,-7.112401201806328732e-01
-6.406340502985511387e-01,-5.514957935271852518e-01,-6.464404404837927887e-01,-5.660406659714334321e-01,-6.018981068798180400e-01,-5.886433497541365689e-01,-6.044288801760110408e-01,-4.875072929297035174e-01,-5.912150920443214330e-01,-6.128849026020863899e-01,-4.931014884922466091e-01,-4.724679531252248821e-01,-5.356522096107418918e-01,-5.295111178158644627e-01,-5.543509813586057211e-01,-4.988076348332007859e-01,-5.416339866392765323e-01,-6.012005940913506263e-01,-6.374161646107030510e-01,-5.132974230685325434e-01,-5.546676952220711554e-01,-5.783003701773397065e-01,-6.193118207441234979e-01,-5.099170949986442380e-01,-4.512840053106980109e-01,-6.200241877967619386e-01,-5.677154712634819855e-01,-5.449633539051802478e-01,-5.481081832527885389e-01,-7.287863605831407243e-01,-6.083822122075290828e-01,-6.624883352502155542e-01,-3.985106547546996558e-01,-5.793825562437231458e-01,-5.985692694865402119e-01,-5.650985481016412848e-01,-5.234639761139275871e-01,-6.523877679950068620e-01,-5.276114389511621372e-01,-6.220005162108361851e-01,-4.877190867923426043e-01,-6.468117573122257324e-01,-5.319787760911377505e-01,-4.795867614804349421e-01,-5.633761384315559839e-01,-6.317035792427051488e-01,-5.970530415865906715e-01,-3.730421604741252506e-01,-5.809528366820020384e-01,-5.852013526657809939e-01,-5.053929997400580243e-01,-6.628234759611959515e-01,-5.947252136835704528e-01,-5.782053898769196065e-01,-5.707590910378194105e-01,-5.668467805431766093e-01,-4.792056021408254152e-01,-5.804852116798254746e-01,-7.026790907386902818e-01,-6.168279466204344974e-01,-5.507956167735542641e-01,-5.865434842833330276e-01,-5.420310711838471907e-01,-5.174390359049497734e-01,-6.160282835527747247e-01,-5.305959187545236100e-01,-5.672818848249898682e-01,-6.249552853077530168e-01,-6.128738504261765918e-01,-7.886228777829494829e-01,-4.980282002661529650e-01,-6.005840391820844726e-01,-5.675516399471457474e-01,-6.070474461685981815e-01,-6.269386818672105788e-01,-6.260523740801087200e-01,-5.822151743417500747e-01,-6.403858141027785056e-01,-5.876855654230401793e-01,-7.141305818666091598e-01
-5.833285020913668850e-01,-6.552767239401176003e-01,-6.092332950961091287e-01,-6.094528784633872487e-01,-4.992433335855954168e-01,-5.195132366605660357e-01,-5.167517392123626152e-01,-6.150037248544444335e-01,-5.946821137938592683e-01,-5.213410814810753857e-01,-5.813903241308010506e-01,-6.193905718615414502e-01,-6.369957506075201170e-01,-5.440743188210844794e-01,-5.993081452577311286e-01,-5.918751239948070175e-01,-6.163250411563804265e-01,-6.875157174901319612e-01,-5.274112198242720817e-01,-5.758287833739333950e-01,-5.956846702468622246e-01,-5.354932745823550722e-01,-5.870693572950320682e-01,-6.475063710682060769e-01,-5.819594322842094325e-01,-5.234578792134836345e-01,-7.501832976370178541e-01,-5.306576546494298219e-01,-5.677598455541364997e-01,-4.891333281850218095e-01,-4.508740686606719783e-01,-4.890028500093512864e-01,-5.701335224408488056e-01,-6.623165837860642835e-01,-5.857585284552935256e-01,-5.275849088519911634e-01,-4.321785208738814776e-01,-5.068405945867667795e-01,-6.244819956650783377e-01,-5.486176874959460825e-01,-6.380785847837729952e-01,-5.725999907720052962e-01,-5.094999676328467730e-01,-6.223985972142940248e-01,-6.220770823562489227e-01,-5.633642220838974701e-01,-6.407138664122433713e-01,-5.579697324308542372e-01,-4.680023684076972668e-01,-6.920425191475859661e-01,-5.942745390507202519e-01,-5.739769367639843134e-01,-5.785819097203064310e-01,-5.870393926796351192e-01,-4.982264984263778396e-01,-7.119750228238083123e-01,-4.994821526685732649e-01,-7.283633584291082652e-01,-5.031205807595273694e-01,-6.796968447086111365e-01,-5.464708066985416446e-01,-5.486187052735425063e-01,-5.601666021287136088e-01,-5.720385681317725624e-01,-6.238809718547736471e-01,-5.690741663520504368e-01,-5.837540925834162620e-01,-5.990670482630193749e-01,-5.776549785418585437e-01,-7.058878378710987667e-01,-5.635061812173096651e-01,-4.799233944138502350e-01,-5.639455137757234393e-01,-6.341554450531570186e-01,-5.559714504919300859e-01,-6.041357547977148634e-01,-5.836993970683104216e-01,-5.769454527009136857e-01,-6.073921889002845687e-01,-5.394673552446219711e-01
-5.830415202432622790e-01,-5.170312945358124246e-01,-5.450953597497051328e-01,-5.438549431340958806e-01,-5.802292385537424213e-01,-5.829415168934931613e-01,-5.845626737876946644e-01,-5.980179434391632576e-01,-5.666580882072678182e-01,-5.366749320055814731e-01,-5.454507638875764064e-01,-6.140460321929701593e-01,-4.578350346165956375e-01,-6.349107016655117786e-01,-6.342135848319302438e-01,-7.086831108439560767e-01,-5.486718764703114593e-01,-5.952752706381446712e-01,-5.569659488628037058e-01,-6.147771257297734993e-01,-5.426480868750636066e-01,-6.056234634320503130e-01,-6.771110281703245359e-01,-6.202410378608842478e-01,-4.743676712726948019e-01,-5.629916636794630724e-01,-6.302762370418145688e-01,-5.173313914135351244e-01,-5.536771760938561382e-01,-4.601136346012902889e-01,-4.935262012159794542e-01,-5.932090823264981605e-01,-4.609835989644181509e-01,-5.693615349161968986e-01,-5.733850322869198379e-01,-6.313826763941440268e-01,-6.112335266281099244e-01,-6.165315982665939831e-01,-6.236030152155134232e-01,-4.814306930343625335e-01,-7.286428160401432486e-01,-4.372711517822961969e-01,-6.030873293208108832e-01,-6.448578795237513983e-01,-5.565709190270812234e-01,-5.861824390234053883e-01,-5.593841587418618699e-01,-6.620096971487117177e-01,-6.380115357258723252e-01,-5.406614085186457475e-01,-6.394364109779977490e-01,-6.430494013731110625e-01,-6.228468219171812148e-01,-5.605060632427725231e-01,-5.368249095133390547e-01,-6.974737859164091835e-01,-4.962930675019882054e-01,-5.721121566025392235e-01,-6.068512280187701169e-01,-2.932849199139478946e-01,-6.867956486818661554e-01,-6.141092920344095596e-01,-4.708040635811420738e-01,-6.525441258959018276e-01,-6.677288824295831704e-01,-4.877168138676220566e-01,-5.875933216850615093e-01,-5.785902183989772851e-01,-5.732517376945526211e-01,-7.348952420593036772e-01,-6.045066678429075191e-01,-5.901210270232145616e-01,-6.126921510278748872e-01,-5.280464402564256643e-01,-6.511873677733757138e-01,-5.661818791450333732e-01,-6.304434389388345883e-01,-5.185410924097628715e-01,-7.325756365810440762e-01,-5.884548895151787695e-01
-5.372781677385074506e-01,-5.906147024400494328e-01,-6.371653759737285760e-01,-5.876104244397514220e-01,-6.188813325662977372e-01,-6.325312935974148898e-01,-6.010830843233211374e-01,-6.527699075424800990e-01,-5.863537609294380282e-01,-4.979613686367233005e-01,-6.393470602223418897e-01,-5.779000496902561013e-01,-5.774931775215840224e-01,-6.401512372938105155e-01,-5.780422442660816396e-01,-6.934489694189754916e-01,-5.157667761335019696e-01,-6.108543530256738130e-01,-6.082273572389829130e-01,-5.424065930034320804e-01,-5.677135922186418160e-01,-5.498532203352347603e-01,-6.593318616605028382e-01,-5.240315594307027869e-01,-5.366019651929038181e-01,-4.414401860667584443e-01,-6.137058463747748771e-01,-5.431361187054977169e-01,-4.823243521025471492e-01,-6.437099640659356137e-01,-5.801239844290057013e-01,-5.827693716288547821e-01,-5.443834692882730808e-01,-5.088553822916614955e-01,-7.260423023913376017e-01,-3.694609508896778971e-01,-5.139885625086973997e-01,-6.398031411896686338e-01,-6.175931218987460447e-01,-6.547454794940630318e-01,-5.212961184021275285e-01,-5.064517288461947153e-01,-6.589829756244035552e-01,-5.284625698162396246e-01,-5.803236071507128502e-01,-4.918028540382768932e-01,-6.325857496768629851e-01,-5.395944161316429399e-01,-6.236633716904518288e-01,-4.544813249365257657e-01,-6.246095049386114484e-01,-6.004820881736266935e-01,-5.144252819950457800e-01,-5.534227937073566972e-01,-5.884894108363312171e-01,-5.153432554040499047e-01,-5.602113812394013959e-01,-6.534683290131849676e-01,-6.470667172756772167e-01,-3.859348912757198380e-01,-5.923911389953940843e-01,-6.526949537963601111e-01,-4.941467211291072359e-01,-6.436760363078107838e-01,-5.260476134062966880e-01,-5.033613872250065624e-01,-6.073287971583414269e-01,-5.852161847414575346e-01,-6.131053376666830701e-01,-6.126334937835041794e-01,-6.997292590933409384e-01,-5.797140521935669755e-01,-6.703248502652748853e-01,-5.893631822223386330e-01,-5.573922306308192187e-01,-4.403348285040877275e-01,-6.591792987375943991e-01,-6.180192571228780851e-01,-5.216683332744340706e-01,-5.129525493951317960e-01
-5.558995366767010005e-01,-6.232582810970560550e-01,-4.876291378728841996e-01,-6.409429324087945190e-01,-6.557602173919628852e-01,-6.330064400668463653e-01,-6.441705509464690227e-01,-7.032121834779888614e-01,-5.779349242337254999e-01,-5.606471389197965616e-01,-4.348878071176879856e-01,-5.207255428610471082e-01,-5.949845209360854481e-01,-6.677461056065516765e-01,-4.853562829317835114e-01,-4.710870592668252588e-01,-5.655131778279332000e-01,-4.616842051246989320e-01,-6.591385031086017809e-01,-6.427075856054890179e-01,-4.139562512996906585e-01,-6.518365811600923543e-01,-6.228824210756422897e-01,-5.946505536844798323e-01,-6.807938058925007141e-01,-5.434527954338101985e-01,-6.089826913145052201e-01,-5.508887934195327851e-01,-4.801099005370604855e-01,-5.546208276535710135e-01,-5.493439684899150688e-01,-5.963877246924399467e-01,-5.712792139198229480e-01,-4.064910216790645348e-01,-5.530741772410905366e-01,-4.961392986911171699e-01,-6.386575439414021726e-01,-5.116588958143101218e-01,-3.949224752111074044e-01,-5.506130684618636417e-01,-5.326318260101728930e-01,-4.877307599741670385e-01,-5.474648873130225635e-01,-5.622576724078952592e-01,-6.154809162364257569e-01,-5.754319813449622067e-01,-6.736757649226476907e-01,-6.025265934338727147e-01,-6.297308410290620717e-01,-5.747395363081914121e-01,-6.438113849113272780e-01,-5.384463562490248156e-01,-6.425905263241004084e-01,-5.685013505857487992e-01,-5.456723041974115285e-01,-6.760580915976429628e-01,-4.569553581297112199e-01,-5.196416790416795717e-01,-5.453174089089303234e-01,-6.891510910979495863e-01,-3.651888649944982079e-01,-5.975569991791606084e-01,-6.877391562676253844e-01,-5.676458473532540738e-01,-6.444279910997805505e-01,-6.612797457844080684e-01,-5.943851103583621676e-01,-5.022187138903859704e-01,-4.983968505029422458e-01,-6.726207880402325090e-01,-5.688512383465056388e-01,-6.907960805248404279e-01,-6.368203060096268020e-01,-6.154868045040058355e-01,-5.118365483043364472e-01,-4.903226200120324729e-01,-6.226314455937013159e-01,-5.888425262918227654e-01,-6.124853232688631799e-01,-5.249861839219412962e-01
-5.986353274379788703e-01,-4.190837155261804003e-01,-5.392005023326700286e-01,-6.146937889476873362e-01,-6.263207822874871100e-01,-5.638518636561956621e-01,-6.159050983670307788e-01,-6.649254019290401496e-01,-5.955783084031662789e-01,-6.751168344993706549e-01,-6.144777203832597623e-01,-5.597783634041296752e-01,-5.252107434205623981e-01,-4.935033747658693071e-01,-5.412746656317994898e-01,-5.463763478598330225e-01,-5.603946942520521279e-01,-5.022497814587130183e-01,-5.675410906875067996e-01,-4.754106270888501240e-01,-6.281505726540915768e-01,-5.577756421524812103e-01,-5.704471868100180476e-01,-6.014129776405583439e-01,-7.371465919109261300e-01,-6.037936782636095234e-01,-5.049239098340937426e-01,-4.036330269072618271e-01,-4.490559664095903347e-01,-5.411917630412973468e-01,-4.643523062522135758e-01,-5.536480817288305101e-01,-6.292635173830906092e-01,-4.200385599818689530e-01,-5.191700694921426162e-01,-5.866020940796564664e-01,-4.833473944355291541e-01,-4.726237921471521108e-01,-7.189708703705818271e-01,-4.896955854144129927e-01,-6.346633503313902080e-01,-5.643012726132791146e-01,-4.538388771693548374e-01,-4.993514169176503925e-01,-5.632257387827358519e-01,-5.062068346892686366e-01,-5.524931416859167888e-01,-6.238670676008540861e-01,-5.857855096894055702e-01,-6.200725498388557355e-01,-6.427843897033795884e-01,-4.646974482872019419e-01,-5.204604250745420435e-01,-6.185054902048013892e-01,-5.989728006343447708e-01,-5.191494815624221326e-01,-5.192712270499081351e-01,-6.882427855387985849e-01,-6.600387053818942418e-01,-6.399381195772267938e-01,-6.087274998046048324e-01,-6.354079929639284696e-01,-4.353082375502134727e-01,-6.757283338280425378e-01,-5.486387522871774003e-01,-5.691098027036860518e-01,-6.045450860429721907e-01,-5.746013618699172820e-01,-6.717454826941032797e-01,-6.532437987225431231e-01,-5.322305754979107517e-01,-5.373335668142155130e-01,-5.783638820654022350e-01,-6.887754753457411283e-01,-5.691662903438847732e-01,-6.504834283715575927e-01,-4.476242172679631426e-01,-5.913279866445763089e-01,-4.985740852682556956e-01,-5.115941182873066095e-01
-6.009993939043659639e-01,-4.820795114204337040e-01,-5.266075111743565573e-01,-5.753955447263027212e-01,-5.811032674959790700e-01,-5.645016354903933387e-01,-5.768520750214954917e-01,-4.579263577440110256e-01,-5.934286182780564856e-01,-5.633221783396383797e-01,-6.133456183627118419e-01,-5.678882789021520994e-01,-5.025687818159725317e-01,-4.678767867609653908e-01,-5.952597038265931007e-01,-5.859642421219700692e-01,-6.270804189256171668e-01,-6.580629524932887220e-01,-5.599662678708811070e-01,-5.166818379736066724e-01,-5.021936668287653172e-01,-5.491847680362317297e-01,-4.264865093535001872e-01,-6.193487349043267365e-01,-6.120112752369755160e-01,-6.344818875283496640e-01,-5.544618475980158667e-01,-6.111239192672037746e-01,-4.852348143276057346e-01,-5.146880662473471979e-01,-4.982217795300166174e-01,-4.458984250000380123e-01,-3.558848650740896180e-01,-4.304023564466597507e-01,-5.877549915942167358e-01,-6.033150140405747486e-01,-5.887225922851818671e-01,-6.036046163144043186e-01,-3.869717835827315988e-01,-5.626162255252674660e-01,-4.390590827671100316e-01,-5.810903200849429906e-01,-4.855698593607438718e-01,-6.163006696765881420e-01,-4.475475708568264488e-01,-5.703278077839534221e-01,-4.715101051676962585e-01,-6.710650542438559851e-01,-5.200271111018246462e-01,-7.410253044125576505e-01,-5.766118392131726056e-01,-5.037914638240280629e-01,-5.862735342880044387e-01,-7.611079725216222114e-01,-6.560595482728809325e-01,-5.817247828207496863e-01,-6.790185333968943304e-01,-5.904167822941804866e-01,-6.228544211340785175e-01,-3.811116091547072648e-01,-5.933374409145196759e-01,-6.198892578010510857e-01,-4.553363600459287563e-01,-6.436342579024940669e-01,-5.192649948701292262e-01,-6.703616923332836874e-01,-5.328171674854440543e-01,-5.803664811578403970e-01,-7.046183966104003771e-01,-6.350882303799488815e-01,-5.538035574732181887e-01,-6.373970491495193347e-01,-5.513734177866481678e-01,-4.864167399390789126e-01,-6.248718880793439068e-01,-6.127772780870390790e-01,-6.379153158491266407e-01,-5.954827299295699650e-01,-6.437543203925628621e-01,-5.218350385214839404e-01
-5.903077790951507531e-01,-5.532003820125088733e-01,-6.207021754996840945e-01,-5.323050905130741750e-01,-5.657999820500086985e-01,-5.832424762030689047e-01,-5.621293655999438643e-01,-5.823811418485581592e-01,-5.696286973890521965e-01,-5.938417089184675479e-01,-6.083786980773531194e-01,-5.927991376668408918e-01,-6.223357470325159291e-01,-4.994199348003936501e-01,-5.200520420735131877e-01,-7.094457228344734911e-01,-4.894624619067727278e-01,-5.440668425648910178e-01,-3.852293185540737186e-01,-5.946400267281014562e-01,-4.735430080956865018e-01,-6.557806964037056208e-01,-5.628376490630131457e-01,-6.506782517172650104e-01,-6.689507017418038215e-01,-5.978418984343534248e-01,-5.939561065909834126e-01,-6.148833250923249061e-01,-6.342917860539082353e-01,-5.732192024600550884e-01,-4.377421933241327223e-01,-6.276249147001664586e-01,-5.335591198711359118e-01,-5.683675044274152377e-01,-5.122846880628123545e-01,-5.655882579033927327e-01,-5.795426409463230177e-01,-6.260939180291621442e-01,-5.232535505332354120e-01,-5.399220214234395909e-01,-6.947574352939026587e-01,-5.598019360736387062e-01,-5.790622804086135167e-01,-5.880328393840675849e-01,-5.023194095508505264e-01,-6.301927862657199508e-01,-5.802082878696815937e-01,-5.128138496472051111e-01,-5.417743537774499796e-01,-5.590390862348135759e-01,-6.608581769928926208e-01,-5.196130073136326910e-01,-5.167066816820097275e-01,-5.812408476749548747e-01,-5.680356483709877446e-01,-5.259206382254318912e-01,-6.009927259837789526e-01,-4.870173346324477293e-01,-4.409761661683074263e-01,-6.584708400508655357e-01,-5.227509539097938696e-01,-4.893421963433123856e-01,-6.382598128302797713e-01,-4.775050190535101158e-01,-6.048484076606995830e-01,-6.323313875443887788e-01,-5.365865521265321680e-01,-4.944916406519566099e-01,-5.103195366911842390e-01,-5.373626056783861182e-01,-7.265999496858925877e-01,-5.187965491967939657e-01,-5.694157719029010467e-01,-6.426747253119968750e-01,-5.893756934218561394e-01,-6.527886462141813118e-01,-6.104797562954363821e-01,-5.770915528046294263e-01,-5.873675077989459758e-01,-7.262622588864646733e-01
-6.736404691112315435e-01,-5.807605613278260526e-01,-6.081043160738633935e-01,-5.986858884194750097e-01,-5.511463512749384952e-01,-5.681762053591338235e-01,-5.502191885574129193e-01,-5.932268339600760276e-01,-5.751581749863855508e-01,-6.653443898399206136e-01,-5.478006359350496846e-01,-5.096273890011920882e-01,-5.737514946295600993e-01,-5.886004999661391679e-01,-5.638780828381924071e-01,-6.361930504472718129e-01,-4.914921376945487475e-01,-5.334704183820488943e-01,-5.364586418064998252e-01,-5.139708150790210928e-01,-5.834342057019826777e-01,-5.431250648034897655e-01,-6.046888472703351169e-01,-5.280355386980096766e-01,-5.500781301348151020e-01,-5.872630002171468355e-01,-6.606437782079908061e-01,-5.638710714103503108e-01,-5.269067694501213817e-01,-6.352753681677387743e-01,-5.788193672680520541e-01,-5.207344844490937597e-01,-5.127159947141379792e-01,-5.127187338130219096e-01,-5.382771352372469620e-01,-4.074884151473316396e-01,-6.159315755281556948e-01,-6.142257421744873325e-01,-5.782423741280366958e-01,-4.800897682858024096e-01,-5.580236792777082400e-01,-5.191020769012785196e-01,-5.696584139592211216e-01,-6.305877337980747566e-01,-5.513353929243867135e-01,-5.350434857065535788e-01,-5.051767997121465736e-01,-6.160380243806836686e-01,-5.480804928549475319e-01,-5.184315293674458536e-01,-6.423741155600688479e-01,-5.664678347788909551e-01,-6.209423255232493499e-01,-6.079896391296105707e-01,-5.903913825221827061e-01,-6.108896171150447474e-01,-5.304702059524535329e-01,-5.412273281388841895e-01,-4.784147070171919092e-01,-5.960908061525134194e-01,-5.513407671962294865e-01,-6.106343522078406805e-01,-6.254815801467905612e-01,-5.687375092336528493e-01,-5.554833082801512445e-01,-5.986796053594378719e-01,-5.921339842117242513e-01,-6.203471099139110656e-01,-5.436258961246864807e-01,-5.687081171767108811e-01,-5.881825061302051738e-01,-5.524403599242925234e-01,-4.824462853626292347e-01,-6.139944314182713692e-01,-5.640442075149181278e-01,-6.028653401340551277e-01,-6.914736513050639966e-01,-5.901522168375391564e-01,-5.706463773855563471e-01,-4.601218322460931542e-01
-5.449872336183870791e-01,-5.814611217514891184e-01,-5.725235335276787074e-01,-6.038914419657724908e-01,-6.017634462208671930e-01,-5.971123622621541394e-01,-4.886972528105323343e-01,-5.516055798714651903e-01,-5.596522284486503684e-01,-5.533340377977646884e-01,-6.514177415944025773e-01,-4.051173646689161800e-01,-6.248337826044800813e-01,-5.726484901487762791e-01,-5.827965727229653670e-01,-5.695465893911426658e-01,-4.764855870372975977e-01,-5.098825513721549907e-01,-5.939342289712995493e-01,-5.440378917268795522e-01,-5.352246055915491629e-01,-5.809338679811353323e-01,-6.026878136421528476e-01,-4.623162671793614731e-01,-5.524956573711992114e-01,-5.165191354152470771e-01,-5.000102676818630743e-01,-5.274582261462275046e-01,-5.141394595027392045e-01,-5.839867391246454931e-01,-4.880467384636532624e-01,-4.265503103784918926e-01,-6.105735265416156743e-01,-5.637746423791760719e-01,-6.781759733989213279e-01,-6.132783225693120288e-01,-4.592887270468429817e-01,-4.807879715626152684e-01,-5.118902279409792699e-01,-5.935881245291855235e-01,-6.482575072755569767e-01,-5.885213227421778326e-01,-5.622422667575078803e-01,-6.232111158909033888e-01,-6.002785337968928880e-01,-5.120029466047878453e-01,-5.138020255957707061e-01,-5.864250329294466990e-01,-5.859050930204346974e-01,-5.929999834678338910e-01,-5.267455476943656567e-01,-4.894598337773524710e-01,-5.690349270676148263e-01,-6.166940333422347154e-01,-5.340002938428830559e-01,-5.161979427690392974e-01,-5.762216331544315340e-01,-5.271212523469758215e-01,-5.723416542305965748e-01,-5.860995129071517873e-01,-5.908946991056028830e-01,-5.073715434395019708e-01,-5.554896939394399213e-01,-5.377293716824169678e-01,-5.865391053631383578e-01,-7.026856188053246521e-01,-6.092597696159587350e-01,-5.888093101580005317e-01,-6.201149102793216406e-01,-6.474761467254160907e-01,-6.173825577802055653e-01,-5.960252143025356331e-01,-5.923235430856391703e-01,-5.195552519275964398e-01,-5.781545330357513723e-01,-5.888926303690626973e-01,-6.961700399563006680e-01,-6.589441027122810990e-01,-6.664046585582379389e-01,-6.384925006100911071e-01
-5.474718021993123518e-01,-5.704579806646018492e-01,-6.816073204126220642e-01,-5.939154313489684034e-01,-5.999514671670482802e-01,-5.424048254809825664e-01,-5.488896050583859099e-01,-6.117610768566812407e-01,-5.783933817624172802e-01,-5.811362510091432343e-01,-5.702009529443973213e-01,-6.665117458418013952e-01,-4.715976068919365827e-01,-5.682007472230363732e-01,-6.200622202246397485e-01,-4.512021538082897631e-01,-4.365118088086198389e-01,-5.434341355445416744e-01,-6.201959029576297189e-01,-5.848088418113651654e-01,-5.401421362009855009e-01,-5.900158284603613801e-01,-5.609381662604741026e-01,-5.266433085284295545e-01,-5.387821476723985148e-01,-5.746317897471846514e-01,-5.553446278891988053e-01,-5.932077342970477618e-01,-6.081483500056386049e-01,-6.828379754001434598e-01,-6.095702794613224729e-01,-5.075732965380941319e-01,-5.282846014911167787e-01,-6.177962568340055194e-01,-4.495618831959047323e-01,-4.757987965839698408e-01,-6.050516869669676501e-01,-6.231490061417388482e-01,-6.611191644626560615e-01,-5.548301344962688342e-01,-4.870380193004545943e-01,-5.942961026720989803e-01,-6.140554801805730989e-01,-5.426311938414130065e-01,-5.837544712044238082e-01,-5.754378658485316267e-01,-5.681888251714450888e-01,-6.074917052010468943e-01,-5.130143041224964895e-01,-6.433587925242155725e-01,-6.618050043570217200e-01,-5.609291168340097000e-01,-4.737207101901709794e-01,-5.231976462040596187e-01,-5.861888002344852744e-01,-5.515948059154389682e-01,-5.575526654104886459e-01,-5.799772500821325227e-01,-6.428084861398004612e-01,-6.054409445133192014e-01,-4.724110969582373531e-01,-5.044967537691694703e-01,-4.948412579228030350e-01,-5.517553586817369737e-01,-7.662030498225351760e-01,-5.587291171289834324e-01,-5.601031110998879736e-01,-5.988383759697317732e-01,-5.328143554640741852e-01,-5.595813689552294745e-01,-4.757712669852187659e-01,-5.228359384332823545e-01,-6.071165656204757788e-01,-6.459662569691515532e-01,-6.062766510581022450e-01,-5.550112165709912837e-01,-4.832803881497666487e-01,-5.846969238238656219e-01,-5.974244909399450965e-01,-6.618486809518954184e-01
-5.346333561581736449e-01,-5.662636388083457373e-01,-6.537651922381033653e-01,-6.047710067235035902e-01,-5.764910036259328630e-01,-5.245593261761444248e-01,-6.199476556573316754e-01,-6.190585069253569106e-01,-6.379669500125680903e-01,-6.083433359102381477e-01,-5.319206291328607561e-01,-4.888032387257195688e-01,-5.151371800170687631e-01,-5.773983840810611445e-01,-5.310088069647913578e-01,-5.815468268264318841e-01,-5.549818664412626834e-01,-4.085105723269225608e-01,-4.869736555275279155e-01,-4.835664930211662216e-01,-6.275868592534190604e-01,-6.464072683100786643e-01,-6.697682184351630985e-01,-4.807903689711323092e-01,-5.318101326273191320e-01,-5.891376683313852558e-01,-6.044039357363240050e-01,-5.634305024222314717e-01,-6.486532184216143859e-01,-6.062800771595657778e-01,-5.953249068907879860e-01,-6.554721265575441658e-01,-5.183961773941927476e-01,-5.320503398397523620e-01,-5.532349952479892474e-01,-6.437694467565309164e-01,-5.775595951845899911e-01,-6.232783389129493701e-01,-5.676185028681020039e-01,-5.100543023226249417e-01,-5.100929321953825424e-01,-5.121872530476768715e-01,-4.577313162849616646e-01,-6.259248796089443845e-01,-6.002419044206982468e-01,-5.251971529411295636e-01,-4.485616704169160252e-01,-5.212122666932480497e-01,-6.541981291213834204e-01,-4.938999358105145565e-01,-4.098780668332387966e-01,-5.302062205614210821e-01,-5.181292438272412371e-01,-5.760273608411877744e-01,-5.575835677553844238e-01,-5.828751102296646502e-01,-7.258629344012365037e-01,-5.822163635216490718e-01,-6.967202454122900512e-01,-6.763337494529980676e-01,-5.683549283650672912e-01,-6.158899295414690389e-01,-6.331587268045150152e-01,-5.933008972661506508e-01,-5.535524228532803237e-01,-6.467024797406106806e-01,-6.148324818246861945e-01,-6.613761082784629375e-01,-6.425681155739717543e-01,-6.617497402718132138e-01,-4.840494332641127051e-01,-6.012207097929729294e-01,-4.784008603806116922e-01,-5.856830567389299524e-01,-6.739556585776386166e-01,-6.856658270815605416e-01,-4.736656434007521788e-01,-6.558389947273480791e-01,-6.736051316595539351e-01,-4.932905297809076495e-01
-6.636340637873989756e-01,-6.035526253637215621e-01,-6.221553945219978621e-01,-5.386909162722538502e-01,-6.431702098152450864e-01,-6.334364268121023267e-01,-6.266230362627752681e-01,-4.703315970755422293e-01,-5.607212751390796557e-01,-6.289487733826724103e-01,-5.604145974459465718e-01,-4.456493520507009420e-01,-5.851904415995545783e-01,-6.276526000841908814e-01,-6.195394283424017212e-01,-4.927729363555803377e-01,-5.625071046808390873e-01,-5.060380305957815628e-01,-6.685539312100423626e-01,-5.894584291517450669e-01,-6.009075876502845137e-01,-5.264947410751953383e-01,-5.500295994756190243e-01,-5.524401891584375113e-01,-5.537290732062284393e-01,-6.679805064039857632e-01,-5.858359099978797113e-01,-5.795057036295563346e-01,-5.106903009917095337e-01,-5.046220907430378766e-01,-5.286210524919148224e-01,-6.186401646550777622e-01,-6.208432758569288890e-01,-4.531102056979388615e-01,-5.047516801201188397e-01,-5.526943530331218657e-01,-5.906366927147082002e-01,-5.969316169770998437e-01,-4.651974572505054306e-01,-6.343042170931808554e-01,-4.739725355456215761e-01,-7.011839997289802673e-01,-5.513019632216754617e-01,-4.994858888363889471e-01,-6.052666440635985357e-01,-6.138350187744509023e-01,-4.471891154229775123e-01,-5.990701878262379987e-01,-5.562358961808818725e-01,-6.864564473051272264e-01,-6.002041273680460698e-01,-5.327736394827682354e-01,-5.481655098910115376e-01,-5.717071924054084597e-01,-4.548123775679450698e-01,-5.558638452989830281e-01,-6.184077974698466429e-01,-5.908309414056955866e-01,-6.068801116064570511e-01,-5.091806630748613172e-01,-5.534409220111270455e-01,-6.230797855089403869e-01,-5.597044827867800887e-01,-5.310851939647734943e-01,-6.660985131478537324e-01,-5.738476955902348520e-01,-6.880787269604952128e-01,-4.681902276841937161e-01,-6.200545599875531000e-01,-5.463570941487582155e-01,-6.554427764590025074e-01,-5.086735354114628738e-01,-4.873279310780714302e-01,-4.913558795925513922e-01,-5.269742404562987037e-01,-4.162790940399606621e-01,-5.815103291292161858e-01,-6.873677332067984480e-01,-5.744742999523537730e-01,-5.113718408973130236e-01
-6.542543189018733552e-01,-5.254451598193570216e-01,-5.035678136871081234e-01,-6.459576718076900370e-01,-6.296303862104856153e-01,-5.037544645440571456e-01,-5.870897434437228890e-01,-5.680549539334329712e-01,-5.042058423297862690e-01,-5.750490472500722205e-01,-5.298880718437025683e-01,-5.710098496919684408e-01,-6.178456738532243087e-01,-4.969079449429767981e-01,-6.091720700931727572e-01,-6.264715619194759499e-01,-5.475292319555512544e-01,-4.992386383965369823e-01,-4.430600388799187939e-01,-5.813309557611084921e-01,-4.699284958108266852e-01,-5.474171116288526484e-01,-4.415392349736246280e-01,-5.011906224802672449e-01,-4.800943756846504651e-01,-5.711812286386466209e-01,-6.201688042803006340e-01,-6.012561129329904164e-01,-5.183994512552002609e-01,-5.185244521031492360e-01,-5.549876078167047533e-01,-4.577439338634634591e-01,-5.491143812159756665e-01,-5.795748790630655956e-01,-4.190121343965088063e-01,-6.279126017750749078e-01,-6.664946002244309664e-01,-5.241445201600429815e-01,-6.508867049300463004e-01,-6.523660635892358783e-01,-5.725898192219011085e-01,-4.759508348210803041e-01,-5.792807741097809604e-01,-5.413117904183227802e-01,-5.105176979262197046e-01,-5.321561365329552373e-01,-5.178784792483228649e-01,-6.041903554191683234e-01,-5.905685751557052665e-01,-5.406309075499262651e-01,-6.428892232868640422e-01,-5.955661884198150124e-01,-3.872300026105424120e-01,-5.373716304343432171e-01,-5.566503489236254154e-01,-6.756449657586788282e-01,-6.179574182095600721e-01,-4.532721335006620333e-01,-6.417060388783514258e-01,-6.460113747017722785e-01,-5.300347290836783243e-01,-5.943307785792464326e-01,-5.257559752927639662e-01,-5.045931865618703549e-01,-5.242613324080235282e-01,-4.471763329631566197e-01,-5.572394311674953027e-01,-5.486743289879871810e-01,-5.647727404328789502e-01,-3.866336999204287861e-01,-5.966986761223772584e-01,-5.868164218118524511e-01,-6.293041676867857648e-01,-5.122569885562103797e-01,-5.216736818222756922e-01,-5.310664767594002189e-01,-4.757794861658963259e-01,-5.692483174946834090e-01,-6.698119675616975854e-01,-7.231775755481787415e-01
-5.298598088098377401e-01,-5.032372464634875531e-01,-5.843349577092463720e-01,-6.431175079183053533e-01,-6.127844216875260042e-01,-4.176918856472069397e-01,-4.921004142554746275e-01,-5.701141628435379971e-01,-5.458891226506753513e-01,-4.803372954357060243e-01,-4.606001165599313274e-01,-6.134001266598062552e-01,-5.576049358979899839e-01,-6.438966056851199715e-01,-5.471126230057237194e-01,-5.951020651040012099e-01,-4.867244174709050020e-01,-5.139775667094352851e-01,-5.473624387292510551e-01,-6.024856113910872502e-01,-5.408012950077221159e-01,-5.890513483049122367e-01,-5.527905182059812406e-01,-7.160872693198858663e-01,-4.834807976349217995e-01,-4.822484602280878718e-01,-6.333092388233401149e-01,-5.902313199273094835e-01,-5.541260017366042012e-01,-6.193859780062097586e-01,-4.840659077242326358e-01,-5.680786986758932233e-01,-6.427479330298280225e-01,-5.029039679203389790e-01,-5.936418311895352851e-01,-5.943860905597279087e-01,-3.983553337486543389e-01,-5.730406433591480608e-01,-6.955690640864130581e-01,-6.028458465517053666e-01,-3.958000847238199449e-01,-6.011148903180166814e-01,-5.231520391685230420e-01,-6.171437097790932746e-01,-6.399215740862138624e-01,-6.229709500218655327e-01,-4.938073756304547368e-01,-5.861164840680836985e-01,-5.532595442833152521e-01,-6.320180632168024282e-01,-4.145415092682596114e-01,-5.004997083263215130e-01,-5.209962253946133215e-01,-5.344525778206601352e-01,-5.006520851784871384e-01,-6.173568872477435132e-01,-6.573904119550887382e-01,-5.505741718544008290e-01,-6.423856930995165415e-01,-6.381011583372211415e-01,-5.384413033952690775e-01,-4.785271111223761697e-01,-5.548188799601129206e-01,-6.461413226549722610e-01,-4.627824013525688729e-01,-5.621965675261544337e-01,-5.024738946893007041e-01,-6.789279351299936094e-01,-5.014267136694413596e-01,-5.800114091726310539e-01,-5.910255042302999806e-01,-5.371976445940525036e-01,-5.860333040879582844e-01,-6.773056240653577698e-01,-6.520975447100502143e-01,-5.647296542136837072e-01,-4.853020318947944278e-01,-6.321767108620146569e-01,-5.764865715697524706e-01,-4.900670519140923886e-01
-5.430671308344534598e-01,-5.708759145741769681e-01,-4.541337891348906641e-01,-5.234840261393135519e-01,-5.772060604590886213e-01,-5.752021235870437010e-01,-6.144341307557625864e-01,-5.691802901216832522e-01,-6.485438282050819403e-01,-4.894377013257608655e-01,-5.171132732000393029e-01,-5.750682140834066924e-01,-4.994861217114643925e-01,-5.261894469717071088e-01,-5.849888656672653786e-01,-5.154072251677352945e-01,-6.039492646828915623e-01,-6.311681157176344259e-01,-5.875053795255821276e-01,-5.263611964822758615e-01,-6.092168229651824252e-01,-5.591758742601794507e-01,-4.188948876934233123e-01,-5.948380507514947624e-01,-6.571562776810652151e-01,-6.034672884885335931e-01,-4.312720570831489186e-01,-5.444537424152049443e-01,-5.708512544868783456e-01,-4.905038583603111846e-01,-6.533814546077862939e-01,-5.773635127787323240e-01,-4.542056330342141846e-01,-5.614052441467245469e-01,-6.168944066605343002e-01,-5.016519675056653194e-01,-5.214859999223987463e-01,-6.019362579977728389e-01,-5.188913070944980443e-01,-5.124356667493735751e-01,-5.321503351674732318e-01,-6.377521883877808051e-01,-4.291661262731404913e-01,-4.041620277908263281e-01,-5.605851806057493558e-01,-5.120147803987217250e-01,-5.564151247201960526e-01,-6.485282626147291785e-01,-5.682293134451911198e-01,-5.481054916884952055e-01,-6.105221140733583240e-01,-5.657812047222671170e-01,-5.558568499541807206e-01,-5.389695063366214400e-01,-5.940328842442116342e-01,-5.795478187842891815e-01,-5.575112455198706352e-01,-5.432490098364309850e-01,-5.532055793066853466e-01,-5.807188224345741778e-01,-6.317163007858419554e-01,-5.461734912240280293e-01,-5.290839656022431337e-01,-5.272576035120764004e-01,-5.267553088916197002e-01,-7.313034851203147335e-01,-5.673281269546018857e-01,-5.696870385329748654e-01,-5.266282749062479729e-01,-3.668482834722815444e-01,-5.811234485974338115e-01,-5.531355838164491168e-01,-5.065148274039432685e-01,-5.552268972792658852e-01,-5.680361353656271373e-01,-5.018742918321285051e-01,-5.487970002124928914e-01,-6.111556609834062348e-01,-5.794179772241355719e-01,-6.329222006189003658e-01
-4.193737140390859652e-01,-6.653938783574174787e-01,-6.029266234525999524e-01,-5.493371097565291628e-01,-5.673957539090195290e-01,-4.566377204445404847e-01,-5.181961976571459738e-01,-4.969362524704564188e-01,-6.173035288321371272e-01,-5.431995632439071686e-01,-5.307741372008638603e-01,-4.374115656947035191e-01,-5.657214023633370115e-01,-5.231916751054621617e-01,-5.714212025484658453e-01,-5.471620074389353938e-01,-5.175615722884114867e-01,-5.214843417037979822e-01,-5.828980327191387589e-01,-5.811536065637585846e-01,-5.782469905157634482e-01,-5.422388240686373262e-01,-5.965094484831676702e-01,-5.862025477441539234e-01,-5.017106137897919815e-01,-5.681851842183934798e-01,-5.021891249984505867e-01,-6.487058446872063788e-01,-5.915601704953978857e-01,-5.182887983395331188e-01,-5.832615849741685787e-01,-6.317206652259450550e-01,-5.784270917580708327e-01,-6.021971326376703848e-01,-5.681672527066654599e-01,-5.228325971581477827e-01,-4.988265678332254316e-01,-6.226789616592304233e-01,-7.370494683315260698e-01,-5.209476899299874120e-01,-5.564225556903128478e-01,-7.793603365689861784e-01,-4.965881500689374728e-01,-6.419758132140189755e-01,-6.747499745157186091e-01,-5.599720233173877126e-01,-5.754241571213788431e-01,-6.989459655934180393e-01,-4.962718175093768225e-01,-5.866333659764251252e-01,-5.328076313387077878e-01,-5.530930314025883643e-01,-4.963815648460709329e-01,-5.692350621170056968e-01,-4.873067928190791820e-01,-6.080305236850693795e-01,-6.092342768687737387e-01,-4.982146222169128724e-01,-4.231042711265448619e-01,-6.784015119319241061e-01,-5.521942434375272102e-01,-4.343101467796768866e-01,-6.555911217865780793e-01,-6.426905862160626759e-01,-6.302342698305578583e-01,-5.871682135495420729e-01,-5.581683606389163943e-01,-5.600743105043574088e-01,-5.640170065584050318e-01,-5.533898946116000417e-01,-5.174531182092538817e-01,-3.620767790081769189e-01,-5.623632021272769732e-01,-6.143936545241388547e-01,-5.791104737010637216e-01,-6.162739669485964855e-01,-5.189423142127412847e-01,-5.656167048528877306e-01,-5.847641163465292502e-01,-7.262458430821792099e-01
-5.965775711943204218e-01,-6.055717230064510126e-01,-6.225727893836658922e-01,-5.353358823134209965e-01,-6.331392072943435867e-01,-5.271737685999053902e-01,-6.343720299832344978e-01,-5.505474433743644536e-01,-6.537113445254942867e-01,-6.112168268184651199e-01,-5.872783080745432871e-01,-5.400130378753913440e-01,-4.917874512302097267e-01,-4.981291921939720035e-01,-5.551734365335181387e-01,-5.686870473889988897e-01,-5.688113690244026577e-01,-5.981202975472237338e-01,-6.696574917852303743e-01,-4.826556933972900310e-01,-5.104396208947880043e-01,-4.495037219711083276e-01,-5.953736098821832412e-01,-5.874857123999821518e-01,-5.826613993152466309e-01,-5.800530533587003879e-01,-6.124953853281419613e-01,-5.990403369222097041e-01,-4.547220415146003836e-01,-5.533873055379312511e-01,-4.183623685912886692e-01,-5.498760132813785839e-01,-5.168766657291046229e-01,-4.874634280629511762e-01,-5.439301625832134723e-01,-5.661038286125703589e-01,-5.636907011938908640e-01,-3.566728570508955198e-01,-6.712154694612312289e-01,-5.472705526706288515e-01,-4.594736871302666503e-01,-5.418785039604769871e-01,-5.995933736486054322e-01,-5.402005152764340901e-01,-5.517887287212047687e-01,-5.455048673981762741e-01,-5.484166930155640607e-01,-6.361535977604763081e-01,-5.873641651918589668e-01,-6.135935448975821105e-01,-6.123761425283853477e-01,-5.241231532745271871e-01,-6.467059828110741648e-01,-5.297497761335528965e-01,-5.686300276503478690e-01,-5.133904263250482769e-01,-4.717735228596707242e-01,-5.379860972048230439e-01,-5.226699498151994305e-01,-6.350626121427963566e-01,-4.701877041441713811e-01,-6.716545401208229293e-01,-3.563071289503855210e-01,-6.429660658502063253e-01,-5.757295046673637229e-01,-6.394149787247456196e-01,-5.543986231841325774e-01,-3.466482732490180907e-01,-6.838071942554717619e-01,-5.662734571531334860e-01,-5.126115695299875430e-01,-3.894992477441760470e-01,-7.247369150094581380e-01,-6.296367856650263439e-01,-5.630549024299713601e-01,-5.150699486489878076e-01,-5.701213323116723908e-01,-5.598112874000168437e-01,-6.507494061612342229e-01,-5.804503058608633248e-01
-6.596426697548274376e-01,-5.289010072064613821e-01,-6.172190737824828632e-01,-5.287532126350981132e-01,-5.513584589236592004e-01,-4.300621695040456327e-01,-5.001508661587983351e-01,-5.792924794876890271e-01,-5.211001577242564409e-01,-5.810028734024073049e-01,-5.704253346970286076e-01,-5.198567312157700293e-01,-6.251950442054784451e-01,-4.047636327670487422e-01,-5.636877080104085724e-01,-4.569402857410054808e-01,-4.938497466762570842e-01,-5.382079207679769661e-01,-6.075760799802946144e-01,-5.696285935144586032e-01,-5.235438315950342592e-01,-6.825290780993834572e-01,-5.595819441834383179e-01,-6.339610503758262849e-01,-5.259697493676779301e-01,-5.755449086675599180e-01,-5.024320502901702401e-01,-6.358471929658462418e-01,-5.243983775514359236e-01,-6.197635925250797317e-01,-6.800418765894374884e-01,-6.057260679375570112e-01,-6.289296066523212270e-01,-4.967397426561561136e-01,-5.595404252939133460e-01,-6.213681334228958741e-01,-5.507687344613073632e-01,-6.105569313141020471e-01,-5.197580569681917728e-01,-6.507583888228990476e-01,-6.382666091523643281e-01,-5.156309174221240799e-01,-5.884272580063295566e-01,-5.783569333309990235e-01,-5.150195931832495244e-01,-5.802485266414275644e-01,-5.533164611488270435e-01,-5.931324077873341150e-01,-6.224143749646241508e-01,-4.159372854388277418e-01,-4.258862612686302729e-01,-5.714033228627214411e-01,-5.337134020042515470e-01,-4.796731213459948795e-01,-5.609973572080600990e-01,-6.267252242391478934e-01,-5.893808898817954889e-01,-6.680418957977519723e-01,-5.375499376458973133e-01,-4.486711106317418096e-01,-5.631786686572254341e-01,-5.953814778304805655e-01,-5.563818482940716681e-01,-6.610227395515418936e-01,-5.058448673802494744e-01,-6.278188021498686266e-01,-6.331805351015901140e-01,-6.964305621910937827e-01,-6.245340543618518314e-01,-5.352499916540175429e-01,-6.179485171705613178e-01,-6.806804694896347874e-01,-6.752286983672691756e-01,-6.161515728213023957e-01,-5.602741932736120534e-01,-6.023888094236008461e-01,-7.061165034865137802e-01,-6.125884067256383014e-01,-6.771132757538496083e-01,-5.569240918993062506e-01
-5.600845827364444585e-01,-6.492572213843453843e-01,-4.567044035597161433e-01,-4.926189897144281349e-01,-5.968512705029855869e-01,-5.960471733978766062e-01,-6.498049793789344442e-01,-4.903038824805671658e-01,-6.192120306546320396e-01,-6.242951932279285909e-01,-6.577208494802894156e-01,-6.198794275249959185e-01,-6.932397193563887283e-01,-6.084717305095606044e-01,-6.519295023720093063e-01,-6.853149602394608131e-01,-6.469122669769976630e-01,-5.337274305210754077e-01,-4.945886642597013272e-01,-6.195190704092117251e-01,-6.142189185822163333e-01,-6.021939109101005494e-01,-4.771107254245437468e-01,-6.101934973916094407e-01,-5.266046947083516949e-01,-6.409413579355494051e-01,-5.952311953475678541e-01,-5.272664405985870717e-01,-5.560266116759378097e-01,-5.825381640786965187e-01,-6.824289086114406766e-01,-5.942888956865485239e-01,-6.436151579847173565e-01,-6.615573802296010886e-01,-5.000661091475813169e-01,-4.627305981970469273e-01,-6.273010198317151564e-01,-3.762918610118796692e-01,-5.536860612332662468e-01,-5.234668187067754719e-01,-5.505867497853162984e-01,-5.781718385473947341e-01,-5.217623245700196977e-01,-4.712836474882476923e-01,-6.443823206220267164e-01,-5.415497421785495646e-01,-6.019587295660623338e-01,-4.686753935214861833e-01,-5.103144884666612757e-01,-5.960620672156501376e-01,-6.326785067916975702e-01,-5.495037739821282408e-01,-3.896730273197449024e-01,-5.710341880681254478e-01,-6.093993894855168625e-01,-4.624474740300422160e-01,-5.337417298203276372e-01,-4.424839303183923933e-01,-5.521631179681647517e-01,-5.364342177210068563e-01,-5.090425351618573790e-01,-5.362160088218713705e-01,-4.733702585021827836e-01,-4.570785766455165988e-01,-6.743700436568752510e-01,-6.079664424062465322e-01,-5.972649672693397527e-01,-5.723567917434232433e-01,-5.019826332567682847e-01,-4.868990634717801913e-01,-4.530213966959422134e-01,-5.367840672788476430e-01,-6.134145570080999921e-01,-6.148738142777295801e-01,-4.461955317160690715e-01,-5.658265763686323169e-01,-6.104045357250751369e-01,-5.392967561074070160e-01,-5.611754900097684073e-01,-5.589734601370626166e-01
-4.673105882918850984e-01,-5.305053726634609834e-01,-5.681805641553728803e-01,-5.752271235578642061e-01,-5.737002384555699441e-01,-6.348549701704031545e-01,-5.876463846215087550e-01,-5.664450321294409729e-01,-6.245697732403676650e-01,-5.705096551833860330e-01,-6.018407132545212646e-01,-6.313729087519628358e-01,-6.077512316670534709e-01,-5.768329419127344870e-01,-6.154590502344834402e-01,-5.020599484282085578e-01,-5.162846348677555541e-01,-5.851976911013380134e-01,-5.271973595877038621e-01,-6.011258508096241071e-01,-6.621020582094722107e-01,-5.405508926489426269e-01,-5.314973370419114884e-01,-5.451646060107777636e-01,-7.228796410957432084e-01,-6.541385579578659071e-01,-5.142927574923221723e-01,-6.035727819935430283e-01,-4.335487108580503568e-01,-6.536048714102081769e-01,-6.303643307592584621e-01,-6.774849777216497282e-01,-5.419715758421463914e-01,-4.985828966849826793e-01,-6.334028955130397431e-01,-4.844521372870156384e-01,-5.354339757507275976e-01,-6.519665197655698519e-01,-6.022933479021317371e-01,-6.396621668711317543e-01,-4.910948531846269782e-01,-5.327827614048390448e-01,-6.083903633541363210e-01,-5.878623765714535709e-01,-5.853020858221363865e-01,-6.231011480737411734e-01,-4.099703240292583151e-01,-5.616779435106281637e-01,-6.585781152164388308e-01,-5.304946452154654102e-01,-5.586555138600901582e-01,-5.448739070308670218e-01,-6.278744823014179577e-01,-6.198998274807868691e-01,-5.747238173221187463e-01,-5.720362218831549495e-01,-6.052467928286354715e-01,-5.530955737312001075e-01,-4.916563268417395993e-01,-5.670016922473789522e-01,-6.419148601035710167e-01,-5.876339403157399000e-01,-6.448435833442875964e-01,-7.017790768407106139e-01,-5.878642065756629620e-01,-5.800728829436635481e-01,-5.776363724926020238e-01,-4.451431029438865372e-01,-6.656049302027872150e-01,-5.400849034538317550e-01,-5.766385675103771202e-01,-5.571433767176434682e-01,-6.012540185425705452e-01,-5.374319069062363230e-01,-5.763917780402844082e-01,-5.656429751365785741e-01,-5.663276501622502845e-01,-6.597467749849299512e-01,-5.487408863685759863e-01,-6.908868376216351637e-01
-6.076064455692129496e-01,-6.656376696718523389e-01,-6.265070361498282780e-01,-5.601108167443491492e-01,-5.771942988839525723e-01,-5.585314230576737815e-01,-6.656081446741376473e-01,-6.428188136401957742e-01,-5.681665346743709488e-01,-5.141989344751874969e-01,-5.432159774476098546e-01,-6.103271516425635701e-01,-5.618929200773649102e-01,-4.961603572518242800e-01,-5.324558460721477982e-01,-5.656677062594361871e-01,-5.662763016975371766e-01,-5.608573282496686074e-01,-6.096636679521872937e-01,-6.192935757745573477e-01,-6.400122627165321099e-01,-5.098504702055207671e-01,-6.144500973128212973e-01,-4.738057546162423583e-01,-6.166254507633613935e-01,-6.359904254844166438e-01,-4.978195128435729533e-01,-5.031510556013388813e-01,-5.239459188340259699e-01,-4.562436936791938735e-01,-4.533945973615507441e-01,-5.642573851473232649e-01,-4.667083622835061507e-01,-5.847815945761777323e-01,-4.454155513884615614e-01,-6.439273960654864348e-01,-6.094916431864035866e-01,-4.841016207566966600e-01,-5.911287789454988673e-01,-5.257465908129544951e-01,-5.223843297795507379e-01,-5.199525957296357026e-01,-5.357903548971271190e-01,-5.388897390569760137e-01,-5.960267765330111711e-01,-5.213076835325333169e-01,-5.546009108670987287e-01,-4.513841343453694477e-01,-6.979191742421451128e-01,-5.941711716250221986e-01,-5.622343517112823319e-01,-5.068229520195718374e-01,-5.103990573248921025e-01,-6.430656534733066865e-01,-5.969520262952711098e-01,-4.994418157868654728e-01,-6.547216277887785152e-01,-5.213155228083595771e-01,-5.331757372635995695e-01,-5.417433722623755665e-01,-6.271613559670103921e-01,-6.226615764312980472e-01,-5.751799576603797703e-01,-4.882078595006760779e-01,-5.634541150382036401e-01,-5.640743815427872176e-01,-5.405793210041289765e-01,-6.373736335648867435e-01,-5.368700648601184566e-01,-6.066759919609141516e-01,-6.204495518305885859e-01,-4.501405696855165228e-01,-5.552899104668777008e-01,-5.933172454732608125e-01,-5.462426595290519327e-01,-5.488606386860876984e-01,-5.347757068934949620e-01,-5.230080059555163308e-01,-5.502188221111393718e-01,-5.418298736663672566e-01
-6.293912022316493493e-01,-5.810981279001727895e-01,-6.400178282025078547e-01,-5.002164792970410501e-01,-7.096708139933376458e-01,-6.171381915784758254e-01,-5.566904702453343567e-01,-5.709084456154001064e-01,-5.189848835890926715e-01,-6.880660827491885678e-01,-5.242879039198846680e-01,-4.363023198231978372e-01,-6.746402006493579240e-01,-5.893622910378403246e-01,-6.228750943633029058e-01,-4.762100037636028960e-01,-5.394602061613446020e-01,-5.035158422837794356e-01,-6.681287925068021272e-01,-7.287503501277553530e-01,-6.099443909018672505e-01,-4.911151597609227371e-01,-6.109055686114325256e-01,-6.623217872108864146e-01,-6.480112008006716495e-01,-3.757397566654201992e-01,-4.266280166555659337e-01,-6.243374730582452736e-01,-5.936002465833587483e-01,-6.185632798296512025e-01,-5.299321646104893091e-01,-4.769080667816924524e-01,-5.895072495022605219e-01,-4.366913594776383745e-01,-6.074078567645216920e-01,-6.305052833265392120e-01,-4.962114405292375463e-01,-4.459669690055400593e-01,-6.603842735131266739e-01,-4.658701029191456566e-01,-5.011757331791304448e-01,-6.846139337747749742e-01,-6.022989220987444714e-01,-5.983673226112872223e-01,-5.635300004316046163e-01,-6.020809662502817350e-01,-5.856495688070294525e-01,-5.059875196574280531e-01,-5.596160349577570248e-01,-6.694786406480536245e-01,-4.923127433027450484e-01,-6.752965099088276135e-01,-6.175779039628247480e-01,-5.623034576328045375e-01,-6.190695784828592618e-01,-6.595245033966430359e-01,-5.516909165651914249e-01,-5.050041412015179310e-01,-5.728751632624660139e-01,-5.405888791319336528e-01,-5.989870866691159312e-01,-5.328375256288195860e-01,-6.720389818715033492e-01,-6.092180555195729763e-01,-6.342193181660924495e-01,-6.148686324850352047e-01,-6.437778490663444986e-01,-5.680819442956493992e-01,-5.991817962580117118e-01,-4.953774190138514055e-01,-4.688406505155610082e-01,-6.074228259779921313e-01,-6.281126959913467811e-01,-5.800283088167027534e-01,-5.652500814158396558e-01,-5.669923783170099929e-01,-5.702953245562480955e-01,-5.493892664223868350e-01,-5.990236445912020535e-01,-5.812969958056446451e-01
-5.881446386969005902e-01,-6.401987370033943581e-01,-6.062228537294606090e-01,-5.275069555995594017e-01,-6.199248950433615679e-01,-5.387990598302586642e-01,-5.569904607101474614e-01,-5.477020073522967936e-01,-5.427821208366793160e-01,-5.199146578655730044e-01,-6.206820095157052908e-01,-5.578651661676495843e-01,-5.211649162006217750e-01,-5.753961643335496756e-01,-5.759231887601885536e-01,-6.093183382404662174e-01,-6.070679513128166560e-01,-6.009891964427122035e-01,-5.506266236804862046e-01,-5.684917862905999320e-01,-4.928765566880357607e-01,-5.982141090194253996e-01,-4.906812013537839579e-01,-6.892726239476021366e-01,-6.166712477129673298e-01,-5.844338051753533714e-01,-5.136057365072561609e-01,-5.454319798733977542e-01,-6.072494016354299529e-01,-5.591003019389252371e-01,-4.618743264330668064e-01,-5.500943397265006807e-01,-6.344622681136679043e-01,-5.378023791784070085e-01,-5.358108650592501299e-01,-6.361923990099754844e-01,-5.637436157726691821e-01,-4.987980537088924082e-01,-6.330088728562633937e-01,-7.018818166113321988e-01,-6.391241332788420992e-01,-5.365422704682494270e-01,-5.921134600307987883e-01,-6.651753932684233428e-01,-5.211565471103111191e-01,-5.470355742235966101e-01,-5.433756063275781978e-01,-5.759586740654455417e-01,-5.138684392575167958e-01,-6.649921422884246258e-01,-5.652832412936527051e-01,-4.610654918204100672e-01,-4.967256308288126032e-01,-6.724263353271966448e-01,-6.119521141751186333e-01,-6.115200831761925526e-01,-5.899254242780682667e-01,-5.265538048948356087e-01,-6.389472671921458957e-01,-4.673976204192881734e-01,-5.388077670410481579e-01,-5.248531481049089065e-01,-5.214846478342579639e-01,-5.482721835944366351e-01,-6.323544516150580996e-01,-6.804844518392737518e-01,-4.466366443610949588e-01,-6.355251725263288964e-01,-6.062258626187543298e-01,-6.569867682750677451e-01,-6.322678136945821814e-01,-5.161498863842813867e-01,-5.920018623243107347e-01,-5.499947107285587666e-01,-6.091764111508338742e-01,-5.495828723998480436e-01,-5.621123463863767489e-01,-4.977706687183981460e-01,-6.632703696237874924e-01,-5.749452999913998719e-01
-4.948918223130320260e-01,-5.330360847950659231e-01,-5.069769911149361041e-01,-5.022074290440124988e-01,-7.072214812809325402e-01,-5.809335314127217487e-01,-5.871484111036732179e-01,-6.352053302511143640e-01,-5.393377746786640614e-01,-6.357494734413590143e-01,-5.100700135045309613e-01,-6.007756346931708569e-01,-5.069333275800632643e-01,-6.229736728752771624e-01,-6.886819295026895826e-01,-6.329484665015564504e-01,-5.438524305351031263e-01,-6.588108848887882507e-01,-6.344805289515893509e-01,-5.075021155493251168e-01,-5.213275714486225176e-01,-5.510034591202884746e-01,-5.390425217031994398e-01,-5.095922988480006133e-01,-5.129276478385348392e-01,-7.057315601427429641e-01,-6.111863397001682241e-01,-5.453148679552273226e-01,-5.921701865492146055e-01,-6.289871666661949190e-01,-5.753623857148243426e-01,-5.994519229137906802e-01,-5.807657039033479185e-01,-6.683472375802766985e-01,-5.778369590211819284e-01,-5.565093062802508594e-01,-6.089037786936996044e-01,-4.893934791289958897e-01,-6.388937875014224499e-01,-5.216712529143187060e-01,-5.191496288130871273e-01,-5.186969117088023884e-01,-3.992048985382873894e-01,-5.963044887261953475e-01,-4.766378783075934655e-01,-6.268544080697522336e-01,-6.195752603370360267e-01,-5.521578022820989862e-01,-5.482419003513343547e-01,-5.757754851106251515e-01,-5.531029181664605110e-01,-4.893282214240878836e-01,-5.875153556419419054e-01,-6.186756062588353311e-01,-5.122300786283066065e-01,-5.875870081078656826e-01,-5.914248859182371643e-01,-5.062085149692818753e-01,-6.009977147622200810e-01,-5.570863749117760388e-01,-6.859489685653390456e-01,-5.685603829709705570e-01,-5.966435548003519163e-01,-5.547584436334059843e-01,-5.711183076920300916e-01,-5.371646575248772981e-01,-5.334346717518069214e-01,-5.752348188026493725e-01,-4.350143277351981030e-01,-5.612321157339543731e-01,-4.973660942163729559e-01,-5.956799116235071967e-01,-3.897423061807545608e-01,-6.132332214403056758e-01,-5.131943249477027846e-01,-6.995094050676445852e-01,-3.745847626228782645e-01,-5.635133431911847346e-01,-5.978839139860763208e-01,-5.650796793879305779e-01
-5.958041233887277910e-01,-6.201005812749008639e-01,-6.574256006342510394e-01,-6.449129002640702213e-01,-6.313859126000259669e-01,-5.694445192230862540e-01,-6.027684266237647304e-01,-6.413403795374607030e-01,-4.287137409328541371e-01,-5.143056734505301320e-01,-4.875317482691957638e-01,-6.391565167438987283e-01,-5.527691389962445800e-01,-6.656927905513435606e-01,-4.671191127010299593e-01,-6.548501684663379230e-01,-5.611576154284581008e-01,-4.978553491575882228e-01,-6.484273085974655570e-01,-6.068241615678142686e-01,-5.346144497843590138e-01,-4.445458804519873963e-01,-5.327541659795593798e-01,-6.009168181211730353e-01,-5.074948987311916904e-01,-4.944434247072448385e-01,-4.295122433778939541e-01,-4.830163383737522964e-01,-6.174285021909640125e-01,-5.892852682216740412e-01,-5.835035877540130089e-01,-5.104546050516681754e-01,-4.463162597741075488e-01,-5.257066101017576765e-01,-5.425121883117325350e-01,-5.304721590442853518e-01,-5.215464004920921104e-01,-4.141253656404982331e-01,-6.502881708312128195e-01,-5.767798795507903531e-01,-6.408574256249267576e-01,-5.384627955727924187e-01,-5.435904684597429037e-01,-6.676620353062203694e-01,-4.965400667886498698e-01,-7.277159104923435207e-01,-5.099200263627406970e-01,-5.998929925006988295e-01,-5.405438116953994454e-01,-5.988411658225325507e-01,-6.180887176362577229e-01,-6.140351759330617831e-01,-7.125848620503173469e-01,-5.320507402161986921e-01,-5.531009103368835778e-01,-5.586016650974912068e-01,-5.149199253851109992e-01,-5.791126381553171054e-01,-5.860052168004094009e-01,-5.410738267554627834e-01,-4.729364572835415004e-01,-6.298570343012980244e-01,-4.721240156080656059e-01,-6.281217504071140434e-01,-4.526261294546854996e-01,-4.793610607120801226e-01,-3.996173953568052384e-01,-5.919263689318292609e-01,-4.281318448516547859e-01,-7.015955297985982941e-01,-5.955323487758121814e-01,-6.243108976627805839e-01,-4.535369829080544424e-01,-5.633014357503898228e-01,-4.519119401229343413e-01,-5.473125827692272294e-01,-5.514316842828573817e-01,-5.138251548544269243e-01,-4.497323143621254071e-01,-5.476696570254874219e-01
-5.049178521661740193e-01,-5.607332346872568873e-01,-5.271540790938276100e-01,-6.113070597901641978e-01,-5.230041834453984517e-01,-5.948173279099304711e-01,-4.920321574060407266e-01,-5.703928734405553369e-01,-5.108275067658055724e-01,-5.383203522134140107e-01,-5.397445839035910353e-01,-5.758230130409018876e-01,-5.933363777255460381e-01,-5.979081895325956131e-01,-4.514876449170422967e-01,-5.451688164166729189e-01,-6.293861876863015015e-01,-5.744786639902473846e-01,-5.016386830075415526e-01,-5.974881692211297946e-01,-6.215725215037919416e-01,-5.339303706924152237e-01,-6.373759612040565958e-01,-5.925587817576783989e-01,-6.217291638811134336e-01,-5.709455166265694492e-01,-6.397275091456608997e-01,-4.994081442838070317e-01,-5.446751958108467795e-01,-4.754715849085343060e-01,-5.728854484321039831e-01,-4.744527680828979355e-01,-6.785421662362032258e-01,-5.690200884664237124e-01,-5.702347129893788891e-01,-5.842530685751624597e-01,-4.701201115229680094e-01,-4.516759589606245684e-01,-6.101108259279109935e-01,-4.100688721886935895e-01,-6.058152229874372852e-01,-5.296488119743936185e-01,-5.837215853036151758e-01,-5.169575562014240289e-01,-5.099313048172144924e-01,-5.098362695493697805e-01,-5.431392518962810945e-01,-5.293237296450700180e-01,-4.571809005841073748e-01,-6.292542476569242815e-01,-4.638764431190271487e-01,-5.809113847538199815e-01,-5.750218667117124038e-01,-4.563323592764898518e-01,-6.581532620437197112e-01,-4.910311731985349537e-01,-4.162110432064837773e-01,-5.583783689669592487e-01,-5.777329842688687656e-01,-6.144649504140946572e-01,-6.390861514982572045e-01,-5.538027724837728538e-01,-5.794803657297188382e-01,-6.572393797608151456e-01,-6.185324029016073810e-01,-5.339512781824155008e-01,-4.599126287352593434e-01,-6.270050505577451361e-01,-6.305127905256077137e-01,-5.292749347389557046e-01,-6.661092127523798867e-01,-5.304038891392707233e-01,-5.902584597246366416e-01,-6.458579288256569573e-01,-5.301238216894433863e-01,-5.437191241699484978e-01,-6.229878651282956259e-01,-6.017054845585331213e-01,-5.643354607171675585e-01,-6.228068239269016759e-01
-6.929985411571234488e-01,-5.327598415243228747e-01,-6.018855146588321103e-01,-5.120898640119381229e-01,-4.899064361402325485e-01,-5.492285793001112637e-01,-5.560370420857329021e-01,-5.369333173877364196e-01,-5.429019376642524319e-01,-5.218072759673402228e-01,-5.811415258918724014e-01,-4.752629400270631521e-01,-5.592722115161506968e-01,-5.961934410392711881e-01,-5.161260379625021155e-01,-6.306078508184876918e-01,-5.581557574157682833e-01,-6.837295111068210085e-01,-5.924982403289041910e-01,-6.080844473748550083e-01,-4.719548263958185941e-01,-6.597133674497007716e-01,-6.217369813824163982e-01,-3.717017957231479319e-01,-5.236298683165722112e-01,-5.809328589288433875e-01,-6.293042504159758188e-01,-5.134944540609137631e-01,-4.814940984881396213e-01,-4.841371964662375404e-01,-5.517359570393607360e-01,-6.261076188959477928e-01,-6.270373331689729213e-01,-5.553356145887812234e-01,-6.870896568353551670e-01,-4.982716408208406333e-01,-6.697376823285552394e-01,-6.253416198972746587e-01,-5.677612186782865500e-01,-5.460942398501992256e-01,-5.178987706325800522e-01,-6.890415601004883372e-01,-5.267484398586355088e-01,-5.626500021283628028e-01,-5.477327870609063343e-01,-5.914915341914351865e-01,-5.265689436749900754e-01,-7.057084767711089279e-01,-5.230490631061079920e-01,-6.093161095046911724e-01,-6.630439326970206659e-01,-6.116492795675473326e-01,-6.418779204334162936e-01,-7.019681586735811996e-01,-4.338032368301534825e-01,-5.961095577777200116e-01,-5.868056634504228430e-01,-6.569901180638811899e-01,-6.086229489555707861e-01,-6.335374382632112944e-01,-6.402012214398131729e-01,-5.708369965207468200e-01,-5.655123267419680522e-01,-6.096351238092583280e-01,-5.882101665652302858e-01,-5.616820523410763766e-01,-5.722360137333980523e-01,-6.141215165614249960e-01,-6.019812033502894844e-01,-6.727292026168686379e-01,-5.096501250253359094e-01,-6.020961722563171747e-01,-5.574881628026726599e-01,-6.861304603256653811e-01,-6.146448499745879035e-01,-5.165606585742129608e-01,-4.394662910185233029e-01,-5.986203209741126630e-01,-5.828750901136755536e-01,-4.722965989544732346e-01
-5.776782725690918774e-01,-6.105943137816431943e-01,-5.813745548658892925e-01,-4.760229181155209432e-01,-6.076991487806904235e-01,-6.277228279666154931e-01,-5.485829721965729266e-01,-5.844419837412846430e-01,-5.768705853514283222e-01,-5.410543344616449701e-01,-5.926681692270264756e-01,-5.956215426361836096e-01,-5.996498945749684228e-01,-5.896748003832096297e-01,-5.879482400697160216e-01,-6.436934705512337151e-01,-5.879067134605946432e-01,-5.977914522207158354e-01,-5.670093488272045512e-01,-6.245893053382142179e-01,-4.883351768243819335e-01,-4.841255562232131826e-01,-5.299459824482137815e-01,-5.431809200455878228e-01,-4.461201454212254669e-01,-3.831530101448399894e-01,-6.074064959485412363e-01,-5.997409557941053571e-01,-4.297567759639102092e-01,-5.075438615249833196e-01,-4.877711531115732080e-01,-5.079994618192807954e-01,-6.062047443299215521e-01,-5.294504584953334536e-01,-4.768145534868521440e-01,-4.456533992624485685e-01,-5.038487209533690780e-01,-4.594680270643811126e-01,-6.009252233542351496e-01,-5.861411195709512745e-01,-4.615264886626621044e-01,-5.161359523761549495e-01,-5.985616166637058866e-01,-5.634982974020653623e-01,-6.158182627728611136e-01,-5.244139934631865119e-01,-5.468523090238716078e-01,-6.037235987829058237e-01,-5.955693635188804569e-01,-4.720159739540737420e-01,-5.943455105593479226e-01,-4.908049758089261805e-01,-5.781948601642460384e-01,-5.175303000080205829e-01,-5.122350602693940269e-01,-6.794301061501479833e-01,-4.970312552062468581e-01,-5.457794726910810690e-01,-6.761703501286702167e-01,-5.922574699807565679e-01,-6.430088494711084790e-01,-6.413798342905866479e-01,-6.118430129725557221e-01,-6.159408433063000565e-01,-6.054911874746956579e-01,-6.414556868592028449e-01,-6.194686232539085013e-01,-6.730267664786356852e-01,-6.472276194643186153e-01,-6.091552009079457264e-01,-6.307100655102009235e-01,-4.964727874062032642e-01,-6.084725036166377388e-01,-5.634960652822035287e-01,-6.504716466576279110e-01,-5.796039084806725583e-01,-5.659860265549115921e-01,-5.898215764301669717e-01,-5.896239687486398706e-01,-5.198093881944977346e-01
-5.618626994412500020e-01,-7.481543277686090176e-01,-6.329276756660566772e-01,-5.574615732163473725e-01,-6.388442539221946825e-01,-5.073546659014469551e-01,-5.701924748303069945e-01,-6.289799770761563824e-01,-4.557771499900077905e-01,-5.620294259005373938e-01,-6.452837993182428677e-01,-5.660273674573464975e-01,-4.776679077878093205e-01,-6.184468289416448217e-01,-5.637239675277375683e-01,-5.234476934408803794e-01,-4.439541495026178564e-01,-5.033154834931733435e-01,-5.377667939476394876e-01,-6.146365054714202358e-01,-5.716604758373002859e-01,-5.908733075495589127e-01,-6.165910118687939478e-01,-5.965440368813920147e-01,-4.900842335291563101e-01,-5.159636075033635638e-01,-5.799750547133869505e-01,-5.450838194499932898e-01,-5.632685510638115733e-01,-4.999009850789262743e-01,-6.480660788011022300e-01,-5.950545464849301691e-01,-5.517540418378186207e-01,-5.152362554879570400e-01,-5.680739115538601114e-01,-5.259901505536409561e-01,-4.673371607139942818e-01,-5.492084836847068718e-01,-5.019969792708639522e-01,-6.488314904130501048e-01,-5.342991175425794159e-01,-5.648714983093650055e-01,-5.124332805947575675e-01,-4.913976504241475141e-01,-4.741673653523710286e-01,-5.981606624617984425e-01,-4.757344419356425713e-01,-6.566568406385316914e-01,-4.087824507731686596e-01,-4.754688891464523004e-01,-4.376790122988272747e-01,-6.175104476291128908e-01,-5.540075893663979345e-01,-4.741466195269538608e-01,-5.986025612611659552e-01,-5.673919949520320749e-01,-3.833137062382203641e-01,-6.523345128162361117e-01,-6.179125498211955891e-01,-5.479723312975744998e-01,-6.580260881418376062e-01,-4.741644630128487581e-01,-4.654373314287698071e-01,-6.754960484265969400e-01,-5.891580803470177763e-01,-5.541873887404091814e-01,-5.876196196181611153e-01,-5.084622929109338108e-01,-3.999156199660224842e-01,-5.787295898015401008e-01,-5.630466823389943531e-01,-5.369633673827143294e-01,-6.037858623554005488e-01,-7.210810558702913653e-01,-5.944876139597703446e-01,-4.957026288732517827e-01,-5.652751830945184075e-01,-6.055058403912133569e-01,-5.971269816642427175e-01,-6.385769949371249421e-01
-6.700858627758202735e-01,-5.831773106580315780e-01,-5.230382060362965824e-01,-6.459178102912898067e-01,-5.581070413796761498e-01,-5.844275510107480587e-01,-4.352882087883561124e-01,-5.973766824845774259e-01,-5.834945464046882302e-01,-6.068060227463099032e-01,-5.418884914477856141e-01,-4.287341267593598459e-01,-5.795915744003926617e-01,-5.620648573474416043e-01,-4.008944488868727007e-01,-5.719566962661883913e-01,-4.989058671513641463e-01,-6.253597334078669912e-01,-6.069711305265569345e-01,-5.244187682751739743e-01,-6.207107358860819435e-01,-5.465457665718810309e-01,-5.985510733314503007e-01,-5.678637493743655673e-01,-5.985511195754475988e-01,-5.485252068563878369e-01,-5.151271596849168466e-01,-6.200400593756167922e-01,-5.340696687735876358e-01,-5.847559865951331703e-01,-5.964664235606220721e-01,-6.127713720496653638e-01,-6.374037561500914828e-01,-5.221483586418265155e-01,-5.558208365841225129e-01,-5.417286480508523017e-01,-5.684858820849317818e-01,-5.906842061862734861e-01,-5.935644148956812360e-01,-4.825798129278424109e-01,-6.277218183768231707e-01,-5.286051669423967869e-01,-6.418487602838339745e-01,-5.173042081669427805e-01,-5.998916429708752718e-01,-5.020869073832988638e-01,-4.558942262604001594e-01,-5.705735229243972251e-01,-6.517550104805786004e-01,-4.607789491172085694e-01,-5.080837760162737471e-01,-5.842260837901378512e-01,-5.700756239998948649e-01,-4.981889254547780532e-01,-6.069809012467169973e-01,-6.741416461053955089e-01,-5.157598679579646905e-01,-5.382367214561818436e-01,-4.766486569217241454e-01,-5.790328642045245999e-01,-5.635621175821285966e-01,-5.713324901532584876e-01,-5.856557206353901757e-01,-5.875490297846258647e-01,-6.031851240978041151e-01,-5.671031465354604562e-01,-5.479373902415396458e-01,-5.402111361435075754e-01,-4.463190864342162500e-01,-4.823126269054142656e-01,-7.214456278130297884e-01,-6.154642770190366097e-01,-5.806641113518392627e-01,-5.955806611831024888e-01,-5.821895870090226799e-01,-6.128461737248274144e-01,-5.879055011308756962e-01,-5.844783465778357057e-01,-6.744414066788478879e-01,-6.432461891264021903e-01
-6.088502132340900541e-01,-5.216126992460834444e-01,-5.996184857505311161e-01,-5.799585700111734576e-01,-5.931895396455699743e-01,-5.364955601082603831e-01,-5.665852583329815673e-01,-6.560706232032793572e-01,-5.422800089432198156e-01,-4.885380858201810450e-01,-4.648956783057331399e-01,-5.097704642295338706e-01,-6.418451532740113707e-01,-6.196361867968959158e-01,-5.248735807458702052e-01,-6.430999891531533619e-01,-6.022067270992785826e-01,-5.930546517468514578e-01,-5.090443422622391578e-01,-5.348094376180948517e-01,-6.348160922374995740e-01,-5.910643551027662257e-01,-6.242302203081407930e-01,-5.409291576687995651e-01,-5.825203428614070811e-01,-5.691517461082842289e-01,-5.983778692473964433e-01,-5.706837018295006780e-01,-5.725139167489778913e-01,-4.812476470151972330e-01,-6.506406978844564426e-01,-4.528671040493598143e-01,-4.959899617936499028e-01,-4.277917727314630159e-01,-5.751732660204091907e-01,-5.998517358662828203e-01,-5.746263463296198415e-01,-3.737785816451632548e-01,-4.994404844044323943e-01,-5.642748551510478050e-01,-5.678389706149720162e-01,-5.323971836147960435e-01,-4.778504078384719356e-01,-5.518395974669849657e-01,-5.572387690849878172e-01,-5.451419454445266544e-01,-6.772611435320532447e-01,-5.881515267183031748e-01,-5.447943581576742966e-01,-6.383724277356448429e-01,-4.126737028214237379e-01,-5.549699648755852532e-01,-6.413893198222943015e-01,-5.873149762491820525e-01,-6.038351024818074952e-01,-4.964906798357019424e-01,-6.153852455339365868e-01,-6.508751919348372272e-01,-6.330322528441971741e-01,-6.815498315328168966e-01,-5.345113589203034365e-01,-4.854277268463252915e-01,-5.967659881850636561e-01,-5.419167066874678307e-01,-5.809083969705919337e-01,-5.084635252034287456e-01,-5.416550796576291571e-01,-7.019573122790292441e-01,-5.560646431925164723e-01,-4.314682379826023095e-01,-4.825964002941077746e-01,-6.113983941859194582e-01,-6.828295567312099301e-01,-6.122330758802013717e-01,-4.834544206858621407e-01,-6.736018517166489916e-01,-6.136316900141630670e-01,-4.635221625891228769e-01,-5.277359226574341866e-01,-6.593475911579108617e-01
