6.967797522334143734e-01,7.046888550172744070e-01,5.732237541969560368e-01,6.669238144070172014e-01,6.411068246808130366e-01,6.969337642899116059e-01,5.559892279083605837e-01,6.545681757701224956e-01,5.553157921987142975e-01,7.137030524703931178e-01,5.964442063871183697e-01,5.675669699289080938e-01,5.973108523331168707e-01,6.089832851797613023e-01,5.475018915887333026e-01,5.697643675198522661e-01,5.926947510494976479e-01,5.819377296156446056e-01,6.060647796635351137e-01,6.484379113309628462e-01,6.079786271367190187e-01,6.262331674880443622e-01,5.459045106900469735e-01,5.093439388689509073e-01,5.965729805667687735e-01,6.046021570941508827e-01,6.038069244732657825e-01,5.572348402817824953e-01,5.499756298604413507e-01,5.717408718827718950e-01,5.010357102934308582e-01,6.132994769795491186e-01,5.378548436502830210e-01,6.210113860163155586e-01,5.487333687908189095e-01,6.307440028757372863e-01,6.669593513331414369e-01,5.837005754916658740e-01,5.219275178740611087e-01,6.491384872345727919e-01,5.700520780399584986e-01,6.293177476324839370e-01,6.099815088218777381e-01,6.143300268621024740e-01,5.986546788786877293e-01,6.515310070152472433e-01,5.496878471467644411e-01,5.334870196717595991e-01,6.464748986392646612e-01,5.718260330562222604e-01,5.751366062790492784e-01,5.573091246360625250e-01,5.371157101925312372e-01,5.838871526754537689e-01,6.602047748753915313e-01,5.391842255668174433e-01,5.283414277877407361e-01,5.829196180540763272e-01,4.776870936546567803e-01,7.111731336433021466e-01,6.086287315219033323e-01,5.313588766153828358e-01,5.377941209552498103e-01,5.163959620012010809e-01,6.342647543944558430e-01,4.888494783948707512e-01,5.004892573658058508e-01,4.845078172889771273e-01,5.828357022379992980e-01,5.987061461157646702e-01,4.643220095313657647e-01,5.234767161015260184e-01,6.127605264018941567e-01,6.548744424011135878e-01,5.898840507581879500e-01,6.547709444496305764e-01,6.034620053507808723e-01,5.017259181636727350e-01,4.160923954177445649e-01,5.707546640727250153e-01
5.209592999269001545e-01,6.555595796240669682e-01,6.291478840485066337e-01,7.033618042891860433e-01,6.488184317678572510e-01,6.576635243460100533e-01,6.867555354495664677e-01,5.749417238428059518e-01,5.860127935285740497e-01,6.669870602711334140e-01,5.180324915345810854e-01,5.411508174575051511e-01,5.568783417415342774e-01,5.438771031916810328e-01,5.277565398840220467e-01,6.406806709584792481e-01,6.165293148416649549e-01,6.379102473596012235e-01,6.028976340843177351e-01,5.537244249415707031e-01,5.701007232906457611e-01,6.145853279963519045e-01,5.323035582606508997e-01,5.391753701919835828e-01,5.770699974930013632e-01,5.712753876388350083e-01,5.896280167184334564e-01,5.899896383251765908e-01,5.110817754459856532e-01,6.337666974936462250e-01,5.441259558840083610e-01,5.812212380045493898e-01,5.723773508708290825e-01,6.428921815778207982e-01,5.695940400433331385e-01,6.272663028759899451e-01,6.438529123564744605e-01,4.991687398395475705e-01,5.273099182640406113e-01,4.044369016473299272e-01,5.849093588079540273e-01,5.540695530491104304e-01,4.879411202829444516e-01,5.403634291780481380e-01,6.092172859642146499e-01,5.305459963015269897e-01,5.937350856915233344e-01,4.932714386584955979e-01,5.684219517968801538e-01,6.647879960644121899e-01,5.922291668649716234e-01,5.910213692349700620e-01,5.096753765054934382e-01,5.666132798345262511e-01,6.118361274311466813e-01,6.661574411820621044e-01,6.112105150836124601e-01,6.067047258838241808e-01,6.796584662061360138e-01,5.020643456535269777e-01,6.026875528363376811e-01,6.297867625789816959e-01,6.144365404781023665e-01,5.543921624997720787e-01,5.472331613770141656e-01,5.915325909509694391e-01,6.317696194202057081e-01,4.655171009051388697e-01,6.069179974119208731e-01,5.544408407130461125e-01,5.140357575637493071e-01,5.582072786764008532e-01,5.684192489713626451e-01,5.394740855053397066e-01,4.711117187764436998e-01,5.712402215054850352e-01,5.334018198735408500e-01,7.104763778130021024e-01,5.341895124198767775e-01,5.601234888883351859e-01
5.500294202235218588e-01,6.444798834119959130e-01,7.535873107054749109e-01,7.650998284875356603e-01,7.177418571724760721e-01,6.728187587902976219e-01,7.237814134739086747e-01,6.448325878749713302e-01,6.041540196000982910e-01,6.042312666435527557e-01,6.644479672575831497e-01,6.206177917602955230e-01,5.917872327289945833e-01,6.290595404760978004e-01,4.013187991090452211e-01,5.822546193275833781e-01,5.826513224433081950e-01,6.168805164832227295e-01,5.704938059235915571e-01,4.902663936428912073e-01,5.803581359040798082e-01,6.459415854363320664e-01,6.207198825324343749e-01,6.556108276654087907e-01,4.898824756752298004e-01,5.071512005624502217e-01,6.970781475214372636e-01,5.687520130766251514e-01,4.927944777762917061e-01,5.814409705938393680e-01,5.531937664540544919e-01,6.237374910553741270e-01,6.028978149497147276e-01,5.978855846011726927e-01,5.876192668740496394e-01,5.795161714434058364e-01,4.359980798698153692e-01,5.246258652921388377e-01,6.662980494585576396e-01,5.596240905403094823e-01,5.435642432973309957e-01,4.944644890156645323e-01,5.372722370090818877e-01,5.834085763451438700e-01,5.103702947649403354e-01,5.760330263718433930e-01,5.703511401074999876e-01,6.560551539370467200e-01,5.590917311809664447e-01,6.431732272851372612e-01,5.611248536560450306e-01,5.857980498578250206e-01,5.418601886257253808e-01,6.197894977702989028e-01,5.588685157306182427e-01,5.693037147504779183e-01,6.434901809979123311e-01,5.793545060372194966e-01,5.178001487721886065e-01,6.153133030753393795e-01,5.907693173978876278e-01,5.454069504658765055e-01,5.065927959722738017e-01,5.293614841874070276e-01,4.471604527085467073e-01,5.739544151453510601e-01,5.033544513692924660e-01,5.844338055602202875e-01,6.655772695821795537e-01,5.253174356223894170e-01,6.880547609661979980e-01,6.495060261339763441e-01,5.462786649823251350e-01,5.315034156179476721e-01,5.928077466627107439e-01,6.379013576906894523e-01,5.874286283876219983e-01,5.973728396542214991e-01,5.187526343493406022e-01,6.421231952297163925e-01
6.411253607391721454e-01,6.213014909063702129e-01,6.182827424078189971e-01,6.201394003908873298e-01,6.009707693248764748e-01,7.685575032203652013e-01,5.807822352512187480e-01,6.987511240069390617e-01,6.607165506800266597e-01,5.721862140583844347e-01,6.673883231668632510e-01,6.456149827921318085e-01,6.210396175272657748e-01,6.186959122933501920e-01,5.630309809475166904e-01,6.009023710537786389e-01,5.551556888751479901e-01,6.494817225786106984e-01,6.085798906795593100e-01,6.475965919603186016e-01,6.229328747585607395e-01,6.320553385157888782e-01,6.993139384065173436e-01,6.682608024000574742e-01,5.512600258839857048e-01,5.781036113122935971e-01,5.643738515305141146e-01,5.830503220589913216e-01,6.683000848216987810e-01,6.940849841312921598e-01,5.674506703052966117e-01,6.029447746105269790e-01,5.536579352171480117e-01,5.363215302743605806e-01,6.025677199322861943e-01,5.946498945732728858e-01,5.559439999238843244e-01,5.452650214819010355e-01,5.790486629813483832e-01,5.829140215666825942e-01,5.537287542914577365e-01,4.660351992706744939e-01,5.514308933834338733e-01,5.689438351161263396e-01,5.244815312316505329e-01,5.569125600910848073e-01,5.853445818900602227e-01,5.670448845055291454e-01,5.358678550130772100e-01,4.251544367137561897e-01,5.612639091973066208e-01,6.720204012565321738e-01,6.604408700390992371e-01,5.273763831738508268e-01,6.432663687360985483e-01,6.477594314848212909e-01,6.727589538656570944e-01,5.437582908063622877e-01,4.573808658429733276e-01,5.830485193922770870e-01,5.627754890314661251e-01,5.773373987250638439e-01,5.354757006077129899e-01,6.081934458324085302e-01,6.272261448568705600e-01,5.918712182677224876e-01,6.881563048766673463e-01,7.017189665078497063e-01,5.086547760902446758e-01,5.387389236895657740e-01,5.878205960222826487e-01,6.329897456691426783e-01,5.701940008324737352e-01,6.134868240869479905e-01,5.644148989878604583e-01,5.072968544481362141e-01,4.283759366408775859e-01,6.038957314751873806e-01,5.627100646381283378e-01,4.467733253265905313e-01
6.284852872483246422e-01,6.256886672289579954e-01,5.855546897869075007e-01,6.850901573229493113e-01,6.683386978597279926e-01,7.372879171162480816e-01,7.866994071373120123e-01,6.969992584759953091e-01,6.829231893911618112e-01,6.744122021991080240e-01,6.461042436468730221e-01,7.465589090831472596e-01,6.005606973206314425e-01,4.757789111091133005e-01,5.471266904984746215e-01,5.289711284172220473e-01,5.552759849881638843e-01,6.092075864447848987e-01,6.910945283416686236e-01,5.555954108862130036e-01,6.971569446368669487e-01,5.767046325353050173e-01,5.987446590892240295e-01,5.567503653151818499e-01,4.418427455804428416e-01,5.689217344543063826e-01,5.240996707458815962e-01,5.570792846942148602e-01,5.515655799939647164e-01,6.108898731218217470e-01,6.316672347287605183e-01,7.103102389382752735e-01,6.596486526211516876e-01,5.368352675081680125e-01,6.234872575313353815e-01,5.182120917991636100e-01,4.888130566896418672e-01,4.880680656066565537e-01,5.064621652032488264e-01,4.964099050568068217e-01,5.895096832365792627e-01,6.234984680451284289e-01,6.525274757613076515e-01,6.157123666429175080e-01,6.460119578923605443e-01,6.214345549187860751e-01,6.240225301964048565e-01,5.487261884583071181e-01,6.621546178704367236e-01,5.790925302938670916e-01,6.536592753427257207e-01,5.420026047302033412e-01,6.712452955443775071e-01,5.529221789511302720e-01,6.161736618776632035e-01,6.055435394199393251e-01,6.106319502539410138e-01,5.216183001402556751e-01,5.685665669958687163e-01,4.710352377470738428e-01,4.971642634894479773e-01,6.866471405983382015e-01,6.244663880880405582e-01,6.058632835105716152e-01,5.579546690882580817e-01,6.171627967859988351e-01,6.228976076201911960e-01,5.068875131881507290e-01,5.290463266912421858e-01,5.808656560747827990e-01,5.410149567728376185e-01,5.128291585490167837e-01,5.593347555663663595e-01,5.367649807943830620e-01,5.169877210894082697e-01,6.544618038754201894e-01,6.072754344542689031e-01,5.752709685295729347e-01,6.114876000106292953e-01,5.786545113614138813e-01
5.525645283922266948e-01,5.137410106226151241e-01,6.799181585146929496e-01,5.178538447117159160e-01,6.496540779316827274e-01,6.500864748464064702e-01,7.095324071833666313e-01,7.014882151841325131e-01,7.487111297597563997e-01,7.176437450119669270e-01,5.660647074359179687e-01,6.244666661735016611e-01,7.389365280152220272e-01,5.851916217293118283e-01,7.047197527789447191e-01,6.669078817382255719e-01,6.145686694469049138e-01,6.036637471908424812e-01,6.117626750706116612e-01,5.983887570853364535e-01,5.901844610456675744e-01,4.734164702124020185e-01,5.837777308560152534e-01,5.939472020352932757e-01,5.079066421677153054e-01,5.298062528910546520e-01,5.075442369497610295e-01,5.870197790657329939e-01,5.120515090648203316e-01,5.875439075961244040e-01,5.347962290903380822e-01,6.589876356678339153e-01,5.703162620040876929e-01,5.098639239859583672e-01,5.556595762296165919e-01,6.857525754462764356e-01,5.839148744992767037e-01,5.409003258122524471e-01,5.991845884008355494e-01,6.184877187337832760e-01,5.194863655637467215e-01,6.103435950135965848e-01,5.388162142356585083e-01,5.814942182325270048e-01,5.648762249933507729e-01,6.253656587029711167e-01,6.614373216069986405e-01,4.785426419033399492e-01,5.419710133697638321e-01,5.055149062731784104e-01,7.050930016512314547e-01,5.491619387508809291e-01,5.847781451090863225e-01,5.742482133082817963e-01,4.599473701435280448e-01,5.541496128472912508e-01,5.768679847300480779e-01,6.402305908522528677e-01,5.900989929567689307e-01,4.796597256733158843e-01,6.034545077084670917e-01,5.636944537463169924e-01,5.653566544266018790e-01,6.104791982559174546e-01,6.121730698059091313e-01,6.105889392028429619e-01,5.448769847767297447e-01,6.533839038616725547e-01,5.654916311377232718e-01,5.736232747061419390e-01,4.676685504252028336e-01,6.680263494840097405e-01,4.599963880644189484e-01,6.002960610315855039e-01,6.860741913813642734e-01,5.891748863951169479e-01,6.351547478746064623e-01,6.464667152978010867e-01,5.392139182013173659e-01,7.119953126886868766e-01
4.355862551120079917e-01,5.411825909331745565e-01,5.119021872519574634e-01,6.781140091262768399e-01,6.085423378242710291e-01,6.450569528572921429e-01,6.066528298249935780e-01,7.470374079550496926e-01,6.915387006965213468e-01,7.367955086791025954e-01,6.870929944021202385e-01,7.297645074946997878e-01,6.603067409071950999e-01,6.637283730074595711e-01,6.503605781752005432e-01,5.428197661310296684e-01,6.071345838522094196e-01,6.253684144504357834e-01,6.372084527626534767e-01,7.039168687696020221e-01,6.567824460410274234e-01,6.249625985203035583e-01,6.000242545610202649e-01,6.108182767510241806e-01,6.158025094428176693e-01,4.334508932691175653e-01,6.374062763571939350e-01,6.821557334769934311e-01,5.556210012643224561e-01,6.410360146578146789e-01,6.158072098302278530e-01,5.250361360731228277e-01,4.841977020076679294e-01,5.086994405022592369e-01,6.579999793399285979e-01,5.253587372495395202e-01,5.824127080430924197e-01,5.892279835682767697e-01,5.529036440672239205e-01,7.081882228842305560e-01,6.211997297546657526e-01,6.216721584433700931e-01,5.873958521809228284e-01,6.664363849627515934e-01,5.442568850748119580e-01,5.432096269866619753e-01,4.881324265219444958e-01,4.678606942395743262e-01,5.652593301916184476e-01,5.233865781260597094e-01,5.517736712171090740e-01,5.979699873755698336e-01,5.024861314594168960e-01,6.344100134472652197e-01,6.406501516213934933e-01,5.895520905887475793e-01,5.689639749879097375e-01,5.533379617665126204e-01,5.153054695310779199e-01,6.629019841114887068e-01,6.292213269383537533e-01,5.572068917405575972e-01,5.969806251874039127e-01,5.913376552390936514e-01,5.131616219853893934e-01,4.500576301922474820e-01,6.078211123980671315e-01,5.372357263208745737e-01,5.612820588189203486e-01,6.541689845799567582e-01,6.201391196549631557e-01,6.191060998975940199e-01,6.436916103107855891e-01,5.752629198525488485e-01,5.976680390862973979e-01,6.869792358424946510e-01,6.364920701525605962e-01,6.559693678782015924e-01,5.688710892392773166e-01,4.804182555471910310e-01
4.440419031199022704e-01,5.698122540734426034e-01,6.996367567919593577e-01,5.955269628402350968e-01,6.349030334126449793e-01,5.869351312520610930e-01,5.939180437683547753e-01,6.481086223855166972e-01,6.244120451491844692e-01,6.319899642517775584e-01,7.598458750520704630e-01,6.397534874172307040e-01,7.167294028553202745e-01,7.140508689284068566e-01,6.581499875361896956e-01,7.889320562494523958e-01,6.210868479731830316e-01,6.503908480170859097e-01,5.543470489404859203e-01,6.454508876443576515e-01,7.124551710583729713e-01,5.599061618976287624e-01,6.206377111589415074e-01,6.058473759591980201e-01,6.343709503684465956e-01,6.158054355682043290e-01,5.595132430664139234e-01,6.620795106319937728e-01,5.176674715540808824e-01,7.062496043580471783e-01,4.940665683425067845e-01,5.913868130030143222e-01,5.831707492091969813e-01,6.398836957631081068e-01,4.947850128283758364e-01,6.098613071075573711e-01,5.685618734987479828e-01,6.424419697490350023e-01,5.903771625452036709e-01,5.404157541719151192e-01,5.350374575618889184e-01,5.831581960190601599e-01,4.708523325989819597e-01,5.579040805034344297e-01,6.322806479366238630e-01,6.266455020205098370e-01,5.324876111925719302e-01,6.377187595092609351e-01,5.001051212381869560e-01,7.471890100579223759e-01,6.696202412972815932e-01,5.528332666297626208e-01,5.969173556453662988e-01,5.696501903024485669e-01,5.726063202748963299e-01,5.472003104609067803e-01,5.858378116404264757e-01,6.234545922594025846e-01,5.252705444821558212e-01,6.394981977850906496e-01,6.004357267332054438e-01,6.320291003540157160e-01,5.615209368688034441e-01,6.156120411997467734e-01,4.835959794216624918e-01,5.832488530906654312e-01,5.534641121915421236e-01,5.759746553161331217e-01,5.047133275298074651e-01,5.155495660125465340e-01,6.216175697021638635e-01,6.518757478913812520e-01,5.928107507621048766e-01,6.156860093492724229e-01,6.693070399812736104e-01,5.803066538018180065e-01,6.614576869212777099e-01,5.842532365445187725e-01,5.458742110575958151e-01,5.401976096709345532e-01
5.561171184105331289e-01,5.642092712903601370e-01,5.544438452781802473e-01,4.761494729175593243e-01,5.666783046627303921e-01,5.696985570747776784e-01,6.709423999213620649e-01,6.660580227284760291e-01,5.823966167981335929e-01,7.507802059916635073e-01,7.371053225699610856e-01,7.427941442210730383e-01,6.649625870426741914e-01,6.333845512544350465e-01,5.898651500604070730e-01,6.272685734993539430e-01,6.930051862159490872e-01,5.899384294457520328e-01,6.667561976738883844e-01,6.470458512213711488e-01,6.200327886361013396e-01,5.751155575059649916e-01,5.968609731469119994e-01,5.590369610074824580e-01,6.667038119678848629e-01,5.934037763545698674e-01,5.844973427614613692e-01,6.519171885084698026e-01,7.150504368515814280e-01,6.232474656975510729e-01,6.637536893473432453e-01,6.443228818198210028e-01,5.227658409081412660e-01,5.923389863547963152e-01,5.821933174652073051e-01,5.443262203540536470e-01,4.826562396324268200e-01,6.614990435247313227e-01,5.745861056143415357e-01,6.587169089032188785e-01,5.462811355988311801e-01,6.318308711116046306e-01,6.056981412381798879e-01,4.812424491679562211e-01,6.459742735545545012e-01,6.134104010506246096e-01,4.594436201906547113e-01,5.847771134928659853e-01,5.393121086303894751e-01,4.954884715768093639e-01,5.811978822829946267e-01,5.545275817212097502e-01,5.923313402559747809e-01,5.984131823903200420e-01,5.866207026924270540e-01,6.228646214791722091e-01,5.473416074185967206e-01,5.439991061795020899e-01,5.730046975772228324e-01,5.368116631622784629e-01,6.402892679962747247e-01,5.558743760936605272e-01,5.396077099443155056e-01,7.300800327960691449e-01,6.912947730216466580e-01,4.717843943162628451e-01,5.042752258351381744e-01,6.167724563293527362e-01,6.360843359397311270e-01,5.722720498845297321e-01,5.481047704320843872e-01,6.463558146498394885e-01,5.569192657656535372e-01,5.280906480042547591e-01,5.917134365091313297e-01,5.858057907432905331e-01,6.005729569374101962e-01,5.074863156990864210e-01,5.389557903913662074e-01,5.967634326540701695e-01
6.194115171259257924e-01,5.856089550619250073e-01,6.126040431545232146e-01,6.233704196140561482e-01,6.562618786968198448e-01,6.333261799946480197e-01,5.446035083615548000e-01,6.351704913967053390e-01,5.815800195317220034e-01,7.142892711102953873e-01,7.277111488952936469e-01,6.700453261886276657e-01,7.856992778550521139e-01,7.203574848334386438e-01,7.064042633781434377e-01,7.444861710572107105e-01,6.887536599975969676e-01,6.531024794627667829e-01,6.406323056738757460e-01,5.519423583064946293e-01,6.276427535695074944e-01,5.617382562340654806e-01,6.907129792700702486e-01,6.838800359799115380e-01,6.307657048864484528e-01,6.025996896150100923e-01,5.536777084066397681e-01,5.897631790450231781e-01,5.633867665777518852e-01,6.360264722269538540e-01,7.277944282974536661e-01,6.527294439401678527e-01,5.835082908977857752e-01,5.442450958058173693e-01,6.656158966015595091e-01,6.117881938411603437e-01,6.344803503288155566e-01,4.764009944676892427e-01,5.244642892684555635e-01,6.799602479267383703e-01,5.527584390658558666e-01,5.779366887278983844e-01,6.408156011358643322e-01,6.262091901110973247e-01,6.171629026621535674e-01,5.883336116865770515e-01,6.583611634111004030e-01,6.776431133967061315e-01,6.080505404280420745e-01,6.808060759851193300e-01,6.491382061821002747e-01,5.362359895491422002e-01,5.121388505803290414e-01,5.810313302412146719e-01,6.621822694963236389e-01,5.739874602064148901e-01,6.574174884843062561e-01,4.326313222771974165e-01,5.570403452704620895e-01,5.163450618081103505e-01,6.179156810507113740e-01,5.452688867592894173e-01,6.445954692070543501e-01,4.728990232459985288e-01,6.827671823881635849e-01,6.126673783576703780e-01,6.053072180573877414e-01,6.120334702419519823e-01,5.548432443121477098e-01,6.363282562889052141e-01,6.213236126695662609e-01,5.678237628468421061e-01,5.009415860491217565e-01,5.711115089461834549e-01,5.857827384699313411e-01,6.681052519091249531e-01,5.959217085947867698e-01,5.375923539442785115e-01,4.707170239214028551e-01,6.935177807082057999e-01
6.917582724305822994e-01,6.585884597413542707e-01,5.068814240748565902e-01,6.493397563657280491e-01,6.236299273547926125e-01,5.842672111169970872e-01,7.008970462188639505e-01,6.131563659610798078e-01,6.303042719638586311e-01,6.810640293313420246e-01,6.643291054367242987e-01,5.973289687417248084e-01,7.476257281918248232e-01,7.532404726570021136e-01,7.183101490424441682e-01,7.331459768666716004e-01,6.845510610854163014e-01,7.217862742376736085e-01,7.002924731976224448e-01,6.470919846246111495e-01,6.866737350666902717e-01,6.699557641646000095e-01,5.366538736478853044e-01,6.938299620510222088e-01,6.781346289713887643e-01,6.227148677711268343e-01,5.847057897657177428e-01,6.631188949646689146e-01,5.199447160543028135e-01,5.953499248409436229e-01,6.320366864835538223e-01,6.898436974721191550e-01,6.061767144656349249e-01,6.361879238614823739e-01,5.350954476155493911e-01,6.432613536401620147e-01,6.188325962107132927e-01,5.572883672221105034e-01,7.218780324123486025e-01,5.511037738526095575e-01,5.398665586535564831e-01,5.798613304632692644e-01,6.536609416920186044e-01,5.328701257050521001e-01,6.400746850880661976e-01,5.251264387737852868e-01,5.897420277897805763e-01,5.946070023553324813e-01,5.740697728141438416e-01,5.806763552306957177e-01,5.244471706617961360e-01,4.215362780348344551e-01,5.962407183412117284e-01,5.505854434121975061e-01,5.377692644092110230e-01,5.720511889210150303e-01,7.369612629789700220e-01,6.259627870993694776e-01,5.541709266923141586e-01,6.396873292420287571e-01,5.870290497976136113e-01,6.124579081804693015e-01,4.943057053135566092e-01,6.393363174524029358e-01,5.238671830970640375e-01,5.894174520702581965e-01,6.023164677872062667e-01,6.372699963004270218e-01,4.256536052291448047e-01,5.378454475042804273e-01,5.653165773362156532e-01,5.269415787241065185e-01,5.016619575391249031e-01,4.864571805939974514e-01,5.341011088174260069e-01,6.992337056219688485e-01,5.979439740878471632e-01,6.201050755772888889e-01,5.811432953730839568e-01,5.373219178474515356e-01
6.029919825841691949e-01,6.397232313270376780e-01,5.817521130072144109e-01,6.612226176190273419e-01,5.417192881069559096e-01,5.507300986251506547e-01,6.409761716879871507e-01,6.229721268459802452e-01,5.962567090558109628e-01,7.136415471447891123e-01,6.997971821281645521e-01,7.257872190764543818e-01,6.355835612975430093e-01,8.191849932473619367e-01,7.451385184725185518e-01,7.439720205532683872e-01,7.653948510578985065e-01,7.735759885508852740e-01,6.635640773714956975e-01,7.322075189962233832e-01,6.706822621874000134e-01,7.220006684684907583e-01,6.822727643082828752e-01,6.943496212979707316e-01,7.399535912489344502e-01,7.363629034303902365e-01,6.925646756807629645e-01,6.222982817700284386e-01,6.633200673320334140e-01,7.270209926705636372e-01,6.020193584910783491e-01,6.716978939710550600e-01,6.898664364978661645e-01,5.972995510783654094e-01,6.212815395044778422e-01,6.509541461482571956e-01,5.354962544009477243e-01,5.669381228344938517e-01,7.269715899147654037e-01,6.741362331348043080e-01,6.368432632471121568e-01,4.958173820875834137e-01,6.762845431565378540e-01,6.173409264930554974e-01,5.267850480245281908e-01,7.032573826052619381e-01,6.069189382923668719e-01,5.590222200633101490e-01,6.054730658946595456e-01,5.752242185477655090e-01,5.351208482236121666e-01,5.589024588457495168e-01,6.270143134310373068e-01,5.639248453294616326e-01,5.655158232639689864e-01,6.236945887541833766e-01,6.456635683193422404e-01,6.778313115564328362e-01,4.812859119772496252e-01,5.700649143825563536e-01,6.281941775917520010e-01,6.953043797674235416e-01,6.748967087344622806e-01,5.272977898594228829e-01,5.872664299284160450e-01,6.291748275558841641e-01,6.681843246278172943e-01,6.615935649482965752e-01,5.629224180322162097e-01,6.276197795710223293e-01,5.641269926918308641e-01,5.928400321415095986e-01,6.123305194158434883e-01,6.608203886551146100e-01,5.763785672504311286e-01,5.307672510731145099e-01,5.946526800513213251e-01,6.015398985264855947e-01,5.381289353122979957e-01,5.670802337041549457e-01
5.715666714099705281e-01,6.278564420665843082e-01,6.492811737727887111e-01,5.032255945117900531e-01,5.144156805151216538e-01,6.458133099097381757e-01,5.853601082957694546e-01,4.954569457345547323e-01,5.575768553828791552e-01,6.439695598717793956e-01,6.373566038803070155e-01,6.241449871867676968e-01,5.899397474448880851e-01,7.294695322890227818e-01,6.509364760966339647e-01,7.193266145711435522e-01,6.857386204009967567e-01,7.108215447486808669e-01,6.327836850482644326e-01,6.745562751138641788e-01,7.079576495642929679e-01,7.651978380868954543e-01,7.036540141045988239e-01,6.687925932864646761e-01,7.289614395760413146e-01,6.729810810568966906e-01,7.075483636630209849e-01,6.390141689073378650e-01,5.448183799472570144e-01,6.627843625122025184e-01,5.562458778737792153e-01,6.195692830844986565e-01,6.000905735226165216e-01,6.344764755701374215e-01,6.337375810090327688e-01,5.945141178789997705e-01,7.282031253945402405e-01,6.043296357170396815e-01,6.018031310535558731e-01,6.496276074952000990e-01,5.637874525492327926e-01,6.150913150016633635e-01,5.849122117675711330e-01,6.398695836145642524e-01,4.887882994286570915e-01,6.116799480010172152e-01,5.208633853639333955e-01,6.506423914447508894e-01,5.276131094277370925e-01,6.832950394771223346e-01,5.064934102167731877e-01,5.850533558277820623e-01,6.745810088598199750e-01,5.868253632125944863e-01,5.089439351069160455e-01,6.162006893803784191e-01,5.241489451408810618e-01,5.738048259875671020e-01,5.874423026811688153e-01,5.273857888599746691e-01,5.663849399466706069e-01,5.093366520315264490e-01,6.197178846115272144e-01,4.618995066569008823e-01,7.193499593031188466e-01,5.645086369300645890e-01,5.286689456794727571e-01,5.353856746775171871e-01,6.599086909368110376e-01,6.459502522045303952e-01,4.953848801584673778e-01,5.644697195299513970e-01,6.168995975017934619e-01,5.911650974505848755e-01,6.662643676551722738e-01,5.730085857254744175e-01,5.276506511521712461e-01,6.339937805609531241e-01,5.269980654967837408e-01,5.218298027254162363e-01
5.538811302295063577e-01,5.335886866517444149e-01,5.839776896604375045e-01,5.813239428826656452e-01,4.979552932049729486e-01,4.687282298919935863e-01,6.548313694401859397e-01,5.198169793449333165e-01,5.420852200363687201e-01,6.054688011381738066e-01,5.720482649954335974e-01,6.387955663836902831e-01,6.395996643736043819e-01,6.952036477552406835e-01,6.855765795606707513e-01,6.459997398313743755e-01,6.925805281577132044e-01,6.672041890533141340e-01,7.695232877227546897e-01,7.562188377117156080e-01,6.836452396719369107e-01,6.852200844332706486e-01,6.241103042948819013e-01,6.366248228776377749e-01,6.503784390850401165e-01,5.925563918314670220e-01,7.594234806396429338e-01,7.089848541082035549e-01,7.024704733047866245e-01,6.574759629465450894e-01,6.306197415679200002e-01,6.694419547404196758e-01,6.160651358790250054e-01,5.385443006953425371e-01,6.349337119872537905e-01,5.566948725357701022e-01,5.601864134176521848e-01,6.389901941680876662e-01,6.506555461180023592e-01,6.743560697643508073e-01,6.081300778707510180e-01,6.000339920858912546e-01,6.123038534347376993e-01,6.181018507788533789e-01,6.272744521834620057e-01,5.911190684128883044e-01,5.641684187306221787e-01,5.523822102323304728e-01,5.860067154240596876e-01,5.757511747420102077e-01,6.784922810757437750e-01,5.900097957730010556e-01,5.498592378219321342e-01,6.285205264775970413e-01,6.509346279312404615e-01,6.894352575707117792e-01,6.539716201782610483e-01,6.704621721057694161e-01,5.727589922054938665e-01,5.902975388069686691e-01,5.912303242562615413e-01,5.692454100088589763e-01,6.382651559297390920e-01,5.235900040202570160e-01,5.926840566249688136e-01,5.609742553064979154e-01,5.479393935344416544e-01,4.787334931686684225e-01,5.786193158938879311e-01,5.668360970128822895e-01,5.309582530658050192e-01,7.154964248950409500e-01,5.749455461727965844e-01,5.718848865329401177e-01,6.166914042848847810e-01,5.371331095071346651e-01,5.723408100197697745e-01,6.224740136875400731e-01,6.355020947475946702e-01,4.778645686075087551e-01
5.633367862411692295e-01,6.461590380313461113e-01,5.383156963067065037e-01,4.930997484984728785e-01,5.482559875596952903e-01,5.006703599031138152e-01,6.371194749227492293e-01,6.008866891449852199e-01,6.343828505036867016e-01,5.830663300668094129e-01,6.814083205377138297e-01,6.425987781584455716e-01,6.719323654526366818e-01,7.103312017625714736e-01,6.817060465773879807e-01,6.847351000611223704e-01,7.299937757891377110e-01,6.656048110910599558e-01,6.832264138718621149e-01,7.109001215311729904e-01,7.047116777282619315e-01,7.183135147654754471e-01,6.076678833324992146e-01,6.572130496829294843e-01,7.686467149471987170e-01,7.277758996257001067e-01,6.291017521506814258e-01,7.533621297500309177e-01,7.954417117199643616e-01,6.751105981931667666e-01,6.714593702967940336e-01,6.701099860724402113e-01,5.583698717021473579e-01,6.614131336902705494e-01,7.033706535291962547e-01,6.539530530660311314e-01,6.939064585295231513e-01,7.349293660859260724e-01,7.346014702669176888e-01,5.812678882995524487e-01,6.229179803499582668e-01,6.539169732706774374e-01,6.992625315152222187e-01,5.749561547129331540e-01,6.005168250071697411e-01,5.904872053396260645e-01,6.407363583894286618e-01,5.598384333257558909e-01,6.582805448636886991e-01,6.224633110720011464e-01,5.634160323949957139e-01,6.046837281715252699e-01,6.259182104827574200e-01,6.544718418028735440e-01,6.166391597660130230e-01,5.930330167073307734e-01,6.766225126414853186e-01,5.834533121360209185e-01,5.422758034526788951e-01,4.805717077629571010e-01,5.667696434657621962e-01,5.172871605750516411e-01,5.694677259584520757e-01,6.239833584720163584e-01,6.279910497296680161e-01,5.255117696805519101e-01,5.500087998987919224e-01,5.770941886189575598e-01,5.681143912251326311e-01,5.085754007053584491e-01,5.026798430487975367e-01,6.212829179642013200e-01,5.412404096958668420e-01,4.150321537349483392e-01,4.494019054654851408e-01,5.601795602023574849e-01,5.765288893850749607e-01,5.263458526475883748e-01,5.649889223618563827e-01,5.219872522125025283e-01
4.033154579134998752e-01,5.182593603398188975e-01,6.359031366433884891e-01,6.192062618589777578e-01,5.944141438757094553e-01,6.163220261035881054e-01,5.660773356045180060e-01,5.151887925012333946e-01,6.932911561559047531e-01,6.024627606221902854e-01,6.372707669225478044e-01,6.110080510976125812e-01,7.185718431402234874e-01,5.323721602214053217e-01,5.876744175244009716e-01,5.116140426549307119e-01,6.917784454420512485e-01,7.814661718303956839e-01,6.633509521804222819e-01,8.069612158011073566e-01,7.129008316348204310e-01,7.258233519759312857e-01,7.103519224921946984e-01,7.305603730545917607e-01,6.549427055951343446e-01,6.121803030297339188e-01,6.814472072333497277e-01,7.195800805784255960e-01,6.884843974351676499e-01,5.732292588485933260e-01,7.262337589764793488e-01,6.668760953822800985e-01,8.090384649926313232e-01,6.178917578644893549e-01,6.654854431388029790e-01,6.714758634904168799e-01,7.137462402609564549e-01,6.254601541358479899e-01,5.595277782000139810e-01,7.204822282116517540e-01,5.670599450571013334e-01,6.122522589477080723e-01,6.636852163438731189e-01,6.498758235622675850e-01,6.387769123154504181e-01,7.246220251949871960e-01,6.323981225711485799e-01,5.740528434653272560e-01,5.921569412673083344e-01,6.482036141760494363e-01,4.944400714515970185e-01,5.572811232734511400e-01,4.893210392513180351e-01,5.984604480592685682e-01,6.638196889570591175e-01,6.533757840740843648e-01,5.867827384864282569e-01,5.767663550688589824e-01,6.791245489315359540e-01,7.089800707964226678e-01,5.704500900074492842e-01,6.260453270881540799e-01,6.598058187750449610e-01,6.172957458327754665e-01,6.185315498686900781e-01,5.340733318765216175e-01,6.162924827528339922e-01,6.043079431610401953e-01,5.675442722468067025e-01,4.642955899030833944e-01,6.228713562862098208e-01,6.160133858955937347e-01,5.855631011568701583e-01,6.331658305460624581e-01,5.266478981266279336e-01,6.031735656036422144e-01,6.254131806681402228e-01,6.731693870145238900e-01,5.617205714776336567e-01,4.753234129008604425e-01
6.443453905293515804e-01,5.765210626398201699e-01,6.045292541107137874e-01,5.898218710614538951e-01,6.226622888409775181e-01,5.604306864314732017e-01,7.190414582111864794e-01,6.784838157246947388e-01,6.394832965017360760e-01,5.604760884601841520e-01,6.272609097835566416e-01,7.021144895104379779e-01,5.752821571238523335e-01,7.360351101683685338e-01,6.237561993357894075e-01,6.401202856797998386e-01,6.607035179247267020e-01,6.762608288258943334e-01,7.041741479358577527e-01,8.505987349992392144e-01,7.206369059560145951e-01,7.465094931566245151e-01,7.577159337964324282e-01,7.344793042035641095e-01,7.873990573116212977e-01,7.119142440356179824e-01,6.629149137811710668e-01,6.143261660642366229e-01,7.391107954098882216e-01,7.341502796726824265e-01,7.086991870257354220e-01,7.106788495991340771e-01,6.466186644293022701e-01,6.860604681316567754e-01,6.499982651417823831e-01,6.343840999714390749e-01,6.382916954718341751e-01,5.054836446025108287e-01,7.472565655914672478e-01,6.955237651795559417e-01,5.508346017000214090e-01,7.294274473440723883e-01,5.862506754850386193e-01,6.192692635541777735e-01,6.760616115117834557e-01,6.673458012700727027e-01,6.326002770413402532e-01,5.701437838733003360e-01,7.251899072026845028e-01,6.359517779755967659e-01,5.563038805643713003e-01,5.993146422693587105e-01,5.118954664779323815e-01,5.509220297338963679e-01,6.156149448359933274e-01,5.348687167190357972e-01,6.872305134888857525e-01,5.717648128523098450e-01,5.033124304393242765e-01,6.715796328132296322e-01,5.036679328657763799e-01,5.623131366177794854e-01,5.817457546611400909e-01,5.020515222318577830e-01,7.550895552604213190e-01,6.490378814452543166e-01,6.348055567429020662e-01,4.856053668668099954e-01,5.721670074181107735e-01,4.760220265888725488e-01,5.578971805396623074e-01,6.320044538016829083e-01,5.441163103744567353e-01,6.348591393375628833e-01,5.267918130451670899e-01,5.911764380266365526e-01,5.950924540861515233e-01,6.961296443132878320e-01,6.612461255833170792e-01,5.862876375322891853e-01
7.079571457342017649e-01,5.445101688327771416e-01,5.891190650432404086e-01,4.577991747561890312e-01,5.778263551269582354e-01,6.592549117996182595e-01,5.424270322450871484e-01,5.409725884736992230e-01,6.087682533019402875e-01,4.854706296102256347e-01,6.250593692052018868e-01,6.169927426243942969e-01,4.765804873212926007e-01,6.450263721100699676e-01,5.855065753586673472e-01,6.957270054704721707e-01,5.888537389752449558e-01,5.355272920134546144e-01,6.244979003507172832e-01,5.528434087190581270e-01,7.580338375926769512e-01,7.494229493383246510e-01,6.478430497429688018e-01,8.337300623544456890e-01,7.236319915968161265e-01,6.843378260143114789e-01,7.609315950035728804e-01,6.960279026936285751e-01,6.560715396226753926e-01,6.410238709926996403e-01,7.068613668631111846e-01,6.688870979951981877e-01,7.069585482232169094e-01,6.505050352567746108e-01,7.997989632580215780e-01,6.806647830650848219e-01,7.377550269678140316e-01,6.210363787330795970e-01,7.028058257536938802e-01,6.886075942638344438e-01,7.013061221394433220e-01,6.399544977169691062e-01,6.934537088517920278e-01,6.426138588536464136e-01,6.873614613554264174e-01,5.357846170595881308e-01,6.811088236548682451e-01,6.588776499921283891e-01,6.589438288105358144e-01,6.348796823043808546e-01,6.132959840630733961e-01,6.348789463342056072e-01,4.513448929209616933e-01,6.756099391410256283e-01,5.829510189831913491e-01,6.409013011493357448e-01,5.130949557886463896e-01,5.719680248194334293e-01,5.449958492426849599e-01,5.675159548547941135e-01,5.851763034454606771e-01,6.277714353448252682e-01,6.333103245228670630e-01,5.751529438576269415e-01,5.216091777049305378e-01,5.939455591498219444e-01,5.328188639897414314e-01,4.450991880266026990e-01,6.577872126703611100e-01,5.589183453510255806e-01,6.343417685201245826e-01,6.271928617387788618e-01,6.021244190560586240e-01,5.286185236964658918e-01,5.747513353059231500e-01,6.225798671912201598e-01,5.556499229780077487e-01,7.132047821252657238e-01,6.175529810656362750e-01,4.872116763478194779e-01
6.625902322286375545e-01,5.080180507578854199e-01,4.637002966051028685e-01,5.312069655344182628e-01,7.354030696101153675e-01,6.264862597207677686e-01,6.258817810649308644e-01,4.803294043294665250e-01,5.472506413311262197e-01,6.748888627078900582e-01,6.076852402293453359e-01,5.551624731263022916e-01,5.781726540817075932e-01,6.178834349189834541e-01,5.445460971272091388e-01,6.647371436889737417e-01,6.413973688791158034e-01,5.593721325797614830e-01,7.005730204933747762e-01,6.735623790692757407e-01,6.604121503245063973e-01,7.050015284572296315e-01,6.926466486437204972e-01,6.356714865558957817e-01,7.612370648798424400e-01,6.840752124992147687e-01,7.942564156720040014e-01,6.569380165177383102e-01,6.900500929958518492e-01,7.409160221495837417e-01,7.135529053988868275e-01,7.290938131860891236e-01,7.369817340536726213e-01,6.966977280168973330e-01,7.346914131232342715e-01,6.851551287997545980e-01,6.041038822536953790e-01,6.277068370654802498e-01,5.623016217631473523e-01,6.062954790532677496e-01,6.297428926389574411e-01,6.977048956992496498e-01,6.744044362240607660e-01,6.283779404012739267e-01,6.949067310257024399e-01,6.306293361659923713e-01,6.379726593551041658e-01,6.433600724872812204e-01,6.014021000630452862e-01,6.665275725018779962e-01,5.902742195746079057e-01,6.099431120135212492e-01,5.371227328615215679e-01,6.542269600093643112e-01,6.492352137374501897e-01,5.192077724508701309e-01,5.798375468319274528e-01,6.690254450278858567e-01,5.202517061757966355e-01,5.097878792373269352e-01,5.254242361468122180e-01,6.164244487307005693e-01,6.553200647810516477e-01,4.947935045538123799e-01,5.310266053968369926e-01,4.398138940719634182e-01,6.846304214805525312e-01,5.990752371120336983e-01,6.606288884016719987e-01,5.770708116691511957e-01,5.082758186286825408e-01,5.286967907489635854e-01,6.645410591442409975e-01,5.609683600424862915e-01,6.350484099564953633e-01,5.203044947239460205e-01,6.401383865589171940e-01,5.119787986879587027e-01,6.482347421479480731e-01,4.294308728778229445e-01
5.582666795269319859e-01,6.058378015066632205e-01,6.018628869872731935e-01,6.047496393688115424e-01,6.224528495877305057e-01,6.398816416542837393e-01,5.531204287757278681e-01,6.880192324975727969e-01,5.453847499107029595e-01,6.593768178867478458e-01,5.466538521749374491e-01,5.455285643494536263e-01,6.488088118844640428e-01,6.060157612433958452e-01,6.289958168986520270e-01,6.039177440803590313e-01,6.316791854942042095e-01,6.575606192948284523e-01,6.143774350112474192e-01,7.878254725153410742e-01,6.403399901105392145e-01,6.920095258828528051e-01,6.824766031736257954e-01,7.426403844874673865e-01,7.793541451617951310e-01,6.687885509074842361e-01,7.501136529093538341e-01,8.068605345150536845e-01,7.218057094736436419e-01,6.851287540069394000e-01,7.014090436040201215e-01,7.704981368425130039e-01,5.638608668340957530e-01,6.350285024049658889e-01,6.636774858170467750e-01,6.582887426835495326e-01,7.053926920882265250e-01,7.265670650420831267e-01,6.147897321514219637e-01,6.386415497475500525e-01,6.894736583032695654e-01,7.620960287208579098e-01,6.717919773298991482e-01,7.056785731020839281e-01,6.536217844839578017e-01,6.413075790670280663e-01,7.475580751313715133e-01,7.047502931024093309e-01,5.654802296809956497e-01,6.461206374176378109e-01,7.139898153251985624e-01,6.892062633472342270e-01,5.847408864967830189e-01,5.945780912615700187e-01,6.565089406562331087e-01,4.675260248480549996e-01,7.067026704782872759e-01,5.561284921209425081e-01,5.374739291982133516e-01,5.382411312289701044e-01,5.521598442932151851e-01,5.739726695040973103e-01,6.392826575356915786e-01,5.908318124275032668e-01,6.169262001426303321e-01,5.522138808875605154e-01,5.543570122892141905e-01,6.659021408718461821e-01,5.639041797216718388e-01,5.562117764302626499e-01,6.720312829042145442e-01,6.123981518070436003e-01,6.155829767986183976e-01,6.200701124100242989e-01,6.399532735101132186e-01,6.073740746007395552e-01,5.879351730364429374e-01,6.947655882957364248e-01,6.689187983096431811e-01,6.702554783719887332e-01
5.577935823789491598e-01,6.593277316855588044e-01,6.041629979955474017e-01,4.803789002744455194e-01,4.332293964947227516e-01,5.483497133608075114e-01,4.963051529780981297e-01,4.450012788953770504e-01,6.065970278997164788e-01,5.974370724866473470e-01,5.779079422652346754e-01,7.047984360816712535e-01,6.720529780276478515e-01,6.271821956672024578e-01,5.865110676215991026e-01,5.785539634599459191e-01,7.092949000711843421e-01,6.435881930707035847e-01,5.618126926410683675e-01,6.480400042429423912e-01,6.347047955258876550e-01,6.630844276264399317e-01,7.044199275412665884e-01,7.412509931934070373e-01,8.119199607911190553e-01,6.504685885910893584e-01,7.229329295645360309e-01,7.280631880622165930e-01,6.851807652400546678e-01,6.708727144197546011e-01,7.477865100101804829e-01,7.237000325419331581e-01,7.240289996975779463e-01,7.399337637915281984e-01,6.954050305207513105e-01,7.915321366382956914e-01,7.438961881344287042e-01,6.308158919550119759e-01,6.831418066466282690e-01,7.642521077953542408e-01,6.826987139742753952e-01,6.805997074233177679e-01,6.314733164710049085e-01,6.393611485677294093e-01,6.390467282413976324e-01,7.033402420399942345e-01,6.562821024573918249e-01,7.000119661567689722e-01,6.001287265737726973e-01,6.715401028216275714e-01,6.267027858009989183e-01,6.425239511055594877e-01,6.925271510217883009e-01,7.223188468923272820e-01,5.752412620800019250e-01,5.990581015730398473e-01,5.592201544506779642e-01,6.592440911677522886e-01,6.553919594686499206e-01,6.049445129617443406e-01,5.876927030236569482e-01,6.231044290970136901e-01,6.412132203948543996e-01,5.718668798113302199e-01,5.772738430115865738e-01,6.436363308143783213e-01,6.951369125269234450e-01,5.580971491526536266e-01,5.822511063256327057e-01,5.812215521579819910e-01,6.828907936330171902e-01,6.166570455625878244e-01,6.569304630561234593e-01,5.850962643510367878e-01,6.134080566070102547e-01,5.763891305526092079e-01,5.289324530818391157e-01,6.243280041271326297e-01,6.251757213757045406e-01,5.368724082447493551e-01
6.426847016549530611e-01,5.499801847483057893e-01,5.429196344443693034e-01,5.864719539728852071e-01,5.260448440631920741e-01,6.695370865197108889e-01,5.833002553901323051e-01,5.267521828074092083e-01,6.651804262843933335e-01,5.883411092161765499e-01,6.705935809624410382e-01,5.546214807941143299e-01,6.624138096369426298e-01,6.034894122600978905e-01,7.470950950848762595e-01,6.701222603469126904e-01,5.716453681528737008e-01,6.152058773357776955e-01,6.620242071370286974e-01,6.002670186219968285e-01,6.638168818348826328e-01,5.734597218334694935e-01,6.542758721226328289e-01,7.469948438577062033e-01,6.188986660449072863e-01,6.814873703227671831e-01,7.797430204115359809e-01,7.330304782805453501e-01,7.312677556536618662e-01,7.410134836546318216e-01,7.181936205456643796e-01,7.166228036759050291e-01,7.296263804728349012e-01,7.320335751319480000e-01,5.827248991520127541e-01,6.635366873684875877e-01,7.245164959253124204e-01,6.132997492363411185e-01,6.907046071349676186e-01,7.199977967525547085e-01,6.263815553124811863e-01,6.335094930907118060e-01,6.401475559568367002e-01,7.399259676730708390e-01,7.050946707957895798e-01,6.268680197360197992e-01,6.688700501111841668e-01,7.129339609899038033e-01,7.309806549482481541e-01,6.342203408870978887e-01,7.253783140807860130e-01,6.374621462542501282e-01,7.256982853388380672e-01,6.919872459838241063e-01,6.437502457638674125e-01,5.562978580813410234e-01,5.497759095987825306e-01,5.682891623292447569e-01,6.386606169853230597e-01,5.987159705168833002e-01,5.386421530283390657e-01,6.038702011243715084e-01,5.001812967716871006e-01,6.686649700561024812e-01,6.269259156922178944e-01,5.245310934022404670e-01,6.337372934026643811e-01,5.112263318139477208e-01,5.496884789926923531e-01,6.161246386628072003e-01,5.899885293584588020e-01,5.617533813988697666e-01,7.130434052081895402e-01,5.327092917960717378e-01,5.543853848824239483e-01,6.083176129733088855e-01,6.673913406880680466e-01,6.612161057035368383e-01,5.178769925970757582e-01,5.832927288186026127e-01
4.922401512007797408e-01,5.532830581344841958e-01,5.652204854603174455e-01,5.217358639237604789e-01,6.446469022847217678e-01,6.264510924206806441e-01,5.823743029690415796e-01,5.868259400105889645e-01,5.814711429216300465e-01,6.128655905055240272e-01,6.441337233009997165e-01,5.753002936162014969e-01,4.617460079192217681e-01,5.772797836857903597e-01,5.835694531769726190e-01,6.215647427034034500e-01,7.189855387777609463e-01,7.015475888164329765e-01,6.177736463852334658e-01,6.687643124729977240e-01,6.087939199388757716e-01,6.480268774810226118e-01,6.481101251259061558e-01,6.774625528069634361e-01,7.600165375342808893e-01,6.379355146884674310e-01,7.247067016897753566e-01,7.557315073269633698e-01,6.741642226696680229e-01,7.715329404012326586e-01,6.673516776527357308e-01,7.310398663388362195e-01,7.222263131678752224e-01,7.050950749615204627e-01,7.047263339541558480e-01,6.798566288977793137e-01,7.451344596256214148e-01,7.006875208434377722e-01,6.543804801320054487e-01,7.162859271852681786e-01,6.910357523180398198e-01,7.048687582316390809e-01,6.412029905904301774e-01,7.999786688235120957e-01,7.063680506824498995e-01,6.095463365780482423e-01,6.220615236084500177e-01,7.263182024321529484e-01,6.075004767004811290e-01,6.113659251823683194e-01,6.113730051374799412e-01,7.024434712326328434e-01,6.288782316631215119e-01,5.574435531480331774e-01,7.027761259088187717e-01,6.130296246202037169e-01,7.152324810269837796e-01,6.333945645080040210e-01,6.525735417323538234e-01,6.997288651964338468e-01,5.563499128306671482e-01,6.571295616100508719e-01,6.944141084613556503e-01,6.808806578024158007e-01,6.435220069183699154e-01,4.907519051483483774e-01,6.262393412345960142e-01,5.041517089185724165e-01,6.109150696979624984e-01,5.653704546496634009e-01,5.816446985142094128e-01,6.313404490054211893e-01,6.861496982140760093e-01,6.772769957944678731e-01,5.381111348933347305e-01,6.229006350796234548e-01,5.090842944035122164e-01,5.455992215658064248e-01,6.659218951842851286e-01,7.262098001716579265e-01
5.496036563603398095e-01,6.918544224271960807e-01,6.600669680082383861e-01,5.064416689065572852e-01,6.577101594555178066e-01,6.128140311494679748e-01,5.394176312725903477e-01,6.896549439184789243e-01,5.605366051541424977e-01,5.332067681954314464e-01,6.196514636590566560e-01,5.514889221864811564e-01,5.445161445479604900e-01,5.382430077341734398e-01,5.948999706196846926e-01,5.509943897970345228e-01,6.057812155385168262e-01,6.747184113103444902e-01,5.831600261692104770e-01,6.792713391031148795e-01,6.194073274809163143e-01,6.783391958043087921e-01,6.443673819714075268e-01,6.515250142849352555e-01,6.928337173282361761e-01,6.644839653414950087e-01,6.594316963617661287e-01,7.302384385083189322e-01,7.473307392655509362e-01,7.527225462173142700e-01,7.108401187926374210e-01,7.193127689771313671e-01,7.193663475516974826e-01,6.750988955389303214e-01,7.418710349570041274e-01,7.163662825314707217e-01,6.927275196863991180e-01,7.091205440888547207e-01,6.127507076240964468e-01,6.684774055424165251e-01,7.420554981146865181e-01,7.037069892075080713e-01,6.807749077744136290e-01,6.790600970500041411e-01,7.603915186915074509e-01,6.632545582521597316e-01,6.243100196996727025e-01,6.296031533206897235e-01,6.384923138376897844e-01,6.053498704299844491e-01,6.774815327731910086e-01,6.863214054637557515e-01,7.008722198241665868e-01,5.455178269855226469e-01,6.081231774902525755e-01,7.244810406996438079e-01,6.629222115175167351e-01,7.071774854155544743e-01,6.310448889943873763e-01,5.990326681840326684e-01,6.630480970628657156e-01,6.054978897263360027e-01,6.636568605334361992e-01,6.071582446578603909e-01,7.193610199980563502e-01,6.365835531176137208e-01,6.049632401908814350e-01,7.163269783528114498e-01,6.904359272978191076e-01,6.387474522273434152e-01,5.163423250382639385e-01,5.325219895925081826e-01,6.708923018334757016e-01,6.798198154515554537e-01,7.364699898434844405e-01,6.413925377304064979e-01,7.051928497369516213e-01,6.835892036405868399e-01,4.802001569614742782e-01,5.926680790516900554e-01
6.126603257271711067e-01,4.672848276219275232e-01,6.071677507099606519e-01,6.415541126937340799e-01,5.704636571519543509e-01,6.427995509884802949e-01,4.576414976658119693e-01,5.891887286392737400e-01,6.008349809489575977e-01,5.304044341857742095e-01,5.818611015813451859e-01,5.852813785557819948e-01,6.148069702514740165e-01,6.436342276555210296e-01,6.914987611369199927e-01,6.073753793448850580e-01,6.496122672062298875e-01,5.919900925957845006e-01,5.370879640085770568e-01,7.454322406197627648e-01,6.975350231931404243e-01,5.697454119508280623e-01,6.690052488758815308e-01,5.913887103211471485e-01,7.131904747208859252e-01,7.555914563453848265e-01,6.211854215067567075e-01,6.684319268184316654e-01,7.860339147257490167e-01,6.053004605072769273e-01,6.887569616250751592e-01,7.205773227277884052e-01,7.383550192109360477e-01,7.298978008002399154e-01,6.964464509968079087e-01,7.317262973874583132e-01,7.170663183616046155e-01,7.221364853986018684e-01,7.225858128562056004e-01,6.957811185859799075e-01,6.997327950181740919e-01,6.192608341074905542e-01,5.889759251804143059e-01,5.481876538196388537e-01,6.342223326491491786e-01,6.843810333544040336e-01,6.394426729124167430e-01,6.025345870981494434e-01,6.603755705198011139e-01,7.277910597941921189e-01,7.369556821364172672e-01,6.120981422326120525e-01,6.173837355772796576e-01,6.684906499930086676e-01,6.658110569580392157e-01,6.909607860709541249e-01,6.702790170787321644e-01,6.879710687039987116e-01,6.828219365677703490e-01,7.208970890218895367e-01,6.875625754967452652e-01,6.871655589658111074e-01,6.061009507119550221e-01,5.928614755792183111e-01,6.696189258489421148e-01,6.482548892741809565e-01,6.041842968420068072e-01,6.494432374218408466e-01,6.508129162958743441e-01,6.399053043259140816e-01,5.401196336801066256e-01,5.143585135018884369e-01,5.753201748471389321e-01,5.405258095613998393e-01,6.084184190164070305e-01,6.400657500545616774e-01,5.224169605428893304e-01,6.892919876639552745e-01,6.090255801918227352e-01,6.535606805488157756e-01
5.983427688847869907e-01,6.797576988539524301e-01,6.448708034620695972e-01,5.677276864660175670e-01,5.690395846085329890e-01,6.170501966248880255e-01,6.029059898756362612e-01,5.393817772761979601e-01,6.643464195174157982e-01,6.436445729346568223e-01,5.712683388116881478e-01,5.553781578708141264e-01,5.241273461402460310e-01,6.134013577653634197e-01,5.273517632972787306e-01,6.561647858767913899e-01,5.486216653045150604e-01,6.219316020186380634e-01,5.381893073968085917e-01,6.019176550357098199e-01,6.130612003583222336e-01,6.065691432241593350e-01,6.679656620217025997e-01,7.224992999326500520e-01,7.330131767440288826e-01,6.095799095656888600e-01,7.173495846892846695e-01,6.511517990358690611e-01,6.787096253198351414e-01,7.332887990786375321e-01,7.165181224969483509e-01,7.833157499760284859e-01,6.656097418311274216e-01,6.565921102661782527e-01,6.832181366381059329e-01,7.065197778554226371e-01,7.366243053516623451e-01,7.167984644579192821e-01,6.891430269639859940e-01,6.652564773478143456e-01,6.938463885113044238e-01,6.970311952482007856e-01,7.687393404468629843e-01,6.118221950061124570e-01,7.741567721589599493e-01,6.747021902496767032e-01,5.938596573592765937e-01,6.429586075840362236e-01,6.689635919326796243e-01,6.399018503370912381e-01,5.868644821485793361e-01,6.932594399804784535e-01,6.119598401766935813e-01,6.789806398685896971e-01,6.537813408493984291e-01,6.993228704733850387e-01,7.248727041659015491e-01,6.881326100198049689e-01,6.405180747243994777e-01,6.888156327723361505e-01,6.086947951584172900e-01,7.371934962609668629e-01,6.256841647877656731e-01,7.406008013637880305e-01,6.394462615783138570e-01,5.723223047124190721e-01,6.669372342886620286e-01,6.125714141334179796e-01,6.633421422539550472e-01,6.522442735116009693e-01,6.036494953972458832e-01,5.351982903267693548e-01,6.881620341113611206e-01,6.506003916003779697e-01,5.881319276187878531e-01,5.812441472083829108e-01,5.374035807920309882e-01,5.960485340150717404e-01,5.723469658794598791e-01,5.502739385509316516e-01
5.194794100153545813e-01,4.471064892719601724e-01,6.633699400570790550e-01,6.414084546625365979e-01,6.616208184676509729e-01,6.244887099417003595e-01,5.935345478652790385e-01,6.350938684742556406e-01,5.306253360419529441e-01,6.164626882490072957e-01,5.753572937453950153e-01,6.845837319979757307e-01,5.990937164193592679e-01,6.524659995422894543e-01,5.403511534569865882e-01,6.492937445614176406e-01,6.703283812779725626e-01,6.456741129782356259e-01,5.947093060990005231e-01,6.477360502402902398e-01,5.824125093036708334e-01,6.966786000070470664e-01,7.196656926492277506e-01,6.318261371521719516e-01,6.088186435133449148e-01,6.885379263957907003e-01,6.952059782160440182e-01,6.090992896525670997e-01,6.852935890780817996e-01,6.782551746257740044e-01,7.030872016665051794e-01,6.691732456625155701e-01,5.784762520361568239e-01,6.623182128262659063e-01,7.403625356588954265e-01,7.415606209469894905e-01,7.185809039805868270e-01,7.270756252550103493e-01,6.442851708256599474e-01,7.424088749508865881e-01,6.682929220651305791e-01,7.682171000244084613e-01,7.021218309822607750e-01,7.329179504084931684e-01,6.770343837414698474e-01,7.308296178335458304e-01,7.539812392327490675e-01,6.408058144884661855e-01,6.071117291726909615e-01,7.141186591168419140e-01,7.748703124168543344e-01,6.210681907689983294e-01,7.600083982488446965e-01,7.436788053531923071e-01,6.288654127300462582e-01,6.742580646124751720e-01,6.745692790060592303e-01,7.305431260335110144e-01,6.232991100149573027e-01,7.135101407590431766e-01,5.693897693722201891e-01,6.923236813161298686e-01,6.391746396420974197e-01,6.401188300344482496e-01,6.612128161198579379e-01,4.863935310088484121e-01,6.828556704612556150e-01,6.923431659325213205e-01,5.783683783163675596e-01,5.861643050668033927e-01,6.721164953610233583e-01,6.058771933944833155e-01,7.983337779472144957e-01,6.643721545714901255e-01,6.331406996014400379e-01,5.662384619015354836e-01,4.645224892335843014e-01,6.545479349072459430e-01,5.792155321540064516e-01,6.951219524690822604e-01
6.029598103302936662e-01,5.442647711160778501e-01,4.654857466138911382e-01,5.464502372617965342e-01,6.056227545299562864e-01,5.220026684959713226e-01,6.537911930195405841e-01,6.868039195887184478e-01,6.137206044980570985e-01,5.700732468848964674e-01,5.817944484359706125e-01,5.109491421378474785e-01,5.494200690652075725e-01,5.572945311303083571e-01,7.197970989948233589e-01,6.483237418615228620e-01,5.064381618371222027e-01,5.994854177580987153e-01,5.864414500665667829e-01,6.661223514538647805e-01,5.529193006993833315e-01,5.807049442878509105e-01,5.931014694037239909e-01,7.086435792396008626e-01,6.014493904404546454e-01,6.142493459208665518e-01,6.181636482055008486e-01,7.034296482918113158e-01,7.217119565191357777e-01,7.093164240473676108e-01,6.538555131864949299e-01,6.994097385652663368e-01,6.369576391003148874e-01,7.633667000188226748e-01,7.828642601342353791e-01,7.094620387437231557e-01,6.728613165837621368e-01,6.837110110170634414e-01,6.549720418778721687e-01,6.529613369066199491e-01,7.323939290083923970e-01,7.121915593630980812e-01,7.041026316966738641e-01,6.299000859005450259e-01,6.515055865207480812e-01,7.013284228495613171e-01,6.694782816598542352e-01,6.633810000542185170e-01,7.286058610812475855e-01,6.506435234103696841e-01,6.608883493427505362e-01,6.903624822300588049e-01,6.992046594114277314e-01,7.052683615709693932e-01,6.502530759665340332e-01,7.473845477292050399e-01,5.979747985470590388e-01,5.900828324868115926e-01,6.807091481381289944e-01,7.095752623627776812e-01,6.356600023775729191e-01,6.996728162744928481e-01,7.160575989853533718e-01,6.610166328079166709e-01,7.418093891698688269e-01,6.246422646475450202e-01,7.496838149439920551e-01,6.218121144462764871e-01,5.612936122516997139e-01,6.097738329468256335e-01,6.322918064192531995e-01,5.937818732993656035e-01,6.244811792620286184e-01,5.794109135355582918e-01,6.570268400395244957e-01,5.918435416001361915e-01,6.756922056789052000e-01,6.482500239101991468e-01,5.622141657704552431e-01,5.635446464069218120e-01
6.816636429047855383e-01,5.416943977188252157e-01,5.354189189550119243e-01,5.583616477007358192e-01,5.803938090842956088e-01,4.824278180047248954e-01,6.154134600222193052e-01,6.142343426551042374e-01,5.398426706887125004e-01,4.716413436658293823e-01,5.779187810947609139e-01,6.047117746312600239e-01,6.894046733924753534e-01,6.178570243117337268e-01,5.713846466113804423e-01,6.706431492666916627e-01,6.648313414183054659e-01,6.409809998930906527e-01,5.587891868487818714e-01,5.309867372059486890e-01,6.610902396604946274e-01,6.145353283613400608e-01,6.442109779425918559e-01,6.146004949098250458e-01,6.688967839290019812e-01,7.077608635532123271e-01,7.739916696597439749e-01,7.757462734413482774e-01,7.783710749514142213e-01,6.644895247519716497e-01,6.912845060369064987e-01,6.438953880005658936e-01,7.770155429739887820e-01,7.285012264296804041e-01,6.706352994748452367e-01,7.366773992069568511e-01,7.401170090838772309e-01,6.758281319725817360e-01,7.220263273913288815e-01,7.576381231424577090e-01,7.807576673297329517e-01,7.254028275646831059e-01,6.966722118670899411e-01,7.796936410841726062e-01,7.866782899616321378e-01,7.892673857911496338e-01,6.782305092937287450e-01,6.498126691067114269e-01,6.292379463635017212e-01,6.621716923316655068e-01,6.628412706355367723e-01,7.381578262978655269e-01,7.176989149925191436e-01,8.438412397468223469e-01,7.321356051978492596e-01,6.917205616897089682e-01,7.425920092436081310e-01,6.645090891027627400e-01,6.985523454349128469e-01,5.531343142897513498e-01,6.970928303839023510e-01,6.212686781349405774e-01,6.591125979080122432e-01,6.749404037665178713e-01,6.263585427786818594e-01,6.823824462689599413e-01,6.155937877273408576e-01,6.666413184505228795e-01,6.605434940885217543e-01,7.116880869624090389e-01,6.487258015598431626e-01,6.478967670627384656e-01,5.504841373179540920e-01,5.420285614442919009e-01,6.087388908798986309e-01,7.042714137883064884e-01,7.059735961994670905e-01,6.230953650023264290e-01,6.618429370859194583e-01,6.049921167533747202e-01
6.252901904336789496e-01,5.035758806563336298e-01,5.208943772348700874e-01,5.873320743340831873e-01,5.627108724635655479e-01,5.283759257407072418e-01,6.042255232515555408e-01,6.312300586359753662e-01,6.108389507577650646e-01,4.682835803123323593e-01,6.301671404964349632e-01,5.851475375368794252e-01,5.275507508248363786e-01,4.423038538126215502e-01,5.992117481105345700e-01,5.612759148060174619e-01,5.509205110982869913e-01,5.791990669598027219e-01,6.718914466390889517e-01,6.269210912730636132e-01,6.758372946249910918e-01,5.653537626515012793e-01,6.424069934222268463e-01,6.263832600111932658e-01,6.451584409084893945e-01,7.089583261181147122e-01,5.871197686811655547e-01,6.749118172094400459e-01,6.524920336084778505e-01,6.005398055353714515e-01,7.067477764734511059e-01,7.478091583854857838e-01,6.269895631621965615e-01,7.917804221532913633e-01,7.167329085265967681e-01,6.985594928730949338e-01,6.522772980860700454e-01,6.584858788030002463e-01,6.493801804474632622e-01,6.573677522053736899e-01,6.588621023538280275e-01,7.222560213392308359e-01,7.183568919538874109e-01,6.876118247058368160e-01,7.109834484519069742e-01,7.849196306268138024e-01,6.592354594873524043e-01,6.825835155753890993e-01,6.569880367578139202e-01,6.896933970600560571e-01,6.369997722832457798e-01,6.660246911268383752e-01,6.737536029216317779e-01,6.614607856385986695e-01,7.333460232199247031e-01,6.620090565084120193e-01,5.594216967807376095e-01,7.562855817629748900e-01,5.907015220341093054e-01,6.775270117608053200e-01,6.448420759879476272e-01,6.302013073177076263e-01,7.191719390616224672e-01,6.499622192711096424e-01,6.857621564449585261e-01,7.226518663875544091e-01,6.371265891560901062e-01,5.960806754641847505e-01,6.326629661664829873e-01,6.394300413993699861e-01,6.333844934027272888e-01,6.384768078405208547e-01,6.558892729247222109e-01,5.751245128315737309e-01,6.706633318843518987e-01,6.892835142995700215e-01,7.396215318429519847e-01,5.964883451174000095e-01,5.588407526826871807e-01,6.538248493115680349e-01
5.820934937652155750e-01,4.815018055702327548e-01,5.913385103471224813e-01,5.858754485363458775e-01,6.301051392435513820e-01,5.157601317505747796e-01,5.644306725752965548e-01,6.044561067136204890e-01,6.069784011874623797e-01,5.478168771919164071e-01,5.691327570387686441e-01,5.416590310730451385e-01,6.197032798958566069e-01,5.707770230905474529e-01,5.217812223632871671e-01,5.222816582133533725e-01,5.554791486124014410e-01,5.870784428370484642e-01,6.253290725219869950e-01,6.591697273987339178e-01,5.710439148636219375e-01,6.227540888732351343e-01,6.045582227672458009e-01,5.961583758345755379e-01,6.286021655615479098e-01,5.786377067993971890e-01,7.490001809668227484e-01,6.865377247248651837e-01,6.907167732969362595e-01,6.630918187751873027e-01,6.596941920580714491e-01,6.804564266835018138e-01,6.589496553070056661e-01,6.907724504934465992e-01,6.713235817418939932e-01,7.191833707168929779e-01,6.391766289285669700e-01,8.007232450821413217e-01,7.125143609020689883e-01,6.928242431935006662e-01,7.615517186632029256e-01,6.297398020180783318e-01,6.782838978646487105e-01,7.587104779013882361e-01,7.966257928705109403e-01,5.525902035463465811e-01,7.731619056027404513e-01,7.513329094948826281e-01,6.252101741722231321e-01,6.932221721576519169e-01,7.468789827897789335e-01,5.840737046346842209e-01,7.480117903975698201e-01,7.049605319162826067e-01,5.441695729951513405e-01,6.255792827845519932e-01,6.689942878929131531e-01,7.568165082567771540e-01,6.663541879222951714e-01,6.899059783194743112e-01,6.366319849779922269e-01,5.641334248410032615e-01,6.670170421617440670e-01,6.217614985484331003e-01,7.226668526704798090e-01,6.418837568693965823e-01,5.824047383430933644e-01,5.665413709014330834e-01,7.000409561820074567e-01,7.786796538225756459e-01,5.938597538814587296e-01,6.617656024964383432e-01,6.797752860436320210e-01,6.353316323826833090e-01,5.441909815878508416e-01,6.210197639100513145e-01,7.280812532646904200e-01,6.205272885300825436e-01,6.495313294118468805e-01,5.829561914244304477e-01
6.459396585366944388e-01,5.471076884511834049e-01,6.513614880139347862e-01,7.208320593745417559e-01,5.757097306927156932e-01,5.619351802683739683e-01,6.129651027155091914e-01,5.437958987806814637e-01,5.403365739683450020e-01,6.383746546282382806e-01,5.058873797549362505e-01,6.330878464302071018e-01,4.766472420063291859e-01,6.425269820819921041e-01,5.803840877039974089e-01,6.048891314531743557e-01,5.769683351312143715e-01,6.231274953270621308e-01,6.456514969716133923e-01,5.762383658862740843e-01,5.746189301952193684e-01,5.152600690193182009e-01,6.388397556434702862e-01,6.066653081764045163e-01,5.913720321264399615e-01,6.787709160077288750e-01,6.746348477373950159e-01,6.851703379608325983e-01,6.107783946516606166e-01,7.136131442309845418e-01,6.216264653574939958e-01,6.814482116023357072e-01,7.094875529354001120e-01,7.596845868951763725e-01,5.820036151359440080e-01,6.672473067711914840e-01,6.302121608420077070e-01,7.581934790054835061e-01,7.290845744851695009e-01,7.616582142831970215e-01,8.210394877433976335e-01,6.490034478751874891e-01,6.800506336943724639e-01,7.294759232198363419e-01,6.715431127236802800e-01,7.315210671297205369e-01,6.086914776448849596e-01,6.201934718403062652e-01,6.982162382735297435e-01,6.407612910136291084e-01,7.610967168405207151e-01,6.895741961964308997e-01,6.570644005259427267e-01,7.559048108844695912e-01,6.806170488882684610e-01,6.299658104127896507e-01,6.509598481009484239e-01,6.571475005036071515e-01,7.493716561074907911e-01,6.725233050788571587e-01,6.750224496749355207e-01,6.535538838345744672e-01,6.646322836822740054e-01,6.651971700345937766e-01,6.918836945771769109e-01,6.601992912516994050e-01,6.222953385593974485e-01,6.793992290491280839e-01,7.403663156899222830e-01,6.594146497809348917e-01,7.037934821948688136e-01,5.749584178410848123e-01,6.697714397808453013e-01,5.665209155147812314e-01,7.118895996609448940e-01,5.987436940660680884e-01,7.212095105781554105e-01,5.777035147458509101e-01,6.643741840686631095e-01,6.648932231392972181e-01
6.665800872283944578e-01,5.333674136164562318e-01,5.559242483612976127e-01,5.212524230927392255e-01,6.653044057634244224e-01,5.495472804169762027e-01,5.889770884101769299e-01,5.232301717744939351e-01,6.112408609585455732e-01,6.412209327975084694e-01,5.706678320939954085e-01,5.039940527814766869e-01,6.247067101943207801e-01,5.629835169250235749e-01,5.921300766812132021e-01,6.390296508168270551e-01,6.120320950091575618e-01,6.363100036483840816e-01,5.914820456324622056e-01,6.307523907738482594e-01,6.013144835290064050e-01,5.907736875597673354e-01,4.641365239052481773e-01,5.513580369180591800e-01,6.194288815139612492e-01,6.225924910623349406e-01,5.909107385214183994e-01,6.792280307974543074e-01,5.853101739664835490e-01,5.874390062140203428e-01,6.455620740070106001e-01,6.189451057373286380e-01,6.697778343919289501e-01,7.579933014975749339e-01,7.559727516488469190e-01,6.503661988636826319e-01,6.292045416893949916e-01,5.745255596005502952e-01,6.958604385708334616e-01,6.034560132191416626e-01,7.903971962811368046e-01,7.111526527678738718e-01,6.757400908807803530e-01,7.304027038466767152e-01,7.690537910869613691e-01,6.685189071950057293e-01,6.801191052533255288e-01,7.825324535097724077e-01,6.548770967756171180e-01,7.685493157778090501e-01,7.027320262201243173e-01,6.888786177178259917e-01,6.402731256154504669e-01,7.918071538527833297e-01,6.862903995253554212e-01,6.632915336226765657e-01,6.705423022807716071e-01,6.712169356443796753e-01,7.514132023865005561e-01,6.863616447595194403e-01,7.000530293406922455e-01,7.031656937082364500e-01,6.999518826665390714e-01,6.449554940967320293e-01,6.924950885335263706e-01,6.012357651099211608e-01,7.145931053979954761e-01,6.679515089177286979e-01,6.980189935768064124e-01,6.391394832199850384e-01,7.543323629367516547e-01,6.407807254317218204e-01,6.663633618947417681e-01,6.607525112392218514e-01,7.146321156933145291e-01,5.600670936319550597e-01,5.582883900445344549e-01,7.080983077557551075e-01,7.316049757863342107e-01,6.470367939612233776e-01
4.537709539872153974e-01,4.649404304656774012e-01,5.625257613215316477e-01,4.999855980467178829e-01,4.994486368497810802e-01,6.778654582985950139e-01,7.220281952930874825e-01,6.528956402220293942e-01,6.512273874787118944e-01,6.128820378770843957e-01,6.135417191096319556e-01,4.823124672819047443e-01,5.774808253953535031e-01,5.654436161407450090e-01,5.835767047733236845e-01,5.272515922141828293e-01,6.032271986340363989e-01,5.340041336490251034e-01,6.674994064833515983e-01,6.283202211558206463e-01,5.963415791350642481e-01,6.797254280656251924e-01,5.851287514488032748e-01,6.238953054113878238e-01,6.391846458342628212e-01,5.041957609291298770e-01,5.460174408653930556e-01,6.693683160071136617e-01,7.401022417074045734e-01,6.438398636515555440e-01,6.659477496985636291e-01,5.764633904705971368e-01,6.786618683078213810e-01,6.522992625157950641e-01,6.736521838206653845e-01,6.632260045927755865e-01,6.516862458118967139e-01,7.329306215528218482e-01,7.530652225809824074e-01,7.690105837444956016e-01,6.980525366358070194e-01,7.982900462481697934e-01,6.790634249213137741e-01,6.589937857371993557e-01,7.162488938837500152e-01,7.388228831160070786e-01,7.017997852201067754e-01,6.963101405668765675e-01,7.750012274331926632e-01,7.665297253070634254e-01,7.692008209590507350e-01,7.152490955807153661e-01,7.290848897370507675e-01,7.038132485563031171e-01,7.860617709928529040e-01,7.446197729498549300e-01,7.050833343972425782e-01,5.543193024895608501e-01,7.488812292165074602e-01,7.432230108118249579e-01,7.280288922372828431e-01,7.373029406764862737e-01,6.537345632041863253e-01,7.627461682444234281e-01,6.770248936289877673e-01,6.962849576218291814e-01,6.357443823870997379e-01,5.961491487208557816e-01,7.113203776689701607e-01,7.007155636718661595e-01,5.852360631985403794e-01,6.571944155098484730e-01,5.381298797474121098e-01,7.022072855830663318e-01,6.314528196730548881e-01,6.385591953563518608e-01,5.088757014817825164e-01,5.766744775596251982e-01,7.125987113851088850e-01,7.624739427625040200e-01
5.683157291700162705e-01,4.277408615254351676e-01,4.913910431715056149e-01,6.060614398341840348e-01,5.670161253834644643e-01,5.882202195347251417e-01,5.969554042537158489e-01,5.835358224893861800e-01,6.663325146721857939e-01,6.513305641866743434e-01,5.896400473640706075e-01,5.799186680498524815e-01,5.770260112711508294e-01,5.397893531811245316e-01,5.948781981293691512e-01,5.740845883656383597e-01,4.814183644779294613e-01,6.064307161394928425e-01,5.897261979993896341e-01,6.732693789858803513e-01,5.758191946585905496e-01,5.821066602661751910e-01,4.936291336983978373e-01,5.408191623693844319e-01,6.416386186559980276e-01,6.845204099275226106e-01,6.965377817448804576e-01,5.743605350145937205e-01,5.718932866390418202e-01,6.877446374426000597e-01,6.452835358301250990e-01,6.943453685655217589e-01,7.303598434304083842e-01,6.293226388007172600e-01,6.786619867255654359e-01,6.574179542467960546e-01,6.043234509519355147e-01,6.480278198779754195e-01,6.475090812189644440e-01,5.906996900621835911e-01,7.687646284748520520e-01,7.738726156938485756e-01,6.616233667209695524e-01,6.459878488306161071e-01,7.644541266026786408e-01,5.420290293390700453e-01,7.431500442089128411e-01,7.366720845552741093e-01,7.688844680266827547e-01,7.709191278085845145e-01,7.632618698895702325e-01,6.832045238368037454e-01,7.406591851950963257e-01,7.092768315645244792e-01,6.807403598135106648e-01,7.691161488815165814e-01,7.313335304327527320e-01,6.291650377605828570e-01,7.172635207509894251e-01,6.002875827420431909e-01,7.169452567766901874e-01,6.930058827527051379e-01,6.850385355879756721e-01,6.204449621300347495e-01,7.043602216892868029e-01,6.894861581187037292e-01,7.144873519179053556e-01,6.915079792788296764e-01,6.586204121129990430e-01,7.256172157835401038e-01,5.631215765545634078e-01,5.638438066876528820e-01,6.398503658221649237e-01,6.984302169506605429e-01,6.821503559278244699e-01,7.756979487223556458e-01,6.337808575788826948e-01,5.868989260338272063e-01,8.165174062250385445e-01,5.953908677657648862e-01
5.038307796267503802e-01,6.493069524658376945e-01,5.426648347110633042e-01,5.689038282552008052e-01,6.274982108788164092e-01,5.849324722806297228e-01,5.935611760412763394e-01,5.336140144761664095e-01,5.011668083717774058e-01,5.546957341703518951e-01,6.016112020555522966e-01,5.819233655554809648e-01,5.751654489088797728e-01,5.751801541289324193e-01,5.414272084114977179e-01,5.907735423600072311e-01,6.182105551293998191e-01,5.575120747343723648e-01,6.473368659919584989e-01,5.679829057679148807e-01,7.368537773388481593e-01,5.816861031983991959e-01,5.620345941596525119e-01,5.910824153697541439e-01,5.552173746999492510e-01,6.240866342512988441e-01,6.582485627081168245e-01,6.556679949538291030e-01,6.372472204478021318e-01,5.829143400480550907e-01,5.757844991749873076e-01,5.878335007669844847e-01,6.548063574713793855e-01,6.326407395455639904e-01,6.525222867501930812e-01,6.940219884603298084e-01,6.157570948607554717e-01,7.556632768353155338e-01,7.602574216288205955e-01,6.382532622864787175e-01,6.496870787079876974e-01,7.281267938002875528e-01,6.691996104038860915e-01,7.538768332140607376e-01,7.162831025637141913e-01,7.567971148537170345e-01,7.424528798733340818e-01,7.947554670552882117e-01,6.798930760243535598e-01,8.205166793552451932e-01,8.113551405549340734e-01,7.281267797635770922e-01,7.608793087820523438e-01,6.758881529106410824e-01,7.139365978234409882e-01,6.654752712456589725e-01,5.987283775552130205e-01,6.185926679590870725e-01,7.429586790939726182e-01,6.667267341692100224e-01,7.340034510657379441e-01,6.925506652003303731e-01,7.053228875885388938e-01,6.738646570756905430e-01,7.385521859577772741e-01,6.747450198938167443e-01,6.432096929801893737e-01,6.432191995811689100e-01,6.525352399649084756e-01,7.015968211031521351e-01,6.899031368627680516e-01,7.275593524809729207e-01,6.949136954353193341e-01,6.373942681144821876e-01,7.085137100455746184e-01,7.009050166898512790e-01,5.955943788251732984e-01,7.272786274675913099e-01,6.013339538257143069e-01,6.060931111471021815e-01
5.187462656331220945e-01,5.756446594869625288e-01,3.968072311743942038e-01,5.180678249964100202e-01,6.315776919532164468e-01,5.691533550865807145e-01,6.215126208094120530e-01,6.311922482541632018e-01,5.812440657740461925e-01,5.449251953563195583e-01,5.342134387832671027e-01,5.459316406469678640e-01,4.218796926877970699e-01,4.643695168992299505e-01,4.771341061698291530e-01,6.415567577828933388e-01,6.235653564165605234e-01,5.064559323455959383e-01,6.393648549546059323e-01,4.710323676868201637e-01,5.831553600149635974e-01,6.771688989587736351e-01,4.894714692408290713e-01,6.075499132627304455e-01,6.478091751702133028e-01,5.235552020548780439e-01,6.354305172078231756e-01,6.907283765133722664e-01,5.697577312314122677e-01,6.467750317488710765e-01,6.560240013161050543e-01,6.215625375223157167e-01,6.749373279599004682e-01,6.424980728290208276e-01,6.687122761394616033e-01,6.395902775993040912e-01,7.563799949737685102e-01,7.257150108280953082e-01,7.442049301981065179e-01,7.735727241148259159e-01,6.786202491484207844e-01,7.234619143904661431e-01,6.469677808541630659e-01,6.367746110350236410e-01,7.262209799641079488e-01,6.430158521423475770e-01,6.931012996641894297e-01,6.799198809767484919e-01,7.517024368296875148e-01,6.775746668552333762e-01,7.408602710560859839e-01,7.548655446518056644e-01,7.118633137143053347e-01,6.191766068483269825e-01,7.393286035909883980e-01,6.829018813929079723e-01,7.477081261136356849e-01,6.486887680544899393e-01,6.985951139300371482e-01,7.594674641015116690e-01,6.237082501333790496e-01,7.124544061623706570e-01,5.854269704629372351e-01,7.361229435259722953e-01,7.333448169562599706e-01,7.252900503016100897e-01,7.036977349698962936e-01,6.293617650371917671e-01,6.726981875359206997e-01,6.606537802263330317e-01,5.945973600161543748e-01,7.377565873799905027e-01,5.896170201810855271e-01,6.559776864393317419e-01,5.498757629351781473e-01,7.307253402488647076e-01,6.525285330292902586e-01,6.196014024585249080e-01,6.760501666158158507e-01,6.884800909944820413e-01
5.587178730462076803e-01,4.460898313625428768e-01,5.993899575933897550e-01,5.841233663409499677e-01,5.578195608600322597e-01,5.329381266613878454e-01,6.619622694726162715e-01,6.101022606859414221e-01,6.364913761760242483e-01,6.451010779520081062e-01,5.477212368002408738e-01,5.132760940350895584e-01,5.442490524650929196e-01,5.924107396672618764e-01,5.889122556280209642e-01,5.752495983827047299e-01,5.378779227717908062e-01,5.844197428140127659e-01,5.528741601232768366e-01,6.407929813878731062e-01,6.614941538621472716e-01,5.812028635575318125e-01,6.287124903387406594e-01,5.480715850877242445e-01,5.120442952271335724e-01,6.161074229163309157e-01,5.339474147898325418e-01,6.139016150941337679e-01,6.902994206651503761e-01,6.651635500823832592e-01,5.700258427465819677e-01,6.524257723692991062e-01,6.337675698301622473e-01,6.460646511227783328e-01,6.782624235477016095e-01,6.116875364662057724e-01,6.808889433587306250e-01,6.800048030123487797e-01,6.716583683637492586e-01,7.501580297467532743e-01,6.918507040324678448e-01,6.843973877479595513e-01,6.647400257181413918e-01,7.072115222273910318e-01,6.885714083687782816e-01,7.593586744834655011e-01,7.849063263034781190e-01,6.416661130882267416e-01,6.480322654170453944e-01,7.925810039923594230e-01,7.333288345479774817e-01,6.759310815543991824e-01,7.707395817878984756e-01,7.332924616472946688e-01,6.887339823102164305e-01,7.594512194296006991e-01,6.480183565707451354e-01,7.464243473234947190e-01,6.916630698764997254e-01,7.437872124633886362e-01,7.049613542549231227e-01,7.999183806988651169e-01,6.207970058543708092e-01,7.666772945864605004e-01,6.654381580548761610e-01,7.173535088486027167e-01,5.964497919814950588e-01,6.321771623717411526e-01,7.156078050473388963e-01,7.705085930624991919e-01,7.257334673501559807e-01,7.057294213897384871e-01,5.969829898287931647e-01,7.149406098248562991e-01,6.724459187322380238e-01,6.781301949145418506e-01,6.648866931426561377e-01,6.318486736196355924e-01,5.976244793535593347e-01,6.537136243251405743e-01
5.384023162469451229e-01,5.735570766595847747e-01,5.453487255082400953e-01,4.526457992153639642e-01,6.083369628391782635e-01,6.354353667184026166e-01,4.120891905921569287e-01,5.997720125060248542e-01,5.669717173303056024e-01,5.537955522084554438e-01,6.168482307353806426e-01,6.491328881182591992e-01,5.954806982941142079e-01,6.197586938392032341e-01,5.716558947380601108e-01,5.884897726507732907e-01,5.735542201685707164e-01,5.401064096635628253e-01,6.871611159977319971e-01,6.416137742641375707e-01,6.637657490169518448e-01,5.566250787837343506e-01,6.700378526071587570e-01,7.391945083309673370e-01,5.999028997224024051e-01,5.398751820827816239e-01,5.993931326411907623e-01,5.790896491728629858e-01,4.103549468792762056e-01,5.926463056728987766e-01,6.199013528506108761e-01,6.358999142411806416e-01,6.157196959890358645e-01,6.540377061754836241e-01,6.518978763594265313e-01,6.756484347093004716e-01,6.929426085790846290e-01,7.168864546266066062e-01,7.099706570411953299e-01,6.884632014174002501e-01,6.332321327974510528e-01,5.366905291771174591e-01,7.196599350819316010e-01,5.926832116188319732e-01,8.065239632524657809e-01,7.741378162544694241e-01,7.161541138013269858e-01,7.438991879936884821e-01,6.464096218026732510e-01,6.896013449108617799e-01,7.721991649061636931e-01,7.637080353176025627e-01,7.202736704367536102e-01,7.535222256857797563e-01,6.583110818830260058e-01,7.559682841346037074e-01,7.392590770930173028e-01,7.094684248336287080e-01,8.001294743046977187e-01,6.971056167874538634e-01,7.411646795200146354e-01,7.849621024292442462e-01,6.697805872084835466e-01,6.159630646497251671e-01,7.372513529013927647e-01,6.691757785242272716e-01,7.687386689680526519e-01,6.604295289546745495e-01,6.863616589867600482e-01,6.758556470702258290e-01,6.620857500622157055e-01,6.628808060381737866e-01,5.118241866182582367e-01,7.042729091596400259e-01,7.537720027640872900e-01,6.042529268153253863e-01,6.906302919272514496e-01,6.235577290098627268e-01,6.847857250251044858e-01,5.607051143246402081e-01
5.456213231751232406e-01,6.017068567319011629e-01,5.343077465867303033e-01,4.973086810892688447e-01,5.263932400944638657e-01,5.662024321260437087e-01,5.906213998366531825e-01,4.810182103320919111e-01,5.470245614640180110e-01,5.992510307573625239e-01,6.159347637065420988e-01,6.174218967831163196e-01,6.112869940266443258e-01,6.270017148266010532e-01,5.005768153504146500e-01,5.079222514410891565e-01,5.999213851274849407e-01,5.992208957709155293e-01,5.928465615973826930e-01,5.587178193944520865e-01,6.182349336412690244e-01,6.991469100566084505e-01,6.370294126457000106e-01,5.793310003131518782e-01,6.457549649306544293e-01,6.498353796818296946e-01,6.259155917233755195e-01,5.872117446165282528e-01,5.076728550441538257e-01,6.228028160605884045e-01,6.340104821466205909e-01,6.058970978741423652e-01,7.190339323843254471e-01,6.304961392874409709e-01,6.284665155088513533e-01,6.965617402191381924e-01,6.769628252279686897e-01,7.221872300965958003e-01,6.875770667573118944e-01,8.143261060491551184e-01,6.792415536335439930e-01,7.359745139304523232e-01,7.834269728749309047e-01,7.088837267926977326e-01,6.876157432545659809e-01,7.264829388727360726e-01,7.368979008224961769e-01,7.498107412304039210e-01,7.210120603843208631e-01,7.205167094111583070e-01,6.616874175590586882e-01,7.322367603739350361e-01,6.158562014117169303e-01,6.878304326237153488e-01,7.000541632928047875e-01,7.491771957826965922e-01,7.456763684946671189e-01,6.655855383833986227e-01,6.479329955641989214e-01,7.226186251757328316e-01,7.565348995854113134e-01,7.308992319820341033e-01,7.017317453770101077e-01,6.655258807216466455e-01,6.750782475921534020e-01,7.155249008671873412e-01,6.660190726102570569e-01,7.268080579322010459e-01,7.404679809991705497e-01,7.902900175663517546e-01,6.933452866318713381e-01,6.396119039947095741e-01,6.137476749257899655e-01,7.046024978862014398e-01,7.065595228552070672e-01,7.763661680610738358e-01,5.996531745532494018e-01,6.113118667704948717e-01,6.277499682344717113e-01,6.974839429914285738e-01
5.929324052731692607e-01,6.689757295432419149e-01,5.104639145990664817e-01,5.651658156829953983e-01,6.665174943169145383e-01,5.170317120791164678e-01,6.142857865214568225e-01,5.662924697359132953e-01,5.131031689252585348e-01,4.571672492512248720e-01,6.398224960453291477e-01,5.427155419680860238e-01,3.908368311045740673e-01,5.664612342822249458e-01,5.739287267752428701e-01,6.639864373434428702e-01,6.041128610695791767e-01,5.927400685364264676e-01,6.498251219643367271e-01,6.620384613302806587e-01,5.823635833400656603e-01,6.030122567523915622e-01,5.973434621947221190e-01,5.046189383487330593e-01,5.702207898949791520e-01,5.503522254357882115e-01,6.111933953285662025e-01,6.047936714439665629e-01,5.835907277230736323e-01,6.939963092618626206e-01,5.805805737729337057e-01,5.686536407706426210e-01,6.713754778582884386e-01,5.518567260306996847e-01,5.466966109980488930e-01,6.529303674981162819e-01,6.893276084505423063e-01,7.572772167077036487e-01,6.630475340490072922e-01,6.514707611057132253e-01,6.090606042914428198e-01,6.656108538619029957e-01,6.619508786572371184e-01,6.302606494347386956e-01,7.245043088812453957e-01,7.213859538521845138e-01,7.101401485004870118e-01,7.252214359559752133e-01,7.298829438738976272e-01,7.314812368350015470e-01,6.087918237091948237e-01,7.289811240062982201e-01,7.189610819930354335e-01,7.675379071405110665e-01,7.497716151550321007e-01,7.254956399714443949e-01,7.180067967709459209e-01,7.038711653922344880e-01,7.647464658961264927e-01,6.648478194678422160e-01,7.087698609818021689e-01,7.407057205934898247e-01,6.145466632347582614e-01,6.279018716418754975e-01,6.975118118749669138e-01,6.652899446200960520e-01,7.003437619784814716e-01,7.120451480004865719e-01,7.067778683171265230e-01,6.635834900776683698e-01,7.163440647376837500e-01,5.982853939148339295e-01,7.605844249811666291e-01,7.653148012010252410e-01,6.693667969175811638e-01,7.234182411853982142e-01,6.580978246774872309e-01,5.604191359607469947e-01,5.451808816449408290e-01,7.072176574881168243e-01
5.835593694248537577e-01,5.575573204270330985e-01,5.870463879933350837e-01,5.473823829666238927e-01,6.418331472808307403e-01,4.114857147560251893e-01,5.426354783860504183e-01,5.964156813484537967e-01,5.333427500934633247e-01,5.669322271775041333e-01,5.837666561362090389e-01,6.125657155122468112e-01,5.848553792066920609e-01,6.762670321641086613e-01,5.081180651073061716e-01,5.587019214708285331e-01,5.142917390433017211e-01,5.082058653678459548e-01,6.105807087615665596e-01,4.451088326849754750e-01,7.074856844875316852e-01,5.896841611792276172e-01,5.460860407367545966e-01,6.578139270354356194e-01,6.095826751437384283e-01,5.575951292823957406e-01,5.257757096994885027e-01,5.893548952981466638e-01,7.450068574285751977e-01,6.380662074119662908e-01,5.999008139598183131e-01,7.193294659429003701e-01,6.873616893154002039e-01,6.786888143937025442e-01,6.398292908771411325e-01,6.272784836703453326e-01,6.688746006582864112e-01,7.080917376380467809e-01,5.827373129728374845e-01,7.137724005195144050e-01,7.110011488023777471e-01,5.670539418708919754e-01,8.162037843990910257e-01,6.620354759417496071e-01,7.470576236084387478e-01,6.866096631816728246e-01,7.681507948278956110e-01,7.478256553529543105e-01,6.008332450142858105e-01,7.344418003898263159e-01,7.539028436821680890e-01,7.417009015224338420e-01,6.499025992709167587e-01,6.771262912632387554e-01,6.483560715483881465e-01,7.743931775003723983e-01,7.412125273405469894e-01,7.309510097189646505e-01,7.787228212701793328e-01,6.483556774965769653e-01,6.857031948455099002e-01,7.301592095818759676e-01,7.502779396118351984e-01,7.039428991469527386e-01,7.007097435812704722e-01,7.458774457599649521e-01,6.989402530121593404e-01,7.325447089299682579e-01,6.285388124053370440e-01,6.773501769218460700e-01,7.124428375287276127e-01,6.669710241529346328e-01,7.447132398177200852e-01,7.327368673848199121e-01,6.565047422218164286e-01,7.585517893419958524e-01,6.764924720890458376e-01,6.906899219939923729e-01,7.469165178788360615e-01,6.969348075721121250e-01
5.900034916693496223e-01,5.131259269973068582e-01,4.947746190117675580e-01,4.748644717064039456e-01,6.855448100891888830e-01,5.583325714235451986e-01,6.329593070888310802e-01,5.296484383803140572e-01,6.258691544472227974e-01,5.934494817238440412e-01,5.303336981507085213e-01,6.011017887375301738e-01,5.781094953371368472e-01,5.259144478817943114e-01,5.941449747510791912e-01,5.196572910593257877e-01,6.478561991011250187e-01,6.846811485841480804e-01,5.094107460888431804e-01,5.941929349331432908e-01,6.264446616682947111e-01,6.110925583873367817e-01,6.402036528403772797e-01,5.401128465051411309e-01,6.555103746384037811e-01,6.254569505261984297e-01,5.775442491443230075e-01,6.633035008498283647e-01,6.536454732403335077e-01,4.934041364793490536e-01,6.526161610688012704e-01,6.351431815000287973e-01,5.906071849267386931e-01,6.529941435909697445e-01,6.660772705585582543e-01,6.161288861525417992e-01,7.419289326426212750e-01,6.983760899057485094e-01,6.178349027354388401e-01,6.318463175826724010e-01,5.691801669932650132e-01,6.604047353577340296e-01,6.026803441006284290e-01,5.866973837320575980e-01,7.262141144294517181e-01,6.764403978003223905e-01,6.689896041870578847e-01,6.818422176176588412e-01,7.077679994989003465e-01,7.022380037758567672e-01,6.550383541370380369e-01,6.566142094437669163e-01,7.228497002961318252e-01,7.655170897335434876e-01,6.271569935595108225e-01,7.660392498240986558e-01,7.206053126292325528e-01,7.999478285989027881e-01,7.044819227954491891e-01,7.237218762740486033e-01,6.558108461854360582e-01,6.732329895641028239e-01,6.989424251162585922e-01,7.344643916302365794e-01,6.410622060898593100e-01,7.547843336235666722e-01,7.041701337931741689e-01,6.537587950985984664e-01,6.784718028786974608e-01,6.885655232668733694e-01,6.884092540251851577e-01,7.466534253545797917e-01,7.173737772443951055e-01,6.864641608108421611e-01,7.542638491952715629e-01,6.204110643541029813e-01,7.003099484997525881e-01,6.805007400255339567e-01,6.668516779685371709e-01,6.793401624737793743e-01
5.363180880866753597e-01,6.276955930805979689e-01,6.157904858101298506e-01,5.789422283871442643e-01,5.062654397254260363e-01,4.821330646363252148e-01,6.491804840337761506e-01,6.123220163822100659e-01,6.240996418336755003e-01,6.081225980522346752e-01,6.446382511168162743e-01,4.718184752187805642e-01,5.825359687355842198e-01,6.109384394941005381e-01,6.056904041484953982e-01,5.648352277730691595e-01,5.789298571382306413e-01,5.465536334645626493e-01,7.191036402093129443e-01,5.556530385639295577e-01,5.178745766480307156e-01,4.756785414942041879e-01,6.346944224807278268e-01,4.966792442596236756e-01,6.034455202983403099e-01,6.074697705418233840e-01,6.191152386637992500e-01,6.239447130345940895e-01,7.653593917996591722e-01,5.412501439856071128e-01,5.986064783507214493e-01,6.988907434900835103e-01,6.022211661511198688e-01,6.240456509162033427e-01,6.002717683449509956e-01,6.631931118132499137e-01,6.206586496515831275e-01,6.533994647747278783e-01,5.807218319727958100e-01,6.464197953992592005e-01,6.869626048512657013e-01,6.315374832135213223e-01,6.950972380932581851e-01,7.390088082127851399e-01,6.561001650030723331e-01,7.012889020053896250e-01,5.865934292310149845e-01,7.914814543166893701e-01,7.169644286296004143e-01,6.614506706757551369e-01,6.425179138216088326e-01,6.667818354717508500e-01,6.701109097004956938e-01,7.171234726396787940e-01,7.168457572862194649e-01,7.196660726942034625e-01,7.276284080839968693e-01,8.198842470750921096e-01,7.656432235046229939e-01,7.425635139954789299e-01,6.709468856820955951e-01,7.168218187930932572e-01,7.633880311507762473e-01,6.242359136908933737e-01,5.889550895426606258e-01,6.239916351867970112e-01,7.212291963864082556e-01,6.805547392478428215e-01,7.167645444558360390e-01,5.883309096054181175e-01,7.674071629599030775e-01,7.405971792426015998e-01,7.202640653708243246e-01,7.003959505224880422e-01,7.049689073877085654e-01,6.837434320297000045e-01,6.750159322804495377e-01,6.945505516594836504e-01,6.506120914771951202e-01,6.440937256071542771e-01
4.870648518123738557e-01,5.264980208243768001e-01,6.162189829484394643e-01,4.973753999827220662e-01,5.766222992010864301e-01,5.409716395702839353e-01,5.374831243698990901e-01,6.987443573057209312e-01,5.595086439062907369e-01,5.337210719575584683e-01,5.910308439850869844e-01,5.888502478283590413e-01,5.222797182212227662e-01,5.318444000888561396e-01,5.897284984088264626e-01,5.834634371192856106e-01,6.144606522872131382e-01,5.992734206171534961e-01,7.046959158631775910e-01,5.901449179692352942e-01,6.595493678574234631e-01,6.179887182460677142e-01,6.624824425847677389e-01,6.496379258364937126e-01,5.329070288960134905e-01,6.751937136985347587e-01,6.453847606972689110e-01,6.432396233510387917e-01,5.822537851469252734e-01,6.586100925930158390e-01,5.961435464666741124e-01,7.125441243346128939e-01,6.344163680050449727e-01,5.773950791501184510e-01,6.670500055181443066e-01,6.367520051901360834e-01,6.432235645644938105e-01,7.489236138379152807e-01,6.651773008634744855e-01,5.838896173203157458e-01,6.000008356211076199e-01,7.266800945208854445e-01,7.265552263302896829e-01,7.330469060395929937e-01,6.051432746868055101e-01,7.507713057688237823e-01,7.304233800172984514e-01,6.328219040058528089e-01,6.997608859555842775e-01,7.311419629579595236e-01,6.212342339303387195e-01,7.762351936574456435e-01,7.045633831005190251e-01,6.851380212777217205e-01,6.342690286927372689e-01,6.677932969529393192e-01,7.165419360408669114e-01,7.496847052805322154e-01,7.214802915522547933e-01,6.193286684163528122e-01,7.233053519319795344e-01,7.335933262855295345e-01,7.900254664212513767e-01,6.475905790028871900e-01,7.014438729956278262e-01,7.118394084294156210e-01,7.193269785211791056e-01,7.341156796270958962e-01,6.831000688677494326e-01,6.671239212894661819e-01,6.863585588919881575e-01,7.374733787908949179e-01,6.372294677721738188e-01,6.433104349388898413e-01,7.628100958427079803e-01,7.845228893944983239e-01,7.398871478825419512e-01,7.642473947367933729e-01,7.589977577630663275e-01,6.273089554789457178e-01
6.969361242029065151e-01,5.988388266153557016e-01,5.993939569738396811e-01,6.107455611647034655e-01,5.417628490918435791e-01,5.778048155476718239e-01,5.287806005684262400e-01,6.617702505895411980e-01,4.798569893097897054e-01,5.047107565496858905e-01,5.512151202124245808e-01,5.346632310357414264e-01,6.501749687731351868e-01,5.453004716365545956e-01,6.221126144729506313e-01,5.903140475648249730e-01,5.903167241976932100e-01,5.361212193248545699e-01,3.645863096350685506e-01,6.323637667870521950e-01,4.817058738334062951e-01,5.569782201364905649e-01,4.659517959379417817e-01,6.023890829199710639e-01,5.327278456274807672e-01,7.178870370115576494e-01,6.286888442017810608e-01,5.920779335804280397e-01,6.286411741530276709e-01,5.542579016204018938e-01,5.391529094817018031e-01,5.852683602773137705e-01,5.406410879104025513e-01,6.640553339988272130e-01,6.232599652469944518e-01,6.208823207622958806e-01,6.412945559164857645e-01,5.714994496415510827e-01,5.181492207477121914e-01,6.698812559046907200e-01,6.367833882939579748e-01,6.097301272793479443e-01,6.651616621547628005e-01,6.730519493778486240e-01,6.430925050433451418e-01,6.297660696967821714e-01,5.697767477342099429e-01,6.650188124029414727e-01,6.734435970846502917e-01,7.441688801619594784e-01,6.769224373902466008e-01,5.881632854717497860e-01,6.355247904613291476e-01,7.593777656490460215e-01,6.433584584044959032e-01,6.531928855676849555e-01,6.375468198101336137e-01,6.823738413045584705e-01,7.509768782237319362e-01,7.542145584961202909e-01,6.628914164575285817e-01,7.506893449692351172e-01,6.757700178421093273e-01,7.220144947226926346e-01,6.844934321399119836e-01,7.148350625320510909e-01,6.624667424523807968e-01,7.305491054249582117e-01,6.456461418601138202e-01,7.113978753339810224e-01,8.230976901192118556e-01,7.395149580611360962e-01,7.341033263513864204e-01,6.699903713827908280e-01,7.048702458945984572e-01,7.605795784944694438e-01,6.838187347693513995e-01,7.423692461646210772e-01,7.070321489082711519e-01,6.784911228023874363e-01
5.499812739523790572e-01,5.651420611718729337e-01,4.588161189056943479e-01,4.995273969179325202e-01,5.977027435629143071e-01,4.855208917409805647e-01,4.918746618229432599e-01,5.914418295798193892e-01,5.237625437128430317e-01,6.456860810774678328e-01,5.837776618995242917e-01,5.840086023101916934e-01,5.353513689227218375e-01,5.521298725319042644e-01,5.469736009926330356e-01,6.697994048471059836e-01,5.786964469624782392e-01,5.674580157709915307e-01,6.446374602385968045e-01,6.018784420683578329e-01,6.703902456634264206e-01,5.883512778559467638e-01,6.103345173936077783e-01,5.703034773955512060e-01,6.126968535294678997e-01,6.107842308889279703e-01,5.809594727165400263e-01,5.315550234316274159e-01,6.193962720815194833e-01,6.038136566683223183e-01,6.487896986115682108e-01,6.547934306031376606e-01,5.203865153424067636e-01,5.880262634944164457e-01,6.151780974679315062e-01,6.473297102814127291e-01,6.624952133271474475e-01,7.540551153962642417e-01,5.883451845181005835e-01,7.310391899696200291e-01,6.564970395590630226e-01,7.495625992170932284e-01,7.129289132313429977e-01,5.685039339128593605e-01,5.942415786924500898e-01,6.479442491729048292e-01,6.823020228781283558e-01,5.682775402926810715e-01,5.467349849923459626e-01,6.257640591131620189e-01,6.908530404374852996e-01,6.738535720490101966e-01,6.641784824005461108e-01,6.596087072235456983e-01,7.364401734870958949e-01,7.610099989014927901e-01,7.604845980944596739e-01,7.121979982670132436e-01,7.762126124704187280e-01,7.191323372966827998e-01,6.832459205163968763e-01,7.640029133000191264e-01,6.946423666902925564e-01,7.120053278204948599e-01,6.704059652364910971e-01,6.676224500579618359e-01,5.958594472259918229e-01,7.213771579146448509e-01,7.061930486535399343e-01,7.624418528309165888e-01,7.629125125994580259e-01,7.186142149609090479e-01,7.052457203593375246e-01,6.104485249250489742e-01,6.080977313387462280e-01,6.954158106515768711e-01,7.063998207008134189e-01,7.232987705247967414e-01,6.084188292134639076e-01,7.362596870023824236e-01
6.587199610693842411e-01,6.025522880183472596e-01,4.992994938471085886e-01,5.997707588821838964e-01,6.237219800863391672e-01,5.430924721046056503e-01,5.418582424465121505e-01,6.552097735257280675e-01,5.540733134008563043e-01,6.475654585432178978e-01,6.239926466768321855e-01,6.137197579391951985e-01,5.106758037061802646e-01,5.856353795574509302e-01,5.258803987586544437e-01,5.641028724166160524e-01,5.620095519052950017e-01,5.649231395646422405e-01,5.621677527510121619e-01,5.837014888242114674e-01,6.756004472027251628e-01,6.077104578960319525e-01,5.150116268446061074e-01,7.134876857125369565e-01,5.924774493732761771e-01,6.526314268584175737e-01,6.492924761215174145e-01,5.648508520337683914e-01,5.293804373737241997e-01,6.511583913085581266e-01,6.416441707640688774e-01,6.102833544807819699e-01,5.679548801613717446e-01,6.994995479916884529e-01,6.213377640563803039e-01,6.631460581681795086e-01,7.333016169548033369e-01,5.873361362735317615e-01,6.913718607272320016e-01,6.518114706460941266e-01,6.778704325713523771e-01,5.490924334406710461e-01,6.670475948717613512e-01,6.871412102926772736e-01,6.704965420534302334e-01,6.048895086070907867e-01,6.340916272639316453e-01,6.632307926240923468e-01,6.265502112769800735e-01,5.766413515603425743e-01,6.439342887216346067e-01,5.613775504260392069e-01,6.854950245452083868e-01,7.324105480070703944e-01,7.055118782591200954e-01,6.876954292945207659e-01,7.960255314601447640e-01,7.045586485985545488e-01,6.528986872261982599e-01,6.843622127164462610e-01,6.769508800803361037e-01,7.619594400178388849e-01,8.352793644497048531e-01,7.753815054645919469e-01,7.803930763801394388e-01,6.914476650879468611e-01,7.529363839154261662e-01,6.880808128806320534e-01,7.401882988987144030e-01,6.583283631754389686e-01,6.969293988452012201e-01,5.772938374940502770e-01,7.735137347441185529e-01,6.539577217491384653e-01,6.558915540006468037e-01,7.994221539995322034e-01,6.288857404467462775e-01,6.685122121478307422e-01,6.478175903953087289e-01,7.632105697776784270e-01
5.531319379874386488e-01,5.619815961350815847e-01,6.284831739897936975e-01,5.043591129810185425e-01,4.981553414968954985e-01,5.815038916981578598e-01,5.837878036959839312e-01,6.278713548462901972e-01,6.185837768581201601e-01,5.151200356652151369e-01,3.960877438747223422e-01,6.168817842343312652e-01,5.689896340896497540e-01,5.611587425645687688e-01,5.985187582082011071e-01,5.813047053716544621e-01,6.388546925837201851e-01,5.930556630435004362e-01,5.425149300196541180e-01,5.759379216411194546e-01,6.058843924863553942e-01,5.370163695737464327e-01,4.850202029192522968e-01,5.629607348816771939e-01,6.039779966513291187e-01,5.575383130800404263e-01,5.857807491229077845e-01,6.345163630530037402e-01,6.025942136156037243e-01,6.079578936351239804e-01,5.155869774370047676e-01,6.838365460571639298e-01,6.398204555641160418e-01,6.671091599129732597e-01,6.362360155019682884e-01,7.248505496040759111e-01,6.236034309549735033e-01,5.312368953354711376e-01,7.194384710816248418e-01,6.536958731922789534e-01,6.172107302103891913e-01,7.394690249516696623e-01,6.978003186832137938e-01,6.092272776335422302e-01,5.600231892803914091e-01,5.902104191801309518e-01,6.619653205363251747e-01,6.248274721267409459e-01,7.469819920757527765e-01,6.260417889429265026e-01,7.673736829918654800e-01,6.477486559796820087e-01,7.189253287533746706e-01,6.837378599522812017e-01,6.625159755501948133e-01,7.461835878043961978e-01,7.124057139473279898e-01,6.024538722338806940e-01,7.301118659163009506e-01,6.854722969453620474e-01,7.521769200026919844e-01,7.183277168587292039e-01,7.200816167228250020e-01,8.049593314908018993e-01,7.287575112236698294e-01,7.405757314697484217e-01,7.012510015216725234e-01,7.678853221521408923e-01,6.849376816698115045e-01,7.763108370687418214e-01,7.220952872511918752e-01,7.419719175054031446e-01,6.860035693823891556e-01,7.092962628617645038e-01,7.077377681369261264e-01,7.003821452993239660e-01,7.002467570062607116e-01,6.849259978088372280e-01,6.743133576352369207e-01,7.255386649986143022e-01
5.413505574516102037e-01,6.259580006877729641e-01,5.363253429851970733e-01,6.165720201820603652e-01,5.552028029979593216e-01,6.636302686251249749e-01,5.740835065653671077e-01,5.031933155131945723e-01,7.070368520354436415e-01,6.026422343671000714e-01,4.929179567420364783e-01,6.229854398564368401e-01,5.858525328201659166e-01,5.266546648614317538e-01,6.047975565839783796e-01,6.225830921299134735e-01,5.210107376575060512e-01,5.955409998474969768e-01,5.632292795307267674e-01,4.842311635517258517e-01,5.686656666426448403e-01,5.988274573023731895e-01,5.989069848381444183e-01,6.129131375671267312e-01,5.119829126708579370e-01,6.316729856590840297e-01,5.286090550871632709e-01,5.849991324469331344e-01,4.644161771442595898e-01,7.270460322127820785e-01,5.335297824845975923e-01,6.319295566179979895e-01,6.538533756447859613e-01,6.925465096919304342e-01,5.269078502971297207e-01,5.700231893641142245e-01,6.383354288641491792e-01,7.042769550119133415e-01,5.778811885685470884e-01,6.444064533529852978e-01,5.562120805163527359e-01,5.924114970678151515e-01,6.712519205328475458e-01,6.222628950475590504e-01,6.460787921215042084e-01,7.303883636752935837e-01,6.618904318096616723e-01,6.725804678410630677e-01,7.303043572637768488e-01,6.911241032599902967e-01,7.024256064433948010e-01,6.138165161788794455e-01,6.724723682435794769e-01,7.751795181703541315e-01,6.265310570587738770e-01,6.407202150540014518e-01,6.104206878435662897e-01,7.300165934935877177e-01,7.416178675412286037e-01,7.596322303693096023e-01,7.207894978462798807e-01,7.510018774290172505e-01,7.515549344127762099e-01,6.478636785686349153e-01,7.763373147615033609e-01,7.175998423741325460e-01,6.766473902877467861e-01,7.503901507970688334e-01,7.989604139315347187e-01,6.816379152969705979e-01,5.909105929506950350e-01,7.172399736973464890e-01,6.307439616797516635e-01,6.850569621347496474e-01,6.657560138854654586e-01,7.387336186559797513e-01,5.704352067629904210e-01,6.430682249535796258e-01,5.058151764259032346e-01,6.339429034539084684e-01
6.400892461378557829e-01,6.340212643144161886e-01,6.359131064053102911e-01,5.031461121522508018e-01,5.659449365613287153e-01,4.621171728850231863e-01,6.249870990814920813e-01,6.427560300154414596e-01,6.903613745021579540e-01,5.765918763691303406e-01,5.721680807944660163e-01,5.622006709898575982e-01,5.807462304013403243e-01,5.916304430463417141e-01,5.216324332518758045e-01,5.033059264674795141e-01,5.363345631169217365e-01,6.157384731575418213e-01,5.561374376917064266e-01,6.290727000806384250e-01,5.951656702448379077e-01,5.191146995020600174e-01,5.832107514445099561e-01,6.098424273752344194e-01,5.512079471654517393e-01,5.746145765631198721e-01,5.753646006966373072e-01,6.367456235391438790e-01,5.792916927831254226e-01,6.491627565524697996e-01,4.989319428302488868e-01,6.405600790974624870e-01,5.895574197660679028e-01,6.307006668717749509e-01,6.736831433194211405e-01,5.260578326930814841e-01,6.438094923994835961e-01,6.218517376422796339e-01,5.240048078239954998e-01,5.522809524057447073e-01,6.138696117678068553e-01,5.800563239993967724e-01,5.921616380277068270e-01,6.053303531159338613e-01,6.358781453744876133e-01,6.834118411165379658e-01,6.661313202552049395e-01,6.422196630400467399e-01,6.975915906003251621e-01,6.270834210449455215e-01,6.881927724416105896e-01,6.359938620213865246e-01,5.688400306906625792e-01,6.038382338791871140e-01,7.366790021617450890e-01,7.690748605754069711e-01,6.808094306046883482e-01,6.802576091112482182e-01,6.500288895651409327e-01,5.696177957938063363e-01,6.674256402679400457e-01,7.197791027913739148e-01,7.078149288333680511e-01,7.472592956487859039e-01,6.796301454324764624e-01,7.936899742271220637e-01,7.197475516433716747e-01,7.134220062902832948e-01,7.365883360278489000e-01,7.295412491725689064e-01,7.998299826974190063e-01,7.558063260069061151e-01,7.964061196571596835e-01,7.642918241453002803e-01,6.555791621286733983e-01,6.730155082982532955e-01,6.420940990609946830e-01,7.606317849811243814e-01,8.055733823853123976e-01,7.950751405268922101e-01
6.588370871467729151e-01,5.915079378048685443e-01,5.158750995631964376e-01,5.886162066465284726e-01,5.050560825250303143e-01,5.342900993581136682e-01,6.429758875442799226e-01,5.226701309376149407e-01,6.310383130103475180e-01,5.893208865180523670e-01,5.566662883178687959e-01,5.788850998545114201e-01,4.557369305733769971e-01,4.636287950059581053e-01,6.530623806498889738e-01,6.364035825517773137e-01,5.705448008031108742e-01,6.283823930812471037e-01,6.012912063348025971e-01,5.742024427240205453e-01,6.155524345784666451e-01,6.033168568115837571e-01,6.403543122740559257e-01,5.635566091374731856e-01,5.908025238391390044e-01,6.769513802371401878e-01,6.619231747458260706e-01,5.892857350375451109e-01,6.555308764810796607e-01,5.073457307778201919e-01,6.017709036036135162e-01,6.359357661557142327e-01,6.498209421806142583e-01,5.771970970243379684e-01,6.077925844728380156e-01,5.348334911579464279e-01,6.377825983087642703e-01,5.297939151238062472e-01,7.402112327741445785e-01,6.033152188566076601e-01,5.741784988373190846e-01,6.848482530864845597e-01,6.328671907861700419e-01,5.724845855021337693e-01,7.040065212515360660e-01,6.991520786022970002e-01,6.827886889184636710e-01,6.382815991014597623e-01,6.992307888159359219e-01,6.062487711638013810e-01,6.869895940971841863e-01,6.482943795786391128e-01,5.805978015219305233e-01,7.293773066438177244e-01,6.886136986444633123e-01,6.347094091092405632e-01,6.456169453144818826e-01,6.943271457359528886e-01,6.998825066409095630e-01,7.454448262999701091e-01,6.980253990648749296e-01,7.163516117325402499e-01,7.123018897237282099e-01,5.835495648850607120e-01,7.588573440221118016e-01,6.666476150336145823e-01,7.904697980439185923e-01,7.809530067567448386e-01,7.192477849843619264e-01,7.922453483258315998e-01,7.216458795162628004e-01,7.658175744155438780e-01,7.575926775323663653e-01,7.203430293268706652e-01,6.945885988756071994e-01,7.132021393373687568e-01,7.325200463810837004e-01,7.152714995593605352e-01,7.296411190807906566e-01,6.303376823294308817e-01
4.349974706599641361e-01,5.412194669862255836e-01,4.341207161531077663e-01,6.176554559765405905e-01,5.549949617696015025e-01,5.751539091196617992e-01,5.377022153258746995e-01,5.138833858247203734e-01,6.316900157585825237e-01,6.316394784646579552e-01,5.540615995252782255e-01,5.890404928647290372e-01,5.759118400143085070e-01,4.914213318200222336e-01,4.449631826416994840e-01,5.145983040627253313e-01,4.961156467459563735e-01,5.898576652187782488e-01,5.754650144326181049e-01,6.521261064672635444e-01,5.586807352622470413e-01,5.918660343476525032e-01,5.458166067839468338e-01,6.934604879744817874e-01,6.024752239327376691e-01,5.849590112470455239e-01,5.886458501112573627e-01,5.633037723702519761e-01,6.397173359989331010e-01,5.589112020531071812e-01,5.772439989665437698e-01,5.850388969363398139e-01,5.786071022359370319e-01,5.668784707601216555e-01,6.225704191061713910e-01,5.684474551249404373e-01,6.485277393995484418e-01,6.340420489423587158e-01,6.461876716055174885e-01,6.663248029214433599e-01,6.514819352382251738e-01,6.481374536237445305e-01,6.107523891271458005e-01,6.803708062481818031e-01,5.940433850867959942e-01,6.174237876729813390e-01,7.246982763946547834e-01,7.599853482534795202e-01,7.383812466211961967e-01,6.769742503459084126e-01,5.759646990953423140e-01,6.241574308075353850e-01,6.887337939074472670e-01,6.700922835582722170e-01,7.625882942603409154e-01,6.070150318352001140e-01,6.524835388638094980e-01,6.833752100870446045e-01,6.552816584150574775e-01,6.592042655278321783e-01,5.637717352380025027e-01,7.058691621047527009e-01,6.880317499587819130e-01,6.375511500765950190e-01,7.012062814801508503e-01,6.725699804864050391e-01,6.253853373723949893e-01,6.815409384508105406e-01,7.034692580630588221e-01,7.299960594622807442e-01,6.987306107221826768e-01,6.656791644879194170e-01,6.325407218539825793e-01,7.322272950735003727e-01,5.815082921294526530e-01,8.040393415535597166e-01,7.217304776275242917e-01,7.465120633578641307e-01,7.370251690578233372e-01,7.316612388704050174e-01
6.951605221008075874e-01,5.156232724666568457e-01,5.517771633587662539e-01,5.764585432477820071e-01,4.900342849408995116e-01,6.082616873348704045e-01,5.805227918383646379e-01,4.935799880140329665e-01,6.035658171972166919e-01,5.998580616931667997e-01,6.074499554953874947e-01,5.302909648997232717e-01,4.121614055592527914e-01,5.351909797501801513e-01,5.916293466890362174e-01,5.954596522161487160e-01,6.997687152656706377e-01,5.010273304135478556e-01,5.289219511998534129e-01,5.493495025201947657e-01,5.815732545053098335e-01,4.430949246404374819e-01,6.435835965042876472e-01,7.306876298699155337e-01,6.454340536938237838e-01,7.078814595966671508e-01,6.591955793184151036e-01,4.934375246919148750e-01,5.216028386212856471e-01,6.150558300089649100e-01,6.128363256306883500e-01,5.092862464532023070e-01,6.170658233943409066e-01,7.064197020664647608e-01,7.297696561329216625e-01,6.719301782210662655e-01,5.953451395996581796e-01,5.272259685133172669e-01,5.730612321238789386e-01,6.634134622732315023e-01,5.504965629337633670e-01,5.894800099694711415e-01,5.950478250293251836e-01,7.065502886471296540e-01,6.580883676962869799e-01,7.530643041252241821e-01,6.841356358786072622e-01,6.873654606681997015e-01,7.069731550682614163e-01,6.570269868389982948e-01,6.757341382669430629e-01,6.882418353480050932e-01,6.572246795118090734e-01,5.649362071391281770e-01,6.220873274566112165e-01,5.886311373132482316e-01,6.397517694195876681e-01,6.859360372681266860e-01,6.148459777866804865e-01,6.847286370705194525e-01,6.862181955933484012e-01,7.373778874493603919e-01,7.044817364480706612e-01,7.459991103947783975e-01,7.747471946233062123e-01,5.883649295946892233e-01,7.110420757340649711e-01,7.007117497890882341e-01,7.238360333493631948e-01,6.919083012375080166e-01,7.413047312073243189e-01,7.043360064242653040e-01,7.494352674408427673e-01,7.769317029708323608e-01,7.754116682638841906e-01,7.129888394446175504e-01,8.076225389310326408e-01,6.578204474407686186e-01,7.451440210587082502e-01,6.176187417140047708e-01
6.336822557098232833e-01,5.970243802395546195e-01,6.225573126888395148e-01,5.923170576749392513e-01,6.262366901450634460e-01,5.918114479742142553e-01,5.855219961332132073e-01,6.114179162277497692e-01,6.518821485532112492e-01,5.836897309023548752e-01,4.754743074205041720e-01,5.731250129666637383e-01,5.226482292704407451e-01,6.683726913887787502e-01,5.766772699236040189e-01,5.545055840778475575e-01,5.243615619434225383e-01,6.149168792388388649e-01,5.554407297649164299e-01,6.490993831689007010e-01,7.387736027520998006e-01,5.402544491312173403e-01,5.605456662877210672e-01,6.584333778943327609e-01,5.654849768049907688e-01,5.193501242643587812e-01,7.237442887853915430e-01,5.876043645981432473e-01,4.916898349137935331e-01,6.561126886321339002e-01,6.276785872501817742e-01,6.434315915380082185e-01,5.411582756880266576e-01,5.668473249311263285e-01,5.787219453087879550e-01,5.787308327530549246e-01,5.884517332828234082e-01,6.859814915062603102e-01,5.754512574790775492e-01,5.638546910569746107e-01,5.824498709167514887e-01,5.784740714483287416e-01,6.205494321587744500e-01,6.367974309867058258e-01,4.727691608610307683e-01,6.427282931139898237e-01,6.400250500166051459e-01,5.155677320371964134e-01,6.100652019594658970e-01,7.234474038529975504e-01,6.386306570583799580e-01,6.410432985060140476e-01,6.661941968030865580e-01,6.306685422629451088e-01,5.834986424064979582e-01,6.915558647680403181e-01,7.297440010346322170e-01,7.078854274724161177e-01,7.205239694950696938e-01,6.517607107857084081e-01,7.084738503765816153e-01,6.030259632753044441e-01,6.486278550320068170e-01,6.521691579359603086e-01,7.588142088234398619e-01,7.195162739454414869e-01,7.242668142022089528e-01,7.073538205787569533e-01,6.714277077849062358e-01,7.645057266045764965e-01,7.550931710179161760e-01,7.184440140217778215e-01,6.709231925246879058e-01,7.330526955297904657e-01,6.881696762767323117e-01,6.926626335705032833e-01,6.982928888789599053e-01,7.123665543099738651e-01,6.300900332142755911e-01,6.883736385552204906e-01
5.502217143548181477e-01,5.689541748346317318e-01,5.383269468004957536e-01,5.086529940735041722e-01,5.154024429071047964e-01,6.369436109401799273e-01,5.941389070229189384e-01,5.668497996097230374e-01,4.767058151916474529e-01,6.628225203540121235e-01,6.225627251618727209e-01,5.360270750748610258e-01,6.541507566420119435e-01,5.774270841566907508e-01,5.250896846244004212e-01,6.456046506526269546e-01,6.921207406682108321e-01,5.279734660295711812e-01,5.775499055160955297e-01,5.950835737274111636e-01,6.731098599604383725e-01,6.151578923462522885e-01,5.540380016507199246e-01,6.103405517122705293e-01,5.170010145946772884e-01,6.503930372633308643e-01,5.786415455099630512e-01,6.121345529468893432e-01,5.569717308427893920e-01,5.140930357279390739e-01,4.593099140815602444e-01,5.974588293841276432e-01,6.684658726786509853e-01,6.148352943187642694e-01,5.717747549450795663e-01,4.997509037122273567e-01,6.736326802580969719e-01,6.418549893395483208e-01,5.632400560848646043e-01,5.684365936929179908e-01,5.805704395425407283e-01,6.511918186473929504e-01,6.326371798815063618e-01,6.722661717840795470e-01,6.078588105355101634e-01,6.366541062533449535e-01,5.840505895168477402e-01,6.360785809448353811e-01,6.425726546857999377e-01,6.187383924261156132e-01,6.043337487141131614e-01,7.265426162005043098e-01,7.109311116304243283e-01,6.021933534516590303e-01,5.396928745333290367e-01,6.721282164484029265e-01,7.533432127197710049e-01,6.834169915136517615e-01,6.919211490545875698e-01,7.347155627311157122e-01,6.618953081511240732e-01,7.111882964529229190e-01,7.053730279400339809e-01,7.227518676820304799e-01,7.053947647265008669e-01,6.760108871871622904e-01,7.136146113588774931e-01,6.922989197046178766e-01,7.159455853608375220e-01,6.744841486179048440e-01,7.584106331120278321e-01,6.403005740657139455e-01,7.407806517786856837e-01,7.141805066143738223e-01,7.169066039611146079e-01,7.444866052831643488e-01,7.467852326165433929e-01,7.002296950432350675e-01,7.566507638930924928e-01,7.877524692770310200e-01
5.673397612196658946e-01,5.226981344849346289e-01,6.246747513649437700e-01,5.586997609291519673e-01,6.787669433798921848e-01,5.353395710182149436e-01,6.860437039167094353e-01,6.186400323397172052e-01,5.283918388712377512e-01,5.982370654024639078e-01,6.207643382753009753e-01,5.302245226417094948e-01,5.928312187887702089e-01,6.216643722135327677e-01,5.522205199894197891e-01,4.689645930701101806e-01,5.640785605342308884e-01,4.633795274237677564e-01,6.023622917157480661e-01,6.500670710524532048e-01,4.805850798767247190e-01,7.444208719653550022e-01,4.824448392910020145e-01,6.277265042622963698e-01,5.785697047475945043e-01,5.037976954868513824e-01,6.620114186703415227e-01,6.262213018628094430e-01,4.594183232472229261e-01,5.472316007035227248e-01,3.878034569797622622e-01,5.585640546035400833e-01,6.592879016027333172e-01,6.811804504433500718e-01,6.483523901028824810e-01,5.038411881716218232e-01,6.156180424365779169e-01,6.822134950761500338e-01,6.116556142894019610e-01,6.789429401906986739e-01,5.369218802112551980e-01,6.109789123132016719e-01,7.128128641499505980e-01,6.055364559188889384e-01,7.589795151433276210e-01,4.989675369551125339e-01,6.979168418256609385e-01,6.043639074240131359e-01,6.313989614273399775e-01,7.043567467945924809e-01,5.227650351333098522e-01,7.171149365891130723e-01,6.138064185773969283e-01,6.468897079452502474e-01,6.314054020837940318e-01,6.530824653079935205e-01,6.666460052503591083e-01,6.235392167569461241e-01,6.636956553313333451e-01,5.662829396535474791e-01,6.582811942904831515e-01,7.118037840064712629e-01,6.979561091691917074e-01,5.326519286041633272e-01,7.279237916543633835e-01,7.080560866510936524e-01,6.888741008182255321e-01,7.019223139959910318e-01,6.917480070621574439e-01,7.155717057382678936e-01,6.469824297439399352e-01,8.107877307444817383e-01,6.740156636921172950e-01,6.507726376789036982e-01,7.515139842129568981e-01,6.967001340264447062e-01,6.546880993453647601e-01,7.585924179225339570e-01,6.865080127578759850e-01,7.617673462338783175e-01
5.872229623060664094e-01,5.180743741011749615e-01,5.400309594587910933e-01,5.513193233300517360e-01,5.337030382372014436e-01,5.682578084327036816e-01,5.537727016166513749e-01,5.874141365824981920e-01,6.233384659592261512e-01,6.402737259091885180e-01,6.162090280573420120e-01,6.053635561715242641e-01,5.986947819808305926e-01,5.723366009973903656e-01,5.880363256749863154e-01,6.329885966869066571e-01,5.610301097053576047e-01,5.841234401515863484e-01,4.994541180973527950e-01,5.386335102999927349e-01,5.533080934522272010e-01,5.258994154420890688e-01,5.882015332486176806e-01,5.935773186126486189e-01,5.256012903921888357e-01,5.674457524731443270e-01,5.935393682481179267e-01,4.720184541647859944e-01,6.633000799072739095e-01,5.960216332508426751e-01,6.906916326918334237e-01,4.898614856211450097e-01,6.348235586298777156e-01,5.383865436085347733e-01,6.790114341385080632e-01,6.747877560292893095e-01,6.308445528813015901e-01,6.132315807732777735e-01,5.812593042896935236e-01,7.221883677656047995e-01,6.709841401270794092e-01,5.817302128670576167e-01,4.962197484471232434e-01,7.441007654971391050e-01,5.411859954907984882e-01,6.715829851341025281e-01,5.895342019219017571e-01,6.970434665733846735e-01,6.258284621859709906e-01,6.528524625163208972e-01,6.018293762877841013e-01,7.824730349063913071e-01,6.336825152683575046e-01,7.370202999659388743e-01,6.662872301011700804e-01,5.664072013187338994e-01,7.280986777274415234e-01,7.133577891800666482e-01,6.506907294943171660e-01,7.573552874434728022e-01,7.555624275538218582e-01,7.179325723781286861e-01,7.063279966061485338e-01,6.602265546124481688e-01,5.435222071375547248e-01,7.331416026384878215e-01,7.796718267136888425e-01,7.425307458361534163e-01,6.779557631332309153e-01,6.492755717618229339e-01,7.684547566570848476e-01,7.519832618096684573e-01,7.543397026677864936e-01,6.180101823005795803e-01,7.127268815698423188e-01,7.933570496234438885e-01,6.855708715492156990e-01,6.847476627343894728e-01,7.035456732022483672e-01,7.890493696920581890e-01
5.947943164266258353e-01,5.541833596376553039e-01,6.477350704322383246e-01,4.410154254994377854e-01,5.677236805467082981e-01,5.697194818053675780e-01,6.053275383351314209e-01,6.060303478031908719e-01,5.733842372619967209e-01,5.733056498054657224e-01,4.939563314434053387e-01,6.160730429179056555e-01,6.075778292055561414e-01,6.484752806611397968e-01,5.572089328207898706e-01,6.100181544327750727e-01,5.562919492362875529e-01,6.821317411050960011e-01,5.708352407151036090e-01,6.329456876370705976e-01,5.899274036922915743e-01,6.269848506013084855e-01,6.238876420024599412e-01,5.493147225954277957e-01,5.174801135528607210e-01,6.911667759629283037e-01,5.984528727275949533e-01,5.039409809721256961e-01,5.663935753398248174e-01,5.553096039919233062e-01,6.202440285671572129e-01,6.752639637632842362e-01,5.971704744550553334e-01,6.302328715231577672e-01,4.523565156455623959e-01,4.486013128175107001e-01,5.021301444096708533e-01,6.359016742718496262e-01,6.130079616385775143e-01,6.426977887312027571e-01,6.925937958718336729e-01,5.833019081194595890e-01,5.579753681183892144e-01,6.035276573951749990e-01,5.657714084324099169e-01,6.034158753506759787e-01,6.348702543713968804e-01,6.504769514407299225e-01,6.687714040447377828e-01,5.741463671042925654e-01,6.982958481009897689e-01,6.231518629896876105e-01,6.035239973991932683e-01,7.326860226940509202e-01,6.963119070144135891e-01,6.661319526788962442e-01,5.618639228407200648e-01,6.895697090464328882e-01,6.641218565605161439e-01,6.496347199751898449e-01,6.748775238443481816e-01,6.501361225525577048e-01,6.576152628416825907e-01,6.463940375743830735e-01,7.016046411045402387e-01,6.728977812880679865e-01,7.207639294098691085e-01,7.695517730294145764e-01,6.729464677878292944e-01,7.440721576445030738e-01,7.259295499853781752e-01,6.743807884363437477e-01,7.596282274194471329e-01,6.072127386070671484e-01,7.469525276744756193e-01,7.103502913547991016e-01,8.248814418630988632e-01,6.308508675800564847e-01,6.533063541649019035e-01,6.053208625924475506e-01
4.968157194912463104e-01,6.495248772646536883e-01,5.707229233384907285e-01,5.209768156460009569e-01,5.885185352574068274e-01,6.018583717188030757e-01,5.865834648738776913e-01,6.222902328491290991e-01,5.223939014761836974e-01,5.834120774583643199e-01,6.071313153493084203e-01,6.207790719732053653e-01,4.862644468893522753e-01,4.473945052828820490e-01,6.121945365500172098e-01,5.080406974456123104e-01,5.041145203785218909e-01,5.588944884446969130e-01,6.559962223643939216e-01,5.564793085615317159e-01,5.260038029978894025e-01,5.837829459177302782e-01,6.096859063950994528e-01,5.197800389634644747e-01,5.008491104096677304e-01,6.003834903043505644e-01,5.019128328320557886e-01,6.028293046142498834e-01,5.872314289745043103e-01,6.340674296999961879e-01,6.452200261311457075e-01,6.623966727735647320e-01,5.967851924866016677e-01,6.220606877335126406e-01,5.931823759979966137e-01,6.864448467033599233e-01,5.979845211515943948e-01,4.422687946035598339e-01,5.879820639682350469e-01,5.890140419962819340e-01,6.477687424146765238e-01,4.717057986467356745e-01,7.197897475565880887e-01,6.262297512839342106e-01,6.165018569807195759e-01,6.049650046188120855e-01,6.626671596139587228e-01,6.086606887857549664e-01,5.580606527724839561e-01,7.227377527209255526e-01,6.346223811084334976e-01,7.098763983889243567e-01,6.507617500243372266e-01,5.797355373995267680e-01,6.281425389766097656e-01,6.220619387629896524e-01,6.582822559285904651e-01,5.808405659239009866e-01,6.945638813414543034e-01,5.996644194038048825e-01,6.353988591484145410e-01,6.102058841794396615e-01,7.391986443738393087e-01,7.249977505653535381e-01,7.076882534912783962e-01,7.206264111048089616e-01,7.640993283353234578e-01,6.557230903571754643e-01,7.038715331688962795e-01,7.632736599443303849e-01,6.849751193532485072e-01,6.864962557836763457e-01,5.801889645578898191e-01,6.531496660986693126e-01,6.618334634125228044e-01,7.500499383526774144e-01,5.919658958748037492e-01,6.721521989668813868e-01,6.951125296493487760e-01,7.096652887527691300e-01
5.797247467934528720e-01,5.112263368061601421e-01,6.047083890953405261e-01,5.395642337065374994e-01,6.007680897186747915e-01,5.360073163053954426e-01,5.327235343144268720e-01,5.477720488315153125e-01,6.796550657819282470e-01,4.723284609288254665e-01,5.096610189501968868e-01,6.050046706943427166e-01,5.242297673104517886e-01,6.721159223751189682e-01,5.680310579603824461e-01,6.527194014978969783e-01,6.053334016599929424e-01,5.841505894922166542e-01,5.606981273366022922e-01,6.256750800572323801e-01,5.770361078990690062e-01,5.647285474486699597e-01,6.526769786810910912e-01,6.182763025524338207e-01,4.897102323189009287e-01,5.035310511164127201e-01,6.246286696301305286e-01,6.264478036923115667e-01,5.584037197622172544e-01,5.718302053963230103e-01,5.813550683348917003e-01,6.802051543735985195e-01,5.790870000000325479e-01,6.025293715015781482e-01,6.446460011449473004e-01,5.713542486696306932e-01,5.530877036551190562e-01,6.221264420088795655e-01,5.998412844944016609e-01,5.827551566924590309e-01,6.925424115166670669e-01,5.021602756330374451e-01,6.640544992713973693e-01,4.715823633230629142e-01,6.326797549230455120e-01,6.859189980548872079e-01,5.003810630212613964e-01,6.669640002846271010e-01,5.441431744278319993e-01,6.375594800321727762e-01,7.064295246019935970e-01,6.682421197880960007e-01,6.857175224331079066e-01,6.627626642328189321e-01,6.176255398589651779e-01,7.183543221400428003e-01,7.967128675059861331e-01,6.553529032632224860e-01,6.394585680213480394e-01,5.950772583137270422e-01,6.351471478816717031e-01,6.034739558844128826e-01,6.915372573363743891e-01,7.236214963572565884e-01,7.991660071884708616e-01,7.314805916184873302e-01,6.939521232357244163e-01,7.104618059349085968e-01,7.096924607975078070e-01,7.238743046664076752e-01,6.614491019213599721e-01,7.018510505391336585e-01,7.505661305662130189e-01,7.181799623624827156e-01,6.741611650283395596e-01,7.966459002118012611e-01,7.260544904847777703e-01,6.740822824792808143e-01,6.757880495641448437e-01,6.752727584651648796e-01
6.553532674229018973e-01,5.779447657473443245e-01,6.075323170510238402e-01,5.460205962831187199e-01,4.968923008477035830e-01,5.655121396690849789e-01,6.267763772451458992e-01,7.089439682557447941e-01,6.210685008496790172e-01,5.969863056777294785e-01,6.822024347671357125e-01,6.757003824739086228e-01,5.988691759133983883e-01,5.586674981619111913e-01,5.668306176122072104e-01,5.913959491826802362e-01,3.724433587941884394e-01,5.649561084926677523e-01,6.593204467926573331e-01,6.442669777815592802e-01,5.360063292081478359e-01,5.854687876150502790e-01,5.935548926585031415e-01,5.641139630065922228e-01,5.526698477911088370e-01,5.703009012913706766e-01,6.087157328699934755e-01,6.337729878586253474e-01,6.160663424157275525e-01,7.080148970692277111e-01,5.228481973896010881e-01,4.141286140638321123e-01,5.487140664602093709e-01,4.752528479958453844e-01,6.433121367049862149e-01,5.831809772378697687e-01,4.930918367101074784e-01,5.431459583476895281e-01,6.591049347848548789e-01,6.141877302542630979e-01,4.967961623420640294e-01,7.185975358309698580e-01,6.135224233978041619e-01,7.247025995003861798e-01,6.875081162487892694e-01,5.453958912367028455e-01,5.728075565053694085e-01,5.613361796590152775e-01,6.024459265261646879e-01,7.243405210606279621e-01,6.433698431040855148e-01,5.892400322969693072e-01,6.554994135938146949e-01,6.908692821275929097e-01,5.410211914418162626e-01,5.107074383956887731e-01,6.871088558390234802e-01,6.098001471790021055e-01,6.655407761790229637e-01,6.940483676056911078e-01,6.857071627813744463e-01,7.014249753286398992e-01,6.796381034151062206e-01,7.250724573960642960e-01,6.629257097307277302e-01,7.333616923108722263e-01,7.480667322949225984e-01,7.231672204017779437e-01,6.685408860718348167e-01,7.425656685866433016e-01,7.136477082968366581e-01,7.065767204737717355e-01,7.941211584206968599e-01,6.858066386476057152e-01,7.095186436497427085e-01,8.331981156780936537e-01,7.573585776593360075e-01,6.595108456562964738e-01,7.298448380451997286e-01,7.008454985988160635e-01
6.389327973753531342e-01,5.409688487428511161e-01,5.215870404009125272e-01,5.855812153375213880e-01,5.553672765161651315e-01,6.390775922877875992e-01,6.005988737553045187e-01,4.978122058540346284e-01,6.131369866465600227e-01,5.959323445174675715e-01,4.833255375159368206e-01,6.168812159109154925e-01,5.895704764825528965e-01,5.491470931996556004e-01,6.853560551360838859e-01,6.236651436736763143e-01,6.879471125277343280e-01,5.408697405996147900e-01,5.856173853126229734e-01,5.588890301504061409e-01,4.957792307561121325e-01,5.668815536517629594e-01,6.045491879924870249e-01,6.134991764111145107e-01,6.370659240560322401e-01,6.240215859290547673e-01,5.656262608016309201e-01,5.373146208459718132e-01,5.788438073362965897e-01,5.334259201644340198e-01,6.323427283506123375e-01,4.977361625823464863e-01,4.674111137503248470e-01,5.708552093544321249e-01,5.678322848652990196e-01,6.061698918340980846e-01,6.476454499445604140e-01,6.683994997813580419e-01,6.725307019306895340e-01,5.265432612323308614e-01,5.436259312527180754e-01,4.527404734596242597e-01,5.104223219768213582e-01,6.668987112292839026e-01,6.309277372428195862e-01,6.279600276082177857e-01,5.232668941299434273e-01,6.907420696483231870e-01,6.382423625538394818e-01,5.461138716490546718e-01,5.368763590352393367e-01,7.142604523375168935e-01,6.350751980941332642e-01,6.431646872785992120e-01,6.352766742661736243e-01,6.552314342162139926e-01,6.797654778984986157e-01,6.559929092152821939e-01,7.643539528851127640e-01,6.298175017658192987e-01,5.869304699253120594e-01,5.991438976801285454e-01,7.588455456416363099e-01,6.462574798889022532e-01,6.194470567015751827e-01,6.653044738019604498e-01,6.735084136490686602e-01,7.264021455890012913e-01,7.033007686186968366e-01,6.509127302640925761e-01,6.792236863824162585e-01,6.767352730065071542e-01,7.043330838588458542e-01,7.263252930659291895e-01,7.160594739059289449e-01,7.030796186824357363e-01,6.690777670851112413e-01,7.232786127356678474e-01,6.365885470486408737e-01,6.342753865355752474e-01
6.595728930354884945e-01,5.578581407958331795e-01,5.633608456198598846e-01,5.778704190745470592e-01,4.045331808999547696e-01,5.471758571870035670e-01,5.159258825146711969e-01,5.331400072620401387e-01,5.822227874230208045e-01,5.434246241180159531e-01,6.519997697402485359e-01,6.840258188259051852e-01,6.515533409307507906e-01,5.766011686951408866e-01,6.042578719328971504e-01,5.585188844752099202e-01,5.083106130520941290e-01,5.868110125246892572e-01,5.414695531203244094e-01,6.069218100267913529e-01,5.388736752813778619e-01,6.120446540108874789e-01,6.894304509723814256e-01,5.554697626280173939e-01,5.326156926608615061e-01,6.215199079517688130e-01,7.006948479117520723e-01,5.217225995127542371e-01,6.472567344301919379e-01,6.190103640088653325e-01,4.994378022650090565e-01,5.663563227454567750e-01,3.962061562248907487e-01,6.772419248705071615e-01,5.808171844882930035e-01,5.176744906935462076e-01,6.166697743939323351e-01,5.671016937392044932e-01,5.193171905697019364e-01,6.692502971594116445e-01,6.104358830162760485e-01,6.685630967531305258e-01,5.651635544325949168e-01,6.954200725468097088e-01,6.419557470544398070e-01,5.321255921338943207e-01,6.833836099634374994e-01,6.031924829413946032e-01,6.245432590549775398e-01,6.441639604165493305e-01,6.697529748081941792e-01,6.628399691561599472e-01,7.298566539570566780e-01,6.119114009355394179e-01,6.377316688403010803e-01,7.232759429040213073e-01,5.957018499645326814e-01,6.294290328397700307e-01,6.720731252962642843e-01,6.633109218619092085e-01,6.784453772095874191e-01,7.061854576121675553e-01,6.412205003843018947e-01,6.165327285955867209e-01,6.855981148862589913e-01,6.603879795224837368e-01,6.266363002336591270e-01,7.051687040828192865e-01,7.867551665558472074e-01,7.472982428612748862e-01,6.856199724514652205e-01,7.034728672947589967e-01,6.176728096428896198e-01,6.085177456524301087e-01,6.988693277392780123e-01,7.025002398343802579e-01,7.906501592956836078e-01,6.728616595054084382e-01,7.445889042661976154e-01,6.719739345250705931e-01
5.645014034798141456e-01,5.851315944171796568e-01,6.209299504905985145e-01,6.849622242614337164e-01,5.765764748217975244e-01,5.139782812477656782e-01,5.452167235442598736e-01,6.425971792453748499e-01,5.381577432690026752e-01,6.251041610199181697e-01,5.430728003382133684e-01,6.029541216102292100e-01,5.675849093685397806e-01,5.260220591727697848e-01,5.833076323515798967e-01,5.932826003756105360e-01,5.375028096803504685e-01,7.165182350829751856e-01,4.600816103559933201e-01,5.957108036198419665e-01,6.328216561496077253e-01,7.094771400973218789e-01,5.328191274231515173e-01,5.853384094665047277e-01,5.938838714202983038e-01,5.686456618896601478e-01,5.170749561272902639e-01,5.893989740090584961e-01,5.314362010141858716e-01,6.929517674034965102e-01,5.304789610866006422e-01,5.922080484220462182e-01,6.355948408013507578e-01,5.946994946406942706e-01,6.507822015053490450e-01,5.616594664392764447e-01,6.184438716268437775e-01,4.751843564038198964e-01,5.604159487690172359e-01,6.440806251772455138e-01,5.659090064177128010e-01,6.261633321621012938e-01,4.730446956356889054e-01,5.020069546289283036e-01,6.243851305232865911e-01,5.549083751368704132e-01,5.147671158227516974e-01,6.146368944990100447e-01,5.719777722468388781e-01,5.568950763856467256e-01,6.658754841773670829e-01,6.291111988697667412e-01,7.097946832143590123e-01,5.497069496199408212e-01,6.343096210348933006e-01,6.810759231887656417e-01,6.930207658193058284e-01,7.581993819904174758e-01,7.054216309680342301e-01,5.978642647067909932e-01,6.550862556683184623e-01,6.029992228950465938e-01,6.674818952416654572e-01,6.148153281306530937e-01,7.134145183200181206e-01,6.567311825637652811e-01,6.238745962916513177e-01,7.440723436303925409e-01,7.151026907228578144e-01,7.348095557739969808e-01,6.510523749557333151e-01,6.834741690186769691e-01,7.065964165004012809e-01,7.176655251697311444e-01,8.054607938991278360e-01,7.911783179550447853e-01,6.611413039444933304e-01,7.795847892650901167e-01,7.274325076468119988e-01,7.662053726797259934e-01
5.304165756829450906e-01,5.443585039062119879e-01,4.686694181969169870e-01,5.824695553666769943e-01,5.171512295863803788e-01,6.989321091458049473e-01,4.786372671879303153e-01,5.375655631024828240e-01,5.403210131043095776e-01,5.398184572752476873e-01,5.293895766228307043e-01,5.352774421752310996e-01,5.450701705596698865e-01,5.498089123153570013e-01,5.604765134024720652e-01,5.706147193106365645e-01,5.980196297579760678e-01,6.095450068403045485e-01,5.214363369274365168e-01,6.538157169445919514e-01,6.232255416753439414e-01,5.118207185491063793e-01,5.005710710527330187e-01,6.129057002920601516e-01,5.944054130108517020e-01,5.854316974972022525e-01,4.884864743633357542e-01,4.992093134435739432e-01,6.787201749305746823e-01,5.647243099743660677e-01,6.602970542220429895e-01,5.884389740045999906e-01,5.642767684534909511e-01,5.631436909752564057e-01,5.542761691634108256e-01,6.144666959343323409e-01,6.617942168942844150e-01,5.932019047427657954e-01,5.287711932073517751e-01,5.171950423273391495e-01,6.045890460230810559e-01,5.447937049745624760e-01,5.586538898246045104e-01,6.925850729827334185e-01,5.178185373510298950e-01,5.953756210569214335e-01,6.095180761513961931e-01,5.773138203322826234e-01,5.323902724374042217e-01,6.430579881900235772e-01,6.145401847799959461e-01,5.809762227504964294e-01,6.236660000012878013e-01,5.848041782106663256e-01,5.809500240053772080e-01,7.170062178502062400e-01,5.544508622825102817e-01,6.775552802534406949e-01,6.863267887618460517e-01,6.765591359607744382e-01,6.521042608961165055e-01,6.464022726757883142e-01,6.512900531295049422e-01,6.473121615913191018e-01,7.167314740476854462e-01,6.587500366923974005e-01,6.567472481315873578e-01,6.951377949710297877e-01,6.796383096786998701e-01,4.839326362342371568e-01,7.270597048118059291e-01,5.425649119382908170e-01,7.739063178266737397e-01,7.219828811765007792e-01,7.416466293337857785e-01,7.106065403803809577e-01,7.310143459716031966e-01,6.959197873572624538e-01,6.693282075318177649e-01,6.365407647888882137e-01
5.062289952534482218e-01,6.130832514681532341e-01,4.600072380277457351e-01,6.428871252841739103e-01,5.315368442216846789e-01,5.453150111685559631e-01,6.256270516397069992e-01,4.587640626139204425e-01,4.436181887384622047e-01,6.174918983923457505e-01,4.501222571960622476e-01,5.703762733218074032e-01,7.183955714774359347e-01,5.623181138242389077e-01,5.956132495155954665e-01,6.146165780687621316e-01,6.588666182662243909e-01,5.508688542534364574e-01,5.945289083460570945e-01,6.476765264049506587e-01,5.607143460469093954e-01,4.936775399421101107e-01,4.767472471093775477e-01,4.865373536133972832e-01,6.181708919930161139e-01,5.309479016831747389e-01,5.239085015988472760e-01,6.180926428691235763e-01,5.175773339047117227e-01,5.515216049233578888e-01,4.757145034009093720e-01,6.350307936973725864e-01,4.768210571343004522e-01,5.520689133776549573e-01,6.224287476664519536e-01,5.668353733297408770e-01,5.429140329950492561e-01,6.573837102610616823e-01,6.100353096296664557e-01,7.115161952355728570e-01,6.659862817595906259e-01,6.713582317814559275e-01,5.885331273691337683e-01,7.031220406865910100e-01,5.828580599934766182e-01,5.968652914544673171e-01,6.489468104768267853e-01,6.460004935179857188e-01,6.968764704661096765e-01,5.980560407372794707e-01,6.409421573687926754e-01,5.954215899911952103e-01,5.062567813158095342e-01,7.615594653902248989e-01,7.121658930876547666e-01,6.375092580273519216e-01,7.894048549876941934e-01,5.676155189869486195e-01,7.014694833509376171e-01,6.800845499178037601e-01,6.477177400826440445e-01,6.574659042493447014e-01,6.459200820598047788e-01,6.267796428562262268e-01,4.919947313089159113e-01,6.159757858612581183e-01,7.662974842143412957e-01,7.061994442404182504e-01,6.823783074037026442e-01,7.106427311758201082e-01,7.492251114713950333e-01,7.723696221072124946e-01,7.136378940771309631e-01,6.112064000715420331e-01,7.743355262382476401e-01,6.980406078452633389e-01,6.781704611407258776e-01,6.772178705882879735e-01,7.623270228254295233e-01,7.892894112138446605e-01
5.834423224882069325e-01,6.056129154960472327e-01,6.206022629994849549e-01,5.044978275343585672e-01,5.482004809311464832e-01,4.248702809431804117e-01,5.531359889967684129e-01,5.242053871043838020e-01,5.667512453807554973e-01,5.492977498524932445e-01,5.587753283181704500e-01,5.976600636022015856e-01,6.157752842403880766e-01,5.732260915425043679e-01,5.549871511602570973e-01,5.307875547923995851e-01,6.086087187839909207e-01,5.891929040033837550e-01,5.245556590737907587e-01,5.159874716840768816e-01,5.382790782219116776e-01,6.057621144456883933e-01,5.689100972176881488e-01,5.126199208613713143e-01,5.795278570995709977e-01,5.206220398406411487e-01,5.826584282005242699e-01,5.460994622580790381e-01,6.544237250397146877e-01,6.923065027957707729e-01,5.794770992935505127e-01,5.823307438559771620e-01,6.025173175203633047e-01,6.371710796659159071e-01,5.840636542746996396e-01,5.705665123096860247e-01,5.265050523737789812e-01,5.753731717646036747e-01,5.537079466852573573e-01,5.644216427314964202e-01,6.227468481813062118e-01,5.995509891556815019e-01,5.237688549244464697e-01,6.212241609024665712e-01,6.438760937815638519e-01,5.909001575735184364e-01,5.803558081224190479e-01,5.097002154658928363e-01,5.528596312541722568e-01,6.731817731100534496e-01,5.983311254004933799e-01,6.764937346714818833e-01,7.216305545613506123e-01,5.985476282982112872e-01,6.905729993166056513e-01,6.926948313463616724e-01,5.031830403886032865e-01,6.954743934209689504e-01,7.240238522639511620e-01,6.997813739487676044e-01,5.977957322224068948e-01,7.505791115166753347e-01,5.619845180140988772e-01,7.255037412838848399e-01,5.862790810705076350e-01,7.324051196276016862e-01,7.338537532269617802e-01,6.364965809255783702e-01,5.602316331346962608e-01,7.143026126453640989e-01,7.900759564020700676e-01,6.350411225791919856e-01,7.704880572033520059e-01,7.076401620684591443e-01,7.167765123868691246e-01,7.145713004747252795e-01,7.434351988629631647e-01,7.577591324524167726e-01,7.420365596525314578e-01,7.354052018652375011e-01
7.042574421655288797e-01,5.021481637825908617e-01,5.185991106798828465e-01,5.578447215842448070e-01,5.984352937038330822e-01,5.464741172138158909e-01,5.402667705653108055e-01,6.375809633806457377e-01,4.917951821761548659e-01,5.943598803297890365e-01,5.462142690472794326e-01,5.647224642575812137e-01,4.324146664612590341e-01,5.181655959839354120e-01,6.541863042443514242e-01,6.388104204032222233e-01,5.266995981532879290e-01,6.446465496238023007e-01,5.365228658224584501e-01,7.421626099892796313e-01,5.160965126716325901e-01,5.679744869322098655e-01,6.133631550929787846e-01,6.307254304005588397e-01,6.049131009507904277e-01,5.611771647150062270e-01,5.557436379032930640e-01,6.165198650846214212e-01,5.297610691112215608e-01,6.149772761359997286e-01,6.652141399311635173e-01,5.739114552702090366e-01,6.813587936047617033e-01,6.721242951584770475e-01,5.790214990025661645e-01,5.472465722921177056e-01,6.222766373226383818e-01,6.245854587186671081e-01,6.137096238852628449e-01,6.041954541535583534e-01,6.178116167266396452e-01,6.048674481775140332e-01,5.569052080469911736e-01,6.932954826519129865e-01,6.182551153907545061e-01,6.518403108370660615e-01,5.651343949763885099e-01,6.423763543296366896e-01,6.540749182678046170e-01,6.236557710177869085e-01,5.103264861916934070e-01,6.321006286474690761e-01,6.179741605924825576e-01,6.970123209629791594e-01,5.552832354845057550e-01,5.734020750991738469e-01,7.244691140947104868e-01,6.304731556026472727e-01,6.450791644103741618e-01,6.088192521199428109e-01,6.235945291127459322e-01,7.133112410128211733e-01,6.329186400148696379e-01,7.484159528546002749e-01,7.121053525572065279e-01,7.243073954506564771e-01,7.232104340917412388e-01,5.955596392540258854e-01,7.176189737673596136e-01,6.008933968450900220e-01,7.772446387490988817e-01,7.727986172521850161e-01,6.944628516572907140e-01,6.537508368735813757e-01,5.545998582435157642e-01,5.811092742558272572e-01,6.900535570100677640e-01,6.922869380438798625e-01,7.638111801894954533e-01,7.075832080467480134e-01
6.588372408315187334e-01,4.835197213093339608e-01,4.440682918603683915e-01,5.622550110810035084e-01,6.036679359513946741e-01,6.664561981431893489e-01,6.313695095988738348e-01,5.483526649513917883e-01,5.467288408739812144e-01,5.285802078033943197e-01,6.434284311632290088e-01,4.990029912110943155e-01,6.431363720345960600e-01,5.902550655947272906e-01,5.480319950990909517e-01,5.821842907764648301e-01,4.542567407835688686e-01,5.624752925269890236e-01,5.839042228754506292e-01,5.090115064066547124e-01,5.910525630719768442e-01,5.940271210319839623e-01,4.689211692503331141e-01,5.621733013566838633e-01,5.487796143374298330e-01,5.895568464175119372e-01,5.120403583096044819e-01,5.492482021763227529e-01,6.609646867837604134e-01,5.870377212344447537e-01,7.070802198454706478e-01,5.384875387370499089e-01,5.858987830898694238e-01,6.574590595255318526e-01,5.879168920704972434e-01,5.481163535466772041e-01,5.640078643744209641e-01,5.390072385281891032e-01,5.314906507652730205e-01,4.816831076010687496e-01,6.284145665739220288e-01,6.697422440772954344e-01,6.188987012712076075e-01,5.776115781789156189e-01,6.444642054172174950e-01,5.578422364226823804e-01,6.310736029285080040e-01,7.308948293708463773e-01,5.663754445700777129e-01,5.939732450649640727e-01,5.998354811551595001e-01,6.184384017898505448e-01,5.696328345632257761e-01,5.426594783869830296e-01,6.609558591367215019e-01,6.825237113650766130e-01,6.330128162916187629e-01,6.688546718674047709e-01,7.095407095294326005e-01,6.610156401804272441e-01,6.084618212625978462e-01,6.836696934336905507e-01,6.032244181268777705e-01,6.442574808634777828e-01,6.637624360207187157e-01,6.716421678915797111e-01,6.448082263608567732e-01,6.743890394169020919e-01,7.172791376566424182e-01,6.811648540458640211e-01,6.933249941761847612e-01,6.744586261839807806e-01,6.485041724275578678e-01,7.082061968490346304e-01,7.233352502203820311e-01,7.038074113582430957e-01,6.299405412875063170e-01,6.707525907013314193e-01,7.419183169593892568e-01,7.759913529601532023e-01
6.214122956456804570e-01,5.564075394089994520e-01,6.401519181950600101e-01,5.106030610532478198e-01,5.530491363632428214e-01,6.204490306312842041e-01,6.003695556362746988e-01,6.358249033833972552e-01,6.803562503271827211e-01,6.345261357908194011e-01,6.017788853615936295e-01,5.545008018175967557e-01,5.612354364731878542e-01,6.334373490519688010e-01,6.824013096604465423e-01,5.841597747423530329e-01,5.834845808497405306e-01,5.868025187578462809e-01,5.237913660278725736e-01,6.606934970949931429e-01,5.402097382548871618e-01,6.251579432018924409e-01,5.774911271814475722e-01,5.828150509624805409e-01,6.440654112888951621e-01,7.101476358637346387e-01,5.266459633097332338e-01,6.038138791824038121e-01,5.104874767740805730e-01,6.091488853708454387e-01,6.202592400296362829e-01,6.326827291035309608e-01,5.607841812993543673e-01,7.048718146599475265e-01,6.036712820050078587e-01,6.268980043417377024e-01,6.037266187606934453e-01,6.170732251323620687e-01,6.346485367528497124e-01,5.624212617283871340e-01,5.334927005974446912e-01,5.743058261694028444e-01,6.281634922410305188e-01,6.503066226200887590e-01,5.952407232299121720e-01,6.811428603322760011e-01,7.073351084651932075e-01,5.132061924049644563e-01,5.466530208271044300e-01,6.580393586797010919e-01,6.035605008739229893e-01,7.064367192706989540e-01,6.576958932549608061e-01,5.728238480702098068e-01,6.186559710526308153e-01,5.854691125951938524e-01,6.317750827670454150e-01,6.425948081009112967e-01,6.942353429449290569e-01,7.272592772987667153e-01,5.551905597703652440e-01,6.252615322501638984e-01,5.369910225022197503e-01,6.251153501442325844e-01,6.926507285646289480e-01,7.355612845652282905e-01,5.677042890595147551e-01,5.796987772065034239e-01,7.014797754484987102e-01,6.418179283230450727e-01,6.904622867884506743e-01,6.608450277625891323e-01,6.660550162222808046e-01,6.402952978693726704e-01,7.046868662641599945e-01,6.439762255296587190e-01,6.069649969803218026e-01,6.823981020299090261e-01,7.368231986989715043e-01,6.565190291945429690e-01
6.065430450165545384e-01,5.712031885154332800e-01,4.435863588609019748e-01,5.490943636395879679e-01,5.985815718168031596e-01,5.150661314920934597e-01,5.891323103493238955e-01,6.293340449837970807e-01,6.287548901289753411e-01,4.880877465134005888e-01,6.056957439098630269e-01,5.258732617778469898e-01,6.632538396711668005e-01,6.226376174888007542e-01,4.971684957874658584e-01,5.069219150450723355e-01,5.760393421421307059e-01,5.248494981324903774e-01,5.848664196964402651e-01,6.326781582416259875e-01,6.489443725169278254e-01,5.770039571564073988e-01,6.734267784680639801e-01,5.411354779711088359e-01,5.173041592535357891e-01,6.723851189839314957e-01,5.520121324498090676e-01,4.993070308230836418e-01,6.152864608966068793e-01,6.093021134637987002e-01,6.663363899019633108e-01,5.340687595617527039e-01,5.617476718962540749e-01,6.460166158239603051e-01,5.564610365974105299e-01,6.005048283680886057e-01,6.239277480567385625e-01,6.253785752996586789e-01,5.931231076288560056e-01,5.859198185260492409e-01,5.656143022399822140e-01,6.907241374194611483e-01,6.171351367397972520e-01,6.578518137987958703e-01,6.255787510349679614e-01,7.572234588842861047e-01,5.069386875540404791e-01,4.809976312464591675e-01,6.344925397307811243e-01,5.427229040887449063e-01,5.124566313069210954e-01,5.796146393816700160e-01,5.400808987480602008e-01,5.987026134636227459e-01,6.492857164421049765e-01,6.569675197032689429e-01,6.795113068864934158e-01,6.931496698576593563e-01,6.306376606979094968e-01,6.626242873652367082e-01,4.944465351735110592e-01,7.205682941776658801e-01,5.239777338339037804e-01,7.072087629068837256e-01,6.531748639276364621e-01,6.636152767934514474e-01,7.451817047017648132e-01,6.059768894218761082e-01,6.871598179661311256e-01,6.779776404151626190e-01,5.835456340714177959e-01,6.668216854126973736e-01,6.842560480043833326e-01,6.249016388861433624e-01,7.540512496089103456e-01,6.556667607576904810e-01,6.810238369008931869e-01,6.661785419122966401e-01,7.176183054453821875e-01,7.232957907208971138e-01
5.237538974453248564e-01,5.023265825585602196e-01,6.543878642881927332e-01,4.286921201004643134e-01,5.386877084802199622e-01,5.343992563349171387e-01,5.422596365018211850e-01,6.074254403889350895e-01,5.751146705550541638e-01,6.492903773508699183e-01,5.979527948540021010e-01,5.504810674714123442e-01,6.279421600364619716e-01,5.870521519166445046e-01,5.426624873949780214e-01,6.171110758912196070e-01,7.028687932096070456e-01,5.178890274584122544e-01,5.150777803496334739e-01,5.986408035657273530e-01,5.313364679718282080e-01,6.898238927105441176e-01,5.453583550643844591e-01,6.260316461881679784e-01,5.919270693481701873e-01,4.998501682221287434e-01,6.637486834044559192e-01,4.657623272485000854e-01,6.807411903924414087e-01,5.145858124436502035e-01,6.343838069472044205e-01,6.390765572484671253e-01,6.434783433125245145e-01,5.319830735404403876e-01,5.875190196363420103e-01,6.093539201614157630e-01,6.089109803905050633e-01,5.683502411434251389e-01,5.688209643551906947e-01,7.180876984609260161e-01,6.064939803022232345e-01,6.648861052462339272e-01,4.951383346899012050e-01,6.764225269444633648e-01,7.036546109280568118e-01,6.493345567862892631e-01,6.476939388382503271e-01,6.119874606835915554e-01,5.523629840918561351e-01,4.739412459670094280e-01,5.446725803370858765e-01,5.644771044377601132e-01,6.218743309314188616e-01,6.547700323434694214e-01,7.217161949723945868e-01,6.499602377249763530e-01,6.306560801657942195e-01,6.309545362143008651e-01,6.257618461406039279e-01,6.656480031665215069e-01,6.044700545809054137e-01,5.461817073015875490e-01,6.955668631529103862e-01,5.778227311226319385e-01,6.084611605993809347e-01,6.764638322488195632e-01,6.319257637851994902e-01,6.496881957911199157e-01,6.785074727560889141e-01,6.243674773576304293e-01,6.264847415171767020e-01,6.706921690175591255e-01,6.628687951723578609e-01,6.793398547975368906e-01,7.346448600759429848e-01,6.691663922485248106e-01,6.144056009964745657e-01,6.387193038553068414e-01,6.633717663659038921e-01,6.259298067097869289e-01
6.453000765970187125e-01,5.043544316177033249e-01,4.923592086510836796e-01,6.193874352252709548e-01,5.114578399625963057e-01,6.290658604457541880e-01,5.765795392625291393e-01,4.348321014574177412e-01,4.836194968477756095e-01,5.063569807081502727e-01,5.458498926647229466e-01,4.771420744122836788e-01,5.907909094720162901e-01,4.617025611024982990e-01,4.589351500030992570e-01,5.823464057729021981e-01,4.743784488016355994e-01,5.312145336634813697e-01,5.090763470271638669e-01,5.979202867488950801e-01,5.229959685917645595e-01,6.565249892801380271e-01,6.427807019716608172e-01,4.582345116364844873e-01,5.888695208594233454e-01,5.290807142504738714e-01,5.446130563205050512e-01,6.140104691752958921e-01,4.816405531337297208e-01,5.318313727624438547e-01,6.043047373241131615e-01,5.997107981137416166e-01,6.579858140841962078e-01,5.294658073382997321e-01,5.953981561851723336e-01,5.031354896457103099e-01,5.904221418813871969e-01,4.997258260535311636e-01,5.730659858216331504e-01,5.668998694082783008e-01,5.549791193809718859e-01,5.219436335836962204e-01,5.822182661499447631e-01,5.628269450505075655e-01,6.350665689976576767e-01,5.044951195083220430e-01,5.566745784364713900e-01,7.048780244439561971e-01,5.452805378291134542e-01,6.707623368891656446e-01,6.196215122155231958e-01,6.484751498897743938e-01,6.310405794339248864e-01,3.929659981288230464e-01,4.996103686488101436e-01,5.528942581913676158e-01,6.387302676808690460e-01,6.250002227281913347e-01,6.140283786992675186e-01,6.079279318016361788e-01,6.236833244925460429e-01,6.770788602170129122e-01,6.102924422613028588e-01,6.028214417612404175e-01,6.178405550236526489e-01,6.731686883686112122e-01,6.084273259813894885e-01,6.588941318386655199e-01,6.385213056072542859e-01,6.792301874198326539e-01,7.754316098413231995e-01,7.091129071575845710e-01,6.732457004031840997e-01,6.785387272487276578e-01,6.199406366889940179e-01,6.663461693564944888e-01,6.998875970527521639e-01,7.609393974539832017e-01,7.041656768672395206e-01,7.148256163777971794e-01
6.366350442131026854e-01,4.763870398567736641e-01,5.215013888075992199e-01,5.879719498091269259e-01,5.731413665830237258e-01,4.146219616749122205e-01,4.759286229922335409e-01,6.303376396362023737e-01,5.772438580238387074e-01,6.367865848384722804e-01,6.341098068106975072e-01,5.203039404617881836e-01,5.817951489772218432e-01,5.675706540149735302e-01,3.999278529677210425e-01,5.920676306407220979e-01,6.460186459381371815e-01,5.890214916400376977e-01,6.236794796909150840e-01,6.268912977419635046e-01,6.220298092294707093e-01,5.246388166361398708e-01,4.490858122778647044e-01,5.872686533773664452e-01,6.288724070878125572e-01,6.355424806822191908e-01,5.665191168065903948e-01,5.948589550270104720e-01,5.523961819353303548e-01,6.330220983498099363e-01,4.692194310775275601e-01,5.799390406728294201e-01,5.295974884924343762e-01,5.982642491372118787e-01,5.541618362340734461e-01,5.540502118560125533e-01,4.055638356886058227e-01,4.911886240531150305e-01,6.337033931101839768e-01,6.954495356413323837e-01,5.477505517675363977e-01,6.320026646364836909e-01,5.915400797405797606e-01,5.354806436903900568e-01,4.903248406479150390e-01,6.087122892383819428e-01,5.733464840009434571e-01,6.717847924046213004e-01,6.005084295173916953e-01,6.686643335064481608e-01,5.286949137971048707e-01,6.011469242042928318e-01,6.672195459157311825e-01,7.213311903510891687e-01,7.252060899136228977e-01,6.059617296315175095e-01,5.936337156532338621e-01,6.639549617328982523e-01,6.250091743866953431e-01,6.158121665348629259e-01,5.621363894217202839e-01,5.475423396203967785e-01,5.080641333440282237e-01,6.568863075484352443e-01,6.646027828349452271e-01,6.191542914568494149e-01,6.835048134395024233e-01,5.810000603799885255e-01,6.702234461761464868e-01,6.917999975961491854e-01,5.966198161069541372e-01,7.264293045113953129e-01,7.085971268977041548e-01,6.378539840694646967e-01,6.129255775149557994e-01,6.236709586172813902e-01,6.554254690452321341e-01,6.741558763691196665e-01,5.687331742240570032e-01,6.298525618056446396e-01
4.760588053696777622e-01,5.297006972806439506e-01,6.542394227492699388e-01,6.113540752948105617e-01,5.500736891859180355e-01,6.648884659027463062e-01,5.742905075717050778e-01,6.251615688871512422e-01,5.803492579590782130e-01,6.096900435408072472e-01,5.729658396775739737e-01,6.622580615792478254e-01,6.032446612206617820e-01,6.303994163347763635e-01,5.741884494155756746e-01,6.146283516674000413e-01,5.748076778080852822e-01,6.308757538468465764e-01,5.418488788101446518e-01,5.885367292639124281e-01,6.300080908469788410e-01,5.707604848555415389e-01,6.615580095465183330e-01,6.011283693496994873e-01,6.069900001375334586e-01,5.524574482199018366e-01,5.276012944116298398e-01,7.065765313538752146e-01,5.411861297853935993e-01,5.026485784096713649e-01,5.294676462774888792e-01,5.671658668686706539e-01,6.607157765892147649e-01,6.384324813483238659e-01,5.735832718495840199e-01,5.953162989935886218e-01,5.951156109472430789e-01,6.352270415776007928e-01,5.839133569473164975e-01,6.427891946205884777e-01,5.431076905096438034e-01,6.274059927806346915e-01,6.533924369318490077e-01,6.381712169688610325e-01,5.695072180596070233e-01,5.933961952318710376e-01,6.431188152078035625e-01,6.551967322461051957e-01,5.445358002643584383e-01,5.746944075800916041e-01,6.350519895308355256e-01,6.305809062593314973e-01,6.536577334588782318e-01,6.336625344770505652e-01,6.229695408955053804e-01,6.276569883605810363e-01,3.848770495720951201e-01,7.232772668870082189e-01,6.635916695052146430e-01,5.588661916983574951e-01,7.182287886616141037e-01,7.282812238084426237e-01,6.128550764867685130e-01,5.539269977502533360e-01,6.348607834285203699e-01,6.558150897322768680e-01,5.849362214508566638e-01,7.474305047810033686e-01,6.850587816551974019e-01,5.053429177869216415e-01,7.240200098951448116e-01,5.612642762326256474e-01,7.005795620258470358e-01,6.734694440261861370e-01,6.930414306670539260e-01,6.749243046391015799e-01,6.408439426859041665e-01,6.649444872612978452e-01,7.409173936983991515e-01,6.183062633409149855e-01
5.157368539858933065e-01,5.522943653464387204e-01,5.143818395987890257e-01,4.835143637698379182e-01,5.573547325741653458e-01,5.809782677402178797e-01,5.880528432158677044e-01,5.817064497798439815e-01,5.704446748726523797e-01,5.632241457270643625e-01,5.693324250865613445e-01,5.565865739420490232e-01,6.014242010791350790e-01,5.865717242832549916e-01,5.796027868506006264e-01,5.288302377694370504e-01,5.043086534741548776e-01,6.119776274518462511e-01,6.010558044338771833e-01,6.813771591296012842e-01,5.882008832041891733e-01,5.781180219624227901e-01,5.244369199481819788e-01,5.701924442355132960e-01,4.973701523133226554e-01,5.439613274960060085e-01,4.809902207940518482e-01,5.830815304203654792e-01,4.761671737008251748e-01,6.448220758235176930e-01,5.895925491351124981e-01,6.294606810998383262e-01,5.757289545341260917e-01,6.860117917255288411e-01,5.739616849746768112e-01,5.482454040965347719e-01,5.810212338269737931e-01,6.593716378733673888e-01,6.217499318483478143e-01,6.444473455303428855e-01,5.958549990044421651e-01,6.472228066270708791e-01,6.875375823523547369e-01,5.862279492635565914e-01,5.645307516268878167e-01,5.953451790317370040e-01,5.611440932710199947e-01,5.163785293774317831e-01,6.311171467257085110e-01,5.293296370289695130e-01,5.206791951778789729e-01,6.190039950813390757e-01,6.824449595764291443e-01,6.764108573498756050e-01,6.354509490466813126e-01,5.660819452851248990e-01,6.527736048935305346e-01,7.057004016682275616e-01,5.951619517559141315e-01,6.647637531654095877e-01,6.511507022498597141e-01,5.058437777321836970e-01,7.018835484925926016e-01,5.484436197312834160e-01,4.954693620446629088e-01,5.841386893603888186e-01,6.962894254890087398e-01,7.072113726453793658e-01,6.530038442660598408e-01,6.790395622929762398e-01,6.207981076156543487e-01,5.973905082698919289e-01,7.346387448324006586e-01,6.316033236241829218e-01,5.880907502747952931e-01,6.886020694871735071e-01,6.737225767645264041e-01,6.634173431643940466e-01,6.743390290896423833e-01,6.644548652747360729e-01
5.162915317736828102e-01,5.094160535255035649e-01,6.096053451818325142e-01,5.931248182411010816e-01,5.103704671378140878e-01,5.441862234790589836e-01,5.487922685222462738e-01,5.971587691608810644e-01,6.303800464041467988e-01,5.746794940416477537e-01,6.137202385581443931e-01,4.966841792900558161e-01,5.235834156472857215e-01,5.680030048882472871e-01,6.150776479309444378e-01,5.331545479186025061e-01,6.415043066220686985e-01,6.099823462420286280e-01,5.146247988813054119e-01,5.957305892935983449e-01,6.282096342049396931e-01,6.525162875000989349e-01,4.634808160506498909e-01,5.895840841580158864e-01,4.374624507587923650e-01,4.720825689125747737e-01,6.327451614234733679e-01,5.785170607205887272e-01,5.360615491303040159e-01,5.143294200042638487e-01,6.644384800022304916e-01,5.244018038246196500e-01,6.134791728133350830e-01,5.487494501010508063e-01,5.618958973610922447e-01,6.167059715423148791e-01,6.305460943176535160e-01,5.917828386673235075e-01,6.032283378223454173e-01,5.309713027516249628e-01,5.672238309634256570e-01,6.485218279501544503e-01,7.302076369824380686e-01,5.076819300211948827e-01,5.709213358893817647e-01,6.571271092823753879e-01,5.286690429512310718e-01,5.373761630298815595e-01,6.850907113286186512e-01,5.831825492554622015e-01,6.504773955336720093e-01,6.367267261547409074e-01,6.628594357507647805e-01,6.561208571160386249e-01,6.275188746097680736e-01,6.042751384350371069e-01,6.161084560872540639e-01,6.472679268790215712e-01,6.368613177851052409e-01,6.049285792364144099e-01,5.587470013934622282e-01,5.904641216365260625e-01,6.522423098460338187e-01,5.926002672901652391e-01,7.054882848495157566e-01,7.040098808267037933e-01,7.206166544717821365e-01,5.858316931156847263e-01,5.501534964267047467e-01,5.833499757582014666e-01,5.583853403783174407e-01,6.728425934850814638e-01,7.255165448892477720e-01,6.802928403855538209e-01,6.509957632996025145e-01,5.511039145595819644e-01,6.436090638659741625e-01,6.968646775106180913e-01,6.621029953949874036e-01,7.014410884267511248e-01
5.469141113183905167e-01,6.019489582780572778e-01,5.815687332822280231e-01,6.064956092058364501e-01,5.764166037186735370e-01,5.272388817706008535e-01,5.443043262400923954e-01,6.642459174384652831e-01,4.688185855408820712e-01,3.846181340665584258e-01,6.206496080492552858e-01,6.165690751178311002e-01,5.991071143758582851e-01,6.347314702864753633e-01,6.408488570039168053e-01,4.948531226895499513e-01,5.869163095726185331e-01,5.689979793958817034e-01,6.285885705581600869e-01,6.878930970348944296e-01,5.049804820184358167e-01,5.198240739777489905e-01,5.850405313716761091e-01,5.002043934156806815e-01,5.579999137167749312e-01,6.465965663382091666e-01,6.416371635257503980e-01,5.493017478992373581e-01,5.277850700678982099e-01,4.887938265063903054e-01,5.740422001951477338e-01,5.587537890856553169e-01,5.196750565466449201e-01,6.911837963328057999e-01,6.488648118707226464e-01,5.514904643500909698e-01,5.669022894060787854e-01,6.092469689806224720e-01,6.296567479850504467e-01,6.447863345446642747e-01,5.671938151669029260e-01,5.690014784895360833e-01,6.221457408803754419e-01,6.261864701417214629e-01,7.066669074911136050e-01,5.441386670526611180e-01,5.804889542829486659e-01,4.747852416606839210e-01,6.118657215455043374e-01,5.928693335188159885e-01,6.366004852691014015e-01,5.777279769439964685e-01,6.319730273400867571e-01,6.546223238809544265e-01,7.107003721226091697e-01,6.226509442189513965e-01,7.196755859598783500e-01,5.264401697213937359e-01,5.664652505586901254e-01,6.735680220248837502e-01,6.374822926787634403e-01,6.470182311384987672e-01,6.137973314220310783e-01,6.887049184557784143e-01,6.097940311596929952e-01,5.999797374550986939e-01,7.298716908008962001e-01,6.599470597823368090e-01,6.391119183543771953e-01,5.329951561752435119e-01,6.189041316036321128e-01,6.353605094257158692e-01,6.309335779674675182e-01,7.042830577815288873e-01,5.865934879327500129e-01,5.963679354503427232e-01,7.071541451115800347e-01,5.811189075754575883e-01,6.237076576014405349e-01,6.170140617568693475e-01
4.962123838073294602e-01,5.283174875551859273e-01,6.282398319645358109e-01,4.987681462000563282e-01,4.900999707284156570e-01,6.747974462047090505e-01,5.158614886274061062e-01,4.585540737695305014e-01,4.709410630120857699e-01,5.882649252905068904e-01,5.324013588538067943e-01,6.017448505531997061e-01,6.800524800979241835e-01,5.768499931537078851e-01,6.482197377803742278e-01,6.249594429942120222e-01,6.687965323119723360e-01,5.580623772589548004e-01,5.671284983766713417e-01,5.372027083836907746e-01,5.470922843313884565e-01,5.454320288257678007e-01,6.089538647083593270e-01,6.404492198759815791e-01,5.511873238960594001e-01,4.818244502642064497e-01,6.169088715889069485e-01,4.957414489737931862e-01,5.608515963196739618e-01,5.530037560719417433e-01,5.593526275072615572e-01,6.537814345703855112e-01,5.946807654135378707e-01,5.719647388366628782e-01,7.643186021658183726e-01,4.526524396145205631e-01,5.749376399677853522e-01,6.085515109167841663e-01,5.093958734933651256e-01,5.376344836905666558e-01,5.900552446596789569e-01,6.234519112620906522e-01,6.089304601791538651e-01,6.059701688679943743e-01,4.642700641452305321e-01,5.965098858729894760e-01,5.278462507310599516e-01,6.471418558240469299e-01,6.293663106043495548e-01,5.878034890665552181e-01,6.672958454833178843e-01,6.450854312352143349e-01,5.552010070361552696e-01,6.329980574663884862e-01,5.230453809830045708e-01,6.165757217877058105e-01,5.647672771136272862e-01,6.336748609966530443e-01,6.520254814177294245e-01,6.557812855751049552e-01,4.935044759136117398e-01,4.994902794851530659e-01,5.446475503731414980e-01,5.295470750881958732e-01,6.027943345239247241e-01,6.203958346171737359e-01,6.582766252688621034e-01,7.185380758144256363e-01,6.220962054272890507e-01,6.485540920852990165e-01,6.401483119572127789e-01,6.721776262720189354e-01,6.432872627937321619e-01,7.220806917971597239e-01,6.735128155721042953e-01,6.219502023825871362e-01,6.656108402499439913e-01,5.611218152530773606e-01,6.381446486279230834e-01,6.331038895916518694e-01
