1.195338760367374159e-01,-1.706570282701585506e-01,-2.238808727666098328e-02,4.564452232011354665e-03,-1.046074232273133120e-01,-1.427195967869031856e-01,1.955169337477068170e-02,-8.850190559976217619e-02,-2.334570294690551107e-01,6.578744884214534142e-03,-2.600196625054929100e-01,-7.808020928098437230e-02,-2.544530770004652109e-01,5.466193103294582356e-02,-1.232004521818102355e-01,1.477782880099622921e-02,-2.806644057577562523e-01,1.187516555171233557e-01,1.004196163273644860e-01,2.854651728899579993e-02,3.921981251046699479e-02,-3.658704816266492021e-02,1.237934507336737877e-01,-1.660596207359644749e-01,2.259928356096875882e-02,3.747961307184567020e-02,6.409366642477699882e-02,-4.535764798454547386e-02,-1.372601767007954610e-01,-3.156852463871742676e-01,-9.470043300099605793e-03,-2.158455309114407361e-01,-7.206210098397870800e-02,-7.381515534910072784e-02,5.885574825467862481e-02,-1.379280956902962096e-01,-3.303637782465002060e-02,-1.826802921720802400e-02,-1.130060987589327631e-01,-1.870293501916759152e-02,-8.109137103277068437e-02,4.047482104481409798e-02,-2.171080596627011916e-01,-2.616964004625282891e-02,7.732884019506165718e-02,-3.402761978894111583e-02,-1.542017077468336717e-01,-1.946611541797952372e-01,8.843420319499747939e-02,1.541978132544885929e-02,-1.280454646371417815e-01,-5.131957512528576709e-02,2.259475401964336494e-01,-9.557474891912060011e-02,4.912485071561077665e-02,-3.564885014050435674e-01,-8.529994505121765713e-02,-1.755913813985819638e-01,1.386909096451392764e-01,-2.635212821295070812e-02,-7.247575334395793545e-02,4.326058765574093690e-02,-1.641212175098872017e-01,-2.085238446963950110e-01,-9.509645391969427652e-02,-6.347001532325477480e-02,-1.105197330081417462e-01,-4.222881576370967477e-02,-1.511180170608683419e-02,-9.155490255185384785e-02,-1.995059497453119945e-01,8.258454363401468781e-03,-4.763983521502641698e-03,-4.214328832313735812e-02,-1.800675246716502420e-01,-2.330320783209501589e-01,-1.629696452876114587e-01,-2.619097563375367699e-01,2.474570918025462141e-01,3.094362320805449026e-02
6.159214553479787357e-02,-7.031551914630553013e-02,3.462458343409636347e-02,-2.339734129120820197e-02,1.170444136406583319e-01,-9.634112386982988940e-02,8.980049104279833050e-02,6.147981733676000787e-02,-4.130204506848793138e-03,-3.022632931923282390e-02,-1.686115427664591493e-01,9.013584596554698181e-02,-1.044498663917596409e-01,6.811984569143575419e-02,-9.474813811172967670e-02,4.359204516145362765e-03,-8.497240883404652903e-03,1.894758010860779843e-02,-1.094438747163061082e-01,1.338072678758599199e-01,3.856155118298773554e-02,1.139664252898048985e-01,-8.607525761272788456e-02,-1.116598898954082736e-01,1.177575569425848810e-02,-1.028888916987972559e-02,-1.186543830447940456e-01,1.900279392954014601e-01,-1.389827238226024331e-01,1.544549089873158976e-01,-2.298138239154731977e-01,-9.453912149198791248e-02,7.459542221924991834e-02,-9.279320992819711789e-02,5.173531721727111371e-02,-4.225360257628611726e-02,-2.314930150808319487e-01,5.691840464776668634e-03,-1.365940211557369888e-01,-1.742815009120286251e-01,-1.434583120630711361e-01,-1.456767689029598856e-01,-2.624477755964918155e-02,-2.172481228734433334e-01,-1.528846434551447975e-01,1.536843379242714136e-01,8.128910874132158626e-02,-1.265495022974104933e-01,-2.141303025934127718e-02,-9.393545709699302471e-02,8.236502718729406258e-02,2.308776314219622774e-02,3.397463813754032780e-02,-1.032696141437084852e-01,-9.422041604526211478e-02,-1.832610967993467399e-01,-5.528229953759687676e-02,1.170581856061484183e-01,-2.469119020196135494e-01,-6.005546690319563119e-02,-1.496732564788429420e-01,-4.465548378190699330e-02,-2.188708800362380857e-01,-3.829236175434047595e-02,-1.524509324497272111e-01,1.142812718018636382e-02,-1.074067843144921458e-01,-1.567484382561760148e-01,1.071178804860510453e-01,-2.169151578998237684e-01,-3.777818965287968456e-02,-6.230961921342601656e-02,7.724135674123902562e-02,-4.236911854970596379e-03,-1.482160116276712569e-01,7.727801421288429951e-02,-3.698096188251860650e-02,-1.613280927943519238e-01,1.206621869782032869e-01,3.298197210696161841e-02
9.480836489961154412e-02,1.457751172370312480e-02,-7.170183218119821622e-02,-1.794689300008075472e-01,4.979540855970795293e-02,-6.994459222278585041e-03,-1.189773658412529578e-01,4.046608120537828999e-03,-1.316656407425461361e-01,-1.949498518353854903e-01,-2.371351915841654057e-01,-2.698996762039094777e-01,-1.911803579895538507e-01,-1.081764604063284868e-01,-8.185915635748063079e-02,-1.725442935062236338e-01,-9.281634268583634217e-02,3.013349884058701966e-01,-8.605174495882805807e-02,1.021546838375308047e-01,-5.757852958178970304e-02,-1.953678773613791997e-01,-2.870167556100737261e-01,5.564171925367680793e-02,-1.493968006055699793e-01,-8.662791326019887717e-02,-1.080423036672933795e-01,-6.471073045096506493e-02,-6.238173622565277437e-02,-3.521649052375167704e-02,-2.422134921848804190e-01,3.733427616104779967e-02,1.488437007658122702e-01,-1.387932541958689647e-01,-2.688439251701186250e-01,3.724144240949437031e-03,-1.112953451740582994e-01,-9.543635131207311995e-02,-1.718117053563873731e-02,8.620318456578032404e-03,-7.304321082227856199e-02,1.518949214842854785e-02,5.038496643803987846e-02,-1.750178765389121260e-01,-5.315239630951675703e-02,-1.196958102566432619e-01,7.269752806020260416e-02,1.830967357218698383e-02,-7.353530738617544693e-02,3.217275943042640848e-03,-1.053521712584735426e-01,-1.182014919132388375e-01,-4.947582558901662819e-02,-1.492479892740905256e-01,-9.927330519105996565e-02,-1.295368442207633919e-01,-1.632210610836583309e-01,-6.090797930877518696e-02,-5.694217106444210419e-02,-1.960486935394633312e-01,-9.317362273802648476e-02,-1.997295638531832174e-01,-2.467794620604347178e-01,7.680071678923840184e-02,-2.753786818872095421e-01,-1.303592035300961058e-02,-9.555885262992246110e-02,-9.251510612160264435e-02,8.269495952068850811e-03,-1.520297167355489087e-01,-3.337607405371795233e-01,-3.843186228842172814e-02,-1.569842468738503471e-01,-1.180809021564206696e-01,-1.379820926047252705e-01,-1.998318481725643303e-01,8.221456134161936324e-02,-2.139781363487446852e-01,-1.351092157993300513e-01,-1.251210536526049522e-01
6.287847204100541210e-03,-1.836231812023888799e-01,7.066830121644987472e-02,1.026432836620361500e-01,6.983605975944562338e-02,-1.224718319759245388e-01,-1.399623857488959677e-01,1.446897882700560155e-02,-4.909310661196754529e-03,-1.312311398035916343e-01,-1.410905871795132271e-01,-1.847890512516941197e-01,-1.762484788174020212e-01,-1.414832695743059865e-01,7.336360114457726733e-02,-5.463660689420404837e-02,-6.567948761926810375e-02,-1.844159518423786337e-01,-9.940287487880399009e-02,-1.666624198882797614e-01,-1.824560844948808491e-01,-1.142247894680376713e-01,3.953045211656012331e-02,-5.340107523172814979e-02,-3.136239537224239787e-02,-3.856677084836605124e-02,-1.932045490453039582e-01,-1.799410116331331133e-01,1.115730236364064071e-01,2.594971525850449726e-02,-1.758495206288150370e-01,-5.416332088819711399e-02,4.315635107104943274e-02,-3.426683925772382872e-02,-7.722365077299610248e-02,-1.927182637415055314e-02,-7.256627898799747345e-02,6.868060386352486946e-02,-2.076268992029549343e-01,4.027353632027327879e-02,-1.928620629758674987e-01,-1.828015914720548807e-02,-3.697665617504819566e-03,-8.496545869978984478e-02,-1.019993233343564204e-02,-1.698212239835965309e-01,3.520308899818043740e-04,-9.657996784345800403e-03,4.580618889424729195e-02,-4.580599475996852826e-02,1.279996446784244513e-01,-7.523786766920841085e-02,-6.877196542407452637e-03,-1.258653765423776438e-01,-3.228553812426723790e-01,-1.450389708974049452e-01,1.319392711481586766e-01,-1.082126051829147423e-01,4.240969050517252870e-02,-1.057352697574207995e-01,-5.911176970223120525e-02,-1.225767330036795777e-01,-2.277953729819862938e-01,1.049770583081630904e-01,-5.327434725843183116e-02,-2.678110435976095716e-02,1.467482957292547963e-01,-3.139673608398249050e-01,-6.784145291716829618e-02,-7.494771607231391630e-02,-1.189845902089412544e-01,-1.962954139936635700e-01,-1.175055941412763705e-01,3.256288758887056212e-02,-5.261846443402980709e-03,5.014237730440247037e-02,-6.935802476524673132e-02,-2.170965228611750342e-01,-1.077575668245043389e-01,-1.079053195035130502e-01
-7.949374345416514165e-02,3.731456777673340403e-03,1.065615241654480627e-01,-8.448666968536892256e-04,-3.012625643110543663e-03,1.762852841683522909e-01,-2.084408907693088564e-01,-8.271951574235782145e-02,-2.403120010787307137e-01,-5.637640034350624094e-03,1.654645549083820846e-02,-1.918740268809548399e-01,-1.555020926518901614e-01,-1.668868331282723771e-01,-5.148342419978314127e-02,-2.804860326634338666e-03,-1.268050686228700263e-01,-5.859315212905317344e-02,-1.014177998217931503e-01,-1.154432068455009397e-01,-1.276685383720188582e-01,5.937701005496943268e-03,-3.702941660527694356e-01,-6.360009065380081705e-02,-1.271065083758921299e-01,-1.872505693692491091e-01,-1.906154273246350173e-01,-2.055797417165491914e-01,9.753744506804842840e-02,6.053392159881809675e-02,-1.042490462706865822e-01,8.876196558986279572e-02,-1.938195991411024444e-01,-1.153567540980623887e-03,6.642708762218837298e-03,-2.285587467829693908e-01,2.583515309872515264e-02,5.750108550865373064e-02,1.947961991215331479e-01,3.880323581510360803e-02,8.619104670459946937e-03,-1.172394362730455261e-02,-2.823521635284887213e-02,8.491629651151920422e-02,-6.681199287584993485e-02,-2.852208620371964043e-02,-1.474719775018433765e-01,-1.840214471347184910e-01,-7.942892522893449381e-02,-1.039471441855712441e-01,-1.573863776891515076e-01,-1.210148866839031445e-01,5.563110304993761079e-02,-5.657715644354057577e-02,8.523607126826319991e-02,-1.228378723781211289e-02,-1.210698207453964476e-01,-2.347138535978178508e-01,-7.417910512943222401e-02,-1.360926526509706747e-01,-1.826554069410032954e-01,-2.215726748590731918e-02,-2.166439472426933410e-01,1.092566741317694962e-01,-2.240194753224608315e-01,4.782628238584041291e-02,-5.640383805488369956e-02,-2.443763132990330739e-02,-3.295795317926829004e-01,-1.012208693055319519e-01,1.116046859700699778e-01,-7.988779398565766521e-02,-1.725544541866116111e-01,-1.079281742204253186e-01,-2.296893675506132271e-01,4.753268502446809235e-02,1.869494686538803463e-01,-9.284576170575786769e-02,-1.491620156859795737e-02,1.467311020884103923e-01
-1.587368902159753958e-01,-1.139341511384378003e-01,3.727208359676125599e-02,7.686641127583361544e-02,-1.795919709884875870e-01,-2.839472183796544480e-02,5.145753840156708919e-02,-1.426186704930026694e-01,-9.741143663771154038e-02,-7.114595516136910935e-02,-2.760661571872136677e-01,-1.274389682435718707e-01,3.668256792383207260e-02,-1.834266071284643140e-01,6.046486632056675276e-02,-2.581468059841933015e-03,-2.467703774390105423e-02,-1.156310447681566517e-01,-6.502937057373531227e-02,-3.048461585931805731e-02,-1.143454547479916816e-01,-1.980799177254430332e-01,-1.783706819262369236e-01,-2.359583186899360807e-01,-9.118925603598823648e-02,-2.903431246649563202e-01,9.536184526986579008e-03,-2.984310034799051436e-01,5.495125136010368949e-02,-1.319762752509273940e-01,6.659413480145026654e-02,6.451786482061039329e-02,-3.139334185997827431e-01,-1.462745862817558529e-01,7.119777476987962372e-02,-9.213675751010465265e-02,-1.390185206129780637e-01,-9.325832059113441097e-02,1.443683975495415640e-02,-2.631988694609070367e-01,1.263819803605216799e-02,1.067928231566853542e-01,-4.588300136378262867e-02,-2.131847390885311874e-02,-7.181437092139582312e-02,-4.914264314818984902e-02,-2.679193820618289493e-02,-1.059212597185395927e-01,6.734678921644192406e-02,1.495014619428433889e-01,-2.502126054114175296e-02,-3.946763516855844589e-02,-2.005892030503861057e-01,6.532160416414835302e-02,-9.814287366524296341e-02,-3.411435742100532575e-02,-1.373708655153102753e-01,-2.546246379874524957e-01,-4.448468712797253033e-02,-1.770959653364467257e-01,-1.001036677533805874e-01,-2.799595159894467944e-01,2.569122821102454157e-02,-1.659354023841319026e-01,-1.175330277515775484e-01,-1.805554650591431332e-01,3.070652965688080993e-02,-1.079128234920605084e-01,-5.257812064022400478e-02,-5.848479266017703182e-02,-2.137951289828794732e-01,9.078795248818927882e-03,-8.838724310795272043e-02,-3.317885019657880463e-02,8.090740776685516333e-02,-2.197071986792971388e-01,-1.172252245932343083e-02,-1.093427324752342389e-01,-1.426371854973606523e-01,-7.412955429764812865e-02
4.669789920004841638e-02,3.480830602288890324e-02,-1.552654991359916047e-02,-4.086784852163417164e-02,1.178308644975004961e-02,4.797710166980529573e-02,1.640814609776317934e-01,-1.251505058319072605e-01,-1.728273490423373748e-01,7.561339353015400500e-02,-1.184099246906221981e-01,-7.049010993826536342e-02,1.434383490467453226e-01,-2.008516326955774034e-01,-1.697815862715712498e-01,-1.560269397556259818e-01,-9.093528178146109697e-02,-6.928296576936432416e-02,-5.648209193506926323e-02,-8.288730288290455106e-02,-1.769086611921171781e-01,-8.425735314247408125e-02,-1.622274319866139070e-01,-9.469169513805346383e-02,-1.332397399802698890e-01,-4.185510077630771181e-02,-1.480803046062171557e-01,-1.312579278628359936e-01,9.951884409372153614e-03,-1.837218524422003507e-01,-5.632815521532308356e-02,-1.021541718884826644e-01,-1.145724404211499597e-01,8.904300375573397097e-02,-1.683774590319803421e-01,-1.277222243665218915e-01,-1.666265814832226799e-01,-1.114382660877683423e-01,-8.356478597575736633e-02,-1.111291138515956567e-01,-1.774192448967305824e-01,-1.688882063241010922e-01,-1.121789610457282621e-01,3.617363303562136367e-02,9.997323996019795433e-02,-5.155858672710016133e-02,5.809930265049727260e-02,-1.161023036388603852e-01,-7.184598373023340367e-02,9.833268726666437309e-02,-1.427378270075133349e-01,-8.249824895711356521e-02,-1.328116145571933138e-01,-7.082128403229247249e-02,-4.576596354892777108e-02,-9.612466920522354241e-02,-1.608972322918785225e-01,-1.893900295624469932e-01,-2.060364055304693687e-01,-1.212127661551010427e-01,2.788086298202204286e-02,2.457298238402057765e-03,-1.926755975417601685e-01,1.191150802219090588e-01,-1.694455090634077732e-01,-1.974215823558434779e-01,-1.465680048990930795e-01,-2.360805675371468737e-01,-1.476951734211065237e-01,-1.882024937348128202e-01,-4.558720041262263184e-02,-1.069497484486420583e-02,-3.042372560011329941e-01,7.154985216283191174e-02,-7.639115986364847233e-02,3.810816822016380861e-02,-2.494158187018058748e-01,-1.798172923208488094e-01,-1.892700991210204686e-01,-1.334647346181251810e-02
-1.210035139614950572e-01,3.823648610742522852e-02,-5.387773369906810605e-02,4.613494319050517184e-02,-1.628873486886781297e-01,-5.409531141090527517e-02,-4.723763025748993483e-02,1.202771573496842945e-02,-1.794053135128182153e-01,3.550357875264697344e-02,-5.838723993524237016e-02,-1.130675706892043386e-01,-1.708992430189442899e-02,1.630479416507613910e-01,4.786429229568505556e-02,-8.858862000806372317e-02,-4.661805360577329221e-02,-9.321714412551988793e-02,-9.939348598618065467e-03,-2.156331343004015133e-01,-4.003205252217743176e-02,1.618266328338253610e-02,-1.500519113553452633e-01,-6.370265085527977711e-02,-2.190265658331086440e-01,-1.304254779080308013e-01,-1.963295933542381078e-01,-3.077979410003290339e-01,-7.646135621587762943e-02,-8.050101529691060243e-02,-6.678974318018358891e-02,-1.015465228720990182e-01,-5.684143688184558479e-02,-1.652520992964251478e-01,4.130521378180957576e-02,-2.341446048819652292e-01,4.022829738502405744e-02,-1.503144563681663437e-01,1.243538321256303925e-01,-1.043697254258273976e-01,-2.143438602319142350e-01,-6.836460488949732198e-03,-1.064565831778455929e-01,-1.129757447846071738e-01,2.521885852686202995e-02,1.253668178436428970e-01,-1.334248823685668661e-01,-1.809287644733293676e-01,-1.237838722359452387e-01,-9.992802477077734891e-02,-1.065920307896028874e-01,-1.307224987782725500e-01,-1.168708942731997297e-01,-1.505161915867590516e-01,-1.311813138113361310e-01,-3.136669516920458783e-02,-2.140054511835920992e-01,-2.789456063996826329e-01,-4.945054800497561409e-02,5.504700399039252900e-02,2.291379268860774254e-01,1.553578401919150295e-02,-8.464097283895410939e-02,-8.529420871595556897e-02,-2.452485978456364346e-01,-8.232524959291645517e-02,-7.694400384821638295e-02,-6.101891461667342115e-02,3.055410770031721443e-02,-1.431938737588639154e-01,-1.457211160996997601e-01,-2.102201620770981771e-01,1.143400123948104703e-02,-8.076464316638450047e-02,-5.425775744641652548e-02,1.785920570043727368e-02,-9.278527683615053756e-02,-3.986382342348984004e-02,-2.447152059488097164e-01,-7.990144531806168959e-02
1.364431693345470875e-01,1.330718347729762351e-02,-2.168186694320587901e-02,7.196378594317677513e-02,-3.882706688231848252e-02,-5.705546525431572785e-02,-7.072334085446982388e-02,-1.340792840640297467e-01,-3.653239335041201519e-02,-7.270726161898209694e-02,-6.044246807684052619e-02,-8.444861680903224810e-02,-2.800058829598685572e-01,-5.306647739364293848e-02,-5.063319065684721010e-02,4.018513315262485508e-02,3.987565789879642802e-02,-2.116055560179136083e-02,-5.385029247302212246e-02,-1.146630900550789922e-01,-7.419805771175584652e-02,-1.373275137990092321e-01,-3.408883538242381273e-02,9.271432917023390841e-02,-1.156863128926900325e-01,-1.504557756360584975e-01,-1.387232833383348629e-01,-1.282744181699726760e-01,-1.060005390877050424e-01,9.762972905643481358e-02,-5.966828393507370848e-02,-6.037549214434789757e-02,-9.050777366708566418e-02,-4.093599263577964859e-02,-2.398172339311781809e-01,-9.141729055326714912e-03,-2.308046719187999973e-01,7.095488262251782585e-02,-5.912450533810213564e-03,-3.790130742829306374e-03,-2.617593285869538322e-01,-2.348382154548621370e-02,1.203593752446462800e-01,-5.598123718614766292e-02,-2.126634908315391467e-02,-1.715646327016967509e-01,1.284068763435678717e-01,4.014578087706161674e-02,-2.169265321225345988e-01,1.171696758586726894e-01,-8.982299879866632863e-02,-2.134525175955322759e-03,-7.202739964531085226e-02,-1.897483566028054514e-01,-6.684257041773164487e-02,2.575134033417722165e-02,-1.281121585624158954e-01,-1.659482803998995060e-01,-1.300626516419772505e-01,-2.177042634302061297e-01,-1.139520517662382521e-01,5.717212093446737836e-02,-1.599838774078649745e-02,-7.030536775747030231e-02,-2.736611275667351698e-03,-8.975034443922848271e-02,1.563858737540880367e-02,-8.075411163826232142e-02,1.245013311393552008e-01,2.398496183038439575e-02,-1.324636483307433665e-01,-2.478622651548181011e-01,1.852326214468915516e-02,-1.214706015209788409e-01,-1.533914798601198615e-01,-1.194054016913105171e-01,2.539429348140310669e-02,-8.998309281138898441e-02,-1.036264296024760473e-01,-1.299318718691762908e-01
1.404467124824845536e-01,8.860131974832313739e-02,-9.540670666616955786e-02,-8.868738351377689066e-02,2.893184612568451206e-02,-5.847131288075314154e-02,-5.122847660501477635e-02,8.281222040380762511e-03,-9.388428038776518159e-02,2.798547531633235018e-03,1.876277460382162754e-01,1.260988886907236407e-02,-1.838811458870803495e-01,-5.345498588236977794e-02,-3.489341992360920491e-02,1.283476403212187589e-01,1.807605005895650263e-02,2.370831555613965927e-02,-2.477264206815174286e-01,-8.717740863999015599e-02,-1.732391265051939078e-01,4.796853609598509399e-02,-2.288976300856920276e-01,-6.542423203967536773e-03,-6.825238114294703007e-02,-2.491619064164246611e-02,-2.322854276296560938e-01,-4.582975333753840086e-02,9.767656986872029490e-02,2.502818120823850287e-02,6.414430082785003984e-02,-3.374358684875860409e-02,-1.091998527675252378e-01,-1.283726405079301802e-01,5.079971410065442505e-03,-8.186934281705951499e-02,1.397005107565716386e-01,-4.714598135792285455e-02,-1.959662868756557874e-01,-7.837850408453664319e-02,-1.790146912961396441e-01,1.223508387258291120e-02,-5.231173140046838088e-02,2.199023071054440615e-01,6.643699101834996124e-02,-2.517642673337212034e-01,1.617031927457108706e-02,-7.144142100255727879e-02,-1.131727960096182151e-01,-2.291611898199677755e-01,-1.418213690857993980e-01,-1.578412753219922970e-01,-9.069363207227598700e-02,-6.206712929956922226e-02,1.993170961333384436e-02,1.319398982840364748e-02,-1.326140197185573522e-01,8.541906460716809646e-02,-1.066273608384946114e-01,-1.813577846844031116e-01,-1.235819851946469705e-01,-3.619778881327431752e-02,-1.078403953922650732e-01,-8.711588704379812087e-02,-1.392132073596473174e-01,-2.071048416716768092e-01,-1.060118700151392174e-01,-5.506549536291284463e-02,4.328712106832029172e-02,-1.693086652311950047e-01,-1.808284740446843286e-01,5.271173960815046799e-02,-7.167347203514551346e-02,-4.255347838018651296e-02,-2.717673850696811569e-02,-6.907854667433976741e-03,1.652726971634170192e-02,-1.644461476253971932e-01,-8.828851788696705227e-02,-1.851754568952092561e-01
-1.080362816983930357e-01,2.926123551521465221e-02,1.358182902731840114e-01,-1.197151712705720183e-01,-5.739693579602600862e-03,-9.155673407449345380e-02,-1.109930148565224095e-01,-1.277927073010027836e-01,-6.960030241325858291e-02,5.938962919076319624e-02,-9.276138512330041330e-02,7.254868288177535908e-03,-1.539810236690064647e-03,-9.234944278799941952e-02,-4.215722165398835125e-02,-8.641061431294638773e-02,-1.777560843475726668e-02,1.863359144669364253e-01,-1.156724343622654999e-01,-3.791727600845536811e-02,-7.604981375869176996e-02,-1.505633667722334756e-01,-8.825481311648086802e-02,-1.705525184611657030e-01,-4.027904725900894878e-01,-1.903556483991731274e-01,-1.574176987823433516e-01,1.851667204746142437e-01,1.718585744381776956e-02,-1.247758279765364409e-01,-3.515077837243939241e-02,-2.124983456094662881e-01,-1.217106878005896620e-01,-1.075506203534980360e-01,-3.542044966552225504e-02,3.095530653533042770e-02,9.007308107540695774e-02,-1.083364460375591948e-01,1.333890852743265520e-01,-8.239965391401944672e-02,1.888661938053710077e-01,-1.087010703572103137e-01,-4.485772920398232999e-02,-2.285186538889705798e-01,-4.489269068897304427e-02,1.418008359296107634e-01,-8.632358513459563454e-02,-9.757846839265883754e-02,-7.300775884197489851e-02,-1.562902463073742587e-01,5.959511779649739188e-02,-2.935056390069291088e-01,-7.528253825730944759e-02,3.411136315697748528e-02,-8.095628540240862314e-02,-1.236226307675914599e-01,3.192486453129246560e-02,-1.128814795922303549e-01,1.129073216491847526e-01,-1.659899979270200790e-02,-1.259925655259593602e-01,-2.032525255148943943e-02,2.724245108548041527e-02,-9.832571010815784052e-02,7.616715383341408907e-02,-9.313553703996427235e-02,-1.269310823358193174e-01,3.762557779449686446e-02,-2.481617530406345345e-03,-9.885698491218052053e-02,7.538056969736091351e-02,-9.370726714609632635e-02,-2.194980730563275972e-01,-1.979823242793454091e-02,-8.929743836836469273e-02,4.275531826824133241e-02,2.461534351267918863e-02,4.079258430330170992e-02,6.377385841828903112e-02,-1.549624461936262576e-01
8.392226813540538954e-02,-1.623692264800570828e-01,-9.240396791116220476e-02,9.863541753650102717e-02,4.598162265188010522e-02,1.205345147973619219e-01,-4.263212812708484789e-02,-1.092395779169326453e-01,-1.336289014658302299e-01,-1.430050239762202871e-02,2.209468959167782964e-01,-1.398860043420174434e-02,3.816978274100556873e-02,-1.598530959734179857e-01,1.196998513826558613e-01,-7.244855453588741612e-02,-5.390035585461502854e-02,-1.503568777659161360e-01,-8.570926445142611205e-02,-1.984263272979632786e-01,4.161071298307739315e-03,-1.980771259501416803e-01,3.131009878998081055e-03,1.469289693672276402e-02,-7.163578543224759232e-02,-1.006811961431970659e-01,-8.679417912836220883e-02,-9.379589701494693565e-02,-1.883590540328135554e-01,-1.174819454087005083e-01,-1.026367671744573195e-03,-8.378534895654481118e-02,6.335406364732190654e-02,1.464083648795399401e-02,-2.228958001364532981e-01,-1.965397697226844986e-02,-3.815901922577029370e-02,-4.376808603801462388e-02,-1.518313114441162959e-01,1.432356027794800535e-01,6.941448027882198522e-03,-2.447274421278285983e-01,-4.333659718265280708e-02,-1.299263826311475856e-01,-1.154250646523153068e-01,-1.253358556923114264e-01,-5.768385244051814353e-02,-1.227006430344083354e-01,-4.652425607311830996e-03,-1.365649291653973051e-02,-1.495369460591055855e-01,1.060513897046084508e-01,5.930367605232901747e-03,5.825378174469939691e-02,1.157356967144549109e-01,8.594389920657240223e-02,-7.968346224729187799e-02,-2.419049864984158527e-01,-1.180602725156580241e-01,-1.321808261615942115e-01,7.949153524340499266e-02,-3.257254521644485645e-02,-5.540997112412825165e-02,-1.412401649169651163e-01,-5.788824613099092381e-02,2.740087574241142042e-03,6.104347374165586086e-03,-1.525631531136505126e-01,-6.788401006276081895e-02,4.094691845108582029e-02,-1.484253975305845630e-01,-2.841457593768191292e-01,-3.095831519268375104e-02,8.794273670513833019e-02,-3.610096860678113639e-02,-1.950347913138562872e-01,7.505239787884028513e-02,5.930219547047901191e-02,7.989871745280066606e-02,-6.895645679473449974e-02
-8.619506260812155596e-02,7.141225281628232890e-02,-6.085416295186152347e-02,-1.034264142299331224e-01,1.118132603087277493e-01,2.210599010965368094e-02,6.550018219094561056e-02,6.831909003546447756e-02,3.782836809018882279e-02,-1.870627644533595091e-01,-1.165363249105576121e-01,-1.302993047935528115e-01,3.556541913509544267e-02,4.743749196116753275e-02,-3.203633309182549876e-02,-6.516865030650417778e-02,-1.696894281555208772e-01,-1.547410079640136327e-01,2.270274956415517867e-02,-2.584288325735662611e-02,-1.838096598528171366e-01,7.435190409504736919e-02,-1.186347132317049219e-01,-1.142132341599269019e-01,3.723405285910950935e-02,-1.944147169729511515e-01,-5.550819447924916494e-02,-9.301258132530064449e-02,-1.660704233190296308e-01,5.604901439619703468e-02,-1.927001007211897599e-01,-2.081504612623651940e-01,-6.124670821449576530e-02,-1.583482380070048712e-01,-5.464054574014495097e-02,-1.414789437320888299e-01,-2.781497847947925206e-01,-1.247562891707187094e-01,-1.314503011474062732e-01,-1.333614500637653466e-01,-1.030093852545603123e-01,-2.058205904659097252e-01,-1.435166284149203830e-01,-1.681435282191864056e-01,-1.167625716022648030e-01,-6.760826757330508363e-02,-2.032516421883128754e-01,1.012215722003538890e-02,1.714199522963505418e-02,1.208848295370292952e-01,-1.284496845032022105e-01,1.479064125272339146e-03,-1.553342320914350705e-01,-1.434653088842492985e-01,5.082199460196778346e-02,-1.140754375256844561e-01,-1.497886215434687252e-01,-9.738710539437517300e-02,-1.944722001583574778e-01,-5.171424922760948367e-02,-4.378993733129733779e-02,-9.601941693317668503e-02,-9.555678942771696216e-02,-1.261473164934182600e-01,-4.748408573295252039e-02,5.418715796441184868e-02,-4.166628804830905392e-02,-2.751597957285236221e-02,-1.993022033217631619e-02,-1.697623679193122070e-01,-2.743028758774752052e-01,-8.109380125794762861e-02,1.115896224762927616e-02,-1.581441421674854159e-02,-5.531507474141796749e-02,-1.683610880308663016e-01,1.295266081513383842e-02,-1.715839889770611471e-01,9.736399535380409198e-02,-3.097578899424170973e-01
8.885549432060792230e-02,8.423940244056539461e-02,9.581469753038766857e-02,1.084826719841383430e-01,9.040217961540576719e-02,5.571945088249294353e-02,7.798132092286039208e-02,-7.775697122034047615e-02,-8.998430992519770855e-02,-2.347166515798212311e-02,-4.495610062729434725e-02,-6.053544818156897812e-04,-1.058914776358412524e-01,2.516535933856865401e-02,-5.535964479217701795e-02,-5.198795855712376457e-02,-7.446671219339152069e-03,1.382922380568199494e-02,-9.550117134090359283e-02,-1.623920891362179153e-01,-1.962156544454714659e-04,-6.531262244419099028e-02,-5.097367310829790076e-03,-3.050612711846617878e-02,2.349342855669379199e-02,5.557227671903945676e-02,-1.333131098104545775e-01,-1.936363850011471044e-01,-9.405354502870531819e-02,-9.758458258997808332e-02,2.559890249916002905e-02,-6.832509790625523882e-02,-1.902210599481509445e-01,-1.291020153416750360e-01,-1.276432441185084421e-01,-7.381259440866162758e-02,-2.206958983607101021e-01,-7.802893319470864675e-02,-9.944521253526907023e-02,-1.293217379270314160e-01,-2.214037987103600613e-01,-1.210080662787583056e-01,-2.687917982479111345e-02,-5.657048774873147529e-02,2.265582157130863195e-02,-1.437180650133774995e-01,-7.419707927182256357e-02,-3.256205184707564038e-02,-1.101505566389102131e-01,-8.672626196251698172e-03,-1.786788620477298140e-01,2.091976527166706373e-02,-1.364320074957668938e-01,1.081889547851714976e-02,-2.762484291938260283e-01,-2.039109777738156437e-01,-8.849887803834456321e-03,-8.438479933447062820e-02,-8.649547759814583958e-02,-1.049666280226442192e-02,-5.407478065525225287e-03,-1.429314588433225064e-01,-1.869983125586366091e-01,-2.239546905186256820e-01,-7.181833955645253176e-02,-6.564867821479339338e-02,-1.236552000457130790e-01,-1.200068298754268688e-02,-3.786313241238341981e-02,3.322579256712992340e-02,-1.806910890354136157e-01,-8.022409191757953750e-02,-1.346508592008468239e-03,1.860159634568123513e-02,-1.335942277954732804e-01,-1.692356916958460133e-01,-1.415058141559875360e-01,-1.029813171819530804e-01,2.272021363549112799e-02,2.905254995172438723e-02
2.361591468814415729e-01,-8.252886501456058177e-02,1.389909626308546697e-01,9.609157339265905762e-02,-9.511318755344225218e-02,-1.240677571011319508e-01,-6.046513234911432208e-03,-3.052208639702901072e-02,-2.289575327457142040e-01,-2.634277263740711361e-01,5.520180930169804427e-03,-7.536721418293881869e-02,4.456810182319676655e-02,-2.224571654668004161e-01,6.371206335040693891e-02,7.665118230472066363e-02,2.028544444074118283e-02,-1.626711138161658632e-01,-1.277093221348751251e-01,-1.650345599261704987e-01,-1.789831882515175998e-01,-3.429676428373755188e-04,-6.256541680350292955e-02,-1.551212339664175544e-01,-1.305573161617344657e-01,-9.502649731401309474e-02,-1.994855391444813608e-01,3.748591612676958895e-02,4.050861075567594588e-02,1.612025609755229818e-03,-2.674235991044624644e-02,-3.543325207454743608e-02,-1.856790037034752594e-01,-1.864991699105613132e-01,-1.959898165393382241e-01,-2.564842748448795673e-01,-5.043589405776670309e-02,-2.508214216110190575e-01,1.604959248169215980e-01,1.364554288459220444e-01,-1.333855473454362839e-01,-1.219238945529181189e-01,1.712465054563214531e-02,7.014320761353337597e-02,9.163192136693268375e-02,-2.382217796704691193e-01,2.864685178539111074e-02,-6.607299031898737629e-02,-2.803394095922465135e-01,-2.814839881206113170e-01,-1.332112087213918605e-01,-2.462570201893190258e-01,-1.640731406495244196e-02,2.657964573607148398e-02,-5.558636560288523348e-02,-6.853914354902426731e-02,3.719941976297647807e-02,-2.353796694133276080e-01,-1.891352835104536667e-01,-1.812854194352411796e-01,-7.264840669567393383e-02,2.845736308731954337e-02,-1.787457208034998191e-01,-9.765479191069201259e-02,-4.643018222635097308e-02,-5.488075349846298009e-03,-2.225383990854605532e-01,1.436848443468940750e-01,9.144189457061281667e-02,-2.931276930721644636e-01,-1.826111962473259479e-02,-6.589889079116501361e-03,4.662457054910441878e-02,-3.181584515502719479e-01,1.336503516798132063e-02,8.690547806411465237e-02,-3.168284193015644817e-02,-1.341950067918321055e-01,-1.132804616803476383e-01,8.274201123228788757e-02
9.572617255486573495e-02,1.279483428077224094e-01,-1.459362042576097529e-01,-9.880275080205282168e-02,-9.087565098838237820e-02,1.396351115364915241e-01,-1.385989634784756119e-01,-1.565739254835379068e-01,-6.002656049429361956e-02,-1.368055917765770568e-01,-2.764507508015692228e-01,1.383808343053244128e-01,1.340978639212452861e-01,-1.729363879394953674e-01,-4.183886313970616722e-02,1.496826518083632998e-02,6.356833857210081318e-02,-1.110925217293961750e-02,-1.749389615327040862e-02,-2.974131794909042337e-01,-1.595659346546229526e-02,-7.037659506034825430e-02,4.914458564250866884e-02,-7.933596909146170897e-03,-1.014856865828026589e-01,2.341405616982507581e-03,-1.414927094477262115e-01,-1.421872892863905100e-02,-8.700553271630674657e-02,-9.910682393602313067e-02,1.436237688668113022e-01,-1.092485370215957735e-01,-1.165133701204556643e-01,-2.502806664387489943e-02,-1.342406203976594659e-01,-2.741206169397134712e-02,-9.381017311867463626e-02,1.203066975906225688e-01,-1.675042191454100271e-01,-8.159868539998682557e-02,-1.944637722625139342e-01,2.669602497224210849e-02,-1.156208826222621250e-01,-1.756089612550231494e-01,-1.643462854048478861e-01,5.174618707258534650e-02,-2.229585963383867719e-01,1.042665202356402865e-01,-1.155844504458573840e-01,6.926178035760791052e-02,-1.155244179435767904e-01,-1.054286808302442452e-01,-7.163378799786060402e-02,-1.620214184296469573e-01,-1.104966073412307487e-01,-8.585350538427423406e-02,-1.036789729007605992e-01,6.094990861578433727e-02,-9.727889236452254285e-02,-1.594500917088653713e-01,-2.420131164324511031e-01,-1.263066613572909336e-01,-7.220789329903135045e-02,-1.447290169568180851e-01,-8.711852383772680786e-02,4.145268593858231210e-02,5.800402451833810286e-02,-6.187287906939227533e-02,-4.976559409429668485e-02,-1.859273505565199047e-01,7.132950746842589562e-02,-1.306277021773827596e-01,-5.708331879018640337e-02,-3.657458279670303819e-02,-1.148321422221027371e-01,-3.053055145051747701e-02,1.337531032723366375e-01,-1.170943172079923211e-01,5.581306734908750289e-02,-2.744323022188824984e-02
4.049327539583572055e-02,-8.621435217983960952e-02,-1.143702181125470646e-01,-1.822915517716451606e-02,-5.599587808638893660e-02,1.458878478057550054e-01,9.544232139268053403e-03,-2.153445717435940321e-01,-1.181191951619227701e-02,3.334237239670889696e-02,-1.205385735872049197e-01,2.399793648638648413e-02,-7.129911328125287939e-02,-1.552232017385228313e-01,-6.629462869972346795e-02,-2.934599083495193494e-01,1.191780577547988662e-01,-4.732112915384032586e-02,-1.220836274288317064e-01,-5.566491767812227660e-03,-5.954890647860270475e-02,-8.447063359150019501e-04,-7.647612306074226540e-02,-1.080660780345294170e-01,-1.286502460126277281e-01,4.584954854175647340e-03,-8.555403640038729274e-02,-1.260238769391457958e-01,-2.033663135065028882e-01,-7.805593241416614037e-02,2.497574153085431112e-02,-1.287083871544558722e-02,-1.272135289586611706e-01,-7.270850212747789754e-02,4.342090349288933038e-05,-3.913638983604295768e-02,-1.275195554158398414e-01,-1.772575840710478023e-01,1.105552381308200494e-01,-1.156143138508294171e-01,-5.140866054501382759e-02,-2.675847690735018158e-01,-6.525053821083025285e-02,7.721285162456631435e-02,-9.769741707409007603e-02,-2.086007198336300161e-01,-8.813712265046658167e-02,3.882311513328377123e-02,-1.467331927254977575e-01,-1.489333724950327731e-01,4.644939386532056375e-02,1.603238614376297291e-02,-3.271351151233093946e-01,-4.391563479546926885e-02,-3.968466442088095653e-02,-8.990230394122468438e-02,-2.416677102754437867e-01,-2.224198746117597159e-01,-1.916787138172604821e-01,-2.517046689499324308e-01,-1.228947935413854664e-01,-8.738934525219729799e-02,-2.216596577120365785e-01,3.815351032992088907e-03,-7.410938625490115159e-03,-1.091438285479052681e-02,-5.039700206421409562e-02,-2.386770450497096019e-01,-1.534438161927217936e-01,5.992491176906186018e-02,-1.069890792860425932e-01,-1.347021846665984179e-01,-1.484140359141704162e-02,-9.055694443005059269e-02,-6.600193801652615155e-02,-9.743262026652850516e-02,-7.778135940851919894e-02,-1.171269269017938541e-01,9.165806967603029598e-02,-2.028242181121320264e-01
-7.990407905987262360e-02,-6.656775762149133580e-02,-1.219005311191264512e-01,-1.295179518503912497e-01,-8.901550277309372428e-02,-4.533159695208786172e-02,-7.267151216879598474e-02,-1.411253360931351009e-01,4.689324582096236066e-02,1.671508755074705907e-02,-2.100099973120494734e-01,-1.816904648777047451e-02,2.154297190007073079e-02,-4.702135650550125917e-02,1.213137319134164060e-01,-8.426825331080103898e-02,6.095937333084059523e-02,-2.028632356049127339e-01,-4.333264250985498223e-02,-1.208313555700476771e-01,4.520219329640703249e-02,-2.044030777963444512e-01,-1.273923101443744099e-01,3.783089694478051785e-03,-1.477353475475981226e-01,-1.159050685392551544e-01,6.702165118865902743e-03,-6.852432193800679638e-02,-5.214714319307724860e-02,1.165214208726026851e-01,-1.202216082459130891e-01,-1.223915578065636750e-01,1.633216268563725537e-01,-1.747711567167989366e-01,5.637571847096068539e-02,4.539859083704422121e-02,1.071054953938010423e-01,-8.189075129565746847e-02,-1.264639352915937209e-01,4.716018190249827990e-02,1.358819563466381452e-03,-2.713808020495598328e-01,-4.122511524471962618e-02,-7.615902854725019322e-02,-1.360502767367046117e-01,2.307964066920754204e-02,-1.386933876698802082e-01,-2.082372046624056394e-01,-7.503740432272171246e-02,-2.088059206234227361e-01,-2.724680967158252809e-01,2.554992759512855413e-02,-1.843800694924822292e-01,3.407501345966678502e-02,-1.476897392835663514e-01,1.479008316120044783e-02,1.203991175001328517e-01,7.311261635066743439e-03,-1.367204683726534198e-01,-1.915129972378150636e-01,-2.450952495179973822e-01,-1.268715666651500373e-01,-3.302870690243819851e-03,3.489355093651639456e-02,-1.189621760965770512e-02,-4.653093457872051891e-02,1.973607808075549530e-01,-2.227316179398537155e-01,-7.766964526813555092e-02,1.124798604267584351e-01,-2.895974410245198416e-01,-2.440720012975216568e-01,-5.003810688648429456e-02,6.328848398538902686e-02,-1.221389509254263983e-01,-6.143936435706641788e-03,-1.060046948185568022e-01,-6.059379552058006407e-02,9.584251958234800417e-02,6.302049154255530417e-02
-3.391765029982267421e-02,1.485829835755617390e-01,2.406299342390438856e-02,5.414508457234148975e-02,9.792751500654393870e-02,-4.259624529745505150e-02,-7.709566173902454578e-02,-3.308255190652470423e-02,-9.643881224395516039e-02,6.981955743213995313e-02,7.801590094812096976e-02,-5.498863026421408479e-02,8.794030813191507090e-02,2.355641562578944179e-02,-1.365103455134007437e-01,1.948789132659002263e-02,-1.218756765734966552e-01,6.773186888191071175e-02,-4.029576446750778723e-02,-6.032400508277027673e-02,1.288277044644973446e-01,-1.614359125956877639e-01,-1.268081177322538389e-01,3.930104293937996401e-02,-2.213506984574543091e-01,-2.117041523079125631e-01,-2.094305528905078193e-02,-1.381107225842718167e-01,-2.277093016933596503e-01,-1.085770817407369013e-02,6.437246645159501457e-02,-1.621645694353887612e-01,-1.444454527592962667e-01,-4.970815749158184749e-02,-1.604477408370471869e-01,-1.573767426037582517e-02,-8.548773552793687003e-02,-2.848461025351528009e-01,2.668432138357447123e-02,-2.916978980667623289e-01,-1.824296747111475159e-01,-2.769779257832449826e-01,-1.771143262336133117e-01,-1.070302970516090746e-01,-3.240988019181665347e-01,-2.751644923526988529e-01,-1.298545160916074748e-01,-4.234201164153741925e-02,3.825519093610804666e-02,9.402893326329858636e-02,-1.984411878552984621e-01,-1.439351485345493342e-01,-6.937310117029760193e-02,-8.426605174438300816e-02,-1.102818267947233422e-01,-1.265396628182504091e-01,-2.441353640403968461e-01,-2.360125911843473090e-01,-1.886794377887923146e-01,9.961626378576593152e-03,-1.072530797906855876e-01,-1.331551265758204039e-01,-1.845790715776671198e-01,-2.965338568237543479e-02,-1.478941005104549844e-01,-3.897091948711461917e-02,-1.392057071561884629e-01,-2.230109244008185165e-01,1.900617366030976586e-04,-7.833902255014160709e-02,1.868114401873091981e-02,-1.128499011464944302e-01,-1.121352343296631721e-01,1.443678713911417458e-02,2.687283889155122479e-02,-7.827502612832420298e-03,1.101753531575898892e-01,-1.253409388365316901e-01,4.080653645226887949e-02,7.670543796287002114e-02
5.529710565009991752e-02,7.866188121044387360e-02,-1.037961848845800616e-01,1.723556470101856308e-01,-1.028378259022933311e-01,1.828460721161958846e-01,3.802801583926897211e-02,-1.398720962499211684e-01,1.720951215551869140e-01,-3.522290204825303389e-02,1.172495598693771152e-01,-9.098028912124958567e-02,-1.756216259889797349e-01,-2.114819358129953544e-02,4.897583448652677307e-02,-1.495100403675464484e-01,-1.946842007167982613e-01,8.625415319383150647e-02,-5.666978320132647767e-02,-9.076334905884596294e-02,-1.232286551802575653e-01,2.535162509371226974e-02,5.933726016655727770e-02,-3.833884213994752377e-02,-1.991296006972436694e-01,-9.499912071701194227e-02,2.371775246333311313e-02,2.777244274155119333e-02,2.652910051325090834e-01,-7.671859643269415829e-02,-1.082456360140467422e-01,-1.004315432463372126e-01,-8.529014253612006435e-02,-4.476055338149040330e-02,-2.626904945757318477e-01,-3.027519827259146923e-01,-1.401095268645784764e-01,-8.891663950288816731e-02,4.785590541217210614e-02,5.397088055720316788e-03,-9.243224751730387545e-02,-1.724409499452675132e-01,-2.865523554753121038e-01,-7.476180292689321716e-02,-5.842458600944577807e-02,-3.912776751302981387e-02,-3.415368707504470303e-01,-3.118379343471363793e-02,-1.919010130387507340e-01,-6.342295955595227130e-02,-1.713015471910586396e-01,-3.121062644911329342e-01,-2.443435967474871448e-02,-8.480353488121201988e-02,-1.400369485088527599e-01,-1.872869719582175409e-03,8.067853364495994328e-02,-2.368216124480417017e-02,-1.641207022651323399e-01,1.642419348482871688e-01,-9.636650367290844343e-02,-5.997705184338694012e-02,-2.438620044687845045e-01,3.736315090534909206e-02,-2.713067653308990912e-01,-2.895042703188566713e-01,1.537492240026685220e-01,-5.535207567439407415e-03,-7.165409124361479809e-02,1.059464229823199252e-02,-2.244263910837143994e-01,-1.796244892450597486e-01,8.444100865438228243e-02,-4.623734300631480998e-02,-1.306380979427746447e-01,-2.459360459056211118e-02,-5.558169741712067589e-03,7.538142575542518264e-02,-4.464133820828053434e-02,-6.325470780804488824e-02
2.340663847090181937e-01,1.593943267557410698e-02,1.078604913168186852e-01,3.013249637403083575e-02,-2.059527549494770404e-02,-1.428933931869138807e-01,2.084414566514389278e-01,7.221956603965301591e-02,-1.902578410923097540e-01,-1.412315676648501772e-01,1.082596502942327231e-03,-1.960874525808758706e-01,-3.581249687869531712e-02,-1.139194986418837902e-01,-1.088177355489469006e-01,3.190102947998534055e-02,-1.494954095605004474e-01,-2.837273602467962202e-02,7.776323122635106500e-02,-4.734982431099554051e-02,-1.847318862236471959e-01,-8.645094737522269687e-03,-2.778189135503935162e-02,3.964859952638902924e-02,1.405215696573040574e-01,1.969755260402735950e-02,1.704826927414564500e-02,-5.332272747338494268e-02,-1.274261392056623976e-01,-1.088293907088302287e-01,-8.689993180328878242e-02,-4.696287359243457582e-02,6.408802157568971661e-03,-2.281278795332683518e-01,-6.768324240915277179e-02,8.836133727717025016e-03,-1.716370390992221495e-01,-1.356688328583513514e-01,-5.741740883205856058e-03,-1.359374703085157732e-01,-1.776094235340416050e-01,-7.647523296120710412e-02,7.538272888109153868e-04,-1.804265302302939800e-01,-9.213824546563881279e-02,1.363280061463071346e-01,1.537747013070164988e-02,-2.591458149765924479e-01,-1.169465546724639954e-01,-7.419450018916728951e-02,-1.357040721282269102e-01,-3.064464091851071270e-02,-3.360458262824869702e-02,3.106602210577762146e-02,6.484906426166321680e-02,-2.625654760602324500e-01,-1.142016449791092431e-01,1.402437584114752528e-02,-1.165740702775363430e-01,-1.922954569272894987e-01,-3.514341290950959151e-02,-2.139783842532180236e-01,7.895668495590515978e-02,-9.904565369597957691e-02,-1.606655424715049407e-01,6.882141798570064195e-02,-4.450108519498512105e-02,2.124602695741232075e-02,-1.317858312155523459e-01,5.450658884541591254e-02,-1.118601903085660737e-01,-1.896761244269185714e-02,4.870087548946601397e-02,-1.114317154320777215e-01,-1.189678974166449577e-01,-3.971187328864845406e-02,-1.418370391362652194e-01,-5.573048144273750476e-02,-5.159509686058131456e-02,-2.506250252229210718e-01
1.279487747476433512e-01,4.994509486020623501e-02,-2.796752022214021166e-02,3.306180028685171135e-02,-6.495532901782870641e-03,8.409456760465917891e-02,8.281925113669230676e-02,-3.485638485641538720e-02,-5.926920318543094091e-02,-5.762549597266632129e-02,6.240470992843015485e-02,-2.572215742765243673e-01,1.329585591428382174e-01,-1.461567451648152494e-01,8.670902860000705148e-02,6.517564144662756076e-02,-1.010003980549163821e-01,-6.804632797870342753e-02,-5.826362561003182311e-02,1.120172189606729873e-01,1.044101955998131548e-01,-8.305834831431684051e-02,-3.034320666947408832e-02,-5.782239771777889642e-02,-1.297847795042588737e-01,8.834823706028747947e-02,-2.870057563823419366e-01,-5.103913527269873102e-02,-1.221244112475233928e-01,-1.253128469575567061e-01,-1.115732629641803253e-01,1.346279014424931267e-02,-1.187722804814641819e-01,-1.727632101764485784e-01,-8.615643054855516569e-02,3.749209107342959396e-02,-1.041114571308826287e-01,-3.161101011863218235e-01,-4.782762800355282173e-02,-1.429240657647045665e-01,4.480714551841881443e-02,1.258834055698431209e-01,-1.095440219573317192e-01,2.349763803193013686e-02,-2.057148461410930051e-01,-2.537443646043350404e-02,-1.675428374813300036e-01,6.107038402596102339e-02,-3.049271951574127892e-01,1.046593133958131742e-02,-5.519904126079902551e-02,-1.239069449379433425e-02,-3.064937318910279304e-02,-1.705984653167617604e-01,7.182977619407053538e-02,-1.491401990314774884e-01,-1.193129060498644284e-01,-4.977561489422505786e-02,-8.282110231402629863e-02,-1.915911536190287034e-01,-8.439370913618009229e-02,-5.005459063564052929e-02,-1.969631188988350545e-01,-2.472634336934737553e-01,-1.733965736528375046e-01,-6.620550668356561808e-02,-3.489433586885710287e-02,-4.553754537175347394e-02,-3.005990018015101128e-01,-1.611579736535720397e-01,-1.550773695504233940e-01,4.463499153478269615e-02,-1.642566048324965722e-01,-1.143207116615879149e-01,-1.026046063176575818e-01,-1.263263533604462308e-01,5.108953454343992395e-02,5.291780898294895334e-03,-1.026813284594983444e-01,7.049623359336854023e-02
-2.515405673084603749e-02,1.001695691598542826e-01,-4.179415516798350855e-02,7.665779428572679034e-04,-3.501027420804112694e-02,-1.572215747659216623e-01,-1.101714004906563793e-01,1.155207898005412154e-01,-7.805680339971796111e-02,-8.677677459886835865e-02,-2.846390437652045885e-02,-1.614176617388252827e-02,1.948629700976672874e-01,-4.045493961774766778e-02,-1.752600595685748219e-01,-8.059747494199960560e-02,-9.150120512606448042e-02,-6.991561287222883281e-02,1.179249796259243394e-01,-9.032554890885148569e-02,3.736944670829904502e-02,1.426151656255728317e-01,-4.336958435502970971e-02,-1.243350935533090867e-01,-8.515883049918530900e-02,1.628118390103235058e-02,-4.296464301544299785e-02,-1.630703932513992704e-01,-3.595810906742420016e-02,4.308601715755008138e-02,-1.621267697279183961e-01,-1.497962553611256915e-02,-5.251181950695552741e-02,-1.251067965940772519e-01,4.836974496350830016e-02,-2.730668407318892488e-01,5.842613903367583489e-02,9.804212084408665817e-02,1.341632543015392753e-01,1.588265289488976495e-01,3.900341940899425958e-02,-1.334410734183056890e-01,-6.120158426179814898e-02,-9.399167698305203877e-02,-4.340408328933294951e-02,-9.590998995798120930e-02,1.049018850710405348e-01,-1.204961225319050033e-01,-1.592554200245073770e-01,-1.351411402484647140e-01,7.656699481735923518e-02,-1.764887446362999046e-01,-1.097007019451819686e-02,-1.826191118302463723e-01,-9.305097148102037252e-02,-2.197319612045546544e-01,-9.252006371002556573e-02,-2.246785545016544705e-01,1.907529783574798076e-04,-7.016895643360684942e-02,4.327336769303557693e-03,-3.359018080373999404e-01,-1.197600680808332679e-01,-2.066581133170081741e-01,-7.862448821324452553e-02,-3.041216905815987553e-02,-2.522006560033253075e-01,-1.546837133299698575e-01,-3.876637490817940596e-02,-6.955944949120923537e-02,-7.936179263735017309e-02,-5.088622676395517658e-02,-1.983139662636670963e-01,-6.438564712451641525e-02,-8.170469584355255499e-02,-2.756832013423251015e-01,-2.159289014466495016e-01,-2.581766430925578476e-02,3.940992407152030946e-02,-9.580572820899692366e-02
-1.057218601297967575e-01,-1.275197717736064815e-02,3.688479101330045806e-02,-9.682072165445042983e-03,-9.467960826276818065e-02,7.278034204364486337e-03,-1.032527982696487545e-01,4.826222335436314986e-02,-2.806156163597629816e-02,-1.486548820538094451e-01,7.432780875050041917e-03,-2.531507039534075867e-02,-1.421338788028938260e-01,-7.632587541752954008e-02,2.578223437482145622e-02,-3.427293898947115225e-01,-5.025691044592502099e-02,-1.864717213794122308e-01,-5.283281264145753275e-02,-2.430441120278354350e-01,3.670902229261622683e-04,-2.043366920174179147e-01,-6.573015373100749015e-02,-1.223122332524482180e-02,1.228538350036485066e-01,-2.540320157387020994e-01,-1.526105570083765572e-01,-1.028037881841197126e-01,3.312141520665408401e-02,-2.119029744711786734e-01,-1.859922894311026864e-01,1.086489967100876496e-02,1.065527107142318075e-01,-1.820553645012194244e-01,1.742296029812890126e-02,-1.729587080363058638e-01,-1.873224271900392202e-01,-1.762040308274093747e-01,-1.285972975445449085e-01,3.205730656806734385e-02,-1.068256353764572147e-01,8.389241625106272360e-02,-1.729295794443037881e-01,-1.892824568688721842e-01,-1.820356120566297281e-02,-7.851409041707850534e-02,4.519752873628678919e-02,-2.543792341261195966e-02,6.100571168070412567e-03,-1.283986692467661006e-01,9.313940480327301957e-03,5.022452394618381541e-03,-2.142964562935420758e-01,-5.276527148575047704e-02,-1.298538809647366288e-01,-9.355815588639279645e-02,-3.010381321268950083e-01,-1.996192839343686742e-01,-7.669125824580400042e-02,-1.694012624945288870e-01,-2.237691814946642446e-02,-1.631412961260903238e-01,-1.415048692718015068e-02,-2.621321399142928499e-01,-6.953093801708423727e-02,-1.335213713555877535e-01,2.892206981318159315e-02,-5.990656203026194226e-02,1.824443896241262700e-02,-6.041395157340348487e-02,-4.566600315418811729e-02,-7.941378726609067684e-02,-2.316615310805966998e-01,-1.322878802230109396e-01,-1.322199041505925377e-01,-2.702621569505768151e-01,-1.458403366309047045e-01,-2.356580079288466897e-02,1.220572266764761160e-01,-3.084817731531729751e-02
5.964158772550227916e-02,-6.706934506828501896e-02,-1.125465315957984852e-01,1.160389772055016727e-01,-2.043173251230745099e-02,-1.248036994161363655e-01,5.168257687114392873e-02,3.672990794798212943e-02,-4.974591878414511004e-02,-1.912129118076189016e-01,-4.772711195296490405e-02,-2.392052658567193069e-01,1.712604312507081672e-01,-1.271413359169276391e-01,-1.835381379553798487e-01,-1.091600971797789393e-01,-1.699492451185133646e-01,-9.438562819523962921e-02,-1.510173208903044517e-01,1.378208762102924381e-02,-6.652791579061660687e-02,3.461453911113362026e-03,-1.248171364886837970e-01,-4.261046153944526849e-02,1.455580122091302830e-01,3.490048950261407518e-02,-2.538651103390586194e-01,-1.666486034518669390e-01,-2.054872872027953545e-01,-8.135667980585278847e-02,-5.226753702568050393e-03,-9.852708177393974809e-02,-8.009971669401633187e-02,-1.605137308588089062e-01,-1.590535449243322963e-01,-4.838747865268690912e-02,-1.752618705948923716e-01,-1.830943939767481696e-02,-3.850596686017431630e-02,-4.469367338139743767e-02,-1.524653588797554860e-01,-7.672454585206131550e-02,-2.321174130572688787e-01,-9.026041861386542575e-02,-1.814368328876036773e-01,-1.148003468308971403e-01,-1.384163293750061141e-01,-6.617508243082588504e-02,-1.802700376077885358e-01,-3.795631753598293495e-02,-3.560877459802950229e-01,-2.571656339526434132e-01,9.182768478498738729e-02,-1.396160060202421005e-01,-3.551548436032362505e-02,-6.739414235488536131e-02,-1.646843142625537271e-01,-3.456407322208879251e-02,-1.036827162608885272e-01,-4.817736691529311138e-02,3.945666077874779298e-02,-2.280424814777087250e-01,-2.949371725382823883e-01,7.251282444258076026e-03,-4.681649655581299890e-02,-3.077724047582764966e-01,3.727494431709666572e-02,-1.236655648245159611e-01,-3.335372350796139695e-01,2.445147681595487635e-02,-9.142799271800304550e-02,9.223370737808610914e-03,-2.007657927914228702e-01,-7.748845589284837632e-02,-1.636694468268759181e-02,-1.266525752399559612e-01,8.191250858747525787e-02,1.970240775608505385e-02,5.306354025936365487e-02,2.586849573721600290e-04
5.497190914497956243e-02,1.421334644615350196e-01,1.556523093662651180e-01,4.151326799099330778e-02,-9.841607965609029673e-02,-4.575760595318316415e-02,7.565155225064752742e-02,-1.195767674627121607e-01,1.969147145664867579e-02,9.201850406997326426e-02,1.037590358621582193e-01,-1.349951561770857122e-01,-1.341558054165168379e-01,-1.193714626992842809e-01,-5.917291428252418467e-02,-1.143874138103646437e-01,-1.516972690448576411e-01,-7.617657183678666621e-02,-1.412375252923470381e-01,-6.254744084502968093e-02,-1.102904690716274144e-01,-1.567625542903574865e-01,8.027805524371040349e-03,-2.115686161470111126e-01,9.263187549564106879e-03,-7.438705959430072512e-02,-9.330539717888276796e-02,-2.230904833971804613e-01,-1.376721342987226315e-01,8.912421952951721238e-02,-7.424657071084014848e-02,-6.317345805611514599e-04,-1.234447704583218758e-01,-1.606606612205521353e-02,2.468271512712797919e-02,-4.756511331988547836e-02,-1.234281718731707056e-01,-2.243946807666832161e-02,-2.745971881316585858e-02,-5.294976591474782196e-02,2.325895966313706181e-02,2.756291130155853406e-02,-1.387755726107142151e-01,6.911439505445459916e-03,-2.540985905808470502e-01,-9.880836754108986153e-02,-6.054597146436318383e-02,-1.299435090024735617e-01,-1.993026733870735812e-01,-2.124383851337262596e-01,-7.827192471362112713e-02,-1.991354552895491792e-01,-1.618400540655337838e-01,-2.378707825581327928e-01,-1.112925564349253327e-01,5.314185042701231876e-02,1.920904935328517082e-02,1.013060527272176964e-01,1.513747788164439452e-02,-8.458443762594423931e-02,-6.861659021110329271e-02,-1.815251864038993912e-01,-2.138746969138329568e-01,-1.112781862085735277e-02,1.257360320183786937e-03,4.010822301974792219e-03,-1.050693132783524220e-01,-1.425874005042735149e-01,-6.450376689023014365e-02,-4.831732169698278734e-02,-3.309750469665825867e-02,-1.752634124429531537e-01,1.214626928119537375e-01,-2.418832954122335580e-02,-1.079212710082249893e-01,-6.803136699758866035e-02,-1.629038487791570899e-01,7.259891046972608009e-02,-3.805441844570370824e-01,-1.221566333008516636e-01
-5.364490984508340360e-02,-1.252746127321569258e-01,8.794620141104343702e-02,-4.953073412972082423e-02,1.665188313050888491e-01,5.605581979993289748e-02,-9.778443703084582772e-02,-2.897232835349985297e-02,-9.243494698076011595e-02,3.113248801854593545e-02,-1.895932649421981642e-02,3.957870953363536864e-02,1.724773295738701306e-01,1.936599105030060650e-02,9.123269646315095016e-03,-2.403078393447070568e-02,-1.133626446902394613e-01,-7.831460069159093540e-02,1.261284046290818937e-02,2.054340092859523875e-02,-1.333188106256840422e-01,-1.105818049280465204e-01,5.050426513537546735e-02,-1.159626055941222339e-01,-5.930510221267288468e-02,-5.010809839438761307e-03,2.512580554776465067e-02,-8.181839741718305303e-02,-2.016119714285760922e-01,2.602187673999860687e-02,-8.461916317483457461e-02,-1.336813769133624319e-01,-1.301816404347356793e-01,-9.711438787590376265e-02,-1.554464956437751899e-01,-8.546741169441204183e-03,1.042764954161437031e-02,6.261622754199774876e-02,-2.335141792743943290e-01,-5.443298322887615143e-02,-2.310954872186615494e-01,-1.058087204122189207e-01,-9.850515910541222941e-02,-1.164690638121257532e-01,-2.642310459117398064e-02,-5.384196503519966814e-02,1.541855201850612367e-01,-1.668024230971853206e-01,6.879648374969796198e-02,-1.711361333309414090e-01,-1.891696247618037119e-01,4.670811556425398525e-02,-7.746402405377944556e-02,-3.287440472439997347e-02,-6.583175242146162287e-02,-8.660857966340393399e-02,-2.338847395370138582e-01,1.622856522647858277e-02,-1.585910177336815330e-01,-3.956805729484979411e-02,1.180607208983153363e-02,-2.630420243823055060e-01,-1.108619745375607757e-01,-8.378812777677767387e-02,-1.572876515041875534e-01,6.474435378670946595e-02,-9.053659194564110668e-02,1.864606261306457069e-01,9.726848637491857658e-03,-1.548637595843595782e-01,3.846209713017146453e-02,-1.199582149235388917e-01,-8.689101116266231828e-02,-8.381699965252116524e-02,3.127112999416922778e-02,-3.040386869619858545e-02,-1.599509892148178736e-01,-1.902160506568357501e-01,3.248820244414186292e-02,-4.245745355312965930e-02
-2.555096759628452258e-02,1.005597629992963232e-01,-9.753362396756490305e-02,-1.363264440739056227e-01,-6.334678379130810610e-02,-9.847328588598909527e-02,1.549585576836663148e-01,-8.142146268801732367e-02,-8.703626245937674810e-02,3.470066445121359425e-03,-6.769234445809669404e-03,6.187858305437046041e-02,-7.060541290795731284e-02,-1.763526058404019103e-02,6.136043705505232759e-02,-6.152954631920998924e-02,-8.746216232808960711e-02,2.342444370063207285e-02,8.704101494049111543e-02,1.089149427902800088e-01,-9.581419061148456484e-02,1.051968645954911158e-01,-2.215058246821443588e-01,-1.210180349944611350e-01,5.361624202144948254e-02,-1.151614302532944500e-01,-9.038415926007377366e-02,-1.067254817948377066e-01,-4.417560724470117640e-03,-1.175197431892374966e-01,-9.883075969658990101e-02,-1.034372280074408353e-02,7.642581105193753388e-02,1.267429591780794285e-02,-1.191508022918718601e-01,-9.863557933482530737e-02,-1.162967381219574547e-01,-4.452405624620017766e-02,-1.164229876892759058e-01,-1.490046522753026292e-01,-1.082358510256738182e-01,4.490904844511058730e-02,-2.116890845800327783e-02,-1.239377454220639690e-01,-1.107611742013535766e-01,4.649537920025131194e-02,-1.679322386436900988e-02,-9.100514977429181862e-02,-1.357620005645698846e-01,-1.294202760574833244e-01,-1.007580544640025860e-01,1.223909734812708879e-02,1.638255952083668143e-01,-1.632438904745185659e-01,-9.309789411990934682e-02,-2.060182835445237559e-01,-3.440963232832523061e-02,-1.183404497916919346e-01,-1.621007979003174782e-01,-2.784964761659415311e-01,-1.313512761221516112e-01,-3.095502660897457292e-01,5.614986542128274499e-02,-1.393217719154876966e-01,1.581006552441762206e-02,-1.562107633739689416e-01,-1.857285725140342125e-01,-2.034440455283068050e-01,-1.234250254676059061e-01,2.449691476223710834e-02,-2.123168399415811258e-01,-2.082143941474486754e-03,4.200759387158515407e-02,-1.796081052416146351e-01,-3.313570829362221665e-02,3.787497306152758786e-02,-1.380759265979536188e-01,7.655804639270796796e-02,-1.200085869601258542e-01,-1.294730475335558739e-01
-2.008766357006175340e-01,-1.425116327235472213e-01,-1.461050703860183597e-01,-3.802660695273146589e-03,1.229847061503931555e-01,4.879721211567607242e-02,7.339918604298188709e-02,-3.216670287794799465e-01,-2.079816294015433137e-02,7.943882104631597163e-02,-7.300216191533789867e-02,-3.548847455604363654e-01,-1.080752117449781391e-01,-8.016271268365496305e-02,-1.186458224597047723e-01,-5.762091061493349736e-02,-6.206562357694866972e-02,-7.114034463523614960e-02,-5.531608383123305661e-02,-3.240722533782532111e-02,-7.140112236889363528e-02,-4.775011206903947980e-02,-1.842476734529037152e-01,3.883498666857323339e-02,1.889980100096975285e-02,4.924722924626327020e-02,-3.095608211810953470e-01,-3.183659297082995221e-01,4.658094339309308551e-02,-2.475833031354717287e-02,-2.492559985631916664e-01,-5.387870574215270630e-02,-1.383954624325278993e-01,6.125771746885518010e-02,-1.713757350531505408e-01,9.624947692726548709e-02,-9.599060918269922138e-02,-5.204966043994888741e-02,-2.426684914069659332e-02,-1.431559906094490887e-02,4.269446765669537847e-04,1.311366713643225823e-01,-3.276577108922332920e-02,-1.974984900378018715e-01,-2.739431489750632047e-03,1.952739878373870377e-02,-1.216037584456579612e-01,-1.599647190158547672e-01,-2.363776347218644533e-02,3.717856601673053679e-02,-1.772516176180256864e-01,-9.538362415119062965e-02,-7.756957234614790531e-02,1.579900376333679968e-01,-1.083145297942901680e-01,2.546672420250945673e-02,3.036656440942380950e-02,-4.042498696154818438e-02,1.350824967917468589e-01,5.408503326463495742e-02,-1.976754380035768699e-01,-1.268505312530092966e-01,-1.429085189135732847e-01,6.980840489751943823e-02,-1.159407070821353442e-01,-3.737374476201416051e-02,7.213758040877808753e-02,-2.286516495525962034e-01,-1.541052254477943972e-01,9.685115513866922321e-02,-2.480510324546423076e-02,-1.321924431828831181e-01,-2.083160805116060776e-01,-6.103970163420984613e-02,-1.324716067165843669e-01,-8.821723315337971771e-02,-5.038063703779295521e-02,-1.043265346838650326e-02,-1.199551423179350262e-01,-1.828499017510701874e-01
2.752186159721679154e-02,3.161499803208202980e-02,2.741602064291300250e-03,1.031723058665268700e-01,-2.978601231258844531e-02,4.715415804346910489e-02,5.458773653951178723e-02,-5.639825311916960016e-02,-8.565350975497281263e-03,-3.858074131558932723e-02,9.422722462676799693e-02,-5.507614640183060295e-02,2.841139442182735037e-02,8.515167925011996042e-02,-5.302366163488844708e-02,-1.727650595498267383e-01,-1.200822076825074358e-01,-1.286679953712062396e-01,5.348449343525128047e-02,3.464996462046545100e-01,4.749026499808318980e-02,-7.415441578260571764e-02,-1.217406578102333582e-02,9.322950021641636387e-02,-1.497889411299203610e-01,-1.194066081364583976e-01,-1.640142574827276600e-01,-2.193645358185080108e-01,-1.010992505688583926e-01,4.933058174464529516e-02,-8.509686285670294004e-02,-2.256520900231261811e-02,-1.252294675239015165e-01,-1.188196929248100907e-02,-1.344004241687555834e-01,-2.968228043615430550e-02,3.267303341631624947e-02,-1.116697606770525597e-01,-2.189235436707249183e-01,1.820423959442905859e-02,1.940571086464945236e-02,-4.520369943242193850e-02,-1.109575792341113698e-01,-1.674423421122113731e-01,-5.085636288180350739e-02,-4.787517520855921055e-02,-1.738343965695510196e-02,6.387609110880486385e-02,-1.361395669839146338e-01,1.448506613742663873e-01,-1.332425986991077338e-01,5.502009905555695080e-02,-2.698098695287535209e-01,4.122290108256231739e-02,-1.816865856776538335e-01,-7.216223306964300588e-02,-1.665193693948250342e-01,-1.359314736136977286e-01,-3.978747224585683917e-02,-4.155215111725998889e-02,-1.305878602970226288e-01,-1.177613017972917453e-01,-2.044173275750971186e-01,-1.685250057418567204e-01,-2.893770861702487165e-02,2.359025332187545537e-02,-3.127387496915945420e-01,-1.778428839339981082e-01,5.993586481913800584e-02,-1.205351334337148306e-01,-6.169982773913217089e-02,-4.344891988252863602e-02,-1.215287269080629756e-01,-2.252187697866225302e-01,-2.285576454527065704e-01,-6.137330128490963571e-02,-3.043978079698541617e-01,-9.810415189963901661e-02,-8.097108200807964437e-03,-8.758133197412737436e-02
3.139444726071198566e-02,-1.329047987360708616e-01,-8.499772436127810138e-03,1.291706947175841891e-01,-1.412191857814249218e-01,-1.153225185713327022e-01,-9.187158154911427566e-02,5.678134771116862684e-02,1.941437099051651627e-01,2.180140189644461275e-03,5.170650859264425137e-02,2.697270387452303190e-03,-7.401835204480236574e-02,-5.114918788608913830e-02,-3.584324464200882437e-02,2.290981183001229160e-01,-7.462424645127323231e-02,-1.219706266848392118e-01,-5.378621628064215315e-02,1.280499931441961559e-01,2.506969307399137606e-02,-7.927398285475252548e-02,1.512229625346433459e-01,1.080395177277998974e-03,-4.291315566298713885e-02,-1.883801974296458737e-01,-7.988209173118609313e-03,9.840199130428732913e-03,-7.107000634700987030e-02,-1.465868446920015784e-02,-1.744494530481747741e-01,-5.184858020547451068e-02,4.364070433723381964e-02,-7.054616993110934819e-02,-1.818485415664810312e-01,-8.464992959893750946e-02,1.941281508384923304e-02,-4.058155434013579338e-02,1.669670272080292228e-01,-3.030595054183554682e-02,-1.708923644607472925e-01,-2.241923470830992082e-01,-2.196970372205257413e-03,-1.835768672233527021e-01,-9.574668934335169024e-02,-1.715737179713412025e-02,-1.374928763328055192e-01,-3.472749677192282780e-01,-1.098861644048280822e-01,-2.268995155903618388e-01,-9.095532017069994646e-02,-4.617678373062145819e-02,1.055615419422634288e-01,5.638964545341679929e-02,-1.570563706059378561e-01,-4.468784743518789543e-02,6.651053229961166602e-02,-2.030713356826092664e-01,1.511477647333318297e-01,-1.824016887203171178e-01,-1.647290103067067524e-01,1.786452500583888409e-02,-7.770503114581660264e-02,-9.219730005052947930e-02,-7.614937356794489187e-02,-3.921533027430338519e-02,-1.091023081213755852e-01,-1.018920305790850661e-01,-1.193166180128875098e-01,2.349147568182551743e-02,-1.143382005242898486e-01,-1.156387448311315957e-01,-1.638695348251733852e-01,-3.584076314825661042e-03,1.019016517445408068e-02,-3.994183013157134171e-02,-4.795766956793920052e-03,-1.227740497521908059e-01,-6.790935817461943302e-02,-5.168477763552789539e-02
3.766029733523479361e-02,1.371935705887157297e-01,-2.098204288617546986e-01,1.233231216257150431e-01,4.772378851873163019e-02,8.167641903441766327e-02,-1.021406584751500396e-01,1.490487217920539176e-01,-1.473963918435673981e-01,-5.391156429653187754e-02,1.804038976087211921e-02,-1.473689822255972726e-01,3.946703039934582047e-01,-8.396621797400651011e-02,-2.505535044951358037e-01,3.438555981930536964e-02,-1.428736443564622705e-01,3.856139093171009197e-02,1.593433313581652834e-03,-1.833422552499936256e-02,-1.259790548947829492e-01,-1.869587649989785938e-01,-5.339797367206616102e-02,1.965614612951726084e-02,-2.241152775120336949e-01,4.799478655813095573e-02,7.965164132119961077e-03,9.881834049241225437e-02,2.038339722272857271e-02,-2.401234983681302948e-01,1.218992089465414791e-01,1.900856628785966285e-01,4.020511632076360919e-02,-1.754800228883033886e-01,-7.754658411589912537e-02,-1.255004326311208451e-01,-7.514152355448947690e-03,-1.322841775933003283e-01,-8.638608503785594195e-02,-1.009488098509443016e-01,-4.019337731503129334e-03,-2.899325171742455493e-02,1.739250300625573009e-01,3.983689576008479089e-03,-1.829675600191368601e-01,-1.072668400947010374e-02,-3.564733672758209626e-01,4.087638250683047619e-02,2.288638919972162816e-02,4.505867867146961386e-02,-1.610023659524749962e-01,-7.002802282635708919e-02,-1.742412307927619641e-01,-1.332727271774476925e-02,-1.939496924793709595e-02,-2.076401054617637021e-01,-1.432168347859938962e-01,6.504516324281421624e-02,-1.186466406426592707e-01,-2.281694070495027815e-01,-1.898676727736361147e-01,8.568663278640653580e-02,-1.544512792409835980e-02,-1.875289049613458603e-01,-1.468926771459808100e-01,-1.098242964869858701e-01,-5.380230413158907515e-02,-8.751769361791082724e-02,-2.608822261682307020e-01,-9.653799600303840378e-02,-1.494999097269343047e-01,-2.213385066110626076e-01,1.258425665013962295e-02,-7.753689198834128049e-02,-8.337422467644091395e-02,-1.641983925535666911e-01,-1.782668840507544983e-01,-1.985955612147088933e-01,2.477834448308668253e-02,-1.297521134006596466e-01
2.076670398730469380e-01,4.943738586022054099e-02,-1.242359356611972554e-01,-1.132140105231022598e-01,1.589488101602159753e-01,4.936650579351695156e-02,1.081278370499432623e-01,8.886842579520194685e-02,1.565387517305006082e-01,-1.114812447958263113e-02,-1.460929495208242342e-02,8.700363466670434087e-02,8.592182028140245287e-02,1.934059120790960692e-02,-6.233159466124228026e-02,-5.196906409203954497e-02,-1.241953501596476384e-01,2.276452861428136451e-02,-1.364679139608398761e-01,-8.583659688307006264e-02,-7.154133736944262578e-02,5.311700190772036811e-02,-1.001077427937780706e-01,-9.953640745818675972e-02,-8.872165815528929023e-02,3.940999801733256758e-02,6.421257409511890724e-02,1.650462789060622507e-02,1.143556520751273370e-01,-9.031114222485178700e-02,3.090689316833160685e-02,-4.555990119478574990e-02,1.381809140248316803e-01,2.447853210935785895e-01,-7.200377347802985883e-02,6.506441412255309364e-02,-6.031461018148988329e-02,2.184092845868457478e-01,-8.787169178612753984e-03,-3.442546457065904231e-01,-9.166306743986414596e-02,2.811008995717644357e-02,-7.821748351913078434e-02,1.027411439817452476e-01,-1.412882121296733517e-01,-2.252741287281879445e-01,-1.803366468274459622e-01,3.256652462311408064e-02,-6.153981357431678734e-02,-7.846920938045433280e-02,-1.321657283026841656e-01,-9.190835964872813568e-02,-8.275789663126771611e-02,-1.132482964348028587e-01,-3.764220664293375235e-02,-2.230560252595082879e-02,-1.624328786958004756e-01,-1.367194323872263639e-01,-1.313218467434716374e-01,7.268098946936414617e-02,-1.583799461571725742e-01,-1.859698004146175809e-01,-7.624058102291367267e-02,-3.266662031621345164e-01,-1.237339179602290201e-01,-1.799969797065494315e-01,8.693882964411041303e-02,-2.109223573060822754e-01,-1.201309748598545640e-01,-1.689515566074726582e-01,-9.899781473337853147e-03,2.254635770631245248e-02,-1.224857402597643585e-01,-1.529269908835108882e-01,-1.213615318387468583e-01,-2.027778390165270173e-01,2.508380980745875469e-02,-1.131725823717806279e-01,-1.149223129786200587e-01,7.251760053565324549e-02
8.414203474334989996e-02,-6.417720583929550915e-02,-1.101477032553863089e-01,1.431936250367471866e-02,-8.410816096305109846e-02,-1.070228640961786576e-01,-6.148333324124161808e-02,3.906164314170415541e-02,8.745650113929472058e-02,2.662024417279855101e-02,-2.517270616472204285e-03,-6.097007492743628659e-02,2.165102021071084112e-02,-6.365621378488309223e-02,4.968191645474721169e-02,1.461256956473324098e-01,1.255334462242509164e-01,-1.975060185056615458e-01,-7.079863003168747337e-02,5.334575925012309539e-02,-3.858242055465757603e-02,3.744670087282824487e-03,-1.202365720511961583e-01,8.403867923884185409e-02,-2.084971339742707971e-02,-5.408887758610862045e-02,-3.376478264931754431e-02,-2.485420953398988914e-02,-1.696727362877470668e-01,-2.536710966351355193e-02,-1.548664737621491538e-01,-4.971737113886220971e-02,-5.960158980983115001e-02,-1.363632697361360779e-01,-6.199419209043759149e-02,-2.551640634887152315e-01,7.694340414450280552e-02,2.577337732551734234e-02,-4.976169017913661258e-02,-1.155613724101843126e-01,-7.634220237037621370e-02,9.307912397525645865e-02,9.924558360962378034e-02,4.586937392921242029e-02,-1.173898365302891017e-01,4.245848006550242103e-03,-2.537363063325109858e-01,-2.216277823736255426e-01,-1.218837866947641846e-01,-2.336108301675947074e-01,-9.698853008749581950e-02,-1.300331957570641239e-01,-2.696148065730625820e-01,-7.169140833096511456e-02,8.627188129249378779e-02,-2.701276046038952883e-02,-1.783676045002332844e-01,1.161290885963828278e-03,-2.924739929179609541e-03,-1.290616659194960270e-01,-1.330045631494075620e-01,4.326999781031672099e-02,-2.036184634592629883e-01,5.424398054612424025e-02,1.733537304066295201e-03,8.023439811142034361e-02,-5.064322099344500949e-02,-6.717604765910513420e-02,-6.281949175390479090e-02,5.365250166310325114e-02,-1.425513524141889610e-03,1.879302771488188528e-01,-1.951971504668993662e-01,1.559619468215996674e-01,-1.813572302914266687e-01,-4.197704045517370447e-02,7.296065608590213136e-02,-8.845020139808447424e-02,1.854089618331076772e-01,-3.461383576444495014e-01
-1.336188782490936311e-01,1.251196094250232871e-01,3.160015817342790717e-02,-4.005098177558692740e-02,-1.210603074800900049e-02,-2.532231516531071452e-02,1.019922263829678433e-01,-2.615508435481493643e-02,-8.715371625570876579e-02,-1.004944042676207544e-01,3.378362959946552835e-02,1.249358468960121010e-01,9.460613486350837043e-02,-3.582976845437664537e-02,7.391563781128646093e-02,-1.039299809104055200e-01,-2.002821138205203577e-01,-5.951060595539766490e-02,-6.860495771380212271e-02,-9.559124833337774574e-02,1.614970859977225143e-02,-1.686013086369606007e-01,3.099878054603093930e-02,-8.672089962911337657e-02,-6.232700957102235012e-02,-5.879085235662425551e-02,-1.658092440414583868e-01,4.482292875517765451e-02,6.774621913424863640e-02,3.264937422568516684e-02,-1.155279379767282233e-01,3.007543100915525264e-02,-1.224716070647629135e-01,-1.386832031108163610e-01,-3.866984520812232623e-02,-2.130607057589234410e-01,1.053893747842087614e-01,-1.641406817090486012e-02,4.404657165715150126e-03,-2.252605119095575995e-02,-1.486393308531954172e-01,-2.089750466543712545e-03,-1.703921479651609172e-01,2.516130411335940759e-02,-1.670423033511001659e-02,-7.599702701506610980e-02,6.793801523908819806e-02,9.461279261139875219e-02,-1.585988145763815305e-01,-2.218031063186426122e-01,-1.009645340552308389e-02,-1.003724386818969222e-01,9.642488480266683251e-04,1.439438873789621876e-01,-6.026526042365749902e-02,1.118454976640307318e-02,-2.235908406161590811e-01,-2.264190100621088150e-02,-2.948817592628980716e-02,6.811061133876755713e-02,-1.348541054837085196e-01,-1.540433108591020561e-01,-2.200110911642855910e-02,-1.589573403340188706e-01,-1.268980923164644559e-01,-1.120335164022019936e-01,-1.287462034532245725e-01,-4.989470666763728968e-02,-8.297637997636590768e-02,-1.713833761877811279e-01,-1.644588114716641347e-01,2.517450061699242486e-02,7.840470236424451622e-02,-8.335626587522186604e-02,-1.469117933198795488e-02,-1.881715547391750454e-01,-1.440092734221022908e-01,2.186063376045873068e-03,-1.018220629342172223e-01,1.001966358167327188e-02
1.032968119513633142e-03,-5.431074653266841634e-02,-5.309800530148869879e-02,1.017586982753581129e-02,7.406902682454680198e-02,-1.038117105722735911e-01,9.927437128615403117e-02,-8.961191094787334527e-03,3.053438908420942968e-03,-5.081853165657266441e-02,3.729630496761773828e-02,-7.790386935408969739e-03,-8.538658169112496588e-02,-2.599604328217470367e-02,2.714886697152504857e-01,2.185031379961857936e-02,-7.733061384647038627e-02,-1.218216389685075479e-01,-4.116894001781615242e-02,7.100935528000794361e-02,6.443583182990976488e-02,-9.584204138923801963e-02,-1.965334002830592119e-01,-1.417067413981282220e-01,4.643570289356357961e-02,-2.414684152860630817e-01,2.493044998033871681e-02,-2.160027775067831918e-02,-6.774688037359800907e-02,9.035502051287659653e-02,-5.686842510000730821e-02,-1.934389001271838993e-01,-2.095370943455033552e-01,1.171856143176866205e-01,-8.730611295505329161e-02,-2.598154125446245910e-01,-1.474192648853315801e-01,-1.088663374832897351e-01,1.502186750963079021e-01,6.128374145841127690e-02,-8.091899824492801430e-02,-2.838573978358824648e-02,-1.636486696706546673e-01,-1.628543141268894989e-01,-6.463965454532843991e-03,-1.218339173929759711e-01,8.277437569014221494e-03,1.051601359770404087e-01,1.113496812059519385e-02,-1.081941408943365955e-02,-1.259942680750403554e-01,-1.817520972625921993e-01,-2.996694379527263252e-01,-8.642131155261039213e-03,-1.056837848991731138e-01,1.088721850509023620e-01,-1.349934667192666526e-01,1.071698175114822044e-01,1.479185842211126929e-02,-1.266955550187138790e-01,-9.625774656396228306e-04,-9.851718166248821240e-02,-6.541559362759528928e-02,-1.524450943369836942e-01,-2.300093993578987139e-01,2.398599945179932455e-02,-1.317328803990764352e-01,-1.422911796069070978e-01,-4.243906580666685635e-02,4.160248021325420320e-02,-3.783458117913614943e-02,-1.476224728583302170e-01,-2.306830341163669529e-01,-3.256694130567848455e-02,-3.238534013029498171e-02,-6.515047298402670828e-02,-1.338141827535844486e-01,1.524106532444239638e-03,3.642975021697845289e-02,-2.057147305376072211e-01
2.044050128653091686e-02,-2.152907943271329533e-02,2.121561503152070149e-01,1.098474943288826056e-01,-1.243132716032407104e-01,1.373757825553167666e-01,-4.855870085457816843e-02,8.420017583711049414e-02,1.565251234052670581e-01,-1.702368136842339133e-02,-2.771681151137268123e-02,8.432629392663133772e-02,-1.250907488594603933e-01,3.515481274346161228e-02,-5.766112366866067707e-02,1.673070244440114651e-01,1.386208077238338110e-01,6.357316206539728037e-03,1.043694411378083692e-01,-2.465330471416666072e-02,-1.137577454059034848e-01,1.321424196526529704e-01,-3.218000807478731823e-02,-2.109868755369576909e-01,9.826215986144776204e-02,-7.365563823486070971e-02,4.274996485502256111e-02,-3.212515462385174408e-02,-8.783719826213393089e-02,-1.933516224435148922e-01,1.886713551040976045e-01,-1.624814654530045976e-01,4.880624194272551591e-02,-2.422205389759497229e-01,5.148261990387207471e-03,-5.446185318410400739e-02,-8.603673651560189706e-02,2.097585682052305681e-02,-1.929778337956981893e-01,2.668888446797599082e-02,-4.901204939042573538e-02,-1.901289709639123193e-01,-1.130151243436881142e-01,-2.285213931837296042e-01,-9.424274439927567137e-02,-1.336009910039535342e-01,-4.858578538552467407e-02,-4.936432356968002005e-02,-2.446961488545316143e-01,-8.654996252894167630e-02,4.540964665294270480e-02,7.153365690468087290e-02,4.639795870591467350e-03,2.520407893735414004e-02,-6.818899651579510279e-02,-1.061816749889000627e-01,-1.169668403043532812e-01,9.010947344628482403e-02,-3.057053242572151455e-02,-2.252279580768694056e-01,-2.542071347470790665e-01,9.403868971986514835e-02,-1.956932011313837760e-01,-2.082244194102702284e-01,-1.542306391820003897e-01,4.122839426664467316e-03,-1.975041151278201512e-01,-9.591449316418096394e-02,-1.314496098499047805e-01,-7.657613242167458922e-02,-6.003982349489984938e-02,-7.011817778148422831e-02,-6.211196914132108109e-03,-2.047808841735216379e-01,-1.350402170587341744e-01,-2.694298512953051672e-01,-4.815104507828607550e-02,-1.062888168085634327e-01,-2.833951907657133451e-01,5.280027392019103621e-02
2.741718557803308337e-02,-5.398008922141080135e-02,1.578655173273435797e-01,1.273217856922827240e-01,1.109465222054467903e-01,-7.605544624512565466e-02,-6.665670183569454010e-02,3.960446525239152277e-02,7.200701466664487238e-02,-3.955019884574387246e-02,4.323754610742050475e-02,7.020901494310449742e-02,1.488720041480572631e-01,7.486295545467724390e-03,-2.063357203009623907e-03,-6.653522735374492458e-02,-2.987446749143606722e-02,-9.693125032017263498e-02,-3.503095252137462118e-02,-1.448147851415986509e-01,-6.903505024034406294e-03,7.156757737396909902e-02,-1.251056499609051742e-01,-1.671836793558192369e-01,1.058408353582342143e-01,1.124420918272729525e-01,1.575161054408663608e-03,2.766259467141470862e-01,5.491220918676199825e-02,2.189649930342498982e-02,3.213833708885517615e-02,-1.826510122836233763e-01,2.176667300302687624e-01,-8.800045445279895684e-02,6.723629085387078375e-02,4.218382347922206704e-02,1.229248225174901926e-01,-7.490669595641197276e-02,-2.431370153474794737e-02,-1.223648048164294178e-01,5.555350814190311570e-02,4.953616719428947240e-02,-1.158234938703861516e-01,-2.551407910618059272e-01,-4.614961653108551505e-03,-5.212738061791160477e-02,-8.248569152843052144e-02,-1.225994202444248699e-01,-6.376492952794815365e-03,-1.293966992685217365e-01,-1.383215531707258639e-01,-1.753508719298594309e-01,-5.281067651280570152e-02,-1.815691292699853632e-01,-2.901754923503473485e-02,-7.849454814962587845e-02,-2.799243047824367600e-02,-3.228332436174371350e-02,-6.455468212985018828e-02,9.121812070929899083e-03,-6.535089388162487745e-02,-9.193766195605944380e-02,-1.924869510790737370e-01,8.765398885086218839e-02,-2.330645401661629035e-01,-2.202855703327494807e-01,2.427023205368654749e-02,-1.391562992204248839e-01,1.312166898508523305e-01,-2.609510738943994768e-01,-9.502466185807753596e-02,1.011019018088219895e-01,-9.126776696206558015e-02,1.320914433912565022e-01,-3.173901554528269497e-01,7.016777207603762390e-02,-4.879563622631508113e-02,-2.592598948050374441e-02,-7.878990433561684770e-02,-1.209115112025645755e-01
-4.652187427245560447e-02,-3.988888998240805450e-02,1.005600949780249276e-01,-1.409369753415316562e-01,-8.723549348491650701e-02,-1.439423820924829421e-02,4.997450503480349582e-02,-8.879473922855420087e-02,5.086328992864361936e-02,4.436780496672244889e-02,1.408598380720239018e-01,6.042685433050568738e-02,1.539620311008302045e-01,-1.867921777715539911e-01,2.100546349801893364e-01,-1.648081779041959405e-01,2.014298593417634675e-01,1.769669495096043155e-01,-1.190521469564197882e-01,-4.110100250126713650e-02,1.686086268566857338e-01,4.769094873815419439e-02,-9.878931534283938443e-02,-2.129975045076337031e-02,6.117146872529297813e-02,9.926635048744887613e-02,-1.086404925357174756e-01,-9.031340404478060968e-02,5.940794384056424099e-02,-1.106484270819583782e-01,-1.394630698525158377e-02,-1.229090249694706344e-01,-1.080869428624185447e-01,-1.175845967620293420e-01,2.928371922034503708e-02,1.120168750197742119e-01,-4.492559112484788286e-02,6.548282181015120662e-02,-9.092029348554261925e-02,-1.035434703193149619e-01,-2.400778543103335994e-01,1.212350063570173143e-02,9.642336935811424495e-03,-3.377167017530793847e-02,-6.634184979244400759e-02,-8.590413874572180863e-02,-1.427842230976947013e-01,-6.831583893893096449e-02,7.546405794468476202e-02,-1.235042390004614243e-01,3.865986280960725247e-02,-7.559821587881604410e-02,1.974273769098892906e-02,-7.421093582483818951e-02,-8.983612147596891501e-03,-1.261552691538598003e-01,-6.622944573427695658e-02,-7.690769351138636301e-02,2.606284467636172525e-02,-2.355040169598681676e-01,5.029133073322989561e-02,-1.176796597486731537e-02,9.566526703831519651e-02,-1.382165937479978013e-01,1.514519718633598223e-02,-2.362497926759136446e-01,-1.406503064250953783e-01,-1.295013232244881241e-01,4.566259318250494303e-02,-1.500859629075503576e-01,-3.519812144317434333e-02,-2.470906269089317708e-01,-2.152093423684657281e-01,-1.593495304077136854e-01,6.141610318866976004e-02,-1.151238363613758947e-01,1.168796024440275083e-01,1.695929324555198459e-01,-8.259158077066657000e-02,-2.263606539173709520e-01
5.749050721124619734e-02,6.185262188978974535e-02,2.373106866583969687e-02,-1.092708995212161305e-01,-1.235304425894633018e-01,-6.853669204729677389e-02,-1.453231100794631636e-01,-1.085987568509354101e-01,-4.272828499210837294e-02,-2.492750420397612798e-01,-6.294279805830549357e-02,-1.692173664794295873e-01,-1.223422401240207985e-01,1.012632190883506339e-01,-9.452113580509248492e-02,-8.314891169365827388e-04,4.120413291839060800e-04,-2.360552745208592887e-02,-1.522364076327671102e-02,-2.227750588116469421e-01,-4.529653568158300420e-02,-5.277682156830106747e-02,-6.557408872217614787e-03,1.175796163263807537e-01,-3.546024580970953688e-02,-1.830691672935114700e-01,-1.325368086041427140e-01,-5.793200162428421840e-02,-1.321541313172703291e-01,-1.265371429887259536e-01,-4.155533272523228433e-02,-4.856864745250487336e-02,1.345850050883194704e-01,2.004980094747114694e-01,-2.651281025179731965e-01,-2.791551962185609762e-02,-1.259072624808723305e-02,-1.715865794074207529e-01,-1.247758512446170143e-01,-2.472104117186655070e-01,-3.284526915591061691e-01,-2.926793189029456080e-02,-1.449924493523512548e-01,1.340607728955421907e-01,-6.181661911443585289e-02,-1.975505884741950505e-02,-1.698762436566353951e-01,-2.233189286639893079e-02,-2.039907396566424669e-01,4.496097254671412025e-02,-1.352843379506205902e-02,-7.435415511063983574e-02,-2.028938207327924403e-01,-2.679844363554108322e-02,-1.798966046442965205e-01,-1.369912787755921402e-01,-4.683257154828885521e-02,6.359241641088005104e-02,-1.619590872201062681e-01,-1.376999443421403069e-01,-1.549996039959567751e-01,1.201800449070774268e-01,2.330441834875423418e-02,5.634045466870536700e-02,-1.785717819590372235e-01,-1.808184559229076560e-01,1.979960392709551043e-02,-1.270594293329947999e-01,-2.793807290357707557e-02,-1.895070467229706956e-01,-1.317139981453461506e-01,-1.005476392822199500e-01,-1.341670186065276604e-01,-2.925327909146686611e-01,-1.767033005446459193e-01,5.151041064383930779e-02,-6.956158152834103492e-02,-5.767935717232357262e-02,-1.775717989535100308e-02,4.344280216847994092e-02
3.890613630868482858e-02,2.705317947362938583e-03,1.906474441048428281e-01,2.263989737045340733e-01,-1.014360799081170522e-01,-1.806503580330051095e-01,6.570712414272411594e-02,9.091766891797319408e-03,-3.684950572888538722e-02,-3.203530765855106682e-02,-9.954743313970058904e-02,9.350118910909811787e-02,3.924352871813412136e-02,5.378474956950009267e-02,-1.162386145794203629e-01,4.358847912562389265e-02,4.223032894771745760e-02,7.655105521504713961e-02,-2.983699858877413361e-02,-1.538057953979728165e-01,-4.258472912481954704e-03,7.771608792817609468e-02,-2.182713986257371272e-02,2.169262862506180986e-02,8.425955290399718411e-02,9.247540730579983936e-02,1.021362349621463689e-01,1.083450734764631294e-02,6.560809472492554195e-02,-6.233274370738007414e-02,-7.599895219683193426e-02,-3.034005072886465995e-02,4.045932341246440828e-02,-6.681360548500121788e-02,-1.651473023078597890e-01,-2.410261460446855644e-02,-1.510218506317013987e-01,7.473321258536028133e-02,1.368023156334972727e-02,-8.373860559741440335e-02,-4.522733073298361439e-02,-4.361491993921230020e-02,1.395900875288438175e-02,-1.644391104661720171e-01,-1.784632426016015683e-01,-3.836778360788232339e-02,-9.610636533585834029e-02,-6.819681087044474066e-02,-2.113762851864232073e-01,5.782408224210609099e-02,-1.988655345032602426e-02,-1.625905150137612332e-01,-1.007456834629840842e-01,-1.338812919441701582e-02,-8.508969148996349541e-02,-4.698313562819315947e-02,-1.265620344081086202e-01,-2.011284946710139854e-01,-1.372534381184914443e-01,-1.207052666091915361e-01,-4.050998499042744033e-02,-8.482526707270786337e-02,2.305442637540289219e-02,-1.130780748140847447e-01,3.701304311289874138e-02,-1.891738681632892105e-01,3.465666013385396149e-02,1.580244225209109787e-01,-1.266890407873786928e-01,1.841556238757051725e-02,-2.289668217514554127e-01,-9.118074981237110632e-02,-2.225451000814317737e-01,-2.302254796793075375e-01,-6.108500236902078551e-02,-1.238714865441237073e-01,6.271113237746066271e-02,-4.991579791583199144e-02,-1.319490916515392298e-01,-2.027744382446746430e-01
-1.777773738357938393e-01,-1.738489168265511531e-01,-1.223677673236095303e-01,6.968666371018022998e-02,-7.049248791321185981e-02,4.571693878473340883e-02,4.436476584058271500e-02,-2.311113143507407836e-03,-1.296128872546045974e-01,6.128907192850830549e-02,3.648972747202151867e-02,7.447749579836807077e-02,-3.297508496996885002e-02,5.447846111174724226e-02,-5.963242638923687416e-02,-5.695980400766462171e-02,-1.080927270831596662e-02,-7.044954682969922777e-02,1.467637764580563275e-01,-1.677258438702184939e-01,-8.518132695716161551e-02,8.292256790327429128e-02,-2.138669947377175307e-02,8.372422264546680593e-02,5.109242573750948785e-02,-3.440261313921466526e-03,7.171132720583148212e-02,-1.502393002001716493e-01,-4.378031037594750513e-02,4.917258263182584799e-02,-4.155989116635971231e-02,1.002798776618045035e-01,1.144543480991480899e-01,-3.863922450505229839e-02,-2.456045626185392183e-02,-2.221967784092625936e-02,-1.053684452335333817e-02,-3.693326239224590385e-02,-1.250021723675709684e-01,4.051879781785762413e-02,-4.923164026385003916e-02,-3.630762561966400376e-02,7.899613053659292061e-02,-9.056389475937919042e-02,-9.543190936695430948e-02,-9.700079644280322488e-02,-1.028997837322313674e-01,-9.691661898448150625e-02,-6.394848412656396752e-02,6.504507419320941508e-02,-2.670748080268005586e-01,-4.216917801435036278e-02,8.075814973729099344e-02,-7.436161083519994552e-02,-7.677364644149979600e-02,-1.722870029021087712e-01,-1.392795399620109231e-01,-2.647272632855208752e-01,9.907115416873557567e-03,-1.929169949584768340e-01,-1.323316273076924898e-01,-7.574824869491546264e-02,-6.719054179678488059e-02,1.068301574820516298e-01,-2.071561940786364325e-02,-2.227405605718471016e-01,3.581255986043713896e-02,-2.037406502920236506e-01,-3.050460833026710228e-01,-5.869172023573690500e-02,1.211352419028854932e-01,-1.489331113366160475e-01,4.883114352839575817e-02,-9.505463565451406638e-02,-9.249054574940178408e-02,-4.061466396353251990e-02,-6.721178202132309376e-02,-1.936334715579561272e-01,-1.057644588627748294e-01,-3.120572472446381251e-01
-3.378474414334573656e-02,-2.052263261950088569e-01,3.282817147399264002e-02,-4.634558941250044306e-02,-1.136951929736905037e-01,7.455448545639316305e-02,9.881926161796492081e-02,4.546697716453887428e-02,-4.818113433024313885e-02,7.474750070562369286e-02,7.227639731907245513e-02,-7.394140198095559488e-03,-1.166442033050426041e-01,-5.892715352135009105e-02,7.597489965681229751e-02,-1.637628131281102239e-01,4.397727346223877232e-02,-3.638875483130787902e-02,1.475430001197597651e-01,9.546303123984127559e-03,6.034386428762052168e-02,-1.143717358063287004e-01,1.478091656183208868e-01,-1.650664572674132302e-01,4.401540357782175207e-03,8.501381577731631500e-02,5.285048921399847222e-02,-6.852586253253452331e-02,-6.459684782676583525e-02,-1.071210758655124634e-01,-1.342564058750992662e-01,-4.027977328745022123e-02,-1.698245851978041621e-01,-1.004639986082944553e-01,-5.502966015099342717e-02,-2.380227644992386968e-02,-8.556790857640311776e-02,-5.978619930548633582e-02,-6.814990687912111933e-02,-1.533146257119956390e-01,1.172942596273062327e-01,1.423763278163208412e-01,-1.436938978822429325e-01,-3.319490706889696718e-02,-9.096768210127207169e-03,-3.352473326463986658e-02,-4.436087661580217362e-02,-5.531782832466200506e-02,-3.315278758050766578e-02,-1.873679996246111479e-01,3.396273078604997164e-02,-2.855915453196129772e-02,3.545257847289070424e-02,-1.390963642902543485e-01,-1.537650628000649666e-01,-1.054304458089060509e-01,-1.162001743963922695e-01,-6.288563115884238108e-02,-3.341099054588939771e-02,2.029810188530218329e-01,-2.623726953990500044e-01,-1.958863681722207428e-01,-4.049618115873720309e-02,-1.310975959842571592e-01,-1.616545861819247143e-01,-1.966280944482035054e-01,-1.627893043798949585e-02,4.388149250892173919e-02,-7.869353196982073473e-02,4.113281265210569360e-02,2.980015415795234102e-02,6.752780999176090371e-02,-6.954227506164558509e-03,6.766835537588751504e-02,-4.747976657173032244e-02,-1.187420591715426660e-01,-6.407731705420341428e-02,-1.780894086762897788e-01,-2.237798419543205464e-01,-2.992866223493600986e-01
-6.104505799525968002e-02,-9.832669825787355988e-02,-1.438735167658571068e-01,7.552457220659264392e-02,-1.221806280690380941e-01,7.157959035021166719e-03,1.420776231740298878e-01,-1.602972597315431569e-02,-6.285190112432183229e-02,-1.063835691214019656e-02,6.224996663775154981e-02,-6.285674282399845991e-02,-1.500774316391974283e-01,-3.446745317726844504e-02,-5.146608759103390301e-02,2.018796436220116897e-01,-2.460540282245143526e-02,-6.554638361729371587e-02,-2.356163078382067788e-01,6.623756369728582560e-02,2.504175899666899810e-02,-2.896560464729269757e-02,-3.031098791625412223e-02,-2.253942814091256797e-01,-1.132207451861093200e-01,1.367953350634412701e-01,-5.641915641527460445e-02,-7.030700115497132141e-02,-9.593721849249235711e-02,-1.037293318383417789e-01,1.280193060267343919e-01,-1.261717058225190601e-03,-9.958620738557025232e-02,-1.352613263333767718e-02,4.496897349386779624e-02,-9.138280675265156305e-02,1.592923612603451278e-01,-1.256486188207907584e-01,-6.411157043537742128e-02,-6.551296267488410097e-02,-1.255440480827618721e-01,-7.027072816327782634e-02,9.184891190557346874e-02,1.260548585122757137e-01,-1.320234943233461744e-01,-4.523198631417542359e-02,-1.274549380843270352e-01,3.375608463958144900e-02,1.189659981290397059e-02,-9.448332150415911235e-02,-4.391404743732525012e-02,-7.704931810599094377e-02,-9.340533294686796661e-02,9.075082363045020029e-02,-2.719675939737296183e-02,3.671454247131626658e-02,8.211109991198464741e-02,-1.024512059623550603e-01,-1.157727963360335871e-01,1.077562615273604391e-01,-2.906580852061124154e-01,-1.322465475781424427e-01,-4.001818958976304658e-02,7.361896084354430277e-03,-9.283971395580761787e-02,-6.750157993743008400e-02,-8.761001774134910547e-02,4.723859747867691083e-02,1.649545033502012592e-01,2.545474518398700963e-03,-6.183597347745680567e-02,2.307561165648501847e-02,-1.729979378551887645e-02,9.396110735428593944e-03,-8.690456805650556560e-02,-1.300112586282291816e-01,-1.677743107725309935e-01,-1.341271245912058485e-01,4.290023977288168894e-02,-1.366400814671594188e-01
1.805506997476605952e-02,7.434440831530284011e-02,1.477359683734259972e-02,-4.440202306122894432e-02,-6.986883224177384277e-02,6.105866255708398277e-02,7.880883171384654717e-02,-1.464018444975306475e-03,2.898545476413275437e-02,6.709953724860332619e-03,-8.001668979856407793e-02,-1.743920408186909188e-01,-7.798382051351328281e-02,-9.588632624930508441e-02,1.611623552128973180e-01,-8.170435201877705722e-02,1.023269964086235065e-02,7.915142752837972528e-02,-4.796657806997445955e-02,1.631689600853272054e-02,1.524395260212512704e-01,-1.408800799738758533e-02,-1.852539079975509262e-01,5.189875378756319407e-02,8.534450533173071340e-02,-5.210805024730076618e-02,6.187121590817531297e-02,-3.177932116476695490e-01,-2.508524452012970973e-02,6.293180848087104318e-02,-5.832894358079605823e-02,-8.700837807507991184e-02,-1.324921151225326998e-01,1.567857219744920039e-01,-1.746814501476431081e-01,-1.826107357011714019e-02,-7.267604988607523353e-02,4.228386784383299929e-02,8.733354474490123698e-02,-6.986739544725933948e-02,-5.779440934030113074e-03,2.171233199291204216e-02,-4.597272302521756247e-03,-7.791050750343903042e-02,-7.378269272487671115e-02,1.604311873816991613e-02,1.813608509954950099e-01,-3.817433032362550077e-02,2.164223878198700754e-02,-9.085048970713102690e-02,-2.785780871491857005e-02,3.489382010427199976e-02,-1.353920119620106131e-02,-1.637355176024769821e-01,-2.303267371832537144e-02,-7.219559754403452601e-02,-1.146230764387662221e-01,-7.724619536333945935e-02,-1.084561464414376120e-01,-2.259433523298837454e-01,4.018886144665113902e-02,-1.625182818784406957e-01,-2.661196683189101519e-01,2.683704654122034614e-02,-3.157821063636543496e-02,9.678982038373454277e-02,-2.313858682445136747e-02,-2.901072167607347124e-02,-4.317663352588585468e-02,-1.023369148144543175e-02,-2.232065722402294325e-02,1.758760992679420793e-02,-1.129182942865743916e-01,9.361263461869789859e-02,-1.044055535568904208e-01,-1.607354409035574583e-01,-1.985055300334091499e-01,-1.957468462613601856e-01,-2.371102389491935303e-01,1.648742495285482612e-01
5.569397818883796425e-02,-8.665484223011507559e-02,6.387976463594252641e-02,-4.504168582352184591e-02,-6.187798422125075082e-02,4.657032932291890748e-02,3.381909028903172520e-02,3.781978597456291807e-02,-2.258827471862124847e-01,-8.230550339193917764e-02,-1.177561081695466527e-01,1.746805460775985031e-01,-6.406368309474767819e-02,2.731640120421606824e-02,2.363096960317174686e-02,-3.137762165969248864e-03,-1.840049891417326090e-03,-8.273780996232188434e-02,1.897001247970750773e-02,-3.035671906966740802e-02,-3.170078415745518352e-02,-4.521398337786555754e-02,6.987669571859465856e-02,1.013046809764998196e-01,-1.459271244594360049e-02,1.077166634628482222e-01,1.380882357338002533e-02,1.410144774509177468e-01,-1.626699938353360908e-01,2.591990400119113802e-02,4.109053384343600013e-03,-1.250624341735387390e-01,6.798411741941016995e-02,-9.862003977222631723e-02,-8.914752076342378345e-03,1.913949372100827717e-01,-2.817267911628458174e-02,-1.873645932176369044e-01,-1.368618026373192575e-01,3.592003715604980690e-02,1.542695049778717610e-02,-1.115336495373493442e-01,-4.082280677383387513e-02,-1.028407364070290930e-01,-1.052242118003384880e-01,5.673974899991904297e-02,-1.675739251334064928e-01,-1.144825063478929206e-01,-1.980849119524991375e-01,-1.772023814239097605e-01,-8.763086910267597895e-02,7.103946814332366688e-02,-2.203790405847937117e-01,1.768881388542660818e-02,-4.449473434961724594e-02,2.163140808818547409e-02,-5.592420931283263036e-02,-2.543727684775904871e-02,-1.132317161319365689e-01,-2.888127110738837877e-01,-8.026825474008164596e-02,-2.034858738137741013e-02,-1.979711588410683065e-01,-1.158231296165999347e-01,-1.377393294483621189e-01,8.458628421543434861e-02,-9.318859223030377670e-02,-6.115689483128978338e-02,7.755856418292790544e-02,-1.206863074592325752e-01,-2.069973419292747696e-02,-1.384064262887777785e-01,-5.526720370837672619e-02,-2.064096398895989837e-01,-2.349881796548715096e-01,-1.954833637663299095e-01,8.403915084078578124e-02,-1.752916003697228275e-01,-1.402116093246141837e-01,-2.234899160540777530e-01
7.103597007957317133e-02,2.019627774682953292e-01,9.641443913125209708e-02,1.604194999152603052e-01,-3.902839022240645050e-02,5.705380529820874153e-02,-4.741375267869179025e-03,1.422287863524304419e-01,-1.957591405388592679e-02,1.442780200145852947e-02,6.754654466472170826e-02,1.001602662723308224e-01,-2.103432503152833505e-02,3.075757153415740672e-02,8.750844240138305752e-02,-1.249252356732175745e-01,-4.080814853197124725e-02,-9.106910498733460091e-02,-4.035554007761935763e-02,-4.038836124663829769e-02,1.344573651139696624e-01,5.880842923479390888e-02,1.015709581782224188e-02,1.631163777811499016e-01,1.166394452166453349e-01,-1.715204995478597462e-03,1.580545293870894985e-01,-2.648813455088322444e-02,-1.292616594171714095e-01,4.019699444978162145e-02,-1.774268076229152113e-01,-1.337669214341246637e-01,-7.564687732438593604e-02,-2.019753002208635878e-02,9.407777880715745278e-02,-1.386791590948722175e-01,6.491878749198490284e-02,-1.116961436512068501e-01,-3.577915731695719553e-02,1.046622908920669393e-01,3.158103130001081293e-03,9.480303164832473706e-02,-2.579971438969346775e-01,3.195650488088604829e-02,-5.211409086966567461e-02,-3.334514739455670101e-03,4.899048675721551921e-02,1.685702009312862321e-02,-7.770642963277783755e-02,4.455614582355460485e-02,-1.613563361594872250e-02,-7.844657569264511243e-02,-5.555569438939782223e-02,-4.419576426831566679e-02,-2.735832034277319025e-01,-2.473147175635248829e-01,6.539877853049664257e-03,1.400378452302871758e-02,-1.845719676342568241e-02,-9.338304312807485519e-02,1.889714262107567155e-01,1.700478601942503193e-02,-1.100347311223720259e-01,-3.221902214411760928e-03,-1.832874194301392368e-01,-1.200848369849270847e-01,8.771928785491558966e-02,-9.058358387487469576e-02,-1.867641551829043456e-01,-2.657400316361657744e-01,-2.453785284050437332e-02,-5.905629757648122452e-02,1.505867290125474309e-02,-6.503142563966085588e-02,6.734323302246693344e-02,1.165658962330950663e-02,-6.796410522875229177e-02,3.058629922558131660e-03,-3.351031329694049987e-02,-1.925012953968992524e-01
-8.392959589262528886e-02,-4.732969536583049586e-02,1.499693639463926254e-01,8.480480694603807768e-02,-2.262411652180437160e-01,2.304095652597312055e-02,-1.620491301527506312e-01,2.920295999880625493e-01,-1.459339695840659312e-01,1.271507912578399013e-01,3.660853992334887896e-02,2.014642951482006547e-02,6.413027746933054607e-02,2.319708838381096677e-02,-1.452144525229443206e-01,-2.049975559495438027e-01,-2.001391868180335820e-01,-9.893213411271677138e-02,-4.440529617291218145e-02,-2.352940835313690332e-02,-1.149777822824129131e-01,6.379690053281247830e-02,-1.226987928845639231e-01,1.131258804112803907e-03,-2.949167291630009832e-02,-7.245458435422297283e-02,-1.374260955960515118e-01,-3.132659509597645470e-02,-9.513716137996482483e-03,1.497017350161017057e-01,6.597062449652940641e-02,-6.975611778709479849e-02,2.521934285748820073e-02,3.920368539802847330e-02,-1.596614674165498238e-01,-1.082402289483023854e-02,2.129624585801466116e-02,-5.956937474137934119e-02,-9.220810859320048569e-02,-6.348270058051953824e-02,5.655864786729954824e-02,-4.352902218270397056e-02,3.490962000844117369e-02,7.300089340999210696e-02,1.343944877436627494e-01,7.289222743044619646e-02,-1.770557069351908208e-01,7.441084895988915593e-02,6.430427090224359599e-02,-1.528811796077636787e-01,-9.383464164595645488e-03,1.087738796379481877e-03,1.950833114253401612e-01,-9.244487083235321256e-02,-1.225099578531312350e-01,-2.489526043088597859e-02,1.387790376130115452e-02,-1.010352156401356574e-02,4.342817966519267603e-02,-1.310431248546553296e-01,1.060111695633579043e-01,-1.461216893598837052e-01,-1.290197980329217398e-01,-1.704854312425997942e-01,-1.139361222622300579e-01,-1.998512931496451983e-01,-3.313625168613791860e-01,-1.207307365952261374e-01,-2.266544802460053742e-01,8.300701732262218135e-02,-4.533030451222700764e-04,-9.072295449070941209e-02,-1.686330902333895987e-01,-2.031162811756853648e-01,-1.391996599480528896e-01,2.433629021594430064e-02,-1.402857048786862182e-01,-3.348192148285968062e-02,1.858642253081731754e-01,-9.134269649817072789e-02
1.341456156203311434e-01,-6.983742633924945598e-02,1.886450110454421670e-03,1.814137203593228385e-03,6.652021733473005571e-02,-2.943456283208073510e-02,-2.383302176155542851e-01,1.320265996564697342e-01,1.018612433951029267e-01,3.413890321444731230e-02,5.771765493087337162e-02,-2.155210360420113103e-01,-4.121190696596344766e-02,1.407978449348088745e-01,6.880182120242378518e-02,-4.622713534552862907e-02,2.353818845839839718e-02,1.744321452838127340e-01,9.523080834548247955e-03,-1.266546486555991391e-01,-6.778836063698243618e-03,1.496790370400726544e-01,-3.319500194584556335e-02,-5.182290481588426589e-02,1.479602814421661638e-01,-1.419300583679432848e-01,-4.464811726822303511e-02,-1.381716518654458326e-01,-5.009309790592517825e-02,-6.405885322675625160e-02,-5.783696810064962307e-02,1.732392751027389544e-02,-1.928952790685908303e-01,8.470627332537837562e-02,-4.884533707898607718e-02,-9.691151906127376536e-02,7.075189563928339920e-02,5.157960465839927372e-02,7.736486030219595633e-02,1.486656204831151851e-01,3.735471252388929131e-02,-8.128730414593953596e-03,-1.171868333365930076e-01,6.682811081047179474e-04,-8.585837386300826379e-02,-9.074516033555188321e-02,-3.164243007494270139e-03,-5.753136392760884593e-02,-1.786783633764180979e-01,2.571516227832841908e-02,-1.898872995135099774e-03,-7.963094757985957062e-02,1.380895866290240692e-01,-1.035759474175636718e-03,-4.126655307272820705e-01,3.961223373310854973e-02,-1.853666068500679776e-02,-2.028734675632646034e-01,-2.638687343011084652e-01,-1.673003407419869637e-01,-3.703689624720854501e-02,-9.942611877713270624e-03,-2.076767580033410387e-02,4.897408875354551661e-02,-6.300956696954530811e-02,-5.974422027666106277e-02,-3.051744912473519991e-02,-1.362392764958974822e-01,1.851177311771223452e-02,-9.087826686323034753e-02,-1.414236436834645505e-01,-7.695583500252260734e-02,5.070581692205881376e-03,-1.403260279213267014e-01,-8.958209986364059621e-04,-1.025598285930663517e-01,-1.668314128397852258e-01,-1.232350257171219675e-02,7.409017394384452559e-02,-1.399553244437970988e-02
3.122703258483533473e-01,-1.344605124210464242e-01,2.091950288572594005e-02,-3.498067413434930578e-02,-5.116819823714328398e-03,8.179260637246654753e-02,-1.693586700171088033e-01,-2.249925380148369569e-02,-5.178927386119366177e-02,-9.742740323523096935e-02,-2.055903795898275377e-01,-1.330967956499566141e-03,-2.938140038893076456e-02,-1.093213837482709394e-01,-1.279518996428932465e-01,1.964152678727848836e-02,-1.426506606350350925e-01,-1.757037685834772489e-02,-7.523390434669163795e-02,-9.104144444306798423e-02,-1.994103023545224784e-01,-8.892419460663295028e-02,-3.873787292860333270e-02,-6.257896934369652775e-02,1.507318414991871136e-01,-2.603969141690336622e-02,-1.723838688990969592e-01,-4.635322072234894508e-02,-3.300179093642117284e-02,-1.238654923202281988e-01,-2.536316614349828566e-02,-3.209358198707768645e-02,-6.530042400877374142e-02,7.730341373864949017e-02,-2.202366034631958180e-01,-8.205161385338025082e-02,9.697013311616607678e-02,2.087841054591473358e-02,-1.481060879579761298e-02,4.155197023107629062e-02,-2.150090332251971825e-01,-8.060710149631816757e-02,-2.093915587452480423e-02,-1.959997062075628446e-02,-7.382629222713645023e-02,-3.624854232635021378e-01,-4.321210062757111815e-03,-9.073093310322119520e-02,-1.157141183900948778e-01,-2.037509376042953291e-01,-1.806180183676251161e-01,-1.688190100353944567e-01,4.383792585610115505e-02,-1.784279533605987247e-02,-2.632656863807713576e-01,4.910355222791093488e-02,1.981339998807208624e-01,-1.371649372534946209e-03,-1.178130009310330156e-01,-3.395020087135104669e-02,-2.795983263269018540e-02,-1.307781202543286114e-01,-1.693638472864341105e-01,-2.744444595945308429e-01,-2.203177599895943251e-01,1.800231210688419195e-02,-1.561137858526954747e-01,-1.007567893108193974e-01,8.742257745887088011e-03,8.407283364068436626e-03,-2.718615615985462558e-02,-2.116601161688420329e-01,-7.919552517535372038e-02,-1.630396479013003497e-01,-2.311162057967375283e-01,2.393299007635580830e-02,3.140564993524871951e-02,1.883920182975247883e-03,-2.012084460491214699e-01,-8.656254454942453880e-02
4.759677881865706506e-02,-9.766588030826259259e-02,3.209826460587422020e-02,-2.109401217767512340e-02,3.587165828621353969e-02,-1.138546824925461623e-02,-3.357272797446455431e-02,-1.753210667000297540e-01,-1.591708175734072028e-01,-1.359940884754830964e-02,1.067368513614290748e-01,-1.092155459043399890e-01,4.169361482952727016e-02,-6.539126648542190057e-02,-1.866116494455667407e-01,-1.300007299851728970e-01,5.477161376035952212e-02,-5.507032458010761161e-02,8.462738358214499934e-02,1.879883503739196160e-01,-1.031627139933040567e-02,-3.386609808126438831e-02,-4.405684686807839062e-02,2.957391537258744624e-02,9.895502248674584167e-02,6.158423093788017305e-02,1.666657933180493711e-01,1.168638638675019575e-01,5.609302298780090290e-02,-2.569466407818886688e-01,5.763376527820138900e-03,-6.541852017302630939e-02,-7.191653499402189675e-02,4.033836020613802004e-02,-6.348865229466775506e-02,-7.915904769877864233e-02,-4.999779032261936901e-02,7.316386528024937386e-02,6.106393012625781908e-02,-6.576418314837645385e-02,2.544575058911472797e-03,-9.127637169708074927e-02,-1.424356943014934984e-01,3.659631430427284088e-02,-8.094521417239158856e-02,-6.336109811532948666e-02,-1.496632646913513554e-01,1.831128340709201399e-02,-1.364368004684273494e-01,-1.242155194113800931e-01,-2.118913172457338179e-01,-1.912161351234312467e-01,8.519534845142760771e-02,-1.764338243928281202e-01,-2.087888993134681681e-01,-2.314605833291002134e-03,-1.687091707014190534e-01,2.737524038722255817e-02,-6.323500317780537949e-02,-8.037859247492214199e-02,-9.075558460313658260e-02,-2.161638836141947517e-01,-8.459909679736293819e-02,-2.093234279704654921e-01,7.649077505094742727e-03,-3.861781106812924025e-02,-9.467007081434201943e-02,-5.378568700442538236e-02,-9.998917449789836848e-03,-1.807184831086995069e-01,-1.112408862670819371e-01,-1.427226745551611331e-01,-1.283383196276082217e-01,-3.901001266178449195e-02,-8.198510380878686055e-02,-6.427311411059011270e-02,-1.007143083017954799e-01,4.099168200131778766e-02,-7.738476411313824355e-02,-1.815427261774656964e-01
2.120811575775844934e-02,5.979832659527752059e-02,2.477452551898421534e-02,-2.295237074478929246e-02,3.777635739347615096e-02,-4.301058136214781780e-02,-1.097820350607395939e-01,-1.081305308005094529e-01,-1.552811999907408591e-01,-8.169057960889314698e-03,-9.709439732724417516e-02,-5.048364516511675421e-02,-1.110483413723078044e-01,1.506717633005879298e-01,2.833915649000267600e-01,5.026321594171463680e-02,2.790743106449809774e-02,-5.784268704017130752e-02,-9.551603343190789852e-02,-5.067614670239505015e-02,-4.201083240069398289e-02,-1.147125467445758544e-02,3.681210140940384401e-02,9.229673424773322810e-02,2.790491962867917008e-01,-1.791648157721407453e-01,-1.349021226290553557e-02,-1.881223574824659184e-01,-1.546320549569649150e-01,1.137448488484618520e-01,-1.152443877353817592e-01,-1.953187012656086019e-01,2.704729180671204269e-01,1.219762686356968828e-01,-1.161185518886425766e-01,-2.257764116679793556e-02,2.911315281947794362e-03,9.563095628624311562e-02,-1.753679118839146511e-01,-1.504069299301141402e-02,1.068483230129279732e-01,6.972032893177543267e-02,-5.657848529340801791e-02,8.530831842659912512e-02,5.949986266276012514e-02,3.157558072298608919e-03,-1.650358965883437848e-02,-5.815014620977623783e-02,-1.139236980827803159e-03,-1.552559729398252653e-01,-2.759831037009173316e-01,-8.070873641237488738e-02,3.296625898356712187e-02,5.981364087752846781e-02,-9.020168995539501466e-02,-7.349813128449163291e-02,-1.290634980683207922e-01,3.672089450467137112e-02,-1.226055859639186979e-01,-2.648001729594945397e-01,-7.571045645368397470e-02,-1.807258582071041009e-01,1.949726895742220564e-02,-9.046127081182842034e-02,-9.231516586588781048e-02,4.710053130066661937e-03,-2.308825802532696037e-01,-5.092959461928306397e-02,-8.246790160340683462e-02,-7.030834149455451876e-02,-1.250740822835968435e-01,-4.792608598244587487e-02,-2.482293870335512131e-01,1.483740871052619459e-03,-1.335065391698599946e-01,-1.073318515701900261e-01,-2.604710360312293416e-01,-1.970280319987978979e-01,-2.688906318549804109e-01,-2.497575164051971108e-01
1.364776063799366613e-04,6.714036455873098608e-02,6.989394619495495342e-02,4.266828829163349379e-02,-1.147605032989596346e-01,7.575201953223524576e-02,3.555071109699237033e-03,-2.133808056135869883e-03,-2.287851474484233205e-01,-1.579531227658997339e-01,-1.394154184605538027e-01,1.382722205818344152e-01,-6.008689717226538968e-02,4.972712603376360646e-02,-7.492208114970574928e-02,5.690641091107857992e-03,3.989746556760247892e-02,-1.837648188302833455e-02,2.497811919400152320e-02,-7.168912805972968427e-02,-8.109701671006039336e-02,3.191758423036623188e-02,-7.162595811056479689e-02,1.437348757776577279e-01,5.492012469676942760e-02,9.678647172615728600e-02,-8.904499740117630124e-02,-1.373776024023162234e-01,-8.355953820458350556e-02,1.304852428368512562e-01,3.207834014602947148e-01,6.388465640093410336e-02,-1.164287533054685492e-01,-1.016733218509067033e-01,5.580979671027004596e-02,-1.357817249706138873e-01,-1.129013479992894836e-01,-5.917011749500522555e-02,3.398003940212417084e-02,-4.680108553470569560e-02,-1.246859192623298446e-01,1.036444874956276435e-01,-2.777913431939105227e-01,-1.051206253637949062e-01,-6.419544232549465046e-02,-8.129692714635601558e-03,8.486560918302367418e-02,-1.959289946004568184e-01,-1.678408988686853620e-01,1.111573840547328967e-01,-7.751807207413445588e-02,-2.464738551060552396e-01,-2.390649388961748126e-02,9.778217606396653883e-02,-9.678947526764809101e-03,4.909660540326751116e-02,1.286587726089343658e-02,-4.168678203708769264e-02,-2.310155258701246939e-01,-1.290378100911578896e-01,-1.229706862267386236e-01,-4.759854448703320501e-02,-5.122948328553718345e-02,1.288809123005060508e-01,-2.267771262521820624e-02,6.073630656655280152e-02,-1.865332172505003439e-01,-1.699806399087630260e-01,-9.409950940625672056e-02,1.519523095471401672e-02,4.302414296687091799e-02,-1.773257446137811166e-01,-1.358198434976742586e-01,-5.773224203292639384e-02,1.421864181081871140e-02,-1.793013367964654825e-01,-2.079376370379965588e-01,-1.428075333703747174e-01,-8.613636988303879916e-02,9.304063950277105532e-02
-7.097888746141341187e-02,3.867864697826551429e-02,-1.898433569538243368e-02,-5.664853571941468047e-02,5.693811449458660578e-02,8.023742173143719181e-02,4.276864353523048695e-02,1.241527926160793938e-01,2.098186734912181883e-01,2.038993384338588510e-01,1.209344495004784498e-01,-1.269033568040097981e-01,1.995634987964939044e-01,6.297026865707448795e-02,5.697253304377720984e-02,-1.410636505513679917e-01,-8.038345029576336731e-03,-2.164359877910214391e-01,-2.790833234475607189e-02,2.182675956488342589e-02,9.120333389854763662e-02,1.543855593498128786e-01,2.133488664441187954e-01,-5.828105441620161364e-02,1.842620382459695186e-02,-3.164595610922946167e-02,-2.057808163843470317e-01,-6.017473614663167332e-03,-5.148926704262431209e-02,8.683326035786560759e-02,1.604432023019036757e-01,3.191323894781169374e-02,-5.091546207924490391e-02,-1.149558165040653890e-01,9.608615752812041388e-02,-6.046581076533431159e-02,2.079042162825555859e-02,-1.326888377203564451e-01,6.529419045060273936e-03,4.508826520442281438e-02,-7.282062135979165164e-03,-6.217745366278234348e-02,-7.005875890052729038e-02,2.509773245021903326e-02,-5.679755790786165937e-02,1.995718106062913388e-01,-1.250019321131443373e-01,8.351455716021163878e-02,-1.151195249256623671e-01,-1.871324656183778190e-01,-5.873326008101417001e-02,-2.087893672904779230e-01,1.975759791150629233e-02,6.656668446136181083e-02,-7.076754319338839083e-02,-1.874807433606338336e-01,-1.560157837737041753e-01,1.757979687557644222e-01,-1.188526880269566988e-01,-8.323456488784009705e-03,-1.023274199800269652e-01,1.881602880416177737e-02,-2.554858101480297905e-01,-1.578754862264152015e-01,-2.042324532583283114e-01,-1.658687921535275112e-01,-1.389275461133774037e-01,-1.257752802945465709e-01,3.287407671504491424e-02,-8.941206855189867686e-02,-8.297473869529307933e-02,-7.041321430200372933e-02,-1.364854489738438481e-01,-8.971627377042712403e-02,-2.498835427985803548e-01,-1.642575417981021746e-01,-1.097913404824406303e-01,9.694373708829896741e-02,-9.799578443080787793e-02,-7.083310405995199566e-02
-1.016031239634142408e-01,-8.324179781041930737e-02,3.869063165254431075e-03,-5.404843183140244783e-02,-8.058429124464186119e-03,-1.545113822546947957e-01,-5.759703225624586420e-02,-6.394959768424103574e-02,-2.039719510514329814e-01,2.389692761968739421e-01,1.684586704852261696e-01,9.156685887318119499e-02,-2.662730595115018681e-02,-1.592078435002752534e-01,3.377004989732760448e-02,-7.077012326853898694e-02,5.034052430021683511e-02,1.011937170171631345e-01,-9.754692782364636494e-02,-8.756232053519056452e-03,3.169530491394108827e-03,-2.950074480825487511e-03,2.398693344740937539e-02,1.166413642453315545e-02,-1.549906244836547209e-01,1.040596443206085256e-02,-9.694358047680434395e-03,-6.658458382714524913e-03,1.656667947496780202e-01,-5.150148589729808962e-02,3.195335585070602918e-02,9.949204432814574839e-02,-4.674998033543838194e-02,7.638245077506058966e-02,-8.788185464001031788e-02,7.703411645684329900e-02,5.619944136691831793e-02,-2.345810298481040140e-02,-1.729593459359137497e-01,-4.478174349589229136e-02,1.291207401182327130e-01,7.560035852208189799e-02,-1.367795767447192168e-01,-2.511083427517414590e-02,1.149504464225556133e-01,-1.600465151137853426e-01,1.198361656200660624e-01,-1.012430849293712853e-01,-6.332742524555187193e-03,-1.587205402679842114e-02,8.571877283706612338e-03,-9.114555109367579455e-02,-6.883580807486497193e-03,4.968348992671331454e-02,1.146729334084947705e-01,5.203573778617513745e-02,-6.740590622928918640e-02,6.422879405194273361e-02,-2.440010002649543042e-01,4.375584867710907017e-02,1.816366475777101775e-03,-2.167161631372551689e-01,-2.465038601210223571e-02,-5.512885500261571065e-02,6.680190316647775621e-03,-1.982607595899914602e-02,1.760927403340358660e-02,-1.679126088721224000e-02,1.179130842285205927e-01,-4.312448611077877858e-02,-1.023761081628991321e-01,1.172397116928542010e-01,-6.103347549466757449e-02,6.308027048220925248e-02,-1.682210618613055597e-01,-2.908886460880118208e-02,-1.171924093517838841e-02,-1.569642298147480575e-01,9.003132713612983784e-02,-1.379489305974662128e-01
1.015488950586688754e-01,-1.167310691528066768e-01,-3.723490350075887162e-02,-2.390649749606558461e-01,-1.136203599799942843e-01,4.115935920914996077e-02,2.167623183832856348e-02,-2.400051888964572777e-01,4.190387414682242295e-02,1.085954035574609872e-01,-4.408239137159916665e-02,-8.262093985438209720e-02,-9.701440831626476427e-03,1.016176544723325220e-01,4.587606433663992539e-02,-5.082877464944620532e-02,-1.204243794026901154e-01,1.958088438553909696e-02,-7.079364962488542135e-02,1.201414597947890878e-01,1.286596083464795585e-02,-3.235484068779217320e-02,-5.803234099824893660e-02,-4.464686209652460325e-02,-8.977737250006456726e-02,4.532655607267721543e-02,-1.031308782788739331e-01,-2.111622408776870907e-01,2.832269620853417741e-02,-1.534154239032289313e-01,-1.068761489410588635e-02,-2.135062959652183068e-01,1.861122553278385938e-01,1.885414041113498904e-02,-1.696494637586152265e-01,-3.847421677134266887e-02,-8.446685577778305018e-03,-1.814469322084777680e-01,-2.169157193430417407e-01,7.751911096616459496e-02,-1.447262696446463895e-02,4.775246389743248443e-02,-1.817844968085846336e-01,7.008535868138000835e-02,-1.319680999243612839e-02,1.187538520876298964e-01,-2.341031228681199061e-01,-5.474088233926612673e-02,8.435379953135505038e-02,2.629177190097516104e-02,-1.138399374797713914e-01,1.885507476286159556e-01,9.392355206408543877e-02,1.511640534018559301e-01,6.277171875096224096e-02,8.002811352159484859e-02,-1.413640873296567180e-01,1.247666322599248756e-01,-1.248873874614841728e-01,-2.979545554236352756e-02,-5.059880208197684026e-02,-1.361231322321710124e-01,4.701164302268107803e-02,-1.225450552823782319e-01,5.386546544087471300e-02,-4.290029302986228532e-02,-3.004821472718150963e-02,-1.452861076001127905e-01,-2.125630096745857733e-01,-1.026414354383571731e-01,-8.239296886719141289e-02,1.759521759719459566e-01,-2.426593056827907879e-01,-1.961398676858413515e-01,-7.513922802529671152e-02,-7.660101278647771239e-02,-2.935987624656128392e-01,-5.369503203240642147e-02,-1.525573458063275434e-01,-1.648841362783596415e-02
-1.135888811247584285e-01,-5.235707540482398975e-02,-1.248860696263858899e-01,1.055637432624503269e-01,-1.031419860089033066e-02,4.429873178566309799e-02,5.807532848731460778e-02,1.426529771682426111e-02,-4.040148125561476150e-02,-4.760497075066874584e-02,7.865476979940763669e-02,3.874575208984389063e-02,-1.022523397438672710e-01,-9.946463908428292144e-02,-6.028259455594934396e-03,-2.529592886147475142e-02,-1.844418444100553445e-01,-4.023083138983339635e-02,1.615590395806343893e-01,5.053106688398765339e-02,-1.419461008897686116e-01,-2.935802215449367925e-02,7.401560826928414369e-03,-9.111699959018546013e-02,-2.052285212228196001e-03,-1.337291925163052071e-02,-1.171068673790577608e-01,8.523881429353445671e-02,-1.288684888737284817e-01,-1.464397341272056022e-02,2.245382468688737407e-02,-5.551953944206686198e-02,1.524206601278892681e-01,-1.392087837788598959e-01,1.070155457017817752e-01,1.439575720143122795e-01,1.223035105076272916e-01,-5.412622090408891751e-02,1.297267914490935203e-01,-3.105408357880502790e-02,3.228654398428355832e-02,-9.530450688348854338e-02,7.410217699993534857e-02,2.174457323064898084e-01,-2.060293769807404821e-03,1.506072369645919395e-01,8.542546482137765296e-03,4.639353898462321435e-02,4.713319543645146104e-02,-5.858444255109464260e-02,-6.577956343531767003e-02,-4.063938195334574482e-03,9.971096923986239036e-02,1.465109816825612976e-01,-3.640445394686080416e-01,3.270755974382531794e-02,1.895069352674559268e-02,-1.396677134207866267e-01,1.904889063970065521e-01,-2.288940418573421343e-01,-2.422673530935589847e-01,1.519560034970268980e-01,1.249200709134701964e-01,7.314260580995816940e-02,-2.276807848052827821e-01,-7.030135957448249706e-02,-1.558308431713083600e-02,-5.681131719389667656e-02,-1.271968160130107495e-01,2.087109336466782747e-02,-1.474588424761940075e-01,-1.711912665257009705e-02,4.324074214829815715e-02,-1.384029153055662542e-01,7.236392280612935143e-03,2.843408366047796287e-02,-9.452629686040578405e-02,-7.718573670639659878e-02,-8.450665345509224269e-02,-1.050105850677004182e-01
1.412371444249462850e-02,-2.541877501218318958e-02,6.682163202517205081e-02,-1.438765181353762190e-01,1.622333052090443872e-01,-9.683201823468294556e-02,-3.669114936428681528e-02,1.832902604918042466e-01,8.879550140565806160e-02,3.559050155257315051e-02,3.884349789597631164e-02,-1.766177062961893363e-02,-7.844901990641939271e-02,-4.298446460747393227e-02,-1.679732094266315201e-01,-1.432561960764322240e-01,5.920417718917662248e-03,1.225772826027068073e-02,-2.968259657740495924e-02,-7.643328650999242808e-03,-4.466060054916701910e-02,-6.829242581719953409e-02,2.237095979324362632e-02,-2.461044901092602488e-01,-5.388252186426757684e-02,-1.521834609952057993e-01,7.601132153094171395e-02,9.651873879179503901e-02,2.846599673985800855e-02,1.375293084519588725e-02,-7.691748169525874923e-02,8.480165730084825160e-02,-1.331341502752826922e-01,-1.887004056227604420e-01,-5.521768147634346230e-02,-1.038494466692609364e-01,-1.448784688960310929e-01,7.733134322890894419e-02,-1.023028165210971979e-01,-9.862138566766656678e-02,1.641423591897685913e-02,1.295092894810105644e-01,9.634670979342993546e-02,-4.940603032687242158e-02,-1.704622872362597796e-01,8.055064268297104646e-02,-8.795811293261342201e-02,-1.785697111582415855e-02,8.239181808947766694e-02,3.611408623312129754e-03,9.712125801150348070e-02,-1.054217696146217687e-01,-1.456730071512384594e-01,7.431466288752346105e-02,-1.098218820431731690e-01,1.942709305468188694e-02,-1.061969940283869485e-01,2.088967085638763696e-02,1.340829029289068164e-01,-1.981924238076784028e-01,7.808485538759030176e-02,2.310862895116136059e-02,-9.535195656455600077e-02,-1.128987549774101845e-01,-2.044330660914252251e-01,-5.813919375602671913e-02,-1.063680470125148297e-01,-1.805914204566346284e-02,4.901294147388558786e-02,-1.578835264142345596e-01,-2.517413649058384828e-01,1.959252671361491893e-01,1.234101627994972500e-01,-2.039529375028102665e-01,-5.795384016006730615e-02,6.525195521165137735e-02,1.158538205076366928e-01,-2.088889624931992428e-01,-1.941006420145335865e-01,6.737816241312205578e-02
-2.233180076800467817e-01,-7.739212583046969907e-02,-1.186556909085768191e-01,1.919403174332790646e-02,-1.744620580012311573e-01,-7.440540502433171111e-02,8.732003026854030792e-02,1.483145546092477784e-01,-3.457567649526260140e-02,-7.784051740162545134e-03,6.612699268900486260e-02,1.473320358681762211e-03,-1.452166898322491406e-01,1.101802348732503212e-01,-4.561471025206807750e-02,-1.689247729661178254e-01,-2.510928277765029915e-01,-1.853307511739931968e-01,1.153928352953578623e-01,1.439259508706296764e-01,-9.596115009319107492e-02,-8.658185856264535851e-02,1.560116323027602170e-01,9.043685774416231060e-02,-2.427090034696343518e-02,-1.166235547130014955e-01,-1.618859550115646362e-01,-6.495522490731749088e-02,-7.548143929615736165e-03,1.854189626457856399e-01,-9.074484060885469605e-02,-1.909639713210579681e-01,-4.429911237797101720e-02,-3.077889011441801992e-02,-1.822568409319162697e-01,8.061107827602072284e-02,-1.506878878804414346e-01,9.893984435849274839e-02,2.492373614217029687e-01,4.559750333998826427e-02,-1.619179511337414945e-01,-2.707000104111214819e-02,-1.155451638237830758e-01,-2.447905821436842811e-03,-2.844025237694862429e-02,-1.145929234642590472e-02,-8.601843915567244925e-02,-2.144712043397998813e-01,7.424003851105892560e-02,1.688282021032362079e-01,-2.008697893709576465e-01,-9.772925467426356316e-02,-1.431344461085458653e-01,-2.089635910623861004e-01,-5.944877534757690013e-02,-1.533305977398115860e-01,-8.555504880946777913e-02,-9.849350344158189219e-02,-8.334789960786186114e-02,-2.703377735159068554e-02,-3.171017616512889631e-02,-9.087039165208568581e-02,-1.490051138219076754e-01,-2.829475511212935571e-02,-9.906819695706066409e-02,-1.152627052865234786e-01,-5.102227468138943733e-02,-2.290810901076022199e-01,1.212613638325382021e-01,-2.463009971368939344e-01,-1.413548225734118646e-01,5.705434879310625207e-02,-1.594037357588377612e-01,3.510494574545970636e-02,-5.819411711884048960e-02,-9.654469796539476290e-02,-2.997718846957833638e-01,-2.049827276722546443e-01,-1.868696198695457278e-01,-3.291048881638351797e-02
9.016655680248143734e-02,-6.949091480139903132e-02,-1.464756798674513305e-01,8.473640604198907911e-02,-1.491945649203280655e-01,5.703227198595491564e-03,1.791671197488415440e-02,1.483995035856677247e-01,-4.510996193470169502e-02,-4.409048916226458031e-02,5.793375501824047508e-02,-6.177303006568525545e-02,1.423006767320291188e-01,4.266261713141276252e-02,1.129883659499268805e-01,-1.583207452912700763e-01,-2.114001353132443500e-02,-2.092052141655415809e-01,-9.916088756958944816e-02,-2.422512711266283994e-02,5.833090716575874135e-02,4.475449676012181049e-02,-8.127379344876156653e-02,3.975437911872128222e-02,-1.906190593938383027e-01,-2.477249308008118434e-01,-2.888397604114741318e-03,4.819754645345994404e-02,8.135704680431944669e-02,1.258829401662481251e-02,-9.936101116163235936e-02,-1.059830311993149449e-01,-3.979090256628151079e-02,-2.514815094992398428e-02,-4.712577139279590377e-02,6.090980786501683231e-02,1.452228512748293121e-01,-1.771270519482190109e-01,-1.232632202878609362e-01,-2.147104326992177736e-01,-1.434801328912515758e-02,-6.113109284403716454e-02,-7.047057417050604788e-02,8.734909479513433550e-02,-7.251274009862891667e-02,3.799649047839217392e-02,-1.439026306978465619e-01,-4.978202815885620497e-02,-3.690589588155579557e-03,-9.827858919463486331e-02,-1.437955911441179679e-01,-1.106584160268890976e-01,-1.273489404922144852e-01,-6.421150664254944573e-02,-7.780011308185973140e-02,-1.445064043766184081e-01,-7.339202543831711834e-02,2.740188181381190621e-03,2.685403595544990328e-03,-2.290035727830056628e-02,-1.159691329524081688e-01,-1.190969423741521371e-01,8.640601234533520913e-02,7.552274032802897214e-04,-1.132286293582060593e-01,-7.004508431172036531e-02,-1.874536227097169661e-01,-1.704988950130421343e-01,-8.626692731534772729e-02,-6.585796644008660994e-02,-7.650648188124599403e-02,-7.502672638615623391e-02,-1.440062152602459011e-01,-1.222907761922471248e-01,6.277793027239177148e-02,-1.351126145098264231e-01,-5.146040193997285933e-02,-9.728649082832589723e-02,-2.123314898837729559e-01,-9.760931356546795334e-02
-1.714334959036495909e-01,2.701098804495864411e-02,-9.783700237371870112e-02,1.446667423481745596e-01,-1.380297499693230179e-01,4.068334119155546380e-02,8.395989420509060441e-02,-8.338766781843200138e-02,-1.073352252595806550e-01,-8.299254079720101013e-03,1.501994157875500835e-01,5.441613996815695964e-02,-6.898934462803948953e-02,-1.891814893708390968e-02,8.727659448841181000e-02,4.697985570412085282e-02,3.756896629017351941e-02,5.764923332701962083e-02,2.110521595113172034e-03,-1.627187440819300168e-01,1.023009406026765683e-01,-3.768595316085796010e-01,-1.774800469992722785e-01,6.421621045465290833e-02,-2.237407840475884920e-03,1.636575154422362580e-02,-6.142384169198070870e-02,-1.806106332986135155e-01,1.829390408242753674e-01,-1.208852898218084754e-01,3.956043768596605170e-02,-4.449572243677103744e-02,-1.650963146054557629e-01,-6.899020941287517528e-02,2.913743099934330838e-02,-3.992213995827530171e-02,1.686279589841994386e-01,-9.663507553832269281e-02,1.047852608170411239e-02,-2.108255325529008739e-01,-8.155026476398727353e-02,-6.550306068837240259e-02,-4.660958475722166983e-02,-2.670427392474783532e-03,-1.147743915000833254e-01,6.650930797187672161e-02,1.761291436149731160e-01,-3.314870540844790103e-02,8.670151719182883632e-02,-5.529819914854990082e-02,-2.113265210521236143e-02,-5.845938851439291123e-02,4.589009272962247393e-02,-7.236368290043258822e-02,-6.058739354012698114e-02,-5.435001148985893482e-02,-4.218132631576661934e-02,-4.039289090415464079e-02,-8.135147645150422879e-02,-1.233130622060922971e-01,-6.600821655044218639e-02,1.761309871354609438e-02,-1.129280300688377259e-01,-1.180143881705628950e-01,-6.463398233837390483e-02,4.738976498139144122e-02,-1.229355391153900551e-01,-1.802267036550186108e-01,-6.038990597784184289e-02,-1.997608916388376454e-01,2.818095864506931642e-02,-8.913982641089605863e-02,1.022753280361838324e-01,-1.026461659640557772e-01,-2.343418277297412700e-01,-1.865378563002327295e-01,1.358584113013032793e-02,-9.734247006354941611e-02,-1.883665215733343890e-01,-7.217232790414970789e-02
2.061681540102341600e-02,-2.013653974436338812e-01,-5.926939631122681712e-02,3.892482356013753780e-02,-1.048085050222208603e-01,-6.411932691748637933e-03,-1.406548337064854326e-01,-4.006696149195529411e-02,4.342459369720489369e-03,1.887892677130657282e-01,6.304044348706079604e-02,-8.151614455789607527e-02,1.274634390224561598e-01,-4.476923809995304870e-02,-1.936976222715572349e-01,-1.742729634309327369e-01,-2.648942173481444451e-01,-1.100600699772345953e-01,3.913481022102174856e-02,7.586844272461740202e-02,1.809663518775117552e-01,8.675736486463617170e-02,7.587073754614165333e-02,-1.458633586064299881e-01,-1.072601740856299751e-01,1.858814153344360729e-03,-1.765670025440016500e-01,7.382321281552993442e-02,8.254326353812380113e-02,-1.539783699462704269e-01,4.595643099331357673e-02,-3.847822510335550256e-02,1.390145857582032463e-01,-1.008265536084462649e-01,-3.271691946249202093e-02,7.039810838558153983e-02,9.125241471776480984e-02,-5.488432938508522319e-02,-6.171504096872001272e-02,-6.455898668039004862e-02,2.143114068070189546e-02,-3.485905618404792211e-02,1.233235127678533605e-03,-9.670969251384985144e-02,-5.772182661802830600e-02,1.337134684136153662e-01,1.270832056349085748e-01,-1.492136140387625709e-01,-2.628883426314326255e-01,-5.637192917024862887e-02,6.272031606166487971e-02,-5.332629284334197001e-03,-1.053156852012776257e-01,-5.911316886449562852e-02,1.070773428645087344e-01,-2.067455832157542861e-01,-1.028942684107194139e-01,-2.473536375625370876e-01,-2.601317453561805340e-02,6.894117090731040343e-02,-7.432822506724999501e-02,1.055979034337859446e-01,-9.107976578976190174e-02,1.800283090807957773e-02,-2.678951072166852604e-02,-9.346183862302796796e-02,5.978635467977386903e-02,-4.348308754687248145e-02,3.601292281242522014e-02,-5.534434784679709979e-02,-1.785613597110431716e-01,2.475690797460701476e-02,5.426404641454294492e-02,-3.960252721673437892e-02,-1.745969872488327967e-01,-3.942342804932848829e-04,-4.573261349014192539e-02,-1.534564496106902709e-01,-1.352891908183900815e-02,-8.820996348757784156e-02
-6.620776512395107338e-02,3.463990099481140117e-02,-1.149369449959701528e-01,1.496614411077520357e-01,-6.673607964690339567e-02,1.376415766146389386e-01,-1.374824395887982997e-01,-8.742420062979601447e-02,-1.234199396541715149e-02,-5.207199379785102528e-02,9.933892733318509805e-02,1.857404635165324225e-01,-2.640777707917612016e-01,-2.270425726425538693e-02,-5.654387987587405212e-02,5.783613965720314776e-02,8.014544737435860822e-02,-7.148839895139935847e-03,-5.973163597178368645e-02,2.192738309797312435e-01,-1.464234007710653596e-01,-2.152163914442685178e-01,-5.616732908400894758e-02,-4.907683586752110971e-02,6.370801556549450517e-02,-1.425623524988258450e-01,-2.996104574934901205e-02,1.030494324999791864e-02,-1.983675508170970048e-01,-1.793586897020010840e-01,1.131103435147180897e-01,-8.953371050678482490e-02,-1.137118025146336281e-01,5.152928323666550875e-02,-9.752183134379317775e-02,2.196921493564376604e-01,7.407415467696311373e-02,2.168357834007428042e-01,9.047528721649318421e-04,1.955990727508500823e-02,1.730854350047680013e-01,8.879061934077805973e-02,-1.699938533356294967e-01,6.779944294050550824e-02,3.305519886814143465e-02,-8.629533384309352739e-02,-3.843763782292055481e-02,3.602839393947503133e-02,-7.213899539862257682e-02,2.344695280173785326e-02,2.444594131438357701e-02,-8.868522603128151105e-02,-1.313036518515680283e-02,-8.818183803279176780e-02,2.538315436484351109e-02,-1.557969233170540535e-01,-4.668962976572766516e-02,5.510423833574786684e-02,-7.767877962388353152e-02,-2.474865257788090855e-01,-1.501858144629400482e-01,-1.319684698283331015e-01,6.390359398952468253e-03,-1.483221033629788521e-01,-3.129110494243633050e-02,-1.523575278088641904e-01,-8.697775539832787450e-02,-9.962093879076359959e-02,1.320818030721577011e-02,-8.127248263458240751e-02,7.578581294829513093e-02,-1.371344685059301405e-01,-1.320462244518802453e-01,-8.895862378720024999e-02,1.362736166406655347e-01,-1.064293765284499288e-01,-9.134614572819590994e-02,-1.056209221775227525e-01,-2.569177622355836021e-01,-3.708760318061767730e-02
6.174643078177628926e-03,1.522443313199429993e-01,-4.295192940309360691e-02,-2.637958185607498091e-02,-2.217356785451065904e-01,1.641748932429429042e-01,-5.292390933101763506e-02,-1.378236615914170682e-01,1.316680410267828324e-02,2.066493845680011932e-02,1.121031563455086588e-01,-1.719917907464069487e-02,1.490252630840010195e-01,1.384748072236575700e-01,-3.192059182510036813e-02,-1.223995315205498730e-01,2.044497514201961408e-01,-8.113668821729747016e-02,-1.862138609262909902e-02,1.274896899807688166e-01,-1.122178468227856135e-01,-5.088805172341533123e-02,-6.936476138167398976e-03,-8.593447253309319245e-02,-3.923973060087795894e-02,-1.612040072144845237e-01,1.266714888023779961e-01,-1.658746462344365402e-01,-5.975115351269965486e-02,3.892769765262663051e-02,-4.138264045354361070e-02,3.353378149717341911e-02,1.574977342187498519e-01,-8.592807701264119913e-02,9.740321494212217379e-02,1.242287180231237548e-01,-1.262004492117718146e-01,1.501580493595832677e-01,2.864623870181809071e-02,2.755526599941109933e-01,-2.468551565706559314e-01,-1.363188984372727675e-01,-2.248930945234296069e-02,-6.605174784025883393e-03,2.655736419231305087e-02,3.292074550194520888e-02,-7.359123381856326473e-02,-8.400272577069652774e-03,4.467791147819307612e-02,-5.659399584995226939e-02,5.412015724140898341e-03,6.467040293651492300e-02,-5.078697588877897212e-02,1.594504798525136491e-01,-3.339274745601885086e-01,-1.446770743629563205e-01,-4.652860145524113228e-02,-5.894568095059764951e-02,1.886395245425814132e-02,2.357686281414111962e-02,1.085731707019198800e-01,6.245421098843450397e-02,-5.817805446676367620e-02,-9.953489707556428812e-02,-1.216643320820248869e-01,1.031045355576896277e-01,-4.429444702620718988e-02,-1.890982038878148974e-01,-7.657777020760803133e-02,-4.112192294232216473e-03,-5.826725190440082414e-02,-3.511482613861952040e-02,6.416446866060613978e-03,-1.620030798250082435e-02,2.551463200968185144e-02,5.397513218621412950e-02,6.360217086247234655e-03,-4.179882845482829623e-02,-1.914829951562697918e-01,-1.691834521863845239e-02
-2.530819343660211107e-01,-8.486537724120081505e-02,1.005366325061339966e-01,8.720648681529477933e-03,2.069278563608332316e-02,-2.054932539839745068e-02,1.432563746735172894e-01,-2.048523590544844980e-02,4.047968220923563176e-02,9.510873722037455069e-02,2.634142740349983830e-02,8.833685332264755441e-02,-8.053056193782785754e-02,-9.583477071758929322e-02,1.634227280754025347e-01,-1.642701873679744684e-01,1.671937318242542811e-02,-7.664321806755741706e-02,-6.448614887930627371e-02,-2.369154990748351119e-01,4.283856836098631077e-02,4.979585180159870617e-02,-3.028166228134625011e-03,2.485105432879790646e-02,-8.294464959214348232e-02,1.003855935787989623e-01,1.643753124966445545e-01,2.390990518814415863e-02,-2.300385672556005609e-02,1.089892586368281999e-02,8.485873199213520013e-02,9.987820233258264124e-02,8.885621296380366574e-02,4.548641692075697934e-02,-1.164429188220127143e-01,8.338721404297281745e-03,4.662399396069080021e-02,1.549694151785942393e-02,-6.973106164272080063e-03,-6.146461825447249033e-02,-8.827981001043500031e-02,2.447890137870741348e-02,-2.496424965519144779e-01,-2.639360455829395727e-02,1.495454005487447391e-01,5.055091185873532116e-03,-8.187097925774227195e-03,5.271160522828397671e-02,-3.746065417751964083e-02,4.132698833176854519e-02,-5.212944485988823401e-02,5.107677063901697179e-02,1.079978235491727417e-01,-1.195235220530576487e-01,1.005559273278067572e-01,-1.371571706066637142e-01,-7.225390340810561307e-02,-7.415525353580261492e-02,-1.287676555272675508e-02,1.627655369864560927e-02,-8.968765459394678619e-03,-1.193626882796639810e-01,-2.545958154533473072e-01,-1.032285850606496358e-01,5.726717708718552513e-02,-9.986538534151338797e-02,-9.703034409359165280e-02,-1.419754179521169613e-01,-6.954019551893631142e-03,-1.212956660448783613e-01,5.143360060670994736e-03,-1.285234069429468107e-01,-2.668613589783031675e-02,-2.614389724820846196e-04,-9.383896231148344813e-02,-6.983290823986656320e-03,7.824119403977690401e-02,3.558912600096229145e-02,-1.916256690105631599e-01,-4.897998798944837306e-02
8.552397776944394014e-02,-4.307515610624160912e-02,-1.637269823374428324e-03,3.806334450634994010e-02,-9.714566209548793074e-02,4.552956018845401992e-02,-9.118686516441891488e-02,-5.825613021335091651e-02,-9.733148638357452462e-03,-8.958059089094536076e-02,1.344274190673383218e-01,1.587531718747653767e-02,1.660528368046204351e-01,8.804345333533289408e-02,1.239255021366696685e-01,1.582804417011903636e-02,6.989204934886224241e-02,-1.477000676719158329e-02,-7.658506408713262881e-02,-1.233217953759573743e-01,-4.389328225598586319e-02,1.699508912884312994e-01,1.780136498013623891e-01,3.639548394295879369e-02,-6.232882063815518327e-03,1.050345042273930773e-01,-3.434338793738071077e-02,8.042190082570929710e-02,-7.562441796965208018e-02,5.057349888191529919e-02,8.190516648254596299e-02,-1.849464600260257718e-01,-1.578790600111105447e-01,-1.371319517056724113e-01,-1.270227796356648564e-01,-1.203563467378303692e-01,-8.724262409615027303e-02,-6.509495783591215390e-02,-6.856075222178995010e-02,-3.132964678966140837e-02,1.456572873940611967e-01,7.119684893946870777e-03,-4.791070181239311110e-02,8.814069981388697461e-02,-2.685186277266302657e-01,-9.349625374860334737e-02,1.599171761738672759e-01,-3.511274085598265621e-02,-1.122851739413263661e-01,2.990683656893223380e-02,-7.949101897275344386e-02,-1.524470886901201638e-01,-4.045370614859035603e-03,-9.249409182006046448e-02,3.749387777940084432e-02,1.183740170974653151e-02,-8.460952196686173654e-02,-3.793185204005156130e-02,7.580993047131776019e-02,1.397401112046927907e-01,-1.488898340935042031e-01,1.798679322558857305e-02,-2.950472019064767082e-01,-6.957493534128102348e-03,-9.183034434956000025e-02,-3.399787988658133780e-02,9.524239971954531758e-02,-5.193366014003718278e-02,-2.364387519397509185e-01,-3.741662243854574493e-02,-1.442406302591061618e-01,8.496565928630565867e-02,-5.884747404242386161e-03,1.027967804360905568e-01,-1.381863847369304565e-01,-1.249311633240446778e-01,-2.311142770444810646e-01,-1.237127100765085669e-01,-1.729742417900039519e-01,3.083247237409051170e-02
-2.814430255157558403e-01,-5.057208648935063167e-02,-4.588537554061084683e-02,-7.000355376587333311e-02,-5.505150874269561928e-02,6.322617240516649993e-03,-9.066703543328361037e-02,-1.294589624866483990e-01,1.968710845805404439e-02,6.664161615952243767e-02,1.370944519815320006e-01,-1.373284747931022842e-01,-3.254280220585996364e-02,-1.433055085555377979e-02,-3.774682526998908438e-02,-5.809948135893182319e-02,4.281261075407527192e-03,2.099594560138727528e-01,-9.444028911144582150e-02,-1.227899096177504368e-01,-6.262098037923098659e-02,8.509655459359902197e-02,-1.797176759835057147e-01,-2.981491897917886574e-02,-2.263099907019189005e-01,-5.332951833409547981e-02,-1.644373997866949433e-01,-6.042385862887760667e-02,1.176843710877366472e-01,-8.193358393429403530e-02,1.217872152675974762e-01,8.345319769950076266e-03,5.282182368975099629e-02,-1.525800566620998944e-01,1.225691505184903218e-01,-2.170694262754787052e-01,-2.489541772917659712e-01,-2.306103884420662026e-02,-9.735116223929336787e-02,2.884906013939427666e-02,2.993305465254431433e-02,-7.011323307624506458e-03,5.477300031629287608e-02,9.808159104772543047e-02,1.942507425391891418e-02,2.919837528207363045e-02,-4.872092455976825831e-02,-1.378753975531358256e-01,-1.877854136540860752e-01,-8.382742530984051144e-02,2.001865948900727332e-04,-5.760670443688320486e-02,-1.620708525401503286e-01,1.779513742196696044e-02,-9.882303336238346461e-03,3.110375997055579364e-02,-1.353959894725776658e-01,-1.508850019118891939e-01,-1.022391641743634338e-01,-1.245785803318181784e-01,3.241107235458003111e-02,5.101935249077365481e-02,-2.946335011553627772e-02,6.236422315033381125e-02,-1.866360593662282595e-03,-7.510289824338313436e-02,-2.733258306714732300e-02,1.005080135293900251e-01,-1.847168886556451450e-01,8.281414212709017897e-02,3.533030153735364221e-02,7.453942952918553300e-02,-1.526331576301718507e-01,-2.095660985905427875e-01,3.672819793602952188e-02,-1.232803704741351480e-01,-1.456786472184134953e-03,-6.548502139424908219e-02,-7.204141672359071213e-02,6.654445875894447748e-02
-7.725082270433855647e-02,3.272805902942828998e-02,-2.492487008887065217e-02,5.119684677405875184e-02,3.497735290408721803e-02,-2.048380565712536877e-02,-1.106754842548898776e-01,-7.994345718659380540e-02,-1.297708363905447915e-01,-4.078128392889971733e-03,-8.541143461792331804e-02,-1.029857962477448430e-02,2.252609936532750518e-02,-2.667278286650131558e-01,-4.106112047226671141e-02,-3.997881475526452594e-02,-2.596868471593464026e-02,-4.847871071468633913e-02,-1.707513427199810196e-01,-1.258526942282838998e-02,-3.539315997625368249e-02,-2.528862457262884278e-01,-9.713400022326165728e-02,2.365860460377975857e-02,1.783415779910056329e-02,5.091393854009172715e-02,-1.396792225439633939e-01,-1.018841361649685945e-01,2.229195112017304595e-02,-9.986320755768900506e-03,-8.580924031826953069e-02,-8.433381115434825104e-02,-7.937328664586258686e-02,-7.427434745482301703e-02,-1.122901399201742603e-02,4.102748914357375043e-02,7.246586542050669280e-03,-1.197860900845004878e-01,-1.239727119583442089e-01,-2.044464847997446572e-02,-2.782086322145880392e-02,-6.717869003795273741e-02,-7.520690805672521073e-02,-8.625826612533774029e-02,-7.890907714738830403e-02,1.973798506448772375e-02,1.417354229856166922e-02,-7.651486650621483476e-02,-1.319220503523926002e-01,-1.546510140289517610e-01,4.506564624757733450e-02,2.069198754795888856e-02,2.416897995205572781e-03,5.072385846640802692e-02,-6.421599406807833310e-02,-8.641575702707224305e-02,-1.172851006258317508e-01,1.186111766382224805e-02,-2.174603151538496287e-02,-1.463341379834474376e-01,-4.731701079411777984e-03,-1.134795127150932809e-01,-1.534667103103962427e-01,-1.058149418220674653e-01,-1.420237184474717751e-01,9.265096298404675024e-02,-1.832728807896859269e-01,-2.904796296633364514e-02,-1.338383514845277455e-01,1.312709908908020751e-01,-2.746051118225709686e-01,-6.517842244737651058e-02,-9.843556558483845809e-03,-1.682375829697952546e-02,-1.574325649709268360e-01,1.905896899286384227e-01,-1.519368815943522855e-01,-1.726236894860985749e-01,-1.702305745026456985e-01,-2.337761534904224670e-01
7.898388222222478159e-04,-1.613978917760103271e-01,1.640546558218704820e-01,-5.606727786019059107e-02,-2.210616097416319425e-02,-4.210194437700844061e-02,-1.145249374799422737e-01,-6.293853998915191483e-02,1.180059715086451272e-01,-7.004409458456160864e-02,-3.384632721702905689e-02,-7.677089418064243775e-02,5.774762697730471267e-02,7.875900419407215469e-02,8.860614745962808181e-02,-4.018276068632500864e-02,-1.782693802996850041e-02,-7.064720848390397545e-02,1.951213647131937179e-01,-2.074176237853007920e-02,6.541152492662544171e-02,-1.765622719946251251e-01,-1.038945082884887988e-01,-2.023754087739636776e-01,-7.689378335491844907e-02,7.452650832841081763e-02,-1.426208828272174101e-01,-6.553274940043439523e-02,-1.636745591385320719e-01,-1.724912293914397307e-02,-8.171766251515340251e-02,5.049281788472958880e-03,-4.667053913622552092e-02,-2.413374740857640241e-02,-6.856740215932041749e-02,-3.209793688246771054e-02,-1.013666435267797025e-02,-1.650789834193046313e-02,4.916310933077278761e-02,-1.273532235644238009e-01,8.938854635865545184e-02,-1.706530462308468096e-02,-2.205068444463568512e-03,-1.055410842152462308e-01,-7.799603505743292475e-02,-3.391823406502328386e-02,-1.046241880360768151e-01,-1.522169993284383516e-01,1.106979620401640080e-01,-4.299310247657984335e-02,-2.177376482568043892e-01,9.983943370654441152e-02,-4.306452966871624627e-02,-1.281252629674139998e-01,7.215967573685752590e-02,1.301935985443536392e-03,2.706779885359291218e-02,2.258777877675869836e-02,-8.752388268748797356e-03,-2.258027706943447621e-01,-7.148543002064135579e-03,-1.351751107006108898e-01,1.301358777224777274e-01,-9.646865163199043469e-02,-1.834831022996786520e-01,5.916937932578238135e-02,1.661493453236409235e-01,8.728966795120181310e-02,-9.910869880049842651e-02,7.651403884621045537e-02,-8.127752348145581007e-02,-1.321502262981237574e-01,-1.987646073165811045e-01,-9.647839190202782411e-02,2.624508285591510559e-02,-3.475292582726590140e-01,3.146123372878226881e-02,1.074747625968975329e-01,-1.528848879216855028e-01,-1.344659699423079446e-01
2.120207242147592944e-02,-1.217588144551726981e-01,8.149684663878686841e-02,-1.077437327182013543e-01,9.462817335789150408e-02,1.543183640201952478e-01,1.466541013636605550e-01,3.055509375898060251e-02,3.120693867639912186e-04,6.273824311326042791e-02,-2.368106117121787924e-01,1.681012950963526598e-01,5.378989145131811422e-02,-4.692862343859430241e-02,-1.467384045650448054e-01,1.513071629531415607e-01,-2.538272639847512502e-01,4.753377142847506863e-03,5.116545538686197853e-02,2.369941511294967537e-02,1.538096901361041269e-01,-2.140680835533856907e-01,-1.151394997816884008e-01,-1.478480865000150191e-01,-1.427197255291504097e-01,1.566177336413133656e-02,5.119785021467424674e-02,1.517698809990093538e-02,-8.456984230893945312e-03,-3.670764997124160295e-02,-4.817430734452366609e-02,8.842268130189839814e-02,9.412976869717654127e-02,-1.906364750044774528e-02,-3.043508813071304706e-02,-8.759039657084443861e-03,4.246633460831247125e-02,-5.596248380532191369e-02,7.672973842605974870e-02,-6.505089422134725796e-02,2.544900744298310771e-02,-7.836069011624520464e-02,-5.839448003921385993e-02,1.200652261626160115e-02,6.326210742250837349e-02,1.703948544058012105e-01,-6.793679914723170510e-02,-1.050758444799783781e-01,6.152291317460487075e-02,-1.302962510427577159e-01,2.610350808098691466e-01,1.672024948333908911e-01,-1.102867892018102175e-01,-2.101500135617147616e-02,-1.460762021004161602e-02,1.295994736702029970e-01,-3.261069737729446055e-02,-4.267354514570702306e-02,-7.002411143510802252e-03,-1.222340265559625043e-02,-5.945659610465550693e-02,-1.497233732625016800e-01,4.696735667497071998e-02,2.340753185033977654e-02,-3.109108838679367284e-02,-9.415985962972263368e-02,-1.882335634983405004e-01,-9.849337707085729920e-02,-3.521672229982934083e-02,-3.219878417923394045e-03,2.667423074391652923e-02,-1.242768973923504966e-01,-2.260609444813517846e-02,-1.491716767064086013e-01,-5.959844059721094295e-02,-1.841956806018650583e-01,-2.165676186319567473e-02,-4.456215814758848065e-02,-7.341126779103764044e-02,5.030333575697654852e-02
-1.984131906593004091e-01,-1.044908003410459085e-01,7.807520545362929554e-02,-1.534843652640341671e-01,1.574476328476824283e-01,6.198771816024568199e-02,-1.225466935179850003e-01,4.493759038572565229e-02,1.321581249641780309e-01,-2.041580654438716631e-03,5.117559745535308485e-02,-1.082932570711896483e-02,4.377091855731036346e-02,2.366642831335021846e-01,4.418433852366097925e-02,1.245648568086240027e-01,1.029588081327830751e-01,-1.939387984481039107e-01,-1.531362028206554975e-02,1.886995527557704805e-02,-6.032180558285225869e-02,-5.034300860241414100e-02,4.868104324664461469e-02,2.130368920763470453e-01,-3.185027866176876055e-01,1.443978377524162693e-01,9.929463845736187511e-02,3.191134315223893413e-03,-9.157188203754704214e-02,9.131496267740185288e-03,6.013333575072662279e-02,-1.876215730365672074e-01,-1.109144833257279111e-01,1.041742984026724633e-01,-7.000482039598260320e-02,-2.027289717317909412e-01,-8.198868434273544337e-02,-6.718590590168385668e-02,-2.213587925410057389e-01,-8.108740058185923139e-02,-1.068096146062855051e-01,-9.481251114642902378e-03,4.053560863137094933e-02,1.269974402824631220e-02,1.068386339011225955e-01,3.021907604026634331e-02,-1.287396018963945232e-01,-6.767162361114960334e-02,1.538510816710232654e-01,3.946116353013764955e-02,1.089908315799288929e-01,8.161744083761320046e-02,-3.950222314273723473e-02,3.635518965846995607e-03,-1.252849675535624707e-01,-9.235792810978712963e-02,-5.101578734013265115e-02,-2.408965399355583459e-01,-1.436075645900856262e-02,-5.952289894796201040e-03,-8.734767221534217585e-02,1.907073664992529893e-02,-8.859646892572189958e-02,-3.085103319264694346e-02,-1.237298471447554997e-02,-8.573843059892111151e-02,-2.030191639619668281e-02,2.714083029588826648e-02,1.074441675944560332e-01,1.934018915227579336e-02,9.563935559245765987e-04,-1.888937071550407798e-01,-8.109987321989441111e-02,-5.422919094675279078e-02,-8.239781818774448430e-02,4.133813196501241738e-02,3.510234721929814117e-02,2.041969519454991250e-02,-1.309848452582175748e-01,-5.712486491983805731e-02
6.844809306682703154e-02,1.301775259061218049e-01,-2.033122934293824999e-02,-7.745909544455575890e-02,2.305572554740404345e-01,-7.821403604740431725e-02,3.947820971269986462e-02,-9.013333650949954812e-02,2.932156247630810300e-02,-1.317024773813270933e-01,5.269315624418502431e-02,1.476408031326024821e-02,1.971391494103461994e-03,-2.282338318959214671e-02,-9.989098300685993193e-02,1.392406695006587550e-02,-4.175146969368782879e-02,-4.765109470318829032e-03,-2.603892241844063538e-02,2.064489169272084867e-01,6.670199328258724636e-02,3.130940174662363851e-02,1.606434486400400499e-02,-2.101366081424135279e-01,1.826254899317987859e-02,1.079891014387385356e-01,-9.297297383645897542e-03,5.885029949067709099e-02,3.534500577864438386e-02,-9.897364332887784166e-02,-1.471953636334403792e-01,2.905045095486663911e-02,6.897265236079834494e-02,2.222964114012738676e-02,1.414826545942973468e-01,1.602816782855218392e-01,3.971957474791121961e-02,-6.646723233161656863e-02,-8.580173379829755809e-02,-9.439491321996855422e-02,-3.938057633647448763e-02,-2.817690591870700145e-01,-1.242160743311645638e-01,9.913786074433872386e-02,1.805096092102769292e-02,-1.813930250280520462e-01,-1.185476386314516239e-01,4.551619584212828612e-02,2.847506203618488732e-02,1.165609038085019811e-01,6.833157096658525054e-02,8.336544075596030723e-03,-2.242620142018474441e-02,-3.286486441056267471e-02,2.393597856126485623e-01,-1.722831660641991336e-01,-5.119824430143769117e-02,2.332513477206204708e-02,-1.681885270597295035e-01,1.655259000530406588e-01,-1.748304554938521771e-01,4.814345641178549573e-02,-9.984027946528252484e-02,1.836223723071303202e-02,8.182197265197156677e-02,-7.510689644532968223e-02,-2.710010845731605431e-02,-5.466056304226142581e-02,-3.226382987152129345e-02,-8.206226629503596270e-02,-1.272215287674439421e-01,-1.348880875897510156e-01,1.377054117371440123e-01,-1.645171701828648803e-01,3.244474045045387528e-02,7.168547347173125084e-02,-3.792633587497892117e-02,8.338350582178169490e-02,-1.168446968167509148e-01,2.617661687313176111e-02
7.841517804389352975e-02,6.064546346803615512e-02,-6.522279210214880496e-02,8.965100043219845216e-02,8.628483810034759047e-03,7.397405096188887363e-02,4.068552884491725280e-02,1.345701107021459765e-02,2.535343515896188241e-02,-1.426363978916294073e-01,6.650086130586052753e-03,-1.776635947702662893e-02,5.650888364122141211e-02,6.157443214400613180e-02,1.368620698466061492e-01,7.148313024334725096e-02,-5.019311186077338865e-02,-3.539800810553680316e-02,-1.173704992418871385e-01,-2.445690475196170555e-01,-2.707996518887821960e-02,-8.145606305674626957e-02,-1.722127583551831265e-01,-2.225557063484919981e-02,-7.345295387098675112e-03,-2.299665922435032428e-01,-5.064618734101879877e-02,-3.375764726932957427e-02,-7.143960084271079591e-02,1.150892731494632254e-01,-1.118815136726701992e-01,2.654174815616409944e-02,-7.793083629333147355e-04,1.209395351949568570e-01,-1.771976319027166735e-01,9.462054851222996554e-02,8.603985908677046213e-02,-5.122559328843951515e-02,2.255337126676361381e-02,-2.855805959698406449e-01,1.163050525465780943e-01,-1.252352660608285206e-01,-1.015714596595925917e-01,1.107026219386200994e-01,-1.105326885705863460e-01,1.727083110773714181e-01,3.779238434275566938e-02,1.926427149845629516e-01,-8.832088006781499412e-02,3.322372689863651446e-02,-8.366276937210562203e-02,-7.946684978586601722e-02,1.519195615914798736e-01,-6.829387863007448101e-02,6.486125272388593588e-04,1.735493991219098642e-01,-1.092680495150858376e-02,-1.638592359793332731e-01,-9.389943221169447241e-02,-2.555292897904471450e-01,-4.067669524409903842e-02,-1.457393968952673058e-03,3.275989174215018090e-02,1.012991872875045885e-01,-9.170051668432963043e-02,-2.206948325565400992e-01,1.575446779224171368e-01,-1.494963494654281411e-01,-2.558866644543048192e-03,-3.804415240549165189e-02,-1.951040482379219898e-01,3.015233991419237827e-02,-1.074895555287142535e-01,-4.121051365950519595e-03,-7.887746388405197928e-02,1.140450423747864546e-02,-3.712451284724208045e-01,-1.732561927562021598e-01,-1.073459729174749688e-01,-4.081465892654174282e-02
-1.420167623169007742e-01,1.085539241344894296e-01,2.051054312300154212e-02,1.055589259481096989e-03,2.077671350220249846e-01,-9.291539455744211862e-02,9.342469168730988330e-03,-3.557226584172816508e-02,1.174498260363511688e-02,6.511321977077395851e-02,-5.240997704671321311e-02,1.941132084678231229e-01,1.343188943366050991e-01,-1.226904471525496441e-02,1.450189115911714732e-01,-7.921510727501236693e-02,2.127817427778811582e-02,-2.372955378942626925e-01,-1.501400115591670359e-01,-2.215950370679661136e-02,-1.695249596675016124e-01,-2.013547007385312754e-02,4.264107739444675943e-02,1.438202032509350026e-01,-8.636829148171980275e-02,1.529555632153064282e-01,1.135068239228105846e-01,8.356592839509114495e-03,-1.977123146055580205e-01,-1.295440380575633710e-01,7.296754853484536951e-02,-2.982812479362662583e-01,-1.170570154181913292e-01,-2.896360233571516896e-02,1.446955670735783350e-01,4.538626713201788371e-02,-3.958962065330888166e-03,2.574488987619287099e-05,-8.795565167120936167e-02,2.030639720972858553e-01,4.243123432237086955e-03,3.067703035497791608e-02,-1.299154109502209109e-01,-5.975926172021974597e-02,1.486204047764017599e-01,-1.029539148394328085e-01,-1.452310587730032410e-01,-5.712874099633332564e-02,2.121264295826967017e-01,3.440021695026229676e-02,-1.003880038710363160e-01,-8.565992197166281963e-02,-1.719096876977193600e-01,-5.787997990397942411e-02,-1.640161363670053149e-02,-3.522976806225375235e-02,2.343777509529417370e-03,3.798067505839478747e-02,-1.179847732308151459e-01,-1.688664366223496527e-01,-6.264284621710443715e-03,-5.736137102945123439e-02,-6.883175243876690774e-02,-1.235803059430049117e-01,-1.646708973846549573e-01,-5.608196042345804655e-02,-9.754206055853507917e-02,5.107413552092059453e-03,-1.049543856687374654e-01,-4.082848540077033822e-02,-1.458440619230169481e-02,-5.611225628746942945e-02,9.030252686346056101e-02,-9.627166657817832693e-03,1.799504850655292421e-02,-1.158185482089849408e-02,5.838802915959961926e-02,-5.050132389301022900e-02,-8.911209779374160145e-02,-1.608737058962636801e-01
2.194883828173722212e-02,-1.528377846645017357e-01,-5.952649256354023907e-03,7.685860677971788346e-02,9.707322841975289662e-02,2.731576601250732678e-02,-7.370389940726591871e-02,-5.968385799263451613e-02,-2.171335632297525381e-02,-9.421858149342116073e-02,-5.692445366996400080e-02,-1.707770833028816049e-01,-1.126455347169426774e-01,-6.223449434586945939e-02,-8.212674390257721641e-03,-5.779801256422566202e-02,-5.487174721543918582e-02,1.377023201667209318e-01,-5.150413915967699645e-03,2.242154285188432006e-03,4.896311247552543461e-02,-8.178074372836303951e-02,-7.891922718537046355e-02,3.807008207350635193e-02,9.872787835900603826e-02,8.403631888255159998e-02,-1.042493533380965814e-01,-1.191702512812180537e-01,1.263316494922703606e-02,-1.102900493707568846e-01,1.703773509581258880e-02,-2.059670732758667466e-01,-1.339725989905599102e-01,-5.292992857340542839e-02,1.203368170775134388e-01,1.506637530805131908e-01,-9.268078952781431956e-02,-8.204948890389772431e-02,1.080915918509040979e-01,-1.053972625168556054e-01,4.967374045109876346e-02,1.076997253319186137e-01,-3.737120727893896571e-02,-1.180716304203917044e-01,6.191852050667043250e-02,-4.067946504605242375e-02,-2.082145049741970511e-01,1.370567768908864670e-01,-1.100587006165794635e-01,3.077976175840440448e-02,4.378196784908109512e-02,-2.898627462878231031e-01,-3.308384207111628866e-02,-1.833256942662616074e-01,-1.661214950455279157e-02,-3.045740932017421132e-02,-9.682048369072891736e-02,1.419748785241271016e-01,-6.629449914180647607e-02,8.852826427632344564e-02,6.248657462573294769e-02,-7.330289365633808896e-02,-1.913634162097209088e-02,-5.409502026955633619e-02,6.632573954958252693e-02,3.182712621306531958e-02,-9.383232779649738897e-02,-1.313936650592765210e-01,-1.461952573714971580e-02,-1.022999081172024372e-01,-5.991270768318064655e-02,-1.365892129095872543e-01,6.917636262532296521e-02,-1.048435958046040756e-01,-1.449188248216465025e-01,-4.450896551901115106e-02,-1.190619271918589989e-01,3.678970270731882902e-02,-1.066154561227934672e-01,2.109360429112673227e-02
-1.389207266810035812e-03,1.311809976821508850e-01,9.660291448367711031e-02,1.044573333241729934e-01,5.836287296699835259e-02,-2.448449762998935325e-02,-1.575088912148507603e-02,-5.568331263586025204e-02,-4.907622976056535274e-02,-5.149014645291875858e-02,-1.363702913735495847e-01,-2.382471187196791643e-02,-4.573811115869851063e-02,-1.163827013096545154e-01,-1.567170040947663268e-01,8.353240476476123111e-02,-1.859833671203536265e-01,8.826375484921657535e-03,1.903555103198284748e-01,7.968144517302787333e-02,5.894742623835300122e-02,2.006361838374293854e-02,1.376540606415772305e-01,-1.872261894005843030e-01,8.230666421009957823e-02,-5.315875294919773786e-02,1.509465487038263443e-01,9.730447196435415558e-02,-1.129508522624450423e-01,-9.397535836482759364e-02,-6.914807606111829374e-02,-1.394907220953051363e-01,3.207739526335155050e-02,7.280624651237430078e-02,-5.552570536549421981e-02,-3.584260809721899477e-02,1.528127989001118181e-01,-4.173927063828986733e-02,-1.293994719601347099e-01,5.722747770491755370e-02,2.449878331111827665e-02,-1.901494342965680817e-01,-1.338350641786139883e-01,-1.813504633310894232e-01,-1.141343979669890429e-01,-1.660355286255359719e-01,1.033010302043909506e-01,-7.913953141123256096e-02,7.376440702097371294e-02,1.264437082857917671e-01,-6.016823313208964630e-02,-9.606153254834472188e-02,-1.575183462299096782e-01,-1.427476648127727898e-01,-1.712707171846702126e-01,1.542541329713684739e-01,6.209472774254958666e-02,1.090786553270577108e-01,4.987140020520995642e-02,4.926450735982908918e-02,-5.133775747781298138e-02,1.510064853882686544e-03,-2.825158430461306019e-02,5.071704085269464896e-02,-3.004841420022155360e-02,-1.065212907865868558e-01,5.499393336503386603e-02,1.038241485017199484e-01,-5.695615282048419742e-02,-2.311652513405695608e-01,6.731873616855567344e-02,-2.413284945695584882e-01,-1.280848110726639719e-02,-1.712988724774011096e-01,-4.089686690888763576e-02,-9.993687148913191209e-02,7.227446841476359296e-03,2.510381119032912417e-02,-4.677153959912018488e-02,-1.329249694561676909e-01
8.232166137426480748e-03,2.380385392840717040e-03,1.149915306372065703e-02,-2.011081858365966132e-02,-1.626289540086281460e-01,1.528479420054927596e-01,3.204286764188617187e-02,2.667994176158640096e-01,-1.166485167232791248e-01,-8.511597495141963454e-02,1.124603207220457313e-01,1.694298304335239147e-01,2.008477536601000757e-01,1.596073070288342999e-01,1.004729589899724246e-01,4.040107900375138755e-02,-6.877750078425766411e-02,4.588203955762348157e-02,-1.154339892002548690e-01,-1.977113770794087719e-02,-4.889621057893622433e-03,-5.689016864078241809e-02,-3.394331427290880193e-02,1.699208740834888542e-01,8.058595312053248860e-02,7.581211167729946798e-02,-2.573253840709852427e-02,-1.001338740590768522e-01,1.120620406616263109e-01,-6.436674508107025072e-02,-8.064685458884747471e-02,5.006922665625325453e-02,-8.403918425775381770e-03,-5.061045015100053973e-02,-9.777025780412725020e-02,-2.491978300134493549e-02,-2.242205080763000347e-02,-3.556378292985064304e-02,-2.024532451232236574e-01,1.100727127113481640e-01,1.251861577932193159e-01,7.066789417194753453e-02,-1.000336103901719592e-01,-1.547230298658485159e-01,-2.031725447267322404e-01,-1.029958635455588238e-02,-5.805084865248835019e-02,-1.981414642482546007e-01,-4.820077024916583075e-02,4.574287143442145979e-03,-5.504187193986882776e-02,-5.887033076797779790e-02,-1.277244540174320986e-01,1.430262485501757885e-01,2.932560894154841516e-02,-3.995783159218659758e-02,1.102306047225423136e-01,-7.452913365496945108e-02,-5.703577936344907118e-02,3.549808568310904022e-02,-1.652060845728782479e-02,-5.297646312148832082e-02,8.011531305174825202e-02,-1.977396898542694084e-02,4.390932264073474194e-03,-1.717818568776149080e-01,1.848506614323866537e-01,-9.157096419673635412e-02,6.156683171885449224e-02,-7.151121827861631197e-02,-1.375375766043101522e-01,-1.105855579533795707e-01,1.026810660176501189e-01,9.846135092438627889e-02,-1.048038970181035083e-02,3.128293193384371756e-02,7.542894652181707238e-02,-3.894425977854188564e-02,-1.700164096784385348e-01,-2.819932298768070000e-02
5.632450972700523832e-05,-3.181939131186140024e-02,2.130366266238941861e-02,1.477570055090463574e-01,-1.289996981372483753e-01,6.308311108471816205e-03,1.173773800636259135e-01,5.303314474592091265e-02,8.378794263917846430e-02,-9.562097821850423784e-02,-3.776474696110256046e-02,5.159340716628242965e-03,2.567404401254349058e-02,-2.184248266434591357e-01,-4.066052299660705138e-02,4.429900503680915536e-02,-1.768165356847922406e-02,1.505993484511987911e-02,-3.263898135192637440e-02,1.758015121382184784e-02,-5.804190459058148352e-04,-1.053470872228073341e-01,-2.724901702990488173e-01,-7.650913634645686856e-02,-1.014258195226137027e-01,8.187350005037559442e-02,-1.521824617912347424e-02,1.977052695215071251e-02,-1.039530039285398583e-01,2.115260497633301984e-02,5.607743089773218476e-02,4.697717034581769951e-02,1.148444639078034790e-01,-1.117154131347646018e-01,1.062633347105031295e-01,-1.305686161210663221e-01,2.472543917734712146e-02,-3.032091409169490603e-02,9.049999795927395063e-02,1.114493171600308974e-01,-5.907997313497435204e-02,5.073291893333431446e-02,-1.015551000853589791e-01,-1.294855646644350045e-01,-9.869642743449794087e-02,1.262645720286964257e-01,-8.692269211258703276e-02,6.294770338631225370e-02,1.500655195724877600e-01,-2.420184310455990306e-01,-8.112031450039759381e-03,5.881325849761808583e-02,-1.436678912989501067e-01,-2.241927444082265353e-01,-4.496872629609752897e-02,-9.723971890289859199e-02,-1.315521000914389449e-01,1.402919255225011097e-01,-6.859976433371975379e-02,-1.510284521609877861e-01,1.156619156558778005e-01,8.960011057096657627e-02,1.862517648618136346e-01,-1.819176033834938588e-01,-5.052072657373607271e-03,-7.204108108192811000e-02,-6.136266546627059532e-02,-6.806798756130433281e-02,2.015619550173975427e-01,-1.791602333577384937e-02,-7.872288279175901349e-02,-7.247957995953320520e-02,-4.235168890846954109e-02,-1.170706729694407505e-02,-1.006219032266812141e-01,-2.996992121351847033e-02,-2.168882028895879888e-02,-1.628683251108803964e-01,-2.130968071297922595e-01,-4.469058985881019935e-02
-5.644557205238000946e-02,-2.038224154551311063e-01,-3.116381029512900469e-02,1.201565490111242834e-01,-1.012580711305529485e-01,-3.904769150049400284e-02,8.607745414450307386e-02,1.164604276415085599e-01,4.029299783275430594e-04,-2.568208144797843456e-02,6.741570287114802273e-02,8.280016292130332189e-02,1.286891468286563700e-01,-3.329812002941770488e-02,2.014995395182441196e-01,-6.799848352310541855e-02,-7.254883890227951937e-02,-2.090567465777969092e-02,2.306040488837178826e-01,1.246995312540294804e-01,-3.126892231532276464e-03,3.756309468540183771e-02,1.336263494832871657e-01,2.346927281079487851e-02,-2.202112067862976863e-02,8.553633377971295304e-02,-2.243855262937725567e-02,1.583039978987476060e-01,-8.242088650973021513e-02,8.978366337075049941e-02,-3.243948418371317421e-02,-6.382086339021478261e-02,3.414483491681308269e-02,-9.019071183835529297e-04,7.645719485881483091e-02,1.844800347760227124e-02,-2.555595738695311606e-02,2.334904278199746441e-01,-1.634326791495268327e-01,-1.066401014488932986e-01,-6.100432325263354522e-02,2.224206621244846291e-02,6.644924451853186087e-02,-6.773547732064257032e-02,-4.461473342939156761e-02,-4.693828694329107987e-02,5.213020644696333278e-02,1.389765265426912144e-01,-6.735220208090754446e-02,1.870227210904427395e-01,-1.111525504078023224e-01,-3.631170751536604013e-02,-3.781676642116282849e-02,-3.604557373173020163e-02,-1.985881576867488951e-02,1.222601952257270502e-01,-1.362115273956061579e-01,1.035040545336707446e-01,3.389678387732118076e-02,-1.493478528471672839e-01,-1.031161753145659749e-01,8.175081599326617255e-04,-2.885812470054219814e-01,-8.088969712053477312e-02,1.055235217809221415e-01,5.301459960076940203e-02,-1.723554583436379406e-01,-4.559509908371905951e-02,1.467315547572019818e-01,-6.485187126330435592e-02,-1.073806009898556624e-01,-2.585255352382870991e-02,-1.781008059071229888e-01,7.564706770762352414e-03,4.179678283016920702e-03,1.660390462634405209e-04,-1.502938464564659571e-01,-2.325419062249634017e-02,4.302859105279658279e-03,6.184583089667147066e-02
-1.932723970333312738e-02,-2.248031637143218034e-02,-1.151336759237286678e-01,-3.344143490846063216e-02,-7.600129162357509294e-02,-1.656044463188018068e-01,-2.310298803603109963e-02,-5.514023101878486044e-02,6.676037842596610483e-02,-8.937506821163236637e-02,2.364465421333760420e-01,1.432216757739345966e-02,7.623928434891154293e-02,-1.531030946514680968e-01,1.282192904525240318e-01,-6.846251923448723985e-03,-1.134937023977874472e-02,-6.171090897437956496e-02,9.112573160628942293e-02,1.205376198005858324e-01,5.280555908791763342e-02,1.303245061835498625e-02,-9.651157542491244079e-02,-9.997418488176033902e-02,1.062209208152799754e-02,3.053679231563693683e-02,1.245363196524739424e-01,-2.282975951818466513e-03,-1.503405160493161315e-02,4.574660747338794159e-02,-1.704957534368538308e-02,-1.123555783417080206e-01,1.488707711311738069e-01,1.036701058747625248e-01,-1.824849794464079022e-01,9.764171737846204235e-02,4.996937581962964704e-03,5.158253333635449966e-02,5.090349348925218148e-02,-2.937470605178238436e-03,-2.390963706507481107e-02,-2.746905200636425709e-02,5.144139864585816832e-03,-1.340102234224513633e-01,-9.067178420541774364e-02,-1.048668532814711063e-01,-1.077245197840751983e-01,-1.938540840721014180e-01,2.949857959971662752e-02,-5.476872621698201243e-02,-6.938907913626048141e-02,-8.756980170696747334e-02,-6.158752696883369043e-02,1.065425587270655942e-02,-9.702696436105723299e-02,-1.202893336933208851e-01,1.481877782086016004e-01,-1.558647252622283874e-01,2.516959601618199739e-03,6.053937390475514629e-02,-8.488802840177619990e-02,1.678406485376017498e-01,-1.945282905879484603e-01,-2.041661060466747751e-02,-7.652843697226942299e-02,-9.986508372387824239e-02,-1.762479087497096156e-02,1.261928360192460241e-01,-9.011215773848331445e-02,-9.665281808377820805e-02,1.797062790463415383e-01,2.349420756282894623e-02,3.567143951552449038e-02,-1.369914055082109561e-01,-6.674310389909063508e-03,-1.147242699270513422e-01,-2.068351678076624511e-01,-1.080965636488968595e-01,-2.091652237063878692e-02,-2.147478502687741597e-01
