-4.234757572178809298e-02,-4.587372005959805543e-01,-5.380023360415673306e-01,-5.533047401709741964e-01,-4.858292177891037622e-01,-4.611458802636201892e-01,-3.746076638399246650e-01,-1.810650770545109700e-01,-2.203579627227088278e-01,-1.651136085253343544e-01,-2.767612073235428127e-01,-2.010473823852926001e-01,-1.322757056794892361e-01,-1.591958614413809259e-01,-8.858442493617334212e-02,-1.184633082932632225e-01,-8.636676700033293907e-02,-1.542031774287587476e-01,-1.038952688039098543e-01,-1.829555945376225290e-01,-1.220121776841504441e-01,-1.050496798184771124e-01,8.340922939828372684e-02,-6.365111842580663259e-02,5.959085526388671616e-02,2.149937581067000447e-02,-2.523695297290967643e-01,-2.554434671095210940e-01,-6.999719565174936098e-02,2.077367622259826060e-02,-1.297808301047399804e-01,-4.239377066653869652e-02,-1.108405916351813680e-01,-2.059181048841815798e-01,-3.863368830735189330e-02,-5.912862804918804505e-02,-2.064473834332301305e-01,-1.177070064360073859e-01,-4.201201229752141164e-02,4.902084842603506021e-02,-1.211758582632350423e-01,-5.764361256556777696e-02,9.448589865154148615e-02,-9.120056010342668384e-02,-2.264658259032502619e-01,8.038888275358876956e-02,-1.490107846221292061e-02,3.117902665996141048e-02,-6.185551070490129255e-02,-7.636807645260983157e-02,-9.128649506347860654e-02,4.400508912861267330e-02,-3.983110374226347949e-02,-4.701863611054547809e-02,-4.270680982389074565e-02,2.053469025256586533e-01,-1.656621607103279936e-01,-2.821945321406820265e-02,-1.967503279372303723e-02,-4.104973257989912722e-02,-5.214879342011074365e-02,-3.086914387055319023e-02,-4.131601109144940852e-03,2.233496520979159211e-02,1.723910655414582572e-03,4.942513901820073247e-02,-4.346717312396457950e-02,-2.311622018435137427e-02,-1.693597226820006407e-01,1.040631734759111388e-01,5.007714487022218997e-02,-1.224863741640986464e-02,-1.170215925237988175e-01,-5.623898358273740627e-02,7.792329720930514514e-02,4.116385620995992312e-02,2.209772995305677931e-02,-3.197912309580735329e-02,-9.380960669601512078e-03,-4.145969879318180118e-02
-5.499077542340793379e-01,-3.117746007132107811e-01,-2.661789897809710426e-01,-5.578030209977259402e-01,-6.308948812588129895e-01,-5.735787279855534271e-01,-5.191377278287352404e-01,-5.343498509599569068e-01,-3.428116403184810479e-01,-3.840822499932873280e-01,-3.523360958515365238e-01,-1.909110558742934116e-01,-3.191879464207478256e-01,-1.813789731259990434e-01,-1.751404985767185674e-01,-2.000013391893190051e-01,-1.884827538173363959e-01,-1.377578799753655936e-01,-2.269413686111394768e-01,-8.443291570500720267e-02,-2.169788611376784471e-01,-1.522341199859581495e-01,-2.207327891733474323e-01,-1.355686806876155448e-01,-8.382946952363450055e-02,-1.468175571175819039e-01,-9.644887403048715835e-02,-7.938923878235129572e-02,-1.403605717211197645e-01,-2.263194020597778244e-01,-1.865144310602867561e-01,-8.863155454369286979e-02,-8.297645056191486901e-02,-2.498209504091432054e-01,-2.113052010252237101e-01,-6.817765322797206262e-02,-7.279269840987519224e-02,1.247918190682409667e-01,3.743502403066131801e-02,2.623432712977753073e-02,-1.273251449206868335e-01,-4.447619748764413197e-03,-2.700173210236072804e-02,-4.025390199526628077e-02,-6.075749798240799929e-03,-9.668359229236797581e-02,-5.602923769425324774e-02,5.554800465388558262e-02,-1.760220907568136317e-01,-4.779320643265597829e-02,-2.202016403347362983e-01,-9.534954985316704268e-02,-1.056957183164235342e-01,-2.288831304848321369e-01,-1.432667535832045091e-01,1.888047134837178218e-02,-5.930432064865747560e-02,-2.231682307920081210e-02,3.336757116280833491e-02,-5.629249911335192785e-02,-6.905293660720186744e-02,-1.189466733035194207e-01,-1.237935030947709264e-01,-1.489327828313688484e-01,8.387879120565894242e-02,1.029971862088283480e-01,-3.491824521868700740e-03,-1.445763972411117926e-01,4.094538389490708780e-02,3.861856571084019280e-02,-4.953419014787335123e-02,2.354256678836522468e-02,-4.257364431185158005e-02,-1.914665556296427373e-01,-3.350275046365992077e-02,-8.905304701809232948e-02,8.451849116690869634e-03,-4.912240914793620378e-02,-6.242548150933398959e-02,-1.890281121058088598e-01
-6.296512155916074160e-01,-2.934123260719747051e-01,-1.313844169421858332e-01,8.241331086085069979e-02,-5.247710351288072950e-01,-6.509771036865387162e-01,-5.941171655072897684e-01,-5.529768963165009321e-01,-6.779605484159620943e-01,-5.720837503602361762e-01,-4.337175648090141888e-01,-4.609640940469694192e-01,-4.500293974028765076e-01,-3.144778899670042094e-01,-2.304143056541513856e-01,-1.769203524243750103e-01,-2.643623783031266439e-01,-2.278276742960359258e-01,-2.100449218866504431e-01,-2.177334911551948304e-01,-2.326998363682068471e-01,-3.821761557489600780e-01,-1.375320785788134992e-01,-2.294469921245587685e-01,-1.614109235686748134e-01,-4.270540436572078380e-01,-2.138743120596829639e-01,-1.542839122727867052e-01,-1.197676052423930354e-01,-1.630687025653634048e-01,-1.872647692885825721e-01,-1.957046789275636856e-01,-1.617200154862028505e-01,-1.761379759987002080e-01,-2.847640077679411963e-01,-1.268438154364568971e-01,-1.522368057620706316e-01,-7.650311464945611095e-02,-1.543633178192836963e-01,-1.570279950666016167e-02,-2.340614858320546332e-01,-1.394629071016221245e-01,-2.406228815361746431e-01,-1.124941672348950400e-01,-1.551201992365968951e-01,1.651632339233497296e-02,-1.408670955102873656e-01,-2.057388337585549787e-01,-1.212260780223930884e-01,-5.997216666938185586e-02,-1.420714843563860297e-01,-1.488015209204695266e-01,-9.353354059838618617e-02,-1.482521780784439303e-01,-4.641184419413824785e-02,-9.480462729245804632e-02,-1.637235720328605038e-01,-6.382014746954832451e-02,-2.327857809251741572e-01,-2.416184407703508286e-01,-2.263961783256941418e-01,-1.120712362933539985e-01,-5.705339537036734077e-02,-1.763391502699288294e-01,-3.147126590412582803e-02,-2.918602652870673220e-01,-1.508681994448100028e-01,-8.401439610801739177e-02,-1.371693743387938924e-01,1.015099969127764984e-01,1.638026027896195558e-01,-5.447423125821459350e-02,-2.422143260681946797e-01,-2.163984297898787282e-02,-1.806055978485111013e-01,-1.896662724605844841e-01,-1.429372479143536101e-01,-8.753312833416306005e-02,-8.551402015047235294e-02,-3.792586003965006669e-02
-7.625416984215122040e-01,-5.388225380985173230e-01,-4.127544535239077717e-01,-1.578750703344907746e-01,-3.086216059048878593e-02,-3.179218283027175351e-01,-4.190293090510516794e-01,-6.853059420348357467e-01,-5.616104482199177905e-01,-5.397608011261124661e-01,-4.604035406579329859e-01,-5.328785353891302146e-01,-4.236165631121592834e-01,-5.862719820223709633e-01,-4.474775137142640857e-01,-4.597407437241957107e-01,-3.787304962508741268e-01,-5.410168406812749797e-01,-4.830845905614234992e-01,-3.289242216385694362e-01,-3.854878272821952723e-01,-3.322178156905764013e-01,-3.556087863887690270e-01,-3.389333827476839200e-01,-2.605162132955324283e-01,-3.125664429331227456e-01,-2.577780785635049865e-01,-2.893220190355462185e-01,-2.707375581943654574e-01,-2.114175095950881211e-01,-2.473052243906600223e-01,-1.696518046491776455e-01,-1.251240260931952841e-01,-1.992090559030171015e-01,-1.457604901844698209e-01,-1.318052043290674213e-01,-2.500859700383438744e-01,-1.981512194341532862e-01,-2.556921064481657013e-01,-2.371277830673652054e-01,-3.589186909185068663e-01,-1.691354719036972376e-01,-3.789944686470714946e-02,-2.739085703266879168e-01,-3.929823269781814732e-01,-2.242543679375401666e-01,-1.102900840320524822e-01,-1.781797774942332074e-02,-9.881317817955040383e-02,-3.402072765536356957e-01,-4.833914865212615708e-02,-1.694829884309238255e-01,-2.096552710877240266e-01,-1.507852477607335706e-01,-9.100104072970451041e-02,-6.613580286869959191e-02,-1.783780509234888234e-01,-1.387743699549152943e-01,-3.873166883917527475e-02,-2.014125845737745613e-01,-5.940764133051282259e-02,-1.540061454854873557e-01,-1.679168735768259424e-01,-9.692958199276412168e-02,-1.470869742145365644e-01,-6.076370598100089282e-02,-1.125714672565546887e-01,-1.477044921614969752e-01,-4.248097846988330845e-02,-1.294759687779230839e-01,-1.640154955739379361e-01,-1.482029401643040201e-01,-1.602215757688273123e-01,2.327302910833586175e-02,-1.525728905384141632e-01,-1.491627963237458776e-01,-8.395106563950081868e-02,-2.350643262187619362e-02,-1.539888129756920299e-01,-2.981106975093910094e-01
-7.703451504768693558e-01,-6.385487226752911694e-01,-4.583197577016697721e-01,-2.628694354293804603e-01,-2.083184993906378457e-01,-1.772114711943190146e-01,2.701583898945104922e-02,-4.186415027578359038e-01,-4.802391139591754010e-01,-6.107304387066958551e-01,-7.288232158035565789e-01,-5.868852836055853395e-01,-5.555502976097095313e-01,-5.253511772290453408e-01,-5.148429773088467609e-01,-4.634596140041755130e-01,-4.644711446129766719e-01,-4.323758720151148482e-01,-4.518421593662785285e-01,-3.440741695916625931e-01,-4.582281569541756805e-01,-4.460081151857250292e-01,-3.239589989630045630e-01,-3.820527772445854731e-01,-3.695061907109580823e-01,-2.390157801966762141e-01,-4.628581215963505913e-01,-3.008180669631200232e-01,-2.446694662258331321e-01,-3.944681378304707997e-01,-2.549354080305744619e-01,-2.520505066782959269e-01,-2.048904407639326741e-01,-2.386028575517213368e-01,-3.152103770532569404e-01,-3.065969513558896575e-01,-2.772671682071073951e-01,-2.567346718898797509e-01,-1.630211667204472248e-01,-2.296328411252672452e-01,-2.631545820078813880e-01,-3.581024222153892933e-01,-2.162548971168814504e-01,-1.511275183227368257e-01,-1.724914024374254173e-01,-1.449841670929593040e-01,-1.692226862112681252e-01,-1.074202669087682277e-01,-1.225947663000221816e-01,-1.135519846572001362e-01,-5.211607845394022193e-02,-9.202200533159463069e-02,-1.525292193952015318e-01,-7.262506263095701298e-02,-1.665996148452469905e-01,-4.934633226041628545e-02,-1.212087105808960785e-01,-2.105197256242486159e-01,-1.976053694123975635e-01,-2.000160727485376100e-01,-1.797957236530590419e-01,-2.345051621800263442e-01,-1.760331365021754746e-01,-7.120993728385652255e-02,-1.247953879353795037e-01,-1.034783466122711076e-01,-1.765478960612672232e-01,-2.178683221675913606e-01,-1.728826245007427931e-01,-2.428851127050973835e-02,-7.969292300550602504e-02,-4.028746425049992835e-02,-9.253827276945122970e-02,-6.853264363501380962e-02,-1.724339935166189219e-01,-7.846909856574005304e-02,-8.023201751121981917e-02,-2.238651911520391780e-01,-1.088252310184053134e-01,-2.221871760636487392e-01
-7.127890313036252534e-01,-6.605791434335880341e-01,-6.436037189157829408e-01,-4.764307711752308050e-01,-2.783355515760359555e-01,-2.614748349387398529e-01,1.972298219784608675e-02,-6.518609347069290183e-02,-2.730215947600159176e-01,-3.488941155719688103e-01,-6.108204046782911290e-01,-7.249738739409615773e-01,-6.367249478811163321e-01,-5.053531946541950370e-01,-7.016812623535643167e-01,-4.906584247351914452e-01,-6.091462291021788600e-01,-5.234880493332320084e-01,-4.950423682721714069e-01,-5.601676730269585791e-01,-3.190969275864061760e-01,-4.282836267571275002e-01,-4.283093062388578232e-01,-3.557291459538980405e-01,-5.062148294555230965e-01,-3.287512069320732144e-01,-2.413204389498337654e-01,-3.935792628791229264e-01,-3.086268647320509206e-01,-2.707070280557892783e-01,-3.038128870125562653e-01,-4.557014251442128572e-01,-2.521988828331818699e-01,-3.257101692883012101e-01,-2.733990977835001890e-01,-2.854347969772682014e-01,-2.149264026554895957e-01,-1.259045861499636654e-01,-1.006627164741850933e-01,-2.667587400785186302e-01,-1.041697286307986248e-01,-2.566983775827499370e-01,-1.838965267417577432e-01,-2.263802277852097200e-01,-1.987107479558092027e-01,-2.884364702400519787e-01,-2.561567504338270740e-01,-2.424696884154079468e-01,-2.065517594084877728e-01,-1.877153071019847796e-01,-1.831302009146819065e-01,-2.696350005476920719e-01,-3.168705794455839997e-01,-1.799645385247211071e-01,-6.447679582560152112e-02,-2.037023190037861586e-01,-3.051381510073448711e-01,-2.667761512899246013e-01,-1.682388372538194121e-01,-2.573824575945900528e-01,-2.690305023110333149e-01,-1.635162407805701990e-01,-7.814369653209847499e-02,-2.535310288899136344e-01,-1.711954203353091841e-01,-1.318791500889171242e-01,-4.663616405808215792e-02,-1.070254452488891561e-01,-2.824245839318623719e-01,-9.459121027209588251e-02,-9.325809669801898849e-02,-3.355824481189427499e-02,-1.294899489787205982e-01,-1.227840631221328443e-01,-2.256236761302360394e-01,-1.442012941109984125e-01,-2.375608735966116547e-01,-1.918489597154870718e-01,-1.295390114650945834e-01,-2.827184309067547197e-02
-8.149758430212535876e-01,-6.784346015767412919e-01,-6.213658737580413094e-01,-5.988278063287031383e-01,-5.223673471306777838e-01,-2.927817827029043363e-01,-2.707538736161108073e-01,-2.068273043377727716e-01,2.591689703614641349e-01,-2.101717406097464158e-01,-4.718796502483072475e-01,-4.314149180883836698e-01,-5.967187732682553980e-01,-7.060093038021526546e-01,-7.563929008481742322e-01,-6.844266296799682570e-01,-4.978683550125078683e-01,-5.309595696621475236e-01,-5.840268251268628807e-01,-5.023133136313535640e-01,-5.195367041559263432e-01,-4.856345586082497778e-01,-4.455720151189012657e-01,-4.891050892316247123e-01,-4.464541884937868743e-01,-3.971051897835676803e-01,-3.649756620657439998e-01,-5.417804475632793659e-01,-4.206397794927267952e-01,-4.023509629023616641e-01,-3.609704144078374477e-01,-4.192630131464349375e-01,-3.166062354537765855e-01,-5.544173116515674904e-01,-3.358724186383837962e-01,-3.306006144064925767e-01,-3.063713197667383148e-01,-1.698061945979346954e-02,-2.443939002998053722e-01,-2.656887818360106901e-01,-2.554430366182221523e-01,-3.267914959437496214e-01,-1.792166806786865685e-01,-3.350764316043182700e-01,-1.271665342068679649e-01,-2.490013177377227716e-01,-4.277566350861141120e-01,-3.405566724418844227e-01,-3.527662461792573367e-01,-2.976650657549770318e-01,-1.568566818947908503e-01,-1.905610045435752464e-01,-3.147452571576614400e-01,-1.991697122932256925e-01,-1.111894918227129825e-01,-2.097451161012186260e-01,-1.916552808520315121e-01,-2.769645923634247997e-01,-5.330047243382242395e-02,-2.530054114208611926e-01,-1.817802585780544933e-01,-4.204378324861172966e-02,-3.375996340223365588e-01,-2.981549926880200929e-01,-3.601799698678123107e-01,-2.848845478112240204e-01,-4.311144149779826129e-02,-1.913883556890653703e-01,-2.510861689371999828e-01,-1.471095931853490246e-01,-2.802799752925517196e-01,-2.104045903864857903e-01,-2.064175287192506481e-01,-1.058975268149830590e-01,-1.573144345828719204e-01,-1.320811446443926618e-01,-5.081360782527757219e-02,-1.730535790443651356e-01,-1.156358096914503059e-01,-1.825347731883443514e-01
-7.610489715890167428e-01,-6.976545063595689378e-01,-6.952850538357853161e-01,-6.472585818620931741e-01,-5.453373969162707002e-01,-2.921924565245233030e-01,-1.951930761823903182e-01,1.181509868614986636e-01,-2.541783363892803349e-01,1.892710776746974466e-01,3.132790270706569541e-02,-5.394469943780714205e-01,-4.513143493119375904e-01,-6.775070216429387449e-01,-5.085337125214332010e-01,-6.464740662433980933e-01,-6.218071512229560449e-01,-5.382700807040670110e-01,-6.418845058014859273e-01,-5.306542812510204321e-01,-6.352732284337458957e-01,-5.167271858771109727e-01,-4.437059927458416042e-01,-5.753563259018753540e-01,-5.058260860671184300e-01,-5.767645212349842287e-01,-5.890096357787464321e-01,-4.890992815853251185e-01,-3.043702498020720015e-01,-3.966118500161724958e-01,-3.392381691373997366e-01,-3.469172949786068494e-01,-4.722091021179644632e-01,-2.587352712205774896e-01,-3.291903475957403957e-01,-2.458769508621731770e-01,-2.371381940080765915e-01,-3.593354800064770260e-01,-4.568502301910532526e-01,-4.097432659526676346e-01,-3.641695163662010404e-01,-5.241949240213276129e-01,-4.817507743538146925e-01,-2.847852069699328137e-01,-3.939292766408999946e-01,-2.616401114164358943e-01,-2.021559895400344975e-01,-3.390627758624196186e-01,-3.385952843970835846e-01,-3.387897970917408963e-01,-3.005036042374878980e-01,-4.153726464767480420e-01,-2.179076932745251660e-01,-2.508680369798718668e-01,-1.621691120824044485e-01,-3.443642280576300618e-01,-2.094483738430059638e-01,-3.051935212562487676e-01,-1.629333877194780178e-01,-1.812226733226191266e-01,-1.598675799412969945e-01,-2.117938940858699881e-01,-3.265834344410917245e-01,-1.504069525572459542e-01,-1.526642432603420585e-01,-1.733496724411520418e-01,-1.954643890929028127e-01,-1.670733250567641714e-01,-1.042077165845241155e-01,-3.816110431084995258e-01,-1.625851992722860406e-01,-1.792050651954116280e-01,-1.150868844297263799e-01,-2.498481461806827120e-01,-8.791233716840378409e-02,-2.497505077820507124e-01,-6.179156124720774218e-02,-4.890901665574361873e-02,-3.283694300662363119e-01,-2.613946832516457763e-01
-7.776523210904504602e-01,-7.366697560447644788e-01,-6.853255207810372562e-01,-5.251793736952637959e-01,-4.212336361318727573e-01,-4.367556510500227307e-01,-1.661731458782503279e-01,-3.184550236469652629e-01,-2.519645877729049799e-01,-1.918588906817854656e-01,-8.408842800845771348e-02,1.344390192799008454e-01,-4.027842532731507053e-01,-4.185146389762313124e-01,-4.429265409658398323e-01,-6.385077436073020030e-01,-7.112380855453342976e-01,-7.727193115496827636e-01,-6.668064099660182542e-01,-6.071516874961200294e-01,-5.943552331905083141e-01,-5.413321089783189599e-01,-5.694019003574167792e-01,-5.271613616703088034e-01,-4.644415236933825963e-01,-5.447052645179978336e-01,-4.105265552965463582e-01,-5.530442028336620686e-01,-5.933194271993416091e-01,-3.638786876372560597e-01,-3.795933000264154478e-01,-4.103525358285902702e-01,-5.101889743358398732e-01,-3.760325761315728710e-01,-3.291927885118849928e-01,-3.651614890724269036e-01,-4.646163764555402143e-01,-3.633657881428028480e-01,-4.150830417861488542e-01,-4.914352554557210317e-01,-2.427267371395554763e-01,-3.068706706416292618e-01,-4.324497306500416083e-01,-3.901745670212491413e-01,-3.204731639969339296e-01,-3.310680106114524124e-01,-3.573551227583814938e-01,-3.541079291220206593e-01,-1.645718123298161861e-01,-1.887772545010436565e-01,-3.425640363087401052e-01,-3.222396767514521532e-01,-2.121444813435196808e-01,-3.860898589585300966e-01,-3.125960462591400590e-01,-1.499080889435891739e-01,-2.423506537270140038e-01,-2.509349320759737823e-01,-1.906508299022372510e-01,-2.120689944580482489e-01,-1.738995147080023285e-01,-2.662111984317918623e-01,-3.322317059397985606e-01,-2.165365176000982050e-01,-2.086607867543623374e-01,-6.906550766095009841e-02,-1.838287211378925867e-01,-3.526081094970029417e-01,-1.273792567158730793e-01,-4.518383150119201913e-02,-1.609296575245285910e-01,-2.580309777814007721e-01,-1.024681460848415049e-01,-2.120911640999257886e-01,-2.062194615974801137e-01,-1.760312966883855190e-01,-1.584539737798033587e-01,-1.644842625871575925e-01,-2.724371422240146612e-01,-1.109183581093544507e-01
-7.594621189853373311e-01,-7.308289101836915602e-01,-7.031513616346320994e-01,-6.673767119898831313e-01,-6.222287203824138357e-01,-3.568189686249123027e-01,-5.178115497820088287e-01,-3.629074608729991880e-01,-2.968830576721038783e-01,-2.553102970411930683e-01,-8.805046062403007467e-02,8.512354388874227018e-02,1.125973001128378892e-01,-1.304153212574045151e-01,-4.591783968513290515e-01,-4.140727022266366686e-01,-4.614283266629649605e-01,-6.583094489564754737e-01,-6.093702407083253503e-01,-5.912587989473252481e-01,-6.001616843983123006e-01,-5.788891180260385960e-01,-7.266784656539446718e-01,-7.342868665602101386e-01,-6.067127411814934312e-01,-5.474634085501589587e-01,-4.804475729531368366e-01,-5.409102354185819639e-01,-6.040274666444891416e-01,-5.421268330698232329e-01,-5.165118245880179204e-01,-4.084309510394723008e-01,-6.057753942629557908e-01,-5.603976626898157232e-01,-4.840959607876268445e-01,-5.106088413648501856e-01,-3.261637264429431138e-01,-4.271587206204213727e-01,-3.621001217675989259e-01,-3.461436411993210616e-01,-2.991319627752692667e-01,-4.262711087236623064e-01,-4.216037203380855192e-01,-3.738749756984506289e-01,-3.705906624849949482e-01,-4.152687802969688979e-01,-3.630109267216982127e-01,-3.301641819341208373e-01,-3.452551913046936205e-01,-2.395707016190694594e-01,-2.153109544920029927e-01,-3.296803462251000627e-01,-4.412934373823853562e-01,-3.094676781533719501e-01,-2.464026637060476033e-01,-1.692769861437046219e-01,-3.185233114193920523e-01,-3.309725186646396144e-01,-2.577963608997584921e-01,-1.610102029954816882e-01,-3.169304511943567548e-01,-2.378693444426370762e-01,-2.645416630348899067e-01,-4.000648458021088816e-01,-3.088536191616360616e-01,-1.535523529151545108e-01,-3.622844321494994024e-01,-1.554294927117548797e-01,-1.818597348952450399e-01,-1.014071539916159420e-01,-3.520570856802293647e-01,-2.598674026995475561e-01,-2.851012761365196435e-01,-2.373737216985541965e-01,-2.586006740319197750e-01,-3.849323739797642085e-01,-1.700860681475382108e-01,-1.024256265845044089e-01,-2.391483030950860567e-01,-1.938868042218717391e-01
-7.839263793481362486e-01,-7.824667066433765861e-01,-7.498515806047444388e-01,-6.201404320002403825e-01,-6.298219548800380041e-01,-5.805550629410273222e-01,-4.123957377072368091e-01,-2.974125263332612068e-01,-2.516120141080200323e-01,-2.070251022002417007e-01,-8.950970047024554843e-02,-1.624442801283621507e-01,-8.127882794183770299e-02,1.162727812869122634e-01,-4.874492434562297666e-02,-4.999541445890455793e-01,-5.122571331706243791e-01,-5.012506959237010840e-01,-5.722543330392590999e-01,-5.538546492198336280e-01,-7.707681077916881396e-01,-7.072122206389895860e-01,-5.666898254078930330e-01,-6.983547118427105849e-01,-5.298653495552102521e-01,-5.100423962925392241e-01,-6.336051491784058243e-01,-6.735531445047630017e-01,-5.297738477172354576e-01,-6.194274729556495940e-01,-6.153905419160136114e-01,-5.685167343604932144e-01,-5.235539916745862721e-01,-5.148156954998284185e-01,-5.198126883581615232e-01,-5.109934987960685904e-01,-4.329535859886328719e-01,-4.673926026496853514e-01,-4.298342956403662374e-01,-4.446360265738528161e-01,-4.335481285608654978e-01,-4.100740778325582259e-01,-4.739739530782572929e-01,-4.571444531217822571e-01,-4.970264729922069247e-01,-2.827970254712786624e-01,-3.289103048509506855e-01,-4.132044584115536767e-01,-2.981588962965953660e-01,-3.967490676528011573e-01,-2.980740179358241093e-01,-4.780006701460738916e-01,-3.331290761368813080e-01,-1.742120939754671916e-01,-2.662079613780787835e-01,-1.745144097200893307e-01,-3.989567631396934155e-01,-3.048674900439032331e-01,-3.762582298687014992e-01,-2.678233694888743632e-01,-4.364538221670200002e-01,-2.330842493617480415e-01,-2.204980506344826618e-01,-3.209660082480070287e-01,-2.741530705925559475e-01,-3.181840780407029778e-01,-3.291372670898309871e-01,-3.522753741155854601e-01,-2.086689076277807864e-01,-2.648953564033373342e-01,-7.651096363474335638e-02,-3.350895589399440211e-01,-1.212534342052258435e-01,-2.056090977440524492e-01,-1.451566100098182488e-01,-2.509488280114888226e-01,-1.905711030815607221e-01,-1.319126619407832435e-01,-3.090749948426397276e-01,-1.142193231143861787e-01
-7.511226961847884409e-01,-7.883932739322250249e-01,-6.806065087711911099e-01,-6.981440271911216744e-01,-6.881251797367703427e-01,-6.397219627375344553e-01,-5.505921087630615274e-01,-5.794580054082030252e-01,-4.286403929975349802e-01,-1.687293365948071000e-01,-4.028446726216609042e-01,-2.110978276832285727e-01,-2.501295627640491293e-01,-2.590964933762328684e-02,1.188588742189971709e-01,4.267444998535363521e-01,-2.679707910169630281e-01,-3.235560290120707561e-01,-2.894149345000807672e-01,-3.481092429838603119e-01,-5.540876664663032525e-01,-4.959808111232521521e-01,-6.634392214873964244e-01,-6.854316524728987226e-01,-5.646386375071374975e-01,-6.063571594018488664e-01,-5.811639002702259083e-01,-5.569373941345205914e-01,-6.442795321351659776e-01,-5.659295280166709574e-01,-4.552164400056510352e-01,-5.603221525626997934e-01,-5.641912704966016712e-01,-4.961370515339170728e-01,-4.976185685459131869e-01,-4.423479638180360940e-01,-4.918995166979875933e-01,-4.818558187538816706e-01,-4.383743327711411286e-01,-3.598811298480108500e-01,-3.814163720596418505e-01,-4.453240559178376357e-01,-5.172786061964783633e-01,-4.108860431516943579e-01,-4.108952086572875695e-01,-4.303684835689607913e-01,-4.106629802903608017e-01,-4.738235856093184761e-01,-4.200448540268368336e-01,-3.388065005275752717e-01,-3.290261113887828492e-01,-2.772864385020498701e-01,-3.021118366607132844e-01,-2.988878929407667306e-01,-3.954454644509242112e-01,-2.837490654468162732e-01,-3.842836661884412308e-01,-4.148710994159510168e-01,-1.737764908565025690e-01,-3.314925125028077013e-01,-3.552813385861975370e-01,-3.108548533302027961e-01,-4.255423212089359253e-01,-3.160943151042007737e-01,-1.866213486193598614e-01,-2.710887113784412605e-01,-2.939975412149588574e-01,-3.703421339498586540e-01,-3.582497063105875568e-01,-2.145473448215360901e-01,-1.751314702841785254e-01,-1.698198443728015650e-01,-3.356057116332905599e-01,-2.531002530653270743e-01,-2.389463290126755957e-01,-1.959737279262743770e-01,-2.758402529598433239e-01,-1.294016446946059939e-01,-3.652523377708037366e-01,-1.425214942299096732e-01
-7.568208509597091904e-01,-7.977478711288347180e-01,-7.050147060088629569e-01,-6.237382803264568398e-01,-6.317570098854817795e-01,-7.233327613209677986e-01,-5.531877666542422967e-01,-5.258876183534776372e-01,-4.276594783666681776e-01,-4.567000328381862206e-01,-2.995178088861836230e-01,-1.626082600049948423e-01,-1.635520273764960453e-01,-6.581758684875760324e-02,1.059659588341224368e-01,3.527169080382243360e-02,2.372399431157061755e-01,9.670667308716567045e-03,-4.789862283962252332e-01,-4.555972764689306675e-01,-4.191669057634793694e-01,-4.103200544619799439e-01,-6.019483230690440001e-01,-6.599575762638032472e-01,-6.947789917979103613e-01,-5.923903257766427455e-01,-6.165903774618701760e-01,-6.615704693930024582e-01,-6.588720594781699580e-01,-6.747688044472663904e-01,-5.725769189782085045e-01,-5.172738743674852868e-01,-6.184338441690233612e-01,-5.148371908285622744e-01,-5.166894663251425657e-01,-4.580983006487428510e-01,-4.800963726819230115e-01,-5.535344404694435561e-01,-4.523715550133723950e-01,-5.628162524145008394e-01,-5.123281442322620283e-01,-4.313652466412054576e-01,-4.598200451226837626e-01,-3.645261253365552623e-01,-3.979385047399024988e-01,-4.836183836879571207e-01,-3.813020251081932765e-01,-4.395523361333990575e-01,-3.782152727501216782e-01,-4.875266232969964753e-01,-4.612882709038483853e-01,-4.363287870353270703e-01,-4.879179457612550785e-01,-2.973014061812681019e-01,-4.069233042933209643e-01,-4.352769186047397709e-01,-2.744874477356450404e-01,-3.164481620775457249e-01,-4.503822635786309814e-01,-3.249415048965123565e-01,-4.295291711592353900e-01,-4.311170774219182933e-01,-3.004297097814772610e-01,-3.553534635449605017e-01,-2.364680731469896158e-01,-3.206674019587286151e-01,-2.126371895018614733e-01,-3.742923069214865728e-01,-2.859872964621104630e-01,-3.739950701194322824e-01,-3.065081602708758512e-01,-2.952779084834837864e-01,-2.797687591178111277e-01,-3.937828214966195284e-01,-3.178638812284274029e-01,-1.673638316572070850e-01,-3.834791115222007107e-01,-2.475572966508816641e-01,-2.633978708041010974e-01,-1.931772116819029661e-01
-7.742253920877332218e-01,-7.549023788758605358e-01,-7.341157798093130848e-01,-6.826091909430034299e-01,-6.599302502898269918e-01,-6.466233560945346959e-01,-6.181053116870363073e-01,-5.072446568326877125e-01,-3.123335720377730662e-01,-2.562121951718246970e-01,-3.652467628790857512e-01,-2.815848708895361541e-01,-9.836433144048666033e-02,-2.390052133327130734e-01,-1.874263007852566831e-01,-7.757578407979913437e-02,-6.470049888795406656e-02,6.935428684871805527e-02,7.951877819667974023e-02,-2.341063829128732232e-01,-3.165692688526785536e-01,-4.354836370093669862e-01,-2.800985443303704026e-01,-3.967906548056286398e-01,-6.998683795971606392e-01,-7.017099498978250915e-01,-6.124897235650231808e-01,-6.856552862059468456e-01,-6.916219373596724784e-01,-6.514616879651266013e-01,-7.023918397794708390e-01,-6.521483385662121268e-01,-5.729828990588065052e-01,-6.563918139903631710e-01,-6.116226112015005212e-01,-5.510967550697245532e-01,-5.665810229249532703e-01,-4.677835832209785161e-01,-4.785684123251830457e-01,-5.463920592286580780e-01,-5.382970514327394262e-01,-5.251853695678959655e-01,-5.180117164280624298e-01,-4.658434194118880600e-01,-4.032092853322545856e-01,-5.491160986775140973e-01,-3.863489168739562829e-01,-4.993389809263990009e-01,-6.768227879610484443e-01,-5.435786208226403016e-01,-4.683873018410008027e-01,-4.987458518476026725e-01,-4.250797172454730544e-01,-2.598904052911099605e-01,-3.920366830060517671e-01,-4.678644362685926983e-01,-5.170892473320624072e-01,-3.389318293400497284e-01,-4.204625335396714458e-01,-3.455730510641171205e-01,-4.661401479665940317e-01,-3.413509053050832187e-01,-3.752049040665119128e-01,-4.523928036338256686e-01,-3.291951275267887000e-01,-4.351241335659579712e-01,-2.953068528683452376e-01,-3.137466888347276717e-01,-2.452645701185169891e-01,-3.506416919982167091e-01,-2.453227752440253762e-01,-3.518676023134866271e-01,-3.719839566226664784e-01,-3.059057658762288079e-01,-3.906910467487859639e-01,-1.923952243953749863e-01,-6.467563052239934385e-02,-2.383141366983248799e-01,-1.967030283792428058e-01,-2.264281965102790950e-01
-7.901435827308803672e-01,-7.814486906123534471e-01,-7.487971890090414639e-01,-6.941563192217610201e-01,-6.069835976094455354e-01,-7.280086146901006972e-01,-5.562624798284774297e-01,-6.019592582286058535e-01,-4.703199627396745242e-01,-4.929525663686926129e-01,-3.083818187233128283e-01,-5.196415626731462067e-01,-2.950598473517799802e-01,-3.750322632446343452e-01,-9.524006827355638305e-02,-1.067440703268449503e-01,7.150981064066858073e-02,7.810061740965740240e-02,6.685339153013468427e-02,8.319883619318761692e-02,-2.286861262498456060e-01,-3.658885062381384556e-01,-4.620735416850049737e-01,-5.081561378269608964e-01,-4.660177743696271024e-01,-4.790285045689977039e-01,-6.030770448986054744e-01,-6.385305895530472009e-01,-6.674968330203624456e-01,-6.363144339328201671e-01,-7.271897543695219346e-01,-6.492666854113028352e-01,-5.310505147594669628e-01,-7.086250227688036807e-01,-5.914026793035240814e-01,-6.908370181025145218e-01,-5.333062067072554813e-01,-6.195417383848933479e-01,-5.425180021441434741e-01,-6.208445920073404345e-01,-5.328900559281960492e-01,-4.859096807957089537e-01,-5.284812744364957293e-01,-4.419820705341683253e-01,-5.124824716835736371e-01,-4.780211350087714695e-01,-4.708578284405564029e-01,-4.653852292303347626e-01,-4.250408214928519945e-01,-4.905974363798382143e-01,-5.523041939892400221e-01,-4.195309380740173677e-01,-4.537773563382326292e-01,-3.980570810944396576e-01,-5.890142658505226336e-01,-2.512583474582750775e-01,-3.438999801211654050e-01,-3.227183987399127596e-01,-4.751185122497087465e-01,-5.170172194455120440e-01,-4.701393101313065537e-01,-3.497836400543790081e-01,-3.445105382973755459e-01,-3.845553304684942719e-01,-2.407112196071104770e-01,-3.870470936765046943e-01,-3.750569858597473383e-01,-3.831167133783360823e-01,-3.786971125458478693e-01,-2.854102891999378833e-01,-4.014991325996205007e-01,-2.547943170823689929e-01,-3.502970826260266013e-01,-3.863628080748331972e-01,-4.263066043226280133e-01,-3.691393259436976937e-01,-3.651698669134864628e-01,-3.865967823071473353e-01,-4.101707399497357964e-01,-3.485881572998009159e-01
-7.954900958371191599e-01,-7.604124952971662577e-01,-7.848549941730883495e-01,-7.501649480251231239e-01,-6.974155220720967829e-01,-7.558780298985804391e-01,-5.289020609466142941e-01,-5.154354196158797974e-01,-4.551744926107336164e-01,-5.400102795999598415e-01,-4.392974427988871056e-01,-3.374898161719069867e-01,-4.065596413392453812e-01,-1.541494928151875554e-01,-2.288062732711944602e-01,-1.778284537416471023e-01,-1.910509558001933783e-01,-3.691491461909251343e-02,2.476801290917571563e-01,3.677383670625832685e-02,-1.175524085693073068e-01,-5.871276502758092028e-03,-3.814885940466914982e-01,-4.978606485523889291e-01,-4.748870015564305436e-01,-4.117500472202396677e-01,-3.948010180375309264e-01,-5.935888805012393687e-01,-6.237176501294309228e-01,-6.715290901630501796e-01,-6.949492618461352578e-01,-6.564477955210710203e-01,-6.138395401648144567e-01,-6.942897905171606654e-01,-5.761192745090205625e-01,-5.485557563301191042e-01,-7.476320342162673382e-01,-4.220259292696950104e-01,-6.064562403069951868e-01,-5.899180585601617732e-01,-5.999691692388188224e-01,-6.305337364545089418e-01,-5.108173349057043566e-01,-5.232036851311935299e-01,-5.718525673797589803e-01,-5.673037779005070114e-01,-4.201692218415392088e-01,-6.079244299705083288e-01,-6.517367880969069383e-01,-5.322742308632771868e-01,-5.706374360610505514e-01,-4.084892162371265290e-01,-4.670704914683179165e-01,-4.973270035905633657e-01,-5.704321082620361638e-01,-4.779638998348428314e-01,-5.061863113298462613e-01,-4.615804860391050091e-01,-4.470090837564135167e-01,-4.568990805855795978e-01,-3.102803934178391954e-01,-3.388563284156613786e-01,-4.046159287783644420e-01,-5.022019578938978768e-01,-3.522183030168681839e-01,-3.411838349662807413e-01,-2.471240091362979785e-01,-3.487786074133539249e-01,-3.350277979136953022e-01,-3.765474561814414201e-01,-4.987861361053723130e-01,-3.154874326027991005e-01,-3.736060686268695141e-01,-2.567326953850625482e-01,-3.080828404029135603e-01,-2.355364923349168860e-01,-3.867910372851073864e-01,-3.506171018248134263e-01,-2.667975279232058239e-01,-3.527297271344393415e-01
-7.682700348632897080e-01,-7.744125650342309486e-01,-7.546777055440668791e-01,-7.540959486301280768e-01,-7.130545500204612530e-01,-7.410817252092315455e-01,-5.894900933715103708e-01,-7.127193797760890126e-01,-5.741147116887537205e-01,-4.306095549994536364e-01,-5.137001598610518860e-01,-3.558234122495880225e-01,-2.668041197894049921e-01,-3.514291243790719776e-01,-2.455619762062599964e-01,-2.021291320193438767e-01,-2.938090186575369467e-01,-1.005960136456410248e-01,-3.863554312713402689e-02,-1.401777303755534776e-01,-2.218344029363218395e-01,1.828484331829310638e-01,1.831175430207767074e-01,2.662744032623979781e-02,-4.372538529785138794e-01,-4.735479460839422949e-01,-4.881287914854253729e-01,-3.558264342783673539e-01,-4.217170755987139086e-01,-5.766278904637719416e-01,-6.766206875514960695e-01,-6.705526650230534402e-01,-6.178802121509635592e-01,-6.575774163347817280e-01,-6.755893889635589122e-01,-6.801079825802410772e-01,-6.601623704642599622e-01,-6.270357960952680498e-01,-6.271024384878814972e-01,-5.820912522441502590e-01,-6.592471126161262296e-01,-5.974588116974650642e-01,-4.842665494367390244e-01,-7.039778514743908477e-01,-6.219151669478807376e-01,-5.790435464849348346e-01,-6.073897384177814329e-01,-5.904704245361370729e-01,-5.122586669677471338e-01,-5.642754752832781495e-01,-5.195177531157171291e-01,-5.383525761937181242e-01,-5.410103806570994989e-01,-4.991423657549146076e-01,-4.037535511008655265e-01,-4.891588503360121964e-01,-2.849175605359839936e-01,-5.092781291399399723e-01,-4.087345556210623121e-01,-3.582297030144215855e-01,-4.515884480616915719e-01,-4.237148438978152742e-01,-2.757606251230564354e-01,-4.127938490668754401e-01,-4.814535699989723749e-01,-3.561569851493343597e-01,-4.730139364627667931e-01,-4.268461188787089911e-01,-4.264386159741068161e-01,-3.554126735262693182e-01,-4.178611845475105335e-01,-2.847781209338989261e-01,-5.181300965384857404e-01,-2.755063302313207618e-01,-3.499614518155945708e-01,-3.171411166006014026e-01,-4.376772024806039885e-01,-3.515692837413167404e-01,-4.352524240871470385e-01,-3.587540893685340904e-01
-7.663679934743663491e-01,-7.606423674698467030e-01,-7.685741017025352617e-01,-6.939631459192363572e-01,-7.222881036157764445e-01,-5.897722850259483618e-01,-6.906256902170324619e-01,-6.243826736579702885e-01,-5.812336964100141001e-01,-6.037106735817460157e-01,-5.617220502425798179e-01,-4.789838369330529644e-01,-4.635218163608635922e-01,-5.116889115804489352e-01,-1.924267250409502361e-01,-2.578467384844811416e-01,-2.334976919427560749e-01,-6.066939322296761861e-02,-4.891269072584592675e-02,-1.137209114508700852e-01,-8.606151894366456667e-02,-8.028026994654630100e-02,1.239589807784023494e-02,4.647994538672942794e-02,-1.853969725481139806e-03,-2.276808130912273964e-01,-4.681176835165221095e-01,-4.059409405465624898e-01,-5.005816294884891660e-01,-4.483603945260817292e-01,-6.344764375601309458e-01,-5.860644838736296380e-01,-6.524428483011365243e-01,-5.875667190208296864e-01,-6.405854828864787631e-01,-7.398709671049650272e-01,-6.218295757311905758e-01,-5.424228315384476140e-01,-6.348664005584837566e-01,-6.987310573324780894e-01,-6.033069262740924366e-01,-5.001261374766348133e-01,-6.331759615892144089e-01,-5.929156145136433853e-01,-5.956871451441273502e-01,-5.890207266461170432e-01,-5.170472096672497075e-01,-5.051649771055193305e-01,-6.082011969189625722e-01,-5.432220989084576290e-01,-4.518514125403781945e-01,-5.172755149340917402e-01,-5.256177648752442533e-01,-5.580633323858419370e-01,-4.508693247721781150e-01,-4.364741358511222691e-01,-2.733566220197650165e-01,-4.896601727982761720e-01,-5.366565999342193249e-01,-4.476007708704063393e-01,-4.582284736169178196e-01,-3.088521573977373036e-01,-5.589810193083913914e-01,-3.694662206672905125e-01,-4.114151107497672211e-01,-4.253022654145173775e-01,-3.578208983998987236e-01,-4.380460384729090162e-01,-4.079139819229958275e-01,-4.559935989462951533e-01,-3.295000729468515188e-01,-4.143571146687964335e-01,-4.825464129132572277e-01,-4.122879436867371017e-01,-2.913245259057431480e-01,-2.888449686610626288e-01,-4.167665752372265997e-01,-4.779293766170381597e-01,-2.906579255518346727e-01,-3.983325209038616199e-01
-8.114507930061272134e-01,-7.854087872976364126e-01,-7.342738624405863446e-01,-6.853990624084098648e-01,-7.541795504416999307e-01,-5.951320860288459302e-01,-6.946984801009147281e-01,-5.914220151273159587e-01,-6.062904872618626317e-01,-5.667861175137992591e-01,-4.504482000563384547e-01,-5.943793041981114689e-01,-3.755659240268657828e-01,-4.628107603266859438e-01,-2.622937480437618762e-01,-3.545274937218751976e-01,-3.458491907738771021e-01,-2.329978664280352996e-01,-2.739206683111244378e-01,-2.009596571037302049e-01,-2.253019082112045490e-01,2.992529224871221319e-02,8.945559788736272278e-02,1.825521709552521965e-01,-1.438386288376018729e-01,-1.661611475892965928e-01,-1.388002995842128884e-01,-3.945684852564540490e-01,-4.532082649200916413e-01,-4.273205549418877536e-01,-4.297636496540954143e-01,-4.072677658870785256e-01,-5.831063913482869010e-01,-6.018109435853611355e-01,-5.977835343589481543e-01,-6.477609473034867671e-01,-7.949171965420488428e-01,-6.121394861711016988e-01,-6.011064985013482298e-01,-6.776289386335394571e-01,-6.120808577987156829e-01,-6.561507629385133766e-01,-7.503256993740343717e-01,-7.072056249901993441e-01,-5.736353394704745146e-01,-6.398761279362034093e-01,-7.106064206475405376e-01,-4.987399244864647030e-01,-4.534045604146335062e-01,-5.681156917508297655e-01,-5.208541985221087911e-01,-3.970724593747321784e-01,-4.647419532982118295e-01,-5.096594518499606430e-01,-5.124406779284241820e-01,-5.566059528082074603e-01,-4.290086199980528980e-01,-4.822026585741864824e-01,-4.365557578918147219e-01,-5.614077010893383513e-01,-3.768716814359468481e-01,-3.901803689867147096e-01,-5.335479978802052381e-01,-5.203009271619817300e-01,-5.165795741112069184e-01,-3.454036581587349164e-01,-4.236319037395058218e-01,-5.671564377834908965e-01,-5.132028966709534235e-01,-4.460665654507518507e-01,-4.567450611142778172e-01,-2.685959667458564515e-01,-5.141387436209808870e-01,-4.173524397930920005e-01,-5.410623675487753470e-01,-5.587830638219212220e-01,-3.194163861702863927e-01,-4.110809571239745774e-01,-3.854018963525250308e-01,-1.282523610087679677e-01
-7.635003703430559563e-01,-7.809951089613457187e-01,-7.723583339976209938e-01,-7.881763647154488295e-01,-7.044778239590935298e-01,-7.458935157908493929e-01,-6.962308345970401602e-01,-6.902393380582940718e-01,-5.254234420574434017e-01,-5.657165406608114511e-01,-6.195505923537474313e-01,-4.513202305837388795e-01,-4.147374260732567541e-01,-3.588131749028386497e-01,-4.107087384225028837e-01,-5.248366495998227910e-01,-3.280448747189457226e-01,-2.845081069730804324e-01,-1.692455422659507047e-01,-1.894448772815580939e-01,-1.914787017689974502e-01,-1.145945746668499965e-01,4.935028329942224568e-02,1.021728184553959834e-01,-7.801462910505263526e-03,1.917795825395800791e-01,-3.880221808470410427e-02,-1.312480795261731503e-01,-4.879419610185390388e-01,-4.593488106010344407e-01,-4.451721460310203993e-01,-4.801812521135984113e-01,-5.052565705713635280e-01,-4.510391811907367710e-01,-5.505051883265182910e-01,-4.989703961439595492e-01,-6.320182586706984962e-01,-5.953855882840143332e-01,-6.666272010086561339e-01,-7.281638625454275315e-01,-7.607927966698813105e-01,-6.921246200509281188e-01,-6.788219805381044969e-01,-6.428050960866190655e-01,-6.636573749743939210e-01,-5.590365029225742299e-01,-5.889103201238884422e-01,-5.997646614284813937e-01,-6.198494158917374763e-01,-5.135985132905196426e-01,-5.804244478728545209e-01,-5.965521007669043474e-01,-4.395528511881164890e-01,-5.339078847356477642e-01,-5.351812893169897167e-01,-4.786032987244555059e-01,-5.656798001736585979e-01,-5.577822979089404054e-01,-3.843908511319952259e-01,-5.690083684673886699e-01,-5.021955806729134775e-01,-3.405890187848584771e-01,-6.625748012544752097e-01,-5.974093709491469228e-01,-6.077706237281164103e-01,-4.167567922627876120e-01,-4.172241368827376840e-01,-4.256870620056831811e-01,-5.103190641156852836e-01,-3.439141257773231652e-01,-5.328730354531943103e-01,-3.890193473185428186e-01,-5.529822605400345203e-01,-3.835524398994105133e-01,-4.969885136932343239e-01,-4.373303284790586165e-01,-3.343410926027839958e-01,-4.251479316250104667e-01,-2.927832533577902629e-01,-4.319171993422558087e-01
-7.708543365605279307e-01,-7.529599313325145982e-01,-7.681441547280591919e-01,-7.048847516740969210e-01,-7.348750071950042040e-01,-6.966810868417527836e-01,-7.012822083664324024e-01,-6.098125460806668174e-01,-6.498801602123176480e-01,-6.441670597067726822e-01,-5.152269030656319027e-01,-3.837966938129408478e-01,-4.974149391269165887e-01,-5.372106617612285584e-01,-3.247871223271543983e-01,-3.543446835414211238e-01,-2.931120099016354397e-01,-4.088111251866807239e-01,-1.835906211413137756e-01,-3.481077020440777048e-01,-1.659552115084440560e-01,-3.328462180316815733e-01,-1.202353785959826005e-01,-6.613474681165448787e-02,2.446654426121366160e-02,4.899053580428902599e-02,2.663330111812027279e-01,-3.618586745772736646e-02,-8.561389890074402875e-02,-2.430017284557937918e-01,-4.776190825761028602e-01,-5.245900412880013519e-01,-4.778875032659727906e-01,-4.416980865420555569e-01,-4.258612707658211982e-01,-5.085749855288674848e-01,-6.069468143755616385e-01,-6.311534460764568477e-01,-7.149149162474074393e-01,-6.958079219189933218e-01,-6.470454306118970100e-01,-5.782807332645615306e-01,-7.479952801463070067e-01,-6.822388593931557610e-01,-5.714860050075466491e-01,-6.563457111782606823e-01,-6.377077078121683451e-01,-6.702688277567389052e-01,-7.074500768385626470e-01,-6.129842434057529710e-01,-6.017118372708860630e-01,-6.026195385154733408e-01,-5.301854124441160998e-01,-6.435554470635767021e-01,-6.015504438997448799e-01,-6.323935812532756051e-01,-5.600863138740206360e-01,-5.012311918667898825e-01,-5.559243528185949801e-01,-6.196549465988543393e-01,-4.698208134697220983e-01,-4.487580719235871318e-01,-5.201697908541800253e-01,-4.036364799896329791e-01,-4.681107886869741441e-01,-4.473739764124928797e-01,-4.908636247677053421e-01,-4.734625300872326026e-01,-4.363817530935312217e-01,-4.327761752962384634e-01,-4.397087406030848467e-01,-4.438199200391637622e-01,-4.422926067086261903e-01,-3.969930631595687265e-01,-2.921034578511523261e-01,-5.651614645142445381e-01,-3.823928033070069787e-01,-3.746479813559917549e-01,-4.723605798073832185e-01,-3.528592264860447858e-01
-7.984650062828611006e-01,-7.855539608271506768e-01,-7.720667068210099737e-01,-7.602302975801091822e-01,-7.125029726870368840e-01,-7.091660965455613974e-01,-6.780289454904393498e-01,-7.538652533488094942e-01,-6.298915324594660525e-01,-6.430305142186468759e-01,-5.787264265720200029e-01,-6.084948042336890683e-01,-4.753457032112307079e-01,-4.449021537157171191e-01,-4.534671139105339033e-01,-3.864259002554513156e-01,-4.393904788218552793e-01,-3.779374207053594059e-01,-2.358328746662111675e-01,-1.728007031653768233e-01,-2.041132578999870217e-01,-1.022130679816366100e-01,-1.865657244080350385e-01,-8.954243406724395060e-02,-1.997028663355394917e-01,8.551798030520255112e-02,6.125341827513604981e-02,2.170629803229458810e-01,7.799011541765740740e-02,-1.991628121951596019e-03,-1.820291543017992508e-01,-4.893358292042243596e-01,-4.898132121876682676e-01,-5.282509893771744069e-01,-3.550872196845141215e-01,-4.861249088493145298e-01,-4.740074256186389556e-01,-5.195345971657687745e-01,-6.466461015134049584e-01,-6.800266158686899542e-01,-6.351215533630958365e-01,-6.386093676462485380e-01,-6.294570481241165139e-01,-6.956187366793233906e-01,-6.860840109117342100e-01,-7.002642080926946289e-01,-6.800736804541259728e-01,-6.004215303054938335e-01,-5.985141832773422932e-01,-5.384390662304078257e-01,-5.947141896772846215e-01,-4.992734443303498137e-01,-5.351023362665824346e-01,-5.823607592121812226e-01,-4.721633001561689746e-01,-5.875279929124945788e-01,-5.708438228932901648e-01,-5.487141966505943991e-01,-5.845909757656756467e-01,-5.373129176444458865e-01,-4.906676599957495721e-01,-5.304966226417602293e-01,-5.702048838844666623e-01,-5.911632173370107157e-01,-3.777374340241602679e-01,-4.598505805186956508e-01,-4.587150731365998713e-01,-5.900566004979547197e-01,-4.811502553584546260e-01,-5.290980357335635098e-01,-4.463436847045792466e-01,-4.780450203390227970e-01,-4.190123798293555746e-01,-4.565962450620479340e-01,-3.426914724387921107e-01,-4.951859474021768626e-01,-4.667930938267367269e-01,-4.087998237680500746e-01,-3.763892495313072573e-01,-3.635719426143315114e-01
-7.535678620838769382e-01,-7.687173764475005999e-01,-7.647456089773917443e-01,-7.113799162665881415e-01,-7.430731354453088411e-01,-7.367845845233002011e-01,-7.227389117533170593e-01,-7.677980625539526649e-01,-6.210274188341544654e-01,-6.123292686542316510e-01,-6.826987458184506918e-01,-6.799071088711070576e-01,-5.460785508285823653e-01,-5.236700533725792139e-01,-5.527130246464587726e-01,-6.176919828244298305e-01,-3.796388405478042793e-01,-3.917662913693434890e-01,-1.899808839606037802e-01,-3.115726251617725873e-01,-1.895301920548645436e-01,-2.941894723491867425e-01,-2.094151016289836631e-01,-1.307310657343712934e-01,-1.352217383736979417e-01,-4.778462838331624246e-02,2.035803580268212287e-01,1.114447791839958679e-01,1.291824995431891387e-01,2.349917706955540475e-01,4.245404335734599688e-02,-5.878285613115726699e-02,-3.908118939700299110e-01,-5.018051933915386176e-01,-4.396775886474966200e-01,-4.739543901819617266e-01,-3.791412056825362309e-01,-2.781691834819258746e-01,-4.640364153854761864e-01,-6.195396564247480642e-01,-6.572441006991269763e-01,-5.089323755115312542e-01,-6.098367484870684807e-01,-8.007257942622648672e-01,-7.970247096143048271e-01,-6.158428507017192910e-01,-5.799091882215638982e-01,-6.088034620395517127e-01,-6.044515659024231047e-01,-6.960204299481372869e-01,-5.563292901333696250e-01,-5.902870283744938718e-01,-6.257390689771317183e-01,-6.188659475405375865e-01,-5.561192732908847303e-01,-5.014899154771367273e-01,-6.275521207085055231e-01,-6.562047137790291140e-01,-5.380756267922851555e-01,-5.776800636461476568e-01,-5.128450440119437514e-01,-5.974231641633823697e-01,-5.581420732104687144e-01,-5.213891542563520165e-01,-6.187867473439234711e-01,-4.786891139375951121e-01,-5.856777210926945587e-01,-5.760982156764811180e-01,-5.523644324777141623e-01,-5.158873998797107729e-01,-4.364403501038853217e-01,-4.459508604228825113e-01,-4.222940178763411878e-01,-5.783680910314521473e-01,-3.658506920434166920e-01,-3.452930706881932599e-01,-5.197976247260012173e-01,-3.472371589692233029e-01,-4.000937049103940879e-01,-4.678468329822788041e-01
-7.778461400915791524e-01,-8.174033692489675040e-01,-7.649693885684334393e-01,-7.631165955755331298e-01,-7.308947099446220230e-01,-7.964988939776571630e-01,-7.226270092535441725e-01,-6.838315572391575614e-01,-5.821124753410484853e-01,-5.746377606071700894e-01,-5.678612025796752061e-01,-5.633759652738827839e-01,-5.849632670215270114e-01,-5.187930432109288947e-01,-4.711565145307305413e-01,-3.670107730476259156e-01,-3.782298553909531069e-01,-4.071956623990456992e-01,-4.263268551874502266e-01,-2.637351819493177763e-01,-4.693352323786750824e-01,-2.560831107034481358e-01,-2.813583197285794979e-01,-3.104973422651053847e-02,-2.437268356752389231e-01,-5.080345889396893806e-03,-1.013956701634088388e-02,5.268100112185458359e-03,-8.207486853124207338e-02,-1.904792534876885782e-02,1.353306746482707823e-01,1.151883526984485151e-01,-4.689612956408507893e-02,-1.947847851056163371e-01,-3.285339728020634786e-01,-4.508450725616022781e-01,-4.740146255896044436e-01,-5.314080601728132791e-01,-4.384031284740789736e-01,-3.737580090755486251e-01,-4.234270172654287512e-01,-6.065500018164843299e-01,-6.168913554968213919e-01,-6.375422676661259835e-01,-6.602599105965939463e-01,-6.332197178967220452e-01,-6.375840819466123133e-01,-6.679676758876312848e-01,-7.276047727796330911e-01,-6.913474795814618101e-01,-5.363980254747038323e-01,-5.976180760965672523e-01,-7.486157554494737854e-01,-5.907569257587834688e-01,-5.700705337673692696e-01,-6.412201216753832256e-01,-6.131157644968453502e-01,-5.400898394923167034e-01,-5.606774974128868605e-01,-5.428123040493969542e-01,-4.482329023965412329e-01,-6.458201793042387395e-01,-4.954525928690506342e-01,-6.080262093057311468e-01,-5.528114868785901637e-01,-5.645034900147442025e-01,-5.893063745175837198e-01,-5.601742888894264416e-01,-5.367158435134704586e-01,-6.105227629276360757e-01,-6.396848048325567415e-01,-4.799175753689170487e-01,-6.100812772453728661e-01,-3.529695896612114470e-01,-5.158675785047053264e-01,-3.919045876631025993e-01,-5.080234855771390556e-01,-5.243563601427831955e-01,-3.265825517507525144e-01,-4.338256528705733972e-01
-7.954391863297246568e-01,-7.859389258121757260e-01,-7.537144706926177662e-01,-7.471722378435802225e-01,-7.593926359305697149e-01,-7.375917807178290486e-01,-7.227834025980979238e-01,-6.524872359159279434e-01,-6.850781573924409340e-01,-6.459009764039947976e-01,-7.123034402184716951e-01,-5.371119416108656175e-01,-6.005548636542283880e-01,-5.115867935022810897e-01,-4.709397375123633989e-01,-5.463656767345818066e-01,-4.611388113858347904e-01,-4.832151003278964962e-01,-3.612558920407450413e-01,-4.149641189122632579e-01,-3.056680925370752200e-01,-2.908429789005493316e-01,-3.049379523182223495e-01,-3.480182552278873187e-01,-2.911133864585613296e-01,-1.949380688292328412e-01,-5.477972672828386458e-02,1.406762989250478213e-01,-3.349583803030644485e-02,6.269625929441138834e-02,-2.726125626472790126e-03,1.220195033585732159e-03,-1.264655643570106874e-02,2.989251908677301520e-02,-2.473976980528935776e-01,-4.538627446948145794e-01,-4.070926476361930724e-01,-4.633684711811312251e-01,-4.293353250424788992e-01,-4.492241723043668977e-01,-4.797485760132235710e-01,-4.672102195893204635e-01,-4.282522236301300467e-01,-6.102469702054009737e-01,-6.721070454095474656e-01,-5.972820426957952122e-01,-6.411394486927278757e-01,-6.122749130282664209e-01,-6.468664796031475817e-01,-5.603547617462063535e-01,-7.769884273402584141e-01,-6.429496230606568385e-01,-7.269240861538391885e-01,-6.167716938483933653e-01,-6.279772056059282903e-01,-5.629544012732913272e-01,-6.678507303706190390e-01,-6.968596969229200466e-01,-7.454337614507829946e-01,-6.073312419508939408e-01,-5.721578683423106382e-01,-5.319235937918224133e-01,-6.397315639576015567e-01,-5.305590433853466514e-01,-6.020583877092812175e-01,-6.392530737052499745e-01,-4.177261441436151412e-01,-4.046892649499719274e-01,-5.919764685137479665e-01,-6.307326628035594407e-01,-4.487976562567206340e-01,-4.517989965121647078e-01,-4.888031114935771360e-01,-3.690823589987587416e-01,-3.984063424970653022e-01,-4.592240387519109790e-01,-5.056836586492217123e-01,-5.260301343612695524e-01,-3.869476840229827408e-01,-5.268766068936340252e-01
-7.916421873502762496e-01,-7.485547056055257276e-01,-7.465652287988877589e-01,-7.769274760300877158e-01,-7.988940882612886041e-01,-7.130323555958685278e-01,-7.308722588544722676e-01,-7.166676657972684827e-01,-6.828616196071909394e-01,-6.809953248315007146e-01,-6.283573980106876844e-01,-6.198522586985079075e-01,-5.927251904207999633e-01,-5.233356931666752754e-01,-5.073487431560060879e-01,-6.255582002776624018e-01,-5.955136673887886367e-01,-4.758407728802004355e-01,-3.255071294828361661e-01,-2.805077285036932100e-01,-5.076536262910892328e-01,-2.507762937725099839e-01,-1.924811743515659479e-01,-2.989863329066077546e-01,-7.447832248595991078e-02,-1.990168830520525067e-01,-3.547472521518826166e-02,1.141658848651818346e-02,-1.599780727518490542e-01,-6.602624034555429344e-02,1.964408536241909684e-02,1.344318051116018264e-01,5.247119957989462152e-02,-5.830464662686671296e-02,9.662961924392575452e-02,3.630814832242112294e-02,-2.033674583347070686e-01,-3.821859298651640868e-01,-3.958862792926101104e-01,-4.847049088971626674e-01,-4.699447585820986095e-01,-4.630879851765772326e-01,-4.664876881893661453e-01,-5.213427680012087118e-01,-5.522993498757154951e-01,-5.869703304152537049e-01,-6.474778667794288678e-01,-5.932477820617046982e-01,-5.219316604706547569e-01,-6.237824325848967399e-01,-6.279261803653145568e-01,-7.528238769287830534e-01,-5.672738390436541378e-01,-6.750544702808450870e-01,-6.203727207535071342e-01,-5.641247038539509706e-01,-6.853123729462197167e-01,-5.822693039829880401e-01,-5.692447775177494895e-01,-6.007863962323989337e-01,-6.657651198325021946e-01,-5.666034091701785957e-01,-6.004649300182590688e-01,-6.765366977418367789e-01,-4.737499656995699526e-01,-5.716047975345123211e-01,-4.837902067579832877e-01,-4.420210249098346922e-01,-4.878207125437208913e-01,-5.702897077351607447e-01,-4.297176493054959412e-01,-4.397372704355894113e-01,-6.208754645789902327e-01,-5.510514851805546899e-01,-5.452243241604978197e-01,-5.086877012597701420e-01,-5.965671495278584979e-01,-4.340710303037137452e-01,-5.413337790849851450e-01,-4.018093856071060510e-01
-7.806686858728910661e-01,-7.819528526890843212e-01,-7.639190912732101157e-01,-8.107622043721792737e-01,-7.771728929669908803e-01,-7.289663864440480978e-01,-7.411250793050556673e-01,-6.328705514260755116e-01,-7.033488095695760167e-01,-6.104203974275949074e-01,-6.217783347895586843e-01,-6.309437767992451818e-01,-5.891634170461208519e-01,-5.434248894562406784e-01,-4.513157703032780188e-01,-5.937365483320351522e-01,-5.043301467794647497e-01,-4.467794479079166825e-01,-3.597209262508550554e-01,-4.065182206178225011e-01,-3.403928337398672843e-01,-4.159031883103869176e-01,-2.419519636818075747e-01,-3.318912488580870734e-01,-2.205057128773336705e-01,-1.983279384923345712e-01,-9.939993656789145038e-02,-1.812600172359618012e-01,-2.262209444834653860e-01,-1.369469630608398381e-01,-2.791020359001570098e-02,-1.529386206986123042e-01,9.289546640536201771e-02,1.305699078451331152e-01,1.078109456688804979e-01,-8.914767640924950443e-02,-5.678105006480938660e-02,-7.768852665782656486e-02,-3.620686693183151617e-01,-3.797366591160858396e-01,-4.410953052661197860e-01,-4.560413460763124704e-01,-3.498504177495543876e-01,-4.967461238447014038e-01,-4.424334122009389025e-01,-5.511259055862535172e-01,-5.588445639032302292e-01,-5.521046676207972403e-01,-6.102060649356190192e-01,-7.222209504928468471e-01,-6.873852715787485135e-01,-6.535388941000003227e-01,-6.046810394794915888e-01,-7.030084739543678296e-01,-6.064802847782915229e-01,-6.173619931495363256e-01,-6.584585362429568045e-01,-6.875118924651586472e-01,-6.335742688046808180e-01,-6.612495252495992348e-01,-5.786214712469966992e-01,-5.180310885297444434e-01,-4.893751507638242626e-01,-7.103884107847733276e-01,-5.815550271147532646e-01,-4.881455022050931736e-01,-6.744071962913152918e-01,-5.347353023266805394e-01,-5.620012048754206013e-01,-5.403564596479919491e-01,-5.138055220778970922e-01,-5.183351916500927858e-01,-4.950512052437913146e-01,-5.781112875903783310e-01,-5.421266692110346952e-01,-4.610547687057586219e-01,-5.394774337217724813e-01,-5.368631699751917896e-01,-5.018902173325003879e-01,-3.469970335265200045e-01
-8.016969769434522108e-01,-7.913879966140450195e-01,-7.652297530465109743e-01,-7.903898384512542119e-01,-7.549529997249779800e-01,-7.870683741426884872e-01,-7.384846795815186438e-01,-6.794003960054147973e-01,-6.579624314524300521e-01,-7.393260773415675224e-01,-6.929247121155024391e-01,-6.974236556107799023e-01,-6.972602257451058216e-01,-6.086659642682570315e-01,-5.012502923381076947e-01,-4.237681569740373022e-01,-2.964004883152891456e-01,-4.480145689813423981e-01,-5.762762105591199280e-01,-4.447655714496251411e-01,-5.157229076483914598e-01,-4.381488940873964899e-01,-2.242123024263529274e-01,-2.423620892412796102e-01,-3.633062183766486708e-01,-1.965293724050484192e-01,-1.682687970702025082e-01,-1.418351830121196699e-01,-2.764977052127309265e-01,-1.965494749070694769e-01,-1.561209963932530809e-01,-1.598022730325763530e-01,2.769846382342752156e-01,-2.524599068132674096e-01,4.026846852529280402e-02,2.296172216861202403e-02,1.592883682301491632e-01,-1.032163452735281595e-01,-5.536894022538463994e-02,-3.774341312912227742e-01,-4.279785800992655931e-01,-5.281715071821535545e-01,-4.597650930963482763e-01,-3.939141634884996135e-01,-4.471268534284490448e-01,-4.201332312441029559e-01,-4.981164369563819694e-01,-5.739671561017873902e-01,-5.410866861578749187e-01,-5.095618159383871193e-01,-6.433390879153251252e-01,-5.991792532388268144e-01,-6.278471773666900457e-01,-6.525404695644533293e-01,-6.653178000742330234e-01,-6.600204392296639133e-01,-6.608270569697654029e-01,-5.316821438839927083e-01,-6.573497715083730375e-01,-6.398742294132901964e-01,-7.219088910536454184e-01,-5.413525596719993560e-01,-6.737823146043077083e-01,-6.299566703603596274e-01,-6.998621816433859832e-01,-6.111978578811130269e-01,-5.943755887042923014e-01,-5.953744131342085799e-01,-6.548965352157080089e-01,-5.843222251104635001e-01,-5.698801468078407151e-01,-4.682838673013154929e-01,-4.056617505300760262e-01,-6.349210766838293551e-01,-6.141313220108332027e-01,-5.191608103159919274e-01,-5.407808688592193880e-01,-5.019777959747371288e-01,-5.421350056569075315e-01,-5.519083329834805207e-01
-7.807106197999140740e-01,-7.538595957350529009e-01,-7.787150077279438865e-01,-7.478591560987134512e-01,-7.368002506086568371e-01,-7.503346460349590297e-01,-7.463753506904263757e-01,-7.541621092852393016e-01,-6.742307369531225225e-01,-6.221440283741414001e-01,-7.056207851789272345e-01,-6.334052561437804041e-01,-6.278150597177961645e-01,-5.796406598336909521e-01,-6.192124550834109398e-01,-5.572308766743688802e-01,-4.108023098157534969e-01,-5.487561176789567119e-01,-3.492709492437816587e-01,-4.261764220113387625e-01,-3.181108463323782387e-01,-5.626953789550804830e-01,-3.526896480774394660e-01,-4.845982438020556837e-01,-3.907967244340774804e-01,-1.090955492042978286e-01,-1.706114353728279687e-01,-4.595113221952699945e-02,-1.249124804166777819e-01,-1.878027142631866486e-01,-2.740419225360775091e-01,-3.457222502005842246e-01,-5.813853372046265400e-02,2.262842264366678180e-02,-1.520343553040653106e-01,3.038107657636363382e-02,-1.020387362702699363e-01,3.208297948015522566e-02,3.470993580534053463e-02,-1.427242300438704148e-01,-2.851863559598079578e-01,-3.254731520160464298e-01,-2.316338708662771528e-01,-5.522059514104630251e-01,-3.871548985853797142e-01,-4.664166751973430891e-01,-3.417914867368773701e-01,-3.862574330728567040e-01,-3.576497175716213395e-01,-4.941813106997317018e-01,-5.514188727215080243e-01,-5.888663660876060080e-01,-6.622420888220452717e-01,-4.794782824033149149e-01,-6.530485825191642002e-01,-7.343265858156127202e-01,-6.728955544136714373e-01,-7.108413786866768502e-01,-8.112496438981123825e-01,-6.925145104693354314e-01,-6.597175762872774518e-01,-6.277039072899169847e-01,-5.657264888808400949e-01,-6.782513440314460462e-01,-6.060068041236097436e-01,-5.831210069094154846e-01,-5.603288125859754443e-01,-5.161775340024401526e-01,-6.121764702422807236e-01,-6.390208533580143957e-01,-5.877671948620322162e-01,-6.153131684732501272e-01,-4.973250102225174607e-01,-4.720126999328110862e-01,-5.806898832256375265e-01,-5.017080778687174059e-01,-5.248968897504223685e-01,-6.287912977641332279e-01,-4.543270200542758319e-01,-5.689815537123757982e-01
-7.983801095778668699e-01,-8.059687329657500010e-01,-7.766085117042130781e-01,-7.784543181784565613e-01,-8.274034127163194530e-01,-7.418992567147759676e-01,-7.166869289517610042e-01,-7.517169315351279746e-01,-7.290294511078995177e-01,-6.746841288939073866e-01,-6.148487740625846465e-01,-6.222253536879246427e-01,-5.967809172631649561e-01,-5.684985275240246327e-01,-6.627001582129536938e-01,-5.739767037269702943e-01,-5.648852202948934087e-01,-5.108631094251395721e-01,-4.105936152396745253e-01,-4.734157891823919106e-01,-5.583700165996340337e-01,-3.675689008792139001e-01,-4.884577978647101637e-01,-4.042994848938356034e-01,-2.829010132294528246e-01,-2.139536872673104828e-01,-2.248243561657855827e-01,-2.254521344842347064e-01,-3.691532407852803899e-01,-1.973754430272205151e-01,-6.905774250606201703e-02,5.553713735095511944e-02,-8.148579355234933375e-02,-9.848627935975470815e-02,-1.107276158767294821e-01,4.798307558014665297e-02,-1.032591042839389878e-01,1.529730659007343674e-01,-6.084591580695478986e-03,8.497537788625732225e-02,-1.365150896762298005e-01,-3.625795434776833415e-01,-3.739902188836496388e-01,-3.650151603952876411e-01,-3.398248324941175458e-01,-3.370069599616007383e-01,-4.581546138257215350e-01,-4.479231866215186986e-01,-4.784495252669522802e-01,-4.244947600940575105e-01,-5.150306601650803673e-01,-5.840259923537587383e-01,-6.400926071036364684e-01,-6.810651471227625597e-01,-6.377254265415274181e-01,-6.384877794339395285e-01,-7.088035470753371037e-01,-6.610349087477922492e-01,-6.105117616394530877e-01,-6.457073020355863502e-01,-6.957942429775756388e-01,-6.421834626927633849e-01,-7.463968205619775365e-01,-5.272687420311311657e-01,-7.636773299588326402e-01,-6.148945337831469571e-01,-5.909138409199551356e-01,-5.821905082363733053e-01,-6.282925449357583680e-01,-5.135741392277591855e-01,-7.144025090749627216e-01,-5.632485842748050642e-01,-5.164658800852518494e-01,-6.080657431289768766e-01,-6.437924354535671245e-01,-6.068335090944697585e-01,-5.277459551342957855e-01,-6.059098113147759479e-01,-4.951982095583516985e-01,-6.724782925738765904e-01
-7.858792480446703532e-01,-7.963236224845575695e-01,-7.669548508417737276e-01,-8.048286708676924972e-01,-7.514072461368525024e-01,-8.038291991110845247e-01,-7.439640935934346277e-01,-7.166426794049205462e-01,-6.730823643473600182e-01,-6.064231497213069533e-01,-6.195622896106678379e-01,-7.019005976762268117e-01,-6.752033436486417628e-01,-6.321943567658093732e-01,-6.179390611523085663e-01,-6.274422354688606873e-01,-5.988359912011429476e-01,-6.409000016288933788e-01,-4.707204161930982900e-01,-4.926393743471259579e-01,-4.931830210392691982e-01,-4.096814506089028196e-01,-2.965656610214006395e-01,-4.287704072534611610e-01,-2.448570570654448608e-01,-3.244820354991025391e-01,-2.632597605258154005e-01,-1.922867863694824042e-01,-1.807400060989804713e-01,-2.269966320524829384e-01,-1.308965144816362780e-01,-1.896663512664605034e-01,-2.461663185326585235e-01,1.187248669571344395e-01,-1.083548973857497988e-01,9.297244467317836158e-02,-1.261206334231521897e-01,2.060877902505152404e-01,1.663450599871563141e-03,5.498146532425200045e-03,1.950180717737312053e-01,4.188258027373355924e-02,-1.554374951751101575e-01,-3.152485859969871296e-01,-3.329240589301794007e-01,-3.439647697456014175e-01,-4.631351613001421508e-01,-5.382514065405029635e-01,-4.323911336126684546e-01,-4.414218693977860486e-01,-4.512305501806563868e-01,-4.214517025734219047e-01,-6.051661326090490567e-01,-5.520494845848957777e-01,-5.400939107814192175e-01,-7.506384326580989308e-01,-6.882090130941368455e-01,-6.360110193755297292e-01,-6.239294844050871092e-01,-6.736406746451638616e-01,-7.590824510570638450e-01,-6.672004308592364152e-01,-7.300626175286529795e-01,-5.632940292087592615e-01,-6.793303560304589928e-01,-6.212016964597684154e-01,-6.387996605610440914e-01,-6.088669948611153959e-01,-7.173514530389136779e-01,-6.909692153785347291e-01,-5.814797549244243857e-01,-5.670387596156724053e-01,-6.171641556421095798e-01,-6.015544922571629538e-01,-5.074406494526105815e-01,-6.725227770620973988e-01,-4.476436967705049175e-01,-4.803583275733934732e-01,-4.985320225013624706e-01,-4.873857872750797515e-01
-8.236021564303221965e-01,-7.626397735904192343e-01,-7.908593839573508921e-01,-7.337726387176789489e-01,-7.049817793850372549e-01,-6.757085809071747828e-01,-7.541622832430334711e-01,-7.020633220800015506e-01,-7.389595891285514195e-01,-7.286734484151963231e-01,-6.791465683044487500e-01,-6.354767856433852780e-01,-6.799606537997411326e-01,-7.076270074363696372e-01,-5.213625683778263520e-01,-5.331384396278902038e-01,-5.929254764143244705e-01,-6.306606321898756695e-01,-4.887763806423832680e-01,-4.781490352350889483e-01,-4.867992850866157961e-01,-4.919242824876554065e-01,-2.725071110219471904e-01,-2.231625838583948807e-01,-3.694865650281094482e-01,-3.000905488860666215e-01,-2.721931940638744885e-01,-2.866497231816184099e-01,-2.205430714052944718e-01,-2.839136509681841058e-01,-3.374538671450011407e-01,-4.315612491074706514e-02,-1.976480778737304267e-01,-2.302867483154089345e-01,2.835986131008135305e-03,-8.108122394796103694e-02,-1.084276899689391900e-02,2.523042844144117725e-01,1.178286581341557587e-01,1.032951016907622116e-01,-6.431878573913083971e-03,-1.850181787810213294e-02,-2.220306895600485282e-03,2.328353624809161374e-02,-1.232562919018956177e-01,-3.335915535895417894e-01,-3.922716313756758888e-01,-3.178591389876495032e-01,-4.548087208797838565e-01,-4.656932797361321708e-01,-3.797647195633082617e-01,-4.198200486349604188e-01,-4.790089290480319950e-01,-5.065486598175155120e-01,-6.096786278372300361e-01,-6.409924577931301881e-01,-5.848391525661664758e-01,-7.041494080982098058e-01,-6.324622084357229834e-01,-5.771929292561902569e-01,-6.611012326772679470e-01,-6.636998114138170646e-01,-6.814330085711124418e-01,-7.135014213983689180e-01,-6.116615421403142072e-01,-5.339861397714181779e-01,-6.431645704829318522e-01,-5.856976402564991746e-01,-6.631748060574976789e-01,-6.634765309906356379e-01,-7.677092470751403219e-01,-5.337864251768351664e-01,-7.076619104327489529e-01,-5.081856396809597554e-01,-6.112353178919236463e-01,-5.649007362995052128e-01,-5.590935002694803480e-01,-4.979022922161921438e-01,-6.007560580386109850e-01,-6.501308433022512379e-01
-7.972497324364234972e-01,-8.017965982642729639e-01,-7.744632284715026183e-01,-7.496923373814916580e-01,-7.881620727163114459e-01,-7.992193551244030081e-01,-6.769623864409557434e-01,-6.842709252812281262e-01,-7.381022997000029617e-01,-7.802017045389695316e-01,-6.228372357785213476e-01,-7.163046226229535796e-01,-6.801955261966257105e-01,-6.786708899701331399e-01,-6.097557691786740230e-01,-5.760774651021203230e-01,-5.709900510932455209e-01,-6.053659145477821024e-01,-5.358614981879968875e-01,-3.792627533725489997e-01,-4.246339546398001930e-01,-4.790687498506310815e-01,-4.059057997427690245e-01,-3.257546722045729926e-01,-4.307209762528330654e-01,-3.217704741602277485e-01,-3.318001433915352405e-01,-2.517496842225694365e-01,-1.368127460226707393e-01,-2.913198716113004627e-01,-4.353827666078423086e-01,-2.182994998795174946e-01,-2.349594284457950377e-01,-2.006000924459705459e-01,-8.460189282612889938e-02,-2.939973975823485797e-02,-2.653221448183746278e-01,-1.043523348309173121e-01,-1.062432198286565078e-02,-1.361476913221254248e-01,-9.973784924413552078e-02,-1.349892901667076039e-01,3.764976405499509404e-02,1.302779270452506244e-01,-7.031048882907885156e-02,-2.744265779538718197e-01,-2.193380700375736070e-01,-4.045822377344013288e-01,-4.611633433287540274e-01,-4.805579918247160354e-01,-5.324712800656208334e-01,-3.810924285047925797e-01,-4.686872056436612310e-01,-3.011203842221145122e-01,-4.726861557887486742e-01,-5.156581544377607518e-01,-4.803483412854577250e-01,-5.288774039681753969e-01,-6.392177149074914633e-01,-6.686375526235326383e-01,-6.696878681394160537e-01,-6.986677775560042880e-01,-6.378807774653997287e-01,-6.671881561162414931e-01,-7.069449765995927670e-01,-5.767041336351367287e-01,-5.696461946075467297e-01,-5.645094890596206172e-01,-7.140327749033644755e-01,-6.441312553120359663e-01,-6.347613792423942858e-01,-6.318533142934619207e-01,-5.313863498349872261e-01,-6.294317534664076730e-01,-5.373635973830890311e-01,-5.835808376498461403e-01,-5.725199775723635032e-01,-6.344847764892015407e-01,-5.946876345429075172e-01,-6.975007355098592488e-01
-7.671444358158815424e-01,-7.876207592353209330e-01,-7.630200918671815602e-01,-7.454632718264654345e-01,-7.231785450506236224e-01,-7.543578240399330115e-01,-6.798530808312776008e-01,-7.603993350633952986e-01,-6.628863769150574736e-01,-7.665072596242724634e-01,-7.322578970302247026e-01,-6.707558544966095715e-01,-7.176071693756945757e-01,-6.174975889203044854e-01,-7.397775059179882984e-01,-6.313904535476465574e-01,-6.988281540742580233e-01,-6.340943923165661689e-01,-5.023855801597716386e-01,-5.074034449295512506e-01,-4.823145479483134657e-01,-3.234713533905738680e-01,-4.394504133898323728e-01,-2.165084047082746765e-01,-2.492703579785394696e-01,-2.888541649773371800e-01,-3.521508926031780007e-01,-4.314839674189480112e-01,-3.455900412363001051e-01,-4.605155789616572348e-01,-1.746906766809242229e-01,-2.132625481511285781e-01,-2.453173218056610080e-02,-2.523357003159794054e-01,-2.127761442229271216e-01,-3.594716141774691870e-02,-9.905649663293376872e-02,-1.679885041754742292e-01,-5.637906778257453788e-02,1.722477831293670394e-02,-7.316580636880615218e-02,-8.901788866814634715e-02,1.285767110103135935e-01,1.922589966439716136e-01,1.685736325338876018e-01,1.705970964935083489e-01,-7.780108692478647503e-02,-1.546574350641316542e-01,-2.615143813488304825e-01,-3.872735341611284188e-01,-5.218286743220661439e-01,-4.739887666097415964e-01,-4.689386227306310828e-01,-4.289420642019813878e-01,-5.436149257559610426e-01,-5.139978983837319992e-01,-4.267941346382707613e-01,-4.897711682274361045e-01,-6.110445662039180048e-01,-6.652405452344832826e-01,-6.513225204733905649e-01,-7.605478983608112697e-01,-5.921939961925042351e-01,-7.360318266016897537e-01,-6.649688070124777362e-01,-6.857959692033169796e-01,-6.807131852820694773e-01,-6.710811881852660754e-01,-6.809205595827382274e-01,-5.825174112686296590e-01,-6.639472934557844042e-01,-6.108985956696002528e-01,-4.985196573986888646e-01,-5.582680765209530049e-01,-6.506038674005375499e-01,-6.126170573764131433e-01,-5.369958841162369989e-01,-6.285510472524493686e-01,-6.504005659478284684e-01,-6.081177952154791511e-01
-8.161220639522319686e-01,-8.276440029750367078e-01,-7.944629550405539753e-01,-7.844247563801043377e-01,-7.865254656175344472e-01,-7.966145059913540827e-01,-7.710921334591345211e-01,-6.813434519664640643e-01,-6.358294806955705480e-01,-6.614316507370164855e-01,-7.297744935436497604e-01,-6.944750218635975525e-01,-6.373904221403076109e-01,-6.352440075171641443e-01,-5.966541953252594288e-01,-5.891109609225464450e-01,-5.210959318163788101e-01,-4.637601179483924474e-01,-4.744959869743930470e-01,-5.621142741714451052e-01,-4.136026876380605732e-01,-4.813292375695299441e-01,-4.519767104233580191e-01,-4.703914465914805776e-01,-3.439676762334434312e-01,-4.217100453189061571e-01,-3.174106422028609709e-01,-2.252458780705399177e-01,-4.139637360477264605e-01,-2.807668633993810059e-01,-9.219484073343459096e-02,-2.917624748834172221e-01,-1.620091631569973711e-01,-7.622226075387850130e-02,-1.587163628981276831e-01,-1.025174325389761748e-01,-3.178797357892983871e-02,-2.525806497176479870e-01,1.254411020967423629e-01,4.850311496876243827e-02,3.172781721942645461e-02,6.754350782698428923e-02,-1.060725600150879827e-01,-7.488260172682737088e-03,1.293016668698011018e-01,-3.522848371170197307e-02,1.154608698076356188e-01,1.101953186925356577e-02,-1.847293938210444186e-01,-3.740905581939923952e-01,-2.299970485728279057e-01,-4.450613603245378025e-01,-4.956454066833886896e-01,-4.250798138900957479e-01,-3.894008829690621121e-01,-4.195407644291105353e-01,-5.245429770407179504e-01,-4.436317704028826525e-01,-4.774551705736815310e-01,-5.538596864205005410e-01,-5.740635601888459671e-01,-5.370637699769752471e-01,-6.533264986584390588e-01,-5.119438506983002846e-01,-6.181894896029984654e-01,-6.999593596658291172e-01,-6.149078764243938178e-01,-6.465599611891590381e-01,-6.247390720758955185e-01,-6.133006092227939465e-01,-7.015424574428952287e-01,-6.438569283637385343e-01,-7.020993197697568133e-01,-7.137032554293699649e-01,-6.871311793484661257e-01,-5.634809291761960770e-01,-6.994386121145652613e-01,-5.207063456897301768e-01,-5.750389439221862409e-01,-6.359108009134180062e-01
-8.052872969458456653e-01,-7.691972855356669081e-01,-7.540581059007508413e-01,-7.699768892295568712e-01,-7.778758728389629784e-01,-7.578529844182451125e-01,-7.732899308772931413e-01,-7.440365698689911378e-01,-7.801100342735100002e-01,-7.819290287334302869e-01,-7.165412265687266524e-01,-6.669230986499740110e-01,-6.728670471767036476e-01,-6.267338756555911328e-01,-6.416214207253729818e-01,-6.326242399881372158e-01,-5.245401638932520871e-01,-5.356142613505098238e-01,-6.347068778825929458e-01,-4.766743328022863269e-01,-5.083066825623122620e-01,-4.881539265298318053e-01,-4.594654996337781960e-01,-5.361802593949456242e-01,-4.512740539867506340e-01,-4.294538665939780508e-01,-3.598820346751426813e-01,-2.463909299118842156e-01,-3.600757093496408379e-01,-3.076641011835461459e-01,-3.127341864554991080e-01,-2.984412584058926954e-01,-3.061682029617641687e-01,-4.105854677915563022e-01,-2.389635435352612525e-01,-1.110323160124383202e-01,-3.311913490860510789e-01,-6.743148411206492665e-02,-1.004230091272701186e-01,-1.818974782169531165e-02,-3.718360016817523483e-02,-8.273511868732802421e-02,-6.642755813196953019e-02,-5.946884311615682067e-02,8.647034859236710225e-02,8.486576248959472324e-02,1.123426322301966512e-01,1.590054729148124013e-01,1.544000310768936512e-01,-4.328518303975385784e-02,-8.759067465351393078e-02,-4.699192322644066278e-01,-3.912088485396659765e-01,-4.932281208294254093e-01,-4.493794268643999668e-01,-4.645453900595475361e-01,-4.364012101146805267e-01,-4.546257434321667734e-01,-4.307738586417453330e-01,-4.601139645409922374e-01,-4.943720587245811204e-01,-4.627262228614734685e-01,-6.683707492105656067e-01,-6.412209764351677332e-01,-6.515834390170681667e-01,-6.011532550428160260e-01,-6.417790328689572110e-01,-6.773664473260224694e-01,-7.064329189342409832e-01,-6.118196106348765539e-01,-6.611714912987757264e-01,-6.848873889136908311e-01,-6.171320444638630498e-01,-4.476171723751079523e-01,-7.005288172205356156e-01,-6.096500507815225678e-01,-6.908540701056602451e-01,-5.581510964978679823e-01,-5.689153511715471234e-01,-4.807725743984344602e-01
-7.469309144532367828e-01,-7.900441018418724592e-01,-7.227089508922888150e-01,-7.616268608151659514e-01,-7.648040800058871769e-01,-7.778491520404156034e-01,-7.305076451585743591e-01,-6.969891035446902361e-01,-7.558073437655576932e-01,-6.805736063925711399e-01,-7.126651017520622133e-01,-6.719902720719446165e-01,-5.914618033505925077e-01,-6.494571434653931830e-01,-6.615819992155890228e-01,-6.601865913589789470e-01,-5.709692167760607173e-01,-4.787803750224667310e-01,-4.742267636353998950e-01,-6.026384346544565451e-01,-4.756635084411595105e-01,-5.940992122360003735e-01,-4.693239449896339788e-01,-5.554880205828578443e-01,-3.999177195248755923e-01,-3.622576996146275041e-01,-3.820585597080804474e-01,-3.258330435301042827e-01,-3.849878861401402341e-01,-4.217327346531402066e-01,-2.996312044170768019e-01,-2.215255903132937187e-01,-3.539107597879578293e-01,-2.873103448312356312e-01,-2.008893858214213235e-01,-3.577415609294372079e-01,-1.269949614190028220e-01,-1.696722960881645870e-01,-1.288974378898384288e-01,-2.026591083683819128e-01,-1.771600125962912720e-01,-7.046022694656092766e-02,6.120431034043678081e-02,2.372574361587900110e-02,-4.051897530673952835e-02,1.061977721710296967e-02,-7.065149168913409383e-02,2.069801923489948681e-01,5.722176982925283872e-02,-1.415870971481392182e-01,-7.535711582081019988e-02,-3.162260275846651841e-02,-3.375563522498380431e-01,-4.646938075051224026e-01,-3.871497587729513801e-01,-4.080820221012892435e-01,-4.026694516610766494e-01,-3.759230941842605089e-01,-4.701228903233370393e-01,-4.269611769251759337e-01,-5.378752533734417751e-01,-4.688303827789336853e-01,-4.985024105178585407e-01,-4.350746502237576863e-01,-6.092905540317227198e-01,-5.760425614328236188e-01,-5.998523769504935377e-01,-7.392679505960273456e-01,-5.270574289067051499e-01,-6.988340283709818523e-01,-6.302953877216060929e-01,-6.591716994517625716e-01,-6.777965725476586822e-01,-6.555257954433552081e-01,-6.446443398474349662e-01,-6.702176778133596136e-01,-7.070236396570408477e-01,-6.932231940923565539e-01,-7.853222357530467157e-01,-6.503580260654260314e-01
-7.672502506472202999e-01,-7.809010077117637394e-01,-7.968265093967222823e-01,-7.826290583956109215e-01,-8.086070390863411284e-01,-7.437515851507382481e-01,-7.733038202306220521e-01,-7.303723209615369250e-01,-7.642519828619873667e-01,-6.974129859683479982e-01,-6.659642074606331175e-01,-6.567823216233331651e-01,-6.888110826083045923e-01,-6.280599466142370302e-01,-7.260073854989876896e-01,-6.958559165897482135e-01,-6.825808152744772261e-01,-5.318562803385054050e-01,-5.592641473097612614e-01,-5.693777287976795609e-01,-5.566227121218478846e-01,-5.213078961936250533e-01,-4.642354037139247991e-01,-3.905359269167713587e-01,-4.190668410556816492e-01,-4.710017568021334644e-01,-4.341431838867472748e-01,-4.871122728267333057e-01,-3.115055352439086156e-01,-3.741443426398760042e-01,-3.328500367048083941e-01,-3.565692585338288145e-01,-4.268346554616422872e-01,-1.404153553179048886e-01,-2.202112084061684238e-01,-1.128755268609327733e-01,-2.729772411988491410e-01,-1.691795092849336379e-01,-1.170356289603837439e-03,-1.529028482253837751e-01,-2.615612497876727144e-02,-2.063069967192641685e-01,1.845164097877493303e-01,-2.614258116934435883e-01,-7.601427782937662803e-02,1.219068465345264640e-01,1.101552556694584128e-01,-1.191054201663704626e-01,-9.024167673105952525e-02,3.161053445531371575e-01,7.457698635137485765e-02,-8.000194134340422869e-02,-5.048014851230916457e-03,-3.705317223872819365e-01,-4.212594054468706828e-01,-4.366156921058726437e-01,-3.780244959438343599e-01,-5.124964802902709504e-01,-5.135648012468644330e-01,-4.251452801121170522e-01,-3.821596994642713074e-01,-4.424271978035048680e-01,-3.844501670444326891e-01,-5.205002495468068480e-01,-6.130300494864237004e-01,-5.669825313165883784e-01,-5.628598539333489192e-01,-6.373081760726406753e-01,-5.882629678927295824e-01,-6.436115570541404152e-01,-6.635462887041548852e-01,-6.910419744038256429e-01,-5.809003199816296092e-01,-6.632656504940784847e-01,-6.262437968960290480e-01,-6.097999749540032877e-01,-7.236973138070683653e-01,-7.410198342298850438e-01,-5.985585609222489056e-01,-6.579593074713608880e-01
-7.869743290680222270e-01,-7.830130756503149714e-01,-8.161064932038442077e-01,-8.019465971903468882e-01,-7.863036145121012899e-01,-8.157823495211491416e-01,-7.254431931285242330e-01,-7.415729394120910145e-01,-7.476459768866553501e-01,-7.560018527815981493e-01,-6.605615847272120478e-01,-7.133160617911430412e-01,-6.834169820583914090e-01,-6.680961792702136970e-01,-6.138265420192254851e-01,-7.194723439264797404e-01,-6.714266408911410133e-01,-5.134374462494719626e-01,-5.740665644459951311e-01,-6.743560806302646427e-01,-5.839723884799855602e-01,-6.094895130550115336e-01,-4.009892933127207626e-01,-4.584933649858467519e-01,-5.584801827679691799e-01,-4.325634709028325364e-01,-3.949628561396064663e-01,-3.932390347475074321e-01,-2.714484398201179594e-01,-4.434131893345505948e-01,-3.891547088635212148e-01,-3.036440268263941866e-01,-2.526293797480652636e-01,-3.537074089682946121e-01,-1.721127725566572453e-01,-9.767427647727282281e-02,-2.568059573460162448e-01,-1.624381506603490566e-01,-2.388271675831082075e-01,-2.207980181461084435e-01,-3.115485252243278130e-02,-1.290022623140616165e-01,-1.672567703830938335e-01,3.816832157160358896e-02,-4.903085682629693132e-02,4.951288834339113293e-02,-3.050145870405742560e-02,-1.196685012945873997e-02,1.340884256044022060e-01,1.650252207622246794e-02,9.742133090914778526e-02,8.362743664953529998e-02,1.033216778250154178e-01,6.906115271113515142e-02,-2.628665699206580997e-01,-4.233650833067464370e-01,-4.595071944390784480e-01,-4.417380834313065496e-01,-4.316218597276559321e-01,-5.725935023785105882e-01,-4.507004064785594677e-01,-5.287580342512585574e-01,-4.126977253294939474e-01,-3.502444388229065675e-01,-5.307236911438226734e-01,-3.577653527967686875e-01,-5.743125771332847629e-01,-6.266135748347478884e-01,-6.317987319698492588e-01,-6.711439212877622351e-01,-5.826289093952791154e-01,-7.493965956900049408e-01,-6.527313379157286821e-01,-6.070562760400159963e-01,-7.353748356113793960e-01,-6.529048572944482487e-01,-7.094001873331216013e-01,-6.616070375264375691e-01,-6.554223759329703691e-01,-6.465163046509407874e-01
-7.873618768426897674e-01,-7.853373713735669615e-01,-8.077614342777151846e-01,-7.866480624584217818e-01,-7.970429885504191070e-01,-7.416453648160872270e-01,-7.629914826603869660e-01,-7.972395332380612931e-01,-7.796855661590462727e-01,-6.607931396527103596e-01,-6.649712908404311618e-01,-6.963742418603930950e-01,-7.214826494888836317e-01,-7.688774215140502521e-01,-7.622523036278819886e-01,-5.961148766857820025e-01,-6.237097821266884834e-01,-6.229972625202209180e-01,-5.811313427592074143e-01,-5.796521251615602832e-01,-5.821372010784384710e-01,-7.035320956708021045e-01,-4.577325547518537596e-01,-5.924660860007049390e-01,-4.538286842415610312e-01,-4.638315068929822482e-01,-6.418398168498762324e-01,-3.463687394074884129e-01,-4.588105893198731744e-01,-4.581261770126531241e-01,-4.955985206810041288e-01,-2.884074896313490455e-01,-3.347688257396951306e-01,-2.122864117876689383e-01,-2.093395998415790715e-01,-3.257647485132804110e-01,-3.553228969229275669e-01,-3.005453042988150969e-01,-4.735779417819353798e-02,-2.613652754371879050e-01,-1.237097058683469392e-01,-2.408582231620863545e-01,4.047472721921039490e-02,-2.953154747521340440e-01,-1.188842336386138343e-01,-1.765541952875014642e-02,-1.151126605442514828e-01,3.556160989671847822e-02,9.487456558913033577e-02,-1.043625065811369795e-01,9.169776577625329828e-02,1.756601233468441658e-01,1.467825290988860054e-01,8.428704189504930555e-02,-9.300176600637578839e-02,-1.199724458701862118e-01,-2.863184829376199114e-01,-3.233796181696960148e-01,-3.456118512163967038e-01,-5.021922565174155029e-01,-4.449716722202376462e-01,-4.718421790728509202e-01,-3.983101311546825563e-01,-5.310897097265147027e-01,-3.713917350318997057e-01,-3.781065304981479636e-01,-4.662553306710173762e-01,-5.624163370518124871e-01,-6.330058692983364654e-01,-5.166850417635890924e-01,-5.757151964347045903e-01,-6.384139305166105505e-01,-5.160537113647544194e-01,-6.547209861490332905e-01,-5.775901020200781000e-01,-6.655259008449732061e-01,-7.475213115558251298e-01,-6.678678129629900262e-01,-6.531528069196457231e-01,-6.349329835379393661e-01
-8.095917103317571417e-01,-7.822627877971289889e-01,-7.830532288396286900e-01,-8.033283583617136792e-01,-7.741759359478467273e-01,-7.794467570121895728e-01,-7.338372212396798711e-01,-7.584354597767088979e-01,-7.750666992842381031e-01,-7.615132432048909994e-01,-7.809548673865939206e-01,-6.666207190428401486e-01,-6.686969144616123906e-01,-7.565308514334820877e-01,-7.044850352780829272e-01,-6.570035410981832635e-01,-6.048106087816521592e-01,-6.855246111275475895e-01,-6.817354306861125313e-01,-6.320934452287352290e-01,-5.154706740619073857e-01,-6.671425460100539606e-01,-5.778267617011375590e-01,-4.968621140296882732e-01,-4.282057517568498284e-01,-4.882288131116723773e-01,-3.749338063356661421e-01,-5.288397967549526291e-01,-4.615539666084856329e-01,-3.216646698141058525e-01,-2.661628436064117920e-01,-2.014324542103730908e-01,-4.164383141105986175e-01,-3.490131196998965124e-01,-4.610412903255067807e-01,-2.776329685028743333e-01,-1.680608746121424468e-01,-3.492305685952560301e-01,-2.959020210216225522e-01,3.763331983863866387e-02,-2.309632959754795989e-01,-2.168975555702800512e-02,-8.595074302738590910e-02,-3.706751547300114746e-02,-8.207983496089256426e-02,-8.624164803503078791e-02,1.583843182584893094e-01,-6.156623782614849966e-02,-2.768059525680779398e-01,8.311509156265571574e-02,2.816635179558207164e-02,1.764989925319190300e-01,2.389680200740058047e-01,-3.478942474273132718e-02,2.767694607000862339e-01,7.046616440534926584e-02,-1.393910644521340614e-01,-2.598946132170624757e-01,-3.712134726635359927e-01,-2.843943734791470890e-01,-5.189363733020297964e-01,-4.311697149194660961e-01,-2.619360710943675064e-01,-4.231538732715153239e-01,-4.070100412031767978e-01,-4.968504784207164460e-01,-5.017184181712922575e-01,-4.501341661045061282e-01,-4.732689511719510023e-01,-4.691463116255120691e-01,-6.442008131270892113e-01,-5.340480549605131078e-01,-6.631221610976617553e-01,-6.132445040059619767e-01,-7.460211496306291545e-01,-6.769834234352009039e-01,-5.816278188505545899e-01,-6.350239601612669427e-01,-6.984977932779969922e-01,-7.078875585221811040e-01
-8.365201647947306807e-01,-7.887253023562216248e-01,-7.603624061585850802e-01,-7.707161690349463301e-01,-7.612624105462376667e-01,-7.575289675770907616e-01,-7.678920330138847561e-01,-7.596290410297160678e-01,-7.481312405098761165e-01,-7.175213021246874545e-01,-7.219758826291544640e-01,-7.219657915551689342e-01,-6.626341412410784448e-01,-6.259625475892389712e-01,-7.388382480554465115e-01,-6.824959903588208032e-01,-7.044985640576952868e-01,-5.922920697058436934e-01,-6.857319714590819348e-01,-6.532510490837720729e-01,-6.236024822030755699e-01,-5.533374345602647404e-01,-4.080711090177721045e-01,-6.706836890246975491e-01,-4.950569929543708336e-01,-5.462317177078460650e-01,-4.106166624423938094e-01,-4.677734687937736835e-01,-4.902102000041692054e-01,-4.500302671733453219e-01,-3.385627907205810416e-01,-3.572930040714234479e-01,-3.960023008869222871e-01,-1.850320588431014213e-01,-3.492368752164968226e-01,-3.444339732994594616e-01,-2.507553609779236692e-01,-2.018800207029993188e-01,-2.010243862669122139e-01,-3.790588322922476272e-01,-1.288204499633152644e-01,-2.106872356319099415e-01,-1.395518952414824543e-01,-1.150582112758954251e-01,-3.112812267763381477e-02,-2.083548993267571314e-01,-5.691197048694093125e-02,-1.289658514981586179e-01,2.301114599967552313e-02,1.622653301189792563e-01,4.051771359523185373e-02,6.135108677398782434e-02,-9.162413702096378065e-02,2.675317598505429495e-01,2.184440201224885081e-01,1.398620167055657573e-02,-1.624483700817112575e-01,-1.829828256734216119e-01,-9.600920140936078373e-02,-3.371246930518141394e-01,-4.869717276990731536e-01,-4.362215775216751745e-01,-4.408380853019466250e-01,-4.912519100856414522e-01,-4.847480142389966606e-01,-4.992025511708473307e-01,-4.947916878693509046e-01,-4.675904689328211350e-01,-4.523643557282669425e-01,-5.223370106132327884e-01,-4.620132421062793093e-01,-5.796718028076237594e-01,-6.548528738907950508e-01,-5.356887516707633523e-01,-6.221905304133427128e-01,-4.919106258772245610e-01,-6.582395185946198213e-01,-6.938067139867371003e-01,-6.220972320282583956e-01,-7.138297239792777971e-01
-7.980258870296939033e-01,-7.979565929440063377e-01,-8.362358586727067777e-01,-7.772228401730626457e-01,-8.047251262182638643e-01,-7.570285434989802997e-01,-7.751439614253231580e-01,-7.680418548109960719e-01,-7.508841905454612942e-01,-7.310357670678997444e-01,-6.548968639356085308e-01,-6.902820148642399012e-01,-6.851006870961711126e-01,-7.262866930886724415e-01,-6.512151547531590534e-01,-6.452100779529345020e-01,-6.124382634151928073e-01,-6.380845232985712379e-01,-6.131683583822998829e-01,-6.106135655665254625e-01,-6.108233746117341934e-01,-6.198555202394343544e-01,-6.262363848888130580e-01,-4.766695513703860798e-01,-5.425360415516728985e-01,-5.141319214039518082e-01,-3.147611220664308651e-01,-4.596499734693775818e-01,-4.620389951470626477e-01,-5.451085115586487007e-01,-4.779084892791037875e-01,-3.594552160404622665e-01,-3.305671697961207189e-01,-3.645737498103344687e-01,-5.317062354466360885e-01,-3.320536266032156347e-01,-3.175126068810266156e-01,-3.119593508004622762e-01,-2.984606812689511446e-01,-2.097079847236632821e-01,-3.536433990592099397e-01,-1.111166620198024008e-01,-1.854818728123017180e-01,-2.719657955624180667e-01,-1.684330547888847063e-01,-2.002584916213183963e-01,-7.866640774427940963e-02,-6.006546279997456578e-02,-4.437331967608057481e-02,-4.485246636473611687e-02,5.598509782558516029e-03,4.290840008390044841e-02,-1.131380528469254354e-01,8.068344131185341273e-02,3.143069028832095463e-02,-1.625560676244787173e-01,5.051241318733389052e-02,3.884650262402236653e-02,3.922209270192908437e-02,-2.014775127504508379e-01,-2.279384445799183534e-01,-2.670966810876963526e-01,-4.796070471522099754e-01,-3.757257225341721907e-01,-3.713051784101021879e-01,-4.450319349170663297e-01,-4.226695644632133542e-01,-4.120311937390542800e-01,-4.385123301195051337e-01,-4.996160395256049602e-01,-3.786327068808023055e-01,-5.198949908842243062e-01,-5.058481133988368406e-01,-6.193507029926839103e-01,-5.941166271826548995e-01,-5.687101132004404036e-01,-6.764839177330963516e-01,-6.335421247287170710e-01,-6.199073097395533249e-01,-6.106414402722315504e-01
-7.801212065083688030e-01,-7.758866104885232540e-01,-7.714677443214307262e-01,-7.728776805012523843e-01,-7.970994442851095929e-01,-7.899479563426042850e-01,-7.690794269433921526e-01,-7.554728599586630899e-01,-7.320950678390371058e-01,-7.606967011716317950e-01,-7.257973766699691298e-01,-7.516043415827569074e-01,-7.363624255043517142e-01,-7.578661263115035185e-01,-6.473011965958749281e-01,-6.828468179223112777e-01,-6.684868632839866542e-01,-6.454382123669115678e-01,-6.074378881016545551e-01,-6.444957720767756637e-01,-5.847005641601384918e-01,-5.649793479721110234e-01,-6.230594081552537356e-01,-5.941289130034400623e-01,-6.358334280030054630e-01,-5.347201637914663630e-01,-4.707444616432955864e-01,-4.350724748626767502e-01,-4.284111264056351676e-01,-4.523788094357015788e-01,-5.589355698414620877e-01,-3.260725447081693207e-01,-3.748299352009669128e-01,-3.607045528038945736e-01,-4.410654568024324762e-01,-4.126354680293136123e-01,-3.086944387903196030e-01,-3.867041509594120186e-01,-2.613697037408477253e-01,-2.424392469916159809e-01,-3.106850160331660615e-01,-2.236770902220369117e-01,-2.638488070442619460e-01,-1.623501455352783507e-01,-1.125326904393976063e-01,-1.380483618428156867e-01,-1.767413987614912529e-01,-8.534321181774781606e-02,-6.230252125853628226e-02,-8.800675909844266065e-02,1.505861300691489768e-01,1.247071828512126695e-01,2.335095523315303470e-02,-2.128362449918739380e-02,9.904683742338618591e-02,7.831813397902309681e-02,-5.252941219390574318e-02,7.321354856043470194e-02,-1.093711087023234267e-02,-6.361496875447725241e-02,5.845227910440364827e-02,-2.985206252674173499e-01,-3.837846595071781053e-01,-4.250530451695827550e-01,-4.734693361070348994e-01,-4.264461764774227226e-01,-4.231319616489629953e-01,-3.571799281940523652e-01,-3.935772512797185430e-01,-4.419857817235854358e-01,-4.356039970314579124e-01,-3.511983184763181054e-01,-3.870247724684163226e-01,-5.001181164061903051e-01,-5.917569446026533786e-01,-5.157748576127726414e-01,-6.080060401717762852e-01,-6.071795997194712191e-01,-6.026603465183573149e-01,-6.355196746248468198e-01
-8.025060689182371698e-01,-7.775827689376654250e-01,-7.992773016815373222e-01,-7.980910157194821553e-01,-7.751044728736196099e-01,-7.892681232675730074e-01,-8.110695425771208278e-01,-7.614083551925645565e-01,-7.609104606936004656e-01,-7.977870779354599984e-01,-7.346121161559184820e-01,-7.144464498274231135e-01,-6.788630903121902760e-01,-6.738391083144931182e-01,-6.456078612092802649e-01,-6.517979595994535247e-01,-7.199989140931302156e-01,-5.988903943785859330e-01,-7.249883223779046704e-01,-6.049425298135043816e-01,-4.940933475464203695e-01,-4.757317576771424306e-01,-5.685835310844055135e-01,-6.136835539080982560e-01,-5.451150514606527553e-01,-4.416558865947741719e-01,-4.595323261098896994e-01,-4.755191998363381134e-01,-4.657262987989226333e-01,-5.510476504937490416e-01,-3.823663272337282093e-01,-5.384013377768465114e-01,-3.928387659841161561e-01,-3.645941460457531869e-01,-3.527314730447447810e-01,-3.147201290771292070e-01,-2.888429076289687480e-01,-4.389021705358863712e-01,-2.160690987105179928e-01,-1.013391374894011265e-01,-3.246451279853796446e-01,-3.461199859897542419e-01,-1.511746537354116682e-01,-2.867769418703315365e-01,-1.653374440236977660e-01,-1.099513582865693506e-01,-7.374551816586834285e-02,-3.107527425470033577e-01,-9.837898610305909064e-02,-1.982518060793354853e-01,-1.302948462990435596e-01,-1.445382729040224079e-01,5.462220366370528629e-02,-1.577751465167399336e-01,1.366804953177123416e-01,1.759060373855756698e-01,1.317926558373890555e-01,-3.015442263619355981e-02,2.354261173668877397e-02,1.925113998041520225e-01,1.087795902406709231e-01,-1.580344849144227626e-01,-1.676537141461938163e-01,-2.126554513784553457e-01,-3.861902248725634368e-01,-4.543140800574659854e-01,-4.182819955235025366e-01,-4.766967092770471037e-01,-5.226470309046770124e-01,-3.937111320912399792e-01,-5.124910726344896750e-01,-4.971813655909196328e-01,-4.307658859146406005e-01,-3.668335706990132894e-01,-5.495293208817184638e-01,-6.194932575739685587e-01,-5.874343507566365252e-01,-6.091897037884469457e-01,-6.332095471436152145e-01,-5.938658749424450267e-01
-8.082533956775794781e-01,-7.876352329215513537e-01,-7.605967045483240652e-01,-7.773257790575304194e-01,-7.755057599073514885e-01,-7.731163888307238663e-01,-7.536278015736749269e-01,-7.517687936483891109e-01,-7.645885599256564413e-01,-8.238824760582620366e-01,-7.298565183823179092e-01,-7.238884295117785639e-01,-7.182455759330248490e-01,-6.967171258448691118e-01,-7.265325553425292515e-01,-7.712719444539997138e-01,-6.854178998479469875e-01,-7.099410767629189545e-01,-6.892007952742217336e-01,-5.788200727440008242e-01,-6.048324690052574448e-01,-6.876744944491388623e-01,-5.460611476331436176e-01,-4.435987414218270919e-01,-5.203424187436336279e-01,-5.019527624106634445e-01,-5.721614380009462097e-01,-5.245022970104893378e-01,-4.548241221565539893e-01,-4.589629363784270555e-01,-5.790460174568475837e-01,-4.449715326959771122e-01,-5.129900367699796737e-01,-4.805800544711669731e-01,-3.824110895995289083e-01,-4.811047398062234248e-01,-2.973218524983200495e-01,-3.317348038640830499e-01,-2.325592608936549455e-01,-3.565744354633605395e-01,-3.141986658851550485e-01,-2.585727047904842757e-01,-2.742765227456922528e-01,-1.324887229224805119e-01,-2.979961328821689182e-01,-2.511110148633155514e-01,-9.912978663099188126e-02,-1.712506684769835863e-01,-1.161096142182003743e-01,-1.218329609652998580e-01,7.648125039707108497e-02,1.066352011081591888e-01,-1.455829389363164778e-02,1.911926942010778174e-01,5.894549652107882592e-02,1.105832638780242759e-02,-1.412443050876082962e-01,4.654676228383014709e-03,8.190227883850878521e-02,-1.328766399566712608e-01,-1.641007829154509101e-01,-4.743543701035078317e-03,-6.895564883070819107e-02,-2.848325908414051089e-01,-3.118766634650717018e-01,-3.330703698156622372e-01,-4.518904978004327222e-01,-4.163930096202155817e-01,-4.569264996945644475e-01,-4.998103765322995939e-01,-4.408891412888939487e-01,-3.757248242387445925e-01,-4.744650433005205836e-01,-4.733887525713544320e-01,-4.857103948379125069e-01,-4.608086401391192077e-01,-3.949629386705291734e-01,-5.311775829519108649e-01,-6.307019582275685821e-01,-5.564073103894436878e-01
-7.754724181162995222e-01,-8.110680604841380426e-01,-8.142656540762199802e-01,-7.702492449517366335e-01,-7.977173608439858121e-01,-7.770982007800124602e-01,-7.717538229576934583e-01,-7.591360729948655184e-01,-7.454734624555338085e-01,-7.633387899825525569e-01,-7.336417463277293827e-01,-7.650165187016798596e-01,-7.677568496044991919e-01,-7.298556715887528634e-01,-6.778080509334656334e-01,-7.213093657002741521e-01,-6.710234369454658454e-01,-6.737087453258406855e-01,-6.603189532769806469e-01,-6.623039477887873172e-01,-6.889728997337198901e-01,-6.062380944865360943e-01,-5.976101091547079136e-01,-5.305539667114141933e-01,-6.661046239736960750e-01,-4.896422465599570839e-01,-4.977683645703236959e-01,-4.279619031628202896e-01,-4.544439162336019744e-01,-4.971095649890392987e-01,-4.231904765450984485e-01,-5.013527879743679971e-01,-3.920298790330228877e-01,-4.147424641898513342e-01,-4.488997833680327121e-01,-3.210053912702627854e-01,-2.048710233250759516e-01,-2.788355568854065103e-01,-4.492662171129596094e-01,-2.954582583821359631e-01,-2.375832784526393238e-01,-2.027461523649836672e-01,-7.086593346097509738e-02,-2.761664881817640915e-01,-1.286575756407209725e-01,-1.733698848538504644e-01,-1.442977035187548995e-01,-2.997172685979430928e-02,-5.199701893997733110e-02,-7.914887152132094039e-02,-4.945521866021399676e-02,-1.706112735422552484e-01,-1.002134297857029122e-01,6.727111847390955524e-02,-2.942027499623996178e-02,-2.570119207256835875e-02,-1.084429591887125788e-01,-1.835350262687424766e-02,1.058741977565088033e-01,1.629739672637288972e-01,2.689056009193106344e-03,1.485747404907561964e-01,-1.893864792221919627e-02,-2.375400976454762336e-01,-8.140070242806838122e-03,-2.718453443219066568e-01,-1.994383494611879637e-01,-4.292745223030774993e-01,-3.800978081309503986e-01,-3.786063746027732990e-01,-4.526394174302527107e-01,-4.206443394316579099e-01,-4.144922687830022157e-01,-4.831186743458196764e-01,-5.212738129198594139e-01,-4.152250815366915759e-01,-4.475328357699558945e-01,-3.744784895294469007e-01,-3.907911288614311918e-01,-4.779242944720297759e-01
-8.154927255244051043e-01,-7.800630297051952544e-01,-7.973396560604523176e-01,-8.033555130568400537e-01,-7.725338873965781339e-01,-7.756499851512324017e-01,-7.297762434913911411e-01,-7.678660007861800585e-01,-7.187651022649084176e-01,-7.252897178613064710e-01,-6.877353134814978564e-01,-7.707696493503406465e-01,-7.386935547262672985e-01,-6.415133488703591569e-01,-7.737222224461917097e-01,-7.479024650473337088e-01,-6.568356727011323004e-01,-6.480625295286338572e-01,-6.866301841484039326e-01,-6.532352470408805400e-01,-5.376718073245868590e-01,-7.002430418242583388e-01,-5.960107813408644928e-01,-6.183486267173192719e-01,-5.844183032712176873e-01,-5.358235468243344179e-01,-4.533846712102388432e-01,-5.381154091724505983e-01,-4.798055828249407906e-01,-5.051440054471861840e-01,-5.987059329000662400e-01,-3.923442094241611500e-01,-5.902789658065299427e-01,-3.732510838140237208e-01,-2.390905555115259706e-01,-5.005537063487844884e-01,-3.408694257714405262e-01,-3.399186459113117675e-01,-3.009869854636506026e-01,-2.811039311706159394e-01,-3.369586446994220497e-01,-3.202080573366749006e-01,-2.947544241336286230e-01,-2.132941857960994336e-01,-4.792719017748477417e-01,-4.141255143377688408e-01,-1.898986990797628949e-01,-2.504742049437451712e-01,-1.635944946297101243e-01,-1.492560380582251267e-01,-2.111138942292257736e-01,-1.484297539638280150e-01,1.735124112443025557e-01,-4.602954739597477779e-02,-8.470692941821532373e-02,-1.863987034330364875e-02,-5.795227329160296953e-02,-4.523384389599885425e-02,-3.165937716289048132e-02,-2.655854882688342133e-01,9.055680076596656081e-02,3.883841324333499323e-02,-1.750201214854972820e-01,-5.529903861482263205e-02,-3.196151137638833517e-02,-2.767275039143917703e-01,-1.437973014388335691e-01,-3.276871877489159757e-02,-3.876519045106713857e-01,-4.806135333665126352e-01,-4.876013645251383588e-01,-3.630658208105714269e-01,-4.496968153192906215e-01,-5.028807978473494034e-01,-4.043901009665338830e-01,-4.842575049751308702e-01,-4.340795577913508230e-01,-3.793091374124921700e-01,-4.058188871480207793e-01,-4.749958924019251350e-01
-8.042373831385103422e-01,-7.970734028945808403e-01,-7.922353600455888101e-01,-7.572542291717762053e-01,-7.660572826051299522e-01,-7.713322584062117793e-01,-7.844402981762838012e-01,-7.283382993009179796e-01,-7.553013305190320326e-01,-8.024247453195632040e-01,-7.161401898648462883e-01,-7.454984887614151123e-01,-7.394878742719508402e-01,-7.238594761632047847e-01,-7.115989071963004786e-01,-6.926902605368334687e-01,-7.075748099734772145e-01,-6.661806324497163700e-01,-7.401865495961281738e-01,-6.680482155999007965e-01,-6.419040313428669986e-01,-6.452781008615769975e-01,-6.262554461087460611e-01,-5.368139061173348159e-01,-5.694776899173529250e-01,-5.258889251291513078e-01,-5.139004455540723271e-01,-6.061501970025123809e-01,-4.606863961887378567e-01,-6.118766630599168366e-01,-5.446276489914636532e-01,-4.875138508940357052e-01,-3.028674014365614342e-01,-2.966057006644328142e-01,-4.738308581734689828e-01,-3.302556069136110550e-01,-4.107224716090901451e-01,-5.050625513648578924e-01,-3.349537045396653867e-01,-3.504475873450753065e-01,-2.186987772582521250e-01,-3.370813740794535440e-01,-1.866815670451516807e-01,-2.798862499289962447e-01,-3.948191114216917375e-01,-2.717953408407841054e-01,-2.012845416717056746e-01,-1.243890303669186875e-01,-6.612545165092639787e-02,-9.508708945258807776e-02,-1.668297919921840344e-01,-3.354866081763257374e-02,-5.062623888585442156e-02,-1.842084670123497747e-01,-5.622916435626837926e-03,8.582868970302933928e-03,-2.048297209629266341e-02,-2.768626833429309320e-02,9.551524050788089484e-03,-6.813476130600161496e-02,9.690729682158005787e-02,1.758223189753618243e-01,4.360122353804651851e-02,1.516831714198830228e-01,1.328959792579883503e-01,-9.600898227305396104e-02,-5.613683915428437782e-02,-1.385667570097154078e-01,-2.163817670418002881e-01,-3.961637313062525978e-01,-3.941130151107566926e-01,-3.159429036879573549e-01,-2.939309410253926336e-01,-4.341874053484141016e-01,-5.082945590056925367e-01,-4.794513514284384215e-01,-3.505003763091510405e-01,-4.607376614311904928e-01,-4.145632784345857358e-01,-4.823068129648732660e-01
-7.893788244737252047e-01,-7.836802631181815082e-01,-7.939376684499446224e-01,-7.786636069506716051e-01,-8.058439064393960738e-01,-7.351471453231205322e-01,-7.683004562116473313e-01,-7.848169551527803822e-01,-7.519964619038828069e-01,-8.113944751499844177e-01,-7.465090067595828716e-01,-7.087307380135281498e-01,-7.328354247349485595e-01,-7.396381858215386185e-01,-7.033728020316095675e-01,-6.695079063015878518e-01,-7.019766197041393818e-01,-6.807611297526411365e-01,-7.158679129562716126e-01,-7.512184860945926301e-01,-6.256465263314754388e-01,-6.247585462363994813e-01,-6.240933311532061989e-01,-5.918901807420805516e-01,-4.838886376577027360e-01,-5.989654520029908946e-01,-5.660883245215825310e-01,-5.800898780051093606e-01,-6.124251455023124180e-01,-4.483806659291830754e-01,-5.184055954732575966e-01,-4.777142584541380632e-01,-3.408722759272028169e-01,-4.853946991986936021e-01,-3.723244356309797776e-01,-5.006959108463114871e-01,-4.300056371840797476e-01,-4.021995502695728253e-01,-3.220548880366483346e-01,-2.498317100556116666e-01,-2.694487499704092959e-01,-2.939384772528493284e-01,-1.693826563201769053e-01,-2.493532487180336321e-01,-2.582124397585971454e-01,-1.108404238932501479e-01,-3.013980889822168718e-01,-1.589289796437649283e-01,-1.998573397535405860e-01,-1.422460553200742273e-01,5.971543947127212065e-02,-8.640269114180090804e-02,-5.199886550660354906e-02,-1.925578637778561364e-01,-1.262960146414374429e-01,-1.679456395602524077e-01,-3.886355308823371407e-02,-6.105039993147098193e-02,4.705750649686375742e-02,2.638810634039503653e-02,-2.077779388341530475e-01,-3.678347050298623466e-02,-4.642804529869608982e-02,9.535361629585940857e-02,1.330367741359461328e-02,6.895876627349130546e-03,-1.274868605117344435e-02,-1.369553210391449560e-01,-1.218191687275325119e-01,-1.236146936155368831e-01,-2.931847788616492867e-01,-3.287239402277227218e-01,-3.286823099727443354e-01,-5.374975507246809725e-01,-4.191250090799314432e-01,-4.931703011177399065e-01,-3.130484154619962989e-01,-4.466883953477736591e-01,-3.887366279098936617e-01,-4.297524969531094641e-01
-8.069428831562350801e-01,-7.985942440874822523e-01,-8.150610417419481557e-01,-8.021973648387135114e-01,-7.433002628857675598e-01,-7.430246128864300692e-01,-8.064349101926782115e-01,-8.260438404328321882e-01,-7.437594521222017363e-01,-7.178834006092870146e-01,-7.365430813138368338e-01,-7.339783088723476068e-01,-8.334852031193320521e-01,-7.573664339861657657e-01,-7.131043146916472564e-01,-6.611127340436788735e-01,-6.057942877833516482e-01,-6.636912299027529771e-01,-6.900309554163109871e-01,-6.470997658372533712e-01,-6.658771859805520110e-01,-6.028961676226515243e-01,-5.957966175670417197e-01,-5.744083433790500015e-01,-5.814747693814287244e-01,-5.865666747440374529e-01,-5.313639882750993415e-01,-5.043775572227585657e-01,-5.052808789238223408e-01,-6.059701497083297417e-01,-5.410679652543955998e-01,-4.415246043758900840e-01,-4.874998802924497832e-01,-5.485751493689573488e-01,-4.037671500478511311e-01,-4.209197960324424503e-01,-4.630584951356724877e-01,-5.096658863531307038e-01,-3.657583786505230194e-01,-2.956584106720609451e-01,-3.214741837045375084e-01,-4.328903284902846371e-01,-1.876143578144815749e-01,-3.153527423794383888e-01,-2.938754975445786455e-01,-4.004317819965558800e-01,-2.384395281845885506e-01,-2.128541362431906059e-01,-2.303511247038862175e-01,-2.217567068673585995e-01,-1.034332521052566123e-01,-1.917098651014295940e-01,-1.104829614907273244e-01,2.751195549471860749e-02,-2.185272482935616545e-01,-1.702548019858994011e-01,2.807244370755394500e-02,1.899318063820342600e-02,-1.042075815962930641e-01,8.329837670448461684e-02,-7.820905912545053629e-02,1.068245940221237804e-02,2.038391978858573594e-01,1.047550261085166273e-01,3.310527051950888922e-01,5.250968556724451564e-02,-1.186123541306002699e-01,2.645765225493368344e-01,-1.710349098485403063e-01,-9.370958206331030105e-02,1.740671099525929189e-01,-1.081181229624108425e-01,-3.625510343071924879e-01,-4.602867327479530646e-01,-4.376775738905392954e-01,-3.868832335923332311e-01,-3.891763109937770304e-01,-4.527000112045502789e-01,-4.498621621162144923e-01,-4.509917351426714349e-01
-7.956306018709805583e-01,-8.264787467389282938e-01,-7.719011771861835625e-01,-7.735143151962031727e-01,-7.860665883616366756e-01,-7.667969522785816894e-01,-8.105917900006931465e-01,-8.069458947579188912e-01,-7.651471150255203524e-01,-7.842098733970856994e-01,-8.005649990658222359e-01,-7.262417843730232248e-01,-7.345931576277446862e-01,-7.085310147158274674e-01,-6.911362301383386919e-01,-6.963941443821884958e-01,-7.287113517007253183e-01,-6.226194648910383656e-01,-7.153378033668924552e-01,-5.974743142022058695e-01,-6.304114475086938230e-01,-6.062227582298839179e-01,-5.513860853792618144e-01,-6.656685476802480794e-01,-5.787968577355548927e-01,-5.046790863193628685e-01,-5.205182261143956879e-01,-5.757107453621742588e-01,-6.142644255776998907e-01,-4.715246755094179010e-01,-4.932926404139756915e-01,-4.713074146699680056e-01,-6.182901954330658478e-01,-5.961640582498506369e-01,-4.672005731554503827e-01,-3.983819158661183746e-01,-3.842019858579003855e-01,-4.322089118856607404e-01,-5.111488600400903026e-01,-4.474571020827294299e-01,-2.852270573353852812e-01,-4.027880532971879202e-01,-2.666684147624446277e-01,-2.618969150506979537e-01,-3.616903850346663285e-01,-4.001069276448264156e-01,-3.102444220420988996e-01,-2.781967569029204501e-01,-2.355039927667993138e-01,-1.942630917969786764e-01,-1.530730154591291858e-01,-8.271222121835661301e-02,-3.848330037965183026e-01,-7.015875214089971335e-02,-9.152430623747102867e-02,-9.867920685908805958e-03,1.215406012757556074e-02,-1.952758719435469803e-01,1.237582969152107720e-01,-1.861019560926356967e-02,1.223363554460648595e-01,-2.127599934327565889e-01,-2.283935924368745707e-01,4.291770342442129127e-02,1.576935414735717578e-01,1.753581794999587717e-01,1.438080314490234601e-01,8.202927481351411643e-02,-5.739495175092507867e-02,-3.552436147332227456e-02,-1.281910017463167017e-01,-2.321559061345550012e-01,-2.034327982916929733e-01,-2.257807295805693004e-01,-2.377254924031048100e-01,-1.349564678054089029e-01,-3.433934674903013629e-01,-4.882878519986341703e-01,-3.128573448166703797e-01,-3.637642911513746524e-01
-7.976432105549611240e-01,-7.587195120868520659e-01,-7.987445720708912233e-01,-7.723159425433927527e-01,-7.708366044987025045e-01,-8.007787740176957048e-01,-7.385421746008039579e-01,-7.856121955557774372e-01,-7.632707702817465023e-01,-7.582923277016336838e-01,-6.882294513599281904e-01,-7.569464907247885899e-01,-7.330675827776614861e-01,-7.409247302346758657e-01,-7.260878013801433939e-01,-8.027389080478382066e-01,-7.508779617593621669e-01,-7.384269173875811498e-01,-7.193547164785270009e-01,-6.397124193252040625e-01,-6.259386459512031875e-01,-7.078375398758380843e-01,-6.981290077014962181e-01,-6.837411143960505644e-01,-6.273017026836995580e-01,-5.460241348086836144e-01,-5.860518104330983968e-01,-5.655089090378658812e-01,-5.193538718154101508e-01,-5.783138677557907448e-01,-6.002425490668249486e-01,-5.939399017848855378e-01,-5.104556726753390894e-01,-4.835137205391168425e-01,-4.894358704418083073e-01,-4.074520889718095118e-01,-4.318730285504927546e-01,-4.517496968555277381e-01,-3.043065990784371566e-01,-3.730403995334062861e-01,-3.042739905532558242e-01,-1.730302497010733354e-01,-2.612942226932122858e-01,-2.697582955119409709e-01,-1.767335521331593606e-01,-2.203434262443483282e-01,-2.171358404423033017e-01,-2.309225045584591129e-01,-3.054296262598056866e-01,-1.188986966817703467e-01,5.836276231977984615e-04,-3.265647572775244867e-01,-2.642517740190121200e-01,-7.528748388459634289e-02,-3.187298908297324374e-02,-5.903620656531127775e-02,8.302606077494280312e-02,2.640115090484788235e-02,-3.355787603451722972e-02,-7.790322338347384357e-02,-1.768742934673979417e-01,-1.576166480120306801e-01,-3.236579058152820598e-02,1.747718216007988074e-02,-1.380977597844045002e-01,4.687515861159956276e-02,-1.360159666268884737e-01,9.324785527514660791e-03,-1.151566784832085133e-01,-8.600263673630816064e-02,8.452047455284035157e-03,5.835873443223486140e-02,-1.195880332113221922e-01,-2.213384125252114143e-01,-2.159242737901856668e-01,-3.108298659060839686e-01,-4.941202376865334034e-01,-4.349065402939878422e-01,-4.870240373824489266e-01,-4.399022769900844398e-01
-7.942753229376815494e-01,-7.921527668286317825e-01,-7.850763785457597344e-01,-7.613879661289328915e-01,-7.748958336606002195e-01,-7.670432373650958313e-01,-7.500073494095705895e-01,-7.710865454414681519e-01,-7.299196467853366066e-01,-8.211038305940387971e-01,-7.130736502870413940e-01,-7.333989374111270498e-01,-7.301216363861657843e-01,-7.425023400565381460e-01,-7.171578197154254708e-01,-6.512528073596829392e-01,-6.553042336673039481e-01,-6.598997314245816925e-01,-6.850791757523816417e-01,-6.459935074141717193e-01,-6.856346215864710381e-01,-6.407063528504851613e-01,-5.372414047277064286e-01,-6.334360115408375069e-01,-6.324836433071667763e-01,-6.291612402568408369e-01,-6.055855980478216383e-01,-5.270253030170664044e-01,-5.963814098447464129e-01,-5.629810040762025514e-01,-5.242091058449837027e-01,-4.503328433143921061e-01,-5.081399671666695372e-01,-5.115257900910153976e-01,-4.591763611079214269e-01,-5.271880956316083999e-01,-4.093937546297021224e-01,-3.415926484147324138e-01,-3.624295423199258015e-01,-6.174199928261505654e-01,-3.444278622827027792e-01,-2.689727040121958068e-01,-4.425714765351353441e-01,-3.305594139693402433e-01,-4.113922454891217328e-01,-3.402975206379798556e-01,-2.354871274594347585e-01,-2.220171796318907986e-01,-2.707134257880727257e-01,-1.230647970228137683e-01,-4.103224438157628273e-01,-3.170222939917869964e-01,-1.350267645235466163e-01,-1.901591601147946120e-01,-2.140165906701273213e-01,-1.851988979925819345e-01,1.109632147303007549e-01,-7.502912052137279686e-02,3.163673109449732790e-02,-1.219728086071911743e-01,6.352844061331715253e-02,-8.793618205043708669e-02,4.917164064171068716e-02,-1.606836696458681726e-02,6.695302936719095543e-02,7.354091382683207445e-02,2.252768185884359078e-02,-7.382147491307394782e-02,2.433268391763404037e-01,2.217857463612312331e-03,6.686168088389048136e-02,1.157196078150344275e-02,1.118840071168625315e-03,-1.404415190530241830e-01,-1.762963752052107425e-01,-2.982637777745447694e-01,-2.574009499697179071e-01,-4.812623626822621903e-01,-5.134013496744900262e-01,-3.905249972552067295e-01
-7.927019707848532715e-01,-7.939172282351737442e-01,-8.184941027611463138e-01,-7.694630816325499501e-01,-7.802237153451886398e-01,-7.835382755112492159e-01,-7.990243031612741520e-01,-7.517429823607791883e-01,-7.384807042812371325e-01,-8.269697646847069539e-01,-7.274531109488044933e-01,-7.527882656645220605e-01,-7.638345875279723973e-01,-7.684076723752024662e-01,-7.516254175105481217e-01,-7.434667775164288672e-01,-7.189099434292224311e-01,-6.977268695695050260e-01,-7.220742201213229405e-01,-7.185779481674950953e-01,-6.711452309371996883e-01,-6.375514275448507240e-01,-6.927108437219507975e-01,-6.144955433261272137e-01,-6.832568741696692927e-01,-5.660282719441724897e-01,-5.846176785546646215e-01,-6.428094506573971412e-01,-5.226626192884935573e-01,-5.260677164688425389e-01,-5.298302112269626107e-01,-5.302995904043851239e-01,-4.707098239785730276e-01,-4.482200789515941031e-01,-5.486619904395891867e-01,-5.323620756662135189e-01,-4.654912128547283312e-01,-4.614639247766861851e-01,-3.548094624816383602e-01,-4.332749160622613727e-01,-3.436052946626968474e-01,-3.981920727795967285e-01,-4.139464994539798770e-01,-1.814481456128361203e-01,-1.047200600798545156e-01,-5.019614606230415887e-01,-2.308362580604518544e-01,-1.919245491483642374e-01,-5.304526079277259720e-01,-2.844704081647898009e-01,-7.025527048507586303e-02,-2.345470467798129177e-01,-2.047282846050992311e-01,-2.595331334649249588e-01,-2.644091133290535911e-01,-1.981109065049157236e-01,-5.415258713988051198e-02,-1.007412038406869104e-01,-1.914916251627739041e-01,-1.609356066870392954e-01,-6.432891525361164597e-02,-5.169332701113506234e-02,1.227717591666222484e-02,-1.314585786241943832e-01,-1.167183883080780554e-01,-1.113069990991213537e-01,-6.931139379855121539e-03,4.110199690693853991e-02,-5.650037860726223049e-02,9.251491690990895633e-02,4.395760619989229345e-02,2.918390749001542953e-02,-6.673452780452275579e-02,-8.909737872391884639e-02,-1.747397293249596667e-02,-1.255965514018659024e-01,-1.769832294623340241e-01,-2.085995352803311775e-01,-1.889239547435394573e-01,-4.538234495126126644e-01
-7.773835812800998779e-01,-7.836045476218428396e-01,-8.090055303279061194e-01,-7.706998984522395180e-01,-7.990592377127249124e-01,-7.979519164438902967e-01,-7.810785614208379801e-01,-7.329745210202098793e-01,-8.053120972532639144e-01,-7.365377873933027786e-01,-6.779405779992428993e-01,-7.085847740283984786e-01,-7.254108997103881906e-01,-6.913514172788589596e-01,-7.691611557713966540e-01,-7.293213291309291746e-01,-7.067611107320266317e-01,-7.058720538565953495e-01,-6.248269064798065431e-01,-6.140038966137613130e-01,-6.887126281772919523e-01,-6.848457407599722879e-01,-6.666426550414119578e-01,-6.172876678878012058e-01,-6.448805679079893105e-01,-6.958596096590563551e-01,-6.643312285378252247e-01,-6.049098864419840682e-01,-6.211054041920271995e-01,-6.081040083522144535e-01,-4.307318312312136133e-01,-5.662105622825009954e-01,-6.205776818530566175e-01,-4.915623221762252526e-01,-4.553326142127041010e-01,-5.612266511819421488e-01,-5.709073038078620321e-01,-5.859248806601126125e-01,-4.458130174247108002e-01,-4.963606425542088640e-01,-5.801955563070981814e-01,-4.025457725674882470e-01,-4.749759099561142728e-01,-3.468601745213270582e-01,-3.589557714858276904e-01,-3.588740229572426332e-01,-1.920904578810777308e-01,-4.310372869473731994e-01,-2.691064172068433624e-01,-1.271288389807408714e-01,-1.372331402477270090e-01,-3.007393653217528273e-01,-3.432714134778399595e-01,-2.417683967535358136e-01,-2.484361711758180935e-01,-9.026503003204275344e-02,-1.757066156355103492e-01,-6.595238981505786857e-02,-2.208364089632770810e-01,-2.360809136791405249e-01,-6.150203138978715955e-02,-5.458047703962250891e-02,2.413316679955682456e-02,-2.885912151822524630e-03,1.153684118692137606e-01,-3.357018734884687633e-02,2.576351142070920294e-02,-1.515359610791340572e-01,-6.632724134320643061e-02,4.668464244025398446e-02,-5.577916317371935800e-02,-7.437464099394848482e-02,1.345027597689353038e-01,1.837051340651970621e-01,-4.653608238680997239e-02,-6.512076570075266135e-02,8.298940726821037173e-02,-1.236644562650731916e-01,-4.701974104148668593e-02,-4.146403339812546052e-01
-7.754563579891348146e-01,-7.825623459459914999e-01,-7.933077487794742977e-01,-8.095824358088000716e-01,-7.806769045134001050e-01,-7.770582862861893370e-01,-7.937933237628117533e-01,-7.524885270512398083e-01,-7.564081717807202843e-01,-7.628025586699743732e-01,-7.407487651437141274e-01,-6.794132666060164194e-01,-7.775895875382918820e-01,-7.697750845172021128e-01,-7.775840213650740962e-01,-7.283314920930483716e-01,-6.453122482121866899e-01,-7.468418786452916125e-01,-6.803837157098666655e-01,-7.363443264389141207e-01,-6.773594648573106891e-01,-6.955784700569904722e-01,-7.180968111100614060e-01,-6.011782641222844781e-01,-6.485461712811716462e-01,-5.897131332287692818e-01,-5.950886906616325023e-01,-5.330345925579960120e-01,-5.995189535860363517e-01,-5.819373181028912878e-01,-5.236885637678549976e-01,-6.494540440618890020e-01,-4.260840541196744269e-01,-5.582850888174333281e-01,-3.956509611732954013e-01,-5.289709155514521477e-01,-4.973720788725067288e-01,-4.715981401041565713e-01,-5.194201329305146997e-01,-3.374201144327212409e-01,-3.287299132169501092e-01,-4.496414447711958862e-01,-4.366384934270905460e-01,-4.043493887377246354e-01,-3.476082693418170999e-01,-3.498340477062054643e-01,-2.525456608957610816e-01,-3.687583709839082347e-01,-3.363155921596299724e-01,-2.795778032012948278e-01,-2.262051352020794104e-01,-1.533335092989749071e-01,-2.327800940527010032e-01,-2.157054082221858127e-01,-1.744991946296208241e-01,-1.448019746544205455e-01,-5.454636181431309115e-04,-2.266711702170177423e-01,-2.647248309106303155e-01,-3.684199840577707663e-01,-2.120745699178291643e-01,-2.015711876599557140e-01,-1.628496252923872789e-01,3.010406052348893122e-02,-7.028816644446048145e-02,-2.813557546835845219e-02,7.439648689816788507e-02,-2.523173924205324159e-01,3.332216893566775084e-03,-5.511779056569085511e-02,-9.085059646575560643e-02,-6.124829199252165152e-02,2.222117317608706955e-01,4.360052774108063786e-03,1.052038746543825926e-01,-1.033566438005588950e-01,-8.516587999166146117e-02,-1.365989725929672716e-01,-2.865746167435173630e-01,-2.130617693854132411e-01
-7.853997922036576318e-01,-7.892418309433650858e-01,-7.855966351550773830e-01,-7.810292563767984308e-01,-7.806610644207782057e-01,-8.103304261713966117e-01,-7.365874171322481789e-01,-7.752871481197125547e-01,-7.784005608821136235e-01,-7.674235293540287994e-01,-7.475940822583398981e-01,-7.179082369154060617e-01,-7.235449325481615457e-01,-7.253647044654042420e-01,-7.023398248792213083e-01,-6.892732015757763175e-01,-7.585334898001493409e-01,-7.014888441687006093e-01,-7.027073093378040092e-01,-6.909183246005918821e-01,-7.649589653723435356e-01,-6.603281985030134971e-01,-6.740228201188347423e-01,-6.499763815428322156e-01,-7.049773302898704186e-01,-6.935617261391637811e-01,-5.609752907648855036e-01,-6.003909377577386630e-01,-5.200579662105101475e-01,-4.944447971873167647e-01,-5.318641608658843944e-01,-5.938686300061493117e-01,-6.714854327856766281e-01,-4.853730502726115170e-01,-4.488899073482137680e-01,-4.906801839984370472e-01,-5.548547664473665320e-01,-4.015644995934335437e-01,-4.950494398271576557e-01,-5.646450121963386692e-01,-4.562358490760557994e-01,-4.121937805491180384e-01,-4.764080792077009519e-01,-4.225162969097934762e-01,-4.032853086746313043e-01,-3.107978080909466478e-01,-4.478021372605555661e-01,-1.832250500004266869e-01,-2.031097324028637852e-01,-2.686878430245325799e-01,-4.488641813205535014e-01,-1.836391818391329978e-01,-1.466260383538602607e-01,-2.336620025999688877e-01,-2.942441998108576984e-01,-2.647574498168868140e-01,-2.259497803089930701e-01,1.019260173343462458e-02,-3.543390828751587923e-02,-1.807620995733083269e-01,3.718455013908664869e-02,-2.562861371714810765e-01,4.298203197450169155e-02,-2.969005943399029013e-01,2.617375363954844159e-01,4.088602888095677068e-03,-2.133013524665331173e-01,-1.099674857782611259e-01,-2.831353938664402103e-01,-5.020068637292571245e-02,-1.060898427033883790e-01,1.751764597553698843e-01,1.770503376007959706e-01,-1.536736815429038013e-02,-3.802440727594984943e-02,-4.929409530202321504e-02,-7.473526094267431835e-03,-2.601383998280194509e-01,2.523112520243837864e-02,-1.627786385956409287e-01
-7.825114234051467887e-01,-8.039152007691207080e-01,-7.675361808183622792e-01,-8.066079663249159371e-01,-7.279174050532865037e-01,-7.943878335674062763e-01,-7.666439799169142422e-01,-7.735514064206877594e-01,-7.168490503466061758e-01,-7.661378064691082290e-01,-7.633699710485264411e-01,-8.096929758700465163e-01,-7.616483977642627412e-01,-7.384523785693889453e-01,-7.302514373795162550e-01,-7.329349125056687786e-01,-7.041174066801380027e-01,-7.368793590501158119e-01,-6.952662216006453288e-01,-7.451851975384183868e-01,-6.588802525271074684e-01,-6.605635194362641238e-01,-6.011271941206535185e-01,-6.211145852669784917e-01,-7.283132437004421478e-01,-6.701094818149627708e-01,-6.111694243511147651e-01,-6.625651743656304493e-01,-5.939207280350635720e-01,-5.607485902098300334e-01,-5.466290753994675899e-01,-6.223882230995768650e-01,-6.199038666259478747e-01,-5.272858985661813547e-01,-6.046861243363277350e-01,-4.753896429636377818e-01,-5.205004008817657457e-01,-3.062807777525676789e-01,-4.157098497222335709e-01,-5.372583275878010101e-01,-4.173056878025501182e-01,-4.802783550126321632e-01,-5.207488302215477205e-01,-5.036728517957508311e-01,-2.726468522696979813e-01,-4.382978508976443921e-01,-3.783302074170509788e-01,-4.846628734045982378e-01,-3.327112921068752227e-01,-2.470276713830237836e-01,-3.904359368144551534e-01,-1.283843482254149737e-01,-3.834325436063538151e-01,-2.430771362876938679e-01,-2.004360497831091659e-01,-3.453052440905841070e-01,-3.074994484227179803e-01,-1.028877642184062996e-01,-9.215468756733327660e-02,-1.082435400007381726e-01,-2.369566458519913044e-01,-1.387066788443950260e-01,-2.195818667056923523e-01,-1.174888991476356337e-01,7.691036770325158922e-02,-2.032450322951973205e-03,-7.117092565073059734e-03,-1.829148041112337031e-01,-1.988809986933719465e-01,-6.634512850502233272e-02,5.828344717328848984e-02,1.622694491265675165e-01,8.549976787249245758e-02,1.598474239096973060e-01,3.043612513676478559e-01,8.040488951832358566e-02,1.770969435832416561e-01,1.015477719966612208e-01,-5.139355333301922485e-02,-5.244214979722771480e-02
-7.786899770886535066e-01,-7.686250761275651433e-01,-7.463016475735515520e-01,-7.931377280553697506e-01,-7.914076806356498128e-01,-7.988004503944304835e-01,-8.038283552238364438e-01,-7.751833621646128103e-01,-7.930391915010368553e-01,-7.744142012856092272e-01,-7.299036320981776571e-01,-7.867419692591771652e-01,-7.339330289797524332e-01,-7.416879075901191554e-01,-6.795179472808450249e-01,-7.140916315694878502e-01,-6.790251026184913608e-01,-6.866203415015473821e-01,-7.481629196131467374e-01,-7.266891256314976788e-01,-6.838461399392109508e-01,-7.302944193384740545e-01,-5.678746012749781302e-01,-7.705853307616068459e-01,-6.341818629750574088e-01,-6.146041391100958151e-01,-6.207632997824242826e-01,-6.184284135059441301e-01,-6.277514092524349998e-01,-5.745441200573540019e-01,-6.376406258478440892e-01,-5.702862073848902202e-01,-4.636151755133536279e-01,-4.345059767150167285e-01,-4.591563477338836963e-01,-5.846684335739168459e-01,-3.974890253474937518e-01,-3.485875348555923514e-01,-5.349205509520569279e-01,-5.605011212554171784e-01,-5.688037532517964401e-01,-4.619862366186657798e-01,-4.522574336063195366e-01,-4.059016401464056734e-01,-4.177993610377208067e-01,-3.504532397715721670e-01,-3.401624501738809703e-01,-4.551066338998842609e-01,-3.993879377165263089e-01,-3.683711332868965793e-01,-3.205235646722441323e-01,-2.868414646552854830e-01,-2.801594495291945819e-01,-3.634462996637248255e-01,-1.456303614446849970e-01,-2.300956054566279385e-01,-2.533014592726735015e-01,-2.440406522926490684e-01,-2.626951662248417918e-01,-2.913500587297940259e-01,-9.899078911192785157e-02,-3.558382104300583104e-01,-6.109018606083339853e-02,-1.182857142347575746e-01,-5.093824451587929819e-02,-3.941802585030305256e-02,-3.113806667951102194e-03,-4.046197124931209116e-02,5.998672721322167306e-02,-2.335528259068749696e-02,5.116170068967232365e-02,1.901963932903096011e-01,1.094473283732149832e-01,-5.837318625271435690e-02,-1.026805671282184779e-01,4.113559436988017265e-02,2.051214504517410997e-01,-3.545639366087725841e-02,2.902952003222548649e-01,-3.095941433158517359e-02
-7.909685710758315169e-01,-8.018976530410193426e-01,-8.084571885988582896e-01,-7.739016611335264306e-01,-7.375247129226319975e-01,-7.782964069184241662e-01,-7.609545119492515663e-01,-8.036961184915986101e-01,-7.835490887758284062e-01,-7.724024721547287919e-01,-7.769016475713177439e-01,-7.454695936467209405e-01,-7.690102939683766126e-01,-6.530828744095765748e-01,-7.550482578842674375e-01,-7.920601066498591525e-01,-6.875870238188611649e-01,-7.474960362405601577e-01,-7.855573883728843576e-01,-6.467855813319519642e-01,-7.150370810989582493e-01,-5.772507521029104360e-01,-6.168328153009340342e-01,-6.023889659836886290e-01,-7.423345089542261466e-01,-5.681810951991047576e-01,-6.886736001014293063e-01,-5.332199020158667757e-01,-6.219657553723174637e-01,-6.481828889678886707e-01,-5.469933798276367387e-01,-6.428908482053182771e-01,-5.971822974411681306e-01,-6.228287826597577181e-01,-4.719289102992594298e-01,-5.363707787433369401e-01,-5.640798043887179647e-01,-3.876732436608713583e-01,-4.111677808938939416e-01,-4.522593004430500163e-01,-3.827952662183530808e-01,-4.580360885163934359e-01,-4.249276746499505708e-01,-4.972462381407628529e-01,-2.510173117340150917e-01,-2.104259104017481563e-01,-4.237365249710178805e-01,-3.608401416246285742e-01,-3.739691895733069371e-01,-3.655192485159849403e-01,-2.966879213137951776e-01,-4.602671103523833240e-01,-3.401974686820809501e-01,-2.687708618095095425e-01,-1.612532853747551120e-01,-2.987091277338903561e-01,-7.061239998266034823e-02,-2.249216499720366746e-01,-1.441642639216728361e-01,-3.657142070027900038e-01,-3.283478015162112351e-01,-1.114712911950434676e-01,-8.212402179916816758e-02,-1.846093004929817150e-01,-2.737566045597360220e-02,-3.709926931140079126e-02,-2.305265052658788394e-01,-9.040049733837383916e-02,-1.960582608718701714e-01,-7.540186083530193983e-02,-2.145130709697251788e-03,-6.504661024323248053e-02,7.616193250933354919e-02,-1.526106941338592760e-01,3.282538551499989549e-02,1.509409575321066788e-01,-3.614595204789147059e-02,9.713994281377831552e-02,-7.957074140480613345e-02,2.304547240911355988e-01
-8.109125375660144464e-01,-7.903730428672358643e-01,-7.944389960604552048e-01,-7.957109142391638468e-01,-7.576538387139112318e-01,-8.357944189511476996e-01,-7.468878749024785435e-01,-7.771326658811255061e-01,-7.650803916368846824e-01,-7.336547304866011254e-01,-7.239464586807681235e-01,-7.733168834249937174e-01,-7.661712707423545821e-01,-7.469936832268060378e-01,-7.590209415084505640e-01,-7.061078526843913572e-01,-7.977942954541212828e-01,-6.867341886970866893e-01,-7.341320655455023658e-01,-6.956200834362511465e-01,-8.010645919352465949e-01,-6.608933825228817671e-01,-6.474899058319487644e-01,-6.611558482724445573e-01,-5.480311290163153437e-01,-6.081844099784038393e-01,-7.342077504885637929e-01,-6.554685282643045730e-01,-6.803863283155959785e-01,-5.022847341036003055e-01,-6.033152785734540169e-01,-5.420417095184995038e-01,-6.132501994990211536e-01,-5.467624905221538656e-01,-6.265571639157242467e-01,-5.839311913049252123e-01,-6.136455328184398095e-01,-5.377672655508977106e-01,-5.015937357990424283e-01,-5.006977248356551113e-01,-5.505174972672758349e-01,-4.337825672605669647e-01,-5.792777627840826060e-01,-4.355420027039598185e-01,-4.972322985995211164e-01,-4.194849277454902881e-01,-3.163862856907992405e-01,-4.581498512922597688e-01,-2.710756751814561993e-01,-2.604611064898409434e-01,-4.758777310107656922e-01,-4.074209671503789543e-01,-1.279665692282483114e-01,-1.291419806698533845e-01,-2.773616571578536028e-01,-2.014541271486635088e-01,-4.188715803682908079e-01,-1.889973297377204320e-01,-3.288916778094540527e-01,-4.154534910840846501e-02,-1.105521911782488126e-01,-1.709088254961974029e-01,2.620400820069246350e-02,-2.644226079184915923e-01,-1.027822014760396280e-01,-1.861951657443761954e-01,-2.785682536607097526e-01,-6.615790924364857439e-02,-1.225413667393790013e-01,9.243123409177549099e-02,-7.730359853076394783e-02,1.202464047245491302e-01,-1.629012986983413014e-01,-1.368462419871677160e-01,-5.373792010143742942e-02,-1.413174588607164772e-01,-4.557414501222841093e-03,1.934566255642907739e-01,-9.815207197768372263e-03,4.135422732173055227e-02
-7.720100311468883758e-01,-7.846533463167246758e-01,-7.744349210873135991e-01,-7.743819209084635835e-01,-7.891835907240986048e-01,-7.722110674744100400e-01,-7.498723195936000119e-01,-7.911558546348519405e-01,-7.651576987035997313e-01,-7.970819695581707887e-01,-7.777678649116112064e-01,-7.744816628350780219e-01,-7.370911142247654757e-01,-7.255168195479290150e-01,-7.339244150045888260e-01,-7.415078549439222400e-01,-7.273420449570637825e-01,-6.942590496594929217e-01,-7.015809088396836035e-01,-6.897907671567021781e-01,-7.028312263894324063e-01,-6.580949716510725578e-01,-6.569471411837296548e-01,-5.850500334203172503e-01,-5.884960580222684534e-01,-6.869858913851737414e-01,-6.572201672061992461e-01,-6.619200419867781182e-01,-5.562276789948679134e-01,-5.717119859631144552e-01,-6.076465498140304344e-01,-6.144523854552920161e-01,-5.977231020572444375e-01,-5.975924951932919393e-01,-4.860581697274308777e-01,-4.777296615564302629e-01,-5.268497397667448734e-01,-4.940800807303134534e-01,-5.146265406051343527e-01,-5.351053266699139499e-01,-4.413286536215193512e-01,-4.877905766026877088e-01,-4.989154783580744268e-01,-4.991973822989311249e-01,-5.032792287475145177e-01,-4.010066265270581520e-01,-4.954589536427532748e-01,-3.517573379961642099e-01,-3.314753835222912226e-01,-2.650826794689764565e-01,-3.086862188707532040e-01,-3.659422016736833538e-01,-2.396091597926977845e-01,-3.427412650654895754e-01,-3.353633037840961229e-01,-3.683759664844450388e-01,-1.821295874809719384e-01,-3.860787347865093921e-01,-4.329293881626601892e-01,-2.891943961700985111e-01,-2.306675299427701220e-01,-2.899738447256249296e-01,-2.710921417030389136e-01,-1.294012184834372192e-01,-3.727049881224491767e-01,-2.858500889424172575e-01,2.913835314165340046e-03,-3.147260020648780937e-02,-6.469219154145957294e-03,-1.345859931114267438e-01,-9.339899732649628583e-02,-1.539987001929900567e-01,6.443162516447217825e-02,-1.535439708770680589e-01,-1.562254896391535308e-01,-5.689475692412725855e-02,3.992454569249183349e-02,7.718455014065790654e-02,3.924640405618100986e-02,6.030798152733560930e-02
-7.873855223254579982e-01,-7.694565880884099984e-01,-7.598401122932316731e-01,-7.666610988417741357e-01,-8.001596538513120471e-01,-7.818403666858746437e-01,-7.512352422716435107e-01,-7.935884272156845665e-01,-7.380288627861201212e-01,-7.270455789837758642e-01,-7.377569665533614263e-01,-7.224349289630968007e-01,-7.415777889047123761e-01,-7.678468238017543968e-01,-6.723476486786997830e-01,-7.556958565650683246e-01,-6.801263174314177151e-01,-7.577082186343557790e-01,-7.209661591390037483e-01,-6.945692156193064015e-01,-6.537957990248621787e-01,-6.433168959275076260e-01,-6.625207375561562584e-01,-6.829854604135554563e-01,-6.653130583173724188e-01,-7.157652683464487131e-01,-6.892871671177622783e-01,-5.960245484712670683e-01,-5.512096010698565030e-01,-5.359165354293197181e-01,-6.361141102869625197e-01,-5.720176437176204276e-01,-6.317041241364905746e-01,-5.743246730894581153e-01,-6.721679014763918270e-01,-6.439118680245898840e-01,-6.335286662532383373e-01,-5.129590197064934909e-01,-5.825960859943165593e-01,-5.280112451839116261e-01,-5.081214619720183512e-01,-4.279188478185005362e-01,-3.409778650212620943e-01,-4.248379724229718879e-01,-4.214600600319009516e-01,-5.276725486673448096e-01,-3.705211888487199845e-01,-4.284232783455445004e-01,-3.532553227462290057e-01,-4.396442642176636162e-01,-4.288795538772929850e-01,-2.748236038556089444e-01,-3.393627528085578771e-01,-3.757099641660198164e-01,-2.934536558010724661e-01,-2.200234909084307355e-01,-2.624869250789657604e-01,-1.226077213666472154e-01,-3.260462444395951231e-01,-6.573251309885026761e-02,-2.583143772122291626e-01,-2.051068689878345619e-01,-1.977470588778352800e-01,-1.822085038603734053e-01,-3.278499684388211932e-01,-2.464958833763034318e-01,-1.911185414365660917e-01,-1.639794184859750259e-01,-1.071098629253971757e-01,-1.958900004069512053e-03,5.840488914614850452e-02,-9.077774369198546300e-02,2.948058920332155899e-02,5.929900622331475690e-02,-8.283151252068457482e-02,3.892903819140855481e-02,-8.493341900826424651e-02,-7.243864446230251219e-02,2.505333577897202457e-01,-1.175799115823807084e-01
-7.477039354137695604e-01,-7.816105174679289780e-01,-7.779868321895815342e-01,-7.659972873693957629e-01,-7.389305775267452914e-01,-7.697754648173646963e-01,-7.837188032440015606e-01,-7.552018253747808663e-01,-7.569892381434167872e-01,-7.593839182284626288e-01,-7.624481653854017216e-01,-7.514491307692282573e-01,-7.350409431796368631e-01,-7.466895447801793484e-01,-7.520752990163084295e-01,-7.245865855792229526e-01,-7.546706174602519912e-01,-7.232482313549629671e-01,-8.182962091966203833e-01,-7.574489715591445904e-01,-7.259648143849826152e-01,-6.340125090548753839e-01,-7.665920680482233296e-01,-6.548745318900638379e-01,-6.201984482590972014e-01,-6.381537755039009552e-01,-6.582543942336952503e-01,-5.944878809972594658e-01,-6.029371034955989250e-01,-6.980215559577357398e-01,-6.326438812527140909e-01,-5.724795001087193969e-01,-6.586078437533191554e-01,-6.405280950992657818e-01,-4.592032538763543559e-01,-5.629888505536591037e-01,-6.254217132131122403e-01,-6.049226370164407784e-01,-4.556528911020404915e-01,-5.827953477922892533e-01,-4.653774438600134511e-01,-4.169700627824327599e-01,-4.457098527285230927e-01,-5.838098805772253819e-01,-4.702893987249410768e-01,-3.224056571248214431e-01,-4.223600407486413078e-01,-3.997102794866963515e-01,-3.017267982817001259e-01,-4.280004585304845177e-01,-4.413305052159990916e-01,-3.451946639470700462e-01,-2.754170245693394192e-01,-2.001205485784986193e-01,-3.714236787725105904e-01,-2.857310992131772420e-01,-2.112559749960757904e-01,-4.108668598646794123e-01,-1.809911755454109150e-01,-1.139169841519858672e-01,-3.113895487859880684e-01,-1.006393823613560140e-01,-1.925560371228804135e-01,-5.578429649781804778e-02,-2.791096423465997955e-01,-2.462975886924687052e-01,-1.071021933468395831e-01,-2.346600249295595630e-01,-2.348736813697331616e-01,-2.831196229463811553e-01,-1.401723926056201996e-01,-1.838482255528967879e-01,-6.636729297667673388e-02,-4.196143384432329815e-02,-7.817961918241853048e-02,-1.550557439323011766e-01,-1.160013469841364095e-02,2.258503296525822546e-02,9.220371225782261759e-02,4.887161972283420724e-02
-7.702310650490472588e-01,-8.115446182039636192e-01,-7.861768731161685730e-01,-7.962535339539067447e-01,-7.585602015250738628e-01,-7.763637447277000891e-01,-8.268172055386460162e-01,-7.809217712815301748e-01,-7.921110521959174866e-01,-7.821311536104265105e-01,-7.399854097499397598e-01,-8.158874875076745914e-01,-7.643070079084339774e-01,-7.656717352084260186e-01,-7.687734829198299424e-01,-7.890609089080993233e-01,-7.036003266735406658e-01,-7.499346261641515188e-01,-7.032038993688245476e-01,-6.718586183228738573e-01,-7.372721541411146884e-01,-7.190779027758222863e-01,-6.567352742483341110e-01,-6.872403868693867102e-01,-6.922955951452929302e-01,-6.653869042666333833e-01,-6.361419975450045561e-01,-6.132682593222774647e-01,-7.062842618903553138e-01,-5.517109456233517673e-01,-5.720859942743944382e-01,-6.742391858985633535e-01,-5.801838166805948216e-01,-5.491388024768915077e-01,-4.692069227527188580e-01,-4.473272676041639695e-01,-5.747647471663235308e-01,-5.729033876174174367e-01,-5.644653696700766554e-01,-5.458246030535469639e-01,-4.779359412692579245e-01,-5.094945549347412728e-01,-6.369626398404508727e-01,-5.309914005934881498e-01,-4.662992844076482846e-01,-4.693782442854382841e-01,-4.381544158956119928e-01,-4.060546737306337528e-01,-2.113721054337921734e-01,-6.166758516713317650e-01,-3.088457146832764288e-01,-3.549580633425015175e-01,-3.708264628754524561e-01,-2.943816077797724029e-01,-3.649225806790853954e-01,-3.254742864266113589e-01,-3.723694430158964175e-01,-2.290965188532589625e-01,-2.715721070930430248e-01,-2.268844852042809224e-01,-2.346905862754515293e-01,-1.923449724178034337e-01,-3.325275800887060318e-01,-1.645698371570619434e-01,-1.333511774590983578e-01,-1.961333236715675221e-01,-2.280221093185937908e-01,-2.877189335461222131e-02,-1.397392848130080412e-01,-1.285921036965843312e-01,-6.590241524995008038e-02,-6.057771640824761994e-02,-1.008728592248497695e-02,-6.692855383813442471e-02,-7.454259709859270555e-02,-2.224553378444246998e-01,5.222412766115491767e-02,-1.905181961467209695e-01,-2.130507107562210900e-01,-2.027001625227638770e-01
-7.977289390701004512e-01,-8.235254882736492421e-01,-7.651415643262339250e-01,-7.659066791060161750e-01,-7.992683591595937109e-01,-7.792917641248461313e-01,-7.862267036865498993e-01,-7.884861922286053870e-01,-7.540505652344134946e-01,-7.942995573046690572e-01,-7.291596741629824407e-01,-7.583627464908181404e-01,-7.650159383366618160e-01,-7.780017130767865607e-01,-6.901329861613654248e-01,-7.238282296775402358e-01,-7.822648474298286025e-01,-7.195825701665216068e-01,-7.293239130782112056e-01,-6.936868058318601538e-01,-6.961391274113714056e-01,-6.314100204179327047e-01,-6.661602339523698957e-01,-6.335940673663813527e-01,-6.297460357581168289e-01,-6.936508862901272776e-01,-6.128085330794357244e-01,-6.813822031352394504e-01,-6.613361603430428781e-01,-6.763334623277189595e-01,-6.510832436236105858e-01,-6.202715095240878274e-01,-5.733884758946550253e-01,-5.647306295157111800e-01,-5.946341294791069876e-01,-5.534285956845500509e-01,-5.887476756349639961e-01,-5.486585680765385664e-01,-4.131329047694525247e-01,-6.247276557811126674e-01,-6.529351858215964866e-01,-5.459367110816053525e-01,-4.929523391820386791e-01,-4.650701870080666822e-01,-4.713588619417060643e-01,-4.141123427083028274e-01,-4.466268836055541369e-01,-4.577567669011386453e-01,-4.323233037504628506e-01,-4.596673139651243356e-01,-4.641764029647258427e-01,-3.097950167269058475e-01,-2.634346542015398862e-01,-4.051577883438904903e-01,-3.232255872034126010e-01,-3.680618574409333377e-01,-2.284719632551527047e-01,-2.615349243336642648e-01,-2.458309583537474086e-01,-1.854443180155305737e-01,-4.027070239764668491e-01,-2.628823522102709531e-01,-1.414924795916253086e-01,-2.737685658274643385e-01,-2.419563704382432789e-01,-1.829690305512419179e-01,-1.546682634468160011e-01,-1.717113053544236656e-01,-2.361004785002244755e-01,1.429441917469012613e-01,-2.859336611023863828e-01,-1.746496722346817590e-02,-9.699273154071276493e-02,1.294913656555864434e-01,4.209265409669828845e-02,-6.531790931123365729e-02,-1.356991996743514006e-01,-1.711628304966807401e-01,-2.163246541094708819e-01,-1.583517883701354156e-01
-8.040166457799939881e-01,-8.074076336604564252e-01,-7.969922070219287447e-01,-7.625847033448056589e-01,-8.152996167796594529e-01,-7.358907148357043404e-01,-7.770797649276371954e-01,-7.994380384556603047e-01,-7.597558478887319611e-01,-8.454742638161673041e-01,-7.658185175760122698e-01,-7.353288320646655940e-01,-7.542627222619483485e-01,-7.654035530023706180e-01,-8.058673069265821498e-01,-7.465119969433902103e-01,-7.319867710116356729e-01,-7.418854782087805910e-01,-7.448389228370128068e-01,-7.080211161685330268e-01,-6.865257998601673739e-01,-6.552025063024982110e-01,-7.294042545002581424e-01,-6.910330948358567316e-01,-6.393865405750569497e-01,-7.019006881929575892e-01,-6.104647659476144517e-01,-6.361589020109780224e-01,-6.734775796265910497e-01,-6.654139656822729565e-01,-6.317155441971601393e-01,-5.405868215164829627e-01,-5.002687694055373280e-01,-5.634690171919917168e-01,-5.749635481193194897e-01,-5.528185315423496116e-01,-4.549635267766997671e-01,-5.785360664375396311e-01,-4.971914922177915197e-01,-5.636383361828067873e-01,-4.825784665381125937e-01,-6.104910376160243013e-01,-4.308975262979372056e-01,-4.637171002941584685e-01,-5.147993704462882070e-01,-4.178696918656771842e-01,-3.807186575903592773e-01,-4.873760101139580359e-01,-3.564997119580907703e-01,-3.200882902771659544e-01,-4.946911945287623125e-01,-2.978778006441495374e-01,-4.755475797204489208e-01,-3.154418106164016411e-01,-5.023180778947990976e-01,-2.126168631394960151e-01,-2.694975337379429958e-01,-2.387285430515721230e-01,-3.339093950384853793e-01,-1.871880995293021266e-01,-1.874259315703430129e-01,-1.062110423506572865e-01,-2.647068584697450100e-01,-1.042962086487940615e-01,-1.363738089217322869e-01,-2.123866908429835609e-01,-2.967836582404091428e-01,-3.015453409960665021e-01,-1.094455623396943245e-01,-1.714189180460755635e-01,-2.977439035606834275e-02,-5.391068131969401628e-02,-1.327380992078035227e-01,-4.928369846564426698e-02,-1.670424142611607043e-01,-1.960779710648828320e-02,-2.075910665189631965e-01,-1.051899421006928514e-01,4.112197121013398682e-02,5.065738462700178357e-02
-8.015882622306479410e-01,-7.876777744835756767e-01,-7.777171325075235009e-01,-7.617132503686930844e-01,-7.888318624036261273e-01,-7.522929703047128713e-01,-7.992658714943011722e-01,-7.424417136857436317e-01,-7.468264243000516389e-01,-7.437711679259613184e-01,-7.515284373924142614e-01,-8.032017479539528271e-01,-7.510711419056398386e-01,-7.809011953500248904e-01,-7.283278841533146197e-01,-7.650695323925205127e-01,-7.932923581537283386e-01,-6.954871352211779989e-01,-6.532795024628448299e-01,-7.332534519695393938e-01,-7.537547734156646584e-01,-6.743675746245010316e-01,-7.803132919123948463e-01,-6.866838122983592863e-01,-7.018274244083240188e-01,-6.377295186935489912e-01,-6.802470019375480570e-01,-6.299769489306108472e-01,-5.799769710723083893e-01,-6.806493674130382754e-01,-6.733743765425150851e-01,-6.678690314447296439e-01,-6.041144319821751818e-01,-6.183992831670133139e-01,-5.084136536914551918e-01,-6.424686821715100971e-01,-5.174115241991665837e-01,-5.869892531458490437e-01,-4.132023360161286019e-01,-5.171298755169320138e-01,-5.547330138988780801e-01,-4.644531680855296663e-01,-4.981039330570354307e-01,-5.765412374729405043e-01,-4.620336933932389645e-01,-4.762405515288357094e-01,-4.112973366991769519e-01,-4.146654036881409211e-01,-2.945274202290928955e-01,-2.613677573621884243e-01,-3.511730028562294326e-01,-3.904913316818732216e-01,-3.870475293147875862e-01,-4.079800627689212367e-01,-2.174603308613986263e-01,-5.117399880662304446e-01,-3.172630426991149832e-01,-3.657577860936365166e-01,-4.787451775773833851e-01,-4.398026252089809462e-01,-2.698941584370851410e-01,-1.504803639347978561e-01,-1.673474460139033060e-01,-7.195546088899741621e-02,-2.378919817199970366e-01,-3.553397486287915852e-01,-1.880659146062773623e-01,-5.771541814067025766e-02,-2.283972614210304508e-01,-1.585753183478274819e-01,-2.350389494534260992e-01,-8.879422310122445094e-02,-2.237188851029687509e-01,-1.180780093764372124e-01,-1.332805721066828708e-01,7.022794864191581055e-02,-5.448088724725297372e-02,-1.658241656742794334e-01,1.454187788177179752e-01,-4.404018350402817000e-02
-7.941064838413549598e-01,-7.976960291391024249e-01,-7.769144238799472468e-01,-7.867336711284299566e-01,-7.678888909132460805e-01,-7.781253924324319504e-01,-8.121351573490630527e-01,-7.895281380792469328e-01,-7.681712435132124206e-01,-7.727184657590769890e-01,-7.788642814549944227e-01,-7.839934575588424215e-01,-7.632278798457788893e-01,-8.100387956616866836e-01,-7.373142208525439445e-01,-7.584903521561351392e-01,-7.319177760035937563e-01,-7.291854780664482893e-01,-6.833471982601808659e-01,-7.322933469801858886e-01,-7.061785151604564881e-01,-6.951604670496051019e-01,-6.041785019650112165e-01,-6.461625755491056111e-01,-6.890713621028993208e-01,-7.208286470632352394e-01,-7.039460342067503928e-01,-5.975463935307127050e-01,-6.084468762118098173e-01,-6.742738659686199343e-01,-6.214016088917901914e-01,-6.651193585724239909e-01,-5.561776880596593919e-01,-6.730606680512952744e-01,-6.370923937488354172e-01,-6.344296996584495307e-01,-5.158109859207603565e-01,-6.071473025703718607e-01,-5.617272314267263145e-01,-5.675041984935663697e-01,-5.357324245963119846e-01,-4.797098976534573400e-01,-6.026117288676638983e-01,-4.898412943840271816e-01,-5.326672164397381337e-01,-5.464603819521390848e-01,-3.870317446254606941e-01,-4.555098359155823617e-01,-4.238541634528750768e-01,-3.209035359176450886e-01,-3.591582159845236322e-01,-3.273350109178367329e-01,-3.101999506611036739e-01,-2.069963930248946982e-01,-4.220588472685513071e-01,-4.156267315517338523e-01,-2.807690960415651915e-01,-3.472007326166848262e-01,-3.178923809572075099e-01,-2.102997547905135212e-01,-2.628633238961051166e-01,-2.427701129794486434e-01,-3.957642327803558291e-01,-3.845890345673527722e-01,-4.698111952569316019e-01,-2.505101669550853782e-01,-2.553567673437647789e-01,-8.595610407385119445e-02,-2.998925396907548002e-01,-2.305425446373406476e-02,-7.924382173939369112e-02,-2.586420836623389286e-01,-9.717831441247548174e-04,1.032048592991732933e-01,7.539488598513521822e-02,-2.931039494087809838e-01,-1.097906332806249281e-02,-2.060816166307711528e-01,-9.759306631601602500e-02,6.723309135104879597e-02
-7.794435295638572070e-01,-7.793661291347763198e-01,-7.770090545352218436e-01,-7.814804756779825112e-01,-8.064295926573177287e-01,-8.002175615177431478e-01,-7.471233237143013461e-01,-7.505266008662400123e-01,-7.919118571525697314e-01,-8.313547802754333027e-01,-7.766823483555034269e-01,-7.346805020546514076e-01,-7.798082348090993321e-01,-7.848377908481188880e-01,-7.569091313322583447e-01,-8.011448215833631981e-01,-7.233970041489252711e-01,-6.806292630907091468e-01,-6.979722049528819250e-01,-7.701463843993764380e-01,-7.068993283203558464e-01,-7.354816452147898698e-01,-6.900468881068785310e-01,-6.850886286306656636e-01,-5.717142273583556422e-01,-7.666254793132910583e-01,-7.261709177585687902e-01,-6.231589380313533599e-01,-6.661825187123374681e-01,-6.841840362936120190e-01,-6.547231179822730063e-01,-5.794201698736867190e-01,-5.774722200956323714e-01,-7.064670504952779151e-01,-5.269101598875877146e-01,-6.255066827100523863e-01,-5.063569449253935151e-01,-6.052104977577682510e-01,-6.042831181336844049e-01,-5.305710777772693065e-01,-4.758102789423998558e-01,-5.425632080840502303e-01,-5.967761676585058295e-01,-4.526826231458364047e-01,-4.523379263597268607e-01,-5.883962167270511134e-01,-4.991197239403479813e-01,-5.058978286820354775e-01,-4.560279363004415276e-01,-4.541252203737743409e-01,-4.931898940547109200e-01,-4.450079954479472799e-01,-4.030382730278505021e-01,-4.658724544764661912e-01,-2.077474070898300551e-01,-3.690372858888588126e-01,-3.471449121709690999e-01,-3.856104145618731716e-01,-3.948234423010857919e-01,-4.110713477482013656e-01,-2.142856042782234349e-01,-3.711181135587711122e-01,-4.053111022900213745e-01,-1.444207276397295181e-01,-1.897952057600156561e-01,-3.154252510550029087e-01,-9.494736336667410070e-02,-1.616850505468168386e-01,-1.067488509761783805e-01,-7.950164377367364976e-02,-1.449542686517001910e-01,-1.196854315069747904e-01,-2.654970964297928560e-01,2.710217075805446477e-02,-1.430303274819775261e-01,-2.891631816996118043e-01,-8.684638888989347494e-02,-1.066198714280339466e-01,-4.267236287193024863e-02,-8.687394955348438919e-02
-7.911685315832183152e-01,-8.149398257237225884e-01,-7.803251904394962191e-01,-8.035497981260283362e-01,-7.951223223848027377e-01,-7.865958693774176558e-01,-7.703765767933599129e-01,-7.745391978176850989e-01,-7.560614109612605604e-01,-7.722944517609792170e-01,-7.819742289830500237e-01,-7.499309247499853504e-01,-7.408798531900421258e-01,-7.416531200913724087e-01,-7.712313732180431369e-01,-7.492927721048514567e-01,-7.156080256985908328e-01,-7.939368333555004709e-01,-7.039523934308571373e-01,-7.702017896375490391e-01,-6.916746991206553785e-01,-6.507548409707922810e-01,-6.638934816233177383e-01,-6.981946660327379428e-01,-7.441416993921592393e-01,-6.499220055818237807e-01,-6.982804762220869987e-01,-6.262171958886579848e-01,-6.881858847099728838e-01,-6.638148998304994608e-01,-5.458284580111368856e-01,-6.504584426572171951e-01,-5.822734953812145342e-01,-5.778204317912022381e-01,-5.879777804542032360e-01,-5.146847818450777101e-01,-4.566248207680009275e-01,-5.489503623526023057e-01,-5.296873186295534275e-01,-7.158126971992333498e-01,-4.870288799792785173e-01,-5.741364634255352595e-01,-5.130065367120092423e-01,-5.610178674835940571e-01,-4.369196083751124005e-01,-4.816371544016665451e-01,-4.154461645683941162e-01,-3.552325324357883951e-01,-4.272683197364944840e-01,-4.493296956990900370e-01,-5.333709204550542982e-01,-4.473215770213939124e-01,-2.895175895732332028e-01,-4.571616941421713931e-01,-3.484472823310893475e-01,-4.374815216700352338e-01,-4.863776371129278076e-01,-2.943127041631021235e-01,-2.377125841420621444e-01,-4.507641000575493551e-01,-2.575351067450567522e-01,-3.181317916855891936e-01,-2.878379936621039970e-01,-3.578730835206592742e-01,-3.146674986943375774e-01,-3.212178889324012188e-01,-3.007591511839321496e-01,-2.179034765009114083e-01,-3.035401509366013051e-01,-1.669895646850940996e-01,-2.275306952967489638e-01,-1.576099973400438836e-01,-8.444528569153850195e-02,-1.865794191512959443e-01,-3.356195307547802376e-01,-1.490516151078018769e-01,-8.584609762651289333e-02,-8.629890170763877821e-02,-1.327450328679748550e-03,-1.343821897976560653e-01
-8.165597686221469642e-01,-7.744896129262514028e-01,-7.733144614006910444e-01,-8.007395833137624930e-01,-7.879860913543302869e-01,-8.048251077421039179e-01,-7.652733109025156022e-01,-7.887399254906998225e-01,-7.988184007102143713e-01,-7.767901888779993325e-01,-7.736138517910400303e-01,-7.744171516827581536e-01,-7.227470186300964938e-01,-7.869239243030838882e-01,-7.941300902312093957e-01,-7.142429279225995797e-01,-7.901707420685780692e-01,-7.607987356282743807e-01,-7.277324344540047063e-01,-7.244793281672560203e-01,-7.380287817435827735e-01,-6.656635194223827767e-01,-6.732516575224153366e-01,-7.658631433469784699e-01,-6.862690469492219725e-01,-6.325917578394046892e-01,-6.606273994775117009e-01,-5.938311772918687392e-01,-5.766590304181120619e-01,-6.349953241933591341e-01,-6.717536623354932734e-01,-5.476545730958014557e-01,-5.673830272281513709e-01,-5.734078119622153524e-01,-5.105023025310703177e-01,-5.567998956030366653e-01,-6.010014824520146792e-01,-4.604653278875319722e-01,-5.370286600153081347e-01,-6.023369877112674242e-01,-6.118130392476521795e-01,-4.283229702462149069e-01,-5.503380993734097171e-01,-3.812673299158426676e-01,-5.890461650315856890e-01,-3.588044138959508023e-01,-4.605650735017458586e-01,-4.737259306999990760e-01,-3.690822317756998205e-01,-4.945326519898323725e-01,-2.728953945077438048e-01,-3.465352811916022069e-01,-3.549170516890505223e-01,-4.039340775974620823e-01,-4.450095980767385107e-01,-3.217107941942016214e-01,-2.474282640019044577e-01,-2.963535903448265563e-01,-3.418081486580435979e-01,-3.581099394423176152e-01,-3.447988985351521651e-01,-1.980976272195460186e-01,-3.810126903736822390e-01,-4.039725861219632952e-01,-3.125860254549394091e-01,-1.010795129469829745e-01,-1.666601270672052881e-01,-4.024992911066711532e-01,-1.333885695336581578e-01,-1.100672387625265536e-01,-1.631260766938328888e-01,-1.114483014562170776e-01,-1.866742725239482481e-01,-4.478993147791832802e-02,-6.968937994940675729e-02,-2.324216334195230993e-01,-1.367036183123405135e-01,-2.929915766993823611e-02,7.833814672617310515e-02,-2.619680794470536922e-01
-8.124306405839190059e-01,-7.677803958906458393e-01,-7.982170974087801074e-01,-7.983714728282556017e-01,-7.627988572806759793e-01,-7.777507054750072424e-01,-7.773531006690900247e-01,-7.327238977450046820e-01,-7.694601028265743992e-01,-7.743632643410409688e-01,-8.101645776880608274e-01,-7.403101542333206941e-01,-7.872237713049188290e-01,-7.634468158047478248e-01,-6.845199372460845089e-01,-7.674803440908494201e-01,-7.112488158221313972e-01,-7.450763749205039366e-01,-7.835283664662102687e-01,-7.333237598944488678e-01,-7.459241117176443892e-01,-7.068955278556501298e-01,-6.432055453915194176e-01,-6.821967759721523361e-01,-7.025691359596794028e-01,-6.613232994676628840e-01,-6.948220867794147049e-01,-7.471786003480621607e-01,-6.142252371905112529e-01,-6.340600339415792819e-01,-6.245454449089637983e-01,-6.358663760691585232e-01,-5.842695882545476671e-01,-5.511851130800557996e-01,-5.519122867334534943e-01,-6.473262835594811859e-01,-6.371609258196737624e-01,-5.853381908256879429e-01,-6.331114046525210259e-01,-5.172323173830698506e-01,-5.181097637267192413e-01,-5.665233522650894304e-01,-5.678975315876259033e-01,-5.325749177859869787e-01,-6.292806489344381360e-01,-5.961507445762398438e-01,-3.855142157080346244e-01,-5.973441385841169460e-01,-4.630095081803402568e-01,-5.697923137994792553e-01,-4.490519194517135215e-01,-4.097954258119014814e-01,-4.285880020878123364e-01,-3.899832888792330587e-01,-4.676489302161231376e-01,-3.904390631055312255e-01,-3.546363793350354454e-01,-3.674498349463642954e-01,-2.299470115135205106e-01,-3.804905485820790911e-01,-4.928761745233714575e-02,-2.620967705256412872e-01,-2.263542462681674694e-01,-2.710959915815659982e-01,-2.847237272606923386e-01,-4.280220949175068679e-01,-2.562689574490716882e-01,-1.925481666025535832e-01,-2.496133038650479308e-01,-3.341804608270061427e-01,-1.038267765593523934e-01,-1.549116045492594240e-01,-2.541173756870467870e-01,-3.177920328827573693e-01,-1.064159845768241353e-01,-2.233818423549410737e-01,-1.678501414263773861e-01,-1.101067436319701914e-01,-1.907945230390202529e-01,-9.907966813411309137e-02
-7.788305032838660491e-01,-8.024310653920699865e-01,-8.175007792363911951e-01,-7.987057623572317855e-01,-7.468430642990504520e-01,-7.939886470329509116e-01,-7.811567920745877691e-01,-8.003200853951847327e-01,-7.816934173915972561e-01,-8.153477868409769735e-01,-7.366179410848673337e-01,-7.201975515040345277e-01,-7.412909788473691641e-01,-7.603128465394038971e-01,-7.668230117375628430e-01,-7.839156418646656688e-01,-7.350075895765149081e-01,-8.067206384743769165e-01,-6.796109195943722536e-01,-7.043076568718905639e-01,-7.383815939891247293e-01,-7.388052807823680679e-01,-7.140454708157524255e-01,-6.730487909809931280e-01,-7.273993524685319345e-01,-7.514384691628345214e-01,-6.423366139830434252e-01,-7.578690503586974492e-01,-7.470274735672588484e-01,-5.853453472342858843e-01,-5.552736624128910004e-01,-6.308949854262521084e-01,-6.720693484717596977e-01,-6.264845232670848141e-01,-5.385753190330796469e-01,-5.983061772153771551e-01,-5.130433847606540310e-01,-5.049025072169881501e-01,-5.705988391670653304e-01,-6.471316349666599299e-01,-5.967875242144907721e-01,-4.321622412710303673e-01,-4.512042847756602693e-01,-5.839709575001812425e-01,-5.333693070084887244e-01,-4.207811204763375890e-01,-4.725431922815948038e-01,-3.805694893208419471e-01,-2.369516960169246456e-01,-5.950763850630937934e-01,-4.982250814549996076e-01,-4.669296797621752537e-01,-2.871278494284760785e-01,-5.369825224435909039e-01,-3.565050399220052180e-01,-3.533668694250981512e-01,-3.379787447350040552e-01,-3.375134673959493958e-01,-3.625776385551702785e-01,-5.317928838574366157e-01,-3.516890010058003058e-01,-4.175573210630338372e-01,-1.540091748782685122e-01,-3.665407320914432776e-01,-2.465470047078715254e-01,-3.673162565832018278e-01,-3.509546710346151399e-01,-3.192276803485130099e-01,-2.406415636856699680e-01,-2.965842901329690529e-01,-2.848893724790744764e-01,-2.989364573063290620e-01,-2.578474731259647323e-01,-2.286724771908971721e-01,1.052653291635330434e-03,-5.521577993409932522e-02,-2.822370545116970053e-01,-1.827187142870965175e-01,-7.747661253312577989e-02,-4.684789265919142576e-02
-8.155683579587625909e-01,-7.737379671872496312e-01,-8.063331956546250234e-01,-8.037652951169148574e-01,-7.937108217608700445e-01,-7.512960546390510252e-01,-7.567143241841279844e-01,-8.187449254527129350e-01,-7.471615556555766258e-01,-7.561763227457249936e-01,-8.005539065372949681e-01,-7.669626165747778224e-01,-7.495000266038650549e-01,-7.140012928200201170e-01,-7.458083014401399868e-01,-7.911431932148311752e-01,-7.962572587280561942e-01,-7.118224396029196877e-01,-7.256144508836431806e-01,-6.661315743534379497e-01,-6.878004083266470170e-01,-7.849551985999431158e-01,-6.905447623821999725e-01,-7.290096747921113174e-01,-6.947529902556032200e-01,-7.392610441584712699e-01,-7.044382124406304291e-01,-6.826722093090908938e-01,-7.566953812059277196e-01,-5.912266683099930420e-01,-5.740407741824561372e-01,-6.424316494438269132e-01,-6.819721338207134220e-01,-6.644252554713379055e-01,-6.124319186588879083e-01,-6.358166136642704469e-01,-5.473948177917375979e-01,-6.360006664113735386e-01,-6.142822850848607130e-01,-5.226577354856318802e-01,-5.881523692114999369e-01,-6.042189610378839726e-01,-6.080572381868928344e-01,-4.859820747818572872e-01,-5.098851875847170145e-01,-4.373582343110615778e-01,-6.063743773251678570e-01,-4.341146568512619930e-01,-5.182226342909825867e-01,-5.518471878299909816e-01,-4.368326206421704327e-01,-4.124003758578363987e-01,-4.128852259014349491e-01,-4.492107825676972532e-01,-3.065617498136194441e-01,-3.393232222027581790e-01,-3.050275077840704507e-01,-3.367102015517561830e-01,-4.419366412074894890e-01,-4.212814109239937932e-01,-4.636183122089193032e-01,-3.078317476460351587e-01,-3.078095380143366366e-01,-4.171237197073650038e-01,-3.492288330666320495e-01,-2.676549086685632850e-01,-1.836219161534727584e-01,-2.386133598800046218e-01,-3.520279289203804285e-01,-1.328506150379501483e-01,-2.983400650805084209e-01,-2.816683881871472894e-01,-1.595212021235797861e-01,-9.694793930012608751e-02,-2.307001789341297515e-01,-2.560329490644281392e-01,-2.484314953842790830e-01,-3.342955333814270902e-01,-2.069029622202147034e-01,-1.244773608483843996e-01
-7.526640127391333035e-01,-7.918938743466408248e-01,-7.967579537966797965e-01,-7.961822085048901876e-01,-7.892748085103740152e-01,-8.070479601850686358e-01,-7.838440220213094278e-01,-7.901646649318045945e-01,-8.003638201968420463e-01,-7.615798062437598714e-01,-7.811070914179140123e-01,-8.023105936443134523e-01,-7.722778717426693751e-01,-7.292712444500043523e-01,-7.479087667011886653e-01,-7.231322698174990071e-01,-7.325085032898369652e-01,-7.158453483405882167e-01,-7.025973706557455678e-01,-7.008187914110919348e-01,-7.525979561214435343e-01,-7.035308648705882462e-01,-6.962877734730198442e-01,-6.844292583978036637e-01,-6.769409392366453337e-01,-7.478585183047273821e-01,-7.219602368531918835e-01,-6.187470540445120237e-01,-7.023006691542691415e-01,-6.490962650884239959e-01,-5.794966612349387036e-01,-6.364563267935265944e-01,-6.121540668832808896e-01,-5.464294419136420666e-01,-6.117040370612188971e-01,-5.634234770355368571e-01,-6.144646826966974063e-01,-5.912810483858017552e-01,-5.018843986120830047e-01,-5.298511361589172131e-01,-6.862978300238971041e-01,-5.810271675691055515e-01,-6.681062867025917562e-01,-5.027347196524237782e-01,-4.610750045088410354e-01,-5.211771192310413747e-01,-5.200114672302341701e-01,-4.823160165503058705e-01,-3.292479196996330737e-01,-6.368167912257580721e-01,-5.559629430689205787e-01,-5.752410442327982043e-01,-3.939907244049354329e-01,-4.866236095278118623e-01,-4.038636373187899919e-01,-4.898742545352678390e-01,-3.796875537013753021e-01,-2.522589611360159800e-01,-3.934502885035701114e-01,-3.943622649641957967e-01,-5.165479783483993836e-01,-3.522690356953938062e-01,-4.458387466527014009e-01,-2.588849928127533451e-01,-4.157108694481211342e-01,-2.656350061788652628e-01,-2.609824784970783407e-01,-3.442905142798275420e-01,-4.181460378702773206e-01,-1.452694281388384190e-01,-2.520091811792792291e-01,-1.049112737243578508e-01,-1.987681012301655836e-01,-2.080126166929747444e-01,-3.031033428977952804e-01,-9.375470104290341278e-02,-1.410154850366541202e-01,-9.577073274065875386e-02,-4.125741442823154248e-01,-3.715569477552823630e-01
-7.972714991500349235e-01,-7.951365057043860984e-01,-7.845269630752724765e-01,-8.067710082483156020e-01,-7.937863948681033177e-01,-7.812884274402506213e-01,-7.805368364118546731e-01,-7.914264359840729179e-01,-7.933292905684499186e-01,-7.745011000339404594e-01,-8.002903897698419033e-01,-7.571417248736127537e-01,-7.678446248482360126e-01,-7.260943086562832161e-01,-7.695765769355926711e-01,-8.008207166083145534e-01,-7.435330235181276670e-01,-7.367929424525291315e-01,-7.037217800689837821e-01,-7.320545382673554480e-01,-7.222991555139266495e-01,-6.938216705693910358e-01,-7.245242877692433803e-01,-7.431360661360421060e-01,-6.579473600574224923e-01,-7.598372293714018566e-01,-7.403307537310773734e-01,-6.692190340238080015e-01,-6.159134201237959072e-01,-5.910064096462855909e-01,-6.502945041307823804e-01,-5.911258261810968806e-01,-6.144820753969446603e-01,-6.086994517851430642e-01,-5.548185806850665092e-01,-5.405394528939208021e-01,-6.275800267005940958e-01,-4.892101314212571328e-01,-5.099644212647157504e-01,-5.939649380745600782e-01,-6.595316002155248158e-01,-4.976168629986407743e-01,-5.642042443408097352e-01,-6.279297495138180807e-01,-5.795103250135550388e-01,-5.106564925522526499e-01,-6.487051212560938085e-01,-4.470819789185670468e-01,-4.190198819833981236e-01,-5.084107648038415084e-01,-5.747417031310689817e-01,-3.305795059536909553e-01,-4.620418186341030964e-01,-5.133284863100213702e-01,-3.998355650378518922e-01,-4.698719996657652609e-01,-4.567180139485607637e-01,-3.538058892668031197e-01,-2.564714824485256339e-01,-4.387794177553868136e-01,-4.185602883690462961e-01,-2.899023869128359299e-01,-4.362673650131020930e-01,-4.580216157241888686e-01,-2.290392102237101268e-01,-3.700582558767855912e-01,-2.635555632834208351e-01,-3.686057508735347543e-01,-3.656667936488059434e-01,-3.397112350678702652e-01,-3.704636514370283629e-01,-2.504052599356624276e-01,-1.599130961919712490e-01,-2.213512297627469594e-01,-1.474456361724401643e-01,-4.216173093494621910e-02,-2.999645859083853172e-01,-3.333453602900106061e-01,-2.066377719654794720e-01,-2.101629341748767754e-01
-8.194100656228378021e-01,-8.275196733477595545e-01,-7.801077653077154173e-01,-8.040342167163827547e-01,-7.662201651802207358e-01,-7.880261989778478693e-01,-7.815828103902778823e-01,-7.859582955964565798e-01,-7.629787305512425455e-01,-7.654599295013219118e-01,-7.250659767401058664e-01,-7.943263963172709774e-01,-7.455590318168969777e-01,-7.716073986390487027e-01,-7.835468592430280266e-01,-8.007378410310326267e-01,-6.946831069500446487e-01,-7.737468831298470739e-01,-7.603670790630455700e-01,-7.202501791651628738e-01,-7.285363962003086336e-01,-6.847502991926209814e-01,-7.126669025546021885e-01,-7.186135138966937008e-01,-7.241490321324468571e-01,-7.064413328295867656e-01,-7.492129236216146237e-01,-7.200338702945087155e-01,-7.413163053610057895e-01,-6.071840838337630997e-01,-7.166440898402348658e-01,-6.436643454569271894e-01,-6.135638859472131168e-01,-5.695367685800645230e-01,-6.079570108570098164e-01,-5.051585694658843328e-01,-6.599784067007354871e-01,-6.888870500279461462e-01,-5.496156218640965152e-01,-5.705028421335680555e-01,-6.147628472778610131e-01,-6.221526980804408247e-01,-5.206296704544203235e-01,-5.781903951534104191e-01,-5.071981417316677732e-01,-5.578678570397429537e-01,-5.154375051865461854e-01,-4.378832692756393086e-01,-4.282579559134235825e-01,-4.898645674527927207e-01,-5.473380396445370888e-01,-5.797661880465104778e-01,-4.600521807986883149e-01,-4.462573697580140553e-01,-4.124274212853366595e-01,-4.657829074653979107e-01,-4.311899569645381569e-01,-4.515447486966751578e-01,-3.959445506731995024e-01,-3.321046442195171311e-01,-3.081206963244266794e-01,-4.105506136398079375e-01,-3.691036901426952288e-01,-3.457427627245801549e-01,-2.186652781165026593e-01,-4.201655492345520715e-01,-2.874059093160216127e-01,-4.121511198148641308e-01,-2.355953893980788361e-01,-2.623367958524022714e-01,-3.085499027635551506e-01,-3.541190546938391970e-01,-2.159217388729698650e-01,-2.196009558471767875e-01,-2.645148660508278016e-01,-2.570616817421370048e-01,-1.128727667634938786e-01,-1.741006940242245116e-01,-1.092568659534778747e-01,-1.724953519479694164e-01
-7.930301685569653980e-01,-7.729183670504456982e-01,-7.642086336668746371e-01,-7.917108378539804425e-01,-7.633736035105948003e-01,-7.916542543890884298e-01,-7.950353438325100663e-01,-7.679182903726798903e-01,-7.543992524863036842e-01,-7.405850247898955185e-01,-7.935895529205096999e-01,-7.897653984328136811e-01,-7.549874789819566168e-01,-7.854939318491039879e-01,-7.614909978019092085e-01,-7.808453096802167037e-01,-8.135337476397198619e-01,-7.557457912507484776e-01,-7.766667329034612210e-01,-7.387783765254755108e-01,-7.514644441733918656e-01,-6.913058356279947470e-01,-7.248764813449030120e-01,-6.966348871250628294e-01,-7.203205038405638971e-01,-7.088154829407778967e-01,-6.809692772187582177e-01,-7.341879888673338295e-01,-7.109357313449293780e-01,-6.755330494038787048e-01,-6.538128433012906360e-01,-6.369780300958236552e-01,-6.602091192485713966e-01,-7.163388906204394280e-01,-5.554937796716263865e-01,-6.102219766322556360e-01,-6.517576452682317667e-01,-5.768597281126961462e-01,-5.266259491280671501e-01,-5.642945913089387755e-01,-6.250622248278552284e-01,-6.131353165546067352e-01,-6.187508998767847768e-01,-6.053172668449066096e-01,-6.211399703126959659e-01,-5.787489496182726123e-01,-5.338028721482829253e-01,-4.946499125077791215e-01,-5.504761211661779452e-01,-4.706934510188866549e-01,-4.188998556958878350e-01,-5.473988650740000406e-01,-3.699389574771130840e-01,-3.863915116338582090e-01,-3.931100048929740409e-01,-4.791560081773932889e-01,-3.001155785862928416e-01,-4.249461690911595091e-01,-4.206200166617938274e-01,-3.696739078278125645e-01,-3.086280698711350579e-01,-2.405689057593386748e-01,-2.626514340684590332e-01,-3.206174440500355050e-01,-3.047748135987872753e-01,-2.305860325555927348e-01,-2.345741968927778365e-01,-3.309689301252774496e-01,-3.067483673125506183e-01,-2.287463833099324662e-01,-3.755459222105839157e-01,-3.648431283945227643e-01,-4.037221683137512396e-01,-2.022548941710705372e-01,-2.276295373914134224e-01,-2.212704081919720234e-01,-1.766704706305914085e-01,-1.429763985197039233e-01,-1.357780651563322560e-01,-7.663089431007653884e-02
