X,Y,Z
0.17319092333769495,0.4579608848725495,0.8719384909500143
0.20670885918654275,0.45637605321547,0.8654434386979133
0.2422047842173888,0.45294026759948025,0.8580104640906889
0.27958712571238686,0.447302267798758,0.8495597214781161
0.3186794566407521,0.4390856859256791,0.8400280735370282
0.3591940911403826,0.42790604838003765,0.8293829143704466
0.40070385331247776,0.41340071080006624,0.8176406755112738
0.4426180749859722,0.39527561323264604,0.804889078866938
0.4841744754825384,0.3733695276836587,0.7913092145858599
0.5244640700967735,0.34772793952073006,0.7771889855461117
0.485113757353222,0.3759232713824659,0.7895228536652655
0.5255832020407769,0.3505327554711874,0.7751703587433803
0.48615274373672857,0.37843673522270244,0.7876808663356201
0.5267721330358291,0.3532907480325571,0.7731085093384235
0.48729665148423634,0.38090654504978505,0.7857812528881603
0.5280341160957461,0.35599836165964144,0.7710026839996313
0.48855048122074274,0.3833290736414392,0.7838222047123804
0.44650777130025615,0.40704815977312064,0.7968328593838198
0.48919785352638634,0.3863189148883537,0.7819483078213427
0.44706353038408336,0.4097424385516055,0.7951385626733894
0.48991699138808564,0.38927468537768684,0.7800298461426648
0.4477241473939979,0.41240928848487535,0.7933862026854996
0.49071200138267074,0.3921933096720136,0.7780656396137321
0.44849555296747956,0.41504585903400554,0.7915735429302315
0.4915867765012065,0.39507148501835965,0.7760547422022116
0.4493835168292478,0.41764900477599204,0.789698527041681
0.49254491777336673,0.39790568181294317,0.7739964937624746
0.4503935502545556,0.4202152727097597,0.7877593379139084
0.40607197837733744,0.4386883317156634,0.8016595885993277
0.4507359465860793,0.42324937584868233,0.7859370663729076
0.4063813769332426,0.441438398197747,0.7999914481283217
0.45115969996279326,0.4262559660115965,0.7840668189440253
0.40680690270868997,0.4441713990297558,0.7982605540752418
0.45166923636464346,0.4292320387387515,0.7821475294610057
0.4073549600358922,0.44688471942771063,0.7964646784862296
0.45226871146012104,0.43217431437858983,0.7801784248654905
0.40803172777246577,0.44957539080515035,0.794601835583969
0.36208177656546353,0.4629479585082352,0.809058696753366
0.40801839801227635,0.4526310090445967,0.7928720934266548
0.3620625624660012,0.4657277966255874,0.8074703216284971
0.4080913136395007,0.45566900849107883,0.7910924310298664
0.36216419108854764,0.46850406827162966,0.8058169995142261
0.4082553585974549,0.45868671527311294,0.7892617179417902
0.36239360064934234,0.4712747290346193,0.8040963922203302
0.4085151584472849,0.46168113466152744,0.7873791305441327
0.3627575223706458,0.474037335869112,0.8023064153835648
0.31573342725962755,0.48224097668697474,0.8171634128587024
0.3624179702562046,0.47706761088774047,0.800662044483961
0.31541672705267676,0.4850079617237288,0.8156467160235314
0.36216910897149474,0.4800903316528776,0.7989660881165255
0.31522514850605365,0.48778515326922606,0.8140631118036574
0.3620162013379531,0.48310315938818665,0.7972174153629554
0.315166058970464,0.4905710828567832,0.8124102214631161
0.3619642503851208,0.48610338678930204,0.7954152241408936
0.31524661865542236,0.4933638330423646,0.8106859426880847
0.2676874937397166,0.49640675749634916,0.8257867380912036
0.314616337010406,0.4963327023338765,0.8091170552399117
0.2671103703057708,0.4991300713435391,0.8243307721756526
0.3140808892379162,0.49930420089911803,0.8074952074037424
0.26666235789457593,0.50187766777992,0.8228061700460767
0.3136458310656191,0.502276299538907,0.8058193417737374
0.26635114008878075,0.5046486215621411,0.8212105935317917
0.3133164404512861,0.5052465454367323,0.8040887615600555
0.2661841708363537,0.5074414945822951,0.8195420164776479
0.21860564288186649,0.5054030510970059,0.8347330883833726
0.2653024374905457,0.5103238798842847,0.8180367682943263
0.21780878552405217,0.5080640384447408,0.833324826095898
0.2645194888571033,0.5132191604588097,0.8164775155218492
0.21714483033255247,0.5107637216949602,0.8318464661583652
0.2638410759078868,0.5161255552533006,0.8148633614773958
0.2166216498008933,0.5135016381903024,0.8302958077778154
0.16942922477834327,0.5066790007684883,0.8453224993878111
0.21542138271279512,0.5162546585866858,0.8288997257555658
0.16831257517962228,0.5092123197944182,0.8440223281442212
0.21431717318207394,0.5190322529903773,0.8274501009939984
0.1673236842561537,0.5117988127758228,0.8426534043889015
0.21331512368232097,0.5218333395225283,0.8259458963946499
0.1664706811740109,0.5144389995331153,0.8412134259917802
0.2124210936980105,0.524656323931998,0.8243864510715248
0.16576150332705,0.5171327941273391,0.8397004211341135
0.11946820092960916,0.5054742712339103,0.8545309298598793
0.16437716181902787,0.5197641047407165,0.8383468399746029
0.11819883392034389,0.507920279110808,0.8532561313743194
0.16309204835036348,0.5224303708106235,0.8369393594637292
0.11705995050378402,0.5104343651829453,0.8519118069544143
0.16191230619423025,0.5251306413408651,0.8354772376479191
0.11605965781765663,0.5130173474224496,0.8504959477098536
0.07098545487332036,0.4968890741615125,0.8649059562607618
0.11442582078879511,0.5154782279961886,0.8492284309882236
0.0694670586182807,0.4991709096063287,0.863714496097938
0.11288751381924682,0.5179849173296996,0.8479080343071729
0.06807285530759795,0.501534442938181,0.8624553837254187
0.11145106844079895,0.5205370925053567,0.8465339890810494
0.06681099763522523,0.5039813536204879,0.8611266374917493
0.11012256576688657,0.5231337937192309,0.8451059426946678
0.06568942972058014,0.5065125598087631,0.8597266574783866
0.022307049879241047,0.48598646912905863,0.8736816052482481
0.06393801338410467,0.5088480447671919,0.8584786530724571
0.02069998363817689,0.4881907925744662,0.8724914101141019
0.06228472561674622,0.5112396758257713,0.8571782818156366
0.019218809864042546,0.4904920840168345,0.8712336958957869
0.06073577851658037,0.513687005376818,0.8558252308240171
0.017871448303389867,0.49289196471288904,0.8699069619545573
-0.02359881019842577,0.46836353793978486,0.8832206363563674
0.01593565527016828,0.49504580717091284,0.8687207282513809
-0.025390131617432067,0.47039984053407313,0.8820880518644203
0.014093731169425496,0.4972659026081008,0.8674837109969701
-0.02706269392982551,0.4725460388492823,0.8808903744309579
0.012351950097869938,0.4995522588360833,0.8661956880639309
-0.028608688029448978,0.474804363577433,0.8796262611456428
-0.06786217531327766,0.4465181422308739,0.8921974410523935
-0.030701373616224437,0.476771307052428,0.8784910622366039
-0.06981080354721314,0.4483831760402996,0.8911110924862883
-0.03270487641359449,0.4788140654858626,0.8773069484232254
-0.07164839458520156,0.4503703846356375,0.8899623723486916
-0.034612915715767245,0.4809330286911969,0.8760738370591634
-0.07336731647158862,0.45248249403110863,0.8887501501935995
-0.11013180986400038,0.42070648749704526,0.9004871103097358
-0.07559120643965758,0.45426187163418047,0.8876554069504723
-0.11221307591450978,0.4224019258803076,0.8994358446306283
-0.07773094067332796,0.456126087735272,0.8865138989036522
-0.11419153978549638,0.424231172354651,0.8983252220905388
-0.07978027286039245,0.4580758247565303,0.885325729229613
-0.11605979223364975,0.4261973141124292,0.8971543758295076
-0.1500963566898465,0.3912187118193098,0.9079752217053472
-0.11839138041950192,0.4277924486165519,0.8960898961315318
-0.15228832379667087,0.3927504942637214,0.90694835337565
-0.12064410419096289,0.4294809035092991,0.8949810912219299
-0.15438616894943233,0.39442705526197214,0.9058654474669439
-0.1228117773324506,0.4312635487715534,0.8938282938290837
-0.1563827286169866,0.39625168897517654,0.9047259481050745
-0.18748625942207764,0.3583729494560509,0.9145587633531748
-0.15880093907834353,0.39766930987034393,0.9036821242755003
-0.18977003250254992,0.359750636320222,0.9135462847777208
-0.16114576632403294,0.3991881721316021,0.902596723474039
-0.19196873873131667,0.3612833651492102,0.9124814153813601
-0.16341109357723485,0.4008092128513276,0.9014703485913398
-0.19407545866258766,0.36297446272344247,0.911363953508989
-0.22207504825135185,0.32250976795263764,0.9201467940058781
-0.19656177716295636,0.364224152729707,0.9103319363434788
-0.2244349595755871,0.3237459151879617,0.9191395603059492
-0.19898030391655652,0.36558240364983113,0.9092614281904225
-0.2267191501344517,0.3251465836116918,0.918083942854877
-0.20132498345911526,0.36705008440803,0.9081533386885967
-0.2289209159466407,0.32671493852845646,0.9169801323826476
-0.2536801636000117,0.2839869725426284,0.9246608967734841
-0.23145942048199808,0.32780861223524727,0.9159519913262589
-0.2561038470904707,0.2850965260411932,0.9236507945888989
-0.23393574220509725,0.3290174992248448,0.9148888204163278
-0.25846133734981713,0.2863791813300959,0.9225967166622956
-0.23634386047104544,0.3303422514624294,0.9137918671756584
-0.2607460879426667,0.28783772988747564,0.9214992777402594
-0.2821634446775211,0.24317471907600313,0.9280354769565777
-0.263323387146087,0.2887891400737464,0.9204681560800342
-0.2846418018650754,0.24417442086442043,0.927015586075298
-0.2658440158835245,0.2898616552152975,0.9194058842833064
-0.287063526949224,0.24535475214208852,0.9259565740879896
-0.3051077481532679,0.19904082001071244,0.9312851410745826
-0.2897167972575499,0.246044538868955,0.9249466267193968
-0.30767870966346306,0.19975243428087772,0.9302863949444224
-0.2923251650101786,0.24685933752919398,0.9239082559304356
-0.31020926097881657,0.20064772983867846,0.9292527658896481
-0.2948825801485577,0.24780029098421882,0.9228430417536159
-0.3126931042840363,0.2017298838593485,0.9281853675270402
-0.32722225698581686,0.15408869957438454,0.9322994514621272
-0.31536242481553656,0.20229376742963398,0.9271589791797253
-0.32983158985809446,0.15470781574567402,0.9312768729432104
-0.31799228896010895,0.20298726905792036,0.9261085642419674
-0.3324101626164155,0.15551626639591815,0.9302247979255348
-0.3434129868689951,0.10683285387783409,0.9330885605246871
-0.3351181797247433,0.15582991655605524,0.929200109085286
-0.3460761346536487,0.1071760354003502,0.9320647007901611
-0.337798280973143,0.15627548077042022,0.9281542412129374
-0.34872438666426886,0.10770956226673115,0.9310155489259773
-0.3404443082108358,0.1568543150635628,0.9270892065237228
-0.3513515071027005,0.10843659631888027,0.9299428063249037
-0.35877539013398907,0.0590359107300363,0.9315551409758197
-0.3540592898048246,0.10864515572238681,0.9288908705768195
-0.3614685430328132,0.05930786680538144,0.9304961414926611
-0.35674412068706035,0.10898892330821425,0.9278227454375823
-0.364155979806071,0.059773841720937165,0.9294178340323586
-0.3680022266486602,0.00992973504824602,0.9297718868321949
-0.3668723654755512,0.05974975985404127,0.9283504907349154
-0.370719150461741,0.009944369523466572,0.9286917793303147
-0.36957681378612484,0.059861824307021416,0.9272699395010772
-0.37344553170170375,0.010152274769121896,0.9275965535560404
-0.3722628832539933,0.06011132970018712,0.9261786943096344
-0.3761748634955972,0.010556217898003678,0.9264885527289362
-0.37648634668793485,-0.039412080949180736,0.9255834476873641
-0.3788806560309261,0.010450498301966519,0.9253865330610858
-0.379232266209989,-0.039445801826158665,0.9244603382425488
-0.3815784885800003,0.010482870544641702,0.9242769966185174
-0.3819956223804632,-0.03928467642275046,0.923328792294772
-0.3787751604860356,-0.08912495955464143,0.9211873421748487
-0.3846870097253455,-0.03960112765707163,0.9221971889118185
-0.38152353542649886,-0.08939328262769607,0.920026430564204
-0.3873806116735029,-0.039779672530472134,0.9210612571120507
-0.3843034367753316,-0.08946901917141495,0.9188613405139939
-0.37757686727667955,-0.1388950835815747,0.9155019743585462
-0.38696589538852805,-0.08998764572500367,0.9176925516876695
-0.3803120795878275,-0.13938933823027605,0.9142938994149025
-0.3896404279064201,-0.09036932014230259,0.916522625426083
-0.38309242968828927,-0.13969424928732926,0.9130858158089922
-0.3923199798070237,-0.09061255904955362,0.9153547932832973
-0.3859106324721412,-0.13980728875943205,0.9118809712647198
-0.37586040451954883,-0.18854809617404109,0.9072918889439857
-0.38855365801494424,-0.14037517541179995,0.9106705578700304
-0.37862911127431,-0.18906297970245986,0.9060326626571767
-0.39121069377004125,-0.14080574265948553,0.9094657420233452
-0.38144818566085176,-0.18938955487117107,0.9047811216873085
-0.36806931510907964,-0.23720743751682294,0.8990314849113104
-0.38404842527573285,-0.19013359521692055,0.903524223810916
-0.370814678817159,-0.23792236866611066,0.8977134400587052
-0.38667121844438024,-0.19074203901018746,0.9022764783485019
-0.3736222675033024,-0.2384533471927267,0.8964074979819588
-0.35700220405825234,-0.2850968355543097,0.8895331475861195
-0.3761697311854695,-0.23936257995481988,0.8950988150239191
-0.35971402754587073,-0.2860010036869827,0.8881493366978142
-0.3787477860244376,-0.2401384744076469,0.8938029020375547
-0.36249919754814625,-0.28672627761883046,0.8867820326888673
-0.34274409528544414,-0.33195623613443664,0.8788239541787767
-0.3649851967130254,-0.2877890125295423,0.8854170149978061
-0.3454136777122659,-0.33303815961499167,0.8773682097554859
-0.3675092655587394,-0.2887211299122699,0.8840684639046109
-0.3481669169657098,-0.33394685703415544,0.8759333848002382
-0.32540054847630984,-0.3775381127061594,0.8669368238260433
-0.3505840534323806,-0.3351508378150499,0.8745082832030764
-0.32802064657628965,-0.37878583756035655,0.8654038044077298
-0.35304613053086403,-0.33622731058942235,0.8731034448053612
-0.3307338280092654,-0.3798665177701581,0.8638961533005642
-0.3050964008774082,-0.42160935381256165,0.8539096784493112
-0.33307596241207826,-0.38119907052180896,0.8624080657650279
-0.30766116102782676,-0.4230106305828669,0.8522949116408564
-0.3354692572978062,-0.3824075393691031,0.8609441626735885
-0.31032747800850774,-0.42425145721881913,0.8507100313506286
-0.2819743623849918,-0.4639529736959937,0.8397845540114571
-0.3125896812993564,-0.4256996214059391,0.849156948673216
-0.2844792280673828,-0.4654954078028685,0.8380844791025707
-0.3149085755619929,-0.42702736652931855,0.8476321237851665
-0.2870931063012993,-0.46688429539775633,0.8364189159895964
-0.25619347857431807,-0.5043696386913821,0.8246066753927688
-0.2892715985020572,-0.4684349358208912,0.8347997683292337
-0.2586350787980847,-0.5060408108929392,0.8228186882454269
-0.2915115902423294,-0.4698689900647387,0.8332131329557466
-0.26119207072287864,-0.5075655418706715,0.8210699866010367
-0.22792747506277602,-0.5426790028053121,0.8084235066014223
-0.2632841512722025,-0.5092054413327957,0.8193846924405831
-0.23030350007670147,-0.5444665578911144,0.8065460093451723
-0.26544179167055376,-0.5107326850176243,0.8177363754226754
-0.23280016845210189,-0.5461148686547084,0.8047127635392171
-0.19736299598689935,-0.5787208454361764,0.791283786559988
-0.2348041423154712,-0.5478308023599151,0.8029622822631134
-0.1996720670094036,-0.5806125490317687,0.7893162443298785
-0.23687696847585143,-0.5494380410724022,0.8012534810084831
-0.20210586463957567,-0.5823721856629089,0.7873981564904098
-0.1646977498076353,-0.6123560029063012,0.7732365594777059
-0.2040209677913754,-0.5841509796127882,0.7855845452393335
-0.16693928946852613,-0.6143397681114243,0.7711795659562987
-0.20600743536191432,-0.5858250073970264,0.7838175790857722
-0.1693084417332256,-0.616198514097872,0.769177510579607
-0.1301385774000325,-0.6434670838330626,0.7543302079962529
-0.17113476868096472,-0.6180270907631542,0.7673039854134375
-0.13231268702392845,-0.645530971245644,0.7521855608924993
-0.09126047717715903,-0.6696937220831781,0.7370087135901287
-0.13396392668704746,-0.6474932039697879,0.7502041169971849
-0.09322002187801698,-0.6719362568927753,0.7347187857908551
-0.1356991108039557,-0.649363592619621,0.7482731292163008
-0.09532169042330686,-0.6740737239666597,0.7324878087671922
-0.05289639643871234,-0.6953257247893021,0.7167454971536483
-0.09688227529511667,-0.6760612127687414,0.7304485343426326
-0.054783940160697465,-0.6976233933897986,0.7143670771359578
-0.09852760409668553,-0.6779607816385642,0.7284651603137888
-0.05681385396023296,-0.6998227161756374,0.712053615904546
-0.013237746193743209,-0.7181296708357938,0.6957833987247645
-0.058286528550330355,-0.7018232783745944,0.7099625106448145
-0.015055592650440076,-0.7204713317669948,0.6933212741809075
0.029770449340167766,-0.7354022473887537,0.6769765541594885
-0.01634668002030969,-0.7225517109287435,0.6911235859716114
0.028177092060390742,-0.7378592183125344,0.6743662398387363
-0.017731379475092634,-0.7245580653353273,0.6889856371067818
0.026432144714046955,-0.7402382962889007,0.6718248331470946
0.07199882253019135,-0.7521426428176542,0.655055428501696
0.025224556233689,-0.7423095939148293,0.6695820999286156
0.07047354576888089,-0.7546205058495806,0.6523659797215705
0.023924177346155918,-0.744310414813815,0.6674051544137163
0.06879888953870891,-0.7570262508467547,0.6497522361078467
0.11488567413779995,-0.7659271679445084,0.6325795248681451
0.06766988483723008,-0.7590778199757203,0.6474732812302172
0.1134244789990985,-0.7684159343806112,0.6298188940907976
0.1601158812956464,-0.7738491609097957,0.6127971774707547
0.1124703393099641,-0.770498614996114,0.6274410785600284
0.15887413201874506,-0.776395450079829,0.6098927079992268
0.1114181353470601,-0.7725247124321989,0.6251332400355405
0.15747871837280425,-0.7788892110987577,0.6070684064367162
0.20428758800884494,-0.7813457949667594,0.5897163132161863
0.15659356374493766,-0.7809340298894086,0.6046656073850641
0.20310311049633145,-0.7838832136752152,0.5867505720703916
0.25008595997475636,-0.7828821021176168,0.5696952051820396
0.2023852583625265,-0.7859286273774818,0.5842571350579134
0.2491144591703085,-0.7854391747930379,0.5665927010937543
0.2015663711688784,-0.7879313060045366,0.5818378253704338
0.24798801574751392,-0.7879627447727734,0.5635748902282357
0.2947022927800634,-0.7840741064233018,0.5462401983254938
0.24732690603195853,-0.7899557070294532,0.5610698552624759
0.29377835989335666,-0.786605654157522,0.5430891456342929
0.3402547620618658,-0.7793371816981768,0.5261751173487457
0.2932724882336984,-0.7885728444967921,0.5405035768313226
0.3395318894628724,-0.7818548882484017,0.5228967677848576
0.3855503233547531,-0.7712448539211325,0.5064902007553714
0.33917743433822556,-0.7837811372662041,0.5202362894891457
0.3850253344106448,-0.7737277526399599,0.503091300517797
0.33871837520447845,-0.7856892435534356,0.5176507267098814
0.38434437981792335,-0.7762099046854314,0.49977753207863346
0.42956759348416956,-0.7629103180467605,0.48315580224810534
0.38402560836778094,-0.7780702998181407,0.4971226615822947
0.42907208621756,-0.7653498020412333,0.47972578140470645
0.47346584995029645,-0.7488726043239298,0.46370239531831015
0.42888777345173495,-0.7671499160814123,0.4770076352008379
0.47314993966665525,-0.7512513736668185,0.4601635667424776
0.4286012045812124,-0.7689444534286589,0.47436845908305786
0.4726833148990684,-0.7536460053888541,0.456714552403853
0.5159684243038003,-0.7346858353664361,0.44046941827256925
0.47251936912195946,-0.755375814314919,0.4540185293054223
0.5156679208282104,-0.7370144750411556,0.436916764393998
0.5577901436843071,-0.7150866882511354,0.42133262856639
0.5156192835788168,-0.7386697829082247,0.4341701351083282
0.5576477942838997,-0.7173345527976408,0.41768418319695827
0.598429676983043,-0.6925459105000176,0.40281768029180737
0.5577066032077447,-0.7189068307911317,0.414893134891782
0.598436599623432,-0.6946996627735713,0.399081463830921
0.6377097406377839,-0.6671684477302731,0.3849838295940086
0.5985945878254029,-0.6961816065797394,0.3962520537311943
0.6378563050595005,-0.6692162171721918,0.38116792725724363
0.5986564897654835,-0.6976887994622889,0.39349808940646697
0.6378637455908439,-0.6713204128430329,0.3774370747039551
0.675509159755515,-0.641752410722501,0.36309946077935273
0.6380132389997697,-0.6727372719985971,0.37465139760170163
0.6756425926350439,-0.6437506099822605,0.35929408451137035
0.7115261394951812,-0.6117140188071888,0.3457405269994283
0.6758709301704361,-0.6450725463533363,0.3564826723583803
0.7117749877757332,-0.6135977652098932,0.3418686140994514
0.7457615056728384,-0.5792343423335358,0.3291312098814353
0.7120733963438093,-0.6148213405097803,0.33903716237773895
0.7461149211242937,-0.5809966663185999,0.3252005507411736
0.7780798495252679,-0.5444547807509074,0.31330614338090795
0.746474704402017,-0.5821195149441715,0.32235444158423493
0.7785268513920105,-0.5460901389264532,0.3093242664727902
0.808356340350692,-0.5075237185545688,0.2982946565384288
0.7789394770311003,-0.5471108838809198,0.3064685495471842
0.8088859394529274,-0.5090279206276143,0.294268776761794
0.8364768841726321,-0.46859547048696687,0.2841209377781643
0.8093431115802131,-0.5099460869727901,0.2914081606935513
0.8370781921717655,-0.46996559775369834,0.28005791743576525
0.8623382056225612,-0.42782928823386634,0.2708042083368804
0.8375719102633569,-0.47078152652004523,0.27719677022874434
0.863000529833658,-0.4290636070996347,0.2667105295436909
0.885847864843735,-0.3853884287591857,0.25835889636380177
0.8635231353644937,-0.42977837196892044,0.2638528864310921
0.8865607894232407,-0.38648630224891334,0.2542406435470181
0.8639815386494986,-0.43056735998133955,0.26105104748218244
0.887182547926305,-0.38770730317350166,0.2501802824383244
0.9077743620969407,-0.3430224651342145,0.24141519408011408
0.8876619227971289,-0.3884006980776113,0.24738878015974838
0.908436959021606,-0.34411446111681077,0.2373342139976113
0.9265235228722858,-0.2982029841050827,0.22941042224614105
0.9089303276339592,-0.34471522312691477,0.23455718801986206
0.9272172300572018,-0.2991680334088235,0.22531466013410506
0.9427493778180615,-0.25219620879664,0.2182216370854639
0.9277181197898177,-0.29967970720608145,0.2225559779078579
0.9434650145385068,-0.25303731628138015,0.2141165171372165
0.9564035611704597,-0.20517092902060646,0.2078391639352031
0.9664492017657523,-0.15636509273788257,0.2037790425421946
0.9569441743343648,-0.20542613642161645,0.2050803493326658
0.9672404880246391,-0.15682179115765416,0.1996315710101061
0.9746147223648883,-0.10748001151012256,0.19640313153154074
0.9677726359859743,-0.15699760638326218,0.19689559829179853
0.9754030047864825,-0.10782013869604924,0.19225970962493927
0.9800936829863138,-0.05810529486792736,0.18984242749879213
0.975922267275886,-0.10792095030831605,0.1895489296188293
0.9808722257700285,-0.05833374500825501,0.185706356666276
0.9828760687661534,-0.00840650575140116,0.1840759737386805
0.9813746450372358,-0.05836421995263956,0.1830230146931235
0.9836387356942716,-0.008528683140069862,0.1799502687013033
0.9829610636108339,0.04145298410857194,0.1790787467388378
0.9841208229081087,-0.008493736944909652,0.1772965379001455
0.983702341403235,0.041431211912697996,0.17496616300656084
0.9803567870354296,0.09131251401399519,0.17482160878453576
0.9841610834912462,0.041526441748385275,0.17234417999182436
0.9810718084540038,0.09138485901649719,0.1707246736688216
0.9750800160064796,0.1410146329916697,0.17127123420769777
0.9815046756843997,0.09153503715292859,0.16813657717187416
0.9757645834318994,0.1411744260800917,0.16719228194186636
0.9671558928890399,0.19040557789373477,0.16839000788929478
0.9761695378770217,0.1413740416992647,0.16464025526758794
0.9678065029639188,0.1906458052025159,0.16433121973451875
0.956617620891384,0.2393357308085333,0.16613589425062159
0.942662215828157,0.28718406053817364,0.1700390020635145
0.9569527327934731,0.239712521519049,0.16364404732859406
0.9432126975504924,0.2877179649312034,0.1660366821981524
0.926765534574898,0.3347188135984393,0.17049621622592376
0.9435161641241478,0.2881306912720338,0.16357858289994515
0.9272733572884599,0.33531557013458274,0.16651603312686786
0.9083903112863362,0.38133959823765723,0.1714851398140819
0.9275446544685083,0.3357590951698631,0.1640937048689262
0.9088542525311532,0.381992387451027,0.16752839635567318
0.8875974245757021,0.42691582690818647,0.1729557418008445
0.9090933298318737,0.3824614496037922,0.16514404991449816
0.8880169732564535,0.4276176157105051,0.16902375555675564
0.8644543275041372,0.4713226620193851,0.17485326398534995
0.8385237489054416,0.5133604408227382,0.18258965008961467
0.8645967346683642,0.47191171578907787,0.17254512135036176
0.8387910546333265,0.5142763949043286,0.1787438287363211
0.810709253618259,0.5548460468801643,0.18680570215916828
0.8389026512328603,0.5148791590564596,0.17647037520159248
0.8109316227204373,0.5557941448930063,0.18298298219957654
0.7807812495097645,0.5947945905605729,0.19131135735719285
0.7485974225783508,0.6316968239458897,0.20139767010997361
0.7807894593255871,0.5954849241596825,0.1891177551278429
0.7486500760548175,0.632809722017592,0.19767376999271802
0.714583163154632,0.6679308713645183,0.20794050594859081
0.7486306688439347,0.6335040016477025,0.1955116404785934
0.7145936778784668,0.6690614122374022,0.2042368776470573
0.6787386825725232,0.702318464926771,0.21462193411350053
0.6412323696353968,0.7331264018732869,0.22659816196982205
0.6786149815691844,0.7030704918336962,0.21254079679576862
0.6410656396886495,0.7343744458999243,0.22300004219677177
0.6019812150809345,0.7631470512847898,0.23500041447838407
0.6409189530264087,0.7351224135216153,0.22094780557789556
0.6017779880874178,0.7644006339812912,0.23141936786375472
0.5612203444837374,0.7910744354545791,0.2433782293217169
0.5194269835725479,0.8150311706501073,0.2567485143198294
0.5609735329852945,0.7918532063329043,0.24140670021831576
0.5190478806030472,0.8163583968122828,0.2532750789074292
0.4760091567363295,0.8380881698161118,0.26650234955333635
0.518784029075321,0.8171266107435128,0.25133092366677945
0.4756018017148966,0.8394112751646772,0.263043033232121
0.43142978394391374,0.858871685706137,0.27605754657028747
0.3864568994771106,0.87543139817784,0.2902945606292523
0.43107460130434283,0.8596468843808186,0.27419322071242636
0.3858831176154805,0.8767889151952811,0.28694148833871935
0.34001572752218595,0.8909961687332001,0.300857328879184
0.2936634449602624,0.9022169020569615,0.31585826368295344
0.3395757289236828,0.8917660261278537,0.29906801729721216
0.2929319008809418,0.9035854899828102,0.31260864309676895
0.2459286615131584,0.9123988384016903,0.32718107086075854
0.19875692748271548,0.9181782486923484,0.34270160111368436
0.24541073486524595,0.9131528362993697,0.32546193137034723
0.19787762608496667,0.9195374763774496,0.339551578751107
0.15030082370547945,0.9228828040843754,0.35453771635584097
0.1973568610794828,0.920274877869783,0.3378526580428364
0.149414775264248,0.92422864524318,0.35139242485388106
0.1015509928703608,0.9251473441393206,0.36577286323482966
0.05395241986332408,0.9230357890597364,0.38091215326602745
0.10096697560901058,0.9258535097261668,0.3641441313053229
0.05293882234244437,0.9243474644722023,0.3778614111189523
0.005294444337762512,0.9198291181259721,0.3922835228591061
-0.04178487868333821,0.9123245132381606,0.40733034070416624
0.004656372068450876,0.920497617103404,0.39072043087880004
-0.042911838511863275,0.9135889903749954,0.40436831080232816
-0.08980112529825313,0.9037252406818532,0.4185886372677763
-0.13583747120896827,0.890952248421449,0.43330390310764233
-0.09048397164629447,0.9043511499169836,0.4170870994396039
-0.1370633420461445,0.8921593513677035,0.4304245950620155
-0.182681877227654,0.8771020081435412,0.44420648244160926
-0.22717432201696214,0.8592433598127122,0.4583586761848145
-0.18340015601116103,0.8776817980686682,0.4427629660597546
-0.22848458889823448,0.8603855985251286,0.4555561595309199
-0.27234227626105073,0.8403436227147372,0.46867075898078076
-0.3148180915630279,0.8176369026921226,0.48203678758020674
-0.35576277840280596,0.792355279123323,0.49558647797182376
-0.3156033167804149,0.8181329268797426,0.48067978987303683
-0.3572300359792971,0.7933570300935322,0.4929212149983001
-0.3972343534744339,0.7660755824324099,0.5053049281578328
-0.435478350486641,0.7363931644917227,0.5177680113209978
-0.39803763936539865,0.7665236964404933,0.5039915281466776
-0.43699949820288864,0.7373199920564226,0.5151608174971585
-0.4741193865176964,0.7057945098884065,0.5263695632722956
-0.5092718605999771,0.6720648981726822,0.5375601776965813
-0.47493242993952145,0.7061945045349962,0.5250985705144443
-0.5108346921882061,0.6729158803167864,0.5350066684392498
-0.5446985881096766,0.6375210474074705,0.544858112010647
-0.5764121475951098,0.6001389518033436,0.5546010048973744
-0.6058707881189314,0.5609043524328562,0.5641869331400925
-0.5772498658446544,0.600449158143495,0.5533926281286161
-0.6075183286143008,0.5615902565995523,0.5617275710610398
-0.6354743818749476,0.5209759698754626,0.5698739762377066
-0.6610277513189612,0.47875010560669146,0.5777894498584926
-0.6363074300884679,0.5212426089104175,0.568699390777299
-0.6626925682251102,0.4793633804297023,0.5753688464995443
-0.6866301106195577,0.4359756808654797,0.5817768445756976
-0.7080448120629805,0.3912304334518914,0.5878871422745559
-0.7268694578135911,0.3452820783293044,0.5936674807351101
-0.7088772716731488,0.39141283267816007,0.5867614575959225
-0.7285742366381747,0.34573119649420375,0.591311695705224
-0.7456517891701824,0.29895486378022046,0.5955076815033168
-0.7600582405424234,0.25124294181827755,0.5993233310743488
-0.7717500844789185,0.2027566911585444,0.6027367014685772
-0.7608792249671231,0.2513473492379328,0.5982368385886102
-0.773471876019762,0.20304737446610704,0.6004273650733204
-0.7833369258834262,0.1540844942939046,0.602197001956748
-0.7904466732084852,0.10462209515324492,0.6035298451770085
-0.7947815996923923,0.054824313808424056,0.6044141820025715
-0.7912463887201681,0.10465584346454951,0.6024751503307142
-0.7964998410845247,0.05496550646170933,0.602135197652267
-0.7989823998972279,0.005051759921163381,0.6013331891523744
-0.7986903509623734,-0.044921731339142984,0.6000631311229635
-0.7956279772100294,-0.09479196240080653,0.5983231616316395
-0.7994599261662153,-0.044950139298106866,0.5990353173489777
-0.7973244137082761,-0.09478814200420754,0.59606122792893
-0.7924396894404835,-0.14441293750536485,0.592608000351448
-0.7848255249356911,-0.19366458455737406,0.5886789652243714
-0.774509301913635,-0.24238517364895043,0.5842814123728581
-0.7855569646605188,-0.19374545453658176,0.5876758920695708
-0.7761680936739692,-0.2425036075005082,0.5820267096205775
-0.7641154092269907,-0.29062540423064664,0.5759032173878192
-0.749441144829652,-0.33795851155345547,0.5693171479105418
-0.7321945624189922,-0.3843539143475407,0.5622839063051548
-0.7124317226063717,-0.4296661260986498,0.5548225488455721
-0.7328677001487327,-0.3845050659432634,0.561302759963528
-0.7140150850738033,-0.42996275489386754,0.5525527012793672
-0.6927035205797547,-0.4742417103195313,0.543375222815339
-0.6690026157770871,-0.5172048206190637,0.5337927253268046
-0.6429880188331871,-0.558719634584932,0.523830867328619
-0.6147411654041038,-0.598658514342442,0.5135185320540094
-0.6435970369939454,-0.5589221927684813,0.5228659832150937
-0.6162291197844484,-0.5990981905311021,0.5112172043584247
-0.5867039332658688,-0.6376162728426754,0.4992233801581953
-0.5551147508628734,-0.6743596856233297,0.48691542158824047
-0.5215597232306245,-0.7092174371425526,0.4743269778924071
-0.4861416142358455,-0.742084395923795,0.46149439892005495
-0.5221007470867448,-0.7094528502386619,0.4733787734781756
-0.4875205108697825,-0.742630961132178,0.45915466571642727
-0.4511676405887738,-0.773753459941113,0.4446946630157769
-0.4131546327696512,-0.8027282326222657,0.43003561942251756
-0.3735975575387808,-0.8294697747835648,0.41521651908559676
-0.3326157847762409,-0.8538992404725105,0.40027843663899176
-0.2903317267052841,-0.8759444937353524,0.3852644966293229
-0.3330672609089075,-0.8541596608447435,0.39934630772830576
-0.29154817112185444,-0.8765954240436821,0.3828578410600716
-0.2488301815095173,-0.8966069202516325,0.3663052979780985
-0.20504240446280253,-0.9141369020383894,0.3497303771532702
-0.16031582286146728,-0.9291353299588962,0.33317619297066176
-0.11478301531078453,-0.9415593742517875,0.31668723396238535
-0.06857789077399999,-0.9513734208193693,0.30030931896203406
-0.11514894531966531,-0.9418198705065424,0.3157784855097137
-0.06962799375924374,-0.952072051861517,0.2978435000957107
-0.023545147308558095,-0.9597019476505498,0.2800317798285752
0.022962502027080008,-0.9646898385607554,0.2623856682028956
0.06975781427823934,-0.9670233951078702,0.24494815912998952
0.11670388311169085,-0.9666976187817792,0.22776285366207255
0.1636643122443912,-0.9637147843126234,0.2108739135000919
0.21050348768870653,-0.9580843819467472,0.194326011487423
0.1633939837939732,-0.9639510111920833,0.2100020335179997
0.20965997119151256,-0.9587786661689589,0.19179719961262803
0.25569590915351015,-0.9509799512874489,0.17394462995873475
0.3013673772833895,-0.9405799881765736,0.15648319319047588
0.3465420396818583,-0.9276108381008767,0.13945159651623396
0.39108991028738876,-0.9121113622482709,0.12288834334063556
0.4348836129681136,-0.8941270791601141,0.10683168764183754
0.47779863649674564,-0.8737100183852554,0.09131958571460626
0.5197135843732851,-0.8509185696779308,0.07638964586340709
0.560510419355875,-0.8258173272852275,0.06207907657967218
0.5195452672623119,-0.8510937819791983,0.07557836688946043
0.5599224627577473,-0.8264064812133841,0.0594908691129302
0.5990900963570891,-0.7994700331473268,0.044030927156559
0.6369364761680321,-0.7703620502591209,0.029227330483877184
0.6733543547236065,-0.7391655188250971,0.015107903718940947
0.7082411243219089,-0.705968569855268,0.0016994692541887658
0.7414990050818399,-0.670864245916303,-0.01097219275222486
0.7730352256209205,-0.6339502633101101,-0.022882386201066463
0.8027621961995692,-0.5953287692047551,-0.03400754195756949
0.830597674125986,-0.5551060934278108,-0.0443252611477586
0.8564649211736741,-0.5133924947344133,-0.05381435820808268
0.8802928527280452,-0.4703019014570702,-0.062454903104434904
0.9020161783493903,-0.42595164653467954,-0.07022826219091897
0.8802024007268232,-0.47037650872848547,-0.06316386459945299
0.9016594654394581,-0.42627097306305295,-0.07282352578191228
0.9209639518505559,-0.3810039529959844,-0.0816173216495179
0.9380614744044053,-0.33469937159970015,-0.0895377065207683
0.9529039414264637,-0.28748324556306376,-0.0965787861511938
0.9654496108055504,-0.23948338535582558,-0.10273634767658674
0.9756631352955947,-0.19082909137475582,-0.10800789003704836
0.9835155967786378,-0.1416508461593808,-0.11239265401035585
0.988984528832303,-0.0920800029377486,-0.11589165107690878
0.9920539269684125,-0.04224847091950495,-0.1185076904319517
0.9927142459526491,0.007711602106806528,-0.12024540355294133
0.9909623836755717,0.05766814919436086,-0.12111126582001369
0.9868016511199448,0.10748950489765317,-0.1211136147747572
0.9802417280549929,0.15704472631175476,-0.12026266468621011
0.9712986041814543,0.20620391357246837,-0.11857051717251058
0.959994505548688,0.2548385288599289,-0.1160511677013084
0.9463578061631834,0.3028217129293879,-0.1127205078613382
0.9304229248034491,0.3500285981925968,-0.10859632336097265
0.9122302071465088,0.3963366173894133,-0.10369828776674819
0.8918257933936953,0.4416258069195895,-0.09804795204555534
0.8692614716561977,0.4857791039463585,-0.09166873001833449
0.8445945174226036,0.528682636433386,-0.08458587987083786
0.817887519480844,0.5702260053317049,-0.07682648189861709
0.7892081927056005,0.610302558190278,-0.06841941268939881
0.7586291781500575,0.6488096535198377,-0.05939531596714028
0.7262278308993315,0.6856489152920092,-0.04978657033923028
0.692085996153878,0.720726477002238,-0.03962725420259264
0.6562897740171612,0.7539532147641399,-0.02895310807706813
0.6189292734656061,0.7852449689336962,-0.017801494646670725
0.5800983559833567,0.8145227537841284,-0.0062113568024307515
0.5398943693526485,0.8417129547670172,0.005776826004220139
0.4984178721055805,0.8667475129038353,0.018121082770106614
0.4557723491673347,0.8895640958568161,0.030777996961054703
0.41206391925663066,0.910106255232012,0.04370275316760929
0.36740103465800494,0.9283235696739975,0.05684918398670377
0.32189417404333814,0.9441717733249028,0.07016981668399544
0.27565552909716795,0.957612869244423,0.08361591915194168
0.22879868579131996,0.9686152274262407,0.09713754463736887
0.18143830125820534,0.9771536671038068,0.11068357467176196
0.1336897773272473,0.9832095231181229,0.12420175960116056
0.08566893191341861,0.9867706962249361,0.13763875608479254
0.037491669578760385,0.9878316873507621,0.15094016091797177
-0.010726347274981717,0.9863936159677527,0.1640505405422315
-0.058870024983574964,0.982464222947086,0.1769134556426156
-0.10682516122517857,0.9760578584688571,0.18947148030878722
-0.1544787617661328,0.9671954558119727,0.20166621536557044
-0.20171934931535393,0.9559044921179481,0.21343829567469375
-0.24843726230856292,0.9422189375141944,0.22472739149077775
-0.2945249412962634,0.9261791942905068,0.2354722043422969
-0.33987720046182973,0.9078320281403068,0.24561045842733642
-0.38439148165018744,0.8872304937966785,0.2550788891932762
-0.42796808814771553,0.8644338576999859,0.2638132316414585
-0.4705103953284223,0.8395075206119682,0.27174821199749916
-0.511925035184182,0.8125229433177873,0.2788175477509875
-0.5521220517100195,0.7835575787018649,0.2849539627279978
-0.5910150241521287,0.7526948135050963,0.2900892258409249
-0.6285211552934362,0.720023922918245,0.29415422447081296
-0.6645613223130675,0.6856400407743076,0.29707908605708555
-0.6990600883954923,0.6496441473936879,0.29879336433330506
-0.7319456742865991,0.612143076021502,0.29922630962545677
-0.7631498905203771,0.5732495371815935,0.29830724550339927
-0.7926080332062647,0.5330821580658773,0.2959660765167586
-0.8202587492063054,0.4917655312080862,0.292133953292212
-0.8460438803489544,0.4494302631254648,0.28674412131909477
-0.8699083010645137,0.4062130093846532,0.27973297757989685
-0.8917997694127083,0.36225647778953035,0.2710413539941164
-0.9116688176567704,0.3177093763534445,0.2606160376673158
-0.9294687148320375,0.27272627780160413,0.24841152458161597
-0.9451555393829931,0.22746736808645782,0.23439198542071202
-0.9586884038220961,0.18209804343520639,0.21853340008820477
-0.9700298741694865,0.13678831948058015,0.20082579234851503
-0.9791466232323776,0.09171201771576418,0.18127546998735372
-0.9860103472829292,0.047045699393371915,0.15990715187128393
-0.9905989595657984,0.002967325370843401,0.1367658447394721
-0.9928980513061124,-0.040345367671387126,0.11191832298593975
-0.9929025826112192,-0.08271676901010194,0.08545406700971232
-0.990618734238602,-0.12397555011364718,0.05748553165387517
-0.9860658201551934,-0.16395703202671513,0.028147645916784723
-0.9792781344014131,-0.20250570018541997,-0.002403513199631345
-0.9703065883554192,-0.23947778339532114,-0.03399287946218833
-0.9592199897477914,-0.27474379687878675,-0.06642934099383194
-0.9461058249592907,-0.3081909372656396,-0.09950936722453105
-0.931070431539077,-0.3397252122220217,-0.1330211700983703
-0.9142384866406701,-0.3692731907788019,-0.16674921324258185
-0.8957517853490161,-0.39678327325393076,-0.20047885950879413
-0.8757673354036987,-0.4222264017761193,-0.23400093991925935
-0.8544548457311939,-0.44559616235882044,-0.2671160360172589
-0.8319937298828101,-0.466908264623937,-0.2996382917144497
-0.808569777435339,-0.48619942219343787,-0.33139860723445047
-0.784371663848004,-0.5035256917192253,-0.3622471127986938
-0.7595874713595938,-0.5189603580618734,-0.3920548687541462
-0.734401381346406,-0.5325914746131151,-0.4207147872917215
-0.7089906747936484,-0.5445191796785963,-0.4481418146276865
-0.6835231458102053,-0.5548529119380375,-0.47427244834124754
-0.6581549974631076,-0.5637086411606366,-0.49906369051972277
-0.633029253441702,-0.5712062163197885,-0.5224915527782935
-0.6082746863506494,-0.5774669142697505,-0.5445492345681808
-0.5840052360317337,-0.5826112505947529,-0.5652450928295949
-0.5603198704931734,-0.5867570923114055,-0.584600510907045
-0.5373028281325868,-0.5900180915881199,-0.6026477598725786
-0.5150241725892768,-0.5925024418149147,-0.6194279280853379
-0.4935405898554883,-0.5943119429548562,-0.6349889767754401
-0.47289636003499724,-0.5955413523981765,-0.6493839621128639
-0.45312444209742503,-0.596277990405941,-0.6626694486177479
-0.4342476179406899,-0.596601565291525,-0.6749041254908279
-0.4162796510078487,-0.5965841822110984,-0.6861476267482813
-0.39922642378592793,-0.5962905002253418,-0.6964595479222828
-0.3830870271432996,-0.5957780045716728,-0.7058986463389093
-0.36785478224536317,-0.5950973643258328,-0.714522208298429
-0.35351818250761086,-0.5942928493944901,-0.7223855644979996
-0.34006174861993216,-0.593402784720845,-0.7295417343861149
-0.32746679412530283,-0.5924600234481829,-0.7360411804791056
-0.3157121024448098,-0.5914924243981114,-0.7419316547024547
-0.30477451873234895,-0.5905233224745072,-0.7472581202938743
-0.29462946165615,-0.5895719834477791,-0.7520627345226322
-0.28525136128193485,-0.5886540369929953,-0.7563848792900691
-0.2766140298070101,-0.5877818838631664,-0.7602612284709733
-0.268690972084746,-0.5869650747064188,-0.7637258425606943
-0.2614556427866328,-0.5862106593236913,-0.7668102827625043
-0.25488165675894675,-0.5855235061568135,-0.7695437380588881
-0.2489429587109559,-0.5849065925405007,-0.7719531600498156
-0.24361395787462164,-0.584361266788687,-0.7740634014121732
-0.23886963274210843,-0.5838874835545704,-0.7758973547460783
-0.23468561044657557,-0.5834840141390186,-0.7774760893387883
-0.23103822482445896,-0.5831486335529944,-0.7788189840105584
-0.22790455669763776,-0.5828782861911115,-0.7799438547250475
-0.22526245945010645,-0.5826692319657185,-0.7808670760654267
-0.223090572550634,-0.5825171747005335,-0.781603696010925
-0.2213683252921015,-0.5824173745029813,-0.7821675437106966
-0.22007593267941342,-0.582364745735321,-0.7825713301545881
-0.21919438509936712,-0.5823539420943314,-0.7828267417941869
-0.21870543314504878,-0.582379430193731,-0.7829445272815067
-0.21859156874111693,-0.5824355529270803,-0.7829345775745403
-0.21883600352144258,-0.5825165837748051,-0.7828059997151872
-0.21942264524366348,-0.5826167731093923,-0.7825671846211496
-0.22033607288305654,-0.5827303874491819,-0.782225869253759
-0.22156151092769377,-0.5828517425143598,-0.781789193531998
-0.22308480329531546,-0.5829752308491901,-0.7812637523621738
-0.2248923872071806,-0.583095344692309,-0.7806556431451791
-0.22697126728304842,-0.583206694701942,-0.7799705091109297
-0.22930899006237784,-0.5833040250749207,-0.7792135788139017
-0.23189361910801606,-0.5833822255370004,-0.7783897021058815
-0.23471371080852613,-0.583436340626797,-0.7775033828829966
-0.23775829096251988,-0.5834615766461932,-0.7765588088845045
-0.2410168322017506,-0.5834533066058565,-0.7755598788011959
-0.2444792322882802,-0.5834070734550885,-0.7745102269320283
-0.2481357933039042,-0.5833185918501544,-0.7734132456089663
-0.25197720173647375,-0.5831837486840804,-0.7722721055922191
-0.25599450945717384,-0.5829986025732804,-0.7710897746212068
-0.2601791155746768,-0.5827593824718984,-0.7698690342907362
-0.26452274914595686,-0.582462485563107,-0.7686124954070892
-0.2690174527190442,-0.582104474557463,-0.7673226119649654
-0.273655566679823,-0.5816820745115369,-0.7660016938735187
-0.2784297143728568,-0.5811921692651215,-0.7646519185480096
-0.2833327879649677,-0.5806317975821923,-0.7632753414728337
-0.28835793501970297,-0.5799981490692173,-0.7618739058318345
-0.29349854575076256,-0.5792885599342275,-0.7604494512927974
-0.2987482409228061,-0.5785005086410967,-0.7590037220248141
-0.3041008603687104,-0.5776316115056026,-0.7575383740197263
-0.30955045209323045,-0.5766796182729195,-0.7560549817820635
-0.31509126193406395,-0.5756424077101242,-0.7545550444457253
-0.32071772375247,-0.574517983241963,-0.7530399913700614
-0.32642445012682286,-0.5733044686534697,-0.751511187262947
-0.3322062235237384,-0.5720001038789345,-0.7499699368738618
-0.3380579879226833,-0.5706032408931547,-0.7484174892958444
-0.3439748408712388,-0.5691123397177867,-0.7468550419114491
-0.34995202594942465,-0.5675259645528942,-0.7452837440144529
-0.3559849256226905,-0.565842780041432,-0.7437047001360091
-0.3620690544643361,-0.5640615476723477,-0.7421189731011986
-0.3682000527292261,-0.5621811223262085,-0.740527586839437
-0.3743736802617179,-0.5602004489657236,-0.7389315289699707
-0.38058581072171593,-0.5581185594722108,-0.7373317531816723
-0.38683242611370466,-0.5559345696279219,-0.7357291814245258
-0.39310961160449753,-0.5536476762431711,-0.7341247059285623
-0.39941355061626693,-0.5512571544263904,-0.7325191910645247
-0.40574052018219425,-0.5487623549945346,-0.730913475059213
-0.41208688655280606,-0.5461627020206835,-0.7293083715772642
-0.41844910104173344,-0.5434576905151994,-0.7277046711800407
-0.4248236961002623,-0.5406468842364044,-0.7261031426713287
-0.43120728161062616,-0.5377299136264178,-0.7245045343386746
-0.43759654138853216,-0.5347064738675427,-0.7229095750983893
-0.4439882298859202,-0.5315763230543955,-0.7213189755515492
-0.45037916908541475,-0.5283392804768215,-0.7197334289576703
-0.45676624557836915,-0.5249952250085456,-0.7181536121321591
-0.4631464078187947,-0.5215440935964387,-0.7165801862731177
-0.46951666354584776,-0.517985879845258,-0.71501379772261
-0.47587407736788373,-0.51432063269271,-0.7134550786670708
-0.4822157685014112,-0.51054845516972,-0.7119046477811519
-0.48853890865857175,-0.5066695032408303,-0.7103631108189544
-0.49484072007704705,-0.502683984719715,-0.7088310611562809
-0.5011184736865456,-0.4985921582548841,-0.7073090802872558
-0.5073694874062611,-0.4943943323807358,-0.705797738278407
-0.5135911245679063,-0.49009086462922413,-0.7042975941830647
-0.5197807924591367,-0.4856821606975218,-0.7028091964187284
-0.5259359409823577,-0.4811686736671779,-0.7013330831098523
-0.5320540614240937,-0.47655090327039945,-0.6998697823983352
-0.5381326853302512,-0.4718293951992157,-0.6984198127238341
-0.544169383482764,-0.4670047404534202,-0.6969836830758827
-0.5501617649732521,-0.4620775747233287,-0.6955618932196638
-0.5561074763694517,-0.45704857780352565,-0.6941549338971628
-0.562004200970303,-0.451918473033921,-0.6927632870053239
-0.567849658145693,-0.44668802676457897,-0.6913874257527298
-0.5736416027569652,-0.4413580478409258,-0.6900278147962351
-0.5793778246543998,-0.435929387106088,-0.6886849103589001
-0.5850561482479757,-0.4304029369172551,-0.6873591603304958
-0.590674432147806,-0.4247796306731057,-0.6860510043517808
-0.5962305688707291,-0.41906044234947426,-0.6847608738836863
-0.6017224846096197,-0.4132463860405811,-0.6834891922624857
-0.6071481390620539,-0.40733851550328387,-0.6822363747419702
-0.612505525315047,-0.401337923701949,-0.6810028285236025
-0.6177926697826428,-0.39524574235167453,-0.6797889527755717
-0.6230076321932063,-0.3890631414577352,-0.67859513864163
-0.6281485056233361,-0.38279132884924655,-0.6774217692405505
-0.6332134165753741,-0.37643154970518117,-0.6762692196570071
-0.6382005250955528,-0.3699850860709941,-0.6751378569246432
-0.6431080249298791,-0.3634532563642443,-0.674028040002059
-0.647934143714913,-0.35683741486771947,-0.6729401197424223
-0.6526771432006548,-0.35013895120869754,-0.6718744388573696
-0.6573353195028128,-0.3433592898230936,-0.6708313318758419
-0.6619070033817775,-0.3364998894033626,-0.6698111250984716
-0.6663905605456868,-0.32956224232914,-0.6688141365481105
-0.670784391975016,-0.32254787407971763,-0.6678406759170654
-0.6750869342661897,-0.3154583426275606,-0.666891044511583
-0.679296659991758,-0.30829523781218104,-0.6659655351941066
-0.6834120780747457,-0.3010601806937887,-0.665064432323802
-0.6874317341748286,-0.2937548228862416,-0.6641880116958306
-0.691354211084054,-0.286380845868921,-0.6633365404798282
-0.6951781291298785,-0.2789399602772534,-0.6625102771580276
-0.6989021465833485,-0.27143390517169597,-0.6617094714634443
-0.7025249600703145,-0.26386444728509684,-0.6609343643185257
-0.7060453049836252,-0.25623338024842846,-0.6601851877746456
-0.7094619558943037,-0.24854252379498407,-0.6594621649528113
-0.7127737269597786,-0.2407937229432061,-0.6587655099859263
-0.7159794723272926,-0.2329888471584027,-0.6580954279629437
-0.719078086530685,-0.22512978949368212,-0.6574521148752199
-0.7220685048787967,-0.2172184657105133,-0.6568357575653672
-0.7249497038338233,-0.20925681337939323,-0.6562465336788863
-0.727720701377994,-0.20124679096116962,-0.6556846116188422
-0.7303805573670301,-0.19319037686963603,-0.6551501505038327
-0.7329283738689008,-0.18508956851607755,-0.6546433001294838
-0.7353632954864594,-0.17694638133650725,-0.6541642009336874
-0.7376845096626159,-0.16876284780238845,-0.6537129839657874
-0.7398912469667674,-0.16054101641569254,-0.6532897708598983
-0.74198278136128,-0.15228295068919118,-0.6528946738125319
-0.7439584304468864,-0.14399072811292954,-0.65252779556469
-0.745817555685933,-0.13566643910786919,-0.6521892293885657
-0.7475595626024826,-0.12731218596773025,-0.6518790590789854
-0.7491839009583493,-0.11893008179009804,-0.6515973589497052
-0.7506900649042172,-0.11052224939789312,-0.651344193834667
-0.7520775931050598,-0.10209082025233254,-0.6511196190942998
-0.753346068839158,-0.09363793335853673,-0.650923680626945
-0.754495120070077,-0.0851657341649589,-0.6507564148854653
-0.7555244194910405,-0.07667637345783306,-0.6506178488990915
-0.7564336845412096,-0.06817200625185287,-0.6505080003005399
-0.7572226773934405,-0.05965479067830557,-0.6504268773584293
-0.7578912049131739,-0.05112688687189519,-0.6503744790150102
-0.7584391185881681,-0.04259045585749438,-0.6503507949292087
-0.7588663144288635,-0.034047658438067285,-0.6503558055249742
-0.7591727328392301,-0.02550065408500548,-0.6503894820449142
-0.7593583584580171,-0.01695159983211515,-0.6504517866091826
-0.7594232199703875,-0.008402649174487225,-0.6505426722795815
-0.759367389889987,0.00014404902652731703,-0.6506620831288283
-0.7591909843115562,0.00868635163102742,-0.6508099543149235
-0.7588941626342555,0.017222122299762544,-0.6509862121605529
-0.7584771272559363,0.025749232563647403,-0.651190774237447
-0.7579401232386419,0.03426556288243464,-0.6514235494556075
-0.7572834379456841,0.042769003691412275,-0.6516844381573105
-0.75650740065069,0.05125745643501796,-0.6519733322157807
-0.7556123821190704,0.05972883458628991,-0.6522901151384309
-0.7545987941624056,0.06818106465110353,-0.6526346621745472
-0.7534670891662945,0.07661208715617503,-0.6530068404273005
-0.7522177595922597,0.08501985761984639,-0.6534065089699541
-0.7508513374543414,0.09340234750470167,-0.653833518966134
-0.7493683937710571,0.10175754515110147,-0.6542877137940215
-0.7477695379934365,0.11008345669076079,-0.654768929174328
-0.7460554174098849,0.11837810693953502,-0.6552769933018971
-0.7442267165286587,0.1266395402686205,-0.6558117269807885
-0.742284156438762,0.13486582145341725,-0.6563729437626834
-0.7402284941501145,0.14305503649934515,-0.6569604500884548
-0.7380605219138547,0.1512052934439488,-0.6575740454327389
-0.7357810665236739,0.1593147231346698,-0.658213522451346
-0.7333909885990951,0.16738147998171155,-0.658878667131342
-0.730891181851631,0.17540374268546674,-0.6595692589436357
-0.7282825723347693,0.1833797149380227,-0.6602850709978995
-0.7255661176787521,0.1913076260983073,-0.6610258701996569
-0.722742806311122,0.1991857318404823,-0.6617914174093645
-0.7198136566640225,0.20701231477523932,-0.6625814676033176
-0.7167797163692441,0.21478568504369647,-0.6633957700362103
-0.7136420614420123,0.22250418088364185,-0.6642340684051781
-0.7104017954545188,0.23016616916791427,-0.6650961010151565
-0.7070600487001945,0.23777004591475454,-0.6659816009453823
-0.7036179773497224,0.245314236770008,-0.6668902962168772
-0.7000767625997879,0.25279719746109885,-0.6678219099607429
-0.6964376098155522,0.260217414222742,-0.6687761605871061
-0.6927017476678329,0.2675734041943976,-0.6697527619545527
-0.6888704272659624,0.2748637157895158,-0.6707514235398916
-0.6849449212872876,0.28208692903665866,-0.6717718506080905
-0.6809265231042579,0.28924165589262396,-0.672813744382232
-0.6768165459100357,0.2963265405277331,-0.673876802213338
-0.6726163218435488,0.30334025958348354,-0.674960717749915
-0.6683272011148865,0.31028152240279794,-0.6760651811070765
-0.6639505511319215,0.31714907123313907,-0.6771898790351013
-0.6594877556290207,0.32394168140278995,-0.6783344950872914
-0.6549402137986885,0.3306581614706295,-0.6794987097869956
-0.6503093394269611,0.33729735334976546,-0.6806822007936691
-0.6455965600333522,0.3438581324054127,-0.6818846430678462
-0.6408033160161195,0.3503394075274316,-0.6831057090349001
-0.6359310598036063,0.3567401211779685,-0.684345068747478
-0.630981255012378,0.3630592494146613,-0.6856023900464957
-0.6259553756128523,0.36929580188989664,-0.6868773387205837
-0.6208549051030959,0.3754488218266277,-0.6881695786638807
-0.6156813356914299,0.3815173859712765,-0.6894787720320772
-0.6104361674884622,0.38750060452426743,-0.6908045793966089
-0.6051209077091351,0.39339762104875114,-0.6921466598969149
-0.5997370698853514,0.3992076123580949,-0.6935046713906707
-0.5942861730897075,0.4049297883827278,-0.6948782706019159
-0.5887697411708452,0.41056339201694275,-0.6962671132669976
-0.5831893020008909,0.41610769894626487,-0.6976708542782609
-0.5775463867354372,0.4215620174560093,-0.6990891478254116
-0.571842529086483,0.426925688221655,-0.7005216475344935
-0.5660792646087259,0.4321980840816703,-0.7019680066044162
-0.5602581299995697,0.43737860979343085,-0.7034278779409806
-0.554380662413186,0.44246670177287406,-0.7049009142883501
-0.5484483987889355,0.44746182781853777,-0.7063867683579202
-0.5424628751944371,0.45236348682063093,-0.7078850929545455
-0.5364256261835343,0.457171208455787,-0.7093955411000824
-0.5303381841693934,0.4618845528681478,-0.7109177661542169
-0.5242020788129367,0.46650311033742653,-0.7124514219325432
-0.5180188364267887,0.4710265009345928,-0.7139961628218671
-0.5117899793948912,0.4754543741658221,-0.7155516438927126
-0.5055170256079171,0.4797864086053461,-0.7171175210090104
-0.4992014879145909,0.48402231151783476,-0.7186934509349523
-0.4928448735890006,0.48816181847093565,-0.7202790914390002
-0.48644868381396195,0.49220469293858776,-0.7218741013950387
-0.4800144131804788,0.496150725895723,-0.7234781408806681
-0.47354354920331676,0.49999973540495285,-0.7250908712726309
-0.46703757185269307,0.5037515661958384,-0.7267119553393768
-0.46049795310206215,0.5074060892373236,-0.7283410573307648
-0.45392615649195933,0.5109632013039065,-0.7299778430649118
-0.4473236367098484,0.5144228245361115,-0.7316219800121951
-0.4406918391858981,0.517784905995813,-0.7332731373764197
-0.434032199704601,0.5210494172169509,-0.7349309861731653
-0.42734614403212784,0.524216353752166,-0.7365951993053281
-0.4206350875592987,0.5272857347158708,-0.738265451635877
-0.41390043496003753,0.5302576023242583,-0.7399414200578452
-0.40714357986516103,0.5331320214327393,-0.7416227835615775
-0.4003659045513437,0.5359090790712844,-0.7433092232992622
-0.39356877964508485,0.538588883978135,-0.7450004226467699
-0.3867535638414966,0.5411715661323323,-0.7466960672628322
-0.37992160363771615,0.5436572762855023,-0.7483958451455855
-0.37307423308073945,0.5460461854933156,-0.7500994466865162
-0.36621277352946385,0.5483384846470354,-0.7518065647218376
-0.3593385334307165,0.5505343840055446,-0.7535168945813341
-0.35245280810903884,0.5526341127282349,-0.7552301341347084
-0.3455568795699906,0.5546379184091231,-0.7569459838354688
-0.3386520163167298,0.5565460666125495,-0.7586641467623952
-0.33173947317961744,0.558358840410795,-0.7603843286586215
-0.3248204911585932,0.560076539923945,-0.7621062379683768
-0.3178962972780609,0.5616994818623091,-0.7638295858714249
-0.3109681044540197,0.5632279990716961,-0.7655540863152437
-0.304037111373172,0.5646624400818291,-0.7672794560449877
-0.2971045023837369,0.5660031686581711,-0.7690054146312768
-0.2901714473976947,0.5672505633574201,-0.770731684495854
-0.28323910180418516,0.5684050170869177,-0.772457990935157
-0.2763086063937824,0.5694669366682074,-0.7741840621418488
-0.2693810872933641,0.5704367424049567,-0.7759096292243487
-0.26245765591129616,0.5713148676554575,-0.7776344262244149
-0.25553940889265053,0.5721017584098941,-0.7793581901328184
-0.2486274280841748,0.5727978728725679,-0.7810806609031555
-0.2417227805087319,0.5734036810492481,-0.7828015814638469
-0.2348265183489293,0.5739196643398098,-0.7845206977283645
-0.22793967893965847,0.5743463151363106,-0.7862377586037365
-0.2210632847692646,0.5746841364266431,-0.7879525159973706
-0.21419834348907127,0.5749336414038928,-0.7896647248222488
-0.2073458479309837,0.5750953530815208,-0.7913741430005294
-0.20050677613289788,0.5751698039144768,-0.79308053146561
-0.19368209137164516,0.5751575354263441,-0.7947836541626907
-0.18687274220320377,0.5750590978426041,-0.7964832780478855
-0.18007966250991267,0.5748750497301015,-0.798179173085924
-0.17330377155442506,0.5746059576427811,-0.7998711122464883
-0.16654597404014282,0.5742523957737585,-0.8015588714992297
-0.15980716017787666,0.5738149456137813,-0.8032422298075069
-0.15308820575847956,0.5732941956161245,-0.8049209691208885
-0.14638997223120578,0.5726907408679622,-0.8065948743664638
-0.13971330678755123,0.5720051827682456,-0.8082637334390017
-0.13305904245033454,0.571238128712111,-0.8099273371900011
-0.12642799816778316,0.570390191781838,-0.8115854794156714
-0.11982097891239239,0.5694619904443671,-0.8132379568438846
-0.11323877578432963,0.5684541482553809,-0.8148845691201398
-0.10668216611916102,0.567367293569951,-0.8165251187925775
-0.10015191359968162,0.5662020592597407,-0.8181594112960818
-0.09364876837163466,0.5649590824367511,-0.8197872549355109
-0.08717346716311083,0.5636390041835962,-0.821408460868091
-0.08072673340742224,0.56224246929028,-0.8230228430850117
-0.0743092773692507,0.5607701259974515,-0.8246302183922575
-0.06792179627387515,0.5592226257461055,-0.8262304063907122
-0.06156497443928651,0.5576006229336907,-0.8278232294555705
-0.05523948341100458,0.5559047746765879,-0.8294085127150899
-0.04894598209941464,0.5541357405789126,-0.8309860840287181
-0.042685116919447506,0.5522941825075949,-0.832555773964628
-0.03645752193243046,0.5503807643736861,-0.83411741577669
-0.03026381898994181,0.548396151919838,-0.8356708453809178
-0.02410461787950609,0.5463410125138969,-0.8372159013314147
-0.017980516471971623,0.5442160149485531,-0.8387524247958497
-0.011892100870416889,0.5420218292469845,-0.8402802595304978
-0.005839945560436448,0.5397591264744275,-0.8417992518548674
0.0001753864383381544,0.5374285785556092,-0.843309250625946
0.00615334341962273,0.5350308580979726,-0.8448101072120926
0.012093384836905828,0.5325666382206219,-0.8463016754665985
0.01799498114904658,0.5300365923889173,-0.8477838117009491
0.02385761366517222,0.5274413942546435,-0.8492563746578069
0.029680774388998167,0.5247817175016766,-0.8507192254837433
0.035463965862689587,0.5220582356970724,-0.8521722277017423
0.041206701010378904,0.5192716221475003,-0.8536152471834983
0.04690850298145018,0.5164225497609374,-0.855048152121535
0.05256890499369685,0.5135116909135506,-0.8564708130011611
0.0581874501764558,0.5105397173216817,-0.8578831025722911
0.06376369141381673,0.5075072999188532,-0.8592848958211466
0.06929719118800207,0.5044151087377159,-0.8606760699418636
0.0747875214230091,0.5012638127968542,-0.86205650430802
0.08023426332860231,0.4980540799923667,-0.8634260804441072
0.0856370072447405,0.49478657699413975,-0.8647846819969618
0.0909953524865198,0.49146196914673035,-0.8661321947071777
0.09630890718971015,0.4880809203747755,-0.8674685063805117
0.10157728815696022,0.48464409309284645,-0.8687935068593057
0.10680012070474125,0.48115214811966195,-0.8701070879939362
0.11197703851109911,0.4776057445965823,-0.8714091436143118
0.11710768346427854,0.4740055399102972,-0.8726995695014282
0.1221917055122827,0.47035218961962905,-0.8739782633590037
0.1272287625134271,0.46664634738636845,-0.8752451247852014
0.1322185200879441,0.4628886649100607,-0.8765000552444565
0.1371606514706926,0.4590797918666647,-0.8777429580394223
0.14205483736502308,0.4552203758510007,-0.8789737382830448
0.14690076579784778,0.4513110623229116,-0.8801923028707823
0.15169813197596135,0.44735249455705667,-0.8813985604529784
0.156446638143656,0.44334531359626,-0.8825924214074023
0.16114599344167302,0.439290158208338,-0.8837737978119683
0.1657959137675288,0.4351876648463273,-0.8849426034176402
0.17039612163725373,0.43103846761203995,-0.8860987536215399
0.17494634604857784,0.42684319822286976,-0.8872421654402609
0.17944632234559635,0.42260248598177597,-0.8883727574834019
0.18389579208494644,0.4183169577503734,-0.8894904499273292
0.1882945029035235,0.41398723792505415,-0.8905951644891743
0.19264220838776505,0.40961394841607324,-0.8916868244010783
0.19693866794452652,0.4051977086295251,-0.8927653543846883
0.20118364667357386,0.400739135452145,-0.893830680625917
0.2053769152417143,0.3962388432388658,-0.89488273074997
0.20951824975858613,0.39169744380306337,-0.8959214337966499
0.2136074316541267,0.3871155464094258,-0.8969467201959431
0.21764424755773581,0.38249375776938066,-0.8979585217438973
0.22162848917915115,0.3778326820390178,-0.8989567715787948
0.2255599531910504,0.3731329208194434,-0.8999414041576275
0.22943844111339426,0.3683950731595063,-0.9009123552328814
0.23326375919952214,0.36361973556083416,-0.9018695618296342
0.2370357183240122,0.35880750198512057,-0.9028129622229719
0.24075413387231595,0.353958963863606,-0.9037424959157302
0.2444188256321766,0.3490747101086937,-0.9046581036165648
0.24802961768683926,0.3441553271276462,-0.9055597272183559
0.2515863383100608,0.33920139883830647,-0.9064473097769511
0.25508881986292414,0.33421350668678956,-0.9073207954902499
0.2585368986924654,0.3291922296670933,-0.9081801296776372
0.2619304150321148,0.32413814434257393,-0.9090252587597645
0.2652692129039595,0.3190518248692389,-0.909856130238689
0.26855314002282793,0.31393384302080435,-0.9106726926783676
0.2717820477022005,0.30878476821547035,-0.9114748956855131
0.2749557907619486,0.3036051675443659,-0.9122626898908172
0.2780742274379015,0.2983956058016164,-0.9130360269305372
0.2811372192932452,0.293156645515989,-0.9137948594284576
0.2841446311317497,0.28788884698406997,-0.9145391409782223
0.2870963309128282,0.2825927683049319,-0.9152688261260442
0.28999218966842594,0.27726896541624657,-0.9159838703537939
0.2928320814217378,0.27191799213180257,-0.9166842300624691
0.2956158831077538,0.26654040018038616,-0.917369862556048
0.2983434744956314,0.2611367392459868,-0.9180407260257293
0.30101473811289153,0.25570755700928594,-0.9186967795345591
0.3036295591714377,0.2502533991903936,-0.9193379830024495
0.3061878254953945,0.24477480959279305,-0.9199642971915887
0.30868942745076483,0.23927233014845894,-0.9205756836922458
0.31113425787690024,0.23374650096411193,-0.9211721049089714
0.31352221201978486,0.22819786036857548,-0.9217535240471963
0.31585318746712776,0.2226269449612009,-0.9223199051002303
0.31812708408526186,0.21703428966132723,-0.9228712128366623
0.32034380395784506,0.21142042775874315,-0.9234074127881624
0.3225032513263624,0.20578589096511934,-0.9239284712376913
0.3246053325324241,0.20013120946638005,-0.9244343552081122
0.32664995596185764,0.19445691197598367,-0.9249250324512149
0.32863703199059047,0.18876352578908198,-0.925400471437145
0.3305664729323204,0.1830515768375298,-0.9258606413442466
0.33243819298796984,0.17732158974571546,-0.9263055120493161
0.3342521081969232,0.17157408788718537,-0.9267350541182701
0.3360081363900415,0.16580959344203433,-0.9271492387972275
0.3377061971444547,0.16002862745503527,-0.92754803800401
0.339346211740127,0.15423170989448223,-0.9279314243200568
0.3409281031181944,0.14841935971172085,-0.9282993709827626
0.34245179584107077,0.1425920949013409,-0.9286518518782335
0.34391721605432246,0.13675043256200636,-0.9289888415344657
0.34532429145030746,0.13089488895789858,-0.9293103151149472
0.3466729512335797,0.12502597958074857,-0.9296162484126848
0.3479631260880556,0.11914421921243522,-0.9299066178446561
0.3491947481459427,0.1132501219881261,-0.9301814004466904
0.35036775095843,0.10734420145993806,-0.9304405738687775
0.3514820694681378,0.10142697066109527,-0.9306841163708064
0.35253763998332943,0.09549894217056266,-0.930912006818737
0.35353440015388204,0.08956062817813291,-0.9311242246812038
0.3544722889490192,0.08361254054994509,-0.931320750026556
0.35535124663680523,0.07765519089441417,-0.9315015635203306
0.35617121476540176,0.07168909062854978,-0.9316666464231665
0.3569321361460887,0.06571475104464367,-0.9318159805891562
0.35763395483805077,0.059732683377304745,-0.9319495484646375
0.3582766161349324,0.053743398870821274,-0.9320673330874301
0.3588600665531616,0.047747408846829646,-0.9321693180865127
0.35938425382204897,0.041745224772269426,-0.9322554876821492
0.3598491268756606,0.03573735832760403,-0.932325826686459
0.36025463584647216,0.029724321475286922,-0.9323803205044386
0.3606007320608062,0.023706626528453078,-0.9324189551354322
0.36088736803605703,0.017684786219815167,-0.932441717175056
0.3611144974797082,0.011659313770744304,-0.9324485938175752
0.3612820752901475,0.005630722960514848,-0.9324395728587382
0.36139005755928505,-0.0004004718043072175,-0.932414642699068
0.3614384015769799,-0.0064337554203529376,-0.9323737923476126
0.36142706583728146,-0.012468612017836856,-0.9323170114261577
0.36135601004649265,-0.018504524890862194,-0.9322442901739021
0.3612251951330614,-0.024540976427665874,-0.932155619452599
0.361034583259308,-0.030577448040824684,-0.9320509907521629
0.360784137834996,-0.03661342009744424,-0.9319303961967474
0.36047382353275476,-0.042648371849352544,-0.9317938285512927
0.3601036063053625,-0.04868178136332025,-0.931641281228546
0.3596734534048979,-0.05471312545133025,-0.9314727482965575
0.35918333340377107,-0.060741879600919334,-0.9312882244866532
0.3586332162176411,-0.0667675179056151,-0.931087705201886
0.35802307313023357,-0.07278951299549191,-0.9308711865259676
0.3573528768200643,-0.07880733596786982,-0.9306386652326838
0.35662260138908414,-0.0848204563181811,-0.9303901387957947
0.3558322223932528,-0.09082834187102931,-0.9301256053994204
0.35498171687505486,-0.09683045871146681,-0.929845063948917
0.3540710633979688,-0.10282627111651627,-0.9295485140822423
0.35310024208290147,-0.10881524148696345,-0.9292359561818141
0.3520692346466009,-0.11479683027944845,-0.928907391386864
0.3509780244420585,-0.12077049593888296,-0.9285628216062853
0.34982659650091563,-0.1267356948312229,-0.9282022495319825
0.34861493757788625,-0.13269188117662528,-0.9278256786527171
0.34734303619720963,-0.13863850698301947,-0.9274331132684575
0.3460108827011474,-0.14457502198012387,-0.9270245585052317
0.3446184693005376,-0.15050087355393976,-0.9266000203304853
0.34316579012742104,-0.15641550668175438,-0.9261595055689452
0.3416528412897541,-0.16231836386768683,-0.9257030219189929
0.3400796209282219,-0.1682088850788113,-0.925230577969546
0.33844612927516765,-0.1740865076818923,-0.9247421832174518
0.33675236871565084,-0.17995066638076845,-0.9242378480853918
0.33499834385065264,-0.1858007931544217,-0.9237175839403013
0.3331840615624399,-0.19163631719576976,-0.923181403112302
0.33130953108210504,-0.19745666485122185,-0.9226293189141499
0.3293747640592966,-0.2032612595610371,-0.9220613456612003
0.3273797746341546,-0.2090495218005272,-0.9214774986918894
0.32532457951146704,-0.2148208690221463,-0.9208777943887327
0.3232091980370619,-0.220574715598511,-0.9202622501998414
0.3210336522764498,-0.22631047276639588,-0.9196308846609568
0.31879796709573155,-0.2320275485717507,-0.9189837174180036
0.31650217024478644,-0.23772534781578625,-0.918320769250159
0.3141462924427553,-0.24340327200217812,-0.9176420620934421
0.3117303674658313,-0.2490607192854376,-0.9169476190648178
0.3092544322373751,-0.2546970844205021,-0.9162374644868188
0.30671852692036544,-0.26031175871359674,-0.9155116239126816
0.30412269501220035,-0.2659041299744225,-0.914770124151998
0.30146698344186124,-0.2714735824697252,-0.9140129932968776
0.2987514426694519,-0.2770194968783042,-0.9132402607486227
0.29597612678812574,-0.282541250247517,-0.9124519572449112
0.29314109362841145,-0.28803821595134277,-0.9116481148874858
0.2902464048649488,-0.29350976365006415,-0.9108287671703479
0.2872921261256445,-0.29895525925163163,-0.9099939490084518
0.2842783271032575,-0.30437406487477575,-0.9091436967668968
0.2812050816694237,-0.30976553881393293,-0.9082780482906138
0.278072467991126,-0.31512903550605353,-0.9073970429345407
0.2748805686496185,-0.3204639054993622,-0.9065007215942844
0.2716294707618107,-0.325769495424142,-0.9055891267372631
0.26831926610411583,-0.33104514796561507,-0.9046623024343243
0.2649500512387685,-0.33629020183899594,-0.903720294391833
0.2615219276426148,-0.34150399176679397,-0.902763149984223
0.2580350018383739,-0.34668584845844236,-0.9017909182870054
0.25448938552837586,-0.3518350985923367,-0.9008036501102281
0.25088519573077056,-0.3569510648003627,-0.8998013980323771
0.247222554918207,-0.3620330656549982,-0.8987842164347114
0.24350159115897965,-0.367080415659076,-0.8977521615360251
0.2397224382606346,-0.37209242523829394,-0.8967052914278252
0.23588523591602875,-0.3770684007365624,-0.8956436661099161
0.23199012985183282,-0.3820076444142805,-0.8945673475263796
0.2280372719794674,-0.38690945444963465,-0.8934763996019417
0.2240268205484577,-0.3917731249430129,-0.8923708882787108
0.2199589403021933,-0.3965979459246346,-0.8912508815532789
0.2158338026360734,-0.4013832033654905,-0.8901164495141688
0.21165158575802015,-0.4061281791916974,-0.8889676643796175
0.20741247485133543,-0.410832151302367,-0.8878046005356771
0.2031166622398781,-0.4154943935910941,-0.886627334574623
0.19876434755553302,-0.42011417597116885,-0.8854359453336469
0.19435573790794264,-0.424690764404623,-0.8842305139338249
0.18989104805646725,-0.4292234209352149,-0.8830111238193366
0.18537050058433835,-0.4337114037254689,-0.8817778607969216
0.1807943260749657,-0.43815396709787774,-0.8805308130755509
0.17616276329035568,-0.44255036158038413,-0.8792700713062952
0.1714760593515951,-0.4468998339562556,-0.8779957286223661
0.16673446992135116,-0.45120162731846986,-0.876707880679312
0.16193825938833456,-0.4554549811287294,-0.8754066256953424
0.15708770105366912,-0.45965913128122393,-0.874092064491758
0.15218307731910738,-0.4638133101712622,-0.872764300533462
0.14722467987702728,-0.4679167467688952,-0.8714234399695252
0.1422128099021412,-0.4719686666976523,-0.87006959167378
0.13714777824484473,-0.47596829231851673,-0.868702867285413
0.1320299056261269,-0.47991484281926355,-0.8673233812495301
0.1268595228339599,-0.48380753430928514,-0.8659312508576591
0.12163697092108194,-0.487645579920033,-0.8645265962881642
0.11636260140408093,-0.49142818991120035,-0.8631095406465371
0.11103677646368248,-0.4951545717827734,-0.861680210005529
0.10565986914614045,-0.4988239303930792,-0.8602387334450948
0.10023226356562254,-0.5024354680829576,-0.8587852430921079
0.09475435510747877,-0.505988384806184,-0.8573198741598115
0.0892265506322742,-0.5094818782662716,-0.8558427649869679
0.08364926868046259,-0.5129151440597789,-0.8543540570766667
0.0780229396775706,-0.5162873758262494,-0.8528538951347502
0.07234800613975739,-0.5195977654049088,-0.8513424271078159
0.06662492287960779,-0.5228455029982457,-0.8498198042207523
0.06085415721201057,-0.5260297773425968,-0.8482861810137625
0.055036189159967844,-0.5291497758858614,-0.8467417153788344
0.04917151166017474,-0.5322046849724632,-0.8451865685956057
0.04326063076820164,-0.5351936900356807,-0.8436209053665806
0.037304065863104925,-0.5381159757974603,-0.8420448938516452
0.031302349851285285,-0.5409707264758272,-0.8404587057018349
0.025256029369405745,-0.5437571260000063,-0.8388625160923004
0.019165664986174273,-0.5464743582333592,-0.8372565037544206
0.013031831402789198,-0.5491216072042463,-0.835640851007007
0.006855117651838212,-0.5516980573449114,-0.834015743786549
0.0006361272944344219,-0.5542028937384906,-0.8323813716764381
-0.005624521384634104,-0.5566353023742356,-0.8307379279351204
-0.011926195183972506,-0.5589944704110436,-0.8290856095231125
-0.018268245795103416,-0.561279586449375,-0.8274246171288285
-0.024650009614693276,-0.5634898408116416,-0.8257551551931519
-0.031070807559734022,-0.5656244258311334,-0.8240774319326958
-0.037529944885940934,-0.5676825361495567,-0.8223916593616848
-0.04402671100963484,-0.5696633690232409,-0.8206980533124013
-0.05056037933338424,-0.5715661246380689,-0.818996833454125
-0.0571302070756906,-0.5733900064331788,-0.8172882233105087
-0.06373543510500668,-0.5751342214334756,-0.8155724502753177
-0.07037528777838593,-0.5767979805909826,-0.8138497456264724
-0.07704897278506724,-0.5783804991350592,-0.8121203445383238
-0.08375568099530709,-0.5798809969314935,-0.8103844860920955
-0.09049458631477744,-0.5812986988504791,-0.8086424132844241
-0.09726484554485518,-0.5826328351434673,-0.8068943730339311
-0.10406559824913462,-0.5838826418288801,-0.8051406161857552
-0.11089596662650174,-0.5850473610866574,-0.803381397513978
-0.11775505539111462,-0.5861262416616011,-0.8016169757218731
-0.1246419516596408,-0.5871185392754655,-0.7998476134399098
-0.13155572484610703,-0.5880235170477336,-0.7980735772214421
-0.1384954265647239,-0.5888404459250036,-0.7962951375360132
-0.1454600905410512,-0.5895686051188994,-0.7945125687602081
-0.15244873253187544,-0.5902072825524045,-0.7927261491659847
-0.15946035025417568,-0.5907557753145013,-0.7909361609064149
-0.16649392332355636,-0.5912133901229898,-0.7891428899987702
-0.1735484132025313,-0.5915794437953398,-0.7873466263048823
-0.18062276315904396,-0.5918532637274149,-0.7855476635087135
-0.18771589823561352,-0.592034188379895,-0.7837462990910745
-0.1948267252294968,-0.5921215677722035,-0.7819428343014201
-0.20195413268425924,-0.5921147639837312,-0.780137574126666
-0.20909699089314698,-0.59201315166213,-0.7783308272569597
-0.21625415191465444,-0.5918161185384337,-0.776522906048351
-0.2234244496006799,-0.5915230659487447,-0.7747141264822981
-0.23060669963766173,-0.5911334093622054,-0.7729048081219579
-0.2377996996010849,-0.5906465789149588,-0.7710952740652023
-0.24500222902374674,-0.5900620199497782,-0.7692858508943102
-0.25221304947816603,-0.5893791935610347,-0.7674768686222854
-0.2594309046735154,-0.5885975771446403,-0.7656686606357482
-0.2666545205674548,-0.5877166649525984,-0.7638615636343644
-0.27388260549323445,-0.5867359686517619,-0.7620559175667596
-0.2811138503024315,-0.5856550178863885,-0.760252065562887
-0.28834692852367605,-0.5844733608440541,-0.7584503538628078
-0.29558049653771523,-0.5831905648244742,-0.7566511317418542
-0.3028131937691522,-0.5818062168107541,-0.754854751432144
-0.31004364289518865,-0.5803199240425765,-0.7530615680404219
-0.3172704500716875,-0.5787313145908097,-0.7512719394622044
-0.3244922051768594,-0.577040037933002,-0.7494862262922107
-0.3317074820728629,-0.5752457655292067,-0.7477047917310671
-0.3389148388855975,-0.5733481913975669,-0.7459280014882729
-0.3461128183029453,-0.5713470326890612,-0.7441562236814239
-0.35329994789171,-0.5692420302608041,-0.7423898287316933
-0.3604747404334753,-0.567032949247264,-0.7406291892555737
-0.36763569427959397,-0.5647195796287551,-0.7388746799528884
-0.37478129372549074,-0.5623017367965331,-0.7371266774910878
-0.38191000940444886,-0.5597792621138117,-0.7353855603858499
-0.3890202987010226,-0.5571520234720011,-0.7336517088780083
-0.3961106061841977,-0.5544199158414506,-0.7319255048068394
-0.40317936406039473,-0.5515828618159643,-0.7302073314797425
-0.41022499264638973,-0.5486408121503491,-0.7284975735383578
-0.41724590086219393,-0.5455937462902293,-0.7267966168211636
-0.42424048674391224,-0.5424416728933638,-0.7251048482226121
-0.4312071379765685,-0.5391846303416814,-0.7234226555488575
-0.43814423244685824,-0.5358226872432412,-0.7217504273701437
-0.4450501388157572,-0.5323559429233192,-0.7200885528699225
-0.45192321711088485,-0.5287845279038099,-0.7184374216907781
-0.4587618193384902,-0.5251086043701313,-0.7167974237772423
-0.4655642901148899,-0.5213283666248066,-0.7151689492155892
-0.4723289673171631,-0.5174440415269059,-0.7135523880707035
-0.47905418275286504,-0.5134558889165157,-0.7119481302201274
-0.48573826284849203,-0.5093642020234112,-0.7103565651853884
-0.4923795293563932,-0.5051693078591052,-0.7087780819607288
-0.4989763000797868,-0.5008715675914498,-0.7072130688393494
-0.5055268896155072,-0.49647137690097076,-0.705661913237299
-0.5120296101140643,-0.49196916631812143,-0.7041250015151371
-0.5184827720565708,-0.48736540154065,-0.7026027187975117
-0.524884685048043,-0.4826605837302833,-0.7010954487907899
-0.5312336586265558,-0.4778552497879438,-0.699603573598896
-0.5375280030876868,-0.472949972606726,-0.6981274735375058
-0.5437660303236507,-0.46794536130187653,-0.6966675269467603
-0.5499460546764876,-0.4628420614170387,-0.695224110002661
-0.5560663938046342,-0.45764075510604035,-0.6937975965273178
-0.5621253695621661,-0.4523421612895266,-0.6923883577982216
-0.5681213088899691,-0.44694703578575834,-0.6909967623567221
-0.5740525447180577,-0.44145617141492843,-0.6896231758158913
-0.579917416878228,-0.4358703980763662,-0.6882679606679608
-0.5857142730261967,-0.4301905827980374,-0.686931476091523
-0.5914414695723464,-0.4244176297577718,-0.6856140777586894
-0.5970973726201643,-0.4185524802756849,-0.6843161176424017
-0.6026803589114329,-0.41259611277729563,-0.6830379438240979
-0.6081888167772027,-0.4065495427268759,-0.6817799003019336
-0.6136211470935429,-0.4004138225306053,-0.6805423267997616
-0.6189757642410516,-0.394190041409148,-0.6793255585770791
-0.624251097067069,-0.3878793252393018,-0.6781299262401452
-0.6294455898495248,-0.3814828363644215,-0.6769557555544823
-0.634557703261322,-0.3750017733733536,-0.6758033672589654
-0.6395859153341471,-0.36843737084767086,-0.6746730768817125
-0.644528722420571,-0.3617908990770389,-0.6735651945579839
-0.6493846401532967,-0.35506366374259574,-0.6724800248502989
-0.6541522044003939,-0.348257005568274,-0.6714178665709788
-0.6588299722153484,-0.3413722999400436,-0.6703790126073222
-0.6634165227807455,-0.3344109564931063,-0.669363749749619
-0.667910458344404,-0.3273744186671221,-0.668372358522203
-0.6723104051467673,-0.32026416322960105,-0.6674051130177482
-0.6766150143383614,-0.31308169976764555,-0.6664622807350024
-0.6808229628861268,-0.30582857014828113,-0.6655441224201545
-0.684932954467438,-0.29850634794766734,-0.6646508919120269
-0.6889437203506265,-0.2911166378495319,-0.663782835991277
-0.692854020260835,-0.283661075013226,-0.6629401942337932
-0.6966626432300395,-0.2761413244118508,-0.6621231988684613
-0.7003684084300885,-0.26855908014095525,-0.6613320746394724
-0.7039701659876288,-0.26091606469836215,-0.6605670386733435
-0.7074667977798003,-0.25321402823572536,-0.6598283003508052
-0.7108572182096085,-0.2454547477824756,-0.6591160611837178
-0.7141403749599031,-0.2376400264428593,-0.6584305146971594
-0.7173152497249208,-0.22977169256682434,-0.6577718463168301
-0.7203808589183759,-0.22185159889555456,-0.6571402332619037
-0.7233362543571136,-0.21388162168249936,-0.6565358444434588
-0.7261805239193765,-0.2058636597907905,-0.6559588403686024
-0.7289127921767674,-0.19779963376798065,-0.6554093730504024
-0.7315322209990289,-0.18969148489907903,-0.6548875859237298
-0.7340380101308037,-0.1815411742388994,-0.6543936137671058
-0.7364293977395745,-0.1733506816247735,-0.6539275826306414
-0.7387056609340319,-0.16512200467071686,-0.6534896097701469
-0.740866116252161,-0.15685715774416903,-0.6530798035874791
-0.7429101201183813,-0.14855817092645918,-0.6526982635771886
-0.7448370692691293,-0.1402270889581789,-0.652345080279517
-0.7466464011463162,-0.13186597017066856,-0.6520203352397859
-0.7483375942581478,-0.12347688540484769,-0.6517241009742127
-0.749910168506844,-0.11506191691864173,-0.6514564409421741
-0.7513636854828474,-0.10662315728427506,-0.6512174095249341
-0.7526977487251668,-0.09816270827671697,-0.6510070520108411
-0.7539120039475541,-0.08968267975458027,-0.6508254045869911
-0.7550061392302657,-0.08118518853478239,-0.6506724943373436
-0.7559798851772205,-0.07267235726228703,-0.6505483392472685
-0.7568330150384154,-0.06414631327624963,-0.650452948214494
-0.7575653447975217,-0.05560918747389156,-0.6503863210664149
-0.7581767332246347,-0.04706311317342828,-0.650348448583716
-0.7586670818942097,-0.03851022497737299,-0.6503393125302488
-0.75903633516827,-0.02995265763753179,-0.6503588856891022
-0.7592844801450255,-0.021392544922997588,-0.6504071319047908
-0.7594115465731013,-0.012832018492439055,-0.6504840061314807
-0.7594176067316186,-0.004273206771967022,-0.6505894544871633
-0.7593027752764331,0.004281766160155422,-0.6507234143136825
-0.7590672090528785,0.012830781680711691,-0.6508858142425105
-0.7587111068754212,0.021371727719412863,-0.6510765742661617
-0.7582347092746737,0.029902499846258285,-0.6512956058151288
-0.7576382982122674,0.03842100234719833,-0.6515428118402167
-0.7569221967641283,0.046925149286949644,-0.6518180869001442
-0.7560867687727465,0.05541286555784315,-0.6521213172542789
-0.7551324184690701,0.06388208791361684,-0.6524523809603657
-0.7540595900646986,0.07233076598709882,-0.6528111479770994
-0.7528687673150871,0.08075686329076165,-0.6531974802713943
-0.7515604730545136,0.08915835819916546,-0.6536112319301934
-0.750135268703593,0.09753324491234643,-0.6540522492766588
-0.7485937537501587,0.10587953439924624,-0.6545203709905794
-0.7469365652043612,0.11419525532031985,-0.6550154282328303
-0.7451643770288648,0.12247845492850029,-0.6555372447737133
-0.7432778995450471,0.13072719994774337,-0.6560856371250064
-0.7412778788161358,0.13893957742841853,-0.6566604146755484
-0.7391650960082337,0.14711369557885665,-0.6572613798301786
-0.7369403667302101,0.1552476845724122,-0.6578883281518593
-0.7346045403534478,0.16333969732944167,-0.658541048506793
-0.7321584993124571,0.17138791027364772,-0.6592193232123608
-0.7296031583873777,0.17939052406228434,-0.6599229281876955
-0.7269394639694016,0.18734576428976538,-0.6606516331067099
-0.7241683933101624,0.19525188216426587,-0.6614052015533971
-0.7212909537561366,0.20310715515695107,-0.6621833911792208
-0.7183081819691166,0.21090988762351673,-0.6629859538624163
-0.7152211431338068,0.21865841139776776,-0.6638126358690193
-0.712030930153607,0.22635108635701048,-0.6646631780154445
-0.7087386628356349,0.23398630095907774,-0.6655373158324365
-0.7053454870660435,0.2415624727508507,-0.6664347797302153
-0.7018525739766794,0.24907804884818588,-0.6673552951646451
-0.6982611191041248,0.25653150638719885,-0.6682985828042508
-0.6945723415421529,0.26392135294689756,-0.669264358697914
-0.6907874830886187,0.27124612694320116,-0.6702523344430844
-0.6869078073877933,0.27850439799441923,-0.6712622173543364
-0.6829345990691377,0.28569476725830617,-0.6722937106321154
-0.6788691628834918,0.2928158677408434,-0.6733465135315131
-0.6747128228376458,0.2998663645769394,-0.6744203215309174
-0.6704669213282329,0.30684495528327266,-0.6755148265003867
-0.6661328182758717,0.31375036998353745,-0.6766297168696023
-0.6617118902604576,0.320581371606385,-0.6777646777952515
-0.6572055296584909,0.3273367560563846,-0.678919391327708
-0.6526151437832926,0.3340153523583595,-0.6800935365768693
-0.647942154028951,0.34061602277548,-0.6812867898770217
-0.6431879950188022,0.3471376629015261,-0.6824988249506073
-0.638354113759235,0.35357920172775514,-0.6837293130707688
-0.6334419687995733,0.35993960168483513,-0.6849779232225538
-0.6284530293987729,0.36621785866032897,-0.686244322262668
-0.6233887746996327,0.37241300199223365,-0.6875281750776641
-0.6182506929112005,0.37852409443909957,-0.6888291447404649
-0.613040280500017,0.38455023212727385,-0.6901468926651197
-0.6077590413908236,0.39049054447582804,-0.6914810787597002
-0.6024084861773199,0.3963441940997454,-0.6928313615772407
-0.5969901313435356,0.4021103766919581,-0.694197398464644
-0.5915054984963495,0.40778832088483674,-0.6955788457094644
-0.5859561136096584,0.4133772880917443,-0.6969753586844949
-0.5803435062806732,0.41887657232927994,-0.6983865919900867
-0.5746692089987858,0.4242855000208417,-0.6998121995941299
-0.5689347564274251,0.4296034297821484,-0.701251834969636
-0.5631416846992913,0.43482975218936426,-0.7027051512298599
-0.5572915307253284,0.4399638895304757,-0.7041718012609111
-0.5513858315177665,0.44500529554057067,-0.7056514378517985
-0.5454261235275407,0.4499534551216772,-0.7071437138218686
-0.5394139419963614,0.45480788404781375,-0.7086482821455905
-0.5333508203236894,0.4595681286559081,-0.7101647960746538
-0.5272382894488385,0.46423376552323653,-0.7116929092573423
-0.521077877248405,0.46880440113203653,-0.7132322758551585
-0.5148711079491975,0.4732796715219399,-0.7147825506566668
-0.5086195015568149,0.4776592419308702,-0.7163433891885397
-0.5023245732999985,0.4819428064250438,-0.7179144478237831
-0.49598783309085936,0.4861300875187071,-0.7194953838871296
-0.48961078500105876,0.49022083578423686,-0.721085855757587
-0.48319492675399833,0.49421482945322026,-0.7226855229681322
-0.47674174923305684,0.4981118740091286,-0.7242940463025491
-0.47025273600588446,0.501911801772183,-0.7259110878894061
-0.463729362864753,0.505614471477006,-0.727536311293174
-0.45717309738293505,0.5092197678436423,-0.7291693816024919
-0.45058539848706913,0.5127276011425174,-0.7308099655155837
-0.4439677160454506,0.516137906753897,-0.732457731422839
-0.4373214904721696,0.5194506447223964,-0.7341123494865666
-0.43064815234700315,0.5226657993070747,-0.7357734917179398
-0.4239491220509498,0.5257833785276416,-0.7374408320511467
-0.41722580941728504,0.528803413707287,-0.7391140464147676
-0.41047961339799605,0.5317259590126338,-0.7407928128003989
-0.40371192174544707,0.5345510909912992,-0.7424768113285491
-0.39692411070910955,0.5372789081075384,-0.7441657243118324
-0.39011754474718063,0.5399095302764294,-0.7458592363154839
-0.38329357625290483,0.542443098397044,-0.747557034215232
-0.37645354529539937,0.5448797738850373,-0.749258807252551
-0.36959877937477736,0.547219738205074,-0.750964247087333
-0.3627305931913519,0.5494631924034935,-0.7526730478480093
-0.3558502884286967,0.5516103566416055,-0.7543849061791561
-0.3489591535503309,0.553661469729991,-0.7560995212866247
-0.342058463609789,0.55561678866417,-0.7578165949802274
-0.3351494800738297,0.5574765881619845,-0.7595358317140244
-0.3282334506585322,0.5592411602030314,-0.7612569386242468
-0.3213116091780229,0.5609108135704617,-0.7629796255648984
-0.3143851754055706,0.5624858733954582,-0.7647036051410749
-0.30745535494678644,0.5639666807046797,-0.7664285927400487
-0.300523339124655,0.565353591970953,-0.7681543065601526
-0.2935903048761293,0.566646978667479,-0.7698804676375153
-0.28665741466000993,0.5678472268258056,-0.7716067998706861
-0.27972581637583543,0.5689547365978077,-0.7733330300431966
-0.272796643293501,0.5699699218219018,-0.7750588878441003
-0.2658710139933291,0.5708932095937101,-0.7767841058865399
-0.2589500323163089,0.5717250398413772,-0.7785084197243844
-0.2520347873242247,0.5724658649057298,-0.780231567866981
-0.24512635326939125,0.5731161491254584,-0.7819532917920706
-0.23822578957371565,0.5736763684274896,-0.7836733359569069
-0.23133414081680645,0.5741470099227037,-0.7853914478076324
-0.22445243673284987,0.574528571507144,-0.787107377786949
-0.21758169221597623,0.5748215614688519,-0.7888208793401346
-0.21072290733384066,0.5750264981004529,-0.7905317089194484
-0.20387706734914435,0.5751439093176064,-0.7922396259869696
-0.19704514274882393,0.5751743322834237,-0.7939443930159173
-0.19022808928064092,0.5751183130389501,-0.7956457754904934
-0.18342684799690387,0.5749764061397951,-0.797343541904295
-0.17664234530505996,0.574749174298987,-0.799037463757339
-0.1698754930248958,0.5744371880361214,-0.8007273155517439
-0.16312718845209012,0.5740410253328613,-0.8024128747861127
-0.15639831442786487,0.5735612712948384,-0.8040939219486561
-0.14968973941448477,0.5729985178200042,-0.8057702405091057
-0.14300231757635937,0.5723533632734596,-0.8074416169094513
-0.13633688886650533,0.571626412168799,-0.8091078405535498
-0.12969427911813033,0.5708182748559824,-0.810768703795644
-0.1230753001411059,0.5699295672157579,-0.8124240019278332
-0.1164807498230979,0.5689609103606382,-0.8140735331665332
-0.10991141223513093,0.5679129303424346,-0.8157170986379704
-0.10336805774136416,0.5667862578663444,-0.8173545023627408
-0.09685144311286388,0.5655815280115843,-0.8189855512394814
-0.09036231164515926,0.5642993799585523,-0.8206100550276827
-0.08390139327937546,0.5629404567225001,-0.8222278263296875
-0.07746940472674056,0.5615054048936909,-0.8238386805719048
-0.07106704959626883,0.559994874384013,-0.8254424359852811
-0.06469501852542679,0.5584095181800157,-0.8270389135850605
-0.05835398931359368,0.5567499921023301,-0.8286279371498673
-0.05204462705813232,0.5550169545714306,-0.8302093332001481
-0.045767584292891315,0.5532110663796964,-0.8317829309760042
-0.039523501128963925,0.5513329904697178,-0.8333485624144478
-0.03331300539753387,0.5493833917188008,-0.8349060621261117
-0.027136712794642963,0.5473629367296098,-0.8364552673714466
-0.020995227027719953,0.5452722936268942,-0.8379960180364348
-0.014889139963714543,0.5431121318602341,-0.8395281566078489
-0.008819031778685345,0.5408831220127452,-0.841051528148087
-0.002785471108694784,0.5385859356156749,-0.8425659802696113
0.0032109847981314087,0.536221244968821,-0.844071363109017
0.009169789928518145,0.5337897229667061,-0.8455675293007615
0.01509040935006194,0.5312920429304334,-0.8470543339505763
0.020972319056488213,0.5287288784451512,-0.8485316346085898
0.026815005812270015,0.5261009032030507,-0.8499992912421882
0.032617966996728955,0.5234087908518229,-0.8514571662086315
0.03838071044773517,0.5206532148484941,-0.8529051242274577
0.04410275430511887,0.517834848318565,-0.8543430323526909
0.049783626853902335,0.5149543639203698,-0.8557707599448809
0.05542286636745688,0.512012433714579,-0.8571881786429915
0.06102002095068599,0.5090097290387628,-0.8585951623361637
0.06657464838333145,0.5059469203869332,-0.8599915871353708
0.07208631596349623,0.5028246772939846,-0.861377331344987
0.07755460035147359,0.49964366822494766,-0.8627522754342881
0.08297908741396917,0.4964045604689778,-0.8641163020089053
0.08835937206879833,0.4931080200379917,-0.8654692957822474
0.09369505813013851,0.48975471156986994,-0.866811143546911
0.09898575815441271,0.4863452982361446,-0.8681417341460965
0.10423109328687688,0.48288044165408706,-0.8694609584450451
0.10943069310898093,0.4793608018031137,-0.8707687093025129
0.11458419548657012,0.4757870369454279,-0.8720648815422999
0.1196912464189906,0.47215980355081577,-0.8733493719248463
0.12475149988915954,0.4684797562255132,-0.8746220791189123
0.12976461771465825,0.4647475476450641,-0.875882903673355
0.13473026939990304,0.4609638284910892,-0.8771317479890165
0.1396481319894468,0.45712924739188326,-0.8783685162907359
0.14451788992246067,0.4532444508667638,-0.8795931145994978
0.14933923488844372,0.4493100832740901,-0.8808054507047313
0.1541118656842053,0.4453267867628756,-0.8820054341367665
0.15883548807216277,0.44129520122791593,-0.8831929761394681
0.16350981463999512,0.43721596426835524,-0.8843679896430484
0.16813456466168983,0.4330897111496161,-0.8855303892370754
0.17270946396002024,0.4289170747686166,-0.8866800911436862
0.17723424477048574,0.4246986856222021,-0.8878170131910121
0.1817086456067481,0.42043517177871614,-0.888941074786829
0.18613241112759304,0.4161271588526413,-0.8900521968924393
0.19050529200544514,0.4117752699822351,-0.8911503019967943
0.19482704479646296,0.40738012581009386,-0.8922353140908675
0.19909743181223877,0.40294234446657334,-0.8933071586422849
0.20331622099312488,0.39846254155599764,-0.8943657625702193
0.20748318578320962,0.39394133014559035,-0.8954110542205591
0.21159810500696166,0.38937932075706133,-0.8964429633413564
0.21566076274756052,0.38477712136078207,-0.8974614210585604
0.21967094822693187,0.38013533737248906,-0.8984663598520451
0.2236284556875014,0.3754545716524483,-0.8994577135319369
0.2275330842756831,0.3707354245070221,-0.9004354172152454
0.23138463792711383,0.36597849369257485,-0.9013994073028074
0.23518292525364637,0.36118437442165957,-0.9023496214565463
0.23892775943211259,0.35635365937142605,-0.9032859985770533
0.24261895809486525,0.3514869386941923,-0.9042084787814961
0.24625634322210752,0.34658480003012343,-0.9051170033818584
0.24983974103601841,0.34164782852196257,-0.9060115148635159
0.2533689818966803,0.33667660683175843,-0.9068919568641532
0.256843900199815,0.3316717151595376,-0.9077582741530248
0.2602643342763331,0.3266337312638677,-0.9086104126105647
0.263630126293701,0.32156323048426166,-0.90944831920835
0.26694112215912963,0.31646078576537157,-0.9102719419894191
0.2701971714245878,0.3113269676829239,-0.9110812300489499
0.2733981271936416,0.30616234447134766,-0.9118761335153022
0.27654384603012266,0.3009674820530484,-0.9126566035314245
0.27963418786862626,0.29574294406928137,-0.9134225922366317
0.282669015926839,0.2904892919125797,-0.9141740527487534
0.2856481966196978,0.28520708476069295,-0.914910939146659
0.28857159947537786,0.27989687961199256,-0.9156332064531583
0.2914390970531114,0.2745592313223025,-0.916340810618284
0.2942505648628338,0.2691946926431133,-0.9170337085029553
0.2970058812866573,0.2638038142611397,-0.9177118578630279
0.2997049275021697,0.2583871448391817,-0.9183752173337295
0.3023475874075569,0.252945231058251,-0.9190237464144863
0.3049337475485459,0.24747861766092452,-0.9196574054541385
0.3074632970471671,0.2419878474958888,-0.9202761556365525
0.30993612753233263,0.23647346156363877,-0.9208799589666246
0.31235213307222803,0.23093599906329565,-0.9214687782566845
0.31471121010851444,0.22537599744050943,-0.922042577113297
0.3170132573923384,0.21979399243641284,-0.9226013199244629
0.3192581759221459,0.21419051813759338,-0.9231449718472249
0.32144586888329857,0.20856610702705083,-0.9236734987956742
0.32357624158948695,0.20292129003610992,-0.9241868674293653
0.3256492014259402,0.19725659659725647,-0.9246850451421362
0.3276646577944271,0.19157255469786724,-0.9251680000513386
0.32962252206004605,0.18586969093480343,-0.9256357009874756
0.3315227074998015,0.18014853056984048,-0.9260881174842535
0.3333651292529631,0.1744095975859043,-0.9265252197690456
0.3351497042732051,0.16865341474408746,-0.92694697875377
0.3368763512825239,0.16288050364141748,-0.927353366026183
0.33854499072692956,0.15709138476935178,-0.9277443538415907
0.340155544733911,0.15128657757297193,-0.9281199151149777
0.3417079370716709,0.14546660051085303,-0.9284800234135568
0.3432020931101292,0.13963197111558243,-0.9288246529497393
0.34463793978369334,0.13378320605490365,-0.9291537785745277
0.3460154055557925,0.12792082119346104,-0.9294673757713344
0.34733442038517676,0.12204533165512184,-0.9297654206502223
0.3485949156939767,0.11615725188585237,-0.9300478899425749
0.34979682433752685,0.110257095717125,-0.9303147609961944
0.3509400805759478,0.10434537642983373,-0.9305660117708274
0.3520246200474896,0.09842260681869588,-0.9308016208341244
0.3530503797436362,0.09248929925711817,-0.9310215673580294
0.35401729798596965,0.08654596576250506,-0.9312258311156046
0.35492531440479635,0.08059311806198842,-0.9314143924782906
0.3557743699195343,0.07463126765855682,-0.9315872324136025
0.3565644067208651,0.06866092589756388,-0.9317443324832659
0.35729536825464997,0.06268260403359435,-0.9318856748417919
0.3579671992076124,0.05669681329766753,-0.9320112422354931
0.35857984549479055,0.050704064964757455,-0.9321210180019448
0.3591332542487606,0.04470487042160923,-0.9322149860698884
0.35962737381063475,0.038699741234831206,-0.9322931309595835
0.3600621537228376,0.032689189219242666,-0.9323554377836064
0.36043754472366374,0.02667372650645668,-0.932401892248099
0.360753498743621,0.020653865613677824,-0.93243248065447
0.3610099689035634,0.01463011951269441,-0.9324471899015474
0.36120690951462064,0.008603001699044948,-0.9324460074881886
0.36134427607992564,0.0025730262613381906,-0.9324289215163444
0.36142202529814943,-0.003459292049293579,-0.9323959206945844
0.36144011506884727,-0.009493437749628865,-0.932346994342081
0.3613985044996229,-0.015528894554699647,-0.9322821323930568
0.36129715391511824,-0.021565145308063454,-0.9322013254016954
0.3611360248678343,-0.027601671912026088,-0.932104564547519
0.36091508015079304,-0.033637955257836374,-0.9319918416412338
0.3606342838120457,-0.039673475155874785,-0.9318631491310456
0.36029360117103804,-0.04570771026585778,-0.9317184801094468
0.35989299883683945,-0.05174013802708033,-0.9315578283204781
0.35943244472824654,-0.05777023458871921,-0.9313811881674658
0.3589119080957693,-0.06379747474022002,-0.9311885547212364
0.35833135954551093,-0.0698213318417916,-0.9309799237288118
0.35769077106495056,-0.07584127775503142,-0.9307552916225862
0.35699011605063996,-0.08185678277370645,-0.9305146555299862
0.35622936933782473,-0.0878673155547142,-0.930258013283618
0.3554085072320016,-0.09387234304924941,-0.9299853634319006
0.3545275075424234,-0.09987133043420184,-0.9296967052501904
0.35358634961756286,-0.10586374104381219,-0.9293920387523961
0.35258501438254897,-0.11184903630161265,-0.929071364703088
0.35152348437858655,-0.11782667565267997,-0.9287346846301026
0.35040174380437344,-0.12379611649622933,-0.9283820008376434
0.3492197785595276,-0.1297568141185782,-0.9280133164198838
0.34797757629003734,-0.13570822162650922,-0.9276286352750661
0.3466751264357487,-0.14164978988106394,-0.9272279621201079
0.3453124202799039,-0.14758096743179697,-0.9268113025057096
0.3438894510007446,-0.15350120045152416,-0.9263786628319693
0.3424062137251939,-0.1594099326715966,-0.9259300503645046
0.34086270558463266,-0.16530660531773517,-0.9254654732510827
0.3392589257727837,-0.17119065704645942,-0.9249849405387627
0.33759487560571855,-0.17706152388214713,-0.9244884621915469
0.3358705585840027,-0.182918639154761,-0.9239760491085471
0.3340859804569936,-0.18876143343827959,-0.9234477131426637
0.3322411492893059,-0.19458933448987215,-0.9229034671197794
0.3303360755294602,-0.200401767189856,-0.9223433248584703
0.32837077208072973,-0.2061981534824779,-0.921767301190231
0.32634525437420014,-0.21197791231756108,-0.9211754119802195
0.32425954044405747,-0.21774045959306124,-0.9205676741485176
0.32211365100511913,-0.2234852080985755,-0.9199441056919104
0.31990760953262365,-0.2292115674598503,-0.9193047257061834
0.3176414423442926,-0.2349189440843342,-0.9186495544089374
0.31531517868468045,-0.24060674110782443,-0.9179786131629213
0.31292885081182614,-0.24627435834225633,-0.9172919244998834
0.3104824940862208,-0.25192119222468573,-0.9165895121449366
0.3079761470621048,-0.2575466357675176,-0.9158714010414424
0.30540985158110917,-0.2631500785100329,-0.9151376173764076
0.30278365286825326,-0.2687309064712706,-0.9143881886063963
0.3000975996303107,-0.27428850210431854,-0.9136231434839504
0.29735174415655874,-0.27982224425207375,-0.9128425120845245
0.29454614242191945,-0.2853315081045297,-0.9120463258339244
0.2916808541925068,-0.29081566515765245,-0.9112346175362535
0.2887559431335873,-0.2962740831739077,-0.9104074214023594
0.28577147691996774,-0.30170612614450315,-0.9095647730787827
0.28272752734881534,-0.3071111542534119,-0.9087067096771995
0.2796241704549215,-0.3124885238432437,-0.9078332698043555
0.27646148662841574,-0.3178375873830345,-0.9069444935924902
0.2732395607349362,-0.3231576934380235,-0.906040422730242
0.269958482238263,-0.32844818664149106,-0.9051211004940333
0.2666183453254175,-0.3337084076687315,-0.9041865717799265
0.2632192490342339,-0.3389376932132373,-0.9032368831359487
0.2597612973834018,-0.34413537596517096,-0.9022720827948754
0.2562445995049842,-0.34930078459220576,-0.9012922207074684
0.2526692697794072,-0.3544332437228157,-0.9002973485761603
0.24903542797292322,-0.35953207393209835,-0.8992875198891772
0.245343199377541,-0.36459659173021475,-0.8982627899550908
0.24159271495342002,-0.36962610955353403,-0.8972232159377923
0.2377841114737216,-0.3746199357585714,-0.8961688568918788
0.23391753167190846,-0.3795773746188083,-0.895099773798438
0.2299931243914828,-0.3844977263244899,-0.894016029601227
0.22601104473815048,-0.3893802869854912,-0.8929176892432281
0.22197145423439732,-0.39422434863734934,-0.8918048197035743
0.21787452097646054,-0.3990291992505592,-0.8906774900348248
0.2137204197936775,-0.4037941227432327,-0.8895357714005869
0.2095093324101902,-0.4085183989972221,-0.8883797371134615
0.20524144760898141,-0.4132013038778101,-0.8872094626733009
0.20091696139821824,-0.4178421092570744,-0.8860250258057648
0.19653607717987165,-0.42244008304102876,-0.8848265065011539
0.19209900592058266,-0.42699448920065364,-0.8836139870535079
0.1876059663247394,-0.43150458780692297,-0.882387552099948
0.18305718500972729,-0.4359696350699396,-0.8811472886602435
0.17845289668331224,-0.44038888338229315,-0.8798932861765865
0.17379334432311216,-0.4447615813667551,-0.8786256365535504
0.1690787793581094,-0.44908697392842534,-0.8773444341982125
0.16430946185215298,-0.45336430231145,-0.8760497760604177
0.15948566068939565,-0.45759280416042863,-0.8747417616731595
0.15460765376160734,-0.46177171358662994,-0.8734204931930545
0.14967572815730193,-0.4659002612391393,-0.8720860754408841
0.14469018035261144,-0.4699776743810588,-0.8707386159421784
0.13965131640383557,-0.47400317697088473,-0.8693782249678121
0.13455945214159218,-0.4779759897491859,-0.868005015574588
0.12941491336648825,-0.48189533033070825,-0.8666191036457724
0.12421803604622712,-0.4857604133020324,-0.8652206079315593
0.1189691665140628,-0.4895704503249099,-0.8638096500894246
0.11366866166850648,-0.49332465024540617,-0.8623863547243419
0.10831688917418669,-0.49702221920897555,-0.8609508494288232
0.1029142276637582,-0.5006623607815988,-0.8595032648227513
0.09746106694074956,-0.5042442760771083,-0.8580437345929658
0.0919578081832342,-0.5077671638908294,-0.8565723955325663
0.08640486414820403,-0.5112302208396654,-0.8550893875798936
0.08080265937651851,-0.5146326415087515,-0.8535948538571488
0.07515163039829655,-0.5179736186048062,-0.8520889407086099
0.06945222593861256,-0.5212523431163018,-0.8505717977384021
0.06370490712335175,-0.524468004480582,-0.8490435778477813
0.05791014768507318,-0.5276197907580465,-0.8475044372718814
0.05206843416872321,-0.5307068888135255,-0.845954535615884
0.046180266137034916,-0.5337284845049621,-0.8443940358905605
0.04024615637544281,-0.5366837628795231,-0.84282310454714
0.034266631096335196,-0.5395719083772499,-0.8412419115114512
0.028242230142459548,-0.5423921050423645,-0.8396506302172906
0.02217350718928968,-0.5451435367423405,-0.8380494376389611
0.0160610299461561,-0.5478253873948459,-0.8364385143229333
0.009905380355933878,-0.550436841202659,-0.8348180444185686
0.0037071547930753253,-0.5529770828966616,-0.8331882157078548
-0.0025330357402327504,-0.5554452979870004,-0.8315492196340942
-0.008814565420014625,-0.557840673022512,-0.8299012513294864
-0.015136793408788844,-0.5601623958584948,-0.8282445096415495
-0.021499063666431364,-0.5624096559329126,-0.826579197158318
-0.02790070476386816,-0.5645816445511029,-0.8249055202322577
-0.03434102969985457,-0.5666775551790617,-0.8232236890028344
-0.040819335721105764,-0.5686965837453702,-0.8215339174176759
-0.047334904146050544,-0.5706379289518181,-0.8198364232522632
-0.053887000192487516,-0.5725007925927758,-0.8181314281280843
-0.06047487280943069,-0.5742843798833587,-0.8164191575291883
-0.06709775451343829,-0.5759878997964176,-0.8146998408170745
-0.07375486122972585,-0.5776105654083837,-0.8129737112438454
-0.08044539213837232,-0.5791515942539842,-0.8112410059635621
-0.08716852952593389,-0.5806102086898403,-0.8095019660417303
-0.09392343864278799,-0.5819856362669447,-0.8077568364628517
-0.10070926756653609,-0.5832771101120098,-0.8060058661359696
-0.10752514707180044,-0.5844838693176632,-0.8042493078981421
-0.1143701905067567,-0.5856051593414616,-0.8024874185157732
-0.12124349367674951,-0.5866402324136754,-0.8007204586837313
-0.12814413473534475,-0.5875883479537921,-0.7989486930221886
-0.13507117408317731,-0.5884487729956682,-0.7971723900711091
-0.14202365427495858,-0.58922078262125,-0.7953918222823194
-0.14900059993501244,-0.5899036604027674,-0.7936072660090903
-0.15600101768171357,-0.5904966988532947,-0.791819001493164
-0.16302389606120563,-0.5909991998855548,-0.7900273128491566
-0.170068205490781,-0.5914104752788295,-0.7882324880462709
-0.17713289821230632,-0.5917298471538235,-0.7864348188872499
-0.18421690825608145,-0.5919566484553156,-0.7846346009845095
-0.19131915141552233,-0.5920902234424111,-0.7828321337333825
-0.19843852523305827,-0.5921299281861955,-0.7810277202824109
-0.20557390899763742,-0.5920751310745728,-0.7792216675006276
-0.21272416375423284,-0.5919252133240518,-0.777414285941761
-0.21988813232574383,-0.5916795694982302,-0.775605889805309
-0.22706463934768406,-0.5913376080327039,-0.7737967968944214
-0.23425249131604806,-0.590898751766113,-0.7719873285705371
-0.24145047664874617,-0.5903624384770183,-0.7701778097047215
-0.24865736576099304,-0.5897281214262804,-0.7683685686256525
-0.2558719111550337,-0.588995269904595,-0.7665599370642089
-0.26309284752458406,-0.5881633697848214,-0.7647522500946103
-0.27031889187436114,-0.5872319240787156,-0.7629458460720703
-0.27754874365506726,-0.5862004534976679,-0.761141066566916
-0.28478108491419,-0.585068497017016,-0.7593382562951421
-0.2920145804629694,-0.5838356124434908,-0.7575377630453614
-0.2992478780598748,-0.5825013769853296,-0.7557399376021208
-0.30647960861092477,-0.5810653878245724,-0.7539451336655564
-0.313708386387173,-0.5795272626910353,-0.7521537077673632
-0.32093280925966916,-0.5778866404374354,-0.7503660191830591
-0.32815145895219305,-0.5761431816151245,-0.7485824298405279
-0.33536290131204544,-0.574296569049864,-0.7468033042248288
-0.34256568659916337,-0.5723465084170608,-0.7450290092792651
-0.3497583497938128,-0.5702927288158571,-0.7432599143027102
-0.35693941092309306,-0.5681349833414554,-0.7414963908431919
-0.3641073754064703,-0.565873049655036,-0.7397388125877409
-0.37126073442053714,-0.5635067305506124,-0.737987555248517
-0.3783979652831751,-0.5610358545181439,-0.7362429964452288
-0.38551753185727516,-0.5584602763022191,-0.7345055155838683
-0.39261788497414946,-0.5557798774555971,-0.732775493731789
-0.3996974628767428,-0.5529945668868868,-0.7310533134891596
-0.4067546916827264,-0.5501042814016222,-0.7293393588568324
-0.41378798586753485,-0.5471089862359855,-0.7276340151006694
-0.4207957487673757,-0.5440086755824106,-0.7259376686123784
-0.427776373102214,-0.5408033731062921,-0.7242507067669124
-0.434728241518709,-0.5374931324530118,-0.722573517776496
-0.4416497271530444,-0.5340780377444865,-0.7209064905413464
-0.44853919421356875,-0.5305582040644321,-0.7192500144971614
-0.4553949985831261,-0.5269337779315306,-0.7176044794594576
-0.46221548844092775,-0.5232049377596826,-0.7159702754648418
-0.46899900490378144,-0.5193718943045235,-0.7143477926093101
-0.4757438826864607,-0.515434891095376,-0.7127374208836725
-0.4824484507809614,-0.5113942048518146,-0.711139550006207
-0.48911103315436055,-0.5072501458840122,-0.7095545692526563
-0.49572994946495236,-0.5030030584760447,-0.7079828672836799
-0.5023035157963038,-0.49865332125133355,-0.7064248319698897
-0.5088300454088333,-0.4942013475194068,-0.704880850214593
-0.5153078495084812,-0.48964758560316973,-0.7033513077743804
-0.5217352380320035,-0.4849925191458847,-0.701836589077698
-0.5281105204483771,-0.48023666739706694,-0.7003370770415509
-0.534432006575781,-0.4753805854765212,-0.6988531528864875
-0.5406980074135651,-0.47042486461575156,-0.6973851959500231
-0.5469068359885926,-0.46537013237599834,-0.6959335834986645
-0.5530568082152999,-0.46021705284217107,-0.6944986905387017
-0.5591462437687837,-0.45496632679196813,-0.6930808896259396
-0.5651734669701869,-0.44961869183949366,-0.6916805506745448
-0.5711368076836204,-0.4441749225527086,-0.690298040765189
-0.577034602223827,-0.4386358305440772,-0.6889337239526728
-0.5828651942737506,-0.4330022645337968,-0.6875879610732193
-0.588626935811152,-0.4272751103850315,-0.6862611095516291
-0.5943181880433698,-0.42145529111059965,-0.6849535232084916
-0.5999373223493033,-0.4155437668505969,-0.6836655520676502
-0.605482721227657,-0.40954153482047656,-0.6823975421641258
-0.610952779250463,-0.40344962922914,-0.6811498353526958
-0.6163459040208674,-0.39726912116663404,-0.6799227691173387
-0.621660517134144,-0.3910011184610861,-0.6787166763817495
-0.6268950551408713,-0.38464676550455656,-0.6775318853211314
-0.6320479705111902,-0.3782072430475258,-0.6763687191754773
-0.6371177325990369,-0.37168376796177977,-0.6752274960645457
-0.6421028286052292,-0.365077592971505,-0.6741085288047437
-0.6470017645382647,-0.3583900063524482,-0.6730121247281242
-0.65181306617168,-0.35162233159904754,-0.6719385855037072
-0.6565352799968022,-0.3447759270594893,-0.6708882069613317
-0.6611669741697191,-0.33785218553869417,-0.6698612789182443
-0.6657067394512842,-0.3308525338692897,-0.6688580850086292
-0.6701531901389651,-0.3237784324506757,-0.6678789025162807
-0.6745049649893482,-0.31663137475634223,-0.666924002210617
-0.6787607281301044,-0.3094128868096526,-0.665993648186233
-0.6829191699602258,-0.3021245266283554,-0.6650880977061826
-0.6869790080373496,-0.29476788363814466,-0.6642076010491815
-0.6909389879509898,-0.28734457805563807,-0.6633524013609127
-0.6947978841805088,-0.27985626024119775,-0.6625227345096163
-0.6985545009366708,-0.2723046100220698,-0.6617188289461373
-0.702207672985638,-0.26469133598637057,-0.6609409055686034
-0.7057562664542836,-0.25701817474850114,-0.6601891775918926
-0.7091991796157173,-0.24928689018661937,-0.6594638504220516
-0.7125353436539439,-0.24149927265285184,-0.6587651215358171
-0.7157637234065938,-0.23365713815697517,-0.6580931803653808
-0.7188833180847002,-0.22576232752434494,-0.6574482081885403
-0.7218931619685206,-0.21781670552889698,-0.6568303780243643
-0.7247923250784345,-0.20982216000209009,-0.6562398545344944
-0.7275799138199858,-0.20178060091870512,-0.6556767939302018
-0.7302550716021701,-0.19369395946045484,-0.6551413438853033
-0.7328169794281096,-0.18556418705840136,-0.6546336434550368
-0.7352648564572984,-0.17739325441521486,-0.6541538230009876
-0.7375979605386395,-0.1691831505083449,-0.6537020041221463
-0.7398155887135447,-0.16093588157520855,-0.6532782995921738
-0.7419170776884106,-0.15265347008153338,-0.6528828133029352
-0.7439018042758321,-0.14433795367402122,-0.6525156402143614
-0.7457691858039631,-0.1359913841185277,-0.652176866310682
-0.747518680493488,-0.12761582622497655,-0.6518665685630698
-0.7491497878017125,-0.11921335676025017,-0.6515848148987227
-0.7506620487333401,-0.11078606335031861,-0.6513316641764041
-0.7520550461175516,-0.10233604337288525,-0.6511071661684507
-0.7533284048510589,-0.09386540284184282,-0.6509113615492494
-0.7544817921068598,-0.08537625528484509,-0.6507442818901741
-0.7555149175084749,-0.07687072061530863,-0.6506059496609646
-0.7564275332695033,-0.06835092400016557,-0.6504963782375256
-0.7572194342983912,-0.05981899472469173,-0.6504155719161033
-0.7578904582683582,-0.05127706505573571,-0.6503635259338026
-0.7584404856524892,-0.04272726910467255,-0.6503402264953886
-0.7588694397240475,-0.0341717416914011,-0.6503456508063128
-0.7591772865221245,-0.02561261721069684,-0.6503797671118949
-0.7593640347827929,-0.01705202850222231,-0.6504425347425832
-0.759429735835989,-0.008492105725484691,-0.6505339041652074
-0.7593744834683911,6.502475898499586e-05,-0.6506538170401331
-0.7591984137526299,0.008617241500973954,-0.6508022062842171
-0.758901704843201,0.017162429063213948,-0.6509789961394555
-0.7584845767395102,0.025698479114077022,-0.6511841022472136
-0.7579472910165252,0.03422329150915042,-0.6514174317279134
-0.7572901505235571,0.042734775360527076,-0.6516788832660557
-0.756513499051739,0.051230850092677124,-0.6519683472004422
-0.7556177209708114,0.059709446483796315,-0.6522857056194593
-0.7546032408358713,0.06816850769156035,-0.6526308324612818
-0.7534705229647761,0.0766059902622483,-0.6530035936188462
-0.7522200709869339,0.08501986512223429,-0.6534038470494411
-0.7508524273642513,0.09340811855088495,-0.6538314428887585
-0.7493681728850395,0.1017687531339385,-0.6542862235692428
-0.7477679261317152,0.1100997886964822,-0.6547680239425746
-0.7460523429231609,0.1183992632146864,-0.6552766714061181
-0.7442221157326405,0.12666523370549626,-0.6558119860331652
-0.7422779730821865,0.13489577709352557,-0.6563737807067974
-0.7402206789144049,0.14308899105444164,-0.6569618612571961
-0.7380510319426629,0.15124299483417597,-0.6575760266022175
-0.7357698649806393,0.1593559300433396,-0.6582160688910551
-0.7333780442522464,0.1674259614262706,-0.6588817736508117
-0.7308764686829294,0.17545127760418464,-0.6595729199357948
-0.728266069173381,0.18343009179194972,-0.6602892804793588
-0.7255478078567027,0.19136064248804913,-0.6610306218481066
-0.7227226773400636,0.19924119413734712,-0.6617967045982736
-0.7197916999319077,0.20707003776631566,-0.6625872834341083
-0.7167559268557657,0.21484549159042837,-0.6634021073680724
-0.7136164374517298,0.22256590159347348,-0.6642409198826776
-0.7103743383666485,0.23022964207858237,-0.665103459093782
-0.7070307627340977,0.2378351161908175,-0.665989457915169
-0.7035868693451762,0.24538075641120402,-0.6668986442242326
-0.700043841811174,0.2528650250221373,-0.6678307410285977
-0.6964028877191454,0.26028641454413876,-0.668785466633503
-0.6926652377814164,0.2676434481439732,-0.6697625348097774
-0.6888321449800408,0.2749346800141856,-0.6707616549622478
-0.6849048837072043,0.28215869572415153,-0.6717825322984118
-0.6808847489025678,0.28931411254277506,-0.672824867997218
-0.6767730551885166,0.2963995797330066,-0.6738883593777966
-0.6725711360042708,0.30341377881838816,-0.6749727000679888
-0.6682803427397901,0.31035542382186926,-0.6760775801725247
-0.6639020438703883,0.31722326147716995,-0.6772026864407052
-0.6594376240929474,0.3240160714129997,-0.6783477024334458
-0.6548884834646042,0.3307326663104725,-0.6795123086895459
-0.6502560365447556,0.3373718920340874,-0.6806961828910499
-0.6455417115412039,0.34393262773667177,-0.6818990000275709
-0.6407469494612402,0.3504137859387121,-0.6831204325594524
-0.6358732032684381,0.3568143125825195,-0.6843601505796488
-0.6309219370459012,0.36313318706170544,-0.6856178219742078
-0.6258946251666839,0.36936942222646024,-0.6868931125812424
-0.6207927514720744,0.3755220643651512,-0.6881856863482897
-0.6156178084584026,0.3815901931627741,-0.6894952054879498
-0.6103712964730074,0.3875729216368105,-0.6908213306317105
-0.6050547229199666,0.39346939605106007,-0.6921637209818617
-0.5996696014761694,0.39927879580802933,-0.6935220344614166
-0.5942174513182742,0.40500033332047447,-0.6948959278619491
-0.588699796361074,0.41063325386270594,-0.6962850569892742
-0.5831181645077559,0.4161768354022728,-0.6976890768068934
-0.577474086912518,0.4216303884126558,-0.6991076415771371
-0.5717690972559707,0.4269932556676022,-0.7005404049999359
-0.5660047310337301,0.4322648120177461,-0.7019870203491639
-0.560182524858574,0.43744446415016025,-0.7034471406064938
-0.5543040157765086,0.4425316503314889,-0.7049204185927126
-0.5483707405970638,0.4475258401353168,-0.70640650709645
-0.5423842352381076,0.45242653415442763,-0.707905059000277
-0.5363460340854447,0.45723326369860784,-0.7094157274041326
-0.530257669367434,0.4619455904786486,-0.7109381657460443
-0.5241206705448404,0.466563106277201,-0.7124720279201116
-0.5179365637161021,0.47108543260713287,-0.714016968391723
-0.5117068710381782,0.4755122203580319,-0.7155726423099836
-0.5054331101631108,0.4798431494314996,-0.7171387056173335
-0.4991167936904139,0.484077928365869,-0.7187148151563383
-0.4927594286353822,0.4882162939509786,-0.7203006287736415
-0.4863625159133827,0.49225801083362153,-0.7218958054210668
-0.479927549840178,0.49620287111428807,-0.7235000052538637
-0.4734560176483037,0.5000506939358057,-0.7251128897260952
-0.4669493990195065,0.5038013250644738,-0.7267341216831655
-0.4604091656332247,0.507454636464281,-0.728363365451491
-0.4538367807310795,0.5110105258647814,-0.7300002869253202
-0.4472336986973243,0.5144689163231957,-0.7316445536507108
-0.4406013646551805,0.5178297557812926,-0.7332958349066763
-0.4339412140789766,0.5210930166175944,-0.734953801783513
-0.42725467242198567,0.5242586951954336,-0.7366181272583261
-0.42054315475984616,0.5273268114073851,-0.7382884862677709
-0.4138080654494333,0.5302974082165759,-0.7399645557780319
-0.407050797803036,0.5331705511953649,-0.7416460148520605
-0.40027273377768147,0.5359463280618739,-0.7433325447140975
-0.393475243679437,0.5386248482148345,-0.7450238288115048
-0.3866596858825079,0.5412062422672047,-0.7467195528739369
-0.37982740656293734,0.5436906615789922,-0.7484194049698811
-0.3729797394467088,0.5460782777897091,-0.7501230755605981
-0.366118005572035,0.5483692823508697,-0.7518302575514952
-0.3592435130656171,0.5505638860589283,-0.7535406463409691
-0.3523575569326421,0.5526623185890376,-0.7552539398667504
-0.3454614188602852,0.5546648280299991,-0.7569698386497907
-0.33855636703447217,0.5565716804207569,-0.7586880458357272
-0.33164365596965467,0.5583831592887802,-0.7604082672339657
-0.3247245263513423,0.5600995651906563,-0.7621302113544208
-0.3178002048911344,0.5617212152552106,-0.7638535894419575
-0.31087190419398547,0.5632484427294525,-0.7655781155085694
-0.30394082263743777,0.5646815965276325,-0.7673035063633437
-0.2970081442625502,0.566021040783683,-0.7690294816402505
-0.29007503867624884,0.5672671544073046,-0.7707557638238018
-0.28314266096482416,0.5684203306439398,-0.7724820782726244
-0.27621215161829565,0.5694809766388741,-0.774208153240991
-0.2692846364653652,0.5704495130056797,-0.7759337198983551
-0.26236122661867856,0.5713263733992137,-0.7776585123469328
-0.25544301843011397,0.5721120040933677,-0.779382267637379
-0.24853109345581656,0.5728068635637522,-0.7811047257826016
-0.24162651843069788,0.57341142207549,-0.7828256297697617
-0.23473034525211972,0.5739261612762792,-0.7845447255705025
-0.2278436109724832,0.5743515737948784,-0.7862617621494551
-0.2209673378004442,0.5746881628451522,-0.7879764914710643
-0.21410253311047936,0.5749364418358072,-0.7896886685047835
-0.20725018946052673,0.5750969339859369,-0.791398051228679
-0.2004112846174288,0.5751701719464861,-0.7931044006314942
-0.19358678158990753,0.575156697427732,-0.7948074807132138
-0.1867776286688033,0.5750570608328734,-0.7965070584841767
-0.1799847594743128,0.5748718208978075,-0.7982029039627788
-0.1732090930099641,0.5746015443371684,-0.7998947901718118
-0.16645153372306987,0.5742468054966888,-0.8015824931334803
-0.15971297157140363,0.5738081860119394,-0.8032657918631414
-0.1529942820958473,0.5732862744734969,-0.8049444683618087
-0.14629632649876181,0.5726816660985742,-0.8066183076074638
-0.13961995172783676,0.5719949624091507,-0.8082870975452168
-0.13296599056517946,0.5712267709166244,-0.8099506290763574
-0.12633526172140613,0.5703777048130033,-0.8116086960463363
-0.11972856993450516,0.5694483826686502,-0.8132610952317201
-0.11314670607324331,0.5684394281365842,-0.8149076263261551
-0.10659044724489292,0.5673514696633386,-0.8165480919253829
-0.10006055690706085,0.5661851402063689,-0.8181822975113453
-0.09355778498340546,0.5649410769579978,-0.8198100514354143
-0.08708286798303184,0.5636199210758817,-0.8214311649007888
-0.08063652912336054,0.5622223174199743,-0.8230454519440898
-0.07421947845626939,0.5607489142959619,-0.8246527294161946
-0.0678324129973131,0.5592003632051373,-0.8262528169623414
-0.06147601685782936,0.5575773186006787,-0.8278455370015431
-0.05515096137974556,0.5558804376502902,-0.8294307147053404
-0.04885790527290449,0.5541103800051641,-0.8310081779759311
-0.04259749475473226,0.5522678075752145,-0.8325777574237054
-0.03637036369207629,0.5503533843105334,-0.8341392863442222
-0.03017713374504584,0.5483677759890148,-0.8356926006946546
-0.024018414512692408,0.5463116500100889,-0.837237539069738
-0.017894803680371645,0.5441856751945084,-0.8387739426772497
-0.011806887168633224,0.5419905215901252,-0.8403016553130498
-0.005755239283489485,0.5397268602835883,-0.8418205233357107
0.0002595771320816148,0.5373953632179027,-0.843330395640766
0.006237010545539576,0.5349967030157748,-0.844831123634603
0.012176520581226084,0.5325315528086758,-0.8463225612080275
0.018077577865982918,0.5300005860715511,-0.8478045647095277
0.02393966387407007,0.5274044764630994,-0.849276992918259
0.029762270771507116,0.524743897671549,-0.8507397070167787
0.035544901259956484,0.5220195232658504,-0.8521925705635519
0.041287068420263404,0.5192320265522113,-0.8536354494652528
0.04698829555576304,0.5163820804358926,-0.8550682119488853
0.052648116035461594,0.513470357288185,-0.856490728533742
0.05826607313719423,0.5104975288184883,-0.8579028720032286
0.06384171989085857,0.5074642659514089,-0.8593045173765671
0.06937461892181934,0.5043712387087965,-0.8606955418804065
0.07486434229457549,0.501219116096635,-0.862075824920354
0.080310471356778,0.4980085659967076,-0.8634452480524489
0.08571259658368281,0.4947402550629519,-0.8648036949545997
0.09107031742311983,0.4914148486224221,-0.8661510513979961
0.09638324214105601,0.4880330105807766,-0.8674872052185222
0.10165098766782679,0.484595403332206,-0.8688120462881784
0.10687317944510724,0.4811026876737214,-0.8701254664865382
0.11204945127369102,0.4775555227237175,-0.8714273596722458
0.11717944516214246,0.47395456584473145,-0.872717621654579
0.1222628111763836,0.47030047257031277,-0.8739961501650844
0.1272992072902762,0.4665938965359245,-0.8752628448293064
0.13228829923725433,0.4628354894137941,-0.8765176071386178
0.13722976036306236,0.45902590085163314,-0.8777603404221698
0.1421232714796485,0.4551657784151466,-0.8789909498189705
0.1469685207202637,0.4512557675342525,-0.8802093422501094
0.1517652033958109,0.4472965114529329,-0.8814154263911339
0.15651302185248922,0.4432886511826377,-0.8826091126445955
0.1612116853307741,0.4392328254591661,-0.8837903131127707
0.1658609098257731,0.4351296707029477,-0.8849589415705743
0.1704604179489933,0.4309798209826483,-0.8861149134386687
0.17500993879155652,0.42678390798202614,-0.8872581457567833
0.17950920778889407,0.42254256096996456,-0.888388557157254
0.18395796658695282,0.41825640677360815,-0.8895060678387886
0.18835596290994103,0.4139260697545312,-0.8906105995404704
0.1927029504296413,0.409552171787867,-0.8917020755160059
0.1969986886363162,0.4051353322443286,-0.8927804205082285
0.20124294271123006,0.4006761679750518,-0.8938455607238606
0.20543548340080922,0.3961752932991925,-0.8948974238085473
0.20957608689246132,0.39163331999421264,-0.895935938822165
0.21366453469207242,0.3870508572887873,-0.8969610362144138
0.21770061350320008,0.3824285118582705,-0.8979726478006995
0.2216841151079779,0.37776688782265316,-0.8989707067383119
0.22561483624974718,0.37306658674695437,-0.8999551475029058
0.22949257851742907,0.368328207643981,-0.9009259058652904
0.23331714823164929,0.3635523469793976,-0.9018829188685317
0.2370883563326275,0.3587395986790465,-0.9028261248053747
0.24080601826984094,0.35389055413845977,-0.9037554631959902
0.24446995389347184,0.3490058022345069,-0.9046708747660511
0.24807998734764647,0.3440859293391201,-0.9055723014251406
0.2516359469654736,0.33913151933504476,-0.9064596862455018
0.25513766516588815,0.3341431536335598,-0.9073329734411278
0.2585849783523063,0.3291214111941148,-0.9081921083471997
0.26197772681309567,0.3240668685458334,-0.9090370373998744
0.2653157546238659,0.3189800998108304,-0.9098677081164279
0.26859890955158194,0.31386167672929566,-0.910684069075756
0.271827042960503,0.30871216868629286,-0.911486069899236
0.2750000097199492,0.3035321427402283,-0.9122736612319537
0.2781176681138976,0.29832216365294123,-0.9130467947242987
0.28117987975240755,0.2930827939213713,-0.9138054230139284
0.2841865094848771,0.2878145938107578,-0.914549499708108
0.28713742531512954,0.28251812138932714,-0.9152789793664245
0.29003249831832956,0.27719393256442654,-0.9159938174838825
0.29287160255972855,0.27184258112006104,-0.9166939704743778
0.2956546150152379,0.26646461875579375,-0.9173793956545574
0.298381415493828,0.2610605951269691,-0.9180500512280648
0.3010518865617521,0.2556310578862205,-0.918705896270173
0.3036659134685919,0.25017655272622324,-0.9193468907128087
0.30622338407512356,0.244697623423657,-0.9199729953299681
0.3087241887830012,0.23919481188433941,-0.9205841717235277
0.3111682204662547,0.23366865818949684,-0.92118038230945
0.31355537440459996,0.2281197006431364,-0.9217615903043894
0.3158855482185577,0.222548475820486,-0.9223277597126955
0.3181586418063789,0.21695551861746812,-0.9228788553138196
0.3203745572827724,0.21134136230117573,-0.9234148426501226
0.32253319891943344,0.20570653856131813,-0.9239356880150902
0.3246344730873672,0.20005157756260536,-0.9244413584419513
0.3266782882010079,0.1943770079980413,-0.9249318216927066
0.328664554664127,0.18868335714309506,-0.9254070462475649
0.330593184817529,0.1829711509107222,-0.9258670012947913
0.33246409288853296,0.17724091390720673,-0.9263116567209673
0.3342771949422337,0.1714931694887962,-0.9267409831016642
0.3360324088345437,0.1657284398191028,-0.9271549516925314
0.33772965416701023,0.15994724592724308,-0.9275535344208019
0.3393688522434064,0.1541501077666908,-0.9279367038772153
0.3409499260280939,0.14833754427481674,-0.9283044333083594
0.34247280010615505,0.14251007343309027,-0.9286566966094332
0.3439374006452923,0.13666821232791815,-0.9289934683174317
0.3453436553594927,0.130812477212096,-0.9293147236047532
0.3466914934744576,0.12494338356684874,-0.9296204382732329
0.34798084569479426,0.11906144616443644,-0.9299105887486004
0.3492116441729703,0.11316717913130248,-0.9301851520753676
0.3503838224800279,0.10726109601174107,-0.9304441059121414
0.35149731557806035,0.10134370983206241,-0.9306874285273721
0.35255205979444715,0.09541553316523216,-0.9309150987955278
0.35354799279785126,0.08947707819596473,-0.9311270961937064
0.35448505357597654,0.08352885678624784,-0.9313234007986805
0.3553631824150864,0.07757138054127741,-0.9315039932843779
0.3561823208812864,0.0716051608757817,-0.9316688549198014
0.35694241180356945,0.06563070908071358,-0.931817967567386
0.35764339925862826,0.0596485363902903,-0.9319513136817984
0.3582852285574342,0.05365915404936008,-0.9320688763091783
0.3588678462335881,0.04766307338107494,-0.9321706390868232
0.35939120003344205,0.041660805854849506,-0.9322565862433191
0.35985523890799964,0.03565286315458524,-0.9323267025991194
0.3602599130065944,0.02963975724713991,-0.9323809735675711
0.360605173672352,0.023622000451021904,-0.9324193851563924
0.36089097343944104,0.01760010550528917,-0.9324419239696033
0.36111726603211575,0.011574585638632279,-0.9324485772099094
0.3612840063655565,0.005545954638621366,-0.9324393326815418
0.36139115054851345,-0.0004852730789037109,-0.9324141787935556
0.3614386558877585,-0.006518582400320512,-0.9323731045635866
0.3614264808943526,-0.012553457444609246,-0.9323160996220706
0.3613545852917347,-0.018589381493657013,-0.9322431542169252
0.36122293002563916,-0.024625836922502198,-0.9321542592186974
0.3610314772758488,-0.03066230512954031,-0.9320494061261781
0.36078019046979215,-0.036698266466712905,-0.9319285870724853
0.36046903429799215,-0.042733200169701384,-0.9317917948316186
0.36009797473137545,-0.04876658428814792,-0.9316390228254873
0.35966697904045036,-0.05479789561592588,-0.9314702651314116
0.3591760158163645,-0.060826609621482765,-0.9312855164901033
0.3586250549938491,-0.06685220037827862,-0.9310847723141223
0.358014067876063,-0.07287414049534394,-0.9308680286968173
0.35734302716134375,-0.07889190104798073,-0.930635282421746
0.3566119069718793,-0.08490495150863171,-0.9303865309725828
0.3558206828843091,-0.0909127596779423,-0.9301217725435119
0.354969331962268,-0.09691479161604132,-0.9298410060501099
0.35405783279088193,-0.10291051157406628,-0.9295442311407176
0.35308616551323113,-0.10889938192596021,-0.9292314482083068
0.35205431186879016,-0.11488086310056712,-0.928902658402839
0.35096225523385893,-0.12085441351405445,-0.928557863644123
0.3498099806639969,-0.1268194895026906,-0.9281970666351683
0.3485974749384743,-0.1327755452560075,-0.9278202708760408
0.34732472660675423,-0.13872203275037814,-0.927427480678218
0.3459917260370175,-0.14465840168303973,-0.9270187011794496
0.3445984654667465,-0.15058409940659417,-0.9265939383591221
0.34314493905538046,-0.15649857086401894,-0.92615319905413
0.3416311429390582,-0.16240125852422077,-0.925696490975256
0.34005707528746043,-0.1682916023181672,-0.9252238227240598
0.3384227363627689,-0.17416903957563082,-0.924735203810279
0.3367281285807552,-0.18003300496258232,-0.9242306446697411
0.3349732565740161,-0.18588293041926962,-0.9237101566827894
0.33315812725736804,-0.19171824509902105,-0.9231737521932234
0.331282749895418,-0.19753837530781182,-0.9226214445277543
0.3293471361723245,-0.20334274444463393,-0.922053248015977
0.3273513002637645,-0.20913077294271162,-0.9214691780108583
0.32529525891112115,-0.2149018782116033,-0.9208692509097435
0.3231790314979072,-0.2206554745802354,-0.9202534841758796
0.3210026401284393,-0.2263909732409119,-0.9196218963604578
0.31876610970877817,-0.23210778219434616,-0.9189745071251724
0.3164694680299484,-0.23780530619576223,-0.9183113372652989
0.3141127458534539,-0.24348294670211457,-0.9176324087332894
0.31169597699910173,-0.24914010182047597,-0.9169377446628851
0.3092191984351496,-0.25477616625764515,-0.916227369393744
0.3066824503707896,-0.2603905312710272,-0.9155013084965856
0.3040857763509826,-0.2659825846208399,-0.9147595887988483
0.3014292233536553,-0.2715517105237035,-0.9140022384108603
0.2987128418892733,-0.2770972896076691,-0.9132292867525206
0.2959366861028015,-0.28261869886874597,-0.91244076458049
0.29310081387806375,-0.288115311628986,-0.9116367040158865
0.2902052869445124,-0.29358649749618965,-0.9108171385724871
0.2872501709864188,-0.2990316223252943,-0.9099821031854284
0.28423553575449256,-0.3044500481815114,-0.9091316342404064
0.2811614551799401,-0.3098411333052782,-0.9082657696033686
0.27802800749096984,-0.3152042320790929,-0.9073845486506978
0.27483527533175084,-0.32053869499630316,-0.9064880122998802
0.2715833458838311,-0.3258438686319186,-0.9055762030406543
0.26827231099002113,-0.331119095615522,-0.9046491649666363
0.26490226728074634,-0.3363637146063536,-0.9037069438074136
0.2614733163028712,-0.3415770602706455,-0.9027495869611033
0.25798556465099665,-0.3467584632612844,-0.9017771435273679
0.25443912410123193,-0.3519072501998841,-0.9007896643408794
0.2508341117474383,-0.3570227436613493,-0.8997872020052275
0.24717065013994377,-0.36210426216101377,-0.8987698109272616
0.24344886742672317,-0.367151120144442,-0.8977375473518567
0.23966889749703932,-0.3721626279799779,-0.8966904693970993
0.23583088012753642,-0.37713809195413317,-0.8956286370898753
0.23193496113077766,-0.38207681426990536,-0.8945521124018573
0.22798129250621507,-0.3869780930481192,-0.8934609592858755
0.2239700325935785,-0.39184122233188606,-0.8923552437126623
0.21990134622866847,-0.39666549209427876,-0.8912350337079569
0.21577540490153566,-0.4014501882493197,-0.8901003993899588
0.21159238691702664,-0.40619459266638386,-0.8889514130071148
0.20735247755767378,-0.4108979831881176,-0.887788148976225
0.2030558692489048,-0.4155596336519786,-0.8866106839208543
0.19870276172654408,-0.420178813915502,-0.8854190967100305
0.19429336220657528,-0.42475478988539955,-0.8842134684972146
0.1898278855571333,-0.4292868235506029,-0.882993882759525
0.18530655447268773,-0.43377417301935894,-0.8817604253371956
0.1807295996503802,-0.4382160925604932,-0.8805131844732518
0.17609725996847186,-0.44261183264895093,-0.8792522508533792
0.17140978266685597,-0.4469606400157352,-0.8779777176459694
0.16666742352958597,-0.45126175770235677,-0.8766896805423166
0.16187044706936562,-0.45551442511991413,-0.8753882377969434
0.15701912671394505,-0.45971787811292364,-0.874073490268033
0.1521137449943618,-0.463871349028021,-0.8727455414579408
0.14715459373496229,-0.4679740667876552,-0.8714044975537604
0.14214197424513406,-0.4720252569688973,-0.8700504674679178
0.13707619751267747,-0.4760241418874911,-0.8686835628787638
0.13195758439873678,-0.4799699406872662,-0.867303898271138
0.1267864658342106,-0.483861869435043,-0.8659115909768711
0.1215631830175534,-0.4876991412211532,-0.8645067612151976
0.11628808761387678,-0.49148096626570426,-0.8630895321330441
0.11096154195525389,-0.49520655203071473,-0.8616600298451609
0.10558391924212447,-0.4988751033382466,-0.8602183834740609
0.10015560374569384,-0.5024858224946642,-0.8587647251897323
0.09467699101121281,-0.5060379094211467,-0.8572991902490857
0.0891484880620205,-0.5095305617905797,-0.8558219170350991
0.08357051360422578,-0.5129629751709559,-0.8543330470956203
0.07794349823189795,-0.5163343431754083,-0.8528327251817873
0.07226788463263059,-0.5196438576190046,-0.8513210992860242
0.06654412779333685,-0.5228907086824233,-0.84979832067957
0.06077269520612788,-0.5260740850826408,-0.8482645439494956
0.054954067074120205,-0.5291931742507446,-0.8467199270351645
0.049088736517010914,-0.5322471625170002,-0.84516463126409
0.04317720977625314,-0.535235235303284,-0.8435988213871424
0.03722000641965744,-0.538156577323003,-0.8420226656130532
0.03121765954523826,-0.541010372788614,-0.8404363356421727
0.025170715984117308,-0.5437958056268523,-0.838840006699424
0.019079736502288835,-0.546512059701781,-0.8372338575664033
0.012945296001044753,-0.5491583190457635,-0.8356180706125715
0.006767983715850388,-0.5517337680984635,-0.8339928318254858
0.0005484034134541442,-0.5542375919539667,-0.8323583308400081
-0.005712826412992479,-0.5566689766161221,-0.8307147609664429
-0.01201507235103593,-0.5590271092621878,-0.8290623192175371
-0.01835768587848113,-0.5613111785148683,-0.8274012063342889
-0.024740003175657613,-0.5635203747228217,-0.8257316268105026
-0.03116134494064454,-0.565653890249707,-0.8240537889160287
-0.037621016207715685,-0.5677109197718443,-0.8223679047186273
-0.04411830616927254,-0.5696906605845432,-0.8206741901043929
-0.05065248800154141,-0.5715923129171566,-0.8189728647966728
-0.05722281869431739,-0.5734150802569057,-0.8172641523734194
-0.0638285388850459,-0.5751581696815156,-0.8155482802829084
-0.07046887269753924,-0.5768207922006923,-0.8138254798577543
-0.07714302758563295,-0.5784021631064636,-0.8120959863271622
-0.08385019418209397,-0.5799015023323981,-0.8103600388273429
-0.09058954615309919,-0.5813180348217061,-0.8086178804100274
-0.0973602400586099,-0.5826509909042159,-0.8068697580490084
-0.10416141521897414,-0.5838996066822121,-0.8051159226446455
-0.11099219358809585,-0.5850631244251067,-0.8033566290262594
-0.1178516796335148,-0.5861407929729062,-0.8015921359523509
-0.12473896022374824,-0.5871318681484247,-0.7998227061085719
-0.13165310452325063,-0.5880356131781815,-0.7980486061033816
-0.13859316389535273,-0.5888512991219086,-0.7962701064613166
-0.1455581718135468,-0.5895782053105804,-0.7944874816138094
-0.15254714378148948,-0.5902156197928635,-0.792701009887483
-0.15955907726209792,-0.590762839789875,-0.7909109734898552
-0.16659295161611848,-0.5912191721581125,-0.789117658492386
-0.17364772805055195,-0.5915839338604189,-0.7873213548107998
-0.18072234957732036,-0.5918564524448165,-0.7855223561826165
-0.18781574098256537,-0.5920360665310358,-0.783720960141828
-0.19492680880696794,-0.5921221263045467,-0.7819174679906533
-0.20205444133748215,-0.5921139940178837,-0.7801121847683113
-0.20919750861087627,-0.5920110444990367,-0.7783054192167506
-0.2163548624294746,-0.5918126656666677,-0.7764974837432741
-0.22352533638949254,-0.5915182590518847,-0.7746886943800015
-0.23070774592235832,-0.5911272403263028,-0.7728793707401137
-0.2379008883494102,-0.590639039836084,-0.771069835970822
-0.2451035429503584,-0.5900531031416469,-0.769260416703014
-0.25231447104589555,-0.5893688915627041,-0.7674514429975225
-0.25953241609483635,-0.5885858827282742,-0.7656432482879707
-0.26675610380616277,-0.5877035711312935,-0.7638361693201497
-0.27398424226634466,-0.5867214686874317,-0.762030546087885
-0.281215522082298,-0.5856391052976956,-0.7602267217653528
-0.28844861654033943,-0.5844560294143886,-0.7584250426358109
-0.2956821817814812,-0.5831718086099675,-0.7566258580167099
-0.30291485699340764,-0.5817860301483252,-0.7548295201811569
-0.3101452646194587,-0.5802983015580007,-0.753036384275704
-0.3173720105849386,-0.5787082512068038,-0.751246808234442
-0.3245936845410517,-0.5770155288773183,-0.7494611526893791
-0.33180886012675737,-0.5752198063427282,-0.747679780877092
-0.3390160952488195,-0.5733207779423931,-0.7459030585416395
-0.3462139323803104,-0.5713181611565799,-0.7441313538337343
-0.35340089887781334,-0.5692116971797363,-0.7423650372061699
-0.3605755073175496,-0.5670011514916773,-0.7406044813055104
-0.3677362558506364,-0.564686314426032,-0.7388500608600502
-0.3748816285776639,-0.5622670017352881,-0.7371021525640583
-0.3820100959427558,-0.5597430551517452,-0.7353611349583258
-0.3891201151472592,-0.5571143429436816,-0.7336273883070437
-0.3962101305831828,-0.5543807604660139,-0.7319012944710384
-0.40327857428648073,-0.5515422307047213,-0.7301832367774019
-0.4103238664102528,-0.5485987048142882,-0.7284735998855597
-0.41734441571790537,-0.545550162647406,-0.7267727696498192
-0.42433862009629014,-0.5423966132761653,-0.7250811329784568
-0.4313048670888106,-0.5391380955039542,-0.7233990776893987
-0.4382415344484541,-0.5357746783672724,-0.7217269923625625
-0.44514699071067876,-0.5323064616266585,-0.7200652661889295
-0.4520195957860545,-0.5287335762459221,-0.7184142888164251
-0.45885770157252215,-0.5250561848588661,-0.716774450192691
-0.46565965258710557,-0.5212744822226772,-0.7151461404048378
-0.4724237866168739,-0.5173886956571615,-0.7135297495162732
-0.4791484353889216,-0.5133990854689976,-0.7119256674007094
-0.4858319252590951,-0.5093059453601811,-0.710334283573455
-0.49247257791916044,-0.5051096028198349,-0.7087559870201063
-0.49906871112207346,-0.5008104194985586,-0.7071911660227594
-0.5056186394249705,-0.49640879156450085,-0.7056402079838661
-0.5121206749494708,-0.49190515004033836,-0.7041034992478669
-0.518573128158835,-0.4872999611203591,-0.7025814249207397
-0.524974308651495,-0.48259372646684967,-0.7010743686876055
-0.5313225259704254,-0.477786983485004,-0.6995827126285408
-0.5376160904278002,-0.47288030557558197,-0.6981068370327508
-0.5438533139443287,-0.4678743023645617,-0.6966471202112633
-0.5500325109026363,-0.46276961990904436,-0.6952039383083068
-0.5561519990140191,-0.4575669408786937,-0.6937776651115432
-0.5622101001978596,-0.4522669847120099,-0.6923686718613281
-0.5682051414729589,-0.4468705077467604,-0.6909773270591788
-0.5741354558600077,-0.44137830332391925,-0.6896039962756303
-0.5799993832943778,-0.4357912018644864,-0.688249041957668
-0.5857952715483884,-0.43011007091859366,-0.6869128232359273
-0.5915214771621654,-0.4243358151863311,-0.6855956957318518
-0.5971763663821825,-0.4184693765097605,-0.6842980113650089
-0.6027583161065395,-0.4125117338356172,-0.6830201181607625
-0.6082657148360088,-0.4064639031482382,-0.6817623600585022
-0.6136969636298472,-0.40032693737229036,-0.6805250767206366
-0.6190504770653501,-0.3941019262449131,-0.679308603342554
-0.6243246842000966,-0.3877899961569324,-0.6781132704637599
-0.6295180295358102,-0.3813923099628416,-0.6769394037803964
-0.6346289739827448,-0.37491006675929317,-0.6757873239593586
-0.6396559958234761,-0.36834450163188515,-0.6746573464542096
-0.6445975916749722,-0.36169688537007966,-0.6735497813231102
-0.6494522774477922,-0.3549685241501318,-0.6724649330489681
-0.6542185893012566,-0.348160759185961,-0.6714031003620172
-0.6588950845934145,-0.34127496634794263,-0.6703645760650304
-0.6634803428246298,-0.33431255574965263,-0.6693496468613749
-0.6679729665736004,-0.32727497130264555,-0.6683585931861101
-0.6723715824246183,-0.3201636902393998,-0.66739168904033
-0.6766748418848783,-0.3129802226046165,-0.6664492018289465
-0.6808814222906461,-0.30572611071511085,-0.66553139220211
-0.6849900277010961,-0.2984029285885876,-0.6646385139004556
-0.688999389778636,-0.29101228134164553,-0.6637708136043632
-0.6929082686545465,-0.28355580455740925,-0.662928530787414
-0.6967154537787729,-0.2760351636232369,-0.662111897574218
-0.7004197647527172,-0.26845205303900965,-0.661321138602789
-0.7040200521439011,-0.2608081956965552,-0.6605564708916312
-0.7075151982813828,-0.2531053421308127,-0.6598181037116972
-0.7109041180308363,-0.2453452697433948,-0.6591062384633753
-0.7141857595482217,-0.23752978199925373,-0.6584210685586517
-0.7173591050110053,-0.22966070759720517,-0.6577627793085898
-0.7204231713259126,-0.22173989961511195,-0.6571315478162609
-0.7233770108122328,-0.2137692346305757,-0.6565275428752527
-0.7262197118597203,-0.20575061181802823,-0.655950924873875
-0.728950399560182,-0.19768595202315795,-0.6554018457051741
-0.7315682363118691,-0.1895771968156476,-0.6548804486828588
-0.734072422395837,-0.18142630752123923,-0.6543868684632331
-0.7364621965234749,-0.17323526423417865,-0.6539212309732213
-0.7387368363544532,-0.16500606481112903,-0.6534836533445649
-0.7408956589843781,-0.15674072384767374,-0.6530742438542584
-0.7429380214014942,-0.14844127163856194,-0.652693101871285
-0.7448633209118174,-0.14010975312287766,-0.6523403178097037
-0.7466709955321384,-0.13174822681533954,-0.6520159730881286
-0.74836052435038,-0.12335876372496228,-0.6517201400956344
-0.7499314278528476,-0.11494344626233206,-0.6514528821641116
-0.7513832682179646,-0.10650436713676617,-0.651214253547085
-0.7527156495761389,-0.09804362824464406,-0.651004299405002
-0.7539282182354546,-0.0895633395502089,-0.6508230557969861
-0.7550206628729508,-0.08106561796015054,-0.6506705496790436
-0.7559927146912907,-0.07255258619328744,-0.6505467989087016
-0.756844147540688,-0.0640263716466709,-0.6504518122560438
-0.7575747780060148,-0.05548910525943693,-0.6503855894211101
-0.7581844654590593,-0.04694292037573036,-0.650348121057606
-0.758673112075975,-0.038389951608023366,-0.6503393888028689
-0.7590406628199992,-0.02983233370214356,-0.650359365314024
-0.7592871053895897,-0.02127220040531946,-0.650408014310259
-0.7594124701321681,-0.012711683338538931,-0.6504852906211329
-0.759416829923725,-0.004152910874503074,-0.6505911402408341
-0.7593003000145839,0.004401992977558536,-0.6507255003882885
-0.7590630378416776,0.012950909678964059,-0.6508882995730154
-0.7587052428077397,0.021491727259320942,-0.6510794576666199
-0.7582271560278636,0.030022341403730175,-0.6512988859798056
-0.7576290600439265,0.03854065652827636,-0.6515464873447834
-0.7569112785074253,0.047044586842654244,-0.6518221562029468
-0.7560741758313151,0.05553205739881258,-0.6521257786976777
-0.7551181568114798,0.0640010051245277,-0.6524572327721442
-0.7540436662185132,0.0724493798408527,-0.6528163882719394
-0.7528511883605219,0.08087514526242388,-0.6532031070524174
-0.7515412466177007,0.08927627997964256,-0.6536172430905637
-0.7501144029494653,0.09765077842178899,-0.654058642601247
-0.748571257374967,0.10599665180016507,-0.6545271441576854
-0.7469124474278346,0.11431192903040342,-0.6550225788159598
-0.7451386475860268,0.12259465763312233,-0.6555447702434096
-0.743250568677702,0.13084290461214998,-0.6560935348507319
-0.7412489572640367,0.1390547573095847,-0.6566686819276147
-0.7391345949999474,0.1472283242370028,-0.6572700137817242
-0.7369082979736907,0.1553617358821725,-0.6578973258808675
-0.7345709160263361,0.16345314549067533,-0.6585504069981537
-0.7321233320521161,0.17150072982188638,-0.6592290393599689
-0.7295664612806828,0.17950268987880869,-0.6599329987965857
-0.7269012505422973,0.18745725161130475,-0.6606620548952244
-0.7241286775170006,0.19536266659231535,-0.661415971155384
-0.7212497499688125,0.20321721266670176,-0.6621945051462613
-0.7182655049660157,0.21101919457239438,-0.6629974086660765
-0.7151770080885791,0.2187669445335769,-0.6638244279031253
-0.711985352623782,0.2264588228256807,-0.6646753035983779
-0.7086916587510936,0.23409321831201005,-0.6655497712094485
-0.7052970727173603,0.24166854895186296,-0.6664475610757561
-0.701802766003351,0.2491832622800552,-0.6673683985847061
-0.6982099344826985,0.25663583585780125,-0.6683120043387172
-0.6945197975742702,0.26402477769494553,-0.6692780943229275
-0.6907335973889871,0.2713486266435789,-0.6702663800734096
-0.6868525978721024,0.2786059527631176,-0.6712765688457325
-0.6828780839419307,0.28579535765695896,-0.6723083637837093
-0.6788113606260092,0.29291547478086744,-0.6733614640881709
-0.674653752195652,0.2999649697232818,-0.674435565185614
-0.6704066012998404,0.3069425404577675,-0.6755303588965701
-0.6660712680993746,0.31384691756787697,-0.6766455336035504
-0.661649129402189,0.32067686444470933,-0.6777807744184214
-0.6571415778007131,0.3274311774574943,-0.6789357633490728
-0.6525500208121368,0.3341086860975565,-0.6801101794652427
-0.6478758800224114,0.34070825309604286,-0.6813036990633686
-0.6431205902348032,0.347228774515825,-0.6825159958303373
-0.6382855986237761,0.3536691798180127,-0.6837467410060116
-0.6333723638949669,0.36002843190354095,-0.6849956035444164
-0.6283823554519804,0.3663055271303132,-0.6862622502734682
-0.623317052570714,0.3724994953064081,-0.6875463460531436
-0.6181779435818805,0.3786093996598733,-0.6888475539319769
-0.6129665250623834,0.384634336785651,-0.690165535301792
-0.6076843010361603,0.39057343657019633,-0.6914999500505696
-0.6023327821850868,0.3964258620943629,-0.6928504567133619
-0.5969134850705005,0.40219080951514724,-0.6942167126211671
-0.591427931365881,0.40786750792689336,-0.6955983740476831
-0.5858776471011863,0.41345521920257144,-0.6969950963538636
-0.5802641619193218,0.41895323781575383,-0.6984065341302038
-0.5745890083451874,0.4243608906439206,-0.6998323413366895
-0.5688537210677194,0.42967753675373177,-0.7012721714403437
-0.5630598362353145,0.43490256716891273,-0.7027256775503157
-0.5572088907649988,0.4400354046213988,-0.7041925125504542
-0.5513024216656695,0.44507550328639445,-0.7056723292293181
-0.5453419653757179,0.45002234850199874,-0.7071647804075758
-0.5393290571153083,0.4548754564740526,-0.7086695190627539
-0.5332652302535638,0.45963437396686324,-0.7101861984512959
-0.5271520156908824,0.46429867798045943,-0.7117144722278994
-0.520990941256585,0.4688679754150279,-0.7132539945620989
-0.5147835311220615,0.47334190272317966,-0.7148044202520725
-0.5085313052295727,0.4777201255506906,-0.7163654048356466
-0.5022357787368229,0.4820023383663529,-0.7179366046984825
-0.49589846147741173,0.48618826408157334,-0.71951767717943
-0.48952085743723933,0.49027765366034176,-0.7211082806730346
-0.4831044642469222,0.4942702857201898,-0.7227080747291926
-0.47665077269025447,0.4981659661247492,-0.7243167201499485
-0.47016126622872945,0.5019645275685135,-0.7259338790834308
-0.4636374205421145,0.5056658291543915,-0.7275592151149323
-0.45708070308505544,0.5092697559646391,-0.729192393355134
-0.45049257265966625,0.5127762186257367,-0.7308330805254823
-0.4438744790040429,0.5161851528677756,-0.7324809450407298
-0.4372278623966241,0.5194965190789009,-0.73413565708865
-0.43055415327630325,0.5227103018553484,-0.7357968887069423
-0.423854771878183,0.5258265095475995,-0.7374643138573431
-0.41713112788484724,0.5288451738031674,-0.7391376084969653
-0.4103846200930115,0.531766349106513,-0.7408164506468825
-0.4036166360954011,0.5345901123165757,-0.7425005204579883
-0.3968285519776914,0.537316562202394,-0.7441895002741504
-0.3900217320303351,0.539945818977272,-0.7458830746926899
-0.38319752847508837,0.5424780238319401,-0.7475809306222151
-0.37635728120603956,0.5449133384671391,-0.7492827573378392
-0.3695023175449312,0.5472519446260473,-0.7509882465338154
-0.3626339520105605,0.5494940436269512,-0.7526970923736221
-0.3557534861020332,0.5516398558965535,-0.7544089915375349
-0.34886220809563845,0.5536896205042899,-0.7561236432677203
-0.341961392855105,0.5556435946980196,-0.7578407494108902
-0.33505230165499267,0.5575020534414339,-0.7595600144585526
-0.3281361820169684,0.5592652889535202,-0.7612811455849032
-0.3212142675587088,0.560933610250398,-0.7630038526823943
-0.3142877778551671,0.5625073426898349,-0.7647278483950234
-0.3073579183119407,0.563986827518735,-0.7664528481493844
-0.30042588005046794,0.5653724214238781,-0.7681785701835235
-0.29349283980478263,0.5666644960861785,-0.7699047355736434
-0.2865599598295506,0.567863437738711,-0.7716310682586981
-0.2796283878191122,0.5689696467287494,-0.7733572950629265
-0.27269925683725044,0.5699835370840426,-0.7750831457163646
-0.265773685257406,0.570905536083542,-0.7768083528733848
-0.2588527767130582,0.5717360838327854,-0.7785326521293053
-0.2519376200579899,0.5724756328441263,-0.7802557820351178
-0.245029289336156,0.5731246476219869,-0.7819774841103749
-0.23812884376087481,0.5736836042533051,-0.7836975028542876
-0.23123732770306193,0.5741529900033275,-0.7854155857550736
-0.22435577068822796,0.574533302916898,-0.7871314832976073
-0.21748518740196204,0.5748250514253717,-0.7888449489694109
-0.21062657770362658,0.5750287539592833,-0.7905557392650391
-0.20378092664798747,0.57514493856688,-0.7922636136888954
-0.1969492045145102,0.5751741425386244,-0.7939683347565317
-0.19013236684405066,0.5751169120377614,-0.7956696679944696
-0.18333135448267612,0.5749738017370363,-0.7973673819385934
-0.17654709363235147,0.5747453744616379,-0.7990612481311564
-0.16978049590823083,0.5744322008384345,-0.8007510411164434
-0.16303245840229794,0.5740348589515644,-0.8024365384351343
-0.15630386375310132,0.5735539340044281,-0.8041175206174134
-0.149595580221334,0.5729900179881291,-0.805793771174862
-0.1429084617710129,0.5723437093563964,-0.8074650765911823
-0.13624334815601427,0.5716156127070179,-0.8091312263117891
-0.12960106501172855,0.5708063384698073,-0.8107920127323145
-0.12298242395159972,0.5699165026011169,-0.812447231186063
-0.11638822266832016,0.5689467262849066,-0.8140966799304596
-0.10981924503945517,0.56789763564037,-0.8157401601325276
-0.10327626123727722,0.5667698614361145,-0.8173774758534379
-0.09676002784259236,0.565564038810886,-0.8190084340321653
-0.09027128796234835,0.5642808070008226,-0.8206328444682917
-0.08381077135081626,0.5629208090732185,-0.8222505198039917
-0.07737919453414344,0.5614846916667727,-0.8238612755052371
-0.07097726093808009,0.5599731047382931,-0.8254649298422583
-0.06460566101868591,0.5583867013158226,-0.8270613038692919
-0.05826507239582849,0.5567261372581481,-0.8286502214036574
-0.05195615998928969,0.5549920710206537,-0.8302315090041893
-0.04567957615730057,0.553185163427467,-0.8318049959490603
-0.039435960837330905,0.5513060774498556,-0.8333705142130302
-0.03322594168896318,0.5493554779908165,-0.834927898444149
-0.027050134238685953,0.5473340316758061,-0.8364769859399462
-0.020909142026446392,0.5452424066495505,-0.8380176166231376
-0.01480355675380581,0.5430812723788774,-0.8395496330168791
-0.008733958433546934,0.5408512994615021,-0.8410728802195954
-0.002700915540586206,0.5385531594407066,-0.8425872058794126
0.0032950148359513712,0.536187524625841,-0.8440924601682236
0.009253286839632698,0.5337550679185767,-0.8455884957554112
0.015173365692725937,0.5312564626448424,-0.8470751677812567
0.021054727541447976,0.5286923823923655,-0.8485523338300592
0.026896859300575025,0.5260635008537496,-0.850019853902991
0.03269925849753714,0.5233704916750058,-0.8514775903907125
0.038461433116113324,0.5206140283094639,-0.8529254080457725
0.04418290143983987,0.5177947838769847,-0.8543631739548143
0.049863191895240515,0.5149134310283933,-0.8557907575106117
0.05550184289498316,0.5119706418150525,-0.8572080303839577
0.06109840268106394,0.5089670875634968,-0.8586148664954236
0.06665242916811592,0.5059034387550452,-0.860011141987015
0.07216348978693557,0.5027803649103078,-0.8613967351937367
0.07763116132831689,0.4995985344785089,-0.8627715266150958
0.08305502978727942,0.49635861473154064,-0.864135398886552
0.08843469020777311,0.4930612716626635,-0.8654882367509408
0.09376974652793885,0.48970716988977403,-0.8668299270298842
0.09905981142600138,0.4862969725631537,-0.8681603585952059
0.10430450616686712,0.48283134127761845,-0.8694794223403691
0.10950346044949649,0.4793109359889847,-0.8707870111519516
0.11465631225511765,0.47573641493476987,-0.8720830198811748
0.11976270769634505,0.4721084345590459,-0.8733673453155019
0.1248223008672637,0.4684276494413633,-0.8746398861503182
0.12983475369453704,0.4646947122296653,-0.8759005429607105
0.13479973578959326,0.46091027357710995,-0.877149218173356
0.13971692430194305,0.45707498208272135,-0.8783858160385363
0.1445860037736784,0.45318948423579036,-0.8796102426022883
0.14940666599519986,0.44925442436394464,-0.8808224056787042
0.154178609862217,0.44527044458481113,-0.8820222148223927
0.15890154123406486,0.44123818476119253,-0.8832095813011125
0.16357517279337705,0.4371582824596823,-0.8843844180685895
0.16819922390715247,0.4330313729126401,-0.885546639737527
0.17277342048925282,0.42885808898345584,-0.8866961625528229
0.17729749486436383,0.424639061135025,-0.8878329043649967
0.1817711856334528,0.42037491740136396,-0.8889567846038442
0.18619423754075154,0.4160662833622928,-0.8900677242523214
0.19056640134229372,0.4117137821211135,-0.8911656458206725
0.1948874336760322,0.40731803428521407,-0.8922504733208044
0.19915709693356123,0.40287965794952874,-0.8933221322409218
0.20337515913346632,0.39839926868278597,-0.8943805495204257
0.20754139379632328,0.3938774795164771,-0.8954256535250855
0.21165557982136593,0.3893149009364802,-0.8964573740224909
0.2157175013648408,0.38471214087727107,-0.8974756421577895
0.21972694772006623,0.3800698047186619,-0.8984803904297197
0.22368371319921077,0.375388495285,-0.8994715526669406
0.22758759701680573,0.3706688128467677,-0.9004490640046688
0.23143840317500422,0.36591135512452083,-0.9014128608616261
0.2352359403505996,0.36111671729510686,-0.9023628809173032
0.2389800217838131,0.3562854920001035,-0.9032990630895464
0.24267046516886068,0.3514182693564207,-0.9042213475124701
0.24630709254630792,0.34651563696900833,-0.9051296755147005
0.24988973019722086,0.3415781799456159,-0.9060239895979579
0.2534182085391186,0.3366064809135475,-0.9069042334159773
0.25689236202373517,0.33160112003836123,-0.907770351753774
0.26031202903659384,0.3265626750444587,-0.9086222905072596
0.26367705179840034,0.32149172123751424,-0.909459996663209
0.2669872762682573,0.3163888315286944,-0.9102834182795844
0.2702425520487023,0.31125457646061677,-0.9110925044662187
0.2734427322925739,0.30608952423500163,-0.9118872053658623
0.27658767361170544,0.30089424074196874,-0.9126674721355961
0.27967723598744837,0.2956692895909329,-0.9134332569286133
0.2827112826830267,0.29041523214305376,-0.9141845128763745
0.2856896801577203,0.28513262754519453,-0.9149211940711359
0.28861229798287974,0.2798220327653486,-0.9156432555488571
0.29147900875977045,0.27448400262948974,-0.9163506532724883
0.29428968803924405,0.26911908985980487,-0.9170433441156393
0.2970442142432387,0.2637278451142708,-0.9177212858466345
0.2997424685881023,0.25831081702753284,-0.9183844371129549
0.3023843350097414,0.25286855225304933,-0.9190327574260688
0.3049697000905897,0.24740159550646182,-0.9196662071466544
0.30749845298839584,0.24191048961015588,-0.9202847474702155
0.30997048536682703,0.23639577553897598,-0.9208883404130925
0.3123856913278865,0.2308579924670589,-0.9214769487988714
0.314743967346141,0.2252976778157512,-0.9220505362451894
0.31704521220475596,0.21971536730257768,-0.9226090671509438
0.3192893269333349,0.21411159499122723,-0.9231525066839014
0.32147621474756083,0.20848689334252477,-0.9236808207687127
0.32360578099063503,0.20284179326635624,-0.9241939760753313
0.3256779330765119,0.19717682417451798,-0.9246919400078398
0.32769258043492466,0.1914925140344586,-0.9251746806936856
0.32964963445820133,0.18578938942388504,-0.9256421669733258
0.33154900844986557,0.18006797558620322,-0.9260943683902831
0.33339061757502114,0.17432879648676583,-0.9265312551816165
0.3351743788125164,0.16857237486989918,-0.9269527982688041
0.33690021090888617,0.1627992323166818,-0.9273589692490428
0.3385680343340693,0.15700988930344947,-0.9277497403869661
0.3401777712388979,0.1512048652609992,-0.9281250846067781
0.3417293454143575,0.14538467863446788,-0.9284849754848095
0.3432226822526153,0.13954984694385983,-0.9288293872424934
0.3446577087098149,0.13370088684519943,-0.9291582947397649
0.34603435327063586,0.12783831419228409,-0.929471673468884
0.3473525459146174,0.12196264409901429,-0.9297694995486843
0.34861221808424314,0.11607439100227725,-0.930051749719248
0.3498133026547884,0.11017406872536127,-0.9303184013370094
0.35095573390592777,0.10426219054187835,-0.9305694323702884
0.3520394474951035,0.09833926924017251,-0.9308048213952542
0.353064380432654,0.09240581718819223,-0.9310245475923223
0.35403047105870317,0.08646234639880492,-0.9312285907429851
0.35493765902181096,0.08050936859553223,-0.9314169312270769
0.35578588525938654,0.07454739527868508,-0.9315895500204788
0.3565750919798638,0.06857693779187678,-0.9317464286932582
0.3573052226466428,0.06259850738889432,-0.9318875494082511
0.35797622196379736,0.056612615300906284,-0.9320128949200852
0.35858803586355203,0.0506197728039873,-0.9321224485746457
0.3591406114955305,0.04462049128693846,-0.9322161943089858
0.359633897217779,0.03861528231938319,-0.9322941166516855
0.3600678425895668,0.03260465772011839,-0.9323562007236552
0.36044239836596975,0.02658912962570047,-0.9324024322393927
0.3607575164942377,0.02056921055924589,-0.9324327975086887
0.3610131501119541,0.014545413499426056,-0.9324472834387876
0.3612092535469892,0.008518251949636006,-0.9324458775370019
0.3613457823192539,0.0024882400073165415,-0.9324285679137854
0.3614226931442596,-0.0035441075665908154,-0.9323953432862623
0.36143994393849044,-0.009578275278076673,-0.9323461929822197
0.3613974938265923,-0.01561374683040534,-0.93228110694456
0.36129530315038894,-0.021650005054386055,-0.9322000757362197
0.3611333334797283,-0.02768653183859513,-0.9321030905455522
0.36091154762517047,-0.03372280805957054,-0.9319901431921809
0.360629909652522,-0.03975831351200054,-0.9318612261333206
0.360288384899227,-0.04579252683892844,-0.9317163324705716
0.3598869399926232,-0.05182492546199578,-0.9315554559571882
0.35942554287007156,-0.05785498551174665,-0.931378591005822
0.3589041628009686,-0.06388218175801612,-0.9311857326967439
0.35832277041065363,-0.06990598754042623,-0.9309768767865462
0.3576813377062179,-0.07592587469901348,-0.9307520197173252
0.3569798381042282,-0.08194131350501199,-0.9305111586263501
0.3562182464603755,-0.08795177259181737,-0.9302542913562144
0.3553965391010592,-0.09395671888615623,-0.9299814164654783
0.35451469385691975,-0.09995561753948774,-0.9296925332397987
0.3535726900983305,-0.10594793185966318,-0.9293876417035521
0.35257050877286084,-0.11193312324287065,-0.9290667426319503
0.35150813244472473,-0.11791065110589281,-0.9287298375636514
0.3503855453362256,-0.12387997281870587,-0.9283769288138696
0.34920273337121177,-0.1298405436374484,-0.9280080194879817
0.3479596842205554,-0.1357918166377908,-0.9276231134956374
0.3466563873496686,-0.14173324264873444,-0.927222215565369
0.3452928340680707,-0.1476642701868733,-0.9268053312597085
0.34386901758102056,-0.15358434539114876,-0.9263724669908082
0.3423849330432285,-0.15949291195813162,-0.9259236300365704
0.34084057761466097,-0.16538941107786437,-0.9254588285572847
0.3392359505184555,-0.17127328137029904,-0.9249780716127763
0.33757105310095736,-0.17714395882236583,-0.9244813691800666
0.33584588889389455,-0.18300087672570917,-0.9239687321715446
0.3340604636787061,-0.18884346561512924,-0.9234401724536547
0.3322147855530385,-0.19467115320776726,-0.9228957028660968
0.3303088649994245,-0.20048336434307407,-0.9223353372415448
0.3283427149561617,-0.2062795209236037,-0.9217590904258799
0.32631635089040245,-0.21205904185667265,-0.9211669782989411
0.3242297908734739,-0.217821342996929,-0.9205590177957943
0.3220830556584411,-0.2235658370898754,-0.9199352269285185
0.3198761687599275,-0.2292919337163907,-0.91929562480851
0.31760915653620964,-0.2349990392382982,-0.9186402316693051
0.31528204827359907,-0.24068655674502806,-0.9179690688899198
0.3128948762731266,-0.24635388600142274,-0.9172821590187082
0.31044767593954226,-0.252000423396737,-0.9165795257977359
0.30794048587264555,-0.25762556189488395,-0.9158611941876696
0.30537334796095994,-0.26322869098598106,-0.9151271903931832
0.3027463074777631,-0.2688091966392509,-0.9143775418888745
0.30005941317948726,-0.27436646125733316,-0.9136122774456954
0.2973127174065014,-0.27989986363206515,-0.9128314271578917
0.29450627618628655,-0.2854087789017917,-0.9120350224704504
0.2916401493390162,-0.2908925785102636,-0.9112230962070521
0.28871440058555187,-0.29635063016718843,-0.910395682598526
0.285729097657864,-0.3017822978104975,-0.9095528173118036
0.282684312411887,-0.3071869415703946,-0.9086945374793698
0.2795801209428175,-0.3125639177352544,-0.9078208817292037
0.2764166037028624,-0.31791257871943845,-0.9069318902152089
0.2731938456214442,-0.3232322730331014,-0.9060276046481263
0.26991193622786847,-0.32852234525405827,-0.9051080683269244
0.26657096977645867,-0.33378213600178785,-0.9041733261706643
0.263171045374162,-0.3390109819136479,-0.9032234247508282
0.25971226711062717,-0.34420821562338083,-0.9022584123241115
0.256194744190756,-0.34937316574198746,-0.9012783388656663
0.25261859106972945,-0.3545051568410525,-0.9002832561027923
0.24898392759050447,-0.359603509438603,-0.8992732175490644
0.24529087912377914,-0.36466753998758633,-0.8982482785388936
0.24153957671042156,-0.3696965608670532,-0.897208496262504
0.2377301572063553,-0.37468988037613526,-0.8961539298013256
0.23386276342989362,-0.379646802730907,-0.8950846401637856
0.22993754431151148,-0.38456662806422526,-0.8940006903214918
0.2259546550460439,-0.38944865242863924,-0.8929021452457936
0.22191425724729588,-0.3942921678024684,-0.8917890719447122
0.21781651910504765,-0.3990964620991442,-0.8906615395002228
0.21366161554443636,-0.4038608191799174,-0.8895196191058787
0.20944972838769366,-0.40858451887003105,-0.888363384104763
0.20518104651821473,-0.4132668369784617,-0.8871929100277502
0.20085576604693348,-0.41790704532133544,-0.8860082746320662
0.19647409048097444,-0.422504411749124,-0.8848095579401257
0.19203623089455,-0.42705820017772994,-0.883596842278634
0.18754240610206815,-0.4315676706235705,-0.882370212317932
0.18299284283341333,-0.43603207924277215,-0.8811297551115672
0.178387775911359,-0.4404506783745887,-0.8798755601360704
0.1737274484310682,-0.4448227165891568,-0.8786077193309157
0.16901211194163454,-0.4491474387397076,-0.8773263271386476
0.1642420266296117,-0.4534240860193487,-0.8760314805451436
0.15941746150447753,-0.4576518960225384,-0.8747232791199994
0.15453869458597339,-0.4618301028113698,-0.8734018250570027
0.14960601309325589,-0.46595793698678867,-0.8720672232146766
0.14461971363579515,-0.47003462576486554,-0.8707195811568633
0.13958010240594737,-0.4740593930582463,-0.8693590091933209
0.1344874953731273,-0.4780314595629061,-0.8679856204203045
0.1293422184795,-0.48195004285033166,-0.8665995307611035
0.12414460783710758,-0.48581435746525725,-0.8652008590065027
0.1188950099263417,-0.48962361502908197,-0.863789726855135
0.11359378179566725,-0.49337702434909475,-0.8623662589536949
0.10824129126249783,-0.4970737915336346,-0.8609305829369776
0.10283791711511855,-0.5007131201133133,-0.8594828294677066
0.09738404931554606,-0.5042942111684288,-0.8580231322761174
0.09188008920321043,-0.5078162634626965,-0.8565516281992553
0.08632644969933764,-0.5112784735834259,-0.8550684572199526
0.08072355551190577,-0.5146800360882671,-0.8535737625054418
0.07507184334104228,-0.518020143658657,-0.8520676904455668
0.06937176208472325,-0.5212979872600889,-0.8505503906905463
0.06362377304462981,-0.5245127563093253,-0.8490220161882494
0.05782835013201027,-0.5276636388486847,-0.8474827232209365
0.05198598007339027,-0.5307498217275181,-0.8459326714414197
0.04609716261596657,-0.5337704907909941,-0.8443720239085959
0.04016241073251378,-0.5367248310763156,-0.8428009471223044
0.03418225082562599,-0.5396120270164773,-0.8412196110574591
0.02815722293110898,-0.5424312626516796,-0.8396281891974045
0.0220878809203314,-0.5451817218485112,-0.8380268585664435
0.01597479270133618,-0.5478625885270006,-0.8364157997614846
0.009818540418506766,-0.5504730468956475,-0.8347951969827525
0.003619720650574886,-0.5530122816945281,-0.8331652380635092
-0.002621055393250134,-0.5554794784465741,-0.8315261144987256
-0.008903161679258169,-0.5578738237171125,-0.8298780214726508
-0.015225957157556064,-0.5601945053817567,-0.8282211578852143
-0.02158878557296878,-0.5624407129027289,-0.8265557263772084
-0.027990975278773627,-0.5646116376136875,-0.8248819333541821
-0.03443183905352482,-0.5667064730131348,-0.8231999890089925
-0.04091067392123307,-0.5687244150664641,-0.8215101073429462
-0.047426760975172164,-0.570664662516706,-0.819812506185468
-0.053979365205592156,-0.5725264172040245,-0.8181074072122343
-0.06056773533162585,-0.5743088843940046,-0.816395035961704
-0.06719110363768274,-0.5760112731147671,-0.8146756218499823
-0.07384868581463172,-0.5776327965029378,-0.8129493981839507
-0.08053968080608079,-0.5791726721584889,-0.8112166021725951
-0.08726327066006931,-0.580630122508461,-0.8094774749364662
-0.09401862038649483,-0.5820043751795658,-0.8077322615152025
-0.10080487782060349,-0.5832946633796586,-0.8059812108730476
-0.10762117349287903,-0.5845002262880585,-0.8042245759022937
-0.1144666205056726,-0.585620309454685,-0.8024626134245816
-0.12134031441692039,-0.5866541652079668,-0.8006955841899883
-0.12824133313130295,-0.5876010530714662,-0.7989237528738335
-0.13516873679920519,-0.5884602401891528,-0.7971473880711345
-0.14212156772384116,-0.5892310017592434,-0.7953667622886414
-0.14909885027691247,-0.589912621476515,-0.7935821519343847
-0.15609959082317473,-0.590504391982982,-0.791793837304665
-0.16312277765428876,-0.5910056153268151,-0.7900021025684187
-0.17016738093233866,-0.5914156034293642,-0.788207235748892
-0.17723235264340156,-0.5917336785601345,-0.7864095287025561
-0.1843166265615561,-0.5919591738195447,-0.7846092770951986
-0.1914191182237199,-0.5920914336292846,-0.7828067803751267
-0.19853872491570773,-0.5921298142300728,-0.7810023417434191
-0.2056743256699025,-0.5920736841865925,-0.7791962681211624
-0.21282478127493343,-0.591922424899375,-0.7773888701136136
-0.21998893429775376,-0.591675431123376,-0.7755804619712295
-0.22716560911851194,-0.5913321114929723,-0.7737713615475044
-0.23435361197860605,-0.590891889053093,-0.7719618902535592
-0.24155173104231198,-0.5903542017961756,-0.7701523730094345
-0.2487587364723711,-0.5897185032046189,-0.7683431381920278
-0.2559733805199204,-0.5889842627983893,-0.7665345175796339
-0.2631943976291431,-0.5881509666874135,-0.7647268462930364
-0.27042050455701266,-0.5872181181283715,-0.7629204627331113
-0.27765040050849743,-0.5861852380854861,-0.7611157085148967
-0.2848827672875856,-0.5850518657948839,-0.7593129283980964
-0.29211626946448166,-0.5838175593320825,-0.7575124702139794
-0.29934955455931794,-0.5824818961821367,-0.7557146847886447
-0.3065812532427139,-0.581044473811963,-0.7539199258626251
-0.31380997955350515,-0.5795049102443314,-0.7521285500068046
-0.32103433113395236,-0.5778628446330042,-0.7503409165346299
-0.3282528894827274,-0.576117937838473,-0.7485573874106017
-0.33546422022595973,-0.5742698730037317,-0.7467783271550312
-0.3426668734066114,-0.5723183561294983,-0.7450041027450561
-0.3498593837924322,-0.5702631166482863,-0.7432350835119147
-0.35704027120273035,-0.5681039079966993,-0.7414716410344758
-0.3642080408541754,-0.5658405081853104,-0.7397141490290374
-0.37136118372582844,-0.563472720365469,-0.7379629832353988
-0.3784981769435793,-0.5610003733923572,-0.7362185212992287
-0.3856174841841429,-0.5584233223836048,-0.7344811426507485
-0.3927175560987481,-0.5557414492727539,-0.732751228379759
-0.3997968307566287,-0.5529546633568503,-0.7310291611070437
-0.4068537341083973,-0.5500629018374202,-0.7293153248521865
-0.41388668046936256,-0.5470661303540854,-0.7276101048978489
-0.42089407302281945,-0.5439643435100464,-0.7259138876505572
-0.42787430434331497,-0.5407575653886613,-0.7242270604980541
-0.43482575693986475,-0.5374458500603297,-0.7225500116632781
-0.44174680381906245,-0.5340292820788891,-0.7208831300550383
-0.448635809067998,-0.5305079769667123,-0.7192268051154581
-0.455491128456864,-0.5268820816877008,-0.7175814266642692
-0.4623111100611007,-0.523151775107348,-0.7159473847400407
-0.4690940949028962,-0.5193172684390579,-0.7143250694384373
-0.4758384176118229,-0.5153788056758865,-0.7127148707476036
-0.4825424071043579,-0.5113366640068834,-0.7111171783807811
-0.48920438728200083,-0.5071911542172052,-0.7095323816062671
-0.4958226777476643,-0.5029426210711746,-0.7079608690748329
-0.502395594539979,-0.4985914436774661,-0.7064030286447258
-0.5089214508851152,-0.49413803583559823,-0.7048592472043809
-0.515398557965691,-0.4895828463629249,-0.7033299104929799
-0.5218252257062953,-0.48492635940132367,-0.7018154029189958
-0.5281997635751163,-0.48016909470279084,-0.7003161073768714
-0.5345204814011378,-0.4753116078931638,-0.69883240506198
-0.5407856902063142,-0.4703544907132084,-0.6973646752840287
-0.5469937030521098,-0.4652983712363217,-0.6959132952790646
-0.5531428358997478,-0.460143914062121,-0.6944786400202502
-0.5592314084834742,-0.4548918204852097,-0.6930610820275811
-0.5652577451961118,-0.449542828638431,-0.6916609911767222
-0.5712201759861396,-0.44409771360994643,-0.6902787345071422
-0.5771170372654999,-0.43855728753350104,-0.6889146760297314
-0.5829466728273021,-0.43292239965126356,-0.6875691765340927
-0.5887074347725586,-0.4271939363486628,-0.6862425933956945
-0.5943976844450544,-0.4213728211606693,-0.6849352803830858
-0.6000157933734241,-0.4154600147490075,-0.6836475874653658
-0.6055601442194778,-0.4094565148498165,-0.6823798606201148
-0.6110291317317902,-0.4033633561913165,-0.6811324416419848
-0.6164211637035405,-0.3971816103810754,-0.6799056679521569
-0.6217346619335625,-0.39091238576251036,-0.6786998724088735
-0.6269680631895455,-0.38455682724029994,-0.6775153831192501
-0.6321198201722992,-0.37811611607442935,-0.676352523252578
-0.6371884024799778,-0.3715914696426294,-0.6752116108553264
-0.6421722975711422,-0.36498414117102396,-0.6740929586680537
-0.6470700117255189,-0.35829541943284005,-0.6729968739444352
-0.6518800710013007,-0.351526628415088,-0.6719236582726196
-0.6566010221878266,-0.34467912695316727,-0.6708736073991164
-0.6612314337524619,-0.33775430833340236,-0.6698470110554265
-0.6657698967804957,-0.33075359986356545,-0.6688441527876136
-0.6702150259068687,-0.3236784624114947,-0.6678653097890218
-0.6745654602385353,-0.31653038991196714,-0.6669107527363397
-0.6788198642662743,-0.30931090884204,-0.6659807456292023
-0.6829769287647516,-0.30202157766512555,-0.6650755456335289
-0.6870353716796544,-0.29466398624411844,-0.6641954029287805
-0.6909939390007172,-0.287239755223947,-0.6633405605593257
-0.6948514056194681,-0.2797505353839734,-0.6625112542900911
-0.6986065761705464,-0.27219800696071933,-0.6617077124666741
-0.7022582858554418,-0.2645838789414469,-0.6609301558800856
-0.7058054012475374,-0.2569098883291754,-0.660178797636287
-0.7092468210773497,-0.24917779937976528,-0.659453843030679
-0.7125814769968856,-0.24138940281175247,-0.6587554894276956
-0.7158083343220576,-0.23354651498966172,-0.6580839261456437
-0.7189263927521315,-0.22565097708157947,-0.6574393343469316
-0.721934687065203,-0.21770465419181045,-0.6568218869338108
-0.7248322877887395,-0.2097094344694891,-0.6562317484497598
-0.7276183018442519,-0.2016672281940597,-0.6556690749866217
-0.7302918731651997,-0.1935799668385815,-0.6551340140976025
-0.732852183287272,-0.18544960211185535,-0.6546267047162324
-0.7352984519102269,-0.1772781049804067,-0.654147277081377
-0.7376299374305134,-0.16906746467139622,-0.6536958526683823
-0.7398459374439453,-0.16081968765756338,-0.6532725441264264
-0.7419457892177413,-0.15253679662534073,-0.652877455222144
-0.7439288701312952,-0.1442208294273057,-0.6525106807895751
-0.7457945980850852,-0.13587383802016528,-0.6521723066864894
-0.7475424318771857,-0.1274978873894924,-0.6518624097571201
-0.7491718715468937,-0.11909505446245681,-0.6515810578013369
-0.7506824586850327,-0.1106674270098115,-0.6513283095502775
-0.7520737767105574,-0.10221710253841436,-0.6511042146484461
-0.7533454511131266,-0.09374618717557842,-0.6509088136422808
-0.7544971496613732,-0.08525679454655599,-0.6507421379751811
-0.7555285825766563,-0.07675104464647167,-0.6506042099889794
-0.7564395026721276,-0.06823106270802469,-0.650495042931826
-0.7572297054570091,-0.05969897806628535,-0.6504146409724587
-0.7578990292060328,-0.05115692302191128,-0.6503629992208069
-0.7584473549940401,-0.04260703170410646,-0.6503401037548814
-0.7588746066958079,-0.03405143893464263,-0.6503459316538878
-0.7591807509512117,-0.025492279094254625,-0.6503804510374946
-0.7593657970958965,-0.016931684992711374,-0.6504436211111776
-0.7594297970576772,-0.00837178674385219,-0.6505353922175571
-0.7593728452189429,0.00018528935313758425,-0.6506557058936341
-0.7591950782453956,0.008737421924954629,-0.6508044949338265
-0.7588966748814983,0.01728249562667275,-0.6509816834586974
-0.7584778557130603,0.025818402234290452,-0.6511871869892608
-0.7579388828974386,0.034343041726141166,-0.6514209125267467
-0.7572800598618745,0.04285432335200289,-0.6516827586376963
-0.756501730970536,0.051350166688773104,-0.6519726155442561
-0.7556042811608773,0.05982850268160534,-0.6522903652195327
-0.7545881355499702,0.06828727466943679,-0.6526358814878637
-0.7534537590114999,0.07672443939387069,-0.6530090301298573
-0.7522016557241592,0.08513796799041329,-0.6534096689920474
-0.7508323686922103,0.09352584696110315,-0.6538376481010048
-0.7493464792390165,0.10188607912760937,-0.6542928097817465
-0.7477446064743812,0.11021668456391637,-0.6547749887802763
-0.7460274067365583,0.11851570150775326,-0.6552840123900866
-0.7441955730098295,0.12678118724997034,-0.6558197005824541
-0.742249834318569,0.13501121900110727,-0.656381866140353
-0.7401909550987368,0.14320389473444253,-0.6569703147958107
-0.7380197345477697,0.15135733400485982,-0.6575848453705277
-0.7357370059538494,0.15946967874291063,-0.6582252499195836
-0.7333436360055539,0.16753909402350112,-0.6588913138780466
-0.7308405240829041,0.17556376880867536,-0.6595828162103075
-0.7282286015308382,0.18354191666401565,-0.6602995295619551
-0.7255088309161474,0.19147177644822613,-0.6610412204140115
-0.7226822052689241,0.19935161297551346,-0.6618076492393435
-0.7197497473095743,0.20717971765042403,-0.6625985706610714
-0.7167125086624477,0.21495440907484495,-0.6634137336127925
-0.7135715690571474,0.22267403362692054,-0.6642528815004403
-0.7103280355185734,0.2303369660116825,-0.6651157523655995
-0.706983041546757,0.2379416097832361,-0.6660020790501023
-0.703537746287536,0.24548639783839096,-0.6669115893617279
-0.6999933336951146,0.25296979288166527,-0.6678440062408342
-0.6963510116875453,0.2603902878616386,-0.6687990479277504
-0.6926120112961578,0.2677464063786673,-0.6697764281307611
-0.688777585809951,0.2750367030640205,-0.6707758561945187
-0.6848490099159479,0.28225976393052987,-0.6717970372687182
-0.6808275788365022,0.28941420669489093,-0.6728396724768786
-0.6767146074645256,0.2964986810717862,-0.6739034590850714
-0.6725114294975877,0.3035118690400381,-0.674988090670446
-0.6682193965718258,0.3104524850810379,-0.6760932572894016
-0.663839877396575,0.31731927638972407,-0.6772186456452615
-0.6593742568906112,0.3241110230584226,-0.6783639392553065
-0.6548239353208789,0.33082653823388736,-0.6795288186170325
-0.6501903274445484,0.33746466824791227,-0.680712961373498
-0.6454748616552256,0.34402429272191143,-0.6819160424776323
-0.6406789791341103,0.3505043246458921,-0.6831377343553797
-0.6358041330068751,0.35690371043227126,-0.6843777070675618
-0.6308517875070095,0.36322142994500656,-0.6856356284703382
-0.6258234171463463,0.36945649650453893,-0.6869111643741584
-0.6207205058934591,0.3756079568690609,-0.6882039787010956
-0.6155445463605962,0.3816748911926475,-0.689513733640461
-0.6102970389997792,0.38765641296079945,-0.6908400898026027
-0.6049794913086763,0.39355166890396986,-0.6921827063707929
-0.5995934170468226,0.39935983888965565,-0.6935412412511194
-0.5941403354627349,0.40508013579365254,-0.6949153512202942
-0.5886217705324418,0.4107118053510784,-0.6963046920713026
-0.5830392502099138,0.4162541259877868,-0.6977089187568162
-0.5773943056898551,0.42170640863279757,-0.699127685530303
-0.5716884706832904,0.42706799651237815,-0.7005606460847655
-0.5659232807063446,0.4323382649264193,-0.7020074536890484
-0.5601002723825923,0.4375166210077515,-0.7034677613216583
-0.554220982759323,0.44260250346505225,-0.7049412218020442
-0.5482869486380378,0.44759538230999757,-0.7064274879192889
-0.5422997059194705,0.4524947585693126,-0.70792621255817
-0.536260788963395,0.45730016398237733,-0.7094370488225491
-0.5301717299634566,0.46201116068503906,-0.710959650156054
-0.5240340583372385,0.46662734088028734,-0.7124936704600232
-0.5178493001317468,0.4711483264964392,-0.7140387642086842
-0.5116189774444795,0.47557376883348135,-0.7155945865615416
-0.5053446078602085,0.47990334819821034,-0.7171607934729558
-0.49902770390359336,0.48413677352880635,-0.7187370417988939
-0.4926697725077135,0.48827378200947114,-0.7203229894008419
-0.4862723144985848,0.49231413867575147,-0.7219182952468668
-0.4798368240957092,0.49625763601116335,-0.7235226195098224
-0.4733647884286773,0.5001040935357218,-0.7251356236626963
-0.46685768706983205,0.5038533573869753,-0.7267569705710979
-0.46031699158297523,0.5075052998941292,-0.7283863245828887
-0.453744165088083,0.5110598191458366,-0.7300233516149626
-0.447140661841979,0.5145168385522239,-0.7316677192371835
-0.44050792683489315,0.5178763064017009,-0.7333190967534913
-0.4338473954028221,0.5211381954131047,-0.7349771552801898
-0.4271604928555867,0.5243025022837033,-0.7366415678214334
-0.4204486341204712,0.5273692472335795,-0.7383120093419299
-0.41371322340131,0.530338473546899,-0.7399881568368801
-0.4069556538528794,0.533210247110558,-0.741669689399178
-0.400177307270434,0.5359846559506878,-0.743356288283894
-0.39337955379421724,0.5386618097674803,-0.7450476369700701
-0.38656375162876605,0.5412418394687912,-0.7467434212198544
-0.37973124677681547,0.5437248967029541,-0.7484433291350036
-0.3728833727876003,0.5461111533912341,-0.7501470512107874
-0.36602145051934404,0.5484008012603288,-0.7518542803873268
-0.3591467879157109,0.5505940513753144,-0.7535647120984004
-0.35226067979599635,0.5526911336734193,-0.7552780443177552
-0.34536440765881654,0.554692296498993,-0.7569939776029584
-0.3384592394990552,0.5565978061400246,-0.7587122151368283
-0.3315464296378207,0.558407946366554,-0.7604324627664849
-0.3246272185651559,0.5601230179712978,-0.7621544290400574
-0.31770283279524275,0.5617433383128078,-0.7638778252410922
-0.3107744847338384,0.5632692408614584,-0.7656023654207018
-0.30384337255767413,0.5647010747485487,-0.7673277664274978
-0.2969106801055466,0.5660392043187944,-0.7690537479353494
-0.28997757678082703,0.567284008686465,-0.7707800324690142
-0.28304521746511313,0.5684358812954158,-0.7725063454276805
-0.2761147424427444,0.5694952294832475,-0.774232415106472
-0.2691872773359025,0.5704624740498122,-0.7759579727159529
-0.2622639330500154,0.5713380488302784,-0.7776827523996834
-0.2553458057291855,0.5721224002729479,-0.7794064912498703
-0.24843397672135847,0.5728159870220102,-0.7811289293211537
-0.24152951255295402,0.5734192795054099,-0.7828498096425834
-0.23463346491267686,0.573932759527985,-0.7845688782278226
-0.227746870644229,0.5743569198700282,-0.7862858840836295
-0.22087075174764448,0.5746922638914126,-0.7880005792166611
-0.2140061153889709,0.5749393051414079,-0.7897127186386437
-0.2071539539180212,0.5750985669743086,-0.7914220603699565
-0.20031524489392505,0.5751705821709814,-0.7931283654416739
-0.19349095111820733,0.5751558925664315,-0.7948313978961093
-0.1866820206751276,0.5750550486834792,-0.7965309247859073
-0.17988938697901455,0.574868609372624,-0.7982267161717277
-0.17311396882833358,0.5745971414581708,-0.799918545118565
-0.16635667046622965,0.5742412193906814,-0.8016061876907474
-0.15961838164728895,0.5738014249058045,-0.8032894229456584
-0.15289997771026873,0.5732783466895328,-0.8049680329262244
-0.14620231965654656,0.5726725800499263,-0.8066418026522093
-0.13952625423404538,0.5719847265953325,-0.8083105201103591
-0.1328726140263944,0.5712153939191311,-0.8099739762434376
-0.126242217547089,0.5703651952910174,-0.8116319649381937
-0.11963586933841948,0.569434749354839,-0.8132842830123008
-0.11305436007493953,0.5684246798329902,-0.8149307302003089
-0.10649846667125248,0.567335615237361,-0.8165711091386454
-0.09996895239389648,0.5661681885868375,-0.8182052253497079
-0.0934665669771147,0.5649230371313393,-0.8198328872250833
-0.0869920467423006,0.5636008020823766,-0.8214539060079314
-0.0805461147209142,0.5622021283501055,-0.8230680957745702
-0.07412948078066856,0.5607276642868539,-0.8246752734152989
-0.06774284175479102,0.559178061437086,-0.8262752586144935
-0.06138688157416876,0.5575539742937701,-0.8278678738300099
-0.055062271402192164,0.5558560600611092,-0.8294529442719292
-0.04876966977211462,0.5540849784235914,-0.8310302978806772
-0.042509722726752124,0.5522413913213113,-0.8325997653045532
-0.03628306396035054,0.5503259627315134,-0.8341611798766964
-0.03009031496245318,0.5483393584563016,-0.8357143775915262
-0.023932085163605878,0.5462822459164605,-0.837259197080683
-0.017808972082741462,0.5441552939513254,-0.8387954795885008
-0.01172156147609002,0.5419591726246421,-0.8403230689470423
-0.005670427487465903,0.5396945530363494,-0.8418418115507239
0.0003438672002130268,0.5373621071402179,-0.8433515563305576
0.00632077121231402,0.5349625075672773,-0.8448521547280403
0.012259744328921669,0.5324964274549596,-0.8463434606687136
0.018160257330445097,0.5299645402818877,-0.8478253305354232
0.024021791842527136,0.5273675197082313,-0.8492976231413006
0.029843840180378434,0.5247060394215601,-0.8507601997024945
0.03562590519265515,0.5219807729881134,-0.8522129238106729
0.04136750010499479,0.5191923937094078,-0.8536556614053223
0.04706814836332094,0.5163415744841074,-0.8550882807458662
0.05272738347702327,0.5134289876750731,-0.8565106523836215
0.05834474886211583,0.5104553049815119,-0.85792264913362
0.06391979768447238,0.5074211973161459,-0.8593241460463131
0.069452092703234,0.5043273346873159,-0.8607150203791784
0.07494120611448071,0.5011743860859422,-0.8620951515682512
0.08038671939525459,0.49796301937725423,-0.8634644211995981
0.08578822314801952,0.49469390119721224,-0.8648227129807522
0.09114531694563804,0.49136769685353326,-0.866169912712127
0.0964576091769433,0.4879850702312415,-0.867505908258427
0.10172471689298035,0.4845466837026588,-0.8688305895200736
0.10694626565398824,0.48105319804175267,-0.8701438484046583
0.11212188937719074,0.47750527234276,-0.8714455787984443
0.11725123018546121,0.47390356394300365,-0.8727356765379284
0.12233393825692332,0.47024872834981973,-0.8740140393814787
0.1273696716755471,0.4665414191715147,-0.8752805669810637
0.13235809628279718,0.46278228805227145,-0.876535160854086
0.1372988855303862,0.45897198461092265,-0.8777777243553319
0.14219172033418537,0.45511115638351285,-0.8790081626490545
0.14703628892934026,0.4512004487695699,-0.8802263826811977
0.1518322867266383,0.44724050498200585,-0.8814322931517772
0.15657941617017118,0.4432319660005706,-0.8826258044874269
0.1612773865963344,0.43917547052878164,-0.8838068288141248
0.1659259140942022,0.4350716549542526,-0.884975279930107
0.17052472136731553,0.43092115331234454,-0.8861310732789808
0.17507353759691754,0.42672459725306827,-0.8872741259230471
0.17957209830666962,0.42248261601116066,-0.8884043565168431
0.18402014522887855,0.4181958363792637,-0.8895216852809102
0.18841742617226456,0.4138648826841357,-0.8906260339758016
0.1927636948912964,0.40949037676582106,-0.8917173258763346
0.1970587109571193,0.4050729379597117,-0.8927954857460952
0.20130223963009986,0.40061318308142857,-0.8938604398122066
0.20549405173400953,0.39611172641445824,-0.8949121157403657
0.2096339235318672,0.39156917970047517,-0.8959504426101548
0.21372163660346005,0.3869861521322859,-0.8969753508906394
0.21775697772456076,0.3823632503493299,-0.8979867724162539
0.22173973874785605,0.3777010784356726,-0.8989846403629834
0.22566971648560274,0.3730002379204297,-0.8999688892248502
0.22954671259402448,0.3682613277805604,-0.9009394547907063
0.23337053345946127,0.3634849444459689,-0.9018962741213412
0.23714099008628356,0.35867168180685594,-0.9028392855269086
0.24085789798658108,0.3538221312232611,-0.9037684285446772
0.24452107707163517,0.34893688153673974,-0.9046836439171114
0.24813035154518326,0.3440165190841178,-0.9055848735702859
0.2516855497984827,0.33906162771326986,-0.9064720605926383
0.25518650430717954,0.33407278880086694,-0.9073451492140646
0.25863305152998944,0.3290505812720403,-0.9082040847853627
0.26202503180919323,0.32399558162191017,-0.9090488137580245
0.26536228927295336,0.31890836393892913,-0.9098792836643843
0.26864467173945245,0.31378949992998917,-0.9106954430981244
0.27187203062285814,0.3086395589472453,-0.9114972416951429
0.27504422084111546,0.3034591080166066,-0.9122846301147844
0.27816110072556854,0.2982487118678498,-0.9130575600214417
0.28122253193241153,0.29300893296630787,-0.913815984066524
0.284228379355971,0.28774033154609113,-0.9145598558708029
0.28717851104381814,0.2824434656447951,-0.9152891300071323
0.29007279811371045,0.277118891139654,-0.9160037619835473
0.2929111146723634,0.27176716178509736,-0.9167037082267456
0.29569333773604833,0.26638882925166923,-0.9173889260659518
0.29841934715301777,0.2609844431662696,-0.9180593737171681
0.30108902552775507,0.2555545511536801,-0.9187150102678132
0.3037022581470454,0.2500996988793338,-0.9193557956617515
0.3062589329078671,0.2446204300932946,-0.9199816906847148
0.308758940247101,0.23911728667540705,-0.9205926569501184
0.3112021730730536,0.23359080868158288,-0.9211886568852731
0.3135885266987927,0.22804153439118824,-0.9217696537179954
0.31591789877729215,0.2224700003554983,-0.9223356114636175
0.31819018923838166,0.21687674144718563,-0.922886494912399
0.32040530022750074,0.21126229091080995,-0.9234222696173412
0.32256313604625153,0.20562718041427702,-0.9239429018824062
0.3246636030947489,0.19997194010123673,-0.9244483587511435
0.32670660981576327,0.1942970986443878,-0.9249386079957218
0.32869206664065476,0.18860318329966233,-0.9254136181063738
0.3306198859370943,0.18289071996125786,-0.9258733582812476
0.33248998195856955,0.1771602332174914,-0.9263177984166743
0.3343022707956716,0.17141224640744504,-0.9267469090978459
0.3360566703291617,0.16564728167837778,-0.9271606615899108
0.33775310018481347,0.15986586004387549,-0.9275590278294851
0.33939148169002853,0.15406850144271358,-0.9279419804165796
0.34097173783222473,0.14825572479840618,-0.9283094926069494
0.34249379321899254,0.14242804807941697,-0.9286615383048623
0.3439575740400192,0.13658598836000665,-0.9289980920562888
0.34536300803077874,0.13073006188169292,-0.9293191290425163
0.346710024437986,0.12486078411529905,-0.9296246250741876
0.3479985539868132,0.1189786698235675,-0.9299145565857659
0.34922852884986844,0.11308423312431544,-0.9301889006304269
0.35039988261793603,0.1071779875541096,-0.9304476348753797
0.3515125502724764,0.10126044613243798,-0.9306907375976187
0.35256646815988696,0.0953321214263562,-0.9309181876801065
0.3535615739675236,0.0893935256155868,-0.9311299646083907
0.3544978067014827,0.08344517055804962,-0.9313260484676547
0.35537510666614525,0.07748756785580256,-0.9315064199402054
0.3561934154454835,0.07152122892137083,-0.9316710603033982
0.35695267588613155,0.06554666504444434,-0.9318199514280009
0.35765283208222204,0.05956438745892215,-0.9319530757769994
0.3582938293619907,0.05357490741028359,-0.9320704164048446
0.358875614276151,0.04757873622326524,-0.9321719569571444
0.359398134588042,0.04157638536982355,-0.9322576816708005
0.35986133926555297,0.03556836653736266,-0.9323275753745925
0.36026517847482636,0.0295551916972072,-0.9323816234902117
0.3606096035757465,0.02353737317329968,-0.9324198120337447
0.36089456711921447,0.017515423711102047,-0.9324421276176101
0.3611200228462161,0.011489856546681259,-0.9324485574529489
0.36128592568868845,0.005461185475958358,-0.9324390893524707
0.36139223177218804,-0.0005700750758994835,-0.9324137117337588
0.3614388984203687,-0.006603409984964541,-0.9323724136230335
0.36142588416127447,-0.012638303358932476,-0.9323151846593772
0.3613531487354541,-0.018674238467425594,-0.932242015099424
0.36122065310590434,-0.024710697672236544,-0.9321528958225123
0.3610283594698485,-0.03074716235753379,-0.9320478183363069
0.3607762312723602,-0.03678311286005041,-0.931926774782889
0.3604642332218377,-0.042818028399278174,-0.9317897579453165
0.36009233130733953,-0.04885138700768896,-0.931636761254659
0.35966049281778906,-0.054882665461006064,-0.9314677787975065
0.35916868636305826,-0.060911339208548285,-0.9312828053239554
0.35861688189693913,-0.06693688230366997,-0.9310818362560734
0.35800505074201333,-0.07295876733432054,-0.9308648676968452
0.35733316561643186,-0.07897646535374797,-0.9306318964396009
0.35660120066261236,-0.0849894458113704,-0.9303829199779301
0.35580913147786825,-0.09099717648384108,-0.9301179365160818
0.3549569351469792,-0.09699912340633221,-0.929836944979853
0.3540445902767156,-0.10299475080406412,-0.9295399450279699
0.3530720770323285,-0.10898352102410576,-0.9292269370639585
0.3520393771760178,-0.11496489446747486,-0.9288979222485128
0.3509464741073911,-0.1209383295215649,-0.9285529025123576
0.34979335290592684,-0.1269032824929281,-0.9281918805696103
0.3485800003754536,-0.13285920754044356,-0.927814859931643
0.34730640509066035,-0.13880555660890073,-0.9274218449214444
0.3459725574456508,-0.144741779363029,-0.927012840688488
0.3445784497045564,-0.1506673231220055,-0.9265878532241041
0.3431240760542201,-0.1565816327944728,-0.9261468893773572
0.341609432658969,-0.162484150814101,-0.9256899568714344
0.34003451771748605,-0.1683743170757274,-0.9252170643205405
0.3383993315217996,-0.17425156887210957,-0.9247282212473066
0.3367038765184019,-0.18011534083132807,-0.9242234381007092
0.33494815737151423,-0.18596506485487502,-0.923702726274503
0.3331321810285127,-0.19180017005646816,-0.9231660981261695
0.33125595678752934,-0.19762008270162806,-0.9226135669963782
0.329319496367244,-0.20342422614805997,-0.9220451472289671
0.32732281397888263,-0.20921202078688103,-0.9214608541914385
0.32526592640043606,-0.21498288398473522,-0.9208607042959712
0.32314885305311514,-0.22073623002684054,-0.9202447150209525
0.3209716160800567,-0.22647147006101256,-0.919612904933027
0.31873424042729565,-0.23218801204271117,-0.9189652937096638
0.31643675392701703,-0.23788526068115695,-0.9183019021622412
0.31407918738310386,-0.2435626173865673,-0.9176227522596494
0.31166157465899347,-0.24921948021856072,-0.9169278671524097
0.3091839527678574,-0.2548552438357824,-0.9162172711973111
0.30664636196511896,-0.26046929944680247,-0.9154909899825608
0.30404884584331965,-0.2660610347623419,-0.9147490503534492
0.3013914514293506,-0.2716298339488817,-0.9139914804385282
0.29867422928405823,-0.277175077583712,-0.9132183096762992
0.29589723360423875,-0.2826961426114808,-0.912429568842411
0.2930605223270317,-0.28819240230230125,-0.9116252900773628
0.2901641572367233,-0.29366322621148033,-0.9108055069147128
0.28720820407397074,-0.2991079801409314,-0.9099702543097861
0.2841927326474563,-0.3045260261023362,-0.9091195686688802
0.28111781694797977,-0.3099167222821232,-0.9082534878789663
0.27798353526499836,-0.31527942300832945,-0.9073720513378778
0.2747899703056193,-0.32061347871941653,-0.9064752999849865
0.27153720931605363,-0.3259182359351127,-0.9055632763323578
0.26822534420553384,-0.3311930372293539,-0.904636024496382
0.2648544716727015,-0.33643722120539904,-0.9036935902298764
0.2614246933344653,-0.3416501224731966,-0.9027360209546481
0.2579361158573343,-0.34683107162908094,-0.9017633657945167
0.2543888510912236,-0.3519793952378791,-0.9007756756087857
0.25078301620573346,-0.35709441581750956,-0.8997730030261557
0.24711873382889854,-0.36217545182615885,-0.8987554024790726
0.24339613218840248,-0.3672218176521194,-0.8977229302385002
0.2396153452552537,-0.37223282360637877,-0.8966756444491109
0.23577651288991314,-0.377207775918048,-0.8956136051648793
0.23187978099086645,-0.3821459767327216,-0.8945368743850766
0.22792530164562744,-0.3870467241138621,-0.8934455160906444
0.22391323328416127,-0.39190931204730434,-0.8923395962809458
0.21984374083471106,-0.3967330304489756,-0.8912191830108758
0.21571699588201057,-0.40151716517593145,-0.8900843464283172
0.21153317682786307,-0.40626099804080706,-0.8889351588119345
0.20729246905406437,-0.410963806829787,-0.8877716946092837
0.20299506508764428,-0.41562486532419596,-0.8865940304752267
0.19864116476840013,-0.4202434433258179,-0.8854022453106348
0.1942309754186912,-0.42481880668605115,-0.8841964203013624
0.1897647120154613,-0.4293502173390063,-0.8829766389574738
0.1852425973644533,-0.43383693333866075,-0.8817429871527062
0.18066486227657608,-0.43827820890018054,-0.8804955531641461
0.17603174574638128,-0.44267329444552256,-0.879234427712103
0.171343495132605,-0.44702143665343563,-0.877959704000156
0.1666003663407234,-0.4513218785139745,-0.8766714777553529
0.16180262400747028,-0.45557385938764544,-0.8753698472685378
0.1569505416872594,-0.45977661506930473,-0.8740549134347843
0.1520444020404511,-0.46392937785692906,-0.872726779793908
0.14708449702339818,-0.46803137662537997,-0.8713855525710338
0.14207112808020184,-0.4720818369052868,-0.8700313407171888
0.13700460633610573,-0.4760799809671707,-0.8686642559498964
0.13188525279244848,-0.4800250279109344,-0.8672844127937379
0.1267133985230942,-0.4839161937608453,-0.8658919286208548
0.12148938487225314,-0.48775269156613615,-0.8644869236913599
0.1162135636536004,-0.4915337315073508,-0.8630695211936233
0.11088629735059646,-0.4952585210085626,-0.8616398472844012
0.10550795931790714,-0.49892626485559277,-0.8601980311287732
0.10007893398381562,-0.5025361653203559,-0.8587442049398499
0.0945996170535141,-0.5060874222914613,-0.8572785040182174
0.08907041571315617,-0.5095792334111952,-0.8558010667910764
0.08349174883454655,-0.5130107942190135,-0.8543120348510408
0.07786404718033799,-0.5163812983016701,-0.8528115529945521
0.07218775360959917,-0.5196899374501057,-0.8512997692598684
0.06646332328361232,-0.5229359018232235,-0.8497768349645866
0.0606912238717518,-0.5261183801186734,-0.8482429047426523
0.0548719357572893,-0.5292365597507687,-0.8466981365808117
0.04900595224296456,-0.5322896270356534,-0.8451426918544616
0.0430937797561539,-0.5352767673838414,-0.8435767353628436
0.03713593805346249,-0.5381971655002415,-0.8420004353635425
0.031132960424558705,-0.541050005591784,-0.84041396360623
0.025085393895062917,-0.5438344715827589,-0.8388174953656076
0.018993799428295353,-0.546549747337976,-0.837211209473495
0.012858752125680906,-0.5491950168938495,-0.835595288350009
0.00668084142560155,-0.5517694646975108,-0.8339699180337793
0.00046067130047965056,-0.5542722758540459,-0.8323352882111449
-0.0058011395481316706,-0.5567026363819527,-0.8306915922442736
-0.012103957496682449,-0.5590597334769044,-0.8290390271981478
-0.018447133809222742,-0.5613427557839048,-0.8273777938663547
-0.024830004449708558,-0.5635508936779152,-0.8257080967956235
-0.031251889897270346,-0.5656833395530226,-0.8240301443090469
-0.03771209496470512,-0.5677392881202212,-0.8223441485279248
-0.04420990862046056,-0.5697179367138627,-0.8206503253921672
-0.05074460381438697,-0.571618485606834,-0.8189488946791922
-0.057315437307540296,-0.5734401383345051,-0.8172400800212563
-0.06392164950632669,-0.575182102027489,-0.8155241089211464
-0.0705624643012863,-0.5768435877532432,-0.8138012127661745
-0.07723708891082146,-0.5784238108665352,-0.8120716268404018
-0.08394471373018078,-0.5799219913687865,-0.8103355903350284
-0.09068451218601832,-0.5813373542762983,-0.8085933463568802
-0.09745564059685334,-0.5826691299973523,-0.8068451419349227
-0.10425723803976267,-0.5839165547181739,-0.8050912280247364
-0.1110884262236444,-0.585078870797727,-0.8033318595108815
-0.11794830936939756,-0.5861553271713038,-0.8015672952070854
-0.12483597409736848,-0.5871451797628613,-0.7997977978541817
-0.13175048932241998,-0.5880476919060402,-0.7980236341157334
-0.13869090615698543,-0.5888621347737926,-0.7962450745712691
-0.14565625782247377,-0.589587787816531,-0.7944623937070667
-0.1526455595693978,-0.5902239392086966,-0.7926758699044107
-0.15965780860660034,-0.5907698863036311,-0.7908857854252617
-0.16669198403995963,-0.5912249360966232,-0.7890924263952643
-0.17374704682095507,-0.591588405695984,-0.7872960827840316
-0.1808219397054813,-0.5918596228019904,-0.7854970483826358
-0.18791558722329857,-0.5920379261935207,-0.7836956207782446
-0.19502689565851017,-0.5921226662221906,-0.7818921013258344
-0.20215475304145955,-0.5921132053137788,-0.7800867951169212
-0.2092980291524403,-0.5920089184767154,-0.7782800109452472
-0.2164555755376119,-0.5918091938173925,-0.7764720612693602
-0.2236262255375153,-0.5915134330620296,-0.7746632621720332
-0.23080879432857915,-0.5911210520848188,-0.772853933316461
-0.23800207897800857,-0.5906314814420489,-0.7710443978991849
-0.24520485851244303,-0.5900441669118904,-0.7692349825996905
-0.25241589400076814,-0.5893585700395062,-0.7674260175266286
-0.25963392865146284,-0.5885741686871315,-0.765617836160613
-0.26685768792485637,-0.5876904575887463,-0.7638107752935476
-0.27408587966066605,-0.5867069489089474,-0.762005174964444
-0.28131719422117873,-0.5856231728056035,-0.7602013783916878
-0.28855030465043163,-0.5844386779958569,-0.7583997319017184
-0.2957838668497402,-0.5831530323250192,-0.7566005848540894
-0.3030165197699111,-0.581765823337884,-0.7548042895628808
-0.3102468856204676,-0.58027665885196,-0.7530112012144353
-0.31747357009620303,-0.5786851675321129,-0.7512216777814001
-0.32469516262136744,-0.5769909994660756,-0.7494360799330542
-0.3319102366117761,-0.5751938267402757,-0.747654770941905
-0.3391173497551165,-0.5732933440154039,-0.7458781165865519
-0.34631504430971377,-0.571289269101128,-0.7441064850508025
-0.3535018474219973,-0.5691813435293427,-0.7423402468190495
-0.3606762714628957,-0.5669693331253209,-0.7405797745679074
-0.36783681438336524,-0.5646530285761191,-0.7388254430541182
-0.3749819600892389,-0.5622322459955671,-0.7370776289987457
-0.38211017883556275,-0.559706827485161,-0.7353367109676701
-0.3892199276405623,-0.5570766416901557,-0.733603069248414
-0.3963096507193591,-0.554341584350143,-0.7318770857233289
-0.40337777993753415,-0.5515015788433829,-0.7301591437391729
-0.4104227352846085,-0.5485565767241422,-0.7284496279731295
-0.41744292536748456,-0.5455065582522822,-0.7267489242953072
-0.42443674792386693,-0.5423515329143267,-0.7250574196277781
-0.4314025903556478,-0.5390915399352224,-0.7233755018002116
-0.4383388302822192,-0.5357266487800064,-0.7217035594021686
-0.4452438361136392,-0.5322569596445746,-0.7200419816321298
-0.4521159676435487,-0.5286826039347441,-0.718391158143331
-0.4589535766617059,-0.5250037447327925,-0.7167514788864916
-0.4657550075859695,-0.5212205772506566,-0.7151233339495265
-0.47251859811353175,-0.5173333292689618,-0.7135071133943337
-0.4792426798911625,-0.51334226156106,-0.7119032070907626
-0.4859255792041976,-0.5092476683012452,-0.7103120045478678
-0.49256561768396406,-0.5050498774563238,-0.7087338947425665
-0.49916111303330113,-0.5007492511597132,-0.7071692659458149
-0.5057103797697983,-0.49634618606725117,-0.7056185055464321
-0.5122117299863368,-0.49184111369390143,-0.7040819998727043
-0.5186634741284832,-0.4872345007305502,-0.7025601340119034
-0.5250639217882437,-0.48252684934009754,-0.7010532916278676
-0.5314113825136568,-0.4777186974320588,-0.6995618547767888
-0.5377041666336585,-0.47281061891490545,-0.6980862037213649
-0.5439405860976206,-0.46780322392538715,-0.6966267167434733
-0.5501189553289256,-0.46269715903409875,-0.6951837699555315
-0.5562375920919028,-0.4574931074265711,-0.6937577371107164
-0.5622948183714174,-0.4521917890591849,-0.6923489894122101
-0.5682889612643648,-0.44679396078923506,-0.6909578953216592
-0.5742183538822921,-0.44130041647849205,-0.6895848203670237
-0.5800813362643288,-0.4357119870696359,-0.6882301269500052
-0.5858762562995805,-0.43002954063496857,-0.6868941741532435
-0.5916014706581023,-0.42425398239683904,-0.6855773175474764
-0.5972553457295408,-0.41838625471924784,-0.6842799089988595
-0.6028362585685013,-0.41242733707013385,-0.683002296476644
-0.6083425978456672,-0.4063782459538798,-0.681744823861416
-0.6137727648036722,-0.40024003481361375,-0.680507830754102
-0.6191251742166995,-0.3940137939029201,-0.6792916522859448
-0.6243982553527568,-0.38770065012661475,-0.678096618929658
-0.6295904529375533,-0.3813017668502864,-0.6769230563119684
-0.6347002281188832,-0.3748183436783429,-0.6757712850277536
-0.6397260594304022,-0.3682516162003515,-0.6746416204559861
-0.6446664437536648,-0.3616028557055082,-0.6735343725776916
-0.6495198972772753,-0.3548733688651162,-0.6724498457961315
-0.6542849564519925,-0.34806449738300616,-0.6713883387594172
-0.658960178940615,-0.3411776176138773,-0.6703501441857619
-0.6635441445614709,-0.334214140149592,-0.6693355486915772
-0.6680354562243206,-0.32717550937350487,-0.6683448326226153
-0.6724327408574851,-0.3200632029829622,-0.6673782698883578
-0.6767346503250076,-0.31287873148015705,-0.6664361277998498
-0.680939862332656,-0.3056236376315813,-0.665518666911172
-0.6850470813215781,-0.29829949589636623,-0.6646261408647428
-0.689055039348429,-0.29090791182385695,-0.663758796240636
-0.6929624969507958,-0.28345052142081956,-0.6629168724100963
-0.6967682439967572,-0.27592899048873326,-0.662100601393432
-0.7004711005174294,-0.26834501393166876,-0.6613102077224529
-0.7040699175213669,-0.260700315035311,-0.660545908307625
-0.7075635777896992,-0.2529966447177305,-0.6598079123100986
-0.710950996650918,-0.24523578075256328,-0.6590964210187666
-0.7142311227342379,-0.23741952696530352,-0.6584116277325012
-0.7174029387004943,-0.2295497124034656,-0.6577537176477083
-0.72046546194956,-0.22162819048141774,-0.6571228677513358
-0.7234177453032972,-0.21365683810073532,-0.6565192467194622
-0.7262588776630975,-0.2056375547469672,-0.655943014821582
-0.7289879846410914,-0.1975722615637502,-0.6553943238307034
-0.7316042291641527,-0.1894629004052496,-0.6548733169393579
-0.734106812049857,-0.18131143286794013,-0.6543801286816177
-0.7364949725536031,-0.17311983930278316,-0.6539148848612074
-0.7387679888861368,-0.164890117808887,-0.6534777024857882
-0.7409251787007768,-0.15662428320977348,-0.6530686897074814
-0.742965899549676,-0.14832436601340335,-0.6526879457696938
-0.7448895493085078,-0.13999241135714177,-0.6523355609602938
-0.7466955665690134,-0.1316304779388719,-0.6520116165711808
-0.7483834309988969,-0.12324063693548765,-0.651716184864282
-0.7499526636686076,-0.11482497091001789,-0.651449329043997
-0.7514028273446021,-0.10638557270865327,-0.6512111032361089
-0.7527335267487302,-0.09792454434896208,-0.6510015524731619
-0.753944408783447,-0.08944399590059544,-0.650820712686307
-0.7550351627226053,-0.08094604435979233,-0.6506686107035989
-0.7560055203676361,-0.07243281251900174,-0.6505452642547227
-0.7568552561689883,-0.06390642783294637,-0.650450681982122
-0.7575841873127434,-0.05536902128245204,-0.650384863458486
-0.7581921737723873,-0.04682272623736839,-0.6503477992105474
-0.7586791183257677,-0.03826967731990217,-0.6503394707491361
-0.7590449665373267,-0.029712009269678825,-0.6503598506054223
-0.7592897067057511,-0.0211518558118396,-0.650408902373276
-0.7594133697772364,-0.012591348529469791,-0.6504865807576602
-0.7594160292246117,-0.0040326157416403705,-0.6505928316289722
-0.7592978008926315,0.004522218611671395,-0.6507275920832327
-0.7590588428097838,0.01307103607653537,-0.6508907905080221
-0.7586993549670196,0.02161172478267024,-0.6510823466540515
-0.7582195790638566,0.030142180530491225,-0.6513021717122519
-0.7576197982223549,0.038660307866427136,-0.6515501683962573
-0.7569003366695143,0.047164021145358094,-0.6518262310301545
-0.7560615593886787,0.05565124557905497,-0.6521302456413591
-0.7551038717405877,0.0641199182695335,-0.652462090058482
-0.7540277190547436,0.07256798922626949,-0.6528216340140367
-0.7528335861918125,0.0809934223662571,-0.6532087392518382
-0.7515219970778073,0.08939419649592913,-0.6536232596389385
-0.7500935142108432,0.09776830627399635,-0.6540650412819368
-0.7485487381412812,0.10611376315430317,-0.6545339226475037
-0.7468883069261152,0.11442859630783787,-0.6550297346869524
-0.7451128955584817,0.1227108535230776,-0.6555523009646852
-0.7432232153731975,0.13095860208389185,-0.6561014377903457
-0.7412200134292616,0.13916992962427197,-0.656676954354499
-0.7391040718702733,0.14734294495919945,-0.6572786528676651
-0.7368762072637427,0.15547577889101052,-0.6579063287025255
-0.7345372699202867,0.1635665849906612,-0.6585597705391248
-0.7320881431937195,0.17161354035334336,-0.659238760512884
-0.7295297427630595,0.17961484632794794,-0.6599430743652457
-0.7268630158974885,0.18756872921991966,-0.6606724815967682
-0.7240889407053037,0.1954734409670935,-0.6614267456224882
-0.7212085253679142,0.20332725978814936,-0.6622056239293663
-0.7182228073599362,0.2111284908033695,-0.6630088682356395
-0.7151328526564441,0.218875466627428,-0.6638362246518957
-0.7119397549284361,0.22656654793398745,-0.6646874338436937
-0.7086446347275688,0.23420012399192414,-0.6655622311955494
-0.7052486386612183,0.24177461317304733,-0.6664603469761137
-0.7017529385589093,0.2492884634312213,-0.6673815065043656
-0.6981587306311576,0.25674015275284306,-0.6683254303166517
-0.6944672346217559,0.2641281895786711,-0.6692918343343992
-0.690679692954522,0.2714511131970402,-0.6702804300323373
-0.6867973698755208,0.2787074941085397,-0.671290924607063
-0.68282155059175,0.28589593436227073,-0.67232302114579
-0.6787535404072731,0.2930150678638367,-0.6733764187951221
-0.6745946638577565,0.30006356065525575,-0.6744508129296979
-0.6703462638443584,0.3070401111670252,-0.6755458953205554
-0.6660097007678903,0.31394345044259475,-0.6766613543030691
-0.6615863516641548,0.32077234233554486,-0.6777968749443166
-0.6570776093413412,0.3275255836797942,-0.678952139209737
-0.6524848815203376,0.33420200443319226,-0.6801268261289417
-0.6478095899787917,0.34080046779488055,-0.6813206119605515
-0.6430531696997319,0.34731987029683525,-0.6825331703559303
-0.6382170680255319,0.35375914187002727,-0.6837641725216932
-0.6333027438179754,0.3601172458856614,-0.6850132873808726
-0.6283116666251546,0.36639317917198067,-0.6862801817326286
-0.6232453158559024,0.3725859720071392,-0.6875645204103918
-0.6181051799624379,0.3786946880886713,-0.6888659664383388
-0.6128927556318691,0.3847184244800998,-0.6901841811860976
-0.607609546987174,0.3906563115352439,-0.6915188245215887
-0.6022570647982498,0.39650751280080443,-0.6928695549619112
-0.5968368257035908,0.4022712248978145,-0.6942360298221878
-0.591350351443128,0.40794667738256046,-0.6956179053622888
-0.5857991681027335,0.41353313258758406,-0.6970148369313564
-0.5801848053708628,0.41902988544339226,-0.6984264791100575
-0.5745087958077822,0.42443626328150486,-0.6998524858505006
-0.5687726741277955,0.4297516256194771,-0.7012925106137476
-0.56297797649486,0.43497536392854597,-0.7027462065048676
-0.5571262398319496,0.4401069013845438,-0.7042132264054749
-0.5512190011444982,0.4451456926027361,-0.7056932231037027
-0.5452577968582253,0.45009122335723434,-0.7071858494215665
-0.539244162171624,0.45494301028564094,-0.7086907583396742
-0.5331796304233571,0.45970060057957907,-0.7102076031192477
-0.5270657324747888,0.4643635716617634,-0.71173603742142
-0.520903996107847,0.4689315308502609,-0.7132757154237812
-0.5146959454383916,0.4734041150105913,-0.7148262919341447
-0.5084431003452345,0.4777809901963091,-0.7163874225015122
-0.502146975914937,0.48206185127870743,-0.7179587635242216
-0.4958090819024838,0.48624642156627623,-0.7195399723552593
-0.4894309222079134,0.4903344524145399,-0.7211307074047291
-0.4830139943689597,0.4943257228268932,-0.7227306282394654
-0.47655978906973867,0.4982200390470471,-0.7243393956797911
-0.4700697896654959,0.5020172341436837,-0.7259566718934144
-0.4635454717234066,0.5057171675879133,-0.7275821204864665
-0.4569883025794054,0.509319724824117,-0.7292154065916872
-0.4503997409110003,0.5128248168347432,-0.7308561969537618
-0.44378123632600996,0.5162323796996205,-0.7325041600118222
-0.4371342289671461,0.5195423741503349,-0.7341589659791211
-0.4304601491323469,0.522754785120209,-0.7358202869198985
-0.42376041691075034,0.525869621290406,-0.737487796823454
-0.4170364418341827,0.5288869146326715,-0.7391611716754458
-0.4102896225440249,0.5318067199492125,-0.7408400895264385
-0.40352134647330323,0.5346291144101993,-0.742524230557723
-0.39673298954384023,0.5373541970893609,-0.7442132771444322
-0.3899259158782901,0.5399820884981359,-0.7459069139159846
-0.38310147752687,0.5425129301188206,-0.7476048278138798
-0.37626101420859054,0.5449468839371495,-0.7493067081468802
-0.3694058530667779,0.5472841319747215,-0.7510122466436095
-0.3625373084386708,0.5495248758216786,-0.7527211375026032
-0.355656681638867,0.5516693361700242,-0.7544330774398447
-0.348765260756388,0.5537177523479572,-0.7561477657338249
-0.3418643204651217,0.5556703818555839,-0.7578649042681618
-0.33495512184739734,0.5575274999023546,-0.7595841975718197
-0.3280389122304395,0.5592893989465565,-0.7613053528569661
-0.3211169250354473,0.5609563882371872,-0.7630280800545084
-0.31419037963903323,0.5625287933585096,-0.7647520918473512
-0.3072604812467588,0.5640069557775843,-0.7664771037014166
-0.3003284207784955,0.5653912323950572,-0.7682028338944693
-0.2933953747653396,0.5666819950994674,-0.7699290035427898
-0.28646250525780637,0.5678796303253304,-0.7716553366257423
-0.2795309597450239,0.5689845386152332,-0.7733815600082768
-0.2726018710846514,0.5699971341861723,-0.7751074034614158
-0.265676357443238,0.5709178445003443,-0.7768325996807638
-0.258755522246745,0.5717471098405974,-0.7785568843030919
-0.2518404541409482,0.5724853828907297,-0.7802799959210384
-0.2449322269614384,0.5731331283208145,-0.7820016760959705
-0.23803189971294292,0.5736908223777206,-0.7837216693690574
-0.23114051655768378,0.5741589524809827,-0.7854397232705943
-0.2242591068124969,0.5745380168241669,-0.7871555883276282
-0.21738868495443311,0.5748285239818662,-0.7888690180699274
-0.21053025063456624,0.575030992522449,-0.7905797690343424
-0.20368478869973297,0.5751459506266758,-0.7922876007676016
-0.1968532692219346,0.5751739357122873,-0.7939922758275891
-0.1900366475351302,0.5751154940646565,-0.795693559783146
-0.18323586427915567,0.5749711804735942,-0.7973912212124439
-0.17645184545050482,0.5747415578763797,-0.7990850316999709
-0.16968550245971206,0.5744271970070864,-0.8007747658321763
-0.1629377321950801,0.5740286760522613,-0.8024602011918177
-0.15620941709249864,0.5735465803130076,-0.8041411183510495
-0.14950142521110532,0.5729815018735172,-0.8058173008633018
-0.1428146103145412,0.5723340392760832,-0.8074885352539865
-0.13614981195756065,0.5716047972026265,-0.8091546110100747
-0.12950785557775565,0.5707943861627537,-0.8108153205685846
-0.12288955259216285,0.5699034221883618,-0.8124704593040241
-0.11629570049852178,0.5689325265348006,-0.8141198255148235
-0.1097270829809604,0.5678823253885895,-0.8157632204088007
-0.10318447001988672,0.5667534495816909,-0.8174004480876976
-0.09666861800587007,0.5655465343123259,-0.8190313155308242
-0.0901802698573006,0.56426221887232,-0.8206556325778496
-0.08372015514161987,0.5629011463809587,-0.8222732119107771
-0.07728899019991983,0.5614639635253266,-0.8238838690351374
-0.07088747827471241,0.5599513203071023,-0.8254874222604395
-0.06451630964067687,0.5583638697957742,-0.8270836926799101
-0.0581761617381961,0.5567022678882405,-0.8286725041495592
-0.05186769930949824,0.5549671730747482,-0.8302536832666038
-0.04559157453722477,0.5531592462111307,-0.8318270593472844
-0.0393484271852502,0.5512791502972895,-0.833392464404104
-0.03313888474158434,0.5493275502618719,-0.8349497331225244
-0.026963562563191497,0.5473051127530857,-0.8364987028371492
-0.020823064022566548,0.5452125059355954,-0.8380392135074233
-0.01471798065591195,0.5430503992934375,-0.8395711076928805
-0.008648892312764405,0.5408194634388905,-0.8410942305279671
-0.0026163673069244174,0.5385203699272364,-0.8426084296964681
0.003379037431453483,0.5361537910773424,-0.8441135554055689
0.009336776202747761,0.5337203997979956,-0.8456094603595726
0.015256314383867637,0.5312208694199176,-0.8470959997333051
0.021137128273490745,0.5286558735333854,-0.8485730311452299
0.026978704936665664,0.5260260858313842,-0.8500404146303008
0.032780542048899984,0.5233321799582162,-0.851498012612573
0.03854214773985066,0.5205748293634868,-0.8529456898776007
0.04426304043672905,0.5177547071613907,-0.8543833135446404
0.04994274870752938,0.5148724859952176,-0.855810753038685
0.055580811104185064,0.511928837906998,-0.8572278800623506
0.06117677600575405,0.5089244342122072,-0.8586345685676339
0.06673020146172969,0.5058599453794475,-0.8600306947275659
0.07224065503557109,0.5027360409150234,-0.8614161369077779
0.07770771364854213,0.4995533892523323,-0.8627907756380013
0.08313096342394573,0.49631265764598226,-0.8641544935835193
0.08850999953183569,0.49301451207055913,-0.8655071755165887
0.09384442603428593,0.48965961712395667,-0.8668487082878509
0.0991338557312927,0.48624863593518874,-0.8681789807977475
0.1043779100073826,0.4827822300765992,-0.8694978839679578
0.10957621867899668,0.47926105948038883,-0.8708053107128757
0.11472841984271609,0.4756857823593741,-0.8721011559111385
0.11983415972439404,0.472057055131899,-0.8733853163772264
0.1248930925292539,0.4683755323508157,-0.8746576908331449
0.129904880293012,0.4646418666364535,-0.8759181798802046
0.13486919273407927,0.4608567086134962,-0.8771666859709121
0.13978570710689575,0.45702070685168666,-0.8784031133809863
0.14465410805644577,0.4531345078102786,-0.8796273681815107
0.14947408747400293,0.4491987557861584,-0.8808393582112356
0.15424534435414902,0.44521409286555785,-0.8820389930490423
0.15896758465310912,0.44118115887927856,-0.8832261839865784
0.163640521148444,0.43710059136135554,-0.884400844001078
0.16826387330013673,0.432973025511079,-0.8855628877283748
0.17283736711311048,0.4287990941583041,-0.8867122314361214
0.17736073500121083,0.42457942773197105,-0.8878487929972212
0.18183371565268408,0.42031465423176373,-0.8889724918634838
0.1862560538971825,0.41600539920283575,-0.890083249039515
0.19062750057432296,0.4116522857135296,-0.8911809870568453
0.19494781240382725,0.40725593433602164,-0.892265629948311
0.19921675185726676,0.4028169631298219,-0.8933371032226906
0.20343408703143545,0.39833598762806094,-0.8943953338396079
0.2075995915233721,0.39381362082649646,-0.8954402501847086
0.21171304430705162,0.38925047317517303,-0.8964717820451151
0.21577422961176398,0.3846471525726706,-0.8974898605851692
0.2197829368021968,0.38000426436287676,-0.8984944183224681
0.22373896026023846,0.3753224113342205,-0.8994853891041997
0.22764209926851478,0.37060219372130515,-0.9004627080837828
0.23149215789567307,0.36584420920887883,-0.9014263116978198
0.23528894488342517,0.36104905293808526,-0.9023761376433646
0.23903227353535986,0.3562173175149322,-0.9033121248555136
0.24272196160753515,0.351349593020924,-0.9042342134853235
0.24635783120085825,0.3464464670257983,-0.9051423448780594
0.24993970865526152,0.34150852460231423,-0.906036461551782
0.25346742444568066,0.33653634834303503,-0.9069165071762717
0.2569408130798418,0.3315305183790544,-0.9077824265523019
0.26035971299786176,0.32649161240061203,-0.9086341655912569
0.2637239664736666,0.321420205679549,-0.9094716712951058
0.2670334195182313,0.31631687109355106,-0.9102948917367306
0.27028792178464417,0.3111821791521324,-0.9111037760406158
0.2734873264749983,0.3060166980243104,-0.9118982743638985
0.27663149024911077,0.3008209935679253,-0.9126783378777884
0.2797202731350724,0.295595629360558,-0.9134439187493538
0.282753538441627,0.29034116673200067,-0.9141949701236821
0.28573115267238103,0.28505816479823776,-0.9149314461064137
0.2886529854418444,0.27974718049689196,-0.9156533017466544
0.2915189093932995,0.27440876862409397,-0.9163604930202687
0.2943288001184991,0.2690434818727351,-0.9170529768135535
0.29708253607919155,0.2636518708720623,-0.9177307109072995
0.29977999853047055,0.2582344842285748,-0.9183936539612374
0.3024210714459489,0.25279186856818586,-0.9190417654988752
0.3050056414447528,0.2473245685796104,-0.9196750058927254
0.3075335977203351,0.24183312705894228,-0.9202933363499274
0.31000483197110523,0.23631808495538476,-0.920896718898263
0.31241923833287094,0.23077998141809958,-0.9214851163725709
0.3147767133130918,0.2252193538441394,-0.922058492401559
0.31707715572693995,0.2196367379274311,-0.9226168113950184
0.31932046663516434,0.21403266770877521,-0.9231600385314379
0.32150654928375805,0.20840767562683168,-0.9236881397460248
0.3236353090454219,0.20276229257005826,-0.9242010817191292
0.32570665336282434,0.1970970479295724,-0.9246988318650765
0.327720491693653,0.1914124696529056,-0.9251813583214082
0.32967673545745513,0.18570908429862118,-0.9256486299385329
0.3315752979842636,0.17998741709176688,-0.926100616269788
0.333416094465007,0.1742479919801334,-0.9265372875619162
0.3351990419036984,0.1684913316912921,-0.9269586147459539
0.3369240590714031,0.16271795779038423,-0.9273645694285374
0.33859106646197973,0.15692839073863557,-0.9277551238836257
0.3401999862495956,0.15112314995257037,-0.9281302510446408
0.3417507422480114,0.14530275386389926,-0.9284899244970299
0.34324325987163407,0.13946771998005558,-0.9288341184712471
0.34467746609833655,0.1336185649453569,-0.9291628078361583
0.34605328943404234,0.12775580460276595,-0.9294759680928706
0.34737065987907323,0.12187995405622884,-0.9297735753689867
0.34862950889625977,0.11599152773356622,-0.9300556064132866
0.3498297693808127,0.11009103944989501,-0.9303220385908362
0.3509713756319555,0.10417900247155788,-0.9305728498785273
0.3520542633263174,0.09825592958053843,-0.9308080188610477
0.3530783694930867,0.09232233313933977,-0.9310275247272833
0.3540436324909249,0.08637872515630526,-0.931231347267156
0.3549499919866422,0.0804256173513595,-0.9314194668688944
0.3557973889356348,0.07446352122214871,-0.931591864516744
0.3565857655640858,0.06849294811055921,-0.9317485217891142
0.3573150653529314,0.06251440926959351,-0.9318894208571661
0.3579852330235931,0.056528415930582776,-0.9320145444838417
0.35859621452547996,0.050535479370715695,-0.9321238760233364
0.3591479570252615,0.04453611098086279,-0.9322173994210157
0.359640408897916,0.038530822333676065,-0.9322950992137793
0.3600735197195569,0.03252012525194361,-0.9323569605308729
0.3604472402620401,0.026504531877178727,-0.9324029690951497
0.36076152248935783,0.020484554738423425,-0.9324331112247833
0.36101631955582236,0.014460706821245858,-0.9324473738354344
0.3612115858060449,0.008433501636911308,-0.9324457444428724
0.36134727677671513,0.0024034532917063356,-0.9324282111660537
0.3614233492001861,-0.003628923443604535,-0.9323947627306585
0.3614397610098718,-0.009663113064210265,-0.932345388473089
0.3613964713474624,-0.0156985992615937,-0.9322800783449289
0.3612934405719653,-0.021734864853801973,-0.9321988229178682
0.36113063027057807,-0.027771391715668163,-0.932101613389093
0.36090800327140177,-0.03380766070900556,-0.9319884415871447
0.3606255236580015,-0.03984315161279644,-0.9318592999782489
0.3602831567858237,-0.04587734305339712,-0.9317141816731153
0.3598808693004781,-0.051909712434781985,-0.9315530804342126
0.359418629157894,-0.057939735868848694,-0.9313759906835201
0.35889640564635983,-0.06396688810580801,-0.9311829075107546
0.3583141694104558,-0.06999064246468154,-0.9309738266820805
0.3576718924768907,-0.07601047076393103,-0.9307487446492986
0.35696954828225225,-0.08202584325224414,-0.9305076585595214
0.35620711170268293,-0.08803622853950094,-0.9302505662653333
0.3553845590854917,-0.09404109352794648,-0.929977466335437
0.35450186828271374,-0.10003990334359576,-0.9296883580657926
0.3535590186866298,-0.10603212126789714,-0.9293832414912468
0.3525559912672581,-0.11201720866968129,-0.9290621173976551
0.3514927686118296,-0.11799462493742349,-0.9287249873345002
0.3503693349662618,-0.12396382741184758,-0.9283718536280089
0.3491856762786427,-0.1299242713189004,-0.9280027193947654
0.3479417802447375,-0.13587540970312662,-0.9276175885558285
0.3466376363555343,-0.1418166933614748,-0.927216465851349
0.3452732359468397,-0.14774757077756515,-0.9267993568556931
0.3438485722509404,-0.15366748805645186,-0.9263662679930709
0.3423636404503445,-0.15957588885991272,-0.9259172065536725
0.3408184377336161,-0.1654722143422993,-0.9254521807103129
0.3392129633533193,-0.1713559030869838,-0.9249711995355877
0.33754721868608506,-0.1772263910434363,-0.9244742730195401
0.3358212072948167,-0.18308311146497103,-0.9239614120878409
0.33403493499304815,-0.1889254948471976,-0.9234326286204814
0.3321884099114709,-0.1947529688672172,-0.9228879354709831
0.33028164256664455,-0.20056495832360285,-0.9223273464861219
0.3283146459319046,-0.20636088507720407,-0.921750876526169
0.3262874355104856,-0.21214016799281948,-0.9211585414856496
0.3242000294108713,-0.2179022228817783,-0.9205503583146171
0.32205244842438957,-0.22364646244547756,-0.9199263450404492
0.3198447161050653,-0.22937229621991784,-0.9192865207901574
0.31757685885174686,-0.23507913052128682,-0.918630905813218
0.3152489059925199,-0.24076636839263715,-0.9179595215049192
0.3128608898714245,-0.24643340955170845,-0.9172723904302257
0.3104128459374877,-0.25207965033994434,-0.91656953634816
0.3079048128360869,-0.2577044836727566,-0.9158509842367002
0.3053368325026566,-0.2633072989910898,-0.9151167603181911
0.3027089502587526,-0.2688874822143414,-0.9143668920852703
0.3000212149104855,-0.2744444156946939,-0.9136014083273047
0.29727367884933636,-0.27997747817291674,-0.912820339157337
0.29446639815536585,-0.28548604473569766,-0.9120237160395407
0.2915994327028287,-0.2909694867745646,-0.9112115718171796
0.28867284626820294,-0.2964271719464594,-0.9103839407410693
0.2856867066406451,-0.3018584641360299,-0.9095408584985389
0.28264108573487984,-0.30726272341970406,-0.9086823622428879
0.27953605970653195,-0.3126393060316147,-0.9078084906233344
0.27637170906990954,-0.3179875643314434,-0.9069192838154526
0.2731481188182436,-0.32330684677425464,-0.9060147835520916
0.2698653785463899,-0.3285964978823928,-0.9050950331547734
0.26652358257599973,-0.33385585821951635,-0.9041600775655628
0.26312283008315857,-0.3390842643668445,-0.9032099633794046
0.2596632252284999,-0.3442810489016955,-0.9022447388769201
0.25614487728979196,-0.3494455403783945,-0.9012644540576586
0.2525679007969973,-0.3545770633116337,-0.9002691606737931
0.24893241566980515,-0.3596749381623679,-0.8992589122642558
0.24523854735763098,-0.3647384813263289,-0.8982337641893019
0.24148642698208012,-0.3697670051252477,-0.8971937736654961
0.23767619148186778,-0.3747598178008719,-0.8961389998011089
0.2338079837601871,-0.379716223511869,-0.8950695036319138
0.22988195283451598,-0.38463552233370796,-0.8939853481573763
0.22589825398884908,-0.3895170102616134,-0.8928865983772203
0.22185704892834174,-0.39435997921668897,-0.8917733213283632
0.21775850593634852,-0.3991637170553051,-0.8906455861222025
0.2136028000338385,-0.403927507581855,-0.8895034639822459
0.20939011314116535,-0.4086506305649762,-0.8883470282820658
0.2051206342421694,-0.4133323617573435,-0.8871763545835669
0.20079455955058484,-0.41797197291913696,-0.8859915206755485
0.1964120926787235,-0.4225687318452922,-0.8847926066125474
0.19197344480840328,-0.42712190239664094,-0.883579694753942
0.1874788348640868,-0.43163074453505174,-0.8823528698033012
0.18292848968819256,-0.4360945143626833,-0.8811122188479582
0.178322644218537,-0.44051246416546236,-0.8798578313987899
0.17366154166786424,-0.4448838424609017,-0.8785897994301802
0.16894543370541532,-0.4492078940503747,-0.8773082174201473
0.16417458064048535,-0.45348386007596264,-0.8760131823906109
0.15934925160791424,-0.45771097808199557,-0.8747047939477757
0.1544697247554521,-0.4618884820814053,-0.8733831543226089
0.14953628743293604,-0.4660156026270131,-0.8720483684113837
0.14454923638321232,-0.47009156688787346,-0.8707005438162619
0.1395088779347321,-0.4741155987307993,-0.8693397908858927
0.13441552819574565,-0.4780869188071906,-0.8679662227559927
0.12926951325001496,-0.482004744645294,-0.8665799553898816
0.12407116935396022,-0.48586829074801785,-0.8651811076189428
0.11882084313515025,-0.4896767686964302,-0.8637698011829742
0.11351889179204339,-0.4934293872590668,-0.8623461607703999
0.10816568329487806,-0.4971253525071746,-0.8609103140583052
0.10276159658760987,-0.5007638679360217,-0.8594623917522629
0.09730702179078388,-0.5043441345923982,-0.8580025276259113
0.09180236040522718,-0.507865351208438,-0.8565308585602499
0.08624802551644023,-0.5113267143418845,-0.8550475245826097
0.0806444419995604,-0.5147274185229334,-0.8535526689052624
0.07499204672476437,-0.5180666564077729,-0.852046437963625
0.06929128876297048,-0.5213436189389483,-0.8505289814540168
0.06354262959169656,-0.5245574955126765,-0.8490004523709282
0.057746543300920786,-0.5277074741532309,-0.847461007043753
0.05190351679878867,-0.5307927416945201,-0.8459108051729405
0.04601405001700119,-0.5338124839689774,-0.8443500098655198
0.04007865611571337,-0.5367658860038815,-0.8427787876699475
0.0340978616877653,-0.5396521322252222,-0.8411973086102293
0.028072206962061086,-0.5424704066692224,-0.8396057462192643
0.02200224600590389,-0.5452198932016296,-0.8380042775713614
0.015888546926088605,-0.54789977574488,-0.8363930833138732
0.009731692068546153,-0.5505092385132425,-0.8347723476978935
0.0035322782163264496,-0.5530474662560382,-0.8331422586079636
-0.002709083214300319,-0.555513644509034,-0.8315030075907296
-0.008991765979851742,-0.5579069598541005,-0.8298547898824944
-0.015315128817985581,-0.560226600187221,-0.8281978044356046
-0.021678515258438998,-0.5624717549949317,-0.8265322539436143
-0.02808125343680443,-0.5646416156392708,-0.8248583448651605
-0.03452265591139945,-0.566735375651306,-0.8231762874464961
-0.041002019483495446,-0.5687522310333042,-0.8214862957426095
-0.04751862502117718,-0.5706913805696006,-0.8197885876368738
-0.054071737287112884,-0.5725520261462171,-0.8180833848591568
-0.06066060477052182,-0.5743333730792749,-0.8163709130023294
-0.06728445952363343,-0.5760346304522331,-0.8146514015371065
-0.0739425170029395,-0.5776550114619826,-0.8129250838251497
-0.0806339759155478,-0.5791937337738123,-0.8111921971303726
-0.08735801807095266,-0.5806500198852558,-0.809452982628372
-0.09411380823854482,-0.5820230974988192,-0.8077076854139241
-0.1009004940111893,-0.583312199903578,-0.8059565545064737
-0.10771720567520703,-0.5845165663656212,-0.8041998428535471
-0.11456305608710161,-0.5856354425273124,-0.8024378073320217
-0.12143714055737924,-0.5866680808153202,-0.800670708747183
-0.12833853674181517,-0.5876137408573662,-0.7988988118294968
-0.135266304540526,-0.5884716899076188,-0.797122385229032
-0.1422194860052117,-0.5892412032806529,-0.7953417015074601
-0.1491971052549369,-0.5899215647938814,-0.7935570371275689
-0.156198168400825,-0.5905120672183494,-0.7917686724402142
-0.16322166348004263,-0.5910120127377677,-0.7899768916686492
-0.17026656039945653,-0.5914207134156487,-0.7881819828901594
-0.17733181088934724,-0.5917374916703931,-0.7863842380149392
-0.18441634846756705,-0.5919616807581561,-0.7845839527621425
-0.19151908841453272,-0.5920926252633111,-0.782781426633046
-0.19863892775944383,-0.5921296815963086,-0.7809769628812574
-0.20577474527812012,-0.5920722184987128,-0.77917086847991
-0.2129254015028511,-0.5919196175551804,-0.7773634540857827
-0.22008973874465113,-0.5916712737121279,-0.7755550340002826
-0.22726658112831274,-0.5913265958028188,-0.7737459261272385
-0.23445473464064961,-0.5908850070785773,-0.7719364519274449
-0.24165298719231826,-0.5903459457458239,-0.7701269363699065
-0.24886010869360456,-0.5897088655086044,-0.76831770787973
-0.2560748511445584,-0.5889732361162653,-0.7665090982826142
-0.26329594873985346,-0.5881385439159106,-0.7647014427458949
-0.27052211798874654,-0.5872042924092544,-0.7628950797160967
-0.27775205785050205,-0.5861700028134643,-0.7610903508529554
-0.28498444988564153,-0.5850352146255684,-0.7592876009598691
-0.29221795842337034,-0.5837994861899829,-0.7574871779107483
-0.29945123074552354,-0.5824623952686938,-0.7556894325732278
-0.3066828972873645,-0.5810235396136069,-0.753894718728221
-0.3139115718555571,-0.5794825375405599,-0.752103392985783
-0.32113585186362326,-0.5778390285044741,-0.7503158146972717
-0.3283543185851803,-0.5760926736750953,-0.7485323458637857
-0.3355655374252436,-0.5742431565127627,-0.7467533510408684
-0.3427680582098606,-0.5722901833436196,-0.744979197239472
-0.34996041549433,-0.5702334839336636,-0.7432102538231777
-0.3571411288902374,-0.5680728120610119,-0.741446892401675
-0.36430870341152743,-0.5658079460857425,-0.7396894867205059
-0.37146162983980585,-0.5634386895166521,-0.7379384125470858
-0.37859838510905053,-0.5609648715742557,-0.7361940475530198
-0.385717432709884,-0.558386347749334,-0.7344567711927339
-0.39281722311353984,-0.5557030003563205,-0.7327269645784511
-0.39989619421563233,-0.5529147390808045,-0.7310050103515429
-0.4069527717998108,-0.5500215015204102,-0.7292912925502983
-0.4139853700213571,-0.5470232537183023,-0.727586196474151
-0.4209923919107576,-0.5439199906885506,-0.7258901085444176
-0.4279722298972483,-0.5407117369325759,-0.7242034161616014
-0.4349232663523127,-0.5373985469458952,-0.7225265075593255
-0.4418438741530696,-0.5339805057143611,-0.7208597716549604
-0.44873241726546925,-0.5304577291990978,-0.7192035978970248
-0.4555872513471757,-0.5268303648093167,-0.7175583761094338
-0.4624067243699852,-0.5230985918621927,-0.7159244963326872
-0.46918917726159676,-0.5192626220289835,-0.7143023486620852
-0.47593294456651575,-0.5153226997665605,-0.7126923230830744
-0.4826363551258386,-0.5112791027335275,-0.7110948093038258
-0.48929773277562905,-0.5071321421901006,-0.7095101965851573
-0.49591539706356325,-0.5028821633809217,-0.7079388735679178
-0.5024876639834839,-0.4985295458999866,-0.7063812280979547
-0.5090128467274654,-0.49407470403686904,-0.7048376470487954
-0.5154892564549588,-0.48951808710343186,-0.7033085161421768
-0.5219152030785443,-0.484860179740225,-0.7017942197665629
-0.5282889960657833,-0.4801015022017771,-0.7002951407937968
-0.5346089452566288,-0.47524261062000656,-0.6988116603940406
-0.5408733616958061,-0.47028409724498355,-0.697344157849156
-0.5470805584795516,-0.4652265906623004,-0.6958930103646929
-0.5532288516160471,-0.46007075598631547,-0.6944585928806484
-0.5593165608988635,-0.45481729502856566,-0.6930412778811712
-0.565342010792681,-0.44946694644065605,-0.6916414352033867
-0.5713035313305254,-0.444020485830967,-0.6902594318455226
-0.57719945902172,-0.4384787258545362,-0.6888956317745208
-0.5830281377697233,-0.4328425162755113,-0.6875503957333254
-0.588787919798984,-0.42711274400158644,-0.6862240810480352
-0.5944771665899196,-0.4212903330898807,-0.6849170414351204
-0.6000942498210873,-0.41537624472373635,-0.6836296268088982
-0.6056375523175914,-0.4093714771599621,-0.68236218308947
-0.6111054690047387,-0.40327706564607463,-0.681115052011325
-0.6164964078659309,-0.39709408230713505,-0.6798885709328099
-0.6218087909037524,-0.3908236360018152,-0.6786830726466767
-0.6270410551031943,-0.3844668721473716,-0.6774988851919165
-0.632191653395925,-0.3780249725132467,-0.6763363316670826
-0.6372590556245075,-0.37149915498306346,-0.6751957300453187
-0.6422417495054359,-0.36489067328482355,-0.6740773929912983
-0.6471382415898539,-0.3582008166891682,-0.6729816276802844
-0.6519470582207995,-0.35143090967560775,-0.6719087356195188
-0.6566667464858105,-0.34458231156667646,-0.6708590124721485
-0.6612958751637152,-0.3376564161300175,-0.6698327478838941
-0.6658330356644238,-0.33065465114845666,-0.6688302253126653
-0.6702768429605307,-0.32357847795817296,-0.6678517218613248
-0.6746259365095395,-0.3164293909551266,-0.6668975081137989
-0.6788789811655142,-0.30920891706995907,-0.6659678479747326
-0.6830346680789705,-0.30191861521163027,-0.6650629985128794
-0.687091715583818,-0.29456007568011344,-0.664183209808417
-0.69104887007018,-0.28713491954851955,-0.6633287248043709
-0.6949049068419183,-0.2796447980150769,-0.6624997791623268
-0.6986586309577092,-0.2720913917254433,-0.6616966011226075
-0.702308878054529,-0.2644764100658811,-0.6609194113690812
-0.7058545151524264,-0.25680159042787704,-0.6601684228987676
-0.7092944414394755,-0.24906869744483837,-0.6594438408963983
-0.7126275890358319,-0.2412795222015487,-0.6587458626140811
-0.715852923735833,-0.23343588141711447,-0.6580746772562174
-0.7189694457271136,-0.22553961660218136,-0.6574304658698045
-0.7219761902857409,-0.21759259319124702,-0.656813401240258
-0.7248722284463976,-0.20959669965094088,-0.6562236477928748
-0.7276566676466835,-0.20155384656518546,-0.655661361500052
-0.7303286523446386,-0.1934659656981971,-0.6551266897943697
-0.7328873646086298,-0.1853350090363221,-0.6546197714876353
-0.7353320246787852,-0.17716294780974406,-0.6541407366959808
-0.7376618914991987,-0.1689517714951342,-0.6536897067710953
-0.7398762632201791,-0.16070348680035051,-0.6532667942376637
-0.7419744776698546,-0.15242011663232338,-0.6528721027370793
-0.7439559127944988,-0.144103699049296,-0.6525057269774834
-0.7458199870669884,-0.13575628619861418,-0.6521677526901782
-0.747566159862856,-0.12737994324128527,-0.6518582565924511
-0.7491939318034507,-0.11897674726454921,-0.6515773063568391
-0.7507028450657713,-0.11054878618372309,-0.6513249605868502
-0.7520924836585943,-0.10209815763459883,-0.6511012687991536
-0.7533624736645659,-0.09362696785768787,-0.650906271412238
-0.7545124834479894,-0.08513733057561815,-0.6507399997415294
-0.7555422238280889,-0.07663136586499845,-0.650602476000953
-0.7564514482175896,-0.06811119902407078,-0.6504937133109089
-0.7572399527265041,-0.059578959437475314,-0.6504137157126297
-0.7579075762310823,-0.051036779439453894,-0.6503624781888748
-0.7584542004079223,-0.042486793176814926,-0.6503399866909076
-0.7588797497333076,-0.03393113547297901,-0.6503462181716956
-0.7591841914478851,-0.025371940694417002,-0.6503811406252644
-0.7593675354868507,-0.01681134162078191,-0.6504447131321278
-0.7594298343758706,-0.008251468320024054,-0.6505368859107078
-0.7593711830930115,0.00030555297023651505,-0.6506576003746536
-0.7591917188970062,0.008857600953823857,-0.6508067891959579
-0.7588916211222375,0.017402560378369757,-0.6509843763737649
-0.7584711109408657,0.025938323127712912,-0.6511902773087537
-0.757930451092577,0.03446278930314423,-0.6514243988829785
-0.7572699455824768,0.042973868292335425,-0.651686639545039
-0.7564899393476967,0.05146947982481709,-0.6519768894004457
-0.7555908178933267,0.05994755501290321,-0.6522950303070448
-0.7545730068983295,0.0684060373769919,-0.652640935975358
-0.753436971792129,0.07684288385420644,-0.6530144720736868
-0.7521832173026078,0.08525606578937742,-0.6534154963378319
-0.7508122869762839,0.09364356990740365,-0.6538438586852671
-0.7493247626714675,0.10200339926606959,-0.6542994013336063
-0.7477212640252383,0.1103335741884368,-0.6547819589232011
-0.746002447895106,0.11863213317396902,-0.6552913586436979
-0.7441690077762508,0.126897133787593,-0.6558274203643853
-0.7422216731952642,0.13512665352594075,-0.6563899567681569
-0.7401612090813321,0.14331879066006387,-0.6569787734889138
-0.7379884151158279,0.15147166505395512,-0.6575936692522297
-0.7357041250612997,0.1595834189582584,-0.6582344360190985
-0.7333092060708513,0.1676522177785947,-0.6589008591325836
-0.730804557978936,0.17567625081797802,-0.659592717467189
-0.72819111257459,0.18365373199284146,-0.6603097835807693
-0.7254698328581444,0.19158290052224083,-0.6610518238687957
-0.7226417122824625,0.19946202158985052,-0.6618185987207981
-0.7197077739797565,0.2072893869784114,-0.6626098626788001
-0.7166690699750373,0.21506331567633846,-0.6634253645975671
-0.7135266803872591,0.2227821544562411,-0.6642648478064859
-0.7102817126192111,0.2304442784251542,-0.6651280502729009
-0.7069353005372164,0.23804809154632386,-0.6660147047667256
-0.7034886036416858,0.24559202713243575,-0.6669245390261572
-0.6999428062295711,0.25307454831021703,-0.6678572759243198
-0.6962991165497548,0.2604941484563861,-0.6688126336366662
-0.6925587659524011,0.267849351604966,-0.6697903258089705
-0.6887230080332841,0.2751387128260187,-0.6707900617257433
-0.6847931177740939,0.2823608185758963,-0.671811546478911
-0.680770390679706,0.28951428701914383,-0.6728544811365957
-0.6766561419133867,0.296597768322228,-0.6739185629118438
-0.6724517054308847,0.3036099449192993,-0.6750034853311461
-0.6681584331143438,0.3105495317502322,-0.6761089384026042
-0.6637776939069493,0.3174152764712201,-0.6772346087835969
-0.659310872949201,0.3242059596382362,-0.6783801799478025
-0.6547593707176815,0.3309203948637004,-0.6795453323514468
-0.6501246021671662,0.33755742894672214,-0.6807297435986346
-0.6454079958768961,0.3441159419773173,-0.6819330886056434
-0.6406109932018134,0.35059484741502533,-0.6831550397640507
-0.6357350474295242,0.3569930921423743,-0.6843952671025764
-0.6307816229437404,0.36330965649366914,-0.6856534384475244
-0.6257521943949101,0.36954355425959756,-0.686929219581711
-0.6206482458787325,0.3756938326681695,-0.6882222744017763
-0.6154712701232146,0.38175957234252617,-0.6895322650737735
-0.6102227676849045,0.3877398872361702,-0.6908588521869409
-0.6049042461549052,0.39363392454618673,-0.6922016949055622
-0.599517219375245,0.3994408646050383,-0.6935604511188294
-0.5940632066661491,0.40515992075152985,-0.6949347775886211
-0.5885437320647335,0.41079033918155383,-0.6963243300951211
-0.5829603235756057,0.4163313987792313,-0.6977287635801995
-0.577314512433834,0.42178241092908036,-0.6991477322884894
-0.5716078323807161,0.42714271930984415,-0.7005808899060916
-0.5658418189527478,0.4324116996706227,-0.7020278896968476
-0.5600180087841655,0.43758875958995375,-0.7034883846361246
-0.5541379389234097,0.4426733382184937,-0.7049620275420589
-0.5482031461638233,0.447664906005953,-0.7064484712042113
-0.5422151663888791,0.4525629644129387,-0.7079473685095902
-0.5361755339321973,0.4573670456083616,-0.7094583725660035
-0.5300857809525885,0.46207671215305995,-0.7109811368227028
-0.5239474368243364,0.4666915566702942,-0.7125153151882883
-0.5177620275429017,0.47121120150376117,-0.7140605621458486
-0.5115310751462089,0.4756352983637743,-0.7156165328653098
-0.5052560971516523,0.47996352796225056,-0.7171828833129735
-0.4989386060089316,0.48419559963714115,-0.718759270358229
-0.49258010856880874,0.4883312509669333,-0.7203453518774247
-0.4861821055678506,0.492370247375848,-0.7219407868548902
-0.479746091129202,0.49631238173034503,-0.7235452354811023
-0.47327355227941686,0.500157473927545,-0.7251583592479918
-0.46676596848134516,0.5039053704761605,-0.7267798210413905
-0.4602248111830658,0.5075559440705281,-0.7284092852306226
-0.4536515433828272,0.5111090931583143,-0.7300464177552443
-0.4470476192099433,0.5145647415024625,-0.7316908862089412
-0.44041448352157625,0.5179228377379356,-0.7333423599205949
-0.4337535715153173,0.5211833549237966,-0.7350005100325322
-0.4270663083574649,0.5243462900911587,-0.7366650095759709
-0.42035410882688096,0.5274116637875207,-0.738335533543685
-0.41361837697429543,0.530379519617997,-0.7400117589599051
-0.40686050579691047,0.5332499237839297,-0.7416933649474798
-0.4000818769281492,0.5360229646193672,-0.7433800327923221
-0.3932838603423763,0.5386987521258698,-0.745071446005166
-0.3864678140744078,0.5412774175060983,-0.7467672903806635
-0.3796350839536202,0.5437591126966198,-0.7484672540538514
-0.3727870033524536,0.54614400990036,-0.7501710275540194
-0.36592489294909736,0.5484323011191076,-0.7518783038560113
-0.359050060504138,0.5506241976864686,-0.7535887784289967
-0.3521638006509401,0.5527199298016553,-0.7553021492827479
-0.3452673946995242,0.5547197460644734,-0.7570181170114552
-0.3383621104536993,0.5566239130118659,-0.7587363848351268
-0.3314492020411992,0.5584327146563521,-0.7604566586386035
-0.3245299097565711,0.5601464520266883,-0.7621786470082358
-0.31760545991655337,0.5617654427110629,-0.7639020612662584
-0.31067706472768203,0.5632900204031256,-0.7656266155029082
-0.30374592216585605,0.5647205344511366,-0.7673520266063265
-0.2968132158675905,0.5660573494105064,-0.7690780142902871
-0.2898801150326847,0.5673008445999869,-0.7708043011197974
-0.2829477743380284,0.5684514136617596,-0.7725306125346122
-0.2760173338622686,0.5695094641256552,-0.7742566768707093
-0.2690899190210558,0.5704754169777219,-0.7759822253797674
-0.26216664051259164,0.5713497062333558,-0.7777069922466943
-0.2552485942731956,0.5721327785151858,-0.7794307146052502
-0.2483368614426088,0.5728250926359,-0.7811531325518111
-0.24143250833875604,0.573427119186184,-0.7828739891573168
-0.23453658644168354,0.573939340127936,-0.7845930304774522
-0.22765013238639445,0.574362248392905,-0.7863100055611044
-0.22077416796430302,0.5746963474868951,-0.7880246664571432
-0.21390970013303084,0.5749421510996638,-0.7897367682195683
-0.2070577210342713,0.5751001827206311,-0.7914460689110728
-0.20021920801944745,0.575170975260512,-0.7931523296050619
-0.19339512368289538,0.5751550706789683,-0.7948553143861773
-0.18658641590230313,0.57505301961837,-0.7965547903493692
-0.17979401788614183,0.5748653810437485,-0.7982505275975604
-0.1730188482278264,0.5745927218890113,-0.7999422992379474
-0.1662618109663471,0.5742356167094819,-0.8016298813769804
-0.15952379565311733,0.5737946473408203,-0.8033130531140684
-0.15280567742478512,0.5732704025643711,-0.8049915965340486
-0.14610831708176128,0.5726634777789772,-0.8066652966984649
-0.13943256117221972,0.5719744746792923,-0.8083339416356974
-0.13277924208133007,0.5712040009406165,-0.8099973223299815
-0.12614917812548665,0.570352669910273,-0.8116552327093615
-0.11954317365130196,0.5694211003055359,-0.8133074696326154
-0.11296201913913789,0.5684099159181172,-0.814953832875193
-0.10640649131095097,0.5673197453252078,-0.8165941251142051
-0.09987735324223354,0.56615122160707,-0.8182281519125021
-0.09337535447783704,0.5649049820711669,-0.8198557217018814
-0.08690123115146774,0.5635816679828108,-0.8214766457654606
-0.08045570610865002,0.5621819243023093,-0.8230907382192507
-0.07403948903295761,0.5607063994285827,-0.8246978159929692
-0.06765327657531672,0.559155744949218,-0.8262976988101254
-0.0612977524861907,0.5575306153969272,-0.8278902091674146
-0.05497358775046006,0.5558316680123663,-0.8294751723134534
-0.04868144072481633,0.5540595625132746,-0.8310524162268917
-0.04242195727749345,0.5522149608698843,-0.8326217715939325
-0.03619577093016419,0.55029852708655,-0.8341830717852915
-0.030003503001834683,0.5483109269895458,-0.8357361528326294
-0.023845762754574253,0.5462528280209704,-0.8372808534044862
-0.017723147540922336,0.5441248990387035,-0.8388170147817481
-0.01163624295281913,0.541927810122348,-0.8403444808326757
-0.005585622971910929,0.5396622323850958,-0.8418630979875236
0.00042814987891432203,0.5373288377914484,-0.8433727152127775
0.006404524382901275,0.5349282989807251,-0.8448731839850385
0.012342960475846921,0.5324612890962865,-0.846364358264579
0.018242929091697065,0.5299284816204003,-0.8478460944685966
0.024103912007446618,0.5273305502146775,-0.8493182514441939
0.029925401687466456,0.5246681685660001,-0.850780690441105
0.03570690112737552,0.521942010237867,-0.8522332750841957
0.041447923697572664,0.5191527485270769,-0.8536758713457596
0.04714799298653886,0.516301056325671,-0.8551083475176334
0.052806642644016265,0.5133876059880547,-0.8565305741831526
0.058423416224166864,0.5104130692032186,-0.857942424188971
0.06399786702880958,0.5073781168719763,-0.8593437726167625
0.06952955795083104,0.5042834189891385,-0.860734496754828
0.07501806131786132,0.5011296445305394,-0.8621144760696255
0.08046295873630296,0.49791746134483483,-0.8634835921772428
0.08586384093579716,0.494647536049988,-0.8648417288148325
0.09122030761420853,0.49132053393436,-0.8661887718120251
0.09653196728320607,0.48793711886232327,-0.867524609062342
0.10179843711451415,0.4844979531843135,-0.8688491304946176
0.10701934278690575,0.48100369765123907,-0.8701622280444574
0.11219431833400488,0.47745501133316365,-0.8714637956257371
0.11732300599296425,0.4738525515421813,-0.8727537291021673
0.12240505605407946,0.470196973759401,-0.8740319262589319
0.12744012671139973,0.46648893156595994,-0.8752982867744182
0.13242788391439092,0.46272907657798407,-0.8765527121920523
0.13736800122070517,0.45891805838541594,-0.8777951058922511
0.14226015965010796,0.45505652449462947,-0.8790253730645063
0.14710404753961126,0.4511451202747518,-0.8802434206796116
0.15189936039985866,0.4471844889076159,-0.8814491574620446
0.15664580077280685,0.4431752713412635,-0.8826424938625173
0.1613430780907435,0.4391181062469224,-0.883823342030703
0.1659909085366824,0.4350136299793828,-0.884991615788154
0.17058901490617123,0.430862476540695,-0.8861472306014173
0.1751371264705478,0.42666527754711614,-0.8872901035553602
0.17963497884167698,0.4224226621992312,-0.8884201533267153
0.18408231383819967,0.41813525725517536,-0.8895373001578534
0.18847887935332208,0.4138036870068863,-0.8906414658307926
0.19282442922417342,0.40942857325931636,-0.8917325736414548
0.1971187231027566,0.4050105353125329,-0.8928105483741746
0.20136152632851564,0.40055018994664,-0.8938753162764712
0.20555260980254245,0.3960481514094527,-0.8949268050340873
0.20969174986344294,0.3915050314068568,-0.8959649437463073
0.2137787281648817,0.38692143909578935,-0.8969896629015572
0.2178133315548228,0.38229798107977475,-0.8980008943532946
0.22179535195648306,0.3776352614069531,-0.8989985712961963
0.2257245862510118,0.37293388157053736,-0.8999826282426466
0.22960083616191285,0.36819444051164,-0.9009530009995366
0.23342390814121824,0.36341753462440646,-0.9019096266453743
0.23719361325742752,0.35860375776339753,-0.9028524435077178
0.24090976708522127,0.35375370125316263,-0.9037813911409288
0.24457218959695906,0.348867953899946,-0.9046964103042603
0.2481807050559687,0.3439471020054702,-0.9055974429402731
0.2517351419116355,0.3389917293827426,-0.9064844321535954
0.255235332696297,0.3340024173738302,-0.9073573221900226
0.2586811139239483,0.32897974486954984,-0.9082160584159648
0.26207232599076474,0.3239242883310236,-0.9090605872982451
0.26540881307744196,0.31883662181304634,-0.9098908563842524
0.26869042305336194,0.3137173169892176,-0.9107068142824518
0.2719170073825824,0.30856694317878924,-0.9115084106432582
0.27508842103165554,0.3033860673751792,-0.9122955961402718
0.2782045223792748,0.2981752542761079,-0.9130683224518843
0.2812651731277521,0.29293506631530836,-0.913826542243254
0.28427023821632613,0.28766606369576864,-0.9145702091486554
0.28721958573629935,0.2823688044244605,-0.915299277754205
0.2901130868480062,0.27704384434851254,-0.9160137035809662
0.29295061569961,0.2716917371927867,-0.9167134430684353
0.29573204934772696,0.2663130345988157,-0.9173984535584108
0.2984572676798771,0.26090828616506356,-0.9180686932792511
0.3011261533387591,0.2554780394884682,-0.9187241213305173
0.30373859164834693,0.2500228402072294,-0.9193646976680088
0.3062944705418077,0.2445432320448042,-0.9199903830891902
0.3087936804912351,0.2390397568550732,-0.920601139219013
0.3112361144391994,0.23351295466864286,-0.9211969284961332
0.3136216677321076,0.22796336374024784,-0.9217777141595273
0.3159502380553737,0.22239152059722048,-0.9223434602355074
0.31822172537039445,0.2167979600889934,-0.9228941315251391
0.320436031853328,0.2111832154376031,-0.9234296935920613
0.3225930618356723,0.20554781828916252,-0.9239501127507111
0.3246927217466405,0.19989229876627135,-0.9244553560549555
0.3267349200573286,0.19421718552133446,-0.9249453912871305
0.3287195672266754,0.18852300579075734,-0.9254201869474891
0.3306465756492079,0.18281028544999084,-0.9258797122440612
0.3325158596045728,0.17707954906939605,-0.9263239370829254
0.3343273352088484,0.17133131997090098,-0.9267528320588933
0.3360809203676357,0.165566120285423,-0.9271663684466105
0.33777653473092595,0.15978447101102888,-0.9275645181920735
0.33941409964974134,0.15398689207180738,-0.9279472539045639
0.3409935381345477,0.14817390237742795,-0.9283145488490027
0.3425147748154361,0.14234601988336054,-0.9286663769387246
0.3439777359040717,0.13650376165173198,-0.9290027127286745
0.3453823491574087,0.13064764391279435,-0.9293235314090275
0.3467285438431686,0.12477818212698162,-0.9296288087992335
0.3480162507070824,0.11889589104753108,-0.9299185213424878
0.3492454019418936,0.11300128478364628,-0.9301926461006294
0.3504159311581224,0.10709487686417912,-0.9304511607494681
0.3515277733565919,0.10117718030180832,-0.9306940435745422
0.35258086490271234,0.09524870765769226,-0.9309212734673082
0.3535751435025281,0.08930997110657447,-0.9311328299217624
0.3545105481805243,0.08336148250232005,-0.9313286930314988
0.3553870192591955,0.0774037534438619,-0.9315088434872029
0.3562044983403775,0.07143729534153537,-0.9316732625745822
0.3569629282883424,0.0654626194837807,-0.9318219321727373
0.35766225321466055,0.05948023710419211,-0.931954834752973
0.3583024184648293,0.053490659448893425,-0.9320719533780517
0.35888337060667314,0.04749439784421916,-0.9321732717018915
0.3594050574205163,0.04149196376468105,-0.9322587739697095
0.3598674278911323,0.03548386890119948,-0.9323284450186121
0.36027043220147226,0.02947062522957956,-0.9323822702786353
0.3606140217281781,0.023452745079211478,-0.9324202357742343
0.3608981490388831,0.01743074120197484,-0.9324423281262267
0.3611227678913053,0.011405126841326682,-0.9324485345541896
0.36128783323413854,0.005376415801552676,-0.9324388428793119
0.3613933012097468,-0.0006548774828389627,-0.9324132415277058
0.3614391291586671,-0.006688237877601458,-0.9323717195341765
0.36142527562592835,-0.01272314947913215,-0.9323142665464546
0.3613517003691909,-0.01875909554477477,-0.9322408728298908
0.36121836436871596,-0.02479555842306244,-0.9321515292726167
0.36102522983917046,-0.03083201948392278,-0.9320462273911725
0.3607722602432758,-0.036867959048866604,-0.9319249593366031
0.36045942030730915,-0.04290285632118224,-0.9317877179010264
0.3600866760384647,-0.04893618931615749,-0.9316344965246741
0.3596539947440852,-0.054967434791351834,-0.9314652893034072
0.3591613450527714,-0.060996068176941635,-0.9312800909967086
0.3586086969373807,-0.06702156350616173,-0.9310788970361553
0.35799602173992345,-0.07304339334586686,-0.93086170353437
0.3573232921983693,-0.0790610287272373,-0.9306285072944575
0.3565904824753718,-0.08507393907665299,-0.9303793058199239
0.3557975681889246,-0.09108159214676138,-0.9301140973250855
0.3549445264449595,-0.09708345394776467,-0.9298328807459627
0.3540313358718981,-0.10307898867895231,-0.9295356557516682
0.35305797665716987,-0.10906765866050587,-0.9292224227562854
0.352024430585708,-0.11504892426560337,-0.9288931829312429
0.3509306810804367,-0.12102224385285115,-0.9285479382181848
0.3497767132447617,-0.12698707369907206,-0.9281866913423389
0.3485625139070791,-0.13294286793247914,-0.9278094458263856
0.3472880716673137,-0.13888907846626522,-0.9274162060048285
0.345953376945502,-0.1448251549326391,-0.927006977038868
0.34455842203243453,-0.15075054461734008,-0.9265817649317809
0.34310320114236903,-0.15666469239466335,-0.9261405765448054
0.341587710467832,-0.16256704066302954,-0.9256834196135358
0.34001194823652087,-0.16845702928113335,-0.925210302764826
0.3383759147703222,-0.17433409550470497,-0.9247212355342037
0.3366796125464612,-0.18019767392392236,-0.924216228383798
0.33492304626079694,-0.18604719640150996,-0.9236952927207793
0.33310622289327846,-0.1918820920115629,-0.923158440916314
0.33122915177557644,-0.19770178697913546,-0.9226056863250349
0.32929184466090666,-0.20350570462063447,-0.9220370433050271
0.3272943157960585,-0.20929326528505837,-0.9214525272383316
0.32523658199564554,-0.2150638862961255,-0.9208521545519656
0.3231186627185923,-0.22081698189533439,-0.9202359427394609
0.320940580146872,-0.22655196318600151,-0.9196039103829202
0.31870235926651,-0.23226823807832248,-0.9189560771755918
0.3164040279508689,-0.23796521123550404,-0.9182924639449611
0.31404561704622797,-0.24364228402101615,-0.9176130926763614
0.3116271604596725,-0.24929885444701333,-0.9169179865370994
0.30914869524930666,-0.25493431712397735,-0.9162071699010997
0.30661026171680306,-0.2605480632116341,-0.9154806683740624
0.3040119035023036,-0.26613948037119844,-0.9147385088191349
0.30135366768168315,-0.2717079527190033,-0.9139807193830982
0.2986356048661893,-0.27725286078156924,-0.9132073295230614
0.29585776930447016,-0.2827735814521748,-0.9124183700336668
0.29302021898700215,-0.2882694879489864,-0.9116138730748006
0.2901230157529267,-0.29373994977480966,-0.9107938721998077
0.2871662253993093,-0.2991843326785267,-0.9099584023842067
0.28414991779282706,-0.304601998618283,-0.9091075000549039
0.28107416698389637,-0.30999230572649167,-0.9082412031198993
0.2779390513232464,-0.315354608276722,-0.9073595509984832
0.2747446535809471,-0.320688256652544,-0.906462584651919
0.2714910610678969,-0.32599259731839925,-0.9055503466146052
0.2681783657597752,-0.3312669727925716,-0.9046228810257133
0.2648066644234649,-0.3365107216223345,-0.9036802336612959
0.26137605874594527,-0.34172317836134875,-0.9027224519668569
0.2578866554656596,-0.34690367354939283,-0.90174958509038
0.25433856650635595,-0.35205153369450376,-0.9007616839158067
0.2507319091134013,-0.3571660812576119,-0.8997588010969552
0.2470668059925644,-0.36224663463975376,-0.8987409910918748
0.2433433854512663,-0.36729250817194875,-0.8977083101976251
0.23956178154228983,-0.37230301210782685,-0.896660816585471
0.23572213420994215,-0.37727745261909823,-0.8955985703364842
0.231824589438661,-0.38221513179395467,-0.89452163347754
0.22786929940405234,-0.38711534763849753,-0.8934300700176996
0.2238564226263476,-0.39197739408128646,-0.8923239459849646
0.21978612412626364,-0.3968005609811054,-0.8912033294633916
0.2156585755832491,-0.401584134138046,-0.890068290630556
0.21147395549609627,-0.4063273953080074,-0.8889189017953469
0.20723244934589674,-0.411029622220716,-0.887755237436083
0.20293424976131558,-0.4156900886013686,-0.8865773742389315
0.19857955668615684,-0.42030806419600436,-0.8853853911366151
0.1941685775491893,-0.42488281480071416,-0.884179369347389
0.18970152743620025,-0.42941360229479536,-0.8829593924142718
0.18517862926424053,-0.4338996846779637,-0.8817255462445107
0.18060011395802136,-0.4383403161117346,-0.8804779191492621
0.17596622062842085,-0.4427347469650868,-0.8792166018834667
0.17127719675305392,-0.44708222386452573,-0.8779416876858996
0.1665332983588559,-0.4513819897486614,-0.8766532723193701
0.1617347902066275,-0.45563328392742086,-0.8753514541110516
0.1568819459774834,-0.4598353421460138,-0.8740363339929161
0.15197504846114415,-0.4639873966537719,-0.8727080155422478
0.14701438974600686,-0.4680886762779858,-0.8713666050222101
0.14200027141092467,-0.47213840650285915,-0.8700122114224402
0.13693300471862294,-0.47613580955370804,-0.8686449464996414
0.13181291081067353,-0.48008010448652744,-0.8672649248181449
0.12664032090394528,-0.4839705072830518,-0.8658722637904112
0.12141557648844346,-0.48780623095143555,-0.8644670837174391
0.11613902952644622,-0.4915864856326809,-0.86304950782905
0.11081104265284125,-0.4953104787129398,-0.8616196623240145
0.10543198937656044,-0.49897741494181713,-0.860177676409986
0.1000022542830051,-0.5025864965568038,-0.858723682343206
0.09452223323734893,-0.5061369234139657,-0.857257815467943
0.0889923335886006,-0.5096278931250182,-0.855780214255629
0.08341297437430122,-0.5130586012009108,-0.8542910203436515
0.0777845865257275,-0.5164282412020486,-0.8527903785737622
0.07210761307346397,-0.5197360048952782,-0.8512784370300608
0.06638250935320271,-0.5229810824177604,-0.8497553470765099
0.06060974321162193,-0.5261626624478547,-0.8482212633939367
0.05478979521218908,-0.5292799323831361,-0.8466763440164781
0.04892315884072704,-0.5323320785256654,-0.8451207503674194
0.043010340710575856,-0.5353182862746336,-0.8435546472943822
0.037051860767175544,-0.5382377403264923,-0.8419782031038104
0.031048252491888518,-0.5410896248826876,-0.8403915895947034
0.025000063104873686,-0.543873123865109,-0.838794982091548
0.018907853766816855,-0.5465874211393579,-0.8371885594763937
0.0127721997793152,-0.5492317007459464,-0.8355725042200182
0.00659369078370631,-0.5518051471395231,-0.8339470024121306
0.00037293095812504734,-0.5543069454362248,-0.8323122437905516
-0.005889460787435709,-0.5567362816692505,-0.8306684217693184
-0.01219285061829196,-0.5590923430527418,-0.8290157334656534
-0.018536589584701797,-0.5613743182540575,-0.827354379725738
-0.0249200134342112,-0.5635813976745188,-0.8256845651492309
-0.03134244242696602,-0.5657127737387002,-0.8240064981124716
-0.03780318115425134,-0.56776764119233,-0.822320390790303
-0.044301518360526565,-0.569745197408865,-0.8206264591764547
-0.050836726769232385,-0.5716446427047895,-0.8189249231024197
-0.05740806291265281,-0.5734651806636885,-0.8172160062547602
-0.06401476696612284,-0.57520601846913,-0.8154999361907787
-0.07065606258687962,-0.5768663672463924,-0.8137769443524863
-0.07733115675786241,-0.578445442413054,-0.8120472660788024
-0.08403923963677269,-0.579942464038462,-0.8103111406159184
-0.09077948441071419,-0.5813566572120825,-0.8085688111257558
-0.0975510471567378,-0.5826872524207278,-0.8068205246924542
-0.10435306670862396,-0.5839334859346417,-0.8050665323268152
-0.11118466453024133,-0.5850946002024192,-0.8033070889686391
-0.11804494459582598,-0.5861698442547202,-0.8015424534868789
-0.1249329932775325,-0.587158474116728,-0.7997728886775495
-0.13184787924061303,-0.5880597532292892,-0.797998661259316
-0.13878865334658588,-0.5888729528786628,-0.7962200418666975
-0.14575434856476094,-0.5895973526347881,-0.7944373050408141
-0.15274397989249294,-0.5902322407979698,-0.7926507292176102
-0.15975654428453878,-0.5907769148538666,-0.7908605967134851
-0.16679102059189796,-0.591230681936651,-0.7890671937082644
-0.1738463695105206,-0.5915928593001969,-0.7872708102254453
-0.1809215335402678,-0.5918627747971317,-0.7854717401096476
-0.18801543695451448,-0.5920397673655797,-0.7836702810012087
-0.19512698578078466,-0.5921231875234015,-0.7818667343078566
-0.20225506779281205,-0.5921123978697201,-0.7800614051733975
-0.20939855251441847,-0.592006773593508,-0.7782546024433594
-0.21655629123560444,-0.5918057029889906,-0.7764466386275278
-0.22372711704124437,-0.5915085879776026,-0.7746378298593196
-0.23090984485277852,-0.5911148446362195,-0.7728284958519348
-0.23810327148329233,-0.5906239037313629,-0.7710189598512346
-0.24530617570637067,-0.5900352112590631,-0.7692095485852916
-0.2525173183391117,-0.5893482289900426,-0.7674005922105639
-0.25973544233968043,-0.588562435019862,-0.7655924242546431
-0.26695927291977856,-0.5876773243236557,-0.7637853815555334
-0.2741875176723997,-0.5866924093150595,-0.76197980419742
-0.28141886671523236,-0.5856072204089148,-0.7601760354428829
-0.2886519928500693,-0.584421306587316,-0.7583744216615287
-0.29588555173856723,-0.5831342359685423,-0.7565753122549984
-0.3031181820946965,-0.5817455963784007,-0.7547790595783281
-0.31034850589420815,-0.5802549959234841,-0.7529860188576347
-0.31757512860143333,-0.5786620635658267,-0.7511965481041045
-0.3247966394137193,-0.5769664496984251,-0.7494110080242677
-0.3320116115237926,-0.5751678267210647,-0.7476297619265444
-0.3392186024003235,-0.5732658896158799,-0.7458531756240534
-0.3464161540869525,-0.5712603565220531,-0.7440816173336778
-0.3536027935200218,-0.5691509693090385,-0.7423154575713878
-0.36077703286523755,-0.5669374941476802,-0.7405550690438251
-0.36793736987346887,-0.5646197220785727,-0.7388008265361575
-0.37508228825586987,-0.5621974695769998,-0.7370531067962194
-0.3822102580784905,-0.5596705791137627,-0.7353122884149558
-0.38931973617652077,-0.5570389197112026,-0.733578751703197
-0.39640916658828435,-0.5543023874936941,-0.7318528785647923
-0.40347698100908275,-0.5514609062318838,-0.7301350523661398
-0.41052159926495574,-0.5485144278799259,-0.728425657802154
-0.4175414298064038,-0.5454629331049553,-0.7267250807587166
-0.4245348702220889,-0.5423064318080288,-0.7250337081716671
-0.4315003077725017,-0.5390449636357513,-0.7233519278823883
-0.4384361199435526,-0.5356785984817944,-0.7216801284900557
-0.4453406750200163,-0.5322074369775063,-0.7200186992006181
-0.45221233267872574,-0.5286316109708029,-0.7183680296725901
-0.45904944460138125,-0.524951283992527,-0.7167285098597381
-0.46585035510680595,-0.5211666517094518,-0.7151005298507489
-0.4726134018024468,-0.5172779423631063,-0.713484479705978
-0.47933691625488534,-0.513285417193596,-0.7118807492913778
-0.48601922467908676,-0.5091893708475904,-0.7102897281097161
-0.4926586486460824,-0.5049901317696538,-0.7087118051291962
-0.49925350580874184,-0.5006880625760916,-0.7071473686095993
-0.5058021106452579,-0.49628356041049754,-0.7055968059260773
-0.5123027752199281,-0.49177705728018445,-0.7040605033907258
-0.5187538099607807,-0.4871690203726955,-0.702538846072075
-0.525153524453557,-0.48245995235159866,-0.7010322176126432
-0.531500228251522,-0.4776503916307809,-0.6995410000447021
-0.5377922317005392,-0.4727409126264695,-0.6980655736044045
-0.5440278467788131,-0.46773212598622715,-0.69660631654444
-0.5502053879506534,-0.4626246787941784,-0.6951636049453787
-0.556323173033597,-0.45741925475175127,-0.6937378125258727
-0.5623795240781677,-0.4521165743332334,-0.6923293104518944
-0.5683727682595335,-0.4467173949154671,-0.6909384671451816
-0.5743012387802786,-0.4412225108810344,-0.6895656480910812
-0.5801632757834725,-0.4356327536943053,-0.6882112156459725
-0.5859572272751912,-0.429948991949756,-0.6868755288444616
-0.5916814500556041,-0.42417213139199267,-0.6855589432065429
-0.5973343106577181,-0.41830311490694705,-0.6842618105449215
-0.6029141862928317,-0.412342922483748,-0.6829844787726985
-0.6084194658017281,-0.40629257114680506,-0.6817272917116186
-0.6138485506106076,-0.40015311485768257,-0.6804905889010888
-0.6191998556907315,-0.39392564438637756,-0.6792747054081689
-0.6244718105207272,-0.38761128715165866,-0.6780799716387438
-0.6296628600504791,-0.38121120703016576,-0.6769067131500875
-0.6347714656655127,-0.37472660413401243,-0.6757552504650246
-0.6397961061507534,-0.36815871455667853,-0.6746258988879007
-0.6447352786525324,-0.361508810087031,-0.673518968322571
-0.6495874996376878,-0.3547781978913521,-0.6724347630926153
-0.654351305848604,-0.34796822016330836,-0.6713735817639881
-0.6590252552530164,-0.34108025374184114,-0.6703357169703089
-0.6636079279874014,-0.3341157096970112,-0.6693214552410003
-0.6680979272927652,-0.32707603288387893,-0.6683310768324745
-0.6724938804416395,-0.3199627014645575,-0.667364855562569
-0.6767944396550951,-0.3127772263986254,-0.6664230586484303
-0.6809982830085781,-0.3055211509021382,-0.6655059465480391
-0.6851041153253844,-0.29819604987553466,-0.6646137728055672
-0.6891106690565871,-0.29080352930078074,-0.663746783900753
-0.6930167051462474,-0.2833452256081538,-0.6629052191024777
-0.6968210138807419,-0.27582280501311673,-0.6620893103267196
-0.700522415721063,-0.26823796282378765,-0.6612992819990587
-0.7041197621169538,-0.2605924227195601,-0.6605353509218976
-0.7076119363017692,-0.2528879360014832,-0.6597977261465598
-0.7109978540669667,-0.24512628081505702,-0.6590866088504198
-0.7142764645151607,-0.23730926134615374,-0.658402192219213
-0.7174467507906953,-0.2294387069908175,-0.657744661334667
-0.7205077307867248,-0.221516471499748,-0.6571141930675868
-0.7234584578278156,-0.2135444320983158,-0.656510955976522
-0.7262980213271204,-0.20552448858300376,-0.6559351102121344
-0.7290255474172127,-0.1974585623952101,-0.6553868074273774
-0.7316401995537025,-0.18934859567339107,-0.6548661906935899
-0.734141179090795,-0.1811965502845591,-0.6543733944225977
-0.7365277258279997,-0.17300440683619203,-0.653908544294913
-0.7387991185272349,-0.16477416366964107,-0.6534717571941049
-0.740954675399621,-0.15650783583616087,-0.6530631411474113
-0.7429937545613038,-0.14820745405671526,-0.652682795272653
-0.7449157544576916,-0.13987506366673919,-0.6523308097314997
-0.7467201142555473,-0.13151272354706672,-0.6520072656891297
-0.7484063142024209,-0.123122505042255,-0.6517122352803169
-0.7499738759529639,-0.11470649086755763,-0.6514457815819665
-0.7514223628617164,-0.1062667740058187,-0.6512079585921162
-0.7527513802420156,-0.09780545659557423,-0.6509988112154061
-0.7539605755907249,-0.08932464881166088,-0.6508183752550138
-0.7550496387785415,-0.0808264677396432,-0.6506666774110431
-0.7560183022056886,-0.07231303624537677,-0.6505437352853405
-0.7568663409228664,-0.06378648184103103,-0.6504495573927123
-0.7575935727173777,-0.05524893554889692,-0.6503841431785014
-0.7581998581644084,-0.046702530764304216,-0.6503474830424734
-0.7586851006434969,-0.038149402118969965,-0.6503395583689586
-0.7590492463202796,-0.02959168434609372,-0.6503603415631806
-0.759292284093656,-0.021031511148506602,-0.6504097960937005
-0.7594142455085707,-0.012471014071169594,-0.6504878765408968
-0.7594152046346614,-0.003912321379303148,-0.6505945286513871
-0.7592952779110761,0.004642443056586562,-0.6507296893983002
-0.759054623957814,0.013191160867538038,-0.6508932870472919
-0.7586934433539939,0.021731720283596066,-0.6510852412281941
-0.7582119783835006,0.03026201722070258,-0.6513054630121814
-0.757610512748515,0.038779956355840604,-0.6515538549943292
-0.7568893712514699,0.04728345218928284,-0.651830311381435
-0.7560489194460245,0.05577043009282654,-0.6521347180849676
-0.7550895632576925,0.06423882734292785,-0.6524669528190014
-0.7540117485747982,0.07268659413768289,-0.6528268852029908
-0.7528159608104753,0.08111169459663783,-0.6532143768692349
-0.7515027244364576,0.08951210774244725,-0.6536292815748742
-0.7500726024894563,0.09788582846343873,-0.6540714453182623
-0.7485261960509344,0.10623086845618139,-0.6545407064595476
-0.746864143701139,0.11454525714719717,-0.6550368958453004
-0.7450871209482659,0.12282704259299554,-0.6555598369370128
-0.7431958396336686,0.13107429235765625,-0.656109345943301
-0.7411910473140424,0.139285094367228,-0.6566852319556346
-0.7390735266215388,0.14745755774025662,-0.6572872970874157
-0.7368440946027865,0.15558981359380084,-0.6579153366162294
-0.7345036020378122,0.1636800158243405,-0.6585691391290843
-0.7320529327398686,0.17172634186302835,-0.6592484866704663
-0.7294930028371963,0.17972699340478224,-0.6599531548930181
-0.7268247600377489,0.18768019711076264,-0.6606829132106673
-0.7240491828779283,0.19558420528382683,-0.6614375249540189
-0.7211672799563789,0.20343729651659606,-0.6622167475278291
-0.7181800891538938,0.21123777631182172,-0.6630203325703835
-0.7150886768404939,0.2189839776747799,-0.6638480261145945
-0.7118941370707347,0.22667426167747004,-0.6646995687506408
-0.7085975907682982,0.234307017994441,-0.6655746957899737
-0.7052001849009244,0.24188066541010808,-0.6664731374305086
-0.7017030916467276,0.24939365229747287,-0.6673946189228317
-0.6981075075529394,0.2568444570681984,-0.6683388607372499
-0.6944146526881093,0.264231588594035,-0.6693055787315129
-0.6906257697887825,0.2715535865996332,-0.6702944843190396
-0.6867421234016649,0.27880902202682206,-0.6713052846374887
-0.6827649990222668,0.28599649737046756,-0.6723376827175078
-0.6786957022310068,0.29311464698606665,-0.6733913776515069
-0.6745355578277327,0.30016213736926756,-0.6744660647622998
-0.6702859089656085,0.3071376674075433,-0.6755614357714637
-0.6659481162852858,0.3140399686042799,-0.6766771789672698
-0.6615235570502648,0.32086780527557296,-0.6778129793720404
-0.657013624284325,0.3276199747200583,-0.6789685189087962
-0.6524197259118837,0.33429530736213336,-0.6801434765670545
-0.6477432839021163,0.34089266686895253,-0.681337528567652
-0.6429857334176464,0.3474109502416096,-0.682550348526461
-0.638148521968591,0.3538490878809445,-0.6837816076168812
-0.633233108572717,0.3602060436284356,-0.685030974730985
-0.6282409629224396,0.36648081478266364,-0.6862981166392058
-0.6231735645593669,0.37267243209185247,-0.68758269814846
-0.618032402057064,0.3787799597230126,-0.6888843822585969
-0.6128189722126851,0.384802495208232,-0.6902028303170792
-0.607534779248093,0.3907391693686752,-0.6915377021717968
-0.6021813340210527,0.3965891462168664,-0.6928886563219248
-0.5967601532470636,0.40235162283784826,-0.6942553500667398
-0.5912727587323588,0.40802582924981745,-0.6956374396523126
-0.5857206766185774,0.41361102824485235,-0.697034580416002
-0.5801054366395808,0.41910651521035597,-0.6984464269286751
-0.5744285713908596,0.42451161793184455,-0.6998726331345896
-0.5686916156119464,0.42982569637772333,-0.7013128524888728
-0.5628961054822221,0.4350481424666913,-0.70276673809254
-0.5570435779304751,0.44017837981842545,-0.7042339428249967
-0.5511355699585444,0.4452158634881968,-0.7057141194739763
-0.5451736179793505,0.45016007968607125,-0.7072069208628654
-0.5391592571695898,0.455010545481351,-0.7087119999753777
-0.5330940208373431,0.45976680849291146,-0.7102290100775362
-0.5269794398048213,0.4644284465660869,-0.7117576048369335
-0.5208170418064442,0.4689950674367561,-0.7132974384392371
-0.5146083509024283,0.4734663083832761,-0.7148481657019174
-0.5083548869080273,0.47784183586690687,-0.7164094421851732
-0.5020581648385521,0.4821213451613675,-0.7179809243000395
-0.4957196943702695,0.48630455997215366,-0.71956226941366
-0.48934097931725634,0.49039123204624546,-0.7211531359517159
-0.4829235171242666,0.49438114077282075,-0.7227531834979994
-0.4764687983756442,0.49827409277558693,-0.7243620728911305
-0.4699783063202962,0.5020699214973315,-0.7259794663184141
-0.46345351641271804,0.5057684867772814,-0.727605027406838
-0.456895895870049,0.5093696744218568,-0.7292384213112176
-0.4503069032451097,0.5128733957693871,-0.7308793147994936
-0.443687988015363,0.5162795872493499,-0.732527376335192
-0.43704059018771935,0.5195882099366838,-0.7341822761570609
-0.43036613991908934,0.522799249101708,-0.7358436863558953
-0.423666057152577,0.525912713756177,-0.7375112809485715
-0.4169417512691856,0.5289286361959779,-0.7391847359493077
-0.41019462075489865,0.5318470715409727,-0.7408637294381717
-0.4034260528829836,0.5346680972724703,-0.7425479416268638
-0.3966374234113534,0.537391812768799,-0.744237054921795
-0.38983009629480936,0.5400183388394386,-0.7459307539844922
-0.38300542341197824,0.5425478172581599,-0.747628725789357
-0.3761647443067452,0.5449804102955981,-0.7493306596788115
-0.36930938594397444,0.5473163002516807,-0.7510362474158598
-0.3624406624793034,0.5495556889883126,-0.7527451832341039
-0.3555598750427816,0.5516987974627059,-0.754457163885244
-0.34866831153612554,0.5537458652617309,-0.7561718886841036
-0.34176724644334755,0.5556971501376501,-0.7578890595512158
-0.3348579406545133,0.5575529275455808,-0.7596083810530074
-0.3279416413023758,0.5593134901830205,-0.7613295604396247
-0.32101958161162936,0.5609791475317544,-0.7630523076804373
-0.3140929807605206,0.5625502254024514,-0.7647763354972633
-0.30716304375455233,0.56402706548224,-0.7665013593953582
-0.3002309613120088,0.5654100248855433,-0.7682270976922101
-0.29329790976103104,0.5666994757084388,-0.7699532715441832
-0.28636505094796727,0.5678958045867959,-0.7716796049710554
-0.27943353215672007,0.5689994122584291,-0.7734058248784926
-0.2725044860388124,0.5700107131294972,-0.7751316610785067
-0.2655790305538923,0.5709301348453586,-0.7768568463079382
-0.25865826892039573,0.5717581178660889,-0.778581116245014
-0.25174328957608466,0.5724951150468488,-0.7803042095240209
-0.2448351661481825,0.5731415912232816,-0.7820258677481434
-0.23793495743282272,0.5736980228021076,-0.7837458355005107
-0.23104370738353336,0.5741648973570702,-0.7854638603534967
-0.2241624451084768,0.5745427132303808,-0.7871796928763227
-0.21729218487616841,0.5748319791397927,-0.7888930866410038
-0.21043392612939746,0.5750332137914329,-0.7906037982266866
-0.20358865350707742,0.575146945498502,-0.7923115872224251
-0.19675733687375255,0.5751737118059447,-0.7940162162284351
-0.1899409313564939,0.5751140591211911,-0.795717450855877
-0.18314037738891611,0.5749685423510466,-0.7974150597252088
-0.1763566007620533,0.5747377245448119,-0.799108814463153
-0.16959051268183264,0.5744221765436971,-0.8007984896983228
-0.1628430098328894,0.5740224766365911,-0.8024838630555508
-0.1561149744484698,0.5735392102222348,-0.8041647151489607
-0.14940727438617188,0.5729729694778434,-0.8058408295738295
-0.1427207632092782,0.5723243530342121,-0.8075119928972769
-0.13605628027343902,0.5715939656573329,-0.8091779946478272
-0.1294146508184673,0.5707824179365445,-0.8108386273038835
-0.12279668606501214,0.5698903259792305,-0.8124936862811535
-0.11620318331588127,0.5689183111120718,-0.8141429699190701
-0.10963492606178697,0.5678669995888576,-0.8157862794662429
-0.10309268409129539,0.5667370223048499,-0.8174234190649816
-0.09657721360476222,0.5655290145176911,-0.8190541957349278
-0.09008925733204408,0.5642436155748419,-0.8206784193558344
-0.08362954465377766,0.5628814686475275,-0.8222959026495295
-0.07719879172602466,0.5614432204711682,-0.8239064611610989
-0.07079770160808464,0.5599295210922645,-0.8255099132393263
-0.06442696439328284,0.5583410236217032,-0.827106080016424
-0.05808725734254431,0.5566783839944465,-0.8286947853870885
-0.05177924502057097,0.5549422607355601,-0.8302758559869156
-0.045503579434442415,0.5531333147325391,-0.831849121170208
-0.03926090017446621,0.5512522090138767,-0.8334144129872078
-0.03305183455710808,0.5492996085338286,-0.8349715661607839
-0.026876997769837044,0.5472761799633142,-0.8365204180626092
-0.020736993017724983,0.5451825914868973,-0.8380608086888526
-0.01463241167164511,0.5430195126057857,-0.8395925806354213
-0.008563833417917884,0.5407876139467848,-0.8411155790727773
-0.0025318264092579383,0.5384875670771402,-0.8426296517203604
0.0034630525831204,0.5361200443252027,-0.8441346488206425
0.009420258016376722,0.5336857186068416,-0.845630423112842
0.015339255422030733,0.5311852632575396,-0.8471168298063239
0.021219521251190105,0.5286193518700915,-0.8485937265537113
0.027060542719144928,0.5259886581378346,-0.8500609734237335
0.032861817649449496,0.5232938557033339,-0.8515184328738357
0.03862285431760771,0.5205356180124419,-0.8529659697225711
0.04434317129447506,0.5177146181736606,-0.8544034511218045
0.05002229728948521,0.5148315288227187,-0.8558307465287426
0.05565977099380619,0.5118870219922892,-0.8572477276778182
0.06125514092352667,0.508881768986765,-0.8586542685524481
0.06680796526296945,0.5058164402620086,-0.8600502453566837
0.07231781170822536,0.5026917053099974,-0.8614355364867765
0.07778425731099746,0.4995082325482803,-0.8628100225026769
0.08320688832284122,0.4962666892141617,-0.8641735860994856
0.08858530003988385,0.49296774126353354,-0.8655261120788752
0.09391909664810183,0.4896120532742689,-0.866867487320501
0.09920789106923246,0.4862002883540964,-0.8681976007534167
0.10445130480739256,0.48273310805287156,-0.869516343327512
0.10964896779647364,0.47921117227916343,-0.8708236079849914
0.11480051824838013,0.4756351392210731,-0.8721192896319023
0.11990560250217429,0.47200566527120236,-0.8734032851097367
0.12496387487418859,0.46832340495569175,-0.8746754931671148
0.12997499750916283,0.4645890108672444,-0.8759358144315647
0.13493864023246208,0.4608031336020585,-0.8771841513814176
0.13985448040342655,0.45696642170058377,-0.8784204083178236
0.14472220276990444,0.4530795215920268,-0.8796444913369075
0.14954149932401437,0.4491430775425238,-0.8808563083020727
0.1543120691591822,0.44515773160690175,-0.8820557688164675
0.15903361832849536,0.4411241235839536,-0.8832427841956227
0.16370585970441423,0.4370428909751479,-0.8844172674402754
0.16832851283987896,0.43291466894669905,-0.8855791332093844
0.17290130383084745,0.428740090294921,-0.8867282977933523
0.17742396518029835,0.424519785414793,-0.8878646790874601
0.18189623566373087,0.42025438227166184,-0.8889881965655273
0.18631786019619143,0.41594450637600977,-0.890098771253803
0.19068858970085478,0.4115907807612162,-0.8911963257051005
0.19500818097918612,0.4071938259642423,-0.8922807839731793
0.199276396582709,0.4027542600091715,-0.8933520715873869
0.203493004686401,0.39827269839353435,-0.8944101155275656
0.20765777896373971,0.393749754077353,-0.8954548441992319
0.21177049846341717,0.38918603747483776,-0.8964861874090365
0.21583094748774284,0.38458215644867183,-0.8975040763405103
0.21983891547275036,0.3799387163068181,-0.8985084435301052
0.22379419687002486,0.3752563198017875,-0.8994992228435327
0.22769659103026413,0.37053556713230473,-0.9004763494524096
0.23154590208858725,0.3657770559473122,-0.9014397598112142
0.23534193885160248,0.36098138135225105,-0.902389391634559
0.23908451468624475,0.35614913591756153,-0.9033251838747868
0.2427734474103928,0.3512809096893447,-0.9042470766998917
0.2464085591852745,0.34637729020212915,-0.9051550114717739
0.24998967640966796,0.3414388624936866,-0.9060489307248296
0.25351662961590526,0.3364662091218432,-0.9069287781448817
0.256989253367685,0.3314599101832324,-0.9077944985484565
0.26040738615969794,0.32642054333393655,-0.9086460378624074
0.2637708703190711,0.321348683811968,-0.9094833431038941
0.26707955190863336,0.31624490446153714,-0.9103063623607148
0.27033328063200524,0.3111097757590599,-0.9111150447720008
0.2735319097405163,0.30594386584085687,-0.9119093405092734
0.27667529594194973,0.3007477405324946,-0.9126892007578669
0.27976329931111826,0.29552196337972636,-0.9134545776987214
0.2827957832022685,0.2902670956809842,-0.9142054244905474
0.28577261416331745,0.2849836965213805,-0.9149416952523661
0.28869366185191764,0.2796723228081743,-0.9156633450464265
0.29155879895335274,0.27433352930766103,-0.9163703298615038
0.29436790110026095,0.26896786868344424,-0.9170626065965793
0.297120846794186,0.26357589153604905,-0.9177401330449066
0.2998175173289523,0.2581581464438367,-0.9184028678784633
0.3024577967158643,0.25271518000518434,-0.9190507706327938
0.305041571610727,0.247247536881889,-0.919683801692243
0.3075687312426841,0.2417557598437617,-0.9203019222755819
0.3100391673448731,0.23624038981437367,-0.9209050944220315
0.31245277408689365,0.23070196591792128,-0.9214932809776808
0.3148094480090856,0.22514102552717305,-0.922066445582306
0.31710908795861525,0.21955810431246753,-0.922624552656589
0.31935159502736554,0.21395373629172718,-0.9231675673897387
0.3215368724916276,0.20832845388145718,-0.9236954557275165
0.3236648257535906,0.20268278794869765,-0.9242081843606673
0.32573536228462646,0.19701726786389762,-0.9247057207137569
0.32774839157036645,0.19133242155468225,-0.9251880329344189
0.3297038250575668,0.18562877556048243,-0.9256550898830112
0.3316015761027603,0.17990685508799859,-0.9261068611226845
0.3334415599226906,0.17416718406747078,-0.9265433169098629
0.3352236935465266,0.16841028520972692,-0.9269644281851397
0.33694789576985457,0.1626366800639823,-0.9273701665645887
0.33861408711044527,0.1568468890763647,-0.927760504331493
0.3402221897657931,0.1510414316491374,-0.9281354144284916
0.341772127572426,0.14522082620059654,-0.9284948704501461
0.34326382596698335,0.13938559022561678,-0.9288388466359302
0.34469721194906056,0.13353624035682093,-0.9291673178636396
0.34607221404581806,0.12767329242634945,-0.9294802596432273
0.34738876227835447,0.12179726152820651,-0.9297776481110647
0.348646788129841,0.11590866208115866,-0.9300594600246275
0.34984622451541825,0.11000800789216413,-0.930325672757613
0.35098700575385317,0.10409581222030899,-0.9305762642954842
0.35206906754095724,0.09817258784122919,-0.9308112132314463
0.3530923469247641,0.09223884711199548,-0.9310304987628557
0.3540567822824687,0.08629510203644007,-0.9312341006880629
0.35496231329912714,0.08034186433090354,-0.9314219994036899
0.35580888094811947,0.0743796454903806,-0.9315941759023467
0.35659642747337505,0.06840895685504388,-0.9317506117707843
0.3573248963733633,0.062430309677124596,-0.9318912891884887
0.357994232386851,0.05644421518812995,-0.9320161909267165
0.3586043814804292,0.050451184666375985,-0.9321253003479725
0.3591552908378118,0.044451729504816156,-0.932218601405935
0.35964690885090783,0.03844636127914454,-0.932296078645824
0.36007918511267345,0.03243559181615395,-0.93235771720522
0.3604520704117442,0.026419933262328218,-0.9324035028153322
0.36076551672885404,0.02039989815264853,-0.9324334218027176
0.36101947723504413,0.014375999479593438,-0.9324474610914539
0.36121390629166716,0.008348750762312188,-0.9324456082057675
0.3613487594521921,0.0023186661159508275,-0.9324278512731183
0.36142399346581494,-0.0037137396788893733,-0.9323941790277437
0.3614395662828808,-0.009747951106581958,-0.9323445808146614
0.361395437062126,-0.015783451846814532,-0.9322790465941376
0.36129156617974384,-0.021819724704858365,-0.9321975669466168
0.36112791524028404,-0.02785625154178946,-0.9321001330781189
0.3609044470893913,-0.033892513204682645,-0.9319867368261049
0.36062112582839245,-0.03992798945680039,-0.931857370665812
0.36027791683073984,-0.04596215890779834,-0.9317120277170607
0.3598747867603195,-0.05199449894396983,-0.9315507017515365
0.35941170359163344,-0.05802448565855239,-0.9313733872005471
0.3588886366318664,-0.06405159378211873,-0.9311800791632576
0.35830555654484475,-0.07007529661307624,-0.9309707734154056
0.35766243537690035,-0.07609506594829835,-0.9307454664184988
0.3569592465846478,-0.08211037201391265,-0.9305041553294954
0.35619596506468715,-0.08812068339626995,-0.9302468380109715
0.35537256718524346,-0.09412546697312019,-0.9299735130417757
0.3544890308197538,-0.10012418784502072,-0.9296841797281734
0.35354533538241406,-0.10611630926700355,-0.9293788381154835
0.35254146186569835,-0.11210129258052855,-0.9290574890002078
0.3514773928798634,-0.11807859714575024,-0.9287201339426564
0.3503531126944495,-0.12404768027412692,-0.9283667752800713
0.3491686072817928,-0.13000799716140038,-0.9279974161402469
0.34792386436256123,-0.13595900082097667,-0.9276120604556539
0.3466188734533286,-0.14190014201773843,-0.9272107129780648
0.3452536259161989,-0.14783086920231925,-0.9267933792936829
0.3438281150104975,-0.15375062844587342,-0.9263600658387792
0.3423423359465413,-0.1596588633753728,-0.9259107799158348
0.3407962859415034,-0.16555501510946583,-0.9254455297101941
0.3391899642773863,-0.17143852219493214,-0.9249643243072261
0.3375233723611192,-0.17730882054376962,-0.9244671737099998
0.33579651378679304,-0.18316534337094986,-0.9239540888574703
0.33400939440005,-0.18900752113288008,-0.9234250816431812
0.3321620223646406,-0.19483478146660974,-0.9228801649344787
0.3302544082311644,-0.20064654912982194,-0.9223193525922447
0.3282865650080101,-0.20644224594165045,-0.921742659491145
0.3262585082345088,-0.2122212907243644,-0.9211501015403939
0.3241702560563164,-0.2179830992459633,-0.9205416957050381
0.32202182930303935,-0.22372708416372736,-0.9199174600277575
0.3198132515681202,-0.22945265496876827,-0.9192774136511838
0.31754454929099557,-0.23515921793162753,-0.918621576840738
0.31521575184154277,-0.24084617604896993,-0.9179499710079846
0.3128268916068285,-0.24651292899142213,-0.9172626187345039
0.31037800408017513,-0.2521588730526069,-0.9165595437962808
0.307869127952556,-0.25778340109942516,-0.9158407711886087
0.30530030520633594,-0.2633859025236391,-0.91510632715151
0.30267158121136833,-0.2689657631948121,-0.9143562391956663
0.299983004823462,-0.2745223654146607,-0.9135905361288648
0.2972346284852306,-0.2800550878728781,-0.9128092480829506
0.29442650832933537,-0.285563305604487,-0.9120124065412895
0.2915587042841335,-0.2910463899487843,-0.9112000443667337
0.28863128018174117,-0.29650370850993885,-0.9103721958300914
0.2856443038685237,-0.301934625119308,-0.909528896639095
0.2825978473180183,-0.3073384997995372,-0.9086701839678641
0.2794919867463015,-0.312714688730511,-0.9077960964868625
0.2763268027298063,-0.3180625442172249,-0.9069066743933406
0.2731023803255963,-0.3233814146596477,-0.9060019594422621
0.2698188091941029,-0.3286706445246483,-0.9050819949777084
0.26647618372432946,-0.3339295743200598,-0.9041468259647552
0.2630746031615261,-0.33915754057095865,-0.9031964990218155
0.2596141717373373,-0.3443538757982352,-0.9022310624534438
0.25609499880242403,-0.34951790849953557,-0.9012505662835929
0.2525171989615578,-0.3546489631326572,-0.9002550622893161
0.24888089221118762,-0.35974636010147976,-0.8992446040349087
0.24518620407947486,-0.364809415744518,-0.8982192469064787
0.24143326576879057,-0.369837442326182,-0.8971790481469375
0.23762221430067038,-0.3748297480308345,-0.8961240668914028
0.23375319266321734,-0.3797856369597361,-0.8950543642030021
0.22982634996094234,-0.3847044091309685,-0.8939700031090657
0.2258418415670302,-0.3895853604824332,-0.8928710486376995
0.22179982927801747,-0.3944277828780194,-0.8917575678547238
0.21770048147086468,-0.3992309641170394,-0.8906296299009667
0.21354397326240468,-0.4039941879470318,-0.8894873060298971
0.20933048667114576,-0.4087167340800326,-0.8883306696455848
0.20506021078140632,-0.4133978782124196,-0.887159796340972
0.20073334190975406,-0.41803689204843225,-0.8859747639364394
0.1963500837737219,-0.42263304332747614,-0.8847756525186531
0.19191064766276744,-0.42718559585531907,-0.8835625444796725
0.1874152526114427,-0.4316938095392886,-0.8823355245563026
0.18286412557473505,-0.4361569404275842,-0.88109467986967
0.1782575016055396,-0.44057424075281515,-0.8798400999650059
0.1735956240342174,-0.4449449589798807,-0.8785718768516114
0.16887874465019315,-0.44926833985830755,-0.8772901050429871
0.16410712388554002,-0.4535436244791629,-0.8759948815971017
0.15928103100049712,-0.4577700503366618,-0.8746863061567781
0.15440074427086065,-0.4619468513945886,-0.8733644809901708
0.14946655117718594,-0.4660732581576551,-0.87202951103131
0.1444787485957335,-0.4701484977479163,-0.8706815039206866
0.1394376429910877,-0.474171793986369,-0.8693205700458483
0.1343435506103731,-0.4781423674798562,-0.8679468225819807
0.12919679767898765,-0.48205943571340376,-0.8665603775324425
0.12399772059776876,-0.4859222131481149,-0.8651613537692237
0.11874666614150198,-0.48972991132474825,-0.8637498730732949
0.11344399165867854,-0.49348173897310826,-0.8623260601748173
0.10809006527240184,-0.49717690212737475,-0.860890042793175
0.10268526608233806,-0.5008146042474972,-0.8594419516767973
0.09722998436760086,-0.5043940463467844,-0.8579819206427337
0.09172462179045468,-0.5079144271258154,-0.8565100866159445
0.08616959160071513,-0.5113749431127976,-0.8550265896682682
0.08056531884071941,-0.5147747888105026,-0.8535315730570228
0.07491224055073395,-0.5181131568499008,-0.8520251832632058
0.0692108059746602,-0.5213892381506235,-0.8505075700292445
0.06346147676589325,-0.5246022220883761,-0.8489788863962578
0.0576647271931819,-0.5277512966694227,-0.8474392887407799
0.051821044346332085,-0.5308356487122667,-0.8458889368109046
0.045930928341589496,-0.5338544640366448,-0.8443279937618003
0.039994892526529914,-0.5368069276599525,-0.8427566261905474
0.03401346368427967,-0.5396922240012162,-0.8411750041702496
0.027987182236881125,-0.5425095370927242,-0.8395833012833676
0.02191660244761174,-0.5452580507994279,-0.837981694654222
0.015802292622057804,-0.5479369490462181,-0.8363703649806161
0.009644835307736865,-0.5505454160531804,-0.8347494965645187
0.003444827492055766,-0.5530826365789301,-0.8331192773417556
-0.002797119201616083,-0.5555477961721216,-0.8314798989106537
-0.009080378319986116,-0.557940081431222,-0.8298315565595752
-0.015404308388225655,-0.5602586802726384,-0.8281744492932889
-0.021768252720947248,-0.5625027822072778,-0.8265087798581143
-0.028171539236022256,-0.564671578625616,-0.8248347547657822
-0.03461348027149609,-0.5667642630913462,-0.8231525843159446
-0.04109337240586599,-0.5687800316436701,-0.8214624826172762
-0.04761049628199367,-0.5707180831082902,-0.8197646676071013
-0.054164116434932325,-0.5725776194171518,-0.8180593610694828
-0.06075348112395537,-0.5743578459369788,-0.8163467886517072
-0.06737782216908078,-0.5760579718066371,-0.8146271798791
-0.07403635479239284,-0.5776772102833527,-0.8129007681681069
-0.08072827746446984,-0.5792147790978028,-0.8111677908375695
-0.08745277175623294,-0.5806699008180882,-0.8094284891181333
-0.09420900219653902,-0.5820418032225845,-0.8076831081597131
-0.10099611613584639,-0.5833297196816646,-0.8059318970369552
-0.10781324361628868,-0.5845328895482665,-0.8041751087526204
-0.11465949724849903,-0.5856505585572781,-0.8024130002388231
-0.12153397209553218,-0.5866819792336911,-0.8006458323560558
-0.1284357455642382,-0.5876264113094699,-0.7988738698899296
-0.13536387730444688,-0.5884831221490672,-0.797097381545563
-0.14231740911632762,-0.5892513871835037,-0.795316639939548
-0.14929536486629302,-0.5899304903529173,-0.7935319215894261
-0.15629675041182117,-0.5905197245574746,-0.7917435069006057
-0.16332055353557354,-0.5910183921165184,-0.7899516801506528
-0.17036574388919035,-0.5914258052358181,-0.7881567294708883
-0.17743127294714836,-0.591741286482765,-0.786358946825225
-0.18451607397106867,-0.5919641692693479,-0.784558627986178
-0.19161906198486434,-0.592093798342722,-0.782756072507987
-0.1987391337611194,-0.5921295302831698,-0.7809515836967825
-0.20587516781909238,-0.5920707340092375,-0.7791454685777383
-0.2130260244347375,-0.5919167912898091,-0.777338037859146
-0.22019054566313695,-0.5916670972628668,-0.7755296058933554
-0.22736755537373712,-0.5913210609606651,-0.7737204906345211
-0.23455585929877945,-0.5908781058410293,-0.7719110135931011
-0.24175424509531598,-0.5903376703244707,-0.7701014997870543
-0.24896148242119498,-0.5896992083367901,-0.768292277689685
-0.25617632302539967,-0.5889621898568228,-0.7664836791740852
-0.26339750085311825,-0.5881261014689609,-0.7646760394541294
-0.27062373216591745,-0.5871904469200634,-0.7628696970219789
-0.2778537156773876,-0.5861547476803538,-0.7610649935820529
-0.28508613270461686,-0.5850185435078736,-0.7592622739814299
-0.2923196473358476,-0.583781393016051,-0.7574618861366456
-0.2995529066146575,-0.5824428742439158,-0.7556641809568562
-0.3067845407409966,-0.5810025852284766,-0.7538695122633378
-0.3140131632894039,-0.5794601445787531,-0.7520782367052996
-0.32123737144471215,-0.577815192050939,-0.750290713671993
-0.3284557462555381,-0.5760673891241479,-0.7485073052010952
-0.33566685290584003,-0.5742164195761779,-0.7467283758833625
-0.3428692410048124,-0.5722619900587114,-0.744954292763541
-0.3500614448953667,-0.5702038306713431,-0.7431854252375343
-0.3572419839814345,-0.5680416955338164,-0.7414221449458301
-0.36440936307430766,-0.5657753633558261,-0.7396648256631922
-0.3715620727582127,-0.5634046380037278,-0.7379138431846292
-0.37869858977529564,-0.5609293490634796,-0.7361695752076579
-0.38581737743016997,-0.5583493523991225,-0.7344324012108849
-0.3929168860141619,-0.5556645307060896,-0.7327027023289293
-0.3999955532493577,-0.55287479405862,-0.7309808612237251
-0.40705180475253916,-0.5499800804505419,-0.7292672619522396
-0.4140840545190612,-0.5469803563286673,-0.7275622898306505
-0.4210907054267042,-0.5438756171180363,-0.7258663312950366
-0.4280701497595013,-0.540665887738234,-0.7241797737586335
-0.43502076975151477,-0.5373512231099911,-0.7225030054657187
-0.44194093815050384,-0.5339317086512724,-0.7208364153421949
-0.4488290188013985,-0.5304074607620468,-0.7191803928429444
-0.4556833672494571,-0.5267786272969257,-0.7175353277960348
-0.4625023313629586,-0.5230453880248545,-0.7159016102438642
-0.4692842519752435,-0.5192079550750296,-0.7142796302813363
-0.47602746354588477,-0.5152665733682198,-0.7126697778911664
-0.482730294840736,-0.5112215210326627,-0.7110724427764215
-0.48939106963056656,-0.5070731098037092,-0.7094880141904057
-0.4960081074079617,-0.5028216854063926,-0.7079168807640108
-0.5025797241221246,-0.4984676279200986,-0.7063594303306494
-0.509104232931186,-0.49401135212452024,-0.7048160497489059
-0.5155799449715847,-0.4894533078260906,-0.7032871247230366
-0.5220051701440507,-0.48479398016408776,-0.7017730396214596
-0.5283782179156804,-0.48003388989562534,-0.700274177293383
-0.5346973981375602,-0.4751735936587495,-0.6987909188837197
-0.5409610218773544,-0.4702136842128785,-0.6973236436464492
-0.5471674022662406,-0.46515479065583765,-0.6958727287565866
-0.5533148553595327,-0.4599975786167601,-0.6944385491209263
-0.559401701010301,-0.45474275042414397,-0.6930214771877324
-0.5654262637552605,-0.4493910452483799,-0.6916218827555526
-0.5713868737121632,-0.44394323921808415,-0.6902401327813354
-0.5772818674878955,-0.4384001455096002,-0.6888765911880366
-0.5831095890964471,-0.43276261440906066,-0.6875316186719033
-0.5888683908858884,-0.42703153334642685,-0.6862055725096264
-0.5945566344734554,-0.421207826900961,-0.6848988063655594
-0.6001726916878157,-0.41529245677761345,-0.6836116700991991
-0.6057149455175559,-0.40928642175384616,-0.6823445095731315
-0.611181791064904,-0.4031907575964496,-0.6810976664616444
-0.6165716365036744,-0.3970065369479498,-0.6798714780602119
-0.6218829040403929,-0.3907348691822389,-0.6786662770960601
-0.627114030877542,-0.38437690022911014,-0.6774823915400178
-0.6322634701778405,-0.37793381236741663,-0.6763201444198638
-0.6373296920284498,-0.3714068239866199,-0.6751798536353801
-0.6423111844039874,-0.3647971893165398,-0.67406183177532
-0.6472064541272033,-0.358106198125166,-0.6729663859364982
-0.652014027826169,-0.3513351753844365,-0.6718938175452154
-0.6567324528868084,-0.3444854809039415,-0.670844422181221
-0.6613602983995984,-0.337558508932558,-0.6698184894044223
-0.6658961560992537,-0.33055568772807437,-0.6688163025845425
-0.6703386412962058,-0.32347847909491256,-0.6678381387339294
-0.6746863937986871,-0.31632837789011253,-0.666884268343716
-0.6789380788242251,-0.3091069114977898,-0.6659549552235257
-0.6830923878993599,-0.3018156392723358,-0.6650504563449167
-0.6871480397463963,-0.2944561519506803,-0.6641710216887536
-0.6911037811560166,-0.28703007103398903,-0.6633168940966905
-0.6949583878445815,-0.2795390481392223,-0.6624883091269445
-0.6987106652949675,-0.27198476432103436,-0.6616854949145368
-0.7023594495797967,-0.26436892936454265,-0.6609086720361675
-0.7059036081659381,-0.25669328104955047,-0.6601580533798904
-0.7093420406991748,-0.24895958438685545,-0.659433844019743
-0.7126736797679577,-0.2411696308273274,-0.6587362410954852
-0.7158974916451909,-0.23332523744448785,-0.6580654336975902
-0.7190124770070163,-0.22542824609137044,-0.6574216027576243
-0.7220176716276046,-0.21748052253248948,-0.6568049209441476
-0.7249121470489808,-0.20948395555178828,-0.6562155525642571
-0.727695011224956,-0.20144045603748265,-0.6556536534708872
-0.7303654091382675,-0.19335195604475666,-0.6551193709759754
-0.7329225233900712,-0.1852204078373087,-0.6546128437695915
-0.7353655747609693,-0.17704778290878337,-0.654134201845121
-0.7376938227428009,-0.16883607098516185,-0.653683566430583
-0.7399065660404628,-0.16058727900921646,-0.6532610499261581
-0.7420031430430793,-0.15230343010816844,-0.652866755847989
-0.7439829322638849,-0.14398656254571693,-0.6525007787783094
-0.7458453527482289,-0.1356387286596338,-0.652163204321946
-0.7475898644491704,-0.12726199378614608,-0.651854109069235
-0.7492159685701715,-0.11885843517234684,-0.6515735605653755
-0.7507232078744608,-0.11043014087789826,-0.6513216172862427
-0.7521111669606839,-0.10197920866730585,-0.6510983286206687
-0.7533794725045164,-0.09350774489405754,-0.6509037348591914
-0.7545277934659658,-0.08501786337793397,-0.6507378671892639
-0.7555558412621494,-0.07651168427680433,-0.6506007476969055
-0.7564633699053852,-0.06799133295422892,-0.6504923893747686
-0.7572501761064904,-0.05945893884419322,-0.6504127961365856
-0.75791609934324,-0.05091663431429854,-0.6503619628379509
-0.7584610218939883,-0.042366553528733156,-0.6503398753033864
-0.7588848688365188,-0.03381083131234253,-0.6503465103596299
-0.7591876080122351,-0.02525160201711023,-0.650381835875073
-0.759369249955864,-0.016690998392351,-0.6504458108052779
-0.7594298477908963,-0.008131150459905088,-0.6505383852444793
-0.7593694970910414,0.0004258156043923456,-0.650659500482987
-0.7591883357080224,0.00897777858171062,-0.6508090890703824
-0.7588865435660955,0.01752262331245539,-0.6509870748844053
-0.7584643424237183,0.026058241788519253,-0.6511933732054156
-0.7579219956028463,0.03458253423436185,-0.6514278907963094
-0.7572598076863837,0.04309341017575719,-0.6516905259877614
-0.7564781241843531,0.051588789495074755,-0.6519811687686659
-0.7555773311694027,0.0600666034719916,-0.652299700881628
-0.7545578548823022,0.06852479580856606,-0.6526459959233741
-0.7534201613081252,0.0769613236376374,-0.6530199194499212
-0.7521647557238493,0.0853741585135527,-0.65342132908636
-0.7507921822181476,0.09376128738425937,-0.6538500746410896
-0.7493030231841722,0.10212071354384139,-0.6543059982243452
-0.7476978987861683,0.11045045756461763,-0.6547889343708516
-0.7459774664007867,0.11874855820796215,-0.6552987101664351
-0.7441424200339865,0.12701307331304926,-0.6558351453784222
-0.7421934897144516,0.13524208066277,-0.6563980525896531
-0.7401314408644655,0.14343367882611086,-0.6569872373359306
-0.7379570736492059,0.1515859879763305,-0.6576024982467298
-0.7356712223054502,0.15969715068431695,-0.658243627188988
-0.7332747544506883,0.16776533268655294,-0.6589104094137935
-0.7307685703736623,0.17578872362716386,-0.6596026237057934
-0.7281536023073595,0.18376553777356966,-0.6603200425351382
-0.7254308136855006,0.1916940147053088,-0.6610624322117795
-0.722601198383567,0.19957241997564878,-0.6618295530419418
-0.7196657799454215,0.20739904574564483,-0.6626211594865834
-0.7166256107965792,0.2151722113903542,-0.6634370003216693
-0.7134817714451843,0.22289026407696,-0.6642768188000728
-0.7102353696717535,0.2305515793146034,-0.6651403528149302
-0.7068875397087377,0.23815456147576877,-0.666027335064269
-0.7034394414109552,0.24569764428910987,-0.6669374932167375
-0.6998922594179385,0.25317929130364875,-0.6678705500782585
-0.6962472023092316,0.2605979963243233,-0.6688262237594426
-0.6925055017536648,0.267952283818898,-0.6698042278435855
-0.6886684116536171,0.2752407092962973,-0.6708042715550904
-0.6847372072852749,0.28246185965645654,-0.6718260599281475
-0.6807131844358647,0.28961435351182874,-0.6728692939755164
-0.6765976585388368,0.2966968414807176,-0.6739336708572511
-0.6723919638079475,0.30370800645264834,-0.675018884049217
-0.6680974523711757,0.31064656382602013,-0.6761246235112511
-0.6637154934053867,0.3175112617183175,-0.6772505758548207
-0.659247472272634,0.32430088114919237,-0.6783964245100355
-0.6546947896589684,0.33101423619675613,-0.6795618498918825
-0.650058860716601,0.337650174127454,-0.6807465295655459
-0.6453411142102418,0.3442075754999198,-0.6819501384106837
-0.6405429916684077,0.3506853542432351,-0.6831723487845385
-0.6356659465404737,0.3570824577100451,-0.6844128306837605
-0.630711443360209,0.3633978667050029,-0.6856712519048286
-0.6256809569165157,0.3696305954890391,-0.6869472782029575
-0.6205759714320573,0.37577969175997267,-0.688240573449385
-0.6153979797504412,0.38184423660999817,-0.6895507997869362
-0.6101484825325847,0.3878233444606031,-0.6908776177837699
-0.6048289874628711,0.3937161629754833,-0.6922206865852111
-0.5994410084656687,0.39952187295204117,-0.693579664063585
-0.5939860649327612,0.40523968819206185,-0.6949542069659657
-0.5884656809622035,0.4108688553521784,-0.6963439710597636
-0.5828813846090943,0.4164086537747425,-0.6977486112760753
-0.5772347071487229,0.4218583952997297,-0.6991677818507266
-0.5715271823525196,0.4272174240583148,-0.7006011364629433
-0.5657603457772135,0.43248511624875957,-0.7020483283715908
-0.5599357340675677,0.43766087989525754,-0.703509010548922
-0.5540548842730411,0.4427441545903906,-0.7049828358117859
-0.5481193331786889,0.4477344112218463,-0.7064694569502464
-0.5421306166505971,0.45263115168405404,-0.7079685268535674
-0.5360902689961079,0.4574339085753928,-0.7094796986335268
-0.5299998223390773,0.46214224488162675,-0.711002625745023
-0.523860806010372,0.4667557536462196,-0.7125369621039411
-0.5176747459537924,0.47127405762817776,-0.714082362202253
-0.5114431641475787,0.4756968089480694,-0.7156384812203274
-0.5051675780416391,0.48002368872285806,-0.7172049751364287
-0.49884950001060874,0.4842544066901895,-0.7187815008333884
-0.4924904368228305,0.48838870082275854,-0.7203677162024377
-0.48609188912532286,0.4924263369333802,-0.7219632802441881
-0.47965535094477907,0.49636710827137726,-0.7235678531667584
-0.4731823092046232,0.5002108351108924,-0.7251810964810405
-0.4666742432581232,0.5039573643317187,-0.726802673093107
-0.46013262443754943,0.5076065689932384,-0.7284322473937612
-0.4535589156193396,0.5111583479020446,-0.7300694853452384
-0.4469545708052185,0.5146126251738105,-0.7317140545650619
-0.44032103471920364,0.5179693497899629,-0.7333656244070709
-0.43365974242040756,0.521228495149702,-0.7350238660396292
-0.42697211893153547,0.5243900586178957,-0.7366884525210333
-0.42025957888296045,0.5274540610693688,-0.7383590588721367
-0.4135235261722431,0.5304205464300924,-0.740035362146213
-0.40676535363895033,0.5332895812157634,-0.7417170414960785
-0.39998644275461587,0.5360612540682552,-0.7434037782385008
-0.3931881633276693,0.5387356752904043,-0.7450952559159173
-0.38637187322315364,0.5413129763795839,-0.7467911603554956
-0.37953891809703727,0.5437933095605029,-0.7484911797255633
-0.3726906311449186,0.5461768473176551,-0.7501950045894396
-0.36582833286490873,0.5484637819278274,-0.7519023279567009
-0.35895333083447495,0.5506543249930643,-0.7536128453319176
-0.35206691950101215,0.5527487069744693,-0.7553262547608948
-0.3451703799859097,0.5547471767272133,-0.7570422568744554
-0.33826497990186744,0.5566500010371016,-0.7587605549298041
-0.33135197318321413,0.5584574641590425,-0.7604808548495107
-0.32443259992897233,0.5601698673577412,-0.7622028652581531
-0.31750808625841115,0.5617875284509332,-0.7639262975166606
-0.3105796441788216,0.5633107813554546,-0.7656508657544011
-0.3036484714652486,0.564739975636438,-0.7673762868990502
-0.2967157515519065,0.5660754760599008,-0.7691022807042923
-0.2897826534350056,0.5673176621489908,-0.7708285697753886
-0.2828503315867133,0.5684669277441298,-0.7725548795926648
-0.27591992587997066,0.5695236805672926,-0.7742809385329564
-0.26899256152388656,0.5704883417906395,-0.7760064778890604
-0.2620693490094275,0.5713613456097105,-0.7777312318872348
-0.2551513840651231,0.5721431388213797,-0.7794549377027972
-0.24823974762250522,0.5728341804067515,-0.7811773354738605
-0.2413355057910003,0.5734349411191728,-0.7828981683132571
-0.2344397098419948,0.5739459030775227,-0.7846171823186951
-0.22755339620179318,0.5743675593649279,-0.7863341265811917
-0.22067758645319183,0.5747004136330471,-0.7880487531918305
-0.2138132873453902,0.5749449797120487,-0.7897608172468863
-0.20696149081196677,0.575101781226404,-0.7914700768513652
-0.20012317399664484,0.5751713512166026,-0.7931762931210036
-0.1932992992865795,0.57515423176689,-0.794879230182772
-0.18649081435289663,0.5750509736391153,-0.796578655173925
-0.1796986521982207,0.5748621359127722,-0.7982743382396482
-0.17292373121092805,0.5745882856313018,-0.7999660525293385
-0.16616695522586755,0.5742299974547216,-0.8016535741915676
-0.159429213591294,0.5737878533186372,-0.8033366823677676
-0.15271138124176184,0.57326244209968,-0.8050151591846854
-0.14601431877673174,0.5726543592874124,-0.8066887897456431
-0.13933887254464616,0.5719642066627316,-0.808357362120652
-0.13268587473223398,0.5711925919827979,-0.8100206673354174
-0.1260561434588077,0.5703401286725021,-0.8116784993592762
-0.11945048287532267,0.5694074355224864,-0.8133306550921081
-0.11286968326797034,0.5683951363937233,-0.8149769343502605
-0.10631452116608239,0.5673038599286491,-0.8166171398515234
-0.09978575945412835,0.5661342392688479,-0.8182510771991968
-0.09328414748759159,0.5648869117792727,-0.8198785548652859
-0.0868104212125154,0.5635625187789858,-0.8214993841728616
-0.08036530328851357,0.5621617052783962,-0.8231133792776248
-0.07394950321504605,0.5606851197229666,-0.8247203571487068
-0.06756371746076396,0.5591334137433593,-0.8263201375487466
-0.061208629595733546,0.5575072419119828,-0.8279125430132741
-0.05488491042635252,0.5558072615059004,-0.8294973988294374
-0.04859321813277828,0.554034132276059,-0.8310745330141063
-0.042334198408690696,0.5521885162227843,-0.8326437762913824
-0.03610848460321788,0.5502710773774996,-0.8342049620695535
-0.02991669786485762,0.5482824815906078,-0.835757926417517
-0.023759447287231835,0.546223396325483,-0.8373025080407079
-0.017637330056515993,0.5440944904585101,-0.8388385482565592
-0.011550931600390134,0.5418964340851123,-0.8403658909695245
-0.0055008257383624345,0.5396298983316985,-0.8418843826456915
0.0005124251666789078,0.5372955551734664,-0.8433938722870146
0.006488270055825603,0.5348940772579914,-0.844894211405194
0.012426169020556507,0.5324261377345293,-0.8463852539952268
0.01832559314832349,0.529892410088962,-0.8478668565086581
0.02418602436744276,0.5272935679843107,-0.8493388778265556
0.03000695529141455,0.5246302851067406,-0.8508011792322334
0.03578788906278967,0.5219032350169822,-0.8522536243837501
0.04152833919669734,0.5191130910070886,-0.8536960792862002
0.04722782942414495,0.5162605259624518,-0.8551284122638287
0.05288589353519611,0.5133462122289966,-0.8565504939319842
0.058502075222129774,0.5103708214854724,-0.8579621971689362
0.06407592792267909,0.5073350246207617,-0.8593633970875759
0.06960701466344527,0.5042394916161224,-0.8607539710070222
0.07509490790357777,0.5010848914322815,-0.8621337984241495
0.08053918937880875,0.49787189190130066,-0.8635027609850615
0.0859394499459261,0.49460115962312645,-0.8648607424565243
0.09129528942776607,0.4912733598667453,-0.8662076286973809
0.09660631645880297,0.4878891564758603,-0.8675433076299622
0.10187214833141037,0.4844492117790042,-0.8688676692115117
0.10709241084286501,0.48095418650400984,-0.8701806054056418
0.11226673814316132,0.4774047396967525,-0.8714820101538361
0.11739477258370154,0.47380152864408304,-0.872771779347013
0.12247616456692383,0.47014520880086963,-0.8740498107971665
0.12751057239692712,0.46643643372106736,-0.8753160042090973
0.13249766213114947,0.4626758549927335,-0.8765702611522495
0.1374371074331537,0.4588641221769089,-0.877812485032665
0.14232858942657095,0.45500188275028586,-0.8790425810650687
0.147171796550251,0.45108978205158135,-0.8802604562450983
0.15196642441466585,0.44712846323154015,-0.8814660193216884
0.15671217565960882,0.4431185672064869,-0.8826591807696231
0.16140875981323258,0.4390607326153523,-0.8838398527622662
0.16605589315246297,0.43495559578009574,-0.8850079491444809
0.17065329856482747,0.4308037906694502,-0.8861633854057481
0.17520070541173177,0.42660594886591346,-0.8873060786534968
0.17969784939321792,0.4223626995359132,-0.8884359475866499
0.18414447241423446,0.4180746694030727,-0.8895529124694016
0.18854032245244798,0.41374248272450553,-0.8906568951052304
0.1928851534276228,0.4093667612700679,-0.8917478188111579
0.19717872507259407,0.4049481243044999,-0.8928256083922624
0.2014208028058585,0.4004871885723866,-0.8938901901164534
0.20561115760580395,0.3959845682858692,-0.8949414916895155
0.20974956588659915,0.39144087511504355,-0.8959794422304298
0.21383580937576221,0.38685671818097644,-0.897003972246978
0.21786967499342513,0.3822327040512769,-0.8980150136116369
0.22185095473331137,0.37756943673815935,-0.8990124995377692
0.2257794455454403,0.37286751769893495,-0.8999963645561175
0.2296549492205731,0.36812754583887036,-0.9009665444916067
0.23347727227641182,0.36335011751635354,-0.90192297644046
0.23724622584556324,0.35853582655030747,-0.9028655987476342
0.24096162556527756,0.35368526422979363,-0.9037943509845812
0.24462329146897122,0.34879901932574775,-0.9047091739273364
0.2482310478795418,0.3438776781047923,-0.9056100095349441
0.2517847233044823,0.33892182434507095,-0.9064968009282185
0.2552841503328015,0.33393203935405047,-0.90736949236885
0.2587291655337548,0.3289089019882379,-0.9082280292388574
0.26211960935739165,0.32385298867476126,-0.9090723580203908
0.26545532603692296,0.31876487343476273,-0.9099024262758896
0.2687361634929111,0.3136451279085551,-0.9107181826285986
0.27196197323928584,0.30849432138249233,-0.9115195767434452
0.2751326102911886,0.30331302081750744,-0.9123065593082818
0.2782479330746446,0.2981017908792704,-0.9130790820154954
0.28130780333806693,0.29286119396992133,-0.9138370975439899
0.2843120860655888,0.28759179026133286,-0.9145805595415392
0.2872606493922277,0.2822941377298599,-0.9153094226075195
0.2901533645208792,0.276968792192533,-0.9160236422760185
0.2929901056411387,0.271616307344654,-0.9167231749993282
0.29577074984995205,0.2662372347987525,-0.9174079781318184
0.2984951770740916,0.2608321241248645,-0.9180780099142001
0.30116326999445675,0.255401522892093,-0.918733229458174
0.30377491397219636,0.24994597671141294,-0.9193735967314716
0.30632999697665203,0.24446602927968342,-0.9199990725432876
0.3088284095151173,0.23896222242483034,-0.9206096185301069
0.3112700445644125,0.23343509615216412,-0.9212051971419281
0.3136547975042711,0.2278851886917977,-0.9217857716288848
0.31598256605253505,0.2223130365471303,-0.922351306028267
0.3182532502021557,0.21671917454436457,-0.9229017651519438
0.32046675215999837,0.21110413588302404,-0.9234371145741891
0.32262297628744546,0.2054684521874389,-0.923957320619913
0.3247218290427971,0.1998126535591696,-0.9244623503532979
0.3267632189254646,0.19413726863033753,-0.9249521715668444
0.3287470564219547,0.18844282461783265,-0.9254267527708246
0.33067325395364067,0.18272984737837014,-0.9258860631831483
0.3325417258263187,0.17699886146436622,-0.926330072719639
0.3343523881815449,0.17125039018060634,-0.9267587519847265
0.33610515894975107,0.16548495564167753,-0.9271720722625518
0.3377999578051376,0.15970307883013923,-0.9275700055084909
0.33943670612233906,0.15390527965540535,-0.9279525243410939
0.3410153269348614,0.14809207701331245,-0.9283196020344464
0.3425357448952887,0.1422639888463489,-0.9286712125109486
0.3439978862372571,0.13642153220451977,-0.9290073303345192
0.34540167873919364,0.13056522330682374,-0.9293279307042194
0.34674705168982056,0.12469557760331783,-0.9296329894483047
0.34803393585542136,0.11881310983774672,-0.929922483018702
0.34926226344886874,0.11291833411071293,-0.9301963884859125
0.35043196810041416,0.10701176394336621,-0.9304546835343458
0.35154298483023755,0.10109391234158877,-0.9306973464580839
0.3525952500227576,0.09516529186065455,-0.9309243561570756
0.35358870140270265,0.08922641467034106,-0.9311356921337658
0.35452327801294253,0.08327779262047173,-0.9313313344901586
0.35539892019408204,0.07731993730686756,-0.9315112639253177
0.35621556956581674,0.07135336013768724,-0.9316754617333024
0.35697316901005416,0.06537857240013452,-0.931823909801546
0.3576716626557992,0.05939608532751213,-0.9319565906096716
0.3583109958658088,0.05340641016660174,-0.9320734872287534
0.3588911152250165,0.04741005824534926,-0.9321745833210197
0.35941196853073015,0.041407541040835195,-0.932259863140003
0.3598735047846062,0.035399370247509714,-0.9323293115311369
0.3602756741864036,0.029386057845671974,-0.9323829139328021
0.3606184281295215,0.023368116170173453,-0.9324206563778231
0.3609017191983251,0.01734605797932508,-0.932442525495417
0.3611255011672648,0.011320396523987657,-0.9324485085135971
0.3612897290017918,0.005291645616825182,-0.9324385932620324
0.36139435886107824,-0.0007396802982993314,-0.9324127681753649
0.3614393481025458,-0.006773066076806306,-0.9323710222969857
0.36142465528820955,-0.012807995803780982,-0.932313345283274
0.3613502401928437,-0.018843952724274728,-0.9322397274082991
0.36121606381397625,-0.024880419173547358,-0.9321501595689861
0.36102208838372024,-0.03091687650727183,-0.9320446332907516
0.36076827738244804,-0.03695280503172291,-0.9319231407336062
0.3604545955543191,-0.042987683933971683,-0.9317856746987289
0.3600810089246673,-0.04902099121210812,-0.9316322286355148
0.35964748481925873,-0.0550522036055141,-0.9314627966490976
0.35915399188542746,-0.0610807965252098,-0.9312773735083486
0.3586005001151013,-0.06710624398429685,-0.9310759546543554
0.3579869808697246,-0.07312801852852162,-0.9308585362093812
0.3573134069070912,-0.07914559116698298,-0.9306251149863066
0.35657975241009665,-0.08515843130300906,-0.9303756884985576
0.35578599301742136,-0.09116600666522792,-0.9301102549705186
0.354932105856156,-0.09716778323885819,-0.929828813348436
0.3540180695763807,-0.10316322519724509,-0.9295313633118117
0.35304386438771096,-0.10915179483366932,-0.9292179052852889
0.35200947209782135,-0.11513295249345586,-0.9288884404510334
0.3509148761529606,-0.1211061565064106,-0.9285429707616105
0.3497600616804712,-0.12707086311961382,-0.9281814989533618
0.34854501553332545,-0.13302652643059934,-0.927804028560279
0.3472697263366937,-0.1389725983209505,-0.9274105639283832
0.3459341845365554,-0.14490852839034232,-0.9270011102306048
0.34453838245037055,-0.15083376389106357,-0.9265756734821702
0.3430823143198225,-0.15674774966304916,-0.9261342605564945
0.34156597636564845,-0.16264992806945794,-0.9256768792015827
0.33998936684457165,-0.1685397389328292,-0.9252035380569408
0.3383524861083491,-0.17441661947185352,-0.9247142466709973
0.3366553366649517,-0.18028000423879412,-0.9242090155190374
0.33489792324188916,-0.18612932505759558,-0.9236878560216508
0.3330802528516966,-0.19196401096271853,-0.9231507805636928
0.33120233485959755,-0.19778348813873917,-0.9225978025137629
0.3292641810533575,-0.20358717986075414,-0.9220289362441978
0.3272658057153441,-0.20937450643563194,-0.9214441971515814
0.32520722569680904,-0.21514488514415397,-0.9208436016777733
0.323088460494406,-0.22089773018408826,-0.9202271673314545
0.3209095323289601,-0.22663245261424117,-0.9195949127101899
0.31867046622650425,-0.23234846029953346,-0.9189468575230119
0.3163712901015949,-0.2380451578571476,-0.9182830226135176
0.3140120348429255,-0.24372194660379606,-0.9176034299834879
0.3115927344012469,-0.24937822450415922,-0.9169081028170202
0.30911342587961393,-0.25501338612054586,-0.9161970655051793
0.3065741496259679,-0.2606268225638282,-0.9154703436711631
0.3039749493280699,-0.26621792144570583,-0.9147279641959818
0.3013158721107982,-0.2717860668323545,-0.9139699552446504
0.29859696863582186,-0.27733063919951684,-0.913196346292891
0.2958182932036616,-0.2828510153890937,-0.912407168154345
0.2929799038581516,-0.28834656856729657,-0.9116024530082911
0.2900818624933103,-0.2938166681844225,-0.9107822344278667
0.28712423496263323,-0.2992606799363148,-0.90994654740879
0.28410709119081534,-0.3046779657275758,-0.9090954283985813
0.2810305052879124,-0.31006788363659643,-0.9082289153262755
0.2778945556659492,-0.3154297878824724,-0.9073470476326262
0.27469932515798234,-0.32076302879387636,-0.9064498663007945
0.2714449011396219,-0.3260669527799577,-0.9055374138875179
0.2681313756530196,-0.33134090230334384,-0.9046097345547557
0.26475884553332485,-0.33658421585531767,-0.903666874101802
0.2613274125376135,-0.34179622793324865,-0.9027088799978645
0.25783718347628953,-0.34697626902035567,-0.9017358014150976
0.25428827034696105,-0.35212366556788266,-0.9007476892620867
0.25068079047078873,-0.35723773997976926,-0.8997445962177752
0.24701486663130387,-0.3623178105999003,-0.8987265767658226
0.24329062721569308,-0.36736319170202036,-0.8976936872293909
0.23950820635854247,-0.3723731934824012,-0.8966459858063448
0.23566774408803498,-0.3773471220553517,-0.8955835326048598
0.2317693864745901,-0.3822842794516612,-0.8945063896794234
0.22781328578193652,-0.38718396362007085,-0.8934146210672229
0.2237996006206024,-0.3920454684318664,-0.8923082928249054
0.21972849610380982,-0.39686808368869086,-0.8911874730656981
0.21560014400575384,-0.4016510951336745,-0.8900522319968744
0.2114147229222481,-0.40639378446598423,-0.8889026419575567
0.20717241843371273,-0.4110954293588929,-0.887738777456834
0.20287342327048116,-0.4157553034814742,-0.8865607152121865
0.19851793748039762,-0.4203726765240281,-0.8853685341881956
0.19410616859867424,-0.42494681422734454,-0.8841623156355249
0.1896383318199765,-0.4294769784159152,-0.8829421431301555
0.185114650172698,-0.43396242703520227,-0.8817081026128526
0.18053535469538762,-0.4384024141930795,-0.88046028242885
0.17590068461528557,-0.4427961902055575,-0.879198773367728
0.17121088752892163,-0.4471430016469088,-0.877923668703465
0.1664662195847268,-0.45144209140431074,-0.8766350642346401
0.1616669456676055,-0.4556926987371236,-0.875333058324764
0.15681333958541055,-0.459894059340924,-0.8740177519427152
0.1519056842572604,-0.4640454054164137,-0.8726892487032539
0.14694427190363432,-0.4681459657433273,-0.871347654907591
0.14192940423817554,-0.47219496575945985,-0.8699930795839811
0.1368613926611298,-0.4761916276449401,-0.8686256345283155
0.1317405584543409,-0.480135170411874,-0.8672454343446837
0.12656723297772152,-0.4840248099994826,-0.865852596485873
0.12134175786711128,-0.4878597593748634,-0.864447241293776
0.11606448523343102,-0.4916392286394993,-0.8630294920396735
0.11073577786303546,-0.495362425141644,-0.8615994749643582
0.1053560094191625,-0.4990285535947106,-0.8601573193180654
0.09992556464437176,-0.5026368162017918,-0.858703157400175
0.0944448395638589,-0.506186412786438,-0.8572371245986462
0.08891424168952801,-0.509676540929822,-0.8557593594291493
0.08333419022469717,-0.5131063961144156,-0.854270003573853
0.0777051162693077,-0.5164751718743066,-0.8527692019198271
0.07202746302550068,-0.5197820599522803,-0.8512571025970206
0.06630168600341863,-0.5230262504637888,-0.8497338570157683
0.060528253227084314,-0.526206932067936,-0.848199619903787
0.054707645440201576,-0.529323292145595,-0.8466545493426102
0.04884035631171703,-0.5323745169847823,-0.84509880680342
0.04292689264097487,-0.5353597919734052,-0.8435325571822244
0.03696777456229021,-0.5382783017994988,-0.8419559688343325
0.030963535748759596,-0.541129230659068,-0.8403692136080787
0.024914723615120357,-0.5439117624716452,-0.838772466877741
0.018821899519463482,-0.5466250811036701,-0.8371659075756045
0.012685638963597722,-0.5492683705997999,-0.8355497182231146
0.006506531791855219,-0.5518408154222485,-0.8339240849610651
0.0002851823881219074,-0.5543416006982544,-0.8322891975787639
-0.005977790129131483,-0.5567699124757696,-0.8306452495421232
-0.012281751714049285,-0.5591249379874582,-0.8289924380206104
-0.01862605320306054,-0.5614058659230893,-0.8273309639130056
-0.02501003012726469,-0.563611886710402,-0.8256610318719023
-0.031433002527787135,-0.5657421928045158,-0.8239828503268901
-0.03789427477436583,-0.5677959789859548,-0.8222966315063599
-0.044393135387437485,-0.5697724426673423,-0.8206025914578645
-0.050928856863999596,-0.5716707842088249,-0.8189009500669745
-0.0575006955075314,-0.5734902072422674,-0.8171919310745618
-0.0641078912622649,-0.5752299190042615,-0.8154757620924465
-0.0707496675521034,-0.576889130677975,-0.8137526746173418
-0.07742523112449318,-0.5784670577438683,-0.8120229040430271
-0.08413377189955995,-0.5799629203392869,-0.8102866896706862
-0.09087446282482951,-0.581375943626937,-0.8085442747173387
-0.09764645973585805,-0.582705358172237,-0.8067959063222983
-0.1044489012231046,-0.5839504003295272,-0.8050418355515886
-0.11128090850538468,-0.585110312637114,-0.8032823174002494
-0.11814158531024915,-0.5861843442211063,-0.8015176107924596
-0.1250300177616402,-0.5871717512079965,-0.7997479785794138
-0.13194527427518007,-0.5880717971459227,-0.7979736875348789
-0.13888640546145467,-0.5888837534345371,-0.7961950083483618
-0.14585244403765896,-0.589606899763394,-0.7944122156158231
-0.15284240474797586,-0.5902405245587514,-0.7926255878278635
-0.15985528429306384,-0.5907839254386767,-0.7908354073553181
-0.16689006126903383,-0.5912364096763196,-0.7890419604321898
-0.17394569611629837,-0.5915972946712109,-0.7872455371358551
-0.1810211310786791,-0.5918659084284255,-0.785446431364476
-0.18811529017316178,-0.5920415900454308,-0.7836449408115549
-0.19522707917068968,-0.5921236902064314,-0.7818413669375645
-0.20235538558838737,-0.5921115716839954,-0.7800360149385951
-0.20949907869360815,-0.5920046098477392,-0.7782291937119525
-0.21665700952019923,-0.5918021931798246,-0.776421215818652
-0.22382801089737675,-0.5915037237970063,-0.774612397442746
-0.23101089749160336,-0.5911086179789485,-0.7728030583474301
-0.23820446586185842,-0.5906163067025126,-0.7709935218278752
-0.24540749452868874,-0.5900262361816965,-0.769184114660731
-0.25261874405742407,-0.5893378684128904,-0.767375167050251
-0.259836957155938,-0.5885506817250904,-0.7655670125709927
-0.26706085878733005,-0.587664171334696,-0.7637599881070486
-0.27428915629789763,-0.5866778499044921,-0.7619544337877625
-0.2815205395607633,-0.5855912481064062,-0.7601506929198962
-0.2887536811355097,-0.5844039151875963,-0.758349111916208
-0.29598723644417274,-0.583115419539422,-0.7565500402204107
-0.3032198439639282,-0.5817253492688179,-0.7547538302284812
-0.3104501254367995,-0.5802333127715734,-0.7529608372062926
-0.31767668609670363,-0.5786389393070064,-0.7511714192035523
-0.32489811491413756,-0.5769418795734902,-0.7493859369640242
-0.33211298485879415,-0.5751418062842811,-0.7476047538320212
-0.3393198531803855,-0.5732384147430717,-0.745828235655162
-0.3465172617079301,-0.5712314234186721,-0.7440567506833842
-0.35370373716774983,-0.5691205745182092,-0.742290669464214
-0.3608777915203986,-0.5669056345582099,-0.7405303647342987
-0.36803792231673255,-0.564586394932919,-0.7387762113072084
-0.37518261307330464,-0.5621626724791842,-0.7370285859575249
-0.3823103336672512,-0.5596343100372232,-0.7352878673012335
-0.3894195407508115,-0.5570011770065711,-0.7335544356724466
-0.3965086781856018,-0.5542631698964932,-0.7318286729964862
-0.40357617749673774,-0.5514202128701292,-0.7301109626593639
-0.4106204583468751,-0.548472258281625,-0.7284016893736978
-0.41763992903021385,-0.5454192872054915,-0.726701239041115
-0.42463298698647917,-0.5422613099574207,-0.7250099986111936
-0.43159801933486924,-0.5389983666057744,-0.7233283559370013
-0.4385334034279261,-0.5356305274729556,-0.7216566996272973
-0.4454375074252586,-0.5321578936258593,-0.7199954188954688
-0.452308690887013,-0.528580597354593,-0.7183449034052782
-0.4591453053869564,-0.5248988026386535,-0.7167055431135068
-0.4659456951450048,-0.5211127055997375,-0.7150777281095808
-0.4727081976789929,-0.5172225349403615,-0.7134618484522806
-0.4794311444754499,-0.5132285523674649,-0.7118582940036287
-0.48611286167911055,-0.5091310530001705,-0.7102674542600721
-0.4927516708008534,-0.5049303657608738,-0.7086897181810652
-0.4993458894437257,-0.5006268537488391,-0.70712547401518
-0.5058938320466737,-0.4962209145954821,-0.7055751091238658
-0.5123938106455649,-0.49171298080052767,-0.7040390098029916
-0.5188441356510466,-0.48710352004823415,-0.7025175611023101
-0.525243116642755,-0.48239303550289153,-0.701011146642984
-0.5315890631793445,-0.4775820660828082,-0.6995201484333265
-0.5378802856237728,-0.4726711867120132,-0.6980449466829094
-0.544115095983244,-0.4676610085489223,-0.6965859196151972
-0.5502918087631683,-0.4625521791912254,-0.6951434432788742
-0.5564087418344627,-0.45734538285627857,-0.693717891358032
-0.5624642173134867,-0.4520413405363018,-0.6923096349813933
-0.5684565624538594,-0.44664081012770573,-0.69091904253075
-0.574384110549382,-0.4411445865338986,-0.6895464794487975
-0.5802452018472467,-0.43555350174095003,-0.688192308046555
-0.5860381844706836,-0.42986842486551435,-0.6868568873105567
-0.5917614153501622,-0.4240902621744533,-0.6855405727100157
-0.5974132611622366,-0.4182199570756224,-0.6842437160041488
-0.602992099275086,-0.41225849007932674,-0.682966665049868
-0.6084963186997828,-0.4062068787299835,-0.6817097636100401
-0.6139243210462837,-0.40006617750756784,-0.6804733511625145
-0.6192745214831182,-0.3938374776984578,-0.6792577627101304
-0.6245453496997234,-0.3875219072353372,-0.6780633285919075
-0.6297352508703501,-0.3811206305058532,-0.6768903742956301
-0.6348426866184452,-0.37463484812977443,-0.6757392202720333
-0.6398661359803947,-0.3680657967044372,-0.6746101817507998
-0.644804096367495,-0.3614147485183165,-0.6735035685585788
-0.649655084525007,-0.35468301123260454,-0.6724196849392338
-0.6544176374871287,-0.34787192753072826,-0.6713588293765272
-0.6590903135267185,-0.34098287473578937,-0.6703212944194517
-0.6636716930985865,-0.33401726439595836,-0.669307366510407
-0.6681603797751676,-0.32697654183790714,-0.6683173258164323
-0.6725550011733856,-0.31986218568841546,-0.6673514460636891
-0.6768542098715177,-0.3126757073643399,-0.6664099943753945
-0.6810566843148651,-0.305418650531187,-0.6654932311133984
-0.685161129709045,-0.29809259053058335,-0.6646014097235963
-0.68916627889972,-0.29069913377699097,-0.6637347765853621
-0.6930708932375933,-0.2832399171240674,-0.662893570865185
-0.6968737634275045,-0.2757166072011224,-0.662078024374687
-0.7005737103604819,-0.26813089972017873,-0.6612883614331915
-0.7041695859276151,-0.26048451875419065,-0.6605247987350125
-0.707660273814637,-0.25277921598703185,-0.6597875452216225
-0.7110446902761204,-0.24501676993590796,-0.6590768019588541
-0.7143217848882228,-0.23719898514690493,-0.6583927620192844
-0.7174905412789377,-0.22932769136442763,-0.657735610369941
-0.7205499778348362,-0.22140474267533314,-0.6571055237654655
-0.7234991483833174,-0.21343201662860875,-0.6565026706468603
-0.7263371428494205,-0.20541141333148843,-0.6559272110459368
-0.729063087886282,-0.1973448545229444,-0.6553792964955771
-0.7316761474783611,-0.18923428262553213,-0.6548590699459113
-0.7341755235166005,-0.18108165977660684,-0.6543666656865056
-0.736560456344723,-0.17288896683996363,-0.6539022092746464
-0.7388302252759151,-0.16465820239899426,-0.653465817469799
-0.7409841490791895,-0.15639138173248082,-0.6530575981743072
-0.7430215864347687,-0.14809053577418144,-0.6526776503803969
-0.7449419363578731,-0.13975771005738974,-0.6523260641235312
-0.7467446385903588,-0.13139496364567688,-0.6520029204421603
-0.748429173959686,-0.12300436805104709,-0.6517082913438993
-0.749995064704766,-0.11458800614076076,-0.651442239778155
-0.7514418747682736,-0.10614797103409572,-0.6512048196152168
-0.752769210055078,-0.09768636499033442,-0.6509960756318192
-0.7539767186564889,-0.08920529828927662,-0.6508160435031662
-0.7550640910400777,-0.08070688810558906,-0.6506647498014115
-0.7560310602048845,-0.07219325737830966,-0.6505422120005646
-0.7568774018018782,-0.06366653367683012,-0.6504484384877987
-0.7576029342195918,-0.05512884806468179,-0.650383428581115
-0.7582075186349149,-0.046582333962449894,-0.6503471725533185
-0.7586910590290734,-0.038029126011137476,-0.6503396516622465
-0.7590535021688872,-0.029471358937294488,-0.6503608381871837
-0.7592948375534517,-0.020911166421219093,-0.6504106954713933
-0.7594150973264363,-0.012350679969526233,-0.650489177970679
-0.7594143561542562,-0.0037920277933654843,-0.650596231307891
-0.7592927310704163,0.004762666306446833,-0.6507317923332793
-0.759050381286383,0.013311284046134752,-0.6508957891905889
-0.7586875079693922,0.021851713756283968,-0.6510881413887885
-0.7582043539876399,0.030381851468575645,-0.651308759879312
-0.7576012036233644,0.03889960199075695,-0.6515575471386933
-0.7568783822543627,0.04740287996870034,-0.6518343972564596
-0.7560362560045341,0.05588961093443359,-0.6521391960281521
-0.755075231364086,0.0643577323390543,-0.6524718210533285
-0.7539957547800781,0.07280519456947655,-0.6528321418384064
-0.7527983122180183,0.08122996194799248,-0.6532200199041905
-0.7514834286952653,0.08963001371366863,-0.6536353088979328
-0.7500516677870227,0.09800334498463573,-0.6540778547097649
-0.7485036311057484,0.10634796770036982,-0.654547495593338
-0.7468399577548288,0.1146619115431043,-0.6550440622905049
-0.7450613237574022,0.12294322483755446,-0.6555673781598731
-0.7431684414612365,0.13118997542817912,-0.6561172593090588
-0.7411620589205963,0.1394002515332485,-0.6566935147304637
-0.7390429592560552,0.14757216257503214,-0.6572959464404
-0.736811959993226,0.15570383998546547,-0.6579243496213842
-0.7344699123814062,0.1637934379867016,-0.6585785127674195
-0.732017700693146,0.17183913434599812,-0.6592582178320858
-0.7294562415057618,0.1798391311044386,-0.6599632403792565
-0.7267864829658313,0.18779165527903294,-0.6606933497362588
-0.7240094040377096,0.19569495953778857,-0.6614483091492969
-0.7211260137371219,0.20354732284739074,-0.6622278759409547
-0.7181373503508817,0.21134705109317709,-0.663031801669598
-0.7150444806437973,0.21909247767113693,-0.6638598322904955
-0.7118484990538201,0.226781964051713,-0.6647117083184795
-0.7085505268764944,0.2344139003152266,-0.6655871649919681
-0.7051517114397597,0.24198670565879368,-0.666485932438174
-0.701653225270154,0.2494988288746424,-0.6674077358393239
-0.6980562652514566,0.2569487487997848,-0.6683522955997184
-0.694362051776805,0.26433497473704054,-0.6693193275134627
-0.6905718278953021,0.27165604684744826,-0.6703085429326993
-0.686686858454125,0.2789105365141429,-0.6713196489361811
-0.682708429237126,0.28609704667781616,-0.6723523484980235
-0.6786378461009072,0.2932142121439139,-0.6734063406564756
-0.6744764341093271,0.3002606998617639,-0.6744813206825601
-0.6702255366673843,0.3072352091758594,-0.6755769802484265
-0.6658865146553994,0.31413647204956135,-0.6766930075952757
-0.6614607455643999,0.3209632532615142,-0.6778290877007076
-0.6569496226335853,0.3277143505750992,-0.678984902445357
-0.6523545539907334,0.3343885948812849,-0.6801601307786803
-0.6476769617963786,0.34098485031525644,-0.6813544488837616
-0.6429182813925728,0.3475020143472385,-0.6825675303410149
-0.6380799604570105,0.3539390178479479,-0.6837990462906556
-0.6331634581632768,0.3602948251291397,-0.6850486655938273
-0.6281702443479471,0.366568433959731,-0.6863160549922688
-0.623101798685243,0.37275887555800935,-0.6876008792664127
-0.6179596098699152,0.3788652145604507,-0.6889028013918118
-0.6127451748090073,0.3848865489676935,-0.6902214826937935
-0.6074599978231103,0.39082201006822764,-0.6915565830002468
-0.6021055898577036,0.3966707623403777,-0.6929077607924524
-0.5966834677051397,0.4024320033331679,-0.69427467335387
-0.5911951532378049,0.40810496352667425,-0.6956569769167994
-0.5856421726529584,0.41368890617247656,-0.6970543268068441
-0.580026055729723,0.4191831271148343,-0.6984663775850983
-0.5743483350986718,0.42458695459321816,-0.6998927831879969
-0.568610545524427,0.42989974902683703,-0.701333197064759
-0.5628142232016566,0.43512090278180265,-0.7027872723123726
-0.5569609050648299,0.4402498399215844,-0.70425466180806
-0.5510521281120605,0.4452860159414033,-0.7057350183391794
-0.5450894287433411,0.4502289174872208,-0.7072279947305136
-0.5390743421134473,0.4550780620599784,-0.7087332439689058
-0.5330084014997556,0.4598329977057394,-0.7102504193252045
-0.5268931376852045,0.4644933026923916,-0.711779174473484
-0.5207300783565902,0.46905858517355653,-0.7133191636075125
-0.5145207475183725,0.4735284828403573,-0.7148700415544386
-0.5082666649221373,0.4779026625616867,-0.71643146388568
-0.5019693455118394,0.4821808200136138,-0.7180030870249895
-0.4956302988849232,0.4863626792985637,-0.7195845683536886
-0.4892510287694041,0.49044799255489263,-0.7211755663130551
-0.48283303251695897,0.494436539557481,-0.7227757405038583
-0.4763778006120663,0.4983281273099512,-0.724384751783034
-0.4698868161972031,0.5021225896291116,-0.7260022623575016
-0.4633615546140985,0.5058197867222216,-0.7276279358751231
-0.4568034829610111,0.5094196047576544,-0.7292614375128061
-0.4502140596659933,0.5129219554295329,-0.7309024340617629
-0.4435947340760746,0.5163267755168963,-0.7325505940099301
-0.43694694606228807,0.519634026437946,-0.7342055876215653
-0.4302721256404456,0.5228436937999088,-0.7358670870140339
-0.42357169260754834,0.5259557869450397,-0.7375347662318033
-0.4168470561937105,0.5289703384932763,-0.7392083013176639
-0.4100996147294557,0.5318874038820448,-0.7408873703812009
-0.40333075532823254,0.5347070609037007,-0.7425716536645361
-0.3965418535839874,0.5374294092410785,-0.7442608336053704
-0.3897342732836153,0.5400545700016085,-0.7459545948973504
-0.38290936613410137,0.5425826852504424,-0.7476526245477911
-0.3760684715041564,0.545013917543024,-0.7493546119327841
-0.36921291618013796,0.5473484494575174,-0.7510602488497246
-0.36234401413603873,0.5495864831274978,-0.7527692295672895
-0.3554630663173202,0.5517282397752942,-0.7544812508729054
-0.34857136043835657,0.5537739592463564,-0.7561960121177367
-0.34167017079324974,0.5557238995450118,-0.7579132152592389
-0.3347607580797696,0.5575783363719538,-0.7596325649013097
-0.3278443692361676,0.5593375626637991,-0.761353768332081
-0.32092223729060587,0.561001888135031,-0.7630765355593908
-0.31399558122294047,0.5625716388226353,-0.7648005793439767
-0.30706560583859277,0.564047156633719,-0.7665256152304338
-0.30013350165423935,0.5654287988963946,-0.7682513615759787
-0.29320044479504803,0.5667169379141906,-0.7699775395770642
-0.2862675969031841,0.5679119605242436,-0.771703873293886
-0.27933610505731027,0.5690142676595102,-0.7734300896728304
-0.2724071017028022,0.5700242739152268,-0.7751559185669022
-0.26548170459239695,0.5709424071198292,-0.7768810927541809
-0.2585610167369969,0.5717691079105379,-0.7786053479543523
-0.2516461263663449,0.5725048293137941,-0.7803284228433545
-0.24473810689929235,0.5731500363307303,-0.7820500590661913
-0.23783801692337697,0.573705205527838,-0.7837700012479534
-0.2309469001834321,0.5741708246329914,-0.7854879970030954
-0.22406578557894782,0.5745473921369684,-0.7872037969430137
-0.2171956871699067,0.5748354169006072,-0.7889171546819712
-0.21033760419081804,0.575035417767718,-0.7906278268414115
-0.20349252107267746,0.5751479231838661,-0.7923355730527134
-0.19666140747257996,0.5751734708211287,-0.7940401559584253
-0.18984521831071707,0.5751126072089202,-0.7957413412120264
-0.18304489381449218,0.5749658873709702,-0.7974388974762607
-0.17626135956949107,0.5747338744685316,-0.7991325964200838
-0.1694955265770463,0.5744171394498838,-0.800822212714272
-0.16274829131813964,0.5740162607061903,-0.802507524025731
-0.15602053582338873,0.573531823733764,-0.8041883110105527
-0.14931312774886804,0.5729644208027801,-0.8058643573058589
-0.14262692045751876,0.572314650632472,-0.8075354495204753
-0.1359627531059053,0.5715831180728413,-0.8092013772244774
-0.1293214507360806,0.570770433792899,-0.8108619329376496
-0.12270382437232635,0.5698772139754555,-0.8125169121168977
-0.11611067112253926,0.5689040800184657,-0.814166113142654
-0.10954277428403769,0.567851658242932,-0.8158093373043169
-0.10300090345356838,0.5667205796073609,-0.8174463887847605
-0.09648581464129678,0.5655114794287621,-0.8190770746439544
-0.08999825038856994,0.5642249971101789,-0.8207012048017324
-0.08353893988924424,0.562861775874725,-0.8223185920197428
-0.07710859911437647,0.5614224625061062,-0.8239290518826232
-0.07070793094007964,0.5599077070955962,-0.8255324027784283
-0.06433762527835135,0.558318162795433,-0.8271284658783513
-0.05799835921068574,0.5566544855785962,-0.8287170651157709
-0.05169079712428586,0.5549173340049256,-0.8302980271646572
-0.045415590850697324,0.5531073689935337,-0.8318711814173713
-0.03917337980668894,0.5512252536014633,-0.833436359961889
-0.03296479113721103,0.5492716528085373,-0.8349933975584823
-0.026790439860266274,0.5472472333083463,-0.8365421316158881
-0.02065092901353286,0.5451526633053146,-0.8380824021669948
-0.014546849802584277,0.5429886123177835,-0.8396140518440774
-0.008478781750554625,0.540755750987048,-0.8411369258536093
-0.0024472928491027306,0.538454750892283,-0.8426508719506793
0.003547060289467034,0.5360862843712878,-0.8441557404130411
0.009503732279064949,0.5336510243469812,-0.8456513840148231
0.015422188805790587,0.5311496441595746,-0.8471376579999238
0.021301906473150962,0.52858281740435,-0.8486144200551207
0.027142372646646908,0.525951217774967,-0.8500815302829134
0.032943085297848444,0.5232555189122235,-0.8515388511741309
0.038703552848075536,0.5204963942581926,-0.8529862475803208
0.044423294011796774,0.5176745169156561,-0.8544235866859502
0.050101837639854305,0.5147905595127561,-0.855850737980434
0.05573872256261974,0.5118451940727836,-0.8572675732300167
0.06133349743318153,0.5088390918890248,-0.8586739664495288
0.06688572057066099,0.5057729234045802,-0.8600697938740368
0.07239495980374991,0.5026473580970781,-0.8614549339304067
0.07786079231455957,0.4994630643681975,-0.8628292672088025
0.08328280448286743,0.49622070943791974,-0.8641926764341366
0.08866059173084348,0.49292095924342366,-0.8655450464374917
0.0939937583683363,0.4895644783425433,-0.8668862641275316
0.099281917438794,0.4861519298217047,-0.8682162184619158
0.10452469056589336,0.4826839752082585,-0.8695348004187399
0.10972170780094645,0.47916127438712663,-0.8708419029680121
0.11487260747115108,0.47558448552167976,-0.8721374210431851
0.11997703602874908,0.4719542649787637,-0.8734212515127573
0.12503464790115237,0.4682712672577937,-0.8746932931519567
0.13004510534209532,0.4645361449238347,-0.875953446614525
0.13500807828386774,0.4607495485445869,-0.8772016144046114
0.13992324419068158,0.4569121266311966,-0.8784377008487922
0.14479028791322043,0.45302452558281336,-0.879661612068228
0.14960890154441944,0.4490873896348126,-0.8808732559509695
0.15437878427652077,0.44510136081060836,-0.8820725421244265
0.15909964225944637,0.4410670788769764,-0.8832593819280083
0.16377118846052888,0.43698518130281183,-0.8844336883859495
0.16839314252563825,0.43285630322124574,-0.8855953761803282
0.1729652306417402,0.42868107739504513,-0.886744361624292
0.17748718540091996,0.4244601341852226,-0.8878805626354945
0.18195874566590334,0.42019410152278275,-0.8890038987097596
0.18637965643710508,0.4158836048835324,-0.8901142908949753
0.19074966872123184,0.4115292672658835,-0.8912116617652315
0.19506853940146715,0.4071317091715794,-0.8922959353952066
0.1993360311092616,0.402691548589274,-0.8933670373348123
0.2035519120977519,0.3982094009808955,-0.894424894584104
0.2077159561168297,0.3936858792707289,-0.8954694355684645
0.2118279422898803,0.3891215938371492,-0.8965005901140679
0.21588765499220897,0.38451715250694196,-0.8975182894236295
0.21989488373117208,0.37987316055214565,-0.8985224660524512
0.22384942302802838,0.3751902206893531,-0.8995130538847634
0.22775107230152508,0.3704689330814118,-0.9004899881103765
0.23159963575323067,0.3657098953414592,-0.90145320520164
0.23539492225462796,0.36091370253923555,-0.902402642890721
0.23913674523597622,0.35608094720961564,-0.9033382401472035
0.24282492257695382,0.35121221936330005,-0.9042599371560158
0.2464592764990882,0.34630810649961075,-0.9051676752956881
0.2500396334599829,0.34136919362133594,-0.9060613971169484
0.2535658240493461,0.3363960632515682,-0.9069410463216575
0.25703768288682893,0.33138929545248463,-0.9078065677420912
0.2604550485216766,0.32634946784601493,-0.9086579073205682
0.2638177633341981,0.3212771556363473,-0.909495012089434
0.2671256734390573,0.3161729316342217,-0.9103178301513993
0.2703786285903889,0.311037366282962,-0.9111263106602394
0.27357648208874047,0.30587102768619717,-0.9119204038018552
0.27671909068984396,0.3006744816372266,-0.9127000607757025
0.27980631451521637,0.2954482916499821,-0.9134652337765893
0.28283801696459066,0.29019301899154243,-0.9142158759768463
0.28581406463017717,0.28490922271615465,-0.9149519415088717
0.2887343272127551,0.27959745970072175,-0.9156733854480544
0.2915986774395935,0.2742582846817113,-0.9163801637960772
0.2944069909842008,0.2688922502934471,-0.9170722334646029
0.29715914638790064,0.26349990710774024,-0.9177495522593442
0.2998550249832333,0.25808180367482253,-0.9184120788645231
0.30249451081918105,0.25263848656554333,-0.9190597728277178
0.30507749058821293,0.2471705004147909,-0.9196925945451017
0.3076038535551499,0.24167838796610222,-0.9203105052470759
0.3100734914878445,0.23616269011742608,-0.9209134669842973
0.31248629858967497,0.23062394596800256,-0.9215014426141028
0.3148421714338489,0.22506269286632594,-0.922074395787334
0.3171410088995145,0.21947946645915622,-0.9226322909355612
0.31938271210967684,0.213874800741548,-0.9231750932587114
0.3215671843709135,0.20824922810786198,-0.9237027687130979
0.3236943311148908,0.20260327940373085,-0.9242152839998575
0.3257640598416732,0.19693748397894614,-0.9247126065537946
0.32777628006482523,0.1912523697412374,-0.9251947045326331
0.32973090325830207,0.1855484632109139,-0.9256615468066783
0.3316278428051263,0.17982628957634,-0.9261131029488919
0.33346701394784717,0.17408637275021632,-0.9265493432253779
0.33524833374078045,0.1683292354266387,-0.9269702385862848
0.336971721004025,0.1625553991389083,-0.927375760657122
0.338637096279255,0.1567653843180663,-0.9277658817304955
0.34024438178728367,0.15095971035212688,-0.928140574758259
0.3417935013873988,0.14513889564598387,-0.9284998133440882
0.34328438053846483,0.13930345768196523,-0.9288435717364746
0.3447169462617927,0.1334539130810112,-0.9291718248221426
0.34609112710577317,0.12759077766445232,-0.9294845481198899
0.34740685311227504,0.12171456651636317,-0.929781717774855
0.3486640557848044,0.11582579404646887,-0.9300633105532096
0.3498626680584262,0.10992497405358145,-0.9303293038372806
0.3510026242714458,0.10401261978954324,-0.9305796756211014
0.3520838601388517,0.09808924402365529,-0.9308144045063943
0.3531063127275184,0.09215535910756888,-0.9310334696989851
0.35406992043317004,0.0862114770406181,-0.9312368510056525
0.35497462295910504,0.08025810953557261,-0.9314245288314118
0.35582036129668365,0.07429576808478877,-0.9315964841772371
0.35660707770757805,0.06832496402673863,-0.9317526986382204
0.35733471570778813,0.062346208612895505,-0.9318931544021726
0.3580032200534236,0.05636001307495589,-0.9320178342486644
0.35861253672825577,0.050366888692376675,-0.932126721548511
0.35916261293304047,0.04436734686020763,-0.9322198002637023
0.3596533970766164,0.038361899157198454,-0.9322970549477794
0.36008483876878133,0.03235105741416023,-0.9323584707466578
0.3604568888149498,0.02633533378256093,-0.9324040333999034
0.3607694992125971,0.02031524080333454,-0.9324337292424564
0.3610226231494934,0.014291291475883709,-0.9324475452068123
0.36121621500373324,0.008263999327255323,-0.9324454688256553
0.36135023034556574,0.002233878481468642,-0.9324274882349495
0.3614246259410303,-0.0037985562710245733,-0.9323935921774894
0.36143935975740515,-0.009832789403768666,-0.9323437700069102
0.3613943909704742,-0.015868304584642234,-0.9322780116921611
0.36128967997361894,-0.02190458460612687,-0.932196307822442
0.36112518838874363,-0.02794111131552773,-0.9320986496126082
0.3609008790790398,-0.03397736554516739,-0.9319850289090412
0.36061671616359925,-0.04001282704257473,-0.9318554381959914
0.36027266503388367,-0.04604697440069082,-0.9317098706023915
0.35986869237205915,-0.05207928498811434,-0.9315483199091452
0.3594047661712052,-0.05810923487940882,-0.9313707805568903
0.3588808557574073,-0.06413629878549525,-0.9311772476542416
0.3582969318137433,-0.07015994998415306,-0.9309677169865125
0.3576529664061734,-0.07617966025065369,-0.9307421850249185
0.356948933011345,-0.08219489978855098,-0.9305006489362662
0.35618480654632234,-0.08820513716065295,-0.9302431065931257
0.355360563400253,-0.09420983922020085,-0.9299695565844931
0.3544761814679827,-0.1002084710422809,-0.9296799982269417
0.35353164018562994,-0.10620049585549526,-0.9293744315762649
0.35252692056813306,-0.11218537497391962,-0.9290528574396133
0.35146200524878224,-0.1181625677293745,-0.9287152773881272
0.35033687852074913,-0.12413153140403929,-0.928361693770066
0.34915152638062735,-0.13009172116343765,-0.9279921097244376
0.3479059365739969,-0.13604258998982394,-0.9276065291951275
0.3466000986430268,-0.14198358861600183,-0.9272049569455322
0.345234003976129,-0.14791416545960542,-0.926787398573696
0.34380764585967794,-0.15383376655787623,-0.9263538605279534
0.3423210195318106,-0.1597418355029678,-0.9259043501230808
0.34077412223832027,-0.16563781337781253,-0.925438875556954
0.3391669532906599,-0.17152113869258515,-0.9249574459277196
0.337499514126069,-0.17739124732179906,-0.9244600712514759
0.3357718083698393,-0.1832475724420712,-0.9239467624804666
0.3339838418997342,-0.18908954447059428,-0.9234175315217903
0.3321356229125763,-0.19491659100435407,-0.9228723912566225
0.3302271619930198,-0.20072813676013213,-0.9223113555599549
0.32825847218452087,-0.20652360351533508,-0.9217344393208518
0.32622956906252193,-0.21230241004969114,-0.9211416584632214
0.3241404708098663,-0.2180639720878588,-0.9205330299671075
0.3219911982944552,-0.22380770224299076,-0.919908571890497
0.3197817751491649,-0.22953300996129905,-0.9192683033916459
0.3175122278540368,-0.2352393014676682,-0.9186122447519246
0.3151825858207569,-0.2409259797123649,-0.9179404173991788
0.3127928814794366,-0.24659244431889288,-0.9172528439316092
0.31034315036771115,-0.25223809153304416,-0.9165495481421677
0.3078334312221688,-0.25786231417319927,-0.9158305550434691
0.30526376607212347,-0.26346450158192875,-0.9150958908932165
0.30263420033574556,-0.2690440395789528,-0.9143455832201427
0.2999447829185622,-0.2746003104155134,-0.9135796608504595
0.29719556631433985,-0.2801326927302189,-0.9127981539348201
0.2943866067083612,-0.28564056150641903,-0.9120010939757882
0.29151796408310715,-0.2911232880311717,-0.9111885138558101
0.28858970232635434,-0.2965802398558655,-0.9103604478656921
0.2856018893416987,-0.30201078075856,-0.9095169317335753
0.2825545971615133,-0.30741427070811145,-0.9086580026544062
0.2794479020623495,-0.31279006583014995,-0.9077836993198998
0.27628188468278875,-0.3181375183749787,-0.9068940619489889
0.27305663014375164,-0.32345597668746545,-0.9059891323187581
0.2697722281712697,-0.32874478517899824,-0.9050689537958545
0.2664287732217239,-0.3340032843015805,-0.9041335713683708
0.2630263646095546,-0.3392308105241415,-0.9031830316781952
0.25956510663744364,-0.3444266963111399,-0.9022173830538216
0.2560451087289711,-0.3495902701035397,-0.901236675543613
0.2524664855637449,-0.3547208563022404,-0.9002409609495098
0.24882935721500166,-0.35981777525404457,-0.8992302928611775
0.24513384928967635,-0.36488034324024804,-0.8982047266905832
0.24138009307093458,-0.36990787246793877,-0.8971643197069922
0.23756822566316188,-0.37489967106409455,-0.8961091310723771
0.23369839013940044,-0.37985504307256834,-0.8950392218772258
0.2297707356912242,-0.38477328845405556,-0.893954655176741
0.22578541778103875,-0.3896537030891356,-0.8928554960274173
0.2217425982967931,-0.39449557878448555,-0.8917418115239865
0.21764244570908517,-0.3992982032823616,-0.8906136708367136
0.2134851352306434,-0.4040608602734509,-0.8894711452490366
0.20927084897816334,-0.40878282941319233,-0.8883143081955304
0.2049997761364741,-0.41346338634167085,-0.8871432353001818
0.2006721131250105,-0.41810180270719094,-0.8859580044149611
0.19628806376656013,-0.42269734619363436,-0.8847586956586715
0.1918478394582548,-0.42724928055171185,-0.8835453914560613
0.1873516593447702,-0.43175686563421783,-0.8823181765771786
0.18279975049369798,-0.4362193574354011,-0.881077138176952
0.17819234807304718,-0.4406360081345629,-0.8798223658349745
0.17352969553083175,-0.44500606614399907,-0.8785539515954723
0.1688120447766964,-0.4493287761614013,-0.8772719900074367
0.16403965636552886,-0.4536033792268347,-0.8759765781648934
0.15921279968300464,-0.4578291127844123,-0.8746678157472912
0.15433175313300335,-0.46200521074878526,-0.8733458050599797
0.1493968043268363,-0.46613090357657117,-0.8720106510747552
0.1444082502742162,-0.4702054183428414,-0.8706624614704443
0.1393663975758991,-0.4742279788227939,-0.8693013466735021
0.13427156261792253,-0.4781978055787329,-0.8679274198985915
0.12912407176735943,-0.482114116052483,-0.8665407971891174
0.1239242615695035,-0.4859761246633621,-0.8651415974576842
0.1186724789463966,-0.48978304291184144,-0.8637299425264441
0.11336908139660266,-0.4935340794890176,-0.862305957167303
0.10801443719612985,-0.4972284403920265,-0.8608697691419511
0.10260892560039499,-0.5008653290455243,-0.8594215092416825
0.09715293704712065,-0.5044439464293649,-0.8579613113269655
0.09164687336004906,-0.5079634912126003,-0.8564893123667298
0.08609114795335139,-0.5114231598939315,-0.8550056524773274
0.08048618603660529,-0.5148221469487356,-0.8535104749611311
0.07483242482020769,-0.5181596449827973,-0.8520039263447262
0.06913031372108373,-0.521434844892867,-0.8504861564166557
0.06338031456854656,-0.5246469360341729,-0.8489573182646738
0.057582901810156094,-0.5277951063950055,-0.8474175683124625
0.05173856271741935,-0.5308785427785008,-0.8458670663557669
0.04584779759116722,-0.5338964309917376,-0.8443059755979015
0.03991111996643668,-0.5368479560422681,-0.8427344626845777
0.03392905681668041,-0.5397323023421973,-0.8411526977380038
0.027902148757119046,-0.5425486539199226,-0.8395608543902079
0.021830950247044106,-0.5452961946396442,-0.8379591098155293
0.015716029790872704,-0.5479741084287535,-0.8363476447622276
0.009557970137748124,-0.5505815795132014,-0.8347266435831519
0.003357368479472927,-0.5531177926609472,-0.8330962942654195
-0.0028851633534459574,-0.5555819334335834,-0.8314567884590428
-0.009168998697867919,-0.5579731884462269,-0.8298083215044484
-0.015493495866440473,-0.5602907456357636,-0.8281510924588319
-0.021857997958614768,-0.5625337945375276,-0.8264853041212845
-0.028261832674504904,-0.5647015265704901,-0.8248111630566336
-0.03470431213184859,-0.5667931353310292,-0.823128879617935
-0.04118473268633416,-0.5688078168953432,-0.8214386679675538
-0.047702374755566164,-0.5707447701305653,-0.8197407460967691
-0.054256502646949645,-0.5726031970146291,-0.8180353358438421
-0.060846364389779785,-0.5743823029649275,-0.8163226629104771
-0.06747119157183179,-0.5760812971758017,-0.8146029568766141
-0.07413019918075214,-0.5776993929648833,-0.812876451213484
-0.08082258545056024,-0.5792358081283097,-0.8111433832948594
-0.08754753171357593,-0.580689765304822,-0.8094039944064345
-0.0943042022580954,-0.5820604923487415,-0.8076585297532647
-0.10109174419214446,-0.5833472227118152,-0.8059072384651984
-0.1079092873136452,-0.5845491958339094,-0.8041503736002311
-0.11475594398733731,-0.5856656575425169,-0.8023881921457137
-0.12163080902880251,-0.5866958604610342,-0.8006209550173451
-0.12853295959594577,-0.5876390644257532,-0.7988489270558812
-0.13546145508829188,-0.5884945369114967,-0.7970723770214885
-0.14241533705446294,-0.5892615534658184,-0.7952915775856766
-0.14939362910820472,-0.5899393981516707,-0.7935068053207387
-0.1563953368533371,-0.590527363998432,-0.7917183406866326
-0.16341944781800505,-0.5910247534611701,-0.7899264680152335
-0.17046493139861313,-0.5914308788880044,-0.7881314754918933
-0.17753073881382744,-0.5917450629954129,-0.7863336551342386
-0.1846158030690329,-0.5919666393513148,-0.7845333027681404
-0.1917190389316361,-0.5920949528657452,-0.7827307180007956
-0.19883934291760516,-0.5921293602889188,-0.780926204190851
-0.2059755932896394,-0.592069230716465,-0.7791200684155135
-0.21312665006736223,-0.5919139461015978,-0.7773126214345802
-0.22029135504993058,-0.5916629017739682,-0.7755041776513348
-0.22746853185145416,-0.5913155069649273,-0.7736950550702487
-0.23465698594961448,-0.5908711853389073,-0.7718855752514339
-0.2418555047478742,-0.5903293755306178,-0.7700760632617936
-0.2490628576516617,-0.5896895316877228,-0.7682668476228182
-0.2562777961589144,-0.5889511240186557,-0.766458260254981
-0.2634990539653586,-0.588113639345206,-0.7646506364186837
-0.27072534708489804,-0.5871765816594896,-0.7628443146517108
-0.27795537398547876,-0.586139472684897,-0.7610396367031507
-0.2851878157407885,-0.5850018524405954,-0.7592369474637479
-0.29242133619814337,-0.5837632798091373,-0.7574365948926493
-0.299654582162903,-0.5824233331067097,-0.7556389299405152
-0.30688618359974745,-0.5809816106555372,-0.7538443064689683
-0.31411475385113746,-0.5794377313579354,-0.7520530811663553
-0.32133888987326686,-0.5777913352714841,-0.7502656134598015
-0.328557172489805,-0.5760420841847781,-0.7484822654235448
-0.3357681666637108,-0.5741896621931891,-0.7467034016835347
-0.3429704217873862,-0.5722337762740513,-0.7449293893182907
-0.3501624719914206,-0.5701741568606697,-0.743160597756018
-0.3573428364721598,-0.568010558414527,-0.7413973986679806
-0.3645100198383152,-0.5657427599950461,-0.7396401658581413
-0.3716625124768103,-0.5633705658262529,-0.7378892751490786
-0.37879879093803887,-0.5608938058596593,-0.7361451042641979
-0.38591731834068976,-0.5583123363326759,-0.7344080327062605
-0.39301654479626885,-0.5556260403218428,-0.7326784416322569
-0.40009490785342644,-0.5528348282901572,-0.7309567137246573
-0.4071508329621723,-0.5499386386277559,-0.72924323305908
-0.41418273395803396,-0.5469374381852019,-0.72753838496842
-0.42118901356618976,-0.543831222798608,-0.7258425559034899
-0.428168063925577,-0.5406200178058232,-0.7241561332902281
-0.43511826713294804,-0.5373038785528909,-0.7224795053835376
-0.44203799580681824,-0.533882890889983,-0.7208130611178227
-0.4489256136712163,-0.5303571716560064,-0.7191571899542987
-0.45577947615911807,-0.5267268691510645,-0.7175122817251544
-0.46259793103541197,-0.5229921635959603,-0.715878726474654
-0.4693793190392107,-0.5191532675779148,-0.7142569142972722
-0.4761219745452893,-0.5152104264816761,-0.7126472351729601
-0.48282422624439647,-0.5111639189051945,-0.7110500787996467
-0.489484397842149,-0.5070140570590316,-0.709465834423089
-0.49610080877618606,-0.5027611871486839,-0.7078948906641863
-0.5026717749512206,-0.4984056897389951,-0.7063376353438816
-0.5091956094915913,-0.493947980099843,-0.7047944553057808
-0.5156706235108804,-0.4893885085322905,-0.7032657362366236
-0.5220951268981264,-0.48472776067440054,-0.7017518624847464
-0.5284674291201217,-0.4799662577859236,-0.700253216876685
-0.5347858400392508,-0.47510455701108156,-0.6987701805320667
-0.5410486707462844,-0.47014325161868326,-0.6973031326769515
-0.5472542344075119,-0.4650829712188254,-0.6958524504557827
-0.5534008471255509,-0.4599243819554485,-0.6944185087421139
-0.559486828813147,-0.4546681866740409,-0.693001679948287
-0.5655105040792272,-0.4493151250638012,-0.691602333834234
-0.5714702031264495,-0.44386597377359965,-0.6902208373155863
-0.5773642626594437,-0.43832154650109756,-0.6888575542712754
-0.5831910268029151,-0.43268269405441934,-0.6875128453508133
-0.5889488480287403,-0.4269503043857946,-0.6861870677814449
-0.5946360880911598,-0.4211253025966243,-0.684880575175369
-0.6002511189691387,-0.4152086509134558,-0.6835937173372244
-0.6057923238149349,-0.40920134863438806,-0.6823268400720429
-0.6112580979078873,-0.40310443204546326,-0.6810802849938739
-0.6166468496124126,-0.39691897430664325,-0.6798543893352819
-0.6219570013391681,-0.3906460853070062,-0.6786494857579289
-0.627186990508319,-0.38428691148884114,-0.6774659021644449
-0.6323352705138243,-0.37784263564036485,-0.6763039615117978
-0.6374003116876344,-0.37131447665682354,-0.675163981626372
-0.6423806022626797,-0.3647036892697959,-0.674046275020964
-0.6472746493335066,-0.35801156374455395,-0.6729511487139058
-0.6520809798134077,-0.3512394255453909,-0.6718789040505216
-0.6567981413868801,-0.34438863496887423,-0.6708298365271297
-0.661424703456235,-0.3374605867450298,-0.6698042356177899
-0.6659592580811762,-0.33045670960651674,-0.6688023846040053
-0.670400420910154,-0.32337846582590296,-0.6678245604075773
-0.6747468321023098,-0.31622735072120384,-0.6668710334268136
-0.6789971572388125,-0.30900489212989907,-0.6659420673762854
-0.6831500882224019,-0.3017126498516955,-0.6650379191303251
-0.6872043441639509,-0.2943522150603573,-0.6641588385704549
-0.6911586722548695,-0.28692520968497637,-0.6633050684369285
-0.695011848624184,-0.27943328576111137,-0.6624768441845674
-0.6987626791791336,-0.2718781247522732,-0.6616743938430645
-0.7024100004281454,-0.2642614368422888,-0.6608979378819261
-0.7059526802850635,-0.25658496019912713,-0.6601476890802145
-0.7093896188535309,-0.24885046021082002,-0.65942385240125
-0.7127197491904408,-0.241059728694162,-0.6587266248724217
-0.7159420380474057,-0.2332145830769231,-0.6580561954702531
-0.7190554865892121,-0.2253168655543531,-0.6574127450108592
-0.7220591310882665,-0.21736844222080673,-0.656796446045925
-0.7249520435940636,-0.20937120217736038,-0.6562074627643288
-0.727733332576748,-0.20132705661633782,-0.6556459508995249
-0.7304021435438705,-0.19323793788370153,-0.655112057642793
-0.7329576596294863,-0.18510579852030842,-0.6546059215624506
-0.7353991021547781,-0.17693261028306706,-0.6541276725291222
-0.7377257311594282,-0.16872036314706781,-0.6536774316471456
-0.7399368459030147,-0.16047106428979335,-0.6532553111921856
-0.7420317853357458,-0.1521867370585487,-0.6528614145551244
-0.7440099285378967,-0.1438694199222788,-0.6524958361922787
-0.7458706951273641,-0.13552116540896925,-0.6521586615819938
-0.7476135456348006,-0.12714403902985158,-0.6518499671876478
-0.7492379818458431,-0.1187401181916549,-0.6515698204270974
-0.7507435471100044,-0.11031149109816775,-0.6513182796485814
-0.7521298266158472,-0.10186025564238847,-0.6510953941130921
-0.7533964476321169,-0.09338851829055976,-0.6509012039832165
-0.7545430797145595,-0.08489839295939187,-0.6507357403184344
-0.7555694348782125,-0.0763919998877906,-0.6505990250768615
-0.7564752677350077,-0.06787146450441027,-0.6504910711234052
-0.7572603755965804,-0.05933891629235685,-0.6504118822443012
-0.7579245985422366,-0.05079648765236645,-0.6503614531679847
-0.7584678194520873,-0.042246312765782744,-0.6503397695922432
-0.7588899640054088,-0.033690526458652,-0.6503468082175914
-0.7591910006443474,-0.025131263068247176,-0.6503825367867969
-0.75937094050314,-0.016570655313322455,-0.6504469141304797
-0.7594298373030751,-0.008010833169386965,-0.6505398902186993
-0.7593677872134701,0.0005460772497286264,-0.6506614062184382
-0.7591849286789984,0.00909795480275672,-0.6508113945568801
-0.7588814422137424,0.017642684423092723,-0.6509897789903752
-0.7584575501624028,0.026178158210896783,-0.6511964746789801
-0.7579135164291454,0.03470227651400852,-0.6514313882664489
-0.7572496461746065,0.04321294899651284,-0.6516944179655506
-0.7564662854816285,0.05170809569382372,-0.6519854536485808
-0.7555638209903394,0.06018564805318395,-0.6523043769429244
-0.7545426795032323,0.06864354995851137,-0.6526510613315326
-0.7534033275609404,0.077079758738557,-0.6530253722581597
-0.7521462709894422,0.08549224615737658,-0.6534271672372088
-0.7507720544194654,0.09387899938615431,-0.6538562959680284
-0.7492812607788983,0.10223802195545797,-0.6543126004534989
-0.747674510759042,0.11056733468704374,-0.6547959151227432
-0.7459524622555723,0.11886497660437162,-0.6553060669577929
-0.7441158097851073,0.12712900582103465,-0.6558428756240396
-0.7421652838782997,0.13535750040634942,-0.656406153604297
-0.7401016504504012,0.14354855922739887,-0.6569957063362972
-0.7379257101502618,0.1517003027668644,-0.6576113323534456
-0.7356382976887511,0.15981087391602997,-0.6582528234286514
-0.7332402811476053,0.1678784387423868,-0.6589199647210575
-0.7307325612697106,0.17590118723131298,-0.6596125349254843
-0.7281160707318595,0.18387733400135153,-0.6603303064244086
-0.7253917734010121,0.1918051189926543,-0.6610730454422935
-0.722560663575115,0.19968280812820713,-0.6618405122020887
-0.7196237652095264,0.20750869394749955,-0.6626324610837198
-0.7165821311301069,0.21528109621234526,-0.6634486407843829
-0.7134368422340315,0.22299836248460964,-0.6642887944804703
-0.7101890066793812,0.2306588686756434,-0.6651526599909423
-0.7068397590645714,0.23826101956726647,-0.6660399699419738
-0.7033902595986623,0.2458032493041923,-0.6669504519326963
-0.6998416932636,0.25328402185782417,-0.6678838287018655
-0.6961952689694224,0.2607018314613997,-0.6688398182952819
-0.6924522187034554,0.2680552030164995,-0.6698181342337972
-0.6886137966745146,0.2753426924709795,-0.6708184856817394
-0.6846812784531113,0.28256288716842237,-0.6718405776155968
-0.6806559601086525,0.2897144061692466,-0.672884110992799
-0.676539157344601,0.29679590054364535,-0.6739487829204412
-0.6723322046325492,0.3038060536365657,-0.6750342868237971
-0.6680364543461407,0.31074358130497315,-0.6761403126144723
-0.6636532758957501,0.3176072321276797,-0.6772665468580549
-0.659184054864814,0.32439578758804627,-0.6784126729411186
-0.6546301921486821,0.3311080622299016,-0.6795783712374455
-0.649993103096833,0.3377429037870476,-0.680763319273331
-0.6452742166592768,0.34429919328675085,-0.6819671918918458
-0.6404749745379391,0.35077584512764604,-0.6831896614159293
-0.6355968303437985,0.357171807132501,-0.6844303978101938
-0.6306412487605183,0.3634860605763179,-0.6856890688413251
-0.6256097047152913,0.36971762019026627,-0.6869653402369672
