X,Y,Z
0.8848297582440362,-0.4611507908182075,0.0664548497368149
0.8833878053652767,-0.4673016378483345,0.03542830219167019
0.8801719095370446,-0.474650373566328,0.0021053587005065554
0.8748890849757445,-0.48316104429336,-0.03353347980234506
0.8672390215372363,-0.492739253783766,-0.07144583475440963
0.8569379510198383,-0.5032140959685734,-0.11150301215865306
0.8437561651949498,-0.51432016166806,-0.15346108626375998
0.8275710783526198,-0.5256845894870559,-0.19693100987429046
0.8084326033099508,-0.5368276605536868,-0.2413561450842954
0.7866273274253118,-0.5471879947259505,-0.2860117937699501
0.8150457188473611,-0.5214844079788906,-0.2524965117055967
0.7929602590139282,-0.5319206613343391,-0.29711014400421143
0.821210385839137,-0.5060231315943615,-0.263731098813491
0.7988537173900342,-0.5165262111651445,-0.30827489581784645
0.8269195396922728,-0.4904543502948163,-0.2750610934901721
0.8043022571672287,-0.5010135632623364,-0.31950475511778853
0.8321664065488837,-0.47478851737544586,-0.28648723458462155
0.8581237128807699,-0.4470838218555868,-0.2524673238791985
0.8373577074836612,-0.4588164393475569,-0.2971860439222158
0.863145526371314,-0.4309045349113362,-0.263250986889
0.8421037676546429,-0.44275166765996393,-0.3079483808792895
0.8677088886388792,-0.4146517622470773,-0.2741262494590306
0.8463994881546338,-0.42660404651470896,-0.31877404842434987
0.8718075802365403,-0.39833697742679486,-0.28509506389377154
0.8502401214349011,-0.4103832832070228,-0.3296623981690804
0.8754356478423777,-0.3819715908127467,-0.2961589611995159
0.8536213361837303,-0.3940988797601759,-0.3406122243603091
0.878587471608214,-0.3655668699786709,-0.30731891953975643
0.9015372180311515,-0.33577718108517973,-0.2729181730247045
0.8816558524833621,-0.34888353074934925,-0.3177471317788791
0.9044068838915856,-0.3189177736706622,-0.28344248447694037
0.884267308745869,-0.332162666972019,-0.3282366362144441
0.9068069137282313,-0.30204299813372965,-0.2940599403065098
0.8864179472875753,-0.3154146172671829,-0.3387873107728181
0.9087323422581306,-0.28516505177465545,-0.3047727405468047
0.8881042746365692,-0.29864948130234437,-0.3493984612016689
0.9101785239420199,-0.2682959685111863,-0.31558252143515564
0.9300971549041855,-0.23695176049311262,-0.2806655405252918
0.9115062291717215,-0.251180840974578,-0.32567557370557076
0.9312103018648661,-0.2196771744611027,-0.2908424190545994
0.9123749358272708,-0.2340742362008842,-0.3358291655308636
0.9318534192427256,-0.2024346263099523,-0.3011136448525558
0.9127817173542011,-0.21698697485733012,-0.346043623270506
0.9320226581147298,-0.18523693852630313,-0.3114820080938162
0.91272403552805,-0.19992959437404428,-0.356318666733615
0.9317144835318999,-0.16809673538215264,-0.321949699069199
0.9484524637340703,-0.13553869730050302,-0.2864737083413673
0.9312587898131477,-0.15074466143899584,-0.3317123956734122
0.947767288662137,-0.11804863888151579,-0.2963134917620916
0.9303465553403065,-0.13344748883085872,-0.34153631533288487
0.9466163207645272,-0.10063842263488197,-0.3062506312675824
0.9289759114733566,-0.1162163490866957,-0.35142213377533
0.9449969333331548,-0.08332131215797899,-0.31628840467397074
0.927145369863035,-0.09906203195323113,-0.361369861730102
0.942906812933256,-0.06611031910024952,-0.32642942243693834
0.9563582025127614,-0.032690329599154945,-0.2903624129209199
0.940646363931841,-0.0487217996823399,-0.33587289896257
0.9538550899796728,-0.015190281855853966,-0.2998828482207845
0.9379363882962934,-0.03143446877339177,-0.3453797991814799
0.9508951240115234,0.002182128467604714,-0.309505575792199
0.9347761443034643,-0.014259573064217438,-0.35495101720825517
0.9474769823528478,0.019413407279559175,-0.31923422048605493
0.9311652627631908,0.002792058847824757,-0.36458669453306747
0.9435996563671215,0.036490389786442125,-0.32907163347375273
0.9537014838942138,0.07041475881803001,-0.2923956931258964
0.9395352330697027,0.05371170485075649,-0.33821383558731677
0.9493838674959985,0.08771611241210553,-0.30162253855049903
0.9350328711172408,0.07078610804258076,-0.34742316681308627
0.9446231113657266,0.10484251352411568,-0.3109585580614879
0.9300929990010985,0.08770246206122012,-0.3567005625977382
0.9394192525611281,0.121780481390629,-0.3204075253013856
0.9463688728882466,0.15577731875489587,-0.2830536758103763
0.9340026175768056,0.138817100409413,-0.32919435443761563
0.9406949526567578,0.17288650042540057,-0.2918959815015586
0.9281631014378999,0.15567365031288719,-0.3380517293661427
0.9345955345998808,0.18978838998488617,-0.3008513814708319
0.9219020031668703,0.17233882554226235,-0.3469813046370446
0.9280717737439624,0.20646936572317443,-0.3099244807975088
0.9152209259536322,0.18880181611460378,-0.35598389138892716
0.9211250867364368,0.22291620938556467,-0.3191190031602048
0.9246878329879462,0.25673412226320164,-0.281140537791688
0.9139589530023321,0.23943036193065997,-0.3276463551035386
0.9172597370032206,0.2732829537058723,-0.2897429931621758
0.9063896038145172,0.25572121107074314,-0.3362507223865477
0.9094283384655928,0.28957979570689746,-0.29846882435869715
0.898419513883018,0.27177793938485145,-0.3449335135035821
0.9011961715573583,0.3056114666610753,-0.30732245576206596
0.9016523778380263,0.3388698810475696,-0.26868232777359813
0.8927304439478541,0.3216655719496153,-0.3155370251983029
0.892922801018662,0.3549458158373841,-0.276951871704311
0.8838823639979797,0.3374660993515699,-0.3238342143779429
0.8838133810638134,0.3707404825629435,-0.2853513659360098
0.8746553018415953,0.3530023617924807,-0.33221594713276276
0.8743277872057009,0.38624090180530174,-0.29388583887729275
0.8650528466927608,0.368264283948051,-0.3406831219725748
0.8644698760394718,0.4014346281728137,-0.30255920532030617
0.8616425292590321,0.43385347125211005,-0.26333119309074043
0.8543797921415147,0.4166241200183499,-0.31057931901393193
0.8512926552188887,0.4490217603680691,-0.27144110574180685
0.8439347173337622,0.4315209551906645,-0.31869085037088746
0.840593348011843,0.4638684839101071,-0.2796942132279094
0.8331390793251992,0.4461153599038776,-0.32689502926626696
0.8295495339277783,0.47838158789843216,-0.2880948231398482
0.8237834947498696,0.5096567399957681,-0.2482554352971507
0.8182691623473999,0.49284931269370325,-0.29586336868329743
0.8122461333222724,0.5240863357794358,-0.2561049229364831
0.8066600583423522,0.5069980563539277,-0.3037310012633754
0.8003883148432512,0.5381692755636377,-0.26410675171545683
0.7947274626774967,0.5208184762429053,-0.3116991736758475
0.7882159981353248,0.5518940494416598,-0.2722654926251589
0.7796173773618461,0.5817568506716261,-0.23185278003955093
0.7758072920554604,0.56553384680431,-0.2798115682245696
0.7669561326833325,0.595340288938622,-0.23947490663095494
0.7630982424172632,0.5788305862011215,-0.2874651716256252
0.7540055170272936,0.6085543957472542,-0.2472594340143527
0.7500948565011961,0.5917754789240592,-0.2952278591099598
0.7407724608694469,0.6213883483282565,-0.2552110534034626
0.7294701334016405,0.6495858751958855,-0.21426972539532627
0.7273073178943796,0.6340997335091401,-0.2625673119429025
0.7157589455131855,0.6622217196197628,-0.22170143432485284
0.7135722022650618,0.6464464198278561,-0.2700402533814859
0.7017914441048656,0.6744681724966692,-0.22930646146633246
0.6995738201342728,0.6584202863898162,-0.27763140429910427
0.6875754466232747,0.6863152296588259,-0.2370894572501218
0.6737187343678422,0.7126120398332553,-0.19567101892329342
0.6731353148239317,0.698004476469921,-0.24429203581950418
0.6590414733229147,0.7242060379432743,-0.20295307597291287
0.6584573960868757,0.7093100121460896,-0.25162107266245737
0.6441427672957617,0.7353934086456503,-0.21042012703420254
0.6435490063714666,0.7202244861628636,-0.25907791478575964
0.6290312115570873,0.7461650836405697,-0.2180765985673031
0.6127876424940513,0.7703446784640805,-0.1762395573322159
0.613706596958602,0.756746281513097,-0.2251650023107334
0.5972376010707172,0.7808108947822079,-0.1834164508889613
0.5981780027947168,0.766927576214685,-0.2323901241748289
0.5815026039934033,0.7908562826091909,-0.19079062295213228
0.5824532438202674,0.7767024757792257,-0.23975296219581846
0.5655918896566773,0.8004728090970431,-0.19836606627868053
0.5471450688689987,0.8223388950706371,-0.15617623143853418
0.549481764404745,0.809868888645491,-0.20538299294431747
0.5308243524718422,0.8316008170921992,-0.16329601291653156
0.533202862868518,0.8188518763133035,-0.21254719872771502
0.5143565623084079,0.8404309474984804,-0.1706257580117476
0.5167633651349245,0.8274162086872991,-0.21985914139731474
0.49775141839045445,0.8488223661866758,-0.1781687855701547
0.4772990291613753,0.8681999955274379,-0.1356996850687781
0.48096252541432044,0.8569660845813879,-0.1851598742285292
0.4603178373042547,0.8761916044392014,-0.14281372822593752
0.4640411908692204,0.8646866906471783,-0.1923088666554581
0.44322857234273383,0.8837438806597103,-0.15015054463949787
0.4469958041120666,0.8719795966171254,-0.19961546580774345
0.42604124658279274,0.8908510659685974,-0.15771250575903603
0.4037931859088028,0.9075877336030865,-0.11504594224409545
0.40868729362538253,0.8976859386256184,-0.16472598951896705
0.386268975857655,0.9142545256511178,-0.12220859469091427
0.3912380567135428,0.904090981457957,-0.17190776662326526
0.3686764857675993,0.9204780160956084,-0.12960659985797837
0.34501179607922033,0.9345842366013636,-0.08671312047456801
0.3509419349556639,0.9263940681628947,-0.13650563637512023
0.32710400304283704,0.9403290903180405,-0.09372391954564377
0.3331408803139556,0.9318803345010326,-0.14358341141610437
0.3091574264260256,0.9456345636808746,-0.10097998642165952
0.3152822292029338,0.9369335953306187,-0.15083949711421443
0.29118277281712657,0.9504966788785786,-0.10848343770051724
0.2661342786913878,0.9617052879550358,-0.0655399483119766
0.27308693163105185,0.9550319727106603,-0.11548791656585512
0.24789144736907212,0.9660569621420755,-0.07268958809961172
0.2549625866312244,0.9591367586720825,-0.12268152910005206
0.22965025261338587,0.9699717604186898,-0.08009710022763608
0.2035934595284401,0.9783529044111394,-0.037085005966420025
0.2113179906527418,0.9735330459065156,-0.0870523713316881
0.18511274421956234,0.9817248629584148,-0.044153882918546945
0.19298609274519007,0.976668490306218,-0.09420736728047299
0.16666289609129603,0.9846685579888975,-0.051490872730291
0.17466362101085264,0.9793763167877534,-0.10156106345756412
0.148254864542077,0.9871818521642206,-0.059097257950173024
0.12125468082294924,0.9924892582855872,-0.016197980313903435
0.1297786383592811,0.989327463476883,-0.0662470756789148
0.1026608718562491,0.9944387154628566,-0.023502905741604758
0.11134066596919136,0.9910526541236262,-0.07360633706450291
0.08413798045548584,0.9959690504608972,-0.03108779131574557
0.056552656606656176,0.9983308083569574,0.011721523624243153
0.06558043039174678,0.9971135669383874,-0.03825887840801723
0.03787841016615829,0.9992725788296856,0.004420321521581736
0.04708948425513388,0.9978470168065209,-0.04564987976887171
0.01930347335171315,0.9998086415928726,-0.0031711374575470997
0.028673936809927122,0.9981689847169203,-0.05325864527954996
0.0008385225144594843,0.9999385662007085,-0.011052633372377182
-0.027234427618592405,0.9991337084193093,0.03146615090166733
-0.017637939033588575,0.9996730710412111,-0.018510919525545556
-0.045792008365417955,0.9986667868539242,0.023827312158959273
-0.03601110087828617,0.999007959798948,-0.026197268404886176
-0.06421175829094633,0.9978098092620487,0.015888191766826876
-0.09244530616215733,0.9940177746297133,0.05815951417246777
-0.08260813438747197,0.9965472547966898,0.008334571986791073
-0.11091907640183164,0.9925484665712458,0.050443037153140025
-0.1008740630789713,0.9948990544718329,0.0005429631594867933
-0.12922814257943824,0.9907072908614157,0.04241640012427569
-0.15741159466924345,0.9839236864397076,0.08435501838409987
-0.14747826024878985,0.9884550406576119,0.034738960153537356
-0.17573431404724155,0.9814584060165586,0.0765300472088028
-0.1655716690417198,0.9858331657460587,0.026814021068148043
-0.1938665552563073,0.9786415020838327,0.0683854454701656
-0.18350028884330374,0.982842813704314,0.01864530890629363
-0.21179845278595696,0.9754745406656251,0.05992358392705277
-0.23979816588971917,0.9655223161195846,0.10130891723337937
-0.22964967773634792,0.9718924174615428,0.05182812360437302
-0.2576816231683886,0.96174347239186,0.09300362569788569
-0.24731092815767822,0.9679601156810648,0.043480101937408276
-0.27534017229936936,0.9576372491589222,0.08437232094405114
-0.3028810445384918,0.9447593384678121,0.1252711668227541
-0.292883816811896,0.9531166112032623,0.07607756106832853
-0.3204492436414194,0.9400405145316333,0.11677376969484357
-0.31021348320204734,0.9482659790902973,0.06752205372745229
-0.33776937083737923,0.9350188910883058,0.10794223192113452
-0.36465278267230283,0.9192619018439029,0.14827644421039018
-0.35494100490375335,0.9295873423518242,0.09941959553924062
-0.3818401737387493,0.9136313873784557,0.13955561513633144
-0.3718759701360347,0.9238477698489231,0.09062869843793656
-0.39875786375495736,0.9077244538324531,0.13049322590907825
-0.42479032094108016,0.8891509474756776,0.17018747262321934
-0.4154945079470411,0.9014154888379081,0.12171454452513614
-0.4415328210599525,0.8826434124075996,0.16121220319910118
-0.4319732320389684,0.8948221400674261,0.11266083812469653
-0.45798565700543675,0.8758875182666844,0.15188875311202962
-0.4829799222365645,0.8545752135305845,0.19087063455523476
-0.47422627360592906,0.8687404905557832,0.1428264733539681
-0.49921546976857323,0.8472317000081753,0.18161046568135952
-0.49018927856280575,0.861334254121248,0.13348323437596796
-0.5151431824626556,0.8396694241589056,0.17199639442412487
-0.538919302782759,0.8157103863700949,0.2101964572872137
-0.5308291681931462,0.8317294628750549,0.16262378294992844
-0.5545884173850034,0.8075782412793129,0.20062171247053273
-0.5462195220851697,0.8235568487869972,0.15296519378303008
-0.5699334373043412,0.7992583000468924,0.1906883500600143
-0.5923196820546693,0.7727581446102427,0.22804000567705365
-0.585009112271639,0.7905761748394294,0.1809796959203019
-0.6073660242801591,0.7638908916837243,0.2181220258313179
-0.5997729067329587,0.7816891585896381,0.17098105068258676
-0.622074029348949,0.7548679844764341,0.20784183414810709
-0.6429077581948126,0.725945117519768,0.2442811920761214
-0.636487116969149,0.7454999191743407,0.1977726483701742
-0.6572786823930503,0.7164022683015614,0.2339925717710574
-0.6505739324910028,0.7359557338575646,0.18741055510660448
-0.671299134791831,0.7067368607421636,0.2233393859041674
-0.6904276187386521,0.6755217737954015,0.25880501620175195
-0.685001227513371,0.6967442963189278,0.21288659857355355
-0.7040747127313836,0.6653685768623485,0.24811984164188275
-0.6983645810429644,0.6866051739106782,0.2021391775578703
-0.7173613777628892,0.6551266216349183,0.2370691108502923
-0.734642597952423,0.6217612508928932,0.2715017498319656
-0.7303083833519658,0.6445759289298814,0.22621126640823794
-0.7475222025861342,0.6110683788463371,0.2603958390890378
-0.7429061527642701,0.6339087919026652,0.21505834495200266
-0.7600336424276325,0.6003209747731336,0.2489248674311601
-0.7753370919762796,0.5649581294665544,0.28226708230932274
-0.7721862053730749,0.5892831172960351,0.23764231925605941
-0.7874107931609865,0.5538013033371495,0.270718228487963
-0.7839810253255398,0.5781592217315824,0.22606562378266667
-0.7991108280503824,0.5426242934719718,0.25880641535069404
-0.8123183414612094,0.5054271526058457,0.2910022431777071
-0.8104347202763932,0.5311744404478269,0.24708152093077024
-0.8235534267057758,0.4938867034881787,0.2789904612683994
-0.8346174419603175,0.4551557371261524,0.310236974805978
-0.8343895198026524,0.4821225375629628,0.26711792904511034
-0.8453653591846034,0.443259939000257,0.2981241955430238
-0.8448608114338192,0.47033221726182944,0.25494668993528763
-0.8557403464523612,0.4314105526040182,0.2856455750672297
-0.864487668715034,0.39116511338256504,0.31567534701343203
-0.8657034887909316,0.4193556830924934,0.27330986179286954
-0.8743540672044112,0.3790121335167349,0.3030755150291698
-0.8752990534079176,0.40730543959823934,0.26067958488705756
-0.8838484917945842,0.36693970698354583,0.29011565795604416
-0.8901974693622927,0.3253671945907204,0.3188803133232505
-0.8929196183278274,0.3546780453388543,0.27730495733018684
-0.8991664576591388,0.3130467921606572,0.3057799655612488
-0.9031270045899294,0.27044357664213986,0.33349945342298337
-0.9077000786302344,0.3005902905609772,0.2927901031031166
-0.911552280793136,0.25788982640962727,0.320258140903934
-0.9158699385024834,0.2881978378768122,0.2795071769929854
-0.9196184529965135,0.2454814393903006,0.30666066559499566
-0.9210314233090335,0.2019090365040315,0.3330673479273369
-0.927241308097861,0.23295127560500947,0.29318468539636694
-0.92854455444246,0.18932749875801982,0.31931192998271374
-0.9345030698499794,0.2205145623074134,0.2794232278307125
-0.9357055679566878,0.17692320413430263,0.305210206142757
-0.9345310711854175,0.1325871605024675,0.33026099051951213
-0.942415717795519,0.16440852144940776,0.291242944853221
-0.9411352726855333,0.12007289138094061,0.31598559977085644
-0.937434469962153,0.07522727661306922,0.3399374521587145
-0.9472863092054111,0.10750102986857873,0.30181480574879904
-0.9434698134060526,0.06262321343427918,0.32548893119538336
-0.9530900933748186,0.09507867703096011,0.2873661759581701
-0.9491769024472612,0.05025613394936436,0.3107048903076453
-0.9428178413615965,0.00502859594921591,0.3332705075956152
-0.95442503623717,0.037839039482602865,0.29604232348552945
-0.9479613521768693,-0.007362094452025689,0.318300289576182
-0.939036729978155,-0.05273719758231141,0.3397481534064576
-0.9526500251698571,-0.019751224458664122,0.3034267929439559
-0.9436088237233109,-0.06512858586438124,0.3245930607619571
-0.9570113194799585,-0.03193822712978864,0.28828680863861045
-0.9478830405953134,-0.07722805146334043,0.30911740394057236
-0.9362819951970115,-0.1225955299626001,0.329160084917799
-0.951697060135112,-0.08932298044278762,0.2937585928870893
-0.9399998812281549,-0.13462773873517384,0.31348938619051936
-0.9258399321063422,-0.17978774657825633,0.33241056887174397
-0.9432671199581437,-0.14660644369887638,0.2979155770882704
-0.9289986360540299,-0.19172770652552865,0.3165470277229167
-0.9122944789400171,-0.2364844830075699,0.3343559076675706
-0.9317204251270125,-0.2035657998945256,0.30076238879627426
-0.9148921522161891,-0.24830651375074378,0.3183020971375795
-0.9341564457435076,-0.2151306532157933,0.2847288831903137
-0.9172503684918888,-0.2597648452889296,0.30195030494025454
-0.8979135366029779,-0.30395309119799424,0.31837681940794077
-0.9191657561200578,-0.2711250473549358,0.28570180516235183
-0.8997398902051744,-0.3152259962118196,0.30182892718532917
-0.8779302583713723,-0.3586753890093865,0.31715993876109383
-0.9011409680365914,-0.32635657788790184,0.28537053070591034
-0.8792287360845803,-0.3697362706789611,0.3004195729101642
-0.9022882445639934,-0.3371730662902413,0.26868242795178093
-0.8803306352245974,-0.38039407056447117,0.2834048760421195
-0.8560024573092704,-0.422892905622443,0.29735733294253613
-0.8809981193022507,-0.39091828227024883,0.26650555411243393
-0.8566165042199684,-0.43327300765217075,0.2801475781405276
-0.8299273447797236,-0.4747161751326682,0.29302756773772615
-0.8568160072035279,-0.44348013985941914,0.26304314351466035
-0.8300639480086427,-0.4847920264961077,0.2756275263142321
-0.8010793480987229,-0.5250107831402355,0.28746400754912205
-0.8298086289946253,-0.49465757080838835,0.2583244604910743
-0.8007505591343851,-0.5347559436013494,0.26987890400881726
-0.7695460022685362,-0.5735882941526775,0.2807052176279161
-0.8000549554354235,-0.5442557768621341,0.2523840677131136
-0.7687655549581586,-0.582976575064811,0.26294074320191885
-0.7991829935462608,-0.5533760867245571,0.23469437459780046
-0.7678882146751664,-0.5919038473477228,0.24494392268017015
-0.7344710334928249,-0.6291164805480999,0.254489203823569
-0.7666273537956844,-0.6006025628957589,0.22706620588558066
-0.733200546387816,-0.63762965793522,0.2363162671041135
-0.6977465582105051,-0.6731867622140735,0.24488634850707117
-0.7315712238887094,-0.6458844901038511,0.21825849312515672
-0.6961035109839763,-0.6812617809092845,0.22654422938598864
-0.6587117468725208,-0.7150240140626785,0.23417833769554092
-0.6941277140000913,-0.6890512935613271,0.20831474143341244
-0.6567185862976447,-0.7226376935620483,0.21567443579280862
-0.6174955117340613,-0.7544740722805449,0.22241440431029014
-0.6544198499215995,-0.7299414312938638,0.19728194775309982
-0.6151765297236678,-0.7616042892822805,0.20375657982989864
-0.5742354404234367,-0.7913924604150252,0.20964644657125595
-0.6125799243344743,-0.7684029088354132,0.18521016709577684
-0.571616743636099,-0.7980183230946617,0.19084300982757152
-0.5290771825860328,-0.8256447800115015,0.19592864034281757
-0.568748851214164,-0.80429372727931,0.17215209700065667
-0.5261866472338903,-0.8317468010756989,0.176988336262872
-0.48217384383385364,-0.8571070551487692,0.18131707127761407
-0.5230755266011561,-0.8374822741824387,0.15816268175879541
-0.4790410564549409,-0.8626673223432063,0.1622490591397585
-0.43368538741535656,-0.8856660383609274,0.16586938607365895
-0.4757161974448294,-0.8678476660885138,0.1432987367472296
-0.43034157241691295,-0.8906683813591132,0.1466832147755028
-0.4723933195755003,-0.8725886415858468,0.1242320980898498
-0.4271168316425973,-0.8951825787376549,0.12735526236552486
-0.38054819108579024,-0.9155749836931333,0.13002124248234068
-0.42365856349006925,-0.8993394151052093,0.10817595860333824
-0.3771990320875364,-0.9195059872471055,0.11058765577111856
-0.3295767087238911,-0.937392459667214,0.11258139111673052
-0.37363984150871316,-0.9230689829735079,0.09130674405320559
-0.32614001500865897,-0.9407305021893192,0.09305274236035725
-0.2776082998726926,-0.9560430898242288,0.09442056047882195
-0.32251566189616987,-0.9436920463898996,0.07368154051130643
-0.2741224105929684,-0.9587808436819033,0.07480773889991574
-0.22482912976583155,-0.971461346621184,0.07559573023454966
-0.17487590902340425,-0.9816427004053152,0.07613163064192638
-0.22104511949285804,-0.9736457639873368,0.05615141510152099
-0.17113511326065933,-0.983627535844685,0.056476931019438285
-0.12069989681620298,-0.9910745068691009,0.05659378713893053
-0.167347888962658,-0.9852043548439959,0.03697381852294318
-0.11697468839552133,-0.9924497261532643,0.03688445923531208
-0.06621052380792761,-0.9971331196140395,0.036629336683234676
-0.11322247908563902,-0.9934184396412358,0.017334186178603526
-0.06254163310626085,-0.9978996533372895,0.01687678872651814
-0.011603171615449204,-0.9997998874344375,0.01629575081266937
-0.058863359599771854,-0.9982623736310043,-0.0027089276884053296
-0.008032007622509362,-0.9999616577632258,-0.0034885322090326236
0.0429248896508012,-0.9990688292600544,-0.004350660801629033
-0.004467136770386048,-0.9997232267574163,-0.02309793434084825
0.046356407815813586,-0.9986328711723194,-0.024155166497953417
0.0971750535949257,-0.9949468286332857,-0.02525504209837415
0.04976801964075036,-0.9978009633661822,-0.04377649742220939
0.10042467525260275,-0.9939234048265585,-0.04506828084574116
0.15094792956785896,-0.9874538343522163,-0.04636429210375877
0.10364294955157745,-0.9925086223226396,-0.06468982627480988
0.15397326161245772,-0.9858565434530407,-0.06617484748183829
0.20404389493097247,-0.9766230729492944,-0.0676273785125196
0.15695807625521935,-0.9838725018319198,-0.08578497792305989
0.20680260221158198,-0.9744689504540491,-0.08742395735439115
0.2562636485050422,-0.9625012799669169,-0.08899566571991457
0.30512173340915316,-0.9480122938645383,-0.09040696036860237
0.25898000730253307,-0.9597630637108693,-0.10855513508768673
0.3076788489717475,-0.9450952175077081,-0.11013063034178261
0.3556578133030143,-0.9279399154374899,-0.11151247990418957
0.3100916408844947,-0.9418250001333834,-0.12964892354861182
0.357874646924575,-0.9245073596618806,-0.13119405100700665
0.40482388359676974,-0.9047417022741282,-0.13251443482029399
0.3599453416583849,-0.9207283770203122,-0.1506605680593653
0.40666074664016283,-0.900821455469263,-0.15214382178814936
0.4524317082977531,-0.878511290601619,-0.1533736014190659
0.40835175697321413,-0.8965601063514053,-0.17154829721115308
0.453850063299804,-0.8741347041600452,-0.17294114324183912
0.49829663955932496,-0.849355945731897,-0.17405440659104054
0.5415056402201572,-0.8223235927440036,-0.1748014600235126
0.4995057956212501,-0.8444591793075195,-0.19334594545542633
0.5424901316931686,-0.8172982501076298,-0.1942370391725915
0.5841389924557284,-0.7879456692673423,-0.19473895289758134
0.5432560602797301,-0.8119826186884007,-0.21344104553078255
0.5846402444635724,-0.782535301404332,-0.21408943600655628
0.6245947850319213,-0.7509624981996527,-0.21432844143665308
0.6629602967869879,-0.7173940233309284,-0.21407816370001947
0.6247912342211318,-0.7450949462349798,-0.23338687781348688
0.6629285660132602,-0.711416185509773,-0.2332653582474833
0.6993927316677124,-0.6758175326940938,-0.23263806522932287
0.6626253773253976,-0.705206046643187,-0.25221427616663933
0.6988224122303125,-0.6695400304737655,-0.2517208449012445
0.7332662018524797,-0.6320333441529367,-0.2507080555141662
0.765825865583752,-0.5928388261466339,-0.2491041344819037
0.7323141207886534,-0.6253753760695052,-0.26948407652302336
0.7646334093314175,-0.5860997540774194,-0.2679978126862256
0.794998958076216,-0.5452229045917234,-0.2659109643589289
0.7631351852219133,-0.5791876914991794,-0.28664665895866936
0.793224982324669,-0.5382825373340336,-0.2846858574240445
0.8212958023955391,-0.49586548342861486,-0.2821181087976699
0.8472461087657811,-0.4521057927609032,-0.2788805897391888
0.8190826010052039,-0.48862994172241364,-0.3005735729948666
0.8447768513153995,-0.4448333661237172,-0.29744805910390876
0.8682960873600657,-0.3997887661359678,-0.2936508933183784
0.8419837420937789,-0.4374432263120468,-0.31576383865709556
0.8652178511459511,-0.39242476267438037,-0.31209113364262564
0.8862271371562898,-0.3462549305291132,-0.3077482484954964
0.9049392373488037,-0.2991132776362621,-0.30268172037349417
0.8826715134551232,-0.33868447257951934,-0.325858600267624
0.9011146002630598,-0.2915681824047488,-0.3209057060912707
0.9172215530375691,-0.24358000480071884,-0.31523547374087146
0.9309423800004776,-0.19490453913464958,-0.30880172561654534
0.9128935044479922,-0.23589981620770328,-0.3331316950544267
0.9263568500744256,-0.18725212698993826,-0.3268021224807638
0.9374058519253302,-0.13801923924297796,-0.31972012507024894
0.946012201223006,-0.08838813925843324,-0.31184684057343726
0.9323007835153831,-0.13030345710787283,-0.3373962923956629
0.9406580838245032,-0.08070627368448006,-0.32961927541267916
0.9465551311036627,-0.03081402249402066,-0.3210667840170734
0.9349609368725802,-0.07306177195258468,-0.34714553720521296
0.9406016326620027,-0.02328277446994277,-0.3387129773813765
0.9437698098361119,0.026687969785736024,-0.3295243516200661
0.9444629650267287,0.07666486910982169,-0.3195500047524555
0.9373004341607203,0.03419928506476785,-0.3468404604759716
0.937751545762695,0.08404809298164873,-0.33698361456578907
0.9357258701151687,0.13380060481685402,-0.3263655835835856
0.9312402177748003,0.1832746741850478,-0.31496357027616295
0.9285020980392792,0.1410970300343166,-0.3434755916395694
0.9237897468949228,0.19042397293340402,-0.3321915321980271
0.916625900927803,0.23937197226112417,-0.320153114375158
0.9070453995567425,0.28776419946524495,-0.30734412089557916
0.9086741005923087,0.24637095256012762,-0.33706487898826587
0.8988848609111374,0.29459335530838154,-0.32437749896211177
0.8866974028234933,0.3421625142051782,-0.3109542244428638
0.8721632437749001,0.3889085813057181,-0.2967850932826949
0.8780531495689426,0.3487818299510348,-0.32767957157575067
0.8633322827044744,0.395332519424011,-0.31363923339745875
0.846292764834449,0.44096674878458864,-0.2988927611288263
0.8270013813360517,0.4855231183336476,-0.28343608950137855
0.8055359715874386,0.5288469104306737,-0.26726904760299536
0.8175434786858199,0.49159429924146564,-0.29992950073572433
0.795903443580487,0.5347480986155974,-0.2838700046213513
0.7721299679062681,0.576583502345695,-0.2671456110136147
0.7463140806136902,0.6169558665118328,-0.24976138983913446
0.7620849753617643,0.5821216236438909,-0.283479991558592
0.7361232757592054,0.6222947378006017,-0.2662175467380342
0.7081681644423107,0.6609255078380176,-0.24834517100090164
0.6783224458306611,0.697880485627513,-0.22987276320307365
0.697601557269314,0.6658588231368628,-0.2645450716725228
0.6676458556505767,0.7025869827336908,-0.2462123943382583
0.6358563716784025,0.7375675700946024,-0.22733401448248164
0.6023462020093528,0.7706792872930998,-0.20792423875610916
0.567235838468741,0.8018101315770954,-0.18800004376857357
0.5912126770474084,0.7747922006815784,-0.22397458842786944
0.5560076984375275,0.8057085205514112,-0.20417937993112753
0.5192685149314819,0.8345839334708737,-0.18392897377286105
0.48112378181466875,0.8613195197944915,-0.16324396280823866
0.5077805210056727,0.8379731911251702,-0.19989965843569268
0.4695889913118104,0.8644726201699312,-0.17936908377780802
0.4300639263974096,0.888781876026862,-0.15846701883299055
0.3893405916251152,0.9108157503272191,-0.13721724625159346
0.3475589052505661,0.9304993269537486,-0.11564518978171591
0.3775192486044639,0.913254403675226,-0.15311959737711098
0.3357135266539248,0.9327120074138532,-0.13169942766620168
0.2929276162476165,0.9497831709754972,-0.11002426901015339
0.24930585137272848,0.9644071343656765,-0.08812191359646665
0.2049955598050514,0.97653367705963,-0.066021193783601
0.23728928687472023,0.9658559520652175,-0.10400035670457654
0.1929812278196662,0.9777655478693782,-0.08205351369020514
0.1480669703182683,0.987156866195557,-0.05997911156174656
0.10269606187382979,0.9939940186430886,-0.037807535986492266
0.057019412171058374,0.998251658862319,-0.015569592618152451
0.09063319310811693,0.994434829645771,-0.05371213917182324
0.044989402030650244,0.9984864597895677,-0.03163452736837387
-0.0008758092581157224,0.9999538782602785,-0.00956422032220665
-0.04681148809370046,0.9988259375524142,0.012467199163975567
-0.09266689698735643,0.9951017714442734,0.03442834110444019
-0.0587641037642079,0.9982656982399964,-0.003517929249102729
-0.10455146851084313,0.9943516078402762,0.018272121324133063
-0.15017457898648615,0.9878533861812343,0.039915952155757356
-0.19548476426678668,0.9787839116074056,0.06138209281268763
-0.24033505022418145,0.9671658184373974,0.0826398407552899
-0.2071669787366399,0.9772581184519197,0.04525939505723044
-0.2519100044721616,0.9654747561932829,0.06633132593546072
-0.2961119422762584,0.9511720731595973,0.08711719051172162
-0.33962987287268626,0.9343856987559249,0.10758678084637158
-0.3823239158474178,0.9151602494136771,0.12771116342823305
-0.4240575891821554,0.8935490412562644,0.14746278149766814
-0.3934904053744929,0.9125590679772005,0.11136089228629703
-0.43510181843444773,0.8908106159033725,0.13093072286095064
-0.47567925920002285,0.8667262871622491,0.15004927693547981
-0.5150925207812839,0.8403709197391714,0.1686902851142354
-0.5532159171082849,0.8118170817495785,0.18682926654471838
-0.5899285559149603,0.7811447425286945,0.20444361113976914
-0.5636724735523113,0.8082756622688294,0.1701875328668472
-0.6002422885958109,0.7775017646032315,0.18761716611260468
-0.6353393659222794,0.7446788163933149,0.20444400339586347
-0.6688509904909447,0.7098965591947407,0.22064729267033936
-0.7006701331756896,0.6732510174276501,0.23620845033189572
-0.7306956400615875,0.6348441440548497,0.2511111195352615
-0.7102435679875839,0.6689532848564078,0.21921582244921994
-0.7401048823078842,0.6304944302632981,0.23392634864630443
-0.7681263095701406,0.5903615335595639,0.2479016584038041
-0.7942164653044426,0.548664366796002,0.26112759112675094
-0.8182905061039313,0.5055174112495935,0.27359238758357596
-0.8402702398934799,0.46103948813695794,0.28528672301347235
-0.8600842341998722,0.41535340485522665,0.29620374601950866
-0.848648750547595,0.45613783081502723,0.2678312481645255
-0.868294603660146,0.410449806179329,0.27855957686287
-0.8857523674217942,0.36365759768850225,0.2884369866194593
-0.9009617749825679,0.3158890940569107,0.29745917413346823
-0.9138697335483115,0.26727488394201687,0.3056243552436872
-0.924430355672454,0.21794788835927711,0.31293327638816576
-0.9326049902488184,0.16804300227333221,0.31938923205074754
-0.9315075776978429,0.21279090332157777,0.29498078607781253
-0.9395187210665572,0.16295194877902788,0.301249456687606
-0.9451501346999591,0.11264994434379352,0.3065961723766125
-0.9483752357643677,0.06202192030841273,0.31102683741139897
-0.9491748263000926,0.011205557540815713,0.3145498125867962
-0.9475370385963727,-0.03966117523121165,0.31717590019939285
-0.943457277414144,-0.09044037788736564,0.31891833396950015
-0.936938158814465,-0.1409945706937799,0.3197927728893152
-0.9490301634353135,-0.09542243731037256,0.3003935873944216
-0.9423764191371135,-0.14584163482356502,0.3010928464880916
-0.9333264677773317,-0.19591844122877497,0.30086154445654273
-0.9218951451263983,-0.24551693933356833,0.29971782378206024
-0.9081043218913579,-0.2945029123099597,0.2976820034922996
-0.8919827502627363,-0.3427441720878216,0.29477653524926056
-0.8735659047869306,-0.3901108804692785,0.29102596264470243
-0.8528958171672729,-0.4364758634191952,0.2864568828131697
-0.8300209046851386,-0.48171491881701445,0.2810979095880673
-0.8049957920310298,-0.5257071178464157,0.27497963753330895
-0.8339053151815499,-0.4857929310456575,0.2619296727330239
-0.8088061038140706,-0.5295929440770216,0.2556638418254241
-0.7816469871000294,-0.5720433993510441,0.2485846672993901
-0.7524933843779202,-0.6130296037140032,0.2407247628261702
-0.7214163727911364,-0.6524411962766468,0.23211829413033905
-0.6884924344881415,-0.6901723864218059,0.22280090815214754
-0.6538031991350707,-0.7261221823864281,0.2128096638950357
-0.617435181408553,-0.7601946104142107,0.20218296430751428
-0.5794795131904569,-0.7922989243765324,0.19096048864710483
-0.5400316702429812,-0.822349805678018,0.17918312486364935
-0.49919119320249467,-0.8502675531958909,0.16689290162059764
-0.45706140279428326,-0.8759782629477513,0.1541329196465261
-0.41374910923819497,-0.8994139971402805,0.14094728217579747
-0.4595220358210707,-0.8779385071115535,0.13440043275821514
-0.4162477492691092,-0.9011489145802575,0.12111335590769812
-0.37193155370996295,-0.922031347110538,0.10735508511672598
-0.3266867354918613,-0.9405291302071196,0.09317044641682289
-0.2806292056040021,-0.9565921581816045,0.07860465550797148
-0.2338771774672542,-0.9701769761151176,0.06370322500531049
-0.18655084260407984,-0.9812468504100501,0.04851187157866257
-0.13877204424197725,-0.9897718272424108,0.033076422631874394
-0.09066394905714265,-0.9957287782227843,0.017442722273923694
-0.04235071740810952,-0.9991014325993544,0.0016565364277187607
0.006042827460642218,-0.9998803953872872,-0.014236542994807224
0.054391530650650916,-0.9980631508812058,-0.030191194851459713
0.10257023658622728,-0.9936540510973937,-0.04616246640273399
0.15045411896871655,-0.9866642887955354,-0.06210587171071512
0.19791900888534059,-0.9771118548418699,-0.07797749065804235
0.24484172021521616,-0.9650214797923637,-0.0937340684138403
0.2911003714614646,-0.9504245596917534,-0.10933311515608551
0.33657470314443927,-0.9333590661982665,-0.12473300585142937
0.38114638991538785,-0.9138694412510405,-0.13989307989310398
0.4246993465902464,-0.8920064765948277,-0.1547737404041743
0.46712002735722724,-0.8678271785621104,-0.16933655302594977
0.5082977174766304,-0.8413946185845995,-0.18354434402869574
0.5481248168639834,-0.8127777699632229,-0.19736129760273438
0.5864971150252436,-0.7820513314678306,-0.2107530522114917
0.6233140568926446,-0.7492955383653397,-0.22368679591301074
0.6584789991893303,-0.7145959614889439,-0.2361313605820074
0.69189945702816,-0.6780432949628739,-0.24805731498995656
0.723487340523508,-0.6397331331890469,-0.2594370567254161
0.7531591812636546,-0.599765737686086,-0.27024490296049364
0.7808363485554297,-0.5582457943500451,-0.28045718009191867
0.8064452554127505,-0.5152821616821107,-0.2900523123067197
0.8299175543181089,-0.4709876105036384,-0.2990109091433321
0.8511903228430863,-0.4254785556547275,-0.30731585213953644
0.8702062392735023,-0.37887478015006154,-0.31495238067954145
0.8869137484502354,-0.33129915224496714,-0.3219081771743596
0.9012672181119071,-0.28287733584459834,-0.32817345173290047
0.9132270861144247,-0.23373749466766452,-0.3337410265062432
0.9227599990087766,-0.18400999054978645,-0.33860641991431645
0.9298389425860545,-0.13382707623568738,-0.34276793099217406
0.9344433651504354,-0.08332258295801111,-0.34622672412096644
0.9365592944589596,-0.03263160302636242,-0.34898691443443236
0.9361794494723007,0.018109832455214882,-0.3510556542119555
0.9333033482927336,0.06876508077012283,-0.35244322057921756
0.927937413921629,0.11919721989525006,-0.3531631048307325
0.920095079744013,0.16926938641495848,-0.3532321036564513
0.9097968969339973,0.2188451198592595,-0.3526704124860146
0.8970706462603092,0.2677887146998463,-0.3515017210448842
0.8819514570389523,0.3159655817510806,-0.34975331102874546
0.864481936207269,0.3632426213422506,-0.3474561555243219
0.8447123106495201,0.4094886113597507,-0.3446450194095542
0.8227005859479238,0.4545746141064284,-0.3413585594223975
0.7985127246120669,0.4983744068866053,-0.33763942185864176
0.7722228464862713,0.5407649422853077,-0.3335343349039322
0.7439134533644646,0.581626845239988,-0.3290941913792095
0.7136756787522445,0.6208449551518243,-0.32437411613760503
0.6816095620842835,0.6583089223713734,-0.3194335104548557
0.6478243443938247,0.6939138693006477,-0.3143360634781108
0.612438779292562,0.7275611269121024,-0.30914971813836156
0.5755814490112128,0.7591590574671049,-0.3039465759303921
0.5373910700591694,0.7886239733293877,-0.29880272172594113
0.4980167667344775,0.8158811596551299,-0.29379794650599167
0.4576182833135245,0.8408660049915466,-0.28901534289158315
0.4163660975068521,0.8635252380024959,-0.2845407460797967
0.37444138915952135,0.8838182602765141,-0.28046199187427145
0.3320358099857963,0.9017185542080457,-0.2768679647124745
0.2893509934938605,0.9172151312850003,-0.2738474128158886
0.2465977406545454,0.9303139701830986,-0.2714875157097183
0.20399481802619218,0.9410393768343478,-0.2698722020988512
0.16176731273783823,0.9494351817364107,-0.2690802337793083
0.12014450444324451,0.955565675491793,-0.26918309358873277
0.0793572388690961,0.9595161746939688,-0.27024274114160146
0.039634820519956544,0.9613931097235919,-0.2723093270131459
0.0012014816065970052,0.9613235362708146,-0.27541898092492595
-0.03572747311040272,0.9594539948756414,-0.27959180850360793
-0.0709497048686926,0.9559486772331756,-0.2848302404506718
-0.10427988815317418,0.9509869022119102,-0.29111787431924624
-0.13555357002852478,0.9447599543512081,-0.2984189308787654
-0.16463063884273654,0.9374673875717503,-0.3066784146196637
-0.19139821102008994,0.9293129410665744,-0.31582302383534827
-0.21577277293561795,0.9205002475849213,-0.3257628042852238
-0.23770145712499746,0.9112285328353599,-0.3363934871952349
-0.2571623839230137,0.901688506804656,-0.34759940303663156
-0.2741640558761219,0.8920586337933352,-0.35925682225995786
-0.2887438477848864,0.8825019400689047,-0.3712375467823772
-0.3009656854262112,0.8731634796494251,-0.3834125636992599
-0.31091704723656033,0.8641685339452821,-0.39565557581886807
-0.3187054529524964,0.8556215740522545,-0.40784624097162736
-0.3244546200015343,0.847605969388392,-0.41987298105120374
-0.3283004720602166,0.8401843865057634,-0.43163525888992543
-0.3303871754852378,0.833399789881503,-0.44304526236080366
-0.33086336008041617,0.8272769339387721,-0.4540289765303109
-0.3298786534404434,0.8218242230889353,-0.46452666268857756
-0.32758062591721004,0.8170358138698345,-0.47449279486389057
-0.324112209198132,0.8128938391010204,-0.4838955281879659
-0.3196096184461081,0.8093706466031431,-0.4927157884764233
-0.31420077829087784,0.8064309623257991,-0.5009460788584857
-0.3080042283513514,0.8040339075354079,-0.508589098242414
-0.3011284653215977,0.8021348200580388,-0.5156562593661762
-0.2936716661728078,0.8006868488344028,-0.5221661829254372
-0.28572173032849424,0.7996423080561169,-0.5281432305585081
-0.27735657696531923,0.7989537912086893,-0.5336161248756855
-0.26864463584796916,0.7985750561633205,-0.5386166905173488
-0.2596454752212657,0.7984617000927272,-0.5431787373251598
-0.25041051720735996,0.7985716477347587,-0.5473370956788284
-0.2409837989790867,0.7988654788370678,-0.5511268051474448
-0.23140274597303157,0.7993066209949932,-0.5545824508490212
-0.22169893103183708,0.7998614330502741,-0.5577376371539782
-0.2118988002705133,0.8004992022123459,-0.5606245853521901
-0.20202435244712547,0.8011920754887553,-0.5632738403231065
-0.19209376360792393,0.8019149431787198,-0.5657140707898413
-0.18212195278390975,0.802645289326996,-0.5679719481060296
-0.17212108761248718,0.8033630213158545,-0.5700720894600582
-0.16210103105118687,0.8040502882931477,-0.5720370526704089
-0.1520697319626296,0.8046912959490625,-0.5738873712189809
-0.1420335634046879,0.8052721232829041,-0.5756416196992794
-0.1319976130735256,0.8057805454392765,-0.5773165013530047
-0.12196593062357422,0.8062058654195724,-0.5789269507720329
-0.11194173661628593,0.8065387564599423,-0.5804862461173219
-0.1019275977020082,0.806771116076955,-0.5820061263342872
-0.09192557237528011,0.8068959321824541,-0.5834969098211964
-0.08193733130891806,0.8069071612267924,-0.5849676118375206
-0.0719642559008832,0.806799618014761,-0.5864260586330285
-0.06200751828524714,0.8065688766248954,-0.5878789968489765
-0.052068145682240795,0.8062111817279279,-0.5893321972046589
-0.04214707160415817,0.8057233695252634,-0.590790551850696
-0.032245176101070847,0.8051027974981118,-0.5922581650588918
-0.022363316926833916,0.8043472821599721,-0.5937384371403762
-0.012502353233264565,0.8034550440298147,-0.5952341416507284
-0.0026631631585034917,0.802424659082972,-0.5967474960630899
0.007153343536834028,0.8012550159856711,-0.5982802261767023
0.016946216817001876,0.799945278473021,-0.5998336245862781
0.026714460892965333,0.7984948522859568,-0.6014086035733328
0.036457031246794225,0.7969033561379092,-0.6030057427991935
0.046172833603549776,0.7951705962352882,-0.6046253321850114
0.05586072439476062,0.7932965439262507,-0.606267410360114
0.06551951234126496,0.7912813160990673,-0.6079317990491128
0.07514796085348485,0.7891251579944367,-0.6096181337524488
0.0847447910059676,0.7868284281352111,-0.6113258910561761
0.0943086848919493,0.7843915851122794,-0.6130544128859989
0.10383828920423091,0.7818151759969452,-0.6148029279988866
0.11333221892209823,0.7790998261782967,-0.6165705709836804
0.12278906101146644,0.7762462304489942,-0.6183563990205401
0.1322073780678546,0.7732551451849549,-0.6201594066281814
0.14158571185000637,0.7701273814837833,-0.6219785386079317
0.1509225866666804,0.7668637991438279,-0.6238127013748063
0.16021651259091707,0.7634653013806332,-0.6256607728481813
0.16946598848546482,0.7599328301905872,-0.6275216110582714
0.17866950483043217,0.7562673622829257,-0.6293940616094772
0.18782554634997323,0.7524699055111558,-0.6312769641277641
0.19693259443922995,0.7485414957435993,-0.6331691578064814
0.2059891293960679,0.7444831941202518,-0.6350694861534111
0.21499363246458106,0.7402960846496961,-0.636976801031258
0.22394458769906722,0.7359812721054879,-0.6388899660741924
0.2328404836583313,0.7315398801863776,-0.6408078595543713
0.24167981494088034,0.7269730499090397,-0.6427293767645065
0.250461083571927,0.7222819382057302,-0.6446534319754686
0.25918280025319135,0.7174677167025592,-0.6465789600215359
0.26784348548635994,0.7125315706569212,-0.6485049175601518
0.27644167058076535,0.7074746980351169,-0.6504302840479032
0.28497589855544353,0.7022983087133765,-0.6523540624697975
0.29344472494523705,0.697003623787409,-0.6542752798547676
0.30184671852006706,0.6915918749772714,-0.6561929876066109
0.31018046192592685,0.6860643041158313,-0.6581062616762425
0.31844455225555257,0.680422162710385,-0.6600142025981588
0.3266376015561436,0.6746667115681435,-0.6619159354113462
0.3347582372809149,0.6687992204773091,-0.6638106094824926
0.3428051026907018,0.6628209679363565,-0.6656973982472283
0.3507768572112883,0.6567332409249341,-0.6675754988832378
0.35867217675161545,0.6505373347105059,-0.6694441319273844
0.36648975398752986,0.644234552685481,-0.6713025408474916
0.37422829861527535,0.6378262062301492,-0.6731499915780818
0.38188653757849644,0.6313136145972357,-0.6749857720281818
0.3894632152721241,0.6246981048143464,-0.6768091915682464
0.39695709372614374,0.617981011600978,-0.6786195805023058
0.40436695277190493,0.6111636772971323,-0.6804162895306158
0.4116915901933159,0.6042474518009011,-0.6821986892073427
0.41892982186498884,0.5972336925126887,-0.6839661693971627
0.42608048187913233,0.5901237642840023,-0.6857181387340764
0.4331424226627606,0.5829190393689857,-0.687454024085228
0.4401145150865676,0.5756208973770889,-0.6891732700220682
0.44699564856663193,0.5682307252254629,-0.6908753383007968
0.4537847311599365,0.5607499170898572,-0.6925597073536854
0.4604806896545415,0.5531798743529471,-0.6942258717925569
0.46708246965510514,0.5455220055491773,-0.6958733419254479
0.4735890356643311,0.5377777263053367,-0.6975016432872337
0.47999937116080776,0.5299484592762006,-0.6991103161847996
0.48631247867361677,0.5220356340746881,-0.7006989152571605
0.49252737985399725,0.5140406871960826,-0.7022670090507852
0.4986431155442886,0.5059650619359507,-0.7038141796102397
0.5046587458443056,0.4978102083014788,-0.7053400220841654
0.5105733501752476,0.48957758291601977,-0.7068441443464972
0.5163860273412021,0.48126864891670756,-0.7083261666327585
0.522095895588257,0.4728848758450576,-0.7097857211911919
0.527702092661209,0.4644277395305257,-0.7112224519484371
0.5332037758578293,0.45589872196704295,-0.7126360141894111
0.5386001220806202,0.4472993111825918,-0.7140260742510178
0.5438903278859891,0.43863100110192105,-0.7153923092292772
0.5490736095307439,0.4298952914025359,-0.7167344066994474
0.554149203015811,0.42109368736412717,-0.7180520644486891
0.5591163641270696,0.4122276997116282,-0.7193449902208161
0.5639743684731886,0.40329884445211445,-0.7206129014726683
0.5687225115203597,0.3943086427057772,-0.7218555251416328
0.5733601086238103,0.3852586205312211,-0.72307259742385
0.5778864950559965,0.3761503087453491,-0.7242638635626345
0.5823010260313652,0.36698524273810945,-0.7254290776466507
0.5866030767275949,0.357764962282391,-0.7265680024173916
0.5907920423032207,0.3484910113393575,-0.7276804090855142
0.594867337911563,0.33916493785951973,-0.7287660771555976
0.5988283987108847,0.32978829357984685,-0.7298247942589032
0.6026746798707132,0.32036263381722135,-0.7308563559937249
0.6064056565742699,0.3108895172585423,-0.731860565772934
0.6100208240169633,0.3013705057477816,-0.7328372346783366
0.6135196974009083,0.29180716407029567,-0.733786181321473
0.6169018119254467,0.2822010597346928,-0.7347072317105073
0.6201667227736546,0.2725537627525534,-0.735600219122867
0.6233140050948293,0.26286684541629235,-0.7364649839833055
0.6263432539829603,0.2531418820754521,-0.7373013737470824
0.629254084451202,0.24338044891170396,-0.7381092427879609
0.632046131402367,0.23358412371283285,-0.7388884522907433
0.6347190495954769,0.22375448564596775,-0.7396388701480765
0.6372725136084109,0.21389311503031716,-0.7403603708612755
0.6397062177967041,0.20400159310965757,-0.7410528354449213
0.6420198762485521,0.1940815018248132,-0.7417161513350097
0.6442132227360907,0.1841344235863589,-0.7423502123004341
0.6462860106630238,0.1741619410477649,-0.7429549183576005
0.6482380130086793,0.16416563687919478,-0.7435301756879863
0.650069022268582,0.15414709354215642,-0.7440758965584597
0.6517788503916344,0.1441078930651956,-0.7445919992441965
0.653367328714006,0.13404961682081162,-0.7450784079540338
0.6548343078898331,0.12397384530376351,-0.7455350527581126
0.6561796578188371,0.1138821579109245,-0.7459618695176753
0.6574032675709738,0.10377613272283236,-0.7463587998168841
0.658505045308228,0.09365734628707133,-0.7467257908965461
0.6594849182036722,0.0835273734036122,-0.7470627955896273
0.6603428323579104,0.07338778691222511,-0.7473697722584576
0.661078752713027,0.0632401574820698,-0.7476466847335256
0.6616926629641691,0.05308605340355771,-0.7478935022537776
0.662184565468883,0.04292704038256962,-0.7481101994083358
0.6625544811543332,0.032764681337102995,-0.7482967560795586
0.6628024494225289,0.022600536196412734,-0.7484531573873751
0.6629285280536815,0.01243616170269988,-0.7485793936348258
0.6629327931078226,0.0022731112153930905,-0.748675460254751
0.6628153388247995,-0.007887065481941414,-0.7487413577575703
0.6625762775227757,-0.018042822372034528,-0.7487770916801028
0.6622157394953536,-0.028192617391675442,-0.7487826725353817
0.661733872907438,-0.038334912616789396,-0.7487581157634192
0.6611308436899553,-0.048468174444830106,-0.7487034416828826
0.6604068354335423,-0.0585908737744925,-0.7486186754436439
0.6595620492813107,-0.06870148618275922,-0.7485038469801729
0.6585967038207977,-0.07879849209930029,-0.7483589909657378
0.6575110349751989,-0.08888037697825332,-0.7481841467673895
0.6563052958939868,-0.09894563146741671,-0.7479793584017013
0.654979756843007,-0.10899275157489459,-0.7477446744912388
0.6535347050941398,-0.11902023883323837,-0.7474801482217402
0.6519704448146144,-0.12902660046113348,-0.7471858372999832
0.6502872969560562,-0.13901034952268604,-0.7468618039123213
0.6484855991433417,-0.14897000508436806,-0.746508114683869
0.6465657055633308,-0.15890409236968275,-0.7461248406383209
0.6445279868535451,-0.16881114291161747,-0.7457120571583846
0.6423728299908489,-0.17868969470295218,-0.7452698439468175
0.6401006381801911,-0.1885382923444964,-0.7447982849880451
0.6377118307434569,-0.19835548719132923,-0.7442974685103524
0.6352068430084741,-0.2081398374971185,-0.7437674869486304
0.6325861261982142,-0.21788990855659832,-0.7432084369076649
0.6298501473202219,-0.22760427284628423,-0.7426204191259551
0.6269993890563044,-0.23728151016350724,-0.7420035384400445
0.6240343496525009,-0.24692020776384788,-0.7413579037493555
0.6209555428093569,-0.2565189604970527,-0.7406836279815077
0.617763497572511,-0.266076370941515,-0.7399808280581138
0.6144587582236097,-0.2755910495374011,-0.7392496248610297
0.6110418841715507,-0.28506161471850494,-0.7384901431990545
0.607513449844055,-0.2944866930429084,-0.7377025117750562
0.6038740445795657,-0.30386491932253007,-0.7368868631535163
0.6001242725194611,-0.3131949367516382,-0.7360433337284734
0.5962647525005712,-0.32247539703440464,-0.7351720636918516
0.5922961179479782,-0.33170496051157444,-0.7342731970021579
0.5882190167680825,-0.34088229628632294,-0.7333468813535337
0.584034111241906,-0.3500060823493712,-0.7323932681451422
0.5797420779186067,-0.35907500570342743,-0.731412512450874
0.5753436075091702,-0.36808776248701836,-0.7304047729893572
0.5708394047802456,-0.3770430580977739,-0.7293702120942518
0.5662301884480849,-0.3859396073152245,-0.7283089956848101
0.5615166910725482,-0.39477613442316517,-0.727221293236687
0.5566996589511275,-0.40355137333164265,-0.7261072777529802
0.551779852012946,-0.412264067698612,-0.7249671257354817
0.5467580437126843,-0.420912971051311,-0.7238010171561219
0.5416350209243825,-0.4294968469073932,-0.7226091354285876
0.536411583835067,-0.43801446889586143,-0.7213916673800934
0.53108854583815,-0.44646462087783284,-0.7201488032232868
0.5256667334265442,-0.45484609706717305,-0.7188807365282689
0.5201469860854402,-0.46315770215102176,-0.7175876641947089
0.5145301561846872,-0.47139825141023783,-0.7162697864240343
0.5088171088707215,-0.47956657083978355,-0.7149273066916744
0.5030087219579831,-0.48766149726906355,-0.7135604317193407
0.49710588581976384,-0.4956818784822348,-0.7121693714473202
0.49110950327842756,-0.5036265733384925,-0.7107543390067655
0.48502048949494375,-0.5114944518923423,-0.7093155506919593
0.47883977185767673,-0.5192843955138571,-0.707853225932535
0.47256828987037275,-0.5269952970089203,-0.7063675872656326
0.46620699503928736,-0.5346260607394493,-0.7048588603079745
0.45975685075939565,-0.5421756027435884,-0.7033272737278353
0.4532188321996314,-0.5496428508558652,-0.701773059216895
0.4465939261870982,-0.5570267448272885,-0.7001964514619504
0.43988313109020116,-0.5643262364453772,-0.6985976881164704
0.43308745670064414,-0.5715402896540901,-0.696977009771977
0.42620792411424424,-0.578667880673642,-0.695334659929233
0.419245565610512,-0.5857079981201712,-0.6936708849692219
0.4122014245309507,-0.5926596431252315,-0.6919859341239013
0.40507655515602825,-0.5995218294550784,-0.6902800594467157
0.3978720225807774,-0.6062935836297091,-0.6885535157828522
0.3905889025889818,-0.6129739450416247,-0.6868065607392245
0.38322828152590793,-0.619561966074271,-0.6850394546541705
0.3757912561695449,-0.6260567122201163,-0.6832524605668493
0.3682789336003148,-0.6324572621983239,-0.6814458441863269
0.36069243106922133,-0.6387627080719723,-0.6796198738603333
0.35303287586440446,-0.6449721553647759,-0.6777748205436842
0.345301405176071,-0.6510847231772566,-0.6759109577663511
0.3374991659597758,-0.6570995443023148,-0.6740285616011729
0.32962731479802765,-0.6630157653401503,-0.6721279106311958
0.3216870177601993,-0.6688325468124766,-0.6702092859166349
0.31367945026071975,-0.6745490632759749,-0.668272970961446
0.30560579691553386,-0.6801645034349345,-0.6663192516795013
0.2974672513968129,-0.6856780702530205,-0.6643484163603607
0.28926501628590584,-0.6910889810641135,-0.6623607556346316
0.2810003029245183,-0.6963964676821616,-0.6603565624389124
0.27267433126411555,-0.7015997765099893,-0.6583361319803135
0.26428832971354205,-0.706698168647003,-0.6562997617005499
0.25584353498485585,-0.7116909199957342,-0.6542477512396037
0.24734119193737866,-0.7165773213671636,-0.6521804023989511
0.23878255341996274,-0.7213566785847628,-0.6500980191043515
0.2301688801114799,-0.7260283125872016,-0.6480009073681982
0.22150144035953928,-0.7305915595296539,-0.6458893752514263
0.21278151001744372,-0.7350457708836529,-0.6437637328249808
0.20401037227939617,-0.7393903135354286,-0.641624292130841
0.19518931751396879,-0.7436245698826793,-0.6394713671426041
0.18631964309585217,-0.7477479379297117,-0.6373052737256286
0.17740265323590143,-0.7517598313808995,-0.6351263295967378
0.16843965880949963,-0.7556596797324029,-0.6329348542834891
0.15943197718326033,-0.7594469283620938,-0.6307311690830073
0.15038093204009276,-0.7631210386176341,-0.6285155970203894
0.1412878532026564,-0.7666814879026546,-0.6262884628066818
0.1321540764552308,-0.7701277697609804,-0.6240500927964384
0.12298094336403134,-0.7734593939588573,-0.6218008149448585
0.11376980109600071,-0.7766758865651228,-0.619540958764517
0.10452200223610933,-0.7797767900292811,-0.6172708552816869
0.09523890460319805,-0.7827616632574288,-0.6149908369922651
0.08592187106439897,-0.7856300816859894,-0.6127012378173055
0.07657226934817116,-0.7883816373532125,-0.6104023930581685
0.06719147185598887,-0.791015938968392,-0.608094639351293
0.057780855472722485,-0.7935326119787643,-0.6057783146226021
0.048341801375751864,-0.7959312986340483,-0.6034537580415462
0.03887569484285433,-0.798211658048583,-0.6011213099747982
0.029383925058909622,-0.8003733662610332,-0.5987813119396048
0.0198678849214657,-0.8024161162916215,-0.5964341065568087
0.010328970845209591,-0.8043396181968571,-0.5940800375035448
0.0007685825653890824,-0.806143599121728,-0.5917194494656288
-0.008811877059769003,-0.8078278033493252,-0.5893526880896425
-0.018411002247596984,-0.8093919923478715,-0.586980099934727
-0.028027384490433488,-0.8108359448151254,-0.5846020324240999
-0.037659612755931715,-0.8121594567201378,-0.5822188337963004
-0.0473062736881802,-0.8133623413423327,-0.5798308530561804
-0.056965951809587155,-0.8144444293078947,-0.5774384399256475
-0.06663722972347921,-0.815405568623438,-0.575041944794176
-0.07631868831736477,-0.8162456247069393,-0.5726417186690953
-0.08600890696681222,-0.8169644804159183,-0.5702381131256689
-0.0957064637398927,-0.817562036072846,-0.5678314802569745
-0.10540993560213785,-0.8180382094877723,-0.5654221726236006
-0.11511789862196115,-0.8183929359781512,-0.5630105432031675
-0.12482892817649345,-0.8186261683858613,-0.5605969453396901
-0.13454159915778216,-0.8187378770914049,-0.5581817326927909
-0.1442544861793032,-0.8187280500252812,-0.5557652591867773
-0.15396616378273664,-0.8185966926765246,-0.5533478789595957
-0.16367520664495483,-0.8183438280984018,-0.5509299463116749
-0.17338018978517403,-0.8179694969112671,-0.5485118156546728
-0.18307968877221975,-0.8174737573025694,-0.5460938414601351
-0.1927722799318562,-0.8168566850240109,-0.5436763782080826
-0.20245654055413156,-0.8161183733858584,-0.5412597803355373
-0.21213104910068928,-0.8152589332484065,-0.5388444021850014
-0.22179438541199856,-0.8142784930105976,-0.5364305979528984
-0.23144513091445523,-0.8131771985958003,-0.5340187216379938
-0.24108186882730545,-0.8119552134347519,-0.5316091269898029
-0.25070318436934685,-0.8106127184456725,-0.5292021674569997
-0.2603076649653586,-0.8091499120115558,-0.5267981961358394
-0.26989390045221645,-0.8075670099546468,-0.524397565718607
-0.27946048328464623,-0.8058642455081151,-0.5220006284421009
-0.2890060087405718,-0.8040418692849344,-0.5196077360361689
-0.2985290751260124,-0.8021001492439804,-0.5172192396723
-0.30802828397948767,-0.8000393706533586,-0.5148354899122923
-0.31750224027588614,-0.7978598360509768,-0.5124568366570029
-0.3269495526297542,-0.7955618652023755,-0.5100836290951917
-0.3363688334979674,-0.7931457950558324,-0.5077162156524728
-0.3457586993817384,-0.7906119796947567,-0.5053549439403815
-0.3551177710279268,-0.7879607902873906,-0.5030001607055686
-0.3644446736296062,-0.7851926150338344,-0.5006522117791339
-0.3737380370258547,-0.7823078591104158,-0.4983114420261076
-0.3829964959007266,-0.7793069446114211,-0.4959781952950915
-0.3922186899813721,-0.7761903104882087,-0.49365281436806824
-0.4014032642352642,-0.7729584124857245,-0.49133564091038984
-0.4105488690665012,-0.7696117230764412,-0.4890270154209561
-0.4196541605111477,-0.7661507313917449,-0.4867272771825907
-0.42871780043157903,-0.7625759431507864,-0.48443676421262427
-0.4377384567097986,-0.758887880586825,-0.4821558132136963
-0.4467148034396926,-0.7550870823710858,-0.4798847595247823
-0.45564552111819123,-0.7511741035341537,-0.4776239370724554
-0.46452929683530564,-0.7471495153849296,-0.47537367832239247
-0.47336482446301037,-0.7430139054271726,-0.47313431423113256
-0.48215080484293926,-0.7387678772736532,-0.4709061741980948
-0.4908859459728699,-0.734412050557943,-0.46868958601786553
-0.4995689631919643,-0.7299470608438658,-0.4664848758327622
-0.5081985793647414,-0.7253735595326379,-0.46429236808568086
-0.5167735250637542,-0.7206922137677202,-0.4621123854732357
-0.5252925387509422,-0.7159037063374132,-0.4599452488991979
-0.5337543669576394,-0.7110087355752173,-0.4577912774282409
-0.5421577644632107,-0.7060080152579872,-0.45565078823999805
-0.5505014944722892,-0.7009022745019086,-0.45352409658344217
-0.5587843287905986,-0.6956922576563209,-0.4514115157315899
-0.5670050479993325,-0.6903787241954173,-0.44931335693654023
-0.5751624416280707,-0.6849624486078457,-0.4472299293848532
-0.5832553083262122,-0.6794442202842421,-0.44516154015327264
-0.5912824560329027,-0.6738248434027203,-0.44310849416480147
-0.5992427021454392,-0.668105136812348,-0.44107109414513457
-0.6071348736861293,-0.6622859339146361,-0.43904964057945245
-0.6149578074675892,-0.6563680825430686,-0.43704443166958573
-0.6227103502564632,-0.6503524448407022,-0.4350557632915516
-0.6303913589355437,-0.6442398971358617,-0.43308392895346876
-0.6379997006642787,-0.6380313298159596,-0.43112921975385654
-0.6455342530376493,-0.6317276471994682,-0.4291919243403219
-0.6529939042434009,-0.6253297674060706,-0.4272723288686386
-0.660377553217614,-0.6188386222250193,-0.42537071696222495
-0.6676841097986014,-0.6122551569817289,-0.42348736967202205
-0.6749124948791134,-0.6055803304026318,-0.4216225654367779
-0.6820616405568447,-0.5988151144783217,-0.4197765800437419
-0.6891304902832228,-0.5919604943250153,-0.4179496865897718
-0.6961179990104709,-0.5850174680443564,-0.4161421554428591
-0.7030231333369302,-0.5779870465815906,-0.41435425420407473
-0.7098448716506331,-0.5708702535821392,-0.41258624766993895
-0.7165822042711126,-0.5636681252465944,-0.41083839779521947
-0.7232341335894412,-0.5563817101841675,-0.4091109636561597
-0.7297996742064865,-0.5490120692646127,-0.4074042014141417
-0.7362778530693763,-0.5415602754686549,-0.4057183642797855
-0.7426677096061612,-0.5340274137369466,-0.40405370247748845
-0.7489682958586685,-0.5264145808175795,-0.4024104632104068
-0.7551786766135371,-0.5187228851121771,-0.4007888906258826
-0.7612979295314277,-0.5109534465205942,-0.39918922578131777
-0.7673251452743964,-0.5031073962842461,-0.3976117066104983
-0.773259427631431,-0.4951858768280974,-0.3960565678903712
-0.7790998936421352,-0.4871900416013298,-0.39452404120827467
-0.7848456737185618,-0.47912105491671614,-0.3930143549296255
-0.7904959117651831,-0.47098009178872763,-0.391527734166066
-0.7960497652969936,-0.4627683377703926,-0.3900644007440688
-0.8015064055557427,-0.4544869887889368,-0.38862457317400595
-0.806865017624288,-0.4461372509802252,-0.3872084666196817
-0.812124800539065,-0.4377203405220312,-0.3858162928683298
-0.8172849674006716,-0.4292374834661539,-0.3844482603010793
-0.8223447454825572,-0.4206899155694102,-0.3831045738638874
-0.827303376337818,-0.4120788821235217,-0.38178543503894385
-0.8321601159040899,-0.4034056377839201,-0.3804910418165457
-0.8369142346065386,-0.3946714463974945,-0.37922158866744565
-0.8415650174589404,-0.3858775808293009,-0.3779772665156724
-0.8461117641628527,-0.377025322788258,-0.37675826271182833
-0.8505537892048696,-0.36811596265184926,-0.37556476100686115
-0.8548904219519601,-0.3591507992898549,-0.3743969415263138
-0.859121006744887,-0.3501311398871327,-0.3732549807450518
-0.8632449029897019,-0.3410582997654706,-0.3721390514624698
-0.8672614852473158,-0.3319336022045315,-0.3710493227781768
-0.8711701433211428,-0.3227583782619109,-0.3699859600681637
-0.8749702823428133,-0.3135339665923265,-0.3689491249614501
-0.8786613228559563,-0.3042617132659635,-0.3679389753172144
-0.8822427008980492,-0.29494297158599186,-0.3669556652024058
-0.8857138680803319,-0.28557910190527697,-0.3659993448698398
-0.8890742916657848,-0.2761714714423033,-0.365070160736777
-0.8923234546451692,-0.2667214540963308,-0.3641682553639864
-0.8954608558111287,-0.2572304302618019,-0.3632937674352938
-0.8984860098303499,-0.2476997866420189,-0.3624468317376145
-0.9013984473137824,-0.23813091606211115,-0.3616275791414728
-0.9041977148849153,-0.2285252172813088,-0.36083613658200603
-0.9068833752461118,-0.21888409480454335,-0.3600726270404566
-0.9094550072429983,-0.20920895869339148,-0.3593371695261497
-0.9119122059269095,-0.19950122437638104,-0.3586298790589579
-0.9142545826153872,-0.18976231245867706,-0.357950866652254
-0.9164817649507329,-0.17999364853116412,-0.3573002392963508
-0.9185933969566138,-0.17019666297894406,-0.35667809994242833
-0.9205891390927208,-0.1603727907892649,-0.3560845474869503
-0.9224686683074783,-0.1505234713588982,-0.35551967675656754
-0.9242316780888072,-0.14065014830098288,-0.3549835784935114
-0.9258778785129353,-0.13075426925134923,-0.35447633934147393
-0.9274069962912628,-0.12083728567434311,-0.3539980418319786
-0.9288187748152734,-0.11090065266816393,-0.3535487643712388
-0.9301129741995,-0.10094582876973343,-0.353128581227507
-0.931289371322535,-0.09097427575911145,-0.35273756251891125
-0.9323477598660928,-0.08098745846347384,-0.35237577420178273
-0.9332879503521199,-0.07098684456066875,-0.35204327805947194
-0.9341097701779523,-0.06097390438236593,-0.3517401316916556
-0.9348130636495228,-0.05095011071681536,-0.35146638850413214
-0.9353976920126126,-0.040916938611229164,-0.35122209769910884
-0.9358635334821531,-0.030875865173802967,-0.3510073042659769
-0.9362104832695709,-0.020828369375390593,-0.35082204897257924
-0.9364384536081813,-0.01077593185084752,-0.3506663683569669
-0.9365473737766252,-0.0007200347000571865,-0.3505402947196472
-0.9365371901203516,0.009337838711345083,-0.3504438561163216
-0.9364078660711447,0.01939620395153639,-0.3503770763511158
-0.9361593821646921,0.02945357572234448,-0.3503399749702995
-0.9357917360561989,0.039508468059345894,-0.3503325672564985
-0.9353049425340408,0.049559394532209936,-0.3503548642233977
-0.9346990335314597,0.05960486844527468,-0.3504068726109362
-0.9339740581362984,0.06964340303834125,-0.3504885948809942
-0.9331300825987753,0.07967351168767264,-0.35060002921357125
-0.9321671903372962,0.08969370810718365,-0.35074116950345935
-0.9310854819423028,0.0997025065498081,-0.35091200535740497
-0.9298850751781569,0.10969842200903036,-0.35111252209176785
-0.9285661049830597,0.11967997042056767,-0.3513427007306704
-0.9271287234670016,0.12964566886418982,-0.35160251800464254
-0.9255730999077454,0.13959403576566348,-0.351891946349759
-0.9238994207448372,0.14952359109880728,-0.3522109539072727
-0.9221078895716472,0.15943285658764594,-0.3525595045237414
-0.920198727125434,0.16932035590864852,-0.3529375577516506
-0.9181721712754347,0.17918461489303983,-0.3533450688505316
-0.9160284770089762,0.18902416172917047,-0.35378198878857603
-0.9137679164156062,0.19883752716493377,-0.354248264244747
-0.9113907786692418,0.20862324471021623,-0.3547438376113874
-0.9088973700083328,0.2183798508393685,-0.3552686469973265
-0.9062880137140376,0.22810588519368427,-0.355822626231484
-0.9035630500864078,0.2377998907838748,-0.3564057048669743
-0.9007228364185818,0.24746041419252557,-0.35701780818571005
-0.8977677469689789,0.25708600577652196,-0.3576588572035056
-0.8946981729314969,0.26667521986943266,-0.35832876867568286
-0.8915145224037054,0.2762266149838359,-0.3590274551031784
-0.8882172203530335,0.28573875401357773,-0.3597548247391533
-0.8848067085809477,0.295210204435948,-0.36051078159610694
-0.8812834456851157,0.30463953851376147,-0.36129522545349535
-0.8776479070195545,0.31402533349733197,-0.3621080518658553
-0.8739005846527539,0.3233661718263243,-0.36294915217143453
-0.8700419873237774,0.33266064133147427,-0.36381841350132954
-0.8660726403963307,0.34190733543616,-0.3647157187891323
-0.8619930858107965,0.35110485335781366,-0.3656409467810863
-0.8578038820342285,0.36025180030916054,-0.366593972046754
-0.8535056040083023,0.369346787699269,-0.36757466499019525
-0.8490988430952151,0.37838843333440164,-0.3685828918616605
-0.8445842070215309,0.3873753616186517,-0.36961851476979724
-0.8399623198199654,0.39630620375435077,-0.37068139169437314
-0.8352338217691041,0.4051795979422352,-0.37177137649951647
-0.8303993693310482,0.4139941895813562,-0.3728883189474746
-0.8254596350869827,0.4227486314687194,-0.3740320647128938
-0.8204153076706591,0.4314415839986397,-0.37520245539761954
-0.815267091699788,0.44007171536179673,-0.3763993285460212
-0.8100157077053326,0.4486377017439764,-0.377622517660841
-0.8046618920587001,0.45713822752448213,-0.37887185221957
-0.7992063968968185,0.4655719854742031,-0.380147157691352
-0.7936499900450963,0.4739376769533208,-0.38144825555441786
-0.7879934549382558,0.4822340121086413,-0.3827749633140519
-0.7822375905390323,0.4904597100705354,-0.3841270945210918
-0.7763832112547306,0.49861349914947006,-0.3855044587909639
-0.7704311468516332,0.5066941170321165,-0.3869068618232574
-0.7643822423672493,0.5147003109770163,-0.38833410542183716
-0.7582373580203983,0.5226308380097887,-0.38978598751549876
-0.751997369119117,0.5304844651178626,-0.3912623021791669
-0.7456631659663843,0.5382599694447145,-0.3927628396556418
-0.7392356537636521,0.5459561384835941,-0.3942873863778914
-0.7327157525121748,0.5535717702707194,-0.39583572499189557
-0.7261043969121275,0.5611056735779222,-0.39740763438004306
-0.7194025362595033,0.5685566681047252,-0.3990028896850842
-0.7126111343407804,0.5759235846698294,-0.40062126233463974
-0.7057311693253485,0.5832052654019928,-0.4022625200662716
-0.6987636336556855,0.5904005639302802,-0.40392642695311504
-0.6917095339352739,0.5975083455736608,-0.4056127434300764
-0.6845698908142461,0.6045274875299343,-0.40732122632059875
-0.677345738872749,0.6114568790639616,-0.40905162886399743
-0.6700381265020176,0.6182954216951787,-0.4108037007433692
-0.6626481157831449,0.625042029384369,-0.41257718811407595
-0.6551767823635413,0.631695628719672,-0.414371833632808
-0.6476252153310673,0.6382551591018023,-0.4161873764872282
-0.6399945170858348,0.6447195729284555,-0.41802355242619904
-0.6322858032096591,0.6510878357778734,-0.41988009379059793
-0.624500202333157,0.6573589265915444,-0.42175672954472065
-0.6166388560004756,0.66353183785601,-0.4236531853082781
-0.6087029185316425,0.6696055757837526,-0.4255691833889877
-0.600693556882525,0.6755791604931318,-0.42750444281576294
-0.5926119505023896,0.6814516261873457,-0.42945867937250426
-0.5844592911890467,0.6872220213323829,-0.43143160563249333
-0.5762367829415727,0.6928894088339368,-0.43342293099339424
-0.5679456418105977,0.6984528662132511,-0.4354323617128644
-0.5595870957461466,0.7039114857818621,-0.43745960094477804
-0.5511623844430237,0.7092643748152082,-0.4395043487760643
-0.5426727591837298,0.7145106557250703,-0.44156630226416477
-0.5341194826789009,0.7196494662308092,-0.44364515547511046
-0.5255038289052582,0.7246799595293643,-0.4457405995222246
-0.5168270829410592,0.7296013044639789,-0.4478523226054502
-0.5080905407990396,0.7344126856916108,-0.4499800100513075
-0.4992955092568362,0.7391133038489954,-0.4521233443534844
-0.4904433056848799,0.7437023757173166,-0.4542820052140597
-0.48153525787175316,0.7481791343854494,-0.4564556695853653
-0.4725727038469982,0.752542829411731,-0.4586440117124868
-0.46355699170137105,0.7567927269842196,-0.46084670317640697
-0.4544894794045318,0.7609281100793954,-0.46306341293779324
-0.44537153462016194,0.7649482786192625,-0.4652938073814319
-0.436204534518505,0.7688525496268048,-0.4675375503613119
-0.42698986558631963,0.7726402573797494,-0.46979430324635835
-0.4177289234342424,0.7763107535625919,-0.4720637249668202
-0.40842311260155184,0.7798634074168325,-0.47434547206131095
-0.399073846358331,0.783297605889375,-0.47663919872450766
-0.3896825465050223,0.7866127537790397,-0.47894455685550597
-0.3802506431693725,0.7898082738811342,-0.4812611961068356
-0.3707795746007639,0.7928836071300327,-0.48358876393413514
-0.3612707869619302,0.7958382127397097,-0.48592690564648966
-0.3517257341180564,0.79867156834217,-0.4882752644574294
-0.342145877423261,0.8013831701237242,-0.49063348153659164
-0.3325326855044623,0.8039725329590448,-0.493001196062046
-0.3228876340426308,0.8064391905429528,-0.4953780452732834
-0.31321220555142965,0.8087826955198683,-0.49776366452486787
-0.3035078891532467,0.8110026196108686,-0.5001576873407518
-0.29377618035262537,0.8130985537382908,-0.5025597454692543
-0.2840185808070983,0.8150701081478141,-0.5049694689386998
-0.2742365980954324,0.8169169125279618,-0.5073864861137187
-0.2644317454832947,0.8186386161269539,-0.5098104237522063
-0.25460554168634925,0.8202348878668465,-0.5122409070629391
-0.24475951063079565,0.821705416454891,-0.5146775597638461
-0.2348951812113657,0.8230499104920432,-0.5171200041409337
-0.22501408704678943,0.8242680985785537,-0.5195678611078591
-0.2151177662327507,0.8253597294165715,-0.5220207502661514
-0.20520776109234823,0.826324571909687,-0.5244782899660749
-0.19528561792408486,0.8271624152593435,-0.5269400973681331
-0.18535288674740463,0.8278730690580453,-0.5294057885052041
-0.1754111210458033,0.8284563633792865,-0.5318749783453084
-0.1654618775075388,0.8289121488641292,-0.5343472808549997
-0.15550671576396838,0.8292402968043531,-0.5368223090633741
-0.145547198125544,0.8294406992221022,-0.5392996751266907
-0.13558488931549767,0.8295132689459511,-0.5417789903935983
-0.1256213562012521,0.829457939683316,-0.5442598654709591
-0.11565816752359362,0.8292746660891309,-0.5467419102902619
-0.10569689362364632,0.8289634238307099,-0.5492247341746169
-0.09573910616769035,0.8285242096487211,-0.5517079459063225
-0.08578637786986813,0.8279570414141919,-0.5541911537949936
-0.0758402822128256,0.8272619581814636,-0.556673965746243
-0.06590239316633867,0.8264390202370219,-0.559155989330903
-0.0559742849039766,0.8254883091441193,-0.5616368318547774
-0.046057531517858116,0.8244099277831155,-0.5641161004289098
-0.036153706731557544,0.8232040003874516,-0.5665934020403565
-0.026264383611222367,0.821870672575184,-0.5690683436234505
-0.01639113427496537,0.8204101113759965,-0.5715405321315412
-0.0065355296005984685,0.8188225052536164,-0.5740095746091967
0.0033008610682225053,0.8171080641235547,-0.5764750782648503
0.013116470217369256,0.8152670193660932,-0.578936650543877
0.02290973245905301,0.8132996238344475,-0.5813938992020821
0.03267908482999826,0.8112061518580258,-0.5838464323795834
0.04242296709089641,0.8089868992407123,-0.5862938586750697
0.05213982202705416,0.8066421832541044,-0.5887357872204125
0.06182809575014863,0.8041723426256305,-0.5911718277556164
0.0714862380009975,0.8015777375214763,-0.5936015907040817
0.08111270245325021,0.7988587495242593,-0.5960246872481604
0.09070594701790186,0.7960157816053766,-0.5984407294049822
0.10026443414852948,0.7930492580919685,-0.6008493301025255
0.10978663114714642,0.7899596246284306,-0.6032501032559129
0.11927101047056754,0.7867473481324179,-0.6056426638439023
0.12871605003717534,0.7834129167452822,-0.608026627985549
0.1381202335339734,0.7799568397768878,-0.6104016130170129
0.1474820507238107,0.7763796476447514,-0.612767237568484
0.15679999775265777,0.7726818918074615,-0.6151231216411955
0.16607257745681175,0.7688641446923244,-0.6174688866844967
0.1752982996699064,0.7649269996171997,-0.6198041556729581
0.18447568152959698,0.7608710707064814,-0.6221285531834745
0.19360324778379184,0.7566969928011911,-0.624441705472338
0.20267953109629477,0.7524054213631465,-0.6267432405522475
0.21170307235172464,0.7479970323731832,-0.6290327882692218
0.22067242095957215,0.7434725222233982,-0.6313099803793856
0.22958613515725365,0.7388326076033991,-0.6335744506255891
0.23844278231201943,0.7340780253805408,-0.6358258348138343
0.24724093922157137,0.7292095324741393,-0.6380637708894641
0.2559791924132424,0.7242279057236544,-0.6402878990130876
0.26465613844159014,0.7191339417508392,-0.6424978616361977
0.27327038418425426,0.7139284568158609,-0.6446933035764477
0.28182054713592436,0.7086122866673981,-0.6468738720925508
0.29030525570026766,0.7031862863867298,-0.6490392169587615
0.29872314947966017,0.6976513302258336,-0.6511889905389044
0.3070728795625679,0.6920083114395164,-0.6533228478599092
0.31535310880842105,0.6862581421116071,-0.6554404466848148
0.32356251212982645,0.680401752975249,-0.6575414475852029
0.3316997767719602,0.6744400932273279,-0.6596255140130232
0.3397636025889845,0.668374130337087,-0.6616923123717678
0.3477527023173322,0.6622048498489782,-0.6637415120869609
0.3556658018457034,0.6559332551798112,-0.6657727856759166
0.3635016404816187,0.6495603674102605,-0.6677858088167338
0.37125897121437434,0.6430872250708082,-0.6697802604164832
0.37893656097424466,0.6365148839221902,-0.6717558226785484
0.3865331908877832,0.6298444167304379,-0.6737121811690829
0.39404765652906976,0.6230769130365967,-0.6756490248825447
0.40147876816675565,0.6162134789212234,-0.6775660463062679
0.4088253510067608,0.6092552367637567,-0.6794629414840353
0.41608624543048134,0.6022033249968747,-0.6813394100786141
0.4232603072283634,0.5950588978559483,-0.6831951554332156
0.43034640782870814,0.5878231251237114,-0.6850298846318466
0.4373434345215733,0.5804971918702732,-0.6868433085585108
0.44425029067763894,0.5730822981886031,-0.6886351419552319
0.4510658959619117,0.5655796589256241,-0.690405103478858
0.45778918654214484,0.5579905034090581,-0.6921529157566176
0.46441911529185476,0.5503160751701697,-0.6938783054403929
0.4709546519878212,0.5425576316625607,-0.6955810032596803
0.4773947835019618,0.5347164439771736,-0.6972607440732064
0.48373851398747625,0.5267937965536665,-0.6989172669191702
0.48998486505916455,0.518790986888326,-0.7005503150640853
0.4961328759678235,0.51070932523869,-0.7021596360501923
0.502181603768637,0.5025501343250559,-0.7037449817414176
0.5081301234834774,0.4943147490290542,-0.7053061083678557
0.513977528257046,0.4860045160894698,-0.7068427765687486
0.5197229295067819,0.4776207937954992,-0.708354751433945
0.5253654570664794,0.46916495167763117,-0.709841802543817
0.5309042593235606,0.460638370196345,-0.7113037040076178
0.5363385033499516,0.45204244042882097,-0.712740234500263
0.5416673750265266,0.4433785637538599,-0.714151177297522
0.5468900791610847,0.4346481515352109,-0.7155363203096032
0.5520058395998303,0.42585262480350683,-0.7168954561131283
0.5570138993323461,0.41699341393701067,-0.718228381981478
0.5619135205900398,0.40807195834137405,-0.7195348999135085
0.5667039849380658,0.39908970612860933,-0.7208148166606295
0.5713845933607242,0.3900481137954806,-0.7220679437522398
0.5759546663403506,0.3809486459015134,-0.7232940975195215
0.5804135439297133,0.3717927747468263,-0.7244930991175877
0.5847605858179465,0.3625819800499844,-0.7256647745459915
0.5889951713900559,0.3533177486260728,-0.726808954667595
0.5931166997800322,0.34400157406518855,-0.7279254752258063
0.5971245899176311,0.33463495641154506,-0.7290141768601928
0.6010182805688674,0.3252194018433818,-0.7300749051204781
0.6047972303702928,0.31575642235386747,-0.7311075104789372
0.6084609178571255,0.3062475354331841,-0.7321118483411979
0.6120088414853114,0.2966942637519729,-0.7330877790554702
0.6154405196475986,0.28709813484632113,-0.7340351679202145
0.6187554906837187,0.277460680804463,-0.7349538851902713
0.6219533128847704,0.26778343795536436,-0.7358438060814704
0.6250335644919087,0.25806794655935444,-0.7367048107737435
0.6279958436894506,0.24831575050096438,-0.7375367844127627
0.63083976859251,0.23852839698412462,-0.7383396171101293
0.633564977229283,0.22870743622986947,-0.739113203942142
0.6361711275181078,0.218854421176689,-0.739857444947171
0.6386578972394285,0.20897090718366365,-0.7405722451216683
0.6410249840027995,0.1990584517365093,-0.7412575144148452
0.6432721052090657,0.18911861415665393,-0.741913167722048
0.6453989980078608,0.17915295531346087,-0.7425391248768664
0.647405419250571,0.1691630373397048,-0.7431353106420109
0.6492911454389109,0.15915042335040086,-0.7437016546989897
0.651055972669262,0.14911667716507915,-0.7442380916366261
0.6526997165729289,0.13906336303358932,-0.7447445609384513
0.6542222122524672,0.1289920453655123,-0.7452210069690127
0.6556233142142412,0.1189042884632487,-0.7456673789591328
0.6569028962973669,0.10880165625884568,-0.7460836309901612
0.6580608515992034,0.09868571205461601,-0.746469721977258
0.6590970923975473,0.08855801826759566,-0.74682561565175
0.6600115500696954,0.07842013617787834,-0.7471512805425963
0.6608041750085278,0.06827362568085746,-0.747446689957009
0.6614749365357778,0.05812004504339892,-0.7477118219602671
0.6620238228126396,0.04796095066396022,-0.7479466593547617
0.6624508407478746,0.0377978968366637,-0.7481511896583197
0.662756015903568,0.027632435519324955,-0.7483254050818399
0.6629393923986925,0.01746611610543008,-0.7484693025062846
0.6630010328106234,0.007300485200047887,-0.7485828834590669
0.662941018074759,-0.002862913600342647,-0.7486661540898716
0.6627594473823865,-0.013022539924137063,-0.7487191251459508
0.6624564380769383,-0.023176856837035322,-0.7487418119469296
0.6620321255487743,-0.033324331050656596,-0.7487342343591604
0.661486663128626,-0.043463433127384474,-0.7486964167696658
0.6608202219798325,-0.053592637681493846,-0.7486283880597002
0.6600329909894944,-0.06371042357661624,-0.7485301815779709
0.6591251766586671,-0.07381527411960528,-0.7484018351135494
0.6580970029917105,-0.08390567725086942,-0.7482433908685071
0.6569487113849083,-0.09398012573124283,-0.7480548954303075
0.6556805605144632,-0.10403711732547069,-0.7478363997439853
0.6542928262239694,-0.11407515498238817,-0.7475879590841433
0.6527858014114614,-0.1240927470118764,-0.7473096330267948
0.6511597959161282,-0.13408840725868257,-0.7470014854210775
0.649415136404781,-0.14406065527319298,-0.7466635843608674
0.6475521662581527,-0.15400801647925305,-0.7462960021563161
0.645571245457106,-0.1639290223391269,-0.745898815305333
0.6434727504688175,-0.17382221051569588,-0.7454721044650378
0.641257074133004,-0.18368612503199233,-0.7450159544231992
0.638924625548244,-0.19351931642817038,-0.744530454069684
0.6364758299584523,-0.20332034191601397,-0.7440156963679293
0.633911128639549,-0.21308776553108394,-0.7434717783264561
0.6312309787863684,-0.22282015828260765,-0.7428988009704399
0.6284358533998373,-0.23251609830121175,-0.7422968693133493
0.62552624117446,-0.24217417098460275,-0.741666092328665
0.6225026463861262,-0.2517929691412954,-0.7410065829216906
0.6193655887802665,-0.2613710931324914,-0.7403184579014631
0.6161156034603676,-0.2709071510122087,-0.73960183795277
0.6127532407768547,-0.28039975866575895,-0.7388568476082807
0.6092790662163462,-0.28984753994667306,-0.7380836152207955
0.6056936602912792,-0.29924912681216853,-0.7372822729356153
0.6019976184299005,-0.30860315945725386,-0.7364529566630368
0.5981915508666102,-0.3179082864475603,-0.7355958060509695
0.5942760825326475,-0.32716316485099195,-0.734710964457679
0.5902518529470955,-0.33636646036827883,-0.73379857892465
0.5861195161081862,-0.34551684746251854,-0.7328588001495707
0.5818797403848753,-0.3546130094877863,-0.7318917824594326
0.5775332084086595,-0.36365363881689095,-0.7308976837837389
0.5730806169656004,-0.37263743696835266,-0.7298766656278195
0.5685226768885214,-0.38156311473267207,-0.7288288930462429
0.5638601129493336,-0.39042939229795914,-0.7277545346163163
0.5590936637514519,-0.3992349993749856,-0.7266537624116688
0.5542240816222523,-0.4079786753217205,-0.7255267519759042
0.5492521325055296,-0.41665916926740654,-0.724373682296315
0.5441785958538967,-0.4252752402362283,-0.7231947357776464
0.5390042645210829,-0.4338256572706216,-0.7219900982158964
0.5337299446540705,-0.4423091995542691,-0.7207599587721453
0.5283564555850229,-0.45072465653482113,-0.7195045099463931
0.5228846297229383,-0.45907082804638016,-0.7182239475514003
0.5173153124449837,-0.46734652443178043,-0.7169184706865098
0.5116493619874406,-0.47555056666469026,-0.715588281711444
0.5058876493362108,-0.48368178647156335,-0.7142335862200545
0.5000310581168201,-0.49173902645345835,-0.7128545930140159
0.49408048448386194,-0.49972114020774333,-0.7114515140764445
0.4880368370098211,-0.5076269924496968,-0.7100245645454282
0.4819010365732183,-0.5154554591340157,-0.7085739626874521
0.47567401624601646,-0.5232054275762337,-0.7070999298707044
0.46935672118023125,-0.5308757965740504,-0.7056026905382449
0.46295010849368595,-0.5384654765285702,-0.7040824721810253
0.45645514715485547,-0.5459733895654445,-0.7025395053107396
0.4498728178667425,-0.553398469655905,-0.7009740234324944
0.44320411294973044,-0.5607396627376785,-0.6993862630172809
0.4364500362233602,-0.5679959268357636,-0.6977764634742344
0.4296116028869762,-0.5751662321830514,-0.6961448671226669
0.42268983939919297,-0.5822495613407664,-0.6944917191638571
0.4156857833561317,-0.5892449093187033,-0.692817267652584
0.40860048336837895,-0.5961512836952281,-0.6911217634683912
0.40143499893662027,-0.6029677047370159,-0.6894054602865651
0.3941904003259078,-0.6096932055184884,-0.6876686145488181
0.3868677684385168,-0.6163268320409155,-0.6859114854336611
0.3794681946853517,-0.622867643351144,-0.6841343348264523
0.37199278085586507,-0.6293147116599086,-0.6823374272891138
0.3644426389864517,-0.6356671224596863,-0.6805210300295013
0.3568188912272864,-0.6419239746420463,-0.6786854128704166
0.3491226697075732,-0.6480843806144493,-0.676830848218255
0.34135511639917643,-0.6541474664164493,-0.6749576110312745
0.33351738297860933,-0.6601123718352444,-0.6730659787874795
0.3256106306873549,-0.66597825052053,-0.6711562314521095
0.31763603019049724,-0.671744270098596,-0.6692286514447257
0.3095947614336449,-0.6774096122856209,-0.6672835236058877
0.30148801349812976,-0.6829734730001009,-0.6653211351634126
0.29331698445446697,-0.688435062474365,-0.6633417756982107
0.2850828812140647,-0.6937936053651143,-0.6613457371096935
0.276786919379174,-0.6990483408629329,-0.6593333135807472
0.2684303230910724,-0.7041985228007102,-0.657304801542268
0.2600143248764786,-0.7092434197609176,-0.6552604996372571
0.2515401654921928,-0.7141823151816824,-0.6532007086844689
0.24300909376796762,-0.7190145074615988,-0.6511257316416128
0.23442236644760941,-0.7237393100632207,-0.6490358735681073
0.2257812480283175,-0.7283560516151755,-0.6469314415873814
0.2170870105982674,-0.7328640760128432,-0.6448127448487269
0.20834093367244907,-0.7372627425175424,-0.6426800944887
0.1995443040267717,-0.7415514258541644,-0.640533803592072
0.19069841553045058,-0.7457295163072034,-0.6383741871523317
0.1818045689766906,-0.749796419815121,-0.6362015620317407
0.1728640719116867,-0.7537515580629948,-0.6340162469209439
0.1638782384619611,-0.7575943685733928,-0.6318185622981388
0.15484838916005958,-0.7613243047954228,-0.629608830387806
0.14577585076863214,-0.764940836191901,-0.6273873751190064
0.13666195610292334,-0.7684434483245914,-0.6251545220832477
0.12750804385170045,-0.7718316429374613,-0.6229105984919283
0.11831545839665011,-0.7751049380379075,-0.6206559331333603
0.10908554963027381,-0.7782628679759017,-0.6183908563293813
0.09981967277231507,-0.7813049835210084,-0.6161156998915583
0.09051918818475392,-0.7842308519372305,-0.6138307970769947
0.08118546118540312,-0.7870400570556373,-0.6115364825437423
0.0718198618601444,-0.7897321993447303,-0.6092330923058308
0.06242376487384251,-0.7923068959785083,-0.6069209636879225
0.05299854927997722,-0.7947637809021878,-0.6046004352795962
0.04354559832903397,-0.7971025048955409,-0.6022718468892772
0.03406629927569519,-0.7993227356338157,-0.5999355394978132
0.024562043184875183,-0.8014241577461997,-0.5975918552117147
0.015034224736642529,-0.8034064728717936,-0.5952411372160631
0.005484242030074622,-0.8052693997130632,-0.5928837297271015
-0.004086503613909886,-0.8070126740867362,-0.5905199779445137
-0.013676607850694574,-0.8086360489721178,-0.5881502280034083
-0.023284663511037695,-0.8101392945567929,-0.5857748269260126
-0.03290926080102598,-0.811522198279691,-0.5833941225730923
-0.04254898750286169,-0.8127845648714894,-0.5810084635951057
-0.052202429176434556,-0.8139262163923298,-0.5786181993831044
-0.06186816936162912,-0.8149469922668273,-0.5762236800193935
-0.0715447897813188,-0.8158467493163529,-0.5738252562279625
-0.08123087054499656,-0.816625361788569,-0.5714232793246972
-0.09092499035299245,-0.817282721384203,-0.5690181011673877
-0.10062572670122813,-0.8178187372810432,-0.5666100741055439
-0.11033165608645809,-0.8182333361551423,-0.5641995509300284
-0.12004135421194727,-0.8185264621992175,-0.561786884822523
-0.12975339619353507,-0.8186980771382368,-0.5593724293048391
-0.1394663567660353,-0.81874816024218,-0.5569565381880839
-0.14917881048992218,-0.8186767083359702,-0.5545395655216974
-0.15888933195825197,-0.8184837358065657,-0.5521218655423713
-0.16859649600377105,-0.8181692746072124,-0.549703792622862
-0.17829887790615995,-0.8177333742588475,-0.5472857012207099
-0.18799505359936516,-0.8171761018486569,-0.5448679458268815
-0.19768359987896814,-0.8164975420257843,-0.5424508809143411
-0.2073630946095443,-0.8156977969941916,-0.5400348608865689
-0.2170321169319626,-0.8147769865026743,-0.5376202400260356
-0.22668924747057784,-0.8137352478320331,-0.5352073724426475
-0.23633306854026898,-0.8125727357794094,-0.532796612022174
-0.24596216435327514,-0.811289622639784,-0.5303883123746691
-0.2555751212257838,-0.8098860981846553,-0.5279828267828992
-0.2651705277842244,-0.8083623696378952,-0.5255805081507903
-0.27474697517122215,-0.806718661648798,-0.5231817089519053
-0.28430305725116767,-0.8049552162623299,-0.5207867811779646
-0.2938373708153564,-0.8030722928865909,-0.51839607628742
-0.303348515786656,-0.8010701682575007,-0.5160099451540954
-0.3128350954236578,-0.7989491364007227,-0.5136287380159043
-0.32229571652426936,-0.7967095085908384,-0.5112528044236557
-0.33172898962870706,-0.7943516133077883,-0.5088824931899615
-0.3411335292218476,-0.7918757961905951,-0.5065181523382535
-0.3505079539348971,-0.7892824199883854,-0.5041601290519214
-0.3598508867463396,-0.7865718645087273,-0.5018087696235862
-0.3691609551821246,-0.783744526563301,-0.49946441940451447
-0.3784367915150554,-0.7808008199109239,-0.4971274227541862
-0.3876770329633425,-0.7777411751979473,-0.4947981229900285
-0.39688032188828243,-0.7745660398960449,-0.49247686233732035
-0.4060453059910285,-0.7712758782374162,-0.4901639818792835
-0.4151706385084163,-0.7678711711474234,-0.487859821507365
-0.4242549784078114,-0.7643524161746864,-0.48556471987172467
-0.43329699058094234,-0.7607201274186551,-0.4832790143319324
-0.4422953460366892,-0.7569748354546865,-0.48100304090788853
-0.45124872209279415,-0.7531170872566453,-0.47873713423097514
-0.4601558025664615,-0.7491474461170565,-0.4764816274954446
-0.469015277963817,-0.7450664915648301,-0.4742368524100573
-0.4778258456681979,-0.7408748192805855,-0.4720031391499758
-0.4865862101272424,-0.7365730410096003,-0.46978081630892177
-0.49529508303875097,-0.7321617844724074,-0.4675702108516076
-0.5039511835352914,-0.7276416932730688,-0.46537164806644626
-0.5125532383675208,-0.723013426805149,-0.46318545151854995
-0.5210999820861983,-0.7182776601554165,-0.4610119430030244
-0.5295901572228632,-0.7134350840052996,-0.45885144249856546
-0.5380225144691506,-0.708486404530123,-0.45670426812136516
-0.5463958128547269,-0.703432343296151,-0.45457073607933485
-0.5547088199238146,-0.698273637155467,-0.45245116062665186
-0.5629603119102876,-0.693011038138714,-0.4503458540186352
-0.5711490739113142,-0.6876453133457239,-0.4482551264669589
-0.5792739000595258,-0.6821772448340665,-0.4461792860952069
-0.5873335936936926,-0.6766076295055384,-0.44411863889477626
-0.595326967527881,-0.6709372789906284,-0.4420734886811345
-0.6032528438190801,-0.6651670195309799,-0.4400441370504394
-0.6111100545332739,-0.6592976918598813,-0.4380308833365201
-0.6188974415099423,-0.6533301510808127,-0.4360340245682327
-0.6266138566249723,-0.6472652665440741,-0.4340538554271895
-0.6342581619519655,-0.6411039217215246,-0.43209066820587044
-0.641829229921921,-0.6348470140794608,-0.43014475276612024
-0.6493259434812828,-0.6284954549496599,-0.42821639649803456
-0.6567471962483308,-0.6220501693986176,-0.4263058842792437
-0.664091892667906,-0.6155120960950059,-0.42441349843459364
-0.6713589481644537,-0.608882187175381,-0.42253951869623135
-0.6785472892933689,-0.6021614081081658,-0.420684222164098
-0.6856558538906354,-0.5953507375559356,-0.4188478832668337
-0.6926835912207406,-0.5884511672360359,-0.41703077372309694
-0.6996294621228591,-0.5814637017795549,-0.4152331625033045
-0.7064924391552897,-0.5743893585886827,-0.41345531579179273
-0.7132715067381361,-0.5672291676924798,-0.4116974969494056
-0.7199656612942213,-0.559984171601084,-0.4099599664765114
-0.7265739113882237,-0.5526554251583818,-0.40824298197645237
-0.7330952778640265,-0.5452439953931688,-0.4065467981194292
-0.7395287939802704,-0.5377509613688282,-0.40487166660682483
-0.7458735055441011,-0.5301774140315502,-0.40321783613596757
-0.7521284710431027,-0.5225244560571207,-0.40158555236533977
-0.7582927617754072,-0.5147932016963034,-0.399975057880232
-0.7643654619779765,-0.5069847766188408,-0.3983865921588459
-0.7703456689530456,-0.4991003177561001,-0.3968203915388481
-0.7762324931927198,-0.4911409731423876,-0.3952766891843774
-0.7820250585017225,-0.48310790175495766,-0.3937557150535081
-0.787722502118285,-0.47500227335274087,-0.39225769586617
-0.7933239748331696,-0.46682526831381377,-0.39078285507252764
-0.7988286411068276,-0.45857807747163726,-0.3893314128218225
-0.804235679184677,-0.4502619019500855,-0.38790358593167595
-0.8095442812105039,-0.44187795299728894,-0.38649958785785826
-0.8147536533379762,-0.4334274518183172,-0.3851196286645247
-0.8198630158402673,-0.42491162940672195,-0.38376391499491735
-0.8248716032177871,-0.4163317263749653,-0.3824326500425383
-0.8297786643040121,-0.4076889927837553,-0.3811260335227924
-0.8345834623694148,-0.39898468797031156,-0.37984426164510227
-0.8392852752234857,-0.39022008037558287,-0.3785875270854966
-0.8438833953148468,-0.3813964473704405,-0.3773560189596727
-0.8483771298294509,-0.3725150750808666,-0.3761499227965352
-0.8527658007868663,-0.3635772582121612,-0.3749694205122096
-0.8570487451346416,-0.35458429987218903,-0.3738146903845349
-0.8612253148407499,-0.3455375113936871,-0.3726859070280344
-0.8652948769841087,-0.3364382121556537,-0.3715832413693649
-0.8692568138431728,-0.32728772940384093,-0.37050686062324695
-0.8731105229826004,-0.3180873980703689,-0.36945692826887516
-0.8768554173379877,-0.3088385605924858,-0.36843360402681113
-0.8804909252986711,-0.2995425667304889,-0.36743704383635684
-0.8840164907885958,-0.29020077338483097,-0.36646739983341325
-0.8874315733452488,-0.2808145444124294,-0.36552482032881983
-0.890735648196655,-0.2713852504421983,-0.3646094497871805
-0.8939282063364333,-0.2619142686898215,-0.3637214288061719
-0.897008754596916,-0.25240298277178835,-0.36286089409633854
-0.8999768157203241,-0.2428527825187077,-0.3620279784613714
-0.9028319284280032,-0.23326506378792106,-0.36122281077887414
-0.9055736474877146,-0.22364122827543292,-0.36044551598161445
-0.9082015437789843,-0.21398268332717554,-0.35969621503926225
-0.9107152043565067,-0.20429084174962753,-0.3589750249406148
-0.9131142325116017,-0.1945671216198024,-0.35828205867630836
-0.9153982478317282,-0.1848129460946268,-0.3576174252220191
-0.9175668862580495,-0.1750297432197241,-0.35698122952214895
-0.9196198001410507,-0.16521894573762133,-0.3563735724740022
-0.9215566582942105,-0.15538199089539628,-0.3557945509124479
-0.9233771460457231,-0.1455203202517821,-0.35524425759507255
-0.9250809652882706,-0.13563537948374535,-0.35472278118782
-0.9266678345268489,-0.12572861819255465,-0.3542302062511206
-0.9281374889246415,-0.11580148970935611,-0.3537666132265098
-0.9294896803469441,-0.10585545090027124,-0.35333207842373465
-0.9307241774031387,-0.09589196197103426,-0.3529266740083506
-0.9318407654867176,-0.08591248627118354,-0.35255046798980716
-0.9328392468133543,-0.07591849009782395,-0.3522035242100233
-0.9337194404570253,-0.06591144249897465,-0.35188590233245237
-0.934481182384177,-0.05589281507651838,-0.35159765783163677
-0.9351243254859433,-0.04586408178876713,-0.3513388419832527
-0.9356487396084072,-0.03582671875265939,-0.35110950185464507
-0.9360543115809112,-0.02578220404560375,-0.3509096802958523
-0.9363409452424131,-0.015732017506983838,-0.35073941593112185
-0.9365085614658865,-0.00567764053933907,-0.3505987431509162
-0.936557098180768,0.004379444090764204,-0.3504876921044093
-0.9364865103934478,0.01443775245215675,-0.35040628869247364
-0.9362967702058035,0.024495799648771438,-0.3503545545611592
-0.935987866831778,0.034552100019615055,-0.35033250709566266
-0.9355598066119991,0.044605167338992856,-0.35034015941478835
-0.9350126130264405,0.05465351501697196,-0.3503775203659012
-0.934346326705123,0.06469565630006983,-0.35044459452037063
-0.9335610054368555,0.07473010447215388,-0.350541382169507
-0.9326567241760153,0.08475537305553897,-0.3506678793209904
-0.9316335750473631,0.09476997601226897,-0.35082407769579205
-0.9304916673488978,0.10477242794556899,-0.3510099647255882
-0.9292311275527426,0.11476124430145493,-0.3512255235506672
-0.927852099304067,0.12473494157048734,-0.35147073301833104
-0.9263547434180394,0.1346920374896557,-0.3517455676817887
-0.9247392378748105,0.1446310512443808,-0.35204999779954577
-0.9230057778125256,0.15455050367062148,-0.3523839893352875
-0.9211545755183632,0.16444891745707318,-0.3527475039582573
-0.9191858604175992,0.1743248173474451,-0.35314049904413103
-0.917099879060693,0.1841767303428025,-0.35356292767638553
-0.914896895108396,0.19400318590396257,-0.3540147386481661
-0.9125771893148771,0.20380271615392975,-0.35449587646464953
-0.9101410595088649,0.21357385608035823,-0.3550062813459043
-0.9075888205728047,0.22331514373802872,-0.3555458892302499
-0.9049208044200238,0.23302512045132653,-0.3561146317781145
-0.9021373599699076,0.24270233101670877,-0.3567124363763919
-0.8992388531210798,0.25234532390514675,-0.3573392261432989
-0.8962256667225845,0.26195265146453206,-0.3579949199337335
-0.8930982005430682,0.27152287012203247,-0.35867943234513394
-0.8898568712379561,0.2810545405863854,-0.3593926737238416
-0.8865021123146217,0.2905462280501161,-0.36013455017196566
-0.8830343740955439,0.2999965023916669,-0.36090496355475316
-0.8794541236794493,0.30940393837742614,-0.3617038115084635
-0.8757618449004339,0.31876711586364154,-0.3625309874487483
-0.8719580382850619,0.32808461999820726,-0.36338638057954004
-0.8680432210074377,0.3373550414223101,-0.36426987590244714
-0.8640179268422413,0.34657697647192165,-0.3651813542266587
-0.8598827061157318,0.35574902737912384,-0.36612069217935994
-0.855638125654704,0.3648698024732536,-0.3670877622166584
-0.8512847687334012,0.37393791638185503,-0.36808243263502344
-0.8468232350183733,0.3829519902314217,-0.36910456758323945
-0.8422541405112782,0.39191065184791996,-0.37015402707487416
-0.8375781174896196,0.40081253595707556,-0.3712306670012636
-0.832795814445415,0.4096562843844122,-0.37233433914501546
-0.8279078960217892,0.41844054625502625,-0.37346489119403137
-0.822915042947485,0.42716397819308327,-0.3746221667560505
-0.8178179519692881,0.43582524452102367,-0.37580600537371595
-0.8126173357823554,0.44442301745846,-0.37701624254016436
-0.8073139229584444,0.45295597732075377,-0.3782527097151426
-0.8019084578720319,0.46142281271725405,-0.37951523434165046
-0.7964017006243195,0.46982222074918467,-0.38080363986311405
-0.7907944269651165,0.47815290720716286,-0.3821177457410891
-0.78508742821259,0.48641358676833457,-0.38345736747349757
-0.7792815111708814,0.49460298319311,-0.38482231661339983
-0.7733774980455722,0.5027198295214816,-0.3862124007883014
-0.7673762263570004,0.5107628682689108,-0.38762742372000086
-0.7612785488514113,0.5187308516217635,-0.3890671852449774
-0.7550853334099392,0.5266225416322785,-0.39053148133532106
-0.7487974629554089,0.5344367104130517,-0.39202010412020827
-0.7424158353569498,0.5421721403310157,-0.3935328419079253
-0.7359413633324104,0.5498276242008996,-0.3950694792084393
-0.7293749743485699,0.5574019654781476,-0.3966297967565237
-0.722717610519129,0.5648939784512785,-0.3982135715354351
-0.7159702285004801,0.5723024884336664,-0.39982057680114896
-0.7091337993852377,0.5796263319547224,-0.4014505821071525
-0.7022093085935263,0.5868643569504565,-0.4031033533297996
-0.6951977557620121,0.5940154229533994,-0.40477865269422963
-0.6881001546306692,0.6010784012818635,-0.4064762388008533
-0.6809175329272701,0.6080521752285174,-0.40819586665240587
-0.6736509322495892,0.6149356402482571,-0.4099372876815741
-0.6663014079453108,0.6217277041453471,-0.4117002497791959
-0.6588700289896283,0.6284272872598079,-0.41348449732303794
-0.6513578778605245,0.635033322653028,-0.4152897712071529
-0.6437660504117249,0.6415447562925732,-0.4171158088718186
-0.6360956557433082,0.6479605472361696,-0.41896234433406354
-0.6283478160699677,0.6542796678148337,-0.42082910821877917
-0.6205236665869077,0.6605011038151233,-0.4227158277904248
-0.6126243553333683,0.6666238546604811,-0.4246222269853248
-0.6046510430537652,0.6726469335916444,-0.42654802644456347
-0.5966049030564325,0.6785693678460901,-0.4284929435474783
-0.5884871210699609,0.6843901988364881,-0.43045669244575757
-0.5802988950971135,0.6901084823281315,-0.4324389840981411
-0.5720414352663168,0.6957232886153124,-0.43443952630573024
-0.5637159636807076,0.7012337026966121,-0.43645802374790943
-0.5553237142647316,0.7066388244490738,-0.43849417801888096
-0.5468659326082764,0.711937768801223,-0.4405476876648164
-0.5383438758083351,0.7171296659049025,-0.4426182482216283
-0.5297588123081832,0.7222136613058867,-0.4447055522533639
-0.5211120217340638,0.7271889161132383,-0.44680928939122405
-0.5124047947293665,0.7320546071673729,-0.4489291463732105
-0.5036384327862947,0.7368099272067898,-0.45106480708440333
-0.494814248075006,0.7414540850334359,-0.4532159525978724
-0.48593356327022125,0.7459863056766558,-0.4553822612162238
-0.47699771137529,0.7504058305556947,-0.4575634085137857
-0.4680080355437057,0.7547119176407076,-0.45975906737943467
-0.4589658888980593,0.7589038416122333,-0.4619689080600649
-0.4498726343464276,0.7629808940190912,-0.4641925982047044
-0.4407296443961839,0.7669423834346532,-0.4664298029092769
-0.4315383009652276,0.7707876356114487,-0.4686801847620156
-0.4222999951906254,0.7745159936340517,-0.4709434038895284
-0.4130161272346561,0.7781268180702045,-0.47321911800351585
-0.40368810608825684,0.7816194871201301,-0.4755069824481458
-0.39431734937186413,0.7849933967639804,-0.47780665024808466
-0.3849052831336452,0.7882479609073706,-0.48011777215718726
-0.3754533416451184,0.7913826115249483,-0.48243999670784643
-0.36596296719415866,0.7943967988019408,-0.4847729702610039
-0.3564356098753867,0.79728999127363,-0.48711633705682267
-0.346872727377942,0.8000616759626974,-0.4894697392660222
-0.3372757847706382,0.8027113585143805,-0.4918328170418765
-0.32764625428450433,0.8052385633293865,-0.4942052085728758
-0.31798561509271156,0.8076428336945016,-0.496586550136052
-0.30829535308789163,0.8099237319108363,-0.49897647615096646
-0.2985769606568486,0.8120808394196465,-0.5013746192343618
-0.2888319364526719,0.814113756925665,-0.5037806102554749
-0.27906178516425717,0.8160221045178856,-0.5061940783920127
-0.2692680172832414,0.8178055217877281,-0.5086146511867838
-0.25945214886836576,0.819463667944525,-0.5110419546049941
-0.24961570130727295,0.8209962219282584,-0.5134756130921936
-0.23976020107575582,0.8224028825194838,-0.5159152496328806
-0.2298871794944685,0.8236833684463669,-0.5183604858097547
-0.21999817248311743,0.8248374184887698,-0.5208109418636195
-0.2100947203121502,0.825864791579311,-0.5232662367539307
-0.2001783673519598,0.8267652669013295,-0.5257259882199827
-0.19025066181962827,0.8275386439836812,-0.5281898128427354
-0.18031315552323018,0.8281847427922941,-0.5306573261072697
-0.17036740360372288,0.8287034038184077,-0.5331281424658724
-0.16041496427444982,0.8290944881634211,-0.5356018754017406
-0.15045739855828663,0.8293578776202774,-0.5380781374933029
-0.14049627002246093,0.8294934747513037,-0.5405565404791474
-0.13053314451107975,0.8295012029624342,-0.5430366953235518
-0.12056958987540098,0.8293810065737368,-0.5455182122826083
-0.11060717570188627,0.8291328508861654,-0.5480007009709311
-0.10064747303807685,0.8287567222444618,-0.5504837704289434
-0.09069205411633487,0.8282526280961251,-0.5529670291907303
-0.08074249207549691,0.8276205970463743,-0.5554500853524478
-0.07080036068048712,0.8268606789090213,-0.5579325466412813
-0.06086723403994165,0.8259729447531782,-0.5604140204849362
-0.05094468632189797,0.824957486945718,-0.5628941140816531
-0.041034291467605524,0.823814419189411,-0.5653724344707345
-0.031137622903517227,0.8225438765566577,-0.5678485886035681
-0.02125625325152403,0.8211460155187392,-0.5703221834151339
-0.011391754037497818,0.8196210139705101,-0.5727928258959797
-0.0015456953982105706,0.8179690712504512,-0.5752601231646517
0.008280354213298861,0.8161904081560111,-0.5777236825405605
0.018084828323836264,0.8142852669541562,-0.5801831116172689
0.027866162737564534,0.8122539113870552,-0.5826380183361825
0.03762279583483681,0.8100966266728264,-0.5850880110606245
0.04735316887226671,0.8078137195012712,-0.5875326986502762
0.057055726283949046,0.805405518024522,-0.5899716905359634
0.0667289159837413,0.8028723718425391,-0.5924045967947671
0.07637118966851265,0.8002146519833816,-0.5948310282254379
0.08598100312226489,0.797432750878189,-0.5972505964240918
0.09555681652102525,0.794527082330807,-0.5996629138601637
0.10509709473840927,0.7914980814819954,-0.6020675939525948
0.11460030765174781,0.7883462047681535,-0.6044642511462306
0.12406493044866954,0.7850719298745106,-0.6068525009884019
0.13348944393402706,0.7816757556827179,-0.6092319602056645
0.1428723348370517,0.7781582022127936,-0.6116022467806691
0.15221209611861924,0.7745198105593689,-0.6139629800291347
0.16150722727850547,0.7707611428221842,-0.6163137806768966
0.17075623466250836,0.7668827820307962,-0.6186542709369983
0.17995763176930893,0.762885332063448,-0.6209840745868003
0.18910993955694327,0.7587694175600698,-0.6233028170450714
0.19821168674875206,0.7545356838293725,-0.6256101254490338
0.20726141013867358,0.7501847967500039,-0.6279056287313276
0.21625765489574306,0.745717442665742,-0.6301889576968638
0.22519897486765914,0.7411343282747017,-0.6324597450995298
0.23408393288327453,0.7364361805125371,-0.6347176257187165
0.24291110105386818,0.7316237464296259,-0.6369622364356273
0.2516790610730521,0.7266977930622256,-0.6391932163093393
0.26038640451516587,0.7216591072975973,-0.6414102066525755
0.26903173313200823,0.7165084957330975,-0.6436128511071557
0.27761365914775604,0.711246784529244,-0.6458007957190863
0.2861308055519165,0.7058748192567641,-0.6479736890132515
0.29458180639016046,0.7003934647376447,-0.6501311820676715
0.3029653070528819,0.6948036048801999,-0.652272928587284
0.31127996456132717,0.6891061425081885,-0.6543985849772166
0.31952444785113937,0.6833019991840088,-0.6565078104155057
0.32769743805316065,0.6773921150260138,-0.6586002669252258
0.335797628771335,0.6713774485199842,-0.6606756194459915
0.3438237263575573,0.6652589763248148,-0.6627335359047881
0.3517744501833101,0.6590376930724666,-0.6647736872860953
0.3596485329079332,0.6527146111622474,-0.6667957477012639
0.367444720743372,0.6462907605494872,-0.6687993944571053
0.37516177371524884,0.6397671885286851,-0.6707843081236549
0.38279846592010724,0.6331449595112042,-0.6727501726010691
0.39035358577867485,0.6264251547976024,-0.6746966751856204
0.3978259362849992,0.6196088723446922,-0.6766235066347479
0.4052143352513058,0.6126972265274243,-0.6785303612311278
0.41251761554843747,0.6056913478957041,-0.6804169368457231
0.41973462534172945,0.5985923829262473,-0.6822829349997808
0.42686422832218257,0.5914014937695927,-0.6841280609257321
0.43390530393279786,0.5841198579923947,-0.6859520236269671
0.4408567475899419,0.5767486683151238,-0.6877545359364413
0.4477174708996106,0.5692891323453072,-0.689535314574086
0.4544864018684693,0.5617424723064501,-0.6912940802029839
0.46116248510954777,0.5541099247627834,-0.6930305574842778
0.46774468204247405,0.5463927403399845,-0.6947444751307831
0.47423197108813464,0.5385921834420304,-0.6964355659592703
0.48062334785765704,0.5307095319643407,-0.6981035669413874
0.4869178253356115,0.5227460770033759,-0.6997482192531965
0.4931144340573381,0.5147031225628607,-0.7013692683232935
0.49921222228030865,0.5065819852568049,-0.7029664638794871
0.5052102561494388,0.49838399400950106,-0.7045395599940122
0.5111076198562753,0.49011048975268046,-0.7060883151272517
0.5169034157919847,0.4817628251200095,-0.7076124921699489
0.522596764694079,0.47334236413911857,-0.7091118584838867
0.5281868057868231,0.46485048192135203,-0.7105861859410156
0.5336726969152693,0.4562885643494343,-0.7120352509610147
0.5390536146728778,0.447658007763247,-0.7134588345472677
0.5443287545226831,0.4389602186439163,-0.7148567223212424
0.5494973309119827,0.4301966132964108,-0.7162287045552597
0.5545585773805181,0.42136861753084787,-0.7175745762036431
0.5595117466621394,0.41247766634271393,-0.7188941369322404
0.5643561107799447,0.4035252035921987,-0.7201871911463084
0.5690909611348932,0.3945126816828482,-0.72145354801676
0.5737156085879014,0.38544156123973605,-0.7226930215047664
0.5782293835354388,0.376313310787359,-0.7239054303847176
0.5826316359786433,0.3671294064274537,-0.7250905982655376
0.5869217355859914,0.35789133151693714,-0.7262483536103621
0.5910990717495559,0.3486005763461679,-0.7273785297545791
0.5951630536349028,0.3392586378177248,-0.7284809649222413
0.5991131102246753,0.3298670191258951,-0.7295555022408593
0.6029486903559289,0.32042722943706514,-0.7306019897545837
0.6066692627512817,0.3109407835711984,-0.7316202804357911
0.610274316043958,0.3014092016845884,-0.7326102321950865
0.6137633587968021,0.2918340089540634,-0.7335717078897384
0.6171359195153534,0.28221673526282126,-0.7345045753305652
0.6203915466550753,0.27255891488806416,-0.735408707287291
0.623529808622839,0.2628620861906012,-0.736283981492393
0.6265502937727673,0.25312779130658,-0.7371302806434638
0.6294526103965514,0.2433575758415016,-0.7379474924041108
0.6322363867083587,0.23355298856667203,-0.7387355094034229
0.6349012708244522,0.22371558111823123,-0.7394942292340272
0.6374469307376502,0.21384690769889958,-0.7402235544487676
0.6398730542867594,0.20394852478257272,-0.7409233925560363
0.6421793491211143,0.19402199082188903,-0.7415936560137856
0.6443655426603663,0.18406886595888763,-0.7422342622222587
0.6464313820496649,0.17409071173886806,-0.7428451335154687
0.6483766341103773,0.16408909082755452,-0.7434261971514621
0.6502010852864967,0.15406556673166075,-0.7439773853014043
0.6519045415868924,0.1440217035229442,-0.7444986350375218
0.6534868285235542,0.13395906556583045,-0.74498988831994
0.654947791045989,0.12387921724868091,-0.7454510919824545
0.6562872934719256,0.1137837227187695,-0.7458821977172755
0.6575052194144887,0.10367414562102609,-0.7462831620587829
0.658601471705998,0.0935520488405964,-0.746653946366334
0.6595759723185549,0.0834189942492611,-0.7469945168061642
0.6604286622815744,0.0732765424557481,-0.7473048443324192
0.6611595015964228,0.0631262525599652,-0.7475849046673598
0.661768469148317,0.05296968191117228,-0.7478346782807832
0.6622555626156451,0.042808385870104666,-0.7480541503686959
0.6626207983768628,0.03264391757505222,-0.7482433108312844
0.6628642114151181,0.02247782771189115,-0.7484021542502187
0.6629858552207577,0.012311664288058409,-0.7485306798653338
0.662985801691864,0.0021469724104521345,-0.7486288915507237
0.6628641410329673,-0.008014705932765952,-0.7486967977902922
0.6626209816520788,-0.018171832086496132,-0.7487344116527942
0.6622564500561811,-0.028322870939190906,-0.7487417507664089
0.661770690745317,-0.03846629112955246,-0.7487188372928804
0.6611638661054047,-0.04860056524948582,-0.748665697901263
0.6604361562999086,-0.058724170043361765,-0.7485823637413062
0.6595877591604926,-0.06883558660364891,-0.7484688704165136
0.6586188900767705,-0.07893330056297933,-0.748325257956911
0.6575297818852721,-0.08901580228271673,-0.7481515707915549
0.6563206847577324,-0.09908158703810128,-0.7479478577208122
0.6549918660888102,-0.10912915520004812,-0.7477141718884442
0.653543610383333,-0.1191570124136815,-0.747450570753521
0.6519762191431657,-0.12916366977368982,-0.7471571160621948
0.6502900107537897,-0.1391476439965895,-0.7468338738193621
0.6484853203706747,-0.14910745758998892,-0.746480914260233
0.6465624998055236,-0.1590416390189461,-0.74609831182184
0.64452191741246,-0.16894872286951626,-0.7456861451145016
0.642363957974226,-0.17882725000958663,-0.7452444968932651
0.6400890225884497,-0.1886757677470983,-0.7447734540293486
0.6376975285540388,-0.1984928299857555,-0.7442731074815998
0.6351899092577477,-0.2082769973783238,-0.7437435522679872
0.6325666140609635,-0.21802683747761992,-0.7431848874371408
0.6298281081867481,-0.2277409248852949,-0.7425972160399555
0.6269748726071676,-0.23741784139851346,-0.7419806451012698
0.6240074039309388,-0.24705617615463207,-0.7413352855916289
0.6209262142914116,-0.25665452577397707,-0.7406612523991458
0.6177318312349046,-0.26621149450082365,-0.739958664301466
0.6144247976094072,-0.2757256943426755,-0.739227643937839
0.6110056714536491,-0.28519574520794344,-0.7384683177813123
0.6074750258865445,-0.2946202750421194,-0.7376808161110388
0.6038334489970026,-0.30399791996254133,-0.736865272984711
0.600081543734101,-0.3133273243918411,-0.7360218262111173
0.5962199277976032,-0.32260714119016587,-0.7351506173228242
0.592249233528809,-0.3318360317862617,-0.7342517915489792
0.5881701078017153,-0.34101266630750315,-0.7333254977882374
0.5839832119144611,-0.35013572370895296,-0.7323718885818035
0.5796892214810291,-0.35920389190152907,-0.7313911200865877
0.5752888263231722,-0.36821586787935734,-0.7303833520484697
0.5707827303625302,-0.3771703578463816,-0.7293487477756629
0.5661716515128971,-0.3860660773422992,-0.7282874741121728
0.5614563215725972,-0.39490175136789024,-0.7271997014113395
0.5566374861169301,-0.40367611450980073,-0.7260856035094586
0.5517159043906325,-0.4123879110648384,-0.7249453576994651
0.5466923492003131,-0.42103589516383555,-0.7237791447046749
0.541567606806807,-0.42961883089513,-0.7225871486525687
0.5363424768173994,-0.43813549242770955,-0.7213695570486087
0.5310177720778626,-0.4465846641340638,-0.7201265607500732
0.5255943185642526,-0.4549651407127807,-0.7188583539398974
0.5200729552744081,-0.4632757273109235,-0.717565134100507
0.514454534119094,-0.4715152396462167,-0.716247101987629
0.5087399198127323,-0.47968250412906965,-0.7149044616040664
0.5029299897636598,-0.4877763579844584,-0.7135374201734221
0.49702563396385663,-0.49579564937368503,-0.7121461881137555
0.4910277548780817,-0.5037392375160284,-0.7107309790111593
0.4849372673323598,-0.5116059928102975,-0.7092920095932376
0.47875509840175956,-0.5193947969562932,-0.7078294997024726
0.4724821872974031,-0.5271045430761816,-0.7063436722694637
0.46611948525264996,-0.5347341358357782,-0.7048347532860226
0.4596679554083979,-0.5422824915657385,-0.703302971778108
0.453128572697442,-0.5497485383826465,-0.7017485597785883
0.4465023237278399,-0.5571312163099899,-0.7001717522998129
0.43979020666522517,-0.5644294773990067,-0.6985727873059778
0.4329932311140169,-0.5716422858493859,-0.6969519056852722
0.426112417997475,-0.5787686181298006,-0.6953093512217898
0.4191487994365486,-0.5858074630982476,-0.6936453705671907
0.4121034186274704,-0.5927578221221691,-0.6919602132121
0.40497732971804923,-0.5996187091983247,-0.6902541314572288
0.3977715976826173,-0.6063891510723807,-0.6885273803842051
0.39048729819558575,-0.6130681873581822,-0.6867802178260993
0.3831255175035729,-0.6196548706566711,-0.6850129043376363
0.37568735229605865,-0.6261482666744075,-0.6832257031650758
0.368173909574536,-0.6325474543416549,-0.6814188802157549
0.3605863065201198,-0.6388515259299855,-0.6795927040272778
0.35292567035958256,-0.6450595871693555,-0.6777474457363452
0.3451931382297868,-0.6511707573646082,-0.6758833790472095
0.33738985704048685,-0.6571841695113523,-0.6740007801997517
0.3295169833354742,-0.6630989704111654,-0.6720999279371642
0.32157568315204427,-0.6689143207860703,-0.6701811034732377
0.31356713187876434,-0.6746293953922317,-0.6682445904592403
0.30549251411152434,-0.6802433831328188,-0.6662906749503832
0.29735302350785586,-0.6857554871699786,-0.664319645371866
0.2891498626395048,-0.691164925035862,-0.6623317924844971
0.2808842428432515,-0.6964709287426498,-0.6603274093498801
0.2725573840699647,-0.7016727448915192,-0.6583067912951673
0.26417051473188863,-0.7067696347804909,-0.6562702358773713
0.25572487154815854,-0.7117608745111049,-0.6542180428472338
0.24722169938854346,-0.7166457550938601,-0.6521505141126487
0.23866225111541925,-0.7214235825523649,-0.6500679537016354
0.23004778742397575,-0.7260936780261387,-0.6479706677248649
0.2213795766806646,-0.7306553778720034,-0.6458589643377336
0.21265889475989613,-0.7351080337640143,-0.6437331537019856
0.20388702487899743,-0.7394510127918664,-0.6415935479468869
0.19506525743144387,-0.743683697557721,-0.6394404611299482
0.18619488981838006,-0.7478054862713996,-0.6372742091972001
0.17727722627844775,-0.751815792843885,-0.6350951099430232
0.16831357771594022,-0.7557140469790766,-0.6329034829695331
0.1593052615273046,-0.7594996942637463,-0.6306996496455289
0.15025360142601568,-0.7631721962556411,-0.6284839330650015
0.14115992726584697,-0.7667310305696798,-0.6262566580052125
0.13202557486256525,-0.7701756909621925,-0.6240181508843462
0.12285188581407856,-0.773505687413154,-0.6217687397187387
0.1136402073190674,-0.7767205462063603,-0.6195087540796923
0.10439189199413189,-0.7798198100075014,-0.6172385250498791
0.0951082976894879,-0.7828030379400832,-0.6149583851793424
0.0857907873032481,-0.7856698056591547,-0.6126686684411039
0.07644072859432381,-0.7884197054227935,-0.6103697101863792
0.06705949399398609,-0.7910523461613116,-0.6080618470994174
0.05764846041612453,-0.7935673535441347,-0.6057454171519656
0.04820900906624489,-0.7959643700443215,-0.6034207595573733
0.03874252524924621,-0.7982430550006789,-0.6010882147243405
0.029250398176020355,-0.8004030846774413,-0.5987481242103236
0.019734020768917362,-0.8024441523214761,-0.5964008306746056
0.010194789466120702,-0.804365968216983,-0.5940466778310411
0.000634104024977883,-0.8061682597376542,-0.5916860104004891
-0.008946632675667778,-0.8078507713962654,-0.5893191740629399
-0.018546014834097565,-0.8094132648916705,-0.5869465154093514
-0.028162633925242632,-0.8108555191531693,-0.5845683818932027
-0.0377950789010664,-0.8121773303822264,-0.5821851217817768
-0.047441936391755556,-0.8133785120915141,-0.579797084107186
-0.05710179090767111,-0.81445889514126,-0.5774046186171484
-0.06677322504201007,-0.8154183277728749,-0.5750080757255304
-0.07645481967412848,-0.8162566756398452,-0.5726078064626652
-0.08614515417347596,-0.8169738218358695,-0.5702041624254607
-0.09584280660409165,-0.8175696669202269,-0.567797495727306
-0.10554635392961187,-0.8180441289403573,-0.5653881589477953
-0.11525437221873897,-0.8183971434516458,-0.5629765050822733
-0.12496543685112092,-0.8186286635343968,-0.5605628874912214
-0.13467812272359214,-0.8187386598079894,-0.5581476598494941
-0.14439100445672468,-0.818727120442204,-0.5557311760954168
-0.15410265660163983,-0.8185940511657152,-0.5533137903797625
-0.16381165384703056,-0.8183394752717443,-0.5508958570146147
-0.1735165712263447,-0.8179634336208682,-0.5484777304221318
-0.18321598432507968,-0.8174659846409787,-0.5460597650832255
-0.19290846948813925,-0.8168472043243976,-0.5436423154861655
-0.20259260402720375,-0.81610718622214,-0.5412257360751225
-0.21226696642806453,-0.8152460414353316,-0.5388103811986629
-0.2219301365578755,-0.8142638986037837,-0.536396605058207
-0.2315806958722729,-0.8131609038917231,-0.5339847616564632
-0.2412172276223172,-0.8119372209706917,-0.5315752047458511
-0.2508383170612093,-0.8105930309996122,-0.5291682877769246
-0.26044255165073465,-0.8091285326020347,-0.5267643638468085
-0.2700285212673908,-0.8075439418405682,-0.5243637856476583
-0.2795948184081515,-0.8058394921885091,-0.5219669054151601
-0.2891400383958238,-0.8040154344986754,-0.5195740748770744
-0.29866277958395404,-0.80207203696946,-0.5171856452018441
-0.3081616435612385,-0.8000095851081138,-0.5148019669472718
-0.3176352353553967,-0.7978283816912746,-0.5124233900092809
-0.32708216363646525,-0.7955287467227534,-0.510050263570772
-0.3365010409194704,-0.7931110173885948,-0.5076829360505837
-0.3458904837664384,-0.790575548009429,-0.5053217550525708
-0.3552491129877041,-0.7879227099901299,-0.5029670673148084
-0.3645755538424788,-0.7851528917667986,-0.5006192186589363
-0.3738684362386371,-0.7822664987510896,-0.4982785539396492
-0.38312639493168643,-0.7792639532719015,-0.49594541699434747
-0.392348069722882,-0.7761456945144483,-0.4936201505929569
-0.4015321056564491,-0.7729121784567344,-0.49130309638792585
-0.41067715321587916,-0.7695638778034543,-0.4889945948644128
-0.4197818685192643,-0.7661012819173378,-0.4866949852906713
-0.42884491351363335,-0.7625248967479629,-0.4844046056686422
-0.437864956168261,-0.7588352447580605,-0.48212379268476413
-0.44684067066691263,-0.7550328648473325,-0.4798528816610085
-0.45577073759899606,-0.7511183122738077,-0.47759220650615064
-0.4646538441495874,-0.7470921585727619,-0.47534209966728413
-0.4734886842883005,-0.7429549914732204,-0.47310289208158635
-0.4822739589569723,-0.7387074148120766,-0.4708749131283458
-0.49100837625613314,-0.7343500484458441,-0.4686584905812572
-0.4996906516302341,-0.7298835281600726,-0.46645395056099237
-0.5083195080516055,-0.7253085055764525,-0.46426161748805683
-0.5168936762031181,-0.7206256480576335,-0.4620818140359367
-0.5254118946595215,-0.7158356386097827,-0.45991486108454527
-0.5338729100674359,-0.7109391757829133,-0.4577610776739757
-0.5422754773239695,-0.705936973569005,-0.4556207809585678
-0.5506183597539429,-0.7008297612979466,-0.45349428616129295
-0.5589003292856916,-0.695618283531328,-0.4513819065284681
-0.5671201666254265,-0.6903032999541064,-0.44928395328480114
-0.5752766614301339,-0.6848855852641783,-0.4472007355887769
-0.5833686124789882,-0.679365929059879,-0.44513256048838723
-0.5913948278432605,-0.6737451357254435,-0.4430797328772149
-0.5993541250547033,-0.6680240243144521,-0.4410425554508719
-0.6072453312723904,-0.6622034284312899,-0.43902132866380267
-0.615067283447994,-0.6562841961106475,-0.43701635068645467
-0.6228188284894831,-0.6502671896950922,-0.4350279173628225
-0.6304988234232232,-0.6441532857107352,-0.43305632216837026
-0.6381061355544619,-0.6379433747410225,-0.43110185616833774
-0.6456396426261843,-0.6316383612986808,-0.429164807976435
-0.6530982329763229,-0.6252391636958411,-0.427245463713929
-0.6604808056933055,-0.6187467139123708,-0.42534410696912817
-0.6677862707699298,-0.6121619574624408,-0.4234610187572677
-0.6750135492555468,-0.6054858532593551,-0.42159647748080176
-0.682161573406543,-0.5987193734786697,-0.4197507588901048
-0.6892292868351066,-0.591863503419629,-0.41792413604458545
-0.6962156446562663,-0.5849192413649463,-0.41611687927421953
-0.70311961363319,-0.5778875984389549,-0.4143292561415028
-0.7099401723207338,-0.5707695984641571,-0.4125615314038279
-0.7166763112072279,-0.5635662778161982,-0.41081396697629
-0.7233270328544905,-0.556278685277291,-0.409086821894922
-0.729891352036059,-0.5489078818881181,-0.4073803522803645
-0.73636829587363,-0.5414549407982376,-0.40569481130197294
-0.7427569039716977,-0.5339209471150187,-0.4040304491423633
-0.7490562285503823,-0.5263069977511324,-0.4023875129624016
-0.7552653345764403,-0.5186142012706239,-0.4007662468666374
-0.7613832998924482,-0.5108436777335906,-0.3991668918691853
-0.767409215344152,-0.5029965585394943,-0.3975896858600563
-0.7733421849059766,-0.49507398626912746,-0.3960348635719414
-0.7791813258046862,-0.48707711452526314,-0.39450265654744976
-0.7849257686411898,-0.47900710777201205,-0.39299329310680303
-0.7905746575104855,-0.47086514117290884,-0.39150699831598845
-0.7961271501197392,-0.46265240042775513,-0.39004399395537226
-0.8015824179044898,-0.45437008160824083,-0.3886044984887751
-0.8069396461429761,-0.44601939099237004,-0.38718872703301177
-0.8121980340685808,-0.4376015448977117,-0.38579689132789613
-0.8173567949803885,-0.42911776951350233,-0.38442919970671335
-0.8224151563518478,-0.42056930073162063,-0.3830858570671609
-0.8273723599375414,-0.4119573839764592,-0.3817670648427594
-0.832227661878051,-0.40328327403371445,-0.3804730209747345
-0.8369803328029207,-0.39454823487811824,-0.37920391988437196
-0.8416296579317131,-0.3857535395001338,-0.3779599524458465
-0.8461749371731501,-0.37690046973163555,-0.37674130595952476
-0.8506154852223438,-0.3679903160705986,-0.3755481641257455
-0.8549506316561075,-0.35902437750481536,-0.37438070701907555
-0.8591797210263468,-0.3500039613346639,-0.3732391110630451
-0.8633021129515285,-0.34093038299494727,-0.3721235490053605
-0.8673171822062241,-0.331804965875825,-0.37103418989359743
-0.8712243188087259,-0.32262904114285773,-0.3699711990513748
-0.8750229281067331,-0.31340394755618634,-0.368934738055009
-0.8787124308611087,-0.3041310312888635,-0.3679249647106512
-0.8822922633276992,-0.29481164574435936,-0.36694203303190603
-0.8857618773372242,-0.28544715137326154,-0.36598609321793424
-0.8891207403732262,-0.2760389154891877,-0.3650572916320386
-0.8923683356480834,-0.26658831208392997,-0.3641557707807345
-0.8955041621770843,-0.2570967216418525,-0.36328166929330485
-0.8985277348505614,-0.24756553095355846,-0.3624351219018407
-0.9014385845040829,-0.2379961329288463,-0.36161625942176634
-0.9042362579867037,-0.2283899264089749,-0.3608252087328524
-0.9069203182272707,-0.2187483159782537,-0.3600620927607128
-0.9094903442987861,-0.20907271177497772,-0.35932703045879094
-0.911945931480824,-0.19936452930172455,-0.3586201367908307
-0.9142866913200031,-0.18962518923503144,-0.35794152271383683
-0.9165122516885107,-0.17985611723446954,-0.35729129516152075
-0.9186222568406824,-0.17005874375113306,-0.35666955702823583
-0.920616367467632,-0.1602345038355604,-0.35607640715340033
-0.9224942607499341,-0.15038483694510382,-0.3555119403064081
-0.9242556304083598,-0.14051118675076524,-0.3549762471720285
-0.9259001867526601,-0.13061500094351372,-0.3544694143362942
-0.9274276567284024,-0.12069773104010227,-0.35399152427287817
-0.9288377839618575,-0.11076083218839909,-0.3535426553299606
-0.9301303288029332,-0.10080576297224968,-0.35312288171758277
-0.9313050683661617,-0.0908339852158864,-0.35273227349549263
-0.9323617965697317,-0.0808469637879003,-0.3523708965614783
-0.9333003241725724,-0.07084616640479137,-0.35203881264019177
-0.9341204788094829,-0.060833063434112364,-0.3517360792724619
-0.9348221050243124,-0.050809127697221644,-0.35146274980509795
-0.9354050643011844,-0.0407758342716603,-0.35121887338118263
-0.9358692350937703,-0.030734660293168112,-0.35100449493085545
-0.936214512852608,-0.020687084757353622,-0.35081965516258623
-0.9364408100504673,-0.010634588321032907,-0.3506643905549394
-0.9365480562057589,-0.000578653103251528,-0.3505387333488283
-0.9365361979039909,0.009479237513995774,-0.35044271154026063
-0.936405198817266,0.01953759908533336,-0.3503763488735753
-0.9361550397218252,0.029594946301846742,-0.3503396648351693
-0.9357857185136315,0.039649793191184245,-0.35033267464771634
-0.9352972502219974,0.04970065331790446,-0.3503553892648776
-0.9346896670212519,0.05974603998405539,-0.3504078153665027
-0.9339630182404484,0.06978446642997178,-0.3504899553543244
-0.9331173703711108,0.07981444603527675,-0.3506018073481444
-0.9321528070730188,0.08983449252007418,-0.35074336518251104
-0.9310694291780283,0.09984312014631862,-0.35091461840389127
-0.9298673546919278,0.10983884391934885,-0.35111555226833413
-0.9285467187943306,0.11982017978957253,-0.35134614773962874
-0.9271076738365959,0.12978564485428729,-0.35160638148795476
-0.9255503893377853,0.139733757559627,-0.35189622588902764
-0.9238750519786462,0.1496630379026186,-0.3522156490237387
-0.922081865593623,0.15957200763333693,-0.3525646146782885
-0.9201710511608963,0.1694591904571447,-0.3529430823448171
-0.918142846790443,0.1793231122370045,-0.3533510072225291
-0.9159975077101209,0.18916230119584965,-0.3537883402193149
-0.9137353062497715,0.19897528811900184,-0.354255027953869
-0.9113565318233408,0.2087606065566218,-0.35475101275830573
-0.9088614909090142,0.21851679302618043,-0.35527623268127195
-0.9062505070273656,0.2282423872149383,-0.35583062149155903
-0.9035239207175129,0.2379359321824193,-0.35641410868221385
-0.9006820895112834,0.2475959745628671,-0.35702661947514913
-0.8977253879053809,0.2572210647676709,-0.3576680748262545
-0.8946542073315547,0.2668097571877473,-0.35833839143100893
-0.8914689561247643,0.27636061039586635,-0.359037481730595
-0.8881700594893391,0.2858721873489087,-0.3597652539185161
-0.8847579594631283,0.2953430555900396,-0.36052161194771715
-0.8812331148796363,0.3047717874507899,-0.36130645553821017
-0.8775960013281411,0.3141569602530273,-0.3621196801852053
-0.8738471111117921,0.3234971565108074,-0.36296117716774823
-0.8699869532036801,0.332790964132091,-0.36383083355786533
-0.8660160532008782,0.34203697662031407,-0.36472853223021734
-0.8619349532764471,0.3512337932757968,-0.3656541518722629
-0.857744212129402,0.36038001939697967,-0.3666075669949326
-0.8534444049326333,0.36947426648147147,-0.367588647943815
-0.849036123278778,0.3785151524268969,-0.36859726091085737
-0.844519975124036,0.3875013017315302,-0.36963326794657886
-0.8398965847299256,0.3964313456946996,-0.37069652697280125
-0.8351665926029727,0.40530392261695014,-0.3717868917958965
-0.8303306554323281,0.41411767799995,-0.37290421212055286
-0.8253894460253056,0.4228712647461261,-0.374048333564061
-0.8203436532408355,0.43156334335801527,-0.37521909767112327
-0.8151939819208275,0.44019258213731516,-0.37641634192918455
-0.8099411528194361,0.4487576573836208,-0.37763989978428897
-0.80458590253022,0.4572572535928318,-0.37888960065746335
-0.7991289834111911,0.4656900636552152,-0.38016526996162875
-0.7935711635077436,0.4740547890531072,-0.38146672911904156
-0.7879132264734574,0.4823501400582398,-0.3827937955792681
-0.7821559714887675,0.4905748359286752,-0.3841462828376918
-0.7763002131774895,0.49872760510533165,-0.38552400045455637
-0.7703467815211988,0.5068071854080856,-0.38692675407454685
-0.7642965217714485,0.5148123242314305,-0.3883543454469106
-0.7581502943598218,0.5227417787396793,-0.3898065724461196
-0.7519089748058096,0.5305943160616882,-0.3912832290930775
-0.745573453622504,0.5383687134850877,-0.3927841055768722
-0.7391446362200983,0.5460637586500013,-0.39430898827707656
-0.7326234428071855,0.5536782497422329,-0.395857659786601
-0.7260108082898454,0.561210995685904,-0.39742989893509717
-0.7193076821685105,0.5686608163355237,-0.39902548081291883
-0.7125150284326015,0.576026542667466,-0.4006441767956389
-0.7056338254529227,0.5833070169708419,-0.4022857545691276
-0.6986650658718065,0.5905010930377382,-0.40394997815519285
-0.6916097564909982,0.5976076363528073,-0.40563660793778605
-0.6844689181572692,0.6046255242821823,-0.40734540068977554
-0.6772435856457494,0.6115536462616995,-0.4090761096002904
-0.6699348075409682,0.6183909039844004,-0.41082848430263674
-0.6625436461155935,0.6251362115872946,-0.41260227090279133
-0.655071177206856,0.6317884958373567,-0.4143972120084715
-0.6475184900906517,0.6383466963167349,-0.41621304675878795
-0.6398866873533077,0.6448097656071441,-0.4180495108544803
-0.6321768847610036,0.6511766694734207,-0.41990633658874005
-0.6243902111268353,0.6574463870462091,-0.42178325287862317
-0.6165278081755101,0.6636179110037562,-0.42367998529705453
-0.6085908304056639,0.669690247752786,-0.42559625610542745
-0.6005804449497869,0.6756624176084227,-0.42753178428680316
-0.5924978314317482,0.6815334549731371,-0.4294862855797082
-0.5843441818219075,0.6873024085146854,-0.4314594725125387
-0.5761207002898033,0.6929683413430076,-0.43345105443856946
-0.5678286030544052,0.6985303311860582,-0.43546073757157344
-0.559469118231921,0.7039874705645334,-0.4374882250220539
-0.5510434856811474,0.7093388669654631,-0.43953321683409147
-0.5425529568463512,0.7145836430146357,-0.44159541002280966
-0.5339987945976736,0.7197209366478178,-0.44367449861246216
-0.5253822730690456,0.7247499012807359,-0.44577017367514243
-0.516704677493603,0.7296697059777822,-0.4478821233701214
-0.5079673040365938,0.7344795356194083,-0.4500100329838136
-0.49917145962576487,0.7391785910681673,-0.4521535849703757
-0.49031846177921967,0.7437660893333656,-0.4543124589929401
-0.4814096384307402,0.748241263734286,-0.4564863319654849
-0.47244632775255907,0.7526033640619362,-0.45867487809534385
-0.4634298779755778,0.7568516567392866,-0.4608777689263592
-0.45436164720701994,0.7609854249799498,-0.4630946733826776
-0.4452430032455141,0.7650039689452593,-0.4653252578131945
-0.43607532339359634,0.7689066058997014,-0.46756918603664577
-0.4268599942676288,0.7726926703646556,-0.46982611938735147
-0.41759841160512395,0.776361514270393,-0.4720957167616116
-0.40829198006947387,0.7799125071062897,-0.4743776346647576
-0.39894211305207467,0.7833450360691978,-0.4766715272588587
-0.38955023247184606,0.7866585062099319,-0.4789770464110879
-0.3801177685721386,0.7898523405778115,-0.48129384174274564
-0.3706461597150285,0.7929259803632136,-0.4836215606789447
-0.36113685217299735,0.7958788850380756,-0.48595984849895624
-0.35159129991799354,0.7987105324942967,-0.48830834838721815
-0.3420109644078793,0.8014204191799807,-0.4906667014850066
-0.3323973143702596,0.8040080602334632,-0.4930345469427705
-0.32275182558369797,0.8064729896150632,-0.4954115219731293
-0.31307598065631986,0.8088147602365028,-0.49779726190453505
-0.30337126880180876,0.8110329440879296,-0.500191400235596
-0.2936391856127999,0.8131271323624842,-0.5025935686900649
-0.28388123283167765,0.8150969355783485,-0.5050033972724864
-0.2740989181187843,0.8169419836982087,-0.5074205143245077
-0.2642937548180499,0.8186619262460716,-0.5098445465818462
-0.2544672617200526,0.8202564324213654,-0.5122751192319148
-0.2446209628225218,0.8217251912102581,-0.5147118559721034
-0.23475638708829885,0.8230679114941273,-0.5171543790687114
-0.224875068200768,0.8242843221551087,-0.5196023094165314
-0.21497854431677652,0.8253741721786572,-0.5220552665990797
-0.20506835781706098,0.8263372307530459,-0.5245128689494676
-0.19514605505420163,0.8271732873657338,-0.5269747336119142
-0.18521318609812526,0.8278821518965278,-0.5294404766038917
-0.17527130447918238,0.8284636547074653,-0.5319097128789017
-0.1653219669288232,0.8289176467293448,-0.534382056389874
-0.1553667331179023,0.8292439995448259,-0.5368571201531852
-0.14540716539264104,0.829442605468027,-0.5393345163132879
-0.13544482850828063,0.8295133776205409,-0.5418138562079456
-0.1254812893604613,0.8294562500037934,-0.5442947504340647
-0.11551811671436372,0.829271177567666,-0.5467768089141156
-0.10555688093165295,0.8289581362753048,-0.5492596409631368
-0.09559915369526635,0.82851712316404,-0.5517428553563081
-0.08564650773209051,0.8279481564023323,-0.5542260603970877
-0.07570051653357406,0.8272512753426722,-0.5567088639859011
-0.0657627540743258,0.8264265405703511,-0.5591908736893706
-0.05583479452875117,0.8254740339480248,-0.5616716968100737
-0.04591821198578179,0.8243938586559915,-0.5641509404568197
-0.03601458016175609,0.8231861392281056,-0.5666282116154284
-0.026125472111512147,0.8218510215832474,-0.5691031172200021
-0.016252459937756043,0.820388673052273,-0.5715752642246711
-0.006397114498772878,0.818799282400363,-0.5740442596758025
0.0034389948854503015,0.8170830598446974,-0.5765097107846532
0.013254300728616688,0.8152402370673759,-0.5789712250004521
0.023047237674951426,0.8132710672235116,-0.5814284100838941
0.03281624279739393,0.8111758249444204,-0.5838808741810281
0.04255975589706891,0.8089548063358353,-0.58632822589752
0.05227621980395091,0.8066083289710703,-0.5887700743732707
0.061964080678634396,0.8041367318790662,-0.5912060293573694
0.07162178831511747,0.8015403755272447,-0.5936357012833612
0.0812477964445053,0.7988196417991071,-0.5960587013448075
0.09084056303953499,0.7959749339665078,-0.5984746415711145
0.10039855061982107,0.7930066766565403,-0.6008831349036088
0.10992022655771798,0.7899153158129744,-0.6032837952718347
0.11940406338469162,0.7867013186521804,-0.6056762376700486
0.12884853909809035,0.7833651736134892,-0.6080600782338829
0.1382521374682016,0.7799073903039279,-0.6104349343171559
0.14761334834547768,0.7763284994372797,-0.6128004245687974
0.15693066796781185,0.7726290527674227,-0.6151561690098635
0.16620259926774178,0.7688096230158943,-0.6175017891106105
0.17542765217945533,0.764870803793645,-0.6198369078675998
0.18460434394547046,0.7608132095169365,-0.6221611498808011
0.19373119942285907,0.7566374753173515,-0.6244741414306639
0.20280675138888057,0.7523442569458801,-0.6267755105551271
0.21182954084589015,0.7479342306710567,-0.62906488712653
0.22079811732538207,0.7434080931711194,-0.6313419029283952
0.22971103919102903,0.7387665614201753,-0.6336061917320476
0.23856687394057283,0.734010372568352,-0.6358573893730356
0.24736419850642297,0.7291402838159273,-0.638095133827319
0.25610159955481504,0.724157072281426,-0.6403190652871886
0.26477767378338063,0.7190615348636862,-0.6425288262368792
0.27339102821697936,0.7138544880978939,-0.6447240615278423
0.28194028050163916,0.7085367680055968,-0.6469044184536384
0.29042405919645436,0.7031092299387086,-0.6490695468244144
0.2988410040632844,0.697572748417522,-0.6512190990409239
0.30718976635410133,0.6919282169627575,-0.6533527301680554
0.3154690090958276,0.6861765479216724,-0.6554700980078295
0.3236774073725098,0.6803186722882695,-0.6575708631718233
0.33181364860467033,0.6743555395176442,-0.6596546891529869
0.3398764328256816,0.6682881173345172,-0.6617212423968092
0.3478644729550058,0.6621173915360068,-0.6637701923717957
0.35577649506814363,0.6558443657886952,-0.6658012116392185
0.363611238663138,0.6494700614200607,-0.6678139759220985
0.3713674569234773,0.6429955172043389,-0.6698081641733805
0.3790439169772447,0.6364217891428948,-0.6717834586432629
0.3866394001523635,0.6297499502391882,-0.6737395449456418
0.39415270222778503,0.622981090268419,-0.6756761121236321
0.4015826336804741,0.6161163155419492,-0.6775928527141261
0.4089280199280455,0.6091567486666061,-0.6794894628113504
0.41618770156690515,0.6021035282989664,-0.6813656421293875
0.423360534605759,0.5949578088947438,-0.6832210940636212
0.43044539069435034,0.5877207604533922,-0.6850555257510699
0.4374411573472904,0.5803935682580527,-0.6868686481295738
0.44434673816285336,0.572977432610977,-0.6886601759957999
0.45116105303660664,0.5654735685645594,-0.6904298280620289
0.45788303836975625,0.5578832056481237,-0.6921773270116943
0.4645116472720859,0.5502075875906101,-0.6939023995536363
0.4710458497593798,0.5424479720393156,-0.6956047764750453
0.4774846329452159,0.5346056302748452,-0.697284192693057
0.4838270012270302,0.5266818469224367,-0.6989403873049762
0.4900719764663523,0.5186779196598269,-0.7005731036370989
0.49621859816311703,0.5105951589218283,-0.7021820892921039
0.5022659236239704,0.5024348876017959,-0.7037670961949918
0.508213028124485,0.49419844075016056,-0.7053278806375456
0.5140590050652124,0.48588716527021225,-0.7068642033212896
0.5198029661215057,0.4775024196113233,-0.7083758293989263
0.5254440413870463,0.46904557345979625,-0.709862528514232
0.5309813795110275,0.46051800742753385,-0.7113240748403924
0.5364141478289413,0.45192111273872243,-0.7127602471167607
0.5417415324869314,0.44325629091472735,-0.714170828684027
0.5469627385596771,0.4345249534574002,-0.7155556075177825
0.5520769901617858,0.42572852153099644,-0.7169143762604677
0.5570835305526713,0.41686842564290616,-0.7182469322516983
0.5619816222349098,0.40794610532339937,-0.7195530775569577
0.56677054704607,0.39896300880459,-0.7208326189946509
0.571449606244021,0.3899205926988189,-0.7220853681615184
0.5760181205857291,0.3808203216766603,-0.7233111414564063
0.5804754303995656,0.3716636681447528,-0.7245097601023924
0.5848208956511486,0.3624521119236528,-0.7256810501672704
0.589053896002758,0.3531871399259144,-0.7268248425823959
0.5931738308663614,0.34387024583458764,-0.7279409731599024
0.5971801194503025,0.33450292978233337,-0.72902928260829
0.6010722007997098,0.325086698031345,-0.7300896165464009
0.604849533830686,0.3156230626542674,-0.7311218255157907
0.6085115973583533,0.30611354121629897,-0.7321257649915093
0.6120578901188278,0.2965596564586578,-0.7331012953913069
0.6154879307852122,0.2869629359835914,-0.7340482820832804
0.618801257977694,0.2773249119411032,-0.734966595391983
0.6219974302678485,0.2676471207175642,-0.7358561106030109
0.6250760261772487,0.2579311026263754,-0.7367167079660959
0.628036644170494,0.24817840160083796,-0.7375482726967216
0.6308789026427682,0.23839056488938526,-0.738350694976294
0.6336024399020506,0.22856914275332346,-0.7391238699508895
0.636206914146103,0.21871568816722142,-0.7398676977286088
0.6386920034343643,0.20883175652208563,-0.7405820833755693
0.6410574056548847,0.1989189053314469,-0.7412669369105623
0.6433028384864392,0.18897869394048084,-0.741922173298413
0.645428039355962,0.17901268323827543,-0.7425477124420704
0.6474327653914467,0.16902243537335418,-0.7431434791734666
0.6493167933704614,0.15900951347255265,-0.7437094032431779
0.6510799196644299,0.14897548136334218,-0.7442454193089266
0.6527219601788303,0.13892190329968457,-0.7447514669229585
0.6542427502894702,0.12885034369149498,-0.7452274905183339
0.6556421447749906,0.11876236683778266,-0.7456734393941751
0.6569200177457607,0.10865953666353068,-0.7460892676999024
0.6580762625693214,0.09854341646036865,-0.7464749344185055
0.6591107917925354,0.08841556863108457,-0.7468304033488855
0.6600235370606055,0.07827755443801408,-0.7471556430873099
0.6608144490331177,0.06813093375533748,-0.7474506270080206
0.6614834972972727,0.05797726482530812,-0.7477153332430365
0.6620306702784572,0.04781810401842683,-0.7479497446611904
0.6624559751483159,0.03765500559757084,-0.7481538488464395
0.6627594377304772,0.0274895214860779,-0.7483276380754945
0.6629411024040858,0.017323201039778736,-0.7484711092948015
0.663001032005291,0.007157590822964629,-0.7485842640969219
0.6629393077268411,-0.003005765611730394,-0.7486671086963446
0.662756029015925,-0.013165327939559724,-0.7487196539047751
0.6624513134704085,-0.023319559276040177,-0.748741915105934
0.6620252967335958,-0.03346692638551348,-0.7487339122299065
0.6614781323876552,-0.043605899885938826,-0.7486956697270777
0.6608099918458401,-0.05373495444996788,-0.7486272165416915
0.660021064243628,-0.06385256900235904,-0.7485285860850658
0.6591115563289015,-0.07395722691379285,-0.7483998162084992
0.6580816923512867,-0.08404741619115538,-0.7482409491759038
0.656931713950763,-0.09412162966436126,-0.7480520316361944
0.6556618800456498,-0.10417836516979169,-0.7478331145954648
0.654272466720074,-0.11421612573042755,-0.7475842533889816
0.6527637671110111,-0.12423341973276095,-0.747305507653025
0.6511360912949975,-0.1342287611005713,-0.7469969412966017
0.649389766174594,-0.14420066946565696,-0.7466586224730568
0.6475251353646837,-0.15414767033561363,-0.7462906235516102
0.6455425590786799,-0.16406829525875508,-0.7458930210888388
0.6434424140147104,-0.17396108198627303,-0.745465895800128
0.6412250932418428,-0.1838245746317345,-0.7450093325311112
0.6388910060864111,-0.19365732382801712,-0.744523420229118
0.6364405780184895,-0.20345788688178323,-0.7440082519146481
0.633874250538567,-0.21322482792559483,-0.7434639246528848
0.631192481064458,-0.22295671806777162,-0.7428905395252668
0.6283957428184865,-0.23265213554009487,-0.7422882016011275
0.6254845247149733,-0.24230966584345912,-0.7416570199094156
0.6224593312480509,-0.25192790189157466,-0.740997107410507
0.6193206823798222,-0.26150544415282034,-0.7403085809681172
0.6160691134288823,-0.27104090079034915,-0.7395915613213194
0.6127051749592044,-0.28053288780054314,-0.738846173056678
0.609229432669402,-0.289980029149918,-0.7380725445804982
0.6056424672823573,-0.2993809569105703,-0.7372708080911995
0.6019448744352182,-0.3087343113942636,-0.7364410995518105
0.5981372645697475,-0.31803874128524307,-0.7355835586625888
0.5942202628230122,-0.32729290377186926,-0.734698328833766
0.5901945089183938,-0.33649546467715646,-0.7337855571584116
0.586060657056896,-0.34564509858830134,-0.7328453943854208
0.5818193758087237,-0.35474048898527893,-0.7318779948926135
0.577471348005104,-0.3637803283685889,-0.7308835166599461
0.5730172706303127,-0.37276331838622173,-0.7298621212428271
0.5684578547138722,-0.381688169959919,-0.7288139737455303
0.5637938252228795,-0.3905536034107931,-0.7277392427946966
0.5590259209544237,-0.39935834858437236,-0.7266381005129179
0.5541548944280442,-0.4081011449751303,-0.7255107224923909
0.5491815117781854,-0.4167807418505544,-0.7243572877686317
0.5441065526465984,-0.42539589837481045,-0.7231779787942402
0.5389308100746337,-0.4339453837320466,-0.7219729814127023
0.5336550903953788,-0.44242797724938443,-0.7207424848322168
0.5282802131255797,-0.45084246851963705,-0.7194866815995361
0.5228070108572939,-0.4591876575237903,-0.7182057675738032
0.5172363291492156,-0.4674623547532784,-0.7168999419003773
0.5115690264176183,-0.47566538133208586,-0.7155694069846276
0.5058059738268529,-0.483795569138696,-0.714214368465683
0.4999480551793443,-0.4918517609279084,-0.7128350351901253
0.49399616680502634,-0.49983281045254196,-0.7114316191856065
0.48795121745015696,-0.5077375825850357,-0.7100043356343775
0.4818141281654522,-0.5155649534389537,-0.708553402846712
0.47558583219348194,-0.5233138104904033,-0.7070790422342099
0.46926727485526903,-0.5309830526993627,-0.7055814782829658
0.4628594134360313,-0.5385715906309189,-0.7040609385265847
0.4563632170700126,-0.5460783465764075,-0.7025176535190314
0.449779666624345,-0.5535022546744459,-0.7009518568072975
0.4431097545818874,-0.560842261031845,-0.6993637849038707
0.43635448492298534,-0.5680973238443838,-0.697753677258992
0.42951487300610247,-0.5752664135174291,-0.6961217762326832
0.4225919454472694,-0.5823485127863726,-0.6944683270665353
0.4155867399983023,-0.5893426168368645,-0.692793577855237
0.4085003054237436,-0.5962477334248121,-0.6910977795178354
0.40133370137647734,-0.6030628829961123,-0.689381185768711
0.3940879982719765,-0.6097870988060855,-0.6876440530882558
0.3867642771611392,-0.6164194270385728,-0.6858866406932412
0.37936362960167486,-0.6229589269246569,-0.6841092105068629
0.3718871575280011,-0.6294046708609697,-0.6823120271284525
0.3643359731196176,-0.6357557445275387,-0.680495357802841
0.35671119866791984,-0.6420112470051285,-0.6786594723893685
0.34901396644142707,-0.6481702908920337,-0.6768046433305248
0.34124541854939017,-0.6542320024202712,-0.6749311456202135
0.33340670680375717,-0.6601955215711217,-0.67303925677163
0.32549899257947007,-0.6660600021899717,-0.6711292567847457
0.31752344667307236,-0.6718246121004018,-0.6692014281133876
0.30948124915960873,-0.6774885332174664,-0.6672560556319097
0.3013735892477991,-0.683050961660113,-0.6652934266014461
0.2932016651334742,-0.6885111078626821,-0.663313830635741
0.28496668385126017,-0.693868196685433,-0.6613175596665504
0.2766698611245048,-0.6991214675240401,-0.6593049079086093
0.26831242121343524,-0.7042701744179996,-0.6572761718241615
0.25989559676154766,-0.7093135861578884,-0.6552316500870474
0.25142062864022385,-0.7142509863914221,-0.6531716435463463
0.24288876579157598,-0.7190816737282476,-0.6510964551895726
0.23430126506952392,-0.7238049618434164,-0.6490063901054223
0.22565939107910923,-0.7284201795794789,-0.6469017554460689
0.21696441601405395,-0.7329266710471434,-0.6447828603890098
0.20821761949257445,-0.7373237957244391,-0.6426500160984603
0.1994202883914622,-0.7416109285543303,-0.640503535686299
0.19057371667844586,-0.7457874600407217,-0.6383437341725635
0.1816792052428517,-0.7498527963428004,-0.6361709284454993
0.17273806172458034,-0.753806359367659,-0.6339854372211644
0.16375160034142036,-0.7576475868611454,-0.6317875810025921
0.15472114171472226,-0.7613759324968856,-0.629577682038516
0.14564801269345623,-0.7649908659634261,-0.62735606428166
0.1365335461766803,-0.7684918730494447,-0.6251230533466006
0.12737908093444705,-0.7718784557269793,-0.6228789764672021
0.11818596142717873,-0.7751501322326244,-0.620624162453637
0.10895553762354164,-0.7783064371466467,-0.6183589416489892
0.09968916481685355,-0.7813469214699731,-0.6160836458854546
0.0903882034400577,-0.7842711526990054,-0.6137986084401398
0.08105401887929994,-0.7870787148982166,-0.6115041639904719
0.07168798128614597,-0.7897692087704853,-0.6092006485692205
0.06229146538847712,-0.7923422517251268,-0.6068883995191472
0.052865850300104676,-0.7947974779435816,-0.6045677554472857
0.04341251932914335,-0.7971345384427191,-0.6022390561788649
0.033932859785186,-0.7993531011357238,-0.5999026427108821
0.024428262785322646,-0.8014528508905234,-0.5975588571653372
0.0149001230590474,-0.803433489585728,-0.5952080427421367
0.005349838752098481,-0.8052947361640458,-0.5928505436716801
-0.004221188770723454,-0.8070363266831443,-0.590486705167135
-0.013811555123712176,-0.8086580143639295,-0.5881168733764163
-0.02341985309934104,-0.8101595696362099,-0.5857413953338765
-0.03304467286822887,-0.8115407801817262,-0.5833606189117219
-0.04268460217993837,-0.8128014509745151,-0.5809748927711622
-0.05233822656455868,-0.8139414043185889,-0.5785845663133097
-0.06200412953502283,-0.8149604798829055,-0.5761899896298343
-0.07168089279011101,-0.8158585347336139,-0.5737915134533913
-0.08136709641808977,-0.8166354433635493,-0.5713894891078315
-0.09106131910093769,-0.8172910977189692,-0.5689842684582059
-0.10076213831910685,-0.8178254072235085,-0.5665762038605784
-0.1104681305567707,-0.8182382987993457,-0.564165648111656
-0.12017787150750735,-0.8185297168855619,-0.5617529543982542
-0.1298899362803687,-0.8186996234536877,-0.5593384762466029
-0.13960289960628489,-0.8187479980204254,-0.556922567471514
-0.14931533604475355,-0.8186748376575393,-0.554505582125414
-0.15902582019076486,-0.8184801569989091,-0.552087874447262
-0.16873292688191152,-0.8181639882447409,-0.5496697988113619
-0.17843523140563483,-0.817726381162932,-0.5472517096760805
-0.18813130970655667,-0.8171674030875876,-0.5448339615324873
-0.19781973859384944,-0.8164871389146903,-0.542416908852927
-0.20749909594859403,-0.81568569109492,-0.5400009060395354
-0.2171679609310784,-0.8147631796236293,-0.5375863073727151
-0.2268249141879881,-0.8137197420279765,-0.5351734669595789
-0.2364685380594419,-0.8125555333512182,-0.5327627386823777
-0.24609741678582495,-0.8112707261341728,-0.5303544761469218
-0.2557101367143728,-0.8098655103938546,-0.5279490326310091
-0.2653052865054606,-0.8083400935992919,-0.5255467610328729
-0.27488145733855207,-0.8066947006445375,-0.5231480138196586
-0.2844372431177632,-0.8049295738188776,-0.5207531429759467
-0.2939712406769952,-0.8030449727742547,-0.5183624999523258
-0.30348204998459544,-0.8010411744899151,-0.5159764356140356
-0.3129682743475006,-0.798918473234294,-0.5135953001896849
-0.3224285206148217,-0.7966771805241506,-0.5112194432200595
-0.3318613993808276,-0.7943176250809721,-0.50884921350703
-0.34126552518728753,-0.7918401527846581,-0.506484959062571
-0.35063951672513016,-0.7892451266245041,-0.5041270270579012
-0.35998199703538125,-0.7865329266475013,-0.5017757637727585
-0.36929159370934095,-0.7837039499039713,-0.4994315145448159
-0.37856693908796046,-0.7807586103905527,-0.4970946237192529
-0.38780667046038286,-0.777697338990561,-0.49476543459848976
-0.3970094302616102,-0.774520583411742,-0.49244428939209617
-0.4061738662692603,-0.7712288081214375,-0.4901315291668842
-0.4152986317993799,-0.7678224942791868,-0.4878274937971939
-0.42438238590127714,-0.7643021396667863,-0.4855325219153831
-0.43342379355134075,-0.7606682586158265,-0.48324695086252833
-0.4424215258458141,-0.756921381932734,-0.48097111663934883
-0.45137426019248916,-0.7530620568213374,-0.4787053538573596
-0.4602806805012915,-0.749090846802986,-0.4764499956902649
-0.4691394773737237,-0.7450083316342397,-0.4742053738255992
-0.47794934829113783,-0.7408151072221612,-0.47197181841662383
-0.4867089978018086,-0.7365117855372303,-0.46974965803448976
-0.4954171377067768,-0.7320989945239091,-0.4675392196206709
-0.5040724872444365,-0.7275773780088827,-0.4653408284396793
-0.5126737732738391,-0.7229475956070003,-0.4631548080320679
-0.5212197304566872,-0.7182103226249457,-0.46098148016772855
-0.5297091014379934,-0.7133662499626613,-0.4588211647994929
-0.5381406370253786,-0.7084160840125534,-0.4566741800170433
-0.5465130963669846,-0.7033605465565053,-0.4545408420011398
-0.5548252471279816,-0.6982003746607263,-0.4524214649781725
-0.5630758656656422,-0.692936320568462,-0.45031636117504065
-0.5712637372029636,-0.6875691515905955,-0.44822584077437144
-0.5793876560008173,-0.6820996499941645,-0.4461502118700795
-0.5874464255286,-0.6765286128888253,-0.44408978042327535
-0.5954388586333734,-0.6708568521112865,-0.442044850218528
-0.6033637777074667,-0.6650851941077456,-0.4400157228204886
-0.6112200148545273,-0.659214479814351,-0.43800269753087856
-0.6190064120539999,-0.653245564535721,-0.43600607134584835
-0.6267218213240151,-0.647179317821547,-0.434026138913714
-0.6343651048826741,-0.6410166233413046,-0.4320631924930726
-0.6419351353077093,-0.634758378757107,-0.4301175219113052
-0.6494307956945072,-0.6284054955947217,-0.4281894145234694
-0.6568509798124773,-0.6219588991127845,-0.42627915517158715
-0.6641945922597534,-0.615419528170231,-0.4243870261443324
-0.671460548616213,-0.6087883350919815,-0.42251330713712176
-0.6786477755947986,-0.6020662855328979,-0.4206582752126138
-0.6857552111911327,-0.5952543583400474,-0.41882220476161913
-0.6927818048314092,-0.5883535454132952,-0.4170053674644261
-0.6997265175185506,-0.5813648515642564,-0.41520803225254665
-0.7065883219766226,-0.5742892943736302,-0.413430465270883
-0.7133662027934886,-0.567127904046948,-0.41167292984032244
-0.7200591565616998,-0.5598817232687581,-0.40993568642075967
-0.7266661920176056,-0.5525518070552748,-0.4082189925745526
-0.7331863301786787,-0.5451392226055198,-0.40652310293041316
-0.7396186044790417,-0.5376450491509773,-0.40484826914773653
-0.74596206090319,-0.5300703778037955,-0.4031947398813718
-0.7522157581178982,-0.5224163114035542,-0.40156276074683606
-0.7583787676023057,-0.5146839643626273,-0.3999525742859747
-0.764450173776172,-0.5068744625101649,-0.39836441993307076
-0.7704290741262935,-0.4989889429347201,-0.3967985339814058
-0.7763145793310758,-0.4910285538255452,-0.39525514955027274
-0.7821058133832552,-0.4829944543125821,-0.39373449655244586
-0.7878019137107608,-0.4748878143051724,-0.39223680166210684
-0.7934020312957145,-0.46670981432951086,-0.39076228828323195
-0.7989053307915589,-0.4584616453648651,-0.3893111765184384
-0.8043109906383117,-0.45014450867858835,-0.3878836831382957
-0.8096182031759395,-0.44175961565994676,-0.38648002155110106
-0.8148261747558438,-0.4333081876527843,-0.38510040177312044
-0.8199341258504604,-0.42479145578705146,-0.38374503039929914
-0.8249412911609617,-0.4162106608092173,-0.3824141105744399
-0.8298469197230615,-0.4075670529115902,-0.3811078419648536
-0.8346502750109164,-0.3988618915605682,-0.3798264207304797
-0.8393506350391221,-0.3900964453238424,-0.37857003949748175
-0.8439472924627995,-0.3812719916965756,-0.3773388873313172
-0.8484395546757668,-0.37238981692657697,-0.37613314971028144
-0.852826743906798,-0.3634512158384955,-0.3749530084995293
-0.8571081973139602,-0.35445749165705337,-0.37379864192557405
-0.8612832670770304,-0.34540995582934053,-0.3726702245512645
-0.8653513204879889,-0.33630992784619074,-0.37156792725124144
-0.8693117400395859,-0.32715873506266185,-0.3704919171878743
-0.8731639235119785,-0.31795771251763805,-0.3694423577876785
-0.8769072840574395,-0.3087082027525769,-0.36841940871821494
-0.8805412502831323,-0.29941155562942035,-0.3674232258654707
-0.8840652663319524,-0.2900691281476888,-0.3664539613117232
-0.8874787919614323,-0.2806822842607795,-0.3655117633138881
-0.8907813026207112,-0.2712523946914873,-0.36459677628235093
-0.893972289525564,-0.2617808367467682,-0.3637091407602827
-0.8970512597314924,-0.25226899413176385,-0.3628489934034414
-0.9000177362048742,-0.24271825676310602,-0.3620164669604579
-0.9028712578921708,-0.2331300205815203,-0.36121169025360905
-0.9056113797871918,-0.22350568736374615,-0.3604347881600751
-0.9082376729964159,-0.21384666453379333,-0.35968588159368575
-0.9107497248023675,-0.2041543649735507,-0.3589650874871514
-0.9131471387250473,-0.19443020683276704,-0.3582725187747824
-0.9154295345814173,-0.1846756133384198,-0.3576082843756953
-0.9175965485429391,-0.1748920126034912,-0.35697248917750757
-0.9196478331911648,-0.1650808374351667,-0.35636523402051934
-0.9215830575713801,-0.15524352514247466,-0.35578661568238396
-0.9234019072442989,-0.14538151734338325,-0.3552367268632665
-0.9251040843358102,-0.13549625977137128,-0.35471565617149114
-0.9266893075847741,-0.12558920208149,-0.3542234881096773
-0.9281573123888699,-0.11566179765593129,-0.35376030306136436
-0.9295078508484922,-0.10571550340911934,-0.35332617727812604
-0.9307406918086986,-0.09575177959234138,-0.35292118286717356
-0.931855620899205,-0.08577208959793316,-0.352545387779448
-0.9328524405724307,-0.07577789976303509,-0.3521988557982027
-0.9337309701395909,-0.0657706791729347,-0.3518816465280752
-0.9344910458048383,-0.055751899464010025,-0.35159381538464884
-0.9351325206974509,-0.04572303462629037,-0.3513354135845043
-0.9356552649020679,-0.035685560805648185,-0.3511064881357614
-0.936059165486972,-0.025640956105638008,-0.35090708182911107
-0.9363441265304174,-0.015590700388996601,-0.3507372332293367
-0.9365100691450041,-0.005536275078819327,-0.3505969766673287
-0.9365569315000958,0.004520837040572984,-0.35048634223258635
-0.9364846688422841,0.014579152023062108,-0.3504053557662127
-0.9362932535138948,0.024637184960441285,-0.3503540388544
-0.9359826749695385,0.03469345018239067,-0.35033240882240607
-0.9355529397907012,0.04474646145670535,-0.35034047872902196
-0.9350040716983795,0.054794732189762003,-0.3503782573615317
-0.9343361115637538,0.0648367756272104,-0.3504457492311633
-0.9335491174169013,0.07487110505487596,-0.3505429545690322
-0.9326431644535481,0.08489623399985981,-0.35066986932257693
-0.9316183450398587,0.094910676431823,-0.3508264851524874
-0.9304747687152611,0.10491294696444095,-0.3510127894301256
-0.9292125621933064,0.11490156105701506,-0.35122876523543967
-0.9278318693605627,0.12487503521622854,-0.35147439135537245
-0.9263328512735399,0.1348318871980325,-0.3517496422827618
-0.9247156861536462,0.14477063620964992,-0.35205448821573715
-0.9229805693801716,0.15468980311168368,-0.35238889505760956
-0.9211277134812994,0.16458791062031622,-0.3527528244172571
-0.9191573481231422,0.17446348350958776,-0.3531462336100054
-0.9170697200968013,0.18431504881373975,-0.35356907565900514
-0.9148650933034456,0.19414113602961103,-0.35402129929710435
-0.9125437487374106,0.20394027731907347,-0.3545028489692193
-0.9101059844673124,0.2137110077114953,-0.35501366483520225
-0.907552115615176,0.22345186530621755,-0.3555536827732067
-0.904882474333574,0.2331613914750323,-0.35612283438355297
-0.9020974097807735,0.24283813106464938,-0.3567210469930917
-0.8991972880938883,0.25248063259913855,-0.3573482436600685
-0.8961824923600341,0.262087448482335,-0.35800434317948854
-0.8930534225854804,0.27165713520019436,-0.358689260088984
-0.8898104956628006,0.28118825352308513,-0.3594029046751827
-0.886454145336012,0.2906793687080057,-0.36014518298058057
-0.8829848221637052,0.30012905070071266,-0.36091599681091846
-0.8794029934801576,0.30953587433774754,-0.36171524374306385
-0.8757091433544272,0.31889841954834913,-0.3625428171333983
-0.8719037725474226,0.32821527155623825,-0.363398606126712
-0.8679873984669461,0.33748502108126194,-0.3642824956656074
-0.8639605551207017,0.34670626454088355,-0.36519436650041043
-0.8598237930672683,0.35587760425150555,-0.36613409519959284
-0.8555776793650289,0.36499764862961204,-0.3671015541607066
-0.851222797519054,0.3740650123927172,-0.36809661162182933
-0.8467597474259311,0.38307831676010584,-0.36911913167352567
-0.8421891453165363,0.3920361896533523,-0.3701689742713226
-0.8375116236967441,0.4009372658966045,-0.3712459952487015
-0.8327278312860658,0.4097801874166186,-0.3723500463306092
-0.8278384329542132,0.41856360344252913,-0.37348097514748685
-0.8228441096555822,0.4272861707053434,-0.3746386252498219
-0.817745558361645,0.43594655363714097,-0.3758228361232205
-0.8125434919912514,0.44454342456996776,-0.3770334432040059
-0.807238639338828,0.4530754639344078,-0.3782702778953415
-0.8018317450004663,0.4615413604578169,-0.3795331675838818
-0.7963235692979002,0.4699398113622047,-0.38082193565695227
-0.7907148882003567,0.47826952256174887,-0.3821364015202611
-0.7850064932442787,0.4865292088599236,-0.3834763806161429
-0.7791991914509088,0.4947175941462303,-0.3848416844423378
-0.7732938052417268,0.5028334115925095,-0.3862321205713068
-0.7672911723517344,0.5108754038488209,-0.3876474926700872
-0.7611921457405766,0.5188423232388735,-0.38908760052068664
-0.7549975935014919,0.5267329319549862,-0.39055224004102196
-0.7487083987680843,0.5345460022525653,-0.3920412033064025
-0.7423254596189045,0.5422803166440775,-0.3935542785715603
-0.7358496889798366,0.5499346680925015,-0.3950912502932305
-0.729282014524275,0.5575078602042391,-0.3966518991532825
-0.7226233785710873,0.5649987074214672,-0.3982360020824065
-0.7158747379803504,0.5724060352139092,-0.39984333228435576
-0.7090370640468513,0.579728680270009,-0.40147365926074785
-0.7021113423913425,0.586965490687484,-0.4031267488364278
-0.6950985728495421,0.5941153261632375,-0.4048023631853942
-0.6879997693588681,0.6011770581826096,-0.4065002608572933
-0.6808159598428967,0.6081495702079435,-0.40822019680448074
-0.673548186093534,0.6150317578664453,-0.4099619224096555
-0.6661975036508906,0.6218225291373152,-0.41172518551406884
-0.6587649816808496,0.628520804538124,-0.4135097304463091
-0.6512517028503143,0.6351255173104138,-0.4153152980516674
-0.6436587632001269,0.6416356136044967,-0.4171416257220852
-0.6359872720156478,0.6480500526634252,-0.4189884474266879
-0.6282383516949824,0.6543678070061109,-0.42085549374290576
-0.6204131376148457,0.6605878626095619,-0.4227424918881862
-0.6125127779940532,0.666709219090214,-0.4246491657523007
-0.6045384337546265,0.6727308898843266,-0.42657523593024643
-0.5964912783805029,0.678651902427415,-0.42852041975574984
-0.5883724977738387,0.6844712983326886,-0.43048443133537123
-0.5801832901088926,0.690188133568467,-0.4324669815832147
-0.5719248656834817,0.69580147863454,-0.43446777825624694
-0.5635984467679934,0.7013104187374436,-0.4364865259902266
-0.5552052674519499,0.706714053964616,-0.43852292633624845
-0.5467465734881068,0.7120114994574012,-0.44057667779790316
-0.538223622134082,0.7172018855828679,-0.44264747586905756
-0.5296376819914965,0.7222843581044055,-0.44473501307225777
-0.520990032842626,0.727258078351064,-0.4468389789977564
-0.512281965484543,0.732122223385599,-0.4489590603431684
-0.5035147815607496,0.7368759861711847,-0.4510949409537585
-0.49468979339028235,0.7415185757367564,-0.45324630186335996
-0.4858083237942855,0.7460492173409429,-0.45541282133593186
-0.47687170592004047,0.7504671526345468,-0.4575941749077522
-0.467881283062445,0.754771639821533,-0.4597900354302544
-0.4588384084829316,0.7589619538184814,-0.4620000731135049
-0.4497444452258182,0.7630373864124605,-0.4642239555703288
-0.44060076593208397,0.7669972464172767,-0.46646134786108107
-0.4314087526505621,0.7708408598280545,-0.468711912539069
-0.4221697966465444,0.7745675699740997,-0.47097530969662704
-0.4128852982077898,0.7781767376699988,-0.4732511970118433
-0.4035566664479334,0.7816677413649047,-0.47553922979594404
-0.39418531910729193,0.7850399772899584,-0.4778390610413343
-0.3847726823510574,0.7882928596037962,-0.48015034147029617
-0.37532019056488136,0.7914258205360905,-0.48247271958434845
-0.3658292861478434,0.7944383105290684,-0.4848058417142667
-0.3563014193028037,0.7973297983769587,-0.48714935207076493
-0.34673804782413875,0.8000997713633032,-0.48950289279583953
-0.33714063688286056,0.8027477353960852,-0.49186610401477754
-0.3275106588091207,0.8052732151406095,-0.49423862388882717
-0.31784959287210096,0.807675754150079,-0.49662008866853236
-0.3081589250572942,0.809954914993807,-0.4990101327477308
-0.29844014784118017,0.8121102793830028,-0.501408388718214
-0.28869475996330224,0.8141414482940696,-0.5038144874250503
-0.2789242661957506,0.8160480420893497,-0.5062280580225688
-0.26913017711006326,0.8178297006352542,-0.5086487280310026
-0.2593140088415503,0.8194860834177107,-0.5110761233937912
-0.24947728285105755,0.8210168696548616,-0.5135098685355377
-0.23962152568417805,0.8224217584069478,-0.515949586420622
-0.22974826872792786,0.8237004686833037,-0.518394898612463
-0.219859047964902,0.8248527395464023,-0.5208454253334303
-0.20995540372492819,0.8258783302128715,-0.5233007855254009
-0.20003888043423654,0.8267770201514145,-0.525760596910956
-0.19011102636216812,0.8275486091775615,-0.5282244760552152
-0.18017339336544513,0.8281929175451782,-0.530692038428302
-0.17022753663002657,0.8287097860346575,-0.5331628984684371
-0.16027501441057912,0.8290990760377218,-0.5356366696456514
-0.1503173877675895,0.829360669638755,-0.5381129645261152
-0.14035622030215222,0.8294944696925942,-0.5405913948370764
-0.13039307788846496,0.8295003998987011,-0.5430715715323976
-0.12042952840406866,0.829378404871635,-0.5455531048586894
-0.11046714145786939,0.8291284502077536,-0.5480356044220266
-0.10050748811598367,0.8287505225480577,-0.5505186792552429
-0.0905521406254506,0.8282446296371068,-0.5530019378857913
-0.080602672135856,0.8276108003779237,-0.5554849884041624
-0.07066065641891739,0.8268490848828097,-0.5579674385328482
-0.06072766758608074,0.8259595545199933,-0.560448895695842
-0.05080527980418299,0.8249423019560296,-0.5629289670886601
-0.04089506700923676,0.8237974411938758,-0.565407259748876
-0.030998602618396726,0.8225251076065622,-0.5678833806271498
-0.021117459240169948,0.8211254579663783,-0.570356936658743
-0.011253208382935382,0.8195986704695016,-0.5728275348354998
-0.0014074201618407504,0.8179449447559843,-0.5752947822782838
0.008418336995851955,0.8161645019250275,-0.577758286309851
0.018222496646898227,0.8142575845454648,-0.5802176545281427
0.02800349462960266,0.8122244566613764,-0.5826724948799811
0.03775976936267004,0.8100654037927676,-0.5851224157351506
0.04748976214529237,0.8077807329312295,-0.5875670259608424
0.057191917458385186,0.8053707725305176,-0.5900059349964462
0.06686468326688315,0.8028358724919735,-0.5924387529286644
0.07650651132300218,0.8001764041447231,-0.594865090566932
0.08611585747037169,0.7973927602205826,-0.5972845595191151
0.09569118194893782,0.7944853548236094,-0.5996967722674678
0.1052309497005347,0.791454623394232,-0.6021013422448233
0.11473363067501896,0.7883010226679007,-0.6044978839109947
0.12419770013685753,0.7850250306281958,-0.606886012829358
0.13362163897205784,0.781627146454344,-0.6092653457435936
0.14300393399532507,0.7781078904630817,-0.6116355006545594
0.15234307825732862,0.7744678040448216,-0.613996096897263
0.16163757135195667,0.7707074495940677,-0.616346755217912
0.17088591972343503,0.7668274104340391,-0.6186870978510071
0.18008663697318444,0.7628282907354601,-0.6210167485964487
0.1892382441662855,0.758710715429477,-0.62333533289663
0.19833927013741973,0.754475330114668,-0.6256424779134795
0.20738825179615294,0.7501228009581165,-0.6279378126054248
0.21638373443142223,0.7456538145905199,-0.6302209678042443
0.2253242720150881,0.7410690779953129,-0.6324915762917699
0.2342084275044091,0.7363693183917839,-0.6347492728764105
0.24303477314329586,0.7315552831121755,-0.6369936944694597
0.25180189076219806,0.7266277394727563,-0.6392244801611515
0.26050837207647587,0.7215874746388588,-0.6414412712964288
0.26915281898310733,0.7164352954838874,-0.64364371155039
0.27773384385558103,0.7111720284422994,-0.6458314470033718
0.2862500698368195,0.705798519356569,-0.6480041262156369
0.29470013112998145,0.7003156333181518,-0.6501614003016235
0.3030826732869883,0.6947242545024702,-0.6523029230037221
0.3113963534946183,0.6890252859979465,-0.6544283507655385
0.31963984085801334,0.6832196496291157,-0.6565373428046057
0.32781181668144094,0.6773082857738565,-0.658629561184505
0.33591097474615644,0.6712921531747841,-0.6607046708863571
0.34393602158520714,0.6651722287448558,-0.6627623398796444
0.3518856767550225,0.6589495073672416,-0.6648022391923253
0.35975867310363663,0.6526250016895259,-0.6668240429801983
0.3675537570353845,0.6461997419123057,-0.6688274285954808
0.3752696887719218,0.6396747755722594,-0.6708120766545611
0.3829052426094127,0.6330511673197655,-0.6727776711048822
0.390459207171738,0.6263299986911592,-0.674723899290925
0.39793038565956923,0.6195123678757186,-0.6766504520192439
0.40531759609516793,0.6125993894774762,-0.6785570236225233
0.41261967156276075,0.6055921942719649,-0.6804433120226154
0.4198354604443488,0.5984919289580044,-0.682309018792518
0.42696382665081456,0.5912997559046477,-0.684153849217263
0.43400364984818807,0.5840168528934071,-0.6859775123536718
0.4409538256789401,0.5766444128558921,-0.6877797210889476
0.447813265978174,0.5691836436069869,-0.6895601921980675
0.4545808989845919,0.5616357675737137,-0.6913186463999405
0.4612556695461132,0.554002021519921,-0.6930548084122988
0.46783653932003055,0.5462836562669503,-0.6947684070052914
0.4743224869675916,0.5384819364104356,-0.6964591750537474
0.480712508342901,0.5305981400333952,-0.6981268495880801
0.48700561667603953,0.5226335584157811,-0.6997711718438028
0.4932008427503085,0.5145894957406563,-0.7013918873096286
0.4992972350735068,0.5064672687971725,-0.7029887457741297
0.5052938600431578,0.4982682066805264,-0.7045615013709292
0.51118980210561,0.4899936504890758,-0.7061099126224024
0.516984163908937,0.4816449530188014,-0.7076337424818676
0.5226760664495766,0.4732234784553016,-0.709132758374243
0.5282646492126477,0.46473060206351224,-0.710606732235154
0.5337490703058949,0.4561677098753443,-0.7120554405484708
0.5391285065872189,0.447536198375436,-0.7134786643822628
0.5444021537857525,0.438837474185219,-0.7148761894231555
0.5495692266164567,0.4300729537454947,-0.7162478060090763
0.5546289588882112,0.42124406299772504,-0.7175933091603821
0.5595806036053872,0.41235223706423885,-0.7189124986093567
0.5644234330628944,0.40339891992755555,-0.720205178828074
0.5691567389347029,0.3943855641090289,-0.7214711590546206
0.5737798323558484,0.3853136303470142,-0.7227102533176757
0.5782920439979353,0.37618458727476023,-0.7239222804594486
0.5826927241381623,0.36699991109822677,-0.7251070641569708
0.5869812427219016,0.357761085274029,-0.7262644329417496
0.5911569894188679,0.3484696001877037,-0.7273942202177871
0.5952193736729243,0.3391269528324966,-0.7284962642779697
0.5991678247455803,0.3297346464888622,-0.7295704083188371
0.6030017917532372,0.3202941904048682,-0.7306165004537439
0.6067207436982541,0.31080709947769114,-0.7316343937244216
0.6103241694939047,0.3012748939363872,-0.7326239461109597
0.6138115779833069,0.2916990990261189,-0.7335850205402189
0.6171824979524165,0.28208124469401447,-0.7345174848926954
0.6204364781371737,0.2724228652768292,-0.7354212120078554
0.6235730872249061,0.2627254991905764,-0.7362960796879624
0.6265919138500952,0.25299068862229,-0.7371419707004171
0.6294925665846164,0.24321997922407357,-0.7379587727786381
0.6322746739225705,0.23341491980958573,-0.7387463786215077
0.6349378842598308,0.2235770620531074,-0.7395046858914086
0.6374818658684305,0.21370796019132723,-0.740233597210885
0.639906306865926,0.20380917072797708,-0.740933020157953
0.6422109151798695,0.19388225214144236,-0.7416028672600968
0.6443954185075311,0.18392876459546437,-0.7422430559869795
0.6464595642710171,0.1739502696530456,-0.7428535087419049
0.6484031195679273,0.1639483299936613,-0.7434341528520665
0.6502258711177044,0.15392450913387243,-0.7439849205576139
0.6519276252038262,0.1438803711514299,-0.7445057489995807
0.6535082076119952,0.13381748041294955,-0.7449965802067063
0.6549674635644821,0.12373740130523142,-0.7454573610811935
0.6563052576507801,0.11364169797028925,-0.7458880433834375
0.6575214737547296,0.10353193404414705,-0.746288583715768
0.6586160149782717,0.09340967239945315,-0.7466589435052445
0.6595888035619907,0.08327647489195358,-0.7469990889855433
0.6604397808026041,0.07313390211085954,-0.7473089911779781
0.6611689069675609,0.06298351313313519,-0.747588625871695
0.6617761612069034,0.052826865281725276,-0.74783797360308
0.662261541462553,0.04266551388773424,-0.7480570196344252
0.6626250643751727,0.03250101205656079,-0.7482457539318867
0.662866765188762,0.022334910437985227,-0.7484041711427817
0.6629866976531341,0.01216875700019926,-0.7485322705722594
0.6629849339244263,0.0020040968077613868,-0.7486300561593886
0.6628615644637877,-0.008157528196546008,-0.7486975364527003
0.6626166979343892,-0.018314579405988067,-0.7487347245852222
0.6622504610968938,-0.028465521760314045,-0.7487416382490457
0.661762998703527,-0.0386088239524018,-0.7487182996694608
0.6611544733908732,-0.048742958631158635,-0.7486647355786957
0.6604250655715338,-0.05886640260073284,-0.7485809771892977
0.6595749733247652,-0.06897763701609509,-0.7484670601671868
0.6586044122862179,-0.07907514757505445,-0.7483230246044211
0.6575136155368928,-0.08915742470677797,-0.7481489149917004
0.6563028334914213,-0.09922296375688772,-0.7479447801906443
0.6549723337857758,-0.10927026516921307,-0.747710673405873
0.6535224011645107,-0.11929783466427944,-0.7474466521569194
0.6519533373676238,-0.12930418341461922,-0.7471527782500015
0.6502654610171344,-0.1392878282169929,-0.7468291177496813
0.648459107503451,-0.1492472916616114,-0.7464757409504357
0.6465346288716158,-0.15918110229845386,-0.7460927223481618
0.6444923937074917,-0.16908779480077596,-0.7456801406116421
0.6423327870239605,-0.17896591012590757,-0.745238078553986
0.6400562101471923,-0.18881399567343862,-0.7447666231040728
0.63766308060304,-0.19863060544089356,-0.7442658652780102
0.6351538320036108,-0.20841430017699666,-0.7437359001506259
0.6325289139340551,-0.21816364753262996,-0.7431768268270097
0.6297887918396112,-0.2278772222095859,-0.7425887484141178
0.6269339469129408,-0.23755360610721835,-0.7419717719924516
0.6239648759817783,-0.247191388467093,-0.7413260085878242
0.6208820913969197,-0.2567891660157394,-0.740651573143221
0.6176861209205626,-0.2663455431056056,-0.739948584490766
0.6143775076150124,-0.27585913185431427,-0.7392171653237968
0.610956809731759,-0.28532855228231974,-0.7384574421690574
0.607424600600925,-0.2947524324490618,-0.7376695453590099
0.6037814685210818,-0.3041294085877107,-0.7368536090042686
0.6000280166494271,-0.31345812523859795,-0.7360097709661595
0.5961648628923081,-0.3227372353814209,-0.7351381728294029
0.5921926397960768,-0.3319654005663105,-0.734238959874919
0.5881119944382538,-0.34114129104384755,-0.733312281052756
0.5839235883189776,-0.35026358589410794,-0.7323582889551331
0.5796280972527096,-0.35933097315481916,-0.7313771397895986
0.5752262112601638,-0.3683421499487017,-0.7303689933522955
0.5707186344604257,-0.37729582261006817,-0.7293340130013264
0.566106084963221,-0.3861907068107512,-0.7282723656302131
0.561389294761294,-0.39502552768542365,-0.7271842216414419
0.5565690096228517,-0.40379901995637496,-0.726069754920083
0.5516459889840267,-0.41250992805780035,-0.724929142807477
0.5466210058413116,-0.42115700625965813,-0.7237625660749768
0.5414948466439105,-0.4297390187911456,-0.7225702088977315
0.5362683111859617,-0.43825473996383896,-0.7213522588285035
0.5309422124985714,-0.4467029542945412,-0.7201089067715043
0.525517376741606,-0.4550824566278756,-0.718840346956234
0.5199946430951872,-0.4633920522586594,-0.7175467769113154
0.5143748636508298,-0.47163055705408763,-0.716228397438304
0.5086589033021668,-0.47979679757575494,-0.7148854125854625
0.5028476396351989,-0.48788961120153457,-0.7135180296214839
0.49694196281801595,-0.49590784624733675,-0.7121264590091464
0.4909427754899238,-0.5038503620887586,-0.7107109143788896
0.48485099264992176,-0.5117160292826345,-0.7092716125022908
0.4786675415444697,-0.519503729688498,-0.7078087732654303
0.47239336155448736,-0.5272123565899539,-0.7063226196421285
0.4660294040815252,-0.5348408148159602,-0.7048133776670377
0.4595766324330531,-0.5423880208620179,-0.7032812764085774
0.45303602170680574,-0.5498529030112581,-0.7017265479416914
0.4464085586741332,-0.5572344014554153,-0.7001494273204173
0.4396952416622992,-0.5645314684156725,-0.6985501525502498
0.4328970804356754,-0.5717430682633591,-0.6969289645602832
0.4260150960757792,-0.5788681776404813,-0.6952861071751204
0.4190503208601055,-0.5859057855800598,-0.6936218270865298
0.41200379813970267,-0.5928548936262475,-0.6919363738248409
0.4048765822154469,-0.599714515954198,-0.6902299997300615
0.39766973821296964,-0.6064836794896501,-0.6885029599227035
0.39038434195619426,-0.6131614240281963,-0.6867555122743055
0.38302147983944224,-0.6197468023541942,-0.6849879173776389
0.37558224869806883,-0.6262388803592835,-0.6832004385165843
0.3680677556775913,-0.6326367371604639,-0.6813933416356688
0.36047911810127686,-0.6389394652176926,-0.6795668953092512
0.35281746333615543,-0.6451461704509535,-0.6777213707103458
0.34508392865743004,-0.651255972356751,-0.6758570415790729
0.33727966111125457,-0.6572680041239789,-0.6739741841907291
0.3294058173758564,-0.6631814127491141,-0.6720730773234659
0.3214635636209795,-0.6689953591506831,-0.67015400222557
0.3134540753656276,-0.6747090182829465,-0.6682172425823373
0.30537853733409115,-0.68032157924875,-0.6662630844825322
0.297238143310242,-0.6858322454114845,-0.6642918163844272
0.2890340959900817,-0.6912402345060983,-0.6623037290814169
0.28076760683253577,-0.6965447787491097,-0.6602991156671987
0.272439895908484,-0.7017451249475565,-0.6582782715005204
0.26405219174802236,-0.7068405346068285,-0.6562414941694852
0.25560573118595314,-0.7118302840373253,-0.6541890834554144
0.24710175920550345,-0.7167136644598788,-0.6521213412962633
0.238541528780273,-0.7214899821098856,-0.6500385717495903
0.22992630071441644,-0.7261585583400869,-0.6479410809550745
0.221257343481067,-0.7307187297219434,-0.6458291770965839
0.21253593305900817,-0.7351698481455423,-0.6437031703637922
0.20376335276760787,-0.7395112809179826,-0.6415633729133453
0.19494089310002563,-0.7437424108601799,-0.6394100988295789
0.18606985155470962,-0.7478626364020361,-0.6372436640847867
0.17715153246520102,-0.7518713716759159,-0.6350643864990445
0.1681872468282648,-0.7557680466083784,-0.6328725856995895
0.15917831213036934,-0.7595521070101069,-0.6306685830797614
0.15012605217253705,-0.7632230146639842,-0.6284527017575059
0.14103179689359335,-0.766780247411263,-0.6262252665334468
0.13189688219183948,-0.7702232992357776,-0.6239866038485329
0.12272264974517855,-0.7735516803461486,-0.6217370417412592
0.11351044682972589,-0.7767649172559292,-0.6194769098044782
0.1042616261369354,-0.7798625528616498,-0.6172065391417954
0.09497754558927579,-0.7828441465187082,-0.6149262623235673
0.0856595681544918,-0.7857092741150654,-0.6126364133425005
0.07630906165848694,-0.7884575281427008,-0.6103373275688647
0.06692739859686608,-0.7910885177667832,-0.6080293417053244
0.0575159559451762,-0.7936018688925204,-0.6057127937413999
0.04807611496788649,-0.7959972242296408,-0.6033880229075662
0.038609261026148776,-0.7982742433544787,-0.6010553696289961
0.02911678338438076,-0.800432602769617,-0.5987151754789615
0.019600075015715628,-0.8024719959610578,-0.596367783131898
0.010060532406362397,-0.8043921334528862,-0.5940135363161473
0.0004995553589221766,-0.806192742859395,-0.5916527797663838
-0.009081453205293806,-0.8078735689346395,-0.5892858591757387
-0.018681087444897642,-0.8094343736193946,-0.5869131211476315
-0.028297938797962444,-0.8108749360854868,-0.5845349131473198
-0.037930596182416364,-0.8121950527774738,-0.5821515834531784
-0.047577646197244715,-0.8133945374516521,-0.5797634811077211
-0.057237673324451274,-0.8144732212123635,-0.5773709558683741
-0.06690926013172961,-0.8154309525455873,-0.5749743581580145
-0.07659098747579514,-0.8162675973497927,-0.5725740390152869
-0.08628143470632772,-0.8169830389640376,-0.570170350044707
-0.09597917987047544,-0.8175771781932962,-0.5677636433665669
-0.10568279991786889,-0.818049933331002,-0.5653542715666551
-0.11539087090609597,-0.8184012401787907,-0.5629425876458007
-0.12510196820658753,-0.8186310520634372,-0.5605289449692566
-0.13481466671086217,-0.8187393398509687,-0.5581136972159341
-0.14452754103708174,-0.8187260919579532,-0.5556971983274992
-0.15423916573686636,-0.8185913143599525,-0.553279802457347
-0.1639481155023194,-0.8183350305971341,-0.5508618639194638
-0.1736529653732126,-0.8179572817770393,-0.5484437371371897
-0.18335229094428196,-0.8174581265745052,-0.5460257765918964
-0.19304466857258493,-0.8168376412287367,-0.5436083367715903
-0.20272867558487037,-0.816095919537531,-0.5411917721194548
-0.21240289048491276,-0.8152330728486564,-0.5387764369823456
-0.22206589316076147,-0.8142492300483841,-0.5363626855592465
-0.23171626509185894,-0.8131445375471813,-0.5339508718497048
-0.24135258955597955,-0.8119191592625692,-0.5315413496022542
-0.25097345183594183,-0.8105732765991492,-0.5291344722628373
-0.26057743942604933,-0.8091070884258108,-0.5267305929232429
-0.2701631422382127,-0.8075208110501222,-0.5243300642695671
-0.27972915280770855,-0.8058146781899207,-0.5219332385307112
-0.28927406649853077,-0.8039889409421072,-0.5195404674269295
-0.2987964817082895,-0.8020438677486605,-0.5171521021184357
-0.3082950000726145,-0.7999797443598817,-0.5147684931540828
-0.317768226669021,-0.7977968737948842,-0.5123899904201249
-0.32721477022019474,-0.795495576299341,-0.5100169430890747
-0.3366332432966556,-0.7930761893005088,-0.5076496995686675
-0.3460222625187584,-0.7905390673595403,-0.5052886074509378
-0.35538044875799146,-0.7878845821211048,-0.502934013461429
-0.36470642733753333,-0.785113122260335,-0.5005862634085366
-0.3739988282320292,-0.7822250934271155,-0.4982457021330035
-0.3832562862665477,-0.7792209181877362,-0.4959126734575711
-0.39247744131468393,-0.7761010359639273,-0.4935875201368017
-0.40166093849576956,-0.7728659029692986,-0.49127058380707905
-0.4108054283711551,-0.769515992143202,-0.48896220493679804
-0.4199095671395297,-0.7660517930820415,-0.4866627227767522
-0.4289720168312452,-0.7624738119680509,-0.4843724753107299
-0.4379914455016086,-0.7587825714955623,-0.4820917992063267
-0.4469665274231129,-0.7549786107947914,-0.47982102976598523
-0.4558959432765723,-0.7510624853531578,-0.47756050087826796
-0.46477838034113234,-0.7470347669341694,-0.47531054496937586
-0.4736125326831236,-0.7428960434938946,-0.47307149295491774
-0.4823971013437294,-0.7386469190950444,-0.470843674191941
-0.49113079452543856,-0.7342880138186936,-0.46862741643123035
-0.49981232777725615,-0.7298199636736626,-0.4664230457698831
-0.5084404241786432,-0.7252434205035909,-0.4642308866041694
-0.5170138145221593,-0.7205590518917216,-0.4620512615826836
-0.5255312374947833,-0.7157675410634312,-0.45988449155979483
-0.5339914398578843,-0.7108695867865243,-0.45773089554940444
-0.5423931766258215,-0.7058659032693245,-0.45559079067901637
-0.5507352112431467,-0.7007572200565864,-0.4534644921441278
-0.5590163157603881,-0.6955442819232569,-0.45135231316294716
-0.5672352710083909,-0.6902278487661133,-0.449254564931444
-0.5753908667711948,-0.6848086954933036,-0.44717155657873997
-0.5834819019574267,-0.6792876119118197,-0.4451035951228445
-0.5915071847701888,-0.6736654026129281,-0.4430509854267422
-0.59946553287542,-0.6679428868555877,-0.44101403015483814
-0.6073557735687148,-0.6621208984478819,-0.43899302972976445
-0.615176743940579,-0.6562002856264921,-0.4369882822895572
-0.6229272910401044,-0.6501819109342416,-0.435000083645205
-0.6306062720370468,-0.6440666510957356,-0.43302872723857755
-0.6382125543822884,-0.6378553968911278,-0.4310745041007371
-0.6457450159666711,-0.6315490530280387,-0.42913770281063784
-0.6532025452781817,-0.6251485380116544,-0.42721860945421863
-0.6605840415574775,-0.6186547840130342,-0.425317507583893
-0.6678884149517368,-0.6120687367356523,-0.4234346781784406
-0.6751145866668178,-0.6053913552802039,-0.42157039960330445
-0.6822614891177182,-0.5986236120076995,-0.41972494757129825
-0.689328066077316,-0.5917664924008786,-0.4178985951037264
-0.696313272823385,-0.5848209949239666,-0.4160916124919227
-0.7032160762838676,-0.577788130880803,-0.41430426725920894
-0.7100354551804003,-0.5706689242713692,-0.4125368241232779
-0.7167704001700741,-0.5634644116467387,-0.4107895449590051
-0.7234199139854235,-0.556175641962482,-0.4090626887616903
-0.729983011572633,-0.5488036764305463,-0.4073565116107332
-0.7364587202279516,-0.5413495883696408,-0.40567126663374664
-0.742846079732305,-0.5338144630541518,-0.4040072039711093
-0.7491441424841002,-0.5261993975616135,-0.4023645707409605
-0.7553519736302086,-0.5185055006187599,-0.40074361100463995
-0.7614686511951244,-0.5107338924461846,-0.3991445657325766
-0.7674932662082894,-0.5028857046016324,-0.3975676727706257
-0.773424922829575,-0.4949620798219486,-0.3960131668068585
-0.7792627384729167,-0.48696417186370966,-0.3944812793388073
-0.7850058439280939,-0.47889314534256144,-0.3929722386411658
-0.7906533834806488,-0.4707501755712894,-0.391486269733949
-0.7962045150299375,-0.4625364483966432,-0.390023594351113
-0.8016584102053089,-0.4542531600349419,-0.38858443090963674
-0.8070142544804061,-0.44590151690648183,-0.3871689944790685
-0.8122712472855834,-0.43748273546877287,-0.3857774967515372
-0.8174286021184373,-0.4289980420486233,-0.3844101460122317
-0.822485546652443,-0.4204486726730999,-0.38306714711034756
-0.8274413228436962,-0.41183587289938367,-0.3817487014305048
-0.8322951870357533,-0.40316089764354535,-0.38045500686463724
-0.8370464100625669,-0.39442501100826194,-0.37918625778435316
-0.8416942773495135,-0.38562948610949765,-0.37794264501377084
-0.846238089012511,-0.376775604902171,-0.3767243558028292
-0.85067715995522,-0.36786465800482937,-0.3755315738010736
-0.8550108199643278,-0.35889794452335255,-0.3743644790319195
-0.8592384138029141,-0.34987677187370775,-0.37322324786739336
-0.8633593013018915,-0.3408024556037758,-0.3721080530033532
-0.8673728574495221,-0.3316763192142709,-0.371019063435188
-0.8712784724790074,-0.3224996939787721,-0.36995644443399833
-0.8750755519541462,-0.3132739187628906,-0.36892035752325775
-0.8787635168530644,-0.30400033984258945,-0.36791096045595617
-0.882341803650009,-0.2946803107216785,-0.3669284071922262
-0.885809864395208,-0.28531519194850197,-0.36597284787745193
-0.8891671667927952,-0.2759063509318409,-0.3650444288208621
-0.8924131942767944,-0.26645516175604717,-0.3641432924746071
-0.8955474460851676,-0.2569630049954296,-0.3632695774133211
-0.8985694373319203,-0.2474312675279119,-0.36242341831416885
-0.9014786990772679,-0.2378613423479788,-0.3616049459373788
-0.9042747783958563,-0.228254628378931,-0.3608142871072614
-0.9069572384430432,-0.21861253028446678,-0.3600515646937144
-0.9095256585192318,-0.2089364582796074,-0.3593168975942151
-0.9119796341322612,-0.1992278279409856,-0.35861040071629835
-0.9143187770578508,-0.18948806001651358,-0.35793218496052337
-0.9165427153980981,-0.17971858023444953,-0.35728235720392737
-0.9186510936380298,-0.16992081911187829,-0.3566610202839669
-0.920643572700205,-0.1600962117626246,-0.3560682729829481
-0.922519829997371,-0.1502461977046154,-0.3555042100129438
-0.92427955948317,-0.14037222066670807,-0.35496892200120067
-0.9259224717008961,-0.1304757283950008,-0.35446249547603365
-0.9274482938303055,-0.12055817245864235,-0.35398501285321043
-0.9288567697324732,-0.11062100805515665,-0.3535365524228242
-0.9301476599927023,-0.1006656938152985,-0.3531171883366556
-0.9313207419614813,-0.09069369160745684,-0.35272699059602364
-0.9323758097934913,-0.08070646634162056,-0.35236602504012804
-0.9333126744846604,-0.07070548577292282,-0.3520343533348778
-0.9341311639072669,-0.06069222030477935,-0.3517320329622126
-0.9348311228430916,-0.05066814279163604,-0.3514591172099128
-0.9354124130146144,-0.040634728341340604,-0.351215655161899
-0.9358749131142613,-0.03059345411715376,-0.3510016916890225
-0.9362185188316945,-0.020545799139414532,-0.3508172674403454
-0.9364431428791508,-0.010493244086874432,-0.35066241883491284
-0.9365487150148231,-0.0004372710977150656,-0.350537178054013
-0.9365351820642892,0.00962063642973632,-0.3504415730339305
-0.9364025079399821,0.01967899403657906,-0.35037562745918854
-0.9361506736587052,0.02973631640318485,-0.3503393607562847
-0.9357796773571895,0.03979111754930302,-0.35033278808791507
-0.9352895343056927,0.049841911034411226,-0.35035592034769225
-0.9346802769196393,0.059887210158297906,-0.3504087641553539
-0.9339519547693006,0.06992552816186248,-0.3504913218524631
-0.9331046345875137,0.07995537842811973,-0.35060359149860226
-0.9321384002754383,0.08997527468339492,-0.35074556686805697
-0.9310533529063499,0.09998373119869597,-0.3509172374469954
-0.9298496107274695,0.10997926299124922,-0.35111858843113813
-0.9285273091598264,0.11996038602618606,-0.3513496007239238
-0.9270866007961533,0.12992561741836614,-0.35161025093516596
-0.9255276553968141,0.13987347563432498,-0.35190051138020556
-0.9238506598837596,0.14980248069433247,-0.35222035007955776
-0.922055818332512,0.1597111543745487,-0.35256973075905246
-0.9201433519621747,0.1695980204092654,-0.3529486128504713
-0.9181134991234661,0.1794616046932186,-0.35335695149268015
-0.9159665152847752,0.18930043548396044,-0.35379469753325665
-0.9137026730162379,0.19911304360427717,-0.35426179753061626
-0.9113222619718281,0.20889796264464022,-0.354758193756634
-0.9088255888694667,0.21865372916567763,-0.35528382419976506
-0.906212977469141,0.2283788829006535,-0.3558386225686638
-0.903484768549033,0.23807196695794153,-0.3564225182963008
-0.9006413198796573,0.24773152802348128,-0.35703543654458136
-0.8976830061959992,0.2573561165632029,-0.35767729820946276
-0.894610219167655,0.2669442870254086,-0.3583480199265744
-0.8914233673669705,0.27649459804309834,-0.35904751407733854
-0.8881228762351709,0.28600561263622476,-0.3597756887955951
-0.884709188046483,0.2954758984138674,-0.3605324479747293
-0.8811827618702417,0.3049040277763106,-0.36131769127530383
-0.8775440735309816,0.3142885781170144,-0.36213131413319777
-0.8737936155665037,0.32362813202446333,-0.3629732077682506
-0.8699318971839194,0.3329212774838821,-0.36384325919341504
-0.8659594442136614,0.3421666080788027,-0.3647413512244172
-0.8618767990614613,0.35136272319247186,-0.3656673624899273
-0.8576845206582867,0.36050822820908385,-0.36662116744224155
-0.8533831844082337,0.3696017347148265,-0.36760263636847557
-0.8489733821343697,0.3786418606987254,-0.36861163540227093
-0.8444557220225201,0.38762723075327454,-0.36964802653601697
-0.839830828562996,0.39655647627483753,-0.37071166763358815
-0.8350993424902529,0.4054282356638067,-0.37180241244359896
-0.8302619207204797,0.41424115452450605,-0.37292011061317737
-0.8253192362871066,0.4229938858648226,-0.37406460770225886
-0.8202719782742306,0.4316850902955538,-0.3752357451984018
-0.8151208517479483,0.4403134362294536,-0.37643336053212656
-0.8098665776855916,0.44887760007996547,-0.3776572870927799
-0.8045098929028572,0.45737626645962354,-0.37890735424492455
-0.7990515499788268,0.4658081283781115,-0.38018338734525947
-0.7934923171788654,0.47417188743995864,-0.381485207760068
-0.7878329783753957,0.48246625404186133,-0.3828126328831996
-0.7820743329665361,0.49068994756961215,-0.3841654761545852
-0.7762171957925978,0.4988416965946189,-0.38554354707928684
-0.7702623970504321,0.5069202390700013,-0.3869466512470877
-0.7642107822056187,0.5149243225262439,-0.38837459035261984
-0.7580632119024875,0.5228527042663913,-0.3898271622160342
-0.7518205618719653,0.5307041515607646,-0.39130416080421526
-0.7454837228372397,0.5384774418411867,-0.39280537625254164
-0.7390536004172261,0.5461713628946931,-0.3943305948871945
-0.7325311150278366,0.5537847130567112,-0.3958795992480172
-0.725917201781036,0.5613163014036906,-0.39745216811192785
-0.7192128103816756,0.5687649479451634,-0.3990480765168872
-0.7124189050220984,0.5761294838152158,-0.40066709578642395
-0.7055364642745019,0.5834087514633479,-0.40230899355472044
-0.6985664809810515,0.5906016048447068,-0.4039735337922613
-0.6915099621417325,0.5977069096096647,-0.4056604768320471
-0.6843679287999332,0.604723543292726,-0.4073695793963758
-0.6771414159257431,0.6116503955007391,-0.4091005946241944
-0.6698314722969632,0.6184863681003877,-0.41085327209902384
-0.662439160377811,0.6252303754049442,-0.41262735787746
-0.6549655561953139,0.6318813443602553,-0.41442259451825225
-0.6474117492133776,0.6384382147299387,-0.4162387211119642
-0.63977884220452,0.6448999392797654,-0.41807547331121797
-0.6320679511192587,0.6512654839612019,-0.419932583361525
-0.6242802049531418,0.6575338280940844,-0.4218097801327067
-0.6164167456114101,0.6637039645484021,-0.4237067891509074
-0.6084787277712805,0.6697748999251554,-0.4256233326312036
-0.6004673187418378,0.6757456547362681,-0.4275591295108089
-0.5923836983215255,0.6816152635835198,-0.42951389548288293
-0.5842290586532239,0.6873827753364683,-0.4314873430309424
-0.5760046040769039,0.6930472533093357,-0.4334791814638792
-0.5677115509798447,0.6986077754368217,-0.43548911695158865
-0.5593511276444072,0.7040634344488164,-0.43751685256120987
-0.5509245740933488,0.7094133380439755,-0.43956208829398175
-0.5424331419326716,0.714656609062129,-0.4416245211227176
-0.5338780941919901,0.7197923856554825,-0.4437038450299003
-0.5252607051624122,0.724819821458583,-0.4457997510464012
-0.5165822602319199,0.7297380857570054,-0.44791192729082635
-0.5078440557182394,0.734546363654727,-0.4500400590094925
-0.4990473986991936,0.7392438562401514,-0.45218382861703316
-0.49019360684052493,0.7438297807507406,-0.4543429157376422
-0.4812840082211793,0.748303370736216,-0.45651699724695155
-0.47231994115604475,0.752663876220288,-0.4587057473145521
-0.4633027540161317,0.7569105638608706,-0.4609088374471535
-0.45423380504619176,0.7610427171087406,-0.46312593653239054
-0.445114462179763,0.7650596363645906,-0.46535671088327607
-0.4359461028516372,0.7689606391344401,-0.4676008242833019
-0.42673011380774084,0.7727450601833502,-0.4698579380321916
-0.4174678909124248,0.776412251687399,-0.4721277109923064
-0.408160838953155,0.7799615833838666,-0.4744097996357038
-0.3988103714426016,0.7833924427195826,-0.4767038580918554
-0.38941791041812124,0.7867042349973842,-0.4790095381960206
-0.37998488623862764,0.7898963835206317,-0.4813264895382803
-0.3705127373788504,0.7929683297357325,-0.483654359513231
-0.36100291022097614,0.7959195333726142,-0.48599279337034
-0.35145685884367545,0.7987494725830969,-0.48834143426496335
-0.3418760448085114,0.8014576440771048,-0.49069992331002626
-0.3322619369437327,0.8040435632566619,-0.49306789962836683
-0.32261601112545185,0.806506764347612,-0.4954450004057442
-0.3129397500562126,0.808846800529003,-0.4978308609445083
-0.30323464304094916,0.811063244060078,-0.5002251147179344
-0.29350218576034315,0.8131556864048057,-0.5026273934252196
-0.28374388004158513,0.8151237383538933,-0.5050373270471405
-0.2739612336265465,0.8169670301442137,-0.5074545439023718
-0.26415575993737345,0.8186852115755833,-0.509878670704464
-0.25432897783951075,0.8202779521248236,-0.5123093326194783
-0.24448241140217017,0.8217449410570417,-0.5147461533242762
-0.2346175896562543,0.823085887534057,-0.5171887550654627
-0.22473604634975272,0.8243005207199111,-0.519636758718978
-0.21483931970062664,0.8253885898833838,-0.5220897838503367
-0.20492895214720075,0.8263498644974505,-0.5245474487755092
-0.19500649009608248,0.8271841343356043,-0.5270093706224428
-0.18507348366763088,0.8278912095649728,-0.5294751653932163
-0.1751314864389995,0.8284709208361534,-0.5319444480268242
-0.1651820551847795,0.8289231193696972,-0.5344168324625856
-0.1552267496152704,0.8292476770391597,-0.5368919317041706
-0.1452671321124103,0.8294444864506488,-0.5393693578842379
-0.13530476746339679,0.8295134610187901,-0.5418487223296781
-0.12534122259203392,0.8294545350390319,-0.5443296356274548
-0.11537806628784303,0.8292676637562163,-0.5468117076910344
-0.10541686893297546,0.8289528234293342,-0.5492945478273958
-0.09545920222697105,0.8285100113923879,-0.5517777648046139
-0.08550663890940545,0.8279392461112823,-0.5542609669200042
-0.07556075248047422,0.8272405672366675,-0.5567437620688186
-0.0656231169195632,0.8264140356526488,-0.5592257578134828
-0.05569530640185759,0.8254597335212928,-0.5617065614533621
-0.045778895013045176,0.8243777643228439,-0.5641857800950448
-0.03587545646217143,0.823168252891576,-0.5666630207231289
-0.025986563792707543,0.8218313454471992,-0.5691378902715
-0.016113789091895182,0.8203672096217453,-0.5716099956950836
-0.006258703198434517,0.818776034481852,-0.5740789440420604
0.003577124591414522,0.817058030546371,-0.5765443425265249
0.013392126819245289,0.8152134297992216,-0.5790057986015744
0.023184738161355772,0.8132424856974149,-0.581462920032808
0.03295339572695948,0.8111454731741743,-0.5839153149722206
0.042696539357673834,0.8089226886370795,-0.5863625920324701
0.05241261192820091,0.8065744499611598,-0.5888043603615012
0.062100059648112285,0.8041010964768647,-0.5912402297175025
0.07175733236464654,0.8015029889528472,-0.5936698105441793
0.08138288386642477,0.7987805095734872,-0.596092714046317
0.09097517218798627,0.7959340619110894,-0.5985085522656134
0.10053265991504369,0.7929640708926937,-0.6009169381567583
0.11005381449035304,0.7898709827614344,-0.6033174856637331
0.1195371085200919,0.7866552650323884,-0.6057098097963074
0.12898102008063517,0.783317406442854,-0.6080935267067064
0.13838403302561472,0.779857916897009,-0.6104682537664212
0.147744637293147,0.7762773274048905,-0.6128336096431369
0.15706132921310897,0.7725761900156518,-0.6151892143777482
0.16633261181433917,0.7687550777450458,-0.6175346894614335
0.17555699513164028,0.7648145844970969,-0.6198696579127602
0.1847329965124533,0.7607553249799167,-0.6221937443547879
0.19385914092307432,0.7565779346156308,-0.6245065750921394
0.20293396125427865,0.7522830694443814,-0.6268077781880081
0.21195599862621756,0.7478714060223799,-0.6290969835410688
0.22092380269244907,0.7433436413139832,-0.6313738229622575
0.22983593194296176,0.7387004925777745,-0.6336379302513886
0.23869095400604845,0.7339426972466292,-0.6358889412735729
0.24748744594888528,0.7290710128017601,-0.6381264940354016
0.2562239945766692,0.7240862166407308,-0.6403502287608617
0.2648991967301644,0.7189891059394352,-0.6425597879669452
0.2735116595815086,0.713780497508049,-0.644754816538916
0.2820600009281259,0.7084612276409578,-0.6469349618051978
0.2905428494845945,0.7030321519606774,-0.6490998736118437
0.29895884517231447,0.6974941452557836,-0.6512492043965505
0.3073066394068199,0.6918481013128757,-0.653382609262181
0.31558489538258155,0.6860949327426034,-0.6554997460497507
0.32379228835514057,0.6802355707997929,-0.6576002754108468
0.3319275059204206,0.674270965197711,-0.659683860879434
0.33998924829105853,0.6682020839165177,-0.6617501689430115
0.3479762285695987,0.6620299130059561,-0.6637988691130805
0.3558871730183952,0.6557554563823413,-0.6658296339948847
0.3637208213260649,0.6493797356199118,-0.6678421393563799
0.37147592687034015,0.6429037897366139,-0.6698360641963984
0.3791512569771636,0.6363286749743975,-0.6718110908119667
0.38674559317587737,0.6296554645741052,-0.6737669048647363
0.39425773145035314,0.6228852485450437,-0.6757031954464922
0.40168648248591815,0.6160191334293343,-0.6776196551436965
0.4090306719119279,0.6090582420611429,-0.6795159801010328
0.41628914053984445,0.6020037133208963,-0.6813918700839114
0.423460744596679,0.5948567018845999,-0.6832470285398997
0.4305443559536609,0.5876183779683761,-0.68508116265904
0.4375388623499986,0.5802899270683467,-0.68689398343302
0.44444316761160235,0.5728725496959916,-0.688685205713161
0.45125619186464183,0.5653674611091227,-0.6904545482671878
0.4579768717438155,0.5577758910386109,-0.6922017338347488
0.4646041605952139,0.5500990834110167,-0.6939264891816541
0.47113702867366264,0.5423382960672751,-0.6956285451527972
0.47757446333443787,0.5344948004775971,-0.6973076367237329
0.48391546921924755,0.5265698814527426,-0.6989635030508818
0.4901590684363843,0.5185648368518397,-0.7005958875203315
0.49630430073495474,0.5104809772869172,-0.702204537795208
0.5023502236730989,0.502319625824328,-0.7037892058615951
0.5082959127801204,0.4940821176832426,-0.7053496480729731
0.5141404617124515,0.48576979993139563,-0.706885625193156
0.5198829824033867,0.47738403117827405,-0.7083969024377088
0.5255226052065219,0.4689261812659332,-0.7098832495138192
0.5310584790328479,0.46039763095763697,-0.7113444406586121
0.5364897714814468,0.45179977162451523,-0.7127802546758859
0.5418156689637543,0.4431340049304357,-0.7141904749712586
0.5470353768213537,0.43440174251528985,-0.7155748895857089
0.5521481194372748,0.42560440567689223,-0.7169332912275036
0.5571531403407818,0.4167434250516963,-0.7182654773024987
0.5620497023056383,0.40782024029452796,-0.7195712499428093
0.5668370874418441,0.3988362997575384,-0.7208504160338414
0.5715145972808525,0.3897930601685821,-0.7221027872396818
0.576081552854275,0.38069198630921847,-0.7233281800268457
0.580537294766099,0.3715345506925414,-0.7245264156863784
0.5848811832584383,0.362322233241036,-0.725697320354318
0.5891125982708575,0.3530565209646614,-0.7268407250305179
0.5932309394933096,0.3437389076393575,-0.7279564655958396
0.5972356264127348,0.3343708934861689,-0.7290443828277189
0.6011260983533818,0.32495398485117993,-0.7301043224141187
0.6049018145109106,0.31548969388644926,-0.7311361349658778
0.6085622539803509,0.30597953823212887,-0.7321396760274695
0.6121069157779927,0.29642504069995146,-0.7331148060861857
0.6155353188572947,0.286827728958263,-0.7340613905797619
0.6188470021189016,0.27718913521877414,-0.7349792999024641
0.622041524414865,0.2675107959252002,-0.7358684094096558
0.6251184645471749,0.2577942514439534,-0.7367285994208683
0.6280774212607102,0.2480410457570447,-0.7375597552213977
0.630918013230721,0.2382527261573506,-0.7383617670624546
0.633639879044965,0.22843084294638966,-0.739134530159892
0.6362426771806229,0.21857694913475112,-0.7398779446915404
0.6387260859761213,0.20869260014530938,-0.7405919157931814
0.6410898035979986,0.19877935351935272,-0.741276353553186
0.6433335480029518,0.18883876862574728,-0.7419311730058561
0.6454570568952059,0.1788724063732498,-0.7425562941234974
0.6474600876793517,0.1688818289260769,-0.7431516418072625
0.6493424174088005,0.15886859942282977,-0.7437171458767935
0.6511038427300062,0.14883428169886678,-0.7442527410587089
0.652744179822608,0.13878044001220824,-0.744758366973966
0.654263264335651,0.12870863877305105,-0.7452339681241363
0.6556609513200399,0.11862044227696106,-0.7456794938766377
0.6569371151573825,0.10851741444180592,-0.7460948984489584
0.6580916494853863,0.09840111854848162,-0.7464801408919137
0.6591244671199633,0.08827311698547842,-0.7468351850719761
0.6600354999742056,0.07813497099732493,-0.747159999652717
0.6608246989743884,0.0679882404369403,-0.7474545580754044
0.661492033973162,0.05783448352191781,-0.7477188385387936
0.6620374936600875,0.047675256594755036,-0.747952823978153
0.6624610854696749,0.03751211388703835,-0.7481565020435672
0.6627628354870762,0.027346607287582512,-0.7483298650775537
0.6629427883515884,0.017180286114518613,-0.7484729100920383
0.6630010071581149,0.0070146968913168874,-0.7485856387447252
0.6629375733567338,-0.003148616873276283,-0.7486680573149029
0.662752586650516,-0.013308114901414111,-0.748720176678725
0.6624461648917392,-0.023462260358471505,-0.7487420122840031
0.6620184439766301,-0.033609520061553204,-0.7487335841245493
0.6614695777387738,-0.04374836468423374,-0.748694916714107
0.660799737841316,-0.05387726895758057,-0.7486260390599039
0.6600091136680896,-0.06399471186751728,-0.7485269846358623
0.6590979122137823,-0.07409917684858887,-0.748397791355503
0.6580663579732645,-0.08418915197419606,-0.7482385015445738
0.6569146928301889,-0.09426313014337008,-0.7480491619134352
0.6556431759449701,-0.10431960926416377,-0.747829823529234
0.6542520836422443,-0.11435709243373873,-0.7475805417878953
0.6527417092979064,-0.12437408811523228,-0.7473013763859611
0.6511123632258174,-0.13436911031149001,-0.7469923912923008
0.6493643725642652,-0.1443406787357553,-0.7466536547197232
0.6474980811622613,-0.15428731897940684,-0.746285239096511
0.6455138494657464,-0.16420756267684,-0.745887221037903
0.6434120544037766,-0.17409994766758843,-0.7454596813175444
0.6411930892747489,-0.18396301815578478,-0.7450027048389276
0.6388573636327294,-0.19379532486706072,-0.74451638060684
0.63640530317393,-0.20359542520298712,-0.7440008016988376
0.6338373496233861,-0.21336188339315662,-0.7434560652367608
0.6311539606218696,-0.2230932706450106,-0.7428822723583055
0.6283556096130793,-0.2327881652915136,-0.7422795281886645
0.6254427857311315,-0.2424451529367769,-0.7416479418122488
0.6224159936883783,-0.252062826599734,-0.7409876262445017
0.6192757536635733,-0.2616397868559687,-0.7402986984038109
0.6160226011903978,-0.27117464197779634,-0.7395812790835301
0.6126570870463515,-0.2806660080726966,-0.7388354929241127
0.6091797771420203,-0.2901125092201963,-0.7380614683853643
0.6055912524107105,-0.2995127776072982,-0.7372593377188169
0.6018921086984497,-0.3088654536625469,-0.7364292369402256
0.5980829566543415,-0.31816918618882756,-0.735571305802191
0.5941644216212594,-0.3274226324949827,-0.7346856877669048
0.590137143526861,-0.3366244585263369,-0.7337725299790173
0.5860017767749003,-0.3457733389942104,-0.732831983238624
0.5817589901368113,-0.3548679575045043,-0.7318642019743683
0.5774094666435294,-0.3639070066854338,-0.7308693442166544
0.572953903477523,-0.37288918831448487,-0.7298475715709645
0.5683930118649919,-0.38181321344466435,-0.7287990491912724
0.5637275169681987,-0.3906778025301122,-0.7277239457535475
0.5589581577778854,-0.39948168555113817,-0.7266224334293392
0.5540856870057326,-0.40822360213874376,-0.7254946878594316
0.5491108709768145,-0.4169023016986867,-0.7243408881275595
0.5440344895219973,-0.425516543535138,-0.7231612167341726
0.5388573358702329,-0.43406509697398243,-0.7219558595702388
0.5335802165406919,-0.4425467414858051,-0.720725005891071
0.5282039512346823,-0.4509602668086056,-0.719468848290168
0.522729372727298,-0.45930447307027705,-0.7181875826730512
0.5171573267587399,-0.4675781709108786,-0.7168814082310904
0.5114886719252516,-0.4757801816047347,-0.7155505274152959
0.5057242795696116,-0.48390933718238194,-0.7141951459100694
0.49986503367112173,-0.4919644805523851,-0.7128154726068944
0.4939118307350346,-0.4999444656230388,-0.7114117195779536
0.4878655796813589,-0.5078481574239653,-0.7099841020496551
0.48172720173298367,-0.5156744322276207,-0.7085328383760562
0.4754976303030636,-0.5234221776707093,-0.7070581500121639
0.4691778108816059,-0.5310902928755122,-0.7055602614871014
0.46276870092120004,-0.5386776885711232,-0.7040394003771218
0.4562712697218364,-0.546183287214586,-0.7024957972784552
0.4496864983147534,-0.553606023111927,-0.7009296857799732
0.44301537934526114,-0.5609448425390653,-0.6993413024356546
0.43625891695448704,-0.5681987038625846,-0.6977308867368398
0.4294181266599897,-0.575366577660351,-0.6960986810842557
0.4224940352351915,-0.582447446841947,-0.6944449307597992
0.41548768058757996,-0.5894403067689021,-0.6927698838980632
0.4084001116356287,-0.5963441653746882,-0.6910737914575928
0.40123238818439527,-0.603158043284448,-0.6893569071918573
0.39398558079974794,-0.6098809739344242,-0.6876194876199216
0.38666077068118265,-0.616512003691052,-0.685861791996812
0.37925904953318795,-0.6230501919696745,-0.6840840822835558
0.37178151943512117,-0.6294946113528435,-0.6822866231168871
0.36422929270955945,-0.6358443477081593,-0.6804696817786076
0.356603491789093,-0.6420985003056063,-0.6786335281645887
0.34890524908152926,-0.6482561819343358,-0.6767784347534085
0.3411357068334785,-0.6543165190188499,-0.6749046765746095
0.3332960169922957,-0.6602786517345341,-0.6730125311765726
0.32538734106635403,-0.66614173412249,-0.6711022785939936
0.3174108499836282,-0.6719049342036099,-0.6691742013149593
0.30936772394857015,-0.6775674340918474,-0.6672285842476111
0.30125915229725875,-0.6831284301066226,-0.6652657146863938
0.29308633335081113,-0.6885871328843094,-0.6632858822778785
0.28485047426704224,-0.6939427674887475,-0.6612893789861586
0.27655279089036594,-0.6991945735207227,-0.6592764990578113
0.26819450759992886,-0.7043418052263586,-0.6572475389864203
0.25977685715597437,-0.7093837316043594,-0.6552027974766582
0.2513010805444342,-0.7143196365120497,-0.6531425754079222
0.24276842681974886,-0.719148818770149,-0.6510671757975238
0.23418015294592,-0.7238705922662271,-0.6489769037634293
0.2255375236357993,-0.7284842860567771,-0.6468720664865496
0.21684181118862297,-0.7329892444678549,-0.6447529731725796
0.20809429532580104,-0.73738482719422,-0.6426199350133863
0.19929626302497383,-0.7416704093969289,-0.6404732651479472
0.1904490083523502,-0.7458453817993148,-0.6383132786228412
0.18155383229334396,-0.7499091507813089,-0.6361402923522895
0.172612042581527,-0.7538611384720367,-0.6339546250777557
0.16362495352592007,-0.7577007828406437,-0.6317565973271007
0.1545938858366436,-0.7614275377852912,-0.6295465313733021
0.14552016644895263,-0.7650408732202721,-0.6273247511927396
0.1364051283456836,-0.768540275161196,-0.6250915824230485
0.1272501103781386,-0.7719252458081869,-0.6228473523205521
0.11805645708543938,-0.7751953036270522,-0.6205923897172736
0.10882551851238102,-0.7783499834283689,-0.6183270249775351
0.09955865002581876,-0.7813888364444411,-0.6160515899541523
0.09025721212962236,-0.7843114304040842,-0.6137664179442273
0.08092257027823349,-0.7871173496051884,-0.6114718436445524
0.07155609468886455,-0.7898061949850228,-0.6091682031066284
0.062159160152375846,-0.7923775841882328,-0.6068558336913072
0.05273314584287227,-0.7948311516324948,-0.6045350740230682
0.04327943512605968,-0.797166548571788,-0.6022062639439351
0.03379941536640307,-0.7993834431572444,-0.5998697444670452
0.02429447773312949,-0.8014815204955429,-0.5975258577298787
0.014766017005119949,-0.8034604827048138,-0.595174946947158
0.005215431374734498,-0.8053200489680178,-0.5928173563634292
-0.004355877749383355,-0.8070599555837721,-0.5904534312053342
-0.013946505940476925,-0.8086799560145916,-0.5880835176335846
-0.023555045952774203,-0.8101798209325178,-0.5857079626946488
-0.03318008792146579,-0.81155933826211,-0.5833271142721638
-0.04282021956351464,-0.8128183132207719,-0.5809413210380819
-0.0524740263792493,-0.8139565683563931,-0.578550932403565
-0.0621400918546914,-0.8149739435822816,-0.5761562984696382
-0.07181699766456812,-0.815870296209369,-0.5737577699776134
-0.08150332387596008,-0.8166455009756695,-0.5713556982592967
-0.09119764915253474,-0.8172994500729746,-0.5689504351869895
-0.10089855095931527,-0.8178320531707711,-0.5665423331232995
-0.11060460576793461,-0.818243237437366,-0.5641317448707689
-0.12031438926232482,-0.8185329475582076,-0.5617190236213356
-0.13002647654479113,-0.8187011457513919,-0.5593045229056398
-0.1397394423424206,-0.8187478117803451,-0.5568885965421864
-0.14945186121377538,-0.8186729429636744,-0.5544715985863791
-0.15916230775582052,-0.818476554182182,-0.5520538832794343
-0.16886935681103607,-0.8181586778830342,-0.5496358049971932
-0.17857158367466483,-0.8177193640810879,-0.5472177181988384
-0.18826756430204536,-0.8171586803573673,-0.544799977375533
-0.1979558755159818,-0.8164767118546917,-0.5423829369989914
-0.2076350952141014,-0.8156735612704574,-0.5399669514699954
-0.21730380257615214,-0.8147493488465722,-0.5375523750668684
-0.22696057827119137,-0.8137042123565479,-0.53513956189392
-0.23660400466461848,-0.8125383070897538,-0.5327288658298723
-0.2462326660250054,-0.8112518058328405,-0.5303206404762817
-0.2558451487306764,-0.8098448988483333,-0.5279152391059677
-0.26544004147599315,-0.8083177938504129,-0.52551301461146
-0.27501593547729886,-0.8066707159778836,-0.5231143194534776
-0.28457142467847485,-0.8049039077643454,-0.5207195056094496
-0.2941051059560688,-0.8030176291055762,-0.5183289245220924
-0.30361557932394806,-0.8010121572241418,-0.5159429270480508
-0.31310144813743507,-0.7988877866312405,-0.5135618634066187
-0.3225613192968844,-0.7966448290858018,-0.5111860831285483
-0.3319938034506575,-0.7942836135508496,-0.5088159350049591
-0.3413975151974557,-0.7918044861471505,-0.5064517670363585
-0.35077107328796997,-0.7892078101041587,-0.5040939263817845
-0.36011310082580755,-0.7864939657082782,-0.5017427593080815
-0.36942222546765857,-0.7836633502484605,-0.4993986111393196
-0.37869707962266114,-0.7807163779591532,-0.49706182620636696
-0.38793630065093027,-0.7776534799606246,-0.4947327477966275
-0.3971385310612121,-0.7744751041966792,-0.4924117181039519
-0.40630241870762807,-0.7711817153697876,-0.4900990781787324
-0.41542661698547406,-0.7677737948736532,-0.4877951678781923
-0.4245097850260394,-0.7642518407232339,-0.4855003258168779
-0.4335505878904113,-0.7606163674822464,-0.48321488931736284
-0.44254769676223377,-0.7568679061881709,-0.48093919436117516
-0.4514997891393866,-0.753007004274785,-0.47867357553995354
-0.4604055490245542,-0.7490342254922447,-0.47641836600684473
-0.46926366711465284,-0.7449501498247446,-0.47417389742814703
-0.47807284098908687,-0.7407553734057726,-0.47194049993521187
-0.4868317752968038,-0.7364505084309936,-0.46971850207660926
-0.49553918194212127,-0.7320361830687803,-0.46750823077056597
-0.5041937802692958,-0.727513041368422,-0.46531001125768373
-0.5127942972458095,-0.7228817431660342,-0.46312416705394716
-0.5213394676443437,-0.7181429639881963,-0.46095101990402465
-0.5298280342234203,-0.713297394953345,-0.4587908897348749
-0.5382587479066799,-0.7083457426709476,-0.45664409460966104
-0.5466303679607756,-0.7032887291384858,-0.4545109506819837
-0.5549416621718595,-0.6981270916362736,-0.4523917721504359
-0.5631914070206374,-0.6928615826201379,-0.4502868712134886
-0.5713783878559703,-0.6874929696119898,-0.4481965580247133
-0.5795013990670016,-0.6820220350883142,-0.44612114064834696
-0.5875592442537894,-0.676449576366603,-0.4440609250152048
-0.5955507363964231,-0.670776405489762,-0.4420162148789485
-0.6034746980226049,-0.6650033491085184,-0.43998731177271444
-0.6113299613736786,-0.659131248361857,-0.43797451496610723
-0.6191153685690852,-0.6531609587555107,-0.4359781214225641
-0.6268297717692315,-0.6470933500385363,-0.433998425757096
-0.6344720333367498,-0.6409293060780015,-0.4320357201944093
-0.6420410259961363,-0.6346697247318099,-0.43009029452741354
-0.6495356329917517,-0.6283155177196946,-0.42816243607611926
-0.656954748244165,-0.6218676104924044,-0.4262524296469328
-0.6642972765048336,-0.6153269420991125,-0.42436055749234786
-0.6715621335090969,-0.6086944650530755,-0.4224870992710432
-0.6787482461274744,-0.601971145195568,-0.42063233200838707
-0.6858545525152568,-0.595157961558121,-0.4187965300573526
-0.6928800022603726,-0.5882559062230923,-0.416979965059851
-0.6998235565295219,-0.5812659841825947,-0.41518290590848117
-0.7066841882125646,-0.5741892131958087,-0.4134056187087045
-0.713460882065152,-0.5670266236447078,-0.4116483667414438
-0.7201526348495906,-0.5597792583882211,-0.4099114104261134
-0.7267584554739285,-0.5524481726148622,-0.40819500728407926
-0.7332773651292542,-0.5450344336938476,-0.4064994119025575
-0.7397083974251993,-0.5375391210247342,-0.4048248758989492
-0.746050598523634,-0.5299633258855971,-0.40317164788561694
-0.7523030272705499,-0.5223081512797796,-0.4015399734351057
-0.7584647553261191,-0.5145747117812348,-0.3999300950458089
-0.7645348672929233,-0.5067641333784894,-0.3983422521080849
-0.7705124608423453,-0.49887755331725103,-0.39677668087082296
-0.7763966468391149,-0.4909161199416864,-0.39523361440846394
-0.7821865494640051,-0.48288099253439304,-0.39371328258847577
-0.7878813063346671,-0.47477334115509195,-0.39221591203928635
-0.7934800686246043,-0.46659434647806275,-0.39074172611867636
-0.7989820011802745,-0.4583451996283479,-0.38929094488263366
-0.8043862826363174,-0.4500271020167469,-0.38786378505466984
-0.8096921055289009,-0.44164126517362773,-0.3864604599956025
-0.8148986764071833,-0.4331889105815763,-0.38508117967380345
-0.8200052159428833,-0.424671269506908,-0.38372615063591464
-0.8250109590379571,-0.41608958283006525,-0.38239557597803453
-0.8299151549303757,-0.4074451008749228,-0.38108965531737377
-0.8347170672980004,-0.39873908323702284,-0.37980858476438356
-0.8394159743605523,-0.38997279861076467,-0.37855255689535755
-0.8440111689796695,-0.3811475246155678,-0.3773217607255075
-0.8485019587570557,-0.37226454762103384,-0.37611638168251454
-0.8528876661307085,-0.3633251625711258,-0.37493660158055814
-0.8571676284692319,-0.3543306728073882,-0.37378259859482044
-0.8613411981642249,-0.3452823898912284,-0.37265454723647085
-0.8654077427207487,-0.33618163342528057,-0.3715526183281297
-0.8693666448458648,-0.32702973087387227,-0.37047697897981036
-0.8732173025352465,-0.31782801738261574,-0.36942779256534497
-0.8769591291578599,-0.30857783559714275,-0.36840521869928894
-0.8805915535387111,-0.29928053548100325,-0.36740941321430975
-0.884114020039661,-0.2899374741327492,-0.3664405281390577
-0.8875259886383033,-0.2805500156022207,-0.36549871167652015
-0.8908269350049065,-0.2711195307060573,-0.3645841081828601
-0.8940163505774157,-0.2616473968424503,-0.3636968581467387
-0.897093742634516,-0.2521349978051567,-0.36283709816912385
-0.9000586343667559,-0.24258372359679428,-0.3620049609435825
-0.9029105649457255,-0.23299497024143512,-0.3612005752370607
-0.9056490895912958,-0.22337013959651675,-0.3604240658711482
-0.9082737796369107,-0.2137106391640888,-0.3596755537038307
-0.9107842225929372,-0.20401788190141312,-0.35895515561172836
-0.9131800222080682,-0.19429328603093576,-0.3582629844728218
-0.9154607985287799,-0.18453827484964738,-0.35759914914966534
-0.9176261879568439,-0.174754276537851,-0.35696375447308853
-0.9196758433048889,-0.1649427239673525,-0.3563569012263846
-0.9216094338500181,-0.15510505450909276,-0.3557786861299878
-0.923426645385476,-0.14524270984023677,-0.3552292018266393
-0.9251271802703667,-0.13535713575073732,-0.3547085368670409
-0.9267107574774243,-0.12544978194938972,-0.35421677569599824
-0.928177112638832,-0.11552210186939306,-0.3537539986390525
-0.929525998090092,-0.10557555247343572,-0.35332028188960146
-0.9307571829119449,-0.09561159405831923,-0.3529156974965093
-0.9318704529703384,-0.0856316900591379,-0.35254031335220676
-0.9328656109544442,-0.07563730685302894,-0.3521941931812793
-0.9337424764127236,-0.06562991356250909,-0.35187739652954675
-0.934500885787041,-0.05561098185841292,-0.35158997875363146
-0.935140692444825,-0.04558198576244775,-0.35133199101101664
-0.9356617667092768,-0.035544401449380945,-0.35110348025059523
-0.9360639958876242,-0.02549970704887366,-0.35090448920370837
-0.936347284297423,-0.015449382446976571,-0.350735056375675
-0.9365115532909033,-0.005394909087301604,-0.350595216037811
-0.9365567412773605,0.004662230228115323,-0.35048499821994
-0.9364828037435914,0.014720551538246467,-0.3504044287033944
-0.9362897132723731,0.02477856992278496,-0.3503535290145074
-0.935977459558986,0.03483479970212389,-0.3503323164185968
-0.935546049425778,0.04488775463758782,-0.3503408039144393
-0.9349955068347704,0.05493594813190261,-0.3503790002292373
-0.9343258728983044,0.06497789342989005,-0.3504469098140767
-0.9335372058877266,0.07501210381937327,-0.3505445328398773
-0.9326295812401142,0.08503709283227959,-0.3506718651938354
-0.9316030915630351,0.09505137444592694,-0.350828898476359
-0.9304578466373467,0.10505346328448077,-0.3510156199984954
-0.9291939734180277,0.11504187482056803,-0.35123201277985244
-0.9278116160330442,0.1250151255770345,-0.35147805554701333
-0.926310935780247,0.13497173332883286,-0.35175372273244493
-0.9246921111222999,0.14491021730502807,-0.3520589844739003
-0.9229553376796359,0.15482909839090706,-0.3523938066143164
-0.9211008282214411,0.16472689933017928,-0.35275815070220595
-0.9191288126546627,0.17460214492725615,-0.35315197399254544
-0.91703953801104,0.18445336224959502,-0.35357522944815883
-0.9148332684321565,0.1942790808300962,-0.35402786574159767
-0.912510285152511,0.20407783286953957,-0.3545098272575185
-0.9100708864806022,0.21384815343904698,-0.3550210540955575
-0.9075153877780309,0.22358858068255985,-0.3555614820737036
-0.9048441214366097,0.2332976560193171,-0.3561310427321696
-0.9020574368534819,0.2429739243463213,-0.35672966333776424
-0.8991557004042466,0.2526159342407809,-0.3573572668887626
-0.896139295414084,0.2622222381625142,-0.35801377212027885
-0.8930086221268808,0.271791392656305,-0.3586990935101399
-0.8897640976723517,0.2813219585541927,-0.35941314128526136
-0.88640615603115,0.2908125011776889,-0.3601558214285273
-0.8829352479979706,0.30026159053990426,-0.36092703568617446
-0.8793518411426337,0.30966780154757345,-0.36172668157567966
-0.8756564197691504,0.31902971420296616,-0.36255465239415585
-0.8718494848727655,0.32834591380566974,-0.36341083722725354
-0.8679315540949694,0.3376149911542315,-0.36429512095857075
-0.8639031616764804,0.34683554274764583,-0.36520738427957206
-0.8597648584081875,0.35600617098667603,-0.36614750370001853
-0.8555172115800513,0.36512548437499287,-0.367115351558908
-0.8511608049279585,0.3741920977201205,-0.3681107960359295
-0.8466962385785222,0.3832046323341741,-0.3691337011634302
-0.842124128991826,0.3921617162343762,-0.3701839268388988
-0.8374451089021027,0.4010619843433359,-0.37126132883796464
-0.8326598272563448,0.4099040786890811,-0.3723657588279161
-0.827768949150839,0.41868664860482496,-0.37349706438173735
-0.8227731557656194,0.42740835092845486,-0.3746550889926664
-0.8176731442968317,0.43606785020172933,-0.3758396720892762
-0.8124696278870049,0.44466381886916706,-0.37705064905107993
-0.8071633355532187,0.45319493747661294,-0.37828785122466035
-0.8017550121131659,0.4616598948694693,-0.37955110594033026
-0.7962454181090962,0.4700573883905708,-0.3808402365293178
-0.7906353297296393,0.4783861240776937,-0.38215506234148744
-0.7849255387294969,0.48664481686067984,-0.3834953987635897
-0.779116852346996,0.49483219075816054,-0.38486105723804864
-0.7732100932194979,0.5029469790738633,-0.38625184528228523
-0.7672060992966503,0.510987924592485,-0.38766756650857853
-0.76110572375148,0.5189537797751158,-0.38910802064446914
-0.7549098348893114,0.526843306954193,-0.3905730035537052
-0.7486193160545082,0.534655278527972,-0.39206230725773306
-0.7422350655350244,0.5423884771544917,-0.39357571995773544
-0.7357579964647586,0.5500416959450182,-0.39511302605721904
-0.7291890367237013,0.5576137386569493,-0.3966740061851547
-0.7225291288358656,0.5651034198861575,-0.39825843721967075
-0.7157792298649923,0.5725095652587535,-0.3998660923123033
-0.7089403113080193,0.5798310116222521,-0.40149674091280557
-0.702013358986305,0.5870666072361153,-0.40315014879451805
-0.6949993729345972,0.5942152119616563,-0.40482607808030446
-0.6878993672877349,0.6012756974512804,-0.4065242872690517
-0.6807143701650746,0.6082469473370422,-0.40824453126274096
-0.6734454235526305,0.6151278574184953,-0.4099865613940896
-0.6660935831829156,0.6219173358498118,-0.4117501254547674
-0.6586599184124781,0.6286143033261498,-0.4135349677241903
-0.6511455120971157,0.6352176932692419,-0.415340828998894
-0.6435514604647622,0.6417264520121825,-0.41716744662248967
-0.6358788729860336,0.6481395389833869,-0.4190145545162057
-0.6281288722424218,0.6544559268896974,-0.42088188321001707
-0.6203025937921248,0.6606746018986084,-0.42276915987436625
-0.612401186033506,0.6667945638195846,-0.42467610835247754
-0.6044258100661647,0.6728148262844431,-0.4266024491932687
-0.5963776395496133,0.6787344169267724,-0.42854789968486107
-0.5882578605595452,0.684552377560357,-0.4305121738886942
-0.5800676714416855,0.690267764356577,-0.43249498267424313
-0.571808282663211,0.6958796480207556,-0.43449603375434714
-0.5634809166617303,0.7013871139674174,-0.4365150317211465
-0.5550868076918106,0.7067892624944295,-0.43855167808263545
-0.5466272016690452,0.7120852089559887,-0.4406056712998315
-0.5381033560116436,0.7172740839344232,-0.4426767068245635
-0.5295165394795412,0.7223550334107712,-0.44476447713788375
-0.5208680320110125,0.727327218934103,-0.4468686717891044
-0.5121591245567805,0.7321898177895473,-0.44898897743546207
-0.5033911189116121,0.7369420231649851,-0.45112507788241357
-0.49456532754338856,0.7415830443163736,-0.45327665412456486
-0.48568307341964234,0.746112106731657,-0.45544338438723525
-0.4767456898315517,0.7505284522932275,-0.45762494416866156
-0.46775452021538294,0.7548313394388919,-0.45982100628284217
-0.4587109179713734,0.7590200433213018,-0.462031240903025
-0.44961624628004604,0.7630938559658059,-0.464255315605841
-0.4404718779159484,0.767052086426675,-0.46649289541608524
-0.43127919505880963,0.7708940609416594,-0.46874364285214853
-0.4220395891021081,0.7746191230848269,-0.47100721797210054
-0.4127544604590437,0.7782266339176376,-0.47328327842042656
-0.40342521836591116,0.7817159721382033,-0.47557147947542106
-0.39405328068286666,0.7850865342286825,-0.4778714740972367
-0.38464007369208686,0.788337734600761,-0.4801829129765929
-0.3751870318933157,0.7914690057391641,-0.48250544458414474
-0.36569559779679583,0.7944797983431474,-0.48483871522051125
-0.3561672217135848,0.797369581465912,-0.48718236906696727
-0.3466033615432537,0.8001378426518878,-0.48953604823679686
-0.33700548255897034,0.8027840880718297,-0.4918993928273102
-0.3273750571899652,0.8053078426556657,-0.4942720409725242
-0.31771356480138635,0.8077086502230413,-0.4966536288965056
-0.3080224914715435,0.8099860736114972,-0.49904379096737905
-0.29830332976654705,0.812139694802221,-0.5014421597519959
-0.28855757851234826,0.8141691150433089,-0.5038483660712668
-0.2787867425641867,0.8160739549704757,-0.5062620390561551
-0.26899233257345395,0.8178538547251469,-0.5086828062043289
-0.2591758647519828,0.8195084740698674,-0.5111102934374726
-0.24933886063377414,0.8210374925009619,-0.5135441251592547
-0.23948284683417276,0.8224406093583769,-0.5159839243139478
-0.22960935480650846,0.8237175439326371,-0.518429312445702
-0.2197199205962158,0.8248680355688455,-0.5208799097584648
-0.20981608459245304,0.8258918437676593,-0.5233353351765472
-0.1998993912772371,0.8267887482831644,-0.525795206405829
-0.18997138897211793,0.8275585492175834,-0.5282591399956018
-0.18003362958241387,0.8282010671127371,-0.5307267514010443
-0.1700876683390347,0.8287161430381891,-0.5331976550463237
-0.1601350635379178,0.8291036386760001,-0.5356714643883169
-0.15017737627710886,0.8293634364020105,-0.53814779198095
-0.14021617019151644,0.8294954393635825,-0.5406262495401429
-0.13025301118537558,0.8294995715537189,-0.5431064480093559
-0.12028946716245634,0.8293757778814844,-0.5455879976257314
-0.11032710775405498,0.8291240242386517,-0.5480705079868179
-0.10036750404480897,0.8287442975624933,-0.5505535881178734
-0.09041222829637918,0.8282366058946392,-0.5530368465397323
-0.08046285366904533,0.8276009784359264,-0.555519891337233
-0.07052095394126241,0.826837465597155,-0.5580023302281883
-0.060588103227229996,0.8259461390456773,-0.5604837706328929
-0.05066587569252807,0.8249270917477387,-0.5629638197441532
-0.04075584526787546,0.8237804380064903,-0.565442084597827
-0.030859585361071373,0.8225063134955976,-0.5679181721438615
-0.020978668567181287,0.8211048752883637,-0.5703916893178136
-0.011114666377033292,0.8195763018822926,-0.5728622431128382
-0.0012691488840926714,0.8179207932190108,-0.5753294406521314
0.00855631551021397,0.8161385706994747,-0.5777928892618085
0.018360160392650635,0.8142298771943851,-0.5802521965442035
0.028140821635722665,0.8121949770497348,-0.5827069704515705
0.03789673769654583,0.8100341560874142,-0.5851568193601695
0.04762634991695004,0.8077477216008034,-0.5876013521447166
0.05732810282473127,0.8053360023452777,-0.5900401782531798
0.06700044443596133,0.8027993485235558,-0.5924729077818987
0.0766418265582629,0.8001381317658254,-0.594899151551007
0.08625070509495342,0.7973527451045738,-0.5973185211801357
0.09582554034995822,0.7944436029440628,-0.5997306291643734
0.10536479733339067,0.7914111410243821,-0.6021350889504605
0.11486694606769357,0.7882558163800222,-0.604531515013193
0.12433046189423276,0.7849781072929053,-0.6069195229320069
0.1337538257802313,0.7815785132398215,-0.6092987294677233
0.143135524625929,0.7780575548342133,-0.6116687526394209
0.15247405157184954,0.7744157737622612,-0.6140292118014121
0.16176790630605392,0.7706537327132167,-0.6163797277202923
0.17101559537125705,0.7667720153039468,-0.6187199226520338
0.1802156324716795,0.762771225997639,-0.6210494204190928
0.18936653877950685,0.7586519900166375,-0.6233678464875015
0.19846684324082195,0.7544149532493684,-0.6256748280439101
0.20751508288087833,0.7500607821513294,-0.6279699940725497
0.21650980310857482,0.7455901636401163,-0.6302529754320806
0.22544955801999342,0.7410038049844594,-0.6325234049322941
0.2343329107008584,0.7363024336872577,-0.6347809174106332
0.24315843352777142,0.7314867973625936,-0.6370251498084958
0.2519247084680782,0.7265576636067193,-0.6392557412472877
0.2606303273782183,0.7215158198630113,-0.6414723331041875
0.26927389230040766,0.7163620732808931,-0.6436745690875856
0.27785401575750446,0.7110972505687309,-0.645862095312165
0.28636932104590396,0.705722197840714,-0.6480345603735808
0.29481844252630984,0.7002377804577347,-0.6501916154227049
0.3032000259122275,0.6946448828622899,-0.6523329142393939
0.31151272855602286,0.6889444084074302,-0.6544581133057469
0.31975521973239196,0.6831372791797911,-0.6565668718788072
0.3279261809190832,0.6772244358167397,-0.658658852062677
0.3360243060747173,0.6712068373176882,-0.6607337188799973
0.3440483019135473,0.6650854608496155,-0.6627911403427623
0.3519968881770034,0.6588613015468604,-0.6648307875224218
0.3598687979018655,0.6525353723052426,-0.6668523346192354
0.36766277768491024,0.6461087035705831,-0.6688554590308408
0.37537758794387693,0.6395823431216953,-0.6708398414199913
0.38301200317460127,0.6329573558479281,-0.6728051657814308
0.39056481220416545,0.6262348235213484,-0.6747511195078603
0.39803481843991434,0.6194158445636524,-0.6766773934549624
0.4054208401141926,0.6125015338079063,-0.6785836820054434
0.41272171052465695,0.6054930222552215,-0.680469683132055
0.4199362782700204,0.598391456826472,-0.6823350984595593
0.4270634074810922,0.5911980001091736,-0.6841796333255998
0.4341019780469746,0.5839138300996453,-0.6860029968404414
0.4410508858362851,0.5765401399405818,-0.6878049019455462
0.4479090429132769,0.5690781376541718,-0.6895850654709481
0.45467537774872896,0.5615290458708995,-0.6913432081913932
0.4613488354254899,0.5538941015541758,-0.6930790548812139
0.46792837783855573,0.5461745557209509,-0.694792334367903
0.4744129838895726,0.5383716731584585,-0.6964827795843586
0.4808016496756581,0.5304867321372579,-0.6981501276197684
0.4870933886724389,0.5225210241207353,-0.6997941197691064
0.49328723191121115,0.5144758534712331,-0.7014145015812129
0.4993822281501338,0.5063525371529857,-0.7030110229054322
0.5053774440393691,0.4981524044320334,-0.7045834379367841
0.5112719642800975,0.4898767965733008,-0.7061315052596446
0.5170648917773288,0.48152706653502175,-0.7076549878899151
0.5227553477864546,0.4731045786607016,-0.709153653315657
0.5283424720534735,0.4646107083688056,-0.7106272735361776
0.5338254229488483,0.4560468418403693,-0.7120756250995457
0.5392033775949437,0.4474143757047257,-0.7134984891385231
0.5444755319870139,0.4387147167235482,-0.7148956514048993
0.5496411011077045,0.4299492814734082,-0.7162669023022146
0.5546993190350535,0.4211194960270495,-0.7176120369168649
0.5596494390439718,0.41222679563358,-0.7189308550475757
0.5644907337011984,0.4032726243977849,-0.7202231612332429
0.5692224949537308,0.3942584349587621,-0.7214887647791318
0.5738440342107379,0.3851856881680852,-0.7227274797814348
0.578354682418973,0.37605585276769077,-0.723939125150184
0.5827537901317085,0.36687040506769925,-0.725123524630522
0.5870407275712232,0.35763082862435946,-0.7262805068223318
0.5912148846848831,0.3483386139183229,-0.7274099051982329
0.5952756711948579,0.338995258033439,-0.7285115581199476
0.5992225166415297,0.32960226433626644,-0.7295853088530484
0.6030548704206528,0.32016114215649183,-0.7306310055800948
0.6067722018143314,0.3106734064684412,-0.7316485014121761
0.6103740000158921,0.30114057757387086,-0.7326376543988681
0.6138597741487302,0.2915641807862163,-0.7335983275366246
0.6172290532792184,0.28194574611647427,-0.7345303887756208
0.6204813864237734,0.2722868079608915,-0.7354337110250664
0.6236163425501792,0.26258890479062474,-0.7363081721570105
0.6266335105732744,0.2528535788435342,-0.7371536550086628
0.629532499345115,0.24308237581826503,-0.737970047383253
0.6323129376397314,0.2332768445707697,-0.7387572420494557
0.6349744741326019,0.223438536813411,-0.7395151367394095
0.6375167773749691,0.21356900681678734,-0.740243634145357
0.639939535763132,0.20366981111440902,-0.7409426419149381
0.6422424575028518,0.1937425082103514,-0.7416120726451664
0.6444252705690089,0.1837886582900015,-0.7422518438751236
0.6464877226606561,0.17380982293400885,-0.7428618780774036
0.6484295811516159,0.16380756483554432,-0.7434421026483429
0.6502506330367688,0.15378344752096182,-0.7439924498970734
0.6519506848741892,0.1437390350739518,-0.7445128570334331
0.6535295627232793,0.13367589186326717,-0.7450032661547731
0.6549871120790597,0.12359558227409435,-0.7454636242316999
0.6563231978027734,0.1134996704431353,-0.7458938830927906
0.6575377040489613,0.10338971999745726,-0.7462939994083219
0.6586305341891705,0.09326729379716102,-0.7466639346730509
0.6596016107324519,0.08313395368190879,-0.7470036551880918
0.660450875242809,0.07299126022134639,-0.7473131320419223
0.6611782882537554,0.06284077246944654,-0.7475923410905688
0.6617838291801412,0.05268404772279192,-0.7478412629370034
0.6622674962274023,0.042522641282809824,-0.7480598829097982
0.6626293062983907,0.03235810622196236,-0.7482481910410755
0.6628692948979377,0.02219199315388931,-0.7484061820437944
0.6629875160353035,0.012025850007493238,-0.7485338552884137
0.6629840421246603,0.0018612218049499024,-0.7486312147789722
0.6628589638837558,-0.00830034955638,-0.7486982691286229
0.6626123902308997,-0.01845732551816806,-0.7487350315346614
0.6622444481804151,-0.028608171071501143,-0.7487415197530864
0.6617552827366877,-0.03875135496347283,-0.7487177560727285
0.6611450567869479,-0.04888534990003215,-0.7486637672889848
0.6604139509929116,-0.059008632745143494,-0.7485795846771945
0.6595621636814064,-0.06911968471631756,-0.7484652439656893
0.6585899107340978,-0.07921699157657765,-0.7483207853085532
0.6574974254764353,-0.08929904382293068,-0.7481462532581246
0.6562849585659246,-0.09936433687141662,-0.74794169673727
0.65495277787983,-0.1094113712388143,-0.7477071690114631
0.6535011684024092,-0.11943865272108492,-0.7474427276606938
0.6519304321117722,-0.12944469256863897,-0.7471484345512401
0.650240887866452,-0.13942800765851443,-0.7468243558073248
0.6484328712917741,-0.1493871206635577,-0.746470561782685
0.6465067346660976,-0.1593205602187012,-0.7460871270320776
0.6444628468070022,-0.16922686108443288,-0.7456741302827428
0.6423015929574866,-0.17910456430755656,-0.7452316544058469
0.6400233746722405,-0.18895221737934176,-0.7447597863879245
0.6376286097040403,-0.1987683743911635,-0.7442586173023373
0.6351177318903236,-0.20855159618773458,-0.7437282422807671
0.6324911910399806,-0.21830045051803149,-0.7431687604847579
0.6297494528204048,-0.22801351218401736,-0.7425802750773212
0.6268929986448305,-0.23768936318726372,-0.7419628931946163
0.6239223255599885,-0.24732659287357367,-0.7413167259177182
0.620837946134098,-0.25692379807570787,-0.7406418882444792
0.6176403883452138,-0.2664795832543145,-0.7399384990614968
0.6143301954699358,-0.2759925606371626,-0.7392066811161901
0.6109079259724919,-0.28546135035677705,-0.7384465609889952
0.6073741533941914,-0.2948845805865718,-0.7376582690656771
0.6037294662432461,-0.30426088767557624,-0.7368419395097674
0.5999744678849523,-0.31358891628184743,-0.7359977102351236
0.5961097764322199,-0.32286731950465863,-0.7351257228786147
0.5921360246364303,-0.3320947590155516,-0.7342261227729285
0.5880538597786074,-0.3412699051883383,-0.7332990589195003
0.583863943560867,-0.3503914372281339,-0.7323446839615589
0.5795669519981285,-0.35945804329950054,-0.7313631541572858
0.5751635753100454,-0.3684684206537777,-0.7303546293530813
0.5706545178131274,-0.377421275755672,-0.7293192729569322
0.566040497813011,-0.38631532440917615,-0.7282572519118721
0.561322247496839,-0.39514929188288045,-0.727168736669527
0.5565005128257048,-0.40392191303474223,-0.7260539011637372
0.551576053427116,-0.4126319324363691,-0.7249129227842439
0.5465496424874267,-0.42127810449686953,-0.7237459823504314
0.5414220666441896,-0.4298591935863246,-0.722553264085112
0.5361941258783746,-0.43837397415892293,-0.7213349555883437
0.5308666334064002,-0.4468212308758052,-0.7200912478112654
0.5254404155719221,-0.4551997587276543,-0.7188223350299371
0.5199163117373239,-0.4635083631570656,-0.7175284148191735
0.514295174174848,-0.4717458601807292,-0.7162096880263534
0.5085778679573163,-0.4799110765114483,-0.7148663587451948
0.5027652708483722,-0.488002849680018,-0.7134986342894742
0.4968582731921931,-0.49602002815698093,-0.7121067251666846
0.49085777780261014,-0.5039614714742756,-0.7106908450516064
0.4847646998515746,-0.5118260503467864,-0.7092512107597855
0.4785799667569158,-0.5196126467938039,-0.7077880422208948
0.4723045180693279,-0.5273201542603947,-0.7063015624519697
0.46593930535853006,-0.5349474777386837,-0.7047919975304993
0.45948529209854116,-0.5424935338890413,-0.7032595765673569
0.4529434535520125,-0.5499572511611697,-0.7017045316795569
0.44631477665356334,-0.5573375699150743,-0.7001270979628197
0.43960025989206436,-0.5646334425419065,-0.698527513463933
0.43280091319181563,-0.5718438335846598,-0.6969060191528915
0.42591775779256846,-0.578967719858698,-0.6952628588948006
0.4189518261283392,-0.5860040905720888,-0.6935982794215317
0.4119041617049674,-0.5929519474457197,-0.6919125303031133
0.40477581897637205,-0.5998103048331616,-0.6902058639188438
0.39756786321945864,-0.6065781898402497,-0.6884785354281133
0.39028137040763744,-0.6132546424443474,-0.6867308027409227
0.38291742708290805,-0.6198387156132518,-0.6849629264880839
0.37547713022647455,-0.6263294754237049,-0.6831751699910923
0.36796158712785276,-0.6327260011794658,-0.681367799231659
0.3603719152524354,-0.6390273855289004,-0.6795410828208914
0.3527092421074834,-0.6452327345820431,-0.6776952919681111
0.3449747051065128,-0.651341168027082,-0.6758307004492999
0.3371694514320499,-0.6573518192462187,-0.6739475845751637
0.32929463789673047,-0.6632638354308525,-0.6720462231588066
0.3213514308027182,-0.669076377696036,-0.6701268974830046
0.31334100579942503,-0.6747886211941481,-0.668189891267075
0.3052645477395135,-0.6803997552277331,-0.6662354906333281
0.29712325053316613,-0.685908983361447,-0.6642639840731028
0.28891831700061066,-0.6913155235330587,-0.6622756624123732
0.28065095872288814,-0.6966186081634441,-0.6602708187769242
0.2723223958908594,-0.7018174842655235,-0.6582497485570914
0.2639338571524413,-0.7069114135520767,-0.6562127493720613
0.2554865794580724,-0.7118996725423837,-0.6541601210337276
0.24698180790440669,-0.7167815526676304,-0.6520921655101001
0.238420795576236,-0.7215563603750209,-0.6500091868882683
0.22980480338664822,-0.72622341723054,-0.6479114913369117
0.22113509991542546,-0.7307820600203055,-0.6457993870683632
0.21241296124569198,-0.7352316408504564,-0.6436731843002175
0.2036396707988235,-0.7395715272455151,-0.6415331952164932
0.19481651916763038,-0.7438011022451699,-0.6393797339283429
0.18594480394783086,-0.7479197644994215,-0.6372131164343158
0.17702582956783133,-0.7519269283620352,-0.6350336605801744
0.16806090711683444,-0.7558220239822473,-0.6328416860182695
0.15905135417129485,-0.7596044973946693,-0.6306375141664737
0.14999849461974793,-0.7632738106073375,-0.6284214681666785
0.14090365848603595,-0.7668294416878552,-0.6261938728428625
0.1317681817509587,-0.7702708848475769,-0.623955054658729
0.12259340617237866,-0.7735976505237843,-0.621705341674925
0.11338067910380983,-0.7768092654598043,-0.6194450635058434
0.10413135331152357,-0.779905272783022,-0.6171745512760153
0.0948467867902046,-0.7828852320807415,-0.614894137576101
0.08552834257719275,-0.7857487194738508,-0.6126041564184839
0.07617738856534656,-0.7884953276882438,-0.6103049431924777
0.06679529731456714,-0.7911246661239605,-0.607996834619154
0.0573834458620211,-0.7936363609220016,-0.6056801687057973
0.04794321553110313,-0.7960300550287793,-0.6033552846999989
0.03847599173917962,-0.7983054082581668,-0.601022523043395
0.028983163804155585,-0.8004620973511062,-0.5986822253250633
0.019466124749908713,-0.8024998160327452,-0.5963347342345835
0.009926271110634738,-0.804418275067065,-0.5939803935147743
0.0003650027341492775,-0.8062172023089687,-0.5916195479141168
-0.00921627741580778,-0.8078963427537998,-0.5892525431388732
-0.018816163458218786,-0.8094554585842642,-0.586879725804915
-0.02843324679433839,-0.810894329214722,-0.5845014433892686
-0.03806611630809926,-0.8122127513328329,-0.5821180441813912
-0.047713358567325205,-0.8134105389385232,-0.5797298772341882
-0.05737355802570283,-0.8144875233802573,-0.5773372923147839
-0.06704529722546249,-0.8154435533885881,-0.574940639855057
-0.07672715700071919,-0.8162784951069737,-0.5725402709019527
-0.08641771668142362,-0.8169922321198357,-0.570136537067585
-0.09611555429787319,-0.8175846654778485,-0.5677297904791393
-0.10581924678573326,-0.8180557137204421,-0.5653203837285883
-0.11552737019151837,-0.8184053128955077,-0.5629086698222353
-0.12523849987848248,-0.8186334165762916,-0.5604950021300951
-0.13495121073286945,-0.8187399958754729,-0.5580797343351249
-0.14466407737047188,-0.8187250394564084,-0.5556632203823219
-0.1543756743434496,-0.818588553541548,-0.5532458144276932
-0.16408457634735735,-0.8183305619180058,-0.5508278707871174
-0.17378935842833168,-0.8179511059402882,-0.5484097438851067
-0.18348859619038804,-0.8174502445301762,-0.545991788203482
-0.19318086600277856,-0.8168280541737569,-0.5435743582299762
-0.20286474520736195,-0.8160846289156087,-0.5411578084067766
-0.21253881232593627,-0.8152200803501388,-0.5387424930790161
-0.22220164726748776,-0.8142345376100766,-0.5363287664432329
-0.2318518315353058,-0.813128147352126,-0.5339169824958031
-0.2414879484339192,-0.811901073739783,-0.5315074949813638
-0.2511085832758054,-0.8105534984233241,-0.5291006573412365
-0.2607123235878264,-0.8090856205169724,-0.5266968226618635
-0.27029775931734673,-0.8074976565732503,-0.5242963436232707
-0.2798634830379867,-0.8057898405545296,-0.5218995724475659
-0.28940809015496727,-0.8039624238017876,-0.5195068608474861
-0.2989301791100027,-0.8020156750005816,-0.5171185599750056
-0.3084283515856966,-0.7999498801442544,-0.5147350203700183
-0.31790121270940025,-0.7977653424943869,-0.5123565919090984
-0.3273473712564885,-0.7954623825385061,-0.5099836237543616
-0.3367654398530147,-0.7930413379450705,-0.5076164643024278
-0.34615403517770216,-0.7905025635157458,-0.505255461133503
-0.35551177816323215,-0.787846431134986,-0.5029009609605876
-0.3648372941967904,-0.7850733297169445,-0.5005533095788244
-0.3741292133198311,-0.7821836651497243,-0.49821285181499325
-0.38338617042702394,-0.7791778602369945,-0.49587993147716697
-0.3926068054643428,-0.7760563546369894,-0.4935548913045345
-0.4017897636262644,-0.7728196047989109,-0.49123807291740534
-0.4109336955520364,-0.7694680838967544,-0.48892981676740044
-0.4200372575209846,-0.7660022817605843,-0.4866304620878442
-0.4290991116468213,-0.7624227048052752,-0.48434034684436233
-0.438117926070924,-0.7587298759567466,-0.4820598076856984
-0.4470923751545506,-0.7549243345757113,-0.47978917989475567
-0.45602113966995955,-0.7510066363789631,-0.4775287973398746
-0.4649029069904035,-0.7469773533582272,-0.4752789924263542
-0.4737363712789665,-0.742837073696597,-0.473040096048225
-0.4825202336762148,-0.7385864016825842,-0.4708124375402839
-0.49125320248663296,-0.7342259576218061,-0.4685963446303961
-0.4999339933638161,-0.7297563777463366,-0.4663921433920753
-0.5085613294943918,-0.7251783141217439,-0.46420015819734695
-0.517133941780645,-0.7204924345518472,-0.4620207116699042
-0.5256505690218184,-0.7156994224812113,-0.4598541246385631
-0.534109958094066,-0.7107999768954126,-0.45770071609102403
-0.5425108641290325,-0.7057948122190976,-0.4555608031279462
-0.5508520506910363,-0.7006846582118658,-0.4534347009173438
-0.5591322899528327,-0.6954702598620002,-0.4513227226493072
-0.5673503628699347,-0.6901523772780754,-0.4492251794910593
-0.5755050593534696,-0.68473178557847,-0.44714238054235
-0.583595178441551,-0.6792092747788089,-0.4450746327911972
-0.5916195284691445,-0.673585649677367,-0.4430222410699793
-0.5995769272364084,-0.6678617297384589,-0.44098550801188513
-0.6074662021754913,-0.6620383489738425,-0.43896473400772656
-0.6152861905157642,-0.6561163558221655,-0.43696021716311956
-0.6230357394474741,-0.6500966130264825,-0.43497225325603867
-0.6307137062837989,-0.643979997509868,-0.43300113569475107
-0.6383189586212872,-0.6377674002491579,-0.4310471554761332
-0.645850374498668,-0.6314597261468409,-0.4291106011443752
-0.6533068425540136,-0.6250578939011323,-0.4271917587500796
-0.6606872621802409,-0.6185628358742569,-0.4252909118097576
-0.6679905436789383,-0.6119754979589656,-0.423408341265725
-0.6752156084125023,-0.6052968394433171,-0.4215443254464063
-0.6823613889545702,-0.5985278328737499,-0.41969914002704645
-0.6894268292387397,-0.5916694639164702,-0.41787305799083835
-0.6964108847055571,-0.5847227312171878,-0.41606634959046607
-0.7033125224477689,-0.57768864625922,-0.41427928231006983
-0.7101307213538195,-0.5705682332199982,-0.41251212082763566
-0.7168644722495884,-0.563362528825996,-0.41076512697781203
-0.7235127780383537,-0.5560725822061119,-0.40903855971515823
-0.730074653838974,-0.548699454743528,-0.4073326750778259
-0.7365491271222767,-0.5412442199260749,-0.40564772615167854
-0.7429352378456465,-0.5337079631951257,-0.4039839630348501
-0.7492320385858022,-0.5260917817930472,-0.4023416328027464
-0.7554385946697558,-0.5183967846092319,-0.4007209794734913
-0.7615539843039449,-0.5106240920247385,-0.399122243973821
-0.7675772987015312,-0.502774835755564,-0.39754566410542835
-0.7735076422078568,-0.49485015869457466,-0.3959914745117585
-0.7793441324240531,-0.4868512147521179,-0.3944599066452603
-0.7850859003287939,-0.47877916869534365,-0.39295118873509344
-0.7907320903981881,-0.4706351959862555,-0.39146554575529446
-0.7962818607238051,-0.462420482618519,-0.3900031993934032
-0.8017343831288269,-0.4541362249530491,-0.3885643680195508
-0.8070888432823229,-0.44578362955240225,-0.3871492666560132
-0.8123444408116406,-0.43736391301399496,-0.38575810694722856
-0.8175003894129101,-0.4288783018021747,-0.38439109713028347
-0.8225559169596542,-0.42032803207916253,-0.38304844200586596
-0.8275102656095024,-0.4117143495348941,-0.38173034290969027
-0.832362691909006,-0.40303850921578027,-0.38043699768439265
-0.8371124668965455,-0.3943017753524087,-0.3791686006518983
-0.8417588762033326,-0.38550542118621084,-0.3779253425862642
-0.8463012201524989,-0.3766507287951141,-0.3767074106869959
-0.8507388138562724,-0.3677389889182034,-0.3755149885528412
-0.8550709873112335,-0.3587715007794106,-0.3743482561560582
-0.8592970854916537,-0.34974957191025724,-0.3732073898171654
-0.8634164684409089,-0.34067451797166665,-0.37209256218016734
-0.8674285113609698,-0.33154766257487184,-0.37100394218826166
-0.8713326046999632,-0.3223703371014346,-0.369941695060026
-0.8751281542378045,-0.31314388052240044,-0.3689059822660863
-0.8788145811698991,-0.3038696392166071,-0.3678969615062673
-0.8823913221889093,-0.29454896678816744,-0.36691478668722494
-0.8858578295645877,-0.28518322388314615,-0.3659596079005625
-0.8892135712216738,-0.2757737780054511,-0.3650315714014304
-0.8924580308158522,-0.26632200333195694,-0.3641308195876102
-0.8955907078077721,-0.25682928052688087,-0.3632574909790833
-0.8986111175351267,-0.24729699655542978,-0.3624117201980846
-0.9015187912827904,-0.2377265444967376,-0.36159363794964244
-0.9043132763510155,-0.22811932335610993,-0.3608033710026038
-0.9069941361216817,-0.21847673787659605,-0.3600410421711466
-0.9095609501226061,-0.20880019834990632,-0.35930677029677843
-0.9120133140899044,-0.19909112042669072,-0.35860067023082154
-0.9143508400284085,-0.18935092492619895,-0.35792285281738706
-0.9165731562701369,-0.17958103764533828,-0.3572734248768343
-0.9186799075308184,-0.16978288916714618,-0.35665248918972026
-0.9206707549644683,-0.15995791466869583,-0.35606014448123546
-0.9225453762160157,-0.1501075537284506,-0.35549648540612927
-0.9243034654719842,-0.14023325013308502,-0.3549616025341226
-0.9259447335092205,-0.13033645168378802,-0.3544555823358105
-0.9274689077416771,-0.1204186100020656,-0.35397850716905216
-0.9288757322652433,-0.11048118033505885,-0.3535304552658516
-0.9301649679006245,-0.10052562136039332,-0.35311150071972586
-0.9313363922342742,-0.09055339499057577,-0.35272171347356385
-0.9323897996573723,-0.08056596617695402,-0.35236115930797357
-0.933325001402853,-0.07056480271325555,-0.35202989983011956
-0.9341418255804805,-0.06055137503872014,-0.3517279924630504
-0.9348401172099731,-0.050527156040842,-0.35145549043551505
-0.9354197382521735,-0.04049362085773644,-0.3512124427722703
-0.9358805676382671,-0.030452246680145924,-0.35099889428487757
-0.9362225012970455,-0.0204045125531007,-0.35081488556299023
-0.9364454521802171,-0.010351899177248368,-0.35066045296613185
-0.9365493502857617,-0.00029588870986720176,-0.3505356286159643
-0.9365341426793301,0.009762035434422488,-0.3504404403890473
-0.9363997935136892,0.019820388783234492,-0.350374911910088
-0.9361462840462079,0.029877686006266255,-0.3503390625456828
-0.9357736126543879,0.03993244111540766,-0.35033290739854933
-0.9352817948494343,0.049983167665095155,-0.3503564573022508
-0.9346708632878692,0.06002837895289724,-0.35040971881641164
-0.9339408677811835,0.07006658822031771,-0.3504926942224251
-0.9330918753035281,0.08009630885380285,-0.35060538151965304
-0.9321239699974436,0.09011605458593902,-0.3507477744221181
-0.931037253177626,0.1001243396968273,-0.35091986235568895
-0.9298318433327281,0.11011967921562153,-0.3511216304557578
-0.928507876125195,0.12010058912221674,-0.351353059565412
-0.9270655043891324,0.13006558654907455,-0.35161412623409916
-0.9255048981262047,0.1400131899831719,-0.35190480271678565
-0.9238262444995653,0.14994191946806154,-0.35222505697361023
-0.9220297478258115,0.159850296806029,-0.3525748526700325
-0.9201156295649673,0.16973684576033496,-0.3529541491774763
-0.91808412830849,0.17960009225752885,-0.3533629015744683
-0.915935499765297,0.18943856458982156,-0.3538010606482742
-0.913670016745814,0.19925079361750386,-0.35426857289703045
-0.9112879691440404,0.2090353129713981,-0.35476538053237416
-0.9087896639176272,0.2187906592553294,-0.35529142148256937
-0.9061754250659704,0.22851537224860546,-0.3558466293961338
-0.9034455936063116,0.2382079951084898,-0.3564309336459631
-0.9006005275478466,0.24786707457265764,-0.3570442593339559
-0.8976406018638358,0.2574911611616201,-0.3576865272961384
-0.8945662084617175,0.26707880938110556,-0.3583576541082918
-0.8913777561512164,0.2766285779243831,-0.35905755209207924
-0.8880756706104466,0.2861390298745179,-0.3597861293216783
-0.8846603943500047,0.29560873290654294,-0.360543289630916
-0.8811323866750488,0.30503625948953655,-0.3613289326209076
-0.877492123645361,0.31442018708859104,-0.36214295366820287
-0.873740098033386,0.32375909836665984,-0.36298524393343684
-0.8698768192802463,0.333051581386271,-0.36385569037049015
-0.8659028134497249,0.3422962298110926,-0.3647541757361563
-0.8618186231802138,0.35149164310733744,-0.3656805786003198
-0.8576248076346235,0.3606364267449936,-0.3666347733566446
-0.8533219424482447,0.36972919239886737,-0.367616630233775
-0.8489106196745642,0.378768558149425,-0.36862601530704964
-0.8443914477290219,0.3877531486834199,-0.3696627905107307
-0.8397650513307089,0.39668159549429033,-0.3707268136507478
-0.8350320714419983,0.4055525370823158,-0.37181793841796074
-0.830193165206104,0.4143646191545152,-0.37293601440194024
-0.8252490058825601,0.42311649482427544,-0.374080887105269
-0.8202002827806169,0.4318068248106938,-0.37525239795836496
-0.8150477011905432,0.44043427763762005,-0.376450384334827
-0.8097919823128337,0.44899752983238456,-0.37767467956730727
-0.8044338631853091,0.45749526612419567,-0.37892511296390846
-0.7989740966081051,0.46592617964219274,-0.3802015098251105
-0.7934134510665425,0.4742889721131372,-0.3815036914612271
-0.7877527106518697,0.48258235405872896,-0.3828314752103949
-0.7819926749798729,0.490805044992529,-0.38418467445709564
-0.7761341591073414,0.4989557736164742,-0.38556309865121435
-0.7701779934463852,0.507033278016966,-0.3869665533276358
-0.7641250236765929,0.5150363058605185,-0.38839484012638076
-0.757976110655023,0.5229636145889459,-0.38984775681328326
-0.7517321303240201,0.5308139716140735,-0.39132509730121334
-0.7453939736168469,0.5385861545119547,-0.3928266516718444
-0.7389625463611218,0.5462789512165747,-0.39435220619797023
-0.7324387691800565,0.553891160213023,-0.39590154336637223
-0.72582357739148,0.561421590730115,-0.3974744419012395
-0.7191179209046423,0.5688690629324442,-0.3990706767881445
-0.7123227641147867,0.5762324081118455,-0.40069001929857667
-0.7054390857954822,0.5835104688782469,-0.40233223701503573
-0.698467878988705,0.5907020993498923,-0.40399709385668825
-0.6914101508926589,0.5978061653429115,-0.4056843501055893
-0.6842669227473246,0.6048215445602176,-0.4073937624334713
-0.6770392297177286,0.6117471267797073,-0.4091250839291052
-0.6697281207749188,0.6185818140417447,-0.4108780641262322
-0.6623346585746387,0.6253245208359011,-0.41265244903207304
-0.6548599193336867,0.6319741742869316,-0.41444798115641523
-0.6473049927039537,0.6385297143399601,-0.4162643995412814
-0.6396709816441217,0.64499009394485,-0.4181014397911821
-0.6319590022890202,0.6513542792397341,-0.4199588341039544
-0.6241701838166234,0.657621249733677,-0.42183631130219196
-0.6163056683126779,0.663789998488444,-0.4237335968652653
-0.6083666106329538,0.669859532299349,-0.4256504129619394
-0.6003541782631026,0.6758288718751507,-0.42758647848358816
-0.5922695511761136,0.681697052016972,-0.42954150907801086
-0.5841139216873585,0.687463121796208,-0.4315152171838515
-0.5758884943072108,0.693126144731397,-0.4335073120656261
-0.5675944855912296,0.6986851989640188,-0.43551749984935967
-0.5592331239878979,0.7041393774331914,-0.43754548355883444
-0.5508056496839034,0.7094877880492307,-0.43959096315245505
-0.5423133144469507,0.7147295538660418,-0.4416536355607319
-0.5337573814660965,0.7198638132523036,-0.44373319472438455
-0.5251391251895934,0.7248897200614163,-0.4458293316330702
-0.5164598311602354,0.7298064438001702,-0.44794173436473866
-0.5077207958481943,0.7346131697961021,-0.45007008812561594
-0.4989233264813352,0.7393090993634982,-0.45221407529082097
-0.49006874087300406,0.7438934499680077,-0.454373375445617
-0.4811583672472766,0.7483654553898235,-0.456547665427299
-0.47219354406166003,0.7527243658853898,-0.4587366193677227
-0.4631756198272385,0.7569694483475965,-0.46093990873647406
-0.45410595292625405,0.7610999864644138,-0.46315720238468494
-0.4449859114271177,0.7651152808759255,-0.4653881665894944
-0.4358168728968392,0.7690146493297146,-0.46763246509915923
-0.42660022421087174,0.7727974268345542,-0.46988975917881615
-0.4173373613603653,0.7764629658123579,-0.4721597076568957
-0.4080296892568209,0.7800106362483398,-0.4744419669721919
-0.3986786215341433,0.783439825839336,-0.47673619122158784
-0.3892855803480857,0.7867499401402347,-0.47904203220843916
-0.3798519961730847,0.7899404027084655,-0.4813591394916173
-0.37037930759648113,0.7930106552464933,-0.48368716043521215
-0.3608689611101261,0.7959601577422636,-0.4860257402588976
-0.35132241089936966,0.7987883886075443,-0.4883745220889574
-0.3417411186294331,0.8014948448141066,-0.4907331470099762
-0.3321265532291653,0.8040790420276893,-0.4931012541171925
-0.32248019067218425,0.8065405147396854,-0.495478480569515
-0.31280351375540777,0.8088788163964948,-0.4978644616432028
-0.30309801187497587,0.81109351952648,-0.5002588307862088
-0.29336518079957163,0.8131842158644623,-0.5026612196731854
-0.2836065224411455,0.8151505164736981,-0.5050712582611521
-0.273823544623052,0.8169920518652698,-0.5074885748458223
-0.26401776084560613,0.8187084721148254,-0.5099127961185916
-0.25419069004907263,0.8202994469766027,-0.5123435472241806
-0.2443438563740973,0.8217646659946677,-0.5147804518189347
-0.23447878891959584,0.8231038386113045,-0.5172231321297757
-0.2245970214981142,0.8243166942724792,-0.5196712090138031
-0.21470009238867835,0.8254029825303173,-0.522124302018542
-0.20478954408715122,0.8263624731425154,-0.524582029442834
-0.19486692305411704,0.8271949561686187,-0.527044008398367
-0.1849337794603163,0.8279002420630929,-0.5295098548718385
-0.1749916669296546,0.8284781617651132,-0.531979183787749
-0.16504214227981198,0.8289285667849995,-0.5344516090718195
-0.15508676526048104,0.8292513292872191,-0.5369267437150256
-0.14512709828926385,0.8294463421698844,-0.5394041998382452
-0.13516470618526114,0.8295135191406672,-0.5418835887575099
-0.1252011559003875,0.8294527947890528,-0.5443645210498537
-0.11523801624845059,0.8292641246548565,-0.5468466066197506
-0.10527685763203402,0.828947485292926,-0.5493294547661349
-0.09531925176722517,0.8285028743339468,-0.5518126742499895
-0.08536677140623351,0.827930310541279,-0.5542958733625006
-0.07542099005794599,0.8272298338637406,-0.5567786599937603
-0.06548348170646939,0.8264015054842611,-0.5592606417020113
-0.05555582052771231,0.8254454078643253,-0.5617414257834208
-0.045639580604061966,0.8243616447841308,-0.5642206193423703
-0.03573633563721372,0.8231503413783771,-0.5666978293622501
-0.025847658659214526,0.8218116441676093,-0.5691726627767426
-0.015975121741783803,0.8203457210850396,-0.5716447265415835
-0.0061202957039787585,0.8187527614987663,-0.5741136277067809
0.003715250181726209,0.8170329762293156,-0.5765789734892819
0.013529948484873268,0.8151865975624271,-0.5790403713460661
0.023322233913892196,0.813213879257011,-0.5814974290476522
0.03309054361432979,0.8111150965481982,-0.5839497547519952
0.04283331746835559,0.8088905461454141,-0.5863969570787599
0.052548998395458804,0.8065405462253991,-0.5888386451839493
0.06223603265424805,0.8040654364201095,-0.591274428834867
0.07189287014526233,0.8014655777994251,-0.593703918485393
0.08151796471469888,0.7987413528485986,-0.5961267253515512
0.0911097744589596,0.7958931654403784,-0.5985424614873468
0.10066676202991554,0.7929214408017432,-0.6009507398608476
0.11018739494078493,0.7898266254751835,-0.6033511744304869
0.11967014587251767,0.7866091872744717,-0.6057433802215634
0.1291134929805758,0.7832696152348638,-0.6081269734029098
0.13851592020199643,0.7798084195576762,-0.6105015713637053
0.14787591756262095,0.7762261315491865,-0.6128667927904057
0.1571919814843704,0.7725233035538082,-0.6152222577437589
0.1664626150924452,0.7687005088814949,-0.6175675877358812
0.1756863285223233,0.7647583417293284,-0.6199024058073611
0.18486163922642943,0.7606974170972525,-0.6222263366043632
0.1939870722803442,0.7565183706979159,-0.6245390064556987
0.20306116068841878,0.752221858860593,-0.6268400434498312
0.21208244568866105,0.7478085584291514,-0.629129077511786
0.2210494770567526,0.7432791666540443,-0.6314057404799277
0.22996081340905733,0.7386344010783064,-0.6336696661825753
0.23881502250447856,0.7338749994175365,-0.6359204905144167
0.24761068154501825,0.7290017194338569,-0.6381578515126894
0.2563463774748935,0.7240153388038421,-0.6403813894330919
0.26502070727805954,0.7189166549804136,-0.6425907468253883
0.2736322782739901,0.7137064850487068,-0.64478556860867
0.2821797084115631,0.7083856655759146,-0.646965502146238
0.29066162656089833,0.7029550524551232,-0.6491301973200662
0.299076672802993,0.6974155207431576,-0.6512793066048098
0.30742349871699975,0.6917679644924619,-0.6534124851413193
0.31570076766499283,0.6860132965770429,-0.6555293908096208
0.32390715507406376,0.6801524485125128,-0.657629684301325
0.3320413487155918,0.6741863702702726,-0.6597130291914249
0.3401020489815321,0.668116030085882,-0.6617790920094444
0.3480879691575649,0.6619424142616696,-0.6638275423098944
0.3559978356929498,0.6556665269636412,-0.6658580527420034
0.36383038846693033,0.6492893900127538,-0.6678702991186755
0.3715843810515335,0.6428120426706208,-0.6698639604846441
0.3792585809706118,0.6362355414197324,-0.6718387191837769
0.38685176995497594,0.6295609597382688,-0.6737942609254939
0.39436274419346673,0.6227893878695968,-0.6757302748502625
0.4017903145798215,0.6159219325865494,-0.6776464535941277
0.409133306955184,0.6089597169505826,-0.6795424933522417
0.4163905623461186,0.6019038800659234,-0.6814180939413552
0.42356093719798693,0.594755576828819,-0.6832729588612313
0.4306433036035483,0.5875159776720086,-0.6851067953549477
0.43763654952665154,0.5801862683045417,-0.6869193144680509
0.4445395790208855,0.5727676494470744,-0.6887102311065281
0.451351312443063,0.5652613365627815,-0.6904792640935588
0.45807068666141537,0.5576685595840265,-0.6922261362250175
0.4646966552583786,0.5499905626349336,-0.6939505743236941
0.4712281887278582,0.5422286037500212,-0.6956523092921956
0.4776642746668645,0.5343839545890481,-0.6973310761645063
0.4840039179614132,0.5264579001482387,-0.6989866141561718
0.49024614096659475,0.5184517384680541,-0.7006186667130804
0.4963899836807207,0.5103667803376802,-0.7022269815588149
0.5024345039134571,0.5022043489964083,-0.7038113107405507
0.5083787774478696,0.49396577983208867,-0.7053714106734735
0.5142218981963002,0.4856524200768402,-0.7069070421836966
0.5199629783500133,0.47726562850020277,-0.7084179705496538
0.5256011485225468,0.4688067750999231,-0.7099039655419527
0.5311355578867144,0.46027724079056453,-0.7113648014616645
0.5365653743052134,0.4516784170901383,-0.7128002571770394
0.5418897844547946,0.4430117058049515,-0.7142101161586297
0.5471079939439666,0.43427851871287276,-0.715594166512809
0.5522192274242027,0.4254802772452126,-0.7169522010136755
0.5572227286946378,0.416618412167425,-0.7182840171333313
0.5621177608002399,0.4076943632588273,-0.719589417070529
0.5669036061234574,0.39870957899154547,-0.7208682077776801
0.5715795664693426,0.3896655162088832,-0.722120200986223
0.5761449631441676,0.3805636398033215,-0.7233452132303452
0.5805991370275481,0.3714054223943463,-0.7245430658690647
0.5849414486381047,0.36219234400630745,-0.7257135851066675
0.5891712781926983,0.35292589174650596,-0.726856602011508
0.5932880256592759,0.34360755948370764,-0.7279719525331788
0.5972911108033828,0.3342388475272778,-0.7290594775180543
0.6011799732283946,0.32482126230712893,-0.7301190227232203
0.6049540724095334,0.31535631605467035,-0.7311504388288008
0.6086128877217408,0.30584552648494506,-0.7321535814486947
0.6121559184614844,0.2962904164801384,-0.7331283111397369
0.6155826838625811,0.2866925137746324,-0.7340744934093023
0.6188927231061327,0.2770533506417839,-0.7349919987213716
0.6220855953246672,0.26737446358259154,-0.7358807025010752
0.6251608796005903,0.2576573930164174,-0.7367404851377449
0.6281181749590579,0.2479036829739225,-0.7375712319864891
0.6309571003553825,0.23811488079236653,-0.7383728333683228
0.6336772946570962,0.22829253681342135,-0.739145184568875
0.6362784166207928,0.2184382040836378,-0.7398881858357058
0.6387601448638801,0.20855343805770013,-0.7406017423742589
0.6411221778313771,0.1986397963045967,-0.7412857643424839
0.6433642337578945,0.18869883821682742,-0.7419401668441581
0.6454860506249388,0.1787321247227614,-0.7425648699209426
0.6474873861136878,0.16874121800225286,-0.7431597985432074
0.6493680175533849,0.15872768120561362,-0.7437248825996586
0.6511277418655019,0.148693078176035,-0.7442600568858093
0.6527663755038267,0.13863897317554266,-0.7447652610913245
0.6542837543906295,0.12856693061456217,-0.7452404397862834
0.6556797338490634,0.11847851478516405,-0.7456855424063974
0.6569541885319605,0.10837528959804943,-0.7461005232372193
0.6581070123471793,0.0982588183233301,-0.7464853413973865
0.6591381183796653,0.08813066333514893,-0.7468399608209386
0.6600474388103836,0.07799238586017848,-0.7471643502387477
0.6608349248322811,0.06784554573002861,-0.7474584831591038
0.66150054656344,0.05769170113758515,-0.7477223378474939
0.6620442929575778,0.04753240839729584,-0.747955897305619
0.6624661717120505,0.03736922170941033,-0.7481591492496854
0.6627662091735151,0.027203692928175326,-0.7483320860880135
0.6629444502414018,0.017037371333978108,-0.7484747048980038
0.6630009582693481,0.006871803409424347,-0.7485870074024986
0.6629358149647411,-0.0032914673806699515,-0.7486689999455812
0.6627491202865134,-0.01345090080539979,-0.7487206934678485
0.6624409923413342,-0.023604960080039344,-0.7487421034811974
0.6620115672783322,-0.033752112074496854,-0.7487332500431625
0.6614609991824866,-0.0438908275180019,-0.7486941577308397
0.6607894599668147,-0.05401958120007674,-0.748624855614435
0.6599971392634831,-0.06413685216784845,-0.7485253772304705
0.6590842443139626,-0.07424112391976408,-0.7483957605546837
0.6580509998583455,-0.0843308845957759,-0.7482360479746523
0.6568976480239358,-0.09440462716406796,-0.7480462862621768
0.6556244482132215,-0.10446084960440037,-0.7478265265454521
0.6542316769913257,-0.11449805508815046,-0.7475768242810559
0.65271962797304,-0.12451475215513491,-0.7472972392257862
0.6510886117095275,-0.13450945488729932,-0.7469878354083699
0.6493389555747812,-0.14448068307936526,-0.7466486811010735
0.6474710036519175,-0.15442696240652695,-0.7462798487912372
0.6454851166193833,-0.16434682458929345,-0.7458814151527555
0.6433816716371399,-0.17423880755557178,-0.7454534610175287
0.6411610622328914,-0.1841014556000913,-0.7449960713469019
0.6388236981884133,-0.19393331954126825,-0.7445093352031145
0.6363700054260332,-0.20373295687561205,-0.7439933457207737
0.6338004258953098,-0.21349893192977556,-0.7434482000783708
0.6311154174599516,-0.22322981601035113,-0.7428739994698537
0.6283154537850089,-0.23292418755151523,-0.7422708490762688
0.6254010242243707,-0.24258063226062415,-0.7416388580374844
0.6223726337085878,-0.252197743261863,-0.7409781394240047
0.6192308026330421,-0.2617741212380479,-0.7402888102088849
0.6159760667464788,-0.27130837457068374,-0.7395709912397532
0.6126089770399028,-0.28079911947837516,-0.738824807210947
0.6091300996358504,-0.2902449801536874,-0.7380503866357665
0.6055400156780304,-0.2996445888985549,-0.7372478618188504
0.601839321221328,-0.30899658625833004,-0.7364173688286756
0.5980286271221659,-0.3182996211545637,-0.7355590474701802
0.5941085589292027,-0.32755235101660674,-0.7346730412575105
0.590079756774351,-0.33675344191211903,-0.7337594973868917
0.5859428752640944,-0.34590156867657035,-0.7328185667096148
0.581698583371073,-0.3549954150418126,-0.7318504037051413
0.57734756432591,-0.36403367376380175,-0.7308551664543184
0.5728905155092444,-0.37301504674954405,-0.7298330166126961
0.5683281483439334,-0.3819382451833369,-0.7287841193839432
0.563661188187383,-0.3908019896523722,-0.7277086434933524
0.5588903742239669,-0.3996050102717653,-0.7266067611614255
0.554016459357486,-0.40834604680907133,-0.7254786480775288
0.5490402101036225,-0.4170238488083419,-0.7243244833736103
0.5439624064823368,-0.4256371757137777,-0.723144449597965
0.5387838419101612,-0.4341847969930245,-0.7219387326890371
0.5335053230923273,-0.4426654922601548,-0.7207075219492484
0.5281276699146842,-0.45107805139837975,-0.7194510100188387
0.5226517153353409,-0.4594212746825233,-0.7181693928497032
0.517078305275983,-0.46769397290129366,-0.7168628696792165
0.5114082985128028,-0.4758949674793795,-0.7155316430040257
0.5056425665669844,-0.4840230905993949,-0.7141759185537991
0.4997819935946847,-0.4920771853236938,-0.7127959052649179
0.49382747627645324,-0.5000561057160697,-0.711391815254089
0.4877799237060275,-0.5079587169633534,-0.7099638637918735
0.4816402572784472,-0.515783895496916,-0.7085122692761062
0.4754094105774294,-0.5235305291140838,-0.7070372532051962
0.469088329261943,-0.5311975170994643,-0.7055390401512899
0.4626779709519268,-0.5387837703461811,-0.7040178577332834
0.45617930511309424,-0.5462882114770112,-0.7024739365896666
0.44959331294076676,-0.5537097749654135,-0.7009075103511854
0.44292098724268275,-0.5610474072564389,-0.6993188156133046
0.43616333232072774,-0.5683000668875002,-0.6977080919084581
0.42932136385153163,-0.5754667246089858,-0.6960755816780722
0.4223961087658845,-0.5825463635046932,-0.6944215302443444
0.4153886051269204,-0.5895379791120551,-0.6927461857817664
0.40829990200702015,-0.5964405795421316,-0.6910497992883756
0.4011310593633895,-0.6032531855993346,-0.6893326245567228
0.3938831479122674,-0.6099748309008528,-0.6875949181445417
0.3865572490017219,-0.6166045619957388,-0.6858369393451069
0.3791544544829951,-0.6231414384836195,-0.684058950157271
0.37167586658035756,-0.6295845331329899,-0.6822612152551657
0.364122597759438,-0.6359329319990468,-0.6804440019575558
0.35649577059399457,-0.6421857345410166,-0.678607580196839
0.34879651763109587,-0.6483420537389302,-0.6767522224876746
0.3410259812546844,-0.6544010162097983,-0.6748782038952386
0.33318531354749437,-0.6603617623231347,-0.6729858020030897
0.3252756761513021,-0.6662234463157768,-0.6710752968806426
0.31729824012548535,-0.6719852364059523,-0.6691469710502368
0.3092541858038749,-0.6776463149065356,-0.667201109453795
0.30114470264987964,-0.683205878337442,-0.6652379994190651
0.2929709891098734,-0.6886631375371003,-0.6632579306254389
0.28473425246483025,-0.6940173177729518,-0.6612611950693401
0.27643570868020056,-0.699267658850916,-0.6592480870291807
0.2680765822540197,-0.7044134152237648,-0.6572189030298777
0.2596581060632475,-0.7094538560983504,-0.6551739418069286
0.25118152120833487,-0.7143882655416269,-0.6531135042700409
0.2426480768560192,-0.7192159425854077,-0.6510378934663166
0.23405903008035198,-0.7239362013297999,-0.6489474145429848
0.22541564570196293,-0.7285483710452599,-0.6468423747096858
0.2167191961255699,-0.7330517962732106,-0.644723083200304
0.20797096117574396,-0.737445836925162,-0.6425898512343506
0.19917222793094116,-0.7417298683802797,-0.6404429919778952
0.1903242905558171,-0.7459032815813464,-0.6382828205040487
0.18142845013183914,-0.7499654831290543,-0.6361096537530012
0.1724860144862165,-0.75391589537458,-0.6339238104916128
0.1634982980191676,-0.757753956510384,-0.631725611272564
0.15446662152954788,-0.7614791206591804,-0.6295153783930691
0.14539231203886258,-0.7650908579610263,-0.6272934358531539
0.13627670261369063,-0.7685886546584775,-0.6250601093135053
0.12712113218654805,-0.7719720131797612,-0.6228157260528967
0.11792694537522018,-0.7752404522199134,-0.6205606149251932
0.10869549230059465,-0.778393506819837,-0.6182951063159466
0.09942812840302759,-0.7814307284432277,-0.6160195320985834
0.09012621425727821,-0.7843516850513285,-0.6137342255901922
0.08079111538604716,-0.7871559611754613,-0.6114395215069224
0.07142420207215602,-0.7898431579872985,-0.6091357559189966
0.062026849169406435,-0.7924128933668286,-0.6068232662053482
0.05260043591215911,-0.794864801967977,-0.604502391007893
0.04314634572367292,-0.7971985352818443,-0.6021734701854405
0.03366596602324659,-0.7994137616975214,-0.5998368447672585
0.02416068803220578,-0.8015101665604502,-0.597492856906298
0.014631906578779498,-0.803487452228291,-0.5951418498320881
0.005081019901910695,-0.8053453381242675,-0.5927841678033126
-0.004490570545953456,-0.8070835607879555,-0.5904201560600777
-0.014081460297045139,-0.8087018739234885,-0.5880501607758823
-0.023690242067386513,-0.8102000484451493,-0.5856745290093011
-0.0333155059567796,-0.8115778725203233,-0.5832936086553919
-0.04295583964962749,-0.8128351516097893,-0.58090774839684
-0.05260982861653814,-0.8139717085053209,-0.5785172976548476
-0.062276056316661846,-0.8149873833645822,-0.5761226065397848
-0.07195310440071308,-0.815882033743294,-0.5737240258016102
-0.0816395529146268,-0.8166555346246539,-0.5713219067800749
-0.09133398050379993,-0.8173077784459929,-0.5689166013547217
-0.10103496461786718,-0.8178386751226532,-0.566508461894692
-0.11074108171596174,-0.8182481520690742,-0.5640978412083528
-0.12045090747241025,-0.8185361542170745,-0.5616850924927549
-0.13016301698281207,-0.818702644031318,-0.5592705692829378
-0.13987598497045223,-0.8187476015219569,-0.5568546254010903
-0.14958838599299815,-0.818671024254443,-0.5544376149055825
-0.15929879464943053,-0.8184729273565008,-0.5520198920398782
-0.16900578578715791,-0.8181533435222579,-0.549601811181346
-0.17870793470926552,-0.8177123230135303,-0.5471837267899742
-0.18840381738184953,-0.8171499336582596,-0.5447659933570089
-0.19809201064138682,-0.8164662608461017,-0.5423489653535243
-0.20777109240209216,-0.8156614075211666,-0.5399329971789378
-0.21743964186321438,-0.8147354941719144,-0.5375184431094842
-0.22709623971622322,-0.8136886588182074,-0.5351056572466587
-0.23673946835183995,-0.8125210569955247,-0.532694993465645
-0.24636791206686393,-0.8112328617363438,-0.5302868053637355
-0.2559801572707491,-0.8098242635486975,-0.5278814462087605
-0.26557479269188444,-0.8082954703919123,-0.5254792688875365
-0.27515040958353254,-0.806646707649539,-0.5230806258543453
-0.2847056019293814,-0.8048782180994843,-0.5206858690794551
-0.2942389666486655,-0.8029902618813555,-0.5182953499976993
-0.30374910380081205,-0.8009831164610294,-0.5159094194571181
-0.31323461678957,-0.7988570765924597,-0.5135284276676805
-0.3226941125665771,-0.796612454276737,-0.511152724150095
-0.3321262018343277,-0.7942495787184133,-0.5087826576847195
-0.34152949924849507,-0.7917687962791126,-0.5064185762605846
-0.350902623619572,-0.789170470428437,-0.5040608270245373
-0.3602441981137871,-0.7864549816921935,-0.5017097562305184
-0.3695528504532596,-0.7836227275979513,-0.4993657091889851
-0.3788272131153539,-0.7806741226179558,-0.49702903021648487
-0.3880659235311957,-0.7776095981094154,-0.4947000625853951
-0.3972676242833143,-0.7744296022521803,-0.49237914847383724
-0.40643096330237366,-0.7711345999838376,-0.4900666289157745
-0.4155545940629572,-0.7677250729322396,-0.48776284375130335
-0.4246371757783736,-0.7642015193454924,-0.48546813157714863
-0.4336773735944467,-0.7605644540194233,-0.48318282969737164
-0.4426738587822591,-0.7568144082225517,-0.48090727407429934
-0.4516253089298161,-0.7529519296185874,-0.478641799279685
-0.46053040813259827,-0.7489775821864783,-0.4763867384461073
-0.46938784718297283,-0.7448919461380351,-0.47414242321861977
-0.47819632375843313,-0.740695617833155,-0.47190918370665424
-0.48695454260863646,-0.7363892096926694,-0.4696873484361905
-0.49566121574121397,-0.7319733501088442,-0.4674772443021983
-0.504315062606321,-0.7274486833535545,-0.46527919652136046
-0.512914810279905,-0.7228158694841624,-0.4630935285850831
-0.5214591936456634,-0.7180755842471238,-0.460920562212803
-0.5299469555756621,-0.7132285189793491,-0.45876061730559603
-0.5383768471095964,-0.7082753805073474,-0.4566140119000979
-0.5467476276326657,-0.7032168910441772,-0.45448106212274
-0.5550580650520389,-0.6980537880842359,-0.4523620821443097
-0.5633069359718893,-0.6927868242959101,-0.45025738413484095
-0.5714930258669747,-0.6874167674121179,-0.44816727821884084
-0.5796151292547452,-0.6819444001187674,-0.44609207243085974
-0.5876720498659538,-0.6763705199411641,-0.44403207267140876
-0.5956626008137502,-0.6706959391283875,-0.441987582663234
-0.6035856047612428,-0.6649214845356717,-0.43995890390794834
-0.6114398940875038,-0.6590479975048128,-0.43794633564303126
-0.6192243110520032,-0.6530763337426341,-0.4359501747991984
-0.6269377079574554,-0.6470073631975337,-0.43397071595814757
-0.6345789473110555,-0.6408419699341454,-0.4320082513106857
-0.6421469019840952,-0.6345810520061388,-0.43006307061524285
-0.6496404553699389,-0.6282255213271855,-0.4281354611567751
-0.6570585015403478,-0.6217763035401216,-0.42622570770606455
-0.6643999454001318,-0.6152343378843314,-0.4243340924794171
-0.6716637028401218,-0.6086005770613815,-0.4224608950987657
-0.6788487008884446,-0.6018759870989311,-0.4206063925521801
-0.6859538778600881,-0.5950615472129478,-0.41877085915478907
-0.6929781835047443,-0.5881582496682541,-0.4169545665101184
-0.699920579152919,-0.5811670996374324,-0.4151577834718473
-0.7067800378602953,-0.5740891150581158,-0.41338077610598833
-0.7135555445503398,-0.5669253264886907,-0.411623807653493
-0.7202460961551417,-0.5596767769624386,-0.4098871384932872
-0.7268507017544751,-0.5523445218401426,-0.40817102610573863
-0.7333683827130709,-0.5449296286611853,-0.40647572503656054
-0.7397981728160962,-0.5374331769931644,-0.40480148686115236
-0.7461391184028222,-0.529856258280053,-0.4031485601493837
-0.7523902784984831,-0.5221999756889266,-0.40151719043082046
-0.7585507249443089,-0.5144654439552873,-0.39990762016039755
-0.7646195425257285,-0.5066537892270071,-0.39832008868454166
-0.7705958290987359,-0.49876614890691695,-0.39675483220774405
-0.7764786957144096,-0.49080367149406573,-0.39521208375958655
-0.7822672667415826,-0.48276751642367505,-0.39369207316222454
-0.787960679987652,-0.4746588539058129,-0.3921950269983256
-0.7935580868175258,-0.4664788647628123,-0.3907211685794693
-0.7990586522706999,-0.45822874026545696,-0.38927071791500734
-0.8044615551764579,-0.4499096819679601,-0.3878438916813876
-0.8097659882671921,-0.4415229015417587,-0.38644090319194235
-0.8149711582898383,-0.43306962060814674,-0.3850619623671431
-0.8200762861154196,-0.4245510705697717,-0.38370727570532365
-0.8250806068466967,-0.4159684924410155,-0.38237704625387176
-0.8299833699239187,-0.40732313667728504,-0.3810714735808928
-0.8347838392286723,-0.3986162630032328,-0.3797907537473444
-0.839481293185822,-0.3898491402399313,-0.3785350792796443
-0.8440750248635445,-0.3810230461310228,-0.3773046391427535
-0.8485643420714466,-0.3721392671678666,-0.3760996187137344
-0.8529485674567691,-0.3631990984137047,-0.3749201997557852
-0.8572270385986703,-0.3542038433268686,-0.3737665603927526
-0.8613991081005897,-0.3451548135830481,-0.37263887508412186
-0.8654641436806865,-0.33605332889664197,-0.3715373146004875
-0.8694215282603509,-0.32690071684121214,-0.3704620459995029
-0.8732706600507892,-0.317698312669063,-0.36941323260231146
-0.8770109526376767,-0.30844745912996424,-0.3683910339704593
-0.8806418350638785,-0.299149506289038,-0.36739560588328996
-0.8841627519102366,-0.2898058113438311,-0.36642710031582193
-0.8875731633744212,-0.2804177384405908,-0.3654856654171101
-0.8908725453478441,-0.27098665848976433,-0.364571445489091
-0.8940603894906357,-0.26151394898074126,-0.36368458096591233
-0.8971362033046789,-0.25200099379585716,-0.3628252083937474
-0.9000995102047057,-0.2424491830236788,-0.36199346041109576
-0.9029498495874492,-0.2328599127715879,-0.36118946572956895
-0.9056867768988537,-0.22323458497768262,-0.3604133491151624
-0.9083098636993415,-0.21357460722201488,-0.35966523137001427
-0.910818697727134,-0.20388139253718182,-0.3589452293146511
-0.9132128829596279,-0.19415635921828936,-0.3582534557707209
-0.9154920396728257,-0.1844009306323035,-0.35759001954421227
-0.9176558044988187,-0.1746165350268101,-0.3569550254091635
-0.9197038304813243,-0.16480460533819774,-0.35634857409185816
-0.9216357871292726,-0.15496657899928135,-0.35577076225550847
-0.9234513604684483,-0.14510389774638457,-0.35522168248542885
-0.9251502530911806,-0.13521800742589593,-0.3547014232746958
-0.9267321842040861,-0.1253103578003162,-0.3542100690102987
-0.928196889673861,-0.1153824023538135,-0.35374769995977795
-0.9295441220711232,-0.10543559809730156,-0.3533143922583527
-0.9307736507123047,-0.09547140537305754,-0.3529102178965383
-0.9318852616995918,-0.08549128765889547,-0.3525352447082523
-0.9328787579589161,-0.07549671137191045,-0.35218953635941036
-0.9337539592759916,-0.06548914567180972,-0.3518731523370126
-0.9345107023304007,-0.0554700622638451,-0.35158614793871834
-0.935148840727729,-0.04544093520136302,-0.35132857426291153
-0.9356682450297445,-0.03540324068798648,-0.3511004781992563
-0.9360688027826259,-0.025358456879444137,-0.3509019024197428
-0.9363504185432354,-0.015308063685061194,-0.35073288537022307
-0.9365130139034376,-0.0052535425689268335,-0.3505934612624378
-0.9365565275124632,0.004803623649247371,-0.35048366006653325
-0.936480915097318,0.014861950993563623,-0.35040350750406984
-0.9362861494812341,0.024919954531654468,-0.3503530250415207
-0.9359722206001646,0.034976148574665515,-0.3503322298842625
-0.9355391355173213,0.045029046877490354,-0.35034113497105646
-0.9349869184357523,0.05507716283924374,-0.35037974896902246
-0.9343156107089619,0.0651190097039592,-0.35044807626910346
-0.9335252708495674,0.07515310076149731,-0.35054611698202304
-0.9326159745359972,0.08517794954865124,-0.35067386693473457
-0.9315878146172235,0.09519207005043573,-0.35083131766736364
-0.9304409011155336,0.10519397690154625,-0.3510184564306424
-0.9291753612273336,0.11518218558797494,-0.35123526618383816
-0.9277913393219865,0.12515521264877008,-0.35148172559317437
-0.9262889969386835,0.13511157587792585,-0.3517578090307466
-0.9246685127813422,0.14504979452638933,-0.35206348657393194
-0.9229300827115372,0.1549683895041712,-0.35239872400529293
-0.9210739197394551,0.16486588358254803,-0.3527634828129773
-0.9191002540128747,0.17474080159634223,-0.35315772019161235
-0.917009332804171,0.18459167064626722,-0.3535813890436958
-0.9148014204953387,0.19441702030132502,-0.35403443798148326
-0.9124767985610353,0.204215382801243,-0.3545168113293722
-0.9100357655496392,0.21398529325893714,-0.3550284491267835
-0.9074786370623216,0.22372528986298912,-0.3555692871315417
-0.9048057457301304,0.23343391408012457,-0.3561392568237538
-0.9020174411890803,0.24310971085767893,-0.3567382854101868
-0.8991140900532489,0.252751228826039,-0.3573662958291469
-0.8960960758858758,0.262357020501047,-0.3580232067558582
-0.8929637991684582,0.2719256424863539,-0.3587089326083436
-0.8897176772678445,0.2814556556757106,-0.3594233835538078
-0.8863581444013178,0.29094562545518177,-0.3601664655155248
-0.882885651599669,0.3003941219052717,-0.360938080180228
-0.8793006666682529,0.3097997200029485,-0.36173812500600583
-0.8756036741460259,0.3191609998235526,-0.3625664932307044
-0.8717951752625588,0.32847654674257765,-0.3634230738808361
-0.8678756878930223,0.3377449516373107,-0.3643077517809967
-0.8638457465111383,0.34696481108831795,-0.3652204075637918
-0.8597059021400962,0.3561347275807622,-0.3661609176802733
-0.8554567223014234,0.3652533097055409,-0.36712915441088784
-0.8510987909618123,0.3743191723602278,-0.36812498587693754
-0.8466327084778905,0.3833309369498087,-0.36914827605255474
-0.8420590915389365,0.3922872315871929,-0.3701988847771924
-0.8373785731075299,0.40118669129349116,-0.37127666776863094
-0.8325918023581316,0.4100279581980422,-0.37238147663650306
-0.8276994446135902,0.41880968173817706,-0.37351315889633835
-0.8227021812795648,0.4275305188587029,-0.3746715579841289
-0.8176007097768613,0.43618913421109634,-0.3758565132714172
-0.8123957434716723,0.44478420035238764,-0.377067860080909
-0.8070880116037179,0.4533143979437229,-0.3783054297026108
-0.8016782592122755,0.461778415948589,-0.3795690494104959
-0.796167247060096,0.4701749518306848,-0.3808585424796999
-0.7905557515551955,0.47850271175142456,-0.3821737282042463
-0.7848445646705184,0.4867604107670565,-0.3835144219153055
-0.77903449386146,0.4949467730253807,-0.38488043499998964
-0.773126361981245,0.5030605319620499,-0.3862715749206824
-0.7671210071941502,0.5111004304964372,-0.3876876452349099
-0.7610192828865656,0.5190652212270519,-0.38912844561574944
-0.7548220575758835,0.5269536666264889,-0.3905937718727847
-0.7485302148172085,0.5347645392358906,-0.392083415973603
-0.7421446531078782,0.542496621858906,-0.39359716606584266
-0.7356662857897863,0.5501487077551275,-0.3951348064997867
-0.729096040949499,0.5577196008329867,-0.39669611785151204
-0.7224348613161545,0.5652081158420891,-0.3982808769465895
-0.7156837041571362,0.5726130785649715,-0.399888856884343
-0.7088435411715117,0.579933326008256,-0.4015198270626662
-0.7019153583812233,0.5871677065931874,-0.40317355320340104
-0.6949001560200259,0.5943150803455258,-0.4048497973782806
-0.6877989484201565,0.6013743190847798,-0.4065483180354388
-0.6806127638967295,0.608344306612752,-0.40826887002648743
-0.6733426446298424,0.6152239389013799,-0.4100112046341674
-0.665989646544387,0.6220121242798453,-0.41177506960057314
-0.6585548391875516,0.6287077836209297,-0.4135602091559537
-0.6510393056040035,0.635309850526593,-0.4153663640480957
-0.6434441422087427,0.641817271512748,-0.41719327157228564
-0.6357704586576145,0.6482290061932093,-0.41904066560186104
-0.62801937771547,0.654544027462786,-0.4209082766193483
-0.6201920351219642,0.6607613216794941,-0.4227958317481908
-0.6122895794549807,0.6668798888458629,-0.4247030547850729
-0.6043131719916688,0.6728987427893032,-0.42662966623283854
-0.5962639865670869,0.6788169113415118,-0.4285753833340116
-0.5881432094304372,0.6846334365168828,-0.4305399201049171
-0.5799520390988816,0.6903473746898923,-0.43252298737040873
-0.5716916862089274,0.6959577967714311,-0.4345242927992046
-0.5633633733653728,0.701463788384047,-0.4365435409398342
-0.5549683349878006,0.7068644500360702,-0.4385804332571988
-0.5465078171546094,0.7121588972945846,-0.44063466816974994
-0.5379830774445695,0.7173462609572108,-0.44270594108728606
-0.5293953847758975,0.7224256872226701,-0.44479394444937365
-0.5207460192428347,0.7273963378600854,-0.4468983677643921
-0.5120362719497203,0.7322573903769919,-0.44901889764920777
-0.5032674448425528,0.7370080381860106,-0.4511552178694777
-0.4944408505380239,0.7416474907701524,-0.45330700938058793
-0.4855578121500195,0.7461749738467093,-0.4554739503692271
-0.47661966311357934,0.7505897295296947,-0.45765571629559915
-0.4676277470063027,0.7548910164907885,-0.4598519799362763
-0.4585834173671956,0.7590781101187459,-0.46206241142769644
-0.4494880375129486,0.7631503026772257,-0.4642866783103052
-0.44034298035164077,0.7671069034609949,-0.4665244455733468
-0.4311496281938589,0.7709472389504588,-0.46877537570030436
-0.42190937256122985,0.7746706529644779,-0.4710391287149922
-0.4126236139923561,0.7782765068114148,-0.47331536222830245
-0.40329376184615134,0.7817641794383693,-0.47560373148560664
-0.39392123410257246,0.7851330675785464,-0.4779038894148155
-0.38450745716074025,0.7883825858967098,-0.4802154866750953
-0.3750538656344498,0.7915121671326658,-0.4825381717062467
-0.3655619021450656,0.7945212622427251,-0.4848715907787427
-0.35603301711180063,0.797409340539089,-0.48721538804442915
-0.3464686685393783,0.8001758898271023,-0.4895692055878879
-0.33687032180307847,0.8028204165403174,-0.491932683478463
-0.3272394494311676,0.8053424458733119,-0.49430545982295004
-0.3175775308847159,0.8077415219121985,-0.49668717081894986
-0.3078860523348053,0.8100172077627705,-0.49907745080888427
-0.29816650643713183,0.8121690856762178,-0.5014759323346757
-0.2884203921040093,0.8141967571723542,-0.5038822461930884
-0.27864921427378053,0.81609984316029,-0.5062960214917306
-0.26885448367764386,0.8178779840564875,-0.5087168857057169
-0.25903771660390773,0.8195308399001318,-0.5111444647349889
-0.24920043465968042,0.821058090465751,-0.5135783829622906
-0.23934416453001084,0.8224594353730186,-0.5160182633118002
-0.2294704377344937,0.82373459419367,-0.5184637273084105
-0.21958079038135392,0.8248833065554586,-0.5209143951376591
-0.2096767629190308,0.8259053322430898,-0.5233698857063025
-0.199759899885278,0.8268004512960516,-0.5258298167035311
-0.18983174965380364,0.8275684641032766,-0.5282938046628217
-0.17989386417847153,0.8282091914945574,-0.5307614650244207
-0.16994779873509022,0.828722474828646,-0.5332324121984533
-0.15999511166081648,0.8291081760779574,-0.5357062596286567
-0.15003736409120202,0.8293661779098042,-0.5381826198567243
-0.1400761196949167,0.8294963837640874,-0.5406611045872612
-0.13011294440617965,0.8294987179273651,-0.5431413247533389
-0.12014940615493645,0.8293731256032206,-0.5456228905826447
-0.11018707459481925,0.8291195729788545,-0.5481054116642143
-0.10022752082893173,0.828738047287822,-0.5505884970157423
-0.09027231713350167,0.8282285568688348,-0.5530717551514592
-0.08032303667944718,0.827591131220554,-0.5555547941505644
-0.07038125325190495,0.8268258210522875,-0.5580372217262053
-0.06044854096777204,0.8259326983305206,-0.5605186452949918
-0.050526473991314734,0.8249118563211957,-0.5629986720470344
-0.04061662624790128,0.8237634096276646,-0.5654769090164894
-0.03072057113591802,0.8224874942242336,-0.5679529631526051
-0.020839881236931323,0.8210842674852246,-0.5704264413912479
-0.010976128024160507,0.8195539082094719,-0.572896950726898
-0.0011308815693301252,0.8178966166401795,-0.5753640982850976
0.008694289752027113,0.8161126144800607,-0.5778274913953367
0.018497819556742522,0.8142021449016852,-0.5802867376643563
0.028278143751581282,0.8121654725529579,-0.5827414450498571
0.038033700832129404,0.810002883557654,-0.5851912219345895
0.04776293218291429,0.8077146855109403,-0.587635677200809
0.057464282378672044,0.8053012074698086,-0.590074420305077
0.06713619948667164,0.8027627999383521,-0.5925070613533845
0.0767771353700026,0.8000998348478144,-0.5949332111765795
0.08638554599173058,0.7973127055313483,-0.5973524814060727
0.09595989171982056,0.7944018266934123,-0.5997644845498024
0.10549863763272561,0.7913676343737496,-0.6021688340684318
0.1150002538255353,0.7882105859058812,-0.6045651444517539
0.12446321571657516,0.7849311598700612,-0.6069530312952804
0.13388600435434447,0.7815298560406317,-0.609332111376988
0.14326710672467838,0.7780071953277287,-0.6117020027341917
0.15260501605801546,0.7743637197132857,-0.6140623247405241
0.1618982321366505,0.7705999921812883,-0.6164126981829835
0.17114526160184781,0.7667165966422338,-0.6187527453390289
0.1803446182606888,0.7627141378517575,-0.6210820900536876
0.18949482339252408,0.7585932413233811,-0.6234003578166463
0.19859440605489842,0.7543545532353599,-0.6257071758392919
0.2076419033888131,0.7499987403315861,-0.628002173131674
0.21663586092318865,0.7455264898165306,-0.6302849805793501
0.22557483287838867,0.7409385092441968,-0.6325552310200862
0.2344573824686622,0.7362355264010699,-0.6348125593203737
0.2432820822033613,0.7314182891830464,-0.6370566024517307
0.25204751418678706,0.726487565466336,-0.63928699956675
0.2607522704165169,0.721444142972331,-0.6415033920748594
0.26939495308006295,0.7162888291264446,-0.6437054237177576
0.27797417484971054,0.7110224509109222,-0.645892740644488
0.2864885591753853,0.7056458547116365,-0.6480649914861131
0.294936740575393,0.7001599061588838,-0.6502218274299523
0.30331736492487926,0.6945654899622015,-0.6523629022933439
0.3116290897418543,0.6888635097392342,-0.6544878725968937
0.31987058447062355,0.6830548878386807,-0.6565963976371704
0.32804053076247086,0.6771405651573607,-0.6586881395588102
0.3361376227534367,0.6711215009514432,-0.6607627634259896
0.34416056733903405,0.6649986726418905,-0.6628199372932276
0.3521080844457461,0.6587730756141691,-0.664859332275479
0.35997890729915144,0.6524457230122922,-0.6668806226174788
0.36777178268851946,0.6460176455272618,-0.6688834857622975
0.37548547122772413,0.6394898911799821,-0.670867602419068
0.3831187476123229,0.6328635250987281,-0.6728326566298465
0.39067040087264854,0.6261396292912518,-0.6747783358355677
0.39813923462276735,0.6193193024116203,-0.6767043309410553
0.40552406730515483,0.6124036595218859,-0.6786103363790492
0.4128237324309443,0.6053938318486891,-0.6804960501732139
0.4200370788156065,0.5982909665349084,-0.6823611740000872
0.42716297080992177,0.5910962263864713,-0.6842054132499359
0.43420028852610815,0.5838107896144512,-0.6860284770864803
0.44114792805897346,0.5764358495725763,-0.6878300785054525
0.44800480170196144,0.5689726144902851,-0.6896099343919544
0.4547698381579692,0.5614223072014697,-0.6913677655765803
0.46144198274481363,0.553786164869049,-0.6931032968902728
0.46802019759523283,0.5460654387055246,-0.6948162572178793
0.47450346185130876,0.5382613936896742,-0.6965063795503765
0.4808907718532082,0.5303753082795409,-0.6981734010357368
0.48718114132213847,0.5224084741218857,-0.6998170630284043
0.4933736015374246,0.5143621957582731,-0.7014371111373554
0.49946720150761803,0.50623779032796,-0.7030332952727154
0.5054610081355517,0.49803658726777095,-0.7046053696909099
0.5113541063772676,0.48975992800913637,-0.706153093038324
0.5171455993947418,0.48140916567248276,-0.7076762283934492
0.5228346087023459,0.47298566475916093,-0.7091745433074989
0.5284202743069858,0.4644908008411041,-0.7106478098434694
0.533901754841867,0.45592596024841003,-0.712095804613635
0.539278227693843,0.4472925397550442,-0.7135183088154569
0.544548889124311,0.4385919462628588,-0.7149151082658951
0.549712954383623,0.4298255964841326,-0.7162859934341091
0.5547696578189953,0.4209949166228275,-0.7176307594725392
0.5597182529758974,0.41210134205476756,-0.7189492062463584
0.5645580126929151,0.4031463170069401,-0.7202411383612896
0.5692882291900889,0.39413129423612403,-0.7215063651897818
0.5739082141507366,0.38505773470704624,-0.7227447008955447
0.5784172987967742,0.3759271072702692,-0.7239559644564377
0.582814833957559,0.36674088834000873,-0.7251399796857185
0.5871001901322884,0.3575005615720846,-0.7262965752516496
0.5912727575459893,0.3482076175421994,-0.7274255846954706
0.5953319461991464,0.338863553424743,-0.7285268464477429
0.599277185911022,0.329469872672315,-0.7296002038430739
0.603107926356729,0.32002808469615773,-0.7306455051332318
0.606823637098122,0.31053970454768437,-0.7316626034986643
0.6104238076085844,0.30100625260128944,-0.7326513570584352
0.6139079472917908,0.29142925423861826,-0.7336116288785931
0.617275585494533,0.281810239534475,-0.7345432869789932
0.6205262715137045,0.2721507429445364,-0.7354462043385888
0.6236595745975447,0.26245230299504174,-0.736320258899216
0.6266750839412468,0.2527164619746166,-0.7371653335678934
0.6295724086770449,0.2429447656283886,-0.7379813162176612
0.6323511778588948,0.23313876285454382,-0.7387680996869865
0.6350110404418746,0.22330000540346837,-0.7395255817777632
0.6375516652564295,0.2134300475796119,-0.7402536652519313
0.639972740977595,0.2035304459462056,-0.7409522578267528
0.6422739760893337,0.1936027590329576,-0.7416212721687699
0.6444550988441269,0.18364854704684389,-0.7422606258864808
0.6465158572179645,0.17366937158610526,-0.7428702415217668
0.6484560188608803,0.1636667953575531,-0.7434500465401066
0.6502753710431817,0.15364238189727955,-0.7439999733196119
0.6519737205975275,0.14359769529486097,-0.7445199591389218
0.653550893857006,0.13353429992113416,-0.7450099461639967
0.6550067365893746,0.12345376015961962,-0.7454698814338436
0.6563411139276114,0.1133576401416558,-0.7458997168452186
0.6575539102969432,0.10324750348530241,-0.7462994091363413
0.6586450293385071,0.09312491303806268,-0.7466689198696639
0.659614393829804,0.0829914306234655,-0.7470082154137334
0.6604619456021065,0.07284861679154288,-0.7473172669241888
0.6611876454549762,0.06269803057322829,-0.7475960503239322
0.6617914730680524,0.05254122923869534,-0.7478445462825174
0.6622734269102672,0.04237976805964801,-0.7480627401947924
0.6626335241466423,0.03221520007556637,-0.7482506221588409
0.6628718005428225,0.022049075863905046,-0.7484081869532592
0.6629883103674946,0.011882943314233573,-0.7485354340138117
0.6629831262928461,0.0017183474063018575,-0.7486323674095021
0.662856339293202,-0.008443170007993406,-0.7486989958181004
0.6626080585419911,-0.01860007041877183,-0.748735332501165
0.662238411307175,-0.02875081886849869,-0.7487413952785968
0.661747542845279,-0.03889388415852344,-0.7487172065027617
0.661135616294158,-0.04902773905187612,-0.7486627930322203
0.6604028125646211,-0.059150860472375895,-0.7485781862050989
0.6595493302310446,-0.06926172970011142,-0.7484634218121347
0.6585753854210872,-0.07935883256335749,-0.7483185400694331
0.6574812117046251,-0.08944065962699749,-0.7481435855909652
0.6562670599820156,-0.09950570637752519,-0.7479386073608392
0.6549331983717928,-0.10955247340470406,-0.7477036587053761
0.6534799120978961,-0.11957946657996583,-0.7474387972650182
0.6519075033765239,-0.129585197231633,-0.7471440849660971
0.6502162913027021,-0.13956818231705445,-0.7468195879924906
0.6484066117366499,-0.14952694459174498,-0.7464653767571906
0.6464788171900209,-0.15946001277562263,-0.7460815258738082
0.6444332767120885,-0.16936592171643944,-0.745668114128036
0.642270375775947,-0.17924321255050443,-0.7452252244490915
0.6399905161647823,-0.1890904328607973,-0.7447529438811585
0.6375941158582721,-0.19890613683257397,-0.7442513635548474
0.6350816089191618,-0.20868888540656558,-0.7437205786586882
0.63245344538006,-0.21843724642987267,-0.7431606884106738
0.629710091130492,-0.22814979480465783,-0.7425717960298654
0.6268520278042435,-0.2378251126347389,-0.7419540087080747
0.6238797526670187,-0.24746178937018445,-0.7413074375816328
0.6207937785044387,-0.2570584219500141,-0.7406321977032532
0.6175946335103928,-0.26661361494310387,-0.7399284080140011
0.6142828611757539,-0.27612598068739647,-0.7391961913153728
0.6108590201774663,-0.285594139427514,-0.7384356742414898
0.6073236842680036,-0.29501671945087127,-0.7376469872314156
0.6036774421651965,-0.30439235722238306,-0.7368302645015927
0.5999208974424184,-0.31371969751785816,-0.7359856440184053
0.5960546684191201,-0.32299739355617174,-0.7351132674708656
0.592079388051692,-0.332224107130302,-0.7342132802434234
0.5879957038246378,-0.34139850873731775,-0.733285831388896
0.583804277642031,-0.3505192777073985,-0.7323310736015168
0.5795057857192266,-0.359585102331966,-0.7313491631900945
0.5751009184747968,-0.3685946799910041,-0.7303402600512823
0.5705903804226542,-0.3775467172796385,-0.7293045276429453
0.5659748900643247,-0.38643993013404604,-0.7282421329576236
0.5612551797813281,-0.3952730439567596,-0.7271532464960785
0.5564319957276234,-0.4040447937414292,-0.7260380422409146
0.5515060977220715,-0.41275392419709866,-0.7248966976302685
0.5464782591408672,-0.4213991898720515,-0.7237293935315505
0.5413492668098906,-0.42997935527727654,-0.7225363142152313
0.5361199208969214,-0.4384931950095995,-0.7213176473286593
0.5307910348036688,-0.4469394938745231,-0.7200735838698955
0.525363435057557,-0.4553170470088136,-0.718804318161555
0.5198379612032088,-0.46362466000286895,-0.7175100478246388
0.514215465693574,-0.4718611490228979,-0.7161909737523445
0.508496813780641,-0.4800253409329371,-0.7148473000838388
0.5026828834056741,-0.48811607341672686,-0.7134792341779781
0.49677456508891743,-0.4961321950994663,-0.7120869865869633
0.49077276181870416,-0.5040725656694599,-0.7106707710299119
0.4846783889399158,-0.511936055999666,-0.7092308043663323
0.4784923740417283,-0.5197215482691554,-0.7077673065694846
0.4722156568445882,-0.5274279360844811,-0.7062805006996148
0.46584918908636075,-0.5350541246009586,-0.7047706128770425
0.45939393440759074,-0.5425990306438518,-0.7032378722550904
0.45285086823582327,-0.550061582829458,-0.7016825109928368
0.4462209776689234,-0.557440721686077,-0.7001047642276804
0.43950526135734513,-0.5647353997748524,-0.6985048700476966
0.4327047293852937,-0.5719445818104663,-0.6968830694637735
0.42582040315072983,-0.5790672447816629,-0.6952396063815147
0.41885331524416725,-0.5861023780715817,-0.6935747275728888
0.4118045093262125,-0.5930489835778681,-0.6918886826476172
0.40467504000380217,-0.5999060758325336,-0.6901817240242831
0.3974659727050914,-0.606672682121534,-0.6884541069011498
0.39017838355295154,-0.6133478426040265,-0.6867060892266736
0.3828133592370349,-0.6199306104312713,-0.6849379316697014
0.37537199688436873,-0.6264200518651362,-0.6831498975893371
0.367855403928441,-0.6328152463961627,-0.6813422530044702
0.3602646979767439,-0.6391152868611488,-0.6795152665629501
0.35260100667674193,-0.645319279560202,-0.6776692095103998
0.3448654675802375,-0.6514263443732173,-0.6758043556586557
0.3370592280061017,-0.6574356148757271,-0.6739209813538273
0.32918344490135065,-0.6633462384540756,-0.6720193654439641
0.3212392847005401,-0.6691573764198635,-0.6700997892463261
0.31322792318346165,-0.6748682041236105,-0.6681625365142438
0.30515054533112074,-0.6804779110675816,-0.6662078934035685
0.297008345179982,-0.6859857010177207,-0.6642361484386974
0.2888025256744694,-0.6913907921146372,-0.6622475924781774
0.2805342985177101,-0.6966924169835879,-0.6602425186798735
0.2722048840205152,-0.7018898228433961,-0.6582212224657027
0.26381551094859224,-0.7069822716142528,-0.6561840014859279
0.2553674163679855,-0.7119690400243396,-0.6541311555830073
0.24686184548874404,-0.7168494197152163,-0.6520629867549985
0.2383000515068206,-0.7216227173459153,-0.6499797991185141
0.2296832954442041,-0.7262882546956844,-0.6478818988712274
0.22101284598729348,-0.7308453687653191,-0.6457695942539272
0.21228997932352084,-0.7352934118770291,-0.6436431955121228
0.20351597897623702,-0.7396317517727795,-0.6415030148571972
0.19469213563786986,-0.7438597717110502,-0.6393493664271122
0.1858197470013738,-0.7479768705619588,-0.6371825662466639
0.17690011758998694,-0.7519824629006895,-0.6350029321872949
0.16793455858531486,-0.7558759790991735,-0.6328107839264605
0.15892438765376427,-0.7596568654159683,-0.6306064429065574
0.14987092877134833,-0.7633245840842807,-0.6283902322934161
0.1407755120468907,-0.7668786133980806,-0.6261624769343601
0.13163947354365457,-0.7703184477962595,-0.6239235033158401
0.12246415509942575,-0.7736435979447761,-0.6216736395206456
0.11325090414508075,-0.7768535908167459,-0.6194132151847018
0.10400107352167196,-0.7799479697704242,-0.6171425614534564
0.0947160212960635,-0.7829262946250362,-0.6148620109378646
0.08539711057515323,-0.78578814173441,-0.6125718976699779
0.07604570931871743,-0.7885331040583685,-0.6102725570581454
0.06666319015091599,-0.7911607912318352,-0.607964325841837
0.05725093017049741,-0.7936708296316177,-0.605647542046092
0.04781031075974392,-0.7960628624408235,-0.6033225449356083
0.03834271739219821,-0.7983365497108763,-0.600989674968477
0.028849539439214117,-0.800491568421089,-0.5986492737495722
0.019332169975375235,-0.802527612535766,-0.596301683983608
0.009792005582825095,-0.8044443930587941,-0.5939472494278716
0.0002304461545547814,-0.8062416380856972,-0.5915863148446401
-0.009351105303306429,-0.8079190928531166,-0.5892192259532982
-0.018951242870150577,-0.8094765197856965,-0.5868463293821592
-0.028568557910453443,-0.81091369854034,-0.5844679726200089
-0.038201639274192005,-0.8122304260478164,-0.5820845039673771
-0.0478490734980685,-0.8134265165516892,-0.579696272487551
-0.05750944500749239,-0.8145018016445511,-0.5773036279573434
-0.06718133631927098,-0.8154561303015355,-0.5749069208176243
-0.07686332824495924,-0.8162893689110946,-0.5725065021236306
-0.086554000094819,-0.8170014013030186,-0.5701027234950645
-0.09625192988233758,-0.8175921287736866,-0.567695937065994
-0.10595569452925581,-0.8180614701085297,-0.5652864954345667
-0.1156638700710553,-0.8184093616016966,-0.5628747516125499
-0.12537503186285417,-0.8186357570729094,-0.5604610589747095
-0.1350877547856621,-0.8187406278814998,-0.5580457712080402
-0.1448006134529435,-0.8187239629376161,-0.555629242260859
-0.15451218241743883,-0.818585768710597,-0.5532118262917752
-0.16422103637819505,-0.8183260692345035,-0.5507938776185501
-0.17392575038775443,-0.8179449061108076,-0.5483757506668567
-0.1836249000594529,-0.8174423385082332,-0.5459577999189564
-0.1933170617747784,-0.8168184431597486,-0.543540379862298
-0.20300081289074026,-0.8160733143567117,-0.5411238449380609
-0.2126747319472015,-0.8152070639401664,-0.5387085494896472
-0.22233739887412554,-0.8142198212892972,-0.5362948477111383
-0.23198739519868986,-0.8131117333070413,-0.5338830935957288
-0.24162330425221878,-0.8118829644028663,-0.5314736408841495
-0.2512437113768891,-0.8105336964727183,-0.5290668430130901
-0.26084720413216245,-0.8090641288761495,-0.5266630530636371
-0.2704323725008975,-0.8074744784106306,-0.5242626237097356
-0.2799978090950988,-0.805764979283062,-0.521865907166689
-0.289542109361255,-0.8039358830784902,-0.5194732551397072
-0.2990638717852249,-0.8019874587260437,-0.5170850187725158
-0.3085616980966266,-0.7999199924621002,-0.5147015485960383
-0.31803419347268697,-0.797733787790699,-0.5123231944771598
-0.3274799667415103,-0.7954291654412121,-0.509950305567588
-0.3368976305847233,-0.7930064633232909,-0.5075832302528184
-0.3462858017394575,-0.7904660364791032,-0.5052223161012174
-0.355643101199627,-0.7878082570328783,-0.5028679098132335
-0.36496815441646363,-0.7850335141377784,-0.5005203571707458
-0.3742595914982707,-0.7821422139201137,-0.49818000298656173
-0.38351604740935735,-0.7791347794209209,-0.49584719105407526
-0.3927361621681157,-0.7760116505349256,-0.4935222640970925
-0.40191858104420597,-0.7727732839469078,-0.49120556371983826
-0.411061954754812,-0.7694201530654938,-0.4888974303571506
-0.4201649396599343,-0.7659527479543942,-0.48659820322487435
-0.42922619795668376,-0.76237157526111,-0.4843082202704633
-0.4382443978725465,-0.7586771581431322,-0.48202781812379863
-0.44721821385758337,-0.754870036191656,-0.47975733204823545
-0.45614632677553435,-0.7509507653528333,-0.4774970958918822
-0.4650274240937963,-0.7469199178465894,-0.4752474420391262
-0.4738602000722441,-0.7427780820830262,-0.47300870136241074
-0.482643355950864,-0.7385258625764385,-0.4707812031742722
-0.4913756001361724,-0.7341638798569688,-0.46856527517964736
-0.5000556483863912,-0.7296927703799249,-0.4663612434284568
-0.5086822239953506,-0.725113186432786,-0.46416943226847207
-0.5172540579750962,-0.7204257960399272,-0.4619901642984763
-0.5257698892371707,-0.7156312828650827,-0.4598237603217228
-0.534228464772548,-0.7107303461115801,-0.4576705392997019
-0.5426285398301933,-0.7057237004203688,-0.45553081830621955
-0.5509688780942263,-0.7006120757658717,-0.45340491248179726
-0.5592482518596642,-0.6953962173496864,-0.45129313498839924
-0.5674654422067219,-0.6900768854921632,-0.44919579696449247
-0.5756192391736481,-0.6846548555218887,-0.4471132074804462
-0.5837084419280762,-0.6791309176630984,-0.44504567349427815
-0.591731858936869,-0.6735058769210528,-0.4429934998077523
-0.5996883081344375,-0.6677805529653984,-0.44095698902283276
-0.6075766170895162,-0.6619557800115439,-0.43893644149850225
-0.615395623170374,-0.6560324067000791,-0.4369321553079486
-0.6231441737084452,-0.6500112959742651,-0.43494442619612406
-0.6308211261603615,-0.6438933249556217,-0.43297354753768486
-0.6384253482683689,-0.6376793848176407,-0.4310198102953128
-0.6459557182191151,-0.6313703806576532,-0.4290835029784264
-0.6534111248007882,-0.6249672313668784,-0.42716491160228454
-0.6607904675585956,-0.6184708694986792,-0.4252643196474873
-0.6680926569485659,-0.6118822411350575,-0.42338200801987935
-0.6753166144896627,-0.6052023057514085,-0.4215182550108583
-0.6824612729141936,-0.5984320360795704,-0.4196733362580933
-0.6895255763165036,-0.5915724179691892,-0.41784752470665754
-0.6965084802999416,-0.5846244502474304,-0.416041090570578
-0.7034089521220854,-0.5775891445770615,-0.4142543012948064
-0.7102259708382159,-0.5704675253129348,-0.41248742151761414
-0.7169585274430287,-0.563260629356895,-0.41074071303341564
-0.723605625010573,-0.5559695060111389,-0.4090144347560222
-0.7301662788324083,-0.5485952168300543,-0.40730884268233064
-0.7366395165539675,-0.5411388354705634,-0.40562418985644794
-0.7430243783091194,-0.5336014475409963,-0.40396072633425656
-0.749319916852921,-0.5259841504485218,-0.40231869914842205
-0.7555251976925506,-0.5182880532451599,-0.40069835227384554
-0.761639299216414,-0.5105142764724035,-0.3990999265935639
-0.767661312821418,-0.5026639520044704,-0.39752365986510096
-0.7735903430383998,-0.4947382228902165,-0.39596978668726923
-0.7794255076557105,-0.4867382431937288,-0.3944385384674279
-0.7851659378409422,-0.47866517783362883,-0.3929301433891962
-0.7908107782607939,-0.47052020242110626,-0.39144482638062605
-0.7963591871990713,-0.4623045030967099,-0.38998280908283484
-0.8018103366728115,-0.454019276365918,-0.3885443098191001
-0.8071634125465328,-0.44566572893351386,-0.3871295435644194
-0.8124176146445977,-0.4372450775367882,-0.3857387219155345
-0.8175721568616914,-0.4287585487775935,-0.3843720530614235
-0.822626267271405,-0.42020737895327176,-0.3830297417542618
-0.8275791882329236,-0.41159281388647945,-0.38171198928085204
-0.8324301764958127,-0.40291610875393336,-0.38041899343452695
-0.8371785033029012,-0.3941785279140979,-0.37915094848752406
-0.8418234544912547,-0.3853813447338368,-0.37790804516383364
-0.8463643305912391,-0.376525841414052,-0.376690470612523
-0.8508004469236677,-0.36761330881433096,-0.3754984083815359
-0.8551311336950329,-0.35864504627662297,-0.37433203839196943
-0.8593557360908156,-0.349622361447968,-0.37319153691282875
-0.8634736143668731,-0.340546570102297,-0.37207707653626015
-0.8674841439389016,-0.33141899596132607,-0.3709888261532653
-0.8713867154699707,-0.32224097051456413,-0.36992695092989414
-0.8751807349561286,-0.31301383283845513,-0.36889161228392087
-0.8788656238100758,-0.3037389294146752,-0.3678829678620001
-0.8824408189429065,-0.2944176139476039,-0.36690117151730717
-0.8859057728439128,-0.2850512471809904,-0.3659463732876602
-0.8892599536584554,-0.27564119671383275,-0.3650187193741274
-0.8925028452638939,-0.2661888368154916,-0.364118352120117
-0.8956339473435794,-0.2566955482400555,-0.3632454099909539
-0.8986527754589059,-0.24716271803997805,-0.36240002755393924
-0.9015588611194216,-0.23759173937900468,-0.3615823354588974
-0.9043517518509965,-0.2279840113444088,-0.3607924604192087
-0.9070310112620463,-0.2183409387585538,-0.36003052519332734
-0.9095962191078139,-0.20866393198980115,-0.35929664856678767
-0.9120469713527034,-0.19895440676278062,-0.35859094533469643
-0.914382880230671,-0.1892137839680418,-0.3579135262847127
-0.9166035743036676,-0.17944348947110303,-0.3572644981805152
-0.9187086985181345,-0.16964495392091652,-0.35664396374575796
-0.9206979142595536,-0.15981961255776572,-0.3560520216485133
-0.9225708994050462,-0.1499689050206124,-0.3554887664862039
-0.9243273483740262,-0.14009427515390974,-0.3549542887710226
-0.9259669721769026,-0.13019717081389914,-0.3544486749158412
-0.9274894984618338,-0.12027904367440542,-0.3539720072206084
-0.9288946715595304,-0.11034134903214839,-0.35352436385923636
-0.9301822525261092,-0.10038554561158546,-0.3531058188669763
-0.9313520191839959,-0.09041309536930248,-0.35271644212828396
-0.9324037661608768,-0.08042546329796749,-0.35235629936517393
-0.9333373049266993,-0.07042411722986333,-0.35202545212606445
-0.9341524638287196,-0.06041052764001487,-0.35172395777511045
-0.9348490881246002,-0.05038616744892563,-0.351451869482028
-0.9354270400135518,-0.04035251182493927,-0.35120923621240807
-0.935886198665525,-0.030311037986240883,-0.35099610271852055
-0.9362264602484458,-0.020263225002512632,-0.35081250953060833
-0.9364477379534983,-0.010210553596258906,-0.35065849294867213
-0.9365499620184535,-0.0001545059438152665,-0.35053408503474603
-0.9365330797490399,0.00990343452394435,-0.3504393136056636
-0.9363970555383607,0.0199617833211877,-0.35037420222631427
-0.9361418708843542,0.030019055106977503,-0.3503387702033923
-0.935767524405295,0.040073763885383834,-0.3503330325796361
-0.9352740318533382,0.0501244232058415,-0.35035700012855825
-0.9346614261261054,0.0601695463637388,-0.35041067934966935
-0.9339297572763081,0.07020764660122365,-0.35049407246419156
-0.9330790925194126,0.08023723730821354,-0.350607177411266
-0.932109516239341,0.09025683222359575,-0.3507499878446518
-0.9310211299922102,0.10026494563660433,-0.35092249312991747
-0.9298140525081047,0.1102600925883605,-0.35112467834212646
-0.9284884196908854,0.1202407890735629,-0.35135652426401504
-0.9270443846160292,0.13020555224231478,-0.35161800738466414
-0.925482117526501,0.14015290060207472,-0.35190909989866553
-0.9238018058266542,0.15008135421971822,-0.35222976970578207
-0.9220036540741597,0.1599894349236961,-0.352579980411103
-0.9200878839699601,0.16987566650627792,-0.3529596913256939
-0.9180547343462482,0.17973857492586673,-0.3533688574677434
-0.9159044611524667,0.189576688509372,-0.3538074295642055
-0.9136373374393283,0.19938853815462923,-0.35427535405293853
-0.9112536533408526,0.20917265753285133,-0.35477257308534116
-0.9087537160544175,0.21892758329110082,-0.3552990245294879
-0.9061378498188225,0.2286518552547688,-0.3558546419737605
-0.9034063958903641,0.2383440166300488,-0.35643935473098054
-0.9005597125169131,0.24800261420639155,-0.3570530878430409
-0.8975981749100004,0.25762619855892954,-0.35769576208603804
-0.8945221752148985,0.2672133242508566,-0.3583672939759056
-0.8913321224787049,0.27676255003575156,-0.35906759577454944
-0.8880284426164154,0.2862724390598317,-0.35979657549648647
-0.8846115783749893,0.29574155906412364,-0.3605541369159864
-0.8810819892953996,0.30516848258653967,-0.3613401795747191
-0.8774401516726676,0.31455178716384374,-0.36215459878990625
-0.8736865585138733,0.3238900555334984,-0.36299728566298073
-0.869821719494141,0.33318187583537495,-0.3638681270887529
-0.8658461609105945,0.3424258418133173,-0.36476700576508564
-0.8617604256342768,0.35162055301654394,-0.36569380020307957
-0.8575650730600299,0.3607646150008766,-0.36664838473776884
-0.8532606790543293,0.3698566395297799,-0.3676306295393289
-0.8488478359010699,0.37889524477520037,-0.3686404006247979
-0.8443271522452941,0.3878790555181899,-0.3696775598703129
-0.8396992530348618,0.3968067033493019,-0.37074196502386175
-0.834964779460051,0.40567682686874174,-0.37183346971855213
-0.830124388891088,0.41448807188626313,-0.37295192348640027
-0.8251787548135976,0.423239091620792,-0.37409717177263924
-0.8201285667619692,0.43192854689976456,-0.37526905595054927
-0.8149745302506305,0.4405551063581659,-0.3764674133368111
-0.8097173667032249,0.4491174466372529,-0.3776920772073857
-0.8043578133796814,0.4576142525829469,-0.3789428768139186
-0.798896623301175,0.4660442174438818,-0.3802196374006745
-0.7933345651729661,0.4744060430690906,-0.38152218022200113
-0.7876724233051138,0.4826984401053152,-0.3828503225603255
-0.7819109975310545,0.49092012819392433,-0.38420387774468406
-0.7760511031240395,0.49906983616742207,-0.38558265516978873
-0.7700935707114196,0.5071463022455309,-0.38698646031563
-0.7640392461867747,0.5151482742308326,-0.3884150947676213
-0.7578889906198736,0.5230745097039498,-0.3898683562372843
-0.7516436801644598,0.5309237762182498,-0.3913460385834782
-0.7453042059638524,0.5386948514940553,-0.39284793183417616
-0.7388714740543533,0.5463865236123396,-0.3943738222087892
-0.7323464052664537,0.5539975912078918,-0.39592349214104094
-0.7257299351238268,0.5615268636619309,-0.3974967203023965
-0.7190230137400997,0.5689731612941502,-0.39909328162604496
-0.7122266057133952,0.5763353155541707,-0.4007129473314412
-0.7053416900186326,0.583612169212386,-0.40235548494940754
-0.6983692598975758,0.5908025765501745,-0.4040206583477974
-0.6913103227466243,0.597905403549461,-0.4057082277577258
-0.6841659000023289,0.6049195280816037,-0.40741794980036555
-0.6769370270246292,0.6118438400955859,-0.40914957751431663
-0.6696247529777962,0.6186772418054873,-0.41090286038354606
-0.6622301407090748,0.6254186478772162,-0.4126775443659054
-0.65475426662501,0.6320669856144725,-0.4144733719222258
-0.6471982205654514,0.6386211951439226,-0.41629008204599505
-0.6395631056752207,0.6450802295995585,-0.41812741029361805
-0.6318500382734324,0.6514430553062153,-0.41998508881526436
-0.6240601477204596,0.6577086519622215,-0.42186284638630556
-0.616194576282528,0.6638760128211556,-0.4237604084393452
-0.6082544789939333,0.6699441448726795,-0.42567749709684344
-0.6002410235168649,0.6759120690224224,-0.42761383120434104
-0.59215538999883,0.6817788202708854,-0.42956912636428324
-0.5839987709276621,0.6875434478913361,-0.43154309497044857
-0.5757723709841079,0.6932050156066637,-0.4335354462429847
-0.5674774068919762,0.6987626017651628,-0.43554588626405266
-0.5591151072658417,0.7042152995152136,-0.4375741180140854
-0.5506867124562906,0.7095622169788262,-0.4396198414086608
-0.5421934743927,0.7148024774240144,-0.4416827533359937
-0.5336366564235355,0.719935219435964,-0.4437625476950484
-0.5250175331541619,0.7249595970869619,-0.44585891543427575
-0.5163373902821526,0.7298747801050471,-0.44797154459097643
-0.5075975244300914,0.734679954041348,-0.4501001203312945
-0.4987992429758514,0.7393743204360665,-0.4522443249908423
-0.4899438638803478,0.7439570969830716,-0.4544038381159605
-0.48103271551275084,0.7484275176930588,-0.4565783365056155
-0.47206713647315146,0.7527848330552385,-0.4587674942539366
-0.46304847541267086,0.757028310197507,-0.46097098279339477
-0.4539780908510061,0.7611572330450601,-0.4631884709386276
-0.44485735099140333,0.7651709024774028,-0.4654196249309091
-0.435687633533053,0.7690686364837118,-0.4676641084832707
-0.426470325480897,0.7728497703165024,-0.4699215828262707
-0.4172068229528455,0.7765136566435532,-0.47219170675441885
-0.40789853098439594,0.7800596656980423,-0.4744741366732548
-0.39854686333064737,0.7834871854268405,-0.4767685266470827
-0.3891532422657097,0.7867956216369162,-0.4790745284473643
-0.3797190983795018,0.7899843981397957,-0.48139179160177126
-0.37024587037193496,0.7930529568940297,-0.48371996344389695
-0.36073500484448245,0.7960007581456086,-0.48605868916363126
-0.3511879560891316,0.7988272805662755,-0.4884076118581969
-0.34160618587471947,0.8015320213896749,-0.4907663725838482
-0.33199116323065186,0.8041144965452858,-0.4931346104082337
-0.32234436422800833,0.8065742407900768,-0.49551196246342266
-0.31266727175803644,0.8089108078378248,-0.4978980639995942
-0.30296137530803746,0.8111237704860358,-0.5002925484393899
-0.2932281707346503,0.8132127207404081,-0.5026950474329284
-0.2834691600345398,0.8151772699367709,-0.5051051909134826
-0.2736858511124968,0.8170170488604389,-0.5075226071538168
-0.2638797575469591,0.818731707862915,-0.5099469228231822
-0.2540523983529634,0.8203209169758742,-0.512377763044971
-0.24420529774254174,0.821784366022364,-0.5148147514550236
-0.23433998488257451,0.8231217647251527,-0.5172575102605909
-0.22445799365011537,0.8243328428121527,-0.5197056602999429
-0.21456086238520583,0.8254173501188539,-0.5221588211026281
-0.20465013364119686,0.8263750566876926,-0.5246166109503714
-0.19472735393259946,0.8272057528642852,-0.5270786469386132
-0.1847940734804848,0.8279092493904536,-0.5295445450386823
-0.1748518459554591,0.8284853774939676,-0.5320139201605976
-0.16490222821823977,0.8289339889749318,-0.534486386216494
-0.15494678005786008,0.8292549562887414,-0.5369615561846668
-0.14498706392753355,0.8294481726255282,-0.5394390421742252
-0.13502464467821096,0.8295135519860247,-0.5419184554903547
-0.12506108928986376,0.8294510292537667,-0.5443994067001725
-0.11509796660053222,0.8292605602635558,-0.5468815056991747
-0.10513684703317759,0.8289421218661073,-0.5493643617782629
-0.09517930232038005,0.8284957119888021,-0.5518475836913426
-0.08522690522692765,0.8279213496924663,-0.5543307797234837
-0.07528122927034306,0.8272190752240951,-0.556813557759632
-0.06534384843939801,0.8263889500654502,-0.5592955253538615
-0.05541633691066822,0.8254310569774433,-0.561776289799155
-0.045500268763183464,0.8243455000402322,-0.5642554581977012
-0.035597217691231996,0.8231324046889479,-0.5667326375316966
-0.025708756715378967,0.8217919177449757,-0.5692074347346355
-0.01583645789176384,0.8203242074427133,-0.571679456763077
-0.00598189201974276,0.8187294634517228,-0.5741483106688711
0.0038533716520537894,0.8170078968942068,-0.5766136036718318
0.013667765721175472,0.8151597403577279,-0.5790749432328366
0.023459724928242776,0.813185247903095,-0.5815319371273371
0.03322768645519496,0.8110846950673465,-0.5839841935192636
0.04297009022481316,0.8088583788617518,-0.5864313210353027
0.052685379201433354,0.8065066177647611,-0.5888729288395307
0.06237199969276099,0.8040297517098328,-0.5913086267083804
0.0720284016526956,0.8014281420680698,-0.5937380251059213
0.08165303898507066,0.7987021716255914,-0.5961607352594323
0.09124436984821102,0.795852244555584,-0.5985763692352397
0.10080085696020666,0.7928787863849567,-0.6009845400148046
0.11032096790479852,0.7897822439555477,-0.6033848615710278
0.11980317543776942,0.7865630853798158,-0.6057769489447513
0.12924595779372924,0.7832217999909628,-0.6081604183214311
0.13864779899318116,0.7797588982874318,-0.61053488710795
0.1480071891497521,0.7761749118717273,-0.6128999740095492
0.15732262477746803,0.7724703933835096,-0.6152552991068455
0.16659260909795154,0.7686459164269173,-0.6176004839329078
0.1758156523474168,0.7647020754920725,-0.6199351515503612
0.18499027208333282,0.7606394858707332,-0.6222589266284907
0.194114993490625,0.7564587835660532,-0.6245714355203109
0.20318834968728083,0.7521606251964181,-0.6268723063395709
0.21220888202922455,0.7477456878933305,-0.6291611690376613
0.2211751404143212,0.7432146691933176,-0.631437655480391
0.2300856835853701,0.738568286923842,-0.6337013995245984
0.23893907943194392,0.7338072790832003,-0.6359520370945638
0.24773390529093006,0.7289324037143987,-0.638189206258186
0.2564687482456242,0.723944438772995,-0.6404125473028898
0.26514220542323125,0.7188441819889102,-0.642621702811226
0.273752884290619,0.7136324507222099,-0.6448163177361285
0.28229940294817696,0.7083100818128631,-0.64699603947579
0.29078039042162374,0.7028779314244943,-0.6491605179481206
0.29919448695161,0.6973368748821447,-0.6513094056647478
0.3075403442809638,0.6916878065040686,-0.6534423578045249
0.3158166259394184,0.6859316394275942,-0.6555590322865017
0.32402200752567073,0.6800693054290833,-0.6576590898423273
0.3321551769866104,0.6741017547380332,-0.6597421940880378
0.34021483489356497,0.6680299558453642,-0.6618080115951945
0.34819969471540374,0.6618548953059498,-0.6638562119613327
0.3561084830883447,0.6555775775354463,-0.6658864678796784
0.3639399400823096,0.6491990246014859,-0.6678984552080984
0.3716928194636716,0.6427202760093065,-0.6698918530372402
0.3793658889542432,0.6361423884818935,-0.6718663437578255
0.38695793048635335,0.6294664357347187,-0.6738216131270559
0.39446774045386135,0.6226935082451637,-0.675757350334094
0.401894129958962,0.6158247130167241,-0.6776732480645804
0.40923592505463424,0.6088611733380985,-0.6795690025641486
0.4164919669825908,0.6018040285372642,-0.6814443137009012
0.423661112406589,0.5946544337306598,-0.6832988850268086
0.430742233640963,0.58741355956759,-0.6851324238379962
0.4377342188742446,0.5800825919699794,-0.6869446412338811
0.4446359723877434,0.5726627318676069,-0.6887352521751268
0.45144641476895675,0.5651551949289569,-0.6905039755403786
0.4581644831196888,0.5575612112878299,-0.6922505341817486
0.46478913125876,0.5498820252658594,-0.6939746549790159
0.4713193299191938,0.5421188950910895,-0.6956760688925118
0.4777540669397713,0.53427309261277,-0.6973545110146597
0.4840923474508514,0.5263459030125326,-0.6990097206201399
0.4903331940543572,0.5183386245121129,-0.700641441214651
0.49647564699783786,0.5102525680777946,-0.7022494205822416
0.5025187643425181,0.5020890571217478,-0.7038334108311874
0.5084616221252558,0.49384942720044267,-0.7053931684383883
0.5143033145143325,0.48553502571032087,-0.7069284542922641
0.5200429539590112,0.4771472115809152,-0.7084390337341269
0.5256796713327984,0.4686873549656017,-0.7099246765980102
0.5312126160703566,0.46015683693018117,-0.7113851572489396
0.5366409562980224,0.4515570491394842,-0.7128202546196238
0.5419638789578859,0.44288939354219464,-0.7142297522455565
0.5471805899254026,0.43415528205409487,-0.7156134382985118
0.5522903141205103,0.42535613623992885,-0.7169711056184255
0.557292295612233,0.41649338699408717,-0.7183025517436517
0.5621857977167622,0.407568474220316,-0.7196075789395852
0.566970103089011,0.3985828465106518,-0.7208859942256493
0.5716445138076468,0.3895379608237844,-0.7221376094006371
0.5762083514536158,0.38043528216305256,-0.7233622410664142
0.5806609571821754,0.3712762832542707,-0.7245597106499745
0.5850016917884656,0.36206244422358946,-0.7257298444238555
0.589229935766653,0.3527952522755881,-0.7268724735249165
0.5933450893626883,0.3434762013717954,-0.7279874339714839
0.5973465726207292,0.33410679190983406,-0.7290745666788734
0.6012338254232852,0.3246885304033816,-0.7301337174732961
0.6050063075251466,0.3152229291631347,-0.7311647371041641
0.6086634985811711,0.30571150597896546,-0.7321674812548028
0.6122048981680058,0.29615578380344904,-0.7331418105515921
0.6156300257998286,0.2865572904369424,-0.7340875905715477
0.6189384209382,0.2769175582143866,-0.7350046918483648
0.622129642996123,0.26723812369400207,-0.7358929898769427
0.6252032713364175,0.25752052734804076,-0.7367523651164134
0.6281589052645145,0.24776631325575305,-0.7375827029916976
0.6309961640157856,0.23797702879872235,-0.738383893893614
0.6337146867375325,0.22815422435871469,-0.7391558331775677
0.6363141324657561,0.21829945301818365,-0.7398984211608469
0.6387941800968389,0.2084142702635654,-0.7406115631185575
0.6411545283542732,0.19850023369149092,-0.7412951692782255
0.6433948957505747,0.18855890271803688,-0.7419491548131024
0.6455150205445221,0.17859183829112873,-0.742573439834203
0.6475146606938703,0.16860060260620263,-0.7431679493811121
0.6493935938036837,0.15858675882522652,-0.7437326134115982
0.6511516170704399,0.14855187079917012,-0.7442673667900654
0.6527885472220635,0.13849750279401093,-0.7447721492748844
0.6543042204540355,0.12842521922035077,-0.74524690550464
0.6556984923617443,0.1183365843667127,-0.7456915849833331
0.6569712378692308,0.10823316213658009,-0.7461061420645775
0.6581223511544894,0.09811651578923007,-0.7464905359348294
0.6591517455714833,0.08798820768440846,-0.7468447305956921
0.6600593535690337,0.07784979903088289,-0.7471686948453345
0.6608451266067418,0.06770284963890558,-0.7474624022590642
0.6615090350681044,0.057548917676607754,-0.7477258311690967
0.662051068170977,0.047389559430340594,-0.7479589646435603
0.6624712338755432,0.03722632906897124,-0.748161790464779
0.6627695587899458,0.027060778412133404,-0.7483343011068715
0.6629460880737288,0.0168944567024262,-0.7484764937127082
0.6630008853392437,0.006728910381547269,-0.7485883700702651
0.662934032551167,-0.003434317129660456,-0.7486699365884151
0.6627456299242719,-0.013593685647275703,-0.7487212042721932
0.6624357958195982,-0.023747658436513136,-0.7487421886975774
0.6620046666391554,-0.03389470242012492,-0.7487329099858188
0.661452396719296,-0.044033288383035406,-0.7486933927773609
0.6607791582228874,-0.054161891173260625,-0.7486236662053828
0.6599851410304076,-0.06427898989916941,-0.7485237638690007
0.6590705526300891,-0.07438306812314854,-0.7483937238061634
0.6580356180072243,-0.08447261405173863,-0.7482335884662733
0.6568805795327467,-0.09454612072231285,-0.7480434046825657
0.6556056968511941,-0.10460208618637416,-0.7478232236442773
0.6542112467681547,-0.11463901368955041,-0.7475731008686334
0.6526975231372949,-0.12465541184837221,-0.747293096172682
0.6510648367470574,-0.13464979482391878,-0.7469832736450022
0.6493135152071171,-0.144620682492423,-0.7466437016173129
0.6474439028346739,-0.1545666006129273,-0.7462744526360053
0.6454563605406574,-0.16448608099208625,-0.7458756034336247
0.6433512657159121,-0.1743776616462119,-0.7454472349003202
0.6411290121174267,-0.1842398869606613,-0.7449894320552845
0.6387900097546638,-0.19407130784666565,-0.7445022840182033
0.6363346847760439,-0.2038704818957031,-0.743985883980729
0.6337634793556273,-0.2136359735315163,-0.7434403291779986
0.6310768515800359,-0.22336635415987768,-0.7428657208602061
0.62827527533565,-0.23306020231620447,-0.7422621642642464
0.6253592401961091,-0.24271610381112654,-0.7416297685854388
0.6223292513101399,-0.25233265187410825,-0.7409686469493436
0.6191858292897312,-0.26190844729522594,-0.7402789163836777
0.6159295100986701,-0.27144209856520174,-0.739560697790338
0.6125608449414448,-0.28093222201379175,-0.7388141159175404
0.6090804001525203,-0.2903774419466262,-0.7380392993320746
0.6054887570859852,-0.29977639078059815,-0.7372363803916808
0.6017865120055617,-0.309127709177894,-0.7364054952175517
0.5979742759749699,-0.3184300461787563,-0.7355467836669574
0.5940526747486318,-0.32768205933306976,-0.7346603893059942
0.5900223486626937,-0.3368824148308556,-0.733746459382456
0.5858839525263466,-0.34602978763175846,-0.7328051447988243
0.5816381555134161,-0.3551228615936061,-0.7318366000853742
0.5772856410541914,-0.36416032960012046,-0.7308409833733895
0.5728271067274618,-0.37314089368785297,-0.7298184563684832
0.5682632641527193,-0.38206326517241646,-0.7287691843240138
0.5635948388824927,-0.3909261647740793,-0.7276933360145924
0.5588225702947665,-0.39972832274278763,-0.7265910837096674
0.5539472114854399,-0.408468478982674,-0.7254626031471824
0.5489695291607819,-0.4171453831761085,-0.7243080735072938
0.5438903035298269,-0.42575779490734605,-0.7231276773861356
0.5387103281966646,-0.4343044837858175,-0.7219216007696242
0.5334304100525679,-0.44278422956910723,-0.720690033007285
0.5280513691679042,-0.4511958222856618,-0.7194331667860937
0.5225740386837766,-0.4595380623572607,-0.7181511981043137
0.5169992647033341,-0.467809760721285,-0.7168443262453195
0.5113279061826959,-0.47600973895281146,-0.7155127537513896
0.5055608348214297,-0.48413682938655594,-0.7141566863974543
0.4996989349525263,-0.49218987523868585,-0.7127763331647857
0.49374310343180977,-0.5001677307285176,-0.7113719062146117
0.4876942495267242,-0.5080692612001141,-0.7099436208616399
0.4815532948044379,-0.5158933432437856,-0.7084916955474777
0.4753211730192076,-0.5236388648175042,-0.707016351813931
0.46899882999894155,-0.5313047253682281,-0.7055178142761638
0.46258722353090515,-0.5388898359531352,-0.7039963105957101
0.45608732324651174,-0.5463931193607584,-0.7024520714533142
0.4495001105051426,-0.553813510232014,-0.7008853305215909
0.4428265782769415,-0.5611499551811082,-0.6992963244374849
0.436067731024528,-0.5684014129163063,-0.6976852927745192
0.4292245845835796,-0.5755668543605439,-0.6960524780148132
0.42229816604223025,-0.5826452627718562,-0.6943981255208597
0.41528951361923605,-0.5896356338636032,-0.6927224835070429
0.40819967654086,-0.5965369759244568,-0.6910258030108872
0.40102971491643186,-0.603348309938122,-0.6893083378640196
0.39378069961253553,-0.610068669702757,-0.6875703446628355
0.38645371212578633,-0.616697101950055,-0.6858120827388531
0.3790498444541537,-0.6232326664639499,-0.6840338141287439
0.3715701989667956,-0.6296744361989035,-0.6822358035440306
0.3640158882723662,-0.6360214973977322,-0.6804183183404361
0.35638803508576455,-0.6422729497089273,-0.6785816284868768
0.34868777209329405,-0.6484279063034233,-0.6767260065340878
0.34091624181620156,-0.6544854939907615,-0.6748517275828715
0.33307459647257315,-0.6604448533346059,-0.6729590692519594
0.3251639978375603,-0.6663051387675537,-0.6710483116454777
0.31718561710191556,-0.6720655187051895,-0.6691197373200121
0.30914063472881964,-0.677725175659331,-0.6671736312512594
0.3010302403089829,-0.6832833063504105,-0.6652102808002648
0.29285563241400636,-0.6887391218189339,-0.6632299756792331
0.2846180184479937,-0.694091847535966,-0.6612330079169119
0.27631861449740147,-0.6993407235125803,-0.6592196718235411
0.26795864517912366,-0.7044850044082188,-0.6571902639553637
0.2595393434868057,-0.7095239596379029,-0.6551450830786946
0.25106195063538655,-0.7144568734782368,-0.6530844301335452
0.24252771590386923,-0.7192830451721478,-0.6510086081967996
0.2339378964763233,-0.7240017890323014,-0.6489179224449423
0.22529375728112436,-0.7286124345431367,-0.6468126801163356
0.2165965708284396,-0.733114326461463,-0.6446931904730469
0.2078476170459681,-0.7375068249155595,-0.6425597647622227
0.19904818311294856,-0.7417893055027217,-0.6404127161770167
0.19019956329244972,-0.7459611593851984,-0.638252359817065
0.18130305876195885,-0.7500217933844622,-0.6360790126485176
0.17235997744228843,-0.7539706300737585,-0.6338929934636234
0.16337163382481998,-0.7578071078688807,-0.6316946228398748
0.1543393487971092,-0.7615306811171125,-0.6294842230987137
0.14526444946687628,-0.7651408201842917,-0.6272621182638044
0.13614826898440754,-0.7686370115399378,-0.6250286340188766
0.1269921463633971,-0.7720187578403968,-0.6227840976651448
0.11779742630025784,-0.7752855780099486,-0.6205288380783084
0.10856545899193353,-0.7784370073198367,-0.61826318566514
0.09929759995224474,-0.7814725974651641,-0.6159874723196681
0.08999520982680342,-0.7843919166396149,-0.6137020313789592
0.08065965420653197,-0.7871945496079574,-0.6114071975785106
0.07129230343982372,-0.7898800977762809,-0.6091033070072573
0.06189453244338407,-0.7924481792599294,-0.6067906970622058
0.05246772051179162,-0.7948984289490904,-0.6044697064026986
0.04301325112582017,-0.7972304985719969,-0.6021406749043222
0.0335325117595639,-0.7994440567557111,-0.5998039436124659
0.02402689368640841,-0.8015387890844482,-0.5974598546955423
0.014497791783892017,-0.8035143981554098,-0.5951087513978774
0.004946604337501567,-0.805370603632092,-0.592750977992283
-0.004625267156551253,-0.8071071422950395,-0.5903868797323206
-0.014216418189526877,-0.8087237680900128,-0.5880168028042666
-0.023825441439281128,-0.8102202521735445,-0.5856410942787925
-0.03345092697026717,-0.8115963829558548,-0.5832601020623673
-0.04309146243436805,-0.812851966141104,-0.5808741748483995
-0.05274563327251109,-0.813986824764957,-0.578483662068122
-0.062412022917015426,-0.8150007992294401,-0.5760889138412401
-0.07208921299462301,-0.8158937473350697,-0.5736902809263492
-0.0817757835301636,-0.816665544310232,-0.5712881146711356
-0.09147031315080392,-0.8173160828378017,-0.5688827669623733
-0.10117137929083084,-0.8178452730789807,-0.5664745901757274
-0.11087755839691847,-0.8182530426943451,-0.5640639371253799
-0.12058742613382882,-0.818539336862086,-0.5616511610134844
-0.13029955759049616,-0.8187041182934381,-0.55923661537947
-0.14001252748644408,-0.8187473672452814,-0.5568206540491993
-0.14972491037848645,-0.8186690815299137,-0.554403631083998
-0.1594352808676606,-0.8184692765219824,-0.5519859007295684
-0.16914221380634428,-0.8181479851625769,-0.5495678173647953
-0.1788442845055063,-0.8177052579604721,-0.5471497354504629
-0.1885400689420413,-0.8171411629905265,-0.5447320094778901
-0.19822814396613994,-0.8164557858892303,-0.5423149939175007
-0.20790708750864537,-0.8156492298474057,-0.5398990431673375
-0.21757547878834826,-0.8147216156000625,-0.5374845115015364
-0.22723189851917194,-0.8136730814134105,-0.5350717530187686
-0.23687492911720012,-0.8125037830690343,-0.5326611215906686
-0.24650315490750055,-0.811213893845235,-0.5302529708102546
-0.2561151623306974,-0.8098036044955472,-0.5278476539403582
-0.26570954014924775,-0.8082731232244386,-0.5254455238620719
-0.2752848796533744,-0.8066226756601999,-0.5230469330232298
-0.2848397748666125,-0.804852504825039,-0.52065223338693
-0.29437282275092375,-0.8029628711023844,-0.5182617763801118
-0.3038826234113357,-0.8009540522014169,-0.5158759128422011
-0.3133677803000633,-0.798826343118838,-0.5134949929738322
-0.32282690042006845,-0.79658005609789,-0.5111193662856591
-0.332258594528018,-0.7942155205846443,-0.5087493815472689
-0.34166147733659713,-0.7917330831815722,-0.5063853867362047
-0.3510341677161403,-0.7891331075984145,-0.5040277289871123
-0.36037528889553655,-0.7864159746003688,-0.50167675454102
-0.36968346866237406,-0.7835820819536118,-0.49933280869476115
-0.37895733956228245,-0.7806318443681748,-0.49699623575055246
-0.38819553909743754,-0.7775656934381939,-0.49466737896573537
-0.39739670992419046,-0.7743840775795527,-0.49234658050269225
-0.40655950004978614,-0.7710874619649404,-0.49003418137894716
-0.4156825630281345,-0.7676763284563448,-0.48773052141746004
-0.42476455815460157,-0.7641511755350059,-0.4854359391971247
-0.43380415065978606,-0.7605125182288472,-0.48315077200348033
-0.44280001190224694,-0.7567608880374116,-0.4808753557796432
-0.4517508195601525,-0.752896832854325,-0.4786100250774708
-0.46065525782181715,-0.7489209168873111,-0.4763551130089658
-0.4695120175750963,-0.7448337205757807,-0.47411095119792623
-0.4783197965956092,-0.7406358405060218,-0.47187786973185514
-0.48707729973375985,-0.7363278893240159,-0.46965619711413276
-0.4957832391005285,-0.731910495645903,-0.4674462602164627
-0.5044363342520063,-0.7273843039661254,-0.46524838423159903
-0.5130353123726428,-0.7227499745632733,-0.4630628926263609
-0.5215789084571852,-0.7180081834036594,-0.46089010709494344
-0.53006586549128,-0.713159622042648,-0.45873034751253133
-0.5384949346307129,-0.7082049975237689,-0.45658393188922336
-0.5468648753792636,-0.7031450322756373,-0.4544511763242729
-0.555174455765153,-0.6979804640067129,-0.452332394960653
-0.563422452516055,-0.6927120455979202,-0.4502278999399512
-0.5716076512326598,-0.6873405449931617,-0.4481380013576015
-0.5797288465607574,-0.6818667450877473,-0.4460630072184588
-0.5877848423618283,-0.6762914436147726,-0.44400322339272236
-0.5957744518821166,-0.6706154530294676,-0.44195895357221315
-0.603696497920169,-0.6648396003915494,-0.4399304992270126
-0.6115498129928185,-0.6589647272456022,-0.4379181595624667
-0.6193332394995975,-0.6529916894995142,-0.43592223147656073
-0.627045629885559,-0.6469213573010008,-0.4339430095176712
-0.6346858468024922,-0.6407546149122367,-0.43198078584269783
-0.6422527632685155,-0.6344923605826316,-0.43003585017558266
-0.6497452628260294,-0.62813550641977,-0.4281084897662192
-0.6571622396980157,-0.6216849782585496,-0.4261989893497574
-0.6645025989426679,-0.6151417155285386,-0.42430763110630754
-0.6717652566063389,-0.6085066711195866,-0.422434694621049
-0.6789491398747917,-0.6017808112457109,-0.42058045684474543
-0.6860531872227406,-0.5949651153072875,-0.4187451920546736
-0.6930763485616703,-0.5880605757515757,-0.4169291718159662
-0.7000175853859211,-0.5810681979315993,-0.4151326649433751
-0.7068758709170266,-0.5739889999634158,-0.4133559374634565
-0.7136501902462968,-0.5668240125817959,-0.41159925257718377
-0.7203395404756316,-0.5595742789943443,-0.4098628706229873
-0.7269429308565576,-0.5522408547340836,-0.4081470490402291
-0.7334593829274759,-0.5448248075105323,-0.40645204233311194
-0.7398879306491141,-0.5373272170593006,-0.4047781020350275
-0.7462276205381715,-0.5297491749902279,-0.40312547667334525
-0.7524775117991502,-0.5220917846340921,-0.401494411734645
-0.7586366764543634,-0.5143561608879129,-0.399885149630397
-0.7647041994721127,-0.5065434300588768,-0.39829792966308947
-0.770679178893027,-0.4986547297069063,-0.39673298799280854
-0.7765607259545582,-0.4906912084859016,-0.3951905576042713
-0.7823479652136234,-0.4826540259836762,-0.39367086827431386
-0.7880400346673887,-0.4745443525606129,-0.3921741465398373
-0.7936360858721904,-0.46636336918706517,-0.3907006156662137
-0.7991352840605845,-0.4581122672795261,-0.38925049561615327
-0.8045368082565216,-0.44979224853558963,-0.38782400301903375
-0.80983985138864,-0.44140452476772857,-0.3864213511406962
-0.8150436204016746,-0.4329503177359119,-0.3850427498537062
-0.8201473363659745,-0.4244308589790854,-0.38368840560808326
-0.8251502345851256,-0.4158473896455366,-0.3823585214024994
-0.830051564701676,-0.4072011603221707,-0.38105329675594873
-0.8348505908009568,-0.39849343086271655,-0.37977292767989
-0.8395465915129972,-0.3897254702148854,-0.3785176066508599
-0.8441388601125308,-0.38089855624650787,-0.37728752258356374
-0.8486267046170872,-0.3720139755706657,-0.37608286080443937
-0.8530094478831682,-0.3630730233698452,-0.37490380302569926
-0.857286427700506,-0.3540770032191302,-0.37375052731984926
-0.8614569968843973,-0.3450272269084572,-0.37262320809468574
-0.8655205233661168,-0.33592501426395394,-0.371522016068773
-0.8694763902814011,-0.32677169296838143,-0.3704471182473992
-0.873323996057006,-0.3175685983807004,-0.3693986778990152
-0.877062754495332,-0.30831707335478215,-0.3683768545321529
-0.8806920948571196,-0.29901846805728494,-0.3673818038728273
-0.8842114619422078,-0.28967413978471435,-0.36641367784242124
-0.8876203161683572,-0.280285452779688,-0.36547262453605295
-0.8909181336481398,-0.2708537780464244,-0.3645587882014282
-0.8941044062638838,-0.2613804931654744,-0.36367230921817684
-0.8971786417406848,-0.2518669821077157,-0.3628133240776746
-0.9001403637174719,-0.24231463504762682,-0.3619819653633492
-0.902989111816134,-0.23272484817586178,-0.36117836173147433
-0.9057244417087025,-0.22309902351114194,-0.36040263789244714
-0.9083459251825898,-0.2134385687114844,-0.35965491459255505
-0.910853150203884,-0.20374489688478423,-0.3589353085962277
-0.9132457209786979,-0.19401942639876912,-0.35824393266877647
-0.915523258012571,-0.18426358069034277,-0.35758089555962175
-0.9176853981679262,-0.17447878807433603,-0.3569463019860072
-0.9197317947195788,-0.1646664815516819,-0.3563402526172034
-0.9216621174082971,-0.15482809861703153,-0.3557628440591981
-0.9234760524924153,-0.14496508106582892,-0.3552141688398757
-0.9251733027974971,-0.13507887480085978,-0.3546943153946852
-0.9267535877640511,-0.1251709296382924,-0.3542033680527966
-0.9282166434932948,-0.11524269911322498,-0.353741407023747
-0.9295622227909704,-0.10529564028475806,-0.35330850838457484
-0.9307900952092086,-0.0953312135406058,-0.35290474406744365
-0.9319000470864426,-0.08535088240126314,-0.3525301818477561
-0.9328918815853703,-0.07535611332374435,-0.352184885332756
-0.9337654187289652,-0.06534837550490798,-0.3518689139506213
-0.934520495434535,-0.05532914068438422,-0.35158232294004643
-0.935156965545827,-0.04529988294711948,-0.35132516334031405
-0.9356746998631825,-0.035262078525553284,-0.351097481981858
-0.9360735861717359,-0.02521720560144249,-0.3508993214773157
-0.9363535292676601,-0.015166744107347576,-0.3507307202130708
-0.9365144509824593,-0.0051121755277956015,-0.350591712341287
-0.9365562902053038,0.004945017299865595,-0.3504823277724324
-0.9364790029034119,0.01500335038490765,-0.35040259216829345
-0.9362825621404731,0.02506133878294203,-0.35035252693548236
-0.9359669580931167,0.03511749679590642,-0.3503321492194334
-0.9355321980654209,0.04517033817230312,-0.35034147189889175
-0.934978306501463,0.05521837630767539,-0.3503805035808935
-0.9343053249959111,0.06526012444530818,-0.35044924859623805
-0.9335133123026553,0.07529409587713931,-0.350547706995452
-0.9326023443414762,0.08531880414486759,-0.3506758745452451
-0.9315725142027509,0.09533276324124437,-0.3508337427254602
-0.9304239321501963,0.10533448781153486,-0.351021298726514
-0.9291567256216458,0.11532249335513643,-0.3512385254473324
-0.9277710392278592,0.1252952964273397,-0.3514854014937794
-0.926267034749366,0.13525141484122027,-0.35176190117757905
-0.9246448911313374,0.14518936786964717,-0.3520679945157321
-0.9229048044764872,0.155107676447395,-0.35240364723042716
-0.9210469880360002,0.16500486337334724,-0.3527688207494468
-0.9190716721984846,0.1748794535127774,-0.3531634722070696
-0.9169791044769479,0.184729973999695,-0.35358755444546786
-0.9147695494937927,0.19455495443924362,-0.35404101601660126
-0.9124432889638318,0.20435292711013822,-0.3545238011846087
-0.9100006216753183,0.21412242716712881,-0.3550358499286965
-0.9074418634689903,0.22386199284347752,-0.35557709794652587
-0.9047673472151256,0.2335701656534367,-0.35614747665809826
-0.9019774227886047,0.2432454905947146,-0.3567469132101405
-0.8990724570419787,0.25288651635091647,-0.3573753304809907
-0.8960528337765394,0.2624917954939479,-0.35803264708598387
-0.8929189537113891,0.27205988468636794,-0.3587187773833403
-0.8896712344505027,0.28158934488367815,-0.3594336314805555
-0.8863101104477854,0.29107874153653657,-0.3601771152412945
-0.8828360329701166,0.30052664479288116,-0.36094913029278897
-0.8792494700583777,0.3099316296999533,-0.3617495740337409
-0.8755509064864617,0.31929227640620383,-0.36257833964273084
-0.871740843718257,0.3286071703630727,-0.36343531608713525
-0.8678197998626046,0.3378749025266266,-0.3643203881325496
-0.8637883096262212,0.3470940695590428,-0.3652334363527221
-0.8596469242645856,0.35626327402992425,-0.36617433713999836
-0.8553962115307822,0.3653811246174341,-0.3671429627162757
-0.8510367556222973,0.374446236309236,-0.3681391811444718
-0.8465691571257624,0.3834572306032251,-0.36916285634050644
-0.8419940329596393,0.39241273570803775,-0.3702138480857999
-0.8373120163148416,0.40131138674332545,-0.3712920120402856
-0.8325237565932867,0.4101518259397777,-0.37239719975594376
-0.8276299193443717,0.4189327028388822,-0.3735292586908523
-0.8226311861993678,0.42765267449240585,-0.37468803222376024
-0.8175282548037265,0.4363104056615824,-0.37587335966918284
-0.812321838747291,0.44490456901599307,-0.3770850762930216
-0.8070126674924059,0.45343384533212394,-0.37832301332870966
-0.8016014862999192,0.4618969236915861,-0.3795869979938851
-0.7960890561530668,0.47029250167898135,-0.3808768535075934
-0.7904761536792357,0.4786192855794009,-0.38219239910802116
-0.7847635710695967,0.4868759905755383,-0.38353345007076295
-0.7789521159965964,0.4950613409444011,-0.384899817727622
-0.773042611529306,0.5031740702536062,-0.38629130948594964
-0.7670358960466137,0.511212921557241,-0.3877077288485217
-0.7609328231482548,0.5191766475912735,-0.38914887543395715
-0.7547342615636712,0.5270640109684936,-0.39061454499767906
-0.7484410950586892,0.5348737843729694,-0.39210452945342084
-0.7420542223400107,0.5426047507539984,-0.39361861689527994
-0.7355745569575052,0.5502557035195371,-0.395156591620321
-0.7290030272042941,0.5578254467290888,-0.3967182341517312
-0.72234057601462,0.5653127952860308,-0.39830332126252904
-0.7155881608594882,0.5727165751293627,-0.399911625999831
-0.7087467536400739,0.580035623424852,-0.40154291770967604
-0.701817340578882,0.5872687887555639,-0.4031969620624128
-0.6948009221086516,0.594414931311743,-0.4048735210786494
-0.6876985127589954,0.6014729230800376,-0.40657235315577106
-0.6805111410407614,0.6084416480320364,-0.40829321309502636
-0.6732398493281077,0.6153200023120976,-0.4100358521291855
-0.6658856937382803,0.6221068944244489,-0.4118000179507728
-0.6584497440090833,0.6288012454195323,-0.4135854547408768
-0.650933083374028,0.6354019890795712,-0.41539190319854
-0.643336808435155,0.6419080721033341,-0.4172191005707309
-0.6356620290335124,0.6483184542900703,-0.4190667806829028
-0.6279098681172851,0.6546321087225914,-0.4209346739701389
-0.6200814616075578,0.6608480219494717,-0.4228225075088904
-0.6121779582617063,0.6669651941663403,-0.42473000504930736
-0.6042005195344022,0.6729826393962369,-0.42665688704816784
-0.5961503194362222,0.6788993856690023,-0.428602870702404
-0.5880285443898474,0.684714475199675,-0.43056766998323376
-0.5798363930838474,0.6904269645658623,-0.43255099567089617
-0.57157507632403,0.6960359248840566,-0.43455255538999554
-0.5632458168823533,0.7015404419848639,-0.4365720536454576
-0.5548498493433845,0.7069396165871118,-0.43860919185909797
-0.5463884199482959,0.7122325644708041,-0.44066366840680954
-0.5378627864363872,0.7174184166488891,-0.4427351786563682
-0.5292742178841238,0.7224963195378031,-0.4448234150058623
-0.5206239945416804,0.7274654351267567,-0.4469280669227466
-0.5119134076669805,0.7323249411457231,-0.44904882098352444
-0.5031437593572194,0.7370740312320959,-0.4511853609140615
-0.494316362377865,0.7417119150959725,-0.45333736763053234
-0.4854325399891222,0.7462378186840247,-0.4555045192810033
-0.4764936257698567,0.7506509843419193,-0.4576864912876536
-0.4675009634389651,0.7549506709752404,-0.45988295638963816
-0.45845590667418523,0.7591361542088778,-0.46209358468659323
-0.4493598189283392,0.7632067265448325,-0.46431804368278845
-0.44021407324299966,0.7671616975183961,-0.46655599833192585
-0.43102005205957394,0.7710003938526612,-0.4688071110825898
-0.42177914702779856,0.7747221596113093,-0.47107104192434907
-0.4124927588116395,0.7783263563496359,-0.4733474484345115
-0.40316229689259087,0.7818123632637575,-0.4756359858255356
-0.39378917937036956,0.7851795773379547,-0.47793630699309914
-0.38437483276100015,0.7884274134900972,-0.4802480625648255
-0.3749206917922883,0.7915553047151002,-0.48257090094967087
-0.3654281991966786,0.7945627022263573,-0.48490446838797197
-0.3558988055014976,0.7974490755950971,-0.48724840900215594
-0.34633396881657863,0.8002139128876058,-0.4896023648481127
-0.3367351546192707,0.8028567208002599,-0.49196597596723024
-0.32710383553683237,0.8053770247923119,-0.4943388804390941
-0.31744149112621234,0.8077743692163672,-0.4967207144348491
-0.30774960765122006,0.8100483174464966,-0.4991111122712258
-0.2980296778570922,0.8121984520039168,-0.5015097064652282
-0.2882832007424595,0.8142243746801827,-0.5039161277894849
-0.2785116813287215,0.8161257066578238,-0.5063300053282607
-0.26871663042683763,0.817902088628362,-0.5087509665341281
-0.2588995644015442,0.8195531809076444,-0.5111786372852966
-0.24906200493300956,0.8210786635484243,-0.5136126419435983
-0.2392054787759387,0.8224782364501244,-0.5160526034131282
-0.22933151751614217,0.8237516194657097,-0.5184981431995335
-0.21944165732458662,0.824898552505605,-0.5209488814699542
-0.2095374387089426,0.8259187956385827,-0.5234044371136044
-0.1996204062626506,0.8268121291895519,-0.5258644278029976
-0.18969210841152626,0.8275783538341728,-0.5283284700558077
-0.1797540971579278,0.8282172906902285,-0.5307961792973608
-0.1698079278225112,0.8287287814056752,-0.5332671699237539
-0.15985515878360024,0.8291126882432975,-0.5357410553655958
-0.14989735121420078,0.8293688941618967,-0.5382174481523607
-0.13993606881669088,0.8294973028939274,-0.5406959599773522
-0.12997287755522036,0.8294978390195165,-0.543176201763266
-0.1200093453858564,0.8293704480367786,-0.545657783728347
-0.11004704198451314,0.829115096428355,-0.5481403154531316
-0.10008753847270584,0.8287317717240951,-0.550623405947765
-0.0901324071411741,0.8282204825598036,-0.5531066637198866
-0.08018322117141895,0.8275812587319753,-0.5555896968430704
-0.070241554355203,0.826814151248435,-0.5580721130258124
-0.06030898081206453,0.8259192323748096,-0.560553519681052
-0.050387074704899636,0.8248965956767459,-0.5630335239962166
-0.04047740995366897,0.8237463560578029,-0.565511733003776
-0.030581559947288815,0.8224686497929341,-0.5679877536522935
-0.02070109725376876,0.8210636345574842,-0.570461192877959
-0.010837593328661427,0.8195314894516222,-0.5729316576765927
-0.0009926182218924255,0.8178724150201319,-0.5753987551760975
0.008832259716957976,0.8160866332674865,-0.5778620927093516
0.018635474134847226,0.8141743876681256,-0.5803212778875184
0.028415460972859366,0.8121359431718655,-0.5827759186737593
0.03817065876511003,0.8099715862043663,-0.58522562345733
0.047899508938883596,0.807681624662579,-0.5876700011280402
0.05760045611591612,0.8052663879051094,-0.5901086611510599
0.06727194841473351,0.8027262267374203,-0.5925412136420465
0.07691243775395236,0.8000615133918073,-0.5949672694425763
0.08652038015644686,0.797272641502082,-0.5973864401958557
0.09609423605428194,0.7943600260728929,-0.5997983384226877
0.10563247059431088,0.7913241034436279,-0.6022025775976724
0.11513355394433074,0.7881653312468304,-0.6045987722256159
0.1245959615996872,0.7848841883610749,-0.6069865379181207
0.1340181746902165,0.7814811748582441,-0.6093654914703336
0.14339868028740987,0.7779568119451548,-0.6117352509378223
0.15273597171168174,0.7743116418994804,-0.6140954357135535
0.16202854883962123,0.7705462279999251,-0.6164456666049443
0.17127491841110262,0.7666611544506011,-0.6187855659109556
0.18047359433612856,0.7626570262995727,-0.6211147574992014
0.18962309800127547,0.7585344693515227,-0.6234328668830372
0.19872195857561017,0.7542941300745148,-0.6257395212986028
0.2077687133159419,0.7499366755008147,-0.6280343497817806
0.21676190787127292,0.7454627931217469,-0.6303169832450412
0.22570009658630813,0.7408731907765653,-0.6325870545541399
0.23458184280388106,0.7361685965353166,-0.6348441986046323
0.24340571916615328,0.7313497585756854,-0.6370880523981709
0.2521703079144401,0.7264174450538123,-0.6393182551185507
0.26087420118751553,0.7213724439690781,-0.6415344482074639
0.269516001318246,0.7162155630228566,-0.6437362754399321
0.27809432112840227,0.7109476294712413,-0.6459233829993736
0.28660778422149774,0.7055694899717575,-0.6480954195522735
0.2950550252734969,0.7000820104240727,-0.650252036322413
0.3034346903212429,0.694486075804731,-0.6523928871646264
0.3117454370484451,0.6887825899959359,-0.654517628638041
0.3199859350690744,0.6829724756084138,-0.6566259200787651
0.3281548662080051,0.6770566737983986,-0.6587174236719833
0.3362509247787518,0.671036144078779,-0.6607918045234205
0.34427281785814035,0.6649118641244604,-0.662848730730135
0.35221926555776073,0.6586848295719961,-0.6648878734506007
0.36008900129204213,0.6523560538135514,-0.6669089069740413
0.3678807720427986,0.6459265677852659,-0.6689115087889733
0.37559333862008965,0.6393974197500916,-0.670895359650922
0.38322547591924366,0.6327696750751838,-0.6728601436492696
0.3907759731738938,0.6260444160039333,-0.6748055482731974
0.39824363420487635,0.6192227414227319,-0.6767312644766823
0.4056272776648447,0.6123057666225691,-0.6786369867425109
0.4129257372784554,0.6052946230555658,-0.6805224131452722
0.42013786207798254,0.5981904580865546,-0.6823872454132918
0.42726251663422243,0.5909944347398243,-0.684231188989472
0.434298581282553,0.5837077314411505,-0.6860539530909998
0.4412449523440141,0.5763315417552418,-0.6878552507678887
0.4481005423412825,0.5688670741187336,-0.6896347989603193
0.4548642802094134,0.561315551568871,-0.6913923185547453
0.4615351115012324,0.5536782114680255,-0.6931275344387305
0.4681119985872574,0.545956305224195,-0.6948401755544864
0.47459392085004354,0.5381510980076435,-0.6965299749510787
0.480979874872843,0.5302638684638404,-0.6981966698352746
0.48726887462247864,0.5222959084228643,-0.6998400016209977
0.4934599516263387,0.5142485226054422,-0.7014597159773693
0.49955215514339923,0.5061230283257948,-0.7030555628753051
0.5055445523291954,0.4979207551914707,-0.7046272966326448
0.511436228394661,0.48964304480034615,-0.7061746759577905
0.5172262867587668,0.48129125043497945,-0.7076974639918332
0.5229138491948931,0.4728667367545051,-0.7091954283491444
0.528498055970879,0.4643708794842624,-0.7106683411564176
0.5339780659826977,0.45580506510335,-0.7121159790901399
0.5393530568817155,0.4471706905303024,-0.7135381234124786
0.544622225195495,0.4384691628070887,-0.7149345600055704
0.5497847864421164,0.42970189878163156,-0.7163050794041999
0.5548399752379944,0.42087032478904823,-0.717649476826858
0.5597870453991753,0.41197587633181487,-0.7189675522051707
0.5646252700361092,0.40301999775905767,-0.7202591102116933
0.5693539416418965,0.39400414194517275,-0.721523960286063
0.5739723721740182,0.3849297699679776,-0.7227619166595112
0.5784798931295662,0.3757983507865957,-0.7239727983777295
0.582875855613996,0.3666113609192754,-0.725156429322094
0.5871596304034341,0.35737028412134353,-0.7263126382292497
0.5913306080005781,0.3480766110634904,-0.7274412587090606
0.595388198684236,0.33873183901058274,-0.7285421292609299
0.5993318325525582,0.3293374715011982,-0.7296150932885023
0.6031609595600221,0.3198950180280718,-0.7306599991127563
0.6068750495482379,0.31040599371964134,-0.7316766999835009
0.6104735922706491,0.30087191902287647,-0.7326650540892891
0.6139560974112123,0.29129431938757117,-0.733624924565766
0.6173220945971393,0.2816747249522746,-0.7345561795024674
0.6205711334058011,0.2720146702320326,-0.7354586919480917
0.6237027833658915,0.26231569380810577,-0.736332339914262
0.6267166339529563,0.25257933801982513,-0.7371770063778056
0.6296122945794046,0.24280714865874026,-0.7379925792815735
0.6323893945791139,0.2330006746652118,-0.7387789515338252
0.635047583186757,0.22316146782758986,-0.7395360210062081
0.6375865295119758,0.21329108248411738,-0.7402636905303597
0.6400059225085345,0.20339107522768848,-0.7409618678931628
0.6423054709385891,0.19346300461358681,-0.7416304658306864
0.6444849033322132,0.1835084308703209,-0.7422694020208435
0.6465439679423244,0.17352891561366693,-0.7428785990748015
0.6484824326951572,0.16352602156402155,-0.7434579845271784
0.6503000851364339,0.15350131226716074,-0.7440074908250633
0.6519967323733851,0.14345635181849278,-0.7445270553158948
0.6535722010127735,0.13339270459088554,-0.7450166202342385
0.6550263370950787,0.12331193496614101,-0.7454761326874997
0.6563590060249999,0.11321560707018274,-0.7459055446406097
0.6575700924984343,0.10310528451201206,-0.7463048128997277
0.6586595004260936,0.09298253012648434,-0.7466738990949974
0.6596271528539123,0.082848905720946,-0.7470127696623956
0.6604729918804148,0.07270597182576666,-0.7473213958247178
0.6611969785711932,0.06255528744879285,-0.7475997535717385
0.6617990928706586,0.05239840983374209,-0.7478478236395882
0.6622793335112207,0.0422368942225488,-0.7480655914893871
0.6626377179200522,0.03207229362166571,-0.7482530472851755
0.6628742821235916,0.021906158572317546,-0.7484101858711824
0.6629890806499333,0.011740036924696998,-0.7485370067484728
0.6629821864292592,0.0015754736160850553,-0.7486335140510102
0.6628536906924527,-0.008585989547127944,-0.7486997165211772
0.6626037028680399,-0.018742814103551202,-0.74873562748479
0.6622323504776,-0.028893465147069215,-0.7487412648256463
0.661739779029777,-0.039036411533327355,-0.7487166509596422
0.6611261519130285,-0.04917012608247605,-0.7486618128084968
0.6603916502872353,-0.05929308577822789,-0.7485767817731176
0.6595364729743008,-0.06940377196328738,-0.7484615937066428
0.6585608363478549,-0.07950067053121808,-0.748316288887193
0.6574649742221782,-0.0895822721148163,-0.7481409119903667
0.6562491377404582,-0.09964707227106556,-0.7479355120615081
0.654913595262476,-0.10969357166274935,-0.7477001424877805
0.6534586322518299,-0.11972027623680435,-0.7474348609700722
0.6518845511627848,-0.1297256973994992,-0.7471397294947635
0.6501916713268365,-0.13970835218852723,-0.7468148143053815
0.6483803288390761,-0.14966676344210436,-0.7464601858741676
0.6464508764444283,-0.15959945996516636,-0.7460759188735806
0.6444036834238395,-0.1695049766927614,-0.74566209214776
0.6422391354804752,-0.1793818548507348,-0.7452187886839688
0.6399576346259961,-0.18922864211380727,-0.7447460955840353
0.6375595990669582,-0.1990438927611459,-0.7442441040358123
0.6350454630913928,-0.20882616782952987,-0.7437129092846727
0.632415676955604,-0.21857403526421318,-0.7431526106050519
0.6296707067712275,-0.22828607006758703,-0.7425633112720555
0.6268110343925772,-0.23796085444574402,-0.7419451185331425
0.6238371573043094,-0.24759697795304644,-0.741298143579894
0.6207495885094247,-0.25719303763480067,-0.7406225015198795
0.6175488564176251,-0.2667476381681383,-0.739918311348627
0.6142355047340344,-0.2762593920012023,-0.7391856959217028
0.6108100923482913,-0.2857269194907393,-0.7384247819269099
0.6072731932240124,-0.2951488490381918,-0.7376356998566039
0.603625396288625,-0.3045238172243858,-0.7368185839801338
0.5998673053235585,-0.31385046894290847,-0.7359735723164041
0.5959995388547823,-0.32312745753226246,-0.7351008066065654
0.5920227300436742,-0.3323534449068881,-0.7342004322868239
0.5879375265781976,-0.34152710168713657,-0.733272598461374
0.5837445905643613,-0.35064710732827714,-0.7323174578754477
0.579444598417935,-0.35971215024861636,-0.7313351668884759
0.5750382407563882,-0.36872092795680744,-0.7303258854473591
0.5705262222910148,-0.37767214717841985,-0.7292897770598362
0.5659092617192091,-0.3865645239818397,-0.7282270087679484
0.5611880916168466,-0.3953967839035668,-0.7271377511215864
0.5563634583307301,-0.40416766207296834,-0.7260221781521146
0.5514361218710532,-0.4128759033365493,-0.7248804673460594
0.5464068558038305,-0.42152026238179213,-0.7237127996188524
0.5412764471432469,-0.4300995038606182,-0.7225193592886173
0.5360456962438716,-0.43861240251251427,-0.7213003340499874
0.5307154166926833,-0.44705774328736897,-0.7200559149479411
0.5252864352008523,-0.4554343214680565,-0.7187862963516428
0.51975959149522,-0.46374094279280154,-0.7174916759282756
0.5141357382094212,-0.4719764235773558,-0.7161722546168499
0.5084157407745898,-0.4801395908370129,-0.7148282366019763
0.5026004773095892,-0.4882292824084832,-0.7134598292875856
0.49669083851070706,-0.49624434707164605,-0.7120672432705822
0.49068772754075785,-0.5041836446711955,-0.7106506923144147
0.484592059917531,-0.512046046238188,-0.7092103933225484
0.4784047634015266,-0.5198304341114989,-0.7077465663118261
0.47212677788292123,-0.5275357020591916,-0.7062594343856984
0.4657590552677028,-0.535160755399796,-0.7047492237073105
0.4593025593629202,-0.5427045111234934,-0.7032161634724285
0.4527582657609885,-0.5501658980131998,-0.7016604858821905
0.4461271617229956,-0.5575438567655338,-0.700082426115667
0.4394102460609555,-0.5648373401116551,-0.6984822223022151
0.4326085290189543,-0.5720453129379576,-0.6968601154936124
0.42572303215313884,-0.5791667524065904,-0.6952163496359538
0.41875478821049594,-0.5862006480757878,-0.6935511715412996
0.4117048410063743,-0.5931460020199768,-0.6918648308590587
0.40457424530070357,-0.6000018289496339,-0.6901575800470937
0.3973640666728636,-0.6067671563308584,-0.6884296743425343
