7.820740496793088248e-01,7.754172229746141287e-01,7.543559640658181742e-01,7.201885651342710970e-01,7.806128802559330060e-01,7.582213565548818757e-01,7.479618986350640153e-01,7.569395594933309157e-01,7.424184099378268176e-01,7.431386952125956791e-01,8.380622356739807488e-01,7.736524202073725709e-01,8.001467283681632514e-01,7.530997783018865688e-01,7.825162367183370327e-01,7.950039316406370959e-01,7.901517714439668660e-01,8.259636003622838896e-01,7.147627918009021863e-01,8.124183174093968507e-01,7.113542775367667215e-01,6.969911131995841780e-01,7.480733455308300472e-01,7.184403289279314153e-01,7.629503660123424513e-01,6.876301869170192704e-01,6.608151688693235659e-01,6.893351791461077571e-01,5.863189199588851874e-01,5.809883235492602216e-01,6.390599736500495176e-01,4.582403187148071377e-01,4.449333241595165300e-01,5.226069631561360840e-01,5.308846178364329260e-01,4.062052589142371439e-01,4.365872507275264103e-01,3.746724810221248037e-01,3.787858548074668485e-01,3.748184753635088184e-01,2.661021943903402742e-01,5.213142167289707141e-01,4.829451191795294251e-01,3.655926476862085273e-01,4.363555112061382468e-01,4.309022846537647888e-01,4.795859666284522094e-01,5.492491260846634749e-01,5.595246601067187520e-01,4.651527456491656998e-01,3.579845714313588112e-01,4.740727338688957571e-01,3.709013706929382703e-01,3.621332882672894660e-01,5.243912639733001591e-01,3.031078829122044183e-01,4.955891328257811534e-01,4.395212918436815497e-01,3.570657212021902116e-01,3.658564945688305148e-01,3.576456262984042400e-01,4.273177168312075613e-01,3.412398930157696242e-01,3.810754298907187421e-01,3.513381341731570129e-01,4.869979953013491292e-01,5.124841136837161581e-01,3.197523520661433305e-01,2.904994928235907770e-01,3.988057990771168293e-01,4.349178041371631331e-01,3.227676570568224212e-01,3.546716994960783520e-01,3.479096734999586604e-01,2.401641139479495091e-01,2.772839404063066060e-01,3.783954417104153367e-01,4.351783344287632471e-01,3.964913357511770098e-01,4.168473760233810665e-01
8.105258257338870953e-01,7.843929074662113754e-01,7.178977602700603589e-01,7.143584694967005655e-01,7.868487503452193943e-01,7.532592259609730556e-01,7.520259115830459917e-01,7.559487912753553029e-01,7.439369933259902812e-01,7.904407302131367663e-01,7.940292665663738481e-01,8.081886897237752221e-01,7.787793670434853821e-01,7.242737699702382903e-01,7.815166484209636888e-01,8.386949104947833966e-01,7.771322268255242971e-01,6.819081407303866360e-01,8.076479463140020520e-01,7.965370959692001929e-01,7.608881237483566817e-01,6.818153739021136639e-01,7.247568978813282436e-01,6.630360027755799468e-01,7.290929799885141893e-01,7.573643100088280899e-01,6.987829816786437220e-01,6.990521172817110163e-01,7.088578026559368972e-01,6.709932275175591876e-01,6.260838500410753626e-01,6.223323900751503990e-01,4.569644166578809008e-01,4.867175374354387185e-01,4.110452004680687499e-01,4.458382823402159967e-01,4.409487173578291452e-01,5.208268604175193550e-01,4.943553328892192344e-01,4.574696210432468435e-01,5.697279318451401453e-01,4.532731072126475191e-01,5.221235751605765030e-01,5.733104307722359794e-01,5.165615323717268614e-01,5.159508591232071506e-01,4.906274538456634193e-01,5.719195043985200178e-01,4.476163141011478275e-01,5.405437748830650424e-01,4.755572625753483051e-01,4.328605268451429233e-01,4.144695274484878622e-01,4.670672101811597643e-01,4.421145960225703053e-01,5.124893807543363655e-01,4.850544107620791690e-01,4.199880412574759081e-01,3.464638814257604005e-01,5.017593235242877592e-01,4.425074136661849566e-01,5.397406111643815452e-01,4.290243464702217513e-01,4.990579824200226389e-01,4.593959272435129138e-01,4.856609536919053172e-01,4.861622640071946999e-01,4.765473720669448077e-01,4.180442784476843254e-01,4.157273878664854427e-01,4.930226050176534924e-01,5.014217056344353329e-01,3.603895406103699295e-01,4.181973775814461503e-01,4.424686511881581463e-01,4.249291726758076537e-01,4.845990868361799708e-01,5.419400191150516299e-01,5.492155488429062427e-01,2.862223027052316904e-01
8.081571010089290130e-01,8.008162257108867310e-01,7.807797473180918546e-01,7.368237037390473754e-01,7.619784159083757835e-01,7.797178410218020828e-01,7.522317388359087698e-01,7.333836191883010835e-01,6.931043032177852670e-01,7.750653241441025632e-01,7.424057189741070095e-01,7.470478039093728650e-01,7.658182927269794327e-01,7.780025261446429363e-01,7.513237544915766231e-01,7.314149306766597469e-01,8.469740794425988373e-01,7.574480500705312869e-01,7.742355650766717945e-01,7.674379695818299707e-01,7.333395474518201729e-01,7.305400986445341749e-01,7.771479948132125060e-01,6.974098350032140736e-01,7.391662870067213786e-01,7.407979409964284834e-01,6.536363093976161887e-01,7.580368385925246866e-01,6.886250754617274650e-01,6.406869959257094349e-01,5.553488936653627750e-01,5.730967083939781936e-01,5.551452545860514620e-01,6.142190079390181801e-01,4.105107225242963787e-01,5.034714378616578223e-01,5.437925292469676375e-01,5.028775666278998413e-01,5.349518647781317249e-01,5.129496820246264299e-01,5.645003987592140948e-01,5.695182151054251074e-01,5.094645236347629114e-01,4.090332010951833186e-01,5.124369229962159045e-01,5.262048256700875282e-01,5.015336728878148076e-01,5.375610563519203078e-01,5.460531400966441851e-01,5.305779418033643724e-01,4.597902901613961646e-01,5.769735423001733921e-01,5.621600465214300346e-01,4.581867631454923928e-01,6.286947175239447905e-01,4.308915960898004327e-01,5.302895882593934296e-01,4.863373069018419037e-01,5.120099533781237167e-01,4.800582818765634086e-01,5.081568262983856554e-01,5.125371834396580395e-01,5.051638609053582529e-01,4.708308218118039123e-01,5.150470649504178544e-01,4.801404335944463031e-01,5.216074594111183016e-01,4.733718680287861691e-01,3.949456350774783742e-01,4.842437220452007751e-01,4.068151676764538704e-01,5.527117923707135505e-01,4.278768151114425433e-01,4.285173579431112989e-01,4.437229966996726893e-01,3.941336062736484069e-01,4.857262679871835465e-01,3.960070098308922093e-01,4.549716176439414506e-01,4.978702294354265256e-01
8.115504065432609382e-01,8.077623076939219882e-01,7.976504078509247808e-01,7.670647739863211134e-01,6.770299267489183759e-01,7.020852203584788676e-01,7.606371696286138295e-01,7.271227743052872672e-01,7.386166767381119325e-01,7.478290401101477247e-01,8.009484576575722770e-01,7.432481235601523517e-01,7.055705515394926630e-01,7.790503894518945316e-01,7.786247672668528130e-01,7.960023987755791008e-01,7.605322231694984225e-01,8.133299635730079080e-01,6.498087133028176421e-01,7.885725421707184823e-01,7.085385093533621559e-01,7.665299380293472131e-01,7.468292013479512770e-01,7.373104021561307508e-01,6.987673830936451669e-01,7.229452064057247940e-01,7.864977585018559925e-01,7.240246186075073309e-01,7.390922997054729660e-01,6.599477235600098579e-01,6.816334938975642244e-01,6.290431522306401124e-01,6.512552675536815716e-01,5.461701024942835492e-01,5.095169928741594134e-01,5.783223787197880883e-01,5.450345743100162288e-01,5.728732875911032307e-01,4.728976622260395724e-01,4.925498192398163888e-01,5.496382967743638215e-01,5.616729886061997412e-01,5.566120884381842160e-01,6.004079791826522072e-01,5.700483214391259823e-01,5.760558885993165568e-01,5.312892313142021372e-01,4.891507587603018403e-01,5.312416858991296786e-01,4.971774335678194601e-01,5.677923433595704061e-01,5.474769929109742916e-01,5.061708986997447424e-01,5.245348055197914805e-01,5.057744947477916808e-01,5.529168595263846964e-01,5.346411508355830566e-01,5.074380669488770534e-01,4.443860946675415868e-01,5.686972900039501955e-01,5.181326230569047731e-01,5.073659256853867427e-01,4.578511609303650975e-01,5.338066654666945299e-01,3.373350382452794394e-01,4.786580118810178641e-01,4.513921690409112286e-01,4.959591973666258036e-01,5.451919258953756842e-01,4.413066516178854592e-01,5.002448374611691007e-01,4.528871255247188254e-01,4.484630375791739398e-01,4.182533690929520209e-01,3.628306505226618350e-01,5.090699250034302903e-01,4.243535356142681403e-01,4.566507448328580576e-01,4.550261990025384340e-01,4.567062935528514722e-01
8.160766951257971691e-01,8.089742850797154716e-01,8.021350008978844759e-01,8.103591155381553168e-01,7.741345067076793596e-01,6.821113110008815150e-01,7.337929787936698922e-01,7.642936528169577137e-01,7.870384559922138923e-01,7.434398828318067309e-01,7.890687242144845959e-01,7.995317899672004236e-01,7.980341522763957363e-01,7.420075773679066788e-01,7.893058462291058230e-01,7.529731193455730942e-01,8.041198658717907399e-01,8.257488182241410346e-01,7.830968204807919886e-01,8.127653820368417881e-01,7.553376569053777967e-01,8.048477442983913432e-01,7.805675319835256865e-01,7.697106439697484204e-01,7.430638541851615209e-01,6.878769958296822029e-01,7.031174464235748767e-01,7.318610816506114780e-01,7.326302295789339780e-01,7.275696154114047465e-01,7.274213006265964898e-01,7.189788367074677611e-01,6.251503480206219709e-01,6.635371056311052396e-01,5.360393669978605891e-01,5.978588876474651981e-01,5.617181070602160764e-01,5.474592405609340906e-01,5.786808785456414306e-01,5.525748406362021026e-01,5.964837660837932765e-01,5.470493101119532353e-01,5.774835615393999477e-01,5.555001571799014215e-01,5.729697792290606717e-01,5.751575701929174667e-01,5.461525970717467926e-01,5.415058626542104125e-01,5.027364856824970696e-01,5.972960584499306114e-01,5.503721806707259079e-01,5.069077189357148461e-01,5.791477902106383358e-01,5.600875182932834040e-01,5.398483770404343129e-01,5.706441117376155336e-01,5.737066585929859741e-01,4.979813772165531116e-01,4.457062399374425166e-01,5.501189081803981029e-01,5.324997199904812906e-01,5.861817223906459207e-01,4.926555511452657687e-01,4.976263325322786146e-01,5.549042728988534678e-01,4.736786278058242039e-01,5.125068063977725741e-01,4.804804334613564931e-01,4.813884021403526670e-01,5.298494599685005246e-01,5.243552151047766730e-01,4.330370611251614377e-01,5.080340407075658593e-01,5.264468899571889127e-01,5.459271922029057533e-01,4.425910808366256277e-01,3.646961637899054920e-01,4.255195220943902013e-01,4.187310735528396721e-01,4.149233955884678027e-01
8.123829616694647759e-01,8.127559541849156410e-01,8.025998988858628058e-01,8.034655225803405409e-01,7.989252934046664478e-01,7.876728087730636707e-01,7.206530388241630947e-01,7.750494353053910546e-01,7.760400191848552121e-01,7.929092310086548467e-01,7.370259895555779650e-01,7.600198134045540455e-01,8.295370775316919243e-01,7.284638996647142539e-01,7.749419566441969609e-01,8.067830675965950160e-01,8.081951098908503051e-01,8.098836423596839085e-01,7.804670591476094987e-01,8.417636017280526461e-01,7.542920003979174393e-01,7.620093936576506355e-01,7.537640595557111300e-01,7.775224172724317651e-01,6.826226304332941863e-01,7.362368848650217013e-01,7.501953235029125144e-01,6.940611129253609901e-01,6.999110826449715939e-01,6.768290592610289869e-01,6.619237270005562390e-01,6.484910471261993159e-01,6.516938854323708341e-01,6.683438897571796211e-01,6.438829739881435366e-01,5.349847490592510857e-01,5.563931645208307630e-01,5.438414207594229888e-01,5.779687513191654746e-01,5.154543283519331665e-01,5.398921330393456897e-01,5.438211271596625762e-01,5.787264182459032069e-01,5.677384483533464143e-01,5.778073101786656007e-01,5.622684687077442733e-01,5.818211273098538028e-01,5.346106881467919125e-01,5.197105091720338743e-01,5.807656078383306442e-01,5.117564552989669613e-01,5.831019270596553561e-01,5.484814934552804111e-01,5.527567163076764212e-01,5.043960076878086785e-01,5.015273605947336844e-01,5.136192967032405798e-01,4.930340077619815853e-01,5.484104540871633793e-01,5.171808206711030476e-01,5.131581992893116118e-01,4.445906749367486421e-01,4.974481090984751441e-01,4.835815240104990309e-01,5.000052183789166493e-01,4.897031514106843786e-01,5.304153207289187266e-01,3.769145661140726467e-01,4.595223671856657477e-01,5.334898402838541553e-01,4.759719704041064370e-01,5.227065321109952700e-01,5.294480678630661963e-01,4.748951672106044297e-01,5.236671837721114109e-01,4.855743908707025880e-01,4.676772038230814776e-01,5.743030062825764670e-01,3.917608695711067290e-01,4.373594365835685172e-01
8.124298451409521782e-01,8.119146394452749771e-01,8.078301083436446595e-01,7.951648715799899403e-01,8.015382911673218924e-01,7.831664315835598078e-01,7.946051081159756224e-01,7.150761219904554489e-01,7.597590082236875819e-01,7.392692586866045357e-01,7.199706270178121148e-01,7.662550874120347411e-01,7.283606360656110779e-01,7.467826152451114696e-01,7.687219521514385701e-01,8.251138207592123575e-01,7.913699546275481111e-01,7.878766708403914798e-01,8.299704545575663506e-01,7.522664885203613760e-01,7.599081039694733919e-01,6.643553229248114755e-01,7.798837937615414884e-01,7.979211656120106522e-01,6.830040474310589138e-01,7.461183645737300418e-01,7.733148076639775326e-01,7.776264708840282536e-01,7.205489037207879477e-01,7.422968473300353143e-01,7.242890097426356588e-01,6.919540489277279383e-01,6.120425824723557673e-01,6.940832423675130647e-01,5.977484616468681233e-01,6.281532881032956261e-01,5.513012934342920168e-01,6.269884422233348298e-01,5.999227638539601504e-01,5.330174927760990000e-01,5.482780114392944437e-01,5.732409987285277397e-01,5.831978862796989294e-01,5.466582995809733392e-01,5.329773689817641769e-01,5.511244401526105285e-01,5.441961638960691738e-01,5.507299461449783884e-01,5.698552899531548199e-01,5.440501300854651001e-01,5.619142553682315855e-01,5.115231297394436938e-01,4.958922930546202368e-01,5.315529317181285629e-01,5.478873506306052299e-01,5.249178469412382197e-01,5.575413525424620653e-01,4.599151355564276011e-01,5.255427410943027677e-01,5.368672349569373337e-01,5.051380416252136962e-01,5.327098724465794133e-01,5.010022124663098264e-01,5.228963499487999655e-01,4.830403746481414795e-01,4.359436490078930637e-01,4.657142638670719870e-01,4.829240743233864097e-01,5.386393718197390879e-01,5.376947064699932888e-01,5.000090523182331159e-01,5.162465524157291430e-01,5.550702076808643470e-01,4.394976247074408038e-01,2.959794763685478780e-01,4.362931715644219333e-01,5.060331410465942481e-01,4.701778032746316005e-01,4.324811777982792704e-01,4.330957389308284222e-01
8.138520200719671083e-01,8.097583087843072125e-01,8.014175575840168930e-01,7.997199293410284238e-01,8.015353034763017526e-01,7.873160762424209480e-01,7.756293193825136711e-01,7.670601291968306423e-01,7.619091542397130601e-01,6.705401247847794233e-01,7.726212331316949511e-01,7.641722132015723590e-01,7.636432060043879533e-01,7.831631389875597371e-01,7.857113363532839401e-01,7.760783518964476935e-01,8.050704809074474833e-01,8.474474514705906403e-01,8.189757706037624763e-01,7.956412724949998294e-01,8.580000129685322330e-01,8.143361362857124419e-01,8.408797278634102534e-01,7.360844149082049759e-01,7.091595372460676172e-01,6.778341331597296238e-01,7.498111896199414206e-01,7.762662490997951359e-01,7.096335336857022558e-01,7.490913481160234033e-01,7.964280184087796366e-01,7.227771358107565325e-01,6.253792575440749735e-01,6.607696250088427314e-01,6.799281881446648246e-01,6.779176100474079147e-01,6.266624878584073910e-01,5.990278623796905233e-01,5.919147507573533362e-01,5.931263570554560216e-01,5.791759817804095212e-01,5.882224023594411211e-01,5.934923068297185411e-01,5.371650657708162413e-01,5.831102128833086651e-01,5.394096366172296264e-01,5.235519126896316378e-01,5.725480086692040782e-01,5.241072175859732285e-01,4.984314433126359467e-01,5.404808813527994804e-01,5.228177444291727261e-01,4.984094692179935615e-01,5.476098887663034542e-01,5.546930562477512261e-01,5.455677412883485067e-01,5.572197880998929209e-01,5.328991844495485353e-01,4.529349844662958202e-01,5.227569621082288620e-01,5.394505749309234099e-01,4.763376327311487080e-01,4.832833838487736733e-01,5.379108128139374889e-01,4.663106311005703053e-01,5.457427775812906390e-01,5.106459386335494566e-01,5.020378620877549158e-01,4.998930642225127841e-01,5.045552256558425430e-01,4.964541097174365314e-01,5.326197276382876877e-01,5.173215053985750211e-01,5.348345226402446695e-01,4.846715363843939750e-01,5.512002296029040460e-01,4.737856371262179622e-01,4.917330884620269016e-01,5.149903944725627847e-01,4.003252602201318733e-01
8.189746899121274071e-01,8.129740598941641583e-01,8.068499750409181548e-01,8.078889288236127397e-01,8.002822002284767366e-01,7.880883937687558349e-01,7.967733464715395231e-01,7.592626090175861320e-01,7.572564445970854097e-01,7.201281901499928528e-01,7.722262471618281943e-01,8.074495625537132515e-01,7.051311327723307487e-01,7.481027267001252312e-01,7.580673463759253217e-01,7.182906748313780954e-01,7.645905280573653817e-01,8.982002321264664912e-01,7.530633092774310366e-01,7.925861058975921525e-01,8.361362574292681149e-01,7.387153551626561843e-01,7.873972562222764093e-01,7.051497252346236033e-01,7.783181621443007181e-01,7.503277948422472088e-01,7.237400759253851401e-01,7.941244615636059434e-01,7.330442932464769079e-01,7.082357918834549793e-01,7.023418354817683174e-01,6.514714852408243217e-01,7.105666078364196725e-01,6.956256498867732230e-01,6.384039243421545384e-01,6.829051600633866403e-01,6.377042345566750203e-01,5.881073780426906428e-01,5.710942607273236105e-01,5.802672038846058422e-01,5.814834229166553348e-01,5.354802467714228076e-01,5.805448296142975417e-01,5.429102699716356062e-01,6.007195011895710701e-01,5.241979376514906974e-01,5.147969519096748936e-01,5.280761248066802027e-01,5.017636101520525083e-01,6.107401688779863225e-01,4.956516583694788869e-01,4.942474267367296670e-01,5.618866571854381764e-01,5.309076666289594959e-01,4.732916751096744035e-01,5.246409105344047585e-01,5.256764930376273126e-01,5.489381573595194519e-01,5.329395295524537168e-01,5.461836889965123731e-01,5.078616183240380888e-01,5.421733914977352464e-01,5.598441556077163872e-01,5.126478388150055299e-01,5.666491084567547576e-01,4.718884378869576124e-01,4.990550273944792115e-01,4.981819042520104768e-01,5.149217921355273564e-01,6.026001602302665239e-01,4.591196696192148541e-01,4.927853611648670418e-01,4.602691340528041741e-01,4.795957285511203150e-01,5.339781532353876647e-01,4.796005556457004215e-01,4.600774966222384577e-01,5.721602140432561212e-01,4.118313035212967654e-01,4.870496430344507521e-01
8.103824979778903037e-01,8.097219979565034587e-01,8.039008165171124265e-01,8.208895510726318401e-01,8.026796011614393267e-01,7.935019399554353869e-01,7.988479391648292127e-01,7.757135628812580341e-01,7.884499490972864955e-01,7.153925604005471062e-01,7.085730551732910554e-01,7.785663668139295446e-01,8.028419319864885662e-01,7.434978093782892428e-01,7.530198679309528798e-01,7.879491304347545633e-01,7.936865110968566173e-01,8.232038295351475909e-01,7.584167542709450149e-01,8.207733238351856420e-01,7.882296856753421288e-01,7.642016940045288642e-01,8.191676391473696750e-01,7.792419422643103166e-01,8.296949567003166770e-01,7.697104509768326608e-01,7.504592207112028568e-01,7.105245403684005145e-01,7.660134543115874051e-01,6.591506023306133999e-01,7.157849803959625001e-01,6.713233603385098114e-01,6.280150082636067888e-01,7.417368791112221027e-01,6.550623214659766491e-01,6.436599338155093442e-01,6.096099211105552307e-01,6.697830190790799998e-01,6.411814506200604891e-01,5.521481468195748032e-01,5.670204579043424120e-01,5.695099489756321187e-01,6.208523557169726148e-01,5.633099181601209926e-01,5.553351851847229126e-01,6.061490963507520924e-01,5.702610156909347916e-01,5.525871505264025041e-01,5.160626452610936887e-01,5.651244574020725109e-01,5.594094897470560657e-01,5.342548306177226092e-01,5.448322947798285298e-01,5.353244502156265794e-01,4.857101696780100064e-01,5.145384863565705125e-01,4.679656039809338974e-01,5.201717020364670097e-01,5.223200964591157014e-01,5.523589714662421324e-01,4.858048277917815239e-01,5.144477448956557009e-01,5.504957011531979028e-01,5.208162245017716740e-01,5.468538790972866659e-01,4.872438800961766958e-01,4.944173081839613459e-01,5.865951067387642492e-01,5.055154239076459222e-01,5.408106204471395673e-01,4.712629982769417358e-01,5.036203128472017676e-01,4.482938282877019232e-01,5.658446917380210994e-01,4.589263056752071468e-01,4.653649930184921568e-01,4.458998631900776277e-01,4.871281449066643954e-01,5.110991471940963260e-01,4.166321620989743568e-01
8.124635969183928719e-01,8.188984136522575730e-01,8.164322865244469929e-01,8.116072144609212113e-01,8.087528973093960349e-01,7.855031339678777424e-01,7.891612350760932593e-01,7.724734280532870034e-01,8.131794096285864804e-01,7.475917011241336452e-01,7.259444798776171215e-01,6.997917910844406730e-01,6.856691131403460648e-01,7.917831412297411386e-01,7.349932310199173147e-01,7.860503682683894766e-01,7.813872251036214633e-01,7.156284111372586132e-01,7.702956447214438507e-01,7.504769819996229829e-01,7.746688770224702258e-01,7.295767534589668868e-01,7.653558041854456873e-01,7.544792109441383898e-01,7.564048957299167597e-01,7.621002077461949131e-01,7.531453733545244722e-01,7.166382873438106316e-01,7.638323410696374882e-01,7.256453383308063554e-01,6.707586549729037673e-01,6.095295729273214613e-01,6.927440640053866838e-01,6.748875272956733617e-01,6.107794387536255032e-01,6.126867654770525862e-01,6.057303202107632289e-01,6.558116591568350362e-01,6.348190718985173842e-01,5.988408801820936933e-01,6.079371074808525011e-01,5.773303417040166474e-01,6.101139656490824903e-01,6.408281236780217771e-01,5.675020413354615600e-01,5.454065337641889055e-01,6.223599090451201743e-01,5.268230672254256008e-01,5.476223860148183853e-01,5.727288209126668583e-01,5.685494629149610013e-01,5.696509450397003738e-01,5.241021505363741007e-01,5.398384271403108281e-01,4.578844498305951749e-01,5.404677277728290319e-01,5.360049081195294995e-01,5.049519076025921205e-01,5.389948128269306249e-01,5.358740067380437511e-01,4.589564051360193742e-01,5.547480134396552964e-01,4.892270974013144813e-01,5.226371413562153068e-01,4.895015289242598544e-01,5.155938599336539196e-01,5.627772509770799791e-01,5.047902117521707588e-01,5.010733873821572315e-01,5.011016995767734183e-01,5.265054387969190230e-01,5.040705449797315829e-01,5.184402483294686670e-01,5.125191241460185232e-01,4.946534362879119184e-01,4.647789934028337400e-01,4.403158869919547302e-01,5.183272206433455764e-01,4.627504590175610111e-01,5.329277805699956794e-01
8.118617803950546330e-01,8.092706801529291338e-01,8.094698610908726000e-01,8.156433183298674727e-01,8.028323843248497127e-01,8.068125466331277362e-01,8.018010533820162378e-01,8.013301365671036125e-01,7.868937611419050127e-01,7.797157167597192906e-01,7.674714762842801408e-01,7.398615397636189028e-01,8.058410316795646677e-01,7.330842278300127024e-01,7.723316717461072844e-01,7.061956536150471031e-01,8.306104385310231208e-01,7.512191183566080399e-01,8.050720018004046130e-01,7.975146242542968666e-01,7.329835617826121474e-01,7.937487364065612949e-01,7.198868541681874289e-01,8.228080258690620985e-01,7.679515176590316905e-01,8.542797326702622485e-01,7.326824810491736617e-01,7.936713411662457140e-01,7.343758100711270664e-01,6.674315522722864547e-01,6.671547832192525895e-01,6.970752778740757494e-01,6.748612960791385840e-01,6.824262850263296265e-01,6.588998002265255005e-01,6.341947422157551140e-01,6.326052953083821651e-01,6.925489741690741274e-01,6.488330911291221303e-01,6.060715011645417816e-01,5.685458859731350456e-01,6.616315782862784989e-01,5.618259955919953086e-01,5.560092290600672227e-01,5.965061768130144326e-01,5.504101976832262988e-01,5.524970054870124159e-01,5.552691656911501461e-01,5.827118063022339589e-01,5.099901243365356773e-01,5.262496830329395081e-01,5.417603459690941703e-01,5.154166972753005949e-01,5.719547603557768589e-01,5.172332712317212478e-01,5.270347007584746946e-01,5.484005493998004299e-01,5.309186413641983071e-01,5.333349478090366746e-01,5.496172010352826653e-01,4.998503593942421608e-01,5.091007467419447208e-01,5.656260665144474675e-01,5.413349686873144551e-01,4.845591823942705934e-01,4.497350283452363207e-01,5.559478508521387141e-01,5.231983763535776877e-01,5.479187227436667085e-01,5.151205999053917184e-01,4.729758953336238303e-01,5.084164243031484842e-01,4.799014852818634935e-01,5.478802632256775107e-01,5.251297057723722794e-01,4.745191349112047319e-01,5.423624717924361294e-01,4.282490465966186100e-01,4.794992417383918681e-01,4.794148103655922477e-01
8.184410691669817828e-01,8.171322560653890843e-01,8.139395544758004641e-01,8.236947556358013012e-01,8.047653050160571420e-01,8.036624639494238664e-01,7.952874334543996726e-01,8.201837925945302255e-01,7.739124192953749093e-01,7.754733312798531841e-01,7.719317770307454474e-01,7.427096514988794640e-01,7.494893780099284308e-01,6.955364590623833720e-01,7.306297693229406587e-01,7.217708653833950772e-01,7.541063196217837605e-01,7.688573688375075488e-01,8.180103581322557549e-01,7.445020336380223647e-01,8.343631108725179102e-01,7.378640218260524852e-01,8.232165591844636809e-01,8.062736740794709256e-01,7.789182351610766109e-01,7.539932726759938086e-01,7.285397725464800578e-01,7.921076882955114806e-01,7.674214754790131821e-01,6.933763127968798345e-01,6.906101180938956086e-01,6.685637762957974406e-01,6.809361018713199210e-01,6.215688586114908043e-01,6.631764632491322642e-01,6.483293063502276743e-01,6.301437580734028376e-01,6.728154894756965820e-01,6.266758036547135369e-01,6.527527648975141039e-01,6.191501912412903375e-01,6.195672317177189914e-01,5.837214774035229814e-01,6.186145168748876655e-01,5.547674650828974263e-01,5.983072048476942850e-01,6.162384496500489250e-01,4.781540355200361025e-01,5.604622287964351468e-01,5.173837156574281337e-01,5.026914927480297113e-01,5.078448839092515321e-01,5.743161663807895279e-01,5.054528942213003528e-01,5.155356220851230464e-01,5.426024375228426511e-01,5.819649967665403434e-01,5.408780915326215633e-01,5.083626384317139202e-01,5.033307156583780584e-01,4.602875388243634069e-01,5.418384549463011179e-01,4.853510651272620602e-01,3.848665926976294061e-01,5.244540961604431395e-01,5.493811107140521566e-01,4.973077472200138072e-01,5.026369550773062134e-01,4.995462360269186664e-01,4.896122557589326907e-01,5.476990963803982648e-01,5.807735229863106863e-01,5.059651058452802053e-01,5.338048719996045799e-01,5.074022919810515786e-01,5.035062492180835125e-01,4.576320020723173565e-01,4.543531124538527366e-01,5.046886618186146034e-01,4.317956629124673484e-01
8.200509463096811169e-01,8.112960397626196585e-01,8.045208447185918654e-01,8.049113197841911704e-01,8.055051236357372302e-01,7.886623979141040852e-01,7.809382682899884687e-01,7.837311898288387146e-01,7.794187612520208086e-01,7.703369223174474367e-01,7.851754342446682911e-01,7.238018967318480268e-01,7.609026306526076588e-01,6.862716747807293682e-01,7.885253423367513115e-01,7.744300185958070681e-01,7.698824967392240426e-01,8.017929569257776778e-01,6.913538234051261888e-01,7.816353530030060170e-01,7.518558464669066188e-01,7.368651000298267473e-01,7.715295179591045160e-01,7.055772205074234416e-01,7.602188380869933093e-01,7.844484068460003678e-01,6.516437448609641025e-01,7.109849534432967078e-01,7.112736326668156472e-01,6.823184612072608068e-01,6.866028976700219166e-01,6.583279794031309251e-01,6.803375715764781173e-01,6.464156330656586347e-01,6.333256530654444161e-01,7.284363535258465694e-01,6.339723806614269153e-01,6.398381175499509022e-01,6.489102637407516694e-01,6.137540493448774281e-01,6.208205569667896162e-01,6.055165046815843555e-01,6.082291661650379710e-01,6.092751656396193649e-01,6.138981337263530458e-01,5.936189929015164291e-01,5.830418658597611437e-01,5.831872665391522048e-01,5.748200955987529115e-01,5.434229737880742483e-01,5.335585048778601625e-01,5.408566525751951071e-01,5.768249298172636319e-01,5.163673752826112295e-01,5.542705807931606055e-01,4.535035473390883198e-01,5.520991942981048339e-01,5.358488168636053040e-01,5.168163300525286941e-01,4.814716240538766123e-01,5.184700738145867627e-01,4.829733976018286135e-01,5.475723041671715086e-01,5.234108075228056656e-01,4.810648959284208326e-01,4.719280157075281257e-01,5.062587956103431486e-01,5.422032497761795078e-01,5.275152325623351235e-01,4.739422502020529393e-01,5.605622711070429309e-01,5.090463357743367778e-01,4.152614282952162839e-01,4.889986375334430257e-01,5.208927313473671328e-01,4.611228362529953828e-01,5.208733917910178812e-01,4.689569484469604532e-01,5.348910206976914550e-01,5.438180220839761159e-01
8.219254379606403260e-01,8.101512963383437071e-01,8.276202513746346856e-01,8.058859390572901127e-01,8.001720431824181912e-01,8.080278106383249614e-01,7.874967066494129586e-01,7.775750671312599005e-01,7.402472766665045834e-01,8.147003901114963087e-01,7.883696876026183853e-01,8.035283065310317996e-01,7.737804016749069147e-01,8.032129406626128398e-01,7.597216062402952774e-01,7.255173048688762227e-01,7.379338416457925653e-01,7.603231914472855513e-01,7.816098640868057723e-01,8.496346784441122235e-01,7.268947761063974111e-01,7.641298534208282867e-01,7.653432680431344615e-01,7.774498159902081262e-01,7.861729671039034972e-01,7.158943118140894679e-01,7.161867644906864117e-01,6.801053385762210191e-01,7.153378337000523279e-01,7.197643029995030028e-01,6.494095737104045307e-01,6.588242237003496538e-01,6.314920670429402527e-01,6.314082135912449933e-01,5.885783219902832597e-01,6.462455318217723566e-01,6.091682295266627190e-01,6.341134591297995504e-01,6.317364595765055935e-01,5.982342553383988015e-01,6.211400316440354175e-01,6.180361414460636693e-01,6.174125191427470849e-01,6.269236859314358812e-01,5.575571822008801304e-01,5.774685859927060072e-01,5.299808120072054818e-01,5.792850556078545932e-01,5.831718576273001720e-01,5.159775400748833896e-01,5.395984508028398574e-01,5.340169001301707796e-01,4.721557257628170023e-01,5.545630004297285032e-01,5.185569404320713449e-01,5.474325074971496674e-01,5.737679874230796617e-01,5.323418502096817218e-01,5.396776159654889105e-01,4.234715690082493933e-01,5.487424468305113212e-01,5.480871802559772465e-01,5.316148351378127135e-01,4.648205456564226679e-01,5.256750038308563022e-01,4.923631975768879565e-01,5.370079174636338548e-01,5.403836802009581719e-01,4.986297970401706303e-01,4.686886149803087265e-01,4.974226617538332063e-01,4.531172982026082652e-01,4.389303564551895187e-01,5.694904226410191228e-01,4.896920522286334343e-01,4.902149472844429257e-01,5.101809994373842638e-01,5.823912643254121058e-01,5.395573820802439524e-01,5.445653531902513445e-01
8.186448253522579099e-01,8.180045118374167368e-01,8.045203467162025390e-01,7.992188794568828580e-01,7.999744505361263691e-01,8.037254429348145157e-01,7.801491704232079716e-01,7.817572442716057557e-01,8.003695792629145211e-01,7.708989259079322975e-01,7.888405657524667491e-01,8.074942472158002094e-01,6.892408960033333809e-01,7.158979497505565393e-01,7.040193607558318245e-01,7.229374085572558561e-01,7.519383520609148608e-01,7.864091748114210301e-01,7.393239850233922494e-01,7.310692783842331899e-01,7.679768797383785817e-01,7.378784499162802657e-01,7.208721785492999690e-01,7.913490559613344244e-01,7.806224712912184227e-01,8.026725136497607771e-01,6.686160631127960885e-01,7.363430303428287749e-01,7.057240944086387024e-01,7.136635274795696260e-01,6.560060672079761623e-01,6.700666923543836528e-01,6.734587919917227605e-01,6.273575900332224453e-01,6.429772841367989988e-01,5.982877410682182484e-01,6.183907243129563858e-01,6.238603262479573974e-01,6.177488540309244991e-01,5.972839476240434653e-01,6.290330681099979282e-01,6.278262191911176959e-01,6.036790846415349687e-01,5.809917458518819577e-01,6.118334371297484697e-01,5.719453446149069809e-01,5.542198383282492813e-01,5.939743790104812238e-01,5.467785736499517490e-01,5.736708231035806405e-01,5.424643807995230826e-01,5.483741256004012188e-01,6.087053548906066203e-01,5.609553398649633760e-01,5.266889315995200160e-01,5.610461980886579658e-01,5.252903270828247484e-01,4.725724748130861186e-01,5.379396508013927214e-01,5.193433619324634432e-01,4.696065722515324614e-01,5.133441768946206407e-01,3.965086871983795058e-01,6.051002170730407359e-01,5.779470768843001371e-01,4.944771832333411665e-01,5.550512444244859456e-01,4.493807965498032297e-01,4.667099376255356424e-01,5.531312196457547348e-01,5.418201773234704310e-01,5.425450307295107688e-01,5.276469967514495485e-01,5.531097296281680675e-01,5.672192674454662464e-01,4.524983652609887441e-01,4.680041838340895932e-01,4.216761183292137560e-01,4.310683695373736524e-01,5.131910868710405360e-01
8.221891708796196241e-01,8.183257874043158298e-01,8.158433896062463608e-01,8.085749244374654809e-01,7.869019669811151418e-01,7.793863745295046552e-01,7.887136872189212111e-01,8.007336823616949539e-01,8.145682134552026943e-01,7.899037794496376330e-01,7.782568120781981902e-01,7.808820010134133183e-01,7.078575180888126983e-01,7.677474124628562713e-01,7.218668003542284550e-01,7.102995279388903960e-01,7.238822548347239039e-01,7.344754355086673403e-01,7.123737700727357236e-01,8.195842251307151605e-01,7.832257192941605162e-01,7.752564379742035161e-01,7.876207378812797311e-01,7.380423187317689537e-01,6.921556678009669339e-01,7.230211096131905490e-01,7.229047301119744251e-01,6.668999398850521398e-01,7.270561204613693596e-01,6.506959023238558792e-01,6.424558392802725004e-01,6.247634826384323992e-01,6.144322271509552458e-01,6.575391077231976800e-01,6.280201257061273079e-01,6.747709338112516386e-01,6.374333031944131589e-01,6.119360938187434762e-01,6.169689841993483137e-01,6.102838838458483073e-01,5.758579628246670579e-01,5.868290064091207237e-01,5.770294315675875696e-01,6.181346944438685931e-01,5.682881187786418264e-01,5.890582760266923623e-01,5.926329434264057117e-01,5.900804882117505201e-01,5.969654930227700218e-01,5.418414607078742007e-01,5.475885667964328629e-01,5.419109972426404687e-01,5.383401780977464801e-01,5.788314888116001811e-01,4.624565452584588621e-01,5.607673133125991027e-01,5.235407488727102931e-01,4.946112284413631266e-01,5.609410521054020160e-01,5.268536554362001079e-01,4.415196452230858992e-01,4.892594781821928418e-01,5.234757483327541205e-01,5.060842811296730748e-01,5.205730905614072146e-01,5.005298732739704715e-01,4.547988619631808671e-01,4.738487320304812789e-01,5.704432477052395756e-01,4.471768142490583631e-01,5.434765880373844116e-01,4.666170770695489134e-01,4.936589497788386183e-01,3.875675423186580315e-01,4.753839782948794945e-01,5.275522931808275251e-01,5.181483116089281582e-01,4.800490472295880773e-01,4.855198273985811830e-01,4.917787165943964256e-01
8.062250628255070994e-01,8.082916760204738038e-01,7.919586609879627481e-01,8.154984369047570958e-01,8.100600790346279556e-01,7.838147780966239209e-01,8.043315174599302564e-01,7.867507693423260173e-01,8.084410773362973313e-01,7.663370674594166543e-01,7.887396465104080656e-01,7.351780069868765199e-01,7.734066921776412418e-01,6.663215347475275330e-01,7.932336792875998022e-01,7.524031382873430651e-01,6.966180011197650179e-01,8.040227756348986565e-01,7.843642932867477269e-01,6.965627864364349886e-01,7.123986937548109077e-01,7.731571131645896822e-01,7.463962562048123139e-01,7.396973080678236334e-01,6.755325515713958007e-01,6.758406012067204038e-01,6.791868916532912692e-01,6.861499939805605353e-01,6.831312012027582758e-01,6.734052288264736896e-01,6.161894796245059869e-01,6.811489708084424999e-01,6.661247417695387307e-01,6.455331107076048847e-01,6.215734618217095830e-01,6.363766820140586145e-01,6.626698323542926650e-01,6.420357742470615969e-01,6.219373438389151909e-01,6.192114648475314231e-01,5.775934439967080891e-01,5.642676017671506283e-01,5.770634172318770405e-01,6.096473616668744988e-01,6.418012874681239266e-01,5.852764024471401871e-01,6.310734438121328171e-01,5.728535655145534644e-01,6.285969096031281955e-01,5.542945030673233076e-01,5.892794013382048890e-01,5.812204740502351363e-01,5.564630581619810501e-01,4.988944587899064587e-01,5.540442509152395667e-01,5.263937271442921118e-01,5.790059270570391270e-01,6.046002061057474952e-01,5.467216801649137370e-01,5.615662863518422476e-01,5.168444037118368195e-01,5.186266375842406573e-01,5.101203218986392063e-01,5.562600763527603132e-01,5.585529212462110316e-01,5.507674205880788154e-01,4.792339930834809136e-01,4.411602014754105738e-01,4.814312966634286539e-01,5.202135686361716305e-01,4.780220346502223050e-01,4.408041330374062317e-01,4.862087281966684937e-01,4.926016932701878792e-01,5.097434438604543372e-01,4.279937608750809530e-01,4.435353948864149132e-01,4.230814986266749345e-01,5.153059524596196317e-01,4.676692479874135500e-01
8.051680431280451300e-01,8.033327762472597389e-01,8.003544407062722632e-01,8.123143546742762622e-01,7.771122016546853084e-01,8.155570697843456118e-01,8.082974061780573427e-01,8.127225131381263790e-01,7.626850307948250807e-01,7.326883808610434867e-01,7.740268220447626968e-01,7.639407326836987755e-01,7.047471266763909448e-01,7.487788070415610786e-01,7.890576957249186840e-01,7.536374020142148078e-01,8.153661147900173045e-01,7.075101971868329453e-01,7.545872347016303605e-01,7.636885267888402495e-01,7.898366517789576768e-01,7.783493060679428366e-01,6.700469032731389829e-01,6.736891111135973054e-01,6.669493424673463844e-01,7.448558451541458236e-01,7.008320851861251644e-01,6.861870028799803567e-01,6.454955688309286232e-01,6.821315246274359811e-01,7.502736908179375996e-01,6.686980045366193171e-01,6.383424436929227008e-01,6.037072521188621144e-01,6.414046514215496764e-01,6.426515291431708077e-01,6.374598482160872548e-01,5.968079101778145379e-01,6.227198084088146901e-01,6.084802909891610101e-01,6.235062839767524512e-01,6.308937004095253043e-01,5.703516281835783186e-01,5.696891140101975060e-01,6.335818235463169801e-01,5.564234518124027140e-01,6.308333595824113793e-01,6.253086320801980458e-01,5.742736189731583174e-01,5.729440347504959341e-01,5.256853930198709390e-01,5.579889883313650101e-01,5.121379922841590160e-01,5.834790463100072433e-01,5.357480199067620186e-01,5.940720570843076587e-01,5.983483457680764950e-01,5.532765068387344165e-01,5.523355760209782694e-01,5.100073088436928304e-01,5.471296383593527990e-01,5.484995384999200585e-01,5.388464353905161319e-01,5.433443070110445250e-01,5.136204937786934543e-01,5.575533353112460677e-01,5.391952780277003976e-01,4.981150309776979368e-01,4.699791880135584798e-01,4.880551997416011645e-01,4.480408450382590835e-01,5.148480644103811121e-01,4.835408566327967228e-01,4.609355670986430287e-01,5.347639424355328241e-01,5.114630132893474013e-01,4.377144856446960608e-01,5.237811766006802427e-01,5.064441579386895764e-01,4.621518981597123044e-01
8.003544567539275789e-01,8.072807341822247906e-01,7.932873844776885397e-01,7.936417917078927298e-01,7.758268538762739253e-01,8.022509111922957459e-01,7.895452923022621139e-01,7.980351882184408829e-01,7.740106996875013579e-01,7.879008527712902943e-01,7.659666414086662156e-01,7.428305181495274967e-01,7.472930072306014360e-01,7.387082759420916522e-01,7.000604023846800361e-01,7.410037747333638736e-01,7.570492825296391004e-01,7.073829809586853479e-01,7.211043169443703826e-01,7.764283456267304651e-01,6.926472833490576742e-01,7.050539889795212067e-01,7.223526410713977386e-01,7.160176658354447943e-01,6.577199196557040883e-01,6.728735820150352209e-01,6.761177350837221933e-01,6.990606350901633625e-01,6.638293730642386148e-01,6.733056213414750912e-01,6.512237466577552869e-01,6.406897045779857969e-01,6.328533246957857017e-01,5.977685275298048051e-01,6.361072788436584746e-01,6.518449966819501729e-01,5.922512344077202062e-01,6.863978107260375605e-01,6.082172882793935864e-01,5.833585284794374770e-01,5.944752724490832696e-01,5.500304623986663755e-01,6.133611779917359508e-01,5.812511539953217898e-01,6.573107032578743292e-01,5.819956886628491199e-01,5.918368734491212813e-01,5.731049208821276109e-01,5.933754902828716205e-01,5.391055120455343630e-01,5.594308356826290796e-01,5.796602637952480430e-01,6.201447500747364616e-01,5.489293362302581913e-01,5.661457423841071979e-01,5.579421659391455846e-01,5.416734421961468815e-01,5.497213323679648322e-01,5.440320435253701570e-01,5.247566930721148104e-01,5.649899206681709973e-01,5.205013127158094610e-01,4.707969791140363403e-01,4.823276547359881539e-01,5.123425605222593493e-01,4.734420840797717300e-01,5.334978352489162523e-01,5.090818589692802654e-01,5.095024953959281788e-01,5.012903381632830557e-01,5.705319432904993882e-01,4.395304828095295546e-01,4.788051325211401532e-01,4.534685492057218270e-01,5.690373429700421593e-01,5.756011712293070959e-01,4.976085749975670547e-01,5.216055761285700587e-01,5.363004215839846101e-01,5.740403267535220122e-01
7.887783208654955969e-01,7.823574598710024697e-01,7.808201194722299565e-01,7.914373164095585000e-01,7.989231202607672833e-01,7.638201961413687568e-01,7.453829925488741903e-01,7.794045035419406853e-01,7.833738153562789241e-01,7.772947058499141137e-01,7.615676662820917153e-01,7.632791088642396637e-01,7.393178968007314555e-01,7.418563613183741801e-01,6.930390831068128366e-01,7.100135062915655659e-01,7.310591202132408206e-01,7.085287234662513978e-01,7.550614871346311707e-01,7.653388396717751840e-01,7.161266124502145836e-01,7.172075219211057062e-01,7.107746715761785739e-01,7.044647280579819926e-01,6.653913765416226145e-01,6.622889454487103089e-01,7.197946790401790196e-01,6.833050071481995280e-01,6.568176364166670167e-01,6.679850242683743611e-01,5.886789091764264015e-01,5.964790102123498361e-01,6.218530989380772755e-01,6.398948117579613681e-01,6.465310186307164919e-01,6.135222810161231610e-01,6.470879281339888545e-01,6.142069769283611258e-01,6.071426713225113181e-01,6.438219222165725286e-01,5.962689415241694268e-01,5.884434407681381485e-01,5.797027215438246284e-01,5.964794514743191334e-01,6.534213366778156562e-01,6.222988786346349555e-01,5.891984046678255815e-01,6.298946905484998915e-01,5.987274390747872044e-01,5.722913614821899531e-01,5.971689395678787537e-01,5.510949924226911101e-01,5.838246904647026447e-01,5.694403197678642448e-01,5.715920068904166707e-01,5.214337051748438867e-01,5.381352765375662095e-01,5.185385965982043377e-01,5.147602893000190472e-01,4.945264378314257470e-01,5.137990491202131249e-01,5.486720612022143451e-01,5.508100651330821718e-01,5.457518570325242679e-01,4.360267972781645129e-01,5.145308995102657601e-01,5.597584009885386847e-01,5.737920319136786684e-01,5.185769671876131470e-01,5.514449241998514717e-01,5.887087878646800609e-01,5.009088419073365328e-01,5.037793608837507486e-01,5.379155000853077517e-01,4.365705071341605126e-01,5.099244955139419222e-01,5.895937846763322776e-01,4.584231215277570493e-01,4.984407275350276056e-01,4.682864296809633453e-01
8.178271027079406785e-01,7.577722478118249505e-01,7.815315272212171038e-01,7.773042207496829725e-01,7.773371116221488020e-01,7.664359475238139430e-01,7.897883610417503197e-01,7.885955157377915192e-01,7.647723245881887788e-01,7.898664540278567125e-01,7.772795071582214721e-01,7.230343221195542069e-01,7.446225415724613272e-01,7.190819277794676667e-01,6.886443786537809197e-01,7.050260595943252939e-01,6.858081915247155047e-01,7.358409726065251455e-01,7.720954470207380682e-01,7.383010946283362630e-01,6.956076897763926459e-01,7.178487716198583835e-01,6.885087468831621038e-01,7.040514307652908643e-01,6.270538881127458719e-01,6.761551642366747661e-01,6.766099219774378559e-01,6.543144783218269867e-01,6.532806123966483636e-01,6.357060348539266270e-01,6.187756833447231042e-01,6.330669970374317446e-01,6.339911736817717136e-01,5.989776457850408686e-01,6.687614608285705753e-01,5.986737237499129005e-01,6.313692005410648234e-01,6.281801981785124500e-01,6.380405890427495175e-01,6.605959155621011769e-01,5.898261878882261611e-01,5.803802222010886469e-01,5.971118892194700045e-01,6.177871724274399678e-01,6.121622308109075927e-01,5.803281285930850242e-01,5.949948712631878411e-01,6.022976099155837870e-01,5.829750929246259039e-01,5.975406097824321749e-01,5.962430720987945687e-01,5.634653096725649180e-01,5.633881413370094293e-01,6.022774279190554747e-01,5.582786801801976617e-01,5.707402837307001819e-01,5.795623160618915692e-01,5.171649905280599757e-01,5.455385032371418141e-01,5.341064207526505792e-01,5.176999144343554793e-01,5.220815075024082264e-01,5.151097982612289350e-01,5.287993794164875805e-01,5.145466284334268003e-01,5.442500072636408115e-01,5.317615004759160824e-01,5.387180600104117811e-01,4.965832616471224648e-01,5.009580825272644811e-01,4.865489020628054884e-01,5.240099029598873637e-01,4.666803528358839936e-01,4.797012703238217046e-01,4.664543914394122526e-01,4.906879239555507199e-01,4.560965840517621217e-01,5.083210197118469553e-01,5.279112665085837763e-01,4.770194865784128102e-01
7.871754853116708084e-01,7.890448662734742546e-01,7.829733473475511962e-01,7.664087143307763972e-01,7.696955121273370004e-01,7.850342374867473882e-01,7.696426663747358843e-01,7.648956820452850192e-01,7.410591299778561680e-01,7.334627921133094475e-01,7.452372894591493546e-01,6.779613923333572822e-01,7.215798754319318054e-01,7.249173848575941603e-01,7.205005979418005468e-01,7.204474944436739525e-01,6.972898383127837940e-01,7.295056995517906762e-01,7.212715347247136144e-01,7.415150304864722708e-01,7.034141988835977966e-01,6.958126837074075643e-01,6.492074239982784656e-01,6.576124082788779024e-01,6.457506948273057379e-01,6.702929670285190378e-01,6.625541188735083464e-01,6.865376107087047819e-01,6.229354186721902664e-01,6.265647103009798213e-01,6.594567286222616787e-01,6.221056226705149461e-01,5.830087262577114959e-01,6.207128896888494118e-01,6.392297294462725432e-01,6.183719769157544066e-01,6.375607351947402135e-01,6.300084909892696983e-01,6.456955704627656001e-01,6.221344799681809423e-01,6.015065703589640433e-01,5.895550908406144153e-01,5.901558705108693736e-01,5.894585891807525568e-01,6.163415514195946798e-01,5.840620617871373765e-01,6.031880384161311115e-01,6.587256984292358952e-01,5.818542904659447235e-01,5.932905559764172221e-01,6.031231968285124534e-01,5.524733941046703345e-01,5.605316812797355164e-01,5.555853385220046459e-01,5.849972152995426278e-01,5.496622632327304858e-01,6.170645598418238453e-01,5.347918039423849024e-01,5.612096067661656029e-01,5.560633288654240891e-01,4.950528665347739277e-01,5.374077784728451546e-01,5.074837854068503518e-01,5.915239700584127291e-01,5.636849216882723335e-01,4.797968111113109502e-01,5.309319011792554832e-01,5.176443344953877146e-01,5.445376730890235661e-01,5.979010496034413702e-01,4.292222501134988488e-01,4.971357418215605617e-01,5.309907495312867765e-01,5.133144881922437897e-01,5.049974596443395081e-01,4.770615150429607376e-01,4.579660828549282914e-01,5.178295005504991444e-01,5.245603952070696518e-01,5.123438319355332338e-01
7.641510137390211677e-01,7.745984623837346428e-01,7.710954301801329347e-01,7.932171286965531420e-01,7.425136657488685676e-01,7.622902196039152978e-01,7.630444539280865079e-01,7.813979250910384478e-01,7.500317830971250377e-01,6.950912347084888809e-01,7.742219672299920363e-01,7.234501656326478569e-01,7.274111050883175222e-01,7.080063564671436049e-01,7.518823926167893523e-01,6.869325318207349929e-01,7.533922169367887056e-01,7.202319380763207990e-01,6.861152739042222226e-01,6.753871121116428178e-01,6.585260341264350670e-01,7.052600178000019149e-01,6.730609052214284738e-01,6.872143514457964564e-01,6.703658736107754867e-01,6.637818935075624482e-01,6.518086230967401473e-01,6.140120194280409560e-01,6.330831811977740697e-01,6.191711807001475387e-01,6.654089132807855522e-01,6.054057927662480632e-01,6.469953833895009110e-01,6.499215450134671057e-01,5.921916987125633858e-01,6.506882236701997391e-01,6.266120871279333704e-01,6.447904163635167496e-01,6.328184975144384161e-01,6.251993365583483619e-01,6.416901075174854530e-01,6.257070074452145692e-01,6.031399945094655379e-01,6.045211353905419749e-01,6.435431752760905066e-01,5.746700782971914112e-01,6.035769484909023763e-01,5.940188794050059728e-01,5.900527506979431625e-01,6.100963184555071583e-01,5.674809154367260744e-01,6.515846063364130192e-01,5.525240537710364164e-01,5.659916738779224854e-01,5.671345969233936302e-01,5.713715974376539775e-01,5.227860409438176426e-01,5.624111588423159613e-01,5.412427126237264741e-01,5.368405641650636495e-01,5.519372020647329569e-01,5.277947603852288783e-01,5.848706184247537410e-01,5.501430806688055730e-01,5.270556468565249508e-01,5.169604499283229071e-01,5.839854580282748397e-01,4.993316479295965005e-01,5.276395735904774176e-01,4.776480646480935621e-01,5.473503245054761601e-01,4.769221290797982515e-01,5.456414704236070001e-01,5.100429665222113718e-01,5.101297469756007619e-01,4.933715378606873814e-01,4.402528225473020251e-01,4.731843577285163582e-01,5.334358102958163261e-01,4.938538844067298372e-01
7.850343498513111529e-01,7.724592793888579445e-01,7.613748148560627316e-01,7.870316248442591478e-01,7.872232609462771480e-01,7.607978687296081954e-01,7.220995271928908332e-01,7.391771027818645479e-01,7.073303878102984443e-01,7.601328821348103393e-01,7.100754267561047994e-01,7.162373788381962703e-01,7.186647741750419316e-01,7.450263950371406318e-01,6.875053122183977239e-01,7.272888371876985447e-01,7.043533266047692365e-01,6.827633841479946453e-01,7.353782686872393226e-01,6.867004927288653526e-01,7.180829135451104461e-01,6.751020139483240312e-01,6.807908841845780046e-01,6.469424776571364166e-01,6.768381076283586095e-01,6.484084913867469435e-01,6.639679338085088256e-01,6.336529555272608638e-01,6.295078167712803152e-01,6.323403146682462506e-01,6.135544571526796442e-01,6.348112010323367915e-01,5.840980225018397309e-01,5.937655352487268834e-01,5.902568064349167365e-01,6.331997734678507239e-01,6.179703689895004182e-01,6.070458266530571745e-01,6.201270984523279406e-01,6.179945813931464471e-01,6.044428730968641750e-01,5.840115338946104684e-01,6.139179550818171238e-01,5.312322499922477181e-01,5.747569587060775698e-01,5.637385238313677993e-01,6.068758772245651523e-01,5.980677732492438725e-01,5.715996284737197008e-01,5.635510836684551883e-01,5.853241968007577567e-01,6.188870646972339795e-01,6.235634561227710870e-01,5.869529252551183296e-01,5.891914461335204800e-01,5.636579007707808175e-01,5.729326306725827100e-01,5.488905226057544384e-01,5.674306216757920573e-01,5.898857105705249682e-01,5.433209985476687987e-01,5.043451163503894774e-01,5.509481511966491940e-01,4.614921055385491910e-01,4.565097092279297164e-01,5.381132170350066968e-01,4.665588104261509939e-01,5.380509506817673371e-01,4.651345984171774695e-01,5.022921297588297529e-01,4.264365723202479530e-01,4.760326493891954280e-01,5.084676167283188608e-01,4.867804112493469004e-01,4.016397850329480601e-01,5.419437297965979949e-01,4.278372929130706548e-01,4.417166766195808614e-01,4.410917607605934210e-01,4.589181316443545211e-01
7.772992941094309938e-01,7.841253243817936092e-01,7.969135556638531348e-01,7.680774286600490219e-01,7.264224342023890557e-01,7.219095087296071300e-01,7.194402771912593586e-01,6.970196924965842422e-01,7.626541930901933330e-01,7.139299387452027190e-01,7.000849256511230134e-01,7.500667316442424237e-01,7.054845383490427890e-01,6.820727811915153760e-01,6.960816964072350510e-01,6.753309007850351042e-01,7.103522630817243888e-01,6.978127329197207906e-01,7.027518675166242179e-01,6.939747341663439206e-01,7.161054263103877604e-01,6.648802527077173341e-01,6.612426131007087537e-01,6.818221881749292335e-01,6.161858941336062490e-01,6.309564600545568558e-01,6.628412422798319881e-01,6.223365825442989108e-01,6.259064491043789813e-01,6.251660373012916105e-01,5.819472318709132397e-01,6.318050065755628220e-01,6.343909400950349387e-01,5.995369242259679377e-01,6.116609840851270352e-01,6.026410805092955458e-01,5.835704723207446598e-01,6.222476028911152479e-01,6.160241947861813117e-01,5.470488170558108765e-01,6.359840065288993038e-01,6.373896845770800068e-01,5.918785323403680243e-01,5.556563548815225406e-01,5.963714376843264331e-01,5.826074482023534395e-01,5.967886635833149489e-01,6.301923945795686599e-01,6.253334277991057233e-01,6.155468369446051025e-01,6.155398429144125494e-01,6.055636102918199315e-01,6.157940797733353344e-01,5.579583246727133350e-01,5.756868061991337049e-01,6.364626163082522936e-01,5.546971004064572552e-01,5.614500541132491085e-01,5.551382424309317942e-01,5.285543112978083879e-01,5.333678608317539149e-01,5.555435310983440900e-01,5.616746559919143511e-01,5.270756820113524643e-01,4.754731821953122051e-01,5.497286179190620237e-01,5.362484118603816352e-01,6.014892025739043691e-01,5.105510215748899627e-01,4.958028694808423453e-01,5.523152014073704485e-01,4.585880615294146145e-01,4.709715602663588352e-01,5.351862685381686413e-01,4.524220120687029167e-01,5.341298935146802096e-01,4.914807715575374436e-01,5.119988000664911221e-01,5.441332444680129221e-01,4.756148458786764732e-01
7.724511809473131319e-01,7.539670870954061632e-01,7.425522443875054446e-01,7.221693441809914349e-01,7.115677462214594629e-01,7.259540497833536499e-01,7.285995836075207510e-01,6.899575372894706238e-01,7.071751677110627021e-01,6.917303173637086022e-01,7.139607110247033761e-01,6.911364688725794014e-01,6.491717142559436660e-01,6.992044013764584509e-01,6.713859967805422269e-01,6.686502759687635855e-01,6.654487294056423696e-01,6.799826001288862276e-01,7.104708179898255871e-01,6.440459796735475972e-01,6.672106666554650234e-01,6.861899440858424404e-01,6.547305351707107812e-01,6.682704327658729460e-01,6.651623968824067479e-01,6.569550426422641198e-01,6.506580582847646399e-01,6.420689688352816393e-01,6.269479819203350734e-01,6.206487861678009477e-01,6.353901008441107390e-01,6.019440414898716840e-01,6.809820796299264067e-01,5.989626442129954986e-01,6.558496378436430296e-01,6.019358478069516405e-01,6.137484834635850151e-01,6.307022470403403913e-01,6.281393977139433371e-01,6.221216530433817393e-01,5.948055277776813643e-01,6.357920369721584697e-01,5.985889155399781725e-01,5.818088029268417838e-01,6.001085708932922813e-01,5.745884338558809867e-01,6.013597492101495634e-01,6.275533021163485214e-01,5.591088470013443334e-01,5.509016391671620605e-01,5.893356406994050278e-01,5.952888198536449016e-01,5.755311023906759527e-01,5.921864203428200968e-01,5.753620237960584971e-01,5.738803085284059913e-01,6.023990142452817498e-01,5.316742764722536263e-01,5.385577441170313895e-01,5.153620413685836565e-01,5.211930162631398522e-01,5.652998522038694684e-01,4.883667440206499455e-01,5.250311925407358249e-01,5.018736055231817206e-01,5.458434072530489178e-01,5.146550048480709183e-01,4.394411786428474853e-01,4.908107622378137802e-01,5.241034258040376814e-01,4.745034906430036226e-01,5.535199766817886502e-01,4.636894915759811053e-01,4.990965460241257867e-01,4.173590066223364370e-01,4.775986390459019959e-01,4.285752001348518969e-01,4.801725212051183300e-01,5.001400518846690346e-01,4.855584603336003391e-01
7.097635989718021898e-01,6.974257141997149967e-01,7.118587176363093683e-01,7.022542135365601457e-01,6.913064541234764659e-01,6.883054591196692273e-01,6.905921562537743474e-01,7.027727951700974973e-01,7.043165432910397650e-01,6.915273073946824889e-01,7.213839285448394589e-01,6.791008854715451237e-01,7.086231316537200398e-01,6.440406524963255830e-01,7.035290518751252664e-01,6.863182186993281864e-01,6.951682955458694524e-01,6.818339389567706910e-01,6.818197135796856267e-01,6.713826372727583758e-01,6.909099397418123623e-01,6.201133143449342189e-01,6.449831176429763335e-01,6.692164889159535335e-01,6.089920902497868438e-01,6.127428672951964472e-01,6.452912964955949127e-01,6.518802291637164625e-01,6.637193189959836870e-01,6.168328618837368715e-01,6.391712979366979130e-01,6.081781053087963462e-01,6.392509447566123715e-01,6.162124781502449355e-01,6.021156351332678236e-01,6.341353449573776668e-01,6.192148481831108997e-01,6.135463378634683496e-01,5.978292667882486588e-01,6.182134329924499072e-01,6.011724018025943472e-01,5.977460032562728065e-01,6.482615240496706344e-01,6.288887286672673049e-01,5.715506077569429966e-01,5.947157829767210080e-01,6.234757001941190202e-01,6.056798207096302233e-01,5.795864708919409303e-01,5.560822044746006609e-01,6.279568288430062983e-01,5.721870734907469336e-01,5.568701045046486886e-01,5.980416649227271453e-01,6.164635790812288407e-01,5.676059895036241754e-01,5.981105685340863953e-01,5.282760844939542455e-01,5.341488301750010326e-01,5.346809163528095654e-01,5.889727154576807067e-01,5.855015833647172485e-01,5.491275524582156509e-01,5.521684905282182587e-01,5.501608603304470879e-01,4.963686344432505226e-01,4.473342688876843498e-01,5.255226587816026473e-01,5.663883924383292801e-01,5.330515574517133981e-01,4.842295823285929779e-01,5.478091200875200295e-01,4.726551818759052170e-01,5.477154285311218729e-01,4.854691286289382068e-01,4.419881361448773083e-01,4.883504599414869030e-01,5.102567488685149089e-01,4.669809037481830738e-01,4.986008416568484813e-01
6.854045682246378002e-01,6.820419072386683101e-01,6.884324652629454366e-01,7.132499718432820934e-01,6.753980480889303362e-01,6.899100131126520985e-01,6.869336134860623000e-01,6.893151813170207420e-01,6.768246664856868433e-01,7.060347166537664920e-01,7.097683133245282772e-01,7.055634548432806463e-01,6.917661057962265492e-01,6.515029628457678079e-01,7.126615323808790370e-01,6.630133805140823178e-01,7.064735993710630213e-01,6.805873661840441402e-01,6.862787956751602580e-01,6.644420878900407779e-01,6.539760576170696726e-01,6.104380510938867133e-01,5.866597795634025392e-01,6.533779580410815635e-01,6.741742521622853257e-01,6.667940285425478786e-01,6.301087899042961959e-01,6.159745259661149053e-01,6.110155662468467197e-01,6.170326320943744225e-01,6.185771513546434175e-01,6.222687251518093099e-01,6.530762847050251008e-01,6.527100806417274192e-01,6.346252815373508716e-01,5.987368706413679353e-01,6.253199563209139722e-01,6.365514956367402943e-01,6.279125698303880121e-01,6.438858320536954283e-01,6.089654006596790792e-01,6.217103310300636787e-01,5.525092341004260721e-01,6.100942425180341244e-01,5.908318999737017796e-01,6.309131675775769832e-01,5.852958602346611805e-01,5.771531305037075343e-01,6.106442201192117114e-01,5.735084322730892303e-01,5.546495823317653118e-01,5.938334339106751125e-01,6.434300253402039926e-01,5.622727177766603246e-01,6.011873802984555315e-01,5.632910760616832713e-01,5.444671522411467235e-01,5.353090660270243273e-01,5.610522298543307862e-01,5.250735090348930267e-01,6.053466042294101124e-01,5.488982702482554377e-01,5.781492924897814190e-01,5.764145835052120193e-01,5.303458707408247319e-01,4.570350259639572865e-01,4.614381381824497197e-01,5.479420938275940678e-01,5.392070504779411522e-01,4.996215133309608314e-01,5.122807153958676141e-01,4.966707127374224151e-01,5.005938839928150141e-01,4.890099091642819973e-01,5.458631467075900634e-01,5.190845279914823029e-01,5.378521684546824222e-01,4.776186416086213860e-01,5.264671422984402716e-01,5.296634742424414233e-01
6.815000436051890098e-01,6.937255757793612254e-01,6.831369453169343631e-01,6.746233556214117355e-01,6.741378983698290694e-01,6.797008477366789370e-01,6.814906116728508545e-01,6.888698888962421218e-01,6.820973539961739940e-01,6.425205539684134548e-01,6.515972751697610699e-01,6.976389418542238152e-01,6.617062836885441168e-01,6.942162804245738394e-01,6.486056491683513947e-01,6.707862219260850578e-01,6.932615719758923323e-01,6.650293208878726992e-01,6.422646190589950121e-01,6.309614685490073649e-01,6.170930275334634008e-01,6.073365724768394758e-01,6.617399367984849734e-01,6.549225202742577912e-01,6.324130778665237873e-01,6.260281640648397428e-01,6.222196493724811983e-01,6.455549228472723389e-01,6.421389392569288868e-01,6.198351222103489766e-01,6.369174789036698980e-01,6.128695867111317863e-01,6.319900614970558328e-01,6.021893200586144745e-01,6.317656216262267366e-01,6.330233659799283652e-01,6.249529964590441189e-01,5.753007898006423648e-01,6.349044067264173474e-01,5.738869025979961291e-01,5.751135323691914936e-01,6.149339904209749630e-01,6.449641236268892630e-01,6.241561122791036142e-01,6.316798189635853822e-01,6.010742520156050483e-01,6.403126273810372249e-01,5.354680130820785866e-01,5.895995378014052823e-01,6.239957973617472620e-01,5.512477537641177205e-01,6.213941085275771492e-01,6.232072973658625559e-01,5.988626835220819400e-01,5.283629003358637499e-01,5.535150740500554001e-01,5.832811317728167078e-01,5.808651773360896664e-01,5.718870925068421096e-01,5.631005672519084904e-01,5.286725656270753193e-01,5.598622281402391154e-01,5.558905202093514797e-01,5.652442755662366869e-01,5.073329451176751270e-01,5.737811527154919045e-01,4.600248400385066327e-01,4.996961983616922121e-01,5.215317906024576899e-01,5.333223164382435710e-01,4.923082480569569985e-01,4.786934306010481310e-01,5.133017395337871047e-01,4.744573430968946348e-01,5.086787494860949277e-01,4.272955043453991464e-01,5.022534326400136528e-01,4.732997648608547325e-01,5.045918144104110103e-01,4.425702659839351738e-01
6.766610520596406664e-01,6.962544527196595778e-01,6.693304731191694890e-01,6.791407849071293690e-01,6.856821332338409736e-01,6.707146825010469327e-01,6.870510825437069480e-01,6.627524562947121334e-01,6.736204644297132393e-01,6.711221298795572165e-01,6.832686472963601654e-01,6.866085953077245563e-01,6.916947933656319991e-01,7.009939741717844397e-01,6.719740925622186278e-01,6.535305409631807505e-01,6.569268645646156868e-01,6.506155256468987291e-01,6.180181827174028308e-01,6.374418335745009045e-01,6.339361143866931725e-01,6.629087512846205676e-01,6.394180537915643558e-01,6.694024734158053880e-01,6.320282157738158491e-01,6.029851408922742850e-01,6.172940204362181715e-01,6.300089666596307980e-01,6.736016488773234334e-01,6.030200189579794090e-01,6.507410341135220211e-01,6.601387962948092047e-01,5.966203416225928091e-01,6.137776292208412254e-01,6.205318923426457189e-01,5.829993894169660518e-01,5.977614904621185721e-01,6.075262425703310543e-01,5.687941050476535976e-01,5.963749857791271758e-01,5.937594728030198832e-01,5.800791257602816442e-01,5.530110188156470707e-01,5.922066686415236036e-01,5.872085934890216574e-01,6.096298285123585847e-01,5.621228031921706725e-01,5.793808230441468421e-01,5.840759195398075310e-01,5.930772431819144597e-01,5.711773121714484036e-01,5.557237926048392840e-01,5.930073798930231010e-01,6.140699234088466962e-01,6.239464390761166879e-01,6.120369035488422149e-01,5.463844265255948240e-01,6.093160454544176430e-01,5.738971977198221719e-01,6.364168212495333599e-01,5.617427960143324128e-01,5.497605628873384331e-01,5.810129598448205979e-01,5.604361594416986669e-01,5.747457805900795247e-01,4.688664486421683097e-01,4.186797871809384008e-01,4.902847216471097336e-01,4.919146586546076505e-01,5.139507814443440292e-01,4.964968786468419992e-01,5.084145029815146932e-01,5.298496537511907523e-01,5.192000818589013189e-01,4.841331169045222649e-01,5.037157835722575472e-01,5.117883127990530134e-01,4.090093205085144068e-01,5.008171813867862143e-01,5.099287767870804844e-01
6.845322705983688527e-01,6.782697571352894750e-01,6.742435056218164524e-01,6.832824535331448734e-01,6.729900558509458453e-01,6.995442905345855555e-01,6.704761667722113350e-01,6.615873203115075762e-01,6.753936387602855751e-01,6.883509446684386024e-01,6.957697070626820413e-01,6.773211621997174969e-01,6.661137532858242283e-01,6.985235255509087970e-01,6.718377077619507309e-01,6.714292052262167410e-01,6.477379813322594604e-01,6.562225320485362001e-01,6.598609643680577452e-01,6.070880707140010601e-01,6.448720473085900462e-01,6.533552169029909207e-01,6.121338120599101318e-01,6.009295701011686530e-01,6.417089027294414771e-01,6.346144065305172610e-01,5.940780725087366765e-01,6.373472474446052471e-01,6.239820715385813177e-01,6.097126894820827925e-01,6.240549526158241100e-01,6.684132736768404470e-01,6.144004687906007289e-01,6.287761659396535752e-01,5.994729656354719216e-01,6.188201031676546782e-01,6.026335631416962491e-01,5.999367198466917239e-01,6.419735437505588171e-01,5.996241198878221601e-01,6.072414574560764944e-01,6.093112630432628851e-01,6.095140258256868115e-01,6.141753789407977671e-01,5.922065915507471745e-01,5.784630224514741847e-01,5.623631980654529849e-01,6.208484248018939500e-01,6.003293443684387665e-01,5.799035536020824555e-01,5.649173775431771682e-01,5.644973835224575964e-01,6.166943137350718862e-01,6.067646531944287380e-01,5.788154641030244241e-01,6.097727228668251565e-01,5.859022516741171360e-01,6.162035789340978287e-01,5.767631575007450273e-01,6.206617937731253587e-01,5.715290032083493177e-01,5.475754340531922004e-01,5.869879461226347184e-01,5.905781536627758843e-01,5.953552932610606252e-01,5.325809708788421526e-01,5.219013417223389295e-01,4.764982651083746190e-01,4.546911444014671289e-01,5.479313401703087560e-01,4.913824549845334788e-01,5.785395428915020011e-01,4.967122910466796881e-01,5.042220632385412404e-01,5.596319043647592917e-01,5.571851405300751736e-01,4.651536838197548041e-01,4.742637044594090745e-01,5.357006473837205851e-01,4.907296407360435264e-01
6.811763156783456896e-01,6.726844920248420401e-01,6.760350254428301175e-01,6.681329098746394690e-01,6.651130211443756490e-01,6.706881538237267071e-01,6.737441456577517584e-01,6.800561919186861592e-01,6.840462438187242533e-01,6.645960270297260886e-01,6.718514439817757644e-01,6.630883280150866588e-01,6.610024180495509549e-01,6.841935364349408522e-01,6.536786153151032952e-01,6.587056100578330131e-01,6.738057008128400804e-01,6.574947638579798914e-01,6.730695328494936680e-01,6.277322410896449822e-01,6.419681120967727361e-01,6.503019745817596453e-01,6.680087462208081917e-01,6.379612103599099360e-01,6.264873101944004041e-01,6.072066719957501801e-01,6.273695340257579023e-01,6.015553927253051159e-01,6.596789069657972293e-01,6.121907435866983382e-01,6.326991448335151924e-01,6.379097107670418376e-01,5.975209098118073880e-01,6.255431027355862206e-01,5.698222144569798919e-01,6.889094654598927336e-01,6.207860560939926220e-01,6.051330389439077972e-01,5.861293045889844899e-01,5.762804143041134752e-01,5.698319992624676367e-01,5.876190865438162270e-01,6.004173016739399182e-01,5.863929668573129028e-01,5.869719579699779199e-01,5.782823151195438660e-01,6.357067120870705246e-01,6.155619177757868377e-01,5.871201129439549415e-01,5.519728723175204577e-01,5.560040192207706955e-01,5.759712221119948072e-01,5.632647905926450038e-01,6.051307494409574605e-01,5.510842906873391067e-01,5.744730482773807712e-01,5.782046790750463572e-01,5.699483545447949773e-01,5.697579995758346172e-01,5.748766753451698408e-01,5.532789627769927332e-01,5.938980482136829719e-01,5.497075193724209052e-01,5.704363652176723809e-01,5.849619154371835661e-01,5.076649309397681664e-01,5.668192768588510289e-01,4.819285280942359195e-01,5.532166124105785121e-01,5.070297176934543959e-01,4.262787187140093526e-01,5.013913837136236840e-01,5.055976600257052755e-01,4.637902004566811787e-01,5.160927021477350607e-01,4.540975215405977372e-01,4.962430382926550920e-01,5.009667677235023486e-01,4.890807143727823880e-01,4.726415911599018971e-01
6.925829432817500741e-01,6.750431232958894467e-01,6.762162770621866770e-01,6.744086010091759897e-01,6.738754294791396982e-01,6.879462976333434732e-01,6.608222968888111115e-01,6.448632862520997655e-01,6.779281993804232576e-01,6.086382142663390171e-01,6.614153430731677386e-01,6.403329317095888262e-01,6.361892768760110117e-01,6.393148343631196440e-01,6.746338722897042839e-01,6.560054186096149209e-01,6.297984060462684663e-01,6.731607405636208519e-01,6.328963399142233381e-01,6.467065484315724921e-01,6.147702655337997646e-01,6.667097979572201849e-01,6.539743190864021338e-01,6.272121605326277383e-01,5.970806807911207548e-01,6.160456048268793117e-01,5.849881823458602526e-01,6.168002687278868468e-01,6.349103437101232261e-01,5.835533086575868111e-01,6.107157461669687759e-01,6.228771762651550414e-01,6.054519132909628176e-01,5.815928130906150573e-01,5.999063163295194068e-01,6.080902361975363268e-01,5.969346290251797971e-01,6.001104003282953236e-01,6.153711432989233954e-01,5.734422843221536059e-01,6.185526639513968528e-01,6.335911837069244656e-01,6.340108470456424783e-01,5.496706632744494669e-01,6.032501810932316966e-01,5.850054113132874267e-01,6.059253152212925597e-01,5.860445829658051942e-01,6.094553454569776596e-01,5.795364627043856354e-01,6.011367886608219857e-01,5.755300609734792516e-01,5.708109102176389671e-01,5.591004446855184495e-01,6.157324402893898929e-01,5.948423850270114777e-01,5.988739224423424989e-01,5.761879876216190466e-01,5.775141007286244133e-01,5.421005509314689164e-01,5.697463014516741531e-01,5.685035980566471858e-01,5.893463057768322244e-01,6.076650574809450145e-01,5.656557839057625436e-01,6.082679405009777662e-01,5.640105264534445162e-01,6.227392693533100321e-01,5.024532635710802220e-01,5.311990464421753044e-01,4.898119128294782243e-01,4.373123540591496994e-01,5.195621995641920288e-01,4.673023593296042888e-01,4.503934185823122438e-01,5.023250745602018119e-01,5.093919635520367528e-01,4.243593323203243561e-01,4.968764775993333438e-01,5.099383605124140351e-01
6.666089392203069508e-01,6.721714895999443273e-01,6.582471203866535614e-01,6.649767672293825926e-01,6.914459678817848065e-01,6.619497193856612727e-01,6.517698655901316140e-01,6.381913831115507696e-01,6.860426961719914285e-01,6.641318640810894847e-01,6.750039954249321683e-01,6.420284850819051314e-01,6.423296557269836393e-01,6.669696074699582589e-01,6.554145935659988487e-01,6.482108791674746628e-01,6.360147650781098339e-01,6.504967134072260349e-01,6.500822456397654658e-01,6.107592471737938178e-01,6.510996858876956228e-01,6.671875142446973550e-01,6.386223807370081662e-01,6.351031016957485731e-01,6.034127861849948316e-01,6.558774303471722744e-01,5.955116077843077838e-01,5.984017504531372600e-01,6.211766304155119656e-01,5.944771229626478748e-01,5.856779569729572144e-01,6.228107699582221546e-01,6.546148396772557554e-01,5.974525083877578746e-01,6.070678144693733014e-01,6.053418703385421429e-01,5.639493053261107613e-01,5.668815886459717124e-01,6.464189177331802760e-01,5.952601360532476793e-01,5.773514414551000895e-01,6.146544656990496902e-01,6.070632633027485126e-01,5.951576958512877491e-01,5.979920262880757953e-01,5.970034413190543621e-01,5.888403442638974195e-01,5.831702064538843988e-01,6.059334635020540150e-01,5.804853615811383927e-01,6.211428108657242042e-01,5.885175102406275949e-01,6.002827004956358126e-01,5.545724084162180212e-01,5.774519898278190899e-01,5.966559051434872085e-01,5.496004456291226914e-01,6.093417993771907959e-01,5.937997337063848358e-01,6.284884873517887494e-01,5.320817721662153277e-01,6.075692488436631455e-01,5.297381518073429607e-01,5.893842681629709590e-01,5.704665762703887699e-01,5.271951528843771273e-01,5.194304028384922889e-01,4.813226845438803303e-01,5.349470907838930200e-01,5.105025248922901993e-01,4.779797098435210612e-01,4.252378761044119937e-01,5.289034948149757831e-01,4.639225298371257855e-01,5.210567592726069730e-01,5.472938215197502565e-01,4.931615527347193439e-01,5.116305680032593450e-01,5.129117813487381605e-01,4.725297289614923679e-01
6.438692534811715218e-01,6.886687008729327486e-01,6.666375452590730388e-01,6.610747234052005705e-01,6.538970642911478004e-01,6.661231760652418510e-01,6.645757326932951736e-01,6.479389062287149725e-01,6.448983631006079964e-01,6.622903982315003768e-01,6.224772481514990741e-01,6.775821143651669098e-01,6.442933543931433915e-01,6.459416891981308861e-01,6.666605637334774848e-01,6.332904364968469091e-01,6.416656025358317139e-01,5.995655495071184893e-01,6.437475255818390085e-01,6.329164913857517893e-01,6.086184283856522770e-01,6.083393182421698020e-01,6.484926977437250883e-01,5.984329669571961663e-01,6.850898233062304721e-01,6.404274087245307445e-01,5.984796920076765891e-01,6.198419005448071450e-01,6.184578075667757080e-01,6.478628882096171271e-01,5.901016505177989480e-01,6.081060841736418698e-01,6.150820650108214105e-01,6.122888807454235360e-01,6.006667803539921247e-01,6.161915940725456453e-01,6.143806138940529626e-01,6.191386158822489438e-01,6.474593768186669429e-01,6.181135720996910887e-01,5.923720777901603229e-01,5.601407916585582347e-01,6.113325986451697558e-01,5.994105087703258672e-01,5.768498385059895872e-01,6.277418565369490278e-01,5.889172746045271412e-01,6.013085083044579227e-01,5.830090194757208133e-01,5.580330275128224660e-01,5.674302273502890293e-01,5.807463412419081594e-01,5.378404045995252014e-01,5.760583239406181777e-01,6.014570677539444743e-01,5.910284255504824058e-01,5.670064886006540572e-01,5.936804455976868455e-01,5.708568009436798540e-01,6.225727441696357056e-01,5.503650756121634124e-01,5.525654841920333293e-01,5.736929676366476771e-01,5.449140905421915315e-01,5.528037267326955106e-01,6.023423684436745029e-01,5.234330924835087773e-01,4.559341550359905515e-01,5.131056477620319356e-01,5.536791368164359906e-01,4.252750476964345383e-01,5.104788356449702080e-01,4.963065156580957482e-01,4.402057232612519022e-01,4.749337580454516816e-01,5.427905895145151982e-01,5.004302621579683752e-01,3.829102505378109145e-01,4.760531455668486900e-01,4.890736795404254655e-01
6.622388822147893261e-01,6.940284230074781346e-01,6.520134280027937157e-01,6.826818971118749912e-01,6.386611600211477002e-01,6.292586542075876421e-01,6.583954687946247386e-01,6.429739463504769992e-01,6.659363168751897266e-01,6.425067729732213406e-01,6.703782337469076369e-01,6.616676663212166520e-01,6.715857912525203810e-01,6.352291904609064233e-01,6.676410628187988694e-01,6.321508757816486357e-01,6.249522218885285030e-01,5.861232710666972601e-01,6.425012555977417383e-01,6.087977775118172952e-01,6.456360812815628014e-01,6.270562025376010817e-01,6.511543594077097152e-01,6.464435516295188311e-01,6.204757248243650825e-01,5.988734728322390177e-01,5.952093309303029267e-01,6.079300451629884305e-01,6.091823355305366894e-01,6.385625147220931330e-01,6.247352733623998677e-01,5.889408727143511380e-01,5.511460820720118781e-01,6.115108621006591916e-01,6.093725797972993075e-01,5.919020579841127727e-01,5.881456231552628644e-01,5.946101160797782059e-01,5.560102449022427118e-01,6.350272603575789487e-01,6.347316283894554045e-01,6.116274532106646955e-01,5.811743960486752680e-01,6.210363530435835111e-01,6.011098183695147146e-01,5.754299596476015743e-01,6.059085945991805611e-01,5.879199356785317354e-01,5.950735573305049320e-01,5.507060000877732620e-01,5.829978095300504259e-01,6.053268483297347125e-01,6.547940832757568330e-01,5.868606372975767593e-01,5.671078842995845859e-01,6.224944499207760717e-01,6.079622313639699849e-01,5.637546596473044236e-01,5.289404990987374156e-01,6.084702756767015330e-01,5.709649277053922001e-01,5.605763518254639477e-01,5.445857649219955077e-01,5.186471210559868705e-01,5.470303232433751939e-01,5.406227772405015619e-01,5.655806806565103484e-01,5.749261752470073983e-01,5.960340182977502677e-01,5.189618351223933557e-01,5.096258261817604440e-01,5.239160296682717766e-01,5.651840445111881994e-01,4.472520414482287210e-01,5.029670605104865633e-01,4.405205411567350571e-01,4.653528460370700004e-01,5.077681430122511497e-01,5.283585151250048684e-01,5.334235203716218843e-01
6.766616823158173588e-01,6.725195518480611145e-01,6.555283636773515665e-01,6.759599527632841331e-01,6.604264498654719429e-01,6.296646909372327627e-01,6.794037442586672304e-01,6.648674954602833420e-01,6.284553464367393927e-01,6.448193010763745292e-01,6.484826366316204238e-01,6.116672005431414982e-01,6.427150776275261101e-01,6.554416015352922953e-01,6.379646345770290106e-01,6.505282564538190648e-01,6.097362029549303619e-01,6.416741013572017094e-01,6.198619686106464632e-01,6.415493361099130487e-01,6.282290304359453570e-01,5.961161623677901922e-01,6.220217950576018007e-01,6.216200789025249085e-01,6.235506314160966790e-01,6.378865147819949843e-01,6.058663121769020110e-01,6.107610796306863765e-01,6.180368079587258423e-01,5.992625755098324181e-01,6.225474374355103313e-01,6.067678137869582100e-01,6.437006781318570514e-01,6.181757178045074186e-01,6.028751189295661339e-01,5.761733913540012519e-01,5.828420559166364034e-01,6.016964154287240962e-01,5.724502811593310536e-01,6.400291111732200333e-01,6.256644156118656985e-01,6.176892091420708164e-01,6.062784103602066876e-01,5.999191366622779187e-01,6.035114672854382523e-01,5.879062972724556912e-01,5.590570655358765295e-01,5.808636344607616131e-01,6.158441962824879878e-01,5.637305546746517182e-01,5.789697758816647610e-01,5.481608522338689005e-01,5.737105842170155956e-01,5.677943154687395966e-01,5.863665716808303952e-01,5.683559915337123014e-01,5.744297996207402557e-01,6.466797735141444070e-01,6.007424733581009368e-01,5.563359169634961576e-01,5.237379357464708729e-01,5.485296077051914354e-01,5.522094177783334334e-01,5.846560850385899011e-01,5.822915384019324847e-01,6.035256445830402550e-01,5.830135998927878926e-01,5.601254822810605161e-01,5.244717119800825778e-01,5.710539994766253846e-01,5.049692639523607474e-01,4.320629205296301345e-01,5.032528605774687636e-01,4.960070388419303700e-01,5.267448177978406587e-01,4.686286316303725497e-01,4.781832624826803935e-01,4.971420230849040722e-01,5.052320181382241593e-01,4.962766843325660537e-01
6.628081995432489881e-01,6.729020896968268550e-01,6.440784294139836330e-01,6.662858917689825633e-01,6.786245736745351032e-01,6.576690607028845559e-01,6.600949504597212192e-01,6.458832248551135136e-01,6.400208734581376291e-01,6.739626076145742717e-01,6.409842765832701739e-01,6.531236402249557260e-01,6.297734281231709419e-01,6.515368003385730855e-01,6.352140924235423203e-01,6.306245075136653888e-01,6.574501555415722676e-01,6.465981709415405954e-01,6.313671269723761803e-01,6.593673295441681015e-01,6.262017419366184834e-01,6.255338704963330221e-01,6.059115874613708597e-01,6.423969551925438060e-01,6.320338689606473936e-01,6.470516654025683101e-01,6.450496171047446214e-01,6.019037570147627303e-01,5.888963197290634222e-01,6.066027851605416688e-01,6.247527137106074768e-01,6.338636916527405907e-01,6.025302311724950455e-01,5.849074795767144064e-01,6.008134393108921500e-01,5.987692819895099605e-01,5.755245899174458168e-01,6.650113534613610877e-01,5.894116340290852518e-01,6.085179722069092856e-01,5.826475835570052997e-01,5.977649773212416751e-01,5.884970556118578333e-01,6.287173346687405795e-01,6.397583139560700793e-01,5.868515144269138561e-01,6.254076485137390895e-01,5.844699727249277332e-01,5.836370865906133076e-01,5.920782568887577035e-01,5.890316683613412430e-01,5.839799441448447759e-01,6.174509559290783933e-01,6.095504614995408410e-01,5.928659099557986867e-01,5.686621052073395077e-01,5.987651416869482768e-01,5.668607509805310141e-01,6.388253673845455394e-01,5.799252185817186378e-01,5.975321348502972141e-01,5.972962920500540784e-01,5.655284854806497119e-01,5.632483251545978842e-01,5.443527318820395866e-01,5.156327181573613361e-01,5.374051282051404144e-01,5.270517632491087401e-01,5.352392026460939256e-01,4.749315050041545971e-01,5.399324728775362070e-01,4.435651753016204846e-01,5.463351193899074199e-01,4.904829808678001779e-01,4.397608794149647227e-01,5.089470535665411299e-01,5.347923547455483151e-01,5.340959411292705017e-01,5.410028481833859537e-01,5.462831355796768928e-01
6.576173998677266042e-01,6.664092768481199025e-01,6.402292135968572495e-01,6.441439161839493943e-01,6.291752275016886387e-01,6.538694069545664123e-01,6.597821010712275891e-01,6.083570276361716100e-01,6.267700931514280649e-01,6.477297758346793888e-01,6.553258032118610688e-01,6.438745548637448968e-01,6.190379060391743016e-01,6.142220039987016378e-01,6.438216566425052356e-01,6.637413573900395880e-01,6.174846710268609984e-01,6.418333420278615753e-01,6.191340173414615622e-01,6.175023158019874447e-01,6.188115737323556242e-01,6.499407593279962203e-01,5.930627106225719869e-01,6.260687609527029185e-01,6.192096668562386830e-01,5.994061166882450609e-01,6.094688592569151853e-01,6.126015256694991029e-01,5.943658576590575837e-01,5.201413951137120462e-01,5.828886436292798345e-01,6.284921644961721787e-01,6.280850898125932558e-01,5.769946330465024475e-01,5.804982232097255501e-01,5.538751607875472827e-01,5.934454464540112051e-01,5.886151259682266268e-01,5.989028320299876196e-01,6.495171332203963921e-01,6.068113518121707184e-01,6.219543023271892901e-01,5.744596780581224804e-01,6.242110996893450725e-01,5.861553505171712697e-01,5.873320701616836503e-01,6.042989728431767960e-01,5.762608738828772781e-01,6.120026170606257532e-01,6.075549723715423234e-01,5.373064552667259353e-01,6.068842553720669164e-01,5.834077171142907359e-01,5.893633458184194263e-01,5.846405097890258196e-01,6.044040855657170086e-01,5.755494437529939944e-01,5.913165144812193574e-01,5.884606194679066205e-01,6.060087325043362894e-01,5.544261157442134103e-01,5.853668890145928838e-01,5.812900122504444100e-01,4.591126718377639415e-01,5.493105908268026694e-01,5.262719856645375893e-01,5.752947011040451253e-01,4.653050579734524517e-01,6.117061257046906286e-01,5.760332904139819910e-01,5.479045556828583408e-01,4.919675404342335190e-01,4.957601260602160220e-01,4.040969404492109063e-01,5.340527149337765955e-01,4.818052796406090965e-01,4.708807233710578521e-01,4.784775817155265676e-01,5.082747458761388559e-01,4.345664977288634656e-01
6.357129673266049830e-01,6.448772939709425112e-01,6.428322606109957427e-01,6.545114168970356250e-01,6.412055141868561181e-01,6.254672847277543690e-01,6.266722129410006170e-01,6.572765918875806967e-01,6.602927681873288490e-01,6.496030795943331659e-01,6.469116079563064226e-01,6.692843483916882663e-01,6.320123035463738326e-01,6.577603874235243842e-01,6.349330972487703395e-01,6.019315232151029038e-01,6.430500831900530789e-01,6.255331984064533835e-01,5.854544393218973353e-01,6.271744055861230294e-01,6.258864033242499403e-01,6.136013567396805257e-01,6.136571141921525196e-01,5.999596212218080149e-01,6.380429129286163681e-01,5.873638922002245577e-01,5.909677247826643498e-01,5.629257527939089956e-01,6.114190212527600421e-01,6.347626768044790646e-01,6.062408779637837863e-01,6.212952639377047337e-01,5.976491064832163413e-01,6.285774125266347934e-01,6.343643493639937736e-01,6.311738754583203770e-01,6.270276639744929437e-01,6.179212327898393475e-01,5.986823080805527830e-01,5.838220542185104112e-01,5.996081411805582739e-01,5.883824080555657421e-01,6.102103900070795506e-01,5.931167379184805188e-01,5.904996583209415340e-01,5.546015024158664763e-01,6.037789406390090541e-01,6.159409112985410051e-01,5.616481122068516241e-01,5.894961360867346789e-01,5.997467729857454133e-01,6.095518209079424654e-01,6.097811075264427672e-01,6.079233211886603261e-01,5.996817460808034905e-01,5.741338536383963076e-01,5.727086660457094691e-01,5.661167248734358948e-01,5.968971828693802051e-01,5.774306181291174456e-01,5.803174300933371388e-01,5.782217228098006645e-01,5.426670004981919426e-01,5.507523426302022296e-01,5.094475045973616556e-01,5.479623248051669337e-01,5.347011275904620664e-01,5.336790559295435665e-01,5.337398267023186760e-01,5.225374003284141144e-01,5.109755135011672111e-01,5.244764135529681459e-01,5.472241048956774101e-01,4.001791411768090279e-01,5.309008570090224532e-01,4.341130892341839576e-01,5.052115562733755505e-01,4.413750198990423756e-01,4.811933601790064352e-01,5.498943254536687864e-01
6.657064039869802219e-01,6.418596510407922340e-01,6.549740477150119977e-01,6.595429395360313807e-01,6.576656564276480710e-01,6.411017253146573669e-01,6.215756232164431072e-01,6.388527088967455025e-01,6.343495612919077820e-01,6.064801869106717369e-01,6.168632544321693834e-01,6.401592602929447873e-01,6.133134753906337444e-01,6.625526203471924225e-01,6.635043539007948743e-01,6.492281675312457923e-01,6.404718151645829582e-01,6.338686047967654336e-01,6.251280618763855879e-01,6.654356093709249409e-01,6.137355832531877775e-01,5.746633694131647596e-01,6.364970397053304474e-01,6.369901099508313846e-01,6.008913387755209223e-01,5.910175502166843398e-01,6.091122559556495508e-01,5.830141889586821780e-01,5.962765902726299139e-01,6.005070801112637469e-01,6.061216017037345249e-01,6.207437296975160113e-01,6.267568986227064487e-01,5.992470504093240224e-01,6.099279395710169860e-01,5.687421227310722749e-01,6.217452204945447258e-01,5.724907578240643335e-01,5.762947419414687911e-01,6.159613538670866140e-01,5.986135849285901811e-01,6.235003422972994480e-01,5.671047722516574519e-01,6.166077693058243936e-01,6.099339778852052030e-01,5.721496710830230592e-01,6.028527125703507794e-01,6.206934792909152288e-01,5.692869454608572299e-01,5.974334177064773987e-01,5.533602071848540138e-01,6.062231596106497644e-01,5.526834008361357631e-01,5.526392741978775058e-01,5.938129757520176355e-01,5.583711292810156213e-01,6.060188339518941536e-01,5.446876590611929858e-01,5.789639392947119045e-01,5.864195025491080182e-01,5.600973525258869934e-01,6.101766871828491201e-01,5.697953173426616447e-01,5.221174377645935172e-01,5.215498684803978602e-01,4.922614179393631217e-01,5.332638138482401757e-01,5.352964951134758786e-01,4.983373084214671178e-01,5.853073438533391570e-01,5.340676995874169553e-01,4.990197988221062309e-01,5.577479389389459197e-01,4.331070410354742051e-01,4.768561791723085475e-01,4.365385298590937491e-01,4.896037830788823042e-01,4.460408939467459533e-01,4.943126736187223869e-01,4.938998941213194604e-01
6.276246381132249974e-01,6.422257256875003595e-01,6.713492012845623247e-01,6.521512004023255482e-01,6.358626313444872835e-01,6.397113365423036102e-01,6.486985143063479509e-01,6.283097174293946763e-01,6.186461464076820072e-01,6.268313053253868894e-01,6.320284443908680272e-01,6.169793995611982940e-01,6.397566773983154320e-01,6.322347968386570205e-01,6.125136073658189462e-01,6.284201654084998756e-01,6.247623375496633713e-01,6.273053318642987097e-01,5.748281053852397626e-01,6.166212221044701236e-01,6.051349542915001045e-01,6.318741230049542690e-01,6.374359351689143915e-01,5.974693362304160926e-01,5.778070265800130390e-01,6.235903334135489695e-01,6.311457512141481763e-01,6.053256938760246397e-01,6.082305781167217651e-01,6.041218105725039145e-01,6.310935399652959354e-01,6.047868833217717732e-01,5.970200339385371979e-01,5.745877880555656514e-01,5.773558264564007114e-01,6.199605498690931027e-01,6.416753575054234826e-01,5.973096558957821101e-01,6.067952380377341637e-01,6.045554546024010101e-01,5.769034589829314941e-01,6.014088779450416089e-01,5.676581844793007203e-01,5.768323153983062612e-01,5.698507963450296643e-01,6.244126498850703921e-01,5.878289071225242246e-01,5.862491944413011913e-01,5.761343437758600361e-01,5.497183110015601004e-01,5.994208804584238992e-01,6.132483446429340956e-01,5.831040504039205485e-01,5.805797831577275137e-01,5.929392947702221139e-01,5.394280817004025730e-01,5.975980954093474962e-01,5.440644948548017945e-01,5.654190785624739757e-01,5.813582119685157812e-01,6.270454942641116025e-01,5.540487951838876102e-01,5.721166456426566294e-01,5.717794694769697816e-01,5.562848181877875220e-01,5.752991958843495235e-01,5.456342773843159133e-01,5.350329173293523199e-01,5.490810021800371921e-01,5.781877259525920465e-01,5.695156266280702040e-01,5.893198384942817114e-01,4.865327313557672451e-01,4.476577826241395219e-01,4.281180384745321699e-01,5.246650089765354519e-01,5.056744547055765926e-01,4.565160463111062605e-01,4.953797816542002130e-01,4.989375941626928990e-01
5.979415855165249871e-01,6.687397226361065927e-01,6.106998746618800267e-01,6.252987612940673623e-01,6.491388701679310369e-01,6.420797736423764501e-01,5.999604053622493716e-01,6.417517372664426345e-01,6.507332140469814785e-01,6.370779219166471385e-01,6.031493961209432042e-01,6.510655846784628720e-01,6.303542748364526771e-01,6.491113164521714607e-01,6.763750807284777400e-01,6.182548091050074079e-01,5.915902857446433405e-01,6.202780383591465219e-01,6.328063871825146958e-01,5.967993626586035605e-01,6.560218686414477363e-01,6.144937634153060380e-01,6.146465830652177997e-01,5.841156244950487242e-01,5.960833767137820871e-01,6.119234098836248137e-01,6.424004385952016838e-01,6.104229180079355777e-01,6.367194061136323135e-01,6.326315269795659280e-01,5.563269846667868723e-01,5.976964265563008416e-01,5.808749241692330312e-01,6.327100688756674973e-01,6.136881049042153258e-01,5.961892820499506973e-01,6.129991716611069563e-01,6.008361382149323138e-01,6.064820760306398606e-01,5.825545610389973872e-01,5.855569456779448068e-01,5.655292654077199721e-01,5.840566105760736093e-01,5.524182748904977736e-01,5.752272165408303106e-01,6.130949058551853348e-01,5.710237067535219868e-01,5.489607712551163310e-01,5.513538175834913346e-01,6.168050691006455866e-01,5.749724220696119659e-01,5.909869051863355649e-01,5.536983165974230792e-01,6.064092498761277650e-01,5.506630306047639589e-01,5.578831427492400019e-01,5.855420006384917109e-01,5.961771318257579333e-01,6.010869977862716151e-01,5.803138990943464970e-01,5.898975503710166546e-01,6.076426220818530455e-01,5.843779957104132672e-01,5.951628404218125556e-01,5.043553023329784279e-01,5.300114516943048582e-01,4.792865151877163665e-01,5.694676873163760922e-01,5.428497610125171402e-01,5.591632362973423254e-01,5.738118584056479676e-01,5.382975723447550598e-01,5.411736639513333724e-01,5.213340854407048086e-01,5.124347227205965360e-01,4.904165687655402950e-01,4.755398050425517220e-01,5.276841517517808500e-01,5.277547175246707356e-01,5.356614857324470957e-01
6.332871257789671748e-01,5.847762271497156661e-01,6.503083558329477709e-01,5.988617824630736441e-01,6.576851344864070859e-01,6.500619743607946033e-01,6.134108820173669319e-01,6.283719524085487063e-01,6.440141355291433278e-01,6.369795313790642677e-01,6.258470877250777997e-01,6.219201377040306511e-01,6.132966747153698606e-01,6.322396725978945975e-01,6.112746845802734530e-01,6.141780046010122396e-01,6.166500211473068260e-01,6.312366245611468196e-01,6.349007511448104824e-01,5.833733790495834182e-01,6.407059772715081314e-01,6.009870902536724735e-01,6.203199880737942928e-01,6.349921918489075390e-01,6.062339933441646123e-01,5.877089641231236783e-01,5.734916098290928632e-01,6.002555984661089861e-01,6.156465567700522001e-01,6.052821156020864457e-01,6.388359440202411310e-01,6.340111389462880220e-01,6.261503751835955089e-01,5.830424456571434710e-01,6.073967653514961151e-01,6.207320750851569313e-01,5.920696204054127776e-01,5.853294050308138763e-01,6.233025086466768006e-01,5.681806581712811610e-01,5.948761671743455492e-01,5.298028766785647381e-01,5.803630028727674306e-01,5.672183904666654453e-01,5.988816657483378991e-01,6.088038395067622011e-01,6.174408846470053058e-01,5.909152070535815815e-01,5.553837676449684402e-01,5.837883901634597361e-01,6.220300164727413650e-01,5.821896428645676469e-01,5.615858225283847371e-01,5.429820593796735873e-01,5.876405257055492548e-01,5.523208501753871236e-01,6.053200381752937842e-01,5.927455735477598076e-01,5.884209292906137367e-01,5.660490647593582336e-01,5.181000255007863764e-01,5.698443866963162074e-01,5.738566726947321728e-01,5.704269682110141293e-01,5.037706773270735905e-01,4.790780760411543771e-01,5.238330032086622179e-01,5.676311713285727700e-01,5.585877134592662774e-01,5.615450323688618850e-01,5.136188076698238181e-01,4.921247061970046577e-01,5.764308462966665214e-01,5.525789266773915021e-01,4.626618315103724344e-01,5.299066084333993176e-01,5.268369005470125988e-01,4.631982749546045275e-01,3.689042643371395203e-01,5.127645324994463127e-01
6.163627152293426059e-01,6.399700767684866065e-01,6.229490263214720880e-01,6.641237951265682726e-01,6.180563989724208174e-01,6.509184279005566509e-01,6.291098482580740336e-01,6.531750299506636770e-01,6.528443038114805086e-01,6.246228386652309394e-01,6.512664756029925561e-01,6.239863427860332656e-01,5.903073456963437993e-01,6.204822964667215945e-01,6.321696187292759062e-01,5.934490406658355921e-01,5.960619781634979297e-01,6.023682582662763796e-01,6.004183738187827135e-01,6.237144645396317522e-01,5.893556361225731344e-01,6.438089885410949176e-01,5.842098085313077727e-01,6.224252225231837743e-01,6.220745992797612756e-01,6.422349338456093681e-01,6.189851313605377880e-01,6.123247792620871710e-01,6.191396222086797962e-01,6.145969425925564833e-01,6.019678460777527773e-01,6.266467574443003175e-01,6.198933631036125380e-01,5.895063343170927617e-01,5.649258216970093338e-01,6.007730809627602753e-01,6.013736051977657260e-01,6.261567870585865725e-01,6.018309742458732847e-01,6.040311778480913496e-01,6.301053159987292096e-01,5.771688367092573380e-01,5.696581641090331383e-01,5.963978331497157281e-01,5.780154756070897681e-01,5.872728524728837440e-01,6.111621592608238451e-01,6.024254437715501620e-01,5.832719503548138285e-01,6.139490305085044675e-01,5.818940293494311300e-01,5.928509252313994837e-01,5.884971505618380450e-01,5.699596401785324007e-01,5.682457937859243247e-01,5.989349645888558671e-01,6.235794348039854773e-01,5.707975801895405210e-01,5.401175282133583444e-01,5.679943724153864171e-01,5.651329767626636080e-01,5.912929734429163142e-01,5.524986540863113804e-01,5.909413019838321013e-01,5.634179117238041767e-01,5.803818854228570689e-01,5.119843691962253640e-01,5.982219834222204380e-01,5.611461250497703501e-01,5.469712049376773688e-01,5.542249068143328961e-01,5.494530489659509298e-01,5.550103960657502000e-01,5.231090104729793078e-01,5.025216530647637070e-01,5.131083500697646294e-01,4.652669983887402494e-01,4.778013130263397690e-01,4.170870493786026922e-01,4.495583085012945790e-01
6.570732616585750474e-01,6.149755530365704770e-01,6.325203106882957282e-01,6.317873546230259318e-01,6.311900767332174755e-01,6.295557016764906644e-01,6.137443189950053668e-01,5.967303071040964690e-01,6.183453076241257618e-01,6.348104347734815356e-01,6.190350605342586077e-01,6.209026037632631168e-01,5.931440351278786105e-01,6.095047063741331206e-01,5.871504505370975791e-01,6.094522107315883952e-01,6.279415984037565179e-01,6.123071207950698813e-01,6.751147182331468377e-01,5.483392606534562841e-01,6.100764379304545182e-01,5.960771333862141530e-01,5.666859371026470304e-01,6.059892112163749456e-01,6.073862262241774834e-01,6.305492329408439733e-01,6.156964372347937253e-01,6.206336524495100759e-01,5.809517303922404619e-01,6.031226812927231729e-01,6.046053168145868462e-01,6.181886431939744853e-01,5.578424432042911052e-01,6.027311729769989634e-01,6.267233485246304081e-01,5.988592269615370389e-01,5.703705505672048703e-01,5.840726579119153161e-01,5.738672727919246208e-01,5.779406106443539803e-01,5.981476303675444806e-01,5.379429236872168563e-01,6.083509879876357607e-01,5.987589759758142893e-01,5.942990284710490956e-01,5.858131677172448981e-01,5.938969497260051522e-01,6.084173764700586684e-01,6.083750080916771052e-01,6.138096617489484652e-01,6.148676770131926705e-01,5.869257287281097746e-01,5.471187668246488833e-01,6.096654007039521428e-01,5.547293955362121443e-01,6.093547901677952572e-01,6.250044399299460318e-01,5.670961788924372415e-01,5.982949483596515794e-01,5.772734761174590501e-01,5.863447497174946177e-01,5.957172622650978022e-01,5.869415057256863744e-01,5.842293395942859124e-01,6.471243517607057072e-01,4.836172504320686572e-01,5.038607045061553880e-01,4.873035301501699723e-01,5.490749587176626534e-01,5.513445535678204168e-01,5.370738910879352401e-01,5.375386477206335334e-01,5.103984579656623000e-01,4.890689969541425208e-01,5.634631183517385677e-01,5.456313355419276645e-01,4.430153042145931752e-01,4.974389187293113967e-01,4.375948352830122956e-01,5.206230758291008343e-01
6.299946199773290845e-01,6.154652698652267606e-01,6.267327019778904384e-01,6.304336596251381986e-01,6.194054548118944625e-01,6.250610268372065459e-01,5.915166611394654383e-01,6.288046827377630210e-01,6.162002208586250251e-01,6.109151438871852635e-01,6.365490887207705395e-01,6.102406702130280802e-01,6.035304405632726521e-01,5.785358657395159865e-01,5.981927048447058803e-01,6.339820811493558361e-01,5.900965313945149004e-01,5.784942928511122018e-01,6.300356065870510447e-01,5.962522625007689037e-01,6.009981383340269323e-01,6.260384796819215003e-01,6.173598734341815275e-01,6.168296501228760498e-01,6.484756292556764778e-01,6.329916338622162408e-01,6.088103730460887597e-01,5.977127414313863074e-01,5.916223801555606787e-01,6.063954791741503758e-01,6.577676897167009651e-01,5.731027611534813548e-01,6.430447270141189664e-01,5.874681346413254124e-01,5.865983636984405392e-01,6.113719754800820416e-01,5.812631748978452917e-01,6.151437151507799239e-01,5.776421162332502357e-01,6.206607024392635230e-01,6.026544151448560704e-01,5.821099496844832633e-01,6.007678720260438698e-01,6.411926518433990196e-01,5.950275328418250798e-01,5.962846267963345381e-01,5.449458640543232146e-01,5.804286785040192465e-01,6.018341714052433122e-01,5.726123776106956109e-01,5.787808853059992487e-01,5.960858924421522653e-01,5.987561226498688827e-01,5.644722013861086518e-01,5.666468379715809967e-01,6.162410024109642448e-01,6.097299056697825792e-01,5.492639058200302626e-01,6.146593854085214970e-01,5.600250371876167588e-01,5.619626626192120167e-01,5.553849568061046682e-01,5.663331192679337267e-01,5.967508453139190872e-01,5.271400922946301026e-01,5.459194599992596153e-01,5.819482882211702846e-01,4.808709702896679650e-01,5.193442051393449832e-01,4.983005156689996884e-01,5.172830791198997913e-01,5.916266588683574135e-01,5.592464659337755828e-01,5.547012890277245312e-01,4.996973055419334231e-01,4.511896339917369492e-01,5.106103966932288296e-01,4.810971341087774689e-01,4.714135329530736440e-01,4.904508094459751333e-01
6.137260315471134708e-01,6.386361169492124068e-01,5.960658003831224017e-01,6.503914089979883073e-01,6.442853492305806729e-01,6.045274828825887292e-01,6.665165545944181646e-01,6.106395823910973908e-01,6.291070079514243796e-01,6.627638921554782625e-01,6.299287751420733494e-01,5.962204565808245649e-01,6.146558049724674122e-01,6.139714959611473066e-01,5.852076021252138327e-01,6.287938232734054944e-01,6.256818496151342890e-01,6.112536821963101552e-01,6.410570580759122894e-01,6.073895731039671286e-01,6.032855951388812477e-01,6.314214678235318123e-01,6.218277561637222117e-01,6.347902862267272850e-01,6.044684815914076470e-01,6.400421980881304540e-01,6.051803925600011125e-01,6.366042757127842178e-01,5.968528237260084524e-01,5.856603753947646762e-01,6.050587169514864971e-01,5.695158152862865863e-01,5.749471361498073030e-01,5.841094484778212026e-01,5.958975859676272080e-01,5.791509696163557042e-01,5.565206467986439920e-01,6.096600866120297502e-01,5.935845103659277422e-01,5.553473839891588382e-01,6.034637977199512893e-01,5.739197548846340924e-01,5.601678956332583059e-01,6.143408094823464838e-01,5.501575849003293994e-01,5.362803706507711654e-01,5.573984339810839073e-01,5.833480218264811556e-01,5.982444316081223512e-01,5.920624733684497487e-01,6.283765288743118349e-01,6.215951900902060290e-01,6.182059335829894753e-01,6.357697789396269394e-01,6.170036342539017005e-01,6.327361372836308728e-01,5.528042852568130217e-01,5.987246265083971952e-01,5.763514094144983613e-01,5.917400406193157325e-01,5.829598168947286441e-01,6.294490168812126862e-01,5.913625557853060544e-01,5.525212239174117634e-01,5.695340340451766625e-01,5.527837283912162558e-01,5.432688600222383979e-01,5.552492868879232990e-01,4.808038965798658304e-01,5.395024950589099033e-01,5.127076104411135704e-01,4.247306649878843654e-01,5.185831221326615559e-01,5.872635131855864499e-01,5.371552637096238536e-01,5.679426773991764765e-01,5.498463387752055009e-01,4.627569002952024446e-01,5.498189138143284582e-01,4.609497780880794648e-01
6.237703197437799441e-01,6.126157587725729048e-01,6.544603281056506905e-01,6.386362808018906101e-01,6.776883621460082496e-01,6.196315999399273355e-01,6.025427075580506164e-01,5.820974601528084991e-01,6.055823579718577765e-01,6.124636779356639193e-01,6.272046417267888030e-01,5.885705801585882080e-01,6.253252477534352316e-01,5.849798087785592626e-01,6.032379817115154363e-01,6.312567969665650036e-01,6.103576400351689024e-01,5.633139909380970867e-01,6.120399994916876363e-01,6.205713687545879598e-01,6.319022780570996423e-01,5.975420647115380346e-01,6.274825763706270987e-01,6.236599181622211052e-01,5.910716429273754624e-01,5.825184225492266998e-01,6.087381945556712415e-01,5.790047068340112846e-01,6.135086237498106332e-01,6.178917483590786741e-01,5.819901807551748352e-01,6.240467576377746184e-01,6.086388661822306201e-01,6.239665598832322413e-01,6.154536268244441555e-01,5.934529439676407003e-01,6.152816632202978697e-01,6.159273270472442885e-01,6.308020790020597568e-01,6.060070611120713657e-01,6.487106058066509640e-01,6.107997601538103227e-01,5.866902671051580365e-01,6.205608635141347529e-01,5.867734760486847945e-01,5.542775686144358893e-01,5.872771595256094379e-01,5.881323741411045303e-01,5.796299586784380287e-01,6.110850595031664945e-01,5.744666845239997377e-01,5.825987973520795338e-01,6.261388644314759278e-01,5.865441172784406909e-01,6.122626314607356734e-01,6.045471976999473585e-01,5.625905732153790861e-01,5.416609898829837233e-01,5.607424375838256925e-01,5.660019702754567339e-01,5.798519704330272750e-01,6.041789720229907568e-01,5.194876398381305105e-01,6.025385006870921378e-01,6.140877660462945586e-01,5.685519180502244252e-01,5.596414592766143503e-01,5.018287087663727553e-01,5.928510401514768269e-01,5.747703848131068272e-01,5.631872978011557285e-01,5.319407518321244144e-01,5.868314201005452313e-01,5.386193496142888115e-01,5.528683635312380273e-01,5.103152959927760302e-01,4.814994619708845014e-01,5.678307682721678296e-01,4.909343911523878501e-01,4.865226525079262010e-01
6.460078384022556186e-01,6.493256269687758264e-01,6.236281930511865523e-01,5.838656554628784967e-01,6.263290772875306223e-01,6.155961055857405162e-01,5.917882456052695472e-01,5.834198929265851374e-01,6.220249700856496089e-01,6.281128803419108175e-01,6.337862737086982223e-01,6.253225850293945287e-01,6.212898761237630740e-01,6.013760621651095262e-01,6.310630485974967341e-01,6.233717079560483487e-01,6.152447757190200317e-01,5.695704522619833288e-01,5.933908029388423877e-01,6.065777726190663133e-01,5.916962430073758883e-01,6.055697656274358076e-01,6.299809807759879643e-01,5.720640340096083687e-01,5.780356469008882669e-01,5.883786744564811766e-01,6.270045707311610039e-01,6.362816184734250147e-01,6.076809951821995348e-01,5.756041111386601683e-01,5.592436231512363243e-01,6.026988283986257633e-01,6.113901888480580693e-01,5.706144050560031378e-01,6.213777224601160221e-01,6.113458480550317820e-01,6.137381681527618316e-01,5.580007703694963572e-01,6.076390361249226491e-01,5.797882892803275512e-01,5.729912794360989547e-01,5.742780997460579240e-01,6.058386653632789054e-01,5.767645982054002696e-01,6.320971332664477860e-01,5.857779790322000801e-01,5.669618802667227841e-01,5.790535683563039493e-01,5.854429828299136940e-01,5.742657009154062964e-01,5.680388681276711260e-01,6.056338848951540177e-01,6.305274318492632979e-01,6.072137419812666526e-01,6.146939637685944202e-01,5.991019899102631996e-01,5.828020745127791002e-01,5.385106014733277435e-01,5.844053317572054373e-01,6.195502236523027229e-01,5.796300830255136649e-01,5.733898872349819653e-01,5.574002221402362123e-01,5.564547844287733858e-01,5.803867328144254323e-01,5.653082753173450659e-01,5.617289992456061531e-01,5.548056347558836254e-01,5.998651053649111109e-01,5.152425403292429928e-01,5.587599330185605284e-01,5.193531074602929509e-01,5.693929862329133451e-01,5.299285662716467504e-01,4.715592275629124086e-01,4.551660865907914411e-01,4.764909003149816469e-01,5.645322345006739129e-01,5.476109111272956520e-01,5.280479164361741029e-01
6.177918394932698787e-01,6.313601345959186650e-01,6.075040311770447676e-01,6.376237395093179439e-01,6.048717299315071738e-01,5.898997623725208417e-01,6.296521460698424333e-01,6.289976516018745967e-01,6.051373350165487608e-01,6.021513544116848804e-01,6.459908142530162989e-01,5.961991696906261406e-01,6.211908017684508732e-01,5.907737971193883775e-01,5.906447812872243075e-01,5.954924153989005209e-01,6.185969427936589549e-01,5.904690089059619895e-01,5.927315321302525364e-01,6.019908476625316363e-01,6.011256396182139694e-01,5.878903754342759136e-01,6.043069554358885265e-01,5.883731411945267720e-01,6.153039951436098942e-01,6.240129762500169486e-01,6.159307627559064136e-01,5.838438216193293506e-01,5.930879112483882221e-01,5.772486698787197001e-01,5.944556797879280152e-01,5.809889826797467460e-01,5.903180736502239290e-01,6.195620257244980333e-01,5.537868700137967837e-01,6.259146515687402657e-01,5.898246573465802944e-01,5.864989973873008244e-01,5.519554043503536178e-01,6.177397795144822235e-01,5.987971527612626632e-01,5.824404636770209587e-01,6.031234344427590655e-01,5.947710000304201605e-01,6.193924709039222432e-01,6.066449407269580707e-01,6.001629997529887017e-01,6.230231103958561167e-01,5.937968266530667671e-01,5.961155983938911662e-01,5.508106548227440502e-01,6.191532682801542675e-01,6.174232888796050700e-01,5.713225352794499834e-01,5.764973806183336658e-01,5.794139159067552836e-01,6.527641185518349154e-01,5.910497635000963035e-01,5.710292293052191548e-01,5.832402768461576459e-01,6.063539609517810680e-01,5.843795414356732776e-01,5.569602094433949713e-01,6.127153478193082536e-01,5.644104357491025459e-01,5.734230939275871686e-01,5.781509796546959734e-01,5.471408624180763569e-01,4.859623156831113788e-01,4.894118048431962409e-01,5.654593817542667988e-01,5.435357567344027974e-01,5.909013753287155613e-01,5.671237771308401676e-01,5.357012227270835369e-01,5.168709962851297801e-01,5.443100411907016989e-01,4.940563108389024460e-01,5.231965137364460450e-01,4.950122515010434987e-01
6.308109979178055937e-01,6.580747165771730911e-01,5.883971997948453936e-01,6.509000020445968593e-01,6.130804005882025676e-01,6.158839926484322991e-01,6.275983162098801582e-01,5.879489724134605577e-01,5.748236278400740140e-01,6.209499784582634963e-01,6.234540470731884110e-01,5.880916107738732856e-01,6.281501571842315057e-01,6.216066874678938259e-01,6.145649213541222178e-01,5.769139061175923011e-01,6.070954273729147754e-01,6.125276221452536918e-01,6.133873287400644081e-01,5.769640856233851922e-01,6.093059741590054479e-01,6.293620492694099733e-01,6.143100951162853152e-01,5.851957578144690864e-01,5.987797630226611156e-01,6.442010905445516578e-01,5.939991425949525672e-01,6.004402980062994999e-01,6.074989555784238160e-01,5.961274022549968299e-01,5.897230390035136383e-01,5.617434030263809275e-01,6.188083806637975082e-01,6.056608162785627192e-01,5.575904257890277327e-01,5.871376095694873509e-01,6.183498681302290745e-01,5.904204631629564881e-01,5.651274290286922852e-01,5.865934065721507551e-01,6.270040233609127656e-01,6.063297304678181288e-01,5.960347406438502027e-01,6.064198646320424491e-01,5.869554913309457111e-01,5.894899394020107763e-01,5.999337175494353636e-01,6.316895473953559881e-01,5.957267540805744055e-01,6.175755342933381131e-01,6.127486130588669644e-01,5.949993772670936210e-01,5.802680618330895435e-01,6.369971265914261549e-01,5.606254818902433046e-01,6.199778112460154755e-01,5.446817313274906480e-01,5.957764462124562899e-01,6.298811350551295485e-01,5.843838137545347422e-01,5.226678108822313540e-01,5.894166740235546875e-01,5.610924661394132151e-01,5.970286495572261209e-01,6.036459315957917182e-01,6.224617683371438392e-01,5.077594343049963710e-01,5.840135594220358106e-01,5.535657363853033752e-01,5.252996903540756435e-01,5.030607615359373730e-01,5.218244911415862441e-01,5.688795200246060668e-01,4.994669149557096066e-01,5.464832658215215133e-01,4.807040433552714487e-01,4.997713152668663006e-01,5.121816576781484942e-01,5.392755455331594838e-01,5.096210882014556853e-01
6.114259048217519643e-01,6.197149436707077852e-01,5.893482117742766535e-01,6.418968687667415685e-01,6.331684126321004413e-01,6.145235880986574806e-01,6.317745342542602227e-01,6.213137289664417695e-01,6.468319231607799757e-01,6.302442148386736553e-01,5.888376350847078777e-01,6.217884394957615690e-01,6.233429938810727267e-01,6.003621915546323295e-01,6.172693502758342943e-01,6.102608426741762404e-01,5.959761021428674477e-01,6.111912974762085948e-01,6.310672896994732328e-01,6.017452601054344985e-01,6.034915193657254262e-01,5.875830699453437056e-01,6.002702758612648015e-01,5.838608902464330619e-01,6.014905802570456039e-01,6.007803678744839671e-01,5.963084970087294545e-01,6.077826893169465672e-01,5.784244557891053962e-01,5.984880481241722228e-01,5.963146190825904247e-01,6.121419547144431039e-01,6.071375204998594732e-01,5.943799890431802346e-01,5.445999869317604825e-01,6.246369039830537151e-01,6.239520755988844369e-01,5.831407401659359779e-01,5.602775790630085684e-01,5.894559263595471332e-01,5.841801366863523803e-01,5.892672868327447633e-01,5.997757591758087203e-01,5.786970878123294248e-01,5.967666548337740018e-01,5.851320422930051945e-01,6.463919796810730922e-01,5.827220291295325261e-01,5.726774685418091204e-01,5.730901840156723548e-01,6.338799158803962719e-01,6.051887270283030640e-01,6.049732049000824397e-01,5.911068005681573423e-01,5.613559312324805095e-01,5.732562504125390257e-01,5.842210101720586302e-01,5.920259457536471981e-01,5.685334606099693433e-01,5.812223226201217452e-01,5.749387072181842973e-01,5.683905640448413399e-01,5.687569587110706815e-01,5.327561453365634581e-01,5.391731409031863542e-01,5.721355618975695334e-01,5.566347648882071786e-01,6.066829942087665906e-01,6.002891490311825784e-01,4.984883884140747790e-01,5.209156840440435365e-01,5.828588436933080930e-01,4.970043856637435531e-01,5.426830706284104799e-01,5.242895530648904456e-01,4.731146617509142116e-01,4.875604017284719816e-01,4.491896176034840260e-01,5.512967179487801017e-01,5.107514681232525611e-01
6.321464246919862306e-01,5.977031454703055635e-01,6.051376596524309370e-01,6.146941830420129538e-01,6.580488527739359883e-01,6.422321534193231596e-01,6.340458805542660281e-01,6.363121573225393179e-01,6.177106944955940149e-01,6.158169285572830942e-01,6.267808921340578543e-01,6.180883333381778089e-01,6.510498519247083227e-01,6.128654797456093428e-01,6.042181429099336976e-01,6.414883939060516127e-01,6.579006487260665725e-01,6.248868370217637302e-01,5.959301337631751627e-01,5.790411286815370095e-01,5.625338941163031681e-01,6.129650026622690540e-01,5.867815895330258380e-01,6.238111755634142552e-01,5.973269449853261248e-01,5.807904399498415859e-01,5.951026132096105536e-01,5.987882811731898292e-01,5.942661538693519985e-01,5.793250856479802424e-01,5.642557019903594595e-01,5.704584242705037500e-01,5.721200542032042202e-01,5.797339485036040463e-01,5.406470215599232798e-01,5.848847337991606166e-01,5.661081210821735654e-01,6.217700183649430556e-01,6.015564405932245506e-01,5.494639033584640675e-01,6.290911403452241757e-01,5.944882310170406248e-01,6.341942298519321897e-01,5.745026369973333935e-01,6.101272809191509161e-01,6.193282301501067399e-01,5.571861542085040364e-01,5.772795150008487308e-01,5.542025524691477356e-01,5.582787374722800733e-01,6.597583307066511304e-01,6.062258186700071327e-01,6.421847051108030557e-01,6.134939814986283269e-01,5.966251510325275564e-01,5.920530337694803746e-01,5.779429738914106940e-01,6.269052849979070974e-01,5.875402971951589892e-01,6.059560325881477860e-01,5.719669300208564122e-01,6.545556225135541473e-01,5.562678926331929841e-01,5.852077554227739231e-01,5.429208573250613457e-01,5.316443556284389249e-01,4.920399810698715126e-01,5.211730265479690427e-01,6.004245447670819580e-01,5.031433708945400873e-01,6.263101019991352825e-01,5.411519671943696430e-01,6.055516077984882672e-01,5.798460226189828814e-01,5.099890438429920403e-01,5.544839401897914133e-01,5.451569016167313597e-01,5.148987301041320075e-01,4.925672206250774621e-01,4.626557222117287926e-01
6.208968870960615005e-01,6.156178358071179302e-01,6.216442095829799452e-01,6.182547241550049311e-01,6.017552959454450789e-01,5.981487712209186958e-01,6.026182239907741378e-01,5.893900660607199748e-01,6.291659809130598635e-01,5.965071221686983893e-01,6.205793501133213264e-01,6.383296425898341564e-01,5.937176268547406099e-01,5.907870781872863741e-01,6.442339262119024523e-01,6.073549841246119740e-01,6.191356981532759596e-01,6.227489800937663356e-01,6.652377623220757652e-01,6.307543549599460286e-01,5.497056139757161564e-01,5.869955243917261978e-01,5.477924792972906909e-01,5.424345027334710467e-01,6.196949136311182826e-01,6.140897087627495976e-01,5.916032877886064911e-01,5.944800864437683741e-01,5.993317552432774198e-01,5.906074270052535935e-01,6.056121669100222871e-01,6.161057436609416182e-01,6.106897462764836471e-01,5.609214769633408260e-01,5.642061450758203422e-01,5.789111867431887548e-01,5.963001106052843170e-01,6.348162418319448497e-01,6.043326515821133560e-01,5.963047434005626091e-01,6.137292018371595104e-01,5.866411581243269335e-01,5.550077241669837402e-01,5.930992216690893493e-01,5.613864500541410063e-01,6.150852016491691332e-01,5.610145264765188378e-01,5.995729771148682330e-01,5.537521914221010810e-01,5.499684641892539361e-01,6.336809470694639845e-01,5.652610209453406975e-01,5.754171996301951086e-01,5.838877916343786501e-01,5.811449559967492018e-01,5.924094568360529500e-01,5.535494289924085543e-01,5.836037239482222416e-01,5.655410988011252416e-01,5.701066846540255861e-01,5.733801067755701641e-01,5.635615285497942439e-01,6.095939822165622468e-01,5.795432237085390570e-01,5.925677245115721359e-01,5.393682715527249316e-01,5.581557084428766524e-01,5.837333762736276466e-01,5.639163214788417422e-01,5.899475404142289214e-01,5.995980420952911061e-01,4.792297256733054067e-01,4.999614850992098458e-01,5.235008060642445393e-01,5.759337597707966383e-01,5.192124386470168274e-01,5.233433213539593343e-01,4.987179037555442562e-01,3.858159202550677791e-01,5.004768466743098054e-01
6.183339324987872088e-01,5.836094492695849123e-01,6.507280085407358694e-01,6.231610456039776702e-01,6.095803291746491048e-01,6.652316805416512713e-01,6.187266070512092986e-01,6.444087947620744661e-01,6.021030551397681396e-01,6.052004677767004459e-01,6.467728874426911245e-01,5.843067579451616256e-01,6.237693883130189798e-01,5.877414923968671268e-01,6.543570315991155129e-01,6.104713584554716244e-01,5.787298886514183893e-01,6.417308408042349255e-01,6.087360965983071859e-01,5.719285983308821653e-01,5.647290648061743523e-01,5.746951962810924464e-01,6.130288327780759605e-01,5.963329771495373688e-01,6.250831779980926539e-01,5.966899641480130079e-01,5.563001168734427182e-01,6.224884320795618375e-01,6.107869947821635837e-01,5.854341049450233481e-01,6.393631842488988193e-01,6.269939641109180117e-01,5.845366208689984910e-01,6.122873217671941370e-01,5.893043412174923112e-01,6.291653597122431885e-01,5.755176738075006293e-01,6.085018525048327964e-01,6.360625434461403271e-01,5.645689235358287705e-01,5.687115341639662480e-01,6.042868121545778015e-01,5.338102315217613247e-01,5.591207027642991489e-01,6.007578937329003388e-01,6.323715350168562788e-01,5.873965199364776790e-01,5.608279728058988001e-01,5.945678338978321875e-01,5.947636849270641068e-01,5.788501537395921437e-01,6.323564254868155876e-01,5.773836645983435600e-01,5.910808780664171813e-01,5.898240623587739373e-01,6.412750476977427949e-01,5.750725530105916805e-01,5.698124690201062936e-01,5.741917601778501190e-01,5.745844188089257454e-01,5.697456483397353999e-01,5.694126553177949468e-01,5.723734568060044881e-01,5.854428671737469392e-01,6.109585468146064846e-01,5.027695840070672828e-01,5.696330379691977308e-01,5.253694778979235425e-01,5.219584678801163502e-01,5.746869130038926299e-01,5.272309088077865580e-01,5.676719879506758604e-01,5.379170998601006115e-01,6.029359181368224574e-01,5.581653177586490822e-01,4.671087772622535272e-01,5.403393647613141670e-01,5.418451241814120634e-01,4.868462115921348698e-01,4.585902818292520999e-01
6.042518240020647857e-01,6.279580887360810548e-01,6.320250838732534016e-01,6.062793237969718030e-01,6.018338966601645135e-01,6.341404222283593128e-01,6.352694252123447516e-01,5.945828179296193117e-01,6.400799789822452235e-01,6.043369070881429161e-01,6.034228394955601926e-01,5.943254948429216311e-01,6.093223559920583066e-01,5.853287335165155980e-01,5.967651736600424472e-01,5.580940354751574572e-01,6.075561787231479327e-01,5.955428017167413435e-01,6.244008139882299968e-01,6.274823908694282526e-01,5.982490171653094269e-01,6.164264694780522413e-01,5.767754008057182080e-01,5.846848256725265536e-01,5.998288512375816728e-01,6.007366460055446611e-01,6.202939093252503033e-01,5.801001891413435363e-01,6.011081114475370635e-01,6.244931416783195965e-01,5.865343582939939182e-01,5.915723656301443700e-01,5.797974168523440941e-01,6.019531659329470097e-01,6.068676865990283442e-01,5.769576481381722965e-01,5.953200866626214838e-01,6.042131967259166681e-01,5.838755389604822765e-01,6.127867980444448026e-01,6.068995226361124651e-01,6.181257221756703002e-01,5.820586016807633989e-01,5.873382987491002627e-01,6.047433706625024996e-01,5.483472805481877099e-01,6.359967838186793010e-01,6.122369308829060941e-01,5.488309169042743241e-01,6.008595477943754481e-01,5.903924596571781258e-01,5.263769315662053527e-01,5.737049537188286807e-01,5.479915832827445543e-01,6.068540141690227374e-01,5.835791442859072919e-01,6.050149967972393572e-01,6.087886149124793755e-01,5.597835244167955748e-01,5.806904206888745534e-01,5.860463543529838004e-01,5.382195885310768757e-01,5.785105822085765404e-01,5.389756677521849726e-01,5.752691000114444897e-01,5.509937738443704269e-01,5.467453653137389624e-01,5.533426131780747603e-01,5.329633831228759444e-01,5.249440610073217162e-01,5.288345865686946423e-01,5.553287818428593869e-01,5.744407270578861802e-01,5.755540962959642126e-01,5.248265713231176077e-01,5.039015471599156415e-01,5.592374252575815774e-01,5.523895892667688434e-01,5.657223112361333683e-01,5.378676624808425011e-01
6.675260518821004574e-01,5.912914752482760772e-01,6.376541918137080822e-01,6.143468080989350488e-01,6.185558539865333438e-01,6.340373583309907302e-01,5.955006074772003499e-01,6.374493029537874333e-01,6.317588889026697352e-01,6.046028499773267173e-01,6.003252900554838511e-01,6.289858423397368670e-01,5.995922316506371308e-01,5.934753961928680432e-01,6.008367456406088492e-01,6.297600645980456768e-01,6.018219435435911979e-01,6.167524989394196355e-01,6.508714828639778904e-01,5.998242865896767917e-01,5.852426070621642440e-01,5.928700906828674455e-01,6.069586836169409416e-01,6.576955755705776729e-01,6.484454763256551901e-01,6.319448448850149003e-01,5.456838883142614005e-01,6.067665098473784546e-01,6.126413385919141641e-01,5.956877446953825483e-01,6.130567372973243501e-01,5.691789257549776382e-01,5.974672882149394404e-01,6.023610551004812130e-01,5.683928486910023725e-01,6.118091263453553363e-01,5.613324027722519372e-01,5.937964153021046965e-01,6.029822687610787435e-01,5.803133243508998840e-01,5.859898930149703977e-01,5.947389335304394953e-01,5.944408166442795016e-01,5.599290429175807216e-01,5.909362185743319840e-01,5.871497052885656931e-01,6.306491282713487800e-01,5.460361817300429799e-01,5.551155658232603818e-01,5.813110806424611754e-01,6.248650197934435546e-01,5.862060470323642303e-01,5.438144126920896326e-01,5.853744315853908198e-01,6.123067993079113203e-01,5.554385633765556163e-01,6.328767075156309652e-01,5.424045431140435136e-01,6.257090555790187913e-01,5.476969338966405365e-01,5.973983983862072300e-01,5.506066356924552707e-01,5.675247846597273327e-01,6.118440036461859632e-01,5.752238578971592409e-01,5.525888017991901213e-01,5.623328118186307067e-01,5.638571956932556528e-01,4.888139715418736153e-01,5.343919281948960043e-01,5.641547763945519156e-01,5.130329981836240227e-01,5.341897824999883859e-01,5.649553391205232034e-01,6.159219380397856769e-01,4.953090177919242665e-01,5.030957772922058924e-01,5.451317469191626630e-01,5.491263669875957598e-01,5.335918879624428346e-01
6.180639099578023599e-01,6.290916983211068958e-01,6.043475302443845898e-01,5.630733810587564836e-01,6.103844537791619507e-01,6.152875945877954722e-01,5.972452001193757631e-01,6.070065025847004581e-01,5.853321676141474139e-01,6.136929150581681425e-01,6.270227543210822319e-01,6.152995856879540648e-01,6.432888452696385873e-01,6.234468191629821687e-01,6.054134172622768206e-01,6.077144332019348560e-01,5.892249356074988897e-01,6.095833069276975769e-01,6.217413910983164982e-01,6.159798938814250446e-01,5.725836593169398858e-01,6.127578629965033663e-01,6.078990389544312034e-01,5.994659575938121598e-01,5.810985268222651490e-01,6.198130608255932872e-01,5.907164405406082341e-01,6.166069196912334904e-01,6.301565747875866874e-01,5.820827509437809244e-01,5.821667065147336784e-01,5.574939780388468158e-01,6.121708886711088038e-01,5.985512033394575493e-01,5.877744267696850544e-01,5.674999527537581967e-01,5.630721916543152128e-01,5.647132444312231714e-01,5.665453399684139413e-01,5.927844145902526618e-01,5.849097387334613041e-01,6.244420890493374010e-01,6.091809791582043498e-01,5.519190599983698764e-01,5.621133588252528179e-01,6.192656963254445923e-01,5.804059817077841243e-01,5.905421559837610301e-01,5.635545920739866155e-01,5.493144144377024585e-01,5.630768574546622940e-01,6.078077008350573074e-01,5.971506325314510644e-01,5.230174625164302205e-01,6.150203160360460108e-01,5.977251035722772610e-01,6.074833476725933767e-01,5.572037767791638840e-01,5.789835223163783962e-01,6.020654640434955907e-01,5.769032309769810407e-01,6.064055798058876068e-01,5.600658810468266413e-01,5.387901038794243869e-01,6.226922759155241183e-01,5.499405220136526218e-01,5.682826874863430300e-01,5.477868948489265088e-01,5.828402295469474748e-01,5.220940832488129013e-01,5.669938848188776914e-01,4.923741138971597930e-01,5.745371330473764138e-01,5.478294282908262591e-01,5.417974160572484044e-01,4.343130904611685605e-01,5.118493657125827712e-01,5.368924936766561462e-01,5.271058058892289511e-01,5.249266064323465653e-01
6.167396971710463749e-01,5.900031053423683280e-01,5.803993165075211902e-01,6.455732155989925003e-01,6.031450277417849115e-01,6.099464430977346030e-01,6.023630384583159580e-01,5.974577407283736541e-01,6.149311952158525996e-01,6.395978102934222198e-01,6.254667220409515505e-01,6.397405916840591678e-01,5.905525179057052876e-01,5.965050631135085935e-01,6.319210213462350678e-01,5.356977803733822263e-01,5.744883529935906896e-01,5.814632235917546188e-01,6.201765847806702814e-01,6.153189642712086904e-01,6.214483867713762599e-01,5.842922396821744746e-01,5.705520654290682225e-01,6.104492850726230824e-01,6.305717669741986997e-01,5.732552413430710425e-01,6.101167538450055217e-01,5.806693113060146239e-01,6.131733600152406982e-01,6.231893949208920924e-01,6.516581575520790093e-01,5.763744259401163417e-01,6.396131198055000633e-01,5.903024617865797463e-01,5.953535798672222601e-01,5.749410359921417468e-01,5.493577008648290461e-01,5.806923115101845223e-01,5.861373253022365004e-01,6.523991817877116128e-01,5.649601600371119137e-01,6.033630337039205260e-01,5.852500932068998019e-01,5.898068595500538525e-01,5.936724446620309514e-01,6.207900551134618583e-01,5.670459431300191033e-01,5.557322856273871903e-01,5.633601196746512718e-01,5.826900849716298847e-01,6.337547529099832877e-01,5.743687106792491059e-01,5.987292232529782821e-01,5.727391522332599960e-01,5.875633183324067144e-01,5.407581123356182129e-01,5.664310864980458549e-01,5.458971480953116462e-01,5.873923015904628508e-01,5.617367713185659195e-01,5.526362859816028594e-01,6.492663120292733181e-01,5.957463024679126029e-01,5.930220897368979616e-01,6.074760234928298086e-01,5.197435538701350444e-01,6.030602345597889657e-01,5.506463926038931422e-01,5.322225427368143524e-01,5.319611226742109178e-01,5.443768731862816956e-01,5.930407367960698339e-01,5.231832908891402845e-01,5.004109772361158281e-01,5.366308653606693957e-01,5.039497091601927714e-01,4.491239657959848475e-01,4.749518257195506354e-01,4.969389081845498324e-01,4.598188483863192011e-01
5.813167401768003506e-01,5.911167682379272481e-01,5.619238151803435111e-01,5.944949834322409421e-01,6.046337392966955049e-01,6.031482659047006090e-01,6.405703658595303107e-01,6.091778756456277533e-01,6.164508053069491789e-01,6.130248737329613284e-01,6.499052150767513636e-01,6.372279496321060499e-01,6.287671201246094466e-01,6.215615246917860492e-01,5.761721009927308623e-01,6.557540447889392832e-01,5.844376235072232806e-01,5.966294232697273436e-01,5.878381351916182052e-01,6.025775350850613998e-01,6.012091473318768031e-01,6.126296563845843313e-01,5.663988248722162666e-01,6.197097891796963243e-01,5.971493790295252513e-01,5.913465410350666751e-01,5.936343681907482184e-01,6.072454515068923531e-01,6.298714151601392253e-01,5.961695655859468035e-01,6.337215441831707263e-01,5.582981157438390296e-01,5.854069151566978491e-01,6.174571981820374811e-01,6.473518290555984045e-01,5.787308173463430183e-01,5.868495173098771112e-01,6.014134365120551440e-01,5.743548294108380414e-01,6.168798556600223471e-01,5.956575849017448077e-01,6.324719054473938451e-01,5.810514730119101801e-01,5.818495062943203067e-01,6.430025795930355281e-01,5.522833952142556235e-01,6.358207976765484215e-01,5.801865802947053785e-01,6.225593494505852199e-01,5.709688504818914989e-01,5.886504051971765961e-01,5.921752946464615697e-01,5.640483778545191118e-01,6.048976957421365874e-01,5.925421109513903106e-01,5.582941283231035445e-01,5.501752710607639152e-01,6.106675518434131478e-01,5.574948927571345969e-01,5.778935843229280334e-01,5.531469923126510757e-01,5.990897956187736240e-01,6.038543963959768224e-01,5.800027045274516180e-01,5.936131960276375130e-01,6.269370315992437437e-01,5.786751405864853925e-01,5.164742771296715329e-01,5.142715000282233051e-01,5.413867228902610185e-01,6.030561578100833708e-01,4.938798343876488195e-01,5.731284666361829983e-01,5.767693173723027478e-01,4.819174268039866371e-01,5.009536976781410189e-01,4.895540806960876901e-01,5.739045260660505798e-01,4.977562018546106137e-01,4.145954670678813625e-01
5.644855071157894866e-01,6.133249071831891053e-01,6.015482524088581195e-01,5.871601500169164600e-01,6.215356669621127095e-01,6.132590181281410979e-01,6.340632286213379043e-01,5.851075510324090789e-01,6.070559574712274253e-01,6.136509527272309139e-01,6.077043299852752378e-01,6.210016132541442690e-01,5.993357929532192596e-01,6.198209622138283192e-01,6.072959220147793324e-01,5.842005521703138582e-01,6.009916760738562846e-01,6.097835615263341724e-01,6.343662993191995225e-01,6.053224185379095790e-01,6.029425854114950356e-01,5.656213186951621896e-01,5.944822533027533940e-01,5.956109412342465159e-01,5.905909691829859254e-01,6.111962325249965522e-01,5.988505535796042611e-01,6.065616977355215989e-01,6.092852851023489169e-01,5.900991789464737902e-01,5.955047476180880262e-01,6.211937285910692497e-01,5.870310034163537249e-01,5.884780116465246902e-01,5.387967044541959183e-01,5.893369523937871390e-01,6.043801677999390831e-01,5.718462402482260565e-01,5.921264612435340746e-01,5.751406477081545399e-01,6.205641674116224582e-01,6.050444456622769973e-01,6.105034700396611003e-01,6.053996623815420808e-01,5.699763294263016089e-01,5.639708421334669319e-01,5.621204049580987849e-01,6.119741533209679396e-01,5.938428251659627621e-01,5.812114645705347415e-01,5.845853719128323300e-01,5.951393243366976948e-01,5.691454197971934637e-01,5.826823145871338205e-01,5.731583411819283214e-01,5.427493559619703811e-01,5.693546638956927808e-01,5.362853415703185966e-01,5.955673178219959008e-01,5.957167827158317275e-01,5.829859975495974567e-01,5.956139911722198033e-01,5.900073450871757830e-01,5.957071603741407317e-01,5.397965660724002301e-01,5.317167266682267801e-01,5.687212757555304421e-01,5.704476526197070907e-01,5.734285643808252342e-01,5.114277700609360933e-01,5.464318573184622219e-01,5.741436655347132989e-01,5.698899783181103906e-01,5.661918391222628966e-01,5.897904542768652725e-01,5.091427945716886505e-01,4.244624022816224640e-01,4.168209551025071624e-01,4.865573524057566490e-01,5.923527916706304852e-01
5.946727595545411305e-01,5.698153464339631435e-01,5.689129718691522397e-01,5.848491636392497695e-01,6.385520155822028698e-01,6.044464402511171564e-01,5.622613888034210250e-01,5.952079988313004888e-01,6.005506783241041369e-01,6.497263383677410742e-01,6.319991770415317456e-01,6.379216858984751992e-01,5.742386012877859214e-01,6.330259190346261278e-01,6.009860660039605396e-01,6.017031661904773676e-01,6.053133180364361765e-01,5.669730373000736456e-01,6.080949957404919726e-01,5.895832548305310894e-01,5.595943692774962841e-01,5.981783259710709011e-01,5.722567446146503700e-01,5.687674725249960428e-01,5.525462301088592820e-01,5.840525727151717472e-01,6.128506452905119195e-01,6.281361396305219502e-01,6.442607326441395221e-01,5.710694357535660570e-01,5.872705855859330359e-01,5.848923439478624919e-01,6.222587200203709701e-01,5.835669981744471269e-01,6.073764962794345745e-01,5.814464236726160085e-01,5.790734411051937647e-01,5.929114836839183278e-01,6.132449351331689114e-01,5.884894009688745875e-01,5.834953791068129281e-01,5.949636347310822693e-01,5.920171640566527227e-01,5.860313339234956009e-01,5.789812888840483174e-01,6.407621524752705744e-01,5.514133986417447675e-01,5.321657092881596496e-01,6.374148533508966485e-01,5.926351865951917652e-01,5.896151517417517196e-01,6.092426131940994471e-01,5.871572441083824367e-01,5.422150448757705465e-01,5.999766082792407085e-01,5.938634623652264688e-01,5.794628418100703504e-01,5.713556608609382526e-01,5.812092534770878505e-01,5.717591265446919646e-01,6.048629435031528390e-01,5.957994853622134990e-01,5.930709304502529422e-01,5.453540678628667759e-01,6.223495091244294342e-01,5.828172657942245483e-01,5.273022887339205989e-01,5.858492464521153353e-01,5.683989264896494031e-01,5.073381451242914286e-01,5.609883661502237384e-01,5.792085292158805077e-01,5.379448510726856370e-01,4.981794807662028313e-01,5.919532218895717790e-01,4.558740372428591869e-01,4.751359435785504348e-01,4.892186276490073094e-01,4.523397730540130168e-01,4.523667092088907160e-01
5.865897479909114587e-01,6.153719654172618014e-01,6.047929332966660576e-01,6.339013372370955191e-01,6.034905358209747828e-01,5.767819749091470660e-01,6.117078193403967523e-01,5.994839863271298475e-01,5.923932807066205619e-01,5.975532398323341043e-01,6.475588226282383841e-01,5.710521315359743388e-01,6.118982028052362132e-01,5.944145767031882022e-01,6.499560929215018046e-01,5.551613632422093270e-01,5.756850836987585929e-01,5.875710917421615997e-01,6.193991933287200657e-01,5.912056268150180927e-01,6.119860154010929865e-01,6.064658375968472459e-01,5.869649739176788783e-01,5.911533571563929446e-01,6.623223680862682095e-01,5.251072588499277050e-01,5.908994113473577947e-01,5.743330115383867840e-01,5.843609545107744108e-01,5.861499953677821173e-01,5.647037172942932504e-01,5.969905255707310676e-01,6.065217770278200637e-01,5.765077958185854667e-01,6.185920158753395182e-01,5.556402149899721810e-01,6.182749048649879287e-01,5.736824425545711259e-01,6.103772566033247582e-01,5.894374420055455976e-01,5.407886714587486487e-01,5.736899346246807641e-01,6.064734203821903202e-01,5.821721843670198959e-01,5.995166824161082264e-01,6.052747494753607516e-01,5.951816262191746976e-01,6.122361390344120968e-01,5.777971111952556749e-01,5.702274360518923002e-01,6.060239254414230281e-01,6.005015504445966323e-01,5.402975470096632593e-01,5.921672188639092171e-01,5.768616884840042092e-01,5.708061486147124608e-01,5.752708720258165043e-01,5.885682895349965138e-01,5.514508251956616869e-01,5.807341088719140121e-01,5.505456819435331495e-01,5.857084168376867073e-01,5.806694759820177909e-01,5.539416183870310428e-01,6.122383846361002524e-01,5.674217794184406305e-01,5.589645621302814504e-01,5.071233492515457852e-01,5.636979256349079481e-01,5.137608484729813130e-01,5.978232730273809192e-01,5.034909854676875574e-01,5.261357052825078595e-01,5.692917391937641902e-01,5.437051526548284386e-01,5.633740345889498569e-01,4.973565789760577838e-01,5.159130842940069517e-01,4.725332791588500725e-01,5.946576769263642870e-01
5.653539130805105284e-01,5.747578241667981036e-01,6.293350960724045651e-01,5.659424963543530085e-01,5.829653278089470536e-01,6.021051493356490703e-01,5.920514338207445437e-01,5.806553732705366233e-01,6.061430115909683947e-01,6.229116189152201777e-01,6.019510874768018160e-01,6.162607452427795174e-01,5.962430191464115348e-01,5.959787955375200896e-01,5.881178617609447157e-01,6.318136874910337264e-01,5.793531045879920516e-01,5.878743430921702373e-01,5.917769031217365860e-01,5.785102151125228742e-01,5.767129504724158862e-01,5.886673993447018027e-01,5.857635681587097798e-01,6.110321439312295100e-01,6.330784666210702571e-01,5.857940036401043660e-01,5.906760914879445323e-01,5.916529446518441482e-01,5.543291845506749249e-01,5.746428774262090089e-01,5.861964544270997779e-01,5.639890440388283244e-01,5.825183799815537578e-01,6.219014512770836278e-01,5.810868522864607311e-01,6.145633766242230012e-01,5.669248077667468078e-01,5.881122141041392748e-01,5.250223902328550185e-01,5.412368794359462276e-01,5.769244794119282593e-01,5.427197066803401970e-01,5.356313481622233530e-01,5.860177607603429539e-01,6.045040553338254519e-01,6.090280517623034573e-01,5.681512055148691953e-01,5.880656301538512709e-01,5.939710248094456357e-01,5.703677764751505785e-01,5.781274626866922395e-01,5.816623672273012469e-01,5.954095717184088032e-01,5.562857753777137315e-01,5.635762371159885875e-01,5.667345371127768816e-01,5.937817555341824427e-01,5.878879693921629235e-01,5.797680469463597497e-01,5.726202057040021831e-01,5.683599645186254712e-01,6.245787842094507880e-01,5.860943163600603745e-01,5.725442414745945952e-01,5.645918875502882184e-01,5.961832911165384496e-01,5.936253388052833424e-01,4.760519314541851177e-01,5.084769507635041874e-01,4.852928604781931998e-01,5.063046235967135766e-01,5.318958002772016247e-01,6.360507371021706380e-01,5.363806809533862019e-01,4.598911633421066125e-01,4.395493353418581384e-01,3.735859109057272920e-01,4.758564982446691904e-01,4.681429260846591278e-01,4.043917604321788928e-01
6.074980617354082124e-01,5.725594206038721046e-01,6.008136728251626257e-01,6.026898240825384612e-01,6.125287101343539486e-01,5.848341503811310682e-01,5.702251052725116898e-01,6.063015463665049065e-01,5.764458998335632023e-01,6.309855610489939481e-01,6.179355239305287517e-01,6.219771339825310719e-01,5.608819874391367533e-01,5.656137606143809560e-01,5.607136888427376453e-01,6.061790371489119700e-01,6.011757513932803887e-01,5.591762492179650490e-01,6.214694276490781988e-01,6.186711525899324382e-01,6.354967203832423417e-01,5.822981751959734886e-01,6.285330837733764664e-01,5.826647192917953078e-01,5.966862807769558463e-01,5.643723474032185106e-01,6.139383298641629683e-01,6.166527465953030029e-01,5.771249585197377741e-01,5.744349855507829838e-01,5.652640373111379457e-01,5.919961568978784339e-01,5.973051732734889763e-01,6.320660840854240847e-01,5.977549152556059786e-01,5.888053084673886550e-01,5.852480112219655695e-01,5.651187272588991117e-01,5.937701351721640375e-01,5.636222194449005407e-01,5.151017541769846719e-01,5.611811707620812939e-01,5.530069068764666973e-01,5.766148111548649036e-01,6.106867126531928536e-01,5.712987961493873890e-01,5.861234745148842240e-01,5.931027649330038454e-01,5.620856887444974914e-01,5.919298853833350194e-01,5.783827612004143193e-01,6.142724157193930612e-01,5.982420757317720161e-01,5.632769747927872661e-01,5.580806088393556186e-01,5.800576014929699209e-01,5.769999171591518872e-01,6.186647376704120793e-01,5.955131636144578300e-01,5.659618892163231774e-01,5.341063445973598389e-01,5.619453876329522091e-01,5.737929820154966665e-01,6.087166040243864318e-01,5.362655712378434636e-01,5.365694149243984690e-01,5.740493601787225453e-01,5.413221200375428754e-01,5.256921760628627815e-01,4.726340467697475733e-01,5.231533087313299246e-01,5.430357921917614572e-01,4.568437092217712547e-01,5.136861575619637854e-01,4.107081991120501985e-01,4.625610069034026273e-01,4.277321706203495721e-01,4.328863904669031926e-01,5.099640117100274761e-01,4.424229558876907054e-01
6.015296208844510550e-01,6.486537100816340828e-01,6.162066291385183137e-01,6.057981694913432413e-01,5.980575502748196604e-01,6.106108931062802503e-01,6.231360757344875934e-01,6.149476014985627570e-01,6.355328741623852418e-01,6.201246074791021412e-01,6.083998337730422978e-01,5.927590832270290822e-01,6.092864317643491567e-01,5.980800376898137705e-01,5.903697296121969140e-01,6.124768936867760472e-01,5.850872106871680689e-01,5.945424687837299604e-01,5.886398663119083441e-01,5.735643254846763961e-01,5.745357859460558103e-01,6.061155598979354187e-01,5.744989470257412245e-01,6.197930560171578396e-01,6.040886157038236615e-01,5.957181652274068373e-01,6.264744038632233947e-01,5.971177721030076491e-01,5.861295435708263613e-01,5.633835356891623292e-01,5.939774394860334317e-01,6.080437721328645351e-01,6.366580106322164978e-01,5.691572406270213325e-01,5.938717278075508199e-01,5.984559251792802570e-01,5.920652685105520785e-01,6.045067402752849484e-01,5.864288826222606721e-01,5.543465917973624535e-01,5.992390991729136251e-01,5.930859937265932080e-01,5.973589807221628689e-01,5.847845823581029334e-01,5.901704502755085180e-01,5.951528041684649439e-01,5.793031585261479988e-01,6.015138142639701035e-01,5.765253609810578883e-01,6.516800664420798750e-01,6.216486951336012146e-01,6.050284612324127176e-01,5.610394386242900655e-01,5.934235981158303419e-01,5.627209819722357453e-01,6.526966037052354119e-01,5.626087431328719024e-01,6.014330459329602085e-01,5.755803412358146964e-01,5.718278050946350444e-01,5.531586313665182164e-01,6.013488649930737173e-01,5.160849481152708362e-01,5.797221989651594187e-01,5.369786305701181872e-01,6.063985958454537473e-01,5.445180542559046044e-01,5.450644833713788051e-01,4.987646286497732784e-01,4.963134675153901276e-01,5.708274643544474225e-01,4.880492313386562975e-01,5.158595864319366342e-01,4.973567270258569817e-01,5.971166160473602158e-01,3.772407490463972612e-01,4.451606195259423249e-01,4.473393155652934938e-01,5.286481142888579399e-01,4.756244821164354319e-01
6.389727101122697484e-01,5.842538665887869742e-01,6.411620714165982005e-01,5.807962348326439761e-01,5.717990339966415592e-01,6.182859338363880797e-01,6.293873111692379618e-01,6.156353167444007513e-01,5.385561796389064515e-01,5.912045158433116843e-01,6.265941117402989979e-01,5.710237632408229347e-01,5.823462573001969567e-01,6.318251527806805212e-01,5.642847482831335748e-01,5.986517810874162349e-01,6.167480676338857881e-01,6.168475929038752525e-01,5.792024334560897936e-01,5.988113930202746404e-01,5.945288058475400872e-01,5.947713860110571682e-01,5.630109443665248792e-01,6.091270108371998893e-01,5.848788099328134926e-01,5.935019058001417269e-01,6.128464605267784915e-01,6.122065979452908646e-01,5.795170385305541405e-01,5.531842108654505541e-01,5.740831620716273509e-01,5.760178325697798973e-01,5.939492755096463794e-01,6.042942155116128866e-01,5.837751628413703209e-01,5.779451943978755057e-01,5.780244136789860487e-01,6.235873262245038573e-01,5.815941060431598642e-01,5.962484727625096959e-01,6.157728889741155287e-01,6.012236500395362615e-01,6.389180762293787952e-01,5.841823169868833876e-01,5.845253445320547359e-01,5.795478141665010297e-01,6.090140949513032087e-01,5.570076273640547360e-01,5.142528389732349270e-01,6.113397094482704297e-01,5.604457313240982508e-01,5.932382319423401551e-01,5.508404524466018470e-01,5.900320721366058008e-01,5.702300011352815501e-01,6.076839347108486944e-01,5.748980677785240356e-01,5.634621922051973320e-01,5.327188602676621310e-01,5.754783533088005942e-01,5.475325295800538283e-01,5.762552359470620722e-01,6.134004584135612781e-01,6.008780196415279828e-01,5.551488433892415308e-01,5.194069260451539272e-01,5.298677110942928703e-01,5.821441656017645183e-01,5.456522980202882511e-01,4.908453301332545426e-01,5.340232675714928767e-01,5.569313020640959122e-01,5.709060841912827478e-01,5.125709436929823948e-01,5.439401815147225649e-01,4.859824461352907354e-01,3.677080711937005808e-01,4.633067743509416414e-01,4.155279434998821464e-01,4.745369541281915238e-01
5.727124981101929801e-01,5.886948233084738913e-01,6.013248894561303848e-01,6.193602977615356719e-01,6.160433090854692262e-01,5.940956005155554331e-01,6.398100052372969193e-01,6.206888213538515053e-01,6.156413381296547138e-01,6.361255242030454671e-01,6.152008700888853543e-01,6.369474074724532642e-01,6.036870932043604254e-01,5.655312328881035855e-01,6.119153511352416475e-01,5.844919548886766680e-01,6.257761573731196458e-01,5.957997379251903647e-01,6.086369830246868284e-01,5.863848168254514048e-01,5.648954384753294145e-01,6.065634445057046520e-01,5.832431999575822257e-01,5.667081855578842697e-01,5.928363388270943002e-01,6.015110598376441908e-01,5.749537907710723372e-01,6.317286354381642655e-01,5.904610552249174305e-01,5.674641049632199730e-01,6.281887091308753224e-01,5.794808150004462366e-01,5.889918440796352295e-01,6.111255038491217872e-01,5.646892568459127570e-01,5.759364256366797941e-01,5.508248974255665065e-01,5.532690605491126234e-01,5.542113396722785357e-01,5.894444949894063202e-01,6.301140724060753096e-01,5.600087296181637253e-01,5.718519146082816640e-01,5.929719259541573750e-01,6.019354241101095848e-01,6.091246799259492084e-01,5.646406233838654476e-01,5.680449513870612366e-01,5.960006638846387927e-01,5.835353671490118854e-01,5.669126767890754204e-01,5.747094316996566032e-01,5.998076591326240159e-01,5.869643008267010353e-01,6.062292487356804038e-01,5.530620571053138645e-01,5.471585478409288772e-01,6.222683641566096879e-01,5.603028811919746888e-01,5.567220190963896309e-01,5.474111143562130355e-01,6.049383737151330376e-01,5.686858014187758936e-01,5.010881975328836946e-01,5.393877208012010094e-01,4.548269550537237249e-01,3.498099703410406103e-01,6.128929359029569035e-01,6.083549939121108974e-01,5.774990954041843150e-01,5.607740102012115369e-01,5.666912976104396815e-01,5.795523289655852839e-01,5.662195184073582910e-01,4.983302377590498322e-01,3.100897382014833337e-01,4.558220407604113289e-01,3.086169795927001247e-01,4.289101086039310284e-01,4.004634921078677467e-01
6.011372407678484686e-01,6.195401277917788052e-01,6.385085046366929529e-01,5.887687950833984107e-01,5.712639797742792291e-01,5.865189346555044203e-01,5.698070557895835719e-01,5.699309979203106558e-01,5.837472601832250918e-01,6.078190286197997505e-01,6.368446038063270143e-01,5.989156337333869651e-01,6.130602683339987369e-01,6.300450346122825618e-01,6.136193849589794969e-01,6.250242808939443506e-01,6.245046715954065686e-01,6.154568793576931096e-01,5.596149190799734052e-01,6.091702300948844684e-01,6.141994800858994186e-01,6.068197383481233054e-01,5.481979366460708603e-01,6.164360330048863634e-01,6.037384776182043167e-01,5.801652641431981339e-01,6.046573411884085258e-01,6.034709290623806455e-01,5.851896126725532055e-01,6.058965329645118469e-01,5.980231812024872085e-01,5.843155329525664410e-01,5.829883039526742028e-01,5.741657540248905622e-01,5.594850190662838951e-01,6.070861721661646726e-01,5.780818345125520175e-01,5.720712740470258462e-01,5.530264599818444093e-01,6.235633892114277321e-01,5.537432006780454996e-01,5.859639237731121275e-01,5.386579818870361747e-01,5.857194417748629034e-01,6.036957536718896566e-01,5.686705748520000103e-01,6.207599604746985023e-01,5.652947754861420426e-01,5.676394358945290319e-01,6.318073003198735327e-01,5.624234142068399445e-01,5.630253092684163185e-01,5.799249453132415688e-01,5.976579921403062379e-01,6.251835268455759875e-01,5.863870380438860330e-01,6.167792371459105416e-01,5.787262292294470534e-01,6.103440667022657085e-01,5.711050734459848233e-01,5.761879409542227659e-01,5.505165746070540544e-01,5.740804399494144894e-01,5.110795750679768545e-01,5.625801423565245374e-01,5.591186504766317844e-01,5.657293159289948914e-01,5.855636779406325765e-01,5.329719568911811534e-01,5.276551089515936210e-01,5.866008591774247716e-01,5.349682004858087314e-01,5.113897209957248835e-01,4.991895423958669920e-01,4.733139409532985398e-01,4.279738326907508439e-01,3.932327675343387785e-01,4.164116817290673955e-01,3.090328174740580303e-01,4.391669696146119350e-01
5.676006911750328676e-01,5.981428067535320414e-01,5.607289561270705214e-01,6.009158069715423434e-01,5.856345630852728412e-01,5.463780999941371119e-01,5.538869772297736471e-01,5.730884452298982135e-01,6.030183157415176520e-01,5.731859475636749135e-01,6.195295203835041731e-01,5.638434563561438573e-01,5.618937004175578176e-01,5.468780166357178896e-01,5.594008526650873225e-01,6.127048116126351252e-01,6.028603104531879975e-01,6.378499350928922285e-01,6.105404696638578876e-01,5.778484774445242778e-01,5.978936543295640949e-01,6.450482274303339647e-01,5.815926387502332595e-01,6.057405713128317659e-01,5.570258815922205509e-01,5.833259354673009378e-01,5.872596813607826594e-01,6.323371563238077142e-01,6.042091555664215186e-01,5.707450897745425245e-01,5.702789670630393770e-01,6.158467496086328374e-01,5.969112717698217274e-01,5.570740638346800555e-01,5.903400765844047937e-01,6.567947594391373434e-01,6.018923031900131893e-01,5.189045146471676917e-01,6.064836061084616370e-01,5.640080378891327850e-01,5.662917738537451839e-01,5.945663334254071009e-01,6.347239464932866726e-01,6.337541438069573818e-01,5.391125961361751262e-01,5.988348298757496524e-01,5.703207876536008358e-01,5.213022574197043735e-01,5.820103169414237998e-01,5.860089061629955021e-01,5.633840717421549904e-01,5.437100404077587212e-01,5.494790703240063356e-01,5.507252232327577435e-01,5.577913821675810624e-01,5.441774392449466591e-01,5.803224949332883575e-01,5.592723948375927234e-01,5.362903222096353506e-01,5.817845521211595372e-01,5.353771493063700371e-01,5.511611713377957411e-01,5.593058047226727725e-01,5.389495392817171826e-01,5.870638006541493148e-01,5.361597775049573578e-01,5.409645415311722383e-01,5.767850748801829353e-01,6.108272303914432655e-01,6.012818695187787110e-01,5.400726126454945542e-01,5.568538164714459393e-01,5.458470887099604596e-01,4.763793771862909754e-01,5.621673298934540819e-01,5.085203454493016917e-01,3.855301265017175294e-01,3.486087316404440917e-01,4.882885056783722866e-01,3.329285982731225446e-01
5.974858593229032122e-01,5.760081861156416405e-01,5.878187149604343631e-01,5.766995918422403999e-01,6.224440960143112767e-01,6.099962847766957630e-01,6.032254233800359300e-01,5.729588647392218625e-01,5.849371312939583012e-01,5.953543262206284492e-01,6.233855124880504084e-01,5.861480396499941792e-01,5.645762268685962093e-01,6.241080493237196603e-01,5.515089407149015299e-01,6.101969377620827251e-01,5.928316825622858000e-01,5.797222085660326263e-01,5.848411461397152733e-01,5.634340022196896447e-01,6.062715478391151880e-01,6.109682586836550078e-01,5.988933930653099758e-01,5.621895530218217196e-01,5.709842232571388232e-01,5.936038466712880712e-01,5.938332181541878807e-01,5.880871399187692639e-01,5.960339315685756478e-01,6.178253692805963926e-01,5.923697463692912946e-01,6.027661847531374795e-01,5.666696961827252244e-01,6.073948627020087088e-01,5.631871651487542207e-01,5.906231467825712178e-01,6.078467644500122891e-01,5.834359417518097946e-01,5.592892274976918321e-01,5.769833729054137939e-01,5.698677109479082237e-01,5.822657223740684840e-01,5.857017633265051426e-01,5.435221389260289637e-01,6.018075519341711255e-01,5.763534527136446872e-01,5.821328399294944944e-01,5.947897893693604443e-01,6.113993402630654161e-01,5.723819643989439543e-01,5.714507931262489127e-01,5.450503438485762020e-01,5.484089262398998965e-01,5.828217047121923011e-01,5.823715384830930875e-01,5.585177016713817055e-01,6.179422068639017773e-01,5.907087317221209055e-01,5.816800627135798596e-01,5.479519488851558595e-01,5.668510657399308261e-01,5.668139455695512252e-01,5.874673206978713313e-01,5.819233480478410714e-01,6.007504934364236160e-01,5.537077854563615675e-01,6.134339085314476359e-01,5.782608091899461566e-01,5.671525544099910165e-01,6.263394421377851407e-01,5.882958689990249734e-01,5.464938102409032661e-01,5.096928542101897275e-01,4.504474731965544265e-01,5.795626032057060728e-01,3.405229799038946292e-01,4.492382523760840574e-01,3.604924706205071550e-01,4.805281570982557482e-01,2.825654143234282434e-01
5.631560492217546621e-01,5.660962020124014060e-01,5.444395729251992888e-01,5.826952628992280170e-01,5.326370049179941502e-01,5.954995370660266518e-01,5.829086868535934274e-01,5.781605760089950641e-01,6.528650318910246275e-01,6.726109341939013886e-01,6.304161161499290955e-01,5.793271312709900034e-01,5.600489770264379663e-01,6.262825908142715114e-01,5.780141799310367645e-01,5.947762170681600846e-01,6.128953885643553257e-01,6.014816282037056538e-01,5.690708493361051890e-01,6.085791589144718960e-01,5.583657883489535623e-01,6.243686269109485210e-01,6.007791985075632279e-01,5.611584365885468051e-01,5.551478861807794818e-01,6.081231599914702635e-01,6.011991269131136129e-01,6.101710377349101044e-01,5.604430024483794126e-01,5.723310208408977084e-01,5.949282064068259768e-01,6.182866055588726040e-01,5.996296935197751310e-01,5.516947017661701924e-01,5.910863200549761887e-01,5.568221166106824827e-01,5.781838833858874427e-01,5.659494919715374328e-01,5.934511481929126697e-01,5.646355082550441606e-01,6.244275618614060219e-01,6.177262250644217634e-01,5.922247566926496232e-01,5.437709478236291138e-01,5.721615561385154924e-01,5.771143308093888979e-01,6.053290574321029682e-01,5.511878555329445817e-01,5.727801540757223586e-01,5.870847842238193781e-01,6.103003486343311357e-01,5.687018766634914790e-01,6.007292123765812786e-01,5.733481293459996575e-01,5.951464995286525062e-01,5.816730289096333495e-01,5.692623207831573051e-01,5.565387650228994509e-01,5.517096232596703231e-01,5.462370509858222034e-01,5.871469955965076259e-01,5.636647513029905410e-01,5.186504768356056116e-01,5.230240180674916584e-01,5.663800372769517422e-01,6.538060066345177113e-01,5.725402675096000760e-01,5.827772514867785025e-01,5.995890180066791864e-01,5.510086535252006756e-01,5.417124815769305268e-01,5.415977053233144156e-01,4.905233201249618036e-01,4.225488899405548948e-01,4.737422990096264996e-01,4.776178432057023859e-01,3.153328813629660554e-01,3.798851617504948597e-01,5.015335900814296144e-01,3.748532408675617211e-01
5.793586420861276398e-01,6.013805487218892853e-01,5.758953158060567956e-01,5.547506942928956963e-01,5.862147207332223386e-01,5.846844188385025287e-01,5.701140472366551526e-01,6.095459072698385938e-01,5.926236908527456881e-01,6.090052984662974733e-01,6.139385523218212626e-01,5.885236183026704149e-01,5.565701326348516664e-01,5.718984616385470732e-01,5.924174782449456167e-01,5.627169376777874099e-01,5.959024999354382013e-01,5.958912649692521546e-01,6.140241630210003798e-01,5.792210204844893129e-01,5.663775185448939320e-01,5.805165454180065687e-01,5.737189003645997154e-01,5.783899076759558833e-01,5.837824184619970769e-01,5.573987905425472622e-01,5.857134149362016595e-01,5.632791636159767412e-01,5.977550844470981284e-01,5.767418786380257290e-01,5.590482880517769759e-01,5.866093819231500417e-01,5.685294590382383717e-01,5.922428515002607918e-01,5.874707295151505582e-01,6.003870291744071164e-01,5.675268106744056906e-01,6.262736801390631491e-01,6.189728118990313055e-01,6.310344651905178681e-01,5.762210897918087493e-01,6.041989063399823001e-01,5.768317871605790348e-01,5.994432782465717313e-01,5.865818125060719979e-01,6.092727008684536427e-01,6.211824665369323206e-01,5.724829812703821075e-01,6.344028594875408267e-01,5.405696043213197299e-01,5.825909723726777623e-01,5.663362733087013989e-01,5.509503451259363249e-01,6.042215628399605354e-01,5.760286197640979156e-01,6.168854056158338262e-01,6.094351981898759041e-01,5.464594134843765438e-01,5.695242995892159099e-01,5.354890230226864167e-01,6.008719519916525531e-01,5.191454875391571244e-01,5.702933913437659985e-01,5.452764088677530818e-01,4.859830110836597106e-01,5.708953396480799247e-01,5.507356330992287941e-01,5.228217315829063461e-01,5.357555001280609464e-01,5.705805140766843087e-01,5.875508712735263428e-01,5.804390443509682695e-01,4.667583112016044367e-01,4.336167213762318062e-01,3.685516813296731420e-01,4.568839753659943992e-01,4.706024270841099311e-01,3.648507373546409083e-01,3.997906361354709448e-01,4.258689552274445567e-01
5.745618196916449927e-01,5.798710260436836794e-01,5.717613275541726381e-01,5.657458703146216461e-01,5.913917439768006101e-01,5.913027322459462054e-01,6.053823649545745367e-01,5.816183245988880701e-01,5.398606380727849485e-01,5.992833556429199016e-01,5.465269263281924417e-01,6.020597268279797021e-01,5.669808026713053506e-01,6.387684992152603547e-01,5.821441774183127027e-01,6.054474400490864605e-01,6.169256294517342365e-01,6.048570905436471135e-01,6.082909985114185458e-01,5.881233280335210756e-01,5.827257980131436144e-01,5.821799935883468224e-01,5.823003504810273512e-01,6.530110565358181463e-01,5.955437170140808201e-01,5.984896221663766891e-01,5.667242955679289151e-01,5.788912384714124393e-01,5.693602743758837681e-01,5.995712068112397652e-01,6.109118516576221847e-01,6.031423153712451857e-01,5.840536805323751635e-01,5.821521236147483291e-01,5.801269394766468412e-01,6.015708040869122142e-01,5.540245008589460562e-01,6.244181976007926460e-01,6.043841096256077350e-01,5.647610197804681098e-01,6.024907217904942325e-01,5.523650707901410772e-01,5.558071338780244952e-01,5.802844371895938824e-01,6.184353034178170505e-01,6.068808476807880936e-01,5.962744814798003334e-01,5.622647260273266889e-01,5.688292921214412878e-01,5.878282114936651537e-01,5.838735850361334023e-01,5.732694472386934414e-01,5.659189487174763888e-01,6.046455418382468139e-01,5.665809902062937109e-01,5.885548565828492285e-01,5.904185761484780359e-01,5.830912555320788559e-01,5.669221830553200503e-01,5.969947088887768150e-01,5.847293533819178935e-01,5.467369684857962264e-01,4.771789162735692313e-01,5.651834729709901417e-01,5.218948066624595761e-01,5.672255578757027239e-01,5.462676416914329369e-01,5.830837189249522545e-01,5.931949851173947685e-01,5.622918608686179320e-01,5.768996720947690005e-01,4.949105072694856000e-01,4.260591657696245482e-01,4.292161567994858262e-01,3.634383093634588890e-01,4.139405819542409382e-01,3.618115169621941574e-01,4.932714232520697961e-01,4.528401009283035128e-01,4.459689902895146996e-01
6.046065945938161601e-01,5.813003063991825092e-01,5.518495354402158659e-01,5.868052999459753005e-01,5.445876318422294693e-01,5.463004653723966264e-01,6.073716548553532713e-01,5.952793607939029785e-01,5.948445406933058344e-01,5.845940835301547400e-01,5.704576572865186490e-01,6.249990225650773334e-01,6.116462759756853274e-01,5.748255594503236532e-01,6.040543790724233197e-01,6.055751237434875422e-01,5.673827065275296455e-01,5.916366492544419264e-01,5.954024689073804666e-01,6.712348181135445735e-01,6.194016111348342735e-01,5.742375627977012176e-01,6.358551734872168737e-01,5.541135242251742365e-01,5.935769610606239644e-01,6.112594595824446531e-01,6.245972316504502242e-01,5.751980469578746868e-01,6.055913113372096701e-01,6.050508431336388826e-01,5.925707573471082901e-01,5.943933216400262287e-01,5.779108095875533646e-01,5.516001553507577926e-01,5.761078651998680078e-01,5.336690934227608096e-01,5.845051824332848645e-01,5.853321244889505559e-01,5.866214084660356098e-01,5.443083973393710862e-01,5.846735852038488224e-01,6.128966523440418923e-01,5.688179785301095137e-01,6.074524720576828241e-01,5.508575337841409292e-01,5.827766545400818732e-01,5.735376315792434232e-01,6.317582195590948357e-01,5.649532294013458467e-01,6.031589714561574889e-01,5.921609742054055880e-01,6.128430698607781890e-01,5.914323190552371878e-01,6.058220927937725264e-01,5.769889197878317333e-01,5.205366968257327809e-01,5.583952391341816535e-01,5.675199671629067577e-01,5.716834480411148167e-01,5.638214927536349119e-01,5.356142812251648566e-01,4.897912458330111463e-01,5.418548755363826741e-01,5.325548258202936758e-01,5.361714083124563546e-01,5.674438449247040106e-01,5.643105345003792683e-01,5.424444735369263748e-01,5.458848720858490156e-01,5.589387781235122254e-01,5.533739341892334185e-01,4.925540747149297904e-01,5.345149483525220013e-01,4.589478273151051391e-01,4.469362328836934406e-01,4.074851335776916161e-01,3.765966473533705616e-01,4.117742686630702087e-01,3.337352075431438414e-01,2.599843792556170707e-01
5.747374303745436119e-01,5.719762018589811259e-01,5.369086692074632738e-01,5.613676225498775985e-01,5.543440004921378339e-01,5.946717329691303400e-01,5.836447796034065494e-01,6.660092686121001915e-01,5.936293654031327138e-01,5.804274838600026465e-01,5.573367988836152032e-01,5.939986519084262673e-01,5.694803195515951710e-01,6.090098465245247228e-01,5.338727430643537275e-01,6.318964361657332107e-01,5.718578940178026260e-01,5.915331945159336691e-01,5.534318294620800271e-01,5.322098273513938826e-01,5.553747843889961233e-01,5.897977362254763767e-01,5.662073678701653456e-01,5.770624094432026396e-01,5.727850138125994972e-01,6.169584865573318755e-01,6.177500902643461300e-01,5.896432838576404212e-01,5.514579929204220798e-01,5.857313222800262231e-01,5.693344966085515102e-01,5.984861380315834589e-01,5.621077774047139597e-01,5.889965891223080119e-01,5.532947882110033078e-01,5.698050565412280388e-01,5.513938678257763737e-01,5.638415236489859872e-01,5.696915812162117732e-01,6.077804063001034374e-01,5.875115181515934148e-01,5.899040798983251621e-01,5.628482375689382033e-01,5.960308992169084386e-01,5.956146961066728363e-01,5.609076175715709267e-01,5.659383460636671082e-01,5.837667939686459473e-01,5.498124394085963651e-01,5.964958702839454618e-01,6.017092478329318928e-01,6.015992896420828684e-01,5.817626518560135018e-01,5.240369674606666361e-01,6.035972365224963054e-01,5.487218090823205996e-01,5.603615943355713114e-01,4.990386823064980604e-01,5.809832262877063780e-01,5.495515209108519095e-01,5.937715596300120469e-01,5.469372263934365597e-01,5.498594494480856243e-01,5.569011894862966328e-01,5.337932025293684601e-01,6.133411649308537772e-01,5.936873317719618681e-01,5.511338195119268590e-01,5.744977349412113687e-01,5.805488868410217940e-01,6.403280382493578005e-01,4.303243624940468193e-01,5.005122098458050228e-01,4.818658451373929452e-01,2.931489050009325470e-01,4.307061666453204651e-01,3.890492553390414998e-01,2.933543095107852272e-01,4.662195306908979431e-01,3.835426769189881901e-01
5.354679184344260934e-01,5.748926176881135053e-01,5.543421842661045984e-01,5.587733696407366502e-01,5.831872316955686308e-01,6.088574367370238605e-01,5.803389220090680034e-01,5.757594312871872066e-01,5.936546229013834886e-01,5.863603282120684046e-01,5.883265576842618971e-01,6.093915345081850621e-01,6.179644566303681419e-01,5.998210715115200875e-01,5.359987852230154726e-01,5.435260936106589558e-01,6.336337763309906057e-01,5.451487111191677393e-01,5.940463560385949027e-01,5.565447132551917253e-01,6.385923110209138498e-01,5.831385296950005737e-01,5.974404903060991368e-01,5.862579056662299282e-01,5.979371874447543256e-01,6.023029109510792400e-01,5.853466719429921694e-01,5.666620212298434378e-01,5.853142031672727841e-01,6.143169574820497303e-01,5.619359013851670248e-01,6.353552367845887172e-01,5.559480581466289539e-01,5.409212172041047983e-01,6.097601576157101189e-01,6.238658949943146625e-01,6.150038508956668926e-01,5.904090732940695530e-01,6.086664366431129292e-01,5.759115636812086603e-01,5.871168206267758372e-01,5.497470319391215554e-01,6.019905731391917980e-01,5.570689157638303302e-01,5.923142754594343806e-01,5.917085184016058763e-01,5.909479174530268830e-01,5.491490239266128004e-01,5.660845418946104379e-01,5.986231154924086528e-01,5.674929317251415917e-01,5.488061070019436549e-01,6.098976863541862858e-01,6.081480063623094789e-01,5.880412332135307452e-01,6.085484597926122952e-01,5.681366457585428353e-01,5.624942823108651790e-01,5.568740357623080950e-01,5.717197008227939969e-01,5.706376632062695187e-01,4.581853032222050759e-01,5.351104815621624544e-01,5.681067724887033377e-01,5.912850898458110738e-01,5.852470497206624378e-01,5.697232835074957924e-01,5.988030126604371173e-01,5.996285812443005181e-01,5.699708954951353546e-01,5.509371731234070646e-01,5.025604773694942740e-01,3.743986992827840754e-01,4.783546289151338615e-01,4.216071099200057182e-01,3.469866487230829910e-01,4.481154751117688018e-01,4.105111733450342859e-01,4.718506989256325834e-01,4.672259477697930929e-01
5.068302178534519475e-01,5.884504915893311594e-01,5.925323029126708940e-01,6.589252170786437102e-01,5.648120218190741948e-01,5.825871596317246937e-01,6.328956017584814742e-01,5.933751866250184248e-01,6.038483623531547551e-01,6.101206108757465385e-01,5.702038162471924077e-01,5.954182422151436116e-01,5.476620272122371125e-01,5.833818675619207861e-01,6.162621540864973158e-01,5.823902898558273034e-01,5.650968017171489333e-01,5.930348583381707117e-01,5.614949386009152610e-01,5.632404118859624109e-01,6.023907729217684581e-01,5.582169433949174531e-01,5.739766057283813838e-01,6.022467052515872998e-01,5.945699793298566682e-01,5.629134564035799260e-01,5.629312522794867046e-01,5.769463197962961809e-01,5.323063707734585481e-01,5.660847049481829707e-01,5.474220451858761161e-01,6.029668365407853114e-01,5.622260334999129583e-01,5.881136129880650820e-01,5.699262106366167480e-01,5.833534113085249162e-01,5.738206882088723315e-01,5.594632675496225005e-01,5.712876862980567072e-01,5.718945429559603166e-01,6.173791534094269506e-01,5.802970136139766755e-01,5.439600891916841485e-01,5.737335394730377347e-01,5.787008396974212543e-01,5.717891684605730385e-01,5.511365775433759717e-01,5.636238013865498830e-01,5.552130904875031137e-01,6.392303481112665553e-01,5.793115232206581533e-01,5.619288175938873531e-01,6.311517092878639046e-01,5.889159228850543437e-01,5.888644385883147203e-01,5.837908397720601439e-01,5.795418645893309906e-01,5.301458313693224733e-01,5.707052931603241452e-01,5.156336563569695608e-01,5.727484340108995875e-01,5.646713142922819006e-01,5.390719690646158524e-01,5.638008807520326071e-01,5.846319437527850438e-01,5.576808555132135581e-01,5.608292999290304115e-01,5.510684610686743534e-01,5.535208591265118327e-01,6.139051738369905031e-01,4.940847094133548056e-01,5.206823672030359562e-01,4.372019083918260995e-01,4.017563591645580412e-01,4.652726845442688441e-01,2.634243557868371499e-01,4.921752697189137882e-01,3.428757428723455680e-01,4.468442296450997331e-01,4.352995998601299488e-01
