7.524070341048001431e-01,9.957752568319550024e-01,8.041093698528154476e-01,8.286516171138186282e-01,8.074849296477963900e-01,8.224298680409063422e-01,7.861770446534919188e-01,8.248081248994379999e-01,8.016342960165315779e-01,8.193534947862095574e-01,8.208786687001387028e-01,8.272528064172213202e-01,8.096176437235040879e-01,8.208420983085605860e-01,7.911302013424766910e-01,7.927120301633279187e-01,8.298806574622215049e-01,8.075075002738151264e-01,7.755313430487543735e-01,7.839051187021014444e-01,7.726530273860175990e-01,7.605663054812571433e-01,6.977815679390659831e-01,6.730513826842653424e-01,6.527443023542344180e-01,6.853388316974261540e-01,6.653352151408630233e-01,6.682390683329850756e-01,6.557789383851575504e-01,6.457310960652169474e-01,6.515596520088049459e-01,6.336113542442949331e-01,6.397884392472102943e-01,6.125218087467986239e-01,6.106975649246371152e-01,5.011213942620814654e-01,4.345694774114098324e-01,2.711790604477793964e-01,8.459020080695575650e-02,1.110272798780007758e-01,-3.812238815056608054e-02,-3.548847656246129773e-02,-1.484057116783261410e-01,-1.491211058625955821e-01,-3.354008533733742747e-01,-1.696372077431710923e-01,1.257397648362578758e-02,-2.048666886156338129e-01,-1.600254305391466680e-01,-2.257198759426140844e-01,-1.994563607804797634e-01,-2.840128331868367884e-01,-3.491885045260775255e-01,-3.037643230566525743e-01,-2.989340985863021549e-01,-2.677003253381006198e-01,-3.243952132794557519e-01,-2.698983575446533001e-01,-2.206036233832008309e-01,-3.116843227714308218e-01,-3.055441332438726953e-01,-2.619894612733120187e-01,-1.800881346088138990e-01,-3.269323671553486244e-01,-1.875367198532352786e-01,-2.469647911656543127e-01,-2.236659362970674081e-01,-2.559210862780855744e-01,-3.581999425059386177e-01,-3.501737861831256127e-01,-3.292274515141730973e-01,-3.204262537882123785e-01,-3.919683032942799517e-01,-3.166359350328954991e-01,-3.797243258549657940e-01,-3.937875660251921039e-01,-3.401391520530195889e-01,-3.425325620415042849e-01,-3.375340940693908331e-01,-2.407730052254206943e-01
7.764657171255799906e-01,8.018708832590095703e-01,9.998524483846727984e-01,9.883349420719406142e-01,7.221333065346647873e-01,7.707325806256263290e-01,8.262684894332102958e-01,8.657798690817578580e-01,8.163523598768686051e-01,8.410564423055638672e-01,8.305147693968913947e-01,8.129246554773488231e-01,8.262684732928532449e-01,8.264624632787000991e-01,7.980182018709658376e-01,7.909295491985005588e-01,7.702919809574709786e-01,7.953661339815200071e-01,8.037459161390411166e-01,7.719391058480566947e-01,8.108809564876751086e-01,7.408659398449788380e-01,6.932073152952679118e-01,7.007918951886762393e-01,6.362397350169449739e-01,6.391292963658369297e-01,6.877039514389075014e-01,6.513374256291870612e-01,6.570782033364653829e-01,6.403939916261038867e-01,6.379545279543326064e-01,6.087468347509370492e-01,6.462168154193318470e-01,6.140034453073236476e-01,6.022858508590615001e-01,4.224405971309665442e-01,3.826612288237490889e-01,2.842182908134340824e-01,2.277041418992363508e-01,1.216665947278009743e-03,-7.109870532820666833e-02,-1.071579765756285746e-01,-3.359262242624948269e-02,1.594006191949484119e-01,1.293649327460332649e-02,1.201946639337712758e-01,-1.699149249532469486e-01,-1.414133903091540079e-01,-1.203146004764656940e-01,-2.032326735802254813e-01,-1.697910820516602415e-01,-1.468995432226776754e-01,-2.215541066722215569e-01,-1.708997261272015011e-01,-2.297734611826040829e-01,-2.357028468311208880e-01,-2.634463713581470246e-01,-2.916524040907997328e-01,-1.967590284430633107e-01,-1.292125792589071953e-01,-2.749796256278646545e-01,-2.189932402645803078e-01,-2.476717360565393600e-01,-2.144592118360723054e-01,-2.812016461734700434e-01,-4.336871908608724846e-01,-2.851845801485881626e-01,-3.404898024102942511e-01,-3.354867013256507269e-01,-2.813966246228210011e-01,-4.021634676737139147e-01,-2.895161184050378256e-01,-3.866000216369523956e-01,-2.749549547070433420e-01,-2.040119601099350255e-01,-2.436262866871913291e-01,-2.568567136572446064e-01,-4.959242715347956243e-01,-2.991930063786488736e-01,-3.008539641527521180e-01
8.121682652567766558e-01,7.691559464896544629e-01,8.250112034453287446e-01,9.967365328138518832e-01,9.976177016227937289e-01,9.855903919597339691e-01,8.050075204369063764e-01,7.279393205657095356e-01,8.445374071532116833e-01,7.502946368150920087e-01,8.179778039027926217e-01,7.918848307199080061e-01,7.956248793640698924e-01,8.579255004504656723e-01,7.889170752491450056e-01,8.192651166862506829e-01,8.188925402549006582e-01,7.955075204796463462e-01,7.899595351572498148e-01,7.826407632310896645e-01,7.940303349997120952e-01,7.301311652891617765e-01,6.871506212004147018e-01,6.680579738061009909e-01,6.844093745938107931e-01,6.475657962731792283e-01,6.439716986147655531e-01,6.601070928106611557e-01,6.284902156944032203e-01,6.446640155597710420e-01,6.260384321711788269e-01,6.260581955558285339e-01,6.234555846230829257e-01,6.518747989490170092e-01,5.985886082571399980e-01,5.305826226391830991e-01,3.247814174455824765e-01,1.764523296315810008e-01,2.493591309424500746e-01,-6.837549895065771557e-03,2.143814408224944401e-01,2.055926869418427949e-01,1.544609397359446024e-01,3.006348378757602718e-02,1.822042864816832419e-01,-8.858707261488119045e-02,-2.357479174290533774e-01,-8.353636883748356834e-02,-5.806895890332729182e-02,-3.702612824715297707e-02,-1.036854254542600717e-01,-1.533294177461785035e-01,-1.169557594509395698e-01,-2.843994162524640656e-01,-1.886620485070062692e-01,-1.976398855961169210e-01,-2.621108818042561794e-01,-2.826101907603876251e-01,-2.227032166862655815e-01,-2.598672739596201153e-01,-2.223343449208420308e-01,-3.223666542330804186e-01,-3.794098743867376222e-01,-2.307140429820306871e-01,-3.491731951567809689e-01,-4.252734003094130744e-01,-3.174570360362822252e-01,-2.976302880529423378e-01,-3.073152539897252566e-01,-2.972811238252431321e-01,-3.019920549466400539e-01,-4.093561660738326835e-01,-5.044492008276995065e-01,-4.307389140182160125e-01,-5.157174587355013440e-01,-2.714478258097253738e-01,-3.022599847874875012e-01,-4.190202012057726577e-01,-3.367293177168247942e-01,-4.193539041698960412e-01
8.162371750617203325e-01,7.741538921388915195e-01,7.897761106657662511e-01,7.801190778429955008e-01,9.962576917136225507e-01,9.952313558190920562e-01,9.926426050582504157e-01,9.445920329736064991e-01,6.883194147521555228e-01,8.006100462550709285e-01,8.449581500600888972e-01,8.350358769695396255e-01,7.871906510290168635e-01,8.319853927464092580e-01,8.572122081519376602e-01,8.146152915220781221e-01,8.095104160162626128e-01,7.244877093779871213e-01,7.941310442275252290e-01,7.663047825369543320e-01,7.798138005837095266e-01,7.044548190717427882e-01,6.694962147556065002e-01,6.753363668341459958e-01,6.297773227689748010e-01,6.342338061429441121e-01,6.828703316605917450e-01,6.449986270947312139e-01,6.715752741318595787e-01,6.433866954857123677e-01,6.178430771243043074e-01,5.816906715010343731e-01,6.367746364187940600e-01,6.302081326754319646e-01,2.776123761982631777e-01,3.658363837146566544e-01,4.656443760805446530e-01,3.542075166974827938e-01,2.599128605729232322e-01,1.670834640351457900e-01,1.796171834275586410e-01,1.232122917084609581e-01,1.960785097098859120e-02,-1.000139992552585705e-01,5.575632741653860358e-02,-3.976628920008902675e-03,-3.522164225781632130e-02,-3.067316053387081909e-01,-1.677388450590613922e-01,-4.618254756726632160e-02,-2.549756567875938740e-01,-1.614309756711001520e-01,-1.794361941337042632e-01,-1.442561551739084402e-01,-2.216343458887364004e-01,-1.500474581619935521e-01,-2.215641925352466457e-01,-1.775882003975604029e-01,-2.977196601087178096e-01,-3.075563526920002122e-01,-2.499873907793982997e-01,-2.659805000541027864e-01,-2.252993890644540698e-01,-3.541281450432188782e-01,-3.447017223423138321e-01,-3.530404467113775202e-01,-3.266285261762073566e-01,-3.735699397508688846e-01,-3.574581281590271109e-01,-3.551932545655482332e-01,-4.504889898618337774e-01,-4.169201554178235680e-01,-3.261761475732607996e-01,-3.788997071114681980e-01,-4.505934279847115254e-01,-3.391776624984552679e-01,-4.336436453422317649e-01,-2.498136921598660132e-01,-3.627978106260781321e-01,-3.920897957336442752e-01
7.987504407907413118e-01,7.974214131722029419e-01,7.935816549147883814e-01,6.931275832778969193e-01,7.665834127086820216e-01,9.885780669038536361e-01,9.989846698117940127e-01,9.925508243001069930e-01,9.867205228428727048e-01,9.756791667010580316e-01,6.174419384374996156e-01,7.993713992958301207e-01,7.316592643093605686e-01,8.487549014699099503e-01,7.936562732265762810e-01,8.006597929378750367e-01,7.637178529783380521e-01,8.044234777892015353e-01,7.540187482565632315e-01,7.369297150794409390e-01,6.492665490748705803e-01,7.274769925874272625e-01,6.309951592356137784e-01,6.542182889467090812e-01,6.536053311441137881e-01,6.691821231132136782e-01,6.683712342355547786e-01,6.368155428631792070e-01,6.287253396566090391e-01,6.412931653593172410e-01,6.033463379047496744e-01,6.200356535725667362e-01,5.676094424497614144e-01,4.001680116491336259e-01,3.772189547094605411e-01,3.713511690123694198e-01,2.656402787435500068e-01,1.611235682301536964e-01,-2.282854826737223675e-01,-7.768053546681602355e-03,-1.155096106660561533e-01,-1.411620418527252284e-03,-1.536615905881551503e-01,-1.634087350846768760e-01,-1.977606370848896400e-01,-2.505285179028303721e-01,-2.937895267349427963e-01,-1.601654004495096928e-01,-2.183097084891172934e-01,-1.907127177144007091e-01,-1.309849723206900907e-01,-1.564296150392149864e-01,-1.739067840131777731e-01,-1.559440124708299236e-01,-1.410782823262412833e-01,-1.883443785275491222e-01,-7.205700551540759891e-02,-1.654471707522226220e-01,-2.296316807940611271e-01,-3.705031409259376685e-01,-3.978417095642298174e-01,-2.602025010802307414e-01,-1.533985240204388256e-01,-2.439416988105743977e-01,-2.794431185153927744e-01,-2.719237544314225263e-01,-3.912064544527128485e-01,-2.884149400168656840e-01,-3.287715566569085479e-01,-2.801057790990338914e-01,-2.573558013730636307e-01,-2.897975159825484370e-01,-3.752581455148390477e-01,-3.561554390698514205e-01,-3.533016653918619743e-01,-3.590484916988856967e-01,-3.109294282295655409e-01,-2.491510891055143118e-01,-2.946730882663605167e-01,-3.313164898337271902e-01
8.125755191364766317e-01,8.069612221101977179e-01,8.441094342565642616e-01,7.865954796337721877e-01,7.454388111663140526e-01,8.444549408179221617e-01,9.892001779413351903e-01,8.724144871816619240e-01,9.940285338688872319e-01,9.869220931041772227e-01,9.836276488024844333e-01,9.125617232509791732e-01,8.737828388512979272e-01,8.698032916519590207e-01,8.960721258925062882e-01,8.033422090628402623e-01,7.764792619748331903e-01,7.254533177711359748e-01,7.806928299955152584e-01,7.305424709351464596e-01,6.758031529509632707e-01,7.099354501836434572e-01,6.272105276823378706e-01,6.464823820779957986e-01,6.452530532362330540e-01,6.520978915387822816e-01,6.727513772089253052e-01,5.979375798703309153e-01,6.311196299173496005e-01,6.470849670043501423e-01,5.086905668063139707e-01,3.636490611485221347e-01,4.192180517128454298e-01,2.329101879173966494e-01,8.329275570699148229e-03,3.335169849317116270e-02,-7.584049163270223382e-02,1.544325700402688628e-01,6.813753617644968674e-03,6.724746893776993584e-02,-1.418331217506138275e-01,-3.205958747687855381e-01,-1.827028823130064927e-01,-1.533591063307732372e-01,-4.422515755689174904e-02,-1.064615493229996018e-01,-2.381028674607344742e-01,-1.308432589365915791e-02,-9.488277806647732460e-02,-3.110664107740139239e-01,-2.491799738928809904e-01,-2.185180713595563928e-01,-3.957554838360285987e-01,-2.615244154974649682e-01,-2.647811568594276022e-01,-2.861641217469941822e-01,-3.057546184889580188e-01,-2.222648743461321241e-01,-2.793278289615943044e-01,-3.123467861768284282e-01,-2.571042102368358284e-01,-2.806859789993943477e-01,-2.617214413994106148e-01,-2.170708692694382214e-01,-3.047918694977415077e-01,-3.112782543909320965e-01,-3.833882131930203552e-01,-4.431431614227310245e-01,-4.633149299924541609e-01,-3.261853318630760223e-01,-3.487448479845319249e-01,-2.641770525016750581e-01,-3.807928419933421793e-01,-2.265590068302367477e-01,-3.870098921491623711e-01,-3.966728540083278576e-01,-3.033518660134792433e-01,-3.958335288770025162e-01,-3.492148770617793940e-01,-3.123958930500698727e-01
8.196283300703922636e-01,8.385292585876202853e-01,8.049239939895713736e-01,7.598405388573642449e-01,7.945941024258073027e-01,8.998750838173873445e-01,8.233072846797026001e-01,9.894290913589259828e-01,9.382010642379149390e-01,9.848651367579361882e-01,9.850665550948571880e-01,9.863110720897075856e-01,9.183093057738521692e-01,9.601208669645721061e-01,8.879224172154673855e-01,8.517902786976215834e-01,7.782936262456661147e-01,8.053816582620475506e-01,7.752778930165635796e-01,7.602354841205738456e-01,6.506886481837592662e-01,7.471556715197466003e-01,6.392915441211589611e-01,6.887765730935472286e-01,6.776092115604089861e-01,6.321035499520437639e-01,6.251676913516620582e-01,6.663793023053178333e-01,6.145863772165740535e-01,4.195698728679366218e-01,4.330517481918308431e-01,2.630041370897000519e-01,3.479712055866726050e-01,1.565370613140003586e-01,1.177150906052675111e-01,-4.650476819771681009e-02,1.738026420444691023e-01,3.050873681882350086e-01,2.802529416462667955e-01,2.316442363867144139e-01,7.369351555359804351e-02,-1.361272424057193564e-01,-5.489816782876977275e-02,-1.490246206237885451e-01,-2.270579352923965399e-01,-1.575896508239665594e-01,-1.284037284392765821e-01,-4.782713617055465299e-02,-1.092719392793470023e-01,-2.752707173233031046e-01,-2.741454358601169150e-01,-2.427197805281911813e-01,-1.652776344386165386e-01,-2.639559701833382177e-01,-1.900332750644820323e-01,-2.614244427394900594e-01,-1.663618219421146571e-01,-3.290789745001436173e-01,-2.706269246352011049e-01,-4.186039114068666467e-01,-2.967193774212314450e-01,-3.592287009269237164e-01,-3.445999242764484216e-01,-3.718361904700768772e-01,-4.048316060598190491e-01,-2.659784250850484311e-01,-3.467423029660767209e-01,-4.272848209570735412e-01,-3.333022737856323747e-01,-4.057748791363856022e-01,-3.371094479648070741e-01,-4.366518130289759880e-01,-2.967226064179717127e-01,-3.489853656670123816e-01,-4.032477944881284193e-01,-3.939808758490519480e-01,-2.861204362367360532e-01,-3.808877046835618119e-01,-4.414262579051640434e-01,-2.645070486821764488e-01
8.234259796991455493e-01,8.273671239083054685e-01,8.019522696060238376e-01,8.123417953049650864e-01,7.915385830922062604e-01,8.255401503487207471e-01,8.030780657705175463e-01,8.068423567666703766e-01,9.869472101841844092e-01,9.436255535562696473e-01,9.883189445153403030e-01,9.848322373093570947e-01,9.693053846683142849e-01,8.809622752704882043e-01,9.044268819034665396e-01,8.887666720022106004e-01,5.810627045411196345e-01,6.019259732945180241e-01,5.070802948593533532e-01,7.064420194440654832e-01,6.236652449657766883e-01,7.202950577749178684e-01,6.564820041489236591e-01,6.274885634247989730e-01,6.908302009708887637e-01,6.546898864602390677e-01,6.568527142251554540e-01,6.071556581033680233e-01,6.033368577198666705e-01,4.568336910622645686e-01,4.538738854995656991e-01,4.730416124295593883e-01,2.008063634511392803e-01,1.937798523406012163e-01,-9.220066638727782149e-02,2.791302088870497092e-02,-1.488782969557242153e-01,3.369827780560048780e-02,5.805101095622119262e-02,1.412672576882776643e-01,2.129576288841944151e-02,7.624260992406377280e-02,-6.116032078179581971e-02,-2.128542016900697442e-01,-1.706250631718108368e-01,-2.953801998097649872e-01,-3.963791231779376090e-01,-2.308034084634246474e-01,-2.564778030461808966e-01,-2.765446107943727028e-01,-3.881690660754154587e-01,-2.064513915064841443e-01,-2.761962179810292239e-01,-3.640220947265448426e-01,-2.217311954899237603e-01,-1.717423338805064426e-01,-2.956599231789604487e-01,-4.030401407569041417e-01,-1.151739568171339795e-01,-3.802743347849620315e-01,-2.772860128579918149e-01,-2.080045603738112370e-01,-2.870765566517368139e-01,-3.322052751377158608e-01,-3.132967348515008910e-01,-4.685874529869848426e-01,-4.503330945688127640e-01,-1.898427554954252860e-01,-3.022929228911662713e-01,-3.276546457188816430e-01,-3.112501683686396681e-01,-3.652948648812839871e-01,-4.327743302508543777e-01,-2.159092303061719287e-01,-4.176536916782653819e-01,-3.138924814869009650e-01,-4.069991680379596577e-01,-4.602169044709565338e-01,-4.962245154800443703e-01,-3.637910627776025363e-01
8.147114726676490948e-01,8.231418220877191327e-01,8.180853698782865058e-01,7.974949716755649343e-01,8.062722523197914937e-01,7.660099091628519430e-01,8.321241694657547372e-01,8.224221948691524675e-01,9.745381417044380878e-01,1.564048881839520677e-01,9.827977252434275668e-01,9.758891511027499854e-01,9.776745299459717042e-01,9.697591395654442392e-01,9.666118866244916008e-01,8.484423441561390611e-01,6.678987869623083107e-01,9.303212822175760399e-01,3.820864877564870699e-01,6.768607870422493900e-01,6.941477075843992539e-01,7.841973219391565886e-01,7.071914453160957903e-01,6.866088355251780406e-01,6.911262232552715101e-01,6.396391128638925228e-01,6.269790345427378453e-01,6.110438835145050041e-01,5.975063059556374734e-01,3.853769357530723583e-01,3.164774412198084752e-01,2.696542468234917056e-01,5.750732096004339267e-02,-1.949905529145890340e-02,-1.632913839772134612e-01,-1.823293070153198248e-01,-2.879205615927827311e-01,-1.045376184458055580e-01,-3.814269553464311874e-02,1.084062299908988281e-01,7.006125697300459587e-02,-1.226115451885681495e-01,-2.825982475098734459e-01,-2.203302008106894361e-01,-2.810823026328870267e-01,-3.970037068457387130e-01,-3.671236822405097855e-01,-3.282977661195949914e-01,-2.302426353047789254e-01,-3.795683246165408309e-01,-2.703742314333533736e-01,-1.957987051776876319e-01,-3.085847619149663656e-01,-2.859592717194013867e-01,-2.450340961547498864e-01,-2.693803109300176857e-01,-2.789862987079124723e-01,-1.468760395974526012e-01,-2.731931537399983623e-01,-2.812564747444533109e-01,-2.527582381275234047e-01,-3.781400199701107634e-01,-2.091062095050542913e-01,-3.519419262621665823e-01,-3.800555423355318485e-01,-2.866093016853132891e-01,-3.245241416700975767e-01,-2.425265987873260476e-01,-3.026513435501063110e-01,-3.506403812777724727e-01,-4.304538282705923091e-01,-4.572014995234091050e-01,-3.832251819972110618e-01,-3.037281872041610042e-01,-4.409312393104150574e-01,-3.200657992196927482e-01,-2.854803865737190471e-01,-2.715651340373874678e-01,-3.507456897838233667e-01,-4.011814500382605564e-01
8.040501563231673421e-01,8.163783695188104872e-01,7.903317719090040550e-01,8.065027698572152515e-01,7.875095033790094901e-01,8.097624552513303930e-01,8.359763689935177933e-01,7.943219896677043979e-01,7.821852516302542080e-01,1.529865163559325780e-01,9.715690292349703494e-01,9.729378839037498006e-01,9.729892263891690707e-01,9.684252914577506921e-01,9.598123212617358790e-01,8.892161887026540645e-01,7.576892222691085088e-01,7.012026039598543425e-01,7.433285014294568338e-01,7.830218826899080220e-01,6.963209293171791492e-01,6.635009688367252689e-01,6.707564856770180661e-01,6.261738920755595128e-01,6.437300227698410371e-01,5.898352490292673167e-01,6.129994627598609469e-01,5.966688506870657660e-01,6.021406694926517700e-01,4.129023540008842086e-01,3.606696696241845634e-01,2.000635516723548446e-01,2.130143572776958538e-01,1.070167414365581077e-01,-1.405729083836879945e-01,-6.831433249796360629e-02,-9.186991553670546817e-02,1.293416383108189072e-01,-1.776971410384141012e-02,1.701682728902640662e-01,-7.505964367301748430e-02,6.886315858844017923e-02,4.299866906157274321e-02,-1.083955842052268942e-01,-1.774414918287077758e-01,-2.560988428231366076e-01,-2.737852092018525640e-01,-1.191905339392314023e-01,-2.402706587402834437e-01,-2.871842771501585956e-01,-2.663196672476729754e-01,-1.347590170556852429e-01,-3.338270024659145685e-01,-3.741893557093527445e-01,-3.464886525355642677e-01,-2.072082390326674128e-01,-2.145103634959117100e-01,-1.158969420774198233e-01,-2.564712642007641041e-01,-2.642493427112039273e-01,-2.371537096320090465e-01,-2.050862485896858267e-01,-3.816044244616919601e-01,-2.440468989838609215e-01,-3.029899515781749875e-01,-2.934560131479904133e-01,-3.165455108043761512e-01,-4.402506546005690025e-01,-3.685958724502513828e-01,-3.620375494875830436e-01,-4.116153159355948055e-01,-4.685239228257805366e-01,-3.784074707396982151e-01,-3.623197596313755264e-01,-2.443232242998659154e-01,-3.312013781298909776e-01,-3.979124309542664828e-01,-3.721484199088731515e-01,-4.200762555270596277e-01,-2.811796138986089044e-01
8.034209473149011016e-01,8.104039318309845807e-01,8.132400436647343467e-01,7.979805358534897142e-01,8.125062176594183283e-01,8.307919957816152223e-01,8.086803744220835144e-01,8.436586460139271493e-01,6.920021286031695640e-01,9.612414024636807275e-01,7.067032566152857687e-01,9.649851067046310016e-01,9.624413905366434596e-01,9.566503617247039681e-01,9.591973482001943108e-01,9.470099274881782492e-01,8.806114063250631840e-01,7.605161458719709167e-01,7.994422000719468846e-01,7.547119762009935062e-01,8.386268710965916195e-01,2.846639372883988939e-01,6.980065631283287608e-01,6.483928897586299644e-01,7.374576637814154179e-01,6.465462474603106413e-01,6.021983113444208113e-01,5.543615024949679615e-01,5.370060340286205713e-01,3.719787312658768830e-01,3.504098905214682591e-01,2.951122182424354423e-01,1.283982189809807495e-01,1.046787105736353002e-01,2.060190860595665086e-01,2.340020189069059314e-02,-3.287941839575684450e-02,-1.525869938479263443e-01,-1.426559579148559687e-01,-2.646181783681262889e-01,2.264640486258659088e-02,-8.568085816166073551e-03,-5.381582224802636955e-02,1.338885564190362698e-01,-2.587144287072713419e-02,-2.520430285344875121e-01,-3.359120579543126150e-01,-2.737433930140618088e-01,-2.896998453251761196e-01,-3.344807636314351962e-01,-4.005535348869121437e-01,-2.873996550580733556e-01,-3.163886137438511326e-01,-3.267699594651963246e-01,-3.116229502770248017e-01,-1.342257324592157908e-01,-2.040172881285602646e-01,-2.780941381516397470e-01,-2.508613604429407729e-01,-3.023808869596322779e-01,-3.204548196693322581e-01,-4.471665247990334602e-01,-3.844652943844125148e-01,-3.905022712977427313e-01,-3.293008565924719355e-01,-2.498691111030586498e-01,-3.297759560186123706e-01,-3.805527066641994360e-01,-2.688832879494205685e-01,-2.632382071158822501e-01,-3.266909414375304688e-01,-4.343936200492721778e-01,-3.973472611047190184e-01,-3.625321333648986455e-01,-2.892544511680709696e-01,-3.425810043231007351e-01,-3.584709199701446858e-01,-4.270080000357150407e-01,-2.912160879269191094e-01,-4.210436252768852139e-01
8.275705574787745045e-01,8.101147279032056003e-01,8.102703073053901806e-01,8.038774602258479396e-01,8.209144924699582901e-01,8.411568745756629051e-01,7.625445694504915384e-01,7.635198538541632107e-01,7.886983098965227867e-01,7.750172706870538386e-01,1.949580706673200159e-01,9.566814699629754282e-01,9.499151739993743071e-01,9.495077568554556313e-01,9.387253598934498511e-01,9.229880818382960594e-01,8.668326735120979176e-01,6.529624899508960079e-01,5.789886926797808142e-01,7.024997647618018703e-01,2.453468130564034344e-01,5.350027012817615280e-01,5.049060793600862462e-01,3.567228975523843437e-01,6.221559035213023447e-01,6.363072416820746424e-01,5.462069552306526576e-01,5.370749257949744004e-01,5.981774757007094490e-01,3.301032844497935881e-01,3.255426930440922795e-01,3.939307134624742690e-01,9.126547279214161645e-02,1.563816318739904565e-01,2.172325557578300703e-01,4.866837251854385510e-02,-1.114392137377578640e-01,-9.863283190092729524e-02,-3.159143283519584844e-01,-2.551453805013472742e-01,-2.801277352871044957e-01,-2.147859339462487860e-01,-2.354513956144742570e-01,1.504590913928009754e-01,5.359863791953125775e-03,-4.142373585481117990e-03,-2.707000212805990569e-01,-3.124668721684767392e-01,-3.079662328996183307e-01,-3.512785517646719313e-01,-3.432830559105737311e-01,-3.620339966751102145e-01,-2.660767820498795566e-01,-2.923774239524861707e-01,-3.225391372573477300e-01,-3.346296879060534080e-01,-3.137898819447110244e-01,-2.089830362419040632e-01,-4.078468832851988579e-01,-3.135948149346626801e-01,-3.392881656841540972e-01,-4.278231283752221281e-01,-3.740015867534224880e-01,-3.604624332244423246e-01,-2.553334085217717209e-01,-2.645782549543343465e-01,-3.823271154466789667e-01,-2.885523668293769051e-01,-3.845502389592445613e-01,-4.832555039977217137e-01,-4.161073205361527916e-01,-3.127227070526661379e-01,-3.243491858597959410e-01,-3.231360297910247925e-01,-2.963544950842292858e-01,-2.880711908682923594e-01,-3.264745279756801621e-01,-3.941813277849066099e-01,-4.002837465033787789e-01,-3.455033874497498991e-01
8.136182979597148535e-01,8.163756869063817367e-01,8.167775110874920808e-01,8.258355621529728241e-01,8.137469940484020059e-01,7.951830009944587108e-01,7.398887892850071202e-01,7.982060768697283315e-01,9.038377099464818265e-01,7.997926569194735436e-01,2.289426153732342373e-01,6.365240357013275396e-01,9.387242271697243678e-01,9.404029006715854955e-01,9.273599451650970105e-01,9.176310022806819511e-01,9.026883867627637503e-01,7.304904752775585042e-01,8.671971982076066565e-01,8.276775614494314981e-01,-3.793605136568550806e-01,3.289662544489789786e-01,1.753293421538465180e-01,2.922443471818957916e-01,4.287815095058799542e-01,6.016757881344237946e-01,5.429001238379520533e-01,5.519638575411544013e-01,4.163301984460892613e-01,3.535264889129737242e-01,2.105687163379309779e-01,4.128779511429926385e-01,2.079099152523740668e-01,8.039853158547988557e-03,2.640557295660417858e-01,8.156092376407619859e-02,1.292064310680783590e-01,-1.389651261570347580e-02,-1.439782725220163928e-01,-1.854825473454566886e-01,-2.949879400501356774e-01,-1.495496618794945332e-01,-3.400412937526905988e-01,-1.424082651287601198e-01,5.508772606519540121e-02,-1.052255175903642030e-02,1.065830860846141495e-02,-3.112561345056236717e-01,-4.434579216815111580e-01,-1.759257368973212443e-01,-2.198998001796339807e-01,-2.874293324857277176e-01,-3.106627427231307137e-01,-2.076146918129384844e-01,-2.399420403631260246e-01,-4.407769271079293727e-01,-3.764334324390541942e-01,-3.706620495175168561e-01,-2.812328241570908327e-01,-3.332537901141777725e-01,-2.499058856125072892e-01,-3.023028133774815496e-01,-3.550554119422492105e-01,-3.730028032544307481e-01,-2.582696233608405834e-01,-3.946044650415602706e-01,-2.242256657112466356e-01,-2.631715819099079146e-01,-2.406127377152986746e-01,-3.192971258570975190e-01,-2.831995892007155846e-01,-3.642961426910417133e-01,-4.177449162346695832e-01,-2.752543909561798730e-01,-3.604327285377807444e-01,-4.118899776739730068e-01,-4.845318756430852525e-01,-4.985988440708506997e-01,-4.232421111664676494e-01,-1.747417441447379483e-01
8.058724513874786499e-01,8.097319020459278205e-01,8.075712100211185351e-01,8.155696887272406714e-01,7.925817641656903723e-01,8.316059132521667063e-01,8.098852259917003193e-01,7.712162215541329413e-01,8.261564432944278336e-01,8.013264006410917295e-01,3.549760267358330057e-01,7.692695122130430718e-01,9.186522270564914106e-01,9.249308582702641113e-01,9.138022631642862548e-01,9.065149428181832336e-01,8.899400456725978792e-01,8.248965188182223462e-01,8.440514896543667156e-01,5.190552210686757428e-01,-3.940414330223844241e-01,3.874961793849655001e-01,3.751286876586769070e-01,2.245361963326417409e-01,3.838538652930738038e-01,4.091541403726580151e-01,3.833035278319171790e-01,5.213372669988036723e-01,4.995775050666123041e-01,3.093151289079198452e-01,2.914778701435586927e-01,3.343695958294864434e-01,1.183471276138596401e-01,-1.271658597144614267e-01,1.207580753765250675e-01,1.505885378594240542e-01,2.420777725813754722e-01,-7.575515675117413042e-03,1.433056538224978214e-02,-2.854983020556012968e-02,-7.702063990285122619e-02,-2.525745951280315982e-01,-2.401700772453529698e-01,-2.682117218878526943e-01,-2.235487036160263841e-01,-2.006326215563154491e-01,-2.474427354965298143e-01,-2.312997830166166890e-01,-4.630734296279410689e-01,-2.864918934588727151e-01,-3.691843983667127960e-01,-2.303896398164737847e-01,-3.128862586448616367e-01,-3.128569201575213676e-01,-3.266685114222883102e-01,-4.716146147338220462e-01,-3.438223550038148613e-01,-3.477566868361366414e-01,-2.949503186687693068e-01,-3.049841280070981764e-01,-4.814960692494775762e-01,-2.799014119951876989e-01,-3.604637217415117556e-01,-2.193490602505372422e-01,-2.660640737179613691e-01,-3.547105156239344637e-01,-3.308092458833724603e-01,-4.240634910298561877e-01,-3.353898556965980715e-01,-3.731480750905370458e-01,-3.864494204357503682e-01,-4.522269789212801094e-01,-3.855646309127622184e-01,-3.847851681841522598e-01,-3.142618399458511624e-01,-3.433893349395799044e-01,-4.040584130073264224e-01,-3.540779568873357319e-01,-2.890925461969057197e-01,-3.908444666814399060e-01
8.094686227426223235e-01,8.220886731478904697e-01,8.342001112724855005e-01,8.216421416790916643e-01,8.062265032544746468e-01,8.097336099806156096e-01,8.266929025254369234e-01,8.187560981978626584e-01,8.115417443986000512e-01,8.336590327279425061e-01,2.434874155121741490e-01,6.979019032599278471e-01,9.158997908255341880e-01,9.025686514570914198e-01,9.020938867384131754e-01,8.867195694050302723e-01,8.743559959470563747e-01,8.448946846049814052e-01,8.134932336767012329e-01,1.190037170175335113e-01,-1.628164859144592136e-01,8.655239213559773326e-02,4.784357315038125780e-01,2.046963891084878640e-01,2.031808063283688515e-01,3.332956062862003077e-01,4.467803639915344238e-01,4.037564119329111190e-01,1.425227928610035555e-01,4.595342148391017290e-01,7.987384752573953306e-02,1.364702851875655432e-01,2.009889395052327776e-01,1.628310974826857882e-01,1.510504066358282771e-01,-1.923065569539129660e-01,2.859048508632677232e-01,2.190204685417257713e-01,4.673989709306437118e-02,-2.803131465124752419e-01,-2.797267656998839724e-01,-3.892727641833217955e-01,-2.143469817550123779e-01,-2.012059202660347323e-01,-3.650437071631101316e-01,-3.634977121942634670e-01,-3.484294431537027226e-01,-2.463113871375702812e-01,-2.955717784144910598e-01,-3.410669665895598168e-01,-4.108949299898296270e-01,-4.018317699190607772e-01,-3.010670397219417649e-01,-3.793253863590810293e-01,-3.878333741702056914e-01,-3.926823313308375196e-01,-2.942013806059584624e-01,-3.059483395178256293e-01,-3.510810835396010465e-01,-3.523203746448020368e-01,-3.748642746698483408e-01,-3.390885906442491771e-01,-4.321960907059727575e-01,-3.914353054732785386e-01,-3.223795459891354853e-01,-3.808086611009431355e-01,-3.951099960633134844e-01,-3.042391914448122625e-01,-2.796037267140316640e-01,-3.282570914564805209e-01,-4.518706007781139178e-01,-3.915567913685195078e-01,-3.755020643132274683e-01,-3.521301044801296021e-01,-4.579108256438739200e-01,-4.696391871749063807e-01,-2.635705383038568494e-01,-3.334290896861065168e-01,-2.164142221139327971e-01,-3.607294762915017050e-01
8.142059870947770950e-01,7.908271582889726536e-01,8.159312607619676472e-01,8.361263156582832146e-01,8.323339360712381785e-01,7.974310241732263105e-01,7.667166819733530758e-01,8.060578259084973940e-01,8.286396093797374629e-01,3.680379531067957122e-01,6.376685779613637806e-01,5.764585071264475280e-01,8.991476636376277698e-01,8.921546461381439919e-01,8.892658387870809866e-01,8.666405691146407131e-01,8.430460173900549137e-01,8.272444036887925956e-01,2.440770900834459689e-01,3.540108627856276557e-01,3.130848633501165379e-01,4.759513058373709415e-01,3.916780837003758231e-01,2.923467566608085044e-01,4.886361556963690622e-02,1.387846942261191374e-01,4.977358774955522591e-01,4.162923421459144291e-01,2.372812408841244169e-01,4.099391842501032834e-01,1.504240621494593311e-01,2.080561711238391454e-01,2.605077160665533742e-01,-1.697997401951255314e-02,-6.712073150177990527e-03,1.431014366478526589e-01,-3.032919732423319456e-02,2.699043993806133357e-01,4.504688741155116888e-02,-7.641071831025168792e-02,-2.903137401218093272e-01,-1.255200758083061807e-01,-3.126457638607352263e-01,-3.475285314767601608e-01,-3.381024771402649232e-01,-2.891134218370931541e-01,-3.699667326976214254e-01,-3.330585049315806789e-01,-1.943981003938630436e-01,-2.716882555734870253e-01,-3.170456249437887397e-01,-3.157126697155832606e-01,-3.815543894911591627e-01,-4.471265004976247015e-01,-3.464506025069973849e-01,-3.160216742116149224e-01,-4.411180737667124152e-01,-5.202200884760058708e-01,-3.432669386341820617e-01,-3.970727899696768759e-01,-3.523840944817989151e-01,-3.906348621582977354e-01,-3.720026021923454329e-01,-2.263712846316176808e-01,-3.024940953939788124e-01,-3.479829870238077549e-01,-3.029727671232962938e-01,-2.224076867853206907e-01,-3.405166762263862612e-01,-3.293531136262395909e-01,-2.993834626579975899e-01,-3.484499611862542645e-01,-3.200825236142044727e-01,-4.969777853019735625e-01,-2.723537931811175761e-01,-4.674816063606722638e-01,-3.278864001810400941e-01,-4.613032602511803471e-01,-3.579126816346117623e-01,-4.469293108831253192e-01
8.156772851154301396e-01,8.115586859599004388e-01,8.004025086924801968e-01,8.172229040967352587e-01,7.981099385555753267e-01,8.038604084944012129e-01,8.162520300927074146e-01,8.330484234509341057e-01,7.484672811801529324e-01,3.630803515600681819e-01,5.859603587912934897e-01,7.560539297521143842e-01,8.843506664783800097e-01,8.817648313958594830e-01,8.618424736202460190e-01,8.470570926453893090e-01,8.303539539845847806e-01,8.087737331502160565e-01,-3.208841940510897550e-01,5.433266083785584510e-02,4.344409204750997455e-01,3.034484907156207445e-01,6.233780493238834375e-02,2.491327733463400973e-01,2.894195204492829299e-01,1.392403525141600040e-01,4.658615909619064355e-01,3.053628361967646865e-01,4.776043477743404653e-01,2.513066721748654642e-01,7.634661754757748886e-02,3.136464806792056970e-01,1.362699593456003812e-02,-6.224480876228834225e-02,-1.632065220511120032e-02,4.887514577925900633e-02,-8.615863138077829719e-02,-1.977583962595559630e-02,-1.011941761177574534e-01,-7.249999933232714744e-02,-3.310635435904455415e-01,-3.996298744109434975e-01,-2.675740680066388544e-01,-3.573266891534648271e-01,-2.136247953294407309e-01,-3.414266879313743730e-01,-3.779615382461564699e-01,-2.323826247104017473e-01,-2.529913514641358718e-01,-2.225813727957997867e-01,-3.720758113766707287e-01,-3.361219786216627647e-01,-3.133485357560161777e-01,-4.376220970533282184e-01,-3.845313535330542876e-01,-2.399396417954410554e-01,-2.807133190518314447e-01,-3.730100088749040976e-01,-4.908653126493350283e-01,-3.696338037325961889e-01,-3.409445727511196123e-01,-3.531876504608865708e-01,-3.618296488494862628e-01,-2.804653544164679158e-01,-4.594741078571545900e-01,-2.938109937049908083e-01,-3.892917630477939483e-01,-2.166745676425549105e-01,-4.520304156224987935e-01,-4.208587669425563615e-01,-3.734179108932652591e-01,-3.801594676388538319e-01,-3.132371763136151954e-01,-4.639571824637027109e-01,-3.808831109567892836e-01,-3.979115972408802104e-01,-3.349059941062360601e-01,-3.846478328888386922e-01,-2.113688021011352058e-01,-3.387270280547361456e-01
8.054560337388392277e-01,8.118787307673576148e-01,8.082393117880841693e-01,8.164722926927407975e-01,8.161479348254736532e-01,8.320980790939012106e-01,7.887541218845393054e-01,8.338896307867363911e-01,4.468905565744618613e-01,4.093065411784210794e-01,7.309066123535920001e-01,5.693907556423424277e-01,8.614061557607513020e-01,8.569998873812655349e-01,8.548127523652842008e-01,8.354700624742855686e-01,8.128520677712274267e-01,-2.508373307572130395e-01,-9.882530620954514677e-02,1.199194877937677511e-01,2.903965333949275474e-01,2.456513223822390790e-01,2.203385232600979515e-01,2.419506290993127251e-01,2.704657596165667144e-01,2.344587413257613884e-01,3.778775058886581495e-01,4.829171859118944754e-01,2.814789407494979745e-01,3.342486715454588975e-01,1.133169746987101045e-01,2.200414544172052678e-01,2.530220197675669414e-01,3.228650876461670177e-02,-3.826822828297302831e-02,-7.183415880216002802e-02,2.185496116142904843e-01,3.038680392167490349e-02,1.088814667017850429e-01,7.653488686766096727e-02,-1.412448181241892642e-01,-3.454272749720542213e-01,-3.656099483677586748e-01,-3.414053361688202393e-01,-5.105737503602676419e-01,-3.744519963300468324e-01,-4.861600259043526440e-01,-3.957093852420285329e-01,-3.074024459482621041e-01,-3.387857058037389568e-01,-2.209428285884806609e-01,-3.181603631099726992e-01,-3.499983597979145489e-01,-3.372601922418591580e-01,-3.531425128057335550e-01,-4.683625863577123849e-01,-3.632090148674082530e-01,-3.719979865628016968e-01,-4.687017039539320695e-01,-3.431116622762918067e-01,-4.253592424911596948e-01,-3.901439694096327515e-01,-4.004824223445341280e-01,-4.627759446908287777e-01,-3.933117572873880974e-01,-4.303807691107633393e-01,-3.162750274140134210e-01,-3.527100886592304807e-01,-3.561083652685171352e-01,-3.758966049457678760e-01,-3.844984293033209544e-01,-4.378893448228097229e-01,-4.078171219021543559e-01,-3.775918997144301903e-01,-3.916217253780001628e-01,-3.549362823065928541e-01,-4.954421396519441134e-01,-4.485409536472694803e-01,-4.775284069750224680e-01,-4.008779243290139793e-01
7.970325812457706993e-01,8.012384024232551694e-01,8.358493824130280858e-01,7.961724686357870562e-01,8.204404125129254322e-01,8.201566248456697572e-01,7.860465586435179119e-01,7.755590587073046827e-01,6.370176659468131941e-01,6.603822601230409095e-01,7.090726095155827080e-01,6.625500864771981524e-01,8.552289403552520985e-01,8.455829396098318851e-01,8.271697804725501868e-01,8.054791619160710514e-01,7.881724393313097599e-01,-3.752736338908441716e-01,-2.702644796477843836e-01,6.212774259268556004e-02,2.628228690657039707e-02,1.919597685148645774e-02,2.028023141040800337e-01,3.185861652418803258e-01,3.623461085566818951e-02,2.860648921421014568e-01,4.574572815931235992e-01,3.558515792996024274e-01,4.299681215135177648e-01,1.774276245789713491e-01,1.535466279033294579e-01,1.368648561593105994e-01,7.039158106479793953e-02,-2.351817407538729643e-02,-1.556989067267963156e-01,-1.947846639058896379e-01,1.320681865319870557e-02,3.318884586530350400e-02,5.266454285905441263e-02,-2.203775329065931626e-02,-3.505359913599617044e-02,-2.014457775827219535e-02,-2.782213120967044762e-01,-2.742298004048543958e-01,-3.222784707886161004e-01,-3.145322103511937195e-01,-3.968598368116804664e-01,-3.971868856681711191e-01,-3.208406634508538247e-01,-3.365003243733780680e-01,-3.268251106263672656e-01,-3.025660409823601738e-01,-3.306477720937091580e-01,-4.927094346241957523e-01,-3.618043246181625316e-01,-3.720364439048085003e-01,-5.841059064232788645e-01,-3.991834554280676572e-01,-4.231131159086103377e-01,-4.763398824435622347e-01,-3.313243868027024308e-01,-4.131299078188486740e-01,-3.539556763203032808e-01,-3.188823079363922730e-01,-5.305368713306314321e-01,-4.872274051777981119e-01,-3.123483819733093858e-01,-4.842111686377575386e-01,-3.663543408312924798e-01,-3.065745528686173449e-01,-4.135695014855488294e-01,-3.848891452322445450e-01,-3.561447065619925412e-01,-3.863181828719469135e-01,-4.193538675732060850e-01,-3.804048769218691395e-01,-3.218330085345274538e-01,-3.732172295348119562e-01,-4.842262285343589268e-01,-4.848799982263070629e-01
7.920809028183808387e-01,7.970220560414824629e-01,8.236616448232074728e-01,8.429051885135994127e-01,8.044843232287898216e-01,8.170696283092059309e-01,6.966796096479748179e-01,4.814014726992182358e-01,7.128419377535135659e-01,6.612674710872816775e-01,6.525106395259698822e-01,8.336204364358396068e-01,8.281774998416022715e-01,8.183164400885051259e-01,7.989783069468524568e-01,7.779822703504041259e-01,-2.265835052203928890e-01,-3.672048730725652188e-01,-1.738587875533825766e-01,1.805379685241904342e-01,-1.847898386530012066e-02,-5.639475735049792604e-02,2.353791648795667268e-01,1.738717593484076507e-01,5.638509435681842569e-02,1.675548549204153304e-01,4.489629047638287185e-01,2.672195199595048254e-01,3.076713287943110275e-01,4.783085754591975824e-02,2.153069144811508850e-01,6.700684189706412885e-02,7.353787184873418481e-02,-9.666628320354098136e-02,-1.839920907676490525e-01,-1.040428505965912825e-01,-1.587785750104294402e-01,-9.020106030559268614e-03,-1.724782381329131586e-01,8.088919369927978498e-02,-1.050561921196178396e-02,-9.752639559582571005e-02,-7.410765535001997972e-02,-3.305361219756076663e-01,-2.321827092812042692e-01,-3.009274350078263160e-01,-3.937801383718431136e-01,-3.915093583249556475e-01,-2.573214838216920097e-01,-2.988412428123320974e-01,-4.465850822096605333e-01,-3.296152362230058697e-01,-4.092477360333006686e-01,-3.886881354651448572e-01,-4.477657215405790869e-01,-3.586033665773198931e-01,-4.990587168797007700e-01,-3.160517182266168734e-01,-3.270449680126095160e-01,-5.407107405870017480e-01,-4.733086501279020752e-01,-4.030028693526137018e-01,-3.814661804142201462e-01,-4.903428070724480392e-01,-4.581477628601353103e-01,-3.900161046113743146e-01,-3.641571093423525141e-01,-4.634345177674576433e-01,-3.760499087815569186e-01,-3.287513167435529571e-01,-4.658122004742129563e-01,-3.408596557284372386e-01,-4.223847167130092006e-01,-4.388585735408466193e-01,-4.149340907487121255e-01,-4.111230039615221821e-01,-3.230534696759141400e-01,-5.250111556036625160e-01,-4.407408366713934655e-01,-4.307552599609890676e-01
8.062695598647880990e-01,7.963498657450432949e-01,8.107036049165634584e-01,7.846221500943642013e-01,7.807935474187807090e-01,5.864796404698918719e-01,4.929228369267760201e-01,5.901732731610347393e-01,7.171904471184158414e-01,6.030263003569358293e-01,7.049537716552322086e-01,8.180304048050344168e-01,8.127905069538250427e-01,7.915338349007503549e-01,7.733306647555586721e-01,-1.630585729601070899e-01,-2.003376053904905862e-01,-2.777007284631066719e-01,-2.338180825075864555e-01,1.825027396118792666e-01,2.811056745298119025e-02,1.033724926221034068e-01,2.405093107502780936e-01,1.760977245706398520e-01,9.030564884579685148e-02,3.288626635419457656e-01,4.000284865931418299e-01,1.355478017198777640e-01,3.820112246995472916e-01,1.127300041234479550e-01,-7.382413132560601554e-02,1.120461471354634031e-01,2.124412787581134512e-02,-1.473376152547042905e-01,-2.203374518814898986e-01,-3.091260132878668188e-01,-2.357420638746808572e-01,-3.789517791706811800e-02,-8.891944665675510784e-02,-2.443215853683544658e-01,2.963725742512234029e-02,-1.930584488743058991e-01,-2.316915204984009991e-01,-9.844254385806640306e-02,-1.564267121032647256e-01,-3.428519296415125095e-01,-1.822352664200366790e-01,-3.561326753805893475e-01,-3.600347040094566409e-01,-3.685872669313485228e-01,-3.405216317483459321e-01,-1.952298327853412840e-01,-2.860251681702299376e-01,-3.138211624092331897e-01,-4.082756125270024516e-01,-4.332465981773270247e-01,-3.905590923026461270e-01,-3.959139596237687408e-01,-3.649829079761998663e-01,-4.264005794254949189e-01,-5.574802809995123010e-01,-3.976923330867046524e-01,-4.588330711224811176e-01,-3.692321912720570865e-01,-4.286441499515253883e-01,-4.119789877780045129e-01,-4.113768326881986903e-01,-3.551369349678938914e-01,-5.297433158995107361e-01,-3.865916194716444987e-01,-4.460257096535182320e-01,-5.155359888345447672e-01,-3.291890863850920890e-01,-3.922783112981003129e-01,-4.788716130271308824e-01,-4.476806431049478174e-01,-4.239165869559363697e-01,-4.542089931882576370e-01,-4.773051807105285760e-01,-3.979461542907957172e-01
7.991007186132236262e-01,8.068052298331234162e-01,8.013781564934201462e-01,7.724061116852620756e-01,5.709907303060022254e-01,5.466098029819322912e-01,5.958216600974607369e-01,6.512148402305578676e-01,6.784126852963627829e-01,6.476901911261550016e-01,8.083463104943263700e-01,7.833841550957174604e-01,7.859014024789368058e-01,7.716674484217127539e-01,5.587250759231949804e-01,-2.643392013973669408e-01,-3.485291131637619499e-01,-2.676076180595887144e-01,-1.865913187990014543e-01,8.553648024138883754e-02,-1.537669029425775893e-02,8.618282357654986903e-02,9.670911588578250118e-02,3.694297291789708920e-02,2.454824875751323854e-01,3.944932655080474193e-01,3.510523861465116857e-01,-3.629744021028633028e-02,8.750881619537431710e-02,2.159465512445761515e-01,7.979869955486319083e-03,9.791581358733918161e-02,-4.815035952157002003e-02,-1.565807836692845456e-01,-1.630308791741546526e-01,-1.719645979605856356e-01,-2.136199083314676284e-01,-2.040996626458277952e-01,-1.591834316357668977e-01,-1.629401754099538413e-01,-2.012334744562503941e-01,-1.346443007542464654e-01,-1.656121385197028839e-01,-1.552464369508692044e-01,-3.035826694420746819e-01,-2.139737769611876617e-01,-2.911229124974255011e-01,-3.736429231728232159e-01,-3.596822683214540572e-01,-2.860596109860654712e-01,-2.757400167403452618e-01,-3.512060085618048388e-01,-2.901486095482262439e-01,-3.934751282285035012e-01,-2.877778903394559440e-01,-4.036741933491446721e-01,-3.954261445747231929e-01,-4.035290159030638368e-01,-3.916556035623150467e-01,-5.229174982472929445e-01,-3.639301326120654712e-01,-3.124980631003818621e-01,-3.137863656696975312e-01,-3.791730792637409975e-01,-4.165933780517300788e-01,-5.457482814873186872e-01,-3.719298848994485596e-01,-3.445448269105665373e-01,-6.179149209500003348e-01,-4.982632357333347528e-01,-4.536639692516076794e-01,-3.498604353500058273e-01,-4.271063608486408425e-01,-4.287294572463346554e-01,-4.406955561682618927e-01,-3.915936082390265027e-01,-4.382840134784825592e-01,-4.549812139672654299e-01,-4.033613706901084117e-01,-4.440622394723836019e-01
6.478837695169853417e-01,6.395844277501334663e-01,6.200367916049835948e-01,5.787558899885513197e-01,6.214580873957193941e-01,6.162287341081655878e-01,6.474822022617292561e-01,6.224145881779638012e-01,5.886100621007985811e-01,6.691277240957842487e-01,7.647698757620992049e-01,7.576391984999782947e-01,7.510817042684273526e-01,7.398333530619188858e-01,-2.088445911355628903e-01,-2.780347590302472138e-01,-1.668670016118068422e-01,-1.542269812569063980e-01,-1.887536165549249523e-01,-1.589843838819613719e-01,-8.369375186221154894e-02,1.370908097216733124e-01,3.252183062416527104e-01,9.438566064336291472e-02,2.764193404520482455e-01,2.661743305355638300e-01,3.220242370233336038e-01,1.763345877106353710e-01,1.889300902730503551e-01,1.140355078241154785e-01,5.472229751864834957e-02,-7.361184730277853250e-02,-6.094480440427725576e-02,-1.605237933329066169e-01,-2.264026715127326062e-01,-6.145573413089450848e-02,-1.085482177512449575e-01,3.722596864049505794e-02,-2.805455509095758360e-01,-3.029258004259464676e-01,-2.922032772459742800e-01,-1.922772543241156040e-01,-2.145273880978197656e-01,-2.455706010531544525e-01,-1.406442063146196575e-01,-2.665547207246330985e-01,-1.534726553286693274e-01,-3.345982003225762003e-01,-1.847269388094534837e-01,-4.032243895363755715e-01,-3.689919015192499874e-01,-4.354969906330160567e-01,-3.401927171796633731e-01,-2.055099654413558852e-01,-2.477753759402469003e-01,-3.341592041600970342e-01,-2.647186051596930323e-01,-2.965793745685257332e-01,-4.024794020664841931e-01,-4.450257056469936745e-01,-5.533012876494594057e-01,-4.124028046695353278e-01,-4.682033361282703088e-01,-5.733216028326696412e-01,-4.695935378294120999e-01,-4.024492056274330820e-01,-4.228883319537572461e-01,-4.359818676133920823e-01,-4.804569540385639215e-01,-4.056335047224284840e-01,-4.584749349603339796e-01,-4.706078777741311003e-01,-3.952835071793552868e-01,-4.394362146073334530e-01,-4.284599422175779382e-01,-5.081192100242372112e-01,-3.606820387291453378e-01,-3.510466510624977166e-01,-4.138905440376905998e-01,-4.245992473119751254e-01
6.394206764189396264e-01,6.264045191454188366e-01,6.163911311179071095e-01,6.527794641972833878e-01,6.430085344052732799e-01,6.593123617211383847e-01,6.083513630535730687e-01,6.669107052956447790e-01,6.307618682853469716e-01,7.725102799734248071e-01,7.472605979408973864e-01,7.339434138538752928e-01,7.157201199763428834e-01,-1.986276795350502000e-01,-1.135324063749889589e-01,-2.932542594736899377e-01,-3.422424584737159825e-01,-2.689395995282243268e-01,2.117380083101983723e-01,-4.097716938379848683e-02,1.168684531657453451e-01,2.227594694191505353e-01,2.475264937393034104e-01,1.595120000948721806e-01,2.156522300910609369e-01,2.895969844702209750e-01,2.605868289530349213e-01,1.069872877980916487e-01,8.156694989638603455e-02,7.627176179457600957e-02,1.108769180468064525e-01,1.037136257613284762e-01,-3.302517898771736155e-02,-4.118930666640858301e-02,-1.248413242663942019e-01,-1.779864230513886758e-01,-4.225892213754033067e-02,-1.615533097274805818e-01,-1.744822460845883438e-01,-1.405757457287823420e-01,-1.557140050139385890e-01,-2.034054222999380213e-01,-2.331266339011929256e-01,-2.782004737360949664e-01,-2.872176503659984448e-01,-1.698277298645728683e-01,-3.110105506879617954e-01,-3.002283964133287686e-01,-3.555017872439923399e-01,-3.994745847216877310e-01,-3.973329813113503639e-01,-3.848546458536240555e-01,-3.961407523890685956e-01,-3.566092711085945832e-01,-3.203138969338540920e-01,-4.078378454999098124e-01,-2.937745770864383377e-01,-3.173066648202091389e-01,-1.847373727455406400e-01,-3.008122207976526297e-01,-3.679069631532917439e-01,-5.682068564224230789e-01,-3.140997350144686950e-01,-3.478235547107790260e-01,-3.285300661240432851e-01,-3.529025513512649703e-01,-4.118839641440371069e-01,-4.778521172722761667e-01,-5.104275634535425654e-01,-4.732139702520037905e-01,-5.177801785616295005e-01,-4.743509214780892713e-01,-4.119993827332414926e-01,-5.161558017018752498e-01,-4.287493278550787434e-01,-5.118152338233105114e-01,-4.614972538724219087e-01,-4.714538186602753589e-01,-3.842964090454140114e-01,-4.058488270300754652e-01
6.528833433741930703e-01,6.242887833835669698e-01,6.299274769827104548e-01,6.344921487728381049e-01,6.244878074031515736e-01,5.603072833461749669e-01,5.967657856431427543e-01,6.503845929629343825e-01,7.277545095465042246e-01,7.079575404032670827e-01,7.287444689527369235e-01,3.127953716876882839e-01,-2.327678545160392076e-01,-3.005731190217927340e-01,-9.332259224048661261e-02,-2.482748540178361940e-01,-2.186574930141469142e-01,-2.032716866157038282e-01,-8.195695527001829739e-02,-9.499007694471825816e-03,1.347260935922924563e-01,1.365115171899465296e-01,2.183794249241770014e-01,2.078874776886354137e-01,1.159921202208859664e-01,2.663495513152845939e-01,1.937041089888075496e-01,2.066482264595853602e-01,1.993267211412042828e-01,3.272399651963651263e-02,9.431348650976004167e-02,2.046340111445237031e-01,-5.666941535176211325e-02,-1.552221359777965770e-01,-1.575260048856777853e-02,-1.115258507285121770e-01,-9.993049603368260592e-02,-1.765608684457647404e-01,-2.226235231411885229e-01,-1.284780226454570740e-01,-1.312434918244284321e-01,-3.378594550721541467e-01,-2.559569470049707363e-01,-2.143185167677017777e-01,-3.846394399741360770e-01,-3.820511076259774930e-01,-2.842722344091234699e-01,-4.032379103584401991e-01,-4.530334127623445450e-01,-2.635085199983801529e-01,-4.279248944752079287e-01,-4.158471770308083126e-01,-3.728075821116518807e-01,-3.331695635904629027e-01,-4.606052101740958360e-01,-4.054799000755906491e-01,-4.213163040472658882e-01,-3.495885618938355810e-01,-4.119432413892101796e-01,-3.420345077089821939e-01,-3.026565678371439527e-01,-3.705847430833640321e-01,-2.891239775192485650e-01,-2.095078031417212938e-01,-4.049611916325865368e-01,-3.532489198303379596e-01,-4.510007023585401176e-01,-4.328240232393464892e-01,-5.817582529424389914e-01,-5.228273481863586758e-01,-5.354373588820138252e-01,-5.482496414931026241e-01,-4.611560908736468400e-01,-5.145911612596866247e-01,-4.690961632814262816e-01,-4.642316585833191067e-01,-4.630408612960936199e-01,-4.937016885136422673e-01,-3.578016653855807250e-01,-4.212818571785104660e-01
6.283117230555798072e-01,6.154042893012682258e-01,6.679897270685017929e-01,6.190116365509863439e-01,6.069468405160663993e-01,6.094326420443233472e-01,7.288666539643243736e-01,7.019399011234018770e-01,6.972523561216450450e-01,6.946889675743785908e-01,1.883401303946906080e-01,4.504236112107032342e-02,-1.018332657403121927e-01,-2.652906595786143074e-01,-2.577010857596329640e-01,-2.533111332533681259e-01,-3.467498634655131196e-01,1.343977606500764699e-01,1.920037304290419036e-02,4.935334678964524435e-02,1.474271966161238012e-01,1.433454503878818231e-01,2.227002070822845792e-01,1.948405901239465554e-01,3.367825617116763093e-01,2.444578654535360940e-01,6.240029191167835443e-02,1.144895185400201243e-01,8.345297088762808346e-02,8.410145423995826763e-02,1.279792325412415777e-01,-1.157374867928813028e-01,3.514783539830411419e-02,4.236908120506532871e-02,-1.026259327351142642e-01,-8.098393685558133437e-02,-1.362527850770321736e-01,-2.062402540470526513e-01,-2.366047400728212291e-01,-1.492312939257304238e-01,-6.200495245799290955e-02,-2.494210280403653390e-01,-3.121859869654042274e-01,-4.432068407622344330e-01,-3.705238918782819413e-01,-1.950266912192474833e-01,-2.464120697360716317e-01,-3.180515987938408728e-01,-4.061485251792761320e-01,-4.090025185790394091e-01,-3.103016551442238646e-01,-1.973679926455383649e-01,-5.229228256670173103e-01,-2.089341446025822502e-01,-2.845463096845410322e-01,-3.739638229049188078e-01,-5.294813333919704545e-01,-2.388056235822073603e-01,-3.726427040098548304e-01,-3.045648302932070228e-01,-3.009316205180746495e-01,-2.078196498196382691e-01,-2.636260975100043757e-01,-2.294724872570655105e-01,-3.432908106383784630e-01,-4.218550831906562326e-01,-2.907434749420426678e-01,-3.435869785607627569e-01,-4.078510265310748006e-01,-4.094487209961036878e-01,-4.363126987428436743e-01,-4.655893470904054476e-01,-4.466953091070354764e-01,-5.681164644516150108e-01,-4.498330027317536950e-01,-4.157606512275948685e-01,-4.656825731225308629e-01,-2.602139390875699565e-01,-2.670594248814445737e-01,-3.580750125083921875e-01
6.642078638513554401e-01,6.185799527999754632e-01,6.053365482074467563e-01,5.826825726151889651e-01,5.940200230574823603e-01,7.054190893419610697e-01,6.382455936242099614e-01,6.437611836866490300e-01,4.024017221860752835e-01,1.600142219500135521e-01,1.836497458148304562e-01,-1.122830829031710997e-01,-1.888451546107094425e-01,-2.559142446652180602e-01,-3.202365899733504162e-01,-2.992533423777625212e-01,-1.085567483146278878e-01,1.078025414339645466e-01,8.872315976159880768e-02,1.346932095152772457e-01,1.805986313315527947e-01,1.669309562492805321e-01,2.080719568531095853e-01,2.957924833813608406e-02,2.009045773150501535e-01,2.054792763342751516e-01,8.104971379569110568e-02,3.789283380638892168e-02,7.966917741515575080e-02,-2.187998052396086107e-02,2.052956538721262270e-01,1.108344376405530768e-01,1.454498782787762810e-02,7.569775930980841838e-02,-1.337021446546700909e-01,-9.535853626500830071e-02,-8.816353787948799647e-02,-2.141896774866550515e-02,-6.420965084899767084e-02,-1.097110888769887438e-01,-1.396869450480006380e-01,-1.703325228245698014e-02,-2.539493209897187298e-01,-1.560022050531341964e-01,-4.455144622196616777e-01,-2.545089772626599189e-01,-2.935604803522687267e-01,-2.357785897515727314e-01,-4.651847806229282289e-01,-3.053378790903880091e-01,-4.602311846092698722e-01,-3.511996863171613636e-01,-2.932380946884793338e-01,-1.067205556480555449e-02,-1.913914383709658107e-01,-3.527730512163482768e-01,-2.477343227570513173e-01,-3.478277921729537869e-01,-3.943172120776688439e-01,-1.560500846273566722e-01,-3.744582227291518017e-01,-3.226811341551525936e-01,-2.595992901227882621e-01,-2.710820322120149894e-01,-4.933131615731320418e-01,-3.713604339142086430e-01,-4.162445007906757088e-01,-4.116424042567298769e-01,-3.323905595793076873e-01,-3.220078587475008192e-01,-4.953963269240296841e-01,-5.094244704598195339e-01,-4.624393412111318380e-01,-3.445752495324450049e-01,-4.356479329093720376e-01,-3.128220441240866512e-01,-3.566435253855722021e-01,-3.184055559255039580e-01,-1.432653752358828414e-01,-1.673842203712151977e-01
6.017750987316007327e-01,5.891334507130691067e-01,6.220119692197456640e-01,6.533641603463984371e-01,6.530984862491279186e-01,6.673033808349164708e-01,5.158864761959688350e-01,2.637678057345305693e-01,2.186963665353322817e-01,1.866802680834066600e-02,-1.396620605498947176e-01,-3.012184249025741667e-01,-2.445346474273894233e-01,-2.752563316327013010e-01,-3.160401712660419471e-01,-2.351720556625151171e-01,1.795922593234067499e-01,2.450176063988475199e-03,1.049515389542589883e-01,9.414192595613557479e-02,2.225546500944455552e-01,1.647724541507266660e-01,1.703014615001067489e-01,2.730798791792307112e-01,2.181213872070686399e-01,2.447944634656241680e-01,1.726528726403448177e-01,5.276191325312911545e-02,1.025794215738565496e-01,1.307484119171574422e-01,1.466289821025574536e-01,-1.922809085978752497e-01,-9.064821799050183648e-02,4.784889910236889837e-02,-1.519675703909685871e-01,-1.148413393618520489e-01,-2.194336765840228243e-01,-1.672872534298755209e-01,-1.294871736858557165e-01,-1.247977890366473025e-01,-5.855556495716630894e-02,-1.256333486391102705e-01,-1.592576521746678075e-01,-6.785486694000665564e-02,-3.249832170653886854e-01,-1.738214954936433410e-01,-1.472335627685397719e-01,-3.155430495183917938e-01,-2.236516736843334463e-01,-1.782979135448039265e-01,-2.802972516962722316e-01,-3.043179310197380860e-01,-3.325549878647001134e-01,-3.156085293677731718e-01,-5.913676901140152431e-02,-1.807498751155697525e-01,-1.555008608776849988e-01,-3.145362416746212419e-01,-3.357609059616274982e-01,-3.157292744496112968e-01,-3.747760079165908254e-01,-2.866829632828725716e-01,-3.464390135699373374e-01,-3.484320722283395511e-01,-3.832271836896022910e-01,-3.771823005124091965e-01,-2.393225525467657100e-01,-4.601967299211045526e-01,-3.135807397784943773e-01,-2.306350284536357043e-01,-2.968541520087000785e-01,-3.379676466588065198e-01,-3.821870181763764029e-01,-3.003316913577688263e-01,-5.260097609058106416e-01,-3.926527232004680124e-01,-3.753162695591374387e-01,-4.352252290996573847e-01,-4.164592412960738121e-01,3.808603940029901391e-03
3.957155379583344734e-01,2.030282961844285528e-01,3.447513574856712060e-01,3.403851142542403396e-01,3.410743560245754202e-01,1.869546720955367614e-01,1.507928650321838093e-01,2.924426329893033971e-01,-3.290542342417306781e-02,-2.705794964171879813e-01,-2.152649334680093174e-01,-2.119011250127728618e-01,-1.573464579142519471e-01,-3.229390223537125792e-01,-1.878565514955774229e-01,1.082863242846322099e-01,2.337227233711842642e-02,5.207981344742602936e-02,8.495457009601388443e-02,2.007471218299893834e-01,1.326065050376856180e-01,2.521069061728107852e-01,1.357349339100555607e-01,1.655412537113882254e-01,1.976226037311136496e-01,2.402422165653384512e-01,2.278963932628826350e-01,7.309145385411235096e-02,2.081289512306533085e-01,-2.787973819580497753e-02,-1.146848015325123704e-01,1.267274880590572306e-01,5.260242357318026946e-02,-2.223149115699885880e-01,-5.354276213934865830e-02,-1.582283336662710371e-01,-6.437692298728181495e-02,-1.045554311140590442e-01,-1.770594655522071681e-01,-1.358413853156078543e-01,-1.499014259892280099e-01,-5.022957973458444525e-02,-6.245475565646586846e-02,-2.430166468808745983e-01,-3.640829805642634143e-01,-1.724887663454820197e-01,-2.715598463480931590e-01,-3.862006781053952120e-01,-2.515151817569127313e-01,-3.191484913930169309e-01,-3.030327674108734826e-01,-2.874922024317988489e-01,-2.539361481350971284e-01,-3.483394069085691824e-01,-1.307573135095101979e-01,-3.082043061770279868e-01,-1.849291168166567745e-01,-2.674225840112851582e-01,-1.955251443383475840e-01,-2.543222953326748637e-01,-2.727903068888543614e-01,-3.369310611278709677e-01,-3.360845924347378721e-01,-2.870688763978385127e-01,-2.961176330931379885e-01,-3.476126921620484311e-01,-4.185775403568270936e-01,-3.888122128496745988e-01,-3.153081619707910344e-01,-4.823204743515553394e-01,-3.836847842069596726e-01,-3.245306862874904885e-01,-2.400256879260928011e-01,-3.028896298064741588e-01,-4.014011387458251146e-01,-4.256525137255962599e-01,-2.783947785406585829e-01,-4.019728522979920116e-01,-2.859865863746097192e-01,-3.126245206385941389e-01
3.260254110326282206e-01,2.103704691228686363e-01,-9.033269509983204992e-03,1.874671383575368111e-01,2.048853999840186679e-01,1.444810759879286977e-01,1.068696953789785437e-01,9.493560941504280981e-02,-1.530272527561682971e-01,-2.321199599295935834e-01,-3.214656210537130687e-01,-2.997449745396393861e-01,-3.232151971538268498e-01,-2.372130515165477016e-01,-6.510237771414224828e-02,6.443209870688491880e-02,-2.418937974005867797e-02,1.562473178833806708e-01,2.105734336731438228e-01,1.221234168527682989e-01,1.358302523774161386e-01,1.390897295428544234e-01,2.484365291398772657e-01,1.882015643739260169e-01,1.281668341124077293e-01,7.314363714066589306e-02,2.025811851625123339e-01,8.265335048653303651e-02,-2.369283557986630664e-03,7.514341882635205971e-02,1.170969001209614668e-01,1.456828577240462941e-01,-7.793893939937181214e-02,-1.217373748905669316e-02,-1.123310430634606588e-01,4.011579983255215281e-02,-8.950688234757937789e-02,-1.424642511448411808e-01,1.739511686880200816e-02,-5.112611495267998379e-02,3.245141336720178127e-02,-6.889126408424976755e-02,-2.190229910192160179e-01,-4.673251904939201146e-02,-4.647035527453889647e-02,-1.302580738730060306e-01,-1.143082750023824423e-01,-3.381238469582280581e-01,-4.448345433168596208e-01,-1.410796040007150365e-01,-3.588463199100224710e-01,-4.504247739946611317e-01,-2.785275216149414867e-01,-4.765892286779093712e-01,-3.091676917129731472e-01,-3.277638160491820329e-01,-3.395763817932600515e-01,-3.136459360883309677e-01,-2.806922817182316288e-01,-3.475140030640531119e-01,-1.762279600958374937e-01,-3.763623124124835795e-01,-4.021330709456037433e-01,-4.426985907656124652e-01,-3.908383354835375800e-01,-3.742812425551397815e-01,-2.707920738218136947e-01,-2.838970391966111895e-01,-4.539514973052017344e-01,-4.888838116283880098e-01,-3.069356419600799413e-01,-4.313765457190233965e-01,-3.063500703158718030e-01,-2.905720690651681926e-01,-3.792006455526360509e-01,-2.205520816209230739e-01,-2.687461519479881766e-01,-3.138513642962706962e-01,-3.424858302486406547e-01,-4.041525073306668769e-01
2.502753543881560683e-01,1.247214538597952310e-01,2.339024049624403856e-01,1.467806632852805271e-01,3.053701611583470310e-01,-4.498458895629293269e-02,3.285943160659938744e-01,-1.570541025174809202e-01,-1.449604878600235791e-01,-2.425356865049040633e-01,-2.269175960416380256e-01,-1.841256355418173507e-01,-2.320850992921848210e-01,2.923097059480506826e-02,1.071275980502537223e-01,1.119363061431039169e-01,1.826541774684722341e-01,1.727685038922329164e-01,7.662611532124359581e-02,1.150495782081425167e-01,1.350735258508975745e-01,1.686787462406814098e-01,1.882067548346647301e-01,1.232861763217545925e-01,7.038467421728301920e-02,1.891864985135535693e-01,1.426078191622089375e-01,1.653383016650758486e-01,5.381446990624427773e-02,1.049090950271891060e-01,-1.104301543045053610e-02,-2.771808907071603156e-02,7.494387377290676056e-02,3.481789440440891809e-02,3.331350591681637996e-02,-6.949256562687243510e-02,6.715895048118933341e-02,-9.691011029899881946e-02,-2.643786730423577577e-02,2.157865542763836783e-02,-1.803042844061080452e-01,-9.994779423092017834e-02,-1.360711709281966497e-01,-5.361316375852952579e-03,-1.854970206186140891e-01,-1.840034896321127156e-01,-2.172438306661229335e-01,-4.190485770968634394e-01,-1.626976602754033607e-01,-2.949152542346151207e-01,-2.130263196363938183e-01,-3.114667717130487068e-01,-2.701854389108172549e-01,-3.812338805706913525e-01,-4.354864425828440244e-01,-2.751767206538150989e-01,-2.076004597840056531e-01,-2.538570194850861550e-01,-3.191993158198109248e-01,-3.018606682488086945e-01,-2.503865381961242753e-01,-2.347229095783801289e-01,-1.816604284515364598e-01,-1.437060971243286633e-01,-3.505219315216885345e-01,-2.472191702025745286e-01,-3.528648623784022553e-01,-2.640046338042274510e-01,-2.851270158159798784e-01,-3.978729064948447469e-01,-4.692739037135403302e-01,-2.935075044520635834e-01,-4.133451943735445555e-01,-3.606174202803194562e-01,-4.017372807506258692e-01,-3.012095926039478067e-01,-3.614190887127203267e-01,-3.050243128623840172e-01,-2.999616490922445422e-01,-3.627159107460696252e-01
5.226790615894464365e-01,3.501115392740778431e-01,3.192395024582183050e-01,7.605135076637956071e-02,1.247012488724772578e-01,6.536147902409641941e-02,-2.596788831370236972e-01,-1.737081481412970918e-01,-1.399901379248862932e-01,-2.735444282859434972e-01,-1.543901659241676272e-01,-1.200679741933323857e-01,-3.750737811942812805e-02,1.746786084005678974e-01,1.042487247549757079e-01,1.006453327813438825e-01,1.834948149301909304e-01,1.459830082470476298e-01,1.518547813073364006e-01,1.042467242615591622e-01,3.305296339679858475e-01,1.248480728142189328e-01,1.596957398581684562e-01,1.887229050372525585e-01,-3.258483530940946976e-02,-4.925428473050906530e-02,4.571837865913560423e-02,9.981480364151143481e-02,1.387768044775704590e-01,-2.307895121980161127e-02,-2.914341089169452531e-02,9.744851324694764338e-02,-1.734274849712921507e-01,-5.821290777940830302e-02,-8.349361302806990182e-02,-9.799938584150479082e-02,6.193639214761107467e-04,8.281210931072137404e-02,-7.469525731177870109e-02,-7.669062909470115985e-02,-1.041523922709561428e-01,-5.208553863254591909e-02,4.008889646630668657e-02,-8.025482635531025477e-02,-1.261678255202253185e-01,-3.398626701006854378e-01,-1.497388205356413593e-01,-3.164259516625702040e-01,-1.816128274841544987e-01,-2.391704396143921330e-01,-2.141568657363482897e-01,-3.478074971416754146e-01,-2.840312868220828402e-01,-3.163684973075881479e-01,-2.979828316394609877e-01,-2.475172317136089539e-01,-3.574013945671081771e-01,-3.364385422818147453e-01,-1.651792059555500236e-01,-1.866743461460005638e-01,-2.319431515950399758e-01,-2.624732712828560799e-01,-1.343717035363612700e-01,-2.137759860286392588e-01,-3.507703716179381148e-01,-2.994307454084689235e-01,-1.698921799183276127e-01,-4.266434245361528932e-01,-3.180075743132889099e-01,-3.078854799348588744e-01,-4.284612857234920136e-01,-3.321499359010250951e-01,-3.691819069317553992e-01,-4.213720963551289556e-01,-3.445116929034249820e-01,-3.593213143548991129e-01,-3.765469520341027665e-01,-4.581918110319787019e-01,-3.991452437580830237e-01,-3.408663128584968893e-01
2.295969682306494564e-01,3.438730728284635774e-01,-6.058867677738510871e-02,-5.137808407017144252e-02,-8.855422707918518543e-02,-1.055156005348629189e-01,-1.896273409446369296e-01,-2.782436013884446724e-01,-2.986439432368625524e-01,-2.181028383093596701e-01,-1.015049819037821544e-01,1.894464039426128066e-01,2.101531858485189974e-01,1.076478390487322218e-01,1.079115224872630174e-01,1.756145788832421395e-01,1.050339556631375015e-01,1.664460351634639290e-01,2.412588328928168269e-01,2.043572421768783953e-01,2.823835311628145606e-01,1.635339537936487952e-01,9.771201057896546083e-02,2.065285177925937909e-01,1.572764613546325241e-01,1.448461690737200824e-01,1.364910560552667351e-01,1.325994344258112426e-02,1.961570966814487338e-01,-1.788955300880119489e-02,1.539866847696850782e-01,7.039240575479035512e-03,-1.922103015601344528e-02,-8.335882858823415176e-02,-1.739510217705247594e-02,-1.729728178663384464e-01,-6.766065693947349857e-02,-1.142747669063307958e-03,-5.853106039318359266e-02,-1.240505337262257785e-01,-3.099689561553087280e-02,-9.615735494911421821e-02,-1.127668158519112840e-01,-1.691675592734407513e-02,-1.300170627740501739e-01,-6.972741919543502809e-02,-1.808814103982400723e-01,-1.976111878962444682e-02,-1.467339480152341780e-01,-9.536497287879849849e-02,-2.256897087703902405e-01,-2.362684442245447936e-01,-3.350422956500574978e-01,-1.625811966944234188e-01,-2.530181891971384767e-01,-3.391859086132102963e-01,-2.618775578955218619e-01,-1.632051747925825358e-01,-3.796184143948944656e-01,-1.259288664867865004e-01,-1.326268232293926763e-01,-2.105175312159220380e-01,-2.657191095126808511e-01,-2.749537288260466839e-01,-1.521612265633879579e-01,-3.387943291117426203e-01,-3.781787669171690069e-01,-2.706531447407611868e-01,-1.141161635591786266e-01,-1.403140744956639929e-01,-3.455037500162373432e-01,-3.358213173858699552e-01,-3.078984830768695113e-01,-2.781842277849697620e-01,-3.351938507901527919e-01,-3.502109180516209674e-01,-3.405943314558219082e-01,-2.660476033940721852e-01,-2.959477209054200419e-01,-2.772251239059101979e-01
8.514133140460218227e-03,-1.703279286384766777e-01,-2.122014809489476961e-01,-1.109919737817830349e-01,-1.741383263932737568e-01,-1.718674043053084466e-01,-1.930384477282937605e-01,-1.923163226392853864e-01,-1.610299693776482688e-01,1.230040064532772065e-01,1.929479854728421429e-01,1.360032462314329227e-01,1.174862410946591884e-01,1.575197024130158829e-01,1.662377925509767040e-01,1.209102748543773309e-01,1.152986163595055707e-01,1.275768207449161362e-01,1.546930766173960636e-01,1.189105549575060899e-01,1.843607250574663958e-01,1.233462162660236977e-01,1.151638540823103352e-01,8.458727339252963828e-02,7.288288448365706773e-02,7.347922828569961040e-02,7.664356009551943905e-02,-7.470761573134776859e-03,-9.854448499939159889e-02,-4.006090326646510186e-02,-7.478567343308177573e-02,-2.538591406026420236e-02,-2.661335658049076083e-02,-1.389492259707214850e-01,-2.261037522623887772e-03,-1.471138615136241834e-01,-9.317275597260647746e-02,2.436068179738967374e-02,-1.530736908815120423e-01,-1.250438144346361080e-01,-8.176523509061910111e-02,-1.868014261808216281e-01,-1.982835979091563949e-01,-5.885202201349674228e-02,-8.024487799219914841e-02,-1.753041974155630511e-01,-5.510728641832333269e-02,-4.373553721447544923e-02,-1.324863014046956944e-01,-2.097151048627194647e-01,-1.377057773045556599e-01,-1.166356628274336227e-01,-2.513797863277409395e-01,-3.211444562988335361e-01,-2.227868561180361417e-01,-2.853497887492865148e-01,-2.318743681734304063e-01,-2.587661975856833108e-01,-2.439200269406519295e-01,-2.848799586522665073e-01,-2.195501634575275918e-01,-2.049806549639674180e-01,-9.407739266984502247e-02,-1.816028564911250920e-01,-2.289169940883624688e-01,-1.370357900370984539e-01,-2.685178120141638036e-01,-1.565737373542676891e-01,-1.417891144730826503e-01,-9.222483490217375790e-02,-1.468490212896716995e-01,-3.331699635332804887e-01,-2.444470593227506261e-01,-2.801380948237788826e-01,-1.871484307151624893e-01,-4.147626966133369786e-01,-2.879618752699411033e-01,-2.344490607116428982e-01,-1.690131042566670738e-01,-2.667777707320475034e-01
-2.577639210214008880e-01,-1.852582697024561798e-01,-2.252660855164979326e-01,-1.871398735426461901e-01,-2.696006666263975338e-01,-2.625384716969781373e-01,-8.560230931821789790e-02,3.612692745745414435e-01,1.865018123683818418e-01,1.543295352761431816e-01,1.451629298213217012e-01,1.618910001142095656e-01,1.854223856033598294e-01,2.254889371057173797e-01,1.610151677718129892e-01,1.394736179123167719e-01,2.604937513725952836e-01,1.683266374969782930e-01,2.472902624181395892e-01,1.307284280026663470e-01,1.382406971739320867e-01,5.967034590200932104e-02,1.486448917959082849e-01,2.147698956353452926e-01,2.304212577810237361e-01,7.384407681545245017e-02,1.080615167512387481e-01,-2.326525845859812869e-02,1.320827152576299277e-02,2.038050798197630492e-02,6.483076051909404669e-02,-1.260668279588769147e-01,-1.083630713736549456e-01,-1.142553686950315145e-01,-8.158724688543597670e-02,-2.576079418732180049e-02,6.802678411874450715e-02,-4.857651254624183873e-02,-1.682488748246570021e-01,7.877289432616345344e-02,-1.428069466511212304e-01,-2.301247060435745728e-01,-1.625162613404909362e-01,-1.031113512780113262e-01,-1.643656853737624768e-01,-9.696495756283501910e-02,-1.446288205290675866e-01,-2.049144161114185569e-01,-1.517467942519954149e-01,-7.584991424353541845e-02,-2.408306978588205527e-01,-1.770515783927447129e-01,-2.225956450044471457e-01,-3.319355167896385628e-01,-3.301297687103277312e-01,-3.794938129336316579e-01,-2.315250429267625421e-01,-4.064282970280356788e-01,-1.111621259020413588e-01,-2.827668535967663987e-01,-2.780679208126099478e-01,-2.138215613629980971e-01,-2.518507792808145074e-01,-1.615970047118344688e-01,-3.428701201040397772e-01,-1.539878461918889052e-01,-1.877201266200181906e-01,-1.352796188130092614e-01,-7.980736834003351876e-02,-1.560025905073863517e-01,-3.008257025584548106e-01,-2.427458374062785584e-01,-2.451236166848152764e-01,-1.595815931732740001e-01,-4.549638511291898557e-01,-4.453220662464354995e-01,-3.180747292201564491e-01,-3.036873771020205948e-01,-1.981772155473864594e-01,-3.003153822150585461e-01
-2.641714004608965438e-01,-1.468720952672084024e-01,-2.032785396943174450e-01,-3.363794605374301888e-02,-2.243903790247375241e-04,2.683814558535045913e-01,2.676759539387526532e-01,7.223769758752224268e-02,2.092519767498804972e-01,1.816871540502601745e-01,1.669422529879671380e-01,2.204020181114055843e-01,1.690812923142074320e-01,1.772018189133573729e-01,2.495732948659232509e-01,2.418471716602242638e-01,2.412859660247197724e-01,1.793229034454458526e-01,1.468938683397821021e-01,1.914354337489334035e-01,5.350595034812705326e-03,1.007728546698022781e-01,1.048741592308521844e-03,7.154338066848330013e-02,1.895032679933608688e-01,6.476243415836299699e-02,2.023930000246965955e-01,1.305612440393647267e-01,-2.035386351332887835e-03,-9.624976516597769094e-02,-5.413057951765930936e-02,-7.084974327568363539e-02,3.925557708603586576e-02,5.534272496550064063e-02,-4.658258467934854596e-02,-4.216469318732760097e-02,-1.835799644633859251e-01,-5.468049411728326259e-02,-1.081221323663534156e-01,-3.124375736007942161e-01,-2.249603825630806797e-02,8.735182963870366524e-02,-1.657520394394134539e-02,-1.222562251090023311e-01,-5.696151282602494176e-02,-1.433466086551437868e-01,-1.176659917229486985e-01,-1.115868179512547742e-01,-1.797654828431022034e-01,-2.380681196236036912e-01,-6.143863562403770878e-02,-2.256692893489044005e-01,-3.184883346300912410e-01,-1.600038310101302153e-01,-2.867542318511456245e-01,-2.551700350106378412e-01,-1.842354708379260186e-01,-2.817747479433293512e-01,-3.406732364315313566e-01,-2.111156213186496655e-01,-1.270251945833522356e-01,-2.715237116989751009e-01,-3.102675894369126275e-01,-2.574604925996878402e-01,-2.160497197713301398e-01,-1.805980138025177761e-01,-1.589039240069655690e-01,-2.666038302940553217e-01,-1.955310795937422741e-01,-1.950399524359002212e-01,-2.265899005186544357e-01,-2.812116167296296321e-01,-3.425152625791951788e-01,-1.716620166390941393e-01,-3.531887896766413015e-01,-2.653262198712252329e-01,-2.934398745851900525e-01,-3.310218724478273256e-01,-3.056456341891993223e-01,-4.096083818661166998e-01
2.665674630877850615e-01,1.709107263956831380e-01,1.022216951014742331e-01,2.471425533613441361e-01,2.379371961157143167e-01,2.892529293192840356e-01,1.622809776537721405e-01,1.270068182655951783e-01,1.538081081495561719e-01,2.465136750007574096e-01,2.007093854019282864e-01,1.636125416003457456e-01,1.752402682135322243e-01,1.652372910615501622e-01,1.805622263841874242e-01,6.571578647799201922e-02,6.836430925128048064e-02,3.026570514150511010e-02,2.465796385573941762e-01,-7.728610848515592158e-02,1.334298480384435437e-01,1.195417404608891260e-01,1.142118506282308321e-01,2.426694230372865857e-01,6.047409319251416220e-03,1.627953641242162186e-01,9.035478958423675058e-03,-8.158064148895265155e-02,-4.582553763902114802e-02,6.826157608090356599e-02,-7.789110191700131247e-02,-8.996797173471089704e-02,-8.958547045116982410e-02,-4.243577254195559506e-02,-1.172887764366872670e-01,-9.087438347774029479e-02,6.559724640137042095e-02,-4.585493918539136626e-02,-1.336435065098049990e-01,-1.467354857760553855e-01,-1.634131419123824591e-01,-1.676440973331952689e-01,-1.362445215449471503e-01,-1.265225252179069948e-01,-4.338122634353516749e-02,-1.605892367327394488e-01,-5.051556116986274936e-02,-1.528740155032174697e-01,-1.941803178830456555e-01,-9.175374349973376698e-02,-3.108451258893180635e-01,-2.238309205149772718e-01,-2.847503440740150604e-01,1.354825333058550657e-02,-2.566640878332719367e-01,-2.971935951798350128e-01,-1.020408067420679327e-01,-2.389296204280769165e-01,-2.373845488862175446e-01,-2.605199622479996147e-01,-3.506428228143366743e-01,-2.130133624695861316e-01,-2.230160712178412274e-01,-2.762089342435717354e-01,-3.335721820648475666e-01,-9.316216017609280087e-02,-1.839751564661128991e-01,-3.600660162443001799e-01,-1.685236038447752438e-01,-3.884403455603041566e-01,-1.763525036482336550e-01,-2.883819896312478925e-01,-2.543748140785981882e-01,-3.473475093534139635e-01,-2.385181586768697626e-01,-2.204581253686201392e-01,-1.562011010354497076e-01,-2.778706181873143444e-01,-2.968744779234211983e-01,-2.146815841604746145e-01
3.048551387371900012e-01,2.417749556880801343e-01,3.191618205509342276e-01,1.636178495986219672e-01,2.883725026779900280e-01,2.377036770365356655e-01,2.629269567263048946e-01,2.142610715113424102e-01,1.800988184748105181e-01,1.577460548123265638e-01,2.007964809578818011e-01,1.457366006917782120e-01,1.438757740224318737e-01,2.653650862212525441e-01,1.683105859623917067e-01,1.264472706280364289e-01,1.493667145099688287e-01,6.237732557750765017e-02,1.457057597210701105e-01,8.287215278508532068e-02,7.514070474638273600e-02,1.136895497833041307e-01,-7.352176648833349225e-03,2.155739433660903148e-01,8.558778455895779680e-02,1.156059011631450223e-02,-2.719245640752791446e-03,-7.964074530958539788e-02,1.598000227287425107e-02,9.210828576348056851e-02,-4.132728159415567648e-02,3.849403094815655180e-02,8.327459045565000287e-03,8.747125647499335091e-03,9.537318253752108399e-02,-7.627251624175949984e-02,-4.111028671347029262e-02,-4.805024950522399779e-02,-4.618328828158963645e-02,-4.016932890662673616e-02,-2.150892544737636330e-02,-1.594309151603863772e-01,-6.697042859282194283e-02,-1.670042374015252296e-01,-1.328048144893332894e-01,-1.601700559447304384e-01,-1.087048683311505060e-01,-5.367952481637806861e-02,-2.834262601542328341e-01,-1.541907748266258815e-01,4.250934037586786424e-02,-1.596526449875033393e-01,-1.723805222949228166e-01,-2.049546199784716971e-01,-2.778296000335599980e-01,-4.047882146329948583e-01,8.591215334942284981e-03,-1.483595957425369594e-01,-1.280356162957172195e-01,-1.484777711058189453e-01,-2.862693570625568507e-01,-2.047937091563929168e-01,-2.115746645538198190e-01,-2.225907700460063865e-01,-1.165696053420648970e-01,-2.728076546167897964e-01,-1.733489164955804851e-01,-3.136176640943218463e-01,-1.522027505006626202e-01,-8.923781927537970116e-02,-4.191817983565665484e-01,-1.729067557214755690e-01,-8.331952282041016344e-02,-1.828579384858077250e-01,-7.936879349916074744e-02,-2.733976541815769101e-01,-2.197474983264476878e-01,-3.080176441752048300e-01,-2.113205129693155049e-01,-2.269490961919720662e-01
1.849969752857968941e-01,2.917857664585407074e-01,2.400481936711701125e-01,2.597374952527108927e-01,3.039615812302913223e-01,1.946484834400169228e-01,1.026262797803111498e-01,3.193187671324800858e-01,2.357054035283491500e-01,1.621078153134529465e-01,1.755665668086969222e-01,1.534297350936482673e-01,1.075985867626329251e-01,2.063631669795269186e-01,1.784786574012162119e-01,2.024535980470561769e-01,-4.293290782604346212e-02,2.036853661112388303e-01,9.623992757473441573e-02,1.698400058880335933e-02,3.610487131536576494e-02,-4.206525974537038415e-02,-1.012025928221001745e-03,1.056221285427841189e-01,4.113001359821659431e-02,5.061782904830769425e-02,3.975484045963032648e-02,4.902157595650497718e-02,-8.381657035157333291e-02,-9.579375654630081782e-02,1.015752697935712670e-02,-7.304591210969678394e-02,9.688058459367346331e-02,-9.188550696339696511e-02,2.731698239677206319e-02,3.328750671489634494e-02,2.460313533405838679e-02,-9.488775875820433525e-02,1.003859740385680127e-01,-5.110225700901858265e-02,3.943860824117704361e-02,-1.309487032593703690e-04,-7.366016433222270787e-02,-1.280580543094400336e-01,-1.530981624564120291e-01,-2.933731787798460333e-01,-1.428856424130074687e-01,-2.356014317947575237e-02,-6.770340950599183782e-02,-5.803353149687905804e-02,-1.035278412754803007e-01,-1.268185864690052900e-01,7.717117769829194562e-02,-1.666039826997057702e-02,-1.338912799598287462e-01,-2.603537036933910032e-01,-1.591478471670196848e-01,-2.386095061087084301e-01,-3.048809800120843017e-01,-2.531505328913560837e-01,-2.939859216772254813e-01,-2.076153102626481506e-01,-1.960809990853348006e-01,-1.617744688196249003e-01,-3.417103627774865093e-01,-1.621073089915033849e-01,-3.679717717641443619e-01,-1.588340424067130052e-01,-2.898994361011592025e-01,-2.907424886398964348e-01,-1.718155590472155714e-01,-1.217172552150798809e-01,-2.293512163947401816e-01,-1.770365100958553872e-01,-3.610299885567881395e-01,-2.461822842027357461e-01,-4.029647701829217610e-01,-1.786879184733221326e-01,-2.731682954405416641e-01,-2.625807228799799664e-01
2.804047329747645992e-02,6.576030814921975109e-02,1.981929012631423320e-02,1.953054189558290077e-01,2.079364779598741886e-01,1.401098756604100271e-01,2.357834622416527248e-01,9.480059200929699670e-02,1.726051466870110462e-01,4.648555342915207389e-02,1.329534877599152787e-01,6.432330981130415792e-02,1.592027297773146999e-01,1.169726216001803210e-01,1.287704033941995119e-01,1.600811145109275746e-01,-1.118905053580996067e-01,1.144518479864051752e-01,2.331763657035338111e-01,9.316628786664496453e-02,-1.561571922897682374e-01,1.030051679690583838e-01,-1.122568891296847754e-01,-1.816980959424844069e-02,3.326681744744380137e-02,7.248491329182607523e-02,1.820076516499021801e-01,6.254915337494966476e-02,4.607815639567725691e-02,9.482918238536501565e-02,4.329132433009055120e-02,6.769206610274801882e-03,3.578734806193015899e-02,6.920076812440559277e-02,6.966296215007945769e-02,9.423749992447261192e-02,-2.704276022223454576e-02,-7.382423507521407649e-03,4.953720160744490286e-02,-5.138517913672053378e-02,1.263167869473171001e-01,-1.046562131745747137e-01,-3.632078064371847825e-02,-1.104462065289904260e-01,-1.748097905052461987e-01,-7.368374750146097774e-02,-4.876716086165848452e-02,-2.352498039478273864e-02,-2.416519783810048005e-01,-2.390905755491203599e-01,-7.771198808397584978e-02,-2.733249197772189693e-02,-3.981015628024831693e-02,-1.762957295508300326e-01,-2.331390211227675202e-01,-2.088998272331026029e-01,4.737167825645324792e-02,-1.953439756415043249e-01,-1.550630992588294121e-01,-1.238553233881955623e-01,-1.794611820164018767e-01,-1.013114346808401262e-01,-1.793456059278877579e-01,-2.764402255133964759e-01,-2.647024852842772003e-01,-3.599434518294314378e-01,-1.983600404612132495e-01,4.251559403252014487e-03,-1.543625475430869531e-01,-1.468167806499361960e-01,-2.612398052993306630e-01,-3.032380855005988307e-01,-3.239865663154403164e-01,-1.073939501091169257e-01,-2.575190399625453819e-01,-3.366654860320398845e-01,-1.624916359417702127e-01,-3.654022615883508185e-01,-2.537431287420797710e-01,-7.773690115255846300e-02
3.260116389496805350e-02,4.254899109672475449e-02,-8.721000393775764359e-02,5.952581908722780202e-02,-1.535824549593960706e-03,9.898077169126461017e-02,-8.220322456528135480e-02,1.114408274927315284e-01,5.877297466228927764e-02,2.502420895596309536e-01,1.038633811201426643e-01,-6.231415195870049044e-03,7.403932217374895042e-02,-6.435863849161788108e-02,3.669755398464672608e-02,-3.141917335706429643e-02,8.427177350268605371e-02,5.040133711928791727e-02,-6.107856262106838713e-02,3.590487465045858872e-03,4.965433215323766108e-02,7.003378753692124370e-02,1.970269430750197504e-02,-1.238006193174543135e-01,3.786409714015854383e-02,-3.406173060616779578e-03,-3.544368897859377643e-02,-1.064492444441358793e-01,5.946313997749072544e-02,8.330339180549153899e-02,2.331687928477895952e-02,1.812015567067701005e-01,4.637783961387466347e-02,2.702869389051991145e-01,1.445517955167928414e-01,1.479829014488576134e-03,6.144765147687383799e-02,8.340527565544840483e-02,-2.204269332400553977e-02,-8.019072398793908318e-02,8.764373400560222793e-02,-6.279881687230993992e-02,-7.135182466684227183e-03,-2.244493047488803628e-01,-8.142105354282487550e-02,-1.166415555690954314e-01,3.537252247874541483e-02,-5.382521898731792986e-02,-1.173163862705807886e-01,-2.288980084367310264e-01,-1.013288753053692565e-01,-5.658119355888081153e-02,-1.418541477129313388e-01,-1.107194053314895094e-01,-1.409148974763100581e-01,-2.714579742296326925e-01,-2.479981387616821686e-01,-2.280682461857167498e-01,-2.404163267259765424e-01,-2.523004981342368280e-01,-1.548719590322285289e-01,-1.883589937977764306e-01,-3.029506247807068342e-01,-2.715143325064833246e-01,-3.007414923878579671e-01,-2.442291995147449490e-01,-1.517505306297855239e-01,-2.952070778805904738e-01,-8.132456811947566533e-02,-2.541513578146782359e-01,-1.219775312891350494e-01,-1.996042136735142192e-01,-2.276770526114005322e-01,-6.685940531131227826e-02,-3.494917554263154424e-01,-2.230333827410070635e-01,-2.830794856055973141e-01,-3.666893977445569441e-01,-2.584676412050799232e-01,-1.141665006221412731e-01
-9.383381070956074710e-02,-1.500675964510070626e-01,-9.224733698287204686e-02,-9.925620689561437046e-03,-3.290448643324155042e-02,1.899437540620922335e-02,1.149999802366586665e-01,-1.046722513456203353e-02,-1.258912545040352313e-02,-1.275346197884790478e-01,-1.024088494132052718e-02,-1.579436695861305695e-01,-9.549391933176217678e-03,-7.960618818088148474e-02,6.514380990235499325e-02,-1.005921528317461205e-01,-5.547015460285877747e-02,-1.022651347613554376e-02,1.887624596321622883e-01,9.616454643258451340e-02,-6.563183256714513747e-02,2.059958311778604945e-02,-5.170724295809432658e-02,7.713378831063498475e-02,5.932881782262759002e-02,1.800161165482057693e-02,1.951891889233431723e-02,1.055462304435531018e-01,2.294242388091815854e-01,9.514775138600013726e-02,7.489930320007555375e-02,1.441934387289501573e-01,1.110571566329478232e-01,4.209324049404514767e-01,2.204504787165638691e-01,7.370514780120007714e-02,1.598781784141354856e-01,-9.008117327498628424e-02,-1.311311042494834600e-01,-1.869704535611073359e-02,1.674704263440535967e-01,-6.741406508784549348e-03,-4.200225642853987890e-02,-1.628224774827337629e-01,7.619243662842732634e-02,6.349427976964836656e-03,-1.616006150880185954e-01,-1.504399625498417659e-01,-2.244998050771587761e-01,-3.130468312498078665e-01,-1.900840505349301046e-01,-2.977495283516321534e-01,-1.184783820480770494e-01,-1.528991655965148966e-01,-3.230193656607358021e-01,-2.305625429726570197e-01,-2.157911827364074886e-01,-1.302047195995136852e-01,-2.183578244571695304e-01,-5.499767142161764155e-02,-7.535561355315836818e-02,-2.307933715405626474e-01,-2.482614395424058984e-01,-2.209934075615879179e-01,-3.042136309593149179e-01,-1.372609338269256685e-01,-1.922332116191953766e-01,-1.836134108419164856e-01,-2.506362567855451862e-01,-9.006741654166573741e-02,-3.364727986440932406e-02,-1.588183708923651127e-01,-2.228941072204525808e-01,-9.639682307332769762e-02,-1.416341192279610695e-01,-2.901794403231946484e-01,-2.193778795500506695e-01,-2.523255272940664873e-01,-5.184000525926294595e-02,-1.950707526363229527e-01
-2.658369784864095253e-01,-2.515597585128203639e-01,-3.690196619448878751e-02,-2.047945156511651321e-01,-2.802916736807855441e-02,-4.772848507390289180e-02,4.814277148596936284e-02,9.942025518015515373e-02,-1.632121211124593907e-01,-8.633772015350164863e-02,-5.572539518685733217e-02,-6.797560138367372828e-02,-1.258699169069335266e-01,-2.645713920037662953e-02,-1.059255065621877850e-01,-8.373213721012521399e-03,-8.396476590364450321e-02,-2.075727689056481584e-01,1.236545914312660310e-01,-1.104467969783599762e-01,-1.496857812923547415e-01,-8.616815560392050710e-02,1.403516640659620840e-01,1.321710749593311496e-03,1.483708075961827633e-01,-9.730208577392762681e-03,1.020688973538699806e-01,4.949970687128919800e-02,1.227421875363645248e-01,1.934376836048551651e-01,1.421120126934483432e-02,1.592857140426455487e-01,1.470345748515269613e-01,3.548959804732168544e-01,2.236670698072939223e-01,2.480710701142133656e-01,2.221297445067093590e-01,2.382002270206935723e-01,9.273881913042607283e-02,4.933130984586264062e-02,3.320195423579708378e-03,8.494854335050221195e-02,-2.495751431195092265e-03,-5.360607575343321468e-02,-1.664466023023342678e-01,-2.225017588796688595e-01,-1.275993726219642153e-02,-1.309360670993042486e-01,-1.537674778551873234e-01,-7.981943243159674017e-02,-2.089866306712122035e-01,-2.162725979514088515e-01,-1.780952583076198248e-01,-2.036632996830836928e-01,-3.588566013830764290e-02,-4.086599120405957214e-02,-2.638819779089266460e-01,-2.873378930319202551e-01,-1.740135906242903374e-01,-1.100183873143557450e-01,-2.346172903041954527e-01,-1.529467418233064202e-01,-1.225190072226486487e-01,-1.839611964580608050e-01,-1.579465228282954936e-01,-1.625163917264638713e-01,-3.420242658561802873e-01,-2.624522568321752680e-01,-1.333064315135698008e-01,-2.533828881309229120e-01,-2.308002804564125710e-02,-1.062101555607870979e-01,-2.189075538872427562e-01,-7.817612790655666111e-02,-1.343476708116061145e-02,-1.745114131894346110e-01,-1.032817993029579023e-01,-1.270751418272536293e-01,-1.247598448729189541e-01,-1.850273602310858467e-01
-3.478866351388030242e-01,-4.243292318068349611e-01,-3.166575687492542701e-01,-1.909016670670110327e-01,-8.204290869644680073e-02,-2.200095860542071458e-01,-5.210641751054877202e-02,-1.905704168836326873e-01,-1.597571124412685284e-01,-1.469899253830841135e-01,-6.220578157243918799e-02,-1.139832117860709454e-01,-3.431759483414597023e-01,-6.726654676687787281e-04,-9.697005180371486704e-03,-1.208798637443909418e-01,-2.748818897656507207e-02,-1.113750304288711745e-01,-4.311392376727583159e-02,-9.171251344664872740e-02,4.435681888935074507e-02,-1.186913950474342561e-01,8.584935655202947588e-03,-6.787420533298331449e-02,-1.947806050989405180e-01,-9.961887774909064519e-02,1.006227490261639018e-01,1.238107555903287527e-01,3.670181622033880098e-01,3.506130838486133938e-01,1.160398070387883285e-01,1.221697686154789991e-01,3.560746024834999801e-01,3.522606198691669577e-01,2.181037368614461291e-01,3.308139267801366024e-01,8.697910008715643848e-02,3.045060513526334778e-01,1.561830058146831124e-01,3.525375183393185119e-01,-4.736494289427042870e-02,1.014443804753242979e-02,-1.650826981075513566e-01,-9.505699405366334342e-02,-7.210131588593125807e-02,-1.444859044779085167e-01,-1.664259876677193772e-01,3.415493696448744076e-03,-1.543580276115829319e-01,-1.199925555221080936e-01,-1.819593007292686082e-01,-3.894870514189586325e-02,-1.811863590052814332e-01,-1.994543061251576599e-01,-1.854177440227493534e-01,-9.860558260630723770e-02,-9.286883599142178869e-02,-9.150779904051982439e-02,-1.805985371518966098e-01,8.078760603803171458e-02,-1.662656908983118145e-02,-2.720391405828065934e-01,-4.153285478136538589e-01,-2.919323340813050338e-01,-1.103355769381655499e-01,-1.592535636103424024e-01,-3.415596688272078407e-01,-1.732502612677550291e-01,-2.460452884565622611e-01,-4.599243762299472238e-02,-2.535883644141311288e-01,-2.593781037110585164e-01,-1.434313087757945471e-01,-1.166248678261758293e-01,-1.508974116604635818e-01,-1.993966769534517569e-01,-1.613755170519777906e-03,-1.997255455445315353e-01,-2.491321945958735462e-01,-5.599613738740540775e-02
-3.023872715487215257e-01,-3.297448251224661120e-01,-2.051849996975442514e-01,-1.740351088374638977e-01,-4.129424868358072542e-01,-3.000616846224679057e-01,-2.706602922428070213e-01,-2.312123891761246886e-01,-1.099909922959548952e-01,-2.366170444508193874e-02,-1.360656293415861418e-01,-1.709391158770230956e-01,-2.355788454433528356e-01,-2.182649179468585388e-01,-4.623083231652646424e-02,-1.810590539474844496e-01,-1.092898130382497085e-01,-1.408695753689384877e-01,-2.371196115321265452e-01,-1.043631471517702941e-01,-1.398939586985517569e-01,-2.961267831699315178e-01,-1.241452291622302945e-01,-1.215806358641020046e-01,1.580707774395678430e-02,1.150215534815540869e-01,1.361526633858178847e-01,5.189438343368317497e-02,2.736523158424359337e-01,1.583184921383637700e-01,1.040018137508305351e-01,3.435729483746075008e-01,5.274811071377235594e-01,4.003807205012414050e-01,4.127911935187927317e-01,3.267948243850158918e-01,1.837022378802233569e-01,3.359494427463897148e-01,3.555636034245420740e-01,6.755612906616090263e-02,3.200036127659824370e-01,1.368965857966508992e-01,4.437471284992262205e-02,-2.473109653983982525e-01,-1.026015048434598953e-01,-2.090038568699831845e-01,-3.762936385159509900e-02,-1.890599553359454676e-01,7.847048281904238365e-02,-6.316374889634812639e-02,-5.550615962378613322e-02,-3.023240274364197844e-01,-1.135739692894814495e-01,-1.650610993622979583e-01,-4.652249108920016724e-02,-9.791894143768166414e-02,-5.134547944579526298e-03,-1.194347761485238385e-01,-1.093114762611382989e-04,-3.091073856471214798e-01,-9.412241205434382363e-02,-2.828740845073000609e-01,-2.365318393717293910e-01,-1.000458102992857756e-01,-1.438350178731216955e-01,-1.879410594397214751e-01,-3.166605900734014156e-01,-2.661400930566887313e-01,-3.056344391783817338e-01,-1.800656184126222803e-01,-3.327763871004951191e-01,-2.263131474131056531e-01,-1.278218470196126333e-01,-1.797468591925999171e-01,-1.838032669318832302e-01,-1.648247181996800315e-01,-1.637717372580458908e-01,-2.018584481822247312e-01,-1.180919882637908869e-01,5.956775450507383225e-03
-2.910220958370735023e-01,-3.799539972656057474e-01,-2.694026076804467706e-01,-3.674506541781105695e-01,-4.321664879860567243e-01,-2.763681296937340326e-01,-2.791080473756988867e-01,-2.884232333384523228e-01,-2.155447619337561294e-01,-3.894228122451977581e-01,1.596549656532770742e-02,-3.239926150591637133e-01,-2.920417636462806499e-01,-1.353932647342818707e-01,-3.376757010930261926e-01,-1.676745134023045203e-01,-2.320882830373402761e-01,-1.988059937981152270e-01,-1.496115370078889562e-01,-8.629603020245468770e-02,-3.067182458519537858e-01,-1.257180771394795782e-01,-1.412867274117722560e-01,-4.102554662750691750e-02,-4.175206130788276793e-02,-2.033624302001207571e-02,3.257022416427029360e-02,-5.209031663664046713e-03,1.604689785775808841e-01,6.663062223952127827e-02,2.828944162962659381e-01,1.526336161812529568e-01,3.335070530527043386e-01,5.205840484668069479e-01,2.341463323619189796e-01,3.348879294828950304e-01,3.755294745497694819e-01,2.911869781901665899e-01,1.507196818207703626e-01,6.315006230178858704e-02,1.509651961866759762e-01,3.464770777833207638e-01,2.762043209194035842e-02,-5.199956225976531260e-02,-9.419838084734283301e-02,-4.605689070839560223e-02,9.863487338717197295e-02,-4.270767849593335580e-02,-4.066624223636125524e-02,-4.341373690264342146e-03,-3.678688470372064312e-02,-1.501289016479409599e-01,-4.164275168856920728e-01,-2.258613718660402170e-01,-2.041814820593397788e-03,-2.155708128929593737e-01,-2.590941913680598896e-01,-1.516927079487269125e-01,-1.222653848921471387e-01,-1.157402688386989370e-01,-1.817430128057862249e-01,-2.500417875275774970e-01,-3.517766054546498933e-01,-2.332971159206090050e-01,-1.954669505670897367e-01,-1.367454547595273184e-01,-2.776702402566155192e-01,-2.516616824680913966e-01,-2.632119698967604338e-01,-2.553424758861063681e-01,-1.314132943926530905e-01,-1.432179053428210835e-01,-2.514617746475570348e-01,-1.310761616845938504e-01,-1.618832011675716831e-01,-2.259533438722358401e-01,-1.288757202285283066e-01,-2.003254389081735864e-01,3.787554612655284411e-03,-1.256400013208534283e-01
-5.281890707093823689e-01,-2.065741790313387338e-01,-3.100501181271146933e-01,-3.193775292296740509e-01,-2.690215290984367957e-01,-3.734455736248278868e-01,-2.514987448630482958e-01,-2.382550806269882748e-01,-3.343310446997851959e-01,-1.907818260861208759e-01,-2.808649139930649574e-01,-2.427048239182210965e-01,-2.691336050995076223e-01,-2.543503241058748809e-01,-2.203202366648174260e-01,-1.386408234244075888e-01,-9.295380544874819184e-02,-3.929892947835836869e-01,-2.210238905347241822e-01,-2.566725215401599036e-01,-2.307701113191151232e-01,-1.090655340963297137e-01,-1.041108854184545351e-01,-9.729853672227596617e-02,-3.417624506875126256e-02,-7.845550174269246002e-02,6.389401022479718195e-02,6.690703107751178047e-02,9.526461128729186989e-02,1.781983106943969275e-01,1.369301902601089693e-01,2.894623958992946222e-01,3.281643903678889695e-01,5.800514828448627425e-01,6.628426745840870771e-01,4.982483525988462558e-01,4.058519288352785970e-01,8.880685991794060041e-02,4.375733982817067713e-01,1.255358671385588265e-01,2.454338041796999270e-01,3.143587288685300574e-01,2.538266304993239131e-01,5.775389126646961191e-02,-1.354526047779091580e-01,-7.188288187710007403e-03,-1.315990392266437048e-01,-4.208648426941496296e-02,-1.529154595464530045e-02,-1.282469827684201702e-01,-5.287143717687957031e-03,1.032605415909789749e-02,-7.415977850008430294e-02,-1.323069533110556029e-01,-8.280165033734747382e-02,-5.124753570894770988e-02,-1.076355927194710266e-01,-1.070078588029555328e-01,-2.298729808103524286e-01,-8.346123799297441859e-02,-1.684594537722169105e-01,-1.564856355043034997e-01,-5.710532810433692485e-02,-1.923305656679749967e-02,-4.117015503383381764e-02,-2.428702605937849701e-01,-2.488372760972931697e-01,-2.500322398878668251e-01,-6.942464352410385175e-02,-2.170043920336183207e-01,-2.153941317573949965e-01,-1.723592290676146388e-01,-2.204885012018418800e-01,-1.428173717252479713e-01,-2.012192281010066475e-01,-4.596335081730230226e-02,-1.977796855848224511e-01,6.194123302361174976e-02,-1.975068038211219568e-01,-2.965538644705343341e-01
-1.182780759007619753e-01,-3.361439585202450897e-01,-3.029716091595047733e-01,-2.935099080449007358e-01,-4.452310503546531573e-01,-2.217155150496072646e-01,-4.778808311117999086e-01,-2.026098813308830904e-01,-4.170385728244691559e-01,-3.435830783775672970e-01,-1.368733680155099219e-01,-1.875885577786721436e-01,-3.569673502950652666e-01,-1.974062596648738233e-01,-2.464945761930218693e-01,-2.963570474494954810e-01,-6.009821752946775675e-02,-1.866606297188170005e-01,-4.417388587359039609e-01,-8.045474817824449509e-02,-2.186163221720699990e-01,-1.779061355675563560e-01,-2.431832313116354949e-01,9.259397667318337855e-02,3.658485829534430245e-02,-6.646838839939712973e-02,-1.501611199718394518e-01,2.356314777333061439e-01,1.555612336695155196e-01,2.801269563621296421e-01,3.336990886003493584e-01,3.722207268289814963e-01,4.907574995137904406e-01,4.967648006154879448e-01,5.027685297077737481e-01,4.874022217356555609e-01,2.688768170095870436e-01,4.707746629527302384e-01,1.520298771216207767e-01,8.611440084733706923e-02,2.550028712645698303e-01,3.809707932132047059e-01,2.148587609656026631e-01,2.063110463821297980e-01,2.547053419246264605e-01,2.054569588944943903e-01,1.234385883770884595e-01,-3.069806293697245354e-03,-1.232609427857327272e-01,3.052498421461972283e-02,6.862808918789368995e-02,5.257882302557468843e-03,6.528624494904027020e-02,-7.501522075009595114e-02,7.688689006260443493e-02,-1.142404803645745009e-01,-8.219418121177766989e-02,-4.629972008767003350e-02,6.854597846612282830e-02,-9.389414315433119995e-02,-2.219215753283173276e-01,-1.975147544279246548e-01,-2.022407074061671195e-01,-2.750373361451917686e-01,3.807321272894758496e-02,-1.474213318697673580e-01,-1.068566965594648227e-01,-9.497367924642155512e-02,-1.505099074595817599e-01,-2.013477748959540681e-01,-7.138865996507479106e-02,-2.491577704789152969e-01,-7.425552598306861540e-02,-1.514688665899962539e-01,-2.192047321722361275e-01,-1.478057560638612045e-01,-1.410686729688498051e-02,-8.918611985682338428e-02,-1.529312483777377496e-01,-3.235844845181993779e-01
-4.222924379770647274e-01,-3.022284675128636966e-01,-1.833227168426520559e-01,-2.057859167926591459e-01,-4.243789681300421113e-01,-2.527068568648080382e-01,-3.552787262580304750e-01,-1.877803690547611426e-01,-3.874720967413286532e-01,-3.880827990272925354e-01,-1.565453326531076050e-01,-4.171498803601554339e-01,-3.827107207881663697e-01,-2.000401820991362933e-01,-4.761618578995296391e-01,-4.300968295936537511e-01,-4.261168821986533461e-01,-3.061278006962587228e-01,-1.898425290045223923e-01,-2.621057285145923510e-01,-1.129466522746675472e-01,-3.461637048019507445e-01,-7.624563434264455819e-02,-6.525285915255364666e-02,-2.568522481085174641e-02,-1.864869737773164615e-01,1.202928224939459880e-03,5.931498698739832987e-02,5.266377608225904228e-02,4.286355195395842865e-01,3.195574935606947803e-02,2.515458623590365317e-01,1.981849274783613057e-01,4.236414483386278795e-01,5.413023860414135635e-01,3.771717796175043103e-01,4.985203308448647452e-01,4.084017670856818771e-01,3.372414074477211310e-01,2.876053156471811700e-01,1.680467366016970832e-01,1.666936504345385150e-01,1.292964042492051602e-01,2.038190763169176745e-01,1.375155980673598843e-01,1.251932264443336440e-01,8.195983136040359274e-02,6.962879874204973285e-02,6.122770196479035421e-02,1.413211657398935894e-01,2.323868050463280197e-02,1.930147448687002110e-01,-1.258567652372938050e-01,-6.433629253736768139e-02,1.779615273343313278e-02,-1.203560384512911141e-01,5.842300951611932580e-02,5.715931000018417175e-03,-9.596156717741063935e-02,-1.210251387659734695e-01,2.675401976477121205e-02,-2.035905248353579444e-01,-1.521448603749190609e-01,-2.211514765172427344e-01,-2.130409041543686322e-01,2.245554641978658728e-02,-3.078699826052311295e-01,-2.147426733665083465e-01,-2.335747169292559100e-01,-1.087852148862271384e-01,-1.758624848180651359e-02,8.272979589311356408e-03,-2.048579259725592794e-01,-2.125387027190121514e-01,7.025860815874312992e-02,-2.652770797165431016e-02,-1.787104744636603404e-01,-2.570414487009441973e-01,-1.916659272345745957e-01,-2.727283638257277376e-01
-5.163252951306259719e-01,-2.189309896759529528e-01,-3.635967094644272923e-01,-3.206019324064532383e-01,-1.704538715831291074e-01,-3.395628043856929734e-01,-4.121026588189780626e-01,-4.073450302812995361e-01,-4.226249786351602977e-01,-2.142187627259475036e-01,-3.421507424517234441e-01,-3.404107770278064771e-01,-3.098628589032353942e-01,-3.653357996419220877e-01,-3.277848765478465487e-01,-2.786981181570525323e-01,-3.391699098681981162e-01,-3.725400888905144869e-01,-2.695323333291064771e-01,-3.114417560974259147e-01,-2.722637587339767906e-01,-2.346970669782405816e-01,-3.231059454913988715e-01,-2.001976908741810168e-01,-9.772784616562227300e-02,-2.833829190639708048e-02,1.714640009054214931e-01,6.080155803178990265e-02,-1.300283080231853274e-02,9.484258286746764799e-02,1.283555046395088717e-01,2.510589240731092575e-01,1.718333098024686367e-01,4.170039491443170987e-01,4.108812604871001639e-01,4.368443271104568981e-01,5.115128610902529571e-01,1.348237625145875807e-01,2.775291781974907890e-01,1.630408667982474191e-01,1.863949401276370210e-01,4.459453530505285701e-01,1.527100564068731015e-01,5.156024433556338771e-04,3.348285743309839524e-01,2.282939459255323988e-01,6.869258178384259061e-02,8.989750224141991597e-02,9.608914826403257281e-02,-9.446017596270958605e-02,1.123945280148896664e-01,5.442745367162883131e-03,4.914463791318943869e-02,-4.572646780239990327e-02,1.556601289531840855e-02,4.882191574582164795e-02,-4.481352854436564115e-02,-7.325934439673741083e-02,-1.604846781612537798e-01,-9.740219046897180197e-03,-1.258289393136406975e-01,-2.088816338741673051e-01,-2.257636698704430234e-01,-1.375030400444384182e-01,-2.489111800838415267e-01,-2.174626852137277466e-01,-2.787837562869431296e-01,-1.477325438454918649e-01,-2.248418778946309760e-01,-1.895831877540571919e-01,-9.098921618929173283e-02,-1.820199127864930433e-01,-1.606417795443929042e-01,-1.007495946353776095e-01,-1.680239744403484170e-01,-2.817525223744245522e-01,-1.778835717012345330e-01,-2.514681413125259279e-01,-1.176266087692057760e-01,-1.466277681492494378e-01
-3.901619171171369915e-01,-5.264690440609549604e-01,-3.098914211141522990e-01,-2.252951575341311241e-01,-3.597214460266927594e-01,-3.609166865497150933e-01,-1.712579602140354429e-01,-4.874097594745857576e-01,-4.051073870054608950e-01,-3.959011587206749394e-01,-3.675849828062051627e-01,-3.391890754044913914e-01,-2.758719992631498141e-01,-5.659875810917524008e-01,-3.981582071671612710e-01,-4.675881260813345708e-02,-3.327461016632138335e-01,-2.172871975555971114e-01,-3.636863598609201831e-01,-3.744100308725953341e-01,-3.327996349690053868e-01,-3.730921674178843683e-01,-1.063169819085339335e-01,-8.613308025524477052e-02,-1.049354168746955140e-01,-1.703490656223554875e-02,3.185507615799042930e-02,6.482941686789525648e-02,-8.071996849856977185e-02,1.577693434808892237e-01,3.347957271972279991e-01,4.331800683352558801e-02,3.357363803896717958e-01,2.781908622245761742e-01,3.698457731606397680e-01,4.602250320496486524e-01,3.316323424101284001e-01,4.283165996971677325e-01,1.660646807831944460e-01,1.796340593537576746e-01,3.390258683683976537e-01,2.216000304802447640e-01,1.954733085716953422e-01,1.975665487738554882e-01,-1.840711536470092825e-03,8.587634548147815572e-02,2.233001386703373781e-01,-6.110657332356517549e-03,5.223983620812128886e-02,-8.313434632220122189e-02,2.708547180931502457e-02,4.553985216880360870e-02,1.123596894889713482e-01,7.617505022915871393e-02,-3.120376606876415146e-02,-1.380937892860689964e-01,-5.256303485105106449e-02,3.207783155149124092e-03,-1.920609432556611221e-02,-6.638262916932435864e-02,4.589375241781460529e-02,-4.718153990606273329e-02,-2.326582391683696682e-01,-5.845612397581182590e-02,-1.589422847467244770e-01,7.426537801834938446e-02,-1.659817737051984821e-01,-2.093076846409548386e-01,-2.917366988102595982e-01,-3.384461333616929912e-01,-1.125008717723587764e-01,-3.616579382964131839e-01,-1.659531040412514924e-01,-2.726996794507746680e-01,1.204309587354213534e-01,-1.501386899954830489e-01,-8.670542139921755265e-02,-1.215648780181400324e-01,-1.164550315681303488e-01,-1.373590831758131903e-01
-2.893798553697859433e-01,-2.823395561285224620e-01,-3.265521873792953111e-01,-3.137856001905848791e-01,-3.750501879650432469e-01,-4.625868304133064490e-01,-2.365976984073349665e-01,-4.639422149678958385e-01,-4.149028652699476294e-01,-2.070875095033703761e-01,-4.099656384679243315e-01,-3.743697255758725584e-01,-3.475326679366335103e-01,-1.886468788532075225e-01,-2.930011418136854173e-01,-2.608929699105134170e-01,-2.241650949961733197e-01,-2.361088460953772172e-01,-2.400683562204700139e-01,-4.391398598711102053e-01,-2.990039828975701863e-01,-3.585482573858390087e-01,-2.046613256822467641e-01,-2.799734415425534917e-01,-2.918519222666482449e-01,-1.344014601338515691e-01,3.247608143574022554e-02,-2.411731586993210996e-01,1.541577538423501668e-02,4.543423001740378581e-02,1.835463261007860003e-01,1.724159803163775040e-01,1.664145273057251739e-01,4.672993742429312758e-02,3.318213352827893980e-01,2.262748601541803850e-01,5.840318491981614235e-01,4.622943880579934439e-01,2.206086792038401689e-01,1.144552283669955511e-01,3.852479582029332827e-01,1.448141281438112271e-01,3.949832814048598872e-01,1.653766395924033059e-02,2.058050951116666971e-01,2.179595551647495882e-02,2.581801458813178241e-01,1.212728871880051351e-01,7.085839336668157788e-03,2.502035738688072053e-01,1.331487089825293679e-01,2.299071721273600877e-01,-1.158151749553993845e-02,1.832545164309584002e-02,1.348010293343758969e-03,-1.017565147360364151e-02,9.397856074326549347e-02,4.030954002488604943e-02,-6.300043441490865703e-02,-8.950327766245243233e-02,-2.076230031899841191e-02,-1.782828087028849873e-01,6.871600051705585577e-02,-1.388683894342002678e-01,-9.305201990816733271e-02,-2.471147167704364767e-01,-2.786585200750438807e-01,-1.909897060212757125e-01,-5.138334802855163558e-02,-3.475464765226932706e-01,-2.272173594603039970e-01,-1.616555095595670344e-01,-1.284065226685542904e-01,-2.113876414327403239e-02,-4.200573499087333074e-02,-1.101990268567380887e-01,1.488273529665666735e-02,-1.641752053843240355e-01,-1.206037942355756704e-01,-1.911057796721292446e-01
-4.018667175300293382e-01,-3.570646335079705747e-01,-5.031549858174392265e-01,-2.304599854468471209e-01,-3.018679174390624387e-01,-3.739549807290478700e-01,-4.435284897469109477e-01,-4.443336097008139807e-01,-4.755889493004758495e-01,-3.728211015832186837e-01,-2.718719310898466968e-01,-3.355506544067767272e-01,-2.436720282723187359e-01,-3.370551973412482805e-01,-4.119072345529506962e-01,-3.219057048273670230e-01,-2.901781336803838096e-01,-2.554375559333101342e-01,-3.115663977732917034e-01,-3.181276519486114229e-01,-2.950898720210389237e-01,-1.932713083030802165e-02,-2.931665647840442923e-01,-2.365791992601365690e-01,-4.459581789012252995e-01,-7.353348455281628893e-02,1.453136498274025870e-02,-1.133887809588587647e-01,2.434948581837560050e-02,-2.478878338367550005e-01,-1.257455335183181311e-01,-1.520699475004935741e-01,2.190567609565758148e-02,2.157927110870879739e-01,3.017754020789509273e-01,3.247437310140575684e-01,3.976032316365855079e-01,9.293295404531945469e-02,2.844320779681007161e-01,2.279854394254379746e-01,3.342065356419767208e-01,3.419528801407396013e-01,1.001678905899733019e-01,2.601720325453630300e-01,8.679085925415104541e-02,7.411600747251465005e-02,1.203413511502554045e-01,2.896575819246182196e-02,1.462782920639182083e-01,1.311857909342971640e-01,3.453058565959665066e-02,1.614335599912447294e-01,5.897952590084217656e-02,7.404027490066494854e-02,1.016567084571745189e-01,1.047045507380403584e-01,-8.912820884065524463e-04,8.062591784170820841e-02,3.413922865579367000e-02,-1.537922983990758913e-02,-7.942792897409442499e-02,-1.949172476179746039e-01,-8.977651356124247140e-02,1.899071572767005098e-02,-1.490309726721358863e-01,3.860930903007593878e-03,-2.030668037045240959e-01,-2.465860003208114326e-01,-1.292150961444476776e-01,-1.096941513415812704e-02,-1.050038376309169741e-01,-6.635364418796581287e-02,-1.000558093423873675e-02,-6.047059193846837481e-03,-1.320723592161562043e-01,-1.271806463937324438e-01,-2.246249615697179791e-01,-1.234058955268709928e-01,-1.208025129654698160e-01,-2.414192649047122441e-01
-4.135126149681210839e-01,-5.014721067495566675e-01,-3.887413693224617828e-01,-3.054409706386222445e-01,-3.906288493449504573e-01,-3.006056443856125471e-01,-3.437504612827064210e-01,-2.204696343096312072e-01,-3.014322089112911884e-01,-3.059798971656375599e-01,-1.638416560920405440e-01,-2.561966754000977731e-01,-3.819118363759874679e-01,-4.324259589589099506e-01,-2.957176352546254106e-01,-4.087055015130676705e-01,-4.452314019116065946e-01,-3.689849872867646541e-01,-3.715242154040775402e-01,-3.103272077937366813e-01,-3.956220759035570245e-01,-4.235462533325318191e-01,-2.274505892799132678e-01,-2.079704861882984146e-01,-4.242195681591248158e-01,-4.058640706671207132e-01,-1.862657797567947582e-01,-1.278104356674993614e-01,-2.972965875289836357e-01,-2.268651363217910888e-01,-1.105595429695181153e-01,-6.492465017531519333e-02,1.823548222312239286e-01,2.841072835349310322e-01,3.250504218842485971e-01,3.145004615816697213e-01,1.528391572017051281e-01,6.279818069520924639e-02,3.558909345949985981e-01,1.595807743771062992e-01,1.161417889606005949e-01,1.754195716348527223e-01,9.140998930885875506e-02,7.340704266286772472e-02,2.084018367949443465e-02,1.621795192834002697e-01,1.629318248531279878e-01,1.853625125126602824e-01,2.857504371172893687e-01,4.013162265556662334e-01,3.323294694305797825e-01,1.503217557646264746e-01,5.563251657230409292e-02,9.345152724072043615e-02,1.345572034216116764e-01,2.386829510455310277e-01,-1.812243421959059686e-01,3.789155963511296743e-02,7.722997265442486936e-02,2.220695256484547450e-02,6.249725116105861455e-02,1.182280041391196579e-01,6.813074731659847852e-03,-1.088341680675392609e-01,9.530287395620591975e-03,-1.650881422988135505e-01,-2.305619799882258902e-01,-1.396986878922064079e-01,-9.431571874340943795e-02,-1.394079809958626882e-02,-8.511233343137204754e-02,-2.670504099129902276e-01,-2.390103423607024130e-02,-1.260782152527185895e-01,-5.995995174180034082e-02,-1.381044896440686010e-01,-1.277929604799730723e-01,-2.418689712301513514e-02,-4.573459363514561365e-02,-6.868087914823610245e-03
-4.254790915401370777e-01,-4.034815661698004097e-01,-3.240375411599251687e-01,-4.497747483279574965e-01,-4.662479072358177712e-01,-3.978878388244556086e-01,-4.377395606936103079e-01,-3.639707313185462367e-01,-2.049776538379542434e-01,-3.998864512534074378e-01,-1.795447541751076515e-01,-3.652076381626420676e-01,-4.169274918590300527e-01,-4.763478697227223058e-01,-3.555359437931652766e-01,-3.829241458430211464e-01,-1.596118614424978099e-01,-3.834593256871503542e-01,-1.777553963732621811e-01,-2.943215337054162495e-01,-4.462023067438823931e-01,-4.309489671056600524e-01,-3.728484206362089881e-01,-3.488520856474885412e-01,-2.228154111223359934e-01,-3.403291716789007548e-01,-2.156000419549280178e-01,-3.398694359936150211e-01,-1.690067699437030890e-01,-1.453589371079487824e-01,-1.444415356208391676e-01,-1.434959283143776299e-01,8.520903728277223754e-02,1.583430092867811612e-01,4.759792052131291140e-02,4.042518523606363212e-01,3.420106305844050620e-01,2.751191804075482916e-01,1.594584890737441862e-01,5.171036858418627535e-02,2.184844188960710087e-01,2.787659165613678436e-01,8.265089705711581303e-02,3.701018028788313763e-02,2.190460381555981439e-01,-4.105138388444116299e-02,9.320777159712854976e-02,2.573095397573130216e-01,1.207339942355037804e-01,2.199911641322181977e-01,-4.647822634985610685e-02,2.994888613886103057e-01,2.354733988005134893e-01,1.536602339720310462e-01,2.115843536417365001e-01,2.122298729460288524e-01,-1.338069338753434048e-02,2.050246655127888062e-01,2.336130535689183163e-01,9.947522433688367471e-02,-1.348353327532417767e-01,4.059870772190421473e-02,8.191977870209977974e-02,1.726346850817657994e-03,-3.734512032439558579e-03,1.188143792304053280e-02,-1.582664950056652253e-01,1.108373575527039079e-01,-9.553514166373112959e-02,-1.154984135977443760e-01,-1.867094438340372031e-01,-1.069515373193563323e-01,-8.911281091208247962e-02,-2.044863246975839877e-01,-6.425418942877923756e-02,-9.182010648264300745e-02,3.803136536980792487e-02,-1.100475915583124242e-01,4.885709036723603904e-02,9.833971748353276254e-02
-3.894294612220950969e-01,-1.362884021312170957e-01,-3.004525012951314578e-01,-4.012782808309250937e-01,-1.950312146363398780e-01,-3.814429402908278144e-01,-3.463106354730625114e-01,-3.621234966253873422e-01,-4.516238484820757071e-01,-3.737003132800073568e-01,-2.367595490748033993e-01,-4.436489804910141443e-01,-1.400782029712689947e-01,-3.297612073286944057e-01,-9.391668690076240833e-02,-2.921033340631987163e-01,-4.377726265842845632e-01,-3.958081532312213158e-01,-4.206009237034208925e-01,-3.261471657908249777e-01,-2.949299291785957844e-01,-2.617931986813337164e-01,-4.471673798872538019e-01,-3.455770587815881756e-01,-3.042879103496539117e-01,-3.404349232604654274e-01,-2.799520327624034910e-01,-3.598163806982478397e-01,-1.325150600241136456e-01,-2.844228037587521740e-01,-2.606089466769712093e-02,-2.002685998734879402e-01,2.219000504489742343e-01,-6.182772542872460447e-02,1.809111749225988663e-01,2.764171049309560591e-01,2.968405522675687247e-01,1.966778905947673961e-01,6.769539600013023406e-02,2.733574886083084410e-01,2.197422163772911330e-01,1.605888409195056765e-01,1.421711746127895248e-01,2.341102306024960833e-01,2.126157629367644020e-01,6.964172808605348375e-02,1.075867017751520327e-01,2.835461949018032723e-01,2.420281485775075125e-01,2.519609989754257873e-01,3.409064686586845139e-01,3.712248507859851610e-01,2.271011890871064420e-01,1.660857033623533985e-01,3.206251112021122653e-03,1.219645729594558553e-01,1.635858475692285596e-01,1.367731881798794069e-01,-1.880457140913058822e-01,1.066988634510257355e-01,3.872459245133668543e-02,1.408588672977769685e-01,-6.589835838647323252e-02,1.178143507647372717e-01,-9.574120816545275692e-02,1.127625909304207780e-01,-1.003854510883808310e-01,1.014868071583047981e-01,8.656535971102186089e-02,-3.170269423818186660e-01,-4.704109519039690462e-02,-2.880506443537287492e-02,-1.622534648445832228e-01,-2.405995105368901113e-02,-2.357382894547150817e-02,3.590571676943539459e-02,-9.435201278194643715e-02,1.425611063449604664e-02,-1.624980361100729631e-01,3.432638580468380662e-02
-3.100296597341332672e-01,-2.389233918388946332e-01,-3.210505451917367581e-01,-3.232078561334868483e-01,-4.028996030829435360e-01,-2.741284045752231391e-01,-3.788522427874947973e-01,-4.537033524691505004e-01,-5.322996826720228780e-01,-3.894838991549164908e-01,-2.050510278831695621e-01,-3.560380450321384282e-01,-4.837195148274959222e-01,-3.867413325641419486e-01,-3.787283506440737857e-01,-3.280886362368491405e-01,-2.608767298258479750e-01,-4.968709796912460508e-01,-4.720733694591088270e-01,-5.352000191868341306e-01,-2.852409897516463011e-01,-2.844554975486891513e-01,-4.520978223462716050e-01,-3.495491826383888556e-01,-3.489167426584101617e-01,-3.041635718279352973e-01,-4.122434747864835436e-01,-3.526885231693422940e-01,-1.235637725419462818e-01,-1.492228644218272504e-01,-2.984335724007460278e-01,-2.841954477476851468e-02,4.873006970436882801e-03,-4.481424071407620613e-02,1.178146228512826632e-01,1.953523217870284656e-01,2.550354098849721418e-01,1.569331539409234144e-01,9.848120392766041009e-02,-1.098632640541533229e-01,3.280516332082644704e-01,-1.586062806796897234e-02,2.988512690905207880e-01,1.195127150058895998e-01,-1.968902996434925261e-03,1.966632050531743336e-01,2.502242335677837271e-01,2.220321020768372955e-01,2.593673699696592561e-01,9.648901579611884882e-02,1.084963944224381777e-01,3.857467270159096184e-01,3.022989829424121422e-01,2.838619658888717479e-01,2.207851247110264314e-01,-8.800349949980357028e-04,1.809762428303925141e-02,2.411000473183222137e-01,4.124929759213698255e-02,7.532470442710989533e-02,-1.683990795876528709e-02,1.311673182753820277e-01,6.008158683876195505e-02,4.705803061694990852e-02,1.108310292213949069e-02,1.380006217499180621e-01,2.043438743542380920e-01,-7.768071575190624301e-02,-1.673407176459643653e-01,-9.337016402357736777e-02,-1.201378128992021815e-01,-1.362436077979105320e-01,-4.297406655186464947e-02,-1.321764660267416569e-01,-1.616849124486289258e-01,-1.891226495946190245e-01,-8.054365062209575821e-02,-2.964167660751014857e-02,-1.516953657623330010e-01,9.952221981220808755e-02
-2.387626888690132787e-01,-1.021498955642626966e-01,-3.842502067733179483e-01,-4.085354859843736142e-01,-3.282323998715518387e-01,-3.347398255815250967e-01,-2.740912030230643337e-01,-2.385439151901350141e-01,-3.007054787104295746e-01,-3.170614726916381465e-01,-2.913387628077683256e-01,-3.529162436071430764e-01,-3.864047007400814859e-01,-2.315181515155016190e-01,-3.985907505817785079e-01,-2.669463591858397544e-01,-4.072208237736029690e-01,-2.584335802156881301e-01,-4.391396162185911556e-01,-3.051656064242863620e-01,-3.082703803368683770e-01,-4.843654537159016726e-01,-4.157059059816849422e-01,-4.513600109779675740e-01,-3.826016189221305153e-01,-4.052786858684181426e-01,-1.758114216085370773e-01,-2.370748506431221425e-01,-3.453958383772798846e-01,-1.288291332616617324e-01,-6.495586011343432165e-02,-1.164980430173457454e-01,-3.146793399706676597e-01,7.529040696420639944e-02,-4.635379848970274524e-02,-5.119106379810983015e-02,2.408668217829556257e-01,7.311135575203225878e-02,6.106957151279371332e-02,2.990716822805104119e-02,1.431246275603661848e-02,2.260040995636462824e-01,2.916145594087937720e-02,2.591523158278069214e-02,1.590069799052113431e-01,2.751609810273965562e-01,1.945271742683980787e-01,5.405530144107366375e-02,1.789243451668271201e-01,2.691725084290512715e-01,4.513338782052612186e-01,3.509065093522886758e-01,2.099795658792126540e-01,1.532234863541882264e-01,-1.520790265518821675e-02,1.535657903824915425e-02,6.932279201529113755e-02,1.930965331390775419e-01,1.220836720124290203e-01,1.047772138424397231e-02,3.275613062838127892e-02,1.766511976249281468e-01,1.508983278165607345e-01,-1.629354450448763925e-01,-6.338689037991124264e-02,-1.033411263224720961e-01,-1.024727730582348506e-01,-1.582834151115054822e-01,-1.468973533750318056e-02,-8.013359268204256480e-02,-2.488358505878283111e-01,6.706996545091120643e-02,-4.797677159563137894e-02,-9.515537775530656661e-02,-2.317621606113518806e-01,-4.521429120015458408e-02,-1.661809979718709973e-01,9.510585632922255450e-02,-6.910001762682728421e-02,6.287367484171800525e-02
-3.139128621851407508e-01,-4.525355985742942622e-01,-3.578811250472550554e-01,-4.209073355167461949e-01,-3.247242415624720935e-01,-3.451916454589233907e-01,-4.088201335951842097e-01,-5.370210627213911625e-01,-3.768459660304497860e-01,-4.042383590177270891e-01,-3.465844041040350709e-01,-2.662831070871051198e-01,-3.085819649360771466e-01,-3.657898450993619099e-01,-4.086490949096386882e-01,-2.323988514882780743e-01,-2.591679919743931637e-01,-1.443386453702907302e-01,-3.916864400841005289e-01,-2.404283726646559427e-01,-2.509442896280154600e-01,-3.037574099479580791e-01,-2.896968773544865150e-01,-2.541155990589060165e-01,-2.561314797609755001e-01,-1.823714518669036222e-01,-2.498585381703575803e-01,-4.621866038797476373e-01,-3.035550083978755254e-01,-2.757436261944950506e-01,-1.631491374310788667e-01,-1.814197362613288456e-01,-8.180369680897295326e-02,-1.477798915699436721e-01,-4.992245826526057334e-02,1.458975899206063354e-01,2.328009707689173424e-01,3.925409612008252253e-02,1.058738696263978318e-01,3.075361586151436621e-01,5.662004793135622278e-03,9.751975760909439850e-02,4.851022869434352611e-03,2.965973096088042049e-01,1.163127922841160622e-01,1.660629419834994680e-01,1.134603081602521824e-01,3.305819329947918273e-01,3.222646526716810289e-01,1.831953935475217066e-01,3.632026354703216109e-01,2.274732672903028441e-01,3.894672601724238903e-01,1.071165778206438490e-01,2.666086637803843917e-01,1.816938696637220851e-01,1.751142425362694488e-01,1.436054793599061408e-01,1.954121122837743363e-01,2.719359917026890894e-02,3.266470091644371743e-02,2.832084179257659748e-02,2.581965731770229366e-01,9.623180729921733401e-02,2.021013086147264645e-02,-7.449106705115544902e-02,-7.361272904674183437e-02,1.282755126934097267e-01,-1.457199102891886811e-01,-5.534010730728830540e-02,3.355065293074706995e-02,-1.443312029286473730e-01,-1.731223335312862266e-01,1.009895977252219523e-01,-1.137257724787232860e-01,3.303226329340799156e-02,-9.021941475936046118e-02,-1.914565679222003380e-01,-1.128643607277630134e-01,-5.196128312606129035e-02
-1.784015224797550203e-01,-4.488806013365335690e-01,-4.843754138034249146e-01,-2.956939696629710124e-01,-4.375112714433134209e-01,-3.742058614903529534e-01,-5.634897134674935470e-01,-3.139222029660249103e-01,-3.770227162150748268e-01,-3.799451152274446741e-01,-2.478848700435052066e-01,-4.023696389816522889e-01,-2.580442865158619203e-01,-2.660994723134086914e-01,-6.128963753959256744e-01,-4.120107236752701962e-01,-3.433366212270330120e-01,-3.231347447233791081e-01,-2.187253866646196310e-01,-3.797525237661136255e-01,-3.016221926871007764e-01,-4.132227279608794435e-01,-1.790003506513851150e-01,-2.817272776920039523e-01,-2.129645550332073534e-01,-2.494966048798687719e-01,-4.212715883461587985e-01,-2.585445121585911998e-01,-3.313349719289136464e-01,-3.830662374118170010e-01,-2.293112154822298521e-01,-2.345164165810865453e-01,-3.405499803493896444e-02,-2.999810150764618821e-02,1.446940404551105841e-01,-1.249461765098638238e-02,6.948603298789272908e-02,5.600567442285984965e-02,2.183709233171109432e-01,1.911422304581026840e-02,-1.625308693995832984e-02,2.966139622166917844e-01,2.234073285427912170e-01,2.006948855239730489e-02,3.414465831092015208e-02,-4.740363892563925589e-03,2.511409799463857895e-01,2.186871940532114644e-01,2.052444498276979890e-01,2.436155292111911452e-01,1.845237994719764740e-01,4.004912029810039908e-01,3.592392059577965702e-01,4.103663395177135076e-01,3.552539880395669813e-01,3.542762927234733294e-01,3.485427234864329482e-01,7.459509720711990366e-02,3.958882136668547824e-01,3.881472895963833381e-01,3.375176466934786540e-02,6.248631065690146008e-02,2.457121783771498980e-01,3.077764065456152776e-01,9.199020427724897975e-02,1.556080436785032550e-01,6.025202402300193494e-02,1.176284411325070334e-01,-3.348547472420106141e-02,2.287136819514099667e-02,6.430268436423611234e-02,-1.542470661874645044e-01,3.155397612185443373e-02,3.246226971812701811e-02,-1.693405674091406077e-01,8.088956380357836817e-03,-1.440969144081322706e-01,-2.036318803284398182e-02,5.672028254479865444e-02,-1.545182016498127808e-01
-3.101505678179943271e-01,-3.047764637486414796e-01,-3.471221296747601381e-01,-3.318174177726410656e-01,-3.527200896595001356e-01,-4.378280477343006183e-01,-2.111090951645256397e-01,-3.578206261988418069e-01,-3.380304144264476562e-01,-4.513091484600660341e-01,-2.592816080265457068e-01,-3.562473020403779667e-01,-4.167042734167687446e-01,-3.098562363126928787e-01,-3.280112383990797520e-01,-3.511309764343622519e-01,-3.350554037964418863e-01,-4.104088111536046690e-01,-2.968901783507853498e-01,-3.208465134735117297e-01,-2.643503390999513147e-01,-3.938578653247004624e-01,-5.157977031651315158e-01,-4.010893904039081193e-01,-5.121130037792379630e-01,-2.373402960435685161e-01,-2.128371774736113609e-01,-2.851846074877921189e-01,-3.282653871682496005e-01,-3.033279905853502600e-01,-1.832690390693207383e-01,-5.061033346052774134e-02,-1.529339437157198056e-01,-1.990519523023636661e-01,-1.151503602482032568e-01,-5.907781343343370545e-02,2.046820646008177813e-01,2.065365829409654408e-01,6.117750965071612479e-02,1.122380131269818393e-01,2.111922771568724155e-01,9.589809439448677975e-02,-5.017749615335738433e-02,8.440565358228255266e-02,1.643237906993856301e-01,2.168215421760459338e-01,5.007273057961634383e-02,1.564782010130557899e-01,1.958646737934734150e-01,-2.083051262216116181e-02,4.742640655264506733e-01,2.704612859271045000e-01,3.759334804613901904e-01,3.630418088540718347e-01,3.921816483020190702e-01,3.635463041433927844e-01,3.809378579434168355e-01,3.634928776383883342e-01,2.061962775405747628e-01,1.045717231715459633e-01,3.588662769884874981e-01,1.222745617025999681e-01,2.524003273656352797e-01,1.359447035512134361e-01,1.910208289666688874e-01,7.606572498365516202e-03,1.582373661212610472e-01,3.956194674374551717e-02,1.087241209034535971e-01,7.129566580548329924e-02,5.603629797004261448e-02,-2.473610959193901435e-02,-1.582912970375446315e-01,-3.253580797202758335e-02,1.112520144534513561e-01,-1.335254743378525288e-01,8.925422133176548478e-02,-9.561327950705364453e-02,1.455093422978469553e-01,9.161164854563359772e-02
-3.800350080501911365e-01,-5.556150180765991875e-01,-3.367604428623586221e-01,-1.577066154653494479e-01,-4.120072519278199508e-01,-2.690553973725863246e-01,-2.316840352661251601e-01,-3.493998521219003339e-01,-3.295696420838851726e-01,-3.838315486160500667e-01,-3.509190656959693677e-01,-3.019074116974708732e-01,-2.198164410138829794e-01,-3.760182735160007561e-01,-4.173220336820504528e-01,-3.292637484144776416e-01,-3.544746657477310658e-01,-1.389071376196729934e-01,-2.214825193208349308e-01,-3.733891520261201635e-01,-3.756752672303370622e-01,-3.473465269448657300e-01,-4.689509562537292897e-01,-3.679406285612302763e-01,-3.476869591035685048e-01,-4.765405650046243280e-01,-1.893782857403907005e-01,-3.430474339258449690e-01,-4.385099627710808412e-01,-2.582120635187070135e-01,-3.173158332724828057e-01,-3.050265517798345649e-01,-1.610829571540315641e-01,-1.418614313055993892e-01,-2.247961187574271380e-01,-1.977636249346576697e-02,-3.677967042928342867e-02,-6.574015412999423269e-02,-1.264980417098659701e-02,1.725402452361766703e-01,1.481734813054190747e-01,2.321675844222226281e-01,3.041164593414065753e-01,1.230915029293512819e-01,8.531351447399715404e-02,2.964617372700305564e-01,1.814132677963512796e-01,2.854898932571761638e-01,1.824374940882574347e-01,5.891291138008276917e-02,2.094223926797163793e-01,2.075749130344458071e-01,1.932444282825363235e-01,3.750701635403379530e-01,2.625633688320077597e-01,4.430846209303017647e-01,4.327465133129123065e-01,4.351312309639842058e-01,3.574902163970363200e-01,4.241056726036235985e-02,2.486466718098974682e-01,4.890758871394385587e-01,3.612936385402635842e-01,3.482237069130433155e-02,-3.213514866370116921e-03,1.540972226017067181e-01,1.972838576897864571e-01,-7.959637499212532732e-03,-1.444090992851883859e-01,8.183638277324746524e-02,-9.788730593549427317e-02,6.912833715756715181e-02,4.646616165104622276e-02,-2.234322251999808773e-01,-1.388444287571289140e-02,-7.257546989067213683e-02,2.363483735632017357e-01,1.815515201491210359e-02,6.304382569463252983e-02,1.853530830489858727e-01
-2.908375779211753165e-01,-3.359411172225920117e-01,-5.236355725666173022e-01,-3.552885992980722163e-01,-2.598845403269557375e-01,-3.339286141499597793e-01,-3.713500702438688461e-01,-4.023097067905235247e-01,-2.465265623210867174e-01,-3.517298073175438300e-01,-1.657320601550846817e-01,-4.221522947421357808e-01,-3.133057331925330202e-01,-3.902227455194586248e-01,-1.805958966568888824e-01,-3.931050400709993342e-01,-2.913156815580988934e-01,-2.474009618836087721e-01,-4.029848763114312615e-01,-5.169911743141719640e-01,-4.097143555280495786e-01,-1.288844542818163852e-01,-2.107238969458311850e-01,-2.203375788548261327e-01,-4.505198609151304656e-01,-4.292846405412044652e-01,-3.053489604783931610e-01,-2.294579626514942350e-01,-3.326140439236161539e-01,-2.201090109625724323e-01,-2.504445727548123002e-01,-2.885894061332358040e-01,-3.507535632254600300e-01,-2.894693388865991063e-02,-3.456086195000161454e-01,-2.214120870697076915e-01,4.409361808783127806e-02,2.174862393990886211e-01,-3.362040284292597964e-02,-1.222349036221983577e-02,7.383369198147354817e-02,1.941266938639777673e-01,1.240851024166294697e-01,2.452618899960911092e-01,9.785705347178758062e-02,-1.614473165203363925e-01,2.664320439005463670e-01,2.401859170590733006e-01,3.727894566269493448e-01,3.076861814862915656e-01,3.926293970048648219e-01,2.055999651669760953e-01,3.219595645158759845e-01,3.981567364671143583e-01,3.556190031505051530e-01,3.854794761220804444e-01,3.531818522760306056e-01,5.305440569869065426e-01,2.436343886574235673e-01,2.075037804039995548e-01,1.350585982300342436e-01,3.457475231802993876e-01,2.255328509961110339e-01,2.010527437146183150e-01,1.521768826172696099e-01,3.137311641832937203e-01,1.424547500388938792e-01,1.328466185449239945e-01,1.473542952231417236e-01,-2.587895038281938596e-03,2.001101553171439895e-01,-9.157107641879247417e-02,-1.913761710469659818e-03,-8.003459154644015916e-02,-9.436245583926682057e-02,1.220299576707429279e-01,-9.438953339524586150e-02,-1.270176558017709345e-01,1.236639620460619204e-01,-5.395349668758752520e-02
-2.900167108083550049e-01,-2.887371810301678776e-01,-4.514146027992799182e-01,-4.365226390059094852e-01,-2.833712764451605248e-01,-2.621495382607891833e-01,-4.198468108363517803e-01,-4.107507387470777926e-01,-4.538804688866455717e-01,-2.581937305636356483e-01,-2.615429928492420952e-01,-4.118212840788801343e-01,-3.423156313411405138e-01,-3.479805000359699196e-01,-4.195508226584752642e-01,-3.722269821766444609e-01,-1.968844485339694972e-01,-4.414089036939646271e-01,-3.491647998975874190e-01,-2.345478317321220141e-01,-4.500050026490470811e-01,-3.651424243492684130e-01,-2.861193326223047673e-01,-4.824067892196596263e-01,-4.111294901732102658e-01,-3.330403099217394414e-01,-3.772293489052838122e-01,-3.509202127713313968e-01,-4.867147150135509581e-01,-4.193993907335558796e-02,-4.220082609094200077e-01,-3.555131068172808217e-01,-2.248375131287580209e-01,-3.655078892610139074e-01,-9.976354517287357171e-02,-2.473598135117157648e-01,-7.185972521486581888e-02,7.533220374784067690e-03,-1.541043317224666809e-01,1.896520628410816312e-01,9.936085337542244211e-02,1.354772081307495102e-01,2.723864421516655754e-01,2.076339661392048730e-01,1.496222798323117997e-01,-1.224060829354747630e-02,-4.790500691896708296e-02,1.301394402000613792e-01,1.137623465770459460e-02,1.991678332741852187e-01,2.761411245158609806e-01,4.689650215014142254e-01,3.930017231824197155e-01,3.235675164906643975e-01,5.016569409527478207e-01,1.887751131220028744e-01,3.387763107249114891e-01,5.332511643220972930e-01,5.098067841252983401e-01,4.279888572074821984e-01,3.474382278862720441e-01,3.001692153722765322e-01,2.350435120840355663e-01,2.493147017035320101e-01,2.520149732349663552e-01,1.886500422693826173e-01,1.028570344947734964e-02,1.112107039676772380e-01,-6.501598900613540268e-03,3.655157194361587092e-02,2.562385804991782617e-02,3.040943694980086098e-02,-1.367207140082035421e-01,-9.154537485272966346e-02,-1.309412963849309053e-01,-8.170558536921719572e-02,4.868067110030768752e-02,7.117901443709273579e-02,-7.391171231296274000e-03,-7.532205385863710925e-03
-3.774756877597316707e-01,-3.532468607729251087e-01,-3.978244550176954775e-01,-4.105215641052624709e-01,-3.556773941842388265e-01,-3.010088102600683713e-01,-3.968472344923352213e-01,-3.374810226040353411e-01,-3.509744503045962305e-01,-2.507353003362327581e-01,-2.585460862173696306e-01,-4.040281071739444396e-01,-3.952417998962811652e-01,-3.534737948416245001e-01,-2.414650806624167312e-01,-3.096265092784014628e-01,-3.592122713888003527e-01,-2.479535083261790451e-01,-4.354712811058263910e-01,-3.488608993842877148e-01,-1.831116611163544627e-01,-2.377669335880577828e-01,-2.890491495128310606e-01,-4.543224962731794991e-01,-3.568794110524731722e-01,-2.915662563802763896e-01,-3.798902744023281985e-01,-3.076532051583030780e-01,-4.047706186806502848e-01,-2.502852916608607758e-01,-4.147426903063271553e-01,-2.972919296968117298e-01,-3.832057932421428226e-01,-7.251710554336664172e-02,-1.430967620673697371e-01,-2.445887239566325588e-01,-1.250547059905248448e-01,2.393384739019371529e-02,-1.030832669697516052e-01,1.312621572804806291e-01,-1.006817546720291945e-01,1.358791385455725698e-01,7.749998770824502448e-02,2.774514409951843105e-02,6.577552864070837502e-02,1.080366712677146013e-01,6.273954654151428501e-02,1.337387805235740190e-01,2.901763532357317654e-01,1.649393580771374712e-01,2.276506415836812847e-01,1.824595849012578819e-01,3.300449327854649839e-01,3.028343085118717082e-01,3.746421396361799272e-01,3.202185597705838327e-01,3.047272229314600400e-01,3.198174963002544668e-01,4.491309233931717326e-01,4.193863863408600623e-01,2.686923590638157222e-01,2.712706149003004108e-01,2.915507429962412855e-01,2.668349093430631980e-01,1.665127984200036326e-01,3.524273817488753902e-01,2.378743411846208633e-01,2.900981753918017159e-01,1.453971035043698512e-01,-6.255955983775433188e-03,1.833260104476351626e-02,4.929309536321472424e-02,-1.350469093007084231e-01,-7.795554695994208472e-02,-5.688961339387556965e-02,5.090432355994994190e-02,-1.284626164037545593e-01,1.812472206239883477e-01,-1.605748919328843505e-01,-3.834945721435663313e-02
-3.607870362087027272e-01,-3.993100831362008107e-01,-3.442236677301210857e-01,-3.488979809241782859e-01,-3.893360590922822495e-01,-3.186645458173401058e-01,-2.599649147074147293e-01,-4.086523523517591738e-01,-3.113882228559454735e-01,-2.410759781946713032e-01,-4.417109664098988753e-01,-3.967279697418782947e-01,-2.631541689226083447e-01,-3.904571206277559492e-01,-4.009010924988125613e-01,-2.197902007410043879e-01,-4.211785506070533924e-01,-4.636390771699203106e-01,-2.052555040528125374e-01,-2.875764151852909234e-01,-3.425787994846373752e-01,-3.212862179909735105e-01,-3.612843739834966650e-01,-3.670755266471354417e-01,-2.465797173471958870e-01,-4.104877801356828781e-01,-4.661822342761284266e-01,-4.666241823911697062e-01,-4.604778449771669835e-01,-3.684658022914704678e-01,-2.738863162454645006e-01,-4.938580951591877155e-01,-5.235122998637433689e-01,-3.439183612582973892e-01,-2.878908420169040139e-01,-1.595383208529569941e-01,-1.852820676696394775e-01,-8.513623085430088722e-02,1.325120032848936535e-01,2.945838751809018788e-02,1.306088984012119536e-01,1.501312709547622248e-01,3.145825351098992945e-02,3.537485948383203849e-01,1.377419795719422579e-01,8.792373233498267104e-02,2.269203661999837363e-01,7.049195174237787853e-02,6.583138704134691710e-02,1.325326624258006958e-01,1.427684302117492310e-01,2.515465227430092043e-01,2.295799157613370722e-01,3.392977197964279212e-01,7.328156158811825749e-02,3.850358384230587183e-01,2.393053265422131204e-01,3.065193858184323550e-01,3.959882489841755060e-01,4.519805049460092206e-01,4.627792796709987999e-01,4.868543672021845015e-01,2.515311347431365419e-01,3.026679296058487623e-01,2.965684859811608121e-01,1.854347957911930689e-01,1.218192102168118574e-01,1.564809011117503645e-01,1.989275868812110659e-01,7.480773965320104690e-02,5.765162740024988575e-02,-2.179942616324160101e-02,-3.364408379203114030e-02,6.583773727598826730e-02,1.864215049554435455e-01,1.526754375710576150e-01,5.385801184378389422e-02,-8.337805816208326837e-02,-3.858243394019523521e-03,-9.353627985981989579e-02
-3.507991555043108445e-01,-4.236125103147906357e-01,-3.482997018962461500e-01,-2.970631817836447142e-01,-2.366602308337396599e-01,-4.318029201569462128e-01,-4.464545632624687954e-01,-5.261980591819023223e-01,-4.311955113400635087e-01,-3.542132817879897200e-01,-3.228285646817330989e-01,-4.055359850837550462e-01,-4.920646283740717775e-01,-3.294635918096071592e-01,-4.581515468813821546e-01,-3.901879750509220091e-01,-1.722066697489093301e-01,-4.410518754485801551e-01,-2.684537582821864277e-01,-3.834588118753627928e-01,-3.064117478093060787e-01,-4.589899870520192104e-01,-4.375471647591512858e-01,-2.291353649433905404e-01,-3.060912260680173635e-01,-3.485575436903921576e-01,-2.720962565092032159e-01,-4.164749082314032069e-01,-2.492477508918367335e-01,-3.406433403273425031e-01,-1.960626409858987063e-01,-3.270851295956526683e-01,-3.416839598286918189e-01,-4.321653363524210478e-01,-4.414501416672810818e-01,-2.622128669469752649e-01,-6.507035668821822827e-02,-2.119267524533521019e-01,-9.969499228573956706e-02,1.430896067756356749e-01,1.419381763557746590e-01,-4.947056485400070508e-02,-1.016835362406605034e-02,1.016976797195827814e-01,1.458497253786085121e-02,-2.053816042135052367e-01,1.370885012966583383e-01,8.613898330335265086e-02,2.397244731448239796e-01,1.692675004101971692e-01,1.988552989122674974e-01,2.518937075638644219e-01,1.601205112839875211e-01,3.129633279798302303e-01,3.962447632073223258e-01,4.659480533625004472e-01,3.883630289459538143e-01,4.814743394540593191e-01,3.967009481634958257e-01,5.514100663562697680e-01,5.517923111725450136e-01,4.874115168340377724e-01,2.330753114305959828e-01,5.399660919045100593e-01,2.553311038486323903e-01,4.991902779424527981e-01,3.465448549139852896e-01,2.329613067232131629e-01,1.781421970242075270e-01,2.793911186424934412e-01,2.594842839847572025e-01,1.675574117874530922e-01,1.257567742397299425e-02,-1.303678931755155868e-01,1.996589906982657869e-01,9.651549375705854167e-03,3.704008854756490193e-02,1.417222221774483704e-01,-5.563096098863287015e-02,2.494081095905080134e-02
-3.765650060511172570e-01,-3.451462482540158527e-01,-3.595072781815111806e-01,-3.053545217620431962e-01,-3.535007517754076845e-01,-3.659309088936837373e-01,-3.589947527841076957e-01,-3.782343352640863965e-01,-2.539372292166626743e-01,-3.452747154787402795e-01,-4.139259204063925335e-01,-3.086738456725184876e-01,-2.946052283840686625e-01,-3.479809979758163863e-01,-4.182619379902642875e-01,-5.484520846454071785e-01,-2.408783458306057723e-01,-4.388517662825586751e-01,-5.247367121396101508e-01,-1.676243102923881123e-01,-2.869351848236124103e-01,-2.988466879178334756e-01,-3.665179094767835877e-01,-3.757756569937656388e-01,-3.863988035311164415e-01,-3.123056092207008305e-01,-3.468973970617791336e-01,-2.937059356528445853e-01,-2.132579668307479637e-01,-2.713722291062763414e-01,-2.952427204666741578e-01,-4.059280770426731966e-01,-4.280740780617500740e-01,-2.460717707740391613e-01,-2.871123194833042902e-01,-2.717682667742007951e-01,-3.061905318361948791e-01,-1.562534722708555368e-01,-1.585466381308783534e-01,-3.970128405197096561e-02,3.664459193632550738e-02,2.395914625345820781e-01,1.479912385409901110e-01,1.945434617356490425e-01,7.312461044816466471e-02,2.602724523551168678e-01,7.478068731980064276e-02,2.037652026548722184e-01,7.744939442882141367e-02,1.678968563998678165e-01,2.406258771348608883e-01,2.773090821421179686e-01,3.185446611792360772e-01,1.512632727050554349e-01,4.659544293147040439e-01,3.058046881234315340e-01,5.051047366392802385e-01,3.777926989408108005e-01,4.589407739880956294e-01,3.259104726887548376e-01,3.869558149427393401e-01,4.464627014445671227e-01,4.270651347438316203e-01,2.962472206276331455e-01,3.791926937198486502e-01,3.349258217812280947e-01,2.393873862791868479e-01,8.038572911797274567e-02,3.062135875323236389e-01,1.677649593471590705e-01,8.858204282326738455e-02,2.710009569051944345e-01,1.904959648860819754e-01,3.377660836635126840e-01,2.822603761759782601e-02,7.164983714634114154e-02,9.599761841035245324e-02,1.853858024540843141e-01,1.606551171738498651e-01,8.570906664844700484e-02
-1.847420292116757623e-01,-3.424826341214052272e-01,-5.113238437205215314e-01,-3.603015298171277081e-01,-3.323750008917533139e-01,-4.664739654270771974e-01,-3.911049655105364176e-01,-2.813222246131835691e-01,-3.543706830156423959e-01,-2.719040875932110524e-01,-3.367523711923544050e-01,-3.711337099963498698e-01,-2.981601925183072210e-01,-4.302521479479169408e-01,-4.081404413168719936e-01,-2.714591557397383892e-01,-2.690775978820350023e-01,-3.703816377586686692e-01,-5.312574433090506698e-01,-3.269754126542294137e-01,-4.495117274822996167e-01,-4.545823422663719526e-01,-3.785662683711859544e-01,-2.637118297542417888e-01,-3.429378016112078487e-01,-2.760220707187586719e-01,-2.778126696805440221e-01,-4.332510358086805180e-01,-3.045384668010509555e-01,-4.912043681301966336e-01,-4.890179020282517386e-01,-3.068952134487303307e-01,-2.929772778672609101e-01,-3.283320122168070787e-01,-3.642144579299838592e-01,-3.332052279503824321e-01,-2.731998783805418274e-01,-2.070737823007369471e-01,-1.812988315510669635e-01,9.002413619295272784e-02,5.783415884277639391e-02,1.181221135858760984e-01,-1.243345102660039191e-02,-1.489612571224292192e-01,-8.234210499973375341e-02,4.354826854256380747e-02,1.575380870283713264e-01,1.461304528307241501e-01,1.603891545134362995e-01,2.897410318426761888e-01,1.565833913263794119e-01,3.525039707889495721e-01,4.062433768911068999e-01,2.390178574376542742e-01,2.372910668878597251e-01,3.926669240798080218e-01,3.686485859058448722e-01,4.839153725524021343e-01,4.721131829656086132e-01,4.440265100813054477e-01,4.155328343636807142e-01,5.064862337217713728e-01,4.896490158300034756e-01,6.031331509393387247e-01,4.468365115163525081e-01,3.788297738972404294e-01,3.090957129732361808e-01,2.273793970523046992e-01,3.526851437853304461e-01,3.439359917226083585e-01,2.757714397303285825e-01,2.706873597957019650e-01,2.369940103775174112e-01,2.012603380231081374e-01,1.487952582427590487e-01,-9.961371095107193763e-02,-1.349247885762724086e-01,-1.700446498844752907e-02,6.816310475783350642e-02,-1.209965914809428694e-01
-4.365036764662640345e-01,-4.583907310375788802e-01,-3.398746875798971945e-01,-3.274482419857367987e-01,-3.643333631865323108e-01,-3.987468586459949615e-01,-3.770955500998866561e-01,-2.651810196712890422e-01,-3.034694387379671676e-01,-1.726732022564562430e-01,-3.429970680537453021e-01,-3.265349519575452275e-01,-3.039778189144868303e-01,-4.682622865851083782e-01,-5.151237517249342979e-01,-2.374593814135917413e-01,-3.037389944751174298e-01,-3.113957509129506307e-01,-3.903166891519481707e-01,-4.389698548313300530e-01,-3.177383823133917984e-01,-2.823347740833651587e-01,-1.854161519736624575e-01,-1.074240687707022912e-01,-4.647263018251287514e-01,-4.156936540278077796e-01,-4.949204185843653070e-01,-5.003823929388625524e-01,-3.587133009320713217e-01,-3.301531217470910495e-01,-3.083942552182501462e-01,-5.231925176616063489e-01,-4.522406138105367068e-01,-3.825967986062707715e-01,-3.156592744465651079e-01,-2.303180799311454752e-01,-3.886638215781076378e-01,-3.419602462585628055e-01,-2.306720610086206991e-01,-1.822864458372352725e-01,2.155940283510730804e-01,-5.708120587130440654e-02,-8.435037666496456032e-02,-3.039077808293209199e-02,3.402425438182130057e-02,-3.762839238832989546e-04,1.359816801572320544e-01,5.964484654374205969e-02,-1.017640310201255310e-01,3.136877113296568376e-01,1.809810573731761851e-01,2.859979828391051027e-01,3.278768543717169859e-01,3.420358200932470671e-01,1.715275536850544014e-01,3.126140558482671805e-01,4.828584707617510907e-01,5.068807693342987086e-01,2.738769287406231379e-01,3.370947463725594839e-01,3.391773167651286891e-01,3.813926504219470881e-01,4.000069770207430597e-01,5.065172228958946254e-01,4.698842232916040085e-01,3.195284774063877342e-01,2.179252510686490729e-01,2.807353410206482325e-01,2.440796583174170142e-01,3.214622031453019946e-01,2.805077601827543066e-01,3.274236042779473110e-01,1.662248205666896905e-01,2.399162721964138711e-01,2.667718013603739835e-01,1.085290802157723583e-01,8.304020891860020015e-02,1.027447128944672661e-01,1.720760104016248737e-01,1.406671210237360123e-02
-2.521887619570631900e-01,-3.583049600312036564e-01,-4.323323901381270762e-01,-2.984398759562677528e-01,-3.546210735055678742e-01,-3.417702520122677945e-01,-5.317916711726997647e-01,-4.523892682224757156e-01,-3.939772201399384111e-01,-2.662606251902240873e-01,-4.567439334893264591e-01,-3.134369842413622376e-01,-1.818569361468612700e-01,-3.892789767404581935e-01,-3.340455345049223590e-01,-2.906412248808233900e-01,-4.213196465775480015e-01,-4.263326749496677004e-01,-3.054926978831597473e-01,-3.152726135388046469e-01,-2.978327177628126710e-01,-1.455660321745983476e-01,-3.202273193858127809e-01,-4.233304088901175821e-01,-4.068528226144414450e-01,-2.304605646031436250e-01,-3.021670080961903482e-01,-3.791089688299764671e-01,-3.279125742156533962e-01,-4.904252772969034946e-01,-3.412045868864981291e-01,-3.804906446045198121e-01,-3.540954218482845750e-01,-4.982757506724396768e-01,-3.557637409782481996e-01,-2.769873340309445542e-01,-1.934107060516867815e-01,-3.388663600855015834e-01,-2.888961295193801515e-01,-1.806005721212575743e-01,-1.761631952758580533e-01,4.025204358275107780e-02,8.655306416448607654e-02,1.138486556246294870e-02,-4.996205799492783872e-02,4.658743121856798869e-02,5.528457529137933979e-02,-1.177254960618855442e-02,1.357789302878741611e-01,2.771751546380498143e-01,1.305214777385340919e-01,3.874444846128565212e-01,3.769141326451397878e-01,3.445851523115991966e-01,2.415758310817564258e-01,3.850924729548734216e-01,4.082707651122330916e-01,3.236681340335987866e-01,3.325574610338865034e-01,2.422056970138041776e-01,3.818094427754650799e-01,4.359963916042584042e-01,3.622401880987551337e-01,4.716494262829070694e-01,5.808780750126728565e-01,3.843279314917266709e-01,4.619614496822438965e-01,3.704203482375740819e-01,2.312493367413799572e-01,1.687679578965397276e-01,3.147367107177687640e-01,2.258459540127994158e-01,3.017755162771129096e-01,3.491531392625087382e-01,2.824743992939789394e-01,2.559330638733004482e-01,2.470776373460145947e-01,2.906030453518229084e-01,-9.523498069744112948e-02,-2.531843443735725674e-01
-3.899890943761533668e-01,-1.872425097902498115e-01,-3.977876607005879639e-01,-4.247686393112398151e-01,-3.430095066199664311e-01,-1.421822425148372704e-01,-2.483693803417598156e-01,-3.055779769080587127e-01,-4.041167240379109904e-01,-3.193322672790930294e-01,-3.676976344491215132e-01,-4.022585899320184621e-01,-4.615240303880064343e-01,-2.479353686690426994e-01,-4.224785748357350323e-01,-3.062860951685574262e-01,-2.786118420942448326e-01,-2.844441441730065634e-01,-4.181732776889008352e-01,-2.984080530202793957e-01,-2.463018401782170463e-01,-3.502420152669023512e-01,-1.657268954330252120e-01,-3.548987909292397602e-01,-5.464260863382613964e-01,-5.529178323208026047e-01,-2.989798325236561749e-01,-2.601038010657388266e-01,-1.717847224572775222e-01,-4.950966249281920639e-01,-3.022189038228048630e-01,-2.528941633698382208e-01,-2.239288439702673827e-01,-4.318549782158134787e-01,-2.202938083008219583e-01,-4.257393752143578403e-01,-3.381046964015862466e-01,-4.848540836687498801e-01,-2.969562428946376231e-01,-1.729146114551051161e-01,-2.515401088170306498e-01,4.469106947427733262e-02,8.238690804970030812e-02,3.485214888068371292e-02,2.814755183948275397e-02,-6.838887341946314757e-02,1.857427867841226210e-01,-5.375421547401697947e-02,1.700897055220114765e-02,5.349960769494343377e-02,3.451866003238075464e-01,2.950828167512459244e-01,2.465643247304597496e-01,2.900786693133964866e-01,3.177739899271004309e-01,3.207863193369278609e-01,3.165005244446099097e-01,3.351352238781879489e-01,5.648590241085182928e-01,4.479459812040656463e-01,3.446066051089222149e-01,4.196642394353153338e-01,4.010049531438950043e-01,4.117102581243917148e-01,5.118850332906185185e-01,4.175813985086130331e-01,5.316996672127068946e-01,4.271094501843194502e-01,3.802462453279504273e-01,2.871166842301985933e-01,2.679506031152231738e-01,4.033971962325859639e-01,2.845461525448166329e-01,2.766950678546529208e-01,2.823467899624582111e-01,2.167926789369304386e-01,1.863533754011305055e-01,2.418751033303956355e-01,9.609358446412233704e-03,1.158285869045089650e-01
-4.399977584824409926e-01,-4.015594426528482086e-01,-4.991540242527153226e-01,-2.966984190278915134e-01,-4.296192526075168772e-01,-1.550630456142908509e-01,-3.361336678137339384e-01,-3.059491035083988231e-01,-2.535724692851429318e-01,-3.930951209072860442e-01,-3.072002217338433705e-01,-3.652461032681202369e-01,-4.439865345534130259e-01,-4.062534095422736247e-01,-2.084760860958216611e-01,-3.732465203676528787e-01,-3.767279415365060169e-01,-2.137776461783674475e-01,-4.749780306033591359e-01,-4.402603197606659857e-01,-3.595811304599428881e-01,-3.444886974797327639e-01,-2.376264631978600994e-01,-1.874882480653000671e-01,-3.820420744414291803e-01,-4.265555126517856510e-01,-4.001818789876920857e-01,-4.487943101425804771e-01,-4.437148520284354136e-01,-4.191362436553413007e-01,-3.747823744311719052e-01,-2.620645748444268008e-01,-4.851238579674163609e-01,-3.491064075876211259e-01,-4.293363899845737963e-01,-2.332533048447920643e-01,-3.511738319878293657e-01,-2.645247665721499053e-01,-1.318164197285723593e-01,-3.228938316971248224e-01,-5.032165828873982893e-02,-1.026787015114566243e-01,-7.075619711910716148e-02,4.267248896082691083e-03,-1.268409680476181300e-01,-2.038594237804318074e-02,9.775431640283702150e-02,9.725550428858817376e-02,8.730015301377617998e-02,2.861451378927838407e-01,1.116036078345134103e-01,3.061679286855841231e-01,2.446484822507518642e-01,1.546725021871443173e-01,2.809896772723776137e-01,2.993306138679110995e-01,2.930582163411290519e-01,4.854216712871479711e-01,3.209674804609107257e-01,4.990035901781151861e-01,4.120271250169895150e-01,3.659954047135751676e-01,4.008876893469796587e-01,2.288831905184604276e-01,3.692157856703735530e-01,3.385372780307084328e-01,3.035164581255800909e-01,4.268714967289355955e-01,4.298914882357994793e-01,4.631181184465412159e-01,3.217859678648879451e-01,2.658552299066271329e-01,2.907972075135904499e-01,5.082048923049854450e-01,2.837717181036207292e-01,3.383920223268021554e-01,2.491047717659614358e-01,3.089076238441173516e-01,1.365164055716918401e-01,1.096616705423253957e-01
-4.978396809962847835e-01,-4.267441720399542948e-01,-3.723486847551341072e-01,-3.710055791378241152e-01,-2.516660668001404755e-01,-4.262860046981423734e-01,-4.962021157254048465e-01,-4.568082723185475369e-01,-3.836067223898091405e-01,-1.897713733563110294e-01,-1.971272567716558233e-01,-2.404966804172517236e-01,-2.970260710733914622e-01,-1.655259788050416070e-01,-3.132869891269784435e-01,-4.079976189853861124e-01,-3.065525480959490623e-01,-2.866164379024507269e-01,-3.210834996710920652e-01,-4.344075298051581213e-01,-3.412048520850827771e-01,-4.464470282959749903e-01,-4.123154571866873841e-01,-4.460636334024739025e-01,-2.739881084988387006e-01,-4.000154914300184661e-01,-3.610450642307673763e-01,-2.408819275696909290e-01,-4.087739677368645297e-01,-5.107189837819251510e-01,-4.702387100451634327e-01,-3.317910507181056068e-01,-3.095143108488002670e-01,-5.113827778077262298e-01,-5.237499084575366615e-01,-3.789867565551173212e-01,-4.417814371132187667e-01,-3.720297562586550866e-01,-2.603797711271784165e-01,-2.383288706518858768e-01,-3.182648620745164858e-01,6.486065246805244877e-02,-2.639316658629711765e-01,2.063984910735107980e-01,-9.111722325313643955e-02,-1.716004292723687652e-01,2.197558373873186588e-01,1.109844296532595392e-01,1.881965731764033700e-01,1.114202221593344755e-01,4.775807534166114782e-02,1.457200252153307597e-02,1.626403891301140270e-01,2.230989293389005479e-01,2.766560269122927962e-01,3.439029985043469129e-01,3.629368636852753904e-01,3.784490472141716633e-01,4.383821635751387058e-01,5.175211841228065657e-01,2.216930395194871839e-01,3.738013217908041086e-01,4.345205413324997323e-01,3.158701039426421442e-01,3.267096800953129265e-01,2.957472172217009421e-01,4.238286470230806513e-01,4.022509022586364114e-01,3.514458944882862812e-01,5.754836044377121818e-01,4.408250194834187896e-01,4.281398169953367083e-01,3.040052353833257448e-01,4.206731492681207163e-01,4.303120166181709783e-01,3.947224076647432023e-01,2.857922235750107731e-01,2.299206824362122203e-01,3.300479439396956649e-01,6.589281519947347288e-02
-2.701426421947775158e-01,-4.103729133742726187e-01,-2.944059456891414683e-01,-5.065052289871430080e-01,-3.971825035416116645e-01,-3.431102529990379124e-01,-5.341470973674148359e-01,-2.916187951339079820e-01,-3.242980358233369942e-01,-4.469795564342529670e-01,-2.804616043073849263e-01,-3.563436719624318294e-01,-3.603807818959991471e-01,-3.773687267529483580e-01,-3.259467265664468538e-01,-3.690803036588782837e-01,-4.005768023393680988e-01,-2.615358995844352941e-01,-3.604042805758975176e-01,-4.035049871767411589e-01,-3.809273650900157349e-01,-2.000988833648314758e-01,-2.274810784073233727e-01,-3.415330104852009607e-01,-3.866418292843091242e-01,-4.691549577828016959e-01,-3.895304500535747838e-01,-3.406098453300768214e-01,-3.812684028639414247e-01,-4.680212352430339062e-01,-2.808600899978092591e-01,-4.242853026678493622e-01,-1.697126661104028933e-01,-4.140621411432744980e-01,-4.190353521306349194e-01,-2.859790126227252927e-01,-2.199342736671238419e-01,-3.612854729821021182e-01,-3.122651629729246148e-01,-2.794509764803008167e-01,-4.135063036229981170e-01,-1.382760087007185446e-01,-1.801186887502664036e-01,-2.484464026297305284e-01,9.341404966723572401e-02,5.750731068870749280e-02,8.266246551239411766e-02,1.272376336743660796e-01,-6.722026232603210000e-03,-1.378250953429011744e-02,6.974629695673290226e-03,4.992869829722116487e-02,2.807787423054953768e-01,2.352714024170928508e-01,3.770850896139431030e-01,2.512066233129359172e-01,3.175811815136109217e-01,2.537498354035599979e-01,4.315926987067563170e-01,5.091325878851196141e-01,4.395664887220987471e-01,4.337247603782190541e-01,4.523233149407117071e-01,4.249912282238134109e-01,3.840766317172162325e-01,3.967687389320294078e-01,4.758232844727098843e-01,4.842070718479253300e-01,3.821585010139518790e-01,3.853029043047041524e-01,5.104312274257162274e-01,3.007586805356430859e-01,3.799777662643115672e-01,4.418275160697657800e-01,3.980135055082738571e-01,3.408977024261938826e-01,3.615366902869376897e-01,5.146272643082281384e-01,3.687417944100336853e-01,2.658469642171284453e-01
-1.144644489877637006e-01,-1.853715203105248677e-01,-2.638996958971717710e-01,-3.485532519850943478e-01,-4.627828822712212742e-01,-3.679076549912234095e-01,-3.559277574891718254e-01,-2.457608049473301304e-01,-3.754518738809465295e-01,-4.146333250660251268e-01,-1.670353981287794887e-01,-3.664974361448203877e-01,-5.015852559549403011e-01,-2.373302340774084696e-01,-3.847938887476072822e-01,-4.046904091074187138e-01,-3.076791429780657006e-01,-4.706679381596636791e-01,-4.779596218915383443e-01,-3.201046413888313791e-01,-2.965241047985632261e-01,-3.464485319040858657e-01,-2.035753353957808487e-01,-1.727143144980214651e-01,-3.444950397804428799e-01,-3.086951811581390981e-01,-5.097580417020405319e-01,-4.898072537382670011e-01,-4.946432520750914108e-01,-3.474259565555772866e-01,-4.421082090879980275e-01,-4.427636987668409074e-01,-4.949576779970855100e-01,-4.330046219639489546e-01,-3.276538944294580258e-01,-2.042956932095771616e-01,-3.884246603226389483e-01,-3.629495164659427009e-01,-3.842649261865221932e-01,-2.856810176932063072e-01,-3.719046068074255418e-01,-3.139018943900928060e-01,-4.212534198469857771e-01,-1.008551830474466032e-01,1.133873769130249037e-01,-4.675885505158738908e-04,-5.276198794966384387e-02,7.296625021028317615e-02,-9.398493718112438389e-02,5.055508064728237577e-02,1.398544774478468755e-01,-2.934687718560105227e-02,9.753893980013887688e-02,1.517099085027659965e-02,2.295389073489737253e-01,1.754159846822629376e-01,3.588334175531115444e-01,3.734151924689869118e-01,4.995710188284832598e-01,4.196723481820155421e-01,4.649415726622985190e-01,4.386445003632319373e-01,4.117860348432316742e-01,4.449086784369663539e-01,3.760304347225772448e-01,4.617723585435194456e-01,3.501529067387613159e-01,3.601046151500174042e-01,4.090898202021772678e-01,4.837602308669478601e-01,3.963600641710821049e-01,2.654603426159345969e-01,3.040368806604383800e-01,4.993832818420192998e-01,3.375048576312040804e-01,3.552047109783947887e-01,5.573062067970525613e-01,3.588912346246985186e-01,4.998540360840256769e-01,3.661504234277806469e-01
-4.350373134821451382e-01,-1.664852256365513539e-01,-3.670067408453916991e-01,-4.223850518872387383e-01,-2.778440412069770882e-01,-4.705753618215907652e-01,-3.033160906865217665e-01,-3.055354905688152933e-01,-1.623440609696175374e-01,-4.728820626539750327e-01,-4.282126630093784914e-01,-4.261735662901861565e-01,-5.755861337869032646e-01,-3.117358995946684641e-01,-3.851203506683568700e-01,-2.220458338692723743e-01,-4.600702247678592482e-01,-4.500734874958973730e-01,-3.884437114329045149e-01,-4.090844912596441341e-01,-3.093252351721901827e-01,-3.906983269229810096e-01,-3.656480605451258858e-01,-3.653103942535690929e-01,-3.919551678635832537e-01,-3.338019383726557598e-01,-3.547845060865090772e-01,-4.526141908351972165e-01,-5.049454884518100872e-01,-2.919401888803495604e-01,-3.633411681310682040e-01,-4.100066529037063034e-01,-3.704678375413852920e-01,-4.288215356663732103e-01,-4.636731658083710905e-01,-3.953137273900935167e-01,-4.118406814135800453e-01,-4.574326917536341019e-01,-4.815537305236627375e-01,-1.878930223447453918e-01,-3.568807095566851606e-01,-3.452109328601848381e-01,-3.597830830802249968e-01,-1.722631167687090903e-01,5.044568054761203874e-02,2.142173269433043578e-02,1.545663605713990252e-01,-1.511460702472982275e-02,9.483211164818768080e-02,-5.523794575359306652e-02,2.914756307853603179e-01,-8.976276620194556521e-02,2.251668471706600727e-01,1.312997249165260005e-01,2.946499111881438759e-01,2.598362580324539706e-01,4.238347016874289830e-01,2.137167068614229393e-01,3.280927702158384918e-01,2.492752377681003162e-01,5.931867126391586753e-01,4.406921331968700062e-01,3.340383524741702415e-01,4.576501992518442474e-01,4.621164132001214231e-01,4.396917397865708343e-01,3.470973236526129768e-01,3.370785909436776473e-01,3.925096641241761497e-01,4.770625257751618387e-01,5.151691292245300646e-01,5.329313038834819771e-01,3.956003498833213783e-01,3.193786790772924489e-01,4.525030405725706251e-01,5.212562395788225000e-01,3.321062588081239997e-01,4.141282391506578286e-01,4.122616576436313185e-01,3.775444686214906032e-01
-2.854503215985276232e-01,-3.516479601079733341e-01,-3.657392226257970558e-01,-4.967520961854532402e-01,-3.553352589477219992e-01,-4.036015533011602097e-01,-3.532244046838887708e-01,-4.786946298416901446e-01,-3.844940411633241406e-01,-3.076120857029779887e-01,-4.086996138872677209e-01,-4.782490646161068337e-01,-3.162400238708252820e-01,-3.138429515364862810e-01,-4.025985652191719222e-01,-4.540663460431197396e-01,-2.543189243574222047e-01,-4.004800848296707350e-01,-4.699828524476891700e-01,-4.845421438942901782e-01,-2.077140421813239990e-01,-3.903019733964439575e-01,-3.807907058696892166e-01,-3.429276113328559861e-01,-4.323311625470553365e-01,-3.663142034626908350e-01,-5.423803208800914710e-01,-5.605258693995170960e-01,-4.356451816013625078e-01,-3.450820989136604289e-01,-4.101623074762939525e-01,-6.064451677953998088e-01,-4.425334863473271985e-01,-2.934039134887985734e-01,-4.194050087752699829e-01,-4.259023983750876985e-01,-3.161851737436384702e-01,-2.723093288994593020e-01,-3.635368770047655018e-01,-2.950331561985694018e-01,-3.036318956284280168e-01,-3.564236411714466479e-01,-2.050868700903906439e-01,-1.504078676248606083e-01,-1.089432908401360284e-02,-5.859782337804400609e-02,-1.994067886028005610e-01,1.915117805100821358e-01,7.246006585227018904e-02,3.390606946871176086e-02,-1.917542001201122392e-02,-1.605583545720735278e-02,2.301327703934767377e-01,1.389661271190105463e-01,3.694508948401445392e-01,3.639478952123721966e-01,2.146258713057515310e-01,2.970021148633708585e-01,3.686488150413879117e-01,4.198489111888674130e-01,4.532635908442302908e-01,4.780720434506879335e-01,4.135344320179404343e-01,4.363590189786826778e-01,4.579241829459378410e-01,5.130715889571130228e-01,3.372274229718143501e-01,3.775440377240915635e-01,3.979016785797842015e-01,4.074125040666533026e-01,5.001814389061831623e-01,4.138063381084745584e-01,4.188182640995760653e-01,4.262514268727264355e-01,4.069956539021520325e-01,3.049151568963985870e-01,3.694543836789797586e-01,3.932471023828064127e-01,4.840509871121111418e-01,4.056475018487585293e-01
-3.321352273936850619e-01,-3.806342356010735117e-01,-3.864757270886734486e-01,-3.571320929293442803e-01,-3.821549652989893464e-01,-3.154209271325186248e-01,-4.695596315799059894e-01,-1.990752317811068650e-01,-1.906312130168359431e-01,-3.596862989752734885e-01,-4.733721308046900389e-01,-3.451828122034989454e-01,-2.596981474710439719e-01,-3.502839246386747485e-01,-4.927469904772482368e-01,-4.750266424459718695e-01,-2.891721629650515490e-01,-4.663588014083964173e-01,-3.393524551428069302e-01,-4.334285075527992692e-01,-4.454932159526905910e-01,-3.395535991891052152e-01,-3.770994461529817987e-01,-3.115428558181152496e-01,-3.901049609612932678e-01,-2.827405820830777849e-01,-4.759381833513973703e-01,-3.672375190167525005e-01,-2.495598959229363145e-01,-3.461988927473800270e-01,-2.911825690607841022e-01,-2.758567169908419658e-01,-4.877052882687442636e-01,-2.928138369256744755e-01,-3.607195332756656936e-01,-6.023704803399880792e-01,-3.806465288466019947e-01,-3.725530392531924972e-01,-4.411099015254691946e-01,-3.358910625166936503e-01,-2.870953134239517812e-01,-4.070329969992134145e-01,-2.420027738067022094e-01,-3.036511101641524157e-01,-2.140782981012519515e-01,-4.041184150695072488e-03,-9.322006880020024255e-02,1.235523345524453392e-01,7.392170969037828443e-02,2.307048499462822366e-01,1.264095224698670306e-01,8.098181851694281896e-02,-2.877522502633720128e-02,1.679822386968974901e-01,2.867694495294310641e-01,3.038741177197755161e-01,2.419962237998836696e-01,1.211727508897278566e-01,2.665927311929932597e-01,3.432620454908115737e-01,4.896809415728053949e-01,3.331945079760712525e-01,4.406604839442758159e-01,3.194646714282236011e-01,4.906066466775828583e-01,3.941882843101887079e-01,2.778778720368302313e-01,4.197596594707300732e-01,3.877990104303761787e-01,4.708611523242406394e-01,3.188175526797229486e-01,4.590164604857152053e-01,3.548111300122888667e-01,4.912652485708449146e-01,5.521926479295468093e-01,4.358731042925069743e-01,4.539916820870102954e-01,4.806351658953039729e-01,3.853246207187158157e-01,3.726709700296905181e-01
-2.310005578220564459e-01,-3.409704374312563235e-01,-3.938909227318653228e-01,-1.732592243675746269e-01,-5.198877375438293313e-01,-4.538583575430930050e-01,-4.807416655159432173e-01,-4.032151291647811941e-01,-4.239765472207964736e-01,-2.519312455631333991e-01,-2.942703564189706467e-01,-3.558222554803437965e-01,-4.595066585669370096e-01,-3.370928645262662449e-01,-3.990122366906678764e-01,-2.660857680239391287e-01,-4.237099786146726332e-01,-3.200510142951434323e-01,-3.335588060668955301e-01,-4.670617002901379378e-01,-4.605373844484285661e-01,-2.601226623046230535e-01,-3.698580291359557792e-01,-5.189078457235550834e-01,-3.962976325137346212e-01,-3.998249325957530798e-01,-4.265943054182593230e-01,-3.457891180753637217e-01,-2.663568287733937279e-01,-4.198957440655324280e-01,-4.930126565708743414e-01,-4.118170614104909033e-01,-4.783137236439402029e-01,-4.193064689470730744e-01,-4.856035240435043199e-01,-4.044021644519857905e-01,-3.816998298211434215e-01,-3.879317234773325129e-01,-2.848417930703976420e-01,-4.784737656947104512e-01,-2.137403942016338765e-01,-4.113891894657873416e-01,-3.655817197578588584e-01,-3.111314763456954346e-01,-2.416655247369142723e-01,-2.448805135120145082e-01,-2.474445637518126184e-01,-6.941774223967549229e-02,-1.700452190006102315e-01,-1.437916190125816500e-02,1.508033828223576123e-01,6.136008616496781837e-02,-1.040569571594713166e-01,1.741542344473582804e-01,7.762818375668026349e-02,1.911813376553891108e-01,2.664026154839692073e-01,3.006664405029437770e-01,2.657140505643583728e-01,3.320792080954033110e-01,3.966761073609976207e-01,3.349434739179940057e-01,4.916869824237080633e-01,4.615140671524135541e-01,3.988743150705787444e-01,4.487257589795739521e-01,3.243006248807205338e-01,4.477030828370969773e-01,3.389987473480609026e-01,3.317652144992483954e-01,2.550687251537063771e-01,4.251389899901028002e-01,3.450102413233835930e-01,4.519101727748657260e-01,3.768085031845824218e-01,3.107904181373744024e-01,4.711389986176042766e-01,4.575695882161996964e-01,3.593053956029944596e-01,3.817095375166324467e-01
