-6.036385335816348841e-01,-8.518508767602129828e-01,-8.500753289651061806e-01,-8.279417755778795129e-01,-8.086935555907721618e-01,-7.967063780879184431e-01,-7.944269156822830746e-01,-7.700216404903219569e-01,-7.704180897880645862e-01,-6.730269827033766861e-01,-6.525464544926458110e-01,-6.990716635484972574e-01,-7.323959500811282330e-01,-7.290004642149071623e-01,-6.451586883337552258e-01,-6.346051966481648376e-01,-6.328456641883892786e-01,-6.750524414641091431e-01,-5.791234987377118504e-01,-5.482401093585106411e-01,-5.106983198097855281e-01,-5.027061115721106477e-01,-4.673254868883796598e-01,-3.907700963013536755e-01,-3.608852463322011483e-01,-2.747866272840164270e-01,-4.795895734699517909e-02,-7.100283063264468952e-02,-1.363781609666357142e-01,6.860936034582036658e-02,-8.304902752287265932e-02,4.711751143094992586e-03,6.319924610873044191e-02,1.956287252627158524e-01,1.622507450846008281e-01,1.185468625532920817e-01,2.078757368785326132e-01,2.275836685997677522e-01,3.034196287240596979e-01,2.049282202055114077e-01,1.719560461712504873e-01,2.249266861804784801e-01,1.764598869443280149e-01,2.535305144901459085e-01,3.614511356546764032e-01,1.983439843497599442e-01,3.095529455686601983e-01,1.942979364200943804e-01,3.824931361202102420e-01,3.546870238354510319e-01,2.483592578758462566e-01,2.198824256329482141e-01,3.394495377131191982e-01,2.955510324189734583e-01,2.659895624174543061e-01,3.488816202690833146e-01,4.882774823344773196e-01,4.505050976189945988e-01,4.458009260423786979e-01,3.673268866683211953e-01,1.726106181615197910e-01,2.056294629609310698e-01,1.824677345660382366e-01,1.555695719942675470e-01,3.631067200476194301e-02,3.169038215283886961e-01,2.221111522353396983e-01,2.618125047044951859e-01,1.975655860662853813e-01,2.422980956351709347e-01,4.076316027931148889e-01,3.984559857058571075e-01,3.762128430161923998e-01,2.977300809778593016e-01,2.592220061142025411e-01,2.257627714924473894e-01,1.952294609548842486e-01,2.100173581895527219e-01,2.960859599352401728e-01,2.321374718162790285e-01
-7.906399298157761324e-01,-7.499051217204372177e-01,-8.042101109319934604e-01,-8.740075885740338224e-01,-8.609354953813350697e-01,-8.381268042363014814e-01,-8.144770821169514674e-01,-8.036881031311053913e-01,-7.911366792918864688e-01,-7.773053407132135550e-01,-7.694504168219230555e-01,-7.591465166490994898e-01,-7.567728745820982983e-01,-7.303759845910645643e-01,-7.137592966061531152e-01,-7.092819981823434983e-01,-6.866511129630855637e-01,-6.636164270579028024e-01,-6.318357363066653409e-01,-6.154974706359318537e-01,-5.696678759929986180e-01,-5.357215858598307623e-01,-5.012816673746888219e-01,-5.643288857273811576e-01,-4.927800919984367534e-01,-4.362825650721907644e-01,-4.039363966953590235e-01,-3.344780616617396007e-01,-2.313959379750243628e-01,-5.051670667552009969e-02,-9.774130607083049427e-02,7.830388488737552444e-02,-3.518253298625132613e-02,-2.263839071548713264e-02,8.494187348165528617e-02,1.699773852637885829e-01,4.557050400910010041e-03,1.673553016229421264e-01,8.487748998657239363e-02,1.720374489990057765e-01,5.145204988452953265e-02,2.152545716084326155e-01,1.945962067141194796e-01,1.057874526843162466e-01,2.217732935068971456e-01,1.568876801837762180e-01,2.462179078712880831e-01,2.287660976528510248e-01,2.675335717334016983e-01,2.424376606386247357e-01,2.215237574691559241e-01,2.313388675670145223e-01,2.876266872864747248e-01,2.317478531884434867e-01,2.727151321699259889e-01,2.269120551929146024e-01,4.434747965619273424e-01,3.164648310059179903e-01,3.965906496353116539e-01,2.606530191201623659e-01,2.644521947511945248e-01,1.536140740950210637e-01,9.908534002251637163e-02,1.286350532799381829e-01,1.664211209610382269e-01,1.600458049956405837e-01,1.737515293354492674e-01,9.379475848582762010e-02,3.800632474991913479e-01,2.703660743225700380e-01,3.165927945696103141e-01,3.459410372989671911e-01,2.177420079331066349e-01,2.942965422401118136e-01,2.870060041242152304e-01,1.794059174557270653e-01,3.269515898960365097e-01,2.480487587021952267e-01,2.441536412964968039e-01,1.489478830383141605e-01
-8.067289240563952912e-01,-7.245199150587768866e-01,-6.541397039448085815e-01,-8.645323063213304904e-01,-8.506727915428161646e-01,-8.444897975377071431e-01,-8.456174678969463621e-01,-8.257623312534091431e-01,-8.205823144594276419e-01,-7.995225233152681854e-01,-7.845711850474305082e-01,-7.740830549247724734e-01,-7.570475792132393966e-01,-7.454833846925815743e-01,-7.380748969714694407e-01,-7.174234453713904669e-01,-6.924151558834044096e-01,-6.954504429621917172e-01,-6.570268762053975697e-01,-6.448333186706010078e-01,-6.663033393773712953e-01,-5.800750468462321230e-01,-5.809927399536148895e-01,-5.814329445738708468e-01,-5.796529543725595923e-01,-4.775449588645119814e-01,-5.176891313203169087e-01,-5.011622361938371517e-01,-4.307884862839678752e-01,-3.488896031982375301e-01,-2.632400846693542795e-01,-2.075342955376162923e-01,-1.394229243567534915e-01,-2.243563549806887880e-01,-5.117574471664109587e-02,2.540948318167147307e-02,-3.137343102099798137e-02,3.582871024493614054e-02,-2.041113525989235455e-03,3.818164077020823072e-03,1.382894005539577198e-01,7.219278204727391790e-02,3.224808768121241453e-02,5.723564302031478729e-02,1.762991973853696437e-01,1.803709097683285634e-01,1.165204368626408943e-01,2.200101640354917565e-01,9.439131486965210427e-02,1.790943894806540926e-01,1.525427114443648757e-01,3.289448064162553975e-01,1.971158459540419960e-01,2.346033833524803214e-01,2.362460515425054142e-01,2.888867023073145579e-01,3.294424057047625198e-01,3.456857518955445130e-01,3.706402495314530254e-01,2.515697025949838461e-01,1.258957883050263460e-01,1.478372774079757812e-01,1.879471406026392843e-01,1.189890220940804377e-01,-3.147474933915186956e-02,2.049400178491609381e-01,2.039729906069315535e-01,1.799159355033334018e-01,2.820472710097959856e-01,1.064267137635654670e-01,7.910654060776264873e-02,2.002466277617618029e-01,2.387368730842555353e-01,2.035054338950218478e-01,3.185376542534000821e-01,1.209329755113024985e-01,3.080015199303879139e-02,1.828752599309830529e-01,8.010195271644228454e-02,1.785107092209312907e-01
-7.429865293866153575e-01,-8.397439982044470064e-01,-7.369330663788750124e-01,-6.906702594571740850e-01,-6.157694995224659573e-01,-8.467770359808911573e-01,-8.437284269540127335e-01,-8.580774667680000078e-01,-8.087316514572245874e-01,-8.133682946746660924e-01,-8.192601230950967706e-01,-8.058099387319421769e-01,-7.827169751209035464e-01,-7.754673779402793121e-01,-7.635527246963346171e-01,-7.524842626307673976e-01,-7.171266049396636255e-01,-7.111467471188042122e-01,-6.917362958515888005e-01,-6.733659685508051052e-01,-6.552410275953046703e-01,-6.465285022096334266e-01,-6.094034965187458130e-01,-5.758547837893523980e-01,-5.564975762441738416e-01,-5.485771186147353484e-01,-5.608833970289978099e-01,-4.923518777269551561e-01,-4.089508776510736854e-01,-3.910615188701299649e-01,-3.812662137212160518e-01,-2.042940431374429544e-01,-2.385421088119389632e-01,-2.322023883392719257e-01,-2.023445831138555862e-01,-3.111443515904565027e-01,-2.216900376972919806e-01,-8.635261541294998733e-02,-9.537469917154653420e-02,8.124904340430740002e-02,-3.677131966376287475e-02,-2.312209330739572674e-02,-4.501980633149493816e-02,7.938583588471660735e-02,1.281549456376401309e-02,1.668778967001597890e-01,-8.079772164027660200e-03,7.569036026209870205e-02,1.123589406543470115e-01,1.183847953883069154e-01,1.791901376264042611e-01,2.018767385964220507e-01,2.682035091636835733e-01,1.279596032907787118e-01,2.662765557603020694e-01,2.397332387350384342e-01,2.274101734154278243e-01,2.763358419448702086e-01,2.953721986712461445e-01,2.732484688532989536e-01,1.899975393602994778e-01,1.701317667784111587e-01,1.585572584666074258e-01,3.356841548664587505e-01,1.050161096268260597e-01,1.544044146482070057e-01,1.974137550639955552e-01,1.565305865952289766e-01,3.146950305362370415e-01,2.376180387165731100e-01,2.154681695279673237e-01,2.739618814247220605e-02,2.018470128775624872e-01,2.276424064521697654e-01,1.714834299719969757e-01,5.705660074702599560e-02,2.230348023394078671e-01,1.250290092243050155e-01,1.790926801197686158e-01,1.550637081557950936e-01
-7.979936891303321955e-01,-8.676269845181268092e-01,-7.435201328317035951e-01,-8.035677094238693474e-01,-7.425518264951868064e-01,-7.313460358177882314e-01,-7.674706943675277948e-01,-8.623958364449975100e-01,-8.656408387450110764e-01,-8.217291971667618489e-01,-8.219460202473877208e-01,-8.090717907829717559e-01,-8.034149506093928306e-01,-7.865617447640972371e-01,-7.886557789953665409e-01,-7.608187458940097736e-01,-7.455514784901875469e-01,-7.255848138890653720e-01,-7.080084220241563697e-01,-7.039393619927463153e-01,-6.848169168311906141e-01,-6.451479279966008118e-01,-6.497316274899050947e-01,-6.296288485136306567e-01,-5.980476239296793617e-01,-5.797862559007851413e-01,-5.679946358887734137e-01,-5.197924336383296096e-01,-4.908312766655675285e-01,-4.314497363515835127e-01,-3.880386285905760291e-01,-3.391913651942204400e-01,-3.550061034452904329e-01,-3.444963736170744695e-01,-2.956874895284007376e-01,-2.205270204902045339e-01,-2.079542154533298437e-01,-2.101637453268711264e-01,-2.015260578186210128e-01,-9.191029380939293170e-02,-1.116768312347693609e-01,-3.822944527782875385e-02,8.161715341345994468e-02,6.348670670918793446e-02,-1.095712146902995052e-02,6.970926929564669715e-03,-5.038322402480534951e-02,8.589773730446230438e-02,3.594980814738936437e-02,1.244224388491265432e-01,1.536335246232702068e-01,2.389375686007517430e-01,2.679490094963775104e-01,2.380311917542233813e-01,8.564998796039241524e-02,2.344696234627674791e-01,1.748766967523416871e-01,2.053301468876516933e-01,2.675541259740848998e-01,4.471020314897705128e-01,2.706753998788585247e-01,2.448246675130972272e-01,3.107911283072519737e-01,1.845641160095500000e-01,2.810492356369110878e-01,1.119988751719885600e-01,2.480211750946178795e-01,2.375501306442467653e-01,2.718519602957590875e-01,1.813320565653140648e-01,1.900753267659135715e-01,1.407292306979882335e-01,2.187622446876959781e-01,1.216071471675185950e-01,8.561087886264737157e-02,1.021341712321472972e-01,3.050262135269503072e-01,2.110777910748388719e-01,6.262943203440279882e-02,8.013021189289923352e-02
-7.955425114841692125e-01,-7.536106689009874904e-01,-7.558175386292980136e-01,-7.283012247447582244e-01,-6.902569137729778204e-01,-7.603452117069061655e-01,-7.732238725636183529e-01,-8.124516019450314097e-01,-7.961301650839307520e-01,-8.531887035837653066e-01,-8.242866902902418191e-01,-8.265625698465369764e-01,-8.068268091442984957e-01,-8.145353895562057467e-01,-7.682879187123208276e-01,-7.560099029468758669e-01,-7.601127469998825159e-01,-7.526343384033494788e-01,-7.268234207776345102e-01,-7.161054191819089532e-01,-7.109410172945582751e-01,-6.863184875238500515e-01,-6.780451168969726661e-01,-6.448199401202718839e-01,-5.996244589346076959e-01,-5.732930365086004176e-01,-6.213417688428827246e-01,-5.769695806918949677e-01,-5.018879240213399706e-01,-4.659338865943264962e-01,-3.805544724802066292e-01,-3.661744949547915962e-01,-4.192355763986839734e-01,-3.955724468145260797e-01,-1.899250273125323019e-01,-2.606118778354030718e-01,-2.588377250424710452e-01,-2.454978680219838394e-01,-2.595151597557523449e-01,-2.074417431898317177e-01,-2.362754044456410185e-01,-1.508152681839066422e-01,-6.714204036559287547e-02,-5.486069438232843778e-03,-1.225318053043416427e-01,8.639853003477057647e-02,1.826673115469636816e-02,5.733247081468302586e-02,9.105738737307425557e-02,8.167096281041200112e-02,1.678236767405954788e-01,1.453082159311464283e-01,8.554752120095690873e-03,7.718186670019132334e-02,1.812603873800227583e-01,2.355921687092328298e-01,1.890862566699214597e-01,1.150921138980169900e-01,9.985253227081074268e-02,1.040190213153675547e-01,1.805724432367981080e-01,1.904327699795381190e-01,1.666137789801153957e-01,8.588844012711885356e-02,2.674263129472618794e-01,9.117589101087274217e-02,1.566221457789444826e-01,1.579051968803716066e-01,1.360178104866776039e-01,1.220906582703570470e-01,5.955248674669667147e-02,1.073637317791915485e-01,6.910373187139425000e-02,1.309119981462113502e-01,1.090191493637026332e-01,1.567891343412151361e-01,1.718684509946597772e-01,1.278206422560465572e-01,8.184423026750295427e-02,4.575195965359270950e-02
-8.006269748475174364e-01,-7.794758131184950090e-01,-7.962696863622888976e-01,-7.774964921092535342e-01,-7.297851149748108002e-01,-7.145019938536322224e-01,-7.394195084178859512e-01,-6.410366224526182766e-01,-8.479796627619499150e-01,-8.387715733860492406e-01,-8.533999807054289954e-01,-7.786865602185836233e-01,-8.210068848536473674e-01,-7.943139959286156238e-01,-7.765832470570980250e-01,-7.998989622711452085e-01,-7.679531493870991321e-01,-7.496454642786105627e-01,-7.393532365549845276e-01,-7.246277931889666402e-01,-7.095460270527831348e-01,-6.856484244977807396e-01,-6.875256439687077448e-01,-6.363609859178149808e-01,-6.448500713723203104e-01,-6.214728111790776000e-01,-5.632968431700713374e-01,-5.929283844327568609e-01,-4.918958042963661459e-01,-4.932547869373853922e-01,-4.738435359282938686e-01,-4.208329049022548896e-01,-3.856511865402345030e-01,-3.573634341246482715e-01,-3.383024529131610780e-01,-2.802524203087474741e-01,-4.374816244575037705e-01,-2.570381357093277086e-01,-2.464467951469073437e-01,-3.154191433322610094e-01,-2.629801810333604606e-01,-1.511292413890670538e-01,-1.496917649332891453e-01,-1.590281302632157445e-01,-1.451782562307508129e-01,-1.054534815240377454e-01,-3.176865874344521334e-02,-1.789672000487311787e-01,-5.443481150603694113e-02,1.390670637496839099e-02,4.310542853531474511e-02,9.791345804693894761e-02,5.142558350980144105e-02,5.892469805219927026e-02,-1.505049192526913826e-02,7.833191402331721176e-02,7.843908758222566113e-02,9.620829733738540945e-02,1.263965145056247796e-01,1.727904486313197874e-01,1.417080384863061704e-01,2.295409378961229818e-01,1.314549013896267327e-01,2.891530474992472510e-01,1.161312281682187891e-01,1.739898924153709669e-01,1.181882872294988951e-01,1.142554491364985575e-01,9.433530059434190596e-02,4.041145617191725659e-02,-5.861349747315347525e-02,1.523462948988301563e-02,4.755956369544597773e-02,1.671690543522776629e-01,1.890370173275797983e-01,1.040750756974545138e-01,1.449750864978753551e-01,1.594631239281017465e-01,7.528996876099311453e-02,1.692340591889002488e-01
-8.167949870405976087e-01,-8.031194792394624749e-01,-8.078382767027822986e-01,-8.022354311993477038e-01,-7.490960339049725913e-01,-7.555513283647298239e-01,-7.132790281125562792e-01,-6.579370254497873827e-01,-7.237338367676530160e-01,-8.263364299318014528e-01,-7.848755164801766160e-01,-8.288336497174966233e-01,-8.375675800116978431e-01,-8.112289098900913320e-01,-7.927104829338671443e-01,-7.714905428008848043e-01,-7.624171034012190429e-01,-7.721853835381243814e-01,-7.400390070057291103e-01,-7.497246494781699688e-01,-7.179194309729428625e-01,-7.108102011057647607e-01,-6.966263322103787292e-01,-6.846555501538403865e-01,-6.483149473523782680e-01,-6.468859243211088073e-01,-6.320895200933043245e-01,-5.719992536388119886e-01,-5.552150504150795696e-01,-5.243344515474607226e-01,-4.861024252983999761e-01,-4.509511536550377953e-01,-3.502071973234573421e-01,-3.209925716591442435e-01,-3.202530406987589839e-01,-2.858020271210933716e-01,-2.605460145965839414e-01,-2.749176756656834253e-01,-2.833040458109500337e-01,-2.144001900218304446e-01,-2.662603233133081226e-01,-2.286509446457527517e-01,-2.875973195275196570e-01,-2.052228161140463025e-01,-2.341582422896438531e-01,-9.404292966102983931e-02,-1.766185854717600978e-01,-1.707868631836605700e-01,-9.471788831049075819e-02,-9.236596267139766947e-02,-5.154724872519545614e-02,-1.201116295725103249e-02,5.517862052943663109e-02,6.528274214809168252e-02,4.797893222362187987e-02,9.536663831712006989e-02,9.344121179178253855e-02,-1.926618483966253265e-02,4.439221086477825040e-02,-1.843563389092646790e-02,2.559118532214979189e-02,1.722636981080880314e-01,9.836439817774138283e-02,1.955194835549979582e-01,1.482852493768430369e-01,1.294072373668722631e-01,6.157341568511710828e-02,1.687626236893743359e-01,1.215280189506072056e-01,1.223705921425039811e-01,3.635851532208384668e-02,1.497638227201893713e-01,8.057986860411643637e-02,1.080754658548934294e-01,1.331077244569718876e-01,1.498143091635966706e-01,1.122019452176637455e-01,1.054761593367115752e-02,5.985775405682423195e-02,3.342137572890705594e-02
-8.249880062622205745e-01,-7.982064977392732130e-01,-7.742225642176934208e-01,-7.973022977020624014e-01,-7.562594528760906432e-01,-7.000984793189386490e-01,-7.660190075890043193e-01,-7.369598066157848626e-01,-7.705013876142597917e-01,-7.737712015178448421e-01,-8.130265684272072191e-01,-8.298860301394803685e-01,-8.215021840959592092e-01,-8.168051723687220766e-01,-8.123654591039355388e-01,-7.800933444924288418e-01,-7.928241802422466566e-01,-7.771159291314585493e-01,-7.320433012852156640e-01,-7.269118112034375079e-01,-7.327377299703172753e-01,-7.216344108905982102e-01,-7.183097526461877935e-01,-6.918708976927724352e-01,-6.608027950356313296e-01,-6.529458932304480490e-01,-6.254754671475669658e-01,-5.845372730178753917e-01,-5.554981329867734186e-01,-5.651704516412000556e-01,-5.248931160660397222e-01,-4.872737530530095174e-01,-4.663451155838502782e-01,-4.705448856672044267e-01,-2.366041720623687228e-01,-3.357185529178361438e-01,-3.381464899939248259e-01,-3.363650288652211828e-01,-2.935576516125690816e-01,-2.369267208162990634e-01,-2.469651803442441951e-01,-2.564605230922708534e-01,-2.521369317422591516e-01,-2.256035806802101362e-01,-1.831766393011468874e-01,-2.407562984627250047e-01,-1.665726987032122020e-01,-1.913245790682948089e-01,-2.362684164415625732e-01,-1.138157820477477405e-01,3.590338222149364739e-02,-1.441105224205688207e-01,-4.762112758149125713e-03,-9.720996088591975226e-02,4.319042420369296337e-02,-5.522153568278453939e-03,-5.373818160772320801e-02,-3.675760970861430971e-02,-2.294275831741630564e-02,-9.236933194832315508e-02,-2.091541456984041467e-02,-6.645589404266739886e-02,2.156210606006420949e-01,1.983327624254964394e-01,1.203211832499369444e-01,1.920870741456092157e-01,-2.666204018974470749e-02,7.140605416611571499e-02,1.148916814982292173e-01,-7.335682283990868635e-02,-5.822314848356782702e-02,8.442666650815776330e-02,6.499527520800542357e-02,8.270929571213440912e-02,-5.649601178488981162e-02,4.404762387907375926e-02,6.976121279474477299e-02,-2.667738484981345415e-02,7.586997886635991895e-02,2.340834774334187018e-02
-8.180616227697972143e-01,-7.933810355932441327e-01,-7.282297380071471871e-01,-8.454087971647670230e-01,-7.792465756823360179e-01,-7.096045393763551479e-01,-6.982295795480834011e-01,-7.347928382748899478e-01,-8.130972250276159441e-01,-8.073181333454481079e-01,-6.906464820208414457e-01,-6.907709941328799008e-01,-7.942689866037714319e-01,-7.689238048583143526e-01,-7.692271336412646043e-01,-7.979832657556242825e-01,-7.585810345509641506e-01,-8.029670327129218022e-01,-7.797728924216783541e-01,-7.474312070416710974e-01,-7.344796913772673186e-01,-7.240809890586127340e-01,-7.279883295472104887e-01,-7.034616301244802639e-01,-6.866868343782016604e-01,-6.572266508249383632e-01,-6.387970775997506845e-01,-6.075878521480813088e-01,-5.793350441639558701e-01,-5.428790662980415016e-01,-4.813473379085129733e-01,-5.031279402232838871e-01,-4.167836639000828680e-01,-3.779479522189987950e-01,-3.156975118251124091e-01,-3.724547300731907429e-01,-3.030130074805347240e-01,-2.911269018863490987e-01,-2.934584268514885408e-01,-2.462258518570248078e-01,-2.358598546749182401e-01,-2.890329750828840583e-01,-2.261818354564936184e-01,-2.429125377674951902e-01,-3.556414325967502399e-01,-2.282595966180444857e-01,-1.630137250176893204e-01,-2.996004767707187710e-01,-1.200720457941508584e-01,-8.597118194359308629e-02,-1.070465700426847799e-01,-1.386304487448279110e-01,-1.673648521734562022e-01,-1.508789056374114090e-01,-1.127311326243921920e-02,-2.312176581190836938e-02,-1.930096481325413171e-01,-6.584313747409215045e-02,-1.300526982338682212e-02,2.180149240572930650e-02,1.649679043565820818e-02,-1.952616182709921572e-02,-1.554676088571263770e-01,1.098795678715513285e-01,1.059571889555130791e-01,1.376781702994728240e-02,-6.903180677546643870e-03,-4.979976019923600811e-02,5.267290186514526906e-02,6.185247024117850045e-02,3.353028864457299751e-02,8.674581899601528645e-02,-4.874964012604433850e-02,-5.533617657221352043e-02,2.543347225721255978e-03,9.318153706817991488e-02,1.138891970103190210e-01,9.138964251642166248e-02,5.338547054383085272e-02,3.117371241715429647e-02
-8.108686218401575108e-01,-7.718952280660842380e-01,-7.694806571475645285e-01,-7.705828759743269529e-01,-7.675022006399319086e-01,-7.477934919834504646e-01,-6.558350574893183627e-01,-7.211267580590874360e-01,-7.999182482301375741e-01,-7.132732307564221275e-01,-7.382936600701321961e-01,-7.643301326703746401e-01,-7.831419523352356471e-01,-7.375910516071660927e-01,-7.705959604838791277e-01,-8.026583305003494040e-01,-8.080243603644017281e-01,-7.555242741917436167e-01,-7.517399129569907190e-01,-7.750957227718341391e-01,-7.592712661000664554e-01,-7.521674218017661007e-01,-7.526579189209244847e-01,-7.283300948502527961e-01,-6.912901751542410711e-01,-6.764222750070467693e-01,-6.504089509379922251e-01,-6.201520305108199071e-01,-6.194682620505221893e-01,-5.627619976685693803e-01,-5.426252758391127973e-01,-5.129385337862103489e-01,-4.390447744511701278e-01,-4.356769780555767024e-01,-3.526214781212295701e-01,-3.881558438218916107e-01,-3.316294662840316709e-01,-3.762185598874454029e-01,-4.180302098155531110e-01,-3.368672878463388476e-01,-3.156831656761795446e-01,-2.958907912647763538e-01,-2.640184708015219095e-01,-2.150599434293087031e-01,-2.687539741539978766e-01,-2.372265719272674822e-01,-2.961655323063371870e-01,-1.462105269061723667e-01,-1.405753939154733567e-01,-1.569816934404529296e-01,-1.312747423134564828e-01,-1.591072361381740130e-01,-1.441091482194005735e-01,-1.507907448234385717e-01,-9.826427167807935681e-02,-1.945285265787883022e-01,-1.595945436783338112e-01,-1.155514310267581890e-01,-1.749279607402439707e-01,-4.642892349844814602e-03,-1.278412112787825072e-01,-7.019621520919708257e-02,-4.459252736848311888e-02,-7.891787926306341461e-02,6.695985504801392485e-02,9.375384087402937813e-03,1.512115084427875268e-02,-2.321054707318588595e-02,-6.908976359977588022e-02,-4.012412921681700329e-02,-4.064490155747071953e-02,-3.844594443278843976e-02,8.316995733696978810e-02,2.793303528161444893e-02,5.653761206440999915e-03,-2.640992203188988544e-02,8.735168460182719807e-02,3.236723378265524143e-02,2.206942057432873926e-03,1.158033305348189490e-01
-8.009444439121949921e-01,-8.069266075206062983e-01,-8.317583802483229372e-01,-7.948834883251574279e-01,-8.099114153791606707e-01,-6.677451415471069573e-01,-7.545637193893459660e-01,-7.769166844541357531e-01,-7.874984194234506685e-01,-6.908624146741808580e-01,-7.404727031095637013e-01,-6.869133861654610484e-01,-7.244173494550272263e-01,-7.734477383560941499e-01,-7.630561156138082612e-01,-7.591202688532556753e-01,-7.710581982840242210e-01,-7.692179402604492067e-01,-7.810785995653564129e-01,-8.159295974802271978e-01,-7.430120381498785953e-01,-7.409165182357030366e-01,-6.871550682589213643e-01,-7.053411151496661313e-01,-6.994432654956916906e-01,-6.846321679629696622e-01,-6.582895158386694590e-01,-6.351720962430644768e-01,-6.092686503415492005e-01,-5.732246553381907805e-01,-5.774022295823810769e-01,-5.536835018538628361e-01,-4.891137012834612663e-01,-4.504647111507676382e-01,-3.852402193621174420e-01,-3.954835330370248259e-01,-3.814871730189043353e-01,-3.649942293920158676e-01,-2.632225779021926670e-01,-3.079379274254911980e-01,-3.985269187851339656e-01,-2.518421769454056713e-01,-3.321575698576467728e-01,-2.791439449079978208e-01,-2.632320748056250492e-01,-2.667411803223614930e-01,-2.078591261754008102e-01,-1.796819961209746019e-01,-2.251549752093148504e-01,-1.478321752690816837e-01,-1.254565954136010464e-01,-1.474672736973455522e-01,-2.032086906684763550e-01,-1.967940350137604641e-02,-1.901488457397968179e-01,-1.338663703878368305e-01,-2.691462687112442520e-01,-1.893758073171842027e-01,-2.846655917705006034e-01,-2.268329708926005994e-01,-1.294712534227489276e-01,-1.053310989880336529e-01,-8.605256282474969820e-02,1.835028314450018808e-02,9.129009557161454902e-02,-1.778369460976286787e-01,3.745002974039128574e-02,-1.055305467749965281e-02,-1.125871393835150419e-02,-3.280332125503783447e-02,-8.428488777572513968e-02,8.118953186381865084e-02,2.583979786179566029e-03,-5.510286260046722007e-02,-7.460228902710941412e-02,-1.102096417739909795e-01,-2.131860275091528034e-02,1.227032815099959734e-01,-1.355696856504062450e-02,-1.344055775794108891e-02
-8.041961984138673580e-01,-7.969904675909773584e-01,-7.880366211480990257e-01,-7.960208819054080953e-01,-7.515321728663479917e-01,-7.968344124022600505e-01,-6.555434005776190620e-01,-7.431888774683803600e-01,-6.821192803082747336e-01,-7.634502661097706255e-01,-6.176896748389072433e-01,-7.386460416826278186e-01,-6.967924805571055202e-01,-5.906785853973369749e-01,-8.408233520438769260e-01,-7.621209286704176966e-01,-7.823294401484183203e-01,-7.846460220784680084e-01,-7.793573833536615592e-01,-7.470591892464442108e-01,-7.862511950000786731e-01,-7.493569774466258826e-01,-7.741721850655931547e-01,-7.081178575933542163e-01,-7.391197030458750428e-01,-7.144465884149842072e-01,-6.901028432734233053e-01,-6.586346187262352991e-01,-6.383477871907757839e-01,-6.121081755549548920e-01,-5.855050379986631581e-01,-5.494433765978653517e-01,-5.002588334809998649e-01,-4.338115706194888843e-01,-4.767195366046366178e-01,-3.909670127520958327e-01,-3.985688306726392072e-01,-3.912590866827003189e-01,-3.589446523564522873e-01,-3.882359422602414400e-01,-2.762217977850484063e-01,-3.005103380644413846e-01,-3.252801936642047975e-01,-3.321654128230765446e-01,-2.813001454570050464e-01,-1.406736823850606721e-01,-1.768390756158871036e-01,-1.938530337521418845e-01,-2.130480543535640536e-01,-1.569068541202342237e-01,-2.508379429138175576e-01,-1.514029550082914011e-01,-1.161728854168708469e-01,-2.176037111579617878e-01,-2.681879533747181799e-01,-1.881715435510608325e-01,-1.665969084300270575e-01,-1.945476860666570940e-01,-1.854669304008403907e-01,-1.777482690612787464e-01,-1.262774816216372387e-01,-2.286266956158317376e-01,-2.248137215450606852e-01,5.512674862485777288e-02,-1.655076734265024108e-01,-3.741216945145391104e-02,4.395600159982572530e-02,2.899119999857887806e-02,-1.109023123137752725e-01,3.285164774107342950e-02,-4.679241173852105237e-03,-2.721554921617552053e-02,1.906197929056588705e-02,-6.596624752812725589e-02,-8.713970990576692943e-02,-4.000735971866963697e-02,8.487651038669573322e-02,1.641149219112226013e-02,6.584681183899949997e-02,-5.051245518004651019e-02
-8.198568826132349718e-01,-7.731091503638555240e-01,-7.846917926718898206e-01,-7.806095870022079497e-01,-8.312876254926436781e-01,-8.016870119775929560e-01,-8.280850667392587461e-01,-8.097268187795101380e-01,-7.550607671384561570e-01,-7.933965498513819714e-01,-7.144998109998997871e-01,-7.167313344851115042e-01,-6.903811792787579726e-01,-7.440383267912832332e-01,-7.096021742358522566e-01,-8.222140299594575819e-01,-7.666675513695372368e-01,-7.640445073548889354e-01,-8.056966538115223342e-01,-7.368951016192634151e-01,-7.095175075331245917e-01,-7.221020057153390015e-01,-7.567596104681596492e-01,-7.120667083168928935e-01,-7.055385836454277637e-01,-7.037623250036036948e-01,-6.911098583808611417e-01,-6.543315750036361456e-01,-6.542635753177085123e-01,-6.185822874963127216e-01,-6.059564915770417892e-01,-5.790840522374246513e-01,-5.452707487915832152e-01,-4.928767960154333272e-01,-4.189166359336498058e-01,-4.118401391295532510e-01,-4.745726200563201713e-01,-4.104915923513423603e-01,-3.865101013103966476e-01,-3.781657405056645382e-01,-3.715683720702729897e-01,-3.356712541742288280e-01,-3.755046054040510062e-01,-3.200511411059466238e-01,-2.989891037802213658e-01,-2.189050876262500223e-01,-2.378706424178777812e-01,-2.305044742655826262e-01,-2.516665343779834196e-01,-1.368114532978624565e-01,-2.047861803993513696e-01,-1.532801265953586400e-01,-1.941266039139360189e-01,-1.921792268268456838e-01,-3.072759179295542209e-01,-1.334389976333399119e-01,-2.346716797647434849e-01,-1.206806503813862008e-01,-1.525482547486644025e-01,-1.862943235839058242e-01,-1.851611790153169790e-01,-1.115823171653463342e-01,-1.320452977828416308e-01,-7.665770209420216807e-02,-2.726031729755104549e-01,-8.208533357632452621e-02,-1.577928454697396232e-01,-6.439541862504469250e-02,-2.684733945956511601e-04,9.239197327768736839e-03,-1.552609126672457041e-01,-2.892030148019987881e-02,-1.918232132532644504e-02,-1.962837477555739313e-02,5.257985335794060355e-02,-8.554972729560436639e-02,1.054299971697013338e-01,1.734024812520245339e-03,4.043331650754500295e-02,-4.133657640048737925e-02
-8.080310981000684567e-01,-8.111299088920272959e-01,-8.042474230469406349e-01,-7.936272327186737474e-01,-8.247027851209387528e-01,-8.425297240951429290e-01,-7.801074819805920990e-01,-7.618741681204638239e-01,-7.199266928914320740e-01,-7.294535129265260487e-01,-6.882608941766044097e-01,-6.937712043237933557e-01,-6.669609811522060339e-01,-7.273363433348242202e-01,-6.940719636752280541e-01,-5.352806726345374910e-01,-7.934142994751283151e-01,-7.935198094303622662e-01,-7.961831719300751509e-01,-7.623729674646100296e-01,-7.496753006629081062e-01,-7.153102358932622584e-01,-7.024038230993370213e-01,-6.915240675832080575e-01,-7.335518458887589910e-01,-7.083657569179375724e-01,-6.719796052501387784e-01,-6.770149293923577449e-01,-6.449033135786756965e-01,-6.209514237092909061e-01,-6.045773569288238614e-01,-5.898584826282035065e-01,-5.458955610040695516e-01,-4.921895494949933281e-01,-4.887272466273827054e-01,-3.744088270580844258e-01,-4.375351446101501396e-01,-4.808196496306189616e-01,-3.271711178582556445e-01,-3.867316330337451924e-01,-3.693722328627385143e-01,-3.517288284586803093e-01,-2.420022687025113195e-01,-3.177467707600042934e-01,-2.586207454243371617e-01,-3.238307334704804696e-01,-1.919542757248950682e-01,-2.230983345420490260e-01,-2.318611376715867811e-01,-2.707942343904946036e-01,-1.614218580409030046e-01,-2.168074563762537876e-01,-1.850263255741508572e-01,-2.733343921407989097e-01,-2.886144249740262846e-01,-3.237669100174169756e-01,-2.372749371357151249e-01,-1.039830398525855709e-01,-2.717343199674684961e-01,-2.349124494689558140e-01,-1.156344658520604141e-01,-2.003528361410442937e-01,-1.620192181695148947e-01,-1.596330570076289201e-01,-1.670251576196608856e-01,-1.974644124974453407e-01,-1.225405746108266941e-01,-1.065776768803640001e-01,-4.461960428082662605e-02,-2.913833377908879585e-02,-3.110358823879508933e-02,3.189413825957598120e-02,-1.352936673036762849e-01,1.046881542070197783e-02,7.198339068252579409e-02,-6.427747784749154869e-02,1.086113445084379986e-01,3.637368850665156222e-02,-4.445433099137379232e-03,-1.480673851097736027e-01
-8.164829692573031261e-01,-8.008514205949734954e-01,-8.122184808484073093e-01,-7.753941891784943419e-01,-8.422821527989339252e-01,-7.439128610203887826e-01,-7.633131927018144136e-01,-7.341323168636842977e-01,-8.225327686324502841e-01,-7.407122948713554811e-01,-7.194740670454033982e-01,-7.050232277196439856e-01,-6.648562975635176064e-01,-7.901252638958849994e-01,-6.600458355383732600e-01,-6.932781884510850201e-01,-6.677741379492355689e-01,-7.721037355721518392e-01,-7.647508618763682042e-01,-7.229151578677989187e-01,-7.709338273533735686e-01,-7.214284343737854543e-01,-7.263467550136833983e-01,-7.447104714157819494e-01,-7.162658411829007088e-01,-7.254757649452162616e-01,-6.542689836333922537e-01,-6.907913481875033179e-01,-6.429890408501914845e-01,-6.263571821974598386e-01,-6.220458689479843040e-01,-5.983775876404465732e-01,-5.838578194916708153e-01,-5.321528558226752414e-01,-5.010685034230317747e-01,-4.126407277453330580e-01,-4.767694039051998955e-01,-4.496270176594475143e-01,-3.682510134952454162e-01,-4.254245507887822186e-01,-4.271459504808355900e-01,-3.910878889311931172e-01,-3.134072445003727725e-01,-3.223591335138263902e-01,-2.947263705009037227e-01,-3.383044484153892584e-01,-3.086776053348253002e-01,-2.003652054909305091e-01,-2.848187183649281140e-01,-2.308778742489449587e-01,-2.438507556238604934e-01,-3.169279974911338726e-01,-1.490747813405815803e-01,-2.222632930515388017e-01,-2.982594272063147089e-01,-3.025609392487509930e-01,-1.532086352785243799e-01,-2.313180162319827260e-01,-1.531398070321994820e-01,-2.317920172932866618e-01,-1.946014731786486762e-01,-1.732323392463542000e-01,-2.878919484397771122e-01,-5.259481870700318668e-02,-9.635438943484761487e-02,-1.300713887185998285e-01,-1.002081481350526743e-01,-1.694954528006676897e-01,-9.616472032775234824e-02,-1.459373198609403288e-01,-6.910864750274318957e-02,-1.881683045850880351e-02,-3.235158196676168191e-02,-7.799053452175626344e-02,-4.619594953728591719e-02,8.280941870778761593e-02,-1.448985939900978015e-01,5.314675284739477784e-02,-2.185780624759283211e-02,-8.871188469979658653e-02
-8.057348190834822121e-01,-8.027189299621977359e-01,-8.122212842469000993e-01,-8.091184080244733234e-01,-7.637063233577637833e-01,-8.431868185317152875e-01,-7.374131449617372658e-01,-7.500007660238131590e-01,-7.390353319840878843e-01,-7.977210003863456356e-01,-8.040501388362937263e-01,-7.788877073484138380e-01,-7.079750865413898531e-01,-7.506699549359603374e-01,-7.141090217009530283e-01,-7.843944704947649615e-01,-6.831337379321608116e-01,-7.654868130361746070e-01,-6.704776431657798463e-01,-7.516430547717499744e-01,-7.637065099689688275e-01,-7.466789561070600323e-01,-7.169468843021358229e-01,-7.459217713780533776e-01,-7.219783288334344906e-01,-7.284508262454442162e-01,-7.126064641007320288e-01,-6.879626228898023665e-01,-6.804056290687412467e-01,-6.341237410684100739e-01,-6.141063115306215625e-01,-5.995963205332994761e-01,-5.626013848618195423e-01,-5.491793517037907302e-01,-5.079658678320699838e-01,-4.700056577979925820e-01,-4.825586918384615065e-01,-4.519415521657634827e-01,-4.348952938033004423e-01,-4.509131538655479776e-01,-4.394416155583670269e-01,-4.057171951936170973e-01,-3.657594661932718205e-01,-3.437865667335101572e-01,-3.149248138338009428e-01,-2.759422711131761519e-01,-2.661095356715234561e-01,-2.813744236562539247e-01,-2.381388944446466427e-01,-2.111973457129269482e-01,-2.965639906415653004e-01,-1.980981591946847364e-01,-1.576015830287141317e-01,-3.161248250412478922e-01,-1.910578209738149624e-01,-3.004399027103060171e-01,-2.363287551724199409e-01,-2.734962605208517972e-01,-1.913028493106014305e-01,-1.655377426910796257e-01,-2.342740604077237221e-01,-1.317712831452613476e-01,-2.333243164975027095e-01,-3.138805729568741598e-01,-2.543118457484073169e-01,-1.419042906425798667e-01,-1.103016095314513084e-01,-1.740622264168710520e-01,-1.061623401000568456e-01,-1.701501036139792533e-01,-2.405193863358281309e-02,-1.077517536180568059e-01,-6.811783060615265485e-03,-4.701043294823928353e-02,-1.583269703477065415e-01,2.438226777299519824e-02,2.013711037716687038e-02,4.148269500311097674e-02,-9.760596811245554616e-02,-1.014971109866047438e-01
-8.194450357515672412e-01,-7.974904708492147609e-01,-8.066375401006279366e-01,-7.928134934642302456e-01,-8.077809348903717268e-01,-7.740877575024976975e-01,-7.703138140350058727e-01,-7.731979401355445480e-01,-7.426334678611056228e-01,-7.820697734180920291e-01,-7.841870003532644962e-01,-7.266235366248753325e-01,-7.531054909482487458e-01,-7.501132527550563589e-01,-7.605605285021046491e-01,-6.636210271353275569e-01,-6.881544979059396328e-01,-6.413575337474834992e-01,-7.770287680492375948e-01,-6.612025211915163458e-01,-7.812359364537597717e-01,-7.523607751214492767e-01,-7.874914777270641819e-01,-7.540264053694737401e-01,-7.370091343567748421e-01,-6.852204844508924531e-01,-7.324628391188549026e-01,-6.968641631336770503e-01,-6.391291743204488007e-01,-6.424412316456716843e-01,-6.192963620983250594e-01,-6.231547832104821216e-01,-5.638593103427813613e-01,-5.368676516158287226e-01,-5.335830203971666519e-01,-4.778382739794322376e-01,-5.147295372088810383e-01,-4.772725540005053335e-01,-3.877836965991333651e-01,-4.094818230563755379e-01,-3.895396872792359355e-01,-4.259561136978938789e-01,-3.626740420241380547e-01,-3.806600468437706941e-01,-3.496036800801072819e-01,-3.120580537921777142e-01,-3.426261455419583046e-01,-3.210049765790521925e-01,-2.926465875969535557e-01,-2.684435190155692874e-01,-3.127804769480690417e-01,-2.376791916215238998e-01,-1.867808911233724556e-01,-3.478073607094243624e-01,-3.277143253284950375e-01,-3.396378206605936145e-01,-2.778469612100417652e-01,-1.597868463932641536e-01,-2.576473608150833816e-01,-2.238082439394411816e-01,-2.132383342532694903e-01,-1.476801223902601268e-01,-2.372980654755934282e-01,-1.506291471499913992e-01,-2.490325643332387540e-01,-1.859293486132459761e-01,-1.736907568555608183e-01,-1.658031099531776520e-01,-2.696877352471285239e-01,-3.799180968318817408e-02,-2.620702907459248610e-01,-2.011634147262197914e-01,-1.322702856138230632e-01,-1.257363112177395104e-01,-1.424613145615701015e-01,-2.183972556400115561e-02,3.498216620203668109e-02,7.840871937289392579e-02,-9.852894178823543014e-02,2.152750707095702626e-02
-8.053146528706476293e-01,-8.171809347971511484e-01,-8.166022064174008888e-01,-7.960064758666199891e-01,-8.269402182724557848e-01,-7.704565784787729132e-01,-8.017243549284749360e-01,-7.902165182680778166e-01,-7.686220601548988673e-01,-7.653942415440732061e-01,-7.438827624945375527e-01,-7.162880329150250747e-01,-7.664785900731347912e-01,-7.946965622294762666e-01,-7.141785131412816678e-01,-7.407552823732397318e-01,-6.695027209284877268e-01,-7.666378130383070255e-01,-7.609298065539253919e-01,-7.773596767657097173e-01,-7.164193021205529366e-01,-7.671201451310831754e-01,-7.453058315731388994e-01,-7.367769590417315717e-01,-7.450437896777196700e-01,-7.041799720506121130e-01,-6.822965998712005042e-01,-6.889384093811826704e-01,-6.700114671326976579e-01,-6.394372441975051391e-01,-6.353712989506754560e-01,-6.059958604948185723e-01,-5.960449775360323610e-01,-5.472247451978676791e-01,-5.452114913038370592e-01,-4.593711297608917832e-01,-5.299697869545958451e-01,-4.902750366095263157e-01,-4.472890833015187306e-01,-4.120541141524124984e-01,-4.382407614058451140e-01,-4.206288313666227130e-01,-4.136504231376554319e-01,-3.423200242579514385e-01,-2.827808071485946595e-01,-3.322633030260092046e-01,-3.465121314047177603e-01,-3.092332488517412492e-01,-2.930873107226881769e-01,-2.462375326618008176e-01,-2.325096312873884408e-01,-2.907454296167286123e-01,-2.529862474166631459e-01,-2.509116533230500434e-01,-3.423579851583937739e-01,-2.915965540525954358e-01,-2.384739904649424425e-01,-2.580080697026375658e-01,-2.495795647121985539e-01,-2.539706081291294160e-01,-2.339173976353274564e-01,-2.631347015523514132e-01,-1.758907079008524554e-01,-1.614154570621652574e-01,-2.368560963896416960e-01,-2.156676690835036825e-01,-1.805086149700317333e-01,-1.302236574481117348e-01,-1.829103594337215810e-01,-1.142835666979843817e-01,-6.534520159828881292e-02,-7.809287322881523774e-02,-2.520230097250487633e-01,-1.406697361463131735e-01,-1.593821383285686233e-01,-5.544250506384488728e-03,-7.605367440113190713e-02,-1.453902544299728872e-01,-3.353036087209768784e-02,-8.847008625515057068e-02
-8.101300630309793416e-01,-8.020482953782227531e-01,-8.230216946462775018e-01,-7.920328696533257551e-01,-7.998687186440989194e-01,-7.932840469678452688e-01,-7.628236728375715758e-01,-7.613558943241707233e-01,-8.052177392949164680e-01,-7.497609325166210148e-01,-7.657833782971738001e-01,-7.842933928612912942e-01,-7.523483153311000260e-01,-7.656342489014293928e-01,-7.315085956588712746e-01,-7.819334900263327226e-01,-7.638232373612982018e-01,-7.174171668668921642e-01,-7.005082276608564085e-01,-7.261524583785791132e-01,-7.118940432434998078e-01,-7.731399995878220910e-01,-7.656573999357796367e-01,-7.573698932204426804e-01,-7.064626755436586025e-01,-7.066803441454021506e-01,-7.190952631166234177e-01,-6.738198341066116148e-01,-6.714182923192749675e-01,-6.438855010080778429e-01,-6.749607495888817477e-01,-6.281205468089183785e-01,-5.773925616365137570e-01,-5.395976096678362088e-01,-5.332194478847400720e-01,-4.669060171996804454e-01,-4.841449357898050532e-01,-4.763370999580716636e-01,-4.571451455040199119e-01,-4.079478286583648194e-01,-4.053260148622281900e-01,-4.230365653983239604e-01,-4.286676203016898112e-01,-3.482746184376254717e-01,-3.637500901955916799e-01,-3.214774860976424842e-01,-3.205988302330410322e-01,-3.252051125258724196e-01,-3.365765903599191589e-01,-2.656748547703092767e-01,-2.762117256379296726e-01,-2.441367573244913325e-01,-2.859288968502065598e-01,-2.608110205519496017e-01,-3.515731625828580342e-01,-3.048169936463380192e-01,-2.076149506452888704e-01,-2.937271317277269644e-01,-2.736697891361348778e-01,-2.209116802873488383e-01,-2.580656363350651850e-01,-2.435855063489092975e-01,-2.542721326375758095e-01,-2.527757199953006295e-01,-2.291259654528396417e-01,-1.834023859795329836e-01,-2.058883967903920309e-01,-1.621862453962251982e-01,-1.759345170513045009e-01,-1.753906453155069101e-01,-2.044692842901804086e-01,-1.514768199500878543e-01,-1.495468359222915100e-01,-2.164362558661661329e-01,-1.179714644626732728e-01,-1.404646645083537648e-01,-1.951535323935762178e-01,-6.528220430303930885e-03,-9.918164239847321317e-02,-1.455789328015196227e-01
-8.240768100031482524e-01,-8.116348667282496931e-01,-8.006334401159624914e-01,-8.183512167798698833e-01,-7.853760795832054331e-01,-8.082791317158808386e-01,-7.961556719126288151e-01,-7.998966708315680130e-01,-7.620113609465399840e-01,-7.511029167916933869e-01,-7.515476258313463775e-01,-7.122854785755678986e-01,-7.285695201111486163e-01,-7.299429869504240331e-01,-7.675328261344981362e-01,-6.918670861444348175e-01,-6.724488465108714452e-01,-7.031047974908147813e-01,-6.721349961848698262e-01,-7.360248922835613827e-01,-6.960050018472613287e-01,-7.044598387139801021e-01,-7.384478194133129447e-01,-6.892199825941899283e-01,-7.390266501940007116e-01,-7.295187659644234435e-01,-7.359945983468801911e-01,-6.695328975900801671e-01,-6.332425187888680584e-01,-6.344976948290855789e-01,-6.324309747879250931e-01,-6.186598461652527137e-01,-6.113869409690108059e-01,-5.625869373319893896e-01,-5.234195454081084220e-01,-5.048092631750883408e-01,-4.863879658377792681e-01,-5.004485257729647252e-01,-4.674686102054089742e-01,-3.836334974360541272e-01,-4.283397948437202007e-01,-4.042663284765513620e-01,-3.730271950830523209e-01,-4.137202089786626846e-01,-4.047694588691880258e-01,-3.507522703000233721e-01,-3.072063547707953868e-01,-3.773459808397633397e-01,-3.444556487189023297e-01,-3.100297773274802160e-01,-3.383167828361839935e-01,-3.126679574483243185e-01,-2.811362171207243410e-01,-3.378760772024317904e-01,-3.161252991172749938e-01,-3.539765715538190638e-01,-2.924652784116046345e-01,-2.780089293085539759e-01,-3.222369268450753221e-01,-2.567331844462430457e-01,-2.630256365091319104e-01,-2.553891298974131918e-01,-2.087147944525217236e-01,-2.446680742095528882e-01,-2.864518478304758919e-01,-2.495131464713553071e-01,-2.165894119577476684e-01,-1.411770523397189170e-01,-1.399394762953990456e-01,-2.240422230298072803e-01,-1.622434008329197153e-01,-1.055213684229546339e-01,-1.994176387545933682e-01,-1.729317185953035685e-01,-2.029030470700869948e-01,-2.190613051285535129e-01,-1.248595877694369111e-01,-2.161071142025877134e-01,-1.956262326018524123e-01,-1.190955403632372595e-01
-8.203965633529091139e-01,-8.068602252004715147e-01,-8.159653843723666533e-01,-7.656720308738058645e-01,-7.825947543724134370e-01,-7.505939254443120268e-01,-7.901945758076270865e-01,-7.654923323385213196e-01,-7.497399115855742924e-01,-7.561998145019214190e-01,-7.417279677153011397e-01,-7.656231726291155004e-01,-8.132997652461954052e-01,-7.419378645095027203e-01,-7.515218709096873617e-01,-7.030927122629111459e-01,-6.944729386503513124e-01,-7.549383974913066453e-01,-7.295344673691166459e-01,-7.366924180692188129e-01,-8.214390382484867414e-01,-8.015110544076204935e-01,-7.195127087468622396e-01,-7.110565986708068387e-01,-7.179778386809027024e-01,-7.103460447025184976e-01,-6.792801836202569943e-01,-6.664289000269805197e-01,-6.878924616107031653e-01,-6.502322753307038239e-01,-6.580784832903332493e-01,-6.492708879099625685e-01,-5.622101245070362241e-01,-5.611702967863563263e-01,-5.592728414226612044e-01,-5.065294793397628892e-01,-5.005482722730136835e-01,-5.087009797794784793e-01,-4.928942249316567437e-01,-4.583240295498864358e-01,-4.359844375084345747e-01,-4.905690500427352108e-01,-4.011957786911493073e-01,-3.754912981189267307e-01,-3.298901026467018216e-01,-3.630497970980178235e-01,-4.011104158837454081e-01,-3.408273974253213101e-01,-3.051700575312789598e-01,-2.968244386133412349e-01,-2.804492325015667809e-01,-2.810397597986083462e-01,-3.499810164788172973e-01,-3.023209682635867313e-01,-3.549071680093620063e-01,-3.022875320514764597e-01,-3.204382635730445017e-01,-3.148660674033577078e-01,-2.043262271119393458e-01,-2.930148858376740439e-01,-2.580053409975864298e-01,-2.669706869967497509e-01,-2.684133619710246665e-01,-2.179120913884912414e-01,-1.942018035672661569e-01,-2.915830815164565659e-01,-2.486100321134296076e-01,-1.770559665178322861e-01,-2.227442689107506368e-01,-1.616344728365648464e-01,-1.600921013711913699e-01,-1.670908009889960910e-01,-1.074124835673451739e-01,-1.404919493735709568e-01,-1.476750592409217799e-01,-1.652511044372731164e-01,-1.628642544648011004e-01,-1.982517598003889769e-01,-2.398050773473881236e-01,-1.734742005992971903e-01
-8.106699194432868127e-01,-8.080499417219423330e-01,-8.016269319891820011e-01,-8.092076092872263482e-01,-8.008455906688118908e-01,-8.171586871062478385e-01,-7.471637906643384675e-01,-7.856383938808197964e-01,-7.491596801985028753e-01,-7.468509209079985389e-01,-7.574233053006497185e-01,-7.585812771066443583e-01,-7.064616511103098961e-01,-7.521347796924980900e-01,-6.934006937390611025e-01,-7.727646465088725547e-01,-7.575515773044888546e-01,-7.344012278742851896e-01,-7.332392094204214228e-01,-7.323463629010881215e-01,-8.163400615627245394e-01,-7.133362435232359910e-01,-7.755830058374040270e-01,-7.382266715961395276e-01,-6.923828548253502246e-01,-7.455982829023696246e-01,-7.405267067136750425e-01,-7.082674002130041613e-01,-6.828928507429646855e-01,-6.852860176496727851e-01,-6.645573994237320425e-01,-6.543279284241685367e-01,-5.907331675011689986e-01,-5.592164165276446441e-01,-5.635815546953962807e-01,-5.098342497438621557e-01,-5.530724616412326933e-01,-5.434335371544865012e-01,-5.094983392987918469e-01,-4.495034992747057312e-01,-5.031619133609440686e-01,-3.945011724333221115e-01,-4.620898931665896603e-01,-3.879785506650191840e-01,-3.586648717835735356e-01,-4.213905746293828969e-01,-3.535704675386319717e-01,-3.242356846084827326e-01,-3.729909214365476067e-01,-2.593349157317076381e-01,-3.925407672862046837e-01,-3.343391751025476255e-01,-3.559898383634886310e-01,-2.835007496879248801e-01,-2.864014466128192993e-01,-3.080574304633718064e-01,-3.073728706234220565e-01,-3.089456187808136689e-01,-2.800161557653327304e-01,-3.366060880673803490e-01,-3.129582699133747759e-01,-3.115490208018364959e-01,-2.661693347927098219e-01,-2.618969552143971535e-01,-2.447182806036807545e-01,-2.877795281905592972e-01,-2.415372063875713127e-01,-2.386682996982019966e-01,-2.287954887298328521e-01,-2.298629592102126862e-01,-2.278617794877128011e-01,-2.484025344505900734e-01,-1.719552534068237160e-01,-1.262219771552352543e-01,-2.204660294189423608e-01,-1.931301118517388948e-01,-2.231753162351251540e-01,-1.126249554806701692e-01,-1.922975018731475361e-01,-2.048810805937612278e-01
-8.213063925526381537e-01,-8.252085394728497780e-01,-7.953660813740994762e-01,-8.179339831341955191e-01,-7.971248750810369099e-01,-7.778626586261299103e-01,-8.105873893473222180e-01,-7.825925877855034463e-01,-7.686471153718233973e-01,-7.723505876752229105e-01,-7.464953578729721650e-01,-7.956481413474304487e-01,-7.323310061745010868e-01,-7.103763469887490745e-01,-7.453008764859567759e-01,-7.312649892814764296e-01,-7.588575250156551766e-01,-7.106593379675975042e-01,-7.633869250577657306e-01,-7.930790822849747013e-01,-7.451125319416989079e-01,-7.654717343211263625e-01,-7.419084429268936187e-01,-7.563241474198513226e-01,-7.188928282287049276e-01,-7.588687493620901447e-01,-6.742592589058500341e-01,-7.563273822606153551e-01,-6.668836112866100008e-01,-6.664051746074662885e-01,-6.521535137487702860e-01,-6.195838715919502748e-01,-6.177118941478766390e-01,-5.753063462885706913e-01,-5.605978335076946539e-01,-5.081583931467896775e-01,-5.043692866524048801e-01,-5.071241208191022976e-01,-4.881758042816013998e-01,-5.006267172500190599e-01,-4.356580412653245915e-01,-4.594050904157035986e-01,-4.367248126339263181e-01,-3.808710281554041899e-01,-4.029516724837120534e-01,-3.931340870054353953e-01,-3.665797209172982907e-01,-3.699481432997034913e-01,-3.364620411251172394e-01,-3.744600346312696448e-01,-3.762033487398755982e-01,-3.114788436236076707e-01,-3.560829519223520645e-01,-3.193157477460545346e-01,-3.298979633790553589e-01,-3.492131966905052676e-01,-2.413212699359974234e-01,-3.910223500767342486e-01,-2.597810288613776053e-01,-3.233887685975038173e-01,-3.001179634236176286e-01,-2.517910680029999404e-01,-3.146740669491206455e-01,-2.676870747742773893e-01,-2.056532308764968398e-01,-1.135290994505364220e-01,-3.119453874490103473e-01,-2.643466923401943669e-01,-1.952109393462883036e-01,-2.396491819937950907e-01,-1.717832824767931976e-01,-2.361992008470835680e-01,-1.294775416729272710e-01,-1.813915000732597427e-01,-1.891655535876893002e-01,-2.140050849070212202e-01,-2.096802513801849510e-01,-1.958027960913822363e-01,-1.704491983792593701e-01,-2.256000021374324482e-01
-8.049620375723721688e-01,-8.116391391502651986e-01,-8.023808473073724690e-01,-8.222011036512367754e-01,-8.188272210299357701e-01,-7.984976343544364363e-01,-7.850508517882779369e-01,-7.819177657518086022e-01,-7.622660092915739538e-01,-7.945831993332964638e-01,-7.571840363415807129e-01,-7.532291616916868549e-01,-8.054854908540352021e-01,-7.317809857575700017e-01,-7.685855631320734904e-01,-7.240516058162664859e-01,-7.623200962438397843e-01,-7.585254718740459534e-01,-6.835127647977577992e-01,-6.883494527848432742e-01,-6.495029719845907268e-01,-7.572000079723614219e-01,-7.157573822329258428e-01,-7.055340910951777289e-01,-7.097746951952531580e-01,-6.923840772828767642e-01,-6.844881254734868081e-01,-6.436301759783303877e-01,-7.024802857390249899e-01,-6.546804191771248282e-01,-6.319284408761852712e-01,-6.067390717855531967e-01,-6.065908760922682497e-01,-5.958998908735962940e-01,-5.427871060780066204e-01,-5.309782712602655330e-01,-5.288102737681235066e-01,-5.227913422694467904e-01,-4.952190847731372525e-01,-4.734692561806542743e-01,-4.631669490264515021e-01,-4.960729649599840418e-01,-4.345241869863017969e-01,-4.268114067701510583e-01,-3.821560388147434706e-01,-4.481021172897988736e-01,-3.451778003817699836e-01,-3.685782847407396146e-01,-3.347964915629890736e-01,-4.254450480886539099e-01,-4.122814785441222818e-01,-3.959025776031621646e-01,-3.573396200244723375e-01,-3.823316819109849884e-01,-3.618633587287654052e-01,-3.474865299162195886e-01,-3.165352440482677165e-01,-3.549995034889565915e-01,-3.571914054665947247e-01,-3.796425531092755823e-01,-3.455711706518326265e-01,-3.091642222280827079e-01,-2.751738362334029131e-01,-2.655845608399864943e-01,-2.125252091475945682e-01,-2.864470947960347513e-01,-2.326911697538669166e-01,-2.879821068685845531e-01,-2.200110890343643655e-01,-2.385282724559625867e-01,-2.796385338661437348e-01,-2.838311785344723726e-01,-2.871931247462924941e-01,-1.430408912272058686e-01,-2.212581896346104415e-01,-1.472483866161718169e-01,-1.574079924474513226e-01,-2.456561607567914751e-01,-2.246850670048071152e-01,-2.302623758961415967e-01
-8.004317487596279701e-01,-8.060682014616424862e-01,-7.957022230574855026e-01,-7.992604526976236912e-01,-8.031382392956822880e-01,-7.925162116291393222e-01,-7.794974080474680322e-01,-8.023770369735314656e-01,-7.780523011689318702e-01,-8.074429293954028530e-01,-8.093236089630393426e-01,-7.813950075750993873e-01,-7.223798646654953082e-01,-7.281583462818385089e-01,-7.528486092006160257e-01,-7.729936999364119821e-01,-7.682179744937887023e-01,-7.354531829905825990e-01,-7.347155929167666910e-01,-7.120441407903985720e-01,-6.709329051870188687e-01,-7.464780206695899034e-01,-6.896816219137266168e-01,-7.553695463819761757e-01,-7.381082362095979787e-01,-7.399265390814674381e-01,-6.983826637050508657e-01,-6.999796424828423902e-01,-6.723646804312359837e-01,-6.801291880347636321e-01,-6.088189606865392900e-01,-6.207774091339257616e-01,-6.082820777851345451e-01,-5.730013085605564216e-01,-5.456883816426251199e-01,-5.020245822617885878e-01,-5.290848748752455810e-01,-5.342703148473794128e-01,-5.413761884465067009e-01,-4.673618053729333144e-01,-5.068825670284384799e-01,-5.193965812646352820e-01,-4.368352759910020255e-01,-4.172590528486115335e-01,-4.123392462851633300e-01,-4.415043552246381009e-01,-4.598546195566548533e-01,-3.822605359980458251e-01,-3.684150917980273388e-01,-4.173121844404258374e-01,-3.739543163891586586e-01,-3.941832643398997527e-01,-3.775499185302779170e-01,-3.563134973624674240e-01,-4.071615521854223818e-01,-3.382812097550106367e-01,-3.514570671994470819e-01,-3.444981047339663038e-01,-3.312453871912205416e-01,-3.114949271261963082e-01,-2.911779354262885589e-01,-3.478632209880453963e-01,-3.150108858676951007e-01,-2.798714204111796833e-01,-3.225614406907449383e-01,-2.620522408844262463e-01,-2.291901361068959253e-01,-2.873573857028119960e-01,-1.875142187888546308e-01,-2.082518801817167253e-01,-2.595214813063720927e-01,-2.155217488445203555e-01,-1.612316363993358259e-01,-2.541616843022945771e-01,-1.967919459276957772e-01,-2.755014579563626054e-01,-1.763073213707827824e-01,-2.579199723498613595e-01,-1.569505399913876387e-01,-9.112522328602778998e-02
-8.111957714043351864e-01,-8.222469989614020758e-01,-7.905465991216249488e-01,-7.752825800637246356e-01,-8.083696632781710578e-01,-8.011016880569835630e-01,-8.078566490441126957e-01,-8.130297327988009748e-01,-7.785611330745313419e-01,-8.315079899332394886e-01,-7.232817644345806984e-01,-7.772093847684917733e-01,-7.597173673299385532e-01,-7.723383530190253143e-01,-7.508421087598640131e-01,-7.270864611985872195e-01,-7.174543476397942099e-01,-7.194146307001775265e-01,-7.969018817564155199e-01,-6.945467101331782578e-01,-6.697234042927990849e-01,-7.528159241617475850e-01,-7.384427786690247464e-01,-7.209344433947533215e-01,-6.604884939364702445e-01,-7.010197515491159992e-01,-7.028706372307635952e-01,-6.668576801496092221e-01,-6.808128398871496900e-01,-6.797851956178606603e-01,-6.481902305882911719e-01,-6.341705169080228410e-01,-6.189980375956329883e-01,-5.740899585410977890e-01,-5.683417841738085396e-01,-5.573866730967971250e-01,-5.540953430224683229e-01,-5.642162694519406996e-01,-5.050285057237416941e-01,-4.774115220585066766e-01,-5.123571013427764553e-01,-5.024477590130044247e-01,-4.804596569463497335e-01,-3.764338941197016286e-01,-4.521368784179445877e-01,-4.352667631734321585e-01,-3.938368487919371996e-01,-3.536337197336606453e-01,-3.972803606951843536e-01,-3.844969117747226162e-01,-3.459660236692372326e-01,-3.640567236326007761e-01,-2.654213387791896084e-01,-4.155183472328475847e-01,-4.638996570662851648e-01,-4.028793915684815707e-01,-3.814353628934977758e-01,-3.490129485972538470e-01,-3.197609728849475363e-01,-2.974382513963876873e-01,-3.429201753022007582e-01,-3.196889010064821735e-01,-3.017170188663878538e-01,-2.581450730461060106e-01,-3.036352609426949400e-01,-2.857180253260832581e-01,-2.962991763341331630e-01,-2.981773027845446844e-01,-2.788519406677926193e-01,-3.005654353091623543e-01,-2.493040722361971606e-01,-2.659432702378773383e-01,-1.766938712392188415e-01,-1.584343114291627275e-01,-1.514375486543952931e-01,-2.411151772691196848e-01,-1.835688646913042621e-01,-1.894369473738533316e-01,-1.849329508693904889e-01,-2.359428935554674922e-01
-8.080869344757497519e-01,-8.042570873758253525e-01,-7.907219119729895773e-01,-8.061148588159741113e-01,-7.742099332951192237e-01,-7.887429892643048612e-01,-7.602372273006458014e-01,-8.241864301134115278e-01,-7.876723469120258114e-01,-7.931381191251172247e-01,-7.664096153108448384e-01,-7.868487223304257983e-01,-7.522487729984460580e-01,-7.649748405211960200e-01,-7.737571100022078152e-01,-7.602477677493006958e-01,-7.502723843030437711e-01,-7.111945595012242327e-01,-7.289615635642296976e-01,-7.688767432056999862e-01,-7.082743380918748999e-01,-7.860666036584296190e-01,-7.096057842688540118e-01,-7.282492431702344282e-01,-6.844323470572523105e-01,-7.084306441658602127e-01,-6.996635929204491067e-01,-6.765612898238644313e-01,-6.491023990718164383e-01,-6.926897942703138522e-01,-6.273588476063109987e-01,-6.355305878807490094e-01,-6.065139734684529271e-01,-5.767878544717038869e-01,-5.756053794509478072e-01,-5.876271304374712789e-01,-5.872608325469343971e-01,-5.681564484999926945e-01,-5.561445578831125669e-01,-4.857532188154751185e-01,-4.909282782001636036e-01,-5.011696912363405865e-01,-4.548647783087069740e-01,-4.444399318066835081e-01,-4.812917254029754899e-01,-3.895518468501733556e-01,-4.621973253677024718e-01,-3.643739590801872152e-01,-4.027247444706077983e-01,-3.960565615121703908e-01,-3.888620463718438502e-01,-3.978369380215097117e-01,-4.385168918616905165e-01,-4.496372723539959204e-01,-4.002839897283302362e-01,-3.403905072907446594e-01,-3.842065958532664971e-01,-2.985853043205673463e-01,-2.941789996632143134e-01,-3.018547665920534584e-01,-3.186936912616492590e-01,-3.341917919705696405e-01,-3.676704270037400857e-01,-3.144572883191105728e-01,-2.837292660989015891e-01,-2.706612156822822968e-01,-3.411168868015568290e-01,-2.846289967254788111e-01,-2.729510597291961438e-01,-3.396740477989911855e-01,-2.361269405814263034e-01,-2.054012127477169158e-01,-1.855079224385829673e-01,-2.246182889374335190e-01,-1.968715089404661778e-01,-8.965812225214118969e-02,-2.377302694919058712e-01,-2.146858576044113898e-01,-2.007032392779156960e-01,-1.431837466586459717e-01
-8.202307967672978206e-01,-8.180230097650535992e-01,-7.985312558127790616e-01,-8.368714029531706400e-01,-8.185586683268610830e-01,-7.917800274154646045e-01,-7.848710392486694110e-01,-7.638897036457834577e-01,-7.900545835928826088e-01,-7.671739302749257527e-01,-7.802745791595877556e-01,-7.674231155875116395e-01,-7.662783034107438773e-01,-7.284653571491505053e-01,-7.243943139155526456e-01,-7.955445954446431767e-01,-7.831516012455030928e-01,-7.518140715888549375e-01,-7.084326796796320824e-01,-7.192391186358332300e-01,-6.659273458702280601e-01,-7.107567422019447356e-01,-7.257836533897364939e-01,-6.930939336949375473e-01,-7.357797254621450955e-01,-7.041491359212515011e-01,-6.925078277789159520e-01,-6.748745138488296824e-01,-6.823731755604491855e-01,-6.583339126300729038e-01,-6.854180324099240496e-01,-6.547873048529979645e-01,-6.304278429232185177e-01,-5.920069593892237636e-01,-5.660449039726523912e-01,-5.735479684432694958e-01,-5.778233067091231856e-01,-5.438564280922865146e-01,-5.168979812205496405e-01,-5.617947897838105886e-01,-5.201888941678243228e-01,-5.234894116403495667e-01,-4.453839151565451293e-01,-4.753306820516465248e-01,-4.951472101673621840e-01,-5.023954619562014390e-01,-4.325603641796082477e-01,-4.364420830172346388e-01,-3.976590682994149972e-01,-4.108756098218076525e-01,-4.365366075230649456e-01,-4.969777925350630232e-01,-3.623189418319298638e-01,-4.051552596349254354e-01,-4.229374879855873903e-01,-3.438997787461965383e-01,-4.071907037408687979e-01,-3.306179659619540301e-01,-3.519517749896782788e-01,-3.053530339762193235e-01,-3.876625780740299287e-01,-2.783622742935951688e-01,-2.258528166055206177e-01,-3.755717080899100280e-01,-3.113471091879550512e-01,-3.312035975103450047e-01,-2.522045242676891896e-01,-3.284406053656799829e-01,-3.334057098444253575e-01,-2.660753897669111967e-01,-2.373178044840877909e-01,-2.792621169991637564e-01,-1.686961070571610100e-01,-2.585068611121902338e-01,-1.921005480013245892e-01,-2.478022596353980644e-01,-1.820162278328390781e-01,-2.852414462834812481e-01,-2.099320443792854207e-01,-2.242247499923649967e-01
-8.086988687442426826e-01,-7.969845775437636171e-01,-7.922795201935597387e-01,-8.090511574905276948e-01,-8.294594762324912773e-01,-8.030063166679439757e-01,-7.721280706484597856e-01,-7.981660975371350775e-01,-7.433698838980574708e-01,-7.688900873814430437e-01,-7.851148856809146981e-01,-7.611808815654677041e-01,-7.606826880005550517e-01,-7.761640703539222086e-01,-7.090280498880419113e-01,-7.356085714196821668e-01,-7.882179491959302453e-01,-7.269505793919827097e-01,-7.523328787842198384e-01,-7.041101068879669356e-01,-7.312811750997714189e-01,-7.645933747021833593e-01,-6.904623284846034270e-01,-6.895521939034731096e-01,-6.701685253838661760e-01,-7.660866162815850311e-01,-6.655229560276382239e-01,-7.069678151041963732e-01,-7.058138569643988003e-01,-6.423022281457821947e-01,-6.357974020489962630e-01,-6.463095162660643656e-01,-6.184859027594058478e-01,-5.617592247247974457e-01,-5.856302177300716227e-01,-5.983781990950016727e-01,-5.805445172616313654e-01,-5.360710751526576168e-01,-5.055199568586802306e-01,-5.260306898688050792e-01,-5.062613435853219324e-01,-5.200608293584306763e-01,-4.930391363251037662e-01,-4.744953045458836227e-01,-4.808858829601644902e-01,-4.330061074572369439e-01,-4.128918704266439366e-01,-3.958964818069369285e-01,-4.186380388291873200e-01,-4.400690495566717542e-01,-4.401894598032537465e-01,-4.455202322765315914e-01,-4.130008157688244697e-01,-4.474413303102403039e-01,-4.163048139774460088e-01,-3.651616469405149501e-01,-4.120829828137749784e-01,-3.424061857960578603e-01,-3.553604474347731856e-01,-3.506332341705321598e-01,-3.874331724378549113e-01,-2.909818555576901278e-01,-3.514525200705101993e-01,-3.249736399221614391e-01,-3.133401811392289016e-01,-3.868198313504699892e-01,-3.244720400072101940e-01,-2.507497406438039533e-01,-2.090084366993333331e-01,-2.089199293043789429e-01,-2.163500584590013764e-01,-2.270376558772741193e-01,-2.968935610926309310e-01,-1.791332988966985729e-01,-2.255986706882082415e-01,-1.962237684276930128e-01,-1.380883232266086336e-01,-1.978290625496115784e-01,-1.281245303756824161e-01,-2.057996573144844910e-01
-8.030992859636738590e-01,-7.957215374566367627e-01,-7.978563620128812373e-01,-8.164277343977773826e-01,-7.901540426586300958e-01,-8.032360137279942469e-01,-8.028143800211426928e-01,-8.024759368186724640e-01,-7.884393920623076202e-01,-7.949925191665048185e-01,-7.880542024244699961e-01,-7.561483527584055286e-01,-7.459275595106285017e-01,-7.618119773482702195e-01,-7.633001640595084014e-01,-7.916811496309166252e-01,-7.545582528717634796e-01,-7.171754571800192934e-01,-6.831898293233125141e-01,-7.360547536290112935e-01,-6.490913459267244612e-01,-7.275208613608160624e-01,-7.690666127956914400e-01,-7.279018155700150983e-01,-6.962202417637265439e-01,-6.958603692530601625e-01,-7.050688408473161362e-01,-6.915831681210904414e-01,-6.552073760506621491e-01,-6.745916432966686527e-01,-6.089246554535847622e-01,-6.483233900417144646e-01,-6.067758819942202786e-01,-5.746403184454808022e-01,-5.966291302272118680e-01,-5.669609142574253413e-01,-5.910850993134592057e-01,-5.267638855033206502e-01,-5.334898063034896332e-01,-5.491167837349849590e-01,-5.112209170644187450e-01,-4.933741797736501122e-01,-4.787678816690298378e-01,-5.442452609309434974e-01,-4.892020568915179668e-01,-4.549451884585954398e-01,-4.160834111118238976e-01,-3.943305472703120818e-01,-4.250844649816128418e-01,-4.001220897466467030e-01,-4.148674423632000008e-01,-3.686582866918017287e-01,-4.353188377359998862e-01,-3.818521880031394145e-01,-3.735147469539786824e-01,-3.914336155883602619e-01,-3.844242651361055585e-01,-4.079076380456611584e-01,-3.551497076292048916e-01,-3.506374962938114126e-01,-3.887024442231993282e-01,-3.438715124821975500e-01,-2.969987137338682692e-01,-3.763777631554831582e-01,-2.471001731669325852e-01,-2.714541625229359711e-01,-2.891895276435340056e-01,-2.902259550592859449e-01,-3.833985480075167707e-01,-3.122456670668294354e-01,-2.748976731811037522e-01,-2.422296067835630340e-01,-2.274910414290414740e-01,-3.148855367064112287e-01,-2.816324342209866050e-01,-1.858731939008063661e-01,-1.418981434711098499e-01,-1.533086429944763851e-01,-1.800186008335625254e-01,-2.016883445073937853e-01
-8.159445723707025033e-01,-8.147102702458146606e-01,-8.018549118877523751e-01,-8.259427993046162264e-01,-7.980607823617520413e-01,-7.833951431321072301e-01,-7.870761055463234568e-01,-8.002078036819061380e-01,-7.796082219486282217e-01,-7.596626995188433540e-01,-7.930947673682425814e-01,-7.894651576463987963e-01,-7.472611293589730419e-01,-7.322206138659733687e-01,-7.608483458613606309e-01,-7.656504889032879069e-01,-7.566984602641659841e-01,-7.335884643527060822e-01,-7.012384799585091866e-01,-6.969651133887733163e-01,-6.439587869167340273e-01,-7.151905066514099296e-01,-7.233605258396079707e-01,-6.753642416867388087e-01,-7.296039729715080302e-01,-7.000493824638031048e-01,-7.360708199211213332e-01,-6.736738048365361609e-01,-6.658860692371717516e-01,-6.846356199523165875e-01,-6.139742745222146469e-01,-6.129091396205789133e-01,-5.957267511652672987e-01,-5.757827557684225273e-01,-5.830098421376858076e-01,-6.028606608582839366e-01,-5.746128095640824496e-01,-5.539324345760072710e-01,-5.638504741911921636e-01,-5.449245515549766550e-01,-5.101772717021099135e-01,-4.690958678136654680e-01,-5.291178495766220014e-01,-5.150773254204606966e-01,-4.650081282660859516e-01,-4.150481333845144061e-01,-4.381912069872205273e-01,-4.456713606686941720e-01,-4.194792026499233328e-01,-4.116782262227542954e-01,-4.349372204056415891e-01,-4.250282802455248587e-01,-4.664263355749828088e-01,-3.869457366248640895e-01,-4.054569999348437981e-01,-3.798010828477701994e-01,-3.848881883481444777e-01,-3.942107932700202877e-01,-3.477887330296500212e-01,-3.645560907527009564e-01,-4.294869200708382184e-01,-3.283156646907008924e-01,-3.588097034321604539e-01,-3.041264486262020839e-01,-2.092585962980264003e-01,-2.978375826792799552e-01,-2.506814293263221471e-01,-2.671084718485038922e-01,-3.357514146772543340e-01,-2.289003273903832680e-01,-2.120497229717797916e-01,-2.503167732795444911e-01,-3.195511997172794105e-01,-2.327910230628525978e-01,-3.092694433278447286e-01,-2.397710326784466550e-01,-2.726581885090643698e-01,-2.763180709313733940e-01,-2.930138589225721457e-01,-1.941845115042818426e-01
-8.061894977906636228e-01,-8.022819966329708397e-01,-7.997906635221370131e-01,-8.289384482779488250e-01,-8.171168128321155688e-01,-8.012051639030435268e-01,-7.905350060722154959e-01,-7.815990887650895447e-01,-8.075128334484362735e-01,-7.920834505717561091e-01,-8.029879640869854729e-01,-7.765978486434479411e-01,-7.460955360649895729e-01,-7.302524484680673611e-01,-7.000360174630031462e-01,-7.232455965689411626e-01,-7.453197328829580526e-01,-7.398568575780255507e-01,-7.554659735574597024e-01,-7.165322084410269410e-01,-6.662968161344525742e-01,-7.021824339723289343e-01,-7.094041186678962108e-01,-6.959269103011370694e-01,-7.344329125731307029e-01,-6.890840989871694910e-01,-6.564246833958780059e-01,-6.419470485328993004e-01,-6.408239669895058332e-01,-6.360362793231958412e-01,-6.558867307800360091e-01,-6.105667523030701149e-01,-5.723937683417040789e-01,-6.150536996787372424e-01,-6.011676204280591573e-01,-5.992278466370802859e-01,-5.421943122454832009e-01,-5.605869436858562649e-01,-5.884168203421487053e-01,-5.605275750449512095e-01,-4.926480954596634265e-01,-5.059245800422879080e-01,-5.451303930827738897e-01,-5.119257606567683139e-01,-4.670250396789514258e-01,-4.588622192603622474e-01,-5.205047141918273113e-01,-4.703208286513551051e-01,-4.405788620117446208e-01,-4.191109193309148773e-01,-4.763003783412769199e-01,-4.467208661075281473e-01,-4.496176560752229157e-01,-4.820270081644542071e-01,-3.699106230428191311e-01,-3.091641894711015248e-01,-4.616624628829787413e-01,-3.954618791466356087e-01,-4.205601023881057610e-01,-4.070180876741846254e-01,-3.755423223632389229e-01,-3.284986575531002595e-01,-3.221652549388783204e-01,-3.694627596009016357e-01,-3.138000666294760710e-01,-2.891141174065749442e-01,-2.927325482742047513e-01,-2.870064207709135951e-01,-3.453193621499031085e-01,-2.799094459594403395e-01,-2.532021046772475192e-01,-3.752598286295544261e-01,-1.748194665435134076e-01,-2.819260976122722751e-01,-2.287254388336492361e-01,-2.439637190306064296e-01,-2.475230051486825844e-01,-2.879509187450592922e-01,-2.224993418427702319e-01,-2.320225239925186034e-01
-7.880036936144159121e-01,-8.022351470661841510e-01,-7.981190589797300117e-01,-8.007146027824991741e-01,-7.993408338247920408e-01,-8.065432365313471852e-01,-8.141434704842805958e-01,-7.553722422632613842e-01,-7.905812649366988909e-01,-7.912886185332186351e-01,-7.550386179845339774e-01,-7.478123002637796501e-01,-7.518084247315346413e-01,-7.745028381820243668e-01,-7.098127090628332247e-01,-7.306482275721154496e-01,-7.126010910192911441e-01,-7.363651026487231244e-01,-7.292210941602313978e-01,-7.095717378676742459e-01,-7.596381654044122023e-01,-6.854024870915157441e-01,-7.070701808140780198e-01,-6.463628463016439785e-01,-6.687860307729063258e-01,-6.922286848349903376e-01,-6.815598786453688218e-01,-6.729111439619133161e-01,-6.658046250421763013e-01,-6.597055591538227848e-01,-6.344753007870368444e-01,-6.147827291023457708e-01,-6.248730017483148380e-01,-6.371533176020578448e-01,-5.920785480160013492e-01,-5.591378547944503286e-01,-5.550581570586495816e-01,-5.800645559938600870e-01,-6.014206068001339833e-01,-5.415650265209810410e-01,-4.676704384514965840e-01,-5.191591433451854254e-01,-4.913008233516730217e-01,-4.820355303806695413e-01,-4.549170735761687845e-01,-5.238348231816191136e-01,-4.896396753671477531e-01,-4.793855085699196272e-01,-4.657202436613870344e-01,-4.614666216278468514e-01,-4.486780998739847703e-01,-4.969482533109578215e-01,-4.137055658300304861e-01,-4.809897031447435967e-01,-4.244689923719999758e-01,-3.895265527396846728e-01,-4.207086038991548760e-01,-4.150122928511835729e-01,-3.936106618196559270e-01,-3.763183417543270459e-01,-3.518303403054661715e-01,-3.716437075303904991e-01,-2.982482527102516823e-01,-2.931677248912787914e-01,-3.624116841223484209e-01,-2.495582517594869543e-01,-3.177597167924547938e-01,-2.785604853453190755e-01,-2.704217410811128319e-01,-2.442398049477151611e-01,-2.944576234207756937e-01,-2.411070136856708623e-01,-2.176181731302722355e-01,-2.492089870554181352e-01,-2.026468489211922241e-01,-2.997891867402391330e-01,-2.074595180558412022e-01,-3.258494427026251139e-01,-2.601697389671220884e-01,-3.027735312277449187e-01
-7.874569722043532893e-01,-7.960567884443040532e-01,-7.898085334619036058e-01,-8.070183363332882331e-01,-8.021949148309688304e-01,-8.073240871250163542e-01,-7.870661732253144693e-01,-7.952357351032870447e-01,-7.785811450253135035e-01,-7.998230669040428120e-01,-8.103775616530952686e-01,-7.664700939275682634e-01,-7.607226418022323688e-01,-7.557567951731087863e-01,-7.220488730216144679e-01,-7.502142191668317306e-01,-6.948668378013725944e-01,-7.265145101642612735e-01,-7.284684282651174847e-01,-7.232115138742529759e-01,-7.428113607849370359e-01,-6.795131821974950137e-01,-7.369065817332739465e-01,-6.814784348704506778e-01,-6.896148188668768109e-01,-6.676925779349650591e-01,-7.040053142816999898e-01,-6.710494165950009471e-01,-6.537709242872117299e-01,-6.452030443351307598e-01,-6.501873141062221029e-01,-6.461798536205625165e-01,-6.222342764589139374e-01,-6.460206224298642441e-01,-5.675608435958037212e-01,-5.692739853390835769e-01,-5.905991991682862929e-01,-5.567981074646175532e-01,-5.748481493841235412e-01,-4.895022281521794749e-01,-5.391001874728925669e-01,-5.593572220757789815e-01,-5.327712317965774824e-01,-4.649762918781984999e-01,-5.204681643819746295e-01,-5.113343528341529609e-01,-4.882172859768719175e-01,-4.798008976461051178e-01,-5.029613587025473231e-01,-4.656889790336712909e-01,-4.388933135484356374e-01,-4.653921309086749281e-01,-4.462699410150188783e-01,-4.135386520800767296e-01,-3.591951537702581243e-01,-4.117314141358645596e-01,-4.173422345699867031e-01,-3.536680602643825222e-01,-4.012781790966402085e-01,-3.957650740828798086e-01,-3.898308617301083911e-01,-3.826831783000274601e-01,-3.405381560180594236e-01,-3.886859972799978635e-01,-3.042389111358906884e-01,-3.388966740030618374e-01,-2.962426582966177779e-01,-2.945881723613794079e-01,-3.539053147019576295e-01,-1.914207736681564909e-01,-3.316530925941302832e-01,-3.234065969919829309e-01,-2.676018506645551631e-01,-2.602382348810119983e-01,-3.210440540396553577e-01,-3.162783216901997596e-01,-2.415948797227779610e-01,-2.517357682879771130e-01,-2.551390335097752371e-01,-1.407477098875861143e-01
-8.126606849284245815e-01,-7.964183089620333611e-01,-8.212883488785870378e-01,-8.032471567783996402e-01,-7.984173801594472986e-01,-7.893054192128532431e-01,-7.834463140948256799e-01,-7.599681525597777876e-01,-7.955385600450930461e-01,-7.737893805852034124e-01,-7.706274473458918362e-01,-7.964089267326864841e-01,-7.603473962829117028e-01,-7.370470159310860137e-01,-7.633251753464429523e-01,-7.754871917024509509e-01,-7.549877393412596227e-01,-7.001973268497820868e-01,-7.363219443025009747e-01,-7.447740523847786731e-01,-7.007102297658452938e-01,-7.053683616017077940e-01,-6.817813278511811736e-01,-7.154626035046268706e-01,-6.880884380678023993e-01,-7.013576434779245083e-01,-6.940488319009030516e-01,-6.446583734912499919e-01,-7.024223532559130678e-01,-6.334162034622963233e-01,-6.209465955632282874e-01,-6.424238838246700833e-01,-6.406702443475847941e-01,-5.982400585249593172e-01,-5.878323775588166766e-01,-5.828449561810120638e-01,-5.913248208778252302e-01,-5.907525381894472849e-01,-5.446301109223331549e-01,-5.388238215875019721e-01,-5.693589416264380754e-01,-5.340750543511294524e-01,-5.021000550965839526e-01,-4.666660965441662978e-01,-4.825245956846073714e-01,-4.631814690988118599e-01,-5.037957458607423833e-01,-4.544968408362181078e-01,-5.122384682675197309e-01,-4.980022172759006605e-01,-4.503536253954936730e-01,-4.792922528161739915e-01,-4.471367100882653878e-01,-3.949226467799754614e-01,-4.086214950494092557e-01,-4.446774648158031695e-01,-4.098379821566761616e-01,-4.755881609511650177e-01,-4.381241327837023802e-01,-4.234074049576959098e-01,-4.549157693895525822e-01,-4.214899190843718335e-01,-4.302793187542822140e-01,-3.357551114071414267e-01,-3.726494118666235922e-01,-3.180673241368340842e-01,-3.661003342661409699e-01,-2.879550913147375102e-01,-3.157956260072184440e-01,-2.916889837677433261e-01,-3.880779768921633344e-01,-3.200892793966344518e-01,-3.143009237256134125e-01,-2.669690606319728432e-01,-2.574320584513785093e-01,-3.148646284497608194e-01,-2.857013815890050434e-01,-3.125948336756917412e-01,-3.714008015301490939e-01,-2.053763849726868707e-01
-7.982527059749632281e-01,-8.007295780075409652e-01,-7.899701965167073014e-01,-7.694639418226176808e-01,-7.779685614953069095e-01,-7.945276642035913328e-01,-7.891470618246799740e-01,-8.053152012288885553e-01,-7.819438574967386701e-01,-7.920221010688919261e-01,-7.701991502341110074e-01,-7.750244437719967516e-01,-7.431844683615588254e-01,-7.447618254730736798e-01,-7.359450036958941066e-01,-7.268334823124156241e-01,-7.258439270772586438e-01,-7.157315971874332883e-01,-7.138650319386398158e-01,-7.179098698413304280e-01,-6.628620628608408172e-01,-6.866830807264651115e-01,-7.313219097163412563e-01,-6.866165662834604611e-01,-6.725638861573212113e-01,-7.176135592957764153e-01,-6.386900793744400007e-01,-6.862360456360891980e-01,-6.414446160158920884e-01,-6.284273188356035433e-01,-6.804893774255302841e-01,-6.729599159580617052e-01,-6.355948399379391933e-01,-5.982094962357785706e-01,-5.420815492779844647e-01,-6.352978108122538936e-01,-5.646244833511168126e-01,-5.478430843335597711e-01,-5.428335113637448028e-01,-5.164967528751053250e-01,-5.459902452440860143e-01,-5.377825842311398929e-01,-5.378145626315281591e-01,-4.561252806447065877e-01,-5.119226266004026638e-01,-5.287786643353125093e-01,-4.822077015976709569e-01,-4.814505963816255729e-01,-5.276332072743178392e-01,-5.174658722933564992e-01,-5.251552694349942429e-01,-4.396213518491763339e-01,-4.617496469241126333e-01,-4.708656425437217630e-01,-4.653834253161240331e-01,-4.806915127010212840e-01,-3.603667076935206937e-01,-4.378779484005692613e-01,-3.015980202817059586e-01,-4.080756848640081924e-01,-3.682216940144871775e-01,-3.771016955965038608e-01,-3.859026510305244018e-01,-3.231473297696654812e-01,-3.961423524411081809e-01,-3.491790114344325846e-01,-3.897604095319005535e-01,-3.705301893581781081e-01,-3.660501122973132127e-01,-4.439368628732772715e-01,-3.105611260539680729e-01,-3.666780045580343983e-01,-3.534962897403751692e-01,-3.251857798853508563e-01,-3.071672726410727972e-01,-2.896713323607326140e-01,-2.984913178253186805e-01,-2.500224001994014733e-01,-2.758155546891690180e-01,-2.812454942775710620e-01
-7.941800358203259247e-01,-8.023953017665619303e-01,-7.898955443400800247e-01,-7.815488460520363390e-01,-8.181586412053485358e-01,-7.734678115800962539e-01,-7.779152185119606600e-01,-7.948351967630552517e-01,-7.504291315998706802e-01,-7.757087542674991898e-01,-7.809531217899107203e-01,-7.779561181755615396e-01,-7.584531859068402992e-01,-7.601088023408808514e-01,-7.499430325110268969e-01,-7.251177518224182217e-01,-7.585346226454425800e-01,-7.403042532844903434e-01,-7.128709263757142534e-01,-7.243178703331644153e-01,-7.444848810182159715e-01,-6.873900998802618956e-01,-7.003697513810339670e-01,-6.949283920941325965e-01,-6.997473734780608190e-01,-6.668013805610868427e-01,-6.946396242634549356e-01,-6.521144758143821996e-01,-6.625350634210859235e-01,-6.094742841322043914e-01,-5.941475340112817305e-01,-6.327837069230588529e-01,-5.866494189116627789e-01,-5.805735684756549997e-01,-5.948788265351837579e-01,-5.876533171949288592e-01,-5.342790251028742832e-01,-5.798736961558241809e-01,-5.518520790890268923e-01,-5.620222482867812674e-01,-5.664314132091237131e-01,-4.798510516601650067e-01,-5.328344485411641296e-01,-5.138792460781351767e-01,-5.145249322279603632e-01,-5.183942602383521114e-01,-5.332114497028814792e-01,-4.905641504791523611e-01,-5.178110699257678640e-01,-5.230477384730939372e-01,-5.209673076777066036e-01,-4.647387906421086012e-01,-4.916572862682986877e-01,-4.501405654718290128e-01,-5.003792005743900040e-01,-4.243790443090655340e-01,-3.803786038399684100e-01,-4.136932527767378520e-01,-3.348987467362808390e-01,-3.868228789517124122e-01,-4.160564780157924303e-01,-3.695290491885452888e-01,-3.497006805058350265e-01,-4.324967955746332193e-01,-3.767033790236278823e-01,-3.553738727307780843e-01,-4.288714794717239931e-01,-3.193692711436086906e-01,-3.506473965072217092e-01,-3.556983908458228316e-01,-2.798663399283982667e-01,-2.741840942550116678e-01,-3.523366786393433148e-01,-3.036311949345143479e-01,-3.435671816010338331e-01,-2.643493513703976117e-01,-2.962165233904584527e-01,-2.652425412734557009e-01,-2.808289599199203512e-01,-3.220490679741960238e-01
-7.815841262191689509e-01,-7.820155172389819942e-01,-7.878674348689187479e-01,-7.864288319107066716e-01,-8.072240338414163885e-01,-7.787157736860722546e-01,-7.809537447372021379e-01,-7.642113841861012391e-01,-7.810803861909028090e-01,-7.509584806488754927e-01,-7.818351034780950393e-01,-7.690269505576988740e-01,-7.632579496838630684e-01,-7.673167445508036755e-01,-7.240418606728914463e-01,-7.395940155382914050e-01,-7.330077930287421939e-01,-7.128189994114820793e-01,-7.270596499566470694e-01,-7.412658354713942410e-01,-6.889206252899710003e-01,-6.446089309108714582e-01,-6.543150375687436515e-01,-6.839307542593666689e-01,-6.775558956217516693e-01,-6.520086215060122425e-01,-6.989662204306666959e-01,-6.673630182374504782e-01,-6.326554513581040817e-01,-6.429623340040145907e-01,-6.375030296789128137e-01,-6.378291566110547706e-01,-5.835391717104067011e-01,-6.129580175136516429e-01,-6.221722852115871838e-01,-5.730819802123867657e-01,-5.557454957934530038e-01,-5.523147375132322345e-01,-5.574441153879975408e-01,-5.275914940008802345e-01,-5.343299369806407961e-01,-4.889910057473336180e-01,-5.024090515952897018e-01,-5.601427401849097265e-01,-5.300144567096585213e-01,-5.157210997632664107e-01,-4.928793132000949817e-01,-5.101697515080593215e-01,-5.045348781794924964e-01,-5.342644871425400455e-01,-4.788790224276023855e-01,-4.563864783047610896e-01,-4.786180651843982004e-01,-5.026555047344073435e-01,-3.887156488087611939e-01,-4.008844048876402111e-01,-4.322612750272867843e-01,-4.255275703735875714e-01,-4.670756896034034544e-01,-4.827265681910154482e-01,-3.576216194371319990e-01,-4.132411850248322027e-01,-4.004777454691945682e-01,-3.936067357235811248e-01,-3.863951073993325824e-01,-4.109798713902737544e-01,-3.925684730384499943e-01,-3.385735177281982700e-01,-3.097338325314265006e-01,-4.293664237253967397e-01,-3.465126546688920839e-01,-3.630445610831772307e-01,-3.108053512312718980e-01,-3.440409681085441762e-01,-2.943288210754880230e-01,-2.073401651465970885e-01,-3.208957057365076082e-01,-3.541451651300599468e-01,-2.795884602904296634e-01,-2.989107948660461034e-01
-7.814612687964146431e-01,-7.752955697803487478e-01,-7.770102060987553738e-01,-7.872582669149144063e-01,-7.679500311628355558e-01,-7.710954835619319159e-01,-7.937672366064780771e-01,-7.579156684281846967e-01,-7.491047173393143854e-01,-7.850808720471352808e-01,-7.631358567043533547e-01,-7.584407600576850150e-01,-7.503427471985353314e-01,-7.552290754965533814e-01,-7.555387615304066662e-01,-7.495664369877776956e-01,-7.154355129284422077e-01,-7.269674935973367003e-01,-7.246665146977938621e-01,-6.964616936888060605e-01,-6.671877033883549801e-01,-7.276566858155865125e-01,-7.101001133639913698e-01,-6.690111525422082206e-01,-6.804804785890203878e-01,-6.883094279459338605e-01,-6.572651157675857281e-01,-6.399854142298112558e-01,-6.429438768236652724e-01,-6.550862048965703233e-01,-6.401230092383028980e-01,-6.046551161187283530e-01,-6.416643625662916683e-01,-6.262610431841519887e-01,-6.243214926208987547e-01,-5.847340328176471314e-01,-5.398420220315652829e-01,-6.024827125734202315e-01,-5.415451196930215483e-01,-5.340345164051000237e-01,-5.277481367496044129e-01,-5.215119690767574534e-01,-5.213202536511098995e-01,-5.107322743241066165e-01,-5.214194066843291786e-01,-5.064214439142505908e-01,-5.392829290184498747e-01,-5.112996948757247972e-01,-4.765859942564905638e-01,-5.316175347111870009e-01,-4.607087550162776157e-01,-4.779291845688884433e-01,-4.914463833214777200e-01,-4.165648415055249187e-01,-4.641211882986863713e-01,-4.436795780764028474e-01,-4.503630535800685064e-01,-4.298788633254949088e-01,-4.683755782584198557e-01,-4.540835945598001855e-01,-3.751160848557206773e-01,-3.656297143100880054e-01,-3.561621863651677766e-01,-2.925801155064041703e-01,-3.553811707306599454e-01,-3.682765055411197919e-01,-3.077332423486801027e-01,-3.359228927767818340e-01,-4.015105173336533939e-01,-3.644905451565780274e-01,-3.213856580782837868e-01,-2.809625189575742366e-01,-3.124203818805456057e-01,-3.702330851680833979e-01,-3.369962968900696576e-01,-2.826811882835876810e-01,-3.549653894950057231e-01,-2.727392296697459528e-01,-3.223227328698083927e-01,-2.366875457908926561e-01
-7.844007083386475010e-01,-7.930425139319320360e-01,-7.743442115798842007e-01,-7.817590660197589747e-01,-7.830815028886031204e-01,-7.661494116006617450e-01,-7.563373144776711632e-01,-7.554430423375140258e-01,-7.645858112282576391e-01,-7.489949243818048163e-01,-7.571798680736099296e-01,-7.968706635731453991e-01,-7.222872871387528981e-01,-7.724763925643988172e-01,-7.234483603691762577e-01,-7.396998384875150823e-01,-7.019317253793422307e-01,-7.282090484142217379e-01,-6.763598233454943820e-01,-7.053191789986127391e-01,-6.970851398769537521e-01,-6.798286084631279813e-01,-6.449819843147388543e-01,-6.709251139371056327e-01,-6.194315023620541316e-01,-6.650020449885131191e-01,-6.383070952170742940e-01,-6.516408553419296146e-01,-6.539406164990780868e-01,-6.322042741148905520e-01,-6.136382256504241406e-01,-6.504511228653411248e-01,-6.121121501346190596e-01,-5.905818004866691950e-01,-5.669056970137933416e-01,-5.667336304577385020e-01,-6.061019867408035111e-01,-5.715226137161931730e-01,-5.649285197190504482e-01,-5.520232645358008616e-01,-5.803425997857657448e-01,-5.187924383612343426e-01,-5.239356685275865511e-01,-5.388766132105609064e-01,-5.482574676307940820e-01,-5.231079555655925306e-01,-5.280463140019553414e-01,-5.335834577233206089e-01,-5.075473213663479477e-01,-5.174134039258212470e-01,-5.148412707079693673e-01,-4.834813352854052115e-01,-4.739117284462816548e-01,-4.854125075009355639e-01,-4.766233869594448946e-01,-4.155644350147914556e-01,-4.775886352596316331e-01,-4.685897924230197353e-01,-4.045150753942122202e-01,-4.024308624777285237e-01,-3.124432475011855170e-01,-4.352706613493644849e-01,-4.530626301796755184e-01,-3.995562505661266473e-01,-3.746992765191251573e-01,-3.912601261935558239e-01,-3.938392592689407556e-01,-3.468592508516570305e-01,-3.966970134577864071e-01,-3.681635126843526562e-01,-3.850677875387433224e-01,-4.319032740487037669e-01,-3.553489672992287129e-01,-2.153994424057358859e-01,-2.940995767095780922e-01,-3.585148750303985832e-01,-2.999828237279393295e-01,-3.114358291028042625e-01,-2.844503190740240717e-01,-2.902308402340169624e-01
-7.823172139012454229e-01,-8.002634383240782023e-01,-7.880729838624925820e-01,-7.742370465048581396e-01,-7.825075229929235876e-01,-7.860948873468899256e-01,-7.729528088488368809e-01,-7.706590885879079922e-01,-7.764631110461545083e-01,-7.960553349066167295e-01,-7.343755426143130371e-01,-7.304529328859538095e-01,-7.612205528474906835e-01,-7.823216997440896048e-01,-7.479329256950603133e-01,-7.227606555008425637e-01,-7.293629086416243412e-01,-7.122439897502226280e-01,-6.976974561145088405e-01,-7.021463185551908293e-01,-7.296963183828161226e-01,-6.810905241444601410e-01,-6.872037383312876724e-01,-7.099586817092167212e-01,-6.685061078178196059e-01,-6.498168516158085994e-01,-6.659860598563280831e-01,-6.365713787843146898e-01,-6.369654977647528638e-01,-6.467624439989340113e-01,-6.233071423767315711e-01,-6.250674458500161679e-01,-6.046381836678010879e-01,-5.748050001721023428e-01,-6.141916154917723691e-01,-6.391667023624684196e-01,-5.941020577311424411e-01,-5.574689383901197948e-01,-5.415958583052092878e-01,-5.436860268063539170e-01,-5.470666168458823142e-01,-5.612494358309297882e-01,-5.543162671363454086e-01,-5.352335998860306976e-01,-5.207972216654448427e-01,-5.332809863079421842e-01,-4.932505124247060779e-01,-5.290788035535806122e-01,-5.547661345825207757e-01,-4.752622985772409492e-01,-4.698492141378810549e-01,-5.276176838839442551e-01,-4.735888829981158565e-01,-4.442155455507600936e-01,-4.640630793740736504e-01,-4.893738817544964759e-01,-3.475251850824241373e-01,-3.831134162869376802e-01,-4.437379836524681376e-01,-4.854522637094403348e-01,-3.027245249886647560e-01,-3.483673876760879362e-01,-3.678345836220738296e-01,-3.006745853598111751e-01,-4.454904990258192754e-01,-3.477519328312648761e-01,-3.341302756877211899e-01,-4.017886625055079874e-01,-3.972753412226827652e-01,-3.214122119387932686e-01,-3.344201707074941354e-01,-3.661180285754433439e-01,-3.189459264366152902e-01,-2.658339508065277745e-01,-3.378280723887830406e-01,-3.406606226422947969e-01,-3.289338196119308000e-01,-2.569211058479134446e-01,-3.839863158744292737e-01,-3.421989416121963279e-01
-7.855390484943232110e-01,-7.622865010841354261e-01,-7.647581809424834898e-01,-7.745260019215771674e-01,-8.077204373191786413e-01,-7.817703758500738065e-01,-7.550758893116299442e-01,-7.445171621315086474e-01,-7.555524592536990713e-01,-7.497519788459626744e-01,-7.446752976413150149e-01,-7.663669827144978797e-01,-7.248737666306687144e-01,-7.417714595075969308e-01,-7.466504726290260630e-01,-6.970764861599831885e-01,-7.307752562155964693e-01,-6.951746988759366364e-01,-7.138350710860641435e-01,-7.096548493781816846e-01,-6.634520258133083104e-01,-6.882843781617027368e-01,-6.716342384044263758e-01,-6.822817471450216553e-01,-6.704563091626112303e-01,-7.096009274369143860e-01,-6.311763361534445949e-01,-6.565585805603735281e-01,-6.485016938742067527e-01,-6.523624199100541698e-01,-6.169107947533770675e-01,-6.190954855321777472e-01,-6.041664390612394575e-01,-5.942322189860704817e-01,-5.872797244305758557e-01,-5.877576851492249954e-01,-5.580883518313032310e-01,-5.693941436828861002e-01,-5.743900117686328022e-01,-5.491122448605912920e-01,-5.259172876912024952e-01,-5.553558508801379467e-01,-5.688520802461586312e-01,-5.408714273289148000e-01,-5.194973232661178608e-01,-5.090547978024662079e-01,-5.518571379621050044e-01,-5.319698159596258913e-01,-5.673688502932510147e-01,-5.183077090159459166e-01,-4.682431438050989603e-01,-4.834145346761667406e-01,-4.561058710267912875e-01,-4.279138308490325060e-01,-4.639302246491565640e-01,-4.343337011893479982e-01,-4.877343773065716537e-01,-4.746131459831277599e-01,-4.475288868927495001e-01,-4.319942455604072751e-01,-3.732806298638700615e-01,-4.246783928097848659e-01,-4.662478188927383083e-01,-4.107886084635337665e-01,-3.455489464307141545e-01,-3.892747494296100452e-01,-3.218265506726422087e-01,-3.869436908405088360e-01,-3.824007815201849181e-01,-3.556085195648338582e-01,-3.736545040452048383e-01,-4.459418420461919719e-01,-2.903818317685959993e-01,-4.114984405296850389e-01,-3.222863117323681581e-01,-3.766728326931556570e-01,-3.172199570756891185e-01,-3.528397998690969706e-01,-3.038052340482627067e-01,-2.823213630147387021e-01
-8.016643839877469757e-01,-7.933783983727388245e-01,-7.781580689950516883e-01,-7.532038277209214261e-01,-7.839580017014020630e-01,-7.999999903621896058e-01,-7.629648803712165694e-01,-7.660027405585062565e-01,-7.493669704974651458e-01,-7.255382167491767342e-01,-7.452796610622393070e-01,-7.618407459985064856e-01,-7.448241801673287643e-01,-7.329711368379990821e-01,-7.554643684888395772e-01,-7.104462814121741410e-01,-6.705188580573955281e-01,-7.147787919644891241e-01,-6.933343614025384571e-01,-7.069693749918821712e-01,-6.879519514536502900e-01,-6.812956748052629852e-01,-6.579286905360380855e-01,-6.799479765772975526e-01,-6.750878503296087185e-01,-6.395164012020674305e-01,-6.576344090083757754e-01,-6.474652023580108606e-01,-6.421971196442600727e-01,-6.316666934240765530e-01,-6.202799570993080547e-01,-6.124483343056051909e-01,-6.178503090182804192e-01,-6.052829441811868882e-01,-6.066714749509870552e-01,-5.757148484157855739e-01,-5.443994033093074725e-01,-6.053275406720876051e-01,-5.864848009527897643e-01,-5.509076248392119624e-01,-5.324141043727290690e-01,-5.342883457560823057e-01,-5.648300206480727503e-01,-5.748567549375362962e-01,-5.415610732880179468e-01,-5.361665931296655252e-01,-5.719179699753164092e-01,-5.351527721177887775e-01,-5.226716672637032879e-01,-5.219112676752886149e-01,-4.759584421842991686e-01,-4.826315159362025153e-01,-5.362253932368540310e-01,-5.185797666418339169e-01,-4.612699668571123568e-01,-4.596355980148364440e-01,-4.185970161914476795e-01,-4.437537351793528484e-01,-4.719536939144567955e-01,-4.265205949900928717e-01,-3.949870935844650433e-01,-4.229421445682238767e-01,-4.353307793457023012e-01,-3.801430153733045825e-01,-3.561307985404944532e-01,-3.988271271204091306e-01,-3.215864264687516849e-01,-4.219578635063638838e-01,-3.536149668944555957e-01,-3.110892947062049996e-01,-4.365355223400940732e-01,-3.638752991398140346e-01,-3.301670875698340946e-01,-3.673958321388938741e-01,-3.021606721223226710e-01,-2.853354107471563483e-01,-2.736267836964687561e-01,-4.069437102879446266e-01,-2.927266166446416684e-01,-2.739707013634936628e-01
-7.796895999477569950e-01,-7.698155364833456638e-01,-7.792650984271497494e-01,-7.767996306405204887e-01,-7.602927010800589747e-01,-7.803574310259175917e-01,-7.672264213750611406e-01,-7.652518926552278611e-01,-7.618124828533646697e-01,-7.568942122185862154e-01,-7.585248369199055762e-01,-7.536694939012396066e-01,-7.478914426566372065e-01,-6.791459682978359114e-01,-6.776867172511189530e-01,-7.223148477429790493e-01,-6.647627226454314586e-01,-6.881720498213025339e-01,-6.784108041800805955e-01,-6.611105374213852581e-01,-6.619014150600457391e-01,-6.384033767875570975e-01,-6.779837383447355759e-01,-6.674786463478370457e-01,-6.320699228260989733e-01,-6.313734070790172348e-01,-6.420813432749163940e-01,-6.324203100490021212e-01,-6.157050209409328234e-01,-6.402944119437729009e-01,-6.383661434444939387e-01,-6.046543615032440311e-01,-6.077453707114262027e-01,-6.086547518469171969e-01,-5.784104771709573933e-01,-5.794885519159460596e-01,-5.425411967225277632e-01,-5.620610206866776259e-01,-5.577570500094733985e-01,-5.282405091650402840e-01,-5.792970391414642428e-01,-5.349554081405971662e-01,-5.400780154721327442e-01,-5.432050855413891322e-01,-5.126778142199905908e-01,-5.560898847302971904e-01,-5.519745280472975191e-01,-5.675449823657974235e-01,-5.319585883061390685e-01,-5.170172052223851455e-01,-5.049350470517077749e-01,-5.085842359331734785e-01,-4.604637286319172573e-01,-5.008524822816217137e-01,-4.814762519512354455e-01,-4.964718066115088591e-01,-5.182073036687318002e-01,-3.707706385484659251e-01,-3.907692439095101222e-01,-4.046795007590177629e-01,-4.669229025241146691e-01,-4.013518837568528230e-01,-3.214247260489504487e-01,-3.869645036687281436e-01,-3.884869207647592138e-01,-3.963455234628437962e-01,-3.878649716736953246e-01,-3.806766336400777551e-01,-3.564157072228646417e-01,-3.918418169697123754e-01,-3.819487632643323582e-01,-3.386790302730127156e-01,-3.765392460303038646e-01,-3.604240684860842148e-01,-3.900217877783090370e-01,-3.046980534503349047e-01,-3.157524526914696761e-01,-3.607169964974342724e-01,-3.248736945018589894e-01,-2.235668936334877233e-01
-7.825934983960159963e-01,-7.845568505235996914e-01,-7.549787521867014073e-01,-8.036653969738641878e-01,-7.705606890956576693e-01,-7.860120588291137356e-01,-7.437398729012268950e-01,-7.860212948095104402e-01,-7.225204942639452677e-01,-7.519904905488148383e-01,-7.541018277439238693e-01,-7.322295573607825458e-01,-7.133757192015475201e-01,-7.221383076537782886e-01,-6.984047300757963983e-01,-7.247477381654811035e-01,-6.872842462055606116e-01,-7.103069027832812354e-01,-7.003025651432573939e-01,-6.835416934754886542e-01,-6.836468401751436552e-01,-6.670693614230986945e-01,-6.878679700678280717e-01,-6.543804478099595201e-01,-6.523909272600353360e-01,-6.651674266961430382e-01,-6.449690910262295684e-01,-6.378181576485464355e-01,-6.094751269655506176e-01,-6.523700077746195092e-01,-6.130844160196903259e-01,-6.063375711765982556e-01,-5.852600525190521097e-01,-6.034744900645274690e-01,-5.971053669184477330e-01,-5.762472592871682453e-01,-5.872039584376628207e-01,-5.668012940915009290e-01,-6.040731193070184579e-01,-5.718732216843033234e-01,-5.629518144485810005e-01,-5.717571065010899067e-01,-5.669953977871610151e-01,-5.734646709368446116e-01,-5.053415714773338285e-01,-5.724519115544366432e-01,-5.537117109918223701e-01,-5.524582449306568721e-01,-4.950511691903504152e-01,-4.987313498156580871e-01,-5.161711933073518388e-01,-4.807780455436281297e-01,-5.289353041781164055e-01,-4.762989687466674393e-01,-4.774945680571514584e-01,-4.487162923014687554e-01,-4.015288359261263706e-01,-4.899648123671059285e-01,-4.456039228981597544e-01,-4.809306731359805909e-01,-4.766003898918156900e-01,-3.950824409560498296e-01,-4.702719244829628442e-01,-3.691778246337008018e-01,-4.466792002974936948e-01,-3.749281514636439994e-01,-3.581597235317705574e-01,-3.472331031110870159e-01,-3.493157506359717002e-01,-3.339587055869298049e-01,-3.669769156564873791e-01,-4.308398789254770933e-01,-3.499475068005055145e-01,-3.500132741909722234e-01,-3.257944210752448111e-01,-4.697185434129265147e-01,-3.526820722043770839e-01,-2.809516300751726536e-01,-3.562882924705406684e-01,-3.278183043673420505e-01
-7.852177818152917821e-01,-7.971853745886932074e-01,-7.676450498643165865e-01,-7.611389310876145453e-01,-7.758510420747699587e-01,-7.880806892206426717e-01,-7.383621901256489650e-01,-7.524589589690253710e-01,-7.413558114514553488e-01,-7.294060413875342874e-01,-7.458314331841296996e-01,-7.041360376465901627e-01,-7.017301212093740581e-01,-6.990666130028780900e-01,-6.956312099116191972e-01,-7.020696862743196487e-01,-6.675224675021953491e-01,-6.763214076451716794e-01,-6.985400306334810239e-01,-6.558620668205514814e-01,-6.459982819906081586e-01,-6.655797150744874324e-01,-6.332254957635296000e-01,-6.514631001317890968e-01,-6.729691842573096716e-01,-6.303902798112620554e-01,-6.392843703179705850e-01,-6.309162622271222709e-01,-6.351320924538074175e-01,-6.009765544411467264e-01,-6.136848208055843967e-01,-5.879070111453318370e-01,-6.016921796652016097e-01,-5.962699128623302203e-01,-6.033689314457658659e-01,-5.797987304844961498e-01,-5.789099394169706647e-01,-5.711541926908771938e-01,-5.652812433438253459e-01,-5.614235969883785149e-01,-5.747163847099189260e-01,-5.518626481938384565e-01,-5.555443843323601971e-01,-5.617106355286459740e-01,-5.384869708748702966e-01,-5.467667366071357060e-01,-5.487656838179671981e-01,-5.359822582955348080e-01,-5.462198912705266141e-01,-5.211759067322306871e-01,-5.025543570421489026e-01,-4.586881783267587331e-01,-5.230331658527566097e-01,-4.662708437663825034e-01,-4.003341536539632983e-01,-4.884423495137999449e-01,-5.182402691584211407e-01,-4.150712596536063059e-01,-4.559024031133039334e-01,-4.992942170874419272e-01,-4.413418451150527555e-01,-4.038318941541580442e-01,-4.425958880048309063e-01,-4.255162239518900380e-01,-4.340139303804342319e-01,-4.374350200892550000e-01,-4.075952516354863775e-01,-3.930754904091818269e-01,-4.036863542677801564e-01,-3.580413699433256935e-01,-3.645720568370959258e-01,-3.890108192232369366e-01,-3.094394779209427848e-01,-3.267858811605101055e-01,-3.634137991372979881e-01,-3.659721272942971781e-01,-3.326812616539162049e-01,-3.296619360428865164e-01,-2.789561698792450417e-01,-2.957396652181102370e-01
-7.737365985375370681e-01,-7.743525125260313224e-01,-7.501798231064851219e-01,-8.001862900783430765e-01,-7.488937373070505554e-01,-7.747319614355222539e-01,-7.758933773606065953e-01,-7.083658310771775435e-01,-7.127156736679401972e-01,-7.313909013197980036e-01,-6.913402816689039332e-01,-7.260737876918849087e-01,-7.040952030708420573e-01,-6.807690163170441178e-01,-6.976534430161319689e-01,-6.836409822265817615e-01,-6.869236484443252966e-01,-6.827747764950770071e-01,-6.540568794063059688e-01,-6.669341080829429558e-01,-6.637527263409754852e-01,-6.661864274660641572e-01,-6.711086773383361237e-01,-6.602240198340573185e-01,-6.282454156016554769e-01,-6.232345944800262716e-01,-6.197521038342821420e-01,-6.359550972657127543e-01,-6.219824317564700555e-01,-5.959680946249967803e-01,-6.010277305216138455e-01,-6.108945246374809512e-01,-5.786390971319104182e-01,-5.870348894397925399e-01,-6.051204622323660409e-01,-5.987368645799794331e-01,-6.110250662017359113e-01,-5.754201957980629167e-01,-5.581982228014409353e-01,-5.598374119510511893e-01,-5.792038321484710428e-01,-5.375511454102440689e-01,-5.622274452926656618e-01,-5.616890057844456940e-01,-5.910742473259646967e-01,-5.722890533694978688e-01,-5.473193181454909517e-01,-5.202254183466995530e-01,-5.268582694753974893e-01,-5.156715641605110756e-01,-5.284006916454762059e-01,-5.182746783690872494e-01,-4.463636860253752392e-01,-4.962944366454771217e-01,-4.718550966391205637e-01,-4.449694588476520996e-01,-4.575496693382825053e-01,-4.080596942007807537e-01,-4.486949535258082378e-01,-4.748711391967116446e-01,-4.273140692640460259e-01,-3.779189592462755543e-01,-4.692532927031084489e-01,-4.170621926231966037e-01,-4.129325222186023825e-01,-4.528479692240560128e-01,-3.749768735594178892e-01,-3.414629363247695948e-01,-4.290006994862076151e-01,-3.205138452827708817e-01,-2.897528934247809440e-01,-4.373621276806990976e-01,-4.050193205822132936e-01,-3.480039618068723750e-01,-3.614933164715751213e-01,-3.956331115856908665e-01,-3.810777156369432039e-01,-2.396977256449373817e-01,-2.766809843163873794e-01,-3.533419293902943514e-01
-7.516008914815912600e-01,-7.338372292773022165e-01,-7.301911442919151174e-01,-7.392924748113797184e-01,-7.377568329845974882e-01,-6.987418559432706511e-01,-7.154144563011047842e-01,-7.119437427297806709e-01,-7.158454902447259904e-01,-7.071451885487359812e-01,-6.992755411477988847e-01,-7.062512786564588696e-01,-6.930069306452578681e-01,-7.001940435622684422e-01,-6.981568983276762452e-01,-6.919323659712215413e-01,-6.601463470734653116e-01,-6.578984324425427577e-01,-6.783830067221584548e-01,-6.702683789960027783e-01,-6.710052103301133997e-01,-6.519015895094734114e-01,-6.341890023320928549e-01,-6.628490706545074884e-01,-6.507799293715816891e-01,-6.502289433366779114e-01,-6.687909776246200311e-01,-6.282029425321102867e-01,-6.400394350457446757e-01,-6.406677324571268262e-01,-6.023499254508669631e-01,-5.863822766507955642e-01,-6.255956071195659662e-01,-5.944741969293867445e-01,-6.187654314187677196e-01,-5.934476547276397174e-01,-6.045036064439313073e-01,-5.516755742575525367e-01,-6.035008551374243524e-01,-5.740264908064575122e-01,-5.889740173609901985e-01,-5.347469581924237936e-01,-6.011669516725748341e-01,-5.500257353952580086e-01,-5.792000841067653782e-01,-5.449525763655723720e-01,-5.686910347156527434e-01,-5.588578079892286832e-01,-5.372678984514142053e-01,-5.286068780443854420e-01,-4.959266469767894536e-01,-5.630290029962673470e-01,-5.036359831836952905e-01,-5.124437003310841066e-01,-5.235876755064564625e-01,-4.334448769568784443e-01,-5.123512914090722070e-01,-4.420738268696439155e-01,-4.171384836055175294e-01,-5.104751131706887213e-01,-4.551563606454774868e-01,-4.331102558352583065e-01,-4.374812734136466763e-01,-4.425907771375398037e-01,-3.933749149674784507e-01,-4.593847296266641012e-01,-3.467200497483710064e-01,-3.891508007300649163e-01,-4.077133813869485146e-01,-4.707064651909557695e-01,-4.256880732526838740e-01,-3.407117029623186188e-01,-3.077238812167147342e-01,-3.782898163074470133e-01,-3.490767749465041869e-01,-3.374144093067162342e-01,-2.475833059267026348e-01,-3.803107604273521791e-01,-3.673765664784710006e-01,-3.759075666903187174e-01
-7.187546090917024122e-01,-7.047149551064002537e-01,-7.051650393769715031e-01,-7.004927499432760385e-01,-6.858299473446988204e-01,-6.937616358227146618e-01,-6.917015060399916981e-01,-6.878704743268296840e-01,-7.063512622731413781e-01,-7.000490818342403054e-01,-7.083146287479912262e-01,-6.765327131364299307e-01,-6.680479792630057423e-01,-6.658936898652516589e-01,-6.874917149098292990e-01,-6.633934310911968613e-01,-6.734697464232721753e-01,-6.755286308234368375e-01,-6.719604827890305332e-01,-6.596465110925272546e-01,-6.432680573327015372e-01,-6.530476078833981068e-01,-6.686383900832706395e-01,-6.603322844743468867e-01,-6.391325871891880839e-01,-6.325278599640981048e-01,-6.531348265834261424e-01,-6.262266749185703141e-01,-6.316741107918191211e-01,-6.085899941044391470e-01,-6.056947064189164287e-01,-5.992316247090723191e-01,-6.110298492205183951e-01,-5.984557886191168574e-01,-6.015485622851135528e-01,-5.786877032714808911e-01,-5.874058889974544950e-01,-6.022898460153675027e-01,-6.128771952250403610e-01,-5.637901380735640400e-01,-5.857865864055383787e-01,-5.713492215695736842e-01,-5.440230286651915881e-01,-5.374461434938833104e-01,-5.386475796417141693e-01,-5.830989278920439833e-01,-5.464507195263046402e-01,-5.505268643161794762e-01,-5.829643605745180590e-01,-5.179369020720959726e-01,-4.980905044799139869e-01,-5.187642935823083556e-01,-4.864893794539320027e-01,-5.398640511375994988e-01,-4.933312045914775013e-01,-4.990882193160365299e-01,-4.889601159861013957e-01,-5.148153157544982372e-01,-4.552916099983957410e-01,-5.016808722246615115e-01,-5.066645935286896441e-01,-4.789736808944624613e-01,-4.148082906656098690e-01,-4.432027553146791754e-01,-4.779190224742517756e-01,-4.350983899541457367e-01,-3.696178632383924634e-01,-4.363578142575474939e-01,-4.519263325411634891e-01,-4.040131642471583850e-01,-4.041905750181641332e-01,-4.421181294494170855e-01,-4.432017140484603157e-01,-3.771447737656963284e-01,-3.765822782923359813e-01,-4.084948728017120945e-01,-4.332701608975482177e-01,-2.763673644426372644e-01,-3.498095754611565411e-01,-3.750564592398203390e-01
-6.991139454644665907e-01,-7.018029877052476273e-01,-7.045467330519211702e-01,-6.893562686962050323e-01,-6.898019576141655174e-01,-6.973126054494471759e-01,-6.968717862685157582e-01,-6.860888187733185095e-01,-6.860624269401197628e-01,-6.956548640487211221e-01,-6.979731122304014823e-01,-6.979625810170180245e-01,-6.757987169561446850e-01,-6.809625950389700533e-01,-6.778264451995528184e-01,-6.715466922044728282e-01,-6.604401436762624700e-01,-6.886989293619962815e-01,-6.588800356938270264e-01,-6.802172788587020902e-01,-6.590934298009222259e-01,-6.709121823039283505e-01,-6.681619136798971903e-01,-6.189795912899924701e-01,-6.332509575970266535e-01,-6.345805425036776803e-01,-6.537950286120521870e-01,-6.289798986737774600e-01,-6.076459256933155473e-01,-6.057272279556783490e-01,-6.197927741874533769e-01,-5.874244732623830068e-01,-5.686219844364799325e-01,-6.129889205320705470e-01,-6.172872179650678026e-01,-5.772222791580156054e-01,-6.098359255233314347e-01,-5.792284723886959030e-01,-5.567587536906331014e-01,-5.931496941761289499e-01,-6.107200379207236018e-01,-5.432549949621514607e-01,-5.703669738409939960e-01,-5.269103262699725843e-01,-5.561931708391144591e-01,-5.476963310635799553e-01,-5.637938279401752961e-01,-5.417547120204146971e-01,-5.012942218992860743e-01,-5.841374566615408215e-01,-5.461720983566952237e-01,-5.160017574267307117e-01,-5.990395089358516723e-01,-5.156115440749979850e-01,-5.251446167025448641e-01,-5.293258612186264589e-01,-4.477614984358708750e-01,-5.013114367477110589e-01,-4.865498206839277695e-01,-5.235015518359386055e-01,-4.725872793593524634e-01,-4.714362835865336110e-01,-4.026941680268126822e-01,-4.696284040224492085e-01,-4.546958428072654379e-01,-4.273275158880190938e-01,-4.437498470316263988e-01,-4.124050366274231716e-01,-3.918148269230380953e-01,-4.391537900348023160e-01,-4.515494393336086931e-01,-3.634269419202795226e-01,-4.557330625528716039e-01,-3.305997427732056959e-01,-3.583730449253590966e-01,-3.657346737588612617e-01,-3.942289037373267191e-01,-3.189716057029254870e-01,-2.637399465065239368e-01,-3.292920443093637073e-01
-6.948040669647765899e-01,-6.876526148746819889e-01,-6.887388296167172852e-01,-6.936020982719396377e-01,-6.966643256862422584e-01,-6.964366272621895781e-01,-6.967593004462487860e-01,-6.812817426319539571e-01,-6.832111741132496086e-01,-6.884425290019424715e-01,-6.836424617889561572e-01,-6.811508825300727210e-01,-6.872525524347251613e-01,-6.720093666541591126e-01,-6.640968232067497867e-01,-6.729073667587673890e-01,-6.615752381076892563e-01,-6.753712082859355537e-01,-6.456251869171524271e-01,-6.663869364417951413e-01,-6.558493314257149986e-01,-6.425633326096988895e-01,-6.294604935917493815e-01,-6.294038974568149092e-01,-6.379369846877277483e-01,-6.147194681256114013e-01,-6.010344503668193505e-01,-6.300748800601317923e-01,-6.121608070031036020e-01,-6.212305280995933376e-01,-6.151521937945129137e-01,-5.947953793267117817e-01,-5.966605910294310311e-01,-6.113624992378616785e-01,-5.896501115922816449e-01,-5.936059942453717486e-01,-6.315036563140081771e-01,-5.564401732837627179e-01,-5.797137222795741840e-01,-5.444859106357575751e-01,-5.496273345173616764e-01,-5.359629353594126400e-01,-5.660508049655341711e-01,-5.523107199130082856e-01,-5.323175380709349591e-01,-5.423671482084555517e-01,-5.400457367045913282e-01,-5.282286155427554641e-01,-5.153646033557156558e-01,-5.514702042444870056e-01,-5.237435607696899753e-01,-5.532358947405526806e-01,-5.240273853071861776e-01,-4.761379370888062512e-01,-5.015859332097533096e-01,-5.341180312267532759e-01,-4.893706838055962849e-01,-5.079787391435846011e-01,-4.787205103519180938e-01,-4.556636514457771958e-01,-5.021001943896815645e-01,-4.352632687548924628e-01,-4.773135658229874512e-01,-4.418592540173527650e-01,-4.654209590444474132e-01,-4.825894180305429493e-01,-4.240448194415232241e-01,-3.835755319517523132e-01,-3.477120589100140546e-01,-4.350895787250281810e-01,-3.781615453457845555e-01,-3.915325830342522573e-01,-4.328767840381621546e-01,-2.951979511748538676e-01,-4.285843702679889566e-01,-2.995300893844863865e-01,-3.831455650395747536e-01,-3.789503681815543645e-01,-3.506642493595740762e-01,-3.072603860888563077e-01
-6.871501484392200654e-01,-6.920591715875563654e-01,-6.867017954283833880e-01,-7.029437746227485961e-01,-6.964976237507486401e-01,-6.851219916456295911e-01,-6.837158486185156425e-01,-6.920140499284881397e-01,-6.753160624402129164e-01,-6.578520703837753558e-01,-6.858244866828687725e-01,-6.757049223632810575e-01,-6.868579482093132293e-01,-6.844203495736125298e-01,-6.654964937138957426e-01,-6.506209627896440972e-01,-6.641844557522579295e-01,-6.570215996865900188e-01,-6.700349134974105114e-01,-6.864182666048294079e-01,-6.395985587267553063e-01,-6.457733108955830970e-01,-6.406094071827931336e-01,-6.271922524881955452e-01,-6.080014973831786573e-01,-6.376784808162487828e-01,-6.444525712527677808e-01,-6.168791823053393353e-01,-6.281637260601605766e-01,-6.138051937981738870e-01,-6.074347377495395994e-01,-6.030272300275481001e-01,-6.304017462297412111e-01,-6.202874076105396872e-01,-5.915208011411687838e-01,-5.698774904043377720e-01,-5.944655396471076880e-01,-5.964650053183788714e-01,-6.105062508640093366e-01,-5.415789292353576645e-01,-5.450510316904395580e-01,-5.677066297166185604e-01,-5.535386582787469312e-01,-5.761472165924695910e-01,-5.109203315505352894e-01,-5.700889288888222328e-01,-5.010568300909198358e-01,-5.284173369820354127e-01,-5.341970617456995862e-01,-5.339193747711360460e-01,-4.952207800848960617e-01,-5.174924770550283215e-01,-5.329611950379130603e-01,-5.210112248536677981e-01,-4.588431027749151903e-01,-4.656301402839070347e-01,-5.029821602439645822e-01,-4.858511629363185258e-01,-5.211522631673948247e-01,-4.688878990226658661e-01,-4.425691259649658371e-01,-4.658586991660714771e-01,-4.655759080065584032e-01,-4.288065040275538253e-01,-4.061292507788711315e-01,-3.962169694561229472e-01,-4.341939346037919090e-01,-4.530072825666558445e-01,-3.896741143170221466e-01,-4.267651618509597511e-01,-4.494022537834669873e-01,-3.598774313681390447e-01,-3.771439739685428227e-01,-4.190867658133162199e-01,-4.065788305113938184e-01,-3.906979821943893372e-01,-3.458789133693579432e-01,-3.292026862784559471e-01,-3.114697735120113276e-01,-3.589636001193622361e-01
-6.809841009576391713e-01,-6.818318682339638004e-01,-6.815989169215732613e-01,-6.879403536222328253e-01,-6.930075411838011457e-01,-6.766747116540864360e-01,-6.635861625655812279e-01,-6.924925927579809182e-01,-6.797930204146734878e-01,-6.824205974894421711e-01,-6.715330884268936318e-01,-6.827501894948267980e-01,-6.623515560586684670e-01,-6.743788732681761378e-01,-6.729642189459170698e-01,-6.639128799284306215e-01,-6.516519507433709002e-01,-6.657310559712469322e-01,-6.743504699732902896e-01,-6.548892480318974085e-01,-6.523121177133345272e-01,-6.378317309982360905e-01,-6.429427609302390545e-01,-6.531377276042261704e-01,-6.179387525281376803e-01,-6.481615254921864189e-01,-6.393522220954214186e-01,-5.990945217977492465e-01,-6.282809302661258588e-01,-6.163327947435007781e-01,-6.187372497428377249e-01,-5.889138681992768243e-01,-6.064482322148231352e-01,-6.310512555839380422e-01,-6.081984898515880866e-01,-6.038923854566445870e-01,-6.007013502043550002e-01,-5.644073786318793973e-01,-5.752853232279334650e-01,-5.700815052949249617e-01,-6.007404287737933002e-01,-6.123198410463902563e-01,-5.807205188058418566e-01,-5.669973343031967650e-01,-5.927267351283707075e-01,-5.454682784888126301e-01,-5.491407383210172855e-01,-5.196691382263340930e-01,-5.358897363633243760e-01,-5.372476734083255767e-01,-5.093743295104865565e-01,-4.411372115637066105e-01,-4.614025328154877648e-01,-4.753759240584963797e-01,-4.944904730601084597e-01,-5.204689939523843289e-01,-4.924203329223047487e-01,-4.991993011278222925e-01,-4.395788112639478218e-01,-5.052784981701133882e-01,-4.688614117490716993e-01,-4.347511060265053517e-01,-4.695322403981368464e-01,-4.365498444896514507e-01,-3.559650655877718561e-01,-3.807112472123966862e-01,-3.979526286912464794e-01,-4.657448350681139826e-01,-3.983491451064308242e-01,-4.535561109352391207e-01,-3.293864375675207290e-01,-3.657385432000989089e-01,-4.380463378912633488e-01,-3.972191985005517623e-01,-3.537298874225660028e-01,-3.510570117076881047e-01,-4.356533202430846741e-01,-4.362118197276706466e-01,-3.756924532460085842e-01,-3.471583064341473013e-01
-6.933658663154794732e-01,-6.733523624651692741e-01,-6.845554736628032266e-01,-6.863730622509505164e-01,-6.745496049701610319e-01,-6.911751263552137203e-01,-6.614448233246849052e-01,-6.816683833997749797e-01,-6.844917949504364385e-01,-6.715453923151016857e-01,-6.639572762287105911e-01,-6.726083673855052236e-01,-6.775244192299697543e-01,-6.701081262879957645e-01,-6.669293141884430343e-01,-6.663959243681620848e-01,-6.794378592723704369e-01,-6.601289759067349161e-01,-6.690056398858346132e-01,-6.573888171406968572e-01,-6.489741121638515908e-01,-6.230335804543977174e-01,-6.173547080157537614e-01,-6.304016163768351166e-01,-6.420021251561521813e-01,-6.429040957077900575e-01,-6.142987754038263803e-01,-6.169004796426402759e-01,-6.578480777117644562e-01,-6.302388286464452039e-01,-6.139366199689069159e-01,-6.124911794811698229e-01,-6.067445581145787248e-01,-6.052625997609232256e-01,-5.974879647761801582e-01,-6.084372653320998525e-01,-6.013305867921243664e-01,-5.928596873673833700e-01,-5.838561040674028479e-01,-5.831204201059179137e-01,-5.578577372019080105e-01,-5.780123993715978736e-01,-5.682645960584477018e-01,-5.666492019794069357e-01,-5.624280107645371896e-01,-5.957602717797203518e-01,-5.460055372831732479e-01,-5.202786099149144805e-01,-5.074524898643252291e-01,-4.939011930257476979e-01,-5.495717575207180738e-01,-5.482339457869725985e-01,-5.142166494348145989e-01,-5.119850334631742550e-01,-5.073614966887339817e-01,-5.305445457587683045e-01,-4.457360020907123466e-01,-4.950837398674592382e-01,-4.589896712759629072e-01,-4.886551788000539909e-01,-4.509923867982773005e-01,-4.748128685150324046e-01,-4.275465430607868211e-01,-4.912518421381181777e-01,-4.277925860171943317e-01,-4.467230808885788718e-01,-4.865093225258528276e-01,-4.805726085012401727e-01,-4.794330766059410887e-01,-3.409067354650469062e-01,-4.202953361411297939e-01,-3.726787569849198123e-01,-3.434387343703321216e-01,-3.848674040452906842e-01,-4.920942463432914638e-01,-3.573362621823473750e-01,-3.265666721124736438e-01,-3.153105879253408350e-01,-3.748485342147016564e-01,-3.624528528784231596e-01
-6.752080385913240557e-01,-6.725039658503978446e-01,-6.845388610272821195e-01,-6.848572047854875056e-01,-6.879411592351923899e-01,-6.815156945455761450e-01,-6.599397196008467414e-01,-6.683877954002385158e-01,-6.863514850141384516e-01,-6.775113344364657175e-01,-6.818243042959883926e-01,-6.747550330302592991e-01,-6.611269095056522271e-01,-6.721825842349643532e-01,-6.657118072844375734e-01,-6.675441150934251500e-01,-6.496113662427255298e-01,-6.520296797214297779e-01,-6.606184167154586229e-01,-6.492044364214535346e-01,-6.538209731677248060e-01,-6.338031618224053698e-01,-6.409882255864830514e-01,-6.373860798328475630e-01,-6.379422192925652269e-01,-6.306096938326231083e-01,-6.070756553072215178e-01,-6.191925035801868482e-01,-6.273429974135091847e-01,-6.150062569132346280e-01,-6.090141447671981734e-01,-6.000150415767356860e-01,-6.299311936940028556e-01,-5.929781848039823444e-01,-6.146031288162897566e-01,-6.034734709931536267e-01,-6.070832754116570751e-01,-5.555333252084552198e-01,-5.706516127125967897e-01,-5.688475661087332158e-01,-5.788953120782214246e-01,-5.784544190668289287e-01,-5.446760624464970224e-01,-5.458487374174691986e-01,-5.724279389595128276e-01,-5.723359235512859300e-01,-5.262263604052399568e-01,-5.225933961831054075e-01,-5.256332421463115745e-01,-5.340457242665315185e-01,-4.973498536950563542e-01,-5.062455116395685462e-01,-4.945202580496181333e-01,-5.407676031951825779e-01,-4.954170846607167111e-01,-4.835620705930264163e-01,-5.305274669807851229e-01,-4.656580124741623861e-01,-4.805668234980238762e-01,-5.500585519252817468e-01,-4.796016983697080627e-01,-4.372311808735822591e-01,-4.417641257830580148e-01,-4.614815391526482791e-01,-4.514723712208705275e-01,-4.331510855013346317e-01,-3.920492649254716522e-01,-4.417309361372503407e-01,-4.448414652635576116e-01,-4.120213067838594534e-01,-4.937575493458253306e-01,-3.893423406178919133e-01,-4.471948268362831436e-01,-4.244108325224029699e-01,-3.255173880604813053e-01,-3.856524406871688071e-01,-3.113754964393530833e-01,-3.060874034966317159e-01,-4.304580271869735131e-01,-4.477759615397395310e-01
-6.749770583104427457e-01,-6.687002695761827820e-01,-6.845726774415877847e-01,-6.601881757730690969e-01,-6.830595629359649257e-01,-6.639376360922288889e-01,-6.880358599605087555e-01,-6.962609668734127677e-01,-6.873176476705540328e-01,-6.886288160474317577e-01,-6.778644860513843851e-01,-6.566698191368890436e-01,-6.655258273019278858e-01,-6.638834644165664267e-01,-6.747281487409594325e-01,-6.644910251316266114e-01,-6.578991075517538478e-01,-6.701713759033383067e-01,-6.549535572529497918e-01,-6.557969090734553363e-01,-6.360878768271694961e-01,-6.325415249869957846e-01,-6.403838743414290713e-01,-6.355099705951651190e-01,-6.313166924220604548e-01,-6.544670331208900516e-01,-6.213124683811105387e-01,-6.215138829586825953e-01,-6.199370806185965366e-01,-6.413222034439489683e-01,-6.089030096736381958e-01,-6.380786877028448156e-01,-6.025486518592514384e-01,-6.107419144356815988e-01,-6.023704347025262695e-01,-6.019495461304900097e-01,-6.214927047417370121e-01,-5.712372388715620808e-01,-6.098218516834348346e-01,-5.672255333963553969e-01,-5.813585163841409331e-01,-6.028399285860640555e-01,-5.383159232997254406e-01,-5.495415398805302276e-01,-5.679516571497927879e-01,-5.645037629512933419e-01,-5.529497477001736883e-01,-5.650743379403052602e-01,-5.958404826113721242e-01,-5.528363268983925716e-01,-5.302563081796685118e-01,-4.719379504817218796e-01,-5.382810155773001259e-01,-5.156751795352395584e-01,-5.232540248269440530e-01,-5.195065097544480093e-01,-5.485220315329413232e-01,-4.976499703353087778e-01,-4.991185167186788507e-01,-4.586830017564358930e-01,-5.095858921133379349e-01,-4.251784957215480887e-01,-4.541515581764580256e-01,-4.316772257764914800e-01,-3.833446279570663640e-01,-4.468089275909813973e-01,-4.632268610075627180e-01,-3.952712297985873091e-01,-4.001539952162860847e-01,-4.256128879790438413e-01,-4.544384056447231535e-01,-3.930945601438134984e-01,-4.015271208816759696e-01,-3.917174254365755615e-01,-3.402075610996741495e-01,-3.856612739061726081e-01,-3.429671968643787094e-01,-3.694716633408656192e-01,-3.814411685697635668e-01,-4.019803384771965526e-01
-6.779649076516446327e-01,-6.850913586424577373e-01,-6.975858309895571763e-01,-6.941536504117663542e-01,-6.764825400177965076e-01,-6.813110329257089370e-01,-6.651994497422715202e-01,-6.872540023740992821e-01,-6.773537498938145829e-01,-6.714069211701368944e-01,-6.703143365491200933e-01,-6.729105771611278985e-01,-6.788884935177220692e-01,-6.632306843423968479e-01,-6.656813791775214595e-01,-6.430520704498036144e-01,-6.561308352357043683e-01,-6.565149787865245390e-01,-6.637412458000906401e-01,-6.442125534098231965e-01,-6.447190815988873558e-01,-6.450799264599589300e-01,-6.544556502295676426e-01,-6.449385871342045995e-01,-6.428490856113756591e-01,-6.248369854605809737e-01,-6.162642987178881260e-01,-6.002985964288150011e-01,-6.006201411386203892e-01,-6.025193666048029861e-01,-6.219765710903449873e-01,-6.143056348698255897e-01,-6.251510857079907169e-01,-6.185555572211065556e-01,-5.902739354235456704e-01,-5.900331759457035918e-01,-6.335493406572383357e-01,-5.381084995484860523e-01,-5.767354474589551083e-01,-6.278713284381827187e-01,-5.918895047641359319e-01,-5.791986349592909145e-01,-5.607633149224022784e-01,-5.838698802036312863e-01,-5.363128885132446566e-01,-5.462388754755699294e-01,-5.371973671092936664e-01,-5.384311718178101946e-01,-5.308823879981079408e-01,-5.385657796473144465e-01,-5.650009009221547140e-01,-5.004363872293704496e-01,-5.091320574711087898e-01,-5.536173546406553125e-01,-5.577644012544794583e-01,-5.259360322240679286e-01,-4.833426960948032369e-01,-4.915043530341179356e-01,-5.320834966332197435e-01,-5.020921772071645917e-01,-4.468819978240475832e-01,-4.433368873291577694e-01,-4.725149749893762796e-01,-3.772171824694202091e-01,-4.350262118257468003e-01,-4.473486673370494215e-01,-5.113294530761912648e-01,-5.026274284253520186e-01,-3.904489992652578345e-01,-4.172751865002479188e-01,-4.495566831055146650e-01,-4.396501869394789930e-01,-3.332213137737617958e-01,-3.617475381120325295e-01,-3.865763884733237621e-01,-4.499886984307235882e-01,-3.932449920648343200e-01,-3.394553824458845792e-01,-3.974124688454109822e-01,-3.517495394970946987e-01
-6.832315438378605554e-01,-6.796435646879328552e-01,-6.758947014510295892e-01,-6.724969437603612876e-01,-6.828024821280825885e-01,-6.688108259982114001e-01,-6.842858602487706943e-01,-6.723081273546031023e-01,-6.660099888746963126e-01,-6.563844257815273364e-01,-6.607666256598423438e-01,-6.667593607536042022e-01,-6.811511807614624159e-01,-6.649067562747457139e-01,-6.608007945111229464e-01,-6.494678045650957854e-01,-6.567171578748290939e-01,-6.773083604741140240e-01,-6.427044162363020341e-01,-6.475435554642900993e-01,-6.407052293833987999e-01,-6.301088982505907987e-01,-6.380779075223268482e-01,-6.219910100521254259e-01,-6.566808563184747261e-01,-6.369039737033638238e-01,-6.439342885383868564e-01,-6.234467319204274327e-01,-6.206286657749925384e-01,-6.347709358717047445e-01,-6.234559513827928612e-01,-6.060055570334829111e-01,-6.210382670574381425e-01,-5.952575636180500451e-01,-6.175841336947025528e-01,-5.893542921161600834e-01,-6.084940960604726667e-01,-6.047535657026389400e-01,-5.960980513635673050e-01,-5.977826018402782049e-01,-5.781842195674791185e-01,-5.809507835265691478e-01,-5.242172259699270365e-01,-5.891454395494742924e-01,-5.789567276680892549e-01,-6.062637704727474874e-01,-5.378117516342170168e-01,-5.776053670843233068e-01,-5.167443820207221483e-01,-5.020050829683992966e-01,-5.650668900885787993e-01,-5.524048214907619769e-01,-5.300886884120060705e-01,-5.083564634072830213e-01,-5.357958461040445153e-01,-5.270839263708594347e-01,-5.008013458926062755e-01,-5.144601230278555981e-01,-5.399195558524514382e-01,-5.628356714236081304e-01,-4.504703817173006941e-01,-4.989192712032712307e-01,-4.432852239221852231e-01,-4.706005891037070010e-01,-4.685816232508077661e-01,-4.328186582637761903e-01,-4.872490070757212188e-01,-4.318316392248666147e-01,-4.351358708042898371e-01,-4.202358439773295484e-01,-4.049016214501657274e-01,-4.169324488607628054e-01,-3.975935547500460965e-01,-3.927326893541822628e-01,-3.833923260088258900e-01,-4.314144781961090080e-01,-3.485650567972090053e-01,-3.722929904838597759e-01,-3.991383261423027684e-01,-3.853864870975224344e-01
-6.668513441056591606e-01,-6.781471295341011674e-01,-6.795486388748152029e-01,-6.752901582167410988e-01,-6.763485342320212368e-01,-6.857325022402972481e-01,-6.720853458095976674e-01,-6.804521839014139317e-01,-6.709615332248487496e-01,-6.688552597577728243e-01,-6.634956552885965531e-01,-6.614086844390413278e-01,-6.394959367823280783e-01,-6.489101296879018488e-01,-6.556250703266239821e-01,-6.595535061856020453e-01,-6.617622595360458382e-01,-6.492601912886625248e-01,-6.552587819124923163e-01,-6.504838875504408424e-01,-6.480952686810215191e-01,-6.481844247105449375e-01,-6.411336922097852220e-01,-6.338538002321535414e-01,-6.463716719901486663e-01,-6.253208136267708328e-01,-6.379446021341885764e-01,-6.254558978651095780e-01,-6.408074600216695504e-01,-5.957609767159831593e-01,-6.268242921375317689e-01,-6.170719505809130201e-01,-6.282611273178009270e-01,-5.922087984949825357e-01,-5.769314144070143424e-01,-6.076625386198534207e-01,-5.944200527989771388e-01,-5.615311026336797795e-01,-6.082130724949406098e-01,-5.983269511974899091e-01,-5.893095517936287608e-01,-5.736751534112286555e-01,-5.257481201366356327e-01,-5.665303966325436758e-01,-5.605538564091115949e-01,-5.671678290494583941e-01,-5.409585968491961161e-01,-5.645615186986521206e-01,-5.145972981858355499e-01,-5.731603847328540224e-01,-4.808352138067951698e-01,-5.028410725348033683e-01,-5.112899493452203181e-01,-5.038004053355811251e-01,-4.802419388824352708e-01,-5.018135782816524060e-01,-5.103303920777316760e-01,-4.720389849212052180e-01,-5.350033214940649318e-01,-5.161587930610900266e-01,-5.024990233647040894e-01,-4.217331117347339897e-01,-4.567984630720716699e-01,-4.911696001804942702e-01,-4.507162091359735445e-01,-4.057132266388065456e-01,-4.668585018800125996e-01,-4.630804062222430018e-01,-5.042976037326802885e-01,-4.687541185951171752e-01,-4.078812428312741378e-01,-4.728703921626734030e-01,-4.038899203942975524e-01,-3.771037928896854297e-01,-4.561933954145085957e-01,-3.820212464568006339e-01,-3.868174925300498779e-01,-4.175889810010400827e-01,-3.277330439194069966e-01,-3.554123878039164852e-01
-6.633966377146580662e-01,-6.863469005947684387e-01,-6.830491623831258519e-01,-6.720931412075080713e-01,-6.704446022545560435e-01,-6.714620228150373071e-01,-6.710530209320713091e-01,-6.773394540460068169e-01,-6.717629888171591235e-01,-6.697598364519194991e-01,-6.721646698698384714e-01,-6.852965795049500430e-01,-6.447466605923128924e-01,-6.646036836309830997e-01,-6.747469020676216678e-01,-6.510721932199950990e-01,-6.629436899444445253e-01,-6.654845843804853001e-01,-6.584114606336640696e-01,-6.201273555611173105e-01,-6.621959979102887139e-01,-6.285125075677573392e-01,-6.601112344921745700e-01,-6.456320525401574306e-01,-6.324665747686665229e-01,-6.390704193402712008e-01,-6.177216745694611433e-01,-6.289563384875359597e-01,-6.296706468155404135e-01,-6.033278388586977847e-01,-6.058564044802070558e-01,-6.231073256993611142e-01,-5.923732977938314104e-01,-6.266435495444563353e-01,-5.973750611902385321e-01,-5.915142828697769195e-01,-6.081158403546325086e-01,-5.868347589135018971e-01,-5.572735798192720580e-01,-5.934961876644264667e-01,-5.696228480380809422e-01,-5.062990665305370230e-01,-5.910687150281342950e-01,-5.906312166942261355e-01,-5.424149760632727135e-01,-5.488679347115078544e-01,-5.425483692166823690e-01,-5.363395546132699865e-01,-5.468449306249957287e-01,-5.838388253178633525e-01,-5.490409610032409571e-01,-5.310328344079610075e-01,-5.548269352063984750e-01,-5.188570774796029683e-01,-4.854483306115334185e-01,-4.803899531450456784e-01,-4.937767305888645097e-01,-4.541446916050097538e-01,-5.135154311337628563e-01,-4.913432246862755592e-01,-4.864718458896732378e-01,-3.788988783287018935e-01,-4.808309267852061697e-01,-5.109336679364840927e-01,-4.860967079512104605e-01,-3.987215848972898713e-01,-3.945373669451142651e-01,-4.585444073187969760e-01,-4.240087393795789472e-01,-4.387352406032378749e-01,-3.902417172266305356e-01,-4.853350688758878428e-01,-4.079268947283364311e-01,-3.723673561356459216e-01,-3.362055130063492658e-01,-4.109317867388030954e-01,-4.109648470413372889e-01,-3.110490827742546927e-01,-4.810122038697304814e-01,-3.652917690600076539e-01
-6.578153458955030564e-01,-6.977357309828168264e-01,-6.546086987414291292e-01,-6.709564952609601285e-01,-6.810820958150424209e-01,-6.528526111306781621e-01,-6.635866247272731444e-01,-6.479872325055529014e-01,-6.803778667706937844e-01,-6.602768496229537432e-01,-6.857042524914394033e-01,-6.716882378883493043e-01,-6.787786217528201105e-01,-6.583241385853307870e-01,-6.321980903745906266e-01,-6.627197098776341777e-01,-6.417394942859107054e-01,-6.533549215486539330e-01,-6.457401867550737196e-01,-6.634913615202275849e-01,-6.415265600983235394e-01,-6.556621118345649091e-01,-6.223266533520336319e-01,-6.365561367726743081e-01,-6.319984932211940576e-01,-6.111461430957255692e-01,-6.437837946469193717e-01,-6.258624782902343364e-01,-6.131941119946885399e-01,-6.081182904472703932e-01,-6.076926046046469132e-01,-5.934839663856960046e-01,-6.076144983986715431e-01,-6.018397022177096600e-01,-5.952791602810347804e-01,-5.859563945788056616e-01,-6.139535211450279917e-01,-5.861209008040610957e-01,-5.851427194911240637e-01,-5.563952546582074943e-01,-5.332562012784879402e-01,-5.664648805039530499e-01,-5.686795088795290054e-01,-5.239660450295385852e-01,-4.987669913682257761e-01,-5.618447006751833284e-01,-5.585062307155957972e-01,-5.353884281218531660e-01,-5.436673766151044473e-01,-5.676049101436446698e-01,-5.156777989020695507e-01,-5.050998843037057817e-01,-5.193069155953220495e-01,-5.081390307130633222e-01,-4.848876284976482154e-01,-5.046029766016160156e-01,-5.397049500214414763e-01,-4.831228271457356782e-01,-5.236120204958115698e-01,-4.734655504136765503e-01,-5.023280325556992443e-01,-4.325281013911463357e-01,-4.490450884509563090e-01,-4.895762977441508457e-01,-4.298115478779214738e-01,-4.475695201290739167e-01,-4.869128696607310514e-01,-4.024856345668970659e-01,-4.887458830988049008e-01,-4.449126710147625063e-01,-4.185686725764157790e-01,-4.071481412402846445e-01,-4.610705709423651988e-01,-4.143269831142512016e-01,-4.815225044336815530e-01,-3.874535957672458064e-01,-4.220510054460609450e-01,-3.626146099804264944e-01,-3.705971642791110465e-01,-4.504291734148082593e-01
-6.691834483625297425e-01,-6.662363923877240302e-01,-6.847916610223543366e-01,-6.493292534459442766e-01,-6.667138172366076088e-01,-6.546627129128910205e-01,-6.566133366742366029e-01,-6.497874622795412058e-01,-6.776222923023667022e-01,-6.886100603911065043e-01,-6.658534641213189609e-01,-6.578642132185030800e-01,-6.616534085974840051e-01,-6.525482047234951732e-01,-6.441530293821143838e-01,-6.632147352756150305e-01,-6.560100910375782357e-01,-6.457299157754233798e-01,-6.562228551856045256e-01,-6.061855130600262154e-01,-6.437740035366938951e-01,-6.206080433409163488e-01,-6.463023624389587773e-01,-6.145823437758878294e-01,-6.575524556638778773e-01,-6.362916684963931813e-01,-6.064307250023459606e-01,-6.269972336174339800e-01,-6.138224491621053769e-01,-5.884694164297081809e-01,-6.059252771856921127e-01,-6.412897029513238145e-01,-6.272678080733897765e-01,-6.039990543733113615e-01,-6.095764603822684258e-01,-5.706893311089629162e-01,-6.228936419810044978e-01,-5.972085546474333873e-01,-5.598538390556589972e-01,-5.610160125872515335e-01,-5.792927964304551702e-01,-5.897204484051621343e-01,-5.450072637264111730e-01,-5.585225934795265967e-01,-5.199611797201343366e-01,-5.825919680134068468e-01,-5.364675399930329824e-01,-5.255555828036478916e-01,-5.524740838541756238e-01,-5.495305616090604417e-01,-5.520702674470908677e-01,-4.933776169533682920e-01,-5.057076940442126745e-01,-5.075547538529184832e-01,-5.498680169979682786e-01,-5.080581814806864882e-01,-5.066585982724878257e-01,-5.373798500391846478e-01,-4.825335260926317260e-01,-4.445283569123157363e-01,-5.019364671340769135e-01,-4.332883884266199859e-01,-5.070427955479366311e-01,-4.913874138215836851e-01,-5.179634548448295295e-01,-4.401873633151007215e-01,-4.501038873039113763e-01,-4.991431644179186722e-01,-4.512164130800436213e-01,-4.337823700896466517e-01,-4.416111814435507155e-01,-4.406735208105579948e-01,-4.836215070280441841e-01,-4.187330219636169470e-01,-3.310256448517623906e-01,-4.159675577853242379e-01,-4.005033568950749356e-01,-3.544638761198523058e-01,-3.978487663586927070e-01,-3.887052951515561072e-01
-6.748926965066790462e-01,-7.093418897252833366e-01,-6.371165275935376515e-01,-6.578380965873391606e-01,-6.456170166181323111e-01,-6.786293138248923329e-01,-6.483254536243419075e-01,-6.544573975448965131e-01,-6.702470451288032871e-01,-6.552556510240654664e-01,-6.682293736682207719e-01,-6.588557121869035305e-01,-6.762969743218327778e-01,-6.467957506083557018e-01,-6.368064049871927645e-01,-6.537205190924393339e-01,-6.423478882005725366e-01,-6.514360775648884161e-01,-6.467909653101268086e-01,-6.387057567196724461e-01,-6.354721168210697435e-01,-6.254269416263582571e-01,-6.206023867148342532e-01,-6.292716569197226439e-01,-6.255365265657262253e-01,-6.474400432284240781e-01,-6.310967259223494441e-01,-6.349107465321988109e-01,-6.236360512906490294e-01,-6.011252676263306727e-01,-6.203966530040649907e-01,-6.128792294562106502e-01,-6.206610376896425363e-01,-6.278317075951110882e-01,-6.193739231314505655e-01,-6.081638259042273509e-01,-5.503306555632333508e-01,-5.779252777622055914e-01,-5.797465074641738880e-01,-6.120197268302109972e-01,-5.620934016917467080e-01,-5.667184816080851339e-01,-5.932100152520221048e-01,-5.909442271282813186e-01,-5.494585877675516317e-01,-5.664821281336391845e-01,-5.330704625444563360e-01,-5.442911457033470235e-01,-5.473054711832550101e-01,-5.244708076597088819e-01,-5.513361130787495235e-01,-5.424025874681116521e-01,-5.261526906763350775e-01,-5.799279827933941922e-01,-4.920510008595430085e-01,-5.239873192413051495e-01,-5.229382866704482824e-01,-4.828604597999670012e-01,-4.990034365153561136e-01,-5.174947999798195086e-01,-4.794302951232513599e-01,-5.334577915409964843e-01,-5.246504701612961785e-01,-4.501121077350277999e-01,-4.380245539132346932e-01,-4.856467418129615798e-01,-4.633543507207339984e-01,-4.759064941761133594e-01,-4.850861809752994858e-01,-4.430816060587016159e-01,-4.560084717397874798e-01,-4.605732187368115627e-01,-5.060192167063563007e-01,-4.128225564443794848e-01,-3.861378137230850882e-01,-4.677346450582956505e-01,-3.838272220107131760e-01,-4.433555288075227141e-01,-3.721071103515679046e-01,-3.720504807427739702e-01
-6.820176630644128046e-01,-6.789465865869038774e-01,-6.514904587364206412e-01,-6.569024648548583700e-01,-6.643190917554168129e-01,-6.655311761336325516e-01,-6.633984340021236159e-01,-6.618005605743429998e-01,-6.515026296769601544e-01,-6.627991149602742160e-01,-6.626122150963845714e-01,-6.662831060214442491e-01,-6.610900988132968337e-01,-6.599424010446416355e-01,-6.580105582062185654e-01,-6.526367789197738967e-01,-6.359429839379457938e-01,-6.464802464288699202e-01,-6.509974785221710469e-01,-6.710876816851828464e-01,-6.342093470687648615e-01,-6.465901099055263446e-01,-6.447841904742144248e-01,-7.119143617031421511e-01,-6.225867797772515200e-01,-6.068510802392869108e-01,-6.210056607013493268e-01,-6.400473042789399658e-01,-6.159680817581488776e-01,-6.005374648463467357e-01,-6.097476579664320440e-01,-6.357895848156854823e-01,-5.820914946278468172e-01,-6.104073318028085948e-01,-5.971058468170485911e-01,-5.818505387659929085e-01,-6.063907480810135642e-01,-5.742966477529860558e-01,-6.039948532859968910e-01,-5.996056910259919270e-01,-5.916928551160824945e-01,-5.873469886304628629e-01,-5.859294707418787329e-01,-5.557307783649106936e-01,-5.690147755882759562e-01,-5.425115680847579780e-01,-5.464452361539423597e-01,-4.974290914883111592e-01,-5.604898444218069375e-01,-5.443536168176108525e-01,-5.379874613635809988e-01,-5.099919307438212090e-01,-5.012158908840562699e-01,-5.502373958249051622e-01,-5.205336722370148550e-01,-4.887883764529675212e-01,-4.904752740540923583e-01,-4.986185191748050416e-01,-5.047769373492813072e-01,-4.871574355760866504e-01,-5.151739762151140711e-01,-5.202139518415753727e-01,-4.763702750229894534e-01,-4.447813661344998670e-01,-4.438966296001805589e-01,-4.983004536290399633e-01,-4.861836665126189061e-01,-4.426202745460112165e-01,-4.935288044998548673e-01,-4.552104755284977489e-01,-4.411793847353741582e-01,-4.566127766820562983e-01,-4.381985795600822353e-01,-4.782548634573043356e-01,-4.572043452997779367e-01,-3.987834779818415498e-01,-3.509202658076332471e-01,-4.414014167567407720e-01,-4.578891764403895115e-01,-3.162319401638269412e-01
-6.369199574260193675e-01,-6.538489830329214936e-01,-6.407468033144000374e-01,-6.548971894296726770e-01,-6.604975116254667711e-01,-6.540801030728062848e-01,-6.627771912976935242e-01,-6.469581053908715074e-01,-6.669992864486052886e-01,-6.769729872548229110e-01,-6.451100104081376463e-01,-6.627938122717064173e-01,-6.750974060946982602e-01,-6.781954570173269747e-01,-6.685871988299111335e-01,-6.299820415825613251e-01,-6.363999180365963459e-01,-6.607183114572395821e-01,-6.486291756666360264e-01,-6.444167437499541684e-01,-6.421871877146299035e-01,-6.155011878358812583e-01,-6.454488507813337383e-01,-6.328462927011133665e-01,-6.370392899702694844e-01,-6.259593018987871238e-01,-6.377284163416979679e-01,-6.145804695036677368e-01,-6.331263565381453073e-01,-6.042664177015851790e-01,-5.985544251738309507e-01,-6.061824574029608392e-01,-5.620786474720584902e-01,-5.940010949589552558e-01,-5.897476599286286536e-01,-5.789235801941198245e-01,-5.959695957832580326e-01,-6.147582237481643563e-01,-5.864707572677647640e-01,-5.691867729936544995e-01,-6.011223779431981162e-01,-5.818456678330168330e-01,-5.761943080672149442e-01,-5.666696535662006928e-01,-5.782820468701965755e-01,-5.319021826911508599e-01,-5.369003620931915854e-01,-5.382193768489730301e-01,-5.350315979890218898e-01,-5.389619398684775131e-01,-5.383835915777795966e-01,-5.283835972431525363e-01,-4.802714710801120335e-01,-4.924239625266728648e-01,-5.379476097149419322e-01,-5.120861260735798393e-01,-5.162934926811335590e-01,-5.451661908762998054e-01,-5.034918995972808009e-01,-4.920088422424725438e-01,-5.224068557417151926e-01,-4.338576496714152131e-01,-5.326809479809477832e-01,-5.620265172552242339e-01,-4.156237542523588124e-01,-4.867064694128612756e-01,-4.544903020351289125e-01,-4.309759056417877821e-01,-4.887461158864351840e-01,-4.641191095471938755e-01,-4.811590049991789630e-01,-4.662171456480181941e-01,-4.723170251341676784e-01,-4.557826658146764687e-01,-4.116279301691848636e-01,-4.174087047061139644e-01,-3.559688811423426524e-01,-4.238025566406078415e-01,-3.748310322286560470e-01,-3.941563710737515103e-01
-6.587233669630898625e-01,-6.485947816757328122e-01,-6.458059855177079589e-01,-6.682768024273499918e-01,-6.574208648624954021e-01,-6.864285071103730651e-01,-6.625081231048430830e-01,-6.753860625212527724e-01,-6.445396225914392652e-01,-6.621380722949897768e-01,-6.642644078189599011e-01,-6.339692635870772808e-01,-6.668867784488822226e-01,-6.722752696879381595e-01,-6.925512321462299337e-01,-6.545726841486700920e-01,-6.613340294273317710e-01,-6.659994188773495916e-01,-6.186788570004092547e-01,-6.271699372875635392e-01,-6.272208743685977472e-01,-6.127325211868011046e-01,-6.568978427310621093e-01,-6.248369515597224089e-01,-6.359732452369578626e-01,-6.133230118437186240e-01,-6.441401029370420472e-01,-6.207948873774307152e-01,-5.971424070940239970e-01,-6.086550491383081463e-01,-6.189078638865374016e-01,-5.815619647479933763e-01,-5.997843984507336135e-01,-6.082888804140592631e-01,-6.505989672705357885e-01,-6.440370464649224358e-01,-6.030976800808094396e-01,-5.720275962250582769e-01,-5.869449727498612379e-01,-5.994185684594424135e-01,-6.055451767059932822e-01,-5.734722941627656834e-01,-5.510281248547911348e-01,-5.078475547196419360e-01,-5.555090941568913143e-01,-5.328404149849387261e-01,-5.706941950076082071e-01,-5.489339786849721792e-01,-5.854051097490986511e-01,-5.589842964526504643e-01,-5.106964999200636068e-01,-5.251821250078564374e-01,-5.094556441539023206e-01,-4.835842788135217840e-01,-5.263918982084029308e-01,-4.996343814366861480e-01,-5.545904549523872351e-01,-5.151792838647091255e-01,-5.413660879016775063e-01,-5.580417914947104485e-01,-5.318363493604612025e-01,-5.729356785467951685e-01,-4.487718773220593649e-01,-4.937078600085540447e-01,-4.703931492787752910e-01,-4.833174485106109253e-01,-5.213661824874989970e-01,-4.581848913712869287e-01,-4.040468462398593141e-01,-5.275466529214709599e-01,-3.875415762360123195e-01,-4.588203946676200906e-01,-5.068896039777146534e-01,-4.448687624678283603e-01,-4.453399380614508352e-01,-4.388855605319861852e-01,-3.915839977002094630e-01,-3.910769342470888366e-01,-4.392715342127458400e-01,-4.104082351925311678e-01
-6.460929845140400696e-01,-6.640885180209443739e-01,-6.427842179573430847e-01,-6.642504205741761591e-01,-6.513392008811262901e-01,-6.691788006736836270e-01,-6.474941329288231850e-01,-6.584988741486976771e-01,-6.526541177113560632e-01,-6.469504364177838251e-01,-6.644201946999590547e-01,-6.291920435656082056e-01,-6.345121450644425343e-01,-6.432375537080710082e-01,-6.650545961360851965e-01,-6.456507424409383411e-01,-6.721590153210653673e-01,-6.281084247508010865e-01,-6.395790676447125067e-01,-6.119863823720751439e-01,-6.517968937985885169e-01,-6.222789986482927249e-01,-6.428702485164030644e-01,-6.302145520492071773e-01,-6.282031259155314018e-01,-6.433032438384781448e-01,-6.436518687557082341e-01,-6.472002358992084980e-01,-5.968395199867013723e-01,-5.861210429023248070e-01,-6.058154331333610587e-01,-5.826154882499111620e-01,-5.528648101395873260e-01,-5.973911079958724724e-01,-6.273191467994415627e-01,-6.376977909696445179e-01,-6.271722261935491760e-01,-6.312218246027452295e-01,-6.159039933379638621e-01,-6.278272681121724874e-01,-5.831376244317881818e-01,-5.297806942178430178e-01,-5.813533383204496641e-01,-5.723609766504811347e-01,-6.401727583365682817e-01,-5.792323188800664324e-01,-5.409710009034802702e-01,-5.627003973827895411e-01,-5.064414840271477258e-01,-5.133796848517292455e-01,-5.301435009143539157e-01,-4.764278449267892457e-01,-5.686409568314327867e-01,-5.412460762442063977e-01,-5.586653031619392973e-01,-5.478727945941573862e-01,-5.044537843826993884e-01,-4.897780198873251667e-01,-5.408157434695534116e-01,-4.506990079329052379e-01,-5.115793957430094796e-01,-4.928025959956379154e-01,-4.866077487465402807e-01,-4.846536899584978353e-01,-4.429475088056289978e-01,-4.225292660475881701e-01,-4.377306506433498168e-01,-4.993382918904222811e-01,-4.529555360675505682e-01,-4.690391267338392955e-01,-4.158339474948135051e-01,-4.942818558066753298e-01,-4.199474532240831115e-01,-4.061866253481759004e-01,-4.800583848812919330e-01,-4.244437949436376534e-01,-4.468948836689090598e-01,-4.339566891515593272e-01,-4.641133050197826515e-01,-3.817714794192676453e-01
-6.448690530036617075e-01,-6.545852148943037685e-01,-6.339974845034838102e-01,-6.683556174822247176e-01,-6.408264602331905646e-01,-6.635518508566631279e-01,-6.533891603709359730e-01,-6.409639487936333868e-01,-6.438807178152200494e-01,-6.776964012069129906e-01,-6.672207841564037345e-01,-6.341319664981780457e-01,-6.640647633156862018e-01,-6.370789726420075239e-01,-6.298706989341350537e-01,-6.583736078886183174e-01,-6.516300979628939505e-01,-6.612401798007836451e-01,-6.435467892494035613e-01,-6.351768987735866290e-01,-6.668311984097644585e-01,-6.165482058559441647e-01,-6.670075067264350510e-01,-6.106264662407607791e-01,-6.519745986825490336e-01,-6.383482507266153849e-01,-6.353555034459961171e-01,-6.178680811259603667e-01,-6.367271692274329986e-01,-6.064365390954122859e-01,-6.162735887340995422e-01,-5.966874801888194524e-01,-5.870498935374179883e-01,-6.364453943419935422e-01,-5.809015154036567541e-01,-5.685712765425791071e-01,-5.868701349151799196e-01,-6.240957762654314456e-01,-5.795802956400669670e-01,-6.040744795556641789e-01,-6.069598384915801947e-01,-5.613894344269763081e-01,-5.264672356537880571e-01,-5.493317030859584671e-01,-5.418619053569527777e-01,-5.848707464515778831e-01,-5.028874970137809930e-01,-5.439039868758940299e-01,-5.453038955923709130e-01,-5.374334262862344724e-01,-5.506342013106042543e-01,-5.371313294188364562e-01,-4.985453656953066637e-01,-4.924114045338703338e-01,-5.272428016884274093e-01,-4.787970640000442923e-01,-4.989133181002515238e-01,-5.814752197436202641e-01,-4.944630107539644270e-01,-5.279927920044508172e-01,-4.765234628544335327e-01,-4.712898095821252964e-01,-5.063153746668891397e-01,-4.962441716221244747e-01,-4.596497155599186257e-01,-4.993596783298677733e-01,-4.649854435721358370e-01,-5.145319429008110568e-01,-4.776514961735570108e-01,-4.557127360482204348e-01,-4.886544341288642790e-01,-4.551071162331964404e-01,-4.195964234562277184e-01,-4.008354765050813340e-01,-4.064726529089134344e-01,-4.202012843134037556e-01,-3.954401663327374861e-01,-4.225338142164143940e-01,-4.851116396294431476e-01,-3.772145113074831246e-01
-6.207235583856804961e-01,-6.571779391303852469e-01,-6.457849929500575348e-01,-6.580516409924193066e-01,-6.539809972112636816e-01,-6.790392846939037330e-01,-6.624803905654296221e-01,-6.618844971197982430e-01,-6.691067728474309195e-01,-6.287464146365103757e-01,-6.753679541888455429e-01,-6.363660166074044389e-01,-6.469006883630270544e-01,-6.528969961196627869e-01,-6.338705159910513753e-01,-6.498593541819803754e-01,-6.207681784457624863e-01,-6.273860781443598711e-01,-6.255816684531152472e-01,-6.593792407916295728e-01,-6.316928889103671230e-01,-6.272084773756937404e-01,-6.402177506753902181e-01,-6.358588575985106850e-01,-6.332588807863067659e-01,-6.237884567808248404e-01,-6.388668824040756311e-01,-6.008825483976149018e-01,-6.435006198466796112e-01,-6.302246055664296742e-01,-6.313309424842966644e-01,-6.062244333004961350e-01,-6.129041532510570711e-01,-6.236069464492715042e-01,-6.014963506759749556e-01,-5.930376940819912512e-01,-6.234322833361224392e-01,-5.740009752400634380e-01,-5.791702963241999180e-01,-5.936803384789094418e-01,-5.925947545485333867e-01,-5.596758509140705717e-01,-5.023111691034067849e-01,-6.022616445411660413e-01,-5.906289078076171206e-01,-5.329942218410724797e-01,-5.890027060521596525e-01,-5.630925705408529325e-01,-5.437694701159946353e-01,-5.397328917729605768e-01,-5.842704462748210537e-01,-5.852037425389651215e-01,-4.902486091328365214e-01,-5.000315219283973933e-01,-5.240440632801741661e-01,-5.275147084004951914e-01,-5.170234162167789416e-01,-5.510441227754299121e-01,-4.946705371825251274e-01,-4.695082260218415016e-01,-4.938354055939827014e-01,-5.099750929255556509e-01,-4.967320030462415992e-01,-4.820204714015093872e-01,-4.846881712835552913e-01,-4.766158955352768900e-01,-5.025272281693922150e-01,-4.657947492214192797e-01,-4.619047209625080641e-01,-3.758811782112420063e-01,-4.063143655216514549e-01,-4.103053085026125424e-01,-4.545296195053697419e-01,-4.215307877459965602e-01,-4.043986798863479226e-01,-4.820742702403992275e-01,-3.754848497517835892e-01,-4.220554172511390423e-01,-3.971370014713299090e-01,-4.185951226438394679e-01
-6.730063854198089501e-01,-6.508054158137606127e-01,-6.571410748811680191e-01,-6.381508866192436846e-01,-6.576239776451215935e-01,-6.573174767659571982e-01,-6.257736825873049247e-01,-6.453306308708569583e-01,-6.821075271033173459e-01,-6.613887845935462195e-01,-6.542100247425477466e-01,-6.380100564684572095e-01,-6.375240337816302505e-01,-6.332565880348004494e-01,-6.401343418279589192e-01,-6.778613128050974268e-01,-6.468382483290874285e-01,-6.301231979988026755e-01,-6.378514932572191265e-01,-6.449912495790501854e-01,-6.243340215153786454e-01,-6.277337915789373834e-01,-6.352821055790048854e-01,-6.402079658581000254e-01,-6.385303068772778534e-01,-6.600654512325212497e-01,-5.967646509225110751e-01,-6.315853861691053117e-01,-5.897927161032260335e-01,-6.106282449529459866e-01,-5.808095793839012089e-01,-5.940493561026674030e-01,-6.123459507611074271e-01,-6.165760582812200852e-01,-6.417190413795033077e-01,-6.127561158623008319e-01,-5.757354628961232068e-01,-5.670798838648842821e-01,-5.823253176605078796e-01,-5.695775241852316650e-01,-5.759284601209361254e-01,-5.985892794438981701e-01,-5.747335570338119037e-01,-5.632165851203043694e-01,-5.732197439425426033e-01,-5.996367429507870606e-01,-5.469553143904293258e-01,-5.429174213286033224e-01,-5.321398095432142705e-01,-5.620026149025122431e-01,-5.620918288127378926e-01,-5.846925171056593928e-01,-5.116608887194816768e-01,-5.616833162796956991e-01,-5.433184989358602612e-01,-5.118042838376863912e-01,-5.676532576036025235e-01,-5.126768415571458792e-01,-4.974118908950924123e-01,-5.166862178927137395e-01,-5.031186654980053241e-01,-5.665990067589512513e-01,-4.873395497514355634e-01,-5.039149259946626991e-01,-5.578248240784816625e-01,-5.153286929689139262e-01,-4.770813795701728255e-01,-4.790570591718835147e-01,-4.617853335460499475e-01,-4.429987477992839429e-01,-4.616123551441162487e-01,-4.262245591410819823e-01,-4.435828504307873787e-01,-4.691890745317574551e-01,-4.281134491953695886e-01,-3.893033046714794443e-01,-4.242384444340034921e-01,-4.880339892915017685e-01,-4.048974894738601171e-01,-4.288378476996416722e-01
-6.399514986602367062e-01,-6.423472537111781788e-01,-6.403554784791201104e-01,-6.481016010854645515e-01,-6.344472731108510288e-01,-6.258035442927867287e-01,-6.725410205985997703e-01,-6.674667755103483868e-01,-6.616084785780794730e-01,-6.529560887626254528e-01,-6.681539847375229657e-01,-6.546240113740382505e-01,-6.336160009335404242e-01,-6.691707913930279306e-01,-6.416197722016541150e-01,-6.228946680885220077e-01,-6.686220409836227674e-01,-6.327204641583273892e-01,-6.534511548096256783e-01,-6.406483740577910702e-01,-6.478476793134440026e-01,-6.264400570024056814e-01,-6.316276535686262683e-01,-6.267763212244507054e-01,-6.128690616408467573e-01,-6.442546620676830038e-01,-5.897988719698582516e-01,-6.121047994439070550e-01,-6.341597284258431166e-01,-6.176550898260556588e-01,-6.024792884803084059e-01,-6.070561131121283704e-01,-5.979327435801116142e-01,-5.690315231266969143e-01,-5.851989306903283561e-01,-6.005375399351500221e-01,-6.077293659811419113e-01,-6.101944118267831341e-01,-5.958116859264345200e-01,-5.475160379787944454e-01,-6.061672129748669757e-01,-6.204821404327713896e-01,-5.382696854639523742e-01,-5.359293641535630703e-01,-5.622885247166636846e-01,-5.667338555549384926e-01,-5.513368548100920918e-01,-6.209995008698984131e-01,-5.323596733103300727e-01,-5.402545281667527899e-01,-5.012068534235515349e-01,-5.980362503996957679e-01,-4.843177324398596495e-01,-5.238449636217050731e-01,-5.294257976890699435e-01,-4.892790833615169310e-01,-4.969739920961005475e-01,-5.823730289878464861e-01,-4.532902383911220912e-01,-5.345527778210492631e-01,-4.901371169453377363e-01,-5.321966335383422342e-01,-5.274206414438082913e-01,-5.224994665666206073e-01,-5.068759762566240612e-01,-4.755380924081927252e-01,-4.491356983987084828e-01,-4.347567724707403491e-01,-4.098050031306051388e-01,-4.429721528462824964e-01,-4.382692998060829237e-01,-4.877121014795325893e-01,-4.463583841370004079e-01,-4.531839530880822919e-01,-4.879726497711617816e-01,-4.194929352113656029e-01,-3.979705374655508887e-01,-4.150479706192112261e-01,-4.193642383560337583e-01,-4.249612319779881853e-01
-6.328930490791340180e-01,-6.770780298509398998e-01,-6.350244155965990567e-01,-6.773728676620154321e-01,-6.556668208399281106e-01,-6.429654064488732335e-01,-6.262103276084138859e-01,-6.320191345467465194e-01,-6.343403319889069358e-01,-6.489522423297171549e-01,-6.524464324950084437e-01,-6.638765073989993937e-01,-6.502353326592368310e-01,-6.344742701941487040e-01,-6.457014952025960097e-01,-6.506600579589569833e-01,-6.320582921193581560e-01,-6.394882412575852992e-01,-6.250050346494789855e-01,-6.431833319451288888e-01,-6.360863722729244163e-01,-6.404679314321068961e-01,-6.262984618865822251e-01,-6.327481778885352126e-01,-6.330522689724227270e-01,-6.520328147215787018e-01,-6.688848914289358127e-01,-6.121057858586701483e-01,-5.778295161682014403e-01,-6.015841340600311948e-01,-6.052016229678069958e-01,-6.346182163799662934e-01,-6.118063690175623570e-01,-5.986628462625258607e-01,-5.662756029162054894e-01,-6.057225634738370168e-01,-5.823408724788347035e-01,-5.977601571122429513e-01,-5.992121711305941067e-01,-5.681815880218992199e-01,-5.329091528571778813e-01,-5.636889160175921898e-01,-5.800165274568739315e-01,-5.828302014554415100e-01,-5.687322404368585493e-01,-5.559609430102803174e-01,-5.590029335320214621e-01,-5.655777488530021602e-01,-5.638636982327319691e-01,-4.944044123707510563e-01,-5.639854249754863158e-01,-5.287421744949372115e-01,-6.035949591022284899e-01,-5.103344900548646423e-01,-5.128550370954428894e-01,-5.070067372700701736e-01,-5.728161872592065773e-01,-5.380314823499106058e-01,-5.014050760701733722e-01,-4.889147528976938162e-01,-5.019202676427572118e-01,-4.272095049901958874e-01,-4.821519412517272785e-01,-4.651570565443835514e-01,-5.213238643409202622e-01,-4.935399694056917808e-01,-5.178819323993368862e-01,-4.605310857603489016e-01,-4.709624057236441730e-01,-3.916963344302020755e-01,-5.588643275495192020e-01,-4.681416724107858029e-01,-4.248869011785872396e-01,-4.254157829211235309e-01,-3.517856000408511874e-01,-4.308939722119892179e-01,-4.113300242973565446e-01,-4.194802933254783150e-01,-4.169674766966754431e-01,-4.193326051863332515e-01
-6.347182456394014904e-01,-6.038625796086389830e-01,-6.126915634257298349e-01,-6.317302527175843174e-01,-6.437548418246030746e-01,-6.488166703556447201e-01,-6.514776178710489640e-01,-6.557613617769617598e-01,-6.376081039609894363e-01,-6.509257728344421956e-01,-6.603731882650918372e-01,-6.357479625513342558e-01,-6.378982930792326256e-01,-6.226220601793202025e-01,-6.283031101995508738e-01,-6.301899578622621734e-01,-6.276698364854667034e-01,-6.368881941138243574e-01,-6.511452832863965368e-01,-6.513572906624643943e-01,-6.637681639109196396e-01,-6.432292945064446155e-01,-6.810920044937438522e-01,-6.024782851336067946e-01,-6.466041966934314988e-01,-6.703798015812704181e-01,-6.371855145657751018e-01,-6.361884457080713151e-01,-6.312558627665521005e-01,-6.347217691257223127e-01,-5.779859967111206087e-01,-6.405670697348374576e-01,-5.706117394822655120e-01,-6.128505143344686878e-01,-5.386284980940764244e-01,-6.052469662685651119e-01,-5.860339491204340501e-01,-5.962007908416306901e-01,-5.617714003736510309e-01,-5.210353463919514816e-01,-5.991125148214526686e-01,-5.687002066645100440e-01,-5.986168604233397250e-01,-5.540795993615951209e-01,-5.793350099640813822e-01,-5.449638684021843593e-01,-5.118983962429981549e-01,-5.348617232285156620e-01,-5.381932340935532411e-01,-5.804421531329932993e-01,-5.020441070038771381e-01,-5.354991139670056688e-01,-5.476659940101690216e-01,-5.429689422404326837e-01,-5.030551531497825524e-01,-5.399541615565160990e-01,-4.648451617015904036e-01,-5.664145068199044619e-01,-5.190032117635837716e-01,-4.772052074384976472e-01,-4.624254503901112368e-01,-4.937871463401183880e-01,-4.590620870874996262e-01,-4.155333731387426677e-01,-5.341146212316565389e-01,-5.269404841423138697e-01,-5.121566652188945801e-01,-5.138836351498067279e-01,-4.501345594190723776e-01,-5.313166502688486670e-01,-4.977362657247099142e-01,-4.766575564070326676e-01,-5.046473033001174224e-01,-3.673937113084916328e-01,-4.249380246995895782e-01,-4.352018688367589316e-01,-4.397862803729101211e-01,-4.301301844763925630e-01,-4.758482499710111613e-01,-3.999290048706356515e-01
-6.658019219385977738e-01,-6.420850414069380063e-01,-6.649796883923653201e-01,-6.491446946883009383e-01,-6.400714729545710080e-01,-6.741231201910031778e-01,-6.624554306146416272e-01,-6.714536638573306293e-01,-6.194243228164781900e-01,-6.674093406076945234e-01,-6.436856632539921241e-01,-6.444004218306368381e-01,-6.290387652597413393e-01,-6.523897821229134308e-01,-6.121083698526283978e-01,-6.410122742100351489e-01,-6.216433789749226113e-01,-6.676477797888158427e-01,-6.361378016741164876e-01,-6.278344881982007575e-01,-6.260465450595713577e-01,-6.364925166668726764e-01,-6.349740404033265007e-01,-6.246649395752242873e-01,-5.960152236486276900e-01,-6.000318987899212475e-01,-6.415279683254854204e-01,-6.260772441142132827e-01,-6.138057684003569436e-01,-6.012920735476627865e-01,-6.416111578184001685e-01,-6.074565097599531338e-01,-5.961434128130577159e-01,-5.758247097161981465e-01,-5.874824014933682781e-01,-5.779428606548153713e-01,-5.743746273186697282e-01,-5.833609065280304096e-01,-5.539577369874099100e-01,-5.849703638895262792e-01,-5.671511757576845891e-01,-5.860058951305057162e-01,-5.819487681804457191e-01,-5.383721827472272015e-01,-5.373014740901641551e-01,-6.078583514152381406e-01,-5.495182033121737142e-01,-5.303988396909425918e-01,-5.810274789090833503e-01,-5.646415997254389252e-01,-5.518545323687810145e-01,-5.566658138170417214e-01,-5.107231598852429721e-01,-5.202603207460395618e-01,-5.348240912857881169e-01,-5.196852015322215301e-01,-5.327419777184634331e-01,-4.777695659376609560e-01,-5.470659945083915510e-01,-5.209903718866025768e-01,-5.171078194633486058e-01,-5.311359022626410686e-01,-4.931947443349957161e-01,-5.377780289360316601e-01,-5.278107145490406049e-01,-5.054692593905178999e-01,-5.253171463070018810e-01,-4.596764024914071767e-01,-4.857791316716056351e-01,-4.551380157848611274e-01,-4.872654941447552845e-01,-3.952996677523724078e-01,-4.293418916910670124e-01,-4.547382081026102862e-01,-4.123350679573336564e-01,-3.753972924155123958e-01,-4.310621614526472523e-01,-4.537927344920122397e-01,-4.603799893711468250e-01,-4.560889766722360794e-01
-6.330185531543044419e-01,-6.286449931651792999e-01,-6.451534422675211378e-01,-6.396191419856270821e-01,-6.320147053688118799e-01,-6.619106300566097723e-01,-6.268183501608497465e-01,-6.695415682094280063e-01,-6.490002286661823439e-01,-6.666931955150856570e-01,-6.121979479890806708e-01,-6.206226451867773442e-01,-6.345821625636841601e-01,-6.403604026933397142e-01,-6.627048102560612053e-01,-6.442666998963041403e-01,-6.360775223849782778e-01,-6.239369420898853713e-01,-6.312629685325942264e-01,-6.567782471991996385e-01,-6.404972517352519601e-01,-6.385021575957803286e-01,-6.322092758593366169e-01,-6.494251507027816173e-01,-6.593600203379424984e-01,-6.155566016348370528e-01,-5.719461427831274980e-01,-6.189119308098118832e-01,-6.459486750725903503e-01,-6.307249440049240707e-01,-6.015192336138940332e-01,-6.013490052255029417e-01,-6.216863393694810336e-01,-5.412277484954458595e-01,-6.029304261522080433e-01,-5.551314439906049891e-01,-5.653853086720694865e-01,-6.155625432071503145e-01,-5.507661679905880847e-01,-5.930916301260932277e-01,-5.759028093855672603e-01,-5.442926253845279394e-01,-5.516604284181014783e-01,-5.416090133908874060e-01,-5.841136025687873046e-01,-5.282071325601007672e-01,-4.888737254629448303e-01,-5.617847962140771756e-01,-5.735983407610990570e-01,-5.123038275964093557e-01,-5.911225180603799645e-01,-5.126454198567098608e-01,-5.245359601021567508e-01,-5.490701372893271870e-01,-5.667774434412323759e-01,-5.445661886930572848e-01,-4.976886225560682719e-01,-5.255787407982467352e-01,-4.886215163855295862e-01,-5.486331061013571819e-01,-4.996650464964302873e-01,-4.820648872663704787e-01,-4.354317444804950976e-01,-5.654214760569440390e-01,-4.464710084673734758e-01,-4.633963220602044797e-01,-4.604968156351411102e-01,-4.579341744215507104e-01,-4.865245905179161334e-01,-5.015099737480531727e-01,-5.190415888849979620e-01,-4.787527207442769384e-01,-4.398077993524809326e-01,-4.146710030683415926e-01,-4.445086322711430671e-01,-4.845242637836318367e-01,-4.547420178452588058e-01,-4.839411733198584198e-01,-4.478848720844371689e-01,-5.298656416985559892e-01
-6.522814239923095947e-01,-6.253105866511028399e-01,-6.366396362874193748e-01,-6.249618362517284087e-01,-6.543257578886675363e-01,-6.069482163098178784e-01,-6.257724707382873452e-01,-6.652707084587929920e-01,-6.309855525742970039e-01,-6.352898304516654271e-01,-6.490927230043529450e-01,-6.294601453222365972e-01,-6.484670313893097227e-01,-6.327169716219234186e-01,-6.537002428251571517e-01,-6.218625154808103961e-01,-6.612225238932051274e-01,-6.294760266064360898e-01,-6.231979870521243692e-01,-5.921138145139471787e-01,-6.180988727357139556e-01,-6.307742019415397694e-01,-6.435870170263695567e-01,-6.468835592303913140e-01,-6.271457910033915173e-01,-6.788409157144942307e-01,-6.208292910667795317e-01,-6.084673662268713645e-01,-6.127972567728686704e-01,-6.126778972683688540e-01,-6.338021860548052056e-01,-6.219181445763090066e-01,-6.063066974904802731e-01,-5.652988590344195652e-01,-5.761374328917100440e-01,-5.713663147240818363e-01,-5.816831253460724716e-01,-5.902974742440086908e-01,-5.606529093689258669e-01,-5.940353584763514716e-01,-5.789127917406109436e-01,-5.413191705960624933e-01,-5.764775646509570084e-01,-5.595011818103169388e-01,-5.498624959763290798e-01,-5.408980335910797965e-01,-5.292233191236302980e-01,-5.995046510039080401e-01,-5.470826244171398400e-01,-5.748236262191028789e-01,-5.530521415125426721e-01,-5.481012229783289724e-01,-5.096079213947439790e-01,-5.553884113306591930e-01,-4.751098259706697524e-01,-5.397210046231060154e-01,-5.313794918816673318e-01,-5.268648339276174042e-01,-5.638869328410458515e-01,-4.646312832440196439e-01,-4.694877289859512026e-01,-5.148311946469402711e-01,-4.986321763589292577e-01,-4.939801315195154197e-01,-5.582694280513766927e-01,-4.690449086400345080e-01,-4.731145344565693134e-01,-4.334612539464127168e-01,-4.826090547744578685e-01,-4.842339013459967534e-01,-4.168885137693498222e-01,-4.369646253365703781e-01,-4.514139483269300479e-01,-4.104999836721317519e-01,-4.365033739703758076e-01,-4.344740338525963086e-01,-4.406921739236649427e-01,-4.332514950486971994e-01,-4.146021786977721058e-01,-4.043132461563232471e-01
-6.188667196170533069e-01,-6.408470702392754514e-01,-6.278260876619587982e-01,-6.271391577739428014e-01,-6.061506536572671688e-01,-6.517787238543293338e-01,-6.121694139369709964e-01,-6.055748735355391821e-01,-6.763310523753489623e-01,-6.486503580590221585e-01,-6.333502704420642671e-01,-6.366657400051383142e-01,-5.929011043173187945e-01,-6.499639712002878156e-01,-6.330064757064406411e-01,-6.260191858618752159e-01,-6.116769067160984230e-01,-6.473376359564759763e-01,-6.376869519298040689e-01,-5.844135577835684048e-01,-6.581149743401089047e-01,-6.618925512419839841e-01,-6.297812116945461502e-01,-6.094366736905397763e-01,-6.046174001374076123e-01,-5.979424478450277025e-01,-5.904420314391465308e-01,-6.335158904088256104e-01,-6.092408313488377747e-01,-6.338191138316141560e-01,-6.254012832624062934e-01,-6.399578037421992383e-01,-5.547809200351687675e-01,-5.826745865944101821e-01,-6.178651326017690071e-01,-5.960077735607589577e-01,-6.007785011976630729e-01,-5.506458020247197993e-01,-6.103917223698415162e-01,-5.805681955321408960e-01,-5.864378483560344080e-01,-5.546863003113063906e-01,-5.486647584718292725e-01,-5.495407838577208715e-01,-5.362287788679005462e-01,-5.226999822866680301e-01,-5.839992106440418107e-01,-5.508112932583070220e-01,-5.569382235542249537e-01,-5.574998895802411036e-01,-4.877115894419559172e-01,-5.274694973078732918e-01,-4.989198261171073345e-01,-5.571204821009596575e-01,-5.246974916651303555e-01,-5.066535278264095998e-01,-5.693493014191394197e-01,-5.105778330553063515e-01,-5.491308709556584899e-01,-4.801244960795084671e-01,-5.618999618145736896e-01,-5.003854399138334408e-01,-4.835340514641334186e-01,-5.109440413199163311e-01,-4.615066382142831714e-01,-5.413790548796193480e-01,-5.594038884161480762e-01,-5.140917765579530174e-01,-4.183374157752475786e-01,-5.080069502922767155e-01,-4.434869322065870256e-01,-5.118144231332290017e-01,-4.426720163364717964e-01,-4.332251982573431248e-01,-5.218906253460799949e-01,-4.419459320636027755e-01,-4.935181315475076214e-01,-4.884137872433876315e-01,-4.431481262533430998e-01,-4.599915337009172212e-01
-6.570839796105721886e-01,-6.557356361913757592e-01,-6.453804221220443837e-01,-6.262621904226044478e-01,-6.164914946692530151e-01,-6.933744042226138715e-01,-6.385871968617603534e-01,-6.333551305097883111e-01,-6.431969008104923002e-01,-6.059956615664213730e-01,-6.660850564344076297e-01,-6.065613238076826841e-01,-6.390995667399390623e-01,-6.416480591842768089e-01,-6.527704576188410046e-01,-6.123142002944602647e-01,-6.060130848751149601e-01,-6.252380017306596871e-01,-6.514256468679466838e-01,-6.403933665593376512e-01,-6.338032620863829347e-01,-6.086009841836227396e-01,-6.472186522304019807e-01,-6.377326393879869659e-01,-5.909484622434267864e-01,-6.225983646670540939e-01,-6.142933171211127918e-01,-6.035782067720145694e-01,-6.050975697305925882e-01,-5.983189689820771484e-01,-6.221722090462026289e-01,-6.390728055321199808e-01,-5.859967325343404809e-01,-5.794684993906371595e-01,-6.082296703953509187e-01,-5.890289877063358270e-01,-5.845173159185373946e-01,-5.686626209923532071e-01,-5.887530259087957463e-01,-5.723002166620851927e-01,-5.543102575339179383e-01,-5.987777158382939779e-01,-5.758429292207248862e-01,-5.711144397966173569e-01,-5.525015908084994765e-01,-6.207394623127376887e-01,-5.971584585754876606e-01,-5.651441713575634518e-01,-5.711443437326391148e-01,-5.568362410627073489e-01,-5.335324395206791914e-01,-5.235600145766545754e-01,-4.999446283502614885e-01,-5.317442149842691590e-01,-5.466542056525917070e-01,-5.292297687533518147e-01,-5.620540833939244862e-01,-5.702442686438803365e-01,-5.046269880304601330e-01,-5.627860600916212430e-01,-5.094716186562314730e-01,-4.875357184519034104e-01,-5.223524200641248560e-01,-5.116296005869055419e-01,-5.312944936909864690e-01,-5.252421389390293793e-01,-5.312986903416982987e-01,-5.443595449555493904e-01,-4.896170568476171936e-01,-4.751895987610125216e-01,-4.355827471003446139e-01,-4.728332691189027770e-01,-4.967647897041539418e-01,-5.092378166001503281e-01,-4.860788132853524623e-01,-5.088655889557294199e-01,-4.332498057442165651e-01,-4.599140166363395177e-01,-4.225643753851964779e-01,-4.631260366094157033e-01
-6.164685216860799066e-01,-6.312644359238038794e-01,-6.738908930724925028e-01,-6.401033774447867364e-01,-6.328029917988120534e-01,-6.310899506269599391e-01,-6.365809366618292442e-01,-6.136702273169605260e-01,-6.331697341864516160e-01,-6.345295061214879517e-01,-6.192095584190266955e-01,-6.371082888154627755e-01,-6.559660341872299849e-01,-6.443333067781134016e-01,-6.436929182333142041e-01,-6.719213380801145608e-01,-6.434015505623300601e-01,-6.059811205287045643e-01,-6.290101908629647243e-01,-6.513230480633497299e-01,-6.269314174382168980e-01,-6.213411154395994673e-01,-6.477279517971556988e-01,-6.012730325368427220e-01,-6.135249873703473300e-01,-6.038815281770567589e-01,-6.258191597301576703e-01,-6.174294737134220501e-01,-5.961219477323177474e-01,-6.036984084062618772e-01,-5.994927454250393861e-01,-6.256093619269065265e-01,-6.141487959619854609e-01,-6.126336365281833674e-01,-5.558871820589662560e-01,-6.044170719483855647e-01,-5.906826338463810888e-01,-5.813526537255762072e-01,-5.672164890750406308e-01,-5.934949890706445741e-01,-5.614184379014750537e-01,-5.930121274687851773e-01,-6.032102625343606084e-01,-5.119612337510237587e-01,-5.756565114256899651e-01,-5.647998724139943194e-01,-5.510485525430365294e-01,-5.391068645087477851e-01,-5.746819309479346272e-01,-5.526606375224828449e-01,-5.672614201699037739e-01,-5.529291722539320109e-01,-5.307979218327056881e-01,-5.349528865890772478e-01,-5.355860912835892496e-01,-5.688203143040841958e-01,-5.447556783915368239e-01,-5.034885731185521074e-01,-5.307926589760858516e-01,-5.819491155732638976e-01,-4.717954110511212718e-01,-5.042469008557017851e-01,-5.047955645944149916e-01,-5.623733668988776246e-01,-4.712531312910607229e-01,-4.700304434307243651e-01,-4.781698292564532382e-01,-4.676357260348915079e-01,-5.231646740329159995e-01,-5.261894556214911089e-01,-4.907821385170352824e-01,-4.335064869228537066e-01,-4.600431200170700952e-01,-4.160256465003862592e-01,-4.480811855746881789e-01,-3.876094574964668027e-01,-5.054621230317360991e-01,-3.089673185209727557e-01,-4.856416881530042362e-01,-4.433897411805547972e-01
