-4.417948119712925004e-01,-4.667524210795563344e-01,-3.853507760376263525e-01,-2.813636096900122285e-01,-3.002714899939499249e-01,-2.109958337716941468e-01,-2.590024917987657771e-01,-1.495659127125912868e-01,-1.483620460712776756e-01,-1.798819122085049682e-01,4.998821490180751365e-02,1.322355829960504721e-02,-2.994800297013051893e-02,-6.312408023928027523e-02,-1.106432205271345171e-01,-2.889430771724960656e-01,-3.679749263853045876e-02,-6.388547070559737195e-02,3.825312491646931483e-03,-4.138928160440612236e-02,-8.914535169391654690e-02,-1.560007555612576424e-01,-3.017856770759805643e-02,-1.622009011894554875e-01,1.259846732986717559e-02,2.916600229820552007e-03,-5.462708332914791021e-02,-3.603342769596339090e-02,-1.017657775227364531e-01,-4.656534866562130753e-02,-8.809715424932897110e-02,-6.932112669666531946e-02,-5.385272933235626946e-02,-3.196388761029193837e-02,-2.398405784894947976e-02,-1.053036633080367459e-03,-1.133330065296720389e-02,-1.975971963503054662e-03,6.417880200349611840e-03,-2.857588966516276530e-02,5.255513774329136079e-02,2.167836022886033068e-02,7.122018284825355761e-02,5.493255171766133621e-02,9.251342665774385521e-02,1.169303918512343970e-01,4.512765945415554703e-02,6.823085287701816104e-02,7.297838425565059128e-02,7.451167116084648698e-03,6.440315870769565409e-02,9.071868573320877871e-02,-2.325924432990202073e-01,-2.840700437671370149e-01,2.028426615899097882e-02,1.583368746033721464e-01,1.845074306874768255e-01,2.025157457778291314e-01,-8.674703948119169561e-02,1.593617259473374403e-01,8.529694431722241454e-02,1.623244324697255547e-01,-8.724802973468402667e-02,-1.280052349077186458e-01,2.118883477872556334e-02,4.056711560017663837e-02,-6.857012028683115434e-02,4.208296766950032214e-02,2.300230362532933170e-01,5.590004475089849906e-02,1.760840554805195510e-02,-2.699501008647425260e-01,1.096039851797620396e-01,8.054785943770968737e-02,-5.370139608407643872e-02,-1.288255049077501602e-01,-3.993315905133196925e-02,1.022593764745271805e-01,-1.051186170863315367e-01,-2.212061141143402757e-02
-6.994463437392192118e-01,-3.596173649167871966e-01,-5.947202916098403014e-01,-3.958696857704023242e-01,-3.622381290854410074e-01,-2.952855166919205465e-01,-4.751487770948373268e-01,-3.398115958890526311e-01,-3.182601689758291497e-01,-2.117494582219100474e-01,-1.689097516357151718e-01,-1.795969356358538549e-01,-8.247724305987806648e-02,-3.529500421536565374e-02,-1.701369472953231099e-01,-2.135912929966405083e-01,-1.139689438965393598e-01,-1.733407430781682690e-01,-1.207875200620208284e-01,-1.843915620575177772e-01,-1.905760029016761170e-01,-8.992207659879773718e-02,-1.257522179014799735e-01,-1.732263662996148257e-01,-2.083792104229270081e-01,-1.078665045441321857e-01,-5.260955563332007229e-02,-9.674149111593234596e-02,-5.995240619464704129e-02,-3.514374566407121869e-02,-1.066513502049360601e-01,-9.651177174156136407e-02,-9.938365451682429352e-02,-5.193237123502387337e-02,-4.327103183421172200e-02,-5.822891094631690162e-02,-2.085748068442863992e-02,-3.084879759280673497e-03,-3.774132979452380493e-02,-1.698567469306277652e-02,-4.145329798668171556e-02,1.289503864369889903e-02,4.921343970193547968e-02,5.692782452681843797e-02,2.355806748820791358e-02,5.608785782668581493e-02,4.670861693653315105e-02,1.328770705047748607e-02,7.634216055095732756e-02,1.373373056192996877e-01,1.072231086865284150e-01,7.232140724671641541e-02,-2.124247830991294606e-01,-8.490676373296211776e-02,-1.588194456733766913e-01,-7.713700987792602992e-02,-3.063781681849692476e-02,-9.918151292949480696e-03,1.091896799616342700e-01,-2.786689849611062031e-01,1.745723467608435719e-01,3.318516553315910278e-02,-4.719317272028345157e-07,-5.515359792808807726e-02,4.777774078859739482e-02,4.652513736374223191e-02,3.554821547896814399e-02,3.987072262685396884e-02,-1.314519360156092831e-01,1.924002492372603804e-02,-1.408439177177660540e-01,3.427319373186012846e-02,-2.283920427546317147e-02,-5.193340821740550367e-02,2.134243273696914342e-02,-1.395422291891184642e-02,2.009278324205638622e-01,-7.319747888505892530e-02,-3.646647078448618517e-02,4.382575953742272323e-02
-7.635189517581756347e-01,-6.910926907308294620e-01,-4.306050948547028856e-01,-6.514546137057997122e-01,-5.039499820375648032e-01,-3.723331555900448731e-01,-4.314281391533117960e-01,-3.436817873912426102e-01,-3.031235715333252534e-01,-3.535207502239455790e-01,-3.616923855750633909e-01,-3.229512722260611812e-01,-2.140801335442530373e-01,-2.535472125887169859e-01,-2.691884777084896929e-01,-1.336906718368262859e-01,-1.934118611636730933e-01,-2.781982722924187801e-01,-2.694746978548738237e-01,-1.774494380179817421e-01,-1.854182852623721400e-01,-1.658691998943527257e-01,-1.406862965829504264e-01,-1.043870694762954326e-01,-1.196986250024121290e-01,-1.425902981503933686e-01,-1.893861529124579168e-01,-1.240883739857585877e-01,-1.201145214533268224e-01,-1.197125972910357689e-01,-1.653271193272477235e-01,-1.242779658010936400e-01,-7.373238722608356499e-02,-5.589622710659439275e-02,-6.882394642540816398e-02,-5.780404825008865488e-02,-6.337848331431648885e-02,-3.945679067490454744e-02,-7.065215513954384297e-02,-1.734366690391659152e-02,-5.210181510372676600e-02,-1.433999493089946863e-02,-1.924841503674832449e-02,-2.504635174229490058e-02,-1.527571677488569722e-02,1.965574083739125844e-02,2.805574287613634560e-02,4.704195161395249153e-02,2.399644296643384592e-02,4.475693965576132971e-02,-1.432165816249001029e-02,-3.833561155146072291e-02,1.557030286113997471e-02,-1.050456354448778551e-01,-1.826470758384615700e-01,6.226902653154103157e-02,1.996770445846127451e-01,6.005278086069149729e-02,1.995532404734114140e-01,-1.051842069118398698e-01,-1.835139446334447654e-03,1.118619871242303582e-01,2.582588293696885112e-02,7.751723488970362064e-02,9.978200363758708835e-02,2.000019818047887588e-01,1.405991089282928042e-01,-6.910504228022608386e-02,-6.351245900352405632e-03,-1.150838443630633201e-01,-3.329394543296568254e-02,-2.721743387622523394e-02,-1.334767007824923524e-01,-3.119756979334917801e-01,1.119072487235494087e-02,2.146066990901112359e-01,-7.793156639334779257e-02,-1.320256790470450969e-01,-1.589967956620860212e-01,-4.741776623421684739e-02
-7.206177386418223252e-01,-6.784286720269514515e-01,-7.121730267254523516e-01,-4.839642492783332584e-01,-6.768589512374680872e-01,-5.689152311902380132e-01,-4.568339439026143367e-01,-3.606501598687594790e-01,-4.398773531226410904e-01,-3.099802817208802130e-01,-2.846025406817567771e-01,-3.066177729917974881e-01,-2.302085205507106436e-01,-3.830320222849705192e-01,-1.952034553019360019e-01,-1.981105301780141104e-01,-2.009960056731867617e-01,-2.032167038932199687e-01,-2.372060254223982978e-01,-2.173085542091209299e-01,-2.337095910705333235e-01,-1.285955950319053465e-01,-9.171069941250457880e-02,-1.543813357495667504e-01,-1.684940277696198585e-01,-1.514699331780563485e-01,-1.975693449572445970e-01,-1.694711754247645030e-01,-9.382181805969899702e-02,-1.440380576007192492e-01,-1.359908172177041741e-01,-1.162539294362090470e-01,-1.007914413738578013e-01,-7.598073871324001471e-02,-1.023423754331509034e-01,-1.048553553456756382e-01,-7.916842850717696611e-02,-5.541337175648191476e-02,-4.765105655786073396e-02,-5.519128438657397440e-02,-1.909472841719998468e-02,-2.770943304877644328e-02,-1.525409755612428322e-02,-6.957742749150512725e-03,-3.354219167630111825e-02,3.284196917021742906e-02,2.838318246037385608e-03,1.854858987574875898e-02,5.381976822878879047e-02,-3.693333611102784381e-02,3.148447656308970416e-02,-6.896234545573624863e-02,-3.526769461195133210e-02,-1.438425831994089021e-01,5.706955804692394330e-02,5.813542251378534670e-02,-4.196846717129833898e-02,6.228929636939164322e-02,1.135780910032534036e-01,2.366811611490746425e-01,2.018124042186250078e-01,7.509427078400815470e-02,-8.133392938046336840e-02,-8.767638480578131277e-02,2.538567186773387774e-01,1.836138962371610672e-01,1.436869088733368494e-01,6.301800495106740785e-02,1.296222978261723779e-01,-3.438574829880822192e-02,1.425730664943632986e-01,2.439974462214995754e-01,-2.860357248323582707e-02,-5.623273910410849646e-02,-2.005379561304732883e-01,1.603466653333097125e-01,5.723652715845816558e-02,1.428484124897215213e-01,-5.308981971944781719e-02,-2.903124029184704982e-02
-7.446649899049888610e-01,-6.689685617120701977e-01,-6.620158730087951637e-01,-6.677601596134626893e-01,-4.703878979430789475e-01,-7.020328307758947339e-01,-6.146181557461791733e-01,-5.172602269874049252e-01,-4.332715597610119485e-01,-3.540557606521620437e-01,-3.855955797472490620e-01,-3.236505378103985420e-01,-3.319503708075841053e-01,-2.829833853502932706e-01,-3.826588090269053555e-01,-3.169352034198624213e-01,-2.661300795661827867e-01,-2.145700705781228845e-01,-3.149352540266465161e-01,-3.058067961328561069e-01,-2.763890464023512905e-01,-2.531168430256785506e-01,-1.838654951844798935e-01,-1.682332274903439173e-01,-2.999079396025434163e-01,-1.535151454044383079e-01,-2.063362457410755357e-01,-2.172162685802654924e-01,-1.638224081262395493e-01,-1.948686119972980746e-01,-1.681305490288989013e-01,-1.203148034462694915e-01,-1.172509451777312556e-01,-9.793845504213848085e-02,-1.098040401377745057e-01,-9.912444057941292852e-02,-1.091060535794963343e-01,-7.363302008016256450e-02,-8.644084604761971546e-02,-6.719141008079038135e-02,-1.349252241869717817e-01,-5.651845132452767984e-02,7.378946772630567974e-03,-5.001973537469416725e-02,4.608226463533512951e-02,3.915428896126322764e-03,-7.796221495831813508e-02,-4.256767574046968483e-02,3.966063740371586488e-02,-6.680736512085191925e-02,-2.320230241126597925e-01,-1.390685870886876063e-01,-2.776838747400795990e-02,-1.891176950056360218e-01,-4.101640200924886251e-03,-3.714649220349470343e-02,4.527307160469842828e-02,2.607596268592787259e-01,2.010391899276698924e-01,1.597853083404013608e-01,9.191275520608768734e-02,1.444693125934352895e-01,5.997789429035574327e-02,1.326587893342978941e-01,1.253432846985733096e-01,2.437561092303915655e-01,1.118391766368518059e-01,2.013991789472587262e-03,1.460160259042108111e-01,1.420633958747805903e-01,2.678696038114575795e-01,7.104685788865762464e-02,7.998499552533129553e-02,1.763226088122397395e-01,1.586611652690789187e-01,1.140025056663276047e-02,1.350924981874621622e-01,3.957098773775927225e-02,1.090584745446396830e-01,-1.575119703850229869e-01
-8.143542885770600481e-01,-7.954379812813135997e-01,-6.469241162580389171e-01,-6.040536541546931426e-01,-5.937049129638686251e-01,-5.146166514496544053e-01,-7.086450387413193441e-01,-6.471754436612336958e-01,-5.624796659913277042e-01,-4.900522635480598077e-01,-4.192225301381165559e-01,-4.153150433650773521e-01,-5.076918699752163144e-01,-3.731635811462443164e-01,-3.946205992068561597e-01,-3.953150137258069630e-01,-3.541406599143712142e-01,-3.377580296733408982e-01,-2.768873201999034750e-01,-2.869224783002276569e-01,-3.316479561492127193e-01,-2.491533271991815124e-01,-2.322940721377299844e-01,-3.446777401730147239e-01,-2.196785525282607954e-01,-1.873037374996245341e-01,-2.356935673302210099e-01,-2.138760086897234236e-01,-2.165664879573134527e-01,-1.530439876897150830e-01,-1.448067263998815690e-01,-1.370408771117274382e-01,-1.296896571930977182e-01,-1.056417653752615704e-01,-1.110377379038604562e-01,-1.660462982356545880e-01,-1.241103757638876426e-01,-1.080736813901654048e-01,-1.420693742899202805e-01,-1.296764843902980524e-01,-7.337871997910595800e-02,-8.810778302812281859e-02,-7.423581893719517766e-02,-9.979568327001495098e-02,-5.772264198269557584e-02,2.332842333685794869e-02,-1.640191695075853690e-02,1.816294001483509737e-02,-9.107488168738489542e-02,-3.297557547292741531e-01,1.005363952252330273e-01,1.043367414341199624e-02,1.211598252140943660e-01,-1.276645925422218442e-01,-1.288495375718483327e-01,8.090789460875516537e-02,-1.513483750429738539e-01,2.041659355185838215e-02,-1.000093415822209536e-01,1.459421157316776463e-01,1.316420452587357681e-01,1.574975900333694667e-01,1.143522983728607056e-01,3.223264695049411072e-02,1.217184714564994302e-01,1.505264462225447408e-01,1.897604079381620956e-01,3.881268910102939063e-02,2.301163795825059491e-02,1.528018288308640449e-01,2.817594716975752381e-02,1.802483095084080333e-01,-6.095109357442832915e-02,5.447527006123423915e-02,-3.324802043149469727e-02,-2.138452342708224707e-01,1.573080743814165294e-01,-3.140848166800582625e-02,3.265308981790854270e-02,5.538843165442049882e-02
-7.531765045937952596e-01,-7.359002210748929462e-01,-7.448370948134357405e-01,-6.912821834896196727e-01,-6.188482020726995270e-01,-4.942357600941829077e-01,-5.141185031191830568e-01,-7.238301479585393938e-01,-6.724959491827919855e-01,-6.030517279931173480e-01,-5.359992340129309252e-01,-4.724456665722311377e-01,-4.160716402905269007e-01,-3.550397597316097276e-01,-4.830819162626271424e-01,-4.765536504943994611e-01,-3.508126072985127686e-01,-3.944005587765156418e-01,-3.965250828142501405e-01,-3.211716426203745089e-01,-2.844975348961147898e-01,-3.665692372272538191e-01,-3.011511012063294856e-01,-2.253174083426784935e-01,-3.104257882208017461e-01,-2.721471644598338346e-01,-3.522491758667543604e-01,-2.570781647485817500e-01,-1.838791956685920381e-01,-1.774593878405818503e-01,-1.757841072637996715e-01,-1.524705283536209877e-01,-1.640591089414780435e-01,-1.259014615532558223e-01,-1.092086615169151759e-01,-1.648400843553860795e-01,-1.259105073903202532e-01,-1.981193505306334257e-01,-1.282298031754871281e-01,-1.203697602226972280e-01,-1.452430455782816876e-01,-1.393862074272806395e-01,-1.001738814939315686e-01,-4.733021177156972875e-02,-3.310511137706197843e-02,-8.640510633865083889e-02,1.892978718262735145e-05,-9.457001890542954259e-02,-1.513334325885033194e-01,-3.123650840361207881e-01,-4.559299321966255036e-02,-4.995503024683776300e-02,1.118821818013883418e-01,-9.608011807113903124e-02,-2.160923612233517921e-01,-2.916229835868268394e-02,-1.350717581674348022e-01,-1.490032741286936302e-01,2.124267262369514409e-01,-5.474027238390864747e-02,4.377287345245199288e-03,1.783845069660516536e-01,-5.727326513838015137e-02,2.232201254546042068e-01,1.535740405722717805e-01,-2.389895498843359334e-01,4.255538047883047209e-02,-7.787851226078711109e-02,1.103941132029639602e-02,-1.602481431880941887e-01,1.076018776412213385e-01,-3.584674803816761783e-03,7.170012290160181212e-02,-1.038443896824773199e-01,-8.867691300216810901e-02,2.357313258205495296e-02,-2.046239133113287034e-01,-4.656786582514704093e-02,-1.116996400278554430e-01,-5.578337718799613459e-02
-8.167809284661790015e-01,-8.082940071759959766e-01,-7.058614972237803320e-01,-6.878892846352283597e-01,-6.693077330665635483e-01,-6.363145904296996225e-01,-5.891132983021922787e-01,-4.941559909969168163e-01,-7.438031388977944802e-01,-6.937404983421034954e-01,-6.312894914089689502e-01,-5.748260747653350933e-01,-5.192826259619008900e-01,-4.658212489449269911e-01,-4.139780559774682289e-01,-3.656274781901399096e-01,-3.268165196298239983e-01,-4.993060294060733262e-01,-4.238110629367685123e-01,-3.585267794337927416e-01,-4.120069556506020803e-01,-3.370030068464681672e-01,-4.288319699078178004e-01,-3.272177227671526079e-01,-3.087845798742064329e-01,-3.166680932306855101e-01,-2.258758030227924762e-01,-2.094201668746727696e-01,-2.111097550915073673e-01,-2.044747695469775473e-01,-1.805722440879722335e-01,-1.888619303469461497e-01,-1.757572671862815128e-01,-1.660159228222999883e-01,-1.487662482069054548e-01,-1.497185180567643381e-01,-2.398083382464469282e-01,-1.709577734737276478e-01,-1.833901762184599604e-01,-1.435909694866932818e-01,-1.586378466736823589e-01,-1.247354118674252332e-01,-7.084999116096772631e-02,-6.467096452482086477e-02,-8.314378902691109408e-02,-7.411897512088644335e-02,-5.208416153050902248e-02,-5.202508482589663502e-02,-1.431478634551270612e-01,4.574155963643335154e-02,-4.653261434235290983e-02,5.803853789003285413e-02,9.640896136172430464e-02,-2.345859626783787510e-01,-3.968789337725800448e-02,-1.012175346277632976e-01,-1.107288418239659733e-01,-2.348327379136343207e-01,-9.478430761991332720e-02,-1.499368592421140289e-01,-1.591562853886081264e-01,1.076843421153431540e-01,-1.226224783612338276e-01,-8.172599212686888770e-02,1.193234613381278231e-01,-8.973675695614137526e-02,5.863603665456668806e-02,-1.331656775222676316e-02,5.174028950221702672e-02,1.750959988163851982e-02,-1.206338235087664468e-01,3.364606359451131901e-02,1.362706187964787818e-01,-1.309075606882512399e-01,-7.688182788730499317e-02,-6.719305156770251364e-02,8.538587787528147122e-02,-5.415590257200118135e-02,-1.085894792900111150e-01,-1.629856636360094979e-01
-7.978066406707946534e-01,-8.329679162071317311e-01,-7.444033170418724588e-01,-7.556684672236723133e-01,-7.634355512087357409e-01,-6.602296509049875306e-01,-5.826134708487649139e-01,-4.825383242244463688e-01,-4.316336679241038476e-01,-7.626555012403174461e-01,-7.112286872107728142e-01,-6.470314730270932957e-01,-6.077089111073409322e-01,-5.504999219307046276e-01,-5.088805047315048125e-01,-4.687482890933217239e-01,-4.281637075075987453e-01,-3.897171996039079378e-01,-3.311079655254691168e-01,-3.268812331363701862e-01,-3.087565534552151325e-01,-3.006471543701679239e-01,-2.731962013316221460e-01,-2.749963798519514668e-01,-2.674235473438721922e-01,-2.577584025328520934e-01,-2.383349690116209618e-01,-2.475923030276943326e-01,-2.459963834615223610e-01,-2.083977207024144962e-01,-1.928445369069285154e-01,-1.893745401037394138e-01,-1.918874004112135490e-01,-2.020072060874599229e-01,-1.748001400931343541e-01,-2.267717351497204048e-01,-2.063645873539552700e-01,-1.551065009036700915e-01,-1.200578273984386629e-01,-1.908748554653941498e-01,-1.584438524397009940e-01,-1.736355705437336583e-01,-1.554421633640367673e-01,-1.620241944389029798e-01,-1.480277238298096376e-01,-5.579365463255787916e-02,-7.605353109971696272e-03,5.953457860849883931e-02,-2.786616365405780033e-02,5.508313303882493572e-02,1.018474721816473860e-01,2.745783650859257574e-01,-6.703146356067446465e-03,-9.524486632636045003e-02,-1.449599039506394571e-01,-3.537007311392038611e-01,-1.549418798280786935e-01,-9.166674183225291539e-02,-1.742249674167347107e-01,-2.759731552181993175e-01,-7.302636833303238761e-02,-5.178377818896271606e-02,-6.448087407582307751e-02,1.881905156890574804e-01,-1.330990930597188426e-01,-1.535992800131156799e-01,-3.650319504958476208e-02,-7.302458759041313696e-02,-7.866519008482229791e-02,-1.860903209333285291e-02,6.046370092641861760e-02,3.066140648133578676e-03,1.015668601216000444e-01,1.285623166092709005e-02,9.677364422180240178e-02,1.362937371675889131e-01,9.190072390891257381e-03,3.668556669350681726e-02,1.016029630383737531e-01,-1.283550812301715027e-01
-7.840234669043061322e-01,-7.979833078405541569e-01,-8.352791194644493267e-01,-7.038646422046103135e-01,-6.592170487973445514e-01,-6.745518057130549527e-01,-6.526211936372759981e-01,-7.576116390431993919e-01,-5.568490328649037258e-01,-4.001806626100135045e-01,-7.658790718541451659e-01,-7.282245022202531448e-01,-6.188923404477314483e-01,-6.354152382965970736e-01,-5.899164640660868875e-01,-5.484037842155395914e-01,-4.933099522972800299e-01,-4.701966812167992504e-01,-4.350728714279660236e-01,-4.126431449616083658e-01,-3.696392241195246564e-01,-3.479036452653804790e-01,-3.359719319067822618e-01,-3.212755096369504515e-01,-3.108018807020192509e-01,-3.072656563704445065e-01,-2.844535693184010450e-01,-2.968571620913998399e-01,-2.151467770477966113e-01,-2.352732743132555926e-01,-2.523593681531821620e-01,-2.085806141547230930e-01,-2.714139299675717987e-01,-2.263915650868071061e-01,-1.919099137199273275e-01,-2.211894338712878105e-01,-2.219704451082377961e-01,-1.735686888198821332e-01,-2.426807979410159355e-01,-1.626678798966214312e-01,-1.624255513975222387e-01,-1.565521996993850529e-01,-1.174264622045520512e-01,-2.094878340365567970e-01,-2.180551278702040074e-01,-1.723523712037147715e-01,-3.245787535515424760e-01,6.669132303026964470e-02,5.472605850401204841e-02,8.718204293931432203e-02,1.993226081095776092e-01,3.289112701284587770e-01,2.366688340529051471e-01,2.067246514101435118e-01,-3.985744944959337954e-02,-1.120055160242550280e-01,-1.178113072041911541e-01,-5.377963902924078748e-02,-5.731055710689423634e-03,-9.042689014809987547e-02,-2.041606356134226252e-01,-1.164824104723635907e-02,1.583270813653076536e-01,4.328801811887935530e-03,-4.670493055619595602e-02,7.348929749465230032e-02,1.062288524529481082e-02,-1.700930623339590511e-02,-1.945023762273323797e-01,1.288042828808980966e-01,7.139446864437166973e-02,6.495078220981566341e-02,-4.895107737529846154e-02,4.500289669583243390e-02,1.474054560915393115e-02,-1.019705589474704660e-01,2.939683377130475339e-01,1.437418553548820421e-01,8.797683059899800984e-02,8.297436217908508993e-03
-7.847657313068904239e-01,-7.816072512116819526e-01,-7.913356165144888044e-01,-7.313957822612003890e-01,-7.503266036238737113e-01,-7.638424972197772611e-01,-7.953893750465311774e-01,-6.981287956054537114e-01,-5.157735249546724354e-01,-4.474891964188288385e-01,-5.274661008930485728e-01,-7.798094203103660416e-01,1.531800839342372655e-01,-6.965469461906188542e-01,-6.541091991948591033e-01,-6.162132036616084774e-01,-5.872063077800546704e-01,-5.517772226558129711e-01,-5.187409294477581811e-01,-4.911556173692234184e-01,-4.657643712101476874e-01,-4.444401692524191927e-01,-3.919490525921194846e-01,-2.941442259261153880e-01,-2.369985768948590088e-01,-2.393894159650174214e-01,-1.921975935896149679e-01,-2.810683447998379991e-01,-1.673457024913746205e-01,-3.037899052430862445e-01,-3.059221239000250447e-01,-2.832970638719992107e-01,-2.070895724833760609e-01,-2.387290438860759090e-01,-2.986692573661109962e-01,-2.408835594841068073e-01,-1.730374731732633176e-01,-1.906476392887045679e-01,-2.716823224931264602e-01,-2.230732016227232328e-01,-1.996968052733056886e-01,-1.925418382774552739e-01,-1.094287480864320899e-01,-2.511497668106084658e-01,-6.568447349011691250e-02,-6.429887252331714653e-02,-2.321029680570533826e-01,-2.346962954657896283e-01,1.153236900701461697e-02,-3.193260300845545546e-02,8.348567007502429027e-02,1.704612010391916982e-02,1.202984720410225916e-01,3.647074327549589684e-02,-1.099487989131195248e-01,1.166061244580425711e-02,4.182698845892341560e-02,5.366395246561776050e-02,-1.023940299276982976e-02,-3.023631615897002384e-02,-1.565507617635731596e-01,-1.644807184971401881e-01,-7.989361939774626553e-02,-2.717878664018743770e-02,-9.449302222091900127e-02,-1.288630623655911966e-01,5.921994028806706195e-02,3.700805347248863064e-02,-6.732788488216033540e-02,-6.395841923645319282e-02,-7.302985295344717465e-02,4.321020764810808851e-02,-8.787041690759138032e-03,-4.871339572138114887e-02,6.247899776243422826e-02,-7.884943603747997243e-02,-3.555536944197339178e-02,-4.177287354561328228e-03,1.246754920575629672e-01,6.003191858202952536e-02
-7.976680696677136417e-01,-7.996278628086389562e-01,-7.638478666428023534e-01,-7.799442758356437411e-01,-7.852312234961609239e-01,-7.228037734708415707e-01,-5.495760351890128792e-01,-6.973132193981181892e-01,-7.412660648612994230e-01,-6.196690510505311611e-01,-6.910284338705338092e-01,-5.576475292924951699e-01,-7.946853636292201539e-01,-2.942877669796118978e-01,-7.112703223412104592e-01,-6.814800897429906801e-01,-6.488136895538845206e-01,-6.207039698270677697e-01,-5.894833353006334598e-01,-5.635037377489615640e-01,-5.343101733559770805e-01,-5.121328832057833180e-01,-3.276225117748363114e-01,-4.418618700658726306e-01,-2.132262347115224110e-01,-2.385005687211660397e-01,-2.983947488632399114e-01,-2.931906756137682701e-01,-2.241243531295160352e-01,-2.411470127055290180e-01,-2.302916073539957864e-01,-1.611185948814233826e-01,-2.489362962326658602e-01,-2.737397638702468994e-01,-2.254831317129294133e-01,-3.513305803671035177e-01,-3.239342128190435544e-01,-2.833428653475048020e-01,-2.862173731122860665e-01,-2.316653504720869727e-01,-2.253340426732037549e-01,-2.230869744952569123e-01,-2.111843708176973089e-01,-1.599985410475215641e-01,-4.026573305951837434e-02,-1.228633619139712779e-01,-1.689461842434666072e-01,-1.916269963289524425e-01,-4.117220241060483010e-01,1.191537668638822239e-01,8.770975991191436172e-02,3.618593454072831922e-02,-1.081207752260636284e-01,1.189653355062101903e-01,-3.747880087235762325e-02,-3.286442560005396057e-02,-2.386201545589697048e-01,-1.698125780164039256e-04,3.001873902440488351e-02,6.180557446885601852e-02,-2.010359003295325853e-01,8.098506950739205179e-02,-2.070934196300387165e-01,-1.336728340759018308e-01,1.917900956970656698e-02,-4.168863786487173040e-02,-1.427272885666701074e-01,-8.325397794781884409e-02,-1.241676797178075942e-01,5.233416780944552538e-02,-5.743563946508516149e-02,-7.423728394117530549e-02,-3.403293258658668941e-01,1.461076970195612779e-01,1.014153490034947619e-02,-7.960695565133128759e-02,-1.817512833609199185e-01,9.465538080324284453e-04,1.637876961048070623e-01,4.090728889668827917e-02
-8.328822944992733124e-01,-8.093863462205470594e-01,-8.230627516065113225e-01,-7.709901204317846091e-01,-7.737418416972017265e-01,-7.304163939135508432e-01,-7.448074707629033231e-01,-7.480337502631370095e-01,-6.360210801978130046e-01,-5.936161522914831234e-01,-7.135278928090389439e-01,-4.583155617116428382e-01,-4.872355435343772023e-01,-8.055230409440878869e-01,-2.076019063500953721e-01,-7.291436821948537039e-01,-6.978194327906048766e-01,-6.722637197891050409e-01,-6.470936362778662021e-01,-6.202382495183993427e-01,-6.006681631003035760e-01,-5.778684512981019372e-01,-5.126530724899167613e-01,-4.406659894169174807e-01,-5.219794931346298794e-01,-3.703218717713047115e-01,-2.497984429299182629e-01,-2.563637300258322371e-01,-3.262182142836646537e-01,-2.900566813075995398e-01,-3.631487643192635728e-01,-2.932231855058181624e-01,-2.805921632747258032e-01,-3.779837447905172731e-01,-3.195301759251433782e-01,-3.411018732092943595e-01,-3.325014790898740413e-01,-2.002513446386270102e-01,-3.396826483446294676e-01,-2.938528234513035908e-01,-3.644078991596356731e-01,-3.791417462993717513e-01,-3.033660964209686783e-01,-2.480284593832828011e-01,-1.141005588402361631e-01,-7.624518534268673320e-02,-2.668244020013285644e-01,-6.540249015783815290e-02,-1.978746021112724462e-01,1.904967643143288536e-01,2.561243646601072954e-01,-1.287866483785874983e-01,-1.156494387031215265e-01,-4.338801585570681990e-02,1.974331563495627107e-01,5.483935475170506613e-02,-1.425904361132013937e-02,-3.718145029500848076e-02,-4.634189659294778857e-02,1.142895225324297159e-01,-1.912017044628667659e-02,-1.473666550829211275e-01,-8.924201915388435546e-02,-8.467269717048662991e-02,-2.350182206027359444e-01,-1.469056450456860952e-01,-2.489280558787942618e-02,2.249328200571944214e-02,-1.967116059261034833e-01,1.283260254012707526e-02,-8.231465664130031834e-02,1.749134330874523580e-01,-1.506157655404506690e-01,-1.490804175531074693e-01,-4.559342896724632305e-02,6.658169467512403683e-02,5.061088073285053418e-02,1.674595941177667580e-01,1.563615561206214630e-02,-3.520372363307351649e-02
-8.371322702116009706e-01,-8.209181458317872382e-01,-7.600891404745039326e-01,-7.368423969105871718e-01,-7.471311095695160054e-01,-6.021670893955446413e-01,-7.138366967664881990e-01,-7.141054924739459464e-01,-6.707505731612909416e-01,-6.374504726388284803e-01,-6.131787769010058620e-01,-6.386404148398537872e-01,-4.617260164640838993e-01,-8.434405086945648833e-01,4.350341368334878500e-01,-6.629074064492664897e-01,-7.530600225306408602e-01,-7.295672735113554186e-01,-7.002243569621330321e-01,-6.750531906898402656e-01,-6.524634107659348370e-01,-6.395570852770088299e-01,-6.223737088016797481e-01,-3.949020099686239016e-01,-4.881422596482790643e-01,-4.288818587662349691e-01,-5.115417988997109644e-01,-4.932496140213419311e-01,-2.961735716202775759e-01,-3.353020972653041887e-01,-4.438705647678622412e-01,-4.026750254250695549e-01,-4.246505480480859407e-01,-3.495789869174682485e-01,-3.603471474270180663e-01,-3.690083016221062384e-01,-3.590163466112115676e-01,-3.996601404642919353e-01,-3.794489941341741002e-01,-3.717582929845085205e-01,-3.441710189280287602e-01,-3.163150547123179113e-01,-2.242990359846908643e-01,-2.242308057425000667e-01,-2.521527471286759137e-01,-2.547740757408284429e-01,-2.141955894266359961e-01,-2.396489537883708110e-01,-1.445211988212246335e-01,1.341922314279423989e-01,4.753393564030110319e-02,8.915492641402661400e-02,1.642797339196670481e-01,1.177860077881482948e-01,2.042438027747358886e-01,3.127670331105169427e-02,2.914343726901092585e-02,-1.517973321761387738e-02,-8.484990802114196484e-02,5.240023536306302743e-02,-2.376181793914970697e-01,-3.031091735257650591e-02,1.329691578874818252e-02,-1.330718581012813595e-01,5.097736200225374409e-02,6.945716570657550770e-02,3.585765985467104060e-03,-1.334766621124393038e-01,-3.429476962261106265e-02,-1.004112338414508108e-02,1.063313117872528024e-01,7.042513523607944574e-03,-2.076127822172612603e-01,6.987069781401962498e-02,-4.575445097432424835e-02,-7.848059337163201810e-02,1.412194725541272011e-01,5.923355190863207470e-02,7.707721684458593292e-02,-3.602808665061411637e-03
-8.111171456853714101e-01,-8.131973713041299456e-01,-7.696359351272885618e-01,-7.779408761947746997e-01,-7.186936351780361942e-01,-6.488297932901982978e-01,-5.933965128574629766e-01,-6.763871582733435028e-01,-7.246390811168870183e-01,-7.171713390285076040e-01,-5.167329093524387629e-01,-6.305029937326555034e-01,-4.945589753903877894e-01,-3.907989833998913309e-01,5.709031286359833590e-01,-4.145642910217068877e-01,-7.822277053092185906e-01,-7.725137012328681108e-01,-7.441290199413260753e-01,-7.254201188207315409e-01,-7.076526694688964891e-01,-6.876349198407948338e-01,-6.695521610004318003e-01,-5.969421108580568180e-01,-4.947694497555620297e-01,-3.065646245940499837e-01,-6.283796770746851168e-01,-3.268141304168583061e-01,-6.034540235747809511e-01,-4.632170766158645869e-01,-4.176698320238431128e-01,-2.812690374106535662e-01,-3.952122004113770015e-01,-4.613732301029007110e-01,-3.144725672891838797e-01,-4.409774140434102319e-01,-4.077827830504687778e-01,-5.079729440649710659e-01,-4.387903546958412115e-01,-4.556300699271577659e-01,-3.675484982887770036e-01,-4.425028073291558117e-01,-3.290539751717568295e-01,-3.009655074007461240e-01,-2.626543155445237310e-01,-3.177910366253687835e-01,-2.292377400849846258e-01,7.186006825226033679e-02,-8.782876317046811598e-02,-4.250119330446076871e-02,-6.922825836503365693e-02,1.744522644374009723e-01,1.116229021200884491e-01,-1.144606974194532279e-04,-8.742639398877434520e-02,5.810570288100880276e-02,1.754330625795591514e-01,-5.127104061631539839e-02,8.529922699323105872e-02,-1.427533773798822514e-01,1.188788717778132276e-01,-1.737688178186393151e-01,1.291126314056385144e-02,8.338464211677734661e-02,-5.212323164908705397e-02,4.963945796246028996e-02,2.877294706203789576e-01,1.075017302707884231e-01,-9.814513479315388478e-02,3.826515291612982150e-02,-2.211769090889040557e-01,-5.099758817954436196e-02,6.525532105436217256e-02,-7.122956287865707392e-02,-2.390830110510359097e-01,-2.263559701932214563e-01,8.466040634038325685e-02,6.152517617302796782e-02,-9.916327097521984713e-02,-1.896879579530796056e-01
-8.159211030748969584e-01,-8.195917637258189892e-01,-7.867499962731515639e-01,-7.251924369072814125e-01,-7.278282619880822590e-01,-8.168010843765033391e-01,-7.811991947333140063e-01,-6.553691115989809246e-01,-7.098412300709259215e-01,-5.402519578407303236e-01,-6.835390470410199759e-01,-4.403164204534240622e-01,-5.897540857819428828e-01,-5.268801754405204596e-01,-8.824854725150622636e-01,4.445916513437256357e-01,-8.171886278219279154e-01,-8.038845318772980253e-01,-7.862693279764300103e-01,-7.694306474282611719e-01,-7.455089196346719183e-01,-7.354798698683241431e-01,-7.159185891877875019e-01,-6.467478183172507000e-01,-5.205277476234924094e-01,-3.612315942649338418e-01,-4.654137278692883628e-01,-4.538761219144918369e-01,-4.394412587097502043e-01,-5.075471045967802075e-01,-6.743423072252395789e-01,-1.483971495804391194e-01,-5.161897182401778972e-01,-4.525607817399966981e-01,-4.383007571070434150e-01,-4.545249037766302402e-01,-4.058731597688577386e-01,-4.608563383073503439e-01,-4.201092591444477997e-01,-3.595304630577708660e-01,-3.830414995828219649e-01,-4.528567459639358250e-01,-2.825285608606602494e-01,-2.938419447748528146e-01,-1.970506744804789989e-01,-3.759647191519611131e-01,-2.553140198757065660e-01,-5.426029558604431036e-02,-1.914174833507084061e-01,1.390893274993845463e-01,-3.007295009539057151e-01,2.635114298543663261e-02,-1.245139189122278049e-02,-1.630587044537971930e-01,4.724462047205950366e-02,6.032547692105105080e-02,1.736282199139379256e-01,-1.193398376535182159e-01,3.525296919484770253e-02,6.720484129831136300e-02,-1.092827385671220758e-01,6.844161942282717126e-02,1.696498092827592175e-01,-1.213332581918023650e-01,-1.441668135017285524e-01,4.265388061318738794e-02,3.302323637975320553e-02,5.044741317628066712e-02,1.601739682570041401e-01,3.203590768061545524e-02,6.194697270299232006e-02,1.164905718003425225e-02,1.324553678286222724e-01,-5.687162262406191687e-02,-2.352575758080398260e-01,-2.285609854892723392e-01,-1.229388567466049853e-01,-2.325920465111633029e-01,-2.413541196207172335e-01,-3.216275026003458382e-01
-8.216021140298992442e-01,-8.034201763974306854e-01,-8.196501166191176857e-01,-7.823386662883744513e-01,-7.250259150611414460e-01,-8.038666258280121601e-01,-6.988206229039750639e-01,-7.644670030818068174e-01,-6.383002595134151802e-01,-5.928078011277035930e-01,-5.854721037643634274e-01,-7.087618926677137221e-01,-5.124769894196528064e-01,-5.268248631093598311e-01,-9.073716227244946753e-01,3.669448163074330305e-01,-3.604521573568476578e-01,-8.237034578437495425e-01,-8.075333275777473174e-01,-8.026711492896835276e-01,-7.862687116411810617e-01,-7.722935307980974828e-01,-7.566667535281937917e-01,-7.370060835006558841e-01,-6.923471859654074523e-01,-6.189802949924053665e-01,-5.904070681533493126e-01,-4.995065205623268612e-01,-5.403732310000984862e-01,-4.562947390757720600e-01,-4.689172729908083204e-01,-8.894079910671387479e-02,-1.250489281376731265e-01,-8.638491711809545559e-02,-4.519491738725537333e-01,-5.494350454798280214e-01,-3.828374006894700310e-01,-4.760109153281189553e-01,-3.309326551873251754e-01,-3.279289951760505639e-01,-3.476819778440112807e-01,-3.916463076988412895e-01,-4.665676521749205774e-01,-3.150772020312371802e-01,-9.918815679564842169e-02,-1.008894951350869512e-01,-2.288554699095563250e-01,-2.003244063804241470e-01,-2.600713544000959332e-01,-2.409336400661725996e-01,-2.723516485185075164e-01,-4.876484569175525974e-01,-8.821948598145155918e-02,-4.126658238207661644e-01,-2.530636037823654760e-01,-2.942855688087374702e-03,-1.399592229898946327e-01,7.782863501468299285e-03,-4.052997057755163002e-02,-1.879970654160470211e-01,1.410235403477177463e-01,-9.572057202428334299e-02,-1.802955788098619949e-01,-1.824108305647699213e-01,5.327940956350123852e-02,-1.646832968651804341e-01,-1.967804908677030229e-02,-1.675222707507872666e-01,-1.391694608313182036e-02,-2.030481792748432129e-02,2.855779378435586990e-02,-8.519034343343349913e-02,-3.960690031511259618e-02,-1.884536083980816457e-01,-7.361035372291044321e-02,5.011223590204077344e-02,-3.423625921334135791e-01,-4.117414911046097803e-01,-3.266829973130664921e-01,-3.228825116863281997e-01
-8.114631794674465048e-01,-7.885926561277128988e-01,-7.994221883881765800e-01,-7.467651387351457171e-01,-7.856171344678626323e-01,-7.363308025105476107e-01,-7.744657752426286068e-01,-6.909485518290553463e-01,-7.010982201626834165e-01,-6.364771952643450970e-01,-6.594744682044627604e-01,-4.778895463969365376e-01,-6.649365421974174906e-01,-6.292328808846967547e-01,-5.326123078332931637e-01,3.421469247330676255e-01,-1.198020298586372212e-01,-8.572946115948785195e-01,-8.514536122664880802e-01,-8.375150999809384267e-01,-8.145356430733543540e-01,-8.105313147648335326e-01,-7.982056666397778777e-01,-7.816936327277105301e-01,-7.751926727725958477e-01,-7.059006521192104922e-01,-6.370820235417037347e-01,-7.495851111795024391e-01,-5.329805371766699329e-01,-6.128496182847614770e-01,3.817332650167183372e-01,-7.342266648413374452e-02,-6.103434130345937458e-02,-2.805690065290143420e-01,-2.159662526672831082e-02,-2.637438010497230034e-01,-4.941664854485923186e-01,-5.299649938355476264e-01,-4.438766970777355270e-01,-3.705994088267995923e-01,-3.711809106791246204e-01,-4.033077165376274253e-01,-3.962933306791255883e-01,-2.996043853915665856e-01,-8.267858187001501935e-02,-1.444141639239439889e-01,-2.466058989452867278e-01,-2.150045939422322583e-01,-3.065871472505117823e-01,-2.262765427466471024e-01,-3.874387480317135202e-01,-3.256488211536488486e-01,-3.855476304233096396e-01,-3.086089970723986942e-01,-2.579850944774101928e-01,8.356669208861688958e-02,4.114378384951646039e-02,-2.028452163497923011e-01,-4.397503146057453738e-01,-2.752420451486783937e-01,-2.478803981197572892e-01,-4.604961591180323777e-01,-3.082678247444453623e-01,-1.175455562708822427e-01,-1.048807886633936065e-01,-1.384374722769212973e-01,-5.510857366691142289e-02,-3.233994050812163956e-01,7.848293029968429757e-03,-6.883504264047904386e-02,-9.767654733876457440e-02,-9.810873702186803658e-02,1.938750162167981322e-02,7.844579718693353576e-02,-2.060698207718946462e-01,-5.419673204488697354e-02,-3.457687803266314974e-01,-2.898514926441367323e-01,-3.850430094280686277e-01,-2.769243686875278998e-01
-7.959197581498657081e-01,-8.460374620637318710e-01,-8.509165230407875757e-01,-7.704375063955697378e-01,-7.923803932604388534e-01,-7.238911098585211201e-01,-7.698390966476247321e-01,-7.706814182944118352e-01,-6.392691742461381610e-01,-6.760589526553820727e-01,-6.123399939756234422e-01,-6.438250860916748808e-01,-6.909902516967503239e-01,-5.348099031778118517e-01,-4.067260846486616122e-01,3.805100497383110403e-01,-4.907763035825480347e-01,-7.547230390048161874e-01,-8.457409543696168264e-01,-8.585560212775911193e-01,-8.468911077656774422e-01,-8.295874577047693821e-01,-8.261939086829660495e-01,-8.196692016940294589e-01,-8.066076933700576657e-01,-7.939277868823891859e-01,-7.266887473137372266e-01,-7.843127429146684593e-01,-6.772467886600865850e-01,8.020696546571890462e-01,7.631047656028082660e-01,-2.197929568651481036e-01,-1.439922122149208394e-01,-1.500929108335026518e-01,-1.566767812711166441e-01,-2.628784300418018360e-01,-9.623062015632323496e-02,-4.387144045542192283e-01,-4.753021935776967632e-01,-4.205502859519109626e-01,-3.409868524549676261e-01,-4.303960033927731743e-01,-2.935133995639507276e-01,-3.486535699740328509e-01,-2.204599979621919281e-01,-1.460124819424026832e-01,-2.836127583021308962e-01,-2.449496725106682371e-01,-2.546685886699654455e-01,-2.511928737905310127e-01,-3.124056774945814796e-01,-2.702515519224286122e-01,-2.871690792688358917e-01,-3.171492114407532537e-01,-4.828383023722631062e-01,-3.393551285733151235e-01,-2.337929496041325494e-01,-1.781520817002983093e-01,-1.870248803188584996e-01,-3.195622378740815561e-01,-2.989999160423384428e-01,-4.468496247206715233e-01,-4.126660174375758605e-01,-3.914313837052147971e-01,-3.461337945419398765e-01,-2.999449423646095569e-01,-2.548096709089864298e-01,-1.093086574438636577e-01,-1.373593886116877549e-01,9.337260012845188806e-02,-1.188858582024838045e-01,-4.429769851814483600e-02,-2.430609636029328058e-01,-2.563170577005729478e-01,-1.105616998592733047e-01,-2.105884705699246351e-01,-6.245733836811690615e-02,6.668017040789783745e-02,-1.162619798411691913e-01,-1.624034320338777759e-01
-8.126552294555793310e-01,-8.048343158162756250e-01,-8.378571364308098346e-01,-8.157393618778828737e-01,-8.075315710924851897e-01,-7.850110621274108968e-01,-6.786748153797815819e-01,-6.339517306038208178e-01,-7.640068347795635484e-01,-7.368248631740033083e-01,-7.362666764994930668e-01,-7.485811193039093592e-01,-5.657320382466001218e-01,-6.309598484969166643e-01,-3.878099626810275202e-01,4.321248265575285408e-01,-6.968635970804235580e-01,-6.101577816919735442e-01,-8.969438575478726472e-01,-8.784112903645000525e-01,-8.682834040565430289e-01,-8.652755726389620428e-01,-8.509133823550885101e-01,-8.464893051957277370e-01,-8.292460787094573238e-01,-8.140837583324631588e-01,-6.860746417421484944e-01,-8.172679949258073728e-01,-8.010807949698285357e-01,4.957590222042049799e-01,7.537308873390650144e-01,-1.409427673893151878e-01,-3.789453262504305364e-02,-1.138270991685046835e-01,-4.066849796014072593e-01,-6.392822006031570470e-02,-1.332170854260924797e-01,-3.260946375166341449e-01,-3.968269527212867631e-01,-3.292046537302816822e-01,-3.878136450568647198e-01,-3.402688341070005951e-01,-2.064984144738220839e-01,-4.018861003229977080e-01,-4.481424362506109538e-01,4.930051541581866037e-02,-1.475601639417396804e-01,-1.554556464275362870e-01,-2.592227802556166805e-01,-3.024411250439046905e-01,-3.848351499279559773e-01,-3.142084792685432282e-01,-3.922547931903657692e-01,-2.131266020750550438e-01,-2.675968786674852717e-01,-4.073759518484736386e-01,-1.129510382865778900e-01,-2.404741948210683822e-01,-2.880249689670194568e-01,-3.739952139505964279e-01,-3.038486570729708180e-01,-1.690952996073454007e-01,-1.832753088263089636e-01,-1.978449986720753617e-01,-2.763021992433820073e-01,-2.185830216901056000e-01,-1.912882513629625691e-01,-2.031709696515586749e-01,-2.686193963234156379e-01,-1.308728010391370933e-01,-1.491699016431245195e-01,-2.481822804953409123e-01,-2.224935495522314122e-01,-9.062064890586615795e-02,-2.116724504776521243e-01,1.319698393048835024e-02,-8.717443199624862193e-02,-8.942536161290799701e-02,-1.297168332720161910e-01,-5.987626256712736544e-02
-8.214324431292218121e-01,-8.304797332314121094e-01,-7.912597441604969362e-01,-7.912302947348385240e-01,-8.137534466261509003e-01,-8.159974829908890337e-01,-8.309307535671285327e-01,-8.163778694162499017e-01,-7.037950257223607453e-01,-6.979397813507050019e-01,-6.148199835362766486e-01,-5.628048043138994538e-01,-6.333099327696136704e-01,-5.449563079029166035e-01,-6.079191722055038438e-01,3.132955798119374524e-01,-5.874251112718055223e-01,-4.368234630394885465e-01,-9.044060753401488295e-01,-9.037408578612823318e-01,-8.938520706607266941e-01,-8.902970679458324099e-01,-8.835466051681515331e-01,-8.664248312742420799e-01,-8.707049757912412868e-01,-8.622662065136087461e-01,-8.331939163813700810e-01,-8.379175094560394887e-01,-8.265704534201921971e-01,-5.675633573354875727e-01,7.862217980035920428e-01,7.300636521799151735e-02,-1.845292882322869532e-01,3.582732337642692815e-03,-1.001184749389928824e-01,-2.794701485795470508e-01,-2.144427753720350993e-01,-2.886762393117668982e-02,-5.120190634971802934e-01,-4.071248656827830548e-01,-4.110567146807731498e-01,-2.066283315632222173e-01,-2.473496721484439442e-01,-3.069942271540810896e-01,-1.159035213824945315e-01,-3.762599719723361824e-01,-1.872872244474102499e-01,-1.504799218273184247e-01,-1.995151646224747333e-01,-1.553968694636833903e-01,-1.948285392541297678e-01,-2.853522959022901651e-01,-1.633197023010863613e-01,-2.438459937747678163e-01,-4.552517487662743889e-01,-3.420982676926043742e-01,-2.799548468813506386e-01,-1.071292625674616500e-01,-1.584350249390460708e-01,-3.306925703738969324e-01,-3.673414788560547262e-01,-1.590393000361575160e-01,-2.058775783767011203e-01,-2.815475869119029584e-01,-4.118908239680807437e-01,-3.059738022026303739e-01,-2.086423458033425937e-01,-3.089100214067245220e-01,-2.366476566265246773e-01,4.833850052219961640e-02,-9.541742945472117543e-02,-5.523727787149215751e-02,-2.158296032031213896e-01,-2.148770805235155346e-01,-6.050421238818568491e-03,-1.558329985827423547e-01,-3.343420439550587320e-01,-2.080749218281727486e-01,-1.373950262895659580e-01,-2.165799936547116999e-01
-8.177389960886292108e-01,-8.145581158293139223e-01,-8.025202996794793542e-01,-7.804971783884748771e-01,-7.336210732717554084e-01,-7.925293780279535349e-01,-7.271320010274489043e-01,-8.115505428940100741e-01,-6.846320159505594471e-01,-7.221739017235659919e-01,-7.481964510677298064e-01,-7.372473745845745663e-01,-6.561664387088080863e-01,-6.830014538381476985e-01,-5.792309592479376601e-01,2.960859338796691387e-01,-2.999357996396180281e-01,-7.364732984346075151e-01,-9.380703830249840225e-01,-9.251318659665416222e-01,-9.119882837751954741e-01,-8.976630489504192623e-01,-8.990072412799418045e-01,-8.884229567601227284e-01,-8.951641373016165915e-01,-8.072891760069211831e-01,-8.752030937271710886e-01,-8.504411310456686524e-01,-2.295094146454756123e-01,-1.606722374167655898e-01,4.204870663877827708e-01,-1.431331733488682423e-01,-9.042537218023978529e-02,-1.630358321007818190e-01,1.119758412663991454e-01,-7.562708815095699200e-02,-6.699509119753031816e-02,-1.339063387825962792e-01,-1.714047180957452288e-01,-2.659753692146680226e-01,-4.825660998524784473e-01,-3.293655119159498157e-01,-3.846590357569020235e-01,-3.104272650490573771e-01,-1.198368713495741034e-01,-1.089847170741936877e-01,-2.195512994314525179e-01,-1.422379518586745495e-01,-1.818623879358290396e-01,-2.318410041674136002e-01,-2.800287458734682655e-01,-4.066146298268664971e-02,-3.630548681412227308e-01,-1.147759752787374105e-01,-3.004853830564691575e-01,-2.082790181937806129e-01,-2.674836696648949519e-01,-3.222212567963942953e-01,-2.399851805699379226e-01,-2.412848577241671066e-01,-2.078516125176387008e-01,-2.405568012563787106e-01,-3.334549954812115469e-01,-2.463711980793748813e-01,-2.608867794170228183e-01,-1.709034324830674134e-01,-2.831114406034858644e-01,-1.463326832369186148e-01,-1.488953592277780791e-01,-1.418132983010349513e-01,-3.323048951141915341e-01,-2.106957385341019229e-01,-1.867298429494465006e-01,-2.572781519380509807e-01,-2.604233886061828596e-01,-2.154155296526981955e-01,-2.637583911626425470e-01,-2.617448977575819180e-01,-1.355186043062311108e-01,-3.011296147897365993e-01
-8.155060833246045027e-01,-7.943937806012288938e-01,-8.137061554535393038e-01,-7.570008576014916057e-01,-7.509230998940950030e-01,-7.601921081983988859e-01,-8.132523713117919550e-01,-6.960746239305969363e-01,-8.032716095242530274e-01,-6.806905433559043983e-01,-8.703154520579786668e-01,-6.474321633907411666e-01,-7.275842697043581886e-01,-5.892343631668441883e-01,1.670433694622164567e-01,1.864227012081930979e-01,-1.884013223279780713e-01,-3.816314774876614635e-01,-9.113990406412165735e-01,-9.324673554773036388e-01,-9.251102542976545884e-01,-9.178102061750316176e-01,-9.131362897898446240e-01,-9.029381426571359004e-01,-9.003511362302618615e-01,-8.974141834806754758e-01,-8.955087320287415942e-01,-8.708417645342595437e-01,-9.021892642949901064e-02,-1.078463323739199814e-01,3.793017569956826929e-01,1.307832840761740667e-01,-3.752206452188626140e-01,-1.471069590467685706e-01,9.657880814048162843e-03,1.692485015426132763e-02,3.539312437341928658e-02,-3.377702268250738077e-02,-3.428494052014473548e-01,-1.742796829361875355e-01,-4.281196532487957507e-01,-3.565009489975243806e-01,-3.133889381756133630e-01,-3.016186580679265372e-01,-1.309332550902637948e-01,-2.310621541872306117e-01,-1.867861980331763094e-01,-2.146460244812720686e-01,-1.371956058264190426e-01,-1.646182438378806789e-01,-1.537277508980406660e-01,-3.136944439979597599e-01,-2.362451418537258041e-01,-2.734181410070066209e-01,-2.389370006417320114e-01,-2.412981358332403903e-01,-2.133392946698092207e-01,-3.289718802352103455e-01,-2.281119217056557236e-01,-3.169702931404275170e-01,-4.802183719439333531e-01,-3.044717284464838469e-01,-2.763340593725096550e-01,-3.666229606998862023e-01,-3.106343002551254506e-01,-3.194846725546954813e-01,-4.026001158130135260e-01,-3.387326765330754275e-01,-2.697919199202052920e-01,-3.503653915446605649e-01,-2.320581250862567557e-01,-3.137685183923231702e-01,-2.598358406186219161e-01,-3.032367482332612441e-01,-2.738971368291682751e-01,-3.136965329711313144e-01,-3.261333933174769828e-01,-2.436463299440888852e-01,-3.974840701332468806e-01,-2.535548857367049824e-01
-8.027291752505398836e-01,-8.147359191941045964e-01,-7.774934766187294732e-01,-8.259883877400463481e-01,-7.925587736699153396e-01,-8.126721403898451435e-01,-7.395162144416954630e-01,-7.676723285792628193e-01,-6.410635753856153141e-01,-6.531013405928752791e-01,-7.101847847573669048e-01,-6.979136989151373260e-01,-8.288130491114708009e-01,-5.363508383769564070e-01,1.577723292225662322e-01,2.667404619299831858e-01,-5.873411640825481062e-01,-5.218651313121082103e-01,-9.432634657045858573e-01,-9.510725680054353814e-01,-9.439720446421463462e-01,-9.375873508742083029e-01,-9.349071215838817839e-01,-9.226776605072212201e-01,-9.217752001365011605e-01,-9.099369375706406471e-01,-8.906369092560135758e-01,-1.599250618215744824e-01,-2.375523345453599278e-01,2.600232473219060703e-01,-6.085344465574497701e-03,1.652467401285784565e-01,-3.359630944806920039e-01,-3.170868846059915480e-01,1.761181707470410931e-02,-8.177074242817793104e-02,-8.100516675072258477e-02,-2.021112774741171819e-02,-2.695481144531054474e-01,-4.374700922056768970e-01,-5.605649950835958073e-01,-3.111325569910943778e-01,-4.029435162306425622e-01,-3.716618350343205424e-01,-1.244911568652719708e-01,-1.576342051438995306e-01,-2.233125234573957452e-01,-2.958785208980450054e-01,-2.878107873411958617e-01,-2.691767928647632035e-01,-3.347100450350695700e-01,-2.158234157256460617e-01,-2.859038864631919252e-01,-2.170744823601255535e-01,-2.783649646881088402e-01,-4.553906825117839952e-01,-3.742487636095774284e-01,-4.271165192345307560e-01,-3.936298013762253856e-01,-4.294198926545812478e-01,-3.128329815213281018e-01,-2.744011170690762724e-01,-3.673957845419907331e-01,-3.333251241810311072e-01,-4.122564769028613796e-01,-3.673412778736368511e-01,-4.087797076365378146e-01,-3.285526830490990702e-01,-3.509755437244550524e-01,-3.877330431213882322e-01,-3.392329439282708026e-01,-3.245241518301844597e-01,-5.222631443160019593e-01,-4.031699566142403213e-01,-3.571011385353373147e-01,-4.060152485784192522e-01,-2.978167665819943521e-01,-3.964849057491158235e-01,-2.044348250167181413e-01,-2.077035720158362520e-01
-8.173007251674880846e-01,-8.235314708240011328e-01,-7.920103194346309605e-01,-7.627368064444499662e-01,-7.661143761188586865e-01,-7.712430917548142029e-01,-8.541560326250051682e-01,-7.673804479021606451e-01,-7.454089136293865492e-01,-8.266868860372759142e-01,-6.817372261656308163e-01,-6.152297029134764506e-01,-6.661532724062105837e-01,-5.784673355781461135e-01,1.318275553024696178e-01,-5.258950726365297923e-01,-5.583266050334939612e-01,-6.701778056654295046e-01,-9.601494711357153600e-01,-9.500573496951311148e-01,-9.514560373103287949e-01,-9.464703446516889995e-01,-9.358110339196559213e-01,-9.363168879784671272e-01,-8.660147907073287854e-01,-9.168593492073344731e-01,-9.180748693433737895e-01,3.810209259993780351e-01,-1.895209951070322973e-01,2.202262837136709506e-01,1.211452772638792336e-01,7.470137409172922238e-02,-1.094285057015879359e-01,9.551759369749544815e-02,-7.163672978003482461e-02,9.427317685534746319e-03,-5.316005633267067293e-02,-1.911506012681507272e-01,-1.722339601658821051e-01,-3.133569848224236898e-01,-5.537744172244304375e-01,-3.489202064767853440e-01,-3.912238621358291035e-01,-2.639712466728696416e-01,-1.693956568380087235e-01,-2.577442357377296434e-01,-1.386862737483482155e-01,-2.854502348522449107e-01,-2.806914814907375821e-01,-7.587593058214361919e-02,-2.377142293799749673e-01,-2.627138520986836978e-01,-2.653754463483072867e-01,-3.962673063560476217e-01,-2.936535911365542040e-01,-3.236702471884737031e-01,-3.608650495912438250e-01,-3.344335007420072836e-01,-3.020729824707120703e-01,-3.137584835338823597e-01,-2.997447799797920420e-01,-3.522675098308585828e-01,-3.270885721007848468e-01,-4.342475471826856559e-01,-4.124001278498676815e-01,-1.291756265728668807e-01,-4.244685762744566659e-01,-4.341437629111952190e-01,-3.166398642950441489e-01,-3.693744792564437329e-01,-4.289766523956461408e-01,-3.248329967963788922e-01,-4.379372494076070321e-01,-4.172478095443915569e-01,-4.393766486993452292e-01,-3.858139732638677932e-01,-4.558999206856266806e-01,-3.348733599906632552e-01,-3.264881954741943315e-01,-2.886044963325480328e-01
-7.911766383448973761e-01,-7.907096047347755841e-01,-8.410485699755044786e-01,-8.010224964969545614e-01,-8.096348175898419042e-01,-7.693554092107046660e-01,-7.548927440664755517e-01,-7.061082411930894587e-01,-7.435549463727991748e-01,-7.774816239927970773e-01,-6.048500407858444783e-01,-6.718489101116656981e-01,-5.918203118369552707e-01,2.549151492884138559e-02,9.362626149111222262e-02,-4.558814426028965361e-01,-5.794315451249244520e-01,-4.631376511901081350e-01,-9.582210392282645151e-01,-9.616448548228467841e-01,-9.534765797943608456e-01,-9.531825581008462889e-01,-9.442448310179216708e-01,-9.466825783634597036e-01,-8.959037858066042359e-01,-9.232093889351359328e-01,4.056968818049784264e-01,3.302483399534186237e-01,1.482783078141640953e-01,1.941094578973704132e-01,8.394881488243924328e-02,-1.430823777030149624e-01,-3.893673459003724885e-02,-1.062997383474312690e-01,-2.463074378091730521e-01,-1.566336361844129776e-01,-7.805942549741268222e-02,-9.465079509283243209e-02,-3.035439029498711583e-01,-5.064260646790107456e-01,-4.627489367511086749e-01,-3.867298636505224207e-01,-2.528111751359736203e-01,-2.945166042192712275e-01,-2.236996360222473779e-01,-1.532522781712711557e-01,-6.287949029604200657e-02,-2.482661126295003240e-01,-1.297266278136609274e-01,-1.499057073992199063e-01,-1.322133390755680926e-01,-2.231310917337201161e-01,-3.379068603453100339e-01,-2.917194737754492118e-01,-2.362473803882674528e-01,-3.193383776527445872e-01,-2.443808053668552749e-01,-2.813088468587931490e-01,-2.578846513095158222e-01,-3.183876444895669122e-01,-2.981052145703081968e-01,-2.863278222921230021e-01,-3.618289315748825508e-01,-2.878750677816123149e-01,-3.289370020580630882e-01,-2.449020937627956196e-01,-3.653309549702521419e-01,-4.238367171351447027e-01,-3.915057037880033675e-01,-3.622647594655588610e-01,-2.869361063378638721e-01,-3.716585337877706396e-01,-3.175662760613812696e-01,-3.984281770486365337e-01,-3.461331457753255014e-01,-3.868386010940952913e-01,-3.082987571220633938e-01,-3.957723524044514107e-01,-3.521822143616716860e-01,-3.779316574488219005e-01
-7.860854651940036852e-01,-8.269731832434621399e-01,-7.770132482926620510e-01,-7.951552708630870159e-01,-7.880677789100006825e-01,-7.756845940667348449e-01,-7.946592024239538254e-01,-8.034945795188778161e-01,-6.867236250040595902e-01,-7.265106536536879434e-01,-7.631327740109482560e-01,-5.827490954849189331e-01,-9.375197262268083476e-01,4.300278415057352463e-03,8.263774120504123466e-02,-4.947640838480870107e-01,-6.226056618023396716e-01,-6.275695042435263105e-01,-9.658421198232286509e-01,-9.614062855405863806e-01,-9.611864075106161254e-01,-9.649324088779519526e-01,-9.519091993732085033e-01,-9.497005745126958498e-01,-9.213886408625133750e-01,-9.209294287026288384e-01,3.877679789946609779e-01,5.854449581428617932e-01,1.913765978826438008e-01,7.934127082479055723e-03,8.308639190722203263e-03,-7.473634309590394820e-02,2.075406648686263789e-01,7.880294080692314129e-02,-7.706265448064485157e-02,3.068987116322248118e-02,-1.125262013935912353e-01,-7.190653346827527437e-02,-2.361015725619571293e-01,-4.953670751334099398e-01,-4.883276577680557007e-01,-3.734566578970778816e-01,-3.636963519323844207e-01,-1.331918379723622536e-01,-2.522385569822946372e-01,-8.386256107440256957e-02,-1.004345636678400933e-01,-2.067949118101774508e-01,-2.083511867735433898e-01,-1.501228133351574789e-01,-2.138402917965906425e-01,-5.094872223848503218e-02,-2.703147831124546041e-01,-1.779739327334875221e-01,-2.920804782116817599e-01,-3.955214567381845625e-01,-3.521724171125539260e-01,-3.519081320991167550e-01,-4.302015750034602348e-01,-3.271557060886730595e-01,-2.258509124475089336e-01,-3.910789719981948021e-01,-3.045930007487661628e-01,-3.408634850297000418e-01,-2.319546597398784438e-01,-2.746726891160904960e-01,-3.793856195737507764e-01,-3.265023196421653062e-01,-3.505940993136010264e-01,-2.761752234051407795e-01,-3.372911927819769451e-01,-3.361230590356655279e-01,-4.292331731629378533e-01,-3.733011210723468642e-01,-3.189653028506425625e-01,-3.987293343326893114e-01,-3.619457374396305438e-01,-3.764269059285066388e-01,-4.049555333504882282e-01,-3.509848972495154817e-01
-8.073684743365480143e-01,-8.135480730936477389e-01,-8.080687313899547197e-01,-8.136093370515087297e-01,-8.006115329472053288e-01,-7.558546467937952151e-01,-7.773708039271891579e-01,-7.789307367107911606e-01,-6.769812177384687546e-01,-6.824083777143151730e-01,-7.900434567320512302e-01,-6.429314398257648389e-01,-4.246271529910626563e-02,4.018368417499211531e-02,-5.097689242079871397e-01,-3.466184373023646903e-01,-3.015949374070708289e-01,-7.103084171341778053e-01,-9.803950218421780827e-01,-9.722232523903346912e-01,-9.664223037188263143e-01,-9.618106637226462308e-01,-9.585962549914548436e-01,-9.652422388824526411e-01,-9.494150823975504583e-01,1.928238922288239565e-01,2.803515176004968135e-01,3.593791352142948203e-01,5.750446420136458014e-01,6.433384675117789255e-03,1.688995171731098033e-01,7.466983792380732510e-02,9.262408784645541349e-02,6.862881902109156662e-02,-8.075493186008045332e-02,4.161018705694197878e-02,-7.926744711258912335e-02,-1.526301665585974021e-01,-4.162188766959839525e-01,-4.641771584615927426e-01,-4.637241210810489345e-01,-5.237831499855470918e-01,-3.706278000866591316e-01,-2.392667742691788890e-01,-1.860199436460753253e-01,-3.541636610712585731e-01,-3.018420771045787210e-01,-8.852628728798701829e-02,-3.118179320709758007e-01,-2.071336196276299113e-01,-3.161706571223142914e-01,-1.911147811745249614e-01,-9.052484779365140011e-02,-1.883882089116495351e-01,-3.154038531598528095e-01,-2.199449089586656136e-01,-2.850530076253275369e-01,-3.918574622057642842e-01,-8.669012531963218859e-02,-3.664897563841830741e-01,-3.501314655676480703e-01,-2.706691374029139285e-01,-3.662847870168225994e-01,-3.445447832393239707e-01,-3.087539860780577627e-01,-2.598099118220865145e-01,-3.130321387283049317e-01,-3.669221726497070568e-01,-3.650002779226456662e-01,-4.031301799904836169e-01,-2.939662811454825664e-01,-4.560253043515919980e-01,-4.301533134488201848e-01,-3.478604508318524635e-01,-4.162920928756520533e-01,-3.479223028491127412e-01,-3.948103708820062119e-01,-4.056682729136736887e-01,-3.816976719556273157e-01,-3.206147417350721507e-01
-8.213666469991323105e-01,-8.062501384056239839e-01,-8.210789679762301452e-01,-7.887548981814458404e-01,-8.020598814247341668e-01,-7.841585136419514379e-01,-7.827043814423625401e-01,-7.621320092730429208e-01,-7.143983681679196840e-01,-6.825773209931723651e-01,-5.947773587988369748e-01,-1.337100869005030390e-01,-2.222494350263666887e-02,-6.634248863273737307e-01,-5.019827754643665374e-01,-4.667109662254911862e-01,-6.321557252811739192e-01,-9.103650705526918907e-01,-9.703741690273534060e-01,-9.780162499274597243e-01,-9.696394341320001553e-01,-9.578314127205783679e-01,-9.541318180244201530e-01,-9.666254078605516220e-01,3.012360803057141379e-01,1.548192933443282848e-01,4.853450110254550198e-01,4.101397418388333382e-01,3.321256968045032676e-01,4.122226648711268537e-01,2.497004333091459582e-01,1.476988790982151634e-01,1.125705780538103912e-01,6.070725454910652456e-03,2.518309201314450352e-02,-1.847133377979377766e-01,-4.394884808973544693e-02,-1.852342446068724058e-01,-2.525881739999398801e-01,-3.691436511308803237e-01,-4.212147809247603347e-01,-4.142754824906236810e-01,-2.460750034520610974e-01,-1.140303881462885333e-01,-1.290262542502096099e-01,-3.139376665498820884e-01,-6.420045050107768547e-02,-3.950422843863854450e-02,-2.002943866321752198e-01,-1.188371795314939611e-01,-8.396700326809125592e-02,-1.647642422089982406e-01,-1.026726986905045769e-01,-2.842576080497820068e-01,-2.025689779387856437e-01,-2.849423818683969878e-01,-2.661578698995333836e-01,-1.521240288169390387e-01,-3.836465365470075328e-01,-2.948560958701468282e-01,-1.959454426885695877e-01,-2.729890486947804118e-01,-2.726487892157649084e-01,-2.462831418609469913e-01,-3.030434251219810138e-01,-3.404543271555358075e-01,-2.745840829460641230e-01,-3.987771212560657919e-01,-4.548473970971072533e-01,-2.787492103102368057e-01,-3.607582946673013047e-01,-4.255911863969258913e-01,-3.880439431679639783e-01,-4.302414147708114034e-01,-3.631401942858725751e-01,-3.862124527910851812e-01,-3.689354602644367431e-01,-3.047025208238824390e-01,-3.401733206775560125e-01,-2.121219015453098544e-01
-7.900389950197325151e-01,-8.009302265747605398e-01,-8.220132989904943566e-01,-8.145446081352574197e-01,-8.128290585724049500e-01,-7.166698007315692731e-01,-7.253610452494384520e-01,-8.016264670124771952e-01,-7.294985289316076038e-01,-6.623496080570168143e-01,-2.093639230585077893e-01,-4.002779529977725792e-01,-3.063058197721379439e-01,-4.948720457858401534e-01,-3.965960242868648566e-01,-3.695369160037567102e-01,-7.537973757846292422e-01,-9.803473567482000606e-01,-9.779450986529449885e-01,-9.746832341943335587e-01,-9.668787427341335450e-01,-9.688752194942078511e-01,-9.616985333523823121e-01,-9.756212548852396527e-01,3.228033351656761640e-01,3.013127684301798448e-01,1.079215455683451008e-01,3.753374920264803682e-01,4.245514253269486171e-01,-1.063228310262310933e-01,5.505228503763355263e-01,2.762947606346848883e-01,8.122059484834814880e-02,-1.211557117764319874e-01,-1.852762755964339203e-01,-1.557593528350798527e-02,-5.110865045747454982e-02,-9.375068679887846312e-02,-3.309307710331808039e-01,-5.518594944216679288e-01,-5.147795585615250191e-01,-4.329667626109244827e-01,-1.700775387589859300e-01,-1.134958637939126186e-01,-2.128287126438629384e-01,4.496214550633876456e-02,-4.770733720880640516e-02,-2.488552553106806731e-01,-1.715575918404122491e-01,-1.039320049556786141e-01,-9.836281939512891981e-02,-7.158720112613532749e-02,-1.371329645724047863e-01,-1.782986076598728209e-01,-3.003732386092045625e-01,-1.307073379328919371e-01,-1.740181189279891016e-01,-3.188290413183987315e-01,-2.662851178106251937e-01,-1.681990189389715451e-01,-2.491148113840798151e-01,-2.039396185163032116e-01,-2.901323407207253013e-01,-1.473415933362966779e-01,-2.756802106809324582e-01,-3.484677683387089053e-01,-2.861254426700872155e-01,-4.190380056677058263e-01,-3.501480791581209062e-01,-2.838229582342040591e-01,-2.123770703740050780e-01,-2.556812746823015625e-01,-3.603267101557498520e-01,-3.096391861907736853e-01,-3.038549795508478923e-01,-3.934287230432541027e-01,-2.831464310557871844e-01,-3.627144491146774286e-01,-3.507869448602614626e-01,-2.193473907451990168e-01
-8.149740436468525528e-01,-7.874670921907594989e-01,-8.191965511774272901e-01,-7.930679145593395596e-01,-8.265398021200596190e-01,-7.331490961208960710e-01,-7.206080020682735787e-01,-6.605583979410752926e-01,-8.472054963246669068e-01,-2.225612874264193686e-01,-1.934821109468420619e-01,-6.464452979204468042e-01,-5.113157669549173168e-01,-2.494800313199235786e-01,-6.531405324409004232e-01,-5.185516903304061564e-01,-7.200131856943553510e-01,-9.711374742371263746e-01,-9.769188586802005636e-01,-9.706688932158831218e-01,-9.626427602871941991e-01,-9.758627087768376729e-01,-8.505010235194627732e-01,4.080281131836145381e-01,2.977687822366043013e-01,3.634940823540818711e-01,2.949679594527596649e-01,5.353731944383386399e-01,4.147929462762682262e-01,2.183662452767602680e-01,-1.889846442031837825e-01,3.327825016506175820e-02,-1.169107792403238227e-01,4.835798906485110071e-02,-9.474068252766436327e-02,4.277441979742904743e-02,-2.684498194694756243e-02,-2.166496078241027523e-01,-2.510252430131297841e-01,-5.089738386110383983e-01,-4.450928154227778433e-01,-4.143325463775517914e-01,-2.560117886073843274e-01,-1.714355039133713399e-01,-2.694591850707893643e-01,-3.877151323632520297e-02,-9.311035508368416258e-02,-1.198932573048010902e-01,-2.113165422260822046e-01,-6.627759376724534635e-02,-1.254301053044555025e-01,-6.686510268436468563e-02,-2.034460954666413302e-01,-1.548680762915793097e-01,-2.046190279443027005e-01,-2.610639129274741621e-01,-3.234708452754789243e-01,-1.008783130711969761e-01,-2.698054836825759528e-01,-2.236856859620819926e-01,-2.567033496230262668e-01,-2.530982967131454875e-01,-4.146562027579992621e-02,-2.093161978765261111e-01,-2.399021466044977124e-01,-3.716715643541781966e-01,-2.872662281991009148e-01,-3.307361291275550674e-01,-3.185251218389635874e-01,-3.426025379332551801e-01,-3.643747424378247501e-01,-2.640765569713801608e-01,-3.156260122796857304e-01,-3.540177543137277838e-01,-3.265222449812966721e-01,-3.386145163502299882e-01,-3.434702014650860558e-01,-4.262107834842845389e-01,-3.075260323742988189e-01,-2.749664242025401939e-01
-7.955490266211430184e-01,-8.192660316977242729e-01,-7.783275967904127457e-01,-8.081829224399919021e-01,-8.113574030374919310e-01,-7.825229469410436289e-01,-7.403786738458834060e-01,-3.592177194313385113e-01,-2.800904830335459450e-01,-2.220846162885601049e-01,-5.941146698245657332e-01,-6.026548647016787275e-01,-4.867771738287509087e-01,-5.272313277429357958e-01,-5.529044902478222889e-01,-4.830622692731150192e-01,-9.802464501586569678e-01,-9.365420598143763264e-01,-9.749804700029999216e-01,-9.607866960589727112e-01,-9.644161308597248849e-01,-9.588373533136714810e-01,1.719153297835368244e-01,3.991094079664019856e-01,2.940842352266966886e-01,4.089724223235250977e-01,4.323426403260848816e-01,5.082554699810151178e-01,3.239362133265636379e-01,-1.863358262515558972e-01,2.918798495759019063e-01,2.888724482505786520e-02,1.630188383928225515e-01,1.364483825787233748e-02,-1.749703684277402471e-01,1.142150947045593966e-02,-1.478587268695840881e-02,-2.166810267967583248e-01,-3.492370509174767546e-01,-4.061053116609535385e-01,-4.519661561478405809e-01,-3.015179051289216816e-01,-2.139148249387245182e-01,-1.547207351671084086e-01,-1.143939290661261654e-01,-2.435129867161575368e-01,-1.357849092584233752e-01,-1.278182787323180469e-01,-1.890864876909907066e-01,-1.918346455180200694e-01,-1.803884236504495753e-01,-2.438359123325521682e-01,-1.587326223459616659e-01,-1.244652790789728958e-01,-7.676375980149072187e-02,-2.493380856715825544e-01,-2.426537916274534024e-01,-7.104822033290510153e-02,-2.951267247454100739e-01,-1.872734385857013906e-01,-3.947109102822269899e-01,-2.123384165841837035e-01,-3.006473241647784622e-01,-1.449937644353657684e-01,-1.167020635069101892e-01,-2.502130578650133552e-01,-2.658331446027498712e-01,-3.360176499182633836e-01,-1.958542891146344833e-01,-3.109481764874229559e-01,-3.241028133081566565e-01,-1.516647091163318140e-01,-3.572400696052084323e-01,-3.283720001620364926e-01,-2.464792727952851148e-01,-3.496220463735850159e-01,-3.613967855304842658e-01,-2.768768793636992021e-01,-2.724747149807846824e-01,-1.394072038154257065e-01
-7.968349837549081327e-01,-8.160865157718938390e-01,-7.961300941648640217e-01,-7.856281013450224782e-01,-7.206955955591051177e-01,-4.519387920444812301e-01,-4.082078494946126956e-01,-3.517343773520235639e-01,-2.829068676074841804e-01,-6.015160579985577849e-01,-5.467216156662827453e-01,-6.521316332081459333e-01,-4.323831199687321880e-01,-5.628884686686234096e-01,-4.541544607874334338e-01,-9.162069239986602165e-01,-9.662963711316333582e-01,-9.697202948104552966e-01,-9.600415489943527891e-01,-9.577970711180614494e-01,-9.587494130358973354e-01,8.683737788079906594e-02,2.479287923916771719e-01,4.297138514697963485e-01,2.722562573028216582e-01,3.379603774242007641e-01,3.552787485261381661e-01,6.618900773520813852e-01,-6.052479671981171594e-02,5.812394723199160174e-01,1.741593525636613571e-01,8.482662216143818656e-02,1.640309093332950330e-01,-1.857634439138397264e-01,-1.191444862347263572e-01,-1.818500348659705390e-01,-3.054214345298558175e-01,-2.087853375050381655e-01,-3.628822068796749845e-01,-4.868697823036040595e-01,-2.469674238044789472e-01,-4.120899218852449031e-01,-1.671088896491602083e-01,-8.469093503554234181e-02,-2.017482720093660420e-01,-5.593878711005511456e-02,-7.674802811581983575e-02,-1.671302682745007262e-02,-2.608740084635480239e-01,-2.191738227227385261e-01,-1.285996869319919189e-01,-2.429596296337988015e-01,-5.081661950959313369e-03,-2.316476596277688427e-01,-1.646906183530231771e-01,-2.524828460123190177e-01,-8.698892517040958394e-02,-8.697104804517048759e-02,-1.073084445849565027e-01,-6.893053904650966448e-04,-2.224421052002029386e-01,-2.174197100361914825e-01,2.212851795023047449e-02,-2.602813396045911554e-01,-2.569752771834609706e-01,-1.696513719392142017e-01,-2.568781090666195227e-02,-1.992867460354442455e-01,-3.770074484248425728e-01,-3.230068858184189651e-01,-3.085058648521838420e-01,-1.916747729173070292e-01,-3.606303671520664778e-01,-2.519229167148214765e-01,-2.215753392985692072e-01,-3.270218638063484007e-01,-2.773732264065216224e-01,-2.147439157560992185e-01,-2.696427033070886714e-01,-2.643499373704041311e-01
-6.963774385845532544e-01,-6.254467763960043225e-01,-5.762255556617026375e-01,-5.250080403599944878e-01,-4.916303168107660215e-01,-4.094309904415870394e-01,-5.433189893382471825e-01,-5.150821499477314935e-01,-6.736687703450948694e-01,-5.234761905731916132e-01,-4.354155859135325213e-01,-5.779916952694466037e-01,-5.497108203007653460e-01,-5.523460391535213176e-01,-5.242946810192415930e-01,-9.611161267987615719e-01,-9.483775262780406168e-01,-9.540826189756922426e-01,-9.583112037039506204e-01,-9.617239567990764071e-01,-8.878845625994056245e-01,4.007502195176385618e-01,4.100191031810447584e-02,4.159672810303386425e-01,4.669075939851575763e-01,1.838589232832193998e-01,5.052100414559255182e-01,4.171281984001646848e-01,4.486877992299018875e-02,7.529313208624127673e-02,2.954238360499700233e-01,8.686761603899317841e-02,1.148505141194830492e-01,-8.633342705548299745e-02,-1.751020257236976171e-02,-2.163050302619148324e-01,1.286057070864277943e-03,-2.542315376012157513e-01,-3.853172384659716010e-01,-3.134933334836296770e-01,-3.222148412591111510e-01,-1.901464772536531067e-01,-4.603799133115336201e-02,-9.618221774430865678e-02,-1.896446805859065832e-01,-1.506894351591080428e-01,-2.441037949278069552e-01,-2.428696393926479125e-01,-1.161608694891262672e-01,-1.487507609420888610e-01,6.774425267229466918e-02,-1.944621198495808667e-01,-1.639300075711725979e-01,-2.266142715197070057e-01,-8.416973771931446358e-02,-1.001147015367602755e-01,-1.483441285704692192e-01,-1.791491320081048111e-01,-1.624803239522333853e-01,-1.386199815337712804e-01,-2.652384503926925041e-01,-2.605549580425693679e-02,-4.071072201006838143e-02,-1.717002917428390729e-01,-2.273502775965031628e-02,-1.108927647580637693e-01,-8.030114282485320554e-02,-2.654304414323602757e-01,-2.771667381666018115e-01,-2.990907437424496496e-01,-3.064672856118549338e-01,-2.037061974705514367e-01,-1.575518671193506803e-01,-2.010941895126013290e-01,-2.912630979350127047e-01,-1.264586344346653457e-01,-1.660196733295919436e-01,-2.454529588107250693e-01,-2.584290374466552964e-01,-2.547924596274119824e-01
-6.350335365274279997e-01,-5.906936855540264597e-01,-6.339710088296606205e-01,-6.261748384360099617e-01,-6.423176571864778195e-01,-4.175090035139397693e-01,-5.587827247846400835e-01,-5.468588826609134257e-01,-6.132589101413484789e-01,-5.332157883908004159e-01,-4.467778897054287546e-01,-5.935201790303165081e-01,-5.740414707468937117e-01,-6.764789089424765312e-01,-9.456614375945597839e-01,-8.476477084667241035e-01,-9.381658072994440989e-01,-9.376655848566518570e-01,-9.494879867653669425e-01,-3.574832025272561831e-01,1.559169941688388628e-01,2.358153868527388675e-01,2.394831624672383585e-01,2.448183668191345752e-01,1.173819247592340492e-01,2.622898904999575453e-01,3.109572975348006141e-01,2.519318798118272973e-01,3.861328670472018443e-01,2.276636515228167845e-01,6.413645517830100784e-02,-1.031561904705539934e-01,-7.802568389627449405e-03,-1.050999475526166044e-01,-4.520307872969683144e-02,-2.338365385544937947e-01,-6.529907668444220881e-02,-4.267636914977137597e-01,-3.487239303551268321e-01,-3.441482304719746255e-01,-2.846358563155823029e-01,-1.659835818563916987e-01,-1.864489459270982363e-01,-1.386811742513279211e-01,-1.887517664971333498e-01,-2.016860255249494638e-01,-1.855305167360372931e-01,4.930311857103705786e-02,-7.753561233378367112e-02,-1.958076847632902739e-01,6.066101142720094902e-02,-2.427940701238766319e-02,-1.235477750593383384e-02,-6.735356194866159996e-02,-4.042661091874855117e-02,-1.276483268125864212e-01,-2.782430627450249161e-01,-2.129565244618776276e-01,-1.069236355094209528e-01,-8.811960797952940461e-02,-1.516433930302835964e-01,-1.439959737123220618e-01,-1.276981366147166008e-01,-1.568858226820805946e-01,-1.424530660238305102e-01,2.695973499424928616e-02,-1.248744633106617791e-01,-5.524566671089158748e-02,-1.510329272650232368e-01,-1.112280764919261755e-01,-2.795443922449896146e-01,-1.838416512271461023e-01,-7.475046301243870595e-02,-2.474469724523643832e-01,-2.141649365685644735e-01,-1.676387804858343045e-01,-2.277449838206794808e-01,-3.280099612110072282e-01,-3.451610841335213120e-01,-2.376805957904297995e-01
-6.562096921883285860e-01,-6.586448031288699712e-01,-6.951482829762605231e-01,-6.635788628282855983e-01,-6.603820677068530376e-01,-5.623691641815792286e-01,-5.791214081389981505e-01,-5.380790101252629354e-01,-6.117656643955466933e-01,-5.708968905525962922e-01,-5.651201582684743929e-01,-4.198122996655254680e-01,-6.364308609433326769e-01,-9.194587035797494590e-01,-9.274549118686629123e-01,-9.352520671491129090e-01,-9.238759910126076447e-01,-9.363354735351605562e-01,-2.833080275535901360e-01,2.159686924002997277e-01,3.360685427178680684e-01,3.601868035313392502e-01,9.688671929525236037e-02,4.547017735551188156e-01,5.169225848281031599e-01,5.000885583876731877e-01,3.807073109321658100e-01,1.870757672662831939e-01,1.267420738809701443e-02,1.342307405476118043e-01,1.889312037787053422e-01,7.874362151345279393e-02,4.086378374961119331e-02,-7.298282346409275256e-02,2.557777404460732582e-02,-1.479938230683149059e-01,-2.316763056933462961e-01,-3.391612213610216142e-01,-2.562755552999234077e-01,-2.038212316447333139e-01,-2.325375900765899728e-01,-2.845682344793288299e-01,-1.400912067479457568e-01,-2.097817242832619722e-01,-4.475377378428301717e-02,-9.780052483191160884e-02,-1.139781627590794322e-01,-1.315701160633034328e-01,-1.093072681475891483e-01,-6.811455552912608347e-02,-9.048337829748466510e-02,-1.072352442199098477e-01,-1.015510785158569712e-01,-9.655444259020228015e-02,5.125215296960814251e-03,-3.021124402488754856e-02,-2.482497003138880720e-01,-5.761220056268851614e-02,-1.927945932857353661e-01,-1.862401544019653687e-01,-2.387480910247120613e-01,-2.238265864930586713e-01,-1.136295281438326754e-01,-1.215338663286315846e-01,-1.309912369739408555e-01,-1.023314903648867707e-01,-9.261812958400574003e-02,5.618247845391805689e-02,-1.692083162223155801e-01,-1.848197025027422391e-01,-1.569948414320448404e-01,-1.041151301897415421e-01,-2.338765521080924947e-01,-3.151020975789661782e-01,-2.543333075940167332e-01,-1.974942042948473753e-01,-2.568199920461826657e-01,-3.092221820561550372e-01,-3.186465796562828467e-01,-2.215939963640005117e-01
-6.580116988120559007e-01,-6.338217977559744698e-01,-6.392725305579136652e-01,-6.285616983859184659e-01,-6.313622700997437720e-01,-6.192399562763893917e-01,-6.159414336526061184e-01,-6.417197683383065732e-01,-5.931746401690266568e-01,-5.415332571559878794e-01,-5.556159368685390509e-01,-5.452370842116871508e-01,-9.192646512877967746e-01,-9.200241704755078853e-01,-9.056895680973798823e-01,-9.219872218363062144e-01,-9.095381152891299781e-01,-4.172870150480091911e-01,1.152508802259528398e-01,2.894345708618134005e-01,1.872319485758182911e-01,1.508765430631714144e-01,4.625588365639536348e-01,2.572536489614464239e-01,3.514382873106281502e-01,4.921654322384579894e-01,4.199882023920836760e-01,3.775344295568710401e-02,3.259382562615872336e-01,-1.107343145782013205e-01,7.041059865757449965e-02,-3.259228964977866072e-01,8.786195820253803190e-02,-2.118847013391181033e-01,-2.029053941030455888e-01,-8.888591021051588104e-02,-3.082551767296279888e-01,-3.722464076817095235e-01,-4.039286377186214749e-01,-1.990767549813031723e-01,-3.846719217015776016e-01,-1.547824382544453203e-01,-2.015884986713507299e-01,-1.316722740166485495e-01,-5.136052455632389435e-02,-7.908458191927532355e-02,-9.086932092292790419e-02,-6.308725787875905933e-02,7.784465223085600127e-02,-7.146516916417337828e-02,-4.392850016314116951e-03,-6.786307111271620840e-02,-1.270176073448367193e-01,-9.766037252502357546e-02,-5.744519252603923903e-02,-1.892816091372198639e-01,-1.261109764115152798e-01,-1.347472443422584321e-01,-1.859538544312841490e-01,8.289714298631901956e-02,-2.210544711813679508e-01,6.867115214319757799e-02,-1.361863050949840004e-01,-1.192911003277766502e-01,-5.996208569538290928e-02,-2.792142794703599828e-01,-6.029298977084306815e-02,-1.848034006579431579e-02,-1.186887627053035549e-01,-1.439248413509076341e-01,-1.065998462079038034e-01,-7.002367380523870366e-02,-1.944214842505495588e-01,-1.426194792581750581e-01,-7.510525340945571615e-02,-1.396673952918506267e-01,-2.195239178732464602e-01,-1.567369307698221192e-01,-1.427666221020985338e-01,-4.545526188298454340e-02
-6.733082514683711439e-01,-6.644963721213054120e-01,-6.689371488891658890e-01,-6.299897287633847709e-01,-6.668636507224757759e-01,-6.090702370710814328e-01,-5.803605059698192514e-01,-5.402203199344925988e-01,-5.972068100354904763e-01,-5.168363064363430404e-01,-5.736302384061452431e-01,-8.912042627510408099e-01,-8.947278698858961432e-01,-8.732968692338263228e-01,-8.812493974775391647e-01,-9.129155833839480705e-01,8.073643648785415287e-04,-4.355349436722468631e-02,4.347783886014039978e-01,4.204489160397341663e-01,1.989535704921704118e-01,4.054038290399511468e-01,3.304648474096907318e-01,1.915495883112566522e-01,1.843471109423039100e-01,4.557215021672554323e-01,2.173062767699610875e-01,-2.484612054147984639e-01,1.830005347459257026e-01,3.159789720183233536e-02,-6.449124021285938813e-02,-2.103142231642605997e-01,-6.250395047959303452e-02,-3.457021465905221053e-02,-1.030706890560943445e-01,-3.335787192280651459e-01,-4.366056861136115574e-01,-2.979648202539588175e-01,-3.098794057473011065e-01,-2.850419146815824645e-01,-9.841149602941266783e-02,-9.702583213871823764e-02,-1.758822049354252792e-01,-1.041644667417119738e-02,-3.113265512915773525e-02,-5.631026975686974356e-02,1.045597451363198815e-01,-1.050256141602014942e-01,2.322483593962463774e-02,-1.882042939407957693e-01,-7.557580315162276685e-02,-8.433205840142751764e-02,4.954510920654928152e-02,4.478294025364126796e-02,-1.472158047292522198e-01,-5.255227566609241979e-02,3.864921644818977708e-02,-2.008860435457598612e-02,-2.000051297330494859e-01,-2.218480100759255835e-01,-1.819831122004666318e-02,9.356334584105513441e-02,2.734371453431897955e-02,3.863401006813047683e-02,3.210822915498938446e-02,-7.519081097310857664e-02,-1.694926672779243915e-01,-1.008374774094356469e-01,-7.222261254720922785e-02,-9.175098443969136042e-02,3.277666516534909896e-02,-2.190257416524680756e-01,-1.076383261553760101e-01,-1.627134541106309285e-01,-1.655201658213697469e-01,-1.284923789872806643e-01,-2.216156573971246602e-01,-1.151525714696852443e-01,-3.005737241545309302e-01,-2.386961459218951698e-01
-6.369203726852885605e-01,-6.418263024096692027e-01,-6.412174632334013413e-01,-5.873766554220425373e-01,-6.063981425353238697e-01,-6.564225122503286602e-01,-6.217225444700089643e-01,-5.846069742433316341e-01,-6.752332321127531012e-01,-8.505801751791569609e-01,-8.527575558034266034e-01,-8.742645504988342253e-01,-8.598833313768863285e-01,-8.710389426950497782e-01,-5.732219105411857640e-01,-4.781912926851781265e-01,-1.379487338193963741e-01,2.277590501896880892e-01,2.582240815558585201e-01,4.139177081587252505e-01,2.516849801380174334e-01,4.071668427777325183e-01,5.238143770427040602e-01,3.558895928674737918e-01,4.417686438074892030e-01,2.137895692483397225e-01,2.409567982547985154e-01,2.649061591103515356e-01,-6.410268292060877782e-02,1.163125445010910752e-01,-3.692465135079711636e-02,-6.688458943748984420e-02,-1.600644251237173243e-01,-4.929078320650508854e-02,-8.378821765512908110e-03,-3.001463702766516417e-01,-3.333535248962471442e-01,-2.667566367897160062e-01,-3.509945083094202500e-01,-2.709807881366688709e-01,-2.528051402959933802e-01,-1.109387956057470842e-01,-1.111973330278195338e-01,-1.128530223393693355e-01,-4.285665799822916538e-02,-1.703808490437387635e-01,7.748272046710961980e-02,-1.876594538590150782e-02,2.275764565136645656e-01,6.859426942483437713e-03,7.878868399549654455e-02,-3.342293272508613852e-03,-1.190000771757648568e-01,-8.920419987601690970e-02,1.711743451837652308e-01,4.682964636083080529e-02,7.114300728404980047e-03,-1.405276348921986329e-01,2.877469185706155869e-02,-1.033702870712784744e-01,-1.174285322809996285e-01,-7.560642444081351610e-02,2.928173811207048990e-02,5.241907330986893959e-02,-1.019168448583950524e-02,5.151637270851085887e-02,2.926582496331231378e-03,-7.689157562720748407e-02,-6.945524039806176379e-03,-9.571602371270743204e-02,-8.532076933857167533e-02,-1.048554136295400674e-01,-1.659933382785861722e-01,-4.049760195865242246e-02,-1.078132700849810527e-01,1.183634944171184193e-02,-1.778590527429765311e-01,-2.316254970191527485e-01,-3.306540643559315318e-01,-1.507374075570132865e-01
-6.220622861195622688e-01,-5.953094591606408192e-01,-6.154926138045359041e-01,-6.138962685442913569e-01,-5.477345067968359960e-01,-5.797883974891069325e-01,-6.299471052369494117e-01,-8.198567785022140564e-01,-8.231875342750794022e-01,-8.344486730856839340e-01,-8.219556189003220936e-01,-8.309814352333695364e-01,-2.145080654192391967e-01,-1.049425078711322262e-01,-2.446597806067428715e-01,-1.872924331293976119e-01,2.188739987086095462e-01,1.993274818127416803e-01,1.773729898034370200e-01,2.869123747300018068e-01,2.053639040153240058e-01,2.656826544666334722e-01,2.653697208944476582e-01,2.629649903607462202e-01,6.221828881977036207e-01,8.488328419551739723e-02,1.720122530846006914e-01,7.661612920218427436e-02,1.628453575240558782e-01,-1.547965645577888127e-01,-1.653103518164754371e-01,-1.206988637286978555e-01,1.516243259309529336e-02,-2.635808404547828054e-01,3.434716789975998663e-02,-4.488809478196574831e-01,-3.527462008200430432e-01,-4.389723336157844713e-01,-1.614712454210178172e-01,-1.259634283555493284e-01,-3.167918592467929284e-01,-1.497325734394012453e-01,2.666810904662897472e-03,-2.038228868750111833e-01,1.766915974505972944e-02,-3.673115162097934268e-03,9.592028119903780320e-03,-5.660788576144822754e-02,-5.501255673485521552e-02,-1.997609410372101768e-01,7.490431225680185823e-02,-7.935469315169778326e-02,-2.230161093975006337e-01,8.866179443851809894e-02,5.709450830815654410e-02,2.356495879110253461e-02,1.643929396398671472e-01,-1.324577116095192186e-01,5.025071319958266530e-02,2.191178968682762351e-02,-7.616756139401603676e-02,1.252041320013625725e-01,-8.224794769519390425e-02,-1.766146371588675143e-02,1.414339756786345270e-01,-1.336474501152875582e-01,-1.332239045387114719e-02,-4.718107523050853874e-02,6.949015094015512616e-03,-1.816252275751767675e-01,-3.040087260421376822e-02,1.153348935782460422e-01,3.998865398489460932e-02,-1.739749309047854409e-01,-1.847120084347758651e-01,-1.902300623667538271e-01,-1.084202910519190127e-01,-9.361103706024230531e-02,-3.221932347341697200e-01,-9.366779334248610811e-02
-6.042680820598665958e-01,-5.918480350988502003e-01,-6.003639607810913326e-01,-6.268798534717388016e-01,-5.600399231188049054e-01,-7.590120295261368888e-01,-7.895491508279853798e-01,-7.951218234520573969e-01,-8.156622906429796815e-01,-7.171201636992543538e-01,-4.102490596702532688e-01,-3.504258058940594167e-01,-3.920180834857646679e-01,-4.057125800515358760e-01,-1.131941715488722772e-01,1.422326369645645905e-01,2.986485935635965761e-01,2.160097195282632554e-01,3.821655540941917284e-01,4.873322513632742936e-01,2.578898526059932861e-01,3.982133452353133762e-01,3.735075966280515525e-01,4.562015100041064142e-01,8.126923157659143859e-02,1.673036386394648467e-01,1.942482265386399620e-01,1.808091186084607171e-01,-1.646385365940009949e-04,-1.592060972775071193e-01,-1.142498773390223793e-01,-5.912632595912736821e-02,-8.102223874703318174e-02,-1.780488028100558617e-01,-3.463299434358087514e-01,-3.643454951086189109e-01,-3.637673816056396503e-01,-2.798700927018141216e-01,-7.406375739353188159e-02,-1.023986078332254357e-01,-2.728458794178527103e-01,-2.651125146154593715e-01,-1.944691658482971541e-01,-1.325598661747533491e-01,-1.450298636912668694e-03,-2.748255655765178274e-01,-3.316301916305990083e-02,-4.243457246676359679e-02,1.185421340467957690e-02,5.676858855751324567e-02,-7.516637525441317857e-02,2.482040463525319110e-02,1.524183870459233300e-02,7.712246973146867635e-02,6.263739013516868293e-02,2.250772425819465988e-02,7.619183461240569555e-02,3.839091644554435551e-02,-5.251497274508813706e-02,-3.551113494752277527e-02,-1.099510414026741954e-02,-1.148683100941244317e-01,1.838230890553745611e-01,3.260274871133868324e-02,-4.545150211532696799e-02,2.791508025639666442e-03,-1.272382758186028362e-01,-2.566659100565384100e-02,1.046148907664456451e-01,1.215915662479698373e-01,-1.401232890696521294e-01,-1.490922078784302773e-01,-1.050991338431068595e-01,-1.955912370918859097e-02,-1.361164034328416206e-01,-1.092580340434726877e-01,-4.828849442563619421e-02,-1.009624586631126947e-01,-5.296242512484725801e-02,-2.980487549361770030e-03
-5.721563175573290971e-01,-5.969030749833018623e-01,-6.806911623024205493e-01,-6.841314042860712208e-01,-7.102682032642899657e-01,-5.334058017512829375e-01,-5.617225880699447949e-01,-4.827669822617652318e-01,-3.215759816493279910e-01,-4.871681461706433569e-01,-4.042055080965007985e-01,-1.811932496048573038e-01,-2.664750277366680353e-01,-2.615864926818130543e-01,4.409731556899120219e-01,4.045236624506676759e-01,2.167297604016614754e-01,2.699746965369242968e-01,2.872786320142500238e-01,5.610129071620863217e-02,3.857222241542756502e-01,3.865562693528379890e-01,4.489021115984589416e-01,3.619445851439311856e-01,7.494848641772589026e-02,1.481104624324278973e-01,2.309824990890521346e-01,7.319144390840941206e-02,-1.471369265772173029e-01,-1.186040745907024629e-01,-1.471104061186309375e-01,-1.085640165234520310e-01,-1.630183109863663493e-01,-2.310783022076573490e-01,-3.397167564465849998e-01,-3.621729916533450999e-01,-3.558222031011728514e-01,-1.378618634651407882e-01,-2.127925712534370628e-01,-1.556234836031767654e-01,-2.576189557056792756e-01,-6.009220450604864372e-02,-1.361358535538451098e-01,-1.056261100814873261e-01,-1.365420459308445134e-01,-4.982393615087767763e-02,-7.595062280803702853e-03,-1.394903556192065297e-01,5.138420762808419695e-02,-3.616483168334767156e-02,-8.778636052527096639e-03,1.136611382757443528e-01,1.172996574060505975e-01,1.405416032743319055e-01,1.296086172985407570e-01,-7.552933859532015570e-02,6.619301548328436480e-02,-1.206902403036483329e-01,-8.791708913685065963e-02,5.836611684767296221e-02,-2.277835244942182369e-01,-9.932278300877034338e-02,1.272904667992825756e-01,4.373129061541953383e-02,-1.160432860642381103e-01,-3.945705661969919897e-02,8.838510542426046557e-02,2.200544393653676781e-02,1.104036074106267001e-01,-2.713060563087500709e-02,-1.464511368035618932e-01,-8.187743625338063380e-02,-2.180619860459483972e-01,4.274711391135752048e-02,2.948965163018684582e-02,-1.655599722532502538e-02,-9.177251129928908069e-02,-7.469115347036893449e-02,-1.110994518971877981e-01,2.188564284770944113e-02
-3.504668590533566719e-01,-3.491847100869011622e-01,-3.335150727224069356e-01,-2.273583957249964704e-01,-3.816944983023212723e-01,-3.471900201827013976e-01,-2.453321799168700912e-01,-3.967030391266486711e-01,-4.049729020864894502e-01,-5.290389551429665327e-02,-3.175916399704670212e-01,-2.372060190545433045e-01,-2.165251493989766574e-01,9.036020497596107537e-02,2.292281896803109453e-01,4.986507133734243147e-01,2.786340310112315199e-01,2.946575123818240827e-01,2.007994964768706481e-01,3.705201627503401096e-01,4.743107451187947299e-01,5.528397746060352835e-01,3.703437245720756499e-01,1.575498014158170368e-01,3.283544020268704955e-01,2.667141991424147318e-01,-8.416649475275088388e-03,-7.484615303409784814e-02,-7.301962690078019069e-02,6.173952751635812530e-02,-7.600074168777117001e-02,-1.781719738169695172e-02,-2.017277006524989535e-01,-2.006911627836989453e-01,-1.353300693815908673e-01,-3.422486539980940656e-01,-3.611194240877409478e-01,-1.605305595670382113e-01,-3.001442077270539133e-01,-2.419641715028204854e-01,-1.430973119165615537e-01,-1.928584437189264159e-02,-1.164596409697097185e-01,8.782691862493997859e-02,-1.447839515569533941e-01,-2.036418354657169860e-02,-1.432698729104763258e-01,-2.354911562129127431e-02,-3.447959398956459975e-02,-4.970290602710975697e-02,1.163519422585524432e-01,5.560817082589922244e-02,2.510564887343447737e-01,1.161623801611384593e-01,-1.015125055276646232e-01,-2.281793538928227408e-02,5.032571566754111964e-02,-7.210302166255620759e-02,7.238522376283053339e-02,-1.052114381249902586e-01,-8.190444731424070812e-02,-8.136855684715749507e-03,1.061197218510273460e-01,5.199895004918345630e-03,4.853093960361987841e-02,2.559170392447226647e-02,6.933101787106278613e-02,3.445305185783909679e-02,-6.769403188102919577e-02,3.912076929535929920e-02,9.414876510652518682e-02,-2.346380340129279943e-02,-4.696323163604428801e-04,-1.606836049960363999e-01,1.050819798281599216e-01,1.330075791995990186e-01,-1.794666274268483935e-02,-7.159414943522342256e-02,-1.952249626464788446e-01,-1.750913392218914066e-01
-3.955194429263865219e-01,-3.763507836147186314e-01,-2.728469939403387889e-01,-4.173799480625989267e-01,-2.805424994047069354e-01,2.978714646346585556e-03,-3.745126730839804519e-01,-1.414259559407947675e-01,-1.619409425820538539e-01,-3.668289396472352304e-01,-1.610517160367540557e-01,-4.130072901672241503e-01,1.244883927771217313e-01,9.637434554915898233e-02,4.184654621080194370e-01,2.979505679788040373e-01,3.887626679717720024e-01,4.546208549497020579e-01,2.669380893527772414e-01,2.758138431129539270e-01,4.545229802409752051e-01,5.232139247433944540e-01,-2.006804356215721383e-02,2.459888368988635554e-01,2.504254652448106855e-02,1.493266224755224192e-01,-2.230069000843104832e-01,-1.938762929140162294e-01,-8.646855259496430413e-02,-8.696853925387689269e-03,-1.343432211591853442e-01,-1.002008330574083034e-01,-2.971508475770395230e-01,-2.569165434864669750e-01,-4.667707867767138530e-01,-2.277605694490938137e-01,-1.786819092371371986e-01,-1.881890805880931383e-01,-3.474851997568041972e-01,-1.161366689836570848e-01,-4.791135879207453208e-02,-5.527255632680463937e-02,-4.976734984390870052e-03,-1.020147124304768005e-01,-6.748662084619976020e-02,6.744582320683786825e-02,-3.554465437926695309e-02,-1.125864085569483197e-01,1.432183476134538946e-01,4.836852463712214278e-02,1.254767011072400462e-01,9.091730001369564829e-02,6.056981882944192930e-02,1.724214317749917236e-01,2.618206994128563503e-01,-6.428331268438521214e-03,7.114659845600154742e-02,-4.067960059688316421e-02,1.752109101214661263e-02,-5.469901835591252370e-02,-1.879889231480230405e-01,1.730443921795640216e-01,1.876264379224031054e-01,8.438492294405267047e-02,6.157683251102982064e-02,7.440450844075205405e-02,7.245635458429706965e-02,1.027880176599005047e-01,1.616593378974170714e-01,1.143500459509776690e-01,-2.704033665929989061e-02,1.100292009013493499e-01,4.301842146539228834e-03,-1.876226804423197780e-02,3.684482847905987818e-02,-1.640700575021525609e-01,-4.938775853701585228e-02,-2.733426815741003546e-01,7.712606657962420981e-03,-2.532550471017155913e-01
-3.364631102895891401e-01,-3.010595810543792994e-01,-1.792626597771251606e-01,1.046575779731859640e-01,-1.299539895556409974e-01,-3.387658218420997597e-02,-3.589754864115770605e-01,-1.368207811228698001e-01,-1.737124776492198763e-01,-4.100027155509707866e-01,-1.035941161068146404e-01,-1.266604657273298351e-01,3.228422142476129464e-01,3.517608045806671080e-01,3.568507497867796641e-01,3.647039826761389048e-01,3.131349691785548228e-01,3.106004524450373672e-01,3.888466261051887751e-01,2.266837121686791079e-01,2.938082318859473463e-01,-2.876689040778104139e-02,2.109359847035187918e-01,1.616673544984275068e-01,-5.610786580811224361e-02,-1.182995580784674955e-01,-1.327958507034451008e-01,-1.880276322588734506e-01,-8.744464437364204978e-02,-7.264707538691199395e-02,-2.289501702805565586e-01,-2.063325876367366751e-01,-4.879915158705436795e-01,-2.197729050353601776e-01,-2.837682878772940787e-01,-2.705989353958802579e-01,-9.391026933449214686e-02,-2.106840027013743011e-01,-1.581792125932456328e-01,-1.014115913270646485e-01,-7.374873483224182735e-02,-1.487432016912397237e-01,-4.748499858968091569e-02,-1.427986750993363516e-02,8.430906581294560220e-02,-4.555057222961118174e-02,3.033795885780772306e-01,-1.309501315435755986e-01,-1.440649228229817780e-01,3.834772448168923681e-02,-4.369329612003335084e-02,2.669313710756376565e-02,-3.496021748845880989e-02,2.393579334582935370e-01,7.268728170920589482e-02,5.149238665491651101e-02,3.619179125900869043e-02,1.864249899597598958e-02,4.196763801992582643e-02,1.006015440769350844e-01,2.580854068374473231e-02,1.165935057532170305e-01,-7.114349336431970150e-02,9.567637835255897796e-03,-2.263574787422451343e-02,5.862572236600503001e-03,1.483504865977950671e-01,-5.771414037663322172e-02,1.030959148856374630e-01,5.031278250815660047e-02,-5.452465523710035497e-03,-2.086012566819058986e-02,2.181501640420928020e-02,-4.808150454981171412e-03,1.000945764481572936e-01,-4.555499339847023793e-02,-1.365874876630746859e-01,-2.505661615297466449e-02,-2.546720691473878043e-02,-2.909736965600103267e-02
-4.342995418505680161e-01,-2.388286285993795055e-01,-3.961275573525869786e-01,-2.288660808391320967e-01,-4.591556990522948078e-01,-2.304117707224770384e-01,-2.056447833621231902e-01,-2.344968114476368437e-01,-1.861157353701537731e-01,-8.877676777211572501e-02,7.314999417915431235e-02,4.003538206151012746e-01,2.511815872898918167e-01,2.267133943771214577e-01,3.464226551598627024e-01,2.071318299534646579e-01,2.953505356628182144e-01,4.237477526891162416e-01,1.888723031236972105e-01,3.391285225207637533e-01,-1.251915961235411656e-01,1.156769599120874986e-01,2.437624858583635132e-02,-6.987389348069729389e-02,-1.029997100748140659e-01,-2.124750037414775972e-01,-7.139494732892999462e-02,-9.297920440197030012e-02,-5.760638118271928232e-02,-1.012537565410865786e-01,-1.427079721791321421e-01,-4.227481222909369452e-01,-2.006120864627393419e-01,-3.074763523809669885e-01,-1.678519103090130582e-01,-2.496610198747507281e-01,-1.722436989384164285e-01,-1.325590037441967128e-01,-1.707084686327426937e-01,-3.856740597921713698e-02,-1.376006866153702823e-01,-6.213430108864163165e-02,-1.908353345923860522e-01,1.557030260161521573e-01,-2.121494819665217801e-01,-2.178028686322070195e-01,-5.867336350036390230e-02,-8.513998287246635210e-02,1.570978096189371565e-01,5.777545700713206112e-02,2.772007287258788089e-01,1.585351466508169438e-01,-7.814865466112101006e-03,2.311299520086035897e-01,7.427681783325464082e-02,5.034035273161950597e-02,9.354835647023795886e-02,1.136534856643688640e-01,4.601239032910588167e-02,1.319082296932365117e-01,1.691431196491920697e-01,7.115200359551480946e-02,-9.823958389146664194e-02,1.360861653663993920e-01,-1.630455464509121891e-02,-8.648411697141350496e-02,5.800240989848141904e-02,-1.665261425718009280e-01,4.946923192357225579e-02,2.769973887263052839e-02,5.695455921372701014e-02,-5.049399096349290600e-02,-8.849916454245793096e-02,-3.560552214018446876e-02,2.896490212607800638e-02,-8.395822760901013038e-02,6.575505941689180345e-02,3.535883068275127994e-02,-1.820994928542833402e-01,-6.042392723692698031e-02
-1.152886944564715938e-01,-3.251587087999030512e-01,-2.418232698228197919e-01,-1.826726974282401328e-02,-2.431720888423627436e-01,-1.444110747139313033e-01,-1.068716567035831039e-01,-1.536084542535137709e-01,-5.277382596094848388e-02,3.079998488795410716e-01,3.505676638973762027e-01,2.856172418095070387e-01,3.858489063965430121e-01,3.793149219227304747e-01,3.359357432873034122e-01,3.620825814066026549e-01,3.264614680891849696e-01,3.749555310169989664e-01,3.650280245969946269e-01,-3.112518753899052096e-02,1.802922870369273456e-01,1.383277945429283451e-01,4.103708373658950664e-02,-1.022788250723574016e-01,-1.309207299485520837e-01,-1.550612422269933288e-01,-1.490078459408784306e-01,-2.219882161119398345e-01,-1.659070253054757138e-01,-9.912634419226132310e-02,-2.038472640420570525e-01,-2.147592652463398977e-01,-2.501508772279518733e-01,-3.855876417923393418e-01,-1.782838821763824966e-01,-2.824942227493598690e-01,-3.484500953841276200e-02,-7.602239940176920563e-02,-2.861865996798941825e-01,-4.936993817833702780e-02,-9.445215197638176519e-02,-8.676714180767096385e-02,-9.993820971205555348e-02,-1.092728270324613699e-01,-2.525721314930680084e-01,1.130640828371445722e-01,2.253427713927710074e-01,1.490928960137315462e-01,3.511926309596396373e-02,4.994945780436722826e-02,-1.728293187224328453e-01,1.382570874799350646e-01,2.116187309600966668e-02,2.040931745117402218e-01,1.829254233407724139e-01,9.568831323285714729e-02,2.342625424002371948e-01,-7.570118124935073384e-03,1.619687105110575731e-01,-5.583204916850265792e-02,1.959407149785666880e-01,3.973804149630896093e-02,4.382852769181115604e-02,-1.209240446800178559e-01,1.063348698931099005e-02,-8.220012949762137144e-02,1.680056582067344928e-01,-8.277675408245079849e-04,1.316484417735036550e-01,1.942370777189022235e-01,2.185146732785185966e-02,1.662633683531752893e-01,-7.491344645273571856e-02,5.523978619194645778e-02,2.530311642862458424e-02,8.215662341033071192e-02,-4.951981159409579725e-02,-8.301149418691024240e-02,8.584647467755569805e-02,-4.494030372932432404e-02
-3.201853662680264057e-01,-3.215089670953591994e-01,-1.708468631384475189e-01,-9.623740795599723674e-02,-1.840260185553170558e-01,-2.041804320847088183e-01,1.757076622088487861e-01,8.177263236694469473e-02,2.266670881194193798e-01,2.258111906031422811e-01,1.978169034276533733e-01,3.349628606132991626e-01,3.249300118343784183e-01,2.596810744410135152e-01,3.264048174343945896e-01,2.582639671845471385e-01,3.021949218787099434e-01,5.019427210434099229e-02,3.987950595210816573e-02,9.098352457933772675e-02,7.890726970677901242e-02,1.616058714385377754e-03,-9.642406822234343700e-02,-1.646453559288088841e-01,5.984786304510932714e-02,-2.618594986995296803e-01,-4.466091799122909323e-02,-1.743653725373191798e-01,-2.169696607799884436e-01,-2.606848457757602322e-01,-2.659080564402213076e-01,-2.877310886105203247e-01,-3.130412358217981028e-01,-1.740117699704456788e-01,-2.009728584546140451e-01,3.652917452612062187e-04,-3.703631214248202796e-02,-8.663172854103050324e-02,-2.323652507602983197e-01,-1.584310093877990544e-01,-2.605768098590394502e-02,2.303011755070118877e-02,5.016077846764687570e-02,3.494447228717132564e-02,-1.991941824956196261e-02,-1.594754479674697356e-01,7.239937870564702727e-02,1.901746414157742815e-01,-2.786610684973457857e-03,5.501367239408105209e-02,2.315635994408569431e-01,2.254390209769786477e-02,1.158556609927402781e-01,1.947422073118549590e-01,2.795347252296498473e-03,2.987770034644953582e-02,1.612878650408158853e-03,1.373780810836836841e-01,1.501252930190993540e-01,-2.169904566904725871e-02,1.463815055452689917e-01,1.606732636539871528e-01,1.027098528180058756e-01,7.867299543592345956e-02,-2.900192291961380814e-02,8.359807526747180251e-02,-3.975653810275135702e-02,2.112819117686224116e-02,2.642325072467057584e-02,1.064568587074135320e-01,-1.270725449956318365e-01,1.743653747983597846e-01,7.968499433251891029e-02,1.311884587994708029e-01,1.103722614874025482e-01,-1.047099812793214763e-01,1.683572869686216986e-02,-3.539365139702634055e-02,1.119709506596234666e-01,4.494369645188023288e-02
-2.930275722893045387e-01,-2.397428346379961994e-01,-1.339617912408618550e-01,-6.931796466334445850e-02,-6.279685239840900046e-02,1.061058563884666045e-01,1.094892348299177781e-01,2.320322110674482574e-01,2.661509497879386288e-01,1.791607872633076970e-01,2.939267660877076249e-01,3.141843444324862733e-01,1.091188933164385644e-01,3.604593696432443761e-01,2.158196268575575949e-01,2.299391057034133601e-01,-1.199909344717348253e-01,4.166682736135263534e-03,5.034895434053727331e-02,3.706465998952879204e-02,5.804526730170735116e-02,-3.395931710367695172e-02,-1.423153155049594054e-01,-7.744965690601642201e-03,-1.126767897324081336e-01,-1.461121995306652321e-01,-1.467456722645395784e-01,-1.280445854631874769e-01,-3.386386527979002303e-01,-2.946616656453270866e-01,-2.380375133633058637e-01,-1.494300420215854130e-01,-1.479854593887837688e-01,-2.044255595598914177e-01,-2.009330804147294314e-01,-2.112669419106425472e-01,-2.289069648285963210e-01,-1.435267052017721867e-01,-1.248691722379582092e-01,-3.558026500749067369e-03,-1.004110710292335784e-01,-4.169718602004569841e-02,-1.932348399807124611e-02,2.083195126572025546e-01,-8.334927722700620489e-02,2.487456888384331072e-02,-7.633294380179413141e-02,1.534594068345710438e-01,-8.259798598495386723e-02,2.861454790405018600e-01,3.488791633152036331e-01,-2.058542501399071925e-02,-8.255853229793830295e-05,6.708114379024529561e-02,1.664293994414990097e-01,2.173636260905451034e-01,-4.877762520794583223e-02,1.293912598744503539e-01,7.779813146219191622e-02,-3.452705322983470188e-02,1.333749109503706565e-01,1.877070438663820395e-01,-6.252024930305909167e-02,-1.410030514886466413e-01,-1.360003183829803196e-02,3.887360306432224161e-02,1.874385968786888845e-01,6.127052986309640750e-03,7.454071426433092618e-02,-6.078364971190567366e-03,1.034495495577704254e-02,1.356093009262223648e-01,3.212517634748635054e-02,2.342006310820545223e-01,9.265723584254016709e-02,-9.097127571026536810e-03,8.470834373601449085e-02,-1.003585298126988129e-01,8.412988304148819041e-02,5.584108472092595699e-02
6.742308083914987614e-03,2.743970113717550049e-02,3.115405210573105738e-02,2.443460338579932778e-01,1.856341668189354921e-01,1.553946462168509235e-01,1.522149655938289381e-01,2.197870239360631972e-01,2.141892421986759387e-01,1.898729734437100969e-01,1.462861746566930243e-01,2.099983751843156610e-01,2.838548741520592888e-01,1.919490783250814847e-01,5.066961659824361502e-02,-1.454007887378412911e-01,-8.913161382756949747e-02,5.072267462576637159e-02,1.881157265694912567e-02,-1.915854424417201898e-02,-2.293412074389485356e-01,-1.091817606330515722e-01,-1.300402394516982640e-01,-1.676291266952092407e-01,-2.760716946416050255e-01,-2.346734118992943041e-01,-2.735772313069961270e-01,-1.948312232136615862e-01,-3.001593921708911039e-01,-2.666050118865826990e-01,-5.582905513659155994e-02,-3.123152015902334599e-01,-2.819946347454738711e-01,-7.386438088056476725e-02,5.144023411768163141e-03,-2.448035889566791204e-02,-1.287157752519896836e-01,1.050962699057162858e-01,-2.218774364312192660e-01,-1.817124454977215586e-01,-3.956655949279928169e-02,-1.585755762087628640e-01,3.809693926204304332e-02,-1.422289594029483850e-01,-7.835437558484278356e-04,-7.408039992255768813e-02,9.191241865851924181e-03,-3.122813302574729138e-02,6.812040572956771546e-03,-2.306971468351405943e-02,1.301391697722692475e-01,7.251774054236848066e-02,2.344686037940613976e-01,7.881676356081569745e-02,3.501013699573143206e-02,2.247978063588903022e-02,1.581049859109245614e-01,-6.537555653563552338e-02,8.647310737127611446e-02,-7.520199693984155886e-02,2.160089821748460096e-03,1.406125391415080361e-01,1.879012456055119129e-01,5.832477721774632223e-02,1.920661199306122335e-01,-2.522938352508680843e-02,1.350973354690678252e-01,3.225478977066965902e-02,1.629612934265211033e-01,5.425707372052001459e-02,-3.798025711517398484e-02,1.716336898517777654e-01,2.190978407424018781e-01,-9.317224414321087500e-02,1.433472165549127923e-02,8.924839580069833522e-02,1.643191133416108951e-01,-4.568022472086417929e-02,-4.387089479475166434e-03,1.517211523390347705e-01
1.978350114764204359e-01,2.305742858904646364e-01,1.627267374814650724e-01,2.478350964704791048e-01,1.996787496674790885e-01,2.436386250661662090e-01,1.839666806784972242e-01,1.556537625674076220e-01,2.340129689245374067e-01,1.009824269407172820e-01,1.873865173373797655e-01,2.339151004624854813e-01,5.615020186166860827e-02,-2.102799094975904282e-01,6.944683930848592757e-02,2.541422102749386555e-02,-6.581996034088009873e-02,-5.330761803625314738e-02,-8.770624859470951828e-02,-1.690839419044532776e-01,-1.834102543592136814e-01,-1.396968527233861390e-01,-1.785987925878115279e-01,-9.356216195078669029e-02,-1.231415669283925235e-01,-3.188062089891677831e-01,-2.190076088669220544e-01,-1.945136107923170765e-01,-2.585727066068260749e-01,-1.806735134611758553e-01,-1.461393622016643745e-01,-2.550553227750924634e-01,-3.125662417665417414e-01,-2.113410744316825685e-01,-7.741066858651551863e-02,3.300190596381365887e-02,-1.091177530082759195e-01,-2.241607677433544304e-02,7.088535593570652327e-02,-8.260129795232724892e-02,6.837942631630017365e-02,-1.379118882789512890e-01,1.555549085784554419e-01,1.700362553804224451e-03,1.603323381323468466e-01,-7.056060866555187439e-02,9.803284630182253212e-02,-7.218210475537759074e-02,1.502899151036446168e-01,-3.295270588439370985e-02,-1.070203405612019446e-02,9.807263073553894317e-02,4.271875636551667778e-03,2.949835194137945260e-01,6.261249599581540648e-02,1.402863675413380529e-01,9.493771070473316920e-02,-1.040051703960534063e-01,1.376467083049812967e-01,1.660481872103575784e-01,2.056512919186953559e-01,6.789339029627500244e-02,6.411455318150506566e-02,1.849145404388049252e-01,1.136928369869662919e-01,8.509788040954410770e-02,3.989591785834881860e-02,5.724605671619271974e-02,2.162277203895723587e-01,7.890249384264656773e-02,1.047658864337300544e-01,-1.791061919662416402e-02,-1.416125070617502701e-01,-6.867425081726792786e-03,-7.795980218543178963e-02,1.190933242702871542e-01,5.069194812772886277e-02,4.447286008964632803e-02,-6.725642844414427002e-02,1.307463648518242538e-01
2.527578889915319538e-01,2.889270675890994178e-01,2.104308437791912734e-01,1.396474538996410053e-01,2.471250802285435144e-01,1.518193733599529638e-01,2.861034002233602269e-01,2.422788400485059168e-01,2.984117956801513594e-01,2.735401279024912702e-01,-1.057111670359912881e-01,-2.016363635132156773e-01,-3.305753892241637681e-02,-8.083254663097430570e-02,-8.685373534188674249e-02,-9.405500021610586903e-02,-2.394187012753107996e-02,-1.482053836467125407e-01,-8.703754440533155445e-02,-8.127230717535441351e-02,-1.406817658970499763e-01,-2.350405014501044110e-01,-1.694627921838779971e-01,-1.567728172739693837e-01,-2.199486490438289643e-01,-3.000378159361056785e-01,-2.252533189058709140e-01,-2.602573488644194799e-01,-2.702869542339861875e-01,-3.142058135024674015e-01,-1.800764242924365321e-01,-2.356664728896943478e-02,-4.742228788465185224e-02,-7.059635986180265443e-02,-9.006949966305637101e-02,-2.376728790137569089e-02,-8.956477159861116200e-02,-3.183891477502238943e-02,-2.378811025982785210e-01,-1.978810665193428062e-02,5.225038663699857477e-02,-4.775056310860251868e-02,-4.466878833042357833e-02,5.121905872749465960e-02,2.420016973594926388e-02,2.218067499485997240e-01,-2.358756788969329152e-02,9.302086522923366796e-02,1.479457745326694662e-01,-1.053742080455111613e-01,4.591702234291554496e-02,1.417569521339903105e-01,5.292563290973588408e-02,3.542007372363733392e-02,6.883326811230071340e-02,1.231640468622253876e-01,2.087747822192225489e-01,5.452650287310457228e-02,2.165730354830395221e-01,1.929699660623685753e-01,2.428856581026735684e-01,1.181348367592309212e-01,1.038660018494003134e-02,2.294414758343558680e-01,2.532637039771908904e-01,-7.179150376778332954e-02,1.184658583754856914e-01,1.542239323581232335e-01,5.329858034070501099e-02,1.864343452472548915e-02,1.065475459209786896e-01,7.030096759116384597e-02,-7.924835780299900601e-02,3.693124367945990055e-02,1.428950226776278254e-01,-1.015622940456410994e-01,8.676399664732836747e-02,1.896748448114309871e-01,5.871216507454275757e-02,6.177405940283802604e-02
2.579321268950692247e-01,2.208176581705242614e-01,8.198138990647192703e-02,1.729956562584079316e-01,1.092186045551873236e-01,1.954923180576783881e-01,1.069705155819881681e-01,-7.521053213454570452e-02,-1.338192156551702428e-01,-2.690768499034369432e-01,-1.539297712337000246e-01,-1.279100356996161481e-01,-1.503255082607508619e-01,-1.299701811346471447e-01,-1.877137125045038601e-01,-1.912636088361983899e-01,-1.258226710469545484e-01,-1.741678636057488738e-01,-2.166666878725861944e-01,-1.661620853332329284e-01,-1.768522993307752311e-01,-1.793229250724878154e-01,-1.547332398633621819e-01,-2.621746462757259533e-01,-1.904478407992655775e-01,-2.629662483347076085e-01,-7.728559779481460057e-02,-2.161743873450242270e-01,-8.887200418567690885e-02,-3.354869395619435868e-01,-2.242257088042972357e-01,-1.387452422747886549e-01,-1.529273353295465265e-01,4.055222152037053079e-02,-3.097878962488485183e-02,-2.859584467598034595e-03,-2.024233267711219308e-01,-2.263227729155391568e-02,-4.795916580042028365e-02,-4.074859750649009738e-02,1.002436403500996803e-01,-1.075953366477138962e-01,3.192585265316635196e-02,-1.682759434852153513e-01,-4.959566708684034347e-02,1.602371054074616941e-01,2.473163298660807918e-01,9.532104233829910567e-02,1.673481137745575498e-01,2.578553250313215042e-02,5.172902180738439548e-02,1.204120356668959835e-01,6.263298983190915270e-02,2.125609603321616248e-01,1.396071806768866275e-01,1.491597415197786491e-01,5.511525922698737312e-02,6.978773498117442353e-02,1.208130202882227444e-01,1.242678679244955120e-01,1.262791649581337383e-01,4.168067332149318766e-02,1.634408029994196820e-01,1.832695415704903019e-01,1.039431280650208456e-01,-5.986172189040009362e-02,2.570660889567838100e-02,1.581075413511489058e-01,1.178904068735398686e-01,2.101265260522181266e-01,1.895836397050149058e-01,2.835837730821528374e-02,-1.228376523374514612e-01,1.908271528200481681e-01,3.183488494034882044e-02,1.243506685588437605e-01,4.732128060207829723e-02,1.458909727477301910e-01,2.349796883693955063e-01,1.945557478882675995e-01
2.040600754207496648e-01,1.603984546811613454e-01,1.778429096248313468e-01,-5.770144618639768547e-02,2.249763253072316685e-02,-1.729500587655964372e-01,-1.948406761628854456e-01,-2.233425426398701064e-01,-1.512649743017876469e-01,-2.297576520806837441e-01,-1.110615677794300760e-01,-1.121658315470372008e-01,-2.181599638636106120e-01,-1.252576652022573400e-01,-2.171952171015724686e-01,-2.177067523743027588e-01,-1.918766112259611967e-01,-1.740031649443176676e-01,-2.091253142242300023e-01,-1.139275141494459492e-01,-1.890702527804050403e-01,-2.487788944328396812e-01,-2.569740326248449724e-01,-3.538499883817548541e-01,-1.798832407990121063e-01,-3.376288640023882293e-01,-1.853877278053400190e-01,-1.156703062631191797e-01,-2.385927931392109735e-01,-5.733188815704732405e-02,-1.930372981354821216e-01,-2.920685776917619214e-01,-1.516239688016765563e-01,1.618530360494836728e-02,-1.157128373525212056e-01,-6.897162209456604576e-02,-8.073029491138254687e-02,-1.158393889233167440e-01,-6.673488496437667006e-02,9.456421643871686100e-02,6.835662828405285329e-02,2.083646985511927729e-02,1.238759419545337921e-02,-2.796913331392630875e-02,1.263347917710700707e-01,8.294631672382045406e-02,1.482119986419823572e-02,1.656398641257205429e-01,1.246013564249901229e-01,1.555975813238432981e-01,1.945670787362576426e-01,1.732154390909749209e-01,2.083026230590922234e-01,6.133794142953723216e-02,1.460271028637202817e-01,1.271083515609795211e-01,1.139492719450836133e-01,5.586077577869296741e-03,1.111773551166457680e-01,4.759662130215886605e-02,2.082625011132104853e-01,2.409018469645800298e-01,1.497482067694806684e-01,2.174734398573232863e-01,1.451289614841253239e-01,1.940174768715112810e-02,3.414265001853110104e-01,8.888394651627846976e-02,1.921771336779441175e-01,8.086037679987032045e-02,2.164303175261571566e-01,1.442226042904497241e-01,-4.748968596163705320e-03,8.066148298411027207e-02,3.025293703032668757e-01,3.354958816394754129e-01,6.973189430680128142e-02,3.965705909459305012e-02,-1.738499448115478005e-02,1.770434605069673983e-01
-2.604142839746363958e-01,-2.480645103571327559e-01,-1.630228990095973773e-01,-1.640169399435394137e-01,-2.397360399091305050e-01,-2.762440249433358308e-01,-1.935410669878621925e-01,-1.434028949663478103e-01,-1.929536091126274333e-01,-2.282285116358256927e-01,-2.348397469426854178e-01,-2.142062830399649731e-01,-2.724059135048339519e-01,-2.161644138672783322e-01,-1.181227210436673752e-01,-1.228872240786176712e-01,-1.675305807298439476e-01,-1.867177050441535258e-01,-1.391450239982505721e-01,-1.965880588529163864e-01,-3.344689459906145523e-01,-1.749643839769410569e-01,-2.290087607855685325e-01,-3.587689842373140148e-01,-3.694350903490655202e-01,-2.771549070062884201e-01,-2.308574596062947237e-01,-9.216934267223078625e-02,-2.484156141707190291e-01,-2.962526084236383195e-02,-1.379545719565877238e-01,-8.571738897705288851e-02,-1.706943583275796761e-01,-2.158309456789617164e-01,-7.125250453212371438e-02,-1.368753363846944293e-01,-5.358689164667080479e-02,-1.207342563578415739e-01,-3.703630670583914208e-02,4.987987770775163462e-03,-6.445408013218283105e-02,1.144566003700740880e-01,1.587484804702549435e-01,9.366430034270535609e-02,9.305026070079749911e-02,5.987349744663116036e-02,1.628560428092026002e-01,-1.204881250994142977e-01,2.981841451211790783e-01,1.152044694253792634e-01,1.356683215734736103e-01,7.225185503182623981e-02,1.832635745599296428e-01,2.329357738260266208e-01,1.138758136546938748e-01,5.839011153255314890e-02,1.995932264149997970e-01,1.656119361247051780e-01,6.855028990189690474e-02,2.732161310202348425e-01,1.423960597708883169e-01,2.234271860346674285e-02,2.610976939076972148e-01,2.764576436557290018e-01,2.252756410800235976e-01,4.490907849808880442e-02,1.296318959248225211e-01,1.848563513130639102e-01,4.444440926193246599e-01,9.127052271613124435e-02,6.251651478989486699e-02,1.962819040101792256e-01,2.039764680842907352e-01,1.170137498769067003e-01,1.207296103415217842e-01,1.605303446834739634e-01,2.433483490337641220e-01,7.634748884335113006e-02,6.846623089879827484e-02,9.785976434531454271e-02
-2.618983769705918729e-01,-3.196267972185615758e-01,-3.953912375246054767e-01,-2.981269168763781563e-01,-2.993090312507033501e-01,-3.061183109036279548e-01,-1.698518071539911745e-01,-2.753880659780731377e-01,-2.733325808326603767e-01,-2.454451538067474181e-01,-2.264322872988536739e-01,-1.936541922443451857e-01,-2.430767339131350013e-01,-2.314280829933100525e-01,-2.247551039604232803e-01,-1.843356632613006585e-01,-1.384902171725783115e-01,-1.979732535207686384e-01,-3.560980630728720064e-01,-3.364350739434263660e-01,-1.454098257539598038e-01,-2.577984142095209874e-01,-1.734626513788228019e-01,-8.467584253479154555e-02,-2.374889236086104027e-01,-7.645806523799994481e-02,-2.778621897087779624e-01,-1.760524995342906129e-01,-1.052942900920700170e-01,-1.206457021208039854e-01,-7.317879932573274904e-02,-8.809473377705141772e-02,-4.085389524847761467e-02,3.094022076239244523e-02,-6.826876052280482499e-02,-1.825243469605735414e-01,-1.397134510163092480e-01,-1.201200223953531460e-01,-4.720007897463791846e-02,1.475250110027846728e-01,-1.163761303391077223e-01,-1.198386791711623101e-01,3.790278934721345860e-02,1.140482251690037308e-01,1.573073063398160859e-02,-1.392536385556723266e-01,1.674686705661642683e-01,1.597254617076592983e-02,1.953132134037272039e-01,7.561849659660542511e-02,2.106084177032908622e-01,1.513246394268641659e-01,1.609890484819129775e-01,-1.733565855409804207e-02,2.818185601416413680e-02,1.679993840879105693e-01,1.781584208324273055e-01,1.447279742430187810e-01,1.946697673339776169e-01,2.373168581979501757e-01,9.685043440847741769e-02,1.225163873416656307e-01,1.370591109521429041e-01,1.803206347373316476e-01,1.120615437108982704e-01,1.997167623671986525e-01,7.433312905769814960e-02,1.897833339793194851e-01,2.076662721789261090e-01,5.217177030600222282e-02,2.422065082051458318e-01,2.609690072624407664e-01,3.781018932578440045e-02,1.895356327439284005e-01,1.619725883975765557e-01,1.881185084310884048e-01,1.976551988749393196e-01,1.779923752442339191e-01,1.993072312923294398e-01,1.434590370283233274e-01
-2.009877701059139266e-01,-2.658098922863449953e-01,-2.782915994973942375e-01,-2.995857741171673583e-01,-2.384037765500622297e-01,-2.247325725187026835e-01,-2.261246300728332603e-01,-2.256346051045872436e-01,-1.626656926965459327e-01,-1.528936007098975203e-01,-1.091364694139311392e-01,-2.628035918375243307e-01,-2.180275035158105446e-01,-2.731063013953020091e-01,-3.506306084117360444e-01,-1.799617710170650919e-01,-3.044465698200039538e-01,-2.287196106373974025e-01,-1.981443984323733032e-01,-2.654730019425562970e-01,-1.890029931697287391e-01,-1.431303520146155195e-01,-1.588619115848920460e-01,-2.343864095791960422e-01,-2.391048787288382604e-01,-1.815711619811239685e-01,-3.814339584450091025e-02,-6.661050661466240419e-02,-2.035462032617640915e-01,-2.507766922640698448e-01,-4.725098557165754130e-03,-1.165983090018982704e-01,-1.097443765229492857e-01,-2.104949639735869682e-01,-8.591759468679445455e-02,-1.231577361777758672e-01,-8.022438573506088244e-02,-8.019793885817044776e-02,-8.349441045710663534e-03,1.552336291357591658e-01,-1.060424680996055295e-02,2.449317220431385389e-01,2.794859713547191357e-02,1.031120979973318558e-01,2.383785162839071881e-01,1.307142604205349390e-01,2.659548521170746957e-02,3.281466680407092718e-02,1.394885122854545578e-01,1.818300043684337730e-01,2.308723409808694782e-01,1.268689478485227340e-01,3.250040429474768122e-02,5.110774781877325951e-02,2.294574643303512462e-01,2.201568961687302151e-01,2.953298757156541110e-01,1.244290571231226744e-01,2.520827903427652616e-01,1.385300174973812526e-01,3.679256476832413331e-02,2.406214515857767189e-01,1.951204870750850306e-01,1.094387707503263613e-01,3.477442770162378904e-01,2.126419336569330965e-02,2.530174102192626617e-01,2.797620774941856903e-01,2.005355043799433301e-01,1.446234092774383306e-01,2.984105921809817041e-01,7.836048873168301176e-02,5.681625653232589418e-02,1.151805697799061778e-01,1.176166533114892526e-01,2.636886492296998674e-01,7.227249645650389576e-02,2.059602683658135480e-01,1.907170915613155271e-01,1.142404020887105298e-01
-2.011153426986524717e-01,-1.609528640789386622e-01,-1.881178905956760461e-01,-9.073086414810054012e-02,-2.024236309120599209e-01,-3.350409676871853315e-01,-2.907625769823787842e-01,-2.752719422565371721e-01,-2.241676040603443332e-01,-2.621383290832735580e-01,-1.730524021149144331e-01,-2.768037753659750577e-01,-1.691285106674511873e-01,-1.187592611374994195e-01,-1.346671602791399691e-01,-2.098948115516537649e-01,-2.185110045865307771e-01,-2.665058802691459006e-01,-1.158417723812339983e-01,-2.158471975894293848e-01,-2.356944243383257143e-01,-6.666018786922243630e-03,-1.396486459071968611e-01,-8.838453182445286938e-02,-2.704284195244888167e-01,-9.812458080798078242e-02,-5.594075605035700449e-02,-1.197337987711621227e-01,-1.763298510741450331e-01,-2.216654484794182978e-01,-1.469254855533162762e-01,-7.004345339157720673e-02,-1.145174065189380613e-01,-1.756954882871783752e-01,4.825370774431906457e-02,8.646862279409403551e-02,3.065035567297827793e-02,-6.610382962168773191e-02,5.618808566979558577e-02,-4.943028661548141967e-02,-2.545015894185558361e-02,3.250484862251848406e-02,2.745129039788634512e-02,-1.418879463934817099e-02,1.018378731012731658e-01,-2.509271476443201716e-03,2.034715599593650837e-01,1.557562592051628392e-01,7.461480253724231404e-02,1.732289304799494445e-01,2.552087894460293438e-02,-2.531348969548590996e-02,5.288849094200616385e-02,1.562745484864614676e-01,1.669357697255801631e-01,1.030447822584578538e-01,1.720262049774422264e-01,3.785615338335786284e-02,8.552893983070329609e-02,2.576879910871918700e-01,1.217552073172767368e-01,1.906859142391131579e-01,2.027318617879729501e-01,1.600688522115478185e-01,2.509909664659825679e-01,1.297492955308225115e-01,1.548857576199831054e-01,2.984250401462353736e-02,2.037346645522418731e-01,1.220137112648944783e-01,1.585105571032913718e-01,1.846961507880214015e-01,1.853549803331271673e-01,1.840130392990575459e-01,1.597520209958289972e-01,1.447133634731537499e-01,-9.157489575625699443e-03,1.515976312694348738e-01,2.064767417043370801e-01,2.331908874707216139e-01
-4.406834875497606802e-02,-6.433592067095254829e-02,-1.103186366931682566e-01,-5.144743403993746328e-02,-8.033957206764603953e-02,-2.653126162028988655e-01,-2.025044936540902063e-01,-3.115799711203657840e-01,-2.689531548211029355e-01,-4.247521435005928714e-01,-3.530395034660410158e-01,-2.048980286630605330e-01,-1.390263696445389330e-01,-2.043369016478845945e-01,-1.642602625217253476e-01,-3.216987495813726783e-01,-4.273070196911973317e-01,-2.954809061573675510e-01,-2.043381738450498197e-01,-1.851118312615635531e-01,-9.839220614149911392e-02,-3.390105976167161472e-01,-2.366665171484408914e-01,-1.339094567914942691e-01,-1.561513749366283225e-02,-1.753890489515317619e-01,-1.760184961164248663e-01,-2.777339221481356923e-01,-1.471787929787430615e-01,-7.420804405090366228e-03,-2.001578111716090236e-01,-1.779116712184915794e-01,-3.038224986571947950e-01,-1.081326757841980096e-01,-9.653942697679571139e-02,-1.321065377844800326e-01,-7.594657156096359940e-02,-3.118824840044944202e-01,-1.652539459147521830e-02,1.219975015547139219e-01,6.907683226303801272e-02,1.793331168448267510e-01,1.736380074792758799e-01,1.983382144090806848e-02,1.841930069401804052e-02,9.861968962065556510e-02,1.115246563614469000e-01,2.367048390114659950e-01,-1.792084974055212568e-02,1.288466508516233344e-01,-1.247368060835344766e-01,1.177674915263003663e-01,6.019954432190943727e-02,1.389074739412830828e-01,9.238715277553900818e-02,-1.616557642807940273e-02,1.936599536195499627e-01,3.533190293763798784e-01,1.746842356661334472e-01,1.308901829063150724e-01,1.858810701414260191e-01,2.623689043722684522e-01,1.824457590756257130e-01,6.798553822423650250e-02,-2.364916531625601767e-02,1.890275292249367078e-01,1.454034168473876953e-01,2.256146580017671099e-01,2.547559892181259222e-01,1.998968837444688729e-01,2.743880314714265967e-01,1.334544564735533345e-01,1.629085852526798439e-01,1.662554040223414298e-01,2.307598248393755991e-01,2.330834195767294559e-01,3.941270965457753517e-02,1.409468587011090124e-01,2.594437356463220601e-01,1.750103055152841536e-01
2.759660434028639569e-03,-8.822761824370823486e-03,6.896115272305423927e-02,-5.679536380846509497e-03,3.722588454852933382e-02,-1.908346835249802032e-01,-8.402962198472321842e-02,-1.874701710300838431e-01,-2.609121351939268640e-01,-2.384030048039407768e-01,-2.983886048669320279e-01,-2.378011180073469621e-01,-2.658583333491402190e-01,-2.846443908969335523e-01,-2.174787929620330684e-01,-1.693202126444003919e-01,-2.269086021494005068e-01,-3.214241960855580005e-01,-1.996438637979333353e-01,-1.897288371411360031e-01,-1.945122798825263954e-01,-2.130565681705947900e-01,-3.839517317516736861e-01,-2.464894403403896928e-01,-1.290922375244570319e-01,-6.138139107104369219e-02,-1.164254437251406593e-01,-7.683610493217697679e-02,-1.931130675892153981e-01,-2.228448378907064986e-01,-1.246500864737262876e-01,-2.376697729820356486e-01,-2.897293646715093929e-01,-1.343170099116118565e-01,-7.932063303508098129e-02,-1.229451029730232597e-01,-5.697779543726619322e-02,-6.096887385562241995e-02,-1.192263323822245202e-01,-8.955274719517401782e-02,-7.044360656749175387e-02,1.096713713038579702e-01,7.493771371934178534e-03,-3.877709095200482931e-02,-2.067020172834801717e-01,1.023275446286755763e-01,1.660805754317876970e-01,8.234380806353940041e-02,2.792510034808539168e-02,-3.351357341018557784e-02,1.006528879025822831e-01,-1.837976538553221795e-01,-3.928464531825426320e-02,-5.681866024059943621e-02,1.006732117018241113e-01,7.846033390957100895e-02,1.934564643238543269e-01,3.569358018746413008e-01,1.235264229063253033e-01,1.679521403316888359e-02,1.426544342750523109e-01,5.029730275188179500e-02,8.987764887501081823e-02,2.648196863109087418e-01,1.886536145838911827e-01,2.291546003516601038e-01,7.184278066437822796e-02,1.515759111348463917e-01,2.571374068966079673e-01,7.762442991149355598e-02,1.150260889179469254e-01,3.716437988646141832e-01,2.779931960334058316e-01,1.013226604358583027e-01,9.479391289600647141e-02,1.115308012633148826e-01,2.400203413102693362e-01,-4.578847949630285297e-02,1.470921266658178628e-01,1.105127162268630808e-01
8.606608111142603768e-02,5.546663705106460313e-02,7.214129967372864827e-02,-8.281111557927806066e-02,1.096137221900931984e-02,4.038718947970333650e-02,-3.694476964818461939e-02,2.643490507139392362e-02,-1.867972102422393033e-01,-1.470641384334306079e-01,-5.900947668468654590e-05,-8.169632957047311128e-02,-1.320586876037576352e-01,-6.417478052757358276e-02,-1.941707653198898320e-01,-1.723135113055278833e-01,-5.536763212605262663e-02,-8.281897437486260283e-02,-3.996537409375369720e-02,-1.667618287450128023e-01,-1.144715104736562794e-01,-2.928314792784733611e-01,-1.599157285566935316e-01,-1.963836577175097631e-01,-1.959934516609737332e-01,-1.313895163345436545e-01,-1.034737131077036049e-01,-2.654656562256289473e-02,-1.843906367923125178e-01,-2.316755892390788274e-01,-8.917427339167034728e-02,-1.156557334938612264e-01,-3.055191956270327663e-02,8.583815157775470661e-02,-2.006935934477077077e-01,-1.156062638346253002e-01,-1.099223036866245756e-01,-9.795834335722236608e-02,-8.369860926518941230e-03,-7.502073194903045861e-02,1.108359528980839698e-01,-1.330414993186747608e-01,-1.421182979395581858e-01,3.617648287059290618e-02,2.023614197693323485e-02,2.284364300265657455e-01,-3.412927021379337511e-02,6.524727745180954053e-02,-8.211803105472920139e-02,-5.594995098907564607e-02,-2.986805625538163991e-02,-1.398288328100571465e-01,7.406400730725211379e-02,-6.694598791304542940e-02,-4.014047079365211379e-02,1.221332073121124545e-01,9.697254781931885503e-02,1.296788425487728214e-01,1.889009307308859298e-01,-2.187619932144589940e-01,1.513860585060287922e-01,1.655649410910347563e-01,3.308489302335812510e-01,1.736258026140143074e-01,7.096554238476912579e-02,1.592794556802260286e-01,1.964356131494047475e-01,2.308050944619953748e-01,2.440895369014073335e-02,1.835926230772722823e-01,2.162657445041724913e-01,1.062395992831491193e-01,2.069070619323710170e-01,3.572060138071682656e-01,7.855089646698425188e-02,1.859648451544121672e-01,1.818470502547662737e-01,1.393991203779225974e-01,2.834492481143791043e-01,1.785887863846704060e-01
2.961599133376286441e-01,1.016214958443874272e-01,2.081955057649543528e-01,1.444434692047281976e-01,7.953859273017524489e-02,4.566855343577647802e-02,1.083856727956756943e-01,-3.503112123608760620e-02,-1.732580172536196672e-01,-5.315610257677615136e-02,-2.043875662310232211e-01,-1.261805810697954056e-01,-3.600747226824949770e-02,-2.368957400918522138e-01,-1.506134240089647691e-01,-2.184056027121677179e-01,-2.292203947861169433e-01,-6.162448501544972451e-02,-2.442314170260877562e-02,-1.603354027985692543e-01,-9.239945744610812695e-02,-1.353198861619873683e-01,-2.246859856552069767e-01,-1.743067341364228084e-01,-5.399925891560434371e-02,-1.367326192851628930e-01,-2.690844532344321971e-01,-1.100097747363558837e-01,1.896150286582155148e-02,-8.668010130782334566e-02,-4.155470811741798082e-02,-2.119556259362831083e-02,-2.520130394149042719e-01,-1.774369262861733576e-01,-1.874584848016112859e-01,3.676659534088073250e-02,-1.416499055482999814e-01,6.505581220891652749e-02,-2.305556383131191767e-01,4.420305950328496519e-02,1.270755882739924535e-02,-2.386488572465160496e-02,-1.664539822240485370e-02,-4.323099807186003146e-02,1.011417811189806032e-01,3.347081919676990480e-02,-2.761793953802914054e-03,-7.110665049694621376e-02,2.115380186730463768e-02,-8.947720098998750149e-02,-3.712507714986115759e-02,-2.033437066618764832e-01,-9.764143566106713024e-02,-8.018814191935032254e-02,-1.837002267907055994e-02,1.149469724281001332e-01,1.287870834970615275e-01,6.045223289852390963e-02,2.218157670819262406e-01,3.389092916243819503e-02,5.658824739129984099e-02,3.798465359345332831e-02,6.576359549839391749e-02,3.125278223776472575e-01,1.638850392906699704e-01,2.608901851193893839e-01,1.365783709295856907e-01,9.350606368916212705e-03,2.079438272919854058e-01,3.066545829936130896e-01,1.414126381923903331e-01,2.238473730174444232e-01,2.502896334434030479e-01,9.879222169917323271e-02,2.174703523673991445e-01,2.472088080154739853e-01,3.163642415473248426e-01,-5.816451484766981678e-02,2.534181143412690684e-02,-2.860390627311724596e-02
3.733922439224765522e-01,2.655243993363428090e-01,1.723440536148772573e-01,2.263282444802722504e-01,5.683292724955910091e-02,5.554952085884214130e-02,9.017951888612354971e-02,-1.063318428082810213e-01,6.529239801235811602e-02,-1.505647612709187233e-01,2.746108883116818999e-01,8.968429632066575452e-02,-4.443915935608473700e-02,-8.279847734048093044e-02,-7.596815067780605946e-02,-2.569252195703295993e-01,-8.432719224411623637e-02,-1.326044996141962362e-01,-1.199235284394126189e-01,-3.373975184996626242e-02,-6.339182658104156043e-02,-1.898411324253246601e-01,-1.406335055970993862e-02,-8.512682977946330054e-02,-1.406562528664935252e-01,-7.948952689406701966e-02,-1.671355682632461731e-02,-1.376535940998563079e-01,-1.427637291553787990e-01,-1.010636890588574588e-01,-1.574006906230317540e-02,5.328557093225974595e-02,-1.232379524086292706e-02,-2.049169406427159557e-01,-1.441612504932523464e-01,-9.387551757690325294e-02,-4.794073409392508867e-02,-1.230039083170458292e-01,-4.577124376266197142e-03,-1.803757280822642917e-01,2.627507260651997661e-02,7.466842332558994155e-02,-9.364757455544123199e-02,-1.045940935797263910e-01,-6.132694818159890177e-02,3.420857232605023501e-02,8.886742066894674774e-02,-1.013515735774126320e-01,-1.188395519728070726e-01,-1.374457777525509572e-01,-2.680670775005757067e-02,-2.295645056574923404e-01,-2.119091557843700568e-01,-1.294671327825489271e-01,-1.352048696324770483e-01,2.738259166788171994e-02,-2.195091448648961996e-01,7.277947766446368934e-03,4.666052646987602776e-02,2.568190245859922755e-02,5.255182205346061071e-03,2.193344725197600154e-01,1.101538747933328427e-01,3.033829101083973523e-01,2.519563396969884406e-01,2.234369022036328256e-01,2.825420721219181197e-01,2.073660179607736687e-01,1.824831100453897792e-01,2.565763142336333624e-01,2.325045452829447301e-01,1.187460973919870072e-01,1.330348068721538546e-01,2.895216359000846729e-01,1.816585436009808541e-01,8.482022023491779528e-02,2.353613477335546045e-01,2.570068262114490465e-01,-1.139489530894546715e-01,3.547482232313843298e-01
2.893446642463669560e-01,1.758850786538922739e-01,3.028383390371054973e-01,9.431687824810877641e-02,2.221531196658397544e-01,3.865278527357887683e-02,1.897489842212497502e-01,1.559587113891664489e-01,5.376816512712275821e-03,1.545126602921583214e-01,9.254302916959114556e-02,1.211390048295793963e-02,6.299390902946068460e-02,-3.221134251953412797e-02,7.270597818920658019e-03,-1.284360625765218478e-01,1.760834631283548363e-02,-1.517299909128652646e-01,1.106559579654832134e-02,4.044775591236440121e-02,-1.381111946292793435e-01,-1.521726795127417431e-01,-1.666678462584138543e-01,-1.496360786686581068e-01,-1.535227923829581287e-01,-3.315422312098108282e-02,-3.717789541255119012e-02,-9.993612487745608119e-02,-3.711340571348505785e-02,-1.839136102146083848e-02,-5.120487146871299528e-05,-1.259767227794264532e-01,2.516401323589829639e-02,-1.475759636184689055e-02,-6.833821252788974121e-02,-1.859586194005680704e-01,-1.429764358978934113e-01,8.558224434585447182e-02,5.370994267532794991e-03,-1.083520652542578760e-01,-5.158581012180781661e-02,1.412259992111695728e-01,6.392501940688258494e-04,-1.278135352048064555e-01,-1.231257371069353380e-02,-4.972884316475247729e-02,-6.613277866289480125e-03,-4.148529245711840008e-01,-2.609013871992136857e-01,-7.789835016556646841e-02,1.393942136812471866e-01,7.299338245915037993e-02,-1.339672794481337748e-01,-2.221379992103933165e-01,-1.339526849669030739e-01,-2.380107712569976830e-01,-2.173600512208521962e-01,-1.699719420589367869e-01,-6.349145151346770322e-02,-3.063419448237426623e-01,-6.388172699221648931e-02,-1.202919241268464445e-01,-3.638611526958690501e-02,8.450194448873439568e-02,4.982255698921441572e-02,-2.499146159006939219e-02,1.621586893958106013e-01,2.482855630853323947e-01,1.108126712685544579e-01,1.201876473442242826e-01,9.875939901636228424e-02,1.548752625282149298e-01,3.429739268114351813e-01,3.748009732208494316e-01,5.099793684887880124e-02,1.009984492231257719e-01,1.969714804164195698e-01,3.747296445302235601e-01,5.608333984058531951e-02,-3.589844604531775701e-02
5.371843650207978049e-01,3.775487496146978095e-01,1.902008989703971309e-01,2.628300207960300727e-01,2.595560578024219689e-01,2.017713347333184581e-01,1.744005748187928972e-01,1.720652469544419749e-01,1.429944622309762825e-01,4.527955223412372110e-03,3.633110561224902474e-02,1.778102627682773620e-02,1.606241148938964969e-01,5.397374096003539762e-02,9.486882268335836144e-02,-6.688410487712204144e-02,2.417042542697215440e-02,-1.252488156218659332e-01,-3.949930288097203840e-02,1.903808731990498312e-02,-2.012687568183194609e-01,-1.421419000215027040e-01,6.096426500949290138e-03,-7.078892426723819298e-02,-9.356008530233947407e-02,-1.944241283993391675e-02,-6.010985458468157822e-02,1.012721507307434987e-01,-1.187494019404327084e-01,-1.701604519403393523e-01,-1.511152892467631029e-02,-4.235088282018160261e-03,-1.731785399778876522e-01,-2.127657201963322475e-01,-1.237742843115436364e-01,-8.317932466371572020e-02,1.167484966804797353e-01,-3.506757008116610091e-02,8.175169806561752295e-02,-7.959054756520710094e-02,1.093156140803516058e-01,3.616874500569436379e-02,-1.671889039115216358e-01,-1.962447499103025239e-01,-1.060205112027919200e-01,4.526228628668756832e-02,-1.795523467275232377e-01,-2.965165790590904016e-01,-1.286482147984500668e-01,-6.119865406852485062e-02,-1.974574560286329605e-01,-2.217930839310535696e-01,3.213609973434224110e-02,-3.088745307395240891e-01,-1.855310774606189483e-01,-1.221362935087772633e-01,-2.229450490980232624e-01,-1.964087410898854025e-01,-1.141596167765064618e-01,-1.198209999321141056e-01,6.987923465212279861e-02,-5.613087504333021116e-02,8.534634139783685292e-02,2.130452015459366188e-01,-8.527859180840441367e-02,2.790289440301448320e-01,-6.340378701132164119e-02,7.450689251523370804e-02,2.248466886744191207e-01,4.833262387867275772e-02,1.261697464259985968e-01,1.012481689861959161e-01,1.034580931752764749e-01,4.911776120246358519e-03,2.173593157952738719e-01,2.266709386946885452e-01,3.624231821686001997e-01,2.902324094003318478e-01,3.106685708685891223e-01,1.471102220369182034e-01
1.426291041684395466e-01,5.019142208261170163e-02,3.588408161975324417e-01,1.842731966376902619e-01,5.138834021465835816e-02,2.167018406578100354e-01,2.771002738724618331e-01,1.646003242697560431e-01,1.816706338532975695e-01,1.218749631642565556e-02,2.739899981346976543e-01,2.362597827697959785e-01,4.991960340498591969e-02,-1.985647024491507193e-02,5.177427511279543426e-02,2.123220739294118531e-01,-8.171561606821513279e-02,2.491896602497737853e-02,2.577706406528124106e-02,-2.313566068276410730e-05,-6.696457130869992724e-02,8.530616489083041321e-02,3.173179364211835968e-02,-6.769127202058774009e-03,-2.348062816122921132e-03,1.091924754589625318e-01,1.390369959947329592e-01,1.479177703493283948e-03,-6.565964655032364983e-02,-6.120155815395949411e-02,3.622001115552008627e-02,-7.311423424391584602e-02,-1.308523812497177918e-01,-1.666149678525300631e-02,-3.223716743538900670e-02,9.836501702364545963e-03,1.307094713594446067e-01,1.104093268576211359e-02,-4.961625496804142853e-03,-6.312470089252533723e-02,-1.892634513121124046e-02,-1.172654795784814630e-01,-1.180696214481734285e-01,-8.191730528334853489e-02,-3.096854634355894129e-02,-1.584984419960180635e-01,-1.894946020818034094e-01,-1.992914361087704533e-01,-2.891636822896366255e-01,-1.634787102788272384e-01,-1.934832006117668257e-01,-2.642124552281128191e-01,-1.133056490697841867e-01,-2.670170287276342758e-01,-3.121161036066836258e-01,-2.147383718734028890e-01,-7.767110883687462775e-02,-2.861141747237969449e-02,-9.082992497982231295e-02,-9.317750455160229983e-02,-1.075128879028886542e-01,-1.207061072606170765e-01,5.049863099181808868e-02,2.694617438979180976e-02,1.249400400723184312e-01,1.741150946758165119e-01,2.549638927400281752e-01,1.895848123308735977e-01,3.767861576636326038e-01,1.166560898026099274e-01,3.570425900459658908e-01,-6.544713502384406391e-03,9.263108190245827878e-02,7.462935153037543456e-02,1.946209598759514880e-01,1.615901741322314789e-01,1.166965110543860583e-03,2.152966630164613593e-01,2.641582517360335780e-01,2.139519441226695462e-01
3.379067561769535932e-01,3.011831368018545452e-01,1.078894254983903470e-02,4.863175044461440222e-01,2.302510708418404606e-01,3.330888948256736648e-01,3.529309981440127975e-01,1.549730047349542894e-01,2.852784415263373563e-01,5.258544390973653865e-02,1.508301184159910602e-01,1.766105134675617291e-02,1.437245548111330540e-01,1.463825939671411190e-03,9.246357907877951476e-02,1.755463923230410894e-01,-3.966129777276140161e-02,1.093706419156193349e-01,2.227931467396401799e-01,4.519777918787187126e-02,1.179861746425609065e-01,1.384671199658709939e-01,4.654817074958962630e-02,6.034130863633967168e-02,-4.477056482531084625e-02,2.090625989957625996e-01,1.637098207831615970e-01,-2.319487730917692003e-01,-9.160084219700865768e-03,1.034374141063113262e-01,8.098213614410397498e-02,8.124249504876911165e-02,4.472526535555276100e-02,-1.001370480286248726e-01,9.677748142414023536e-02,2.257554397775607315e-03,-9.558229570261696922e-03,-4.829908553783601385e-03,1.117555639041479740e-02,7.834344196429814111e-02,-5.421670697539450468e-02,-1.059064541271064475e-01,-1.097510188738792664e-01,-1.412553487451794765e-01,-1.639229054887459680e-01,1.001127277801096976e-02,-1.240125494953267377e-01,-1.890721816677140843e-01,-3.539292529449845071e-01,-2.053130969280047013e-01,-2.523557821865565765e-01,-2.259923838452743694e-01,-5.761016199410813610e-02,-1.874457350627409535e-01,-5.435700542367796068e-02,-1.849325160280315683e-01,-1.261936708839603849e-01,-2.240751949640694962e-01,-6.941573932228452259e-02,2.349210731458353102e-02,-1.584089168692533744e-01,1.116669619195603674e-01,7.746189305994780061e-02,-2.464809202250260733e-02,1.877438830567973171e-01,1.117837784458814987e-01,2.265615479856329939e-01,2.374749596741642654e-01,1.323910882646066323e-01,9.641444591084552540e-02,2.300106839355517685e-01,-1.151588175908685868e-01,2.395188209444316929e-01,1.778317794825812759e-01,1.705073660532878121e-01,2.691171863541320097e-01,3.011082073204204845e-01,3.018603487206148461e-01,1.389878348874037106e-01,1.887034557766135157e-01
2.575789165773653133e-01,2.960482383709616694e-01,2.195729848461680789e-01,8.438785320618066854e-02,2.496901467443865819e-01,1.976263454030231792e-01,5.492156485683513667e-01,1.900514198541584376e-01,4.828766577794988968e-01,3.672988090113592924e-02,1.818779860293811834e-01,1.427984651342434075e-01,1.572092672660599377e-01,-9.392646861745987397e-02,1.590690319252459906e-01,1.597034315934834914e-01,3.205210660272685974e-01,4.004285869370213108e-02,1.828492847948238742e-01,2.071840053596790132e-01,3.210297114864893442e-02,-3.654612538673927304e-03,1.802172280267154078e-02,1.042954823884864879e-01,1.512020468197395051e-01,8.561632366618025444e-03,1.205774545484898375e-01,3.348543470918934062e-02,1.884055106934304225e-01,2.330545039369910296e-02,1.875319569874615566e-01,1.714770111054524926e-01,-8.288891362725721301e-02,-1.347692325053864715e-01,-7.792950644340396193e-02,3.708836313880541774e-02,-2.158069985085061746e-02,1.968124806346763789e-01,1.501532193145372063e-01,-1.066750885174622687e-01,-8.004115153794338910e-02,-7.494359420586169107e-02,-4.789052702148693594e-03,-3.914387572831769524e-01,-1.421686863671516032e-01,-3.704443035382322669e-01,-2.523101349017158324e-01,-3.946480808914931138e-01,-3.552162341137480861e-01,-4.805152709118896137e-01,-4.301849188257748091e-01,-3.707608436437939692e-01,-1.592182466033577326e-01,-1.478418265864833436e-01,-2.399708516621127108e-01,-1.879642831474133968e-01,-3.090433449191181126e-01,-1.009244635176287097e-01,-2.460814907843338062e-01,-2.052531164931088170e-01,-1.012892051262451604e-01,-4.300085792193971551e-02,-1.830632588863329580e-01,-6.846115606054986591e-02,-1.411214153986138919e-01,2.717390976374394265e-02,6.137162515579443200e-02,3.155639231530923405e-01,5.850226815667940172e-02,2.311238010709760760e-01,6.823846359578961129e-02,1.752687953094971551e-01,2.969242613123390107e-01,2.201277480055665037e-01,3.379481296568614401e-01,2.069814567887696688e-01,8.069430963727837816e-03,2.294144895571901266e-01,1.158547640562755665e-01,2.146001520971083376e-01
3.631956254009462426e-01,1.035722339971001243e-01,2.001950215744970341e-01,3.008798502372037609e-01,2.247681378743147662e-01,2.277414996184508877e-01,2.400672514423211890e-01,2.703301925448939880e-01,1.776833817475476918e-01,2.700926359880811978e-01,2.762421584062544344e-01,1.716028005078572560e-01,8.571159610427728226e-02,4.133332892807545789e-01,1.495751470729201338e-01,2.585378879728107426e-01,1.919798850171350046e-01,2.919525955813801962e-02,2.273146816677749371e-01,1.260816018157021046e-01,1.232417336433292709e-01,2.009350601753292775e-01,2.500165117257202030e-01,9.260590385089544074e-02,5.963176259648973049e-02,1.431006915967394655e-01,1.568201835971364810e-01,2.108242016857814483e-01,1.044583372777747737e-01,1.583158057894608617e-01,6.647702488733238380e-02,1.841746693839505233e-01,-1.585513795771995721e-02,9.815468083815884204e-02,1.012330363511442302e-02,-1.605651924458534607e-01,2.413571893051661560e-02,-1.165946284305408726e-01,1.207248300315538897e-01,-8.703482065972481529e-02,-1.687042509488957398e-01,-5.983546371269474889e-02,-3.094593200193415661e-01,-1.598393688056266582e-01,-2.783042086671475568e-01,-4.432106121424343459e-01,-3.729036194017984474e-01,-3.806687100526219281e-01,-2.780210557242026037e-01,-5.737885564285367668e-01,-2.905445690012521953e-01,-3.419900893221406446e-01,-1.761409553934350780e-01,-2.410317742400869545e-01,-2.298676476596233365e-01,-1.067983324883004653e-01,-1.863466763624897216e-01,-2.516436891624990180e-01,-2.418280862409663279e-01,-2.948270783684029395e-01,-3.105159760449114348e-01,-3.617485940971825742e-01,-1.111663098332918292e-01,-1.923494816543958874e-01,-1.807254010166207611e-02,-2.096009213065741505e-01,2.012787324601586769e-01,6.543115257028578324e-02,3.281362007605446163e-01,8.566335975816653792e-02,1.937622005478867207e-04,1.507502583523636086e-01,6.084146657307672179e-02,1.009790492165072856e-01,1.417357771306349268e-01,3.575221926217340279e-02,-9.294132052593571947e-02,-1.437673270889678334e-01,1.317451064986128739e-01,3.270639314406846854e-01
2.771069347921693571e-01,1.521571243926226058e-01,3.235711918626081318e-01,2.940302787184891353e-01,1.451573720610221108e-01,4.769341953452134186e-01,3.082699905432932375e-01,2.802312439357563800e-01,2.859878866746944914e-01,1.785049340821213693e-01,4.709156106986003842e-01,3.080113031737207741e-01,4.551510019929715378e-01,1.939754776647825973e-01,2.885541429786125378e-01,4.399812228272881875e-01,2.989803989690473229e-01,3.909608414187223935e-02,1.828609883167074956e-01,1.287566259346455133e-01,-2.262319548263108659e-02,3.280709921314011734e-01,1.051353018245772125e-01,1.542934907501390153e-02,2.966627999054141651e-01,9.632544833757625269e-02,-4.703088642688083541e-03,1.143532743976695271e-01,3.947246394271562431e-01,8.371476826605926680e-02,-5.263720322612834015e-05,6.208813078335674411e-03,-6.519705089034953660e-02,-1.426737363830909711e-01,-1.594379991348992831e-01,-1.311109535802468425e-02,-2.015177828890070411e-02,-2.657248208514574259e-02,5.107832171272009419e-02,-9.153467334852846693e-02,-9.648202958327496692e-02,-4.811361215510859962e-02,-3.675399903444175331e-01,-2.746768001137969706e-01,-2.233216960724906941e-01,-5.362145684988645078e-01,-6.264166692776321765e-01,-4.474049803704838180e-01,-4.903786859827966027e-01,-2.286151019871375534e-01,-3.793458652836397271e-01,-5.304050105150123207e-01,-5.472179806924223344e-01,-2.093933670776201017e-01,-2.096974010973504110e-01,-2.214545554801091443e-01,-2.721011046663726063e-01,-3.037643159798946724e-01,-2.417378042226748236e-01,-3.283262827578059539e-01,-2.830318531428513973e-01,-1.570952228521237670e-01,-6.257317100622113160e-02,-1.278032628408561078e-01,-2.060982778542013449e-01,-3.997314258675146482e-03,3.083348083484194202e-02,4.503643193979834508e-02,8.682989758581406703e-02,4.078911910703497679e-02,2.897729700236381309e-02,4.047040533210385926e-02,7.041631397034545103e-02,7.165449985955471557e-02,1.977320048804204478e-01,-2.229972219347647611e-01,1.111715444759672905e-01,3.977618693064934041e-02,8.640332726083266995e-03,1.633877819881241478e-01
4.382706927663904128e-01,3.893017932408867066e-01,4.407579455151081071e-01,4.528016734172227720e-01,2.284025480042871092e-01,5.121884098022848608e-01,3.480635532755676498e-01,8.050042183193879819e-02,4.162652456288777336e-01,3.913603522982103677e-01,1.528767597796748534e-01,3.998981489866955119e-01,2.849692217887758172e-01,4.397262760605398224e-01,1.935245614935154623e-01,2.865487002436101771e-01,1.473336312081000576e-01,3.039386283251977461e-01,-5.932066551762267548e-02,2.485977700115522826e-02,1.967012179614952005e-02,1.404931778090852679e-01,1.489034311138987821e-01,3.733468615432677939e-01,2.577465114405031454e-01,2.708933897540445890e-01,3.558827598670676051e-02,2.818621303276929724e-01,1.975221583165955308e-01,1.295354615207293669e-01,-7.713497256897626497e-02,1.653931138107538612e-01,4.915206728752316567e-02,8.458316963503609287e-02,-6.633658545393016082e-02,2.663138713560300394e-02,-5.968054153878765006e-02,-5.961099517257072850e-02,-1.362317451509823807e-01,-3.332690266173698318e-02,-3.185574450183172868e-01,-2.402026848583300456e-01,8.250384843540675694e-02,-2.613807872261807441e-01,-2.181179381686900731e-01,-5.676696914355936485e-01,-2.976232636571565782e-01,-3.262873572825631396e-01,-4.912194853675359019e-01,-5.453450611697341355e-01,-5.266882028923010051e-01,-4.958708316645487613e-01,-4.791874560244197001e-01,-2.610331590493381038e-01,-3.446626101302581735e-01,-2.241693723852279940e-01,-2.303293020744306974e-01,-2.444866903449537665e-01,-3.733289008183228730e-01,-2.626036854560996336e-01,-3.741268107561809136e-02,-3.161318761979741571e-02,-2.509987743548937611e-01,-7.503456411869655063e-02,-1.202236918653696723e-01,-4.776251569538641530e-03,-9.065415481702059075e-02,1.336970330893816339e-01,-4.571833992823812198e-02,1.489526280305945860e-01,1.803625961765490671e-01,1.240835366978286086e-01,2.056519768590382366e-02,5.881604543634490201e-02,4.372681109986024939e-02,1.344486436118678963e-01,2.985464683600794894e-02,1.374894183337168896e-01,1.291687211319173523e-01,5.135967367074871504e-02
5.756327437183165197e-01,2.953422083651346952e-01,1.429778782461764708e-01,1.402378182593864153e-01,3.073804485392695462e-01,2.437191576003615856e-01,3.500841216838405101e-01,3.920408924844453469e-01,2.764654734104404210e-01,4.500434736129682034e-01,2.584972852961123571e-02,3.668181959067026154e-01,3.594565654924006259e-01,4.976632766451924983e-01,5.192262360625841122e-01,1.554691432640187554e-01,3.049316216662243950e-01,1.463599217429089050e-01,1.023880451551640175e-01,6.910506403927831054e-02,1.568685278961137741e-01,1.515950802586127355e-01,2.229622979492151269e-01,2.437043659564706033e-01,2.466720759863281209e-01,2.610323442878085265e-01,3.175378137317072524e-01,2.380481756336987609e-01,1.331090493609920211e-01,-1.529620146218741428e-01,2.199159593799494272e-01,-1.283235203582668016e-01,-3.427443535592050033e-02,-5.945417404068696621e-02,2.900935792403361857e-01,-3.719768661251517811e-02,3.929070764605576555e-02,-1.136372065892080931e-03,-1.714875411775515779e-01,-7.719444715469660212e-02,-2.813828484394937934e-01,-2.016694538233494149e-01,-2.828599506552673670e-01,-2.892507483692380865e-01,-3.372513203168829299e-01,-2.701606057748340839e-01,-2.299604790410088861e-01,-4.076337493853642302e-01,-4.889948750643414166e-01,-4.372342162794825571e-01,-4.972826221766253330e-01,-5.761563701520198144e-01,-4.804023797053701972e-01,-4.360165306561025189e-01,-3.010854787005419197e-01,-3.744622345186103263e-01,-2.626469985290872389e-01,-3.205636082800954467e-01,-2.104672181802919040e-01,-1.864024766421031876e-01,-1.766956942483189630e-01,-1.289929133129469607e-01,-2.407463096494128207e-01,-1.725439759349038371e-01,-3.109647760646471193e-01,-1.638594588311842459e-01,-1.250168278240280373e-01,-1.363146692959568973e-01,-8.982604668648394575e-02,1.880562164049905116e-01,1.158953531932705172e-01,-3.526974094391957526e-02,-1.770171533079088061e-02,4.132878648460738824e-02,7.858539717001701563e-02,-8.925603026326550671e-02,1.149966069397124202e-01,2.344963342777957663e-02,1.790103704958811159e-01,2.533757093051058340e-01
2.091581899326989402e-01,3.578513819605214641e-01,2.482357396428620799e-01,4.143726906881175509e-01,3.478033942126466660e-01,1.729845201355541817e-01,4.001112916742928238e-01,1.272008804038245455e-01,3.433634596770833158e-01,1.366210869838062891e-01,2.149900059001346453e-01,2.553853733646743174e-01,3.671655234487873343e-01,3.613476427472029906e-01,2.291184570141678867e-01,7.395042797809156521e-02,1.950829552975271164e-01,1.687129382807488476e-01,4.186630276921571303e-01,3.902970465259166799e-01,1.857443606597351804e-01,1.957973402148469322e-01,4.059724460194458207e-01,2.153039160816846986e-01,3.227928355682003203e-01,2.571298105717813032e-01,2.890658195926208429e-01,3.149837159539666809e-01,-1.244503494065940796e-01,-7.099716900557989652e-02,3.702455994183703053e-02,1.508352352081030745e-01,6.593048941370720228e-02,-3.634644163913143544e-02,8.250792567895431917e-02,3.006045987840836112e-02,2.602755156674223941e-02,-1.755877983158985467e-01,-2.238394295398003497e-01,-9.908553741274835416e-03,-2.633763381905442902e-01,-3.032458281938784084e-01,-3.385880855020804159e-01,-4.835548774710776154e-01,-3.070644080675035137e-01,-2.346067012130825247e-01,-3.307236502401514344e-01,-3.498640447192059022e-01,-2.469107260579420648e-01,-5.137204569995498238e-01,-5.765846236624594390e-01,-4.507791446927540968e-01,-4.057925118586844793e-01,-4.129358403265667721e-01,-3.862791704852521213e-01,-3.056622044320972398e-01,-3.073306976255711920e-01,-5.285536490266784515e-01,-3.030431077750968538e-01,-1.494262990408362912e-01,-2.898981109215255092e-01,-2.973367961742098831e-01,-2.350168545590820279e-01,-2.653687020790439499e-01,-1.454630574423182165e-01,-5.489972304584728874e-02,-1.189808314262681549e-01,1.580118610393582007e-02,5.673725738494907883e-02,4.990853798003518776e-02,-5.044950652150464315e-02,1.233361483936023517e-01,1.179482126285661021e-02,9.425094650783757966e-02,4.981167221991989608e-02,9.788859432017149587e-02,-2.703163907618254605e-02,-2.534435272015141127e-02,5.145673976589665993e-02,2.791006096585201823e-01
2.822927197366867924e-01,1.855110475535295678e-01,1.764385705895173406e-01,3.914250194186539855e-01,4.480133292815851598e-01,3.312945473401971430e-01,1.760556700570958255e-01,3.265463487625540617e-01,2.054254324955821498e-01,2.384460188600096842e-01,2.910843108628197728e-01,3.017317981658671489e-01,2.080389910631357253e-01,4.256644183043828966e-01,4.235142687744344880e-01,4.381596316167199467e-01,3.579662290530212787e-01,3.152551657363745208e-01,2.708122128360635483e-01,4.321172137248049938e-01,2.729268681622052384e-01,3.623152300195206510e-01,2.416385182319847613e-01,2.438470230356876156e-01,2.692049309750562114e-01,9.373687220825435706e-02,1.747626175993163278e-01,1.721588444859059874e-01,6.967666802602991150e-02,1.344007353882266942e-01,1.365072529770906540e-01,2.901007613919568962e-01,1.130037642323410696e-01,5.491002457147542426e-02,-1.876091876738836955e-02,1.957922923171431517e-01,-1.621306998014681033e-01,-3.189984658126018280e-01,3.942968372638289837e-02,-2.235314046203761285e-01,-2.345097867000543734e-01,-2.405207911243625318e-01,-4.218010417557003788e-01,-3.709926004501185037e-01,-2.210020400950786779e-01,-3.123828082422412944e-01,-2.964816026443075625e-01,-4.121529451681855138e-01,-5.096998511710273405e-01,-2.858359109727952596e-01,-3.627464675644201386e-01,-6.414098520263604719e-01,-5.083595157782643259e-01,-5.372130737387232902e-01,-3.966162332547566449e-01,-4.054786368587833256e-01,-3.609285413591543645e-01,-2.711304663924903879e-01,-3.728765809805720810e-01,-3.530770594244064253e-01,-2.388992787072905244e-01,-1.733676634370281688e-01,-1.404508605307003555e-01,-2.535688584173974025e-01,-2.865398214724411696e-01,-2.535873892733299662e-01,5.888963201651706975e-02,-6.665712729248898794e-02,-7.425917206353285782e-02,-1.893465594459707926e-02,8.617997337306589067e-02,-6.901422173209130137e-03,1.236743276245229201e-01,-1.823779085892742180e-01,1.396288199532881857e-01,3.061082505024471101e-01,1.791072538008963155e-01,-6.652460649983388263e-02,-5.535629220907137271e-02,2.464362024883755622e-02
3.112754309086493421e-01,3.028579654981697900e-01,2.894288439612219266e-01,1.039961698329597700e-01,3.263390207015525180e-01,2.628712720257989632e-01,2.497781452433657234e-01,3.001067244859004224e-01,3.441393338757002263e-01,3.480399228265763090e-01,4.187870758196935439e-01,3.884022419982197660e-01,5.930158484980239120e-01,5.020679269444793258e-01,4.718538900025363025e-01,3.006018262588322498e-01,5.089089891350312422e-01,9.166763455769140478e-02,2.321567676065875441e-01,8.261693544477441420e-02,3.174211709616083232e-01,1.706022030018613800e-01,2.040987494450913209e-01,3.598160153070948386e-01,2.621963029169520620e-01,1.915445945269910466e-01,3.636691687884114899e-01,9.819449294381280002e-02,2.881333269719427159e-01,3.536226678976648885e-01,1.754462572686158461e-01,2.603171660392703535e-01,2.688989262807394143e-01,1.800840179992045931e-01,-1.992998859544745441e-02,-3.259184290399234213e-02,-4.538975951315790680e-02,-1.402422416098471902e-01,-1.778346003144746779e-01,-3.089884594616857938e-01,-3.815381920492058043e-01,-3.255159934420395751e-01,-2.262013147329589302e-01,-2.670440628788962600e-01,-4.278255084422069587e-01,-3.226018306377739786e-01,-1.808830111559365794e-01,-3.338226796405813768e-01,-2.967780843562172755e-01,-3.829679497408299826e-01,-6.135497745153770666e-01,-4.845479441589715663e-01,-3.479058717064429374e-01,-6.381720801487790196e-01,-5.025653423117615315e-01,-4.883962245766732546e-01,-3.748407854319963373e-01,-2.252759624648645875e-01,-4.192949645981630113e-01,-3.627201360158544691e-02,-3.286188840685408397e-01,-2.477935696850787906e-01,-3.281839781629353192e-01,-1.516485635161382295e-01,-9.832702763375532340e-02,-1.082556218549313443e-01,4.045404939372943681e-02,-6.850230296127796104e-02,-1.630612029449459710e-01,-1.860919117123127076e-01,-6.404053358321230849e-02,-9.460240594121346880e-02,6.606515018613771939e-02,1.192621086089631910e-01,6.125117961339233974e-02,7.841166453651493562e-02,1.091796368195923905e-01,1.180942199887000284e-02,-2.016502632252759400e-02,7.522678926003422903e-03
1.944910208146611863e-01,9.901630423915037948e-02,3.353519083274698054e-01,3.051065395840256711e-01,3.076986232926499643e-01,2.863614962781674267e-01,4.721562403479377390e-01,2.671854876463253259e-01,3.039619139863100061e-01,4.205065318542413610e-01,3.386689804855616548e-01,3.577654246272878868e-01,2.321996175719445443e-01,2.531942199602154608e-01,3.516465005608505057e-01,4.042767225789242191e-01,2.673770508384271105e-01,2.855925058299064734e-01,1.196133083501215444e-01,3.738606182315785675e-01,2.226830799499286140e-01,4.761477747117363046e-01,3.062154981017812805e-01,2.496480452696183128e-01,2.468538660067075008e-01,2.449981601182866231e-01,3.495541046488425674e-01,2.828657436774614231e-01,2.299400946546002467e-01,3.936696750552166058e-01,2.179738233629797128e-01,2.685201607667078716e-01,2.520822473693509758e-01,-4.274767044474099553e-02,1.489652903560235719e-01,-6.595316310546850413e-02,1.369526782857635183e-01,7.062147983248022454e-02,1.172129673570941472e-01,5.269866630042276123e-02,-2.355421534908305747e-01,-2.527781464714299875e-01,-2.286787198185070424e-01,-1.362840365710394075e-01,-2.917873792588316917e-01,-2.251576009889099672e-01,-1.650282334797413264e-01,-2.433330735207266393e-01,-2.649183391968780166e-01,-4.266116435059498224e-01,-3.618118367828551118e-01,-4.495596378760728928e-01,-4.675188020343317152e-01,-3.504318797062789259e-01,-4.115600197313639130e-01,-3.990965942310824022e-01,-3.144756515630878213e-01,-3.706948335228998914e-01,-1.807110810902350650e-01,-3.266999003511232291e-01,-1.754289098154868942e-01,-1.251546266133148066e-01,-6.011978118238119062e-02,-2.451613000458383318e-01,1.170469600702455648e-01,-2.156936646799723634e-01,-1.461018379675444734e-01,-1.033218721941836782e-01,-2.107842360047863794e-02,-2.405436600209572701e-02,-1.780032261851722808e-01,-7.641446629189020678e-02,-1.107167752964884760e-01,-2.177710820403179828e-02,-1.062281575138970535e-01,9.790341313744502227e-02,-6.034172199604206921e-02,1.093252613125125366e-01,-4.175020887900804389e-02,-1.610909890801673905e-01
4.393815190566714990e-01,3.730355420430460089e-01,3.413356483495997851e-01,2.313586378513541320e-01,2.628880389262872042e-01,3.288505903032427624e-01,2.720475169216905464e-01,2.422432553971203550e-01,2.474799213945919618e-01,2.384881231429790693e-01,1.801509477935270276e-01,2.991917275685402333e-01,3.638988100272954607e-01,4.658193816725788583e-01,2.928960243248153739e-01,3.288293973468007225e-01,1.941465006381315195e-01,2.487940136445351280e-01,3.458261572749248836e-01,2.574716729944747651e-01,1.327267352820605539e-01,1.678623348961060524e-01,2.632528163590533987e-01,3.469753400828179957e-01,1.819972963173902003e-01,2.565557816517347600e-01,3.256473664249487365e-01,2.527144143554031497e-01,2.376619500471370272e-01,3.028750298439476518e-01,2.543784624114755477e-01,3.012027703590878236e-01,3.338449093985357830e-01,1.436463606770094770e-01,-4.650814120705123317e-02,1.226457028180527320e-01,7.387059372513005151e-02,1.392774259188886421e-01,9.516079849038625027e-02,-1.195406407004478699e-01,-3.236988247787515594e-01,-1.837187114029485424e-01,-1.151646979796645404e-01,-8.672442138070728113e-02,-1.928356949175405177e-01,-3.272765462934129621e-01,-3.877712867141795972e-01,-6.468594916346606660e-02,-2.598068603269751975e-01,-3.640091566939503420e-01,-3.882420069242937810e-01,-3.581471175316666700e-01,-6.006267104032593229e-01,-3.187294499193933373e-01,-4.827306760420295162e-01,-4.706728460194746222e-01,-4.364956566837022711e-01,-3.588919987339195261e-01,-2.435219574177465707e-01,-2.245181017945579449e-01,-3.152775266633701667e-01,-3.805374043031497511e-01,-2.571840063171711988e-01,-2.338678413766277220e-01,-7.346957069225253101e-02,-1.868590565429074091e-01,-2.605924332391069687e-01,-1.945434449379117581e-01,-9.819220324201347050e-02,-1.158257335649646863e-01,-9.470696385411529750e-02,-2.028328175608342943e-01,-1.025187709072065967e-01,-1.071078217113654724e-01,-1.455776878102371663e-01,-2.292181532981636960e-01,-1.558406898790993048e-02,-6.744542925540138179e-02,-8.807910192081562853e-03,-1.216606585323140172e-01
3.472453453869402407e-01,2.732827366926711132e-01,4.797666224242884137e-01,4.061796981658866157e-01,2.966208258815524745e-01,1.973450646597125213e-01,2.292471218153402934e-01,2.143444942707848355e-01,2.793700775666425051e-01,2.544955003751125933e-01,5.232219226813674684e-01,8.860639319238013123e-02,3.280500238675616020e-01,4.058519674469655558e-01,2.792272495354436446e-01,2.505801937977689131e-01,1.499956197249470713e-01,3.124771382559693444e-01,4.124551773131124310e-01,2.818520706708983470e-01,3.842045677355194200e-01,2.678977743422446545e-01,3.357452511940026141e-01,2.476489488833752972e-01,3.189741495416374417e-01,3.311387008795664832e-01,2.406520249634209740e-01,4.128931580165525750e-01,1.770885434154041704e-01,2.549087367477204102e-01,2.819427904946109620e-01,8.194730308695868937e-02,1.039686356348785978e-01,1.268723774353290312e-01,3.880185638128039183e-02,4.877337956507397931e-02,1.960764562445458381e-01,1.429212110828028959e-01,1.843147391158687642e-01,1.725712716989016501e-02,6.730542147704696165e-02,-4.382039363008542396e-03,-1.405484938612751311e-01,-2.279247365391645630e-01,-2.009579418947788909e-01,-1.128096328416902244e-01,-1.766940166984122540e-01,3.622968203562454068e-03,-3.707157397918690034e-01,-3.008367443605486913e-01,-2.581867838175801455e-01,-5.177287099509856327e-01,-3.498103733620320788e-01,-3.776931545818244529e-01,-3.957494147177806343e-01,-4.164194432492236420e-01,-5.503504012118529687e-01,-2.962676314072912875e-01,-4.423671158215709553e-01,-4.178156620655379405e-01,-3.355532397130439604e-01,-2.210354749233260363e-01,-1.457657348982581424e-01,-3.153421655607789587e-02,-2.701613325654811937e-01,-1.939515184752900467e-01,-1.254122578633325713e-01,-6.464355477287793417e-02,-2.835688559620406363e-02,-2.620761294675624242e-01,-2.111841675711764732e-01,-6.892139125187664306e-02,-3.831572378432355347e-02,-2.261727673325455157e-01,5.065787792025688852e-02,-1.217694508086395178e-01,-1.158703605577092316e-01,-2.060085259778037317e-02,5.390375678101189333e-04,-1.389740940102533739e-01
3.309734298607662217e-01,2.755423717698189945e-01,4.509103569152662638e-01,3.350260941922511004e-01,3.687178453275603007e-01,3.782707248755511342e-01,2.612814332646594684e-01,3.067201666879326161e-01,3.392941047489542727e-01,2.842976022947121262e-01,2.183562720812122215e-01,2.625411749337527856e-01,1.923894719019424437e-01,2.661897800500622191e-01,2.795920570591021170e-01,4.905696288968268703e-01,3.560400155894650198e-01,2.748546127947143480e-01,2.709251452385287307e-01,2.882508129935515417e-01,4.515395091654140769e-01,2.061273878075814137e-01,3.543705781716896541e-01,3.627088570521007638e-01,3.931016692350309816e-01,2.966122359166213363e-01,2.173529245599796766e-01,5.297645400683607120e-01,2.171217608779265618e-01,4.072165342534764254e-01,2.593190755837360140e-01,2.883944107609475171e-01,1.984325808773930444e-01,1.155229006595539093e-01,2.711429495489659502e-01,9.058503920260868592e-02,2.956838329613402649e-01,3.452094576734106995e-02,2.392593984056480272e-01,1.688036156069505356e-01,6.387375251398695608e-02,-5.748954104197489742e-03,1.455635579238898358e-01,-3.327933104069957793e-01,-1.678627559209417558e-02,-1.773513750078103135e-01,-2.660434214730184599e-01,-7.147801883946126866e-02,-1.821567224404987695e-01,-3.558345969562027311e-01,-2.053063650108639115e-01,-1.739727088651253639e-01,-4.341276993074171253e-01,-5.589733981085035497e-01,-4.233615520864550397e-01,-2.913247476788845547e-01,-4.225484379826566217e-01,-2.531345880834071083e-01,-2.485093353390901982e-01,-1.821100430234010303e-01,-2.383631736149484925e-01,-3.437493707815632016e-01,-1.486477455905957923e-01,-1.083268579759121136e-01,-4.445117466196184947e-02,-3.069354199639965919e-01,-1.822477607410012967e-01,1.685220771499770093e-02,-8.978597603515998948e-02,-2.911256231421098795e-01,-3.143833356428007986e-01,-1.228335368150350604e-01,-2.133462736690648620e-01,-1.172725938436910142e-01,-4.654519701488501332e-02,-1.133736325674873924e-01,-1.829815684631163897e-01,-1.419260174297908850e-01,3.181349051269951374e-03,-2.112869564821265311e-01
3.182108670742932466e-01,3.082387368614257772e-01,3.367141861759046506e-01,2.001033415127784210e-01,2.959059231639084020e-01,3.234503065157091628e-01,4.159012327978539592e-01,4.469177454571584551e-01,2.712733268038444168e-01,2.182052216076162954e-01,2.592983562060149905e-01,4.322847020411350605e-01,4.014732292532799951e-01,1.720032100850173162e-01,3.255094110702521637e-01,1.887453060843508890e-01,2.857392755440242293e-01,3.390359916087032355e-01,3.976687868338920073e-01,3.311448079506021935e-01,5.192153163056130172e-01,2.450208520659929445e-01,2.593729575180900304e-01,2.880693881097769471e-01,3.799744552060541070e-01,2.400164482083201323e-01,1.647835799971262005e-01,3.102079793769665916e-01,4.794899479307794254e-01,2.415429633543680621e-01,1.843334013596193699e-01,2.318708019411736265e-01,1.918966181525766368e-01,3.675247202527429646e-01,2.500485748983087841e-01,2.346256082215604499e-01,1.821518197092919789e-01,2.422360770806495645e-01,2.148801934654041290e-01,1.745007710629913888e-01,3.594815856945871718e-02,2.936836661724695485e-01,5.121145975634620873e-02,-3.434851475535604520e-02,-8.120622262406014535e-02,-8.968196630675455416e-02,-2.062243934779614540e-01,-2.006483900279135146e-01,-2.913487419316328486e-01,-4.305874824659688960e-01,-2.023926109426745223e-01,-3.263093293345520896e-01,-5.303006918669409542e-01,-5.672370905606521907e-01,-3.687899988227704706e-01,-3.899202744967175671e-01,-5.166374996969270716e-01,-5.106090820710229572e-01,-3.693131624351566056e-01,-4.596926366465065028e-01,-5.899171760866333408e-02,-2.793015985804674917e-01,-3.030920514692718171e-01,-1.420983622240377664e-01,-1.192831223050326017e-01,-2.320506242770032368e-01,-2.749862867210973172e-01,-3.787053951318824496e-01,-2.245868711374869597e-01,-1.466497698151338347e-01,-2.651849418940945835e-01,-1.773616214127727297e-01,-1.727781101680580800e-01,-3.444558432869238018e-01,-2.577561810498428252e-01,-4.992468028354644927e-02,-1.424012650067278118e-01,-2.582451809704015555e-01,-1.360563805154092060e-02,-5.625029149541975471e-02
