-3.354867814620721145e-01,-3.653972313899647162e-01,-4.494252084721556684e-01,-4.777843726773707278e-01,-5.856286612697121363e-01,-5.933847778697505237e-01,-6.069572950287419610e-01,-6.340214964169866851e-01,-6.344428878071474154e-01,-6.489358369193588549e-01,-7.635624431277344693e-01,-7.046889111863983146e-01,-7.404279874758096236e-01,-7.016880946196502045e-01,-7.385318730556810207e-01,-7.654994894992210863e-01,-7.863410017109762062e-01,-8.217967158486416679e-01,-7.104976908320733697e-01,-8.224621389370763147e-01,-7.194181591570099066e-01,-7.054392738991358547e-01,-7.614973021019136867e-01,-7.283965421408413743e-01,-7.787818105933695945e-01,-7.075410050401825801e-01,-6.766619828509858880e-01,-7.048684658790451696e-01,-6.024533105543856681e-01,-5.956592947969248097e-01,-6.547938884566489870e-01,-4.746486753125928049e-01,-4.645917980795796209e-01,-5.306927103640602938e-01,-5.401620574681381681e-01,-4.110517649333053636e-01,-4.477405686249106287e-01,-3.819670556223779267e-01,-3.880838968588046223e-01,-3.838516074200193362e-01,-2.822048433543900559e-01,-5.269134956475199916e-01,-4.920818006892030971e-01,-3.756325454147514398e-01,-4.465706735311891218e-01,-4.369753585100490390e-01,-4.846425976739814900e-01,-5.596632258352661760e-01,-5.671378246581252336e-01,-4.733228488215919239e-01,-3.683687846813290534e-01,-4.787730233918167655e-01,-3.781958276198174596e-01,-3.691969459615221938e-01,-5.312844805424694616e-01,-3.129718947272642215e-01,-5.025457699679882762e-01,-4.450737696439429625e-01,-3.649674380175836896e-01,-3.712607927217914661e-01,-3.612612245349909323e-01,-4.340768410464900251e-01,-3.504775566057241054e-01,-3.890607288357214033e-01,-3.573263520251276915e-01,-4.936644154894476721e-01,-5.160744438439082149e-01,-3.281975870977870691e-01,-2.992667347341131379e-01,-4.042797292289691535e-01,-4.399296425320687320e-01,-3.276504867350705230e-01,-3.594128311352635663e-01,-3.523950019646520659e-01,-2.468192353552914886e-01,-2.843426816233008414e-01,-3.836130934489042077e-01,-4.413153270346211743e-01,-4.036403858190638627e-01,-4.220343744729241342e-01
-1.997325338830308328e-01,-4.300294638898491395e-01,-2.960359702640160129e-01,-3.540610937135660885e-01,-4.725256175589306329e-01,-4.906750293826767639e-01,-5.243171641767804259e-01,-5.611413702137280080e-01,-5.700065612225304612e-01,-6.411494273233840913e-01,-6.600315753179868405e-01,-6.940606896426086969e-01,-6.769472808966767730e-01,-6.314442595844539374e-01,-7.052191397121692074e-01,-7.821855009480472853e-01,-7.366862945361256632e-01,-6.346343764072305271e-01,-7.859507668359008159e-01,-7.840604794844865388e-01,-7.537183527885056300e-01,-6.680165484594110525e-01,-7.243322925031504544e-01,-6.724797579625565458e-01,-7.290366728852799572e-01,-7.765446912068939556e-01,-7.208166912090935297e-01,-7.174145796742467107e-01,-7.244900284929250978e-01,-6.857519822248702157e-01,-6.468561593733102022e-01,-6.443098247081290308e-01,-4.817956005392395880e-01,-5.054774021485031188e-01,-4.286452015050612463e-01,-4.596315943317209052e-01,-4.529077246631279530e-01,-5.347443686759295600e-01,-5.011974608867058034e-01,-4.795066311148631910e-01,-5.808542102603376778e-01,-4.680996752199992339e-01,-5.256840467545572659e-01,-5.790530337076974510e-01,-5.250045661557908305e-01,-5.282788591888939456e-01,-5.001218963010638507e-01,-5.761682115740661692e-01,-4.588830807165086290e-01,-5.501210213336916732e-01,-4.882254497046501496e-01,-4.454482268746389750e-01,-4.218057786131093057e-01,-4.776975993808738052e-01,-4.477967109302208870e-01,-5.209768363959269566e-01,-4.935383148245034990e-01,-4.323901642967519221e-01,-3.662985359142413855e-01,-5.122611928667600845e-01,-4.534990969087627222e-01,-5.434076193341208505e-01,-4.380046634174459275e-01,-5.066558371535003769e-01,-4.681843380986202563e-01,-4.952072128742232571e-01,-4.934069173841331146e-01,-4.844578211711452753e-01,-4.272387768849774670e-01,-4.263943518704572111e-01,-5.013206489460202420e-01,-5.051528728207087537e-01,-3.728984329646057305e-01,-4.270197157148689637e-01,-4.473177935333525479e-01,-4.362736829475501454e-01,-4.907887829234429677e-01,-5.506013525347804860e-01,-5.542656099988644280e-01,-2.931555394478472798e-01
-1.400325934421936258e-01,-2.575483819582810585e-01,-3.138536142051232547e-01,-2.913826955728565649e-01,-3.574158804829524749e-01,-4.266519049256731200e-01,-4.490653707140923045e-01,-4.659559598558765670e-01,-4.580980677627442543e-01,-5.674383515767349451e-01,-5.553835635884953881e-01,-5.878244369990400786e-01,-6.219862735704686507e-01,-6.537108775318246634e-01,-6.421619394292875649e-01,-6.350783018595691498e-01,-7.791580248633132033e-01,-7.150065306021509137e-01,-7.336717862759010167e-01,-7.294074220461723712e-01,-6.931917845052973925e-01,-7.048477067567070486e-01,-7.778293250798956615e-01,-6.821679729647942558e-01,-7.358656767992458603e-01,-7.434263835649458363e-01,-6.827709012509283193e-01,-7.721063057257491202e-01,-7.071093943788980818e-01,-6.507355608161690119e-01,-5.755538169387898195e-01,-6.014185345916991388e-01,-5.895829004136013962e-01,-6.276281066918515394e-01,-4.474860094621240236e-01,-5.248965759665331632e-01,-5.634526743898742307e-01,-5.237170446655637912e-01,-5.396242354411925346e-01,-5.336577902018608821e-01,-5.716802060986367895e-01,-5.726659059010319464e-01,-5.222468738820217338e-01,-4.340233785146160872e-01,-5.257143091918600186e-01,-5.333933036395510641e-01,-5.168330384459617344e-01,-5.519883825559879220e-01,-5.527065879939925264e-01,-5.418574628438292962e-01,-4.702648919952768236e-01,-5.832054365145707964e-01,-5.758168926685658384e-01,-4.669373487366723641e-01,-6.424756890505759488e-01,-4.488069203673805130e-01,-5.450696426348667911e-01,-5.016883528678396376e-01,-5.263397598952751499e-01,-4.894697070771426017e-01,-5.170766491635540030e-01,-5.293449370735574533e-01,-5.139115996899455974e-01,-4.855945303926536005e-01,-5.306820454401852682e-01,-4.918365685525226128e-01,-5.332191367052333542e-01,-4.884545609523993637e-01,-4.060344478778423194e-01,-4.945884764819111212e-01,-4.179331312773155727e-01,-5.624683204768708977e-01,-4.386828039766202392e-01,-4.392483151241332040e-01,-4.597658490118583519e-01,-4.010527361994205009e-01,-4.982418305886002208e-01,-4.086951679914597180e-01,-4.627871649670595167e-01,-5.066589268633802101e-01
-2.447859377680290105e-01,-2.418798739320666968e-01,-3.154487466061663414e-01,-3.757615750599604398e-01,-4.742132405478910462e-01,-3.096619062838332215e-01,-3.862221870965877324e-01,-3.999980325385570912e-01,-4.438832257595048958e-01,-4.811021623225101296e-01,-5.691041626130898257e-01,-5.325116068793293023e-01,-5.185877991248195595e-01,-6.136849000413866495e-01,-6.322639900482962538e-01,-6.733510471120799368e-01,-6.568432539741945186e-01,-7.368767719904956159e-01,-5.749176878737739527e-01,-7.602750454191948837e-01,-6.645611237592309317e-01,-7.344627958061872297e-01,-7.095065978219218250e-01,-7.197908820503193805e-01,-6.834049757486511112e-01,-7.108319083575427300e-01,-7.862175401996743807e-01,-7.437567305889378755e-01,-7.352027673159912124e-01,-6.868054551496041160e-01,-7.191837963746751106e-01,-6.487979944154674827e-01,-6.652847467120374114e-01,-5.655462325832311121e-01,-5.309978653879371402e-01,-5.884366486698784371e-01,-5.607282723217681397e-01,-5.782805634137795359e-01,-4.966473203471475917e-01,-5.041146758163622676e-01,-5.601403564540686775e-01,-5.710873354108277899e-01,-5.665875069748526061e-01,-6.147143340144487489e-01,-5.728796189053591004e-01,-5.898188895270214394e-01,-5.461519358308674077e-01,-5.064632640281255815e-01,-5.458240414809036878e-01,-5.072446142904445399e-01,-5.819204015058789814e-01,-5.614551565814989154e-01,-5.186741362664152311e-01,-5.391608274470243156e-01,-5.226729996547910817e-01,-5.610106525592508664e-01,-5.440010116442304255e-01,-5.246599277239887282e-01,-4.612925388616668232e-01,-5.782939408927091351e-01,-5.270007265270566510e-01,-5.190503062838069948e-01,-4.722153575377411872e-01,-5.451356923909496111e-01,-3.603782335775259638e-01,-4.956495705709373367e-01,-4.677427013650817811e-01,-5.135125886682240237e-01,-5.594639093955826592e-01,-4.535447063969886283e-01,-5.174868472189144697e-01,-4.669175382939348418e-01,-4.604669291388941432e-01,-4.314900612554542492e-01,-3.891503097405188405e-01,-5.244518789673954240e-01,-4.377086419498141256e-01,-4.679964267609413309e-01,-4.629783187127234356e-01,-4.707087558736510191e-01
-1.766858282430369964e-01,-2.765356886375126555e-01,-3.573766673473199318e-01,-3.359271207556282501e-01,-3.374621505538049626e-01,-3.343603603614547781e-01,-3.217259033463756301e-01,-3.767132502581979625e-01,-4.350900185607052828e-01,-4.322383665698671940e-01,-5.084589696805097425e-01,-5.487693085192514308e-01,-5.668801222642035897e-01,-5.382627115336285906e-01,-6.157369788065605309e-01,-6.011631252682543280e-01,-6.819572752130808047e-01,-7.310126392300591025e-01,-7.109568587047625510e-01,-7.495719743325436335e-01,-7.218428847216485922e-01,-7.509709784868413562e-01,-7.352918430099550928e-01,-7.393338203736772307e-01,-7.095043493829392700e-01,-6.695867299773529124e-01,-6.815342514149147490e-01,-7.243180834231262022e-01,-7.345462412428072074e-01,-7.193798449610636636e-01,-7.587392010582434398e-01,-7.249695376704938798e-01,-6.027368282558025481e-01,-6.577637810751544301e-01,-5.541948639880748262e-01,-6.263407739416719799e-01,-5.750975068279507996e-01,-5.581388486484417655e-01,-5.924439311750167025e-01,-5.710208091107447093e-01,-6.113277640670398139e-01,-5.579914833577194200e-01,-5.893800456720553749e-01,-5.632178431041683364e-01,-5.888202333440289982e-01,-5.823833907748050542e-01,-5.621642404698384832e-01,-5.503678229256768750e-01,-5.136306530771018730e-01,-6.093932606582048717e-01,-5.576153083369306263e-01,-5.056540560792313066e-01,-5.948757641251931627e-01,-5.586240519611982425e-01,-5.525547419227579971e-01,-5.755120913726744503e-01,-5.851454913634940302e-01,-5.239561821623051063e-01,-4.657462033736860518e-01,-5.659210785635195862e-01,-5.386216277284769927e-01,-5.954899394352572983e-01,-5.091525453204152063e-01,-5.101743044728558329e-01,-5.691946849904933048e-01,-4.903777895553941835e-01,-5.209671400884972048e-01,-5.000112218989721802e-01,-4.971801212561858807e-01,-5.515952757294658726e-01,-5.391711589457305331e-01,-4.487797150602432228e-01,-5.199511505167399017e-01,-5.395838971723154742e-01,-5.533741860034665505e-01,-4.598853451079164545e-01,-3.905885005659489595e-01,-4.488593721238035572e-01,-4.420793511545093590e-01,-4.389416704403057978e-01
-2.464898992603301586e-01,-2.567621323306438774e-01,-2.582564999358083480e-01,-3.929344210087095113e-01,-4.097254863681026871e-01,-4.614343605100652002e-01,-3.771572958680617371e-01,-3.396992119557432632e-01,-3.795896933881692248e-01,-4.300903424579283763e-01,-4.192038907451554053e-01,-4.669921337503030179e-01,-5.652412695850413948e-01,-4.920034794069094719e-01,-5.662128580025669322e-01,-6.219250794094338675e-01,-6.508347434712076218e-01,-6.835854289446869902e-01,-6.756443216735300572e-01,-7.569775274921802799e-01,-6.996909965100381879e-01,-7.037681693875037503e-01,-7.139375002259089609e-01,-7.332884742123282340e-01,-6.288730339247018408e-01,-7.035046640167722520e-01,-7.442284615383963908e-01,-6.618750929540654360e-01,-6.811289461508244214e-01,-6.743184108794147980e-01,-6.443813342176017978e-01,-6.222770648727805609e-01,-6.287507144692300320e-01,-6.712063224024361618e-01,-6.266100969943954047e-01,-5.336544668475899922e-01,-5.741759867432999487e-01,-5.507545639836618490e-01,-5.931810896793350274e-01,-5.091227961290756276e-01,-5.578881346853830081e-01,-5.680715449493835001e-01,-5.828793470854259917e-01,-5.936339000370965957e-01,-5.856382925717968924e-01,-5.801084178510559353e-01,-5.925233774697425959e-01,-5.451884297406065505e-01,-5.184779724218554486e-01,-5.783768769885307970e-01,-5.415583629381228725e-01,-5.984644475377247641e-01,-5.483108136755348028e-01,-5.522202554426256516e-01,-5.250716212717966291e-01,-5.044143167923255122e-01,-5.158166633318850280e-01,-5.080890961244237669e-01,-5.638290958792465668e-01,-5.350379709339859735e-01,-5.329162182629653133e-01,-4.713599690074096737e-01,-5.139677797905090051e-01,-4.994355953800706516e-01,-5.213668093743076826e-01,-5.040701773048222867e-01,-5.407947586144098429e-01,-4.078868301149202180e-01,-4.849139942427639349e-01,-5.420928541156709857e-01,-4.940452344990514666e-01,-5.301355623457824073e-01,-5.346421646400689731e-01,-5.001666229305608002e-01,-5.343035651908482064e-01,-4.950004323850816790e-01,-4.835925101309170304e-01,-5.892640032011057238e-01,-4.119819093455048264e-01,-4.543501638242453122e-01
-3.847080989010528279e-02,-2.832140316610652353e-01,-2.175412292817541504e-01,-2.432103105243045849e-01,-3.252569055801738385e-01,-3.717727911729410972e-01,-4.004035663981706517e-01,-4.059012772522068713e-01,-3.357322414384628084e-01,-3.569689907447269883e-01,-3.742139547470780259e-01,-4.403778785776610305e-01,-4.332194474542588880e-01,-4.831500166941288255e-01,-5.363533282976793437e-01,-6.151975710015290533e-01,-6.092245833577575320e-01,-6.352577008352541243e-01,-7.184312262727597931e-01,-6.269812897031087351e-01,-6.744538916956911434e-01,-5.684528019368519924e-01,-7.120955677995614019e-01,-7.643506891536060444e-01,-6.161332995962282011e-01,-7.197688288319575856e-01,-7.420558300372930294e-01,-7.524405565483384128e-01,-6.938161505359219383e-01,-7.370898696864317534e-01,-6.874323596926255053e-01,-6.718042905910444063e-01,-5.796993480455062686e-01,-6.711684205245845858e-01,-5.665248847672180732e-01,-6.099815704731461619e-01,-5.315386549737569633e-01,-6.141258838958214561e-01,-5.962618474912256827e-01,-5.326555853337091584e-01,-5.585585596565671995e-01,-5.715666862404897852e-01,-5.691998808250245956e-01,-5.583814109442551965e-01,-5.494871126780193071e-01,-5.612533620542508039e-01,-5.640450693930864068e-01,-5.549263362967995494e-01,-5.717626230770885831e-01,-5.589594917382166850e-01,-5.743780804808472640e-01,-5.250294750525626997e-01,-5.052299191071012441e-01,-5.455297689350347978e-01,-5.740808754365566147e-01,-5.492263358613501678e-01,-5.763895908838401194e-01,-4.942289269540345864e-01,-5.338140967837500250e-01,-5.462254674797477616e-01,-5.292939598676741353e-01,-5.460806381780336505e-01,-5.261868758273815505e-01,-5.260480677360784840e-01,-5.025480235646361260e-01,-4.636669361447440796e-01,-4.867603612862871909e-01,-4.946512193653387901e-01,-5.569459086062331643e-01,-5.474233461608383200e-01,-5.171577564090805712e-01,-5.283288124082461401e-01,-5.691219992568067321e-01,-4.511178849689565507e-01,-3.294217879883939992e-01,-4.577519167454189297e-01,-5.211386474781586342e-01,-4.910675555517033386e-01,-4.623154914334929866e-01,-4.531746096227301512e-01
-2.551892999687235819e-01,-1.566987057609775247e-01,-3.398561461439598697e-01,-1.816353557340077141e-01,-2.390880871035251654e-01,-3.843687250809109668e-01,-3.391459242460198031e-01,-4.116055161467037649e-01,-3.075636942601892576e-01,-3.002992847155188105e-01,-3.814746869918770877e-01,-4.071337217624549920e-01,-4.315260118898434083e-01,-4.831584921628434004e-01,-5.166318799979471299e-01,-5.395322083311221428e-01,-5.894133415358491224e-01,-6.756427112687648506e-01,-6.825338425741761528e-01,-6.840617518805873765e-01,-7.730642139621223263e-01,-7.434539089903174913e-01,-7.891707040569982956e-01,-6.710472199019126283e-01,-6.247086135772538240e-01,-6.326391000520185104e-01,-6.976173366308102697e-01,-7.542228626891128718e-01,-6.849721053216707434e-01,-7.122690873299325487e-01,-7.691173952489461785e-01,-6.806074347438848537e-01,-5.769563116483769072e-01,-6.420736425708094552e-01,-6.685865837212529028e-01,-6.590556020678232096e-01,-5.947920889606608252e-01,-6.057729465453385309e-01,-5.785478754758976994e-01,-5.779723367474814966e-01,-5.782199401088979895e-01,-5.762975510190987416e-01,-5.936809435669073709e-01,-5.461722772148122074e-01,-5.873919985395529286e-01,-5.477592697895780072e-01,-5.244348583236281280e-01,-6.073152234667859029e-01,-5.319143854061417764e-01,-5.145760201212498108e-01,-5.445870482325942952e-01,-5.475726164316303546e-01,-5.243135397594905767e-01,-5.672257618866890505e-01,-5.607701031225301724e-01,-5.647075751157776269e-01,-5.712004803977670520e-01,-5.545153204018695714e-01,-4.894315123882354568e-01,-5.481482761156364347e-01,-5.435428458024780252e-01,-4.924777628901911841e-01,-5.037502919839175197e-01,-5.596241181196528469e-01,-4.840880996524407065e-01,-5.521099205297932411e-01,-5.363942616894921134e-01,-5.268510158890111761e-01,-5.186527363390196488e-01,-5.114752265220779970e-01,-5.134569003427725820e-01,-5.528534594151430781e-01,-5.382047592911580747e-01,-5.507769256288767012e-01,-5.054833754225935838e-01,-5.640573238354373853e-01,-4.977760376934421416e-01,-5.094716791810917078e-01,-5.230143390710917384e-01,-4.157067676121775079e-01
-1.191847188166518176e-02,-1.631399914969908216e-01,-1.846889117258810609e-01,-1.742498227582007786e-01,-3.620544871087734706e-01,-3.922929502356103382e-01,-4.799687958427878431e-01,-3.891233589563552475e-01,-3.608694040165296157e-01,-3.063922327699340475e-01,-3.542652348798387973e-01,-4.080453995384872856e-01,-3.632210094375938891e-01,-4.270553984246799328e-01,-4.681463510840639941e-01,-4.593205797095552545e-01,-5.323387610761987077e-01,-7.157256110914468339e-01,-5.909375368773434056e-01,-6.501185777395693810e-01,-7.151720823440311792e-01,-6.190455604315695526e-01,-7.155342317819806119e-01,-6.389838811459918055e-01,-7.274687705314414332e-01,-7.124809660497190000e-01,-6.457271827083512772e-01,-7.656733259714643136e-01,-7.018829750071965412e-01,-6.487611579731730194e-01,-6.555479373199765147e-01,-5.784942313177560136e-01,-6.608392300099800165e-01,-6.626010208761687892e-01,-6.139948437305111639e-01,-6.704821642004604731e-01,-6.116508776439183448e-01,-5.680763919476101709e-01,-5.576885062536905968e-01,-5.856238039241670190e-01,-5.637730556477261734e-01,-5.262320123421014850e-01,-5.949674650843539414e-01,-5.419824571275438929e-01,-5.944614455286657551e-01,-5.337399876238024810e-01,-5.255023941803675935e-01,-5.504573292339821622e-01,-5.187602906947316184e-01,-6.101907998488839135e-01,-4.988416775902567157e-01,-4.936845893372659999e-01,-5.738521899074433552e-01,-5.312886309399706963e-01,-4.810013475950717932e-01,-5.367537111725834142e-01,-5.237864397585950682e-01,-5.575876824581251778e-01,-5.476120243491556794e-01,-5.597144463092528222e-01,-5.404168778179193611e-01,-5.431679942909345415e-01,-5.697078844326231017e-01,-5.244619170343346459e-01,-5.810198498299057324e-01,-4.765122820954459937e-01,-5.274021810509873509e-01,-5.010737600207810782e-01,-5.349125392255997813e-01,-5.890336282109915889e-01,-4.862183591874813526e-01,-5.074266063101791069e-01,-4.751350675362289167e-01,-5.009287441123733142e-01,-5.447694086668924962e-01,-5.088456287106997156e-01,-4.834924926198487238e-01,-5.767448609830321260e-01,-4.457707903682965878e-01,-5.138473694016828519e-01
-7.210013852621427466e-02,-9.385059389501430871e-02,-2.290316165077479482e-01,-1.492793504427998852e-01,-3.443608825902454984e-01,-2.677430033248621721e-01,-4.048198128089774972e-01,-3.603675266192310489e-01,-3.219817200552735903e-01,-4.758137308833614298e-01,-3.086714069886943301e-01,-3.675645096717643501e-01,-4.192604611021925054e-01,-4.048827271555702767e-01,-4.422581616357614265e-01,-5.048225210553368703e-01,-5.395194801964673381e-01,-6.020448994844247448e-01,-5.734372179291672422e-01,-6.789480898806687925e-01,-6.521887737842705368e-01,-6.404265724545493699e-01,-7.314991320300106015e-01,-7.012393537772533270e-01,-7.747941610455517658e-01,-7.004073503596014438e-01,-7.106623946769923261e-01,-6.587861029323427431e-01,-7.384863427957889526e-01,-6.152354618411858267e-01,-6.662786352818144131e-01,-6.122549078998297256e-01,-5.963204316076172740e-01,-7.235077771327360630e-01,-6.041223813189594560e-01,-6.129639093235620395e-01,-5.724496622885356656e-01,-6.501218350907953525e-01,-6.232670522030362426e-01,-5.458277011040059135e-01,-5.590508768369772952e-01,-5.747761738395387177e-01,-6.000350126442129950e-01,-5.740510658949674605e-01,-5.542862016846652473e-01,-6.000162731436492480e-01,-5.854475014097957342e-01,-5.329276036968130237e-01,-5.338768986802402416e-01,-5.710414528440155291e-01,-5.644669821041267133e-01,-5.497488880055205751e-01,-5.601125612986674884e-01,-5.376731117816416772e-01,-4.690851748285523315e-01,-5.397256899307051325e-01,-5.043048452460179298e-01,-5.293914186044424985e-01,-5.605183906216330003e-01,-5.534091903987119476e-01,-5.030641786614252764e-01,-5.309457858025089516e-01,-5.613081824985869384e-01,-5.499902479239054953e-01,-5.454824138741092288e-01,-5.054884045775753787e-01,-5.232802364803729178e-01,-5.917987435410121400e-01,-5.123544559998168824e-01,-5.507974288007454478e-01,-4.859753058859025421e-01,-5.262925639838120784e-01,-4.787318177546339704e-01,-5.784567926568963125e-01,-4.880945623719764037e-01,-5.000060915700352826e-01,-4.486659024644131799e-01,-5.180393772760832904e-01,-5.195909180434590269e-01,-4.447380138363106750e-01
-5.398493216666893496e-02,-1.034816603815037622e-01,-1.995267932753313489e-01,-1.495747701374477434e-01,-1.746331375395638319e-01,-2.872153143499795447e-01,-3.026559736548722901e-01,-3.482228072818926989e-01,-4.302272188764967309e-01,-4.331925659815930030e-01,-2.998066368413259686e-01,-3.115766685933359370e-01,-3.217825442199256369e-01,-4.202943268265111887e-01,-4.053800763347593650e-01,-4.800542106373885676e-01,-5.062514833301737793e-01,-4.814345296747193914e-01,-5.719235981684642756e-01,-5.876630721200100105e-01,-6.327754160208735046e-01,-5.838404463743472883e-01,-6.496140051353206379e-01,-6.675060755642534538e-01,-6.805601607728644087e-01,-6.576694640727001051e-01,-6.666638075422501863e-01,-6.563251756802094272e-01,-7.202701951764080013e-01,-6.666339340086657739e-01,-6.230646177166411226e-01,-4.997805720079235292e-01,-6.706153195456706628e-01,-6.109323165103249798e-01,-5.586713675722909667e-01,-5.825285471601737708e-01,-5.711194731332710495e-01,-6.393841243162916577e-01,-5.911649261008407041e-01,-5.550073930086705243e-01,-5.788214205777670873e-01,-5.423755365373744697e-01,-5.768515256572038785e-01,-6.282606786149318445e-01,-5.827153961179447617e-01,-5.342985048795264591e-01,-5.835227549286109427e-01,-5.100468444731622863e-01,-5.571919626743953025e-01,-5.646183015929392424e-01,-5.517220036542597184e-01,-5.661158128846860427e-01,-5.069797369676996013e-01,-5.669414753864523426e-01,-4.709669929589642146e-01,-5.745326673839917797e-01,-5.317731220700481209e-01,-5.249601165850887874e-01,-5.257518773372680254e-01,-5.595900401890927522e-01,-4.747518205027781435e-01,-5.680992783559247750e-01,-4.875703412472187637e-01,-5.385708413500027714e-01,-5.118445859537775755e-01,-5.362037502192703586e-01,-5.780326279566080361e-01,-5.217606328702734109e-01,-5.184491068717121953e-01,-5.206391583246591237e-01,-5.462084547304332238e-01,-5.230159121204392969e-01,-5.274928440413151343e-01,-5.346878985747560709e-01,-5.222644297593207474e-01,-4.820087018672289392e-01,-4.610934742475263359e-01,-5.375627536825506869e-01,-4.784335620770694408e-01,-5.433538534946330545e-01
-6.345645063477386993e-02,3.451080412365414851e-03,-1.469146938511546319e-01,-1.398156574879983460e-01,-2.082400743982925073e-01,-3.762819505274758169e-01,-2.737022995919505819e-01,-3.284736052278628415e-01,-2.781827407593067680e-01,-3.484017767756252826e-01,-4.162931403700901867e-01,-3.143350123218000003e-01,-3.747696740713350461e-01,-3.627266107778251425e-01,-4.215300349488810272e-01,-3.933705573576461445e-01,-5.433444509916270926e-01,-4.918771091260581985e-01,-6.025232763175264461e-01,-6.411342723611340721e-01,-5.565087421175228810e-01,-6.521516108329870054e-01,-5.908567335700768419e-01,-7.424711057216112353e-01,-6.951746958710732782e-01,-7.524641531918823123e-01,-6.816169281551122117e-01,-7.298086404514971814e-01,-6.910015623015302033e-01,-5.787890517819007652e-01,-5.877212719767260785e-01,-6.371101871369193592e-01,-6.486848154275672851e-01,-6.270187886725351323e-01,-6.242170551776402565e-01,-5.588313056918984278e-01,-5.897996350968732759e-01,-6.763451325193637897e-01,-6.295615098462249426e-01,-5.789800289576033654e-01,-5.424309229839443525e-01,-6.282340490343722994e-01,-5.423729840920841205e-01,-5.322208638742672582e-01,-6.052472278615954604e-01,-5.176985631093250495e-01,-5.197541015605607884e-01,-5.426550552781962411e-01,-5.750000801695394070e-01,-5.348413000252806304e-01,-5.340528872880967448e-01,-5.617718723363142042e-01,-5.183942627914489565e-01,-5.487411445691020573e-01,-5.326102581177670769e-01,-5.409325098524949693e-01,-5.634364155855225986e-01,-5.409126776640140744e-01,-5.500423575713682123e-01,-5.565960427109608588e-01,-5.110385799708878629e-01,-5.033906892023856106e-01,-5.838429488244668564e-01,-5.513940926303460000e-01,-5.262793342945919495e-01,-4.658862501002086765e-01,-5.697383339604855657e-01,-5.513772775263533488e-01,-5.438096897022437481e-01,-5.291485782394733661e-01,-5.067636375839775775e-01,-5.306559377413233580e-01,-5.186822498575272000e-01,-5.673400747899367547e-01,-5.488492427354344505e-01,-5.178026904234136474e-01,-5.565611846086915282e-01,-4.628329672497054070e-01,-4.908426266367005852e-01,-4.757760136022504693e-01
-3.924021969340767135e-02,-2.692017321250807921e-02,-1.476703592935121601e-01,-4.680445187746033742e-02,-2.428854628300755880e-01,-2.467191592436116798e-01,-2.518642848212983010e-01,-2.843145500955613358e-01,-3.575415189669117755e-01,-3.598204313344165461e-01,-3.385725066942150141e-01,-3.024316913632472681e-01,-3.312192526610976961e-01,-3.263266909297245499e-01,-3.735118582030898526e-01,-3.966689428655233995e-01,-4.570807925637350166e-01,-4.943691259144812888e-01,-5.865498081165044786e-01,-5.467496677456638032e-01,-6.508087516816275508e-01,-5.758478380318923229e-01,-6.938881986096390175e-01,-6.824403592235454008e-01,-6.624915229700276686e-01,-6.457014999823711410e-01,-6.468577943270907848e-01,-6.986760695299001345e-01,-6.895729527823488691e-01,-6.007131742231588412e-01,-6.053260994472402512e-01,-5.955050417302146792e-01,-6.108400020597591906e-01,-5.531711610138034807e-01,-6.213313042102609485e-01,-6.339503438876659125e-01,-5.743997815250750927e-01,-6.479087886704876231e-01,-5.870762331530965383e-01,-5.982250928579933014e-01,-6.012107697830489927e-01,-5.958105966178133261e-01,-5.462043412444808066e-01,-6.053082359699020198e-01,-5.608439643236413641e-01,-5.673744785179796191e-01,-6.250743950470741828e-01,-4.618666605797109859e-01,-5.435520645636711112e-01,-5.340967244914800460e-01,-5.411614107606173008e-01,-5.081320325885172462e-01,-6.073635162344596106e-01,-5.105458907529750734e-01,-5.002940024396905772e-01,-5.482097337116851321e-01,-5.899779109513886288e-01,-5.534542530635815361e-01,-5.307887345362983789e-01,-4.958527315109423905e-01,-4.900993494165770681e-01,-5.518275895528190755e-01,-5.066396763954791327e-01,-4.527182198548855840e-01,-5.362881360651794438e-01,-5.740642573806161719e-01,-5.212992511195312373e-01,-5.042905102946676488e-01,-5.084162402898938504e-01,-5.073776844476045600e-01,-5.704365333245245973e-01,-5.839412359647743189e-01,-4.970738935543146386e-01,-5.526027398109061295e-01,-5.426570308322277159e-01,-5.179230617208067100e-01,-4.759767567138527000e-01,-4.625921868242348634e-01,-5.127562834402555891e-01,-4.681497511603400219e-01
-7.473079442851339460e-02,-7.074257254628894820e-02,-1.368896577971766837e-01,-2.208919172661112651e-01,-1.467051740512469449e-01,-3.435260526825925642e-01,-3.508649625779994841e-01,-2.711302907143651741e-01,-3.179505397714669779e-01,-3.783287654308172820e-01,-4.062579336674314034e-01,-2.863300636147776412e-01,-3.239015069514478151e-01,-3.101419719575063683e-01,-3.990658382874730514e-01,-4.193303852795799425e-01,-4.496473323858622972e-01,-5.135826878896537773e-01,-4.369561418748043602e-01,-5.710913855981462062e-01,-5.589561868223552610e-01,-5.638471616356667271e-01,-6.232242150537722347e-01,-5.430700672036110621e-01,-6.829066817595010885e-01,-6.964141331859808881e-01,-5.613440952970863984e-01,-5.863997460420194985e-01,-6.041869505584832600e-01,-5.706362121270046606e-01,-5.985267819969571912e-01,-5.392430641732730567e-01,-6.300640756420027300e-01,-5.653806701069349350e-01,-5.927608449158585646e-01,-6.513930759167673168e-01,-5.917703819089938921e-01,-6.215785213703050038e-01,-6.177688170756729935e-01,-5.604432667639974719e-01,-5.919123134645014606e-01,-5.919802000108663753e-01,-5.788365200992188209e-01,-5.713642308097355293e-01,-5.871374558621921258e-01,-5.417712017213267561e-01,-5.732116620545417707e-01,-5.821064930952949412e-01,-5.521408159265459581e-01,-5.623259468059002009e-01,-5.625646735412692667e-01,-5.262615669699139964e-01,-5.829719640027963834e-01,-5.177565805409723998e-01,-5.328847861282952625e-01,-4.754008673649413597e-01,-5.731267283545667945e-01,-5.426778122924237335e-01,-5.277630755069515622e-01,-4.923566887338928222e-01,-5.480396153736843967e-01,-5.182905114996951834e-01,-5.473057310765840899e-01,-5.244153218112230785e-01,-5.088783198927374629e-01,-5.007684976910969921e-01,-4.870227614574161312e-01,-5.326388322005267684e-01,-5.233697172100550965e-01,-5.012611523502824573e-01,-5.875842626071433594e-01,-5.433917596606256950e-01,-4.573125394925877107e-01,-5.203617087425128629e-01,-5.438114703926691940e-01,-5.003304815748899070e-01,-5.380527641063356237e-01,-4.994192616089616066e-01,-5.739703134778211258e-01,-5.525549092186723410e-01
-5.630668189497921999e-02,-1.059622817030135417e-01,-1.573065267983601301e-01,-1.859657742323389540e-01,-1.786390935143173098e-01,-2.827670937388336858e-01,-2.475476693349737689e-01,-3.284137619098218552e-01,-3.420592778481313934e-01,-2.611795971665413774e-01,-3.679588439426542124e-01,-2.933212165668602767e-01,-3.180035041130406248e-01,-3.639565136480625851e-01,-3.711368488952206390e-01,-3.736518664144238278e-01,-4.204314593663293631e-01,-4.576519652499746460e-01,-5.325251638569817869e-01,-6.138590627130490196e-01,-4.977457092718007292e-01,-5.762996117697056775e-01,-5.981620302512268283e-01,-6.415399264929325662e-01,-6.293532724817382240e-01,-5.962225882744118799e-01,-6.325979709593471112e-01,-5.701459480354897913e-01,-6.020190815760539937e-01,-6.092180410470876550e-01,-5.356476737694531032e-01,-5.947327754622733220e-01,-5.440246592045987484e-01,-5.591689589269309701e-01,-4.734538466612586149e-01,-5.455362062230250109e-01,-5.455545940963472118e-01,-5.966796673821754826e-01,-6.029010184276973883e-01,-5.547353103273710007e-01,-5.671935985823416404e-01,-5.906342746088885098e-01,-5.693646630423093713e-01,-6.059629805784434442e-01,-5.195996989826797696e-01,-5.612369669077614809e-01,-5.059790923248789207e-01,-5.810352409681400765e-01,-5.155384165896766957e-01,-5.010760820054721565e-01,-5.517395210413872375e-01,-5.198094929271337428e-01,-4.893096577728248686e-01,-5.722496479182442863e-01,-5.309703481093485111e-01,-5.250584207040130957e-01,-5.690018233839883033e-01,-5.581450304976873777e-01,-5.385971258869766132e-01,-4.640647322945227748e-01,-5.473216424159036420e-01,-5.476170799703101721e-01,-5.498386397737803355e-01,-4.814028270227721507e-01,-5.450798321942345037e-01,-4.932445900210798984e-01,-5.583030273339545380e-01,-5.406470405340916274e-01,-4.957192416320468364e-01,-4.943544854539175248e-01,-5.311301386858071627e-01,-4.915797754308477985e-01,-4.797753431497795984e-01,-5.757298384644182754e-01,-5.097149572019844532e-01,-5.125384309566857199e-01,-5.234378592416836229e-01,-6.055852644222952108e-01,-5.482440555866175957e-01,-5.537582702524546097e-01
-1.132777706675872909e-01,-2.908996813253630562e-02,-1.250534761986903665e-01,-1.748294771731238317e-01,-2.627701619120291765e-01,-2.264565281352549087e-01,-2.474671656648564366e-01,-2.408252975793311046e-01,-2.289146246244912197e-01,-2.975959304170928688e-01,-3.506463385503440500e-01,-2.820290306505963129e-01,-2.776642600916245929e-01,-3.067851627082104349e-01,-3.240550881153790863e-01,-3.617468778370076521e-01,-4.210095028816339124e-01,-4.902704956768489386e-01,-5.077677965755472700e-01,-4.611127428217429158e-01,-5.483320215816359644e-01,-5.244497294296539547e-01,-5.204949547816902777e-01,-6.552840291644138615e-01,-6.041030190118383825e-01,-6.901356253523668327e-01,-5.548081010037431149e-01,-6.192619975492145157e-01,-5.764772839249379111e-01,-5.947679739279061462e-01,-5.401036670821132146e-01,-5.665979384143573494e-01,-5.970549635384342357e-01,-5.471464143803359548e-01,-5.709687398509510903e-01,-4.871275283416788282e-01,-5.714829805573520272e-01,-5.881261746294954573e-01,-5.770315762708959628e-01,-5.499295392277284700e-01,-5.985400113846921499e-01,-5.979996507373814829e-01,-5.598620343342983752e-01,-5.381605601607016842e-01,-5.388715245726837244e-01,-5.223663673606239177e-01,-4.915893564772595425e-01,-5.591700460591584321e-01,-5.172241256831797696e-01,-5.206322303468259305e-01,-5.565742234863235716e-01,-5.482545565015384259e-01,-5.902796600474072841e-01,-5.268448554012411522e-01,-5.334890313632788539e-01,-5.961791964720106751e-01,-5.503419281683776809e-01,-4.656247849774479142e-01,-5.317639686588933046e-01,-5.541581797819140620e-01,-5.195926125585486055e-01,-5.182766764898324441e-01,-4.281002438513678010e-01,-5.986622556135802187e-01,-5.864207038752241585e-01,-4.921922156563200423e-01,-5.855866943267901137e-01,-4.756367166448496886e-01,-4.968080615626170315e-01,-5.805185300971966722e-01,-5.477241955263938422e-01,-5.673947472865006336e-01,-5.567223783012429372e-01,-5.586147570398665163e-01,-5.625443856872923698e-01,-4.886397009950070314e-01,-4.970539772691714986e-01,-4.259757811107303671e-01,-4.610616422813301196e-01,-5.011161381178980134e-01
-5.533015430830347942e-02,-1.410943299146009688e-01,-1.496774550488394750e-01,-1.582504371451863845e-01,-1.675285144453647901e-01,-2.324020723002599431e-01,-2.120673417542126571e-01,-1.965824561202293708e-01,-2.531445512217730953e-01,-3.144158182238526722e-01,-3.030586558000332165e-01,-2.703834394463050517e-01,-2.762336676258654866e-01,-3.275484465179434590e-01,-3.294201840438513162e-01,-3.452431814990816195e-01,-3.899449279963631554e-01,-4.299873493480671494e-01,-4.693429101033700923e-01,-5.321332937940866925e-01,-5.451194389824292053e-01,-5.491600809979929609e-01,-5.951890805189420375e-01,-5.459025850170858840e-01,-4.975307274209879171e-01,-5.672544394388824296e-01,-5.964915583481427142e-01,-5.284762139766261413e-01,-5.856745776427124683e-01,-5.154080449709250722e-01,-4.956874694306752649e-01,-4.955024277021899959e-01,-5.184144088103757042e-01,-5.817762293533317308e-01,-5.112800984971904716e-01,-6.376976802086422591e-01,-5.469341846579635069e-01,-5.051471970588592431e-01,-5.383600200319927920e-01,-5.789851240476578953e-01,-5.147394129997178158e-01,-5.352674945968355358e-01,-5.444587641168551206e-01,-5.849742778466670012e-01,-5.661968598609976588e-01,-5.437986579233482498e-01,-5.304721887047503248e-01,-5.349595796525628000e-01,-5.660387026466061622e-01,-5.049515027468827189e-01,-5.119214263428260026e-01,-5.368458870440735442e-01,-5.486389934477388097e-01,-5.877446790318207048e-01,-4.466562609340665180e-01,-5.594972571987278931e-01,-5.410146122686358972e-01,-4.975703800258501341e-01,-5.610741976273295739e-01,-5.149777491755913594e-01,-5.032413879533251810e-01,-5.208441041973446151e-01,-5.118983794748241944e-01,-5.350689588121522178e-01,-5.184639359431597594e-01,-5.110237570796899442e-01,-4.773027665906804384e-01,-4.728133829644500796e-01,-5.836339281241090804e-01,-4.608196272753731781e-01,-5.432480294872511495e-01,-5.113434569735610946e-01,-5.232786151909031291e-01,-4.466703871692684902e-01,-4.895179558853003376e-01,-5.190980078029346911e-01,-5.411764196625572509e-01,-5.073925750098136067e-01,-4.947774908959577944e-01,-4.993590682273403303e-01
1.911787915295329408e-03,-3.532288667626402867e-02,-1.080715594621985548e-01,-1.701517198528970376e-01,-1.712706371918104320e-01,-2.131307261784545493e-01,-2.005467306695231933e-01,-2.417468777343695086e-01,-2.240924689463317521e-01,-2.731063570359511528e-01,-3.285039700133269847e-01,-2.566655505033630380e-01,-2.940630405569660266e-01,-2.671797597574123162e-01,-3.709168794237674982e-01,-3.772655545234722685e-01,-3.502958699251669805e-01,-5.128187162443155200e-01,-4.665416926859453084e-01,-4.160304469233123137e-01,-4.843763512999732512e-01,-5.349987556559572255e-01,-5.601605926218561349e-01,-5.601805537783779432e-01,-4.845423890622140295e-01,-4.853557073393224286e-01,-5.337532886184591652e-01,-5.651582395100931411e-01,-5.373869700159599194e-01,-4.980347969907774064e-01,-4.815513184254264223e-01,-5.481748102198622519e-01,-5.555527558056524429e-01,-5.471117458539584977e-01,-5.149039768519551030e-01,-5.299361282774986970e-01,-6.232749069812589804e-01,-5.799125943836049846e-01,-5.235576330976848825e-01,-5.420817922174916426e-01,-4.941592726495162013e-01,-5.416478177616002032e-01,-5.316406495315704195e-01,-5.673270729404954471e-01,-5.820337974817679783e-01,-5.630501504268887736e-01,-5.823959846294906040e-01,-5.393752214962519442e-01,-5.741160157755318405e-01,-5.107563301304141046e-01,-5.716978168386760428e-01,-5.488857358712654344e-01,-5.241559117766699805e-01,-5.240436747006483875e-01,-5.832447733683913116e-01,-5.622044722131970262e-01,-6.053310018547413129e-01,-5.457023129128232286e-01,-5.648682743604053202e-01,-5.898838905262671073e-01,-5.218498125195670800e-01,-5.406111967962548004e-01,-5.326179526342119663e-01,-5.719571788338341234e-01,-5.920776251605196494e-01,-5.595678215468115058e-01,-4.849470049201344279e-01,-4.965012367939991011e-01,-5.216620464606502861e-01,-5.122385591488568535e-01,-5.225084970606025392e-01,-4.505678065209916539e-01,-4.831503695720171243e-01,-4.746745343644765414e-01,-5.530847803034916188e-01,-4.957522721341207639e-01,-4.856926687489904193e-01,-4.977896004889628689e-01,-5.267351358733162181e-01,-4.942215675790199159e-01
-7.701580683074217559e-02,-5.980244907291724921e-02,-1.925522237306157292e-01,-1.926409627055578055e-01,-1.122992294217560055e-01,-1.770260458910110635e-01,-2.208517368283791360e-01,-2.037343313453205684e-01,-2.950099688973898404e-01,-2.679930545541918119e-01,-2.570948402250584075e-01,-2.561094881149851288e-01,-2.615811398253106157e-01,-3.055122170326036168e-01,-3.634833332770929237e-01,-3.704150368343988031e-01,-4.727333574244861891e-01,-3.894686842378441982e-01,-4.333177569443992794e-01,-5.185268377845750898e-01,-5.222787232771057830e-01,-5.428137157653040168e-01,-4.426600349855306926e-01,-4.605827880760064996e-01,-4.340210792659272010e-01,-5.695254911401025355e-01,-5.518366582428192446e-01,-5.375346299097093494e-01,-4.619127772595570947e-01,-5.189920514064845225e-01,-6.256037355377325193e-01,-5.404056458280662723e-01,-4.744847925699293145e-01,-4.679409016218896156e-01,-5.250230565163310770e-01,-5.634482695731748425e-01,-5.675600323842924233e-01,-5.196377480655302028e-01,-5.438481974006695863e-01,-5.505566790035991698e-01,-5.712306975353034222e-01,-5.658421519412853984e-01,-5.020693229444538330e-01,-5.320297548791195208e-01,-5.926804134373975241e-01,-5.241346802709457853e-01,-5.960414723153694139e-01,-6.054008389044739369e-01,-5.161994490287268311e-01,-5.360912020421113588e-01,-4.842729388766118803e-01,-5.269016585942888353e-01,-5.067495815613551891e-01,-5.678675298693328655e-01,-5.243667514865874013e-01,-5.799294328862669712e-01,-5.914815258099656026e-01,-5.510373380116335706e-01,-5.448906938656803423e-01,-4.721602107493597100e-01,-5.425258231231887551e-01,-5.524018207032669325e-01,-5.673692722074569206e-01,-5.679887152714352405e-01,-5.580641674615068881e-01,-5.808633053917607869e-01,-5.320028976288075917e-01,-4.960398829609598548e-01,-4.775406237247850072e-01,-4.927018403940359170e-01,-4.507070604899229838e-01,-5.268144826058462904e-01,-4.789369637723629447e-01,-4.836083677877652809e-01,-5.475729816292499441e-01,-5.172854238341174637e-01,-4.514616288467667160e-01,-5.563871345745983188e-01,-5.317260075273245734e-01,-4.609546446575190637e-01
-5.467854834250945179e-02,-2.762856348710647850e-02,-8.977737652151322745e-02,-1.453864044725626803e-01,-1.110621928237884720e-01,-1.612411060674797114e-01,-1.885899362175693372e-01,-2.125644450219739967e-01,-2.642462067466609943e-01,-3.086996111632346884e-01,-2.362349801809738026e-01,-2.483468965458779099e-01,-2.748380722084834415e-01,-2.975845560912608878e-01,-3.027501718338705405e-01,-3.612892150534815494e-01,-4.321976219466583946e-01,-3.629574272518149569e-01,-4.230130027733824960e-01,-4.735875634248228883e-01,-4.345424503244496583e-01,-4.914250802615989233e-01,-4.864640926314803826e-01,-5.106353186609313699e-01,-4.737452869664669497e-01,-4.946530790387343446e-01,-4.788705375650453844e-01,-4.948272644328470249e-01,-4.786614933668577043e-01,-5.248106324906909315e-01,-4.808808131415041598e-01,-5.143401544185653984e-01,-4.791671730091155990e-01,-4.457554496256047605e-01,-5.365305432171861844e-01,-5.576073119560339686e-01,-4.911644471437645598e-01,-5.604934813858090115e-01,-5.203956059910903598e-01,-4.820085570287676591e-01,-5.088500734338988751e-01,-5.032556794512765830e-01,-5.623396441936214796e-01,-5.474838898154560374e-01,-6.033017800294703248e-01,-5.584958351035512747e-01,-5.698255418858088062e-01,-5.408322251173912631e-01,-5.630814444853300405e-01,-4.489063162076398772e-01,-4.968608573994658384e-01,-5.659892449771840583e-01,-5.663939934779613772e-01,-5.054170223332199452e-01,-5.074049480297915249e-01,-5.409812275829779527e-01,-5.059946836280301286e-01,-5.313782726241164101e-01,-5.429784537085897700e-01,-5.249109819377243413e-01,-5.240254403562066843e-01,-5.629814384690076112e-01,-4.753583971296632127e-01,-4.880290923315776519e-01,-5.132503891733737333e-01,-4.905930756522890457e-01,-5.282499361040029484e-01,-4.996685358929954801e-01,-5.283531736509362586e-01,-4.970710752074147809e-01,-5.711770591345786130e-01,-4.830295708765292573e-01,-4.945903009030422903e-01,-4.921749508608003754e-01,-5.816143863905984812e-01,-5.969969393761621612e-01,-5.124719139389319889e-01,-5.304711840560749625e-01,-5.435361819383807136e-01,-5.684496415600808206e-01
-7.353816084495408412e-02,-1.145452622982000845e-01,-8.332808589264728560e-02,-1.413610880794083924e-01,-1.247311647092084474e-01,-1.565276623076281848e-01,-1.927976108368235075e-01,-2.407655095729936690e-01,-2.167229482112432437e-01,-2.701957615769555732e-01,-2.234232789548165621e-01,-2.530694881082267700e-01,-2.703245032324246844e-01,-2.987359542206559637e-01,-2.918967411789351596e-01,-3.465295883430377644e-01,-3.624534653466705558e-01,-3.808282901281929145e-01,-4.407778661404542220e-01,-4.632375708119381152e-01,-4.592814396726844217e-01,-4.564983509422224084e-01,-4.972462270982817567e-01,-5.121298522646187124e-01,-4.505597916926458724e-01,-4.471168150324952295e-01,-5.204426749066149993e-01,-4.727790013989404128e-01,-4.548470845991262057e-01,-5.092836130491776858e-01,-4.403616990508678608e-01,-4.363171255298389228e-01,-4.707067932812012967e-01,-5.534337429192978108e-01,-5.235414006475854753e-01,-5.009658230597922035e-01,-5.179715860287902318e-01,-5.066002810319922833e-01,-4.671805770241321265e-01,-5.580706035482022598e-01,-5.456249480733407209e-01,-4.655315046661308021e-01,-5.047852848316520813e-01,-5.660225734913676421e-01,-5.680520450588992798e-01,-5.394537696638362911e-01,-5.404174474082147350e-01,-5.994594272922676437e-01,-5.567672933275508163e-01,-5.380292210625121641e-01,-5.256794476527698601e-01,-5.244723845553492803e-01,-5.513148689886322451e-01,-5.021048785072582676e-01,-5.275279321203691918e-01,-4.488127366005553731e-01,-4.686047511682773226e-01,-4.911726078952747820e-01,-5.086475126467756569e-01,-4.991877059172634135e-01,-5.273703386263395299e-01,-5.255917901273114978e-01,-5.337705877804633792e-01,-5.586129641262803647e-01,-4.902069317708251384e-01,-5.252581298476918237e-01,-5.614380848783777633e-01,-5.581055897958027145e-01,-5.301941385692909847e-01,-5.647475834140378570e-01,-5.842703917186429230e-01,-5.031472551031326290e-01,-5.110790999736394280e-01,-5.746182608434424743e-01,-4.496463597164928050e-01,-5.156908472778367614e-01,-5.944513272764188061e-01,-4.641978811289186324e-01,-5.002795473509503710e-01,-5.012447489914561016e-01
1.268471747281896267e-04,-6.828585053398046611e-02,-1.229437161603523093e-01,-8.793526891599476314e-02,-9.741709459682762473e-02,-1.307221585218912296e-01,-1.687720579524501219e-01,-1.971383834023183179e-01,-2.434118231352845885e-01,-1.958418010193604120e-01,-2.297276809263588682e-01,-2.368369852296089151e-01,-2.725431625375675515e-01,-2.876859954384617390e-01,-2.897363318717890435e-01,-3.203694858497311837e-01,-3.139915949912566173e-01,-4.124812920520435355e-01,-4.399020960686585990e-01,-4.484898514793309587e-01,-4.075629384883903139e-01,-4.652755943134940231e-01,-4.641286479271425347e-01,-4.426212690376853387e-01,-3.451822664987896361e-01,-4.786370154746856231e-01,-4.554449933026722963e-01,-4.455454624916356243e-01,-4.830825189538089925e-01,-4.530079763424354478e-01,-4.128196387680487245e-01,-4.804803053869657892e-01,-4.808577506036344484e-01,-4.576877762251180259e-01,-5.431556604770404473e-01,-4.656649174695657312e-01,-4.903135858724664287e-01,-4.952136895926157467e-01,-5.402502678564526928e-01,-5.792804167567813245e-01,-5.142771765711773302e-01,-5.655191189073635050e-01,-5.471407675838416695e-01,-5.374379057330455067e-01,-5.080904968967018265e-01,-5.213565595736048275e-01,-5.110815295202537634e-01,-5.364179592957737386e-01,-5.848725092548208160e-01,-5.633461777005801530e-01,-5.498720690911891307e-01,-5.046983447826464131e-01,-5.343158748940303182e-01,-5.525681583772436012e-01,-4.998729877639444541e-01,-5.136963907812079899e-01,-5.238517349241340604e-01,-4.883935518126154007e-01,-5.344833635208986466e-01,-5.230050789558783331e-01,-5.204845064874132898e-01,-5.065690573583780942e-01,-5.376582695270217815e-01,-5.641572062461185366e-01,-5.127772137615587145e-01,-5.280085436621603234e-01,-5.275839729137602463e-01,-5.415494421880181486e-01,-5.382547903675322098e-01,-4.503231606193412451e-01,-5.186618527531693390e-01,-5.451492743477844849e-01,-4.958840945547461354e-01,-5.227957544970012194e-01,-4.823026573016480634e-01,-4.847645599947739692e-01,-4.818556041822363301e-01,-5.010310679742097095e-01,-5.438833521790988890e-01,-5.126536649364471510e-01
-4.577204913307904299e-02,-6.756170337191304276e-02,-9.390198577422355364e-02,-9.986284533256271911e-02,-1.532542650120807259e-01,-1.674644527089959034e-01,-1.839682323155447941e-01,-2.412228942701521994e-01,-2.252739512365206642e-01,-1.945069652383445147e-01,-2.224528721471702719e-01,-2.123520020242812834e-01,-2.632097230644739327e-01,-2.981322858305597845e-01,-3.139160542427556488e-01,-3.255384811514218102e-01,-3.600570350121554686e-01,-3.626270764508065514e-01,-4.110337178715308681e-01,-4.065000087833363085e-01,-4.100552299583949956e-01,-4.401866029288555859e-01,-3.713973281433715079e-01,-4.001665217751785297e-01,-3.977427155234022904e-01,-4.000687535793311378e-01,-4.328602377081945951e-01,-4.742733250632671371e-01,-4.034787430734790847e-01,-4.440724692336623369e-01,-4.755249684982945646e-01,-4.292825731691474189e-01,-3.929479147781228532e-01,-4.783047464684093142e-01,-5.190927998209785565e-01,-4.669476604483402959e-01,-5.096109446973150492e-01,-5.123201130955555849e-01,-5.489674641364743479e-01,-5.174128073236466951e-01,-4.927626264742001050e-01,-4.986113086564611385e-01,-5.124863913097618129e-01,-4.880603046100684406e-01,-5.422658091415007986e-01,-5.411498162244898769e-01,-5.103563446533289083e-01,-5.523108301228865091e-01,-5.218610929716148705e-01,-5.149464276097720505e-01,-5.150739038217744259e-01,-5.051073673945435383e-01,-5.397614686182821142e-01,-5.011323050768614618e-01,-5.414833228960694855e-01,-4.715156606716320864e-01,-5.497541938528871519e-01,-4.258191936869784588e-01,-5.208978669991057853e-01,-5.394320745012753937e-01,-4.905862663437466908e-01,-5.239993283469800422e-01,-5.437699132739824970e-01,-6.302527505939992114e-01,-5.713974845444338424e-01,-4.915133887768859400e-01,-5.312194213614263028e-01,-4.901680552883107556e-01,-5.664650112973831364e-01,-5.649768898352652835e-01,-4.411471873139060640e-01,-5.245786060574967324e-01,-5.288336970541501758e-01,-5.138154626899622546e-01,-4.976996375658228611e-01,-5.060849355893485280e-01,-4.788130653170190598e-01,-4.936862511581354140e-01,-5.275236936745820726e-01,-5.408894205223219176e-01
-3.593960333589617945e-02,-5.487365987383546057e-02,-6.749044847000881808e-02,-1.214449937917528033e-01,-1.247395354846280030e-01,-1.390334326688061894e-01,-1.929109940972458248e-01,-2.401279734727621296e-01,-1.732292690355154430e-01,-1.820704738277934831e-01,-2.426315913423496007e-01,-2.454757134813743968e-01,-2.827263366768013597e-01,-2.770205256662954252e-01,-3.249682524431344310e-01,-2.893272128376842001e-01,-3.681064830676701316e-01,-4.013956559608330976e-01,-3.560139594973149579e-01,-3.478384883230793423e-01,-3.712530253610097919e-01,-4.088511876238006271e-01,-3.875276402889093474e-01,-4.166840037314276657e-01,-4.139464073633730701e-01,-3.954636172312480658e-01,-4.094151284682882030e-01,-4.079026787035708868e-01,-4.167614891487648188e-01,-3.917680193712317904e-01,-4.959453783099592727e-01,-3.809389823196378533e-01,-4.540648719834687319e-01,-4.793100217486409020e-01,-4.301583440501453026e-01,-4.799898745521632981e-01,-5.098180452643602534e-01,-5.122729516575325048e-01,-5.340242669199654069e-01,-5.361881867715875272e-01,-5.562592892706005321e-01,-5.327267388447042284e-01,-4.998351693677492991e-01,-5.248365230349029131e-01,-5.476608240909687231e-01,-5.158306392196932988e-01,-5.623910553632581744e-01,-5.434842438245433005e-01,-5.388750035868479227e-01,-5.002480786676293256e-01,-4.937605958513918147e-01,-5.820495482773175855e-01,-4.807868457909236781e-01,-5.108590597345686879e-01,-4.620059974834809791e-01,-5.169281945988786209e-01,-4.710900042396664045e-01,-5.166686333426574462e-01,-5.252601059939757677e-01,-4.668524352070190786e-01,-5.284415337499279719e-01,-5.060066137179626278e-01,-5.705496376196772523e-01,-5.205967364329224800e-01,-5.113847134784675896e-01,-5.010242075520506821e-01,-5.630075836113810350e-01,-5.017326225008139629e-01,-5.361859705764568940e-01,-4.879058206078246140e-01,-5.738357859228693236e-01,-5.050733513427222432e-01,-5.410957828871193476e-01,-5.139180798563143249e-01,-5.348042114374434997e-01,-5.056252255931107387e-01,-4.850009970464591591e-01,-5.221301764830887926e-01,-5.320274646449507649e-01,-4.863589104279913977e-01
-2.280043001861760399e-02,-5.388802597206808487e-02,-7.776842160581501351e-02,-1.440380071932373385e-01,-1.306849495522261484e-01,-1.389673349693746063e-01,-1.555853337088653754e-01,-1.533154704383580813e-01,-1.685050819444065540e-01,-2.170909576528067542e-01,-2.193946248158781809e-01,-2.503506873733409299e-01,-2.690655784552870577e-01,-3.122282686660557971e-01,-2.831512565758186328e-01,-3.287625812857548624e-01,-3.636830151996301441e-01,-3.140708392101262958e-01,-3.926543659522120366e-01,-3.956781496545865306e-01,-4.637491529733187012e-01,-3.903506911372732757e-01,-4.478551818175887100e-01,-3.485889191651342922e-01,-4.141703548260797785e-01,-3.721232352385900333e-01,-4.343382236812451946e-01,-4.202825529607198130e-01,-3.833009074544110328e-01,-4.605033985002486285e-01,-3.960681655151184755e-01,-4.616343025461528415e-01,-4.116677389447739865e-01,-4.226275821660910870e-01,-4.923417155951979596e-01,-4.489789702175545627e-01,-5.395719940573929785e-01,-4.719871630147763342e-01,-4.633062380853382733e-01,-4.500034507950234075e-01,-4.663639049542548931e-01,-4.806364464216779098e-01,-4.902460772323742333e-01,-4.419196228555565265e-01,-4.611654909167259841e-01,-5.001383731501106711e-01,-5.539220129315471919e-01,-5.562634121802827458e-01,-4.741733055632316729e-01,-4.895874167747734096e-01,-5.310626063831361821e-01,-5.290324466354525690e-01,-5.881431305939329723e-01,-5.286466284126279946e-01,-5.343811808972710464e-01,-5.254980986153563460e-01,-4.642892741278533131e-01,-4.875323254208948631e-01,-5.563840083938662584e-01,-5.081037697609639414e-01,-4.544127228810855290e-01,-5.618344849634226978e-01,-5.740433066069754453e-01,-5.004928168639072306e-01,-4.356476352642014715e-01,-5.430921599942456490e-01,-4.130968180262953870e-01,-5.588077971645072362e-01,-5.047767565940017853e-01,-4.243990632041301225e-01,-4.282896965654885424e-01,-5.115009336460188960e-01,-5.476127822772730580e-01,-5.076080923695636127e-01,-4.707650181226696873e-01,-5.323135106210324929e-01,-4.842092646871707928e-01,-4.487025428576987829e-01,-4.866058983570364371e-01,-4.891152679566944661e-01
-4.242207082712741439e-02,-3.864814096155923251e-02,-1.009535322009493530e-01,-1.100376957236845338e-01,-1.054987410746110604e-01,-1.109947293672341601e-01,-1.321871691814208161e-01,-1.455497732040385017e-01,-2.004994553448168348e-01,-2.066168069515291195e-01,-2.073792769998137053e-01,-2.708003664636265961e-01,-2.772173841628094992e-01,-2.397621341646442861e-01,-2.675905598118787365e-01,-2.871014519442910973e-01,-3.253957102526828793e-01,-3.260908867654614407e-01,-3.633008578512306741e-01,-3.485014469913371160e-01,-3.777803715981175592e-01,-4.095161743976634128e-01,-3.651849055177692205e-01,-3.951547200094986390e-01,-3.479419713382178592e-01,-3.649264269250915294e-01,-4.342741060671286291e-01,-3.663049090955415865e-01,-4.084048486986919801e-01,-3.639545878113537580e-01,-3.735957623170306774e-01,-4.401354682828923504e-01,-4.874982301970382514e-01,-4.286967198794887079e-01,-4.541951293648543997e-01,-4.231798465462575654e-01,-4.486616386052720840e-01,-5.008291163273939084e-01,-4.852569557678318435e-01,-4.170330894867453342e-01,-5.189448452773786080e-01,-5.445759095970122976e-01,-5.272546960978460318e-01,-4.554981446409257506e-01,-5.058839983456037137e-01,-4.928556743972450360e-01,-4.878933732091452202e-01,-5.266372686535332193e-01,-5.498606744035914318e-01,-5.948924862835885952e-01,-5.567559189787499863e-01,-5.614706618677166583e-01,-5.749530600314426421e-01,-4.891476544890804856e-01,-5.527160013409306849e-01,-5.725712742122206489e-01,-4.930701636973831570e-01,-5.329275719320927251e-01,-5.315008985774840600e-01,-5.196852144056046674e-01,-4.833258290787262879e-01,-4.914580714020175267e-01,-5.196805989424099215e-01,-5.399315367848859237e-01,-4.917465252829628097e-01,-5.324081287090528525e-01,-5.253748263837176857e-01,-5.826862511436108338e-01,-5.428492149758602503e-01,-4.939142315033733799e-01,-5.432101200218665271e-01,-4.876977534740527531e-01,-5.189880466860619102e-01,-5.075660577649079297e-01,-4.616985154877893405e-01,-5.338703271927008887e-01,-5.374813322031574137e-01,-5.022637222150220238e-01,-5.728261977981345954e-01,-4.765764663077809993e-01
-4.200354084416610401e-02,-4.825753973025649624e-02,-9.033538817128938803e-02,-7.588558859055846706e-02,-9.542784929547883099e-02,-1.206424455924732936e-01,-1.484246403519692559e-01,-1.494247126696715000e-01,-1.680106181495737150e-01,-1.684189605060540662e-01,-2.200097972941024715e-01,-2.116992148116956518e-01,-1.886012175748078001e-01,-2.479684841300436038e-01,-2.524963969977493949e-01,-2.658079874959344835e-01,-2.837600942703881191e-01,-3.156414104389793640e-01,-3.750444488784702157e-01,-3.126744303916320078e-01,-3.609133657060861755e-01,-3.708987520410448879e-01,-3.647200210253004338e-01,-3.696515948546702512e-01,-3.788537616603893654e-01,-3.769754559138720484e-01,-3.902764180293747387e-01,-3.641174332978812656e-01,-4.028393930663568545e-01,-3.726190016334982036e-01,-3.925730184419987112e-01,-4.420831993874058674e-01,-4.820793018526349227e-01,-3.985639420319122550e-01,-4.609534992318442548e-01,-4.220304250607161967e-01,-5.059592048206931203e-01,-5.343087438315592408e-01,-4.973918443577969861e-01,-4.772730935978358180e-01,-4.795956243937967156e-01,-5.029333130674024099e-01,-5.089590899104325938e-01,-4.790919075768992896e-01,-5.280617793041160191e-01,-4.928220886887417773e-01,-5.042029867659406639e-01,-5.444230687135148683e-01,-5.091520079902703833e-01,-4.688900819736308012e-01,-5.296130831207969125e-01,-5.522421010187270607e-01,-5.618789719692867113e-01,-5.330967037839827727e-01,-5.212827364168399757e-01,-5.159836966098167998e-01,-5.420326404150882516e-01,-4.797499817696088686e-01,-4.757258281365795427e-01,-4.413819392961126908e-01,-4.507315263866936705e-01,-5.550899280491025101e-01,-4.412325985767525105e-01,-5.393107799943952507e-01,-5.018240358499804765e-01,-5.355755620781086357e-01,-5.304061134094184560e-01,-4.820695261113610575e-01,-4.974883293950742025e-01,-5.312418157641494165e-01,-5.058669111702555066e-01,-5.365359848440358626e-01,-4.961829439936143449e-01,-5.281233987504660998e-01,-4.486525343691692425e-01,-4.936372689176142248e-01,-4.328234883507390274e-01,-5.502609134048929151e-01,-5.139080173544942065e-01,-5.320785592073329351e-01
-2.762522229386838585e-02,-4.161724906189306211e-02,-6.339582380203857837e-02,-7.537151984529061322e-02,-9.338581831305131642e-02,-1.112850005927866204e-01,-1.243924673636293554e-01,-1.479000406861147310e-01,-1.800210817675567954e-01,-1.734286662312524152e-01,-2.353295874386215625e-01,-2.097939568868289473e-01,-2.224206691893866050e-01,-2.283956969169370632e-01,-3.040863030495159491e-01,-2.938062066918810111e-01,-3.195855859338010974e-01,-3.180299361741998343e-01,-3.395247425087560278e-01,-3.092237125240347440e-01,-3.463797934693774172e-01,-2.861743734211691370e-01,-3.235492030386494799e-01,-4.098666634180857526e-01,-3.516675679807352850e-01,-3.340514222452953819e-01,-3.965167711932880978e-01,-4.152872156876094012e-01,-4.314305765923496239e-01,-3.809744606932014555e-01,-4.753709486602065160e-01,-4.152746479943620339e-01,-4.577573382476966546e-01,-4.493045445240659297e-01,-3.886443473475667543e-01,-4.755106001627319445e-01,-4.681162226568113538e-01,-4.154216717370874945e-01,-4.509195885627435563e-01,-4.209426952743873240e-01,-4.749791730889899033e-01,-4.770089128776982546e-01,-4.886471878596917451e-01,-5.221621085529630779e-01,-5.275672843042277238e-01,-4.848328015995474471e-01,-5.653685616195840424e-01,-5.288139043568175213e-01,-5.116406790642084035e-01,-4.785685152235474860e-01,-5.319142645278768233e-01,-5.095125670327897982e-01,-5.168268237225179806e-01,-5.392695895079698820e-01,-5.440354138959879737e-01,-4.733777200640968963e-01,-5.182850782673078527e-01,-4.622312636191371893e-01,-5.226430622606239584e-01,-4.501954290631649536e-01,-5.025280804477101348e-01,-5.645911683152355920e-01,-4.823377512945452028e-01,-5.426642863394282035e-01,-5.001119311776681675e-01,-4.513106705023811616e-01,-4.678271616955749779e-01,-4.788574758651352181e-01,-5.473822858014413262e-01,-5.444434786652850855e-01,-4.407244907633091069e-01,-5.783218049338095801e-01,-5.177547309805782261e-01,-5.250766727663490618e-01,-4.872393978018779714e-01,-4.400490204628973445e-01,-5.274413277843216230e-01,-4.746789355327897808e-01,-4.803564784728868720e-01,-5.049792358022403560e-01
-1.102425157607817355e-02,-3.197846084332651995e-02,-4.823212085836003221e-02,-7.757267349086813257e-02,-6.801966234918903342e-02,-1.127872743185740073e-01,-1.351468533788052484e-01,-1.460664172593533483e-01,-1.497335387286192754e-01,-2.246223576069753536e-01,-2.272405648734184269e-01,-2.262847340845563493e-01,-1.943717114654382461e-01,-2.267265656850771804e-01,-2.798781411343308489e-01,-2.496392013754760442e-01,-3.148907047394279846e-01,-3.117959622080815896e-01,-2.969360434932220572e-01,-3.015707875084387979e-01,-2.952748542685535993e-01,-2.750877706597399386e-01,-2.489667437808121275e-01,-3.585655386271882628e-01,-3.828765726595962371e-01,-4.068739643958098062e-01,-3.443020448481721174e-01,-3.401923841004641513e-01,-3.831639385547797039e-01,-3.336987549447709700e-01,-3.576241178537629684e-01,-4.151351211447374401e-01,-4.527144046001504440e-01,-4.676866293645733363e-01,-4.397491272679789343e-01,-3.993032433733490483e-01,-4.658256324106521129e-01,-5.196800700416428498e-01,-4.857493327561532848e-01,-4.882322582024448687e-01,-4.876337368684741658e-01,-4.829147764088447259e-01,-4.106864661148066364e-01,-5.122462703218942925e-01,-4.830914908835401977e-01,-5.087045607522220347e-01,-4.498285996578781365e-01,-5.336588593102026268e-01,-5.225279489518238618e-01,-5.333637889215360195e-01,-4.830022735511585452e-01,-5.219216208731650708e-01,-5.652501994919483241e-01,-5.397457589879576245e-01,-5.248584874242783194e-01,-4.879037365652191816e-01,-4.926562332111069087e-01,-4.453512374078549829e-01,-4.955950542036628437e-01,-4.143406617414334137e-01,-5.349024495220172648e-01,-5.761131379522558271e-01,-5.082277048764163307e-01,-5.294753004417830367e-01,-5.045082668245568502e-01,-4.796001249617385387e-01,-4.917980529735148654e-01,-5.440920260870651948e-01,-5.554989784538233444e-01,-4.990070370575009351e-01,-4.987936265567916028e-01,-5.551750465348888053e-01,-5.200988819342803327e-01,-5.092975406629814961e-01,-5.545866624892317187e-01,-5.023564256011812112e-01,-5.086983971544379868e-01,-5.324228534202664065e-01,-5.488782817011478299e-01,-5.366314118560711055e-01
-7.788165968009806532e-03,-3.142379121589557872e-02,-5.388712615047781818e-02,-6.169561036912769164e-02,-8.580413843343584479e-02,-1.015460128500143416e-01,-1.079910773906803401e-01,-1.670545083385393259e-01,-1.443920799720550263e-01,-1.413304562794184815e-01,-1.598333415526694279e-01,-1.910177141279935653e-01,-2.100381688668821467e-01,-2.603995623051129082e-01,-2.237735060147187371e-01,-2.510579231418801904e-01,-3.166588634275868119e-01,-2.970050248373432011e-01,-2.397805307771213867e-01,-2.193159107265955921e-01,-2.703686959863681460e-01,-3.015842014039321062e-01,-3.520533623049269534e-01,-3.412332427586981520e-01,-3.108389683879161924e-01,-3.436164373999542332e-01,-3.663539524834367733e-01,-3.662620630547416822e-01,-4.347214778853299988e-01,-3.827815854199774770e-01,-3.849603299401692102e-01,-3.931881559930220926e-01,-4.336396514398523916e-01,-3.752592147841306014e-01,-4.442301336416085156e-01,-4.730869413149507152e-01,-4.498614434209306512e-01,-4.357759554846589722e-01,-4.531927034694939183e-01,-3.987297265428288995e-01,-4.585065214796285593e-01,-4.766299115133693087e-01,-4.539142530158290501e-01,-4.984361434515743317e-01,-5.061891290967318602e-01,-4.893948126072664162e-01,-5.294036557330346060e-01,-4.887482741687707577e-01,-5.169764371164223826e-01,-5.361322114382217618e-01,-4.979873898824558887e-01,-5.249520372279520286e-01,-5.397576433461163115e-01,-5.682683539624987512e-01,-4.650277191158866397e-01,-5.024975517228255084e-01,-5.169947100090932501e-01,-4.913042391751969995e-01,-4.810133022750023857e-01,-5.038212736164957573e-01,-4.378789546696126300e-01,-5.453240245267597652e-01,-4.666894459942180773e-01,-4.739219769006692284e-01,-4.746823147174304980e-01,-5.591022968587654463e-01,-4.586234181931651555e-01,-5.311887814346022418e-01,-5.052445036276280721e-01,-5.161478877263261378e-01,-5.376356647300342129e-01,-4.755163100713076241e-01,-5.462096352750956951e-01,-4.805534115332604217e-01,-4.994301954378175812e-01,-4.530047537542389313e-01,-5.124186900596311434e-01,-4.906786544607050216e-01,-4.994145235500210278e-01,-5.160097706658092198e-01
1.121400404819840498e-02,-3.656101939983336796e-02,-3.990139604717521382e-02,-6.510514801214702107e-02,-8.486419823281408925e-02,-8.204134346869275396e-02,-1.472728592531199754e-01,-1.331776616873556751e-01,-1.210956471711052557e-01,-1.403300245004830971e-01,-1.726968179502796352e-01,-2.062579033834279207e-01,-2.266578025207550695e-01,-2.665046751287289961e-01,-2.439190681618733647e-01,-2.255959688772639915e-01,-2.607001188241981349e-01,-2.388925243267880638e-01,-2.134043993073221068e-01,-2.509923847906256333e-01,-2.877467829641442432e-01,-3.053484469766020726e-01,-2.928831092238831646e-01,-3.165707303301775188e-01,-3.268040219632701304e-01,-2.981371948981253461e-01,-3.199404164765279890e-01,-4.075983271606800629e-01,-4.352007096027037947e-01,-3.271931883422596332e-01,-4.510587476122669415e-01,-4.060048961967853143e-01,-3.840730877115977604e-01,-3.580882427490127973e-01,-4.095565808303820443e-01,-3.853308593742065247e-01,-4.600317449865511943e-01,-4.757384122269878168e-01,-3.797990604189084296e-01,-4.926498992844355884e-01,-4.783845455305557604e-01,-4.710221039385896757e-01,-4.104859345094508671e-01,-4.551763013745799280e-01,-4.213007945990013825e-01,-4.629582313291838447e-01,-4.480897819832633244e-01,-4.795901393053264572e-01,-4.933236667218713345e-01,-5.133211012355107794e-01,-4.532512946181718738e-01,-4.884345271629050300e-01,-5.312461455768718865e-01,-4.962259068257354744e-01,-5.373747934286315919e-01,-5.665415150852491921e-01,-4.838123225708269581e-01,-5.066282293583247442e-01,-4.755650981364281660e-01,-5.531043202549683624e-01,-5.070620169426599544e-01,-5.351478427678511007e-01,-4.786748617339214307e-01,-5.042965472764394663e-01,-4.865228222282290127e-01,-4.637833287610969024e-01,-4.581243483311030484e-01,-4.652404237680374810e-01,-5.123263078070928733e-01,-5.195142491338694546e-01,-5.014113308720216100e-01,-5.121572231377113926e-01,-4.790327181494660191e-01,-5.235783522989576610e-01,-4.920796425163794785e-01,-5.278570826796141757e-01,-5.334783062142655075e-01,-4.312859548598756421e-01,-4.665568196839570692e-01,-5.243653493385189712e-01
3.765044787936764475e-02,-2.287172539359735510e-02,-1.128132641873199823e-02,-6.516046734952124497e-02,-7.148597750446970822e-02,-1.252788926368367250e-01,-8.019549590369350056e-02,-1.213470535437789072e-01,-1.671557820810964934e-01,-1.628931001138235191e-01,-1.882615424049424169e-01,-2.242726116142587933e-01,-2.109590153318882944e-01,-2.189190464710318862e-01,-2.042404229676623162e-01,-1.925684730861645655e-01,-1.772559442507492256e-01,-2.726002929901034100e-01,-2.517781628921489934e-01,-2.104924632646278382e-01,-2.696973105690038119e-01,-3.014832563382509600e-01,-2.594097047969964320e-01,-3.086639119116911800e-01,-3.383563283982313208e-01,-3.385969566719132517e-01,-2.546685251707430098e-01,-3.377671510513124975e-01,-3.643416479435456212e-01,-3.429215067200184763e-01,-4.195884905203887127e-01,-4.443435126734365803e-01,-3.153310973037866671e-01,-4.093451245394461036e-01,-4.335034831336145311e-01,-4.607347513849037735e-01,-3.493749162875122716e-01,-4.000493568433099445e-01,-5.032738299053138853e-01,-4.523894714871964373e-01,-4.539833311620716794e-01,-4.665241227440394822e-01,-4.674574740139387785e-01,-4.227061692111084290e-01,-4.165692308044053882e-01,-5.031369028908944108e-01,-4.507892507167479690e-01,-5.458925244055057302e-01,-5.120946094304722473e-01,-5.202337497178242121e-01,-4.800238755687376013e-01,-4.752588383164760844e-01,-5.390436450744141572e-01,-5.067894710989758744e-01,-5.366657144495134979e-01,-5.083783916358541877e-01,-5.309380585207156278e-01,-5.436385140079909029e-01,-5.430986098825248964e-01,-5.364212982588384415e-01,-4.855237651524265119e-01,-4.894258910875758373e-01,-4.712360516128880072e-01,-5.093910133571402099e-01,-4.959579934047044225e-01,-4.493103194192988870e-01,-4.297583697400810254e-01,-4.933665493557615189e-01,-4.713205588764671217e-01,-5.211405190307913937e-01,-4.992201995298275463e-01,-5.143324339496608832e-01,-4.999107839183925539e-01,-4.927381219339078688e-01,-5.343140705252905631e-01,-5.339837194318337588e-01,-4.463351590358365373e-01,-5.316922921435717209e-01,-5.159613518094341433e-01,-5.154170247870898391e-01
-2.859107046516622206e-03,-1.899058805918701562e-02,-4.406242553547653346e-02,-3.958015237612507592e-02,-6.334121766488111371e-02,-1.126531312550997366e-01,-7.932760898917180781e-02,-1.633501662456177117e-01,-1.637135303702508815e-01,-1.517146991503759978e-01,-1.509220826177895547e-01,-1.595508197699874453e-01,-1.881478252867967715e-01,-2.069721172267288967e-01,-2.280038159762398098e-01,-2.086202841139590258e-01,-2.520742647881192289e-01,-2.406724094688148796e-01,-2.851041708966256527e-01,-2.367818081527969798e-01,-2.678650995966503356e-01,-2.864617987137464405e-01,-2.961448809591471498e-01,-3.172494503614446959e-01,-2.348399186953564199e-01,-3.058889869670811668e-01,-3.313960834654375298e-01,-3.554504093242348839e-01,-3.753234855074966680e-01,-3.732814442056381354e-01,-3.317254898544516606e-01,-4.187024618911091012e-01,-3.643650994761368778e-01,-3.987170500795851336e-01,-4.017577115747180683e-01,-4.262363084484668274e-01,-3.941102432809034939e-01,-4.233609987004731678e-01,-4.161677782368369827e-01,-4.539430360707049084e-01,-4.264285422408977677e-01,-4.638452065055357898e-01,-5.025030059958921491e-01,-4.460686844750508251e-01,-5.156835287753688268e-01,-4.417076299901903647e-01,-5.092927390568190438e-01,-4.816836268758080686e-01,-4.778296289462337643e-01,-4.636138568050736097e-01,-4.790574955627991405e-01,-5.082897556449114118e-01,-5.215299981653886974e-01,-4.905780109247190324e-01,-5.138235272063076398e-01,-5.417593259259001481e-01,-4.876747385920723321e-01,-4.606280029688887279e-01,-5.430675381936784785e-01,-5.107060737637352243e-01,-5.145079182757250624e-01,-5.313467846122355009e-01,-5.089886901312445922e-01,-5.097318993466576353e-01,-4.614545024725159039e-01,-4.896053787104342470e-01,-5.326270618053762229e-01,-4.757276040730636368e-01,-4.460853472218850868e-01,-4.876656061635117889e-01,-3.952281677966567597e-01,-4.710900849680917379e-01,-5.661919702204122329e-01,-4.562553303585105136e-01,-5.398564941430561426e-01,-3.814048749745969080e-01,-5.029191888807937882e-01,-5.195402240315737386e-01,-4.949228824842203944e-01,-4.575448423318461688e-01
-1.592501583696435269e-02,6.039425192759130881e-03,-3.191281027837836876e-02,-6.337932843520446835e-02,-5.057438670134280917e-02,-1.103168505661215881e-01,-9.546410116505958665e-02,-8.255760991404711979e-02,-1.007253190941619636e-01,-5.159805006453710430e-02,-1.324744370193409737e-01,-1.255100964378995376e-01,-1.978464129372918268e-01,-1.328203537553040436e-01,-2.490746173064741220e-01,-2.348972452728075588e-01,-1.673795750389546477e-01,-2.584488509866229577e-01,-2.170571042261054961e-01,-3.003549921110634791e-01,-2.354386969610542668e-01,-3.353461842116140512e-01,-3.312806133900200733e-01,-2.526674783677396730e-01,-2.382703037256613532e-01,-3.538836970176266195e-01,-2.820917135364098827e-01,-2.573531100196148058e-01,-3.631715580034463597e-01,-2.894425478708667065e-01,-3.574547618450447106e-01,-3.426482245009371264e-01,-3.648197949646531657e-01,-3.116054483411566656e-01,-3.600885885112694584e-01,-4.122318259248316519e-01,-3.919553795910651894e-01,-3.848432467400288437e-01,-4.528527512561612012e-01,-3.756144386143545066e-01,-4.323418928420366680e-01,-4.487359499193078194e-01,-4.682078107090174024e-01,-3.544180871620905560e-01,-4.473885861529065533e-01,-5.007292570302891432e-01,-4.271774521054151341e-01,-4.610064850616060750e-01,-5.067974370902896819e-01,-4.959410231818871528e-01,-4.906865815350297533e-01,-4.866750717715853103e-01,-4.805912166906138316e-01,-4.795674059112867149e-01,-5.080211979346529461e-01,-5.388279603886767521e-01,-5.572057743652759632e-01,-4.910605936802738825e-01,-4.533010027076410653e-01,-4.596505374796505672e-01,-4.864482275491416319e-01,-4.743673573538878530e-01,-5.230489493923005107e-01,-4.999547000947606734e-01,-5.577911296137858521e-01,-5.039618497291613597e-01,-5.421024246282726278e-01,-5.501111872565938032e-01,-4.953117242360370320e-01,-5.135825476230388986e-01,-4.962239049123458035e-01,-4.674051545322876478e-01,-5.086787476900826999e-01,-4.472559295710720750e-01,-4.464385817457745542e-01,-5.266910853215213129e-01,-5.275742494217587897e-01,-3.954557408654187367e-01,-4.920109406339898128e-01,-5.423365939595155005e-01
1.935930666038837913e-02,-2.857085370811806441e-02,3.299736596653118220e-02,-4.629544665021643850e-03,-6.977936524663179430e-02,-1.166874209476040231e-01,-4.665087846446396708e-02,-4.939463829575050507e-02,-1.404270532991562237e-01,-1.233089065391943656e-01,-1.818731896426459826e-01,-1.628475483985295236e-01,-1.817665888368061311e-01,-1.633960032489202852e-01,-1.766039099671307400e-01,-2.509791638713415041e-01,-1.996934469363990383e-01,-2.228345531935656543e-01,-2.388454908043347313e-01,-2.207547095182278707e-01,-2.702550329966815212e-01,-2.807270235288815141e-01,-2.641979053392581878e-01,-2.909082962454217491e-01,-2.666048025232728991e-01,-3.530873430160199056e-01,-3.225197645007186198e-01,-2.383433344755480909e-01,-3.079758787065482450e-01,-3.590063569029975921e-01,-2.888315502317491124e-01,-3.885204790760786175e-01,-4.147640129284421162e-01,-3.997853071221852961e-01,-3.673146718244577613e-01,-3.620051690767587815e-01,-3.038853978368616926e-01,-4.030286522605093791e-01,-4.362642937415878719e-01,-4.136714599502444023e-01,-3.975673728858549749e-01,-4.391986545460602742e-01,-4.652103986972481731e-01,-3.941803942237450675e-01,-5.191432556828371458e-01,-4.810418913280015141e-01,-4.959813931661882780e-01,-4.505383330281709786e-01,-4.651699086857279397e-01,-4.926057651776622470e-01,-4.700205343401883118e-01,-4.644554818975361599e-01,-4.842966210958027928e-01,-4.636993154993424016e-01,-4.839675067516974738e-01,-4.969214511136632040e-01,-5.106825670037314913e-01,-5.269729796023607804e-01,-4.924836400786479218e-01,-5.446411039032151846e-01,-4.776366878114968184e-01,-5.435303624048498650e-01,-4.859694486917051082e-01,-5.111499729657055235e-01,-5.345492887905768375e-01,-4.638160901121982094e-01,-3.654078575164954601e-01,-4.095840043794047314e-01,-4.393366501267004787e-01,-5.108880526176298176e-01,-4.603857119404335396e-01,-4.533065306923791393e-01,-5.059202352304399408e-01,-4.373076886461644830e-01,-5.137628676009448059e-01,-5.472698271013503035e-01,-4.916464127550691510e-01,-5.609035940904276707e-01,-4.772410699945608958e-01,-4.640570918824679092e-01
-6.376793457266124229e-04,4.077393459305966167e-02,-1.666010027585674083e-02,-2.486254676153181603e-02,-6.001193276744890004e-02,-5.470251867807914697e-02,-4.978469639242163319e-02,-6.621206441351594474e-02,-9.193105821813514489e-02,-1.321499521927562981e-01,-9.325507283927832181e-02,-1.314338363935320386e-01,-1.428716101327705268e-01,-1.519880319274853064e-01,-2.031818298309976956e-01,-1.808050067142937256e-01,-2.336049112183616883e-01,-1.256199093147283563e-01,-1.760093884348698234e-01,-1.924680955897874191e-01,-2.357869124069615907e-01,-2.180186337821815035e-01,-2.658697911112830603e-01,-2.079333197632447505e-01,-3.581987560991918840e-01,-2.938038116906439567e-01,-2.829836772142826917e-01,-2.422978956010654883e-01,-3.849866218106990368e-01,-4.186013404061778020e-01,-3.139867154700183849e-01,-3.500548796370577254e-01,-4.368180316822612430e-01,-3.751246532093613362e-01,-3.569562832184214884e-01,-3.871371745701204792e-01,-4.082674588379532898e-01,-4.336690977779357747e-01,-4.747308586267395270e-01,-3.850871349477575922e-01,-4.039683194559454682e-01,-4.020644826850088838e-01,-4.493567771101175667e-01,-4.271157326852533798e-01,-4.169517504803956220e-01,-4.483191349388804259e-01,-4.579460083730204079e-01,-4.844232008914376442e-01,-5.233855947917050999e-01,-4.498801623514932513e-01,-4.562383838028291616e-01,-4.719253335862359511e-01,-4.510599568564871431e-01,-4.501628147347588871e-01,-4.832265065225087031e-01,-5.418786314521485403e-01,-4.740638874422257176e-01,-4.981105937183929466e-01,-5.132502847852178363e-01,-5.293184773531407483e-01,-4.716879732181863405e-01,-4.750447118364041765e-01,-4.272051748481967004e-01,-4.419469276184733175e-01,-3.952247287718080315e-01,-5.423100328268906090e-01,-4.089771488123180032e-01,-3.839872877310060995e-01,-4.775505461315698863e-01,-5.143623783090273127e-01,-4.467900051731453770e-01,-4.454513349788681298e-01,-5.222923068703572147e-01,-5.070320283438991549e-01,-4.828247267544224508e-01,-5.518103721154787866e-01,-5.037680737661047736e-01,-3.446226261622890030e-01,-4.854029458398869679e-01,-4.728453220988432792e-01
-2.828157323813449992e-03,-2.520714824735922552e-02,-3.242258866603697776e-02,-4.044423971552385750e-04,1.384406476661161241e-02,2.106333834799649016e-02,-1.112106604148026812e-01,-5.079399695489941746e-02,-7.981408694668809534e-02,-1.146263401295945089e-01,-1.314027638350635518e-01,-1.206295781251162935e-01,-1.711563450787813301e-01,-1.708386657126774177e-01,-1.450355600568248027e-01,-1.847607025342961617e-01,-1.448480950656411137e-01,-1.038683723627251282e-01,-2.249540912901766554e-01,-1.646387750433000730e-01,-2.864055560271365763e-01,-2.616648289740906574e-01,-2.872896940994076886e-01,-3.173079695935283606e-01,-2.711635212313974752e-01,-2.433679407419620522e-01,-2.813179273614796472e-01,-2.864369887364503486e-01,-3.061763768886556769e-01,-3.286016883322447346e-01,-3.531173095756433011e-01,-3.254700030239003339e-01,-2.794761491865991876e-01,-3.025771121112399986e-01,-3.558675772892526123e-01,-3.360154264735701335e-01,-3.356663754711390335e-01,-3.861863478885493306e-01,-3.606836301019336610e-01,-4.709448714831279692e-01,-4.038360708384499675e-01,-4.249992554155970215e-01,-3.880750703192225037e-01,-4.620179325690810801e-01,-4.360698728017774473e-01,-4.430352133389248714e-01,-4.563688978658778095e-01,-4.498375748044397548e-01,-4.154766814551809628e-01,-4.742045825465082687e-01,-4.754559156197055159e-01,-4.986593924929229593e-01,-5.147324078532071745e-01,-4.604735398057906437e-01,-4.817808210486655418e-01,-4.769751998035198226e-01,-4.773218820016105757e-01,-4.863854803898651769e-01,-4.641400990451487463e-01,-5.514373120090330094e-01,-4.946545251918238462e-01,-4.535864838387798637e-01,-4.181863433763567395e-01,-4.404083936868906091e-01,-4.753787361497340269e-01,-4.567728515385340304e-01,-4.843433289501263839e-01,-4.932135448273765599e-01,-5.158876117062257682e-01,-4.992398383713022580e-01,-4.754189976821235342e-01,-4.760926407203719402e-01,-5.070165168756689544e-01,-4.549159987782697145e-01,-5.184785717536513072e-01,-4.498324778156633230e-01,-4.575344834928115612e-01,-5.072292418128602209e-01,-4.988622448291084033e-01,-4.756827394921811503e-01
-1.828794478103201726e-02,5.910787095911857261e-03,-1.634064507522114615e-02,-2.035602322160596361e-02,-6.300115263184906389e-02,2.076194465682864101e-02,-4.669666169427520025e-02,-7.848303752784818732e-02,-4.737764679988932387e-02,-5.184239664348536808e-02,-1.523632688066145768e-01,-7.993815933420826692e-02,-1.858239164709867830e-01,-1.148088860687733470e-01,-1.938992746761225017e-01,-2.153710054049770839e-01,-1.377241340654175583e-01,-2.440962947004994277e-01,-2.658554619954776044e-01,-2.512006687202136823e-01,-2.179773315370146791e-01,-2.127758751356265132e-01,-2.105069943018336998e-01,-2.830044248621626513e-01,-2.978464932570122348e-01,-2.997806550735672704e-01,-3.218485082535223474e-01,-3.325941759461720770e-01,-2.433718614338922503e-01,-3.198480459878512150e-01,-3.689820626489208055e-01,-3.536987879325004802e-01,-3.923514547874641378e-01,-3.834997107266982508e-01,-3.746486755985466433e-01,-3.464130055659067620e-01,-3.838946865954885324e-01,-3.891856634147805583e-01,-3.765215672112818268e-01,-4.488822999634221045e-01,-4.225655068622750088e-01,-4.208633355625124861e-01,-4.089248750712817237e-01,-4.584444457840612386e-01,-4.694794576860839563e-01,-4.328060007688908084e-01,-4.359281251205510688e-01,-4.312983560635945124e-01,-4.402871497507092613e-01,-4.509355255630313475e-01,-4.932248369136845723e-01,-4.404389125885620482e-01,-4.587917451462086293e-01,-5.008674602329974412e-01,-5.114469367506180308e-01,-4.637008564368596542e-01,-4.946835346127202993e-01,-5.559480243480623418e-01,-4.997828346591017268e-01,-5.185089159532819680e-01,-4.537337469796181577e-01,-4.664425846865731251e-01,-4.641412655390129705e-01,-4.918221780592684222e-01,-5.259245643018396477e-01,-4.747296702889449715e-01,-4.493887137068621751e-01,-4.766075648646920793e-01,-4.949916234948732452e-01,-4.553713253516759041e-01,-4.735482857485697195e-01,-4.454579720588520697e-01,-5.163951909572286336e-01,-4.780594430178923826e-01,-5.203851881451175831e-01,-4.473367326659239973e-01,-5.010326503965319977e-01,-4.866826230778237283e-01,-5.086264059129665949e-01,-4.922151377641524883e-01
-3.410938238284485970e-03,-1.540424034242411080e-03,3.724255036664610163e-02,-1.513656098905285900e-02,-3.654410254751690873e-02,-6.296889679346918955e-02,-4.417539087681808530e-02,-7.036746932220032391e-02,-1.500842523899841019e-01,-1.134065279666692239e-01,-1.781624359611965192e-01,-1.364756247897565833e-01,-1.443122264628620144e-01,-1.314094008598704066e-01,-1.435870776622537592e-01,-1.966303992201508255e-01,-1.638376153494783272e-01,-2.010245608580885357e-01,-2.263165085377120966e-01,-2.151940973414301628e-01,-2.631079404228713337e-01,-2.924430811269448927e-01,-2.695309252786887155e-01,-2.557018163951493284e-01,-3.421122111443192781e-01,-2.781874182544816776e-01,-3.077776103142566555e-01,-2.821972976429851787e-01,-3.090231215395254916e-01,-3.187331503896390084e-01,-3.026542299658775415e-01,-3.932197211748393872e-01,-3.514237533144636272e-01,-3.315139394222965108e-01,-3.730351335191255391e-01,-3.151250261148973442e-01,-4.080126696948564446e-01,-3.859706143907233877e-01,-3.650401147808313707e-01,-3.579264492458851254e-01,-3.712080122861083908e-01,-3.640585634408449733e-01,-3.784796461857184435e-01,-4.754895371199203136e-01,-4.431448706156512207e-01,-3.996420001713766323e-01,-4.500163566090551459e-01,-4.573646888587803994e-01,-4.789527562241312486e-01,-4.390347546377860177e-01,-4.544974311845156323e-01,-4.733995238293683405e-01,-4.920309793885658811e-01,-4.512570214240097521e-01,-4.500001707477827018e-01,-4.334456372529949530e-01,-4.713240197257805297e-01,-4.982325138349687488e-01,-5.664927881915627905e-01,-4.841872199978350944e-01,-4.786539035573121326e-01,-4.904875709289537866e-01,-5.244581204282795506e-01,-4.593746059155897621e-01,-4.721323389535495574e-01,-3.831267298006160171e-01,-4.772100274440111423e-01,-3.938194764300980699e-01,-4.766278464129810599e-01,-4.052592474286541013e-01,-5.487001207256082536e-01,-4.820419524472460693e-01,-5.306263699065749684e-01,-4.437274553366015728e-01,-4.479302029501760485e-01,-4.915582247115748982e-01,-4.934233680633513530e-01,-5.116409389036326028e-01,-5.045426697077757261e-01,-4.989952712895812104e-01
-1.255074070587786821e-03,-4.259423507981912466e-02,5.748686468507911013e-02,2.703446616095291424e-02,-3.318059295585209373e-02,-3.447222578984285302e-02,-6.105122574232952487e-02,-1.145535968081687200e-01,-4.686801553122958014e-02,-8.376680096484130644e-02,-1.151716234588018445e-01,-8.197655736563071172e-02,-6.866818193380155866e-02,-1.741363110404027248e-01,-1.524898633434910167e-01,-1.611678901070833780e-01,-1.721678805661895906e-01,-1.884516754230123881e-01,-2.175638675658141397e-01,-2.229256631766744490e-01,-2.688158826316233152e-01,-2.359378272198076887e-01,-1.913408598087316115e-01,-2.866677267093915016e-01,-2.954132249207573335e-01,-2.094587241594907667e-01,-3.071368296822936106e-01,-3.232677689603953852e-01,-2.814878359003911146e-01,-1.777793705700626004e-01,-2.733425155646468374e-01,-3.738603180709149099e-01,-3.417980268867352178e-01,-2.932991058006628737e-01,-3.410654641652459684e-01,-4.079017454170026924e-01,-3.156890861078684440e-01,-4.066926793899355852e-01,-4.066346673943225798e-01,-4.260535552632386258e-01,-4.011449379752903277e-01,-4.099040402620783841e-01,-4.687034356848274741e-01,-4.094701029160203176e-01,-3.604063571190672666e-01,-4.288977733010339022e-01,-4.075793237846211947e-01,-4.361411240688818913e-01,-4.235697578511641859e-01,-4.373501729646775416e-01,-3.895899567632460925e-01,-4.304608371906215036e-01,-4.929134719264414155e-01,-5.417385163065493447e-01,-4.905711011936781385e-01,-4.871819996484064719e-01,-5.135321950612816710e-01,-5.266327141203853701e-01,-4.691428361357184440e-01,-4.825210670233001653e-01,-4.984074685008899053e-01,-4.786273051260404587e-01,-5.212862142612784133e-01,-2.910421264034750433e-01,-4.399588489710258843e-01,-3.752071078187067532e-01,-5.159828301344366874e-01,-3.502893246732722288e-01,-5.295168610961153988e-01,-4.957909062435602587e-01,-5.271424143710240484e-01,-4.411058290240216229e-01,-4.788168103479782944e-01,-3.937046021178389754e-01,-5.160126632964033844e-01,-4.505565494539182647e-01,-4.271558032283103157e-01,-4.514934074272042297e-01,-5.167676054403468333e-01,-4.953103130858048098e-01
5.718809781840157591e-02,7.162064127779628475e-02,-6.278153432010810664e-02,-1.789029442277030590e-02,-1.277465875137834359e-03,-5.552258197156746677e-02,-2.544999072994745537e-02,-7.240300337320768054e-02,-8.701958846344816367e-02,-1.172647031570114851e-01,-1.117035067874340704e-01,-1.332476951438781310e-01,-9.722882500199421518e-02,-1.573307350938625282e-01,-9.779051108318188856e-02,-1.728967481441716914e-01,-1.562002377845502221e-01,-1.957691056714558064e-01,-1.660289409693810891e-01,-2.218706231942511597e-01,-2.061777660390186617e-01,-1.979936238406078686e-01,-1.876088184857006014e-01,-2.666482411672647101e-01,-2.746531626602947695e-01,-3.022462675958431655e-01,-2.937362026375641699e-01,-2.938943946521026529e-01,-2.527135895270181676e-01,-3.465185253522565789e-01,-2.710945856864646064e-01,-3.591902624905417007e-01,-3.181076594261332824e-01,-3.405837280481168183e-01,-3.326449938574115306e-01,-3.175012274613043251e-01,-3.229245284327086907e-01,-3.791235663929683475e-01,-4.365453139304236729e-01,-3.783624039144168338e-01,-3.690925127366568859e-01,-3.858140962429986165e-01,-4.709883542329342254e-01,-4.172473004169467981e-01,-4.451664110083515258e-01,-3.528912555151791364e-01,-4.077415091988774165e-01,-4.623218491241676831e-01,-4.476753736905088599e-01,-4.312497637379169024e-01,-4.677229025505564297e-01,-4.856351773452055043e-01,-5.031790337559682857e-01,-4.683558270453611616e-01,-4.900606137729658918e-01,-5.157922179647420613e-01,-4.581524414525659505e-01,-5.195722478700499636e-01,-4.814765042594302269e-01,-4.445916981921868572e-01,-4.492444311485797592e-01,-5.125192999989910403e-01,-4.846394851781677948e-01,-4.210564228670518050e-01,-3.897466190785650597e-01,-4.832726664715160103e-01,-4.150824303737594700e-01,-4.064652933560500836e-01,-4.213544829319301188e-01,-4.177636437776342526e-01,-4.075849417001443653e-01,-4.512973084061118190e-01,-5.124907591244773908e-01,-3.899576849380537169e-01,-5.553891292787075384e-01,-3.953989954992129241e-01,-4.733135607963138147e-01,-4.437301318325697630e-01,-5.217812656318675524e-01,-5.387363355167764656e-01
-7.882720353604755203e-02,1.114377133306770039e-02,-2.183565274777110599e-02,1.151925017927333574e-02,1.818029989584503056e-02,-7.438095283950849068e-02,-3.551560373098863743e-02,-5.761119247399081739e-02,-1.161621715262465548e-01,-1.126135304348921257e-01,-9.929839013706528994e-02,-9.823083873078704287e-02,-1.065977304192301106e-01,-1.553260201273850560e-01,-1.746775345871551255e-01,-1.973168618133342156e-01,-9.692614070939171989e-02,-1.732797089616276431e-01,-2.513126473328402000e-01,-2.409153125134695372e-01,-2.118681206607599399e-01,-1.773560506432446393e-01,-1.653231614902006541e-01,-2.334520423360977870e-01,-2.325599411483775802e-01,-2.334410722421476625e-01,-2.835241333994047985e-01,-2.965714985268239068e-01,-2.570972986818473305e-01,-3.406372056369336709e-01,-2.670559834763868157e-01,-3.110667952729038732e-01,-3.654103928424896064e-01,-3.234938752236563575e-01,-3.291007652509246872e-01,-3.010558424146466683e-01,-3.112460098480287485e-01,-4.103035633585548347e-01,-3.632426996994879698e-01,-3.828470708684817980e-01,-3.722905170725876456e-01,-4.722732640884422795e-01,-3.914557896644580981e-01,-4.299552331748828227e-01,-4.376958800640394776e-01,-4.378634333350385210e-01,-4.614390485560528332e-01,-3.873794296639563317e-01,-4.357551880175850045e-01,-4.655026999494685236e-01,-4.155589658358508354e-01,-5.077346478086762760e-01,-4.437389460624222015e-01,-4.609643538876401769e-01,-4.722142698334592104e-01,-5.055187061795120007e-01,-5.165699995821566581e-01,-4.471458268630489896e-01,-4.624231878128624018e-01,-5.264399390833574000e-01,-5.281341989644587898e-01,-4.750151298785130205e-01,-4.847364791737869272e-01,-3.815796194552439347e-01,-3.457556571627488640e-01,-4.057213743356457014e-01,-4.115121298290309038e-01,-3.671414562510662560e-01,-3.508915760221939517e-01,-5.431130845052355438e-01,-4.512321202093832473e-01,-4.889885999060886723e-01,-5.017344369039294927e-01,-4.677880567770699716e-01,-4.442477944102375398e-01,-3.796615285024474984e-01,-5.291268598248860533e-01,-4.717047522422303518e-01,-5.082497988766538910e-01,-4.966983138108845286e-01
2.581044784826294451e-03,6.705373410272051637e-02,-5.689182800467210144e-02,-6.875070281312677112e-02,7.849394239298923548e-03,1.862098257387353670e-02,-2.677114491082312198e-02,-1.320714068539001994e-02,-5.915168538790202546e-02,-8.127127645284686064e-02,-9.799106167745258444e-02,-1.146430449053753298e-01,-9.438684631121453672e-02,-1.000505268108975443e-01,-5.518140813387125559e-02,-1.851473920775135451e-01,-1.692284462515356580e-01,-1.306230798049442809e-01,-1.573466045395801594e-01,-2.566679954022991206e-01,-1.755996848125795651e-01,-1.965325253543998008e-01,-2.862720557329284654e-01,-2.698343032723257706e-01,-2.389245150333523804e-01,-2.676479327313123213e-01,-2.862478298354334538e-01,-1.922017963116891270e-01,-2.620025778646335457e-01,-3.142018757288641551e-01,-2.826136871588518784e-01,-2.704423145914223170e-01,-3.111339898530982584e-01,-3.734700660655524973e-01,-3.077828119096437942e-01,-3.205760565725803701e-01,-3.916157972718336544e-01,-3.712541377080877392e-01,-3.719590846690621899e-01,-4.107566088401023441e-01,-3.544343453461547000e-01,-3.758008809453726728e-01,-3.876993165823439114e-01,-4.331996269564357127e-01,-4.248141638065572323e-01,-4.459734069127421208e-01,-3.656608636420041192e-01,-4.117873990202705059e-01,-4.747593787150734546e-01,-3.803212967370934172e-01,-4.527866774775166636e-01,-4.650037039474951284e-01,-3.893684432565510667e-01,-4.522245946151191576e-01,-4.292132770382220408e-01,-3.613193777025125453e-01,-4.740366481586593683e-01,-4.543349238795177936e-01,-4.171106939184784368e-01,-4.714961629650336605e-01,-5.382627431298927512e-01,-4.908286507721329461e-01,-4.929969386328524883e-01,-4.773821485138619036e-01,-3.659947861947007164e-01,-4.818987857962329646e-01,-4.314083603826781022e-01,-4.779366458579009658e-01,-4.654710552352592789e-01,-4.796451339394859903e-01,-5.006363772709524484e-01,-4.926787760523971826e-01,-4.855383714126272898e-01,-4.103497344363155608e-01,-3.701227987246974438e-01,-5.579347553017208750e-01,-4.850445934426850791e-01,-4.823192951569895692e-01,-4.825697659555820418e-01,-5.101143547705615511e-01
5.460612194809142533e-02,-3.194537410297577495e-03,-6.439604754765028416e-02,-7.491383729996407836e-02,-5.413737260401462609e-02,-9.890319356998332478e-02,-6.123349532296052528e-02,-6.458086137670568383e-02,-1.169035073202214364e-01,-4.886843232481273558e-02,-6.772076196032078554e-02,-6.183225306226462770e-02,-8.102161494216471305e-02,-1.419253337926753844e-01,-2.050762965499011159e-01,-1.072021851935092140e-01,-1.590243454296885461e-01,-1.750859645667031117e-01,-2.094885608985052605e-01,-1.445314675114006409e-01,-2.695529514393644743e-01,-2.607157424794196987e-01,-2.280002347130649920e-01,-2.548318230375907767e-01,-2.057396184225173397e-01,-2.108882626847004282e-01,-3.219386496263246800e-01,-2.804918728383768989e-01,-2.657415904453525601e-01,-2.961110212832399613e-01,-2.023582274274583204e-01,-3.277912221499680867e-01,-2.913544243038960757e-01,-3.393562624820898876e-01,-3.974249394205575658e-01,-3.228012842981170527e-01,-3.648958518620118441e-01,-3.844686414786902540e-01,-3.302624595220541859e-01,-3.169075827206228602e-01,-3.312948022858089869e-01,-3.491892479998879861e-01,-3.805127470485111241e-01,-3.578720000783510713e-01,-3.549223261661941797e-01,-4.070247696500975398e-01,-3.977749264094153636e-01,-3.904701971250721382e-01,-3.958654639399342146e-01,-4.161939171148147931e-01,-4.590260753447960584e-01,-4.343945744153835942e-01,-4.096834733453320609e-01,-4.758333807018643169e-01,-4.180462197244807498e-01,-4.732039331452964626e-01,-4.679034391494613643e-01,-4.620280388261616134e-01,-4.966162608470318651e-01,-4.765079235693037707e-01,-5.094049284929735855e-01,-4.649427426965390131e-01,-4.677108684755126311e-01,-4.776879035620314462e-01,-4.593004655503580280e-01,-4.055820810237355523e-01,-3.641858531689243228e-01,-3.749527597481929764e-01,-4.787805108161377610e-01,-4.664927799055852975e-01,-4.623005919116335849e-01,-4.355102942803547039e-01,-4.596809024054696602e-01,-4.067872053168325452e-01,-4.015730893138899082e-01,-5.590362715370108537e-01,-4.493774045751902091e-01,-5.259039535496622397e-01,-4.913328394093200990e-01,-4.668666953830188371e-01
-6.035932934061751659e-02,-6.210816794933609469e-02,-1.649545722808293605e-02,-2.656099958462284846e-02,-3.286473518247506886e-02,-1.505524807221725325e-02,-2.102550198829257477e-02,-8.831245353854223420e-03,-7.795775478987290730e-02,-7.523691965380173430e-02,-1.048808248366471935e-01,-9.199030944229132090e-02,-6.815134534669452238e-02,-1.627127761820841567e-01,-5.969911999714307138e-02,-1.248287361399759293e-01,-1.656796904614191157e-01,-2.050548152677974800e-01,-2.102754404298733948e-01,-1.868213762959197999e-01,-2.506394025501200162e-01,-2.153371345093568201e-01,-1.780812356576582933e-01,-2.799770480059310396e-01,-2.150625099242846339e-01,-2.022079194585405248e-01,-2.272985360123195575e-01,-1.718573471130463437e-01,-2.490586539579298653e-01,-2.576469738114690045e-01,-2.729809185927657422e-01,-3.188799327179893117e-01,-3.939430879002258634e-01,-4.239210598899736948e-01,-2.749845191617087958e-01,-3.667232129719554257e-01,-2.875251122968052186e-01,-2.827231185676705172e-01,-3.480130893086194055e-01,-3.493609936315078546e-01,-4.567562170061968407e-01,-3.100153297070087910e-01,-3.531709017212293356e-01,-3.456487064177219959e-01,-4.530696844395937783e-01,-3.759440720809850145e-01,-4.496311638183664861e-01,-3.678699133057765081e-01,-3.835138745390269666e-01,-4.545347178043553926e-01,-4.282172988605424946e-01,-4.043927978252293554e-01,-4.380658230708416312e-01,-4.150452615117862787e-01,-4.407274536000144183e-01,-4.314519300629635623e-01,-4.707054070313517746e-01,-4.589114545985059079e-01,-4.567256239789730388e-01,-4.394486057987522787e-01,-3.992439195013001707e-01,-4.575755862765026327e-01,-4.850352025466234673e-01,-4.762611758116249150e-01,-4.089770619735147994e-01,-3.780607881904134993e-01,-4.647820594451088638e-01,-4.471191173978573130e-01,-4.899172572072564846e-01,-4.867956441339045259e-01,-3.821997556005317098e-01,-3.881450952626913087e-01,-4.697901195865993862e-01,-5.259594977695249973e-01,-4.345228825986305332e-01,-4.967472056928388668e-01,-4.491941510214472189e-01,-4.467455115373448193e-01,-4.502187158966590719e-01,-5.457490189079502452e-01
-4.059484316256809638e-02,2.762203575971054759e-02,4.239042187050022330e-03,-1.804307622349155676e-02,2.638634820882104423e-02,1.523028285971204411e-02,-2.117175422426832709e-02,1.801170556366422579e-02,-2.928194615642642357e-02,-6.293875869292421543e-02,-6.781948063933121440e-02,-1.076429484413991694e-01,-8.818091463814251019e-02,-1.267948465023915894e-01,-9.145365401028407448e-02,-1.074289107495962625e-01,-1.414059918661239312e-01,-1.423004159453435946e-01,-1.855402129965038338e-01,-2.220587146516825039e-01,-1.219457822604973207e-01,-1.941877295373026224e-01,-1.789347115835365487e-01,-2.494454781629528717e-01,-2.337958591030332156e-01,-2.390911612933290242e-01,-3.016323427715891792e-01,-2.754503990817407932e-01,-3.060130378963429876e-01,-3.547029422948532185e-01,-2.938343308718834312e-01,-2.798670871146968775e-01,-2.824679729431398556e-01,-3.294460439122692264e-01,-3.052184904722242131e-01,-3.408163957953458389e-01,-3.422611097385496737e-01,-3.198406194686029824e-01,-3.444744075006127004e-01,-2.865090488723852080e-01,-3.845728769171278261e-01,-3.503459780659718970e-01,-3.368965469098429422e-01,-4.025999242954635404e-01,-4.487275323966177232e-01,-4.644751475968357801e-01,-4.256707179288212739e-01,-4.114680370244068741e-01,-4.210064217304811396e-01,-4.586033479919227607e-01,-4.311565258226209840e-01,-4.543214341936736012e-01,-4.342694867687557636e-01,-4.511302691765041728e-01,-4.289293349932847277e-01,-4.007749086588644483e-01,-4.840017085672511099e-01,-4.624168066510657149e-01,-4.339743456249530729e-01,-5.156374873759762556e-01,-4.639529817271573209e-01,-5.058119071341660167e-01,-4.721070020191716621e-01,-4.991071316569324900e-01,-5.061529306698955288e-01,-4.499658481014128797e-01,-3.446550483743650584e-01,-5.332384695786490658e-01,-4.815101619377281650e-01,-4.372038493106946144e-01,-3.884100935983894609e-01,-4.340087718173156750e-01,-4.906019397993989783e-01,-4.085111278777029398e-01,-5.598974020738241020e-01,-5.033304594772336493e-01,-3.771568499722192103e-01,-4.520412652467540870e-01,-4.124918710321467952e-01,-4.936196201147592388e-01
-1.607973055063207203e-03,3.588854783521353703e-02,-3.261562465002385697e-02,-1.988524033692230103e-02,-5.386446555452951979e-02,-9.751207090030145075e-02,-3.548589835601601017e-02,-8.305749863202556427e-02,-6.772028156886303329e-02,-9.781371320081251597e-02,-7.343419790333929886e-02,-1.148410576515728476e-01,-6.733813939369841239e-02,-9.959509685074273422e-02,-6.781628379558811426e-02,-1.540237204280215932e-01,-1.341349062664125291e-01,-1.223180632575624066e-01,-2.132582948719504712e-01,-2.154860587409583306e-01,-1.401270630983975640e-01,-1.832846334314505443e-01,-1.409828747110185854e-01,-2.147253649097108918e-01,-2.245113044994240248e-01,-3.001645394669889000e-01,-2.053263379356790597e-01,-3.179201562243197943e-01,-2.428965716735725922e-01,-2.819178334434121469e-01,-3.206413373841060510e-01,-3.144916144394242496e-01,-2.733622501485741263e-01,-3.275118719329481176e-01,-3.433282948098249632e-01,-2.703741844037380604e-01,-3.345064786073301821e-01,-3.166976968147454108e-01,-3.885251282143302176e-01,-3.537379473681855901e-01,-3.441004930128797601e-01,-2.856073246850618919e-01,-3.106292009608427884e-01,-4.121807781797855452e-01,-3.939636807936602314e-01,-4.144986687597403963e-01,-3.727910886349800612e-01,-4.804672969455561771e-01,-4.260345840882019952e-01,-3.973298056626224928e-01,-4.566647096607507894e-01,-4.733640724380093756e-01,-4.207758974114893524e-01,-4.682697141637714444e-01,-4.321548784572637469e-01,-4.521900539374554828e-01,-4.633256091147318068e-01,-4.936281190844738487e-01,-4.705456520018645450e-01,-4.707145680688385458e-01,-4.521770965814291277e-01,-4.596373404515662897e-01,-5.260735280474543307e-01,-5.297995844310879887e-01,-4.946186480485067483e-01,-3.486590318344182093e-01,-3.855380631840249483e-01,-3.356068903520441626e-01,-3.917316767033786618e-01,-4.246162660366145647e-01,-4.439685229848613357e-01,-4.761068286524668958e-01,-4.214036067810105757e-01,-4.056359191216710181e-01,-5.004414601881058688e-01,-4.948598925944044935e-01,-4.844816032180597754e-01,-4.408534889663152101e-01,-3.642118468272049769e-01,-5.817075100997686210e-01
3.735216790837502659e-02,-4.749006690603248260e-02,3.357097355081993615e-03,1.398796028227342059e-02,2.891730381128588667e-03,-9.171675400527719291e-03,-7.066326644714855665e-02,1.797497525050450670e-02,1.126902376031362410e-02,-3.227424367770819619e-02,-5.799293060451020387e-02,-8.547268230782813225e-02,-5.466359107711744880e-02,-3.787262787404497427e-02,-1.456174119186490201e-01,-1.169085962002282819e-01,-1.676862448596912469e-01,-9.389078615418752771e-02,-2.298102169394423966e-01,-1.383176648789582741e-01,-2.373254433348255532e-01,-2.185055095537840331e-01,-2.394715525987463622e-01,-2.408003999977404164e-01,-2.422958598843620581e-01,-2.059418222053562009e-01,-2.810840745472024116e-01,-2.420754900765904050e-01,-3.243320440371301738e-01,-2.762122823760633228e-01,-3.186581701509361153e-01,-2.430474055596294758e-01,-3.568467716648179855e-01,-3.062652015129881944e-01,-3.303463795840461126e-01,-3.523673582198085796e-01,-3.521560962420104413e-01,-4.318819370152816584e-01,-3.006619110347485413e-01,-3.417808139160866676e-01,-3.363699251244982591e-01,-3.465501091890462182e-01,-4.056026524687048052e-01,-3.943293105743149174e-01,-4.042751214324745712e-01,-3.330187416187541105e-01,-4.415423549607273013e-01,-4.024323573887070293e-01,-3.958650401401315189e-01,-4.206377959629213903e-01,-3.611391110716055675e-01,-4.432461954340435883e-01,-4.264008426722791234e-01,-3.748812603863941328e-01,-4.350691923781286885e-01,-4.279263815130778803e-01,-4.726142956936134065e-01,-4.125268106178189287e-01,-4.770500626750900919e-01,-4.716421611524382884e-01,-4.223322665235057505e-01,-4.083691385463663059e-01,-4.432430612005234805e-01,-4.766993462166299045e-01,-4.321559007176337119e-01,-4.787180005530451421e-01,-4.369584167063532143e-01,-3.968846621699980703e-01,-3.880711050767049475e-01,-3.995074326111268670e-01,-3.499514025950315466e-01,-4.688087808525704392e-01,-4.278369374053808127e-01,-4.018895734378001849e-01,-4.222382442222655241e-01,-3.741386908898856611e-01,-4.155812091157244370e-01,-4.312781789760603557e-01,-4.720849116264873024e-01,-5.149166208865101346e-01
1.193279668201438319e-02,-1.795816565120750621e-02,-6.002530413796373747e-03,7.104306945944466323e-03,-9.434814463177350341e-02,-4.459221597740955362e-02,-6.345486081217258101e-02,-7.937220518600086525e-03,-6.735995930312153879e-02,-4.583284303070554039e-02,-7.196137773214346389e-02,-5.495435812583352592e-02,-3.631601889763944047e-02,-1.292194072214602196e-01,-1.143746130333802950e-02,-7.070703962564288403e-02,-1.954216279481252316e-01,-1.194250006619530374e-01,-8.029776571782749894e-02,-8.240422909668959628e-02,-2.161042521812822637e-01,-2.343299559174540636e-01,-1.901590377591065029e-01,-2.345104328808435834e-01,-2.401418216702930764e-01,-2.714393035438734114e-01,-2.813907470161253199e-01,-2.914883743224502277e-01,-2.994592438299908954e-01,-2.741759384671867417e-01,-2.368020565298465663e-01,-2.717316557092794294e-01,-2.672152402697112739e-01,-1.850062169404085577e-01,-2.933667243864647167e-01,-2.653901588988462623e-01,-3.132722611238427657e-01,-3.405080514335951936e-01,-3.357405870682602655e-01,-3.626806814944413260e-01,-4.172484168101145974e-01,-3.224713197932930764e-01,-2.909495292688759061e-01,-3.218650429800131163e-01,-3.162173822545359392e-01,-2.702683899461804651e-01,-4.738426200349328821e-01,-4.218947699133921980e-01,-4.153045440208163464e-01,-4.427115552042114599e-01,-4.204338527575170459e-01,-3.576396421589158603e-01,-4.166216175854702275e-01,-4.822451970835369139e-01,-4.474174892044979202e-01,-4.751680901145622915e-01,-4.625010687727701408e-01,-4.653426130148589634e-01,-4.806887602125298753e-01,-4.549732600427210394e-01,-4.339790310794028327e-01,-4.857826955581981965e-01,-4.088302642028951439e-01,-4.807101863301409539e-01,-4.198301489216559323e-01,-3.821788661980672908e-01,-3.952068199775707891e-01,-4.010777027054121535e-01,-3.706575138096087074e-01,-4.514707525846189395e-01,-4.848207399857061284e-01,-2.248255297883244852e-01,-3.757821071987874073e-01,-4.767608456579617293e-01,-4.975531392115735696e-01,-5.804808856012504403e-01,-5.224559874613585730e-01,-3.998550456365146943e-01,-5.186361611629839441e-01,-4.784847652112560468e-01
-6.099860826250056572e-02,3.547189261973115321e-02,-4.085028826076701758e-02,-9.422500973540578334e-03,-8.436987255451944279e-03,7.565117073046459528e-02,-1.726614069919966618e-02,-3.988852842641526369e-02,-5.595009259770360177e-02,-5.145502468417519071e-02,-5.410015535041490936e-02,-5.214133411309487126e-02,-9.570694560085596381e-02,-8.671515487941565403e-02,-9.720912944379021814e-02,-1.151933582602321093e-01,-1.255550700578741685e-01,-1.476996023698653460e-01,-1.902125237799964508e-01,-2.231045686075510404e-01,-2.181689303674222979e-01,-1.692254011444475625e-01,-1.654507795816922422e-01,-2.163057138455784234e-01,-1.991555106508107464e-01,-2.345010021912909692e-01,-2.010173546835280212e-01,-2.672286093824396414e-01,-2.320125158713661762e-01,-2.440842726107428362e-01,-3.029275112414759330e-01,-3.096133490246609221e-01,-3.041685742528814629e-01,-2.185788901716277655e-01,-2.720468099138284024e-01,-3.713345193749850170e-01,-3.904046546406789719e-01,-3.055992220455782671e-01,-2.934738887981935829e-01,-3.330876187444652969e-01,-3.482745575217024991e-01,-3.327355305856134482e-01,-4.164227791512623567e-01,-4.253862124571357040e-01,-4.061263573210553424e-01,-3.618400792204958250e-01,-4.034082522189963438e-01,-3.840953365880691583e-01,-3.995555151534555538e-01,-4.248334948699821201e-01,-4.195170918037977037e-01,-3.870955335834063704e-01,-4.577820953198426523e-01,-4.748173407008938751e-01,-4.160813022694554997e-01,-4.497285847202886488e-01,-3.967875265438995380e-01,-3.224053438243343894e-01,-5.251428699997607863e-01,-4.278941195033205691e-01,-4.223028206695831344e-01,-4.860200804085612614e-01,-4.517885985829183659e-01,-4.230555276252320196e-01,-4.209567648986939359e-01,-4.957014539837685252e-01,-4.214394040909429373e-01,-3.470103448969315552e-01,-4.639799795360060597e-01,-4.926759103753454161e-01,-4.179884753811273224e-01,-4.293960000460913529e-01,-4.503694827945775581e-01,-4.199800657544828786e-01,-5.496439562072339413e-01,-4.322639295217600153e-01,-4.473964961840132815e-01,-4.858275263954431322e-01,-4.322686519414602468e-01,-5.104111046133482654e-01
1.815107207937297637e-03,-6.116154889568751508e-03,3.283921599207947992e-03,-8.678134269264848807e-03,1.401719756401702092e-02,-3.173605760666862313e-02,-2.931499194751557846e-02,-1.162343059911283803e-02,-8.203172900604555062e-02,-7.102376687151695789e-02,-2.077733969863456917e-02,-1.316350838559850744e-01,-1.549704375055018513e-01,-9.950393801814885752e-02,-1.859264777495937271e-01,-1.679542342234333907e-01,-1.404491062702507842e-01,-4.660057094333523026e-02,-1.845171764227997169e-01,-2.143324392605502893e-01,-2.581537446651108736e-01,-2.309604099262186350e-01,-1.698591694381290651e-01,-1.687714470867296701e-01,-2.506148449881092644e-01,-1.798711353088389975e-01,-3.066068762884445742e-01,-2.865002571899888384e-01,-2.171906957993418874e-01,-2.918525658195890715e-01,-3.059848566502564871e-01,-2.677483499742278616e-01,-2.632673390733464291e-01,-2.889090418030048624e-01,-3.487792230579117025e-01,-2.778983850508271458e-01,-2.824623228461449198e-01,-3.059722961048792489e-01,-3.582481158987912973e-01,-3.328773467978430323e-01,-3.065876125893832183e-01,-3.515583865916654394e-01,-4.227670828931777702e-01,-3.483085771682804532e-01,-3.741585068389730040e-01,-3.597183111086781349e-01,-3.592050073062068583e-01,-3.501958978579086668e-01,-3.840289611739243769e-01,-4.077502960213670868e-01,-4.163655364937367542e-01,-4.061743849358399605e-01,-3.980264508285625280e-01,-4.206593115726494636e-01,-4.221782296785415722e-01,-4.575319743776711245e-01,-4.517195359515290276e-01,-4.345473519236934812e-01,-4.558022878515734511e-01,-4.592364152582047998e-01,-4.367594966887408114e-01,-4.266151747184607212e-01,-4.650918334821296796e-01,-4.778389811131839027e-01,-3.941058673772995236e-01,-4.735246785416518667e-01,-4.103593983067927997e-01,-3.546901517803554005e-01,-4.879304949981060346e-01,-3.289539623798389267e-01,-3.760911694963567364e-01,-3.812586204716473248e-01,-4.939991846744394843e-01,-4.032203216860656414e-01,-3.982135888831937476e-01,-5.211415201303837286e-01,-4.866617126858805986e-01,-4.192730751459073923e-01,-5.135550750101052220e-01,-4.869743761506467594e-01
-7.554785915870655677e-02,6.820495160613512797e-02,3.873610442302734963e-02,-2.576087877265647794e-02,-1.102587093590077588e-04,8.322136645873669594e-03,2.668073621245388872e-03,-7.092678214539867299e-02,-8.197604251847057100e-02,5.512954507819114308e-02,-1.328829378070932668e-02,-4.922945593276269183e-02,-9.708816433963468606e-02,-6.948674191707790437e-02,-1.048889336651969290e-01,-8.138089118195446225e-02,-6.737270677606328750e-02,-1.085292705770258548e-01,-1.509978682291192031e-01,-1.943715283225598556e-01,-1.718684316100802800e-01,-2.226157494243476698e-01,-1.532934432235670275e-01,-2.178459282452266388e-01,-1.753551526948024797e-01,-2.617516800988727854e-01,-2.390239125209143167e-01,-2.502251235215913749e-01,-2.388098905634754854e-01,-2.358562441013804245e-01,-2.064956930489304510e-01,-3.205798121377287924e-01,-2.897322235629798404e-01,-2.644173489975087943e-01,-2.931921560246485980e-01,-3.504748821109712198e-01,-2.555129065996720183e-01,-3.457270455216832628e-01,-3.815347804327055004e-01,-3.075852030606670007e-01,-2.970266818221964922e-01,-3.961117227045647393e-01,-4.006786997014151197e-01,-3.681595035147897099e-01,-3.382188658342242804e-01,-3.429434105273181932e-01,-3.873115707429256593e-01,-3.721789348851080592e-01,-3.478790957069094469e-01,-3.511220883659165182e-01,-4.114590969845091650e-01,-3.748797167323348889e-01,-3.922249850635693424e-01,-4.554199311456460508e-01,-4.233442225835755690e-01,-4.152305881564679613e-01,-4.520061223366379499e-01,-4.764820593606179377e-01,-4.474748222750751236e-01,-4.269977595080153288e-01,-4.437616522630570826e-01,-4.291859258978080183e-01,-4.432855379562979925e-01,-4.644003527530980446e-01,-4.226563748434258305e-01,-4.577913930414601595e-01,-4.203739202486087012e-01,-4.078046818733577217e-01,-3.561881515002148779e-01,-4.179272722764847958e-01,-4.733565952050061143e-01,-4.233498788734292306e-01,-4.098584298547235938e-01,-4.393676899046222717e-01,-4.078151068200296381e-01,-4.335740028862181128e-01,-5.563580468178636051e-01,-4.965031034530449916e-01,-5.060634152790346452e-01,-4.829118149175535835e-01
-7.575346863941943842e-02,-8.769412191636354048e-02,1.643749566060919017e-04,-2.282348863002348766e-02,5.358043953037944403e-03,-8.124612476806709893e-02,-1.032713148860980451e-01,-4.806117272459625028e-02,-2.660329314651266319e-02,-1.018217249826926657e-01,-7.964787588666980001e-02,-8.064926145061518392e-02,-4.837433154015657183e-02,-1.506055736168070980e-01,5.677890240708908208e-03,-9.361568857627756979e-02,-1.469288197316459266e-01,-1.569948993268039661e-01,-1.636605109184965934e-01,-1.692236886279256391e-01,-1.412874335463882580e-01,-2.304068406032492577e-01,-1.660957714901439841e-01,-2.211381068327267496e-01,-2.580058852181895124e-01,-2.874279705132631313e-01,-2.519368989803777437e-01,-2.104494945644433679e-01,-2.709892694568279969e-01,-2.691486460926920676e-01,-2.157189125630201432e-01,-3.240627803808366347e-01,-2.519282830814154051e-01,-2.680045016038362093e-01,-2.995976711341935550e-01,-2.486471898826825566e-01,-3.290246333703485959e-01,-2.411678740342934335e-01,-2.973541592206901396e-01,-3.675196928576086042e-01,-3.210635310774597184e-01,-2.862694324549516778e-01,-2.710897281322238728e-01,-3.216218086787485664e-01,-3.389817022520574819e-01,-3.971684023130335750e-01,-3.174000842955676527e-01,-3.821118572775006328e-01,-4.403278155758971746e-01,-4.149363833272378121e-01,-3.900212798204961695e-01,-4.205540989303546695e-01,-3.914583144117160241e-01,-3.696752138963973477e-01,-4.086711281528480622e-01,-4.160865299028572717e-01,-4.252329433931495983e-01,-3.680750719380391778e-01,-4.719161974133742055e-01,-4.140833529189807405e-01,-3.998258536003925223e-01,-4.946534609244676584e-01,-4.605704489766854204e-01,-4.987166853256168042e-01,-4.565404506975337395e-01,-4.904791970648415544e-01,-4.421708272423624519e-01,-4.387399527043990832e-01,-4.120004220921226756e-01,-3.120989360255947420e-01,-3.775348584403063756e-01,-4.200347964584580374e-01,-4.200424629474447391e-01,-3.470416636304180513e-01,-3.589687416093801930e-01,-4.811087540333977564e-01,-4.568431811264213604e-01,-4.973598332801842381e-01,-3.950369261049516689e-01,-4.391257817123080387e-01
1.453614969445695716e-02,-1.353327702878137726e-03,-9.455015724474682970e-02,8.612475712193173871e-04,-1.852970142890855015e-02,-3.623266161790006379e-02,-5.670308085245904725e-03,-3.284597311095189404e-02,4.413007997366802382e-02,7.578442542026679087e-03,-2.625190955116623454e-02,5.420635423391353264e-03,-9.772993681518858666e-02,-4.816831097690082303e-02,-9.951276015205044734e-02,-1.590759435738805516e-01,-1.548574832817850577e-01,-1.620671438169599965e-01,-1.734693491377748975e-01,-1.314290414259957351e-01,-1.937892603864607710e-01,-1.493189631889366153e-01,-1.932116202276289163e-01,-1.355814904947790223e-01,-2.318387780530829223e-01,-2.088959033712146363e-01,-2.691908931491528989e-01,-2.497083071855561998e-01,-1.969758152896227410e-01,-2.319500054616695506e-01,-2.826558971077895444e-01,-2.567934279453891744e-01,-2.269975978120613858e-01,-3.098030252195232981e-01,-2.971099817308292534e-01,-3.307317729951718133e-01,-3.105679282072162928e-01,-3.164361218117188179e-01,-2.140097678055295771e-01,-3.062563598275239718e-01,-3.119986816910729766e-01,-3.157697684047707787e-01,-3.470227555287847543e-01,-3.851347785224675802e-01,-3.193226855831697297e-01,-3.142781136344014459e-01,-4.418334347996108469e-01,-4.411713957158659438e-01,-3.596717796219889851e-01,-3.346256781991756579e-01,-4.020670544764837762e-01,-4.350398318983742518e-01,-4.399014157910674516e-01,-4.241497676519457305e-01,-3.957853826168765687e-01,-4.282412561830862829e-01,-3.777591202757069055e-01,-3.944700376758288329e-01,-4.579528065945427384e-01,-4.073923161854035024e-01,-4.077364312369998745e-01,-4.353533050464324927e-01,-4.384376417659596736e-01,-4.663070716354491552e-01,-3.933780857200287473e-01,-4.576598843514003701e-01,-4.049010366517709070e-01,-4.392087395767640956e-01,-4.139333665282168839e-01,-3.040741243643869107e-01,-4.009664775531621150e-01,-4.876626469098645500e-01,-3.687646202667343442e-01,-3.047627633170827965e-01,-4.331777125750413959e-01,-4.611597889361706559e-01,-4.604903695669922414e-01,-3.925954026786507289e-01,-4.909841975553345117e-01,-4.758239874050114726e-01
-1.584753369598650152e-02,7.564810794968160335e-02,-7.513732655939593663e-02,-4.911847801936568281e-02,5.706539243859241016e-03,-2.604909084839260661e-02,-9.440386068505465453e-03,3.805200116022020018e-02,-2.139740031571113824e-02,-6.562352209361214939e-02,2.522731341820618530e-04,-7.110729518079418610e-02,-1.428128604642898702e-01,-7.975577479447486240e-02,-1.239406667326271305e-01,-5.827928930928198692e-02,-1.771874272838913911e-01,-9.326181474993765208e-02,-1.452516464702889032e-01,-2.133504804867768778e-01,-1.928437491562480233e-01,-1.837153058080593371e-01,-1.765412267628691800e-01,-2.489606590584549084e-01,-1.721599553966401130e-01,-1.880544764687971104e-01,-2.495179318330108531e-01,-2.257229015049782295e-01,-2.283533512043532943e-01,-1.464069750572619955e-01,-1.627800443823451959e-01,-2.326636589767948626e-01,-1.694356083846708105e-01,-2.372706382984051954e-01,-2.798748711178687953e-01,-2.664566661006190773e-01,-2.051626016366768501e-01,-3.486429012153784424e-01,-2.789046376350596268e-01,-2.895651544474485140e-01,-3.177225333083163461e-01,-3.063190830805299636e-01,-4.253894349988920354e-01,-4.112522935196293861e-01,-3.424524678534534017e-01,-3.617034314214350177e-01,-3.429482292513875152e-01,-3.826082232182211884e-01,-3.893535779846422629e-01,-3.590122935111166314e-01,-4.320510906215895841e-01,-3.973313917710911691e-01,-4.053471788582896362e-01,-4.194625273535090293e-01,-3.416314172368796198e-01,-4.340295523571423564e-01,-4.277640541345340552e-01,-4.366330259751756704e-01,-3.597888974404106488e-01,-3.913212785169554175e-01,-4.929101413429503031e-01,-4.679395231119867771e-01,-4.283535534661845889e-01,-4.300889530383840698e-01,-4.165925042089848040e-01,-4.254131005155810663e-01,-3.346681511034210188e-01,-4.004973323216042824e-01,-4.333272034935407024e-01,-3.881559041019076450e-01,-5.077872541242166582e-01,-4.148966426198745783e-01,-4.402754453589327044e-01,-4.173501287150150341e-01,-3.861924939783019095e-01,-4.186938490152556369e-01,-4.958010742462139464e-01,-4.706164952901565335e-01,-4.519111088830784495e-01,-3.489520016507009492e-01
-8.940290225452504624e-02,-3.419147987105526643e-02,-1.970457775395767150e-02,-2.916261000686694305e-02,-5.415136026371350497e-02,6.284686393888585208e-03,-1.955321667136398003e-02,3.060726110882079284e-03,-6.638320296946484400e-02,-8.890249573200732780e-02,-3.956441799229209327e-02,-2.615018884587680045e-02,-7.425269244439468286e-02,-1.242204833328452163e-01,-2.311700250599325185e-02,-1.043182139211038945e-01,-1.062954739949186905e-01,-1.106019180776539046e-01,-1.726171799667637063e-01,-1.477584512586163634e-01,-1.107228063686750974e-01,-9.788978947967634514e-02,-1.325042599007197064e-01,-1.856709821225960011e-01,-1.393521432690847384e-01,-1.337120736266989018e-01,-1.940684636034358812e-01,-2.055995680172984785e-01,-1.991344429365584090e-01,-2.094910699668349197e-01,-2.693798961916785140e-01,-2.734532998533119041e-01,-2.537785798214681199e-01,-3.315427217839522211e-01,-2.244669076186492085e-01,-2.857844956792342517e-01,-3.046783741508179988e-01,-3.041981619028945594e-01,-3.212235064177445532e-01,-4.019417701978747481e-01,-3.121039811102758743e-01,-3.662812543178223801e-01,-2.703656676288254124e-01,-3.123518301721497914e-01,-3.423448540079693792e-01,-3.308252273754719308e-01,-3.923764022406802110e-01,-4.093628021330672495e-01,-3.109100802225061577e-01,-3.933611020653581258e-01,-4.132201803039460275e-01,-4.294146922480093775e-01,-3.593277595476902508e-01,-4.537468225615799988e-01,-4.370855884412604420e-01,-3.889699481041840046e-01,-3.898340417438797556e-01,-4.172886398270920782e-01,-4.499334613918714587e-01,-4.729287525215196686e-01,-4.096359095001470552e-01,-4.418993463187916304e-01,-4.609364789755531766e-01,-4.300895816126760196e-01,-4.992179459854985124e-01,-3.344098691413343039e-01,-3.653867345643394549e-01,-4.435672670168430143e-01,-4.095496924716345855e-01,-3.614001640642510171e-01,-4.220186578091603691e-01,-2.814292566246778815e-01,-3.584293287791018301e-01,-3.219011715121645190e-01,-4.489121956589029461e-01,-3.777081884164391057e-01,-4.065900214297268889e-01,-4.400728143217461641e-01,-4.661372909653477281e-01,-5.171507823109008362e-01
-3.075371269763800194e-02,-5.478948065636541492e-02,-7.923499807202371431e-03,1.039957364178278054e-01,7.760285643525118840e-05,-1.616154125851948162e-02,5.480241574525211538e-03,-4.965978572036153227e-02,-3.833102724602661937e-02,1.178808880141310814e-02,-6.590262625954985964e-02,-2.664965015097395598e-02,5.403656510836740007e-02,-3.763705422277997120e-02,-6.368489982772825020e-02,-3.495783965703786605e-02,-1.426963091017351970e-01,-1.550145298540884786e-01,-9.394640366636977657e-02,-8.187688721656180557e-02,-7.926317019551878951e-02,-1.440256257173307963e-01,-2.592329747186275513e-01,-2.242728864389514354e-01,-1.937598236784285888e-01,-1.093724869072059819e-01,-1.631880967845038277e-01,-1.818296039442378054e-01,-2.940889073021412670e-01,-1.876312871739072574e-01,-2.722663095238248565e-01,-2.183044622146486369e-01,-2.641874374180784857e-01,-2.841269755869662572e-01,-2.907846836550985747e-01,-3.160935174493678113e-01,-2.430946917895814297e-01,-3.183914692847938932e-01,-3.045001205325325588e-01,-3.395272062833742388e-01,-2.571580523823074893e-01,-3.544889823680354990e-01,-3.014455435705768460e-01,-3.200067946864574298e-01,-3.678347904924235134e-01,-3.588502665579207385e-01,-4.259205860584724390e-01,-3.671307693916274206e-01,-3.605390465813630430e-01,-3.839524054133782727e-01,-3.623420615119673505e-01,-3.501244838794234648e-01,-4.220302578613162603e-01,-3.656473623293229336e-01,-4.168381649630483188e-01,-4.293700754822882826e-01,-3.904873002057981379e-01,-4.010103603387393800e-01,-4.249245020294017960e-01,-4.300559168695292089e-01,-4.574741864513630629e-01,-4.404371430844309931e-01,-3.461909810295161760e-01,-4.078539210374161339e-01,-4.628212374482320035e-01,-2.706226622809613236e-01,-4.560281729629471204e-01,-3.748430852471251185e-01,-4.071450618833708512e-01,-4.500797418739422295e-01,-4.208015751111952030e-01,-3.512129185425375555e-01,-4.771952560798700116e-01,-4.922393085492230425e-01,-4.770427777868742059e-01,-3.022869363522877051e-01,-3.940164391121425136e-01,-3.667123541039700174e-01,-4.157296892274410793e-01,-3.896658608434796500e-01
-5.579591429920335161e-02,-3.895770715260727518e-02,-1.309552871481659908e-03,-1.742109562457343566e-02,2.600370556145055858e-04,-2.068270294130416034e-02,-5.988498371457966901e-02,-9.519895985685063525e-03,-5.706959757829330876e-02,-8.135517109309958750e-02,-8.817913566159404914e-02,-6.951304359957166668e-02,1.580438685306919527e-02,-2.641316093884895841e-02,-1.145588483348259842e-02,-7.512958358733588804e-02,-2.424358606799950980e-02,-1.369469854327412250e-01,-1.432783981043299071e-01,-2.016109266313610704e-01,-1.276050062048791345e-01,-1.824879210405853103e-01,-1.496153475687435341e-01,-1.473790054258407034e-01,-9.307208126952797034e-02,-2.222860266181779787e-01,-2.486514937652546942e-01,-1.837315634599555603e-01,-2.678998667148967394e-01,-1.711057384476857568e-01,-2.781337883067703798e-01,-2.986656079690783172e-01,-3.225625078024904613e-01,-2.808019267146455444e-01,-2.845320151409992393e-01,-2.708093209452586692e-01,-3.259717360236354389e-01,-2.443851340057882626e-01,-3.314916403502287112e-01,-2.673566463945256655e-01,-2.507976581274176664e-01,-3.238618711734567723e-01,-3.867138799673333072e-01,-3.148304160694913034e-01,-3.318270669048877797e-01,-3.099222699463752284e-01,-4.256276948787319769e-01,-4.141885630971873788e-01,-3.575180592525016299e-01,-3.830488322441090721e-01,-5.035187386426970280e-01,-4.116139026964914516e-01,-4.524571962575587025e-01,-3.426432716320616523e-01,-4.233829927438971796e-01,-3.593099981458778291e-01,-3.984424143354882708e-01,-3.916365239942161680e-01,-4.053065148994114963e-01,-3.982856588753794780e-01,-4.004063788798633561e-01,-3.841040222162944717e-01,-4.624645835669936589e-01,-4.603295032383724061e-01,-4.660884018246888583e-01,-3.630955934572308030e-01,-4.061125776577988455e-01,-3.794609483047821086e-01,-3.002450835831100284e-01,-3.729905956249568999e-01,-3.279341596751118582e-01,-3.322343697430257814e-01,-3.734707036631728649e-01,-4.464478809774420909e-01,-4.027402363164606647e-01,-3.721243040234434307e-01,-5.135687417570962143e-01,-4.079402663470499402e-01,-5.047054926916456630e-01,-5.281295959179874711e-01
-3.407792518845536439e-02,1.136451577923344551e-02,-2.982598554362849222e-02,-2.481769843159751035e-02,5.188488584357368177e-02,6.662043290535195339e-02,1.300046300721693047e-02,-5.986361778670008099e-02,3.225888235485219191e-02,-5.645583232969832860e-02,-1.262149360858336455e-01,-7.462522210550805168e-02,-1.394333705103021626e-01,-7.165669387912967925e-02,-1.266360733528870408e-01,-1.189824549329157599e-01,-8.383991779422776680e-02,-9.067425906082307585e-02,-1.249497315539786213e-01,-1.334680576495224369e-01,-6.609062835719338447e-02,-1.575041635685239527e-01,-1.960811493236343794e-01,-1.366016465713822403e-01,-1.891999020640947049e-01,-1.586210381062624353e-01,-1.631105172430201977e-01,-1.831499282610017099e-01,-1.529431245865408573e-01,-2.495957779056089121e-01,-2.046998749723691613e-01,-2.350916543873801112e-01,-2.290813847981455209e-01,-2.758941283873366790e-01,-2.853845115765060725e-01,-3.323671036389517774e-01,-2.839431102995202960e-01,-2.001938451290685150e-01,-2.454063672980013600e-01,-2.968145229413851061e-01,-2.272124612488735929e-01,-3.362120988914155673e-01,-3.527539711494446784e-01,-2.818648267705519128e-01,-3.120762725364125689e-01,-3.133234964727887872e-01,-3.755465370450963292e-01,-2.957295119209363832e-01,-3.638385797632754382e-01,-4.600299283666593464e-01,-3.970115496701383528e-01,-3.208199811684321334e-01,-3.463719254825617377e-01,-3.790269232948875744e-01,-3.343578217432769395e-01,-4.497554205270339334e-01,-4.575241342444174020e-01,-3.899171360916978135e-01,-4.473117909573976481e-01,-3.906524374782409104e-01,-4.299016943558870429e-01,-3.409318637591604584e-01,-3.912128783582015656e-01,-4.397420294420634201e-01,-4.196854324182417439e-01,-4.025052658528288085e-01,-3.978199731060337307e-01,-4.218219303328363257e-01,-3.212307524963985972e-01,-4.281627838291996446e-01,-3.186852741069192141e-01,-3.591676885164387101e-01,-3.459453176698807364e-01,-4.158060623124054667e-01,-4.621869646681880939e-01,-3.373001411125755022e-01,-4.168567916044981780e-01,-4.395869864663891069e-01,-4.853064022923019305e-01,-5.280742417088774010e-01
-6.264495954278711306e-04,4.974753759523192070e-02,3.987628521787948271e-02,-4.475407780377286399e-02,-7.087782404580782224e-04,-3.202667446346662422e-02,-4.723362076140716348e-02,-1.159587409468800824e-02,-2.032785783085264836e-02,-9.448530320011211403e-02,-6.035150628224386117e-03,-8.804905185499807552e-02,-5.243460722346878627e-02,-9.976889470643864055e-02,-1.102637176636657584e-01,-1.418143334107762332e-01,-1.685354851327447168e-01,-1.223046746355597875e-01,-1.871481640326966567e-01,-1.280829960117871313e-01,-9.119645349330460227e-02,-1.513863531518819527e-01,-1.626687945285837100e-01,-1.812827282395559625e-01,-9.003135343186148554e-02,-2.310186544175448775e-01,-1.845236375608235446e-01,-2.262651276274096623e-01,-2.154741867431847202e-01,-1.807844182702590674e-01,-2.323017197418597857e-01,-1.581293121660753420e-01,-2.724184052604086137e-01,-2.564650216056773013e-01,-2.425145865587114702e-01,-2.069742465112409946e-01,-2.643075932442943698e-01,-2.507423516485921544e-01,-2.147503720427416662e-01,-2.606331892334670663e-01,-3.050370778834322061e-01,-3.466457120653436141e-01,-2.767419814085503305e-01,-2.811816881199881157e-01,-3.521241193959904203e-01,-2.918999720952369370e-01,-3.270463955892690122e-01,-3.831481601486027011e-01,-3.870980013148747623e-01,-3.992476530007098012e-01,-3.842750896087512857e-01,-4.051079449490549989e-01,-3.570210882564679999e-01,-3.348083447794950596e-01,-4.216972991166804130e-01,-3.954218698165709589e-01,-3.912421107700624900e-01,-3.384534698836585975e-01,-4.021809290473696286e-01,-4.493157212042850901e-01,-4.065354022438415482e-01,-4.102888839353802664e-01,-3.648319672450272000e-01,-4.382866262198078511e-01,-4.237485588288673055e-01,-3.951313213173271999e-01,-3.549581722078947177e-01,-3.718499399155211771e-01,-4.392134657830363831e-01,-3.077279259480338869e-01,-3.255700051806683648e-01,-2.104101526615556883e-01,-4.323822774233505584e-01,-4.086603867049446448e-01,-3.954226736821659371e-01,-2.316144705912791257e-01,-5.385452183582886132e-01,-4.524755850173162175e-01,-3.783527199951868814e-01,-4.768256155063487767e-01
-1.850973277016866592e-02,-1.667832761264213468e-02,6.206266758258227600e-02,-6.539590045095644566e-02,2.205656452119679825e-02,-8.322169377781770197e-03,5.072321781295984801e-03,-1.605430683319423665e-02,-2.344811254171897882e-02,-5.025447320777795546e-02,-7.298332412196034680e-02,-1.074148061535409593e-01,-7.343385348485510777e-02,-1.971074833126333636e-02,-1.790298914582063583e-01,-3.413448061288234386e-02,-1.146068864475981580e-01,-8.026808425262361990e-02,-1.068371043597818038e-01,-9.710547396908476847e-02,-1.349842463001676984e-01,-1.118048262816984106e-01,-1.018966333392079121e-01,-1.937984425150109935e-01,-1.622940442608333811e-01,-1.941351496820988565e-01,-1.360834399862622668e-01,-1.940615252055007400e-01,-2.133178304788172219e-01,-3.176217652827115767e-01,-2.197043866204017870e-01,-1.874365610192804954e-01,-2.796848598697894706e-01,-2.256340087809625694e-01,-2.643002205552421047e-01,-3.099726996841719040e-01,-3.273356572968741940e-01,-2.405455998059143619e-01,-2.656963229809217730e-01,-3.288024676945106028e-01,-2.338787863519372623e-01,-3.040392754878522008e-01,-2.182553775885593406e-01,-2.869549344810462532e-01,-2.925665981361239010e-01,-4.247579418909446236e-01,-3.249487448781029353e-01,-2.573704674634507694e-01,-3.133106738920419243e-01,-3.196543077561603829e-01,-4.210240686372433427e-01,-3.526419177406677763e-01,-3.785641304378769001e-01,-3.988313939109024986e-01,-4.319668663989957857e-01,-3.992545170984191927e-01,-3.416241571487783069e-01,-4.519495904551594778e-01,-4.466424984327314607e-01,-3.830873597005702846e-01,-3.931602206286775592e-01,-4.054052873716588734e-01,-4.082479310616210499e-01,-4.109704067952394402e-01,-4.389342396611534691e-01,-3.352867504889320283e-01,-4.559522071953183708e-01,-2.821210220576831906e-01,-3.174393808054309374e-01,-3.090569591738756561e-01,-4.022560287189511641e-01,-4.887233430252905797e-01,-3.476494014519369569e-01,-2.904054916606483849e-01,-4.365979289803262886e-01,-3.442370316934864061e-01,-4.631954691453562534e-01,-4.263731291052889061e-01,-4.409183636048733534e-01,-4.566666295285818911e-01
-3.983505706912370686e-02,2.169452593558859194e-02,-2.080263978115403506e-02,8.815920775793564031e-04,8.255469690605424238e-02,-6.408373230174572999e-02,-1.748323817124005503e-02,-5.139994840300333989e-02,-1.024744129837128759e-01,-2.601212936832491066e-02,8.236057476451123099e-03,-1.529724778649247940e-01,-4.803079124207437073e-02,-3.034561799862858095e-02,-9.677913757637895964e-02,-2.901700091174646071e-02,-2.715378398282876360e-02,-1.864693195313655294e-01,-9.360993831963033973e-02,-1.308789880731534572e-01,-2.011864770089386301e-01,-8.278001058213635410e-02,-1.420963540814191572e-01,-1.953274789117024623e-01,-2.789366750029175224e-01,-1.891715111221706769e-01,-1.092697562692903773e-01,-1.955006019960178476e-01,-1.808123136081605797e-01,-2.603586281317078477e-01,-2.466300009675110316e-01,-2.262697322699052938e-01,-2.121313761031724254e-01,-2.224224541581024950e-01,-2.893210323155523400e-01,-2.168667906561899117e-01,-2.536735239675909082e-01,-3.131566844316857612e-01,-2.906594653864200128e-01,-2.282980110811643482e-01,-2.619730275439030587e-01,-3.420433383758326729e-01,-3.501602838857796884e-01,-3.056186939410743264e-01,-3.437448452880828009e-01,-2.771002142611346253e-01,-3.903247918323505816e-01,-3.326660362313800245e-01,-3.461146637953906313e-01,-3.871670946962375570e-01,-3.309633037006951550e-01,-3.438975199837233654e-01,-3.284797833340061257e-01,-3.734914844216243868e-01,-3.737844641045543481e-01,-3.746466058955170708e-01,-3.559872478994356437e-01,-4.638589516898736775e-01,-4.098687138478948055e-01,-4.424716055491295097e-01,-3.475432210051765947e-01,-4.051406915183360935e-01,-3.661387556186715964e-01,-4.337411704491241915e-01,-3.998740443526699329e-01,-3.741560400342727188e-01,-3.599047259830695511e-01,-3.781663396639288188e-01,-3.481580312633366647e-01,-4.136512847383567171e-01,-4.169972409070953900e-01,-1.912121985692333825e-01,-4.283842066519218950e-01,-4.235210541523048988e-01,-2.578567521700617093e-01,-3.477037182874679333e-01,-3.765559721971122875e-01,-5.264286459790779027e-01,-3.794253387124882915e-01,-3.684166432629039645e-01
5.019494704748504038e-02,-5.441170568201849668e-03,2.106845614039995138e-02,-9.819705091161373342e-03,-3.334875830641133992e-02,-9.609477409476679943e-02,-4.045112152874996703e-02,-6.088175301217745722e-02,-1.684937456836582735e-03,-5.820163508836186800e-02,2.845771371515210067e-03,-1.001726900464045651e-03,-2.844392051311839253e-02,-1.201491872149180878e-01,-4.837257371923806698e-02,-5.392906813442836095e-02,-2.278858417656503751e-02,-8.739260190743920742e-02,-9.193946594797078320e-02,-1.175763802701287608e-01,-1.125182816006089076e-01,-1.849861722668334485e-01,-8.168866602029008217e-02,-1.615920671384418472e-01,-2.051176488335422765e-01,-2.502403895947906687e-01,-1.333831211745925283e-01,-1.554684673493565983e-01,-2.407956298458896194e-01,-2.482452434001034547e-01,-1.763533321743348814e-01,-2.058103389754438739e-01,-2.495349820509651095e-01,-1.648022475641939266e-01,-2.425956519466554162e-01,-2.114129503906786167e-01,-3.060292716939069790e-01,-2.239543282224697451e-01,-2.795769401062807025e-01,-1.899046936386099838e-01,-3.256471106393420412e-01,-3.381407611209136799e-01,-3.008352159973976536e-01,-3.918254982792176433e-01,-3.750956601799793066e-01,-3.537178797288775822e-01,-3.624325270561030155e-01,-3.902469072255879134e-01,-3.238102757563515177e-01,-3.662563211127726759e-01,-4.099527116021972617e-01,-3.291339779349414796e-01,-3.518957406731794135e-01,-3.268809987300848041e-01,-3.925677867140942578e-01,-4.029973932441158757e-01,-3.567071577281760164e-01,-3.569431848753023551e-01,-3.708011850268331799e-01,-3.856112426298959339e-01,-3.975078935012991144e-01,-4.040437526884829156e-01,-4.081060470185495226e-01,-4.960856441845160614e-01,-3.474736167181277091e-01,-3.439071995023239015e-01,-4.438357231378941559e-01,-3.869120674522328329e-01,-4.616470298095416980e-01,-2.626477210194319567e-01,-4.289171447313969154e-01,-4.187498935881267537e-01,-3.713471103338764068e-01,-3.709809768003422548e-01,-4.565673284836705426e-01,-4.205220617152107820e-01,-2.682903379878776584e-01,-3.346329028908920922e-01,-3.452118270437097847e-01,-4.865812591186753355e-01
6.436613540797769817e-02,2.861581543343207079e-02,-2.512035181284909269e-02,-3.101059890910591241e-02,2.373487611928272109e-02,-1.008225362260835450e-01,-5.927630920547519167e-02,-4.079317527541432425e-02,-4.847746391406601574e-02,-5.027500838107723524e-02,-5.634806922306352835e-03,7.035046528124833456e-03,4.715971510196684258e-02,-1.257210660881918907e-01,-7.152355760620526803e-02,-9.899846705292683537e-04,-7.579880441060467267e-02,-2.315017784581732338e-02,-6.260315735647216384e-02,-1.233320626790345986e-01,-6.486991760975156784e-02,-1.619492515978048219e-01,-1.235608336082182901e-01,-1.563355972154863438e-01,-1.745925492663131240e-01,-1.687763347439541484e-01,-2.159319592335808558e-01,-2.300907746413052013e-01,-1.908010136817278046e-01,-1.851971939661480049e-01,-2.242208137711829141e-01,-2.318676837480082298e-01,-2.602334043952554965e-01,-2.834105222677313907e-01,-2.738741038951088558e-01,-3.586802451469233710e-01,-2.377472309757980296e-01,-2.002202009633665680e-01,-2.860932774413187385e-01,-2.923443559897872523e-01,-3.062954270192539963e-01,-3.502559561181034509e-01,-3.660585277658921499e-01,-2.980354756758114010e-01,-3.326766037215755367e-01,-3.640075421338147543e-01,-2.864440443520980817e-01,-3.047685466489123418e-01,-4.051764770367644597e-01,-3.565889232226167049e-01,-3.789222904618558263e-01,-4.076595911632315827e-01,-3.513151060687825789e-01,-3.496380496896238643e-01,-3.941659420807719361e-01,-3.675892366351382612e-01,-3.089529082470053312e-01,-4.320171319386162945e-01,-3.157511038333036257e-01,-4.038625935405720235e-01,-3.729496981758152474e-01,-3.415201472409797878e-01,-4.095404553990005803e-01,-3.678957114200673839e-01,-4.388358216116463040e-01,-4.070794943747701455e-01,-3.487006720084485090e-01,-4.221949604231362008e-01,-3.734812971494188560e-01,-2.894562338738819185e-01,-3.384982923319276860e-01,-3.740508434988896735e-01,-3.814835499294787491e-01,-3.331751648342217709e-01,-4.013518267331103728e-01,-2.448523222948775502e-01,-4.427201743440685178e-01,-4.187010522196425444e-01,-4.881610238643526722e-01,-4.273218588136784013e-01
1.610837234136116777e-02,-5.935609117890543879e-02,7.059036215428708683e-02,-7.701507409575450436e-02,-8.051936495368824942e-02,-1.041959895985714035e-01,-4.425430821554792588e-02,-4.704201831312187360e-03,4.463304997945958044e-03,-1.464184148550218556e-01,-1.176093741061021297e-01,-3.810811415629507259e-02,-9.260270545551205212e-02,-1.424511102246770085e-02,-6.929012799902228847e-02,-1.148929860200451208e-01,-7.760987032117014350e-02,1.414297457405555222e-02,-1.206818171135623334e-02,-1.327770076519976528e-01,-1.124548502760596841e-01,-2.345515608263388785e-01,-1.116901815413248872e-01,-2.434331943157476141e-01,-2.691969073855034478e-01,-1.305723921542632782e-01,-2.202510927524521933e-01,-2.281029253632543830e-01,-1.936120943780982318e-01,-1.667811737565524643e-01,-1.494991067469696455e-01,-2.863329560241923977e-01,-2.534789464550720184e-01,-2.125348887530870423e-01,-2.920899222213718116e-01,-3.250695072379515271e-01,-2.598646223623884977e-01,-2.239636695225932506e-01,-2.753434095969881090e-01,-3.143647788618910144e-01,-2.623358027254594771e-01,-3.305978345456793144e-01,-3.059681039877240605e-01,-2.334337260526165581e-01,-2.318881108359321097e-01,-2.736039591659079062e-01,-2.621476893057553825e-01,-3.611262415136521908e-01,-3.450944140441732366e-01,-3.273025196445685792e-01,-3.402571766609002180e-01,-3.331101768316317435e-01,-2.144206090376601093e-01,-4.007113023166939403e-01,-3.540941824192674892e-01,-3.297961468954090369e-01,-3.809609960849812405e-01,-3.753106762797615015e-01,-3.643213078207306332e-01,-3.407007520325349703e-01,-4.239431290688483456e-01,-3.369025947930461284e-01,-3.942389963908333184e-01,-3.603617527715160529e-01,-4.375943822816565354e-01,-3.250920846456353264e-01,-4.152781517441242465e-01,-2.351236985698889059e-01,-3.506817700101914625e-01,-2.932072042206262386e-01,-4.278890593756969341e-01,-3.680582542107068700e-01,-2.869907565358180146e-01,-3.986703462592384728e-01,-4.202375320569283756e-01,-4.206440997663749570e-01,-3.593625741323102085e-01,-5.205256540332339199e-01,-3.476105429258906088e-01,-4.785857606022169697e-01
1.698968416108438337e-02,4.245268578509065610e-02,4.721471853678303743e-02,2.173914157651122420e-02,-3.211491198398456343e-02,-2.604875117839329166e-02,-1.470668781125947754e-02,-5.712525127366401695e-02,-1.186933689778499057e-01,-9.842459030417846644e-02,2.052507719587500640e-02,-7.503798248303267249e-02,-3.547428302442521414e-02,-9.829110182276184007e-03,-1.187766601975446951e-01,-8.977283292101805035e-02,-1.870517317887950004e-02,-9.759255589672818920e-02,-1.359713953769715600e-01,-2.026133752234662855e-01,-1.731713770825542009e-01,-1.254564207851306401e-01,-1.623436176581684320e-01,-1.705648209412408967e-01,-2.496116970996571094e-01,-1.119987282579166105e-01,-1.834980457121641317e-01,-1.419566046248956215e-01,-9.289458234159084227e-02,-2.851712652736526077e-01,-1.862839322937145936e-01,-2.450547975660658240e-01,-2.594988011052258847e-01,-3.063623316620337489e-01,-2.538951116423294185e-01,-1.816882542865269345e-01,-2.355169432508809613e-01,-2.746567419473929239e-01,-1.870232223202012711e-01,-2.651348918056129489e-01,-2.997448545979655710e-01,-2.116609299413482193e-01,-2.008611496529955076e-01,-3.068717371370455194e-01,-3.033167430557109356e-01,-3.089063114773678564e-01,-3.054393184941678330e-01,-2.790340541795518492e-01,-3.058219272726611648e-01,-3.326999992863795552e-01,-3.112593298580187962e-01,-2.929377111744712603e-01,-2.661750600012590673e-01,-3.765333951943224400e-01,-3.777338036631928686e-01,-3.244575356456719795e-01,-3.122764803659255350e-01,-3.956041105108211164e-01,-3.527249203404111411e-01,-3.390995072070030480e-01,-3.613955692121553764e-01,-3.860242158103256993e-01,-3.380824064086406788e-01,-3.811414012747173508e-01,-3.589757339846741391e-01,-3.915740041723749232e-01,-3.745349282322193996e-01,-1.926660215828851219e-01,-3.309175972766425500e-01,-3.074967324907550426e-01,-2.856583153912365391e-01,-3.347405486159721333e-01,-4.570161751458410304e-01,-4.149982069105144777e-01,-3.742760942368072441e-01,-2.231215778444899378e-01,-1.933262390737027769e-01,-3.778292607836529204e-01,-5.300346748690023535e-01,-4.675474577303815882e-01
5.650806713386592045e-02,1.531970027821908178e-02,-2.263563392007623964e-02,-6.890275548365847047e-02,-6.015478758187474059e-03,-4.804282945361614682e-02,5.038296023552587231e-03,-1.146266953842015740e-01,-1.096882746709828549e-01,-5.936704369192680880e-02,-9.361298803257701862e-02,-9.751911087186759808e-02,-1.769778127947490773e-02,-8.863813652158467060e-02,-4.269298539378108687e-02,-8.842200631147979772e-02,-4.807420003734082237e-02,-9.094078649732890984e-02,-9.172887626582205967e-02,-9.012526876924842334e-02,-9.894975362310091949e-02,-1.724666076552111849e-01,-2.002395204183805011e-01,-1.371757899906726474e-01,-1.318533304868491074e-01,-1.665750588054770165e-01,-1.406769684895631811e-01,-1.452334424434430504e-01,-1.584387047516944702e-01,-2.391138897598744650e-01,-1.942489499990260604e-01,-1.450368740493487851e-01,-2.427535720258174601e-01,-2.273354295913806722e-01,-1.742254681467675648e-01,-3.126852510348991365e-01,-2.405680620567076378e-01,-2.457718612757082144e-01,-2.504659214073519102e-01,-1.909370057953825583e-01,-2.632860165825093857e-01,-2.101170096572072543e-01,-2.845928846090701181e-01,-3.289662415200757528e-01,-3.056748323526726208e-01,-3.954748184697824409e-01,-3.419488703494963366e-01,-2.865174263799324939e-01,-3.477431741186977066e-01,-4.162940489227375251e-01,-3.504808485553202457e-01,-3.322165509445030307e-01,-3.738436580342337501e-01,-3.884094848750267448e-01,-3.356159081605967764e-01,-3.879800732244478856e-01,-3.873676328447777650e-01,-3.658265798550004444e-01,-3.598912428193759561e-01,-4.055469146890919863e-01,-3.482715591228566221e-01,-4.264469001459301745e-01,-3.231375724525318294e-01,-3.818898564189349143e-01,-3.437827458088365540e-01,-2.624149200750370836e-01,-3.671861035994321010e-01,-3.879971350555015963e-01,-2.445701444650574541e-01,-2.805709303193599791e-01,-3.613538009839604714e-01,-4.161912922925913860e-01,-3.154656124748426715e-01,-3.558826541932472720e-01,-2.583183608402939146e-01,-2.509186994308562069e-01,-3.095342952891690369e-01,-2.990871280014787970e-01,-5.369407351469113188e-01,-4.206627557720831190e-01
-3.903575730124565768e-02,1.585996506411248980e-02,-2.585825809936921280e-02,-6.571901319021153376e-02,1.716173987340079837e-02,-7.424416511490088133e-02,-4.946914493443812372e-02,-4.591627768068708149e-02,-7.521711646667997297e-02,-1.330346543352522726e-01,-3.787943803083727162e-02,-4.872590181203901444e-02,-1.254873511673571529e-01,-9.623078312479710350e-02,-2.638379035881187676e-02,-1.873324078689727334e-01,-8.423905536895003043e-02,-1.599396971642791654e-01,-2.732471227737586633e-02,-8.433987399442548216e-02,-1.986993120712628180e-01,-6.197954215014657431e-02,-5.227563774872086982e-02,-1.443389151534518189e-01,-1.772234565420980068e-01,-7.789961038703413498e-02,-1.948748886864891672e-01,-9.591657180675354499e-02,-1.083562708764045091e-01,-1.882885552478730518e-01,-1.771973677123309387e-01,-2.413884652976565348e-01,-1.983046716745980598e-01,-2.147076373366709201e-01,-1.891006715822244333e-01,-2.369142326466428805e-01,-2.669432367667748940e-01,-2.769407849032776148e-01,-3.116721520583871641e-01,-2.653344577526313142e-01,-1.893243109759425724e-01,-2.587787231455243031e-01,-3.409862836459612301e-01,-2.738211971310976489e-01,-2.593518045520959991e-01,-3.743061657558409139e-01,-2.752341474092642737e-01,-4.234217055648575312e-01,-2.540360507448255478e-01,-3.607361554700995732e-01,-2.772772911758246694e-01,-3.154844102332654554e-01,-2.823395924198391360e-01,-3.058097558934094740e-01,-3.305326600499756684e-01,-3.813214766836661718e-01,-2.451292962344239768e-01,-3.841254910711388026e-01,-3.414935493747751627e-01,-3.467408251394921148e-01,-4.316012390181729885e-01,-3.964246434062165259e-01,-3.586222372376022816e-01,-3.416721665403263386e-01,-2.879335455453807535e-01,-3.408394998992351210e-01,-3.360323621719552567e-01,-3.581071210209802458e-01,-3.430150102763013797e-01,-3.952432027606812004e-01,-4.230679909517538473e-01,-3.081861020471318713e-01,-4.016091480979306905e-01,-4.297854967951233451e-01,-5.157409729127139242e-01,-3.051928765258209997e-01,-4.608634768841443075e-01,-3.442373753727077101e-01,-5.626760926334394286e-01,-5.854821730624081288e-01
-1.422259065477847820e-02,-2.590992846176708511e-02,3.612450337857913210e-03,-1.128302848774609263e-01,3.849911087737756255e-02,-5.569002736672190590e-02,2.668216273357428003e-02,-7.515754749035218063e-02,-9.204309058853622771e-02,-4.292317037005986824e-02,-4.247593445022488506e-02,8.569847043243551676e-02,-6.847355698610603503e-02,-2.009703591669700223e-02,-1.402243881096789518e-02,-1.808891183909245859e-01,-3.909503254809827688e-02,-7.981528847840469593e-03,-8.696093005107784213e-02,-1.195678556467511117e-01,-1.228582045547456508e-01,-6.225088577137966733e-02,-1.131137714290336577e-01,-1.672611410686699607e-01,-1.032365214195790082e-01,-1.440407435457450591e-01,-1.388077540633026463e-01,-1.465275333978135197e-01,-1.488225682070885847e-01,-2.383816733847233527e-01,-1.265623108774484584e-01,-1.399760322275654945e-01,-2.292743226909471077e-01,-2.872224091374336319e-01,-2.026203833608028748e-01,-1.947181374554210476e-01,-1.993251537307124122e-01,-2.326905650905420064e-01,-1.818798671385455090e-01,-2.402051322337411254e-01,-2.215703725795400147e-01,-2.313938384836619344e-01,-3.471895995971250870e-01,-2.672422712099676856e-01,-2.760753704249601648e-01,-3.134163227095597137e-01,-2.765609813965785313e-01,-3.620433917777923782e-01,-1.922050546650395375e-01,-3.590764389425413206e-01,-3.459552102964553177e-01,-3.025834558363454940e-01,-3.105865627680516328e-01,-3.584679767594999289e-01,-3.713157058212662176e-01,-4.079734537708435416e-01,-4.044259162524225237e-01,-3.257680909352082543e-01,-3.088616015111279034e-01,-3.270271831916181648e-01,-3.049222181442503565e-01,-4.067633214097842731e-01,-4.503139399895557116e-01,-3.850078020114580113e-01,-3.318920503260857080e-01,-3.223341185785149610e-01,-2.902645433982886103e-01,-3.708257754804450412e-01,-3.226461294283832770e-01,-3.781491500927668392e-01,-3.787198797092615199e-01,-4.816779443500991409e-01,-4.505487944977185633e-01,-3.763566009832946535e-01,-5.099509063692632127e-01,-4.013290482791947444e-01,-3.666320742147354816e-01,-3.585192959676212765e-01,-4.200879718566514209e-01,-5.017170766385533609e-01
2.595968814990779264e-02,9.790767847109438718e-03,3.777710574898592022e-02,-2.491039907628550196e-02,-1.247104885847405593e-02,-1.153518449944775613e-02,-1.590822844790436980e-02,-9.030521761721965746e-02,-3.863256775823017963e-02,-1.286566508067392978e-01,-1.954540460204778549e-02,-5.199568907771660864e-02,-1.071521909742950557e-01,-1.337982339765014447e-02,3.089285235850797000e-03,-2.496348298516237393e-02,-6.168027342147746478e-02,-1.556016861530217787e-01,-3.735581289039777153e-02,-1.062923537139024294e-01,-1.352518385154215241e-01,-1.556612127013829450e-01,-8.323107800249338051e-02,-1.243596049707749868e-01,-1.535973180705241525e-01,-1.743877383921003943e-01,-1.540026474831419634e-01,-1.816260954214940215e-01,-2.121789265868007923e-01,-2.675792539614965659e-01,-1.609053957295319692e-01,-1.867673863212744242e-02,-2.374273313353308101e-01,-2.079268129571101853e-01,-2.289107842816099359e-01,-2.146207495339245985e-01,-2.254914972710986565e-01,-2.545862034557973552e-01,-2.651562025159520108e-01,-3.541808410491883441e-01,-4.145604159892626317e-01,-2.118050883041593668e-01,-2.873611737391518761e-01,-2.892619341247477105e-01,-3.075323385394818643e-01,-2.610421789639671419e-01,-3.434709699509707059e-01,-2.194234588652585749e-01,-2.799113569168341087e-01,-3.068942279412538721e-01,-2.396965900944160177e-01,-3.118839321591509450e-01,-3.605560751892766258e-01,-2.868231075523154372e-01,-3.822493866816145114e-01,-3.160017173161330239e-01,-3.587291389453239332e-01,-3.949988882749924102e-01,-3.315520490144204246e-01,-3.766759959965617077e-01,-3.937436334541343230e-01,-4.359549064614774427e-01,-3.500178695966200126e-01,-2.677513542586654194e-01,-3.895981250130464146e-01,-2.556081483375308161e-01,-9.726019971333800529e-02,-4.333931240899455140e-01,-4.639722215184854948e-01,-4.533083660138978455e-01,-4.757288485510270393e-01,-4.939103931559010174e-01,-4.014854528545609980e-01,-4.428547504957391912e-01,-5.318005658506311795e-01,-3.464423374420556589e-01,-3.953002614921473645e-01,-3.819968577718038660e-01,-4.279590057178495610e-01,-4.086533307610085708e-01
-2.070021558437501810e-02,-2.300671314128967249e-02,2.712854131775771852e-02,1.515896930047221439e-02,-5.028615899961885044e-02,-9.416185414375602414e-02,-1.294062365339950470e-02,8.833512395661664851e-03,-1.182440078998201957e-02,2.603363544209725058e-02,-1.074411004090937705e-01,-8.643956893146338694e-02,2.194391713698223140e-02,-1.208562090973941058e-02,-1.517843564405959265e-02,-4.632448683797540240e-02,-1.362305919183162684e-01,-6.616085236487809218e-02,-1.694119531752180108e-01,-1.197120150797728183e-01,-1.580691810884108928e-01,-1.373952150642496206e-01,-8.662351476313284726e-02,-1.931939604312198078e-01,-1.207064554902770176e-01,-1.121694905364978845e-01,-2.133131938089496971e-01,-1.405716272478852169e-01,-1.836368783359522416e-01,-1.904798581426862814e-01,-2.188979554961722473e-01,-3.105095141392068547e-01,-2.327050563268862338e-01,-1.344392873781280195e-01,-2.014269410211412259e-01,-2.884265409390298629e-01,-2.438477146299164733e-01,-2.854568735904149945e-01,-3.115980720235286272e-01,-2.481206600225223657e-01,-3.149829729494745267e-01,-2.728825720804242683e-01,-2.731738360154516987e-01,-2.577536337440842207e-01,-3.393994356919162181e-01,-3.104484556476526658e-01,-2.848906131200721892e-01,-2.819911436919613767e-01,-3.259678969825359762e-01,-3.505483691629659448e-01,-3.287671622118323311e-01,-3.195525486312738028e-01,-3.591255832950040472e-01,-3.887787688592732604e-01,-3.180114360194366552e-01,-3.191930243225379327e-01,-3.725601093904227779e-01,-2.966497289133312454e-01,-3.339656131102112790e-01,-3.604838082235826691e-01,-3.696891201295099405e-01,-3.409446082565451008e-01,-3.243630634485444864e-01,-3.808365236971392731e-01,-4.397393843859611073e-01,-3.468333646655721858e-01,-3.530552975406929805e-01,-4.674789537183652866e-01,-3.054448983839013754e-01,-3.915959403161716201e-01,-4.408814619631019616e-01,-4.678674500192263608e-01,-4.157058780860381497e-01,-4.499841541276654033e-01,-4.472317509696573379e-01,-3.539522232635201049e-01,-2.970833488278288859e-01,-5.097710800450028223e-01,-3.840128720996131562e-01,-5.595700828139926752e-01
-6.216789167043417635e-02,-6.657733394028463036e-02,-7.548700145580126974e-02,-4.680662130765789186e-02,-8.836390892461000457e-02,-4.187562587615529380e-02,-1.901002121160651767e-03,-4.049346516386110456e-02,-8.524954028296903574e-02,-6.276872496823718284e-02,-3.110626309502336276e-02,-1.298881493009594948e-02,1.027855088379718215e-02,-3.817869034327418115e-02,-1.086575211509633598e-01,-2.850353328865719293e-02,-3.247687873140106540e-02,2.197304579534979218e-03,-9.935281564578810065e-02,-7.747895799627506352e-02,-6.545363441496392098e-02,-1.534368738252230580e-01,-1.618216705845190728e-01,-7.484205754268427602e-02,-1.543044576789146805e-01,-1.959570581739749906e-01,-1.644161244869952465e-01,-1.248294618174995707e-01,-1.137323665425828551e-01,-1.391375829744171955e-01,-2.019491146849099472e-01,-2.544977962213564870e-01,-2.570658884203737560e-01,-1.833414410744162448e-01,-2.140566800750315635e-01,-2.825893636636803152e-01,-1.854263832479601526e-01,-1.435151121688127418e-01,-1.906495756140498266e-01,-2.261334001177214559e-01,-2.256620926214257250e-01,-2.628361702715545367e-01,-2.872708252918871330e-01,-2.441378139300044436e-01,-2.797636552266670740e-01,-3.166464731434119884e-01,-2.543409230967293988e-01,-3.101015836339534038e-01,-3.121526459770961326e-01,-3.418672483354628922e-01,-3.395420603732705600e-01,-2.943536834302228899e-01,-2.911851126851633387e-01,-2.632026211525907433e-01,-3.079673457556181826e-01,-3.022819159456703875e-01,-3.260215333724897913e-01,-3.608176327168644004e-01,-3.108947841185129568e-01,-3.204897410035589811e-01,-2.537257864808492025e-01,-3.175192522903140802e-01,-3.828996813137984789e-01,-3.809086048035526528e-01,-3.742447720781055809e-01,-3.370500810417045301e-01,-3.660022118175556560e-01,-3.865699436328436378e-01,-4.855382667455591661e-01,-4.926532617926122071e-01,-4.774357698084138457e-01,-4.118533672535658052e-01,-4.263870287611475351e-01,-3.363141018337904575e-01,-4.365159937772409848e-01,-4.529591724239374617e-01,-3.765010011891805619e-01,-4.283827199566586641e-01,-4.966590903313354288e-01,-4.559904246441302544e-01
-3.297144805737993456e-02,-9.089395031094901767e-02,-7.312409141204775920e-02,-1.261601150082493905e-01,-3.599678117648320158e-02,-1.532100710370905283e-01,3.373668213430968538e-02,-4.419084305974337046e-02,-4.829227837855945560e-02,-1.192662059499722954e-01,-6.195204483668157597e-02,-2.282192217840250947e-02,1.040245999906588923e-03,-3.409301068100199089e-02,-4.105207296331315342e-02,-4.400296285642189831e-02,-1.091862564033589944e-01,-1.459634267809928887e-01,-9.621762294090441259e-02,-9.446210908445168072e-03,-5.115456460502817299e-02,-1.073122864819696376e-01,-9.899856400302635417e-02,-1.127471746529588453e-01,-1.707398096328580916e-01,-2.383499880814711758e-01,-2.134260965382082653e-01,-2.027010167829209342e-01,-6.152565928838057974e-02,-2.382582404477610050e-01,-1.996485562920243262e-01,-1.701646398978056418e-01,-2.457048371107438678e-01,-2.046752963450039209e-01,-1.746787588374809908e-01,-1.601604440831034537e-01,-1.568039940646324959e-01,-2.341788990895374012e-01,-2.207183123799325297e-01,-1.862470013195759166e-01,-2.384631805475540822e-01,-2.630328644362189827e-01,-2.732887589751558655e-01,-2.328210010365344973e-01,-3.092885251923787049e-01,-2.441168192920627478e-01,-2.337370817242898358e-01,-2.607217716384402917e-01,-3.003348476370747422e-01,-2.468621939221442296e-01,-3.448360401827487709e-01,-2.862595466668737543e-01,-2.983195013555748343e-01,-3.489706205418715568e-01,-3.051549956757831916e-01,-3.222295917439176871e-01,-3.389488916438310739e-01,-3.968811645948330247e-01,-3.041821257448356630e-01,-3.678907882101802307e-01,-3.511866582947466564e-01,-2.944268088118082716e-01,-3.541605527356599947e-01,-4.477977756745658566e-01,-3.717826433569115796e-01,-3.878216529417923275e-01,-4.690765113376861861e-01,-3.623051167941213069e-01,-3.682038229742244928e-01,-4.895073792265177692e-01,-4.487336821092560157e-01,-4.260779942720660518e-01,-4.569931335990743415e-01,-3.669969606209861346e-01,-4.094823767679918181e-01,-2.828002653220482165e-01,-2.777888445035072151e-01,-3.712822632437545733e-01,-4.926645509726949035e-01,-3.684581203964569229e-01
4.513479992583289968e-02,4.278448561650961129e-02,-1.189410788130527974e-01,2.726693610986732214e-02,-1.041638086171468580e-01,3.628557165249398503e-02,-3.461825826088459762e-02,7.932913122712820578e-03,-5.237867607239932860e-02,1.207487083953029047e-02,-9.113621684796351097e-02,8.720606505861847046e-02,-5.299921041769930369e-02,-9.873897365635678214e-02,-1.155947372795619460e-01,8.990756180106310169e-02,-1.295046110701207967e-02,-7.191975853647684935e-02,-2.931010215939326008e-02,-7.432046843529259428e-02,-5.119561533559769534e-02,-1.906959552925093226e-01,-1.730308343980696828e-01,-5.714489259188063053e-02,-5.104951028117332701e-02,-1.447686668183700565e-01,-1.339111011961792441e-01,-1.668106255439763819e-01,-2.002529957648350734e-01,-1.542966614913202361e-01,-1.601454543983254764e-01,-2.482511670774581736e-01,-2.590303768049411759e-01,-2.749648978915494313e-01,-2.630783975194331270e-01,-2.377582652403795460e-01,-2.483896813732847098e-01,-2.145836608069924267e-01,-2.191366698036821825e-01,-2.573488292239992092e-01,-2.950742372910359901e-01,-2.157634327793159779e-01,-2.901910460431439964e-01,-2.122948289068492256e-01,-3.028018818623393615e-01,-2.148153212439445070e-01,-3.139903006719204082e-01,-2.332862619213056099e-01,-2.752338009569552657e-01,-3.727747656178015956e-01,-3.257818256817223146e-01,-3.907624566298452118e-01,-3.125763827283637442e-01,-3.062152046956738705e-01,-3.046441386549578190e-01,-3.128297198936135781e-01,-3.897906385778402982e-01,-2.917273491692322085e-01,-3.275450390166597114e-01,-2.645561126806521557e-01,-3.913260397768812959e-01,-3.365055410996254381e-01,-2.522483529105906119e-01,-2.758587129785082803e-01,-4.305424848653418568e-01,-5.121167751123747447e-01,-4.445079496895970594e-01,-4.695822865198590601e-01,-3.803102834687855371e-01,-4.786144918225864742e-01,-4.771052288361633531e-01,-4.049871765049057326e-01,-4.535194531031008225e-01,-3.113735773412547037e-01,-4.097586775480782650e-01,-3.832703740294634565e-01,-2.193210482237532566e-01,-3.661044913474409412e-01,-4.085164175813673637e-01,-4.731643629277823559e-01
-3.252857180991677172e-02,3.146948194488666251e-02,3.300675911135340923e-02,2.651996943479200536e-02,5.055448608480091893e-02,-9.701998065774322666e-02,-8.255493088211712793e-02,-8.176563911148251439e-04,-1.151299260057841445e-01,-4.111360844224512534e-02,-1.490136102966313665e-02,-9.437374950838708920e-02,-7.121776087248361808e-02,-5.704476933924389204e-02,6.885668031449848105e-03,-3.805012971294353518e-03,-7.027369655034079732e-02,-3.278814182747804423e-02,-7.247911263581256758e-02,-5.889519117477584609e-02,-1.145230774537027152e-01,-8.117949900123767881e-02,-1.004654593755478914e-01,-1.517032904338771471e-01,-9.855740090037187762e-02,-2.258835872000698464e-01,-9.898898672005759791e-02,-2.407078997079760418e-01,-1.627962609612077505e-01,-9.415115588210169750e-02,-2.205894923198856161e-01,-1.989206228207056060e-01,-2.475928709793833726e-01,-2.687271608766488296e-01,-1.425056511273701809e-01,-1.729891753459588122e-01,-1.999270620882557803e-01,-2.786743375523040300e-01,-3.198967832061322958e-01,-2.758078907948883218e-01,-3.066421922023104818e-01,-3.485105952291515097e-01,-3.041167748395068871e-01,-3.172445067705902400e-01,-3.104781740269274004e-01,-2.956897398519044429e-01,-3.126613814906472610e-01,-2.497707554418348574e-01,-2.508224916577216912e-01,-3.151437364219959458e-01,-3.283940456859472667e-01,-3.191371659161779673e-01,-2.123538144485799806e-01,-3.211556285751255846e-01,-3.087702289710705927e-01,-3.535668340792570419e-01,-3.621778317881164666e-01,-3.779604812258089419e-01,-3.209083545860292874e-01,-3.406465632070074245e-01,-3.698261922554538228e-01,-2.764970120443761004e-01,-2.614901773436242305e-01,-3.678861745267311689e-01,-3.877155294786637785e-01,-4.265424321397452423e-01,-4.349929362769400232e-01,-4.026941835653828905e-01,-4.354679859799123753e-01,-4.474806701324074987e-01,-4.215724066370665213e-01,-4.610180504256486955e-01,-2.591810543468646144e-01,-3.708931523697581722e-01,-1.701006093559739030e-01,-4.788001138468869766e-01,-4.112071338292989653e-01,-3.285482400924111257e-01,-2.903205119605141160e-01,-3.686663251440373545e-01
-4.668530195612875106e-02,-4.260944015386126937e-02,-6.340863826006204462e-02,-9.379523669353218018e-02,-3.756276957321201537e-02,-2.440075485025026275e-02,-2.014925061028639830e-02,7.586963539742799800e-02,3.855084900838630629e-03,-2.317339933770528812e-02,-5.051780216101235677e-02,-1.069184477837732163e-02,-8.243528786357040214e-03,-4.942540730025513085e-02,-2.051023698921530108e-02,-1.101659902587688034e-01,-1.531176750982729262e-01,-7.893175936460995745e-02,-4.190025118078685717e-02,-7.860532132486013068e-02,-2.931925538851829632e-02,-1.175814539076333598e-01,-1.129989255229544992e-01,-9.667831779007284021e-02,-1.350328999852513923e-01,-1.152063769308470792e-01,-1.255723326786367944e-01,-2.322187916001116903e-01,-1.316621196011369677e-01,-1.324196190523513339e-01,-2.450349810038141563e-01,-2.290069688707430662e-01,-1.385662440195993272e-01,-9.551224287889416298e-02,-2.082702814897738064e-01,-2.432271272082040248e-01,-2.626811725293665689e-01,-3.082626626668435454e-01,-2.931412857163758212e-01,-2.207528457070938310e-01,-2.562645268031468193e-01,-1.894167302426325583e-01,-1.833726948072543494e-01,-2.290349021788413153e-01,-2.502232715143877795e-01,-2.934316740183275929e-01,-3.483729848679448793e-01,-2.832055535571234572e-01,-2.894425307275973469e-01,-2.498138660003396128e-01,-2.894240227245034047e-01,-3.001629716550558991e-01,-2.607084975871480359e-01,-3.577143255896578777e-01,-2.564130893352625229e-01,-2.607337714231294235e-01,-2.337782298869164888e-01,-4.139771043699586039e-01,-3.569901356762913980e-01,-3.871876929958782410e-01,-3.336352099696299200e-01,-3.282164485157244016e-01,-2.806677701835271210e-01,-3.551388947964066456e-01,-3.628306585432304887e-01,-4.203461311505966580e-01,-5.163328690149048272e-01,-4.357942034021896061e-01,-5.112350211023842794e-01,-4.795077512264170339e-01,-4.342052470411973952e-01,-4.504625774719567266e-01,-3.607855996986482072e-01,-4.155835431909256084e-01,-2.598651496650141168e-01,-3.678412420735667210e-01,-2.429014468462265264e-01,-3.392155468893540138e-01,-3.968112951339904382e-01,-4.996976454726210770e-01
-1.362854202136340627e-02,1.814547383734309988e-02,-2.906332730933811406e-02,-9.353131639370529382e-02,-2.280211704319150268e-02,-6.926421868876316001e-02,3.486375328763583609e-02,3.000791519395732201e-02,-3.995755722938001270e-02,-7.920972121466277049e-02,4.161500572480168747e-02,-6.910812454576169273e-02,-2.665446734360462158e-02,-5.733301341485029512e-02,4.483745128039159228e-02,-8.067685841277438819e-02,-1.492875719343181862e-01,-6.007036144677957434e-02,-7.198300075811646381e-02,-1.061897578561421668e-01,-1.289998783869246990e-01,-1.334337235949048517e-01,-1.272610997125002696e-01,-2.482060791417574006e-02,-1.769488888575287688e-01,-7.766902274496634284e-02,-2.062430478598088202e-01,-1.210223683842324427e-01,-1.602724089652256823e-01,-1.727217279396603133e-01,-1.962741680474734129e-01,-2.206301330022868989e-01,-2.387303349270323560e-01,-1.666909759685361314e-01,-2.223264151932239641e-01,-1.117870355931928905e-01,-1.800097114346150551e-01,-1.405021579292543010e-01,-2.136824314501448441e-01,-1.561924129860676469e-01,-3.148324529876738720e-01,-2.747849593870230200e-01,-2.331763069179970116e-01,-2.528925626603596433e-01,-3.359581842025181619e-01,-1.864787264669962863e-01,-2.685035927221424701e-01,-2.921526965117013930e-01,-3.756088702130495061e-01,-2.648576283860003544e-01,-3.421353966412472025e-01,-2.543467160351514100e-01,-3.159615087577763992e-01,-3.348466078561023185e-01,-2.885954347806675702e-01,-3.249828352162747458e-01,-2.803705680568829295e-01,-3.631373378269794894e-01,-3.840933101111627668e-01,-3.306699576752981096e-01,-3.442173203610504051e-01,-2.304130822923738386e-01,-3.651093238419627074e-01,-4.215059608721205553e-01,-3.736348074081045634e-01,-4.015821363452025117e-01,-4.884185449643091426e-01,-4.215933375915579817e-01,-4.933688537035323951e-01,-4.127383639680138327e-01,-4.803657534566599385e-01,-4.134807586537798674e-01,-4.908138541646140385e-01,-3.887064538835861005e-01,-3.883872089259310934e-01,-2.930752051843091288e-01,-1.855085021856104632e-01,-3.931305794285390731e-01,-2.736245540787979880e-01,-2.425328998513077705e-01
7.215539898838305155e-02,-1.274566924094955589e-01,3.325591260935236576e-02,-1.445382482870406944e-02,-2.706453344841257269e-02,-8.199150266382318475e-02,3.643129758018611580e-02,9.556463900456663510e-03,-1.334328289001883265e-02,2.044678138595029324e-02,-8.121761968822341360e-02,-6.283980570490803330e-02,-1.434861730377228750e-01,-1.443467894532687312e-01,-8.576565120645135432e-02,-7.807979787583467501e-02,-5.455630760709994503e-02,-1.368497118543424429e-01,-1.638648737567241220e-01,-5.701311473397145668e-02,-3.028219482626289330e-02,-9.878693681353344080e-02,-9.764912246269427665e-02,-6.681440331733597138e-02,-1.332087733453931611e-01,-1.837287180527391039e-01,-7.213059290338730278e-02,-2.348906298451124142e-01,-1.213935040118054726e-01,-2.165176981545690882e-01,-1.668432865715576141e-01,-2.079089492785418380e-01,-2.037947507517952617e-01,-1.665861818263048022e-01,-2.561445233038613378e-01,-1.424968205254276699e-01,-2.377319493471452272e-01,-1.699838663244114534e-01,-2.785099445136308138e-01,-2.687209494348019589e-01,-2.112222881780681794e-01,-2.349895809657722157e-01,-1.551560835103907299e-01,-2.100819716359711709e-01,-2.916140613777457591e-01,-2.495486822792030712e-01,-2.418452353722022607e-01,-2.688668649534582955e-01,-3.273017724527717554e-01,-2.128399620400205916e-01,-2.787964500334273454e-01,-2.282761243680899998e-01,-2.636328872220188857e-01,-2.244704497541513133e-01,-3.060118189086138418e-01,-3.290759397692696320e-01,-3.029560170405544706e-01,-2.847585132644055994e-01,-3.080994284628441604e-01,-2.892082562707394278e-01,-3.389511711637916980e-01,-2.974414434807298169e-01,-3.101001713762358003e-01,-4.771832201459746958e-01,-4.047365633820597663e-01,-4.606158514675294802e-01,-3.600170141850512762e-01,-4.522601504669376271e-01,-4.456618069643224489e-01,-4.728453664252776911e-01,-4.408226202954127482e-01,-3.633677022659208000e-01,-3.901914951139376919e-01,-4.282618130767733566e-01,-2.543914115120674002e-01,-3.484410142724903015e-01,-1.476873250799496107e-01,-2.345140840139283978e-01,-4.942976464761983380e-01,-3.193333591957626671e-01
-1.468347021424441512e-01,-1.489604713458028522e-02,1.468285067351726356e-02,-1.137585052955836316e-03,1.657387930049607216e-02,1.040811584713548579e-02,-5.752255445895436414e-02,3.063682771524423032e-02,-2.200013245283440402e-02,-5.926119143484236823e-02,-5.772089261900420834e-03,-1.254009033242328881e-02,-3.445672692660529252e-02,-8.791055002081413217e-02,-4.768418447565223560e-03,2.122211107101303756e-02,-2.609295129283790635e-02,-3.511178539221338803e-03,-4.861411524718459165e-02,-4.400560772993331211e-03,-1.090216242354756365e-01,-1.331283367663035344e-01,-1.405637891247831506e-01,-1.034682079295117935e-01,-1.476860548700333065e-01,-1.383966526392234608e-01,-1.459103311927724134e-01,-1.001068067088222852e-01,-2.004654979072674204e-01,-2.015240932132379426e-01,-1.917320131407588557e-01,-1.957889926090469468e-01,-1.570358172004202302e-01,-2.097691626852622171e-01,-2.339472992666716544e-01,-1.854314607583213148e-01,-2.562009332118170835e-01,-2.219258679068401574e-01,-1.809220838345060589e-01,-2.099070505537850850e-01,-2.373044598270645511e-01,-2.101428337134535751e-01,-2.594045294721237238e-01,-2.301462233526848367e-01,-2.183542242669476996e-01,-2.895772978980704626e-01,-2.744522542963919176e-01,-3.364547595434060345e-01,-3.202042596684179232e-01,-3.116905991919775576e-01,-2.488698480260699841e-01,-2.689368223942494307e-01,-4.027695072463440829e-01,-3.247093948543857689e-01,-2.791809997405519939e-01,-3.125222347844175963e-01,-2.880475997416583334e-01,-2.787302992994034612e-01,-3.074577183025368754e-01,-3.912092332826110352e-01,-2.793760028138846940e-01,-2.869930721143172936e-01,-3.036342895542362141e-01,-3.858777552745523698e-01,-4.468603303477536315e-01,-4.064839267866479644e-01,-4.598924925952606602e-01,-4.604968946458145029e-01,-4.469348467022037918e-01,-4.567525815340464090e-01,-4.600725757759721035e-01,-3.557193980392200916e-01,-2.900668510790752053e-01,-4.278903792307803822e-01,-2.733410410208002572e-01,-1.927978936199306881e-01,-3.560464471260424424e-01,-2.597833016159082353e-01,-2.164868460561632513e-01,-3.437518157053320311e-01
6.455580147641441779e-02,-1.957612795982925039e-03,-2.469250507722093799e-02,-5.131643503666332568e-02,4.317065189349585802e-02,1.939868627057461659e-02,-2.333167502822109524e-02,-8.596503429652566086e-02,1.837407986468616097e-02,1.275911808516150825e-01,-6.299207633403543227e-02,-1.376617119108968501e-01,4.663427713321077056e-03,-6.549940176782396983e-02,5.722002676380936841e-03,-7.065798969126019236e-02,-8.288207505896065530e-02,-6.081029318913256862e-03,-8.052406270476428207e-02,-1.934846238214546488e-01,-7.773397389148468950e-02,-1.358952703590132483e-01,-1.807815228899422866e-01,-6.678592093951787878e-02,-1.370948505475920731e-01,-1.452357663407341515e-01,-1.239298377413643182e-01,-1.598811500546076236e-01,-1.414663971351294014e-01,-4.836041164277384008e-02,-1.847068440511886178e-01,-2.050338256689367422e-01,-2.113482758490703162e-01,-1.793036510175826659e-01,-2.041299023681986402e-01,-2.394251086963988251e-01,-2.406895862897849014e-01,-2.054365469259236687e-01,-1.360104309275595724e-01,-1.793121910064356395e-01,-2.030993753488904707e-01,-2.289792855596462784e-01,-1.739475820357986036e-01,-1.613377208441985899e-01,-2.378463767025739972e-01,-2.878674270706749194e-01,-3.643727809176698362e-01,-1.949557170860946043e-01,-2.843492383105640231e-01,-2.465505877455114458e-01,-3.413820793034946788e-01,-2.649177809521360838e-01,-2.970346525440327734e-01,-2.991778796641465510e-01,-3.384166983390152206e-01,-3.693408230078573662e-01,-3.121536506300857661e-01,-2.567473179299389341e-01,-3.820682863064500667e-01,-3.082744646903707308e-01,-3.487834735780095952e-01,-3.088225787330510785e-01,-4.017436490853494302e-01,-4.279048210995324841e-01,-4.556508694919144675e-01,-4.081248751813481568e-01,-4.207720329346826826e-01,-4.437040773878240807e-01,-4.078644636542742563e-01,-4.349667677745575056e-01,-3.923961010925898218e-01,-4.100982356146613550e-01,-2.907443208212977526e-01,-2.398357335349635133e-01,-3.537486889760249054e-01,-2.547362551858500246e-01,-2.549780960917780726e-01,-1.320969403176581181e-01,-2.900672369224238101e-01,-2.895691182018114707e-01
