-6.033710438829267275e-01,-8.795414696024046464e-01,-7.151200492816377485e-01,-7.816400770324032354e-01,-7.574728943393806979e-01,-8.039161396937718473e-01,-7.672698819333404474e-01,-8.031090635829002400e-01,-7.990679615993447893e-01,-7.860382146964631778e-01,-8.587271939321482472e-01,-8.419266487774608176e-01,-8.300446138364759863e-01,-8.118131715194423226e-01,-8.084052473927166860e-01,-7.704590076456050429e-01,-8.151828934773843738e-01,-8.226693098192808806e-01,-8.303114887519397191e-01,-8.164900315532631625e-01,-8.104172975005993207e-01,-7.994502699072235652e-01,-8.189187564629212268e-01,-7.891839307432317874e-01,-8.066139644627138283e-01,-8.157125875290095474e-01,-7.939218642853251851e-01,-7.950807295203242697e-01,-8.015389140005709789e-01,-7.953863280626808363e-01,-7.714998707453279980e-01,-7.514903855799419663e-01,-7.713660714966266152e-01,-6.967705028136912393e-01,-6.786598241346403215e-01,-6.526217216768617213e-01,-6.612697821559719857e-01,-6.682499198666076445e-01,-6.670587328696224727e-01,-6.566965582782469113e-01,-6.679737872731228432e-01,-6.355772181610517269e-01,-6.614937340000863752e-01,-6.286237795485066782e-01,-6.666777553513731913e-01,-6.520267956817000776e-01,-6.469550914370660877e-01,-6.421858768604189471e-01,-6.544242786427282299e-01,-6.094800720155887364e-01,-6.320862416479384738e-01,-6.698208675093356712e-01,-5.126059953554269466e-01,-4.496619508449084535e-01,-5.253215042096772702e-01,-5.745432143638368183e-01,-3.471378106237032468e-01,-1.317148008738174558e-01,-1.031586834384978640e-01,1.423893483273066529e-01,4.499655305960669621e-02,1.482313299232052295e-01,1.995676588569409993e-01,2.674228091120171569e-01,1.844749309133563997e-01,-3.550051062564019318e-03,2.412463567306107892e-01,2.217150285646219132e-01,1.589176330797738290e-01,1.638003379229577006e-01,1.711364997323152337e-01,2.743087618333860944e-01,2.235626516102597050e-01,3.004054792806724605e-01,1.870981622231772112e-01,1.643743967076423118e-01,2.682636996620739733e-01,3.690298097539365108e-01,2.583971636877839817e-01,1.422668508796811893e-01
-4.374475330684877150e-01,-6.116908462354654352e-01,-8.030607202099111497e-01,-9.080885239713540891e-01,-7.492115472852624025e-01,-8.186822185166406918e-01,-6.135630355515180323e-01,-7.057334495546990771e-01,-7.466544865711681744e-01,-7.814407763160207132e-01,-8.053685948782909332e-01,-8.057143382168442391e-01,-8.328941452104655641e-01,-8.585876527066257369e-01,-7.882928014382223347e-01,-7.679890246752368865e-01,-8.140336127577445513e-01,-7.970060698921889175e-01,-8.009458340023125622e-01,-7.711727283744390649e-01,-7.848603465158595638e-01,-8.131851747423400889e-01,-7.983367972382615640e-01,-7.799825192037626032e-01,-7.957809665293056334e-01,-7.765163705562936336e-01,-8.144476668876923231e-01,-7.808944127001118396e-01,-8.048219823152991115e-01,-7.803058417529823432e-01,-7.653395251442981495e-01,-7.972656992071749382e-01,-7.469215871035204124e-01,-6.960639865629251188e-01,-6.829838891027083525e-01,-6.890657538970881291e-01,-6.485854195513660603e-01,-6.587252512562650208e-01,-6.580958626862555283e-01,-6.509569734621187820e-01,-6.603175782773877955e-01,-6.389944900999935395e-01,-6.545396761935589058e-01,-6.452052874444845765e-01,-6.280863265744882629e-01,-6.466576254207028196e-01,-6.371952082029098685e-01,-6.418680209605446274e-01,-6.250107136777419692e-01,-6.047728305904557233e-01,-6.417699019380005421e-01,-6.718052679148238671e-01,-5.619477150309861724e-01,-4.932808142647258642e-01,-5.072967901597731366e-01,-3.139234953283747132e-01,-2.980276511273081130e-01,-1.027255847395075056e-01,7.258535602351008642e-02,8.158514075789019548e-03,7.821142377240425381e-02,1.037353482456972037e-01,1.139607026160522826e-02,1.749651188629002263e-01,9.789894731499487746e-02,1.729467357437831088e-01,2.599401561893094348e-01,6.068411087068351778e-02,1.355295967678873947e-01,1.742093913509487890e-01,1.596037326504372855e-01,2.405351935507758776e-01,2.395438303136627478e-01,2.535362537338903821e-01,2.901791262381251957e-01,1.214603720266672765e-01,3.365482953435722235e-01,2.011203504899491401e-01,1.872634072091299839e-01,1.993093426425433523e-01
-3.131004469819620994e-01,-4.834341160377905178e-01,-6.528635686566011120e-01,-7.523655276780327750e-01,-8.615785426323842033e-01,-9.195364813521771374e-01,-5.985147076924987042e-01,-7.648760556578546588e-01,-7.949806926905768067e-01,-7.278615643054761053e-01,-7.042173255299931656e-01,-7.358917967339266841e-01,-8.131285361783173737e-01,-7.693711580357888158e-01,-7.571971726203994280e-01,-8.280011806557771026e-01,-7.869545848047539982e-01,-7.488495939049050198e-01,-7.654314239127566477e-01,-7.914165995950540600e-01,-7.886287058682985851e-01,-7.818113806849836811e-01,-7.834337855419236663e-01,-8.142074697171152176e-01,-8.069581732987941569e-01,-8.014107340281442227e-01,-7.774636462749437982e-01,-7.839504212024633878e-01,-7.706164943118153365e-01,-7.840641290285127463e-01,-7.585129979062543715e-01,-7.485904472940995147e-01,-7.097561385547327406e-01,-6.471335652515246561e-01,-6.870525662241120379e-01,-6.536034144058142648e-01,-6.762239659954908388e-01,-6.528581726877299429e-01,-6.718912242830261672e-01,-6.293406872778019023e-01,-6.706623169717194077e-01,-6.228981390786131334e-01,-6.539124243303682249e-01,-6.596989884524950831e-01,-6.691631373900600588e-01,-6.481902835258048778e-01,-6.297333695262619102e-01,-6.486285870795348574e-01,-5.980370476918765998e-01,-6.341170973248677623e-01,-5.403420882493423782e-01,-5.898903804626980385e-01,-3.867882084939439080e-01,-4.646041447687825898e-01,-4.586594894099211284e-01,-3.380691191880859647e-01,-3.533985431408490085e-01,-6.375503296637530237e-02,-2.908978721785291863e-02,9.766878060598355171e-02,1.811916708815027865e-01,6.764555358933264928e-02,1.118712806623443044e-02,6.723674164746686055e-02,7.440574681862612005e-02,6.362318087486726337e-02,6.615001192329525437e-02,6.811933101126702028e-02,5.019025187299906710e-02,8.066741028080860743e-02,1.839608899474637627e-01,1.757453540389771751e-01,1.514119673647638109e-01,1.704141697681165191e-01,1.870983086433560816e-01,1.321953367560548820e-01,2.773060651588574177e-01,2.409554256620514978e-01,2.136490874786175498e-01,2.626780469263106932e-01
-3.674359703657258391e-01,-4.492683104148887385e-01,-4.781539734142769560e-01,-6.137315873175570591e-01,-7.135930913142521925e-01,-8.197860668946893581e-01,-8.846113609037310477e-01,-9.175329382698197422e-01,-6.364720819019364928e-01,-8.208733058851900299e-01,-7.782789411313699723e-01,-7.604538107813759718e-01,-8.073926150228902809e-01,-6.956053838718876392e-01,-8.293550072578379506e-01,-8.188574206653309595e-01,-8.088852075735657454e-01,-7.956200143125826685e-01,-7.935336227981288904e-01,-7.809389486876643360e-01,-7.878371473190467489e-01,-8.396542259533870123e-01,-8.271550608228440682e-01,-8.102491010616957867e-01,-7.757920910136183457e-01,-7.972045974248490596e-01,-7.777383813608331753e-01,-7.792622649470620777e-01,-7.956766343269128239e-01,-7.609700830226787671e-01,-7.349933506107014791e-01,-7.311686931456949923e-01,-7.386541192996401994e-01,-6.510899512130107203e-01,-6.876675193524629526e-01,-6.919476284553941481e-01,-6.600181936407956140e-01,-6.589978529912227101e-01,-6.468733079830754074e-01,-6.503478045962508558e-01,-6.434669484442555598e-01,-6.673314151804741190e-01,-6.416829355670724544e-01,-6.385850254215448274e-01,-6.819112999540322129e-01,-6.364092568383342696e-01,-6.201639689325986193e-01,-6.582322991118911837e-01,-6.223882154499666974e-01,-6.422955152560625436e-01,-6.344741105266276104e-01,-4.563765985111553625e-01,-4.635609630788104507e-01,-3.993227656936032544e-01,-3.193093476663378949e-01,-1.666961593313213974e-01,-1.182240060869878262e-01,-1.551038753951320959e-01,-1.553902393222787448e-01,-1.070297256725240842e-01,-4.474377348270205251e-02,-9.796453103384733518e-02,-1.014648931252119801e-01,7.641548981905053536e-03,-7.224351417749617921e-02,-8.046863292963411796e-02,4.131426068100858134e-02,1.930271470362153741e-01,-1.138876989818148611e-01,1.840295329667694380e-01,1.393919150658555484e-01,1.874936884654129221e-01,1.017330168579723831e-01,1.999459234679153707e-01,1.188522651538290731e-01,1.655643964352810082e-01,1.372052523161111925e-01,1.637277224152372188e-02,1.461133270720831878e-01,2.410664212649239191e-01
-3.166369472854995704e-01,-4.386448374507962433e-01,-4.929385450810552793e-01,-5.187175260697581836e-01,-6.004095816957195630e-01,-6.938802829306037756e-01,-7.885272018965659990e-01,-8.487702253783520057e-01,-8.943946506487544523e-01,-4.995898846880049149e-01,-7.186341563291904766e-01,-7.792712686542870859e-01,-7.744902916250014924e-01,-8.144480235158131354e-01,-6.894356350367140118e-01,-7.300096875194751478e-01,-7.649636699576941590e-01,-7.958035258642670584e-01,-7.190569134004627383e-01,-7.140712214708850869e-01,-7.742987116172103113e-01,-7.678049288116323146e-01,-8.059782171802679640e-01,-7.953414477913046676e-01,-7.271374542163460131e-01,-8.236505023695123162e-01,-7.349804948053546561e-01,-7.944998436800269070e-01,-7.655716960106964120e-01,-7.627816724010588745e-01,-7.401454610676780899e-01,-7.398290130684733734e-01,-6.935229881167851440e-01,-6.632507417712206754e-01,-6.589391129368403766e-01,-6.598918677693590418e-01,-6.536356169198139776e-01,-6.460620518643707122e-01,-6.450904315932415312e-01,-6.375258575607780642e-01,-6.699095298892711048e-01,-6.187684769046236655e-01,-6.148008115057363998e-01,-6.435092506308376370e-01,-6.294390699281403601e-01,-6.175889368255589318e-01,-6.391514684216950126e-01,-6.340458026558373206e-01,-6.089014043277347632e-01,-6.093091646585143684e-01,-5.456622317905398534e-01,-5.612813734768381524e-01,-5.378151171619914850e-01,-4.398123383595941571e-01,-4.994482391102522123e-01,-1.655874016607443988e-01,-1.859893092937408565e-01,-2.778487811654072881e-01,-2.650899339539497523e-01,-1.358908810149742075e-01,-2.985496808980607208e-01,-1.516609989896238464e-01,-1.591328992337043835e-01,-2.609539634368991320e-02,-1.405532950481367394e-01,-1.576179998417082950e-01,-6.098771472187327486e-02,4.755583723179288708e-02,-5.249895074546362395e-02,-7.525821797238933797e-02,7.178270152011451133e-02,1.089371142159740319e-01,1.802732394420890061e-01,1.752231797359627419e-01,3.170944798929247604e-02,1.422965159386609946e-01,1.555489024387465835e-01,2.954036332925768504e-01,1.126854379886626928e-01,2.130403947055012626e-01
-1.399751423541122086e-01,-2.523936279791783033e-01,-4.739201714762774076e-01,-5.208487005002487846e-01,-5.690769534877107017e-01,-6.412020364420143448e-01,-6.709029635302176109e-01,-7.619858584398813139e-01,-8.164499204190823756e-01,-8.683077960855183353e-01,-8.962353750449778556e-01,-1.956834512827979877e-01,-5.222831952835647051e-01,-7.363464673281850947e-01,-6.986709467960151576e-01,-6.814094064843604359e-01,-7.208597738692927859e-01,-7.255524375692620209e-01,-8.135290423690856310e-01,-7.895150622316556843e-01,-7.212053807871160460e-01,-7.880667231323431610e-01,-8.220877043525436356e-01,-7.093921294853466897e-01,-8.073236937609574726e-01,-7.838278501865616477e-01,-7.651876370193494425e-01,-7.437471042613044148e-01,-7.745155706952184804e-01,-7.555960363314828676e-01,-7.111807301602034448e-01,-6.766766550355228782e-01,-6.627555654458140433e-01,-6.445523811916430423e-01,-6.403964285443115578e-01,-6.909417574060727762e-01,-6.830912895055093470e-01,-6.410873960758588508e-01,-6.649064334898407980e-01,-6.638349432797973071e-01,-6.400791421752866084e-01,-6.406488422332631272e-01,-6.272204305158438631e-01,-6.325223210354696812e-01,-6.540695803262511765e-01,-6.449632327013965494e-01,-6.283059132575807837e-01,-6.275193125884628298e-01,-6.401417444705932436e-01,-5.432391716929276804e-01,-5.087629984254352644e-01,-3.918604555929823263e-01,-4.570552406440729354e-01,-3.360552944485730720e-01,-5.637594947189366046e-01,-3.494418207122976794e-01,-2.857560396297980088e-01,-2.012738714899893755e-01,-1.458991418905397630e-01,-9.100766272008189994e-02,-8.101389929006713730e-02,-8.327315197241612343e-02,-8.299088249812745788e-02,6.054057916215140056e-02,-6.236712378528540268e-02,1.302637472242401950e-01,5.991431251497171540e-02,1.121406045783717303e-01,1.432653100670438495e-01,1.184069376401983009e-01,2.749087302751244133e-01,3.533407057024954417e-02,1.865505055030760306e-01,1.021308940012542743e-01,1.997266767182782343e-01,1.758241457655197182e-01,1.855311922263790381e-01,3.005937937725871589e-01,2.483633001608598900e-01,2.074516157671033867e-01
-3.086893208535132493e-01,-3.386624109409239192e-01,-3.598496354281706666e-01,-4.471351517751271376e-01,-5.299674319740590445e-01,-5.864166547933066242e-01,-6.685910909108229161e-01,-6.589450790598159191e-01,-7.395058461564263386e-01,-7.966075368981562210e-01,-8.407348829531220424e-01,-8.719397280293869068e-01,-8.964551533736886402e-01,-8.245347256783042145e-01,-6.425766298420753087e-01,-6.299875362723882377e-01,-6.993640893983099627e-01,-6.697533067734797729e-01,-6.738599014367233631e-01,-7.624901297559821822e-01,-7.817664114286777544e-01,-6.753859003704608677e-01,-7.572819379229436265e-01,-7.917657086746577866e-01,-7.464308753278795505e-01,-7.457479432872722303e-01,-6.865285529291205169e-01,-7.149030786689843930e-01,-7.407016128080825546e-01,-7.741526717012477965e-01,-7.335256606144510139e-01,-6.565161089436885034e-01,-6.786238358457964415e-01,-6.582733233961781671e-01,-6.063484145479678400e-01,-6.714358463470352367e-01,-6.323767327038430919e-01,-6.730115168590962149e-01,-6.440605582972954712e-01,-6.291622624038265554e-01,-6.279219590479102608e-01,-6.342088545883369788e-01,-6.519711393072067374e-01,-6.410737676493190040e-01,-6.160196579843427722e-01,-6.556288919929804671e-01,-5.946166784642605840e-01,-6.465475127496068675e-01,-4.683009133456670359e-01,-4.840899195729398419e-01,-3.848353593171803810e-01,-5.326900838961947660e-01,-3.460063671914805350e-01,-5.109355318183241845e-01,-1.711508157302281119e-01,-3.608697809957971958e-01,-1.051940053149905269e-01,-1.288122556045784017e-01,2.598059197948591331e-02,2.340934876865208014e-01,1.455907404190867338e-01,1.531521980031171071e-01,1.909288110818160578e-01,1.802046633668653863e-01,5.695206534188741732e-02,3.297749565367636415e-01,1.320927524334426229e-01,1.646371287886118084e-01,1.611586920257634670e-01,1.541108208110439637e-01,1.422011627907599773e-01,2.826381492859500466e-01,2.584236180926955395e-01,3.199848511644711180e-01,2.266921498823495085e-01,3.317595146415707741e-01,3.826242412313703434e-01,3.051893055966641288e-01,1.524376102484939488e-01,1.793761306300754310e-01
-1.037806097903581637e-01,-1.839982702271491799e-01,-3.772318784945399850e-01,-4.297975278293195700e-01,-4.734017993751521991e-01,-5.240277313404777537e-01,-5.951625913967227843e-01,-6.250297762361545217e-01,-6.505246011382692650e-01,-7.197803772520264820e-01,-7.739944777383539476e-01,-8.157501217111022829e-01,-8.496447934426869519e-01,-8.720481035903632216e-01,-8.745531899500391670e-01,-8.271185904609799078e-01,-7.672404789008621107e-01,-4.243711384289310939e-01,-6.086597956211347027e-01,-7.355917730220330464e-01,-6.495359176186606964e-01,-7.518039732779656648e-01,-6.115999066761165226e-01,-7.131810111358666271e-01,-6.839249285833867154e-01,-7.073848631872731163e-01,-8.222585350283477812e-01,-7.680802947587065388e-01,-7.680891585101761176e-01,-7.283157336917284175e-01,-6.580463157567681964e-01,-6.877509448522067803e-01,-6.506841424634882687e-01,-6.457655294545381341e-01,-6.272383520748561203e-01,-6.371023755291601587e-01,-6.786278657860683738e-01,-6.526619049495610003e-01,-6.570799709625153584e-01,-6.463765954942616299e-01,-6.475010537947205602e-01,-6.288814821248750464e-01,-6.282709981881071659e-01,-6.114990689880760444e-01,-6.223540333481669684e-01,-6.465674597853009464e-01,-6.082860791305559900e-01,-4.267705891910304472e-01,-4.091269187344671598e-01,-4.673377530177021399e-01,-3.857798530566624584e-01,-2.795149683543334818e-01,-2.389292781760739004e-01,-7.572710646604662033e-02,-2.677747660546836439e-01,-1.171658785786478807e-01,-8.457986498662170560e-02,-7.070783708329167472e-02,-3.095773116939147182e-02,7.301442088004549136e-02,1.335094342156133429e-01,2.243318042213689745e-01,1.616548757846430484e-01,2.180261274669494098e-01,1.381601853321360318e-01,2.304806873241037612e-01,1.257857373819990521e-01,1.738978782337490259e-01,1.060712945818105685e-01,3.058100908461629519e-01,1.438227679822176586e-01,2.138921770966900893e-01,2.429283472590582638e-01,2.331681718771862477e-01,3.296741505854792753e-01,1.822443285467663654e-01,1.396722933400939837e-01,9.490613143729570433e-02,2.746645844403587389e-01,2.537467308969091340e-01
-1.629619849295122769e-01,-1.143360208080876489e-01,-3.255699106411266142e-01,-3.456210199204205469e-01,-3.662604727395102344e-01,-4.907698044954722505e-01,-5.408849396011137234e-01,-6.059474721412707598e-01,-6.479598747785875190e-01,-6.419079681455241992e-01,-7.016607477744465360e-01,-7.595815436310997537e-01,-7.921924258523793672e-01,-8.134993299737265371e-01,-8.461089811335203992e-01,-8.694176111146283414e-01,-8.771050465223619863e-01,-8.729931376136275123e-01,-7.472101237604514834e-01,-7.933349064684915852e-01,-7.892563765800842956e-01,-8.301289029952353404e-01,-7.379879666866095977e-01,-8.033226997586784268e-01,-8.087469741700880066e-01,-7.597099457605989148e-01,-7.018785118415569180e-01,-7.539900644268014984e-01,-7.506133266787279323e-01,-6.627852363071233821e-01,-6.407002503652610148e-01,-6.355684041522119410e-01,-6.541746942656613273e-01,-6.585069500071738524e-01,-6.448748299607863776e-01,-6.640976688528067440e-01,-6.585029049431054826e-01,-6.045289349659914713e-01,-6.413503575702484971e-01,-6.468317418176999789e-01,-6.120669821554945988e-01,-6.209101187338397221e-01,-6.292764650116290381e-01,-6.470748852535793683e-01,-6.245668637516176291e-01,-4.852265373010732352e-01,-4.414848137422299201e-01,-5.442603416668971850e-01,-4.914902913041709898e-01,-3.977218002398100749e-01,-5.115327923974414409e-02,-1.048558968946811665e-01,-7.315432333411304999e-02,-4.098341020309245741e-02,-2.148439606786118894e-01,5.333995824310953059e-03,-1.624502544969543549e-01,-1.566117801031693402e-01,9.076241249229120844e-02,1.200584324177384754e-01,-4.789716445405858836e-02,1.653528865615671029e-01,1.287076149502501543e-01,1.965536975480827453e-01,2.245755877782039389e-01,3.027016867735708439e-01,-1.359577145057399780e-02,2.004851989459907613e-01,1.399168687628307706e-01,1.170620774458141083e-01,1.656524226645327003e-02,1.623002394297725359e-01,2.207506303185543528e-01,1.526619479839065041e-01,2.396298408889935005e-01,1.696690241094376550e-01,2.580280927751486542e-01,3.788886701298611048e-01,1.117444016066496265e-01,2.476427303877365149e-01
-2.145326987427884913e-01,-1.828588534997769577e-01,-1.573437371313249344e-01,-3.967392691590525544e-01,-4.548361798900318331e-01,-4.630284369672648115e-01,-4.973434378107718934e-01,-4.832378045692090618e-01,-5.991039444309312900e-01,-6.693662714000260250e-01,-6.285170719964379149e-01,-6.850215640144001750e-01,-7.406802277436901338e-01,-7.677921113362923267e-01,-7.969843614341397542e-01,-8.216296841810712959e-01,-8.128027159518759204e-01,-8.447028319286674636e-01,-8.447797957611736797e-01,-8.594863524727558435e-01,-8.001097334986975174e-01,-7.872097691359821736e-01,-7.937906238754552923e-01,-7.810397556088096715e-01,-7.785236408655887841e-01,-7.826936304644834808e-01,-7.362482469744722202e-01,-7.731825555996344468e-01,-6.293731599699048385e-01,-6.670126433695787727e-01,-6.916896989449292654e-01,-6.156770118026265726e-01,-7.070860743247937563e-01,-6.668561328740346683e-01,-6.477822457480787444e-01,-6.331636387659291820e-01,-6.262507961835683812e-01,-5.995954151158968681e-01,-6.399785881197386228e-01,-6.102041747955823103e-01,-6.213203189943921068e-01,-6.270112509172847126e-01,-6.250414152106372745e-01,-5.826236577870927968e-01,-4.852645025655822897e-01,-2.064318582998984075e-01,-3.995681149722770109e-01,-5.419684667855023674e-01,-3.322461770553900573e-01,-3.361717296213873052e-01,4.374500355478120467e-02,1.555507859073799667e-02,-1.564765330262814502e-01,-1.380303734423798112e-01,-1.440841784552511495e-01,-1.981135763010845319e-01,-2.957621406862197544e-01,-2.244795727738498059e-01,-2.423517109427939797e-01,-2.495942600248736432e-01,-3.914283421969428495e-02,1.613187200868913818e-01,9.599176952222237755e-03,3.041149076106091087e-01,8.054784564424700977e-02,2.501480726636286511e-01,1.874589953127143160e-01,2.198577735386359200e-01,1.301394499511229208e-01,-3.489167920483950136e-02,3.381852277158595849e-02,2.040754083470972258e-01,-3.613531283692750229e-02,5.044503704542977612e-02,1.481374831391366331e-01,1.957922507127174971e-01,3.269372930692139301e-01,1.946899300460159521e-01,6.562314340904763788e-02,2.369194200196843847e-01
-2.135420894422010718e-01,-2.250442634290500121e-01,-2.224125651424862793e-01,-3.495361629200292586e-01,-3.469121746071806567e-01,-3.861171042788985597e-01,-3.862395939838393910e-01,-4.792080906036925159e-01,-6.034622324584142383e-01,-6.146666194464551758e-01,-6.360403209522832446e-01,-6.182679438510542136e-01,-6.953523952554548915e-01,-7.153058959145673912e-01,-7.371560711103046781e-01,-7.660873781331265508e-01,-8.008982560821180652e-01,-8.166305606120953797e-01,-8.290536015311711360e-01,-8.382503964396332830e-01,-8.444288975416912590e-01,-8.475510290859098461e-01,-7.832102048516113024e-01,-7.122681581743847135e-01,-6.762489387135299790e-01,-6.665324672406570672e-01,-6.045712804711231847e-01,-6.642103780972246074e-01,-5.322996403773366803e-01,-7.077876683526668211e-01,-7.008981974293323480e-01,-6.718833122730107910e-01,-6.150872251050879536e-01,-6.120998004420328265e-01,-6.993399113971102699e-01,-6.203996233190850473e-01,-6.326434342092003282e-01,-5.971330053922815351e-01,-6.400188786265921248e-01,-6.075993200534007821e-01,-5.832300233601107609e-01,-5.909755842385717717e-01,-5.548441577889298149e-01,-5.351361624044016496e-01,-4.275828598799307212e-01,-2.103007644815723109e-01,-3.796278232074911663e-01,-3.469947883502281782e-01,-2.432247009643472846e-01,-8.761084930263744741e-02,-2.596064699515862606e-01,-4.444970261924333088e-02,-1.402293916980004163e-01,-8.618149319294689248e-02,-4.172227601160567456e-01,-1.706967727808903212e-01,-2.162876198411124717e-01,-3.438817134149448340e-01,-2.468930780505567690e-01,-5.661014173982576586e-02,5.621595596763524078e-02,1.019499376720587464e-01,9.638669149247727774e-02,1.211945994673930688e-01,2.685022084211453053e-01,2.510286727621963698e-01,2.087328906237490567e-01,1.117861363437517713e-01,1.333599880492480072e-01,1.938378420833531401e-01,2.952700544961626705e-01,1.640110561564510072e-01,1.570360630322199247e-01,3.946883693322088549e-01,1.970865956599240076e-01,2.827621356222944082e-01,1.750430752131137135e-01,2.574226831889128708e-01,2.820633066103918618e-01,2.183767913805436112e-01
-1.445859005066292557e-01,-1.714805913043914165e-01,-2.738385813796532786e-01,-2.674985677568794684e-01,-2.900492877598453423e-01,-3.800718422936411045e-01,-5.717621921497830773e-01,-4.618247996617704798e-01,-4.483075265462633796e-01,-5.462875376151494766e-01,-5.761461104682656931e-01,-6.327239490679488210e-01,-6.054873552178759999e-01,-6.286192626113301651e-01,-6.916643090422679441e-01,-7.190526375064276721e-01,-7.440359942148701000e-01,-7.746617328438734074e-01,-7.896582042835648130e-01,-8.064137908353415929e-01,-8.123505238069069767e-01,-8.148046092356614478e-01,-6.596031699042387286e-01,-7.717952427482873690e-01,-5.421297767573259874e-01,-6.366637514725257407e-01,-6.523694218275054579e-01,-6.652462876271838521e-01,-6.002589951274343028e-01,-5.894461313886593112e-01,-5.724621836552884480e-01,-5.150677188913294069e-01,-5.979921407443157255e-01,-6.192570621004123144e-01,-5.778661975361004677e-01,-6.139466413153319424e-01,-6.225936498218480608e-01,-6.151926214221330458e-01,-5.726549695228591030e-01,-5.908124949119669678e-01,-5.986756162048862961e-01,-5.665355394697986213e-01,-5.411494473749783873e-01,-4.461084013258327929e-01,-4.166662896281895789e-01,-3.665320754147919358e-01,-2.573388965990027755e-01,-2.736193117522133789e-01,-1.174908414334044221e-01,-8.350618875726092960e-02,-6.254548949289316824e-03,-4.467495073701480829e-02,5.985223357224137009e-02,-1.070056812168243554e-01,9.565861277194914747e-03,-3.961497965445366642e-02,-7.985977758613320432e-02,-1.062353232515367840e-01,-1.843213359117608086e-01,-1.853146788170572934e-01,5.129623726571500703e-02,3.105066900305016378e-03,9.383812394691140590e-02,1.641803266586115972e-01,2.283017829125588982e-01,5.509255680373097153e-02,1.197397212496728591e-01,1.876352629965453156e-01,1.101102142021148367e-01,2.904229411436580199e-01,3.733042046385343649e-01,2.089839351339181639e-01,3.043256901261291447e-01,3.140649046754660501e-01,1.707320894484783691e-01,2.602491372256464652e-01,4.898636138392198913e-01,1.258814605620549032e-01,1.839849914813702081e-01,2.154867814827592098e-01
2.086249178901245296e-02,-1.236525193724042904e-01,-1.279253862897769822e-01,-2.648947581666001860e-01,-2.889510022427929092e-01,-3.653138938493205590e-01,-3.794428384545863731e-01,-4.030589217932160628e-01,-5.129029907724890203e-01,-5.601845431055931801e-01,-5.248034233234873946e-01,-6.414511355929322090e-01,-6.382560498513818459e-01,-5.925184171964034130e-01,-6.048443603203880192e-01,-6.707083536385490818e-01,-6.899240387233310789e-01,-7.171916172459569250e-01,-7.386058151587585607e-01,-7.564850843369071987e-01,-7.728589731165873555e-01,-7.823053756782826218e-01,-7.798529786984721435e-01,-7.304045559249975339e-01,-7.810684202922298924e-01,-6.630602596604951993e-01,-6.091084993060871255e-01,-5.854178879709689420e-01,-6.358064259861871959e-01,-5.822637181479447532e-01,-6.489069469049407735e-01,-5.783307315983570174e-01,-5.722024947620573121e-01,-6.097932612212815240e-01,-6.297650523042102044e-01,-6.286385804178641346e-01,-5.837896446998974698e-01,-5.473898869008496648e-01,-5.825340450157363570e-01,-5.423898258034703934e-01,-5.627118247212201663e-01,-5.725893324091531067e-01,-5.597434753298325960e-01,-3.966548175435942181e-01,-4.334250392059724732e-01,-3.979778345313882415e-01,-2.249437128300116606e-01,-2.978760299836190617e-01,-4.346418101937331996e-02,2.631954387344620505e-02,1.155010307368716099e-01,1.708596120523469264e-01,2.365570863094030585e-01,4.074896219878503673e-02,-7.619471103156767733e-02,9.907138467935764151e-03,2.629408450453575574e-02,-4.633792938143067169e-02,-8.942406167379690629e-02,-4.039039602308284321e-03,-3.660365592845693516e-02,2.452535197801744837e-01,1.701148160504336107e-02,1.404212330062520886e-01,1.651594630939353936e-01,2.682644404458617293e-01,1.786376024403830420e-01,2.609093816653443310e-01,2.524832853999915416e-01,1.706738217349712261e-01,3.354822670869112566e-01,3.590236028991577455e-01,3.680741165324393216e-01,2.865773203403811920e-01,2.347106950440621120e-01,2.100059440405810940e-01,2.654307048207799058e-01,3.603784156923686699e-01,2.599444282202735268e-01,1.953494126687013374e-02
7.165522562820426933e-02,-8.073968619367034860e-02,-2.766961780596914888e-01,-3.363069718097556615e-01,-3.222178581691046984e-01,-5.067860681967771841e-01,-3.926713098507018662e-01,-4.373743146761430722e-01,-4.785516091836900521e-01,-5.011524139317464765e-01,-5.620822918201430207e-01,-5.494563073730346359e-01,-6.393420638374301967e-01,-5.351583652724515305e-01,-6.821733009763633060e-01,-5.815250289405409223e-01,-6.482271497071484534e-01,-6.750241080842914743e-01,-6.940344521190227045e-01,-7.101907096161589328e-01,-7.257162859014424372e-01,-7.403443501099915558e-01,-7.499494385972185206e-01,-6.459467530214493269e-01,-6.994514179387001374e-01,-6.675945812501663523e-01,-7.088207817220039120e-01,-6.893502264064722551e-01,-5.627210644032586417e-01,-5.880450589432942854e-01,-6.581890294765195826e-01,-6.365107796886407820e-01,-6.534377486021849535e-01,-5.934124151778096268e-01,-6.051285861524159371e-01,-6.028394153320614235e-01,-5.813299586337535851e-01,-5.788951117271815550e-01,-5.817510851082128287e-01,-5.590317165989283632e-01,-5.069743009013828461e-01,-5.449725018958625489e-01,-5.374257287513573011e-01,-5.325772408268171221e-01,-3.644029169586591177e-01,-3.325407716077526943e-01,-2.808867890875939577e-01,-4.717356189215451273e-02,-2.762772889943581611e-01,-1.663340183068019729e-01,1.077725110532884029e-01,1.567180113426086818e-01,2.258881853835531528e-01,4.057186253189430658e-02,1.145208291952017621e-01,-6.544375395206822321e-02,5.593107090761033177e-04,-1.989501176705990027e-01,-8.370777500529050230e-02,-1.991530562147566796e-01,-7.902547390823740081e-02,-1.205536997103658636e-01,1.491885395659641733e-01,3.135768164025800053e-01,1.851329626030419340e-01,1.996805666245972943e-01,4.061389361482534155e-01,2.615748266089779062e-01,3.765305959955821957e-01,2.068927304835051217e-01,2.702088689311251124e-01,2.451670154665620271e-01,2.970155033810029099e-01,3.346314383773687506e-01,2.091499122995194859e-01,4.837767760716696896e-01,1.649924588714984652e-01,3.382494319772632596e-01,9.080179170670366062e-02,2.993076005607427370e-01
-7.671656735172352470e-02,-1.001604228270814023e-01,-2.521693942109430875e-01,-2.390150821144018112e-01,-3.517131984851085136e-01,-4.734571003009237500e-01,-5.074610566589007332e-01,-4.277401594435900067e-01,-4.137842062928099862e-01,-4.457265570351564010e-01,-6.005477326704736774e-01,-5.405350816903353728e-01,-6.139220322076363034e-01,-6.779499258573801201e-01,-7.812556796444688478e-01,-6.273787459350940177e-01,-6.018655323498042220e-01,-6.270836119336139491e-01,-6.441733753898845061e-01,-6.647399862037914886e-01,-6.817237122120836101e-01,-6.935207462079158169e-01,-7.035594771355593302e-01,-6.760157118997860426e-01,-6.121881905631769705e-01,-5.516475323333162040e-01,-7.118227403354190352e-01,-4.896573957441830438e-01,-6.831234018125547092e-01,-5.783371199306580612e-01,-5.888729890052902816e-01,-5.168538088176343193e-01,-5.881503518051033330e-01,-5.719337978732949024e-01,-5.460080606308859164e-01,-5.737641812877372072e-01,-5.789369836648579071e-01,-5.297322971480995513e-01,-5.563388821130142992e-01,-4.987548618213400453e-01,-5.230849658920900813e-01,-4.717995720608288979e-01,-4.920972997907772095e-01,-3.101691620591792709e-01,-3.097160016035673258e-01,-3.241482482539576049e-01,-1.949367166712875354e-01,-2.182760043679554118e-01,-2.774072358298277918e-01,-2.190282346962341975e-01,-2.021201640530640928e-02,1.847803631251901391e-01,1.934551195330054818e-01,1.698510844810900977e-01,9.680863611826691362e-03,-8.706923982580867805e-02,-5.185192907466844997e-02,-3.686443228098526537e-02,-1.409177496167751398e-01,-2.529922222083908628e-02,-1.493926534174279952e-01,-4.558406078874117917e-02,9.219505149906125074e-03,-5.304795538627039841e-02,5.305580694272347270e-02,2.749848833284475602e-01,2.145756951459704132e-01,2.170397717320435294e-01,3.040957719328602482e-01,2.658532616731258402e-01,2.889680443208131333e-01,3.133949969480533393e-01,3.720548083108609072e-01,3.491125452725435951e-01,2.654234523859723693e-01,2.596394590438688144e-01,2.434436756542361358e-01,3.695176116094305852e-01,3.040787001001560297e-01,2.181519756379494968e-01
-4.574831618768316482e-02,-7.391121239299150436e-02,-2.034827798153933942e-01,-3.464304443044310955e-01,-3.497898908979113486e-01,-2.264384436017997104e-01,-2.965562153466504980e-01,-4.534890523082280578e-01,-4.190260829119132890e-01,-5.683012855967811694e-01,-4.728129094544773481e-01,-6.322262909183751223e-01,-5.719705400224144309e-01,-6.136012691532906072e-01,-4.701645060028872281e-01,-7.148131849990057018e-01,-5.563354336778892906e-01,-5.758288222654535105e-01,-5.990441382984195151e-01,-6.195604599009855162e-01,-6.318463038609485327e-01,-6.519059407628325920e-01,-6.589089050344266729e-01,-6.578761603617326870e-01,-6.099460450231123376e-01,-5.230356642830503722e-01,-5.465934386448715321e-01,-5.459713451360006520e-01,-5.367570659273230849e-01,-5.271576594338532873e-01,-6.094110100702913035e-01,-4.652267448578701892e-01,-5.879426284717188533e-01,-6.109988344456465104e-01,-5.187537522225328379e-01,-5.574562639606098768e-01,-5.146997560351452838e-01,-4.723444226146193969e-01,-5.239050509207494599e-01,-4.980993653393598897e-01,-5.198731103338457560e-01,-4.400124296320385153e-01,-5.250800362111670561e-01,-3.160474594713036378e-01,-3.507988397764739696e-01,-2.029372666539276948e-01,-2.543702371158562681e-01,-1.056170476966845767e-01,-3.479794777016592677e-01,-2.594906359276347163e-01,-1.397367386935250561e-02,9.918207583120178250e-02,6.405470167702743967e-02,3.108878122017049231e-02,8.824830828676374916e-02,1.586378706374547698e-01,1.314181440389600442e-01,7.381958028188979892e-02,2.912881333665949812e-01,-2.720974353748056157e-02,-9.151687150263296960e-03,-8.686655171370663564e-02,-9.421395392500385435e-02,-1.054420448775041097e-01,-1.477914931043389571e-02,1.475871542248223534e-01,2.474650549901383223e-01,1.374582060904958047e-01,2.745822479352882373e-01,2.120503017359252340e-01,3.065067646460979955e-01,3.469306654190369987e-01,2.675650016149205279e-01,3.649757543919028291e-01,3.618442234409711133e-01,4.517716999020221502e-01,3.470482478950581151e-01,4.509848344933949371e-01,3.454483626134985941e-01,3.024386095924344597e-01
-1.284987602347528561e-02,-1.398206285757811751e-01,-9.686622496572393215e-02,-2.173325782168429587e-01,-3.514134103785889196e-01,-2.435354427242024111e-01,-3.975813359136255998e-01,-3.358418608569539443e-01,-4.720567003229473313e-01,-5.208542776707563160e-01,-5.414905161548519974e-01,-4.826227383426285322e-01,-5.713270162269570296e-01,-5.912635880730935378e-01,-4.196193636633525625e-01,-7.791477156025498063e-01,-6.110060083486613669e-01,-5.342136010901972210e-01,-5.472241738344604256e-01,-5.722097240718909683e-01,-5.875905122891599275e-01,-6.033911717073959791e-01,-6.118383706408920819e-01,-6.199030675442354088e-01,-6.295236567224722357e-01,-6.139050441072767539e-01,-5.755575420287344368e-01,-4.872738849896826596e-01,-5.086005539845089851e-01,-4.651867434289235215e-01,-5.633954680629524869e-01,-5.371102043238982215e-01,-4.215997433261720051e-01,-3.912909894362368579e-01,-5.073044436741314112e-01,-5.412935700299248420e-01,-4.884005608018953115e-01,-5.027048103800386691e-01,-4.877842027084983156e-01,-4.380245922939285941e-01,-4.795630394911352679e-01,-4.627868517397099590e-01,-3.837351716809334623e-01,-4.349013937436946864e-01,-4.035952542102764218e-01,-2.844788898879224703e-01,-8.661214625263663480e-02,-5.763979817553631368e-02,-3.447725540857370374e-01,-1.887243574276896707e-01,2.221455989566866601e-02,-2.911307837467579096e-02,1.835864317562818995e-02,1.485874732743243734e-02,3.383026922830799088e-01,1.144547690566918852e-01,1.835733310755469361e-01,1.954157022616871964e-01,3.461390256772052254e-01,1.401104841891171460e-01,4.245310374829847251e-03,2.094442194452671990e-01,7.270663488719786294e-02,1.370108389547946420e-02,-2.137460878392865790e-02,-1.295284164293706575e-01,-2.090056348667383018e-02,1.468774900521997995e-01,4.192253855407033214e-01,2.887522881579412948e-01,3.192683473444262177e-01,3.761242376315794278e-01,3.452941194356932697e-01,3.667473904771910709e-01,4.367883364821057435e-01,4.553001612738478143e-01,3.160457384128160796e-01,4.563230073626225458e-01,3.212519656807705237e-01,3.223196354041512612e-01
-7.505939435100987545e-02,-1.828535762885714344e-01,-1.664925638290377374e-01,-3.034840981939869176e-01,-2.326907052050215807e-01,-3.154744970631054302e-01,-2.884326654057093875e-01,-4.080823182381864145e-01,-4.147202784127109743e-01,-4.820825636791152835e-01,-4.771324232695933754e-01,-6.038092901762489584e-01,-5.041309543853548236e-01,-5.537149780056217496e-01,-6.161534873638333520e-01,-8.780450204343812626e-01,-6.466975749533880879e-01,-4.890040293904427404e-01,-5.090101187436971708e-01,-5.299251868574992308e-01,-5.391568545185090322e-01,-5.593228573033319773e-01,-5.681541881966758467e-01,-5.758306590619017840e-01,-5.792331025990938853e-01,-5.554265932388666727e-01,-5.374523055662696613e-01,-5.671941685047136028e-01,-4.540409961490168289e-01,-4.873792678412864343e-01,-1.409380469869870312e-01,-4.731563463686146442e-01,-4.984278540258363366e-01,-3.709723912943959645e-01,-3.046767919313829731e-01,-4.400116500269020126e-01,-4.452596027110252708e-01,-4.864738676160593189e-01,-4.893304570829962730e-01,-4.880845279075345933e-01,-4.658863441012783824e-01,-4.621273853013994071e-01,-4.762230719319434091e-01,-2.787476069083423269e-01,-2.024685737583052647e-01,-1.865419398970164788e-01,-2.827444073534463587e-01,-2.257657382352813158e-01,-1.587480026046705628e-01,-8.996950278848357685e-02,-2.197896246377342988e-01,1.082899638144568244e-01,1.009205776286165313e-01,7.036749233440892093e-02,7.725113989487342181e-02,2.896298160276069567e-01,1.571621370052832534e-01,2.455818115153279302e-01,3.381931173248938771e-01,3.243716917810470224e-01,2.382107923333146027e-01,9.456052115197430274e-02,7.804205490712304294e-02,2.328195872976005221e-01,4.199049506077012599e-03,-1.679945775784685291e-01,1.490759714493419819e-01,3.277541802876952903e-02,1.382510658374947188e-01,3.311528243835207275e-01,3.026494714287134014e-01,3.274422380380351272e-01,3.794646896859989460e-01,3.686801956881672893e-01,3.784904080509571278e-01,3.273341653142298191e-01,2.558015174897919075e-01,3.815964804768578467e-01,4.158684496866195679e-01,4.721025659304126654e-01
-1.684166627773553970e-01,8.282922253785521272e-02,4.000490011893122894e-02,-2.558422369314715672e-01,-2.083081191250120701e-01,-3.602158114655761856e-01,-2.786573979005131929e-01,-3.070953991479716816e-01,-4.795125959313258912e-01,-4.406873568547829967e-01,-4.913841625907252597e-01,-4.868276273370483187e-01,-4.900418853407131348e-01,-5.875753758059059084e-01,-6.887875363127772266e-01,-8.865512965780741883e-01,-5.490783442756546062e-01,-4.649914995012034979e-01,-4.534168598875650824e-01,-4.802643043914852083e-01,-4.973053586835864959e-01,-5.067954063774725570e-01,-5.226293384144228282e-01,-5.282460273292705066e-01,-5.311939135765393338e-01,-5.319700863531737767e-01,-5.309210052278745540e-01,-5.152611582451634975e-01,-4.528306408232254943e-01,1.216112838487575232e-01,2.966411850659204583e-02,-4.664256401626341586e-01,-3.245925044495051037e-01,-3.146143708012756335e-01,-3.629096831970783366e-01,-4.240524476394498254e-01,-3.044014718312773593e-01,-4.755524788290083626e-01,-4.195823926210801025e-01,-3.362223679277506760e-01,-4.020339894099281275e-01,-3.655100036655763440e-01,-3.289899347681088937e-01,-3.070107664012819981e-01,-2.162424583870470041e-01,-2.448445014699115740e-01,-2.938555356429540799e-01,-1.188182807126507701e-01,-2.714154212781205375e-02,-1.718835597193977584e-03,-7.896841268703512495e-02,-2.673878801288249729e-01,2.243423371580945125e-02,-2.268575636178019606e-01,-3.748208198151917192e-02,4.262731353880967744e-02,4.391037548609387775e-01,1.424953496364874950e-01,7.187518270308744517e-02,2.288537541995357971e-01,3.887570016615961577e-01,2.887485707633966059e-01,4.446127049080015325e-01,3.583173896075816933e-01,6.739595573807986850e-02,1.665229410855595116e-01,4.668470599670179744e-02,1.464134055203143714e-01,1.670163862748630657e-01,2.189864838571418393e-01,4.191016753130464845e-01,3.870787076909233959e-01,3.755914817863271749e-01,2.064448189110249521e-01,3.283853159626958229e-01,5.136458446086539231e-01,4.219804812428747942e-01,3.197780998217962245e-01,3.596138900656957182e-01,4.540297569929457877e-01
-2.960809654724412890e-02,-1.358658521576532330e-01,-1.397788527454756763e-02,-1.221971538786405798e-01,-1.615885426192114616e-01,-2.405181255559813158e-01,-4.297653722554161670e-01,-5.007811981314760352e-01,-3.208205061766175592e-01,-3.819220639638701287e-01,-3.719687006543139218e-01,-3.774023606666234154e-01,-5.593477545620897384e-01,-5.466139685840060158e-01,-6.910413467015955602e-01,-8.673387552711490089e-01,-4.691150024150459452e-01,-5.245675913134917323e-01,-4.176900933136056815e-01,-4.336758945546347888e-01,-4.500133745163369392e-01,-4.672606009104539049e-01,-4.762504602735768700e-01,-4.779217192303175654e-01,-4.837626605816543468e-01,-4.824933383872591075e-01,-4.717645641941784485e-01,-4.670730682707333048e-01,-4.534560362009208978e-01,-2.115807665669340309e-01,6.124837608548152484e-02,-4.889226892315464146e-01,-3.251728139071753954e-01,-3.250672172544782912e-01,-4.254923647185371860e-01,-3.382709591720535758e-01,-3.271374148308918706e-01,-3.790615232672887580e-01,-4.196486431607029943e-01,-3.942130912135960452e-01,-4.524398008024588247e-01,-2.953036655808815025e-01,-4.014219833648801639e-01,-3.141930062330267615e-01,-1.253475190443544274e-01,-2.130919323922303710e-01,-3.875900738706597459e-01,-2.168003087552022590e-01,5.481138394984834752e-03,8.799514191198469504e-02,4.622065296458899297e-02,-1.083520531464550896e-03,-7.980001803714538433e-02,-1.570343317852510301e-01,1.703574675506188546e-02,-2.593447270499824736e-02,1.439495627728706040e-01,2.621651424929621332e-01,2.060400209416354544e-01,2.546382824440136527e-01,4.748591892129626069e-01,3.835877482838010999e-01,2.249931136203928983e-01,4.165801874925358916e-01,2.051274028091026880e-01,2.410860891091733682e-01,3.080594454213559930e-01,2.398343994673939050e-01,7.131273858757737616e-02,1.243305165757288278e-01,2.354692784859638566e-01,4.648532479137658102e-01,3.781554523892246555e-01,4.931525562705714738e-01,4.947481846844563602e-01,3.699669139428501952e-01,4.545660186931199664e-01,2.547722866882918824e-01,2.623280616385622599e-01,3.370283800596759471e-01
-2.755939481564404978e-02,7.056473941917047570e-03,-1.879157410983738064e-01,-1.656318661054276831e-01,-1.275327049038556537e-01,-1.515850762880049662e-01,-1.580744747835634567e-01,-2.104387043491238174e-01,-3.951790089057846123e-01,-4.090860260621203559e-01,-4.902499243731825995e-01,-5.557965079498201622e-01,-5.051756808503625740e-01,-5.876435879415975450e-01,-5.584848115738005880e-01,-9.208815790140506552e-01,-5.244191462734408837e-01,-5.209077543713265257e-01,-3.775372409287932052e-01,-3.987172228100476779e-01,-4.045078135906229888e-01,-4.241137885651550254e-01,-4.334743604118094229e-01,-4.375409375460265760e-01,-4.324674249130965875e-01,-4.357842419039965609e-01,-4.339630255441119799e-01,-4.182495252337344316e-01,-4.026738713221825194e-01,-3.902667371706267097e-01,3.362380802420670417e-02,-4.155388552842688710e-01,-3.579506345749495777e-01,-2.124474301908953755e-01,-2.770735819626541363e-01,-3.462457272213184667e-01,-3.635453299390506432e-01,-2.312967718313274912e-01,-4.373162017314152217e-01,-1.157439590157882114e-01,-3.781244476321557468e-01,-3.438584061119226987e-01,-3.264124951304873679e-01,-2.634167582067594715e-01,5.898884774828212080e-02,-2.690739520627891124e-01,-1.537973260615994875e-01,-1.781584956679649057e-01,-8.407872757833381727e-02,1.772868302494144954e-01,-7.144544494582111271e-02,2.609030075956465106e-02,-2.634111659808212672e-02,2.357194510527974886e-03,1.079267550088437028e-01,-1.297350248216187774e-01,2.233454480326940716e-01,1.666271238457676385e-01,2.748454560245920941e-01,2.582573909449111249e-01,1.822658682550048759e-01,2.899564624919073741e-01,3.015008960157008477e-01,3.714274001997731611e-01,3.605077602180631891e-01,3.185643961128919455e-01,1.485397762194069771e-01,3.966381012363841552e-01,3.109925416175355339e-01,3.136646831249779166e-01,1.563074787475101368e-01,3.028111519268897878e-01,4.433663184915999644e-01,3.662069589742033560e-01,4.418195351956571981e-01,4.318484918312446852e-01,3.433481273067454653e-01,4.959814685871168360e-01,3.778009750797937105e-01,4.867381411462800567e-01
5.214825272790483274e-02,-6.528482958732384489e-02,-1.447884816126172036e-01,-2.188925742932168461e-01,-3.423373817080997417e-01,-1.968852185914365116e-01,-3.312704636467609931e-01,-2.203292217578459444e-01,-4.166559857874546635e-01,-3.770486500045099887e-01,-3.443001971584022103e-01,-3.893255492821932062e-01,-4.975143556810862067e-01,-4.684454979855801060e-01,-5.428384490977059551e-01,-9.311582008488483719e-01,-5.972204642195653168e-01,-4.189885915281584827e-01,-3.183271106242127058e-01,-3.507707298530312046e-01,-3.660755674108557844e-01,-3.721807648064340834e-01,-3.871766060347685556e-01,-3.890342500669985992e-01,-3.907198615487277871e-01,-3.655197554579320829e-01,-3.813834011796907730e-01,-3.766013218139179775e-01,-1.941918383418719252e-01,-2.484257656094128464e-01,-2.546853369376327891e-01,-3.757203500528215612e-01,-4.072435857553939331e-01,-2.523457631358755338e-01,-7.557506886819460867e-02,-2.875300900622024258e-01,-2.218888575232216553e-01,-2.138693451092025521e-01,-2.722264284370397580e-01,-2.445621363724517217e-01,-2.927845091345863127e-01,-3.276906889281726021e-01,-2.589061411851931727e-01,-2.775543351906400447e-01,-2.493052780814695168e-01,-2.013775720075282050e-01,-1.614822890037654335e-01,-1.296380418606313811e-01,-7.715325835496039675e-02,-7.011028615610170357e-03,1.255457702188836067e-01,8.119266779825891345e-02,6.754281135696291183e-02,9.766503132103228346e-02,2.037061703637592022e-02,1.304577977127741907e-02,2.209568973265758074e-01,4.326545393270264106e-01,3.242651160519564035e-01,2.543636664334966158e-01,2.261580169554509578e-01,3.535836747367799293e-01,4.979102324076650765e-01,3.724812919037244208e-01,3.497265709165275904e-01,3.187045720127830717e-01,3.985815987384686010e-01,3.731713161386799871e-01,2.809125797536724534e-01,2.061007316775807507e-01,4.803701097433309974e-01,3.107502937974286894e-01,4.648435780469309386e-01,4.001986624010911986e-01,4.653221153444050406e-01,3.730289554705937816e-01,4.652755322441908259e-01,2.671723246778811012e-01,3.682051749955497777e-01,5.040200899814146762e-01
6.354141471437282918e-02,-1.390374699502369693e-01,-7.901197711265800505e-02,-2.818337866015617199e-01,-2.916329809662366879e-01,-2.784117471779197217e-01,-1.811028994970473038e-01,-4.196599359736185586e-01,-2.393517197647308248e-01,-4.497246776131348378e-01,-2.354490027116007134e-01,-4.566795035233617850e-01,-4.065153581509592384e-01,-5.514399929427601377e-01,-9.853662763386090706e-01,-9.364622826040507331e-01,-6.169178248786280072e-01,-5.217700561819766936e-01,-2.805856136955959812e-01,-3.101398152325718915e-01,-3.271346731638458127e-01,-3.334547395815442017e-01,-3.405932829854746435e-01,-3.446357568239244440e-01,-3.465075402004341165e-01,-3.424530731454955013e-01,-3.368687194216641312e-01,-3.269899308071052557e-01,-1.185578463402737065e-01,-1.899051073610566742e-01,-1.759843176688381250e-01,-4.119579014786541871e-01,-3.517248775244437575e-01,-3.103780403152954226e-01,-3.120835559150503813e-01,-1.589659113051390404e-01,-2.575754714291649816e-01,-1.749517398508697030e-01,-2.820674423890683902e-01,-2.203979684959169738e-01,-2.887456954060854120e-01,-3.205580003131112132e-01,-2.655416079910572491e-01,-2.933750972547672919e-01,-2.193476043173397394e-01,-1.911257480755122751e-01,-1.706721594474553405e-01,-3.693232735314008752e-01,1.259045267952112190e-01,-3.537467021475907726e-03,1.114002076409375125e-01,-3.324665852565786284e-02,-6.270421746952611897e-02,-1.865183206479350056e-02,4.538840406788579966e-03,-1.054064564713317748e-01,2.062015113587339354e-01,1.677860405044235281e-01,2.805257914072189496e-01,3.487736283143326177e-01,4.683871632900263871e-01,6.002516602036628290e-01,5.262578865456658539e-01,4.796316693698572942e-01,4.860637570926799045e-01,4.422167895395304749e-01,3.906400029523581785e-01,3.548542092503285117e-01,5.142607005614495685e-01,3.753585089649903450e-01,3.443111023948420280e-01,2.897752089608884862e-01,2.365837729214995688e-01,4.640740078948680791e-01,4.417714982912940291e-01,4.609041261157115765e-01,3.882791365407074480e-01,5.169541629722680387e-01,3.660879020114368165e-01,4.766702381220108697e-01
-1.088522967574360317e-01,1.170948437831827345e-02,-1.984313186569156562e-01,-7.012191967242735469e-02,-2.096473574246501548e-01,-1.462834707410114454e-01,-3.273714273191014601e-01,-2.838382052287096169e-01,-4.906578624540121059e-01,-4.504252365572444794e-01,-3.840969680349722859e-01,-3.910522959822975153e-01,-2.773185050753061431e-01,-6.090739678127542467e-01,-9.736118998227225596e-01,-9.100809082456658983e-01,-4.504551074419189116e-01,-4.562594281865320345e-01,-2.509386674095659409e-01,-2.573064472668415981e-01,-2.777166033401924361e-01,-2.900440149240535725e-01,-3.006983898995903015e-01,-3.012940822124828832e-01,-3.037473081091465743e-01,-2.955826908920560214e-01,-2.890023009375982666e-01,-1.108027835545693229e-01,-1.579817971266510301e-01,-8.470133110137556542e-02,-3.508795996415306484e-01,-3.655739583319402297e-01,-2.549321328358821748e-01,-3.014582144557513277e-01,-1.963330891809370038e-01,-2.739293010028701625e-01,-3.021606061154253342e-01,-1.931414193231191512e-01,-2.340891450272058472e-01,-1.344820928121290560e-01,-2.610366341562637138e-01,-6.449231136173520784e-02,-3.131400968671856355e-01,-2.559460127106300553e-01,-7.191600378395407445e-02,-3.278014051028018683e-01,-9.292905055550844395e-02,-1.122995810550732748e-01,-9.040673297432162692e-02,4.995343934483072179e-02,3.236236679820908013e-01,-4.520475360757115341e-02,4.586008407226958850e-02,1.164824533817796215e-01,1.790299249044676744e-01,-6.582784785281854678e-02,8.894667195354415135e-02,1.039029916022166516e-01,2.720474719392972918e-01,4.432502594269536744e-01,3.781910069231007032e-01,5.442334173962326549e-01,5.562893585282286946e-01,3.248696919238722725e-01,4.253310182207624690e-01,4.543654552984221495e-01,4.487929690195363031e-01,5.334732918288901393e-01,4.073947530469342326e-01,3.700480942040911270e-01,3.490839361943309238e-01,3.366084752943485081e-01,2.960760469214450130e-01,3.181519561060107137e-01,4.468414935034114022e-01,5.565559828669575104e-01,4.645726124655468747e-01,5.502764803337794053e-01,4.930067658406755982e-01,4.910800619351097240e-01
-6.182929730231143117e-02,7.598112256631839659e-03,-1.548135259390883145e-01,-2.462605753418355692e-01,-2.421987692613248311e-01,-2.610452379212760965e-01,-1.068679821973825828e-01,-2.363749921686501831e-01,-3.015666858419317475e-01,-1.947982606031289921e-01,-3.988212484894809173e-01,-5.498673380954646195e-01,-4.668220916340782289e-01,-4.992786710180003862e-01,-9.773311402744726539e-01,-4.932730404764763543e-01,-5.084930648486841731e-01,-3.440762739166401407e-01,-2.109313178009791789e-01,-2.379142946040042894e-01,-2.379889571833379014e-01,-2.450113949051959394e-01,-2.518825317074843140e-01,-2.577400231928627106e-01,-2.447584390533940613e-01,-2.493880302792054193e-01,-2.426350252217325532e-01,-9.551478789241531903e-03,-1.580953525187146769e-01,-1.025915744257451107e-01,-2.627003001762569512e-01,-3.851832570044678161e-01,-2.044496160605947799e-01,-2.161764656991652933e-01,-2.818708634318349837e-01,-2.002912027146545870e-01,-2.004459978367263973e-01,-7.070901090069381389e-02,-2.086179625978336338e-01,-2.115387273603971940e-01,-8.835567471091741731e-02,-2.075098339348153409e-01,-1.900331874640569241e-01,-2.179401176049812205e-01,-1.369166168940725292e-01,-1.497636999125714630e-01,-3.841901847700509437e-02,-5.003376769320097561e-03,-8.271622756130167509e-02,-1.482125943413894510e-02,2.178653035187754494e-01,1.116625751063954064e-01,5.164359584380773943e-02,2.801358202959711163e-01,2.406623023419071292e-02,1.823292725032971684e-01,2.149965266487189053e-01,3.627940133204724527e-01,2.251798462306393300e-01,4.831893559739048327e-01,3.766459191453848665e-01,3.174297730534014761e-01,4.849774433301729526e-01,3.549448371330978236e-01,5.187794215656877928e-01,5.354568902247479611e-01,3.656258442612865256e-01,4.032564206447489807e-01,4.882311592757049845e-01,4.841157537096387187e-01,4.436364641588767532e-01,5.882445517730141571e-01,4.208192444718404368e-01,5.153181745755670562e-01,5.087651529567080999e-01,5.562853931528245477e-01,4.472731894311169909e-01,5.658423073335004938e-01,5.861910673418649909e-01,4.780053112751872502e-01
-1.617716718899994965e-01,-1.379761360265056580e-01,-1.279141287921483836e-02,-1.390547784701118006e-01,-1.146227152447356901e-01,-2.442152696227860575e-01,-2.604396344191340362e-01,-3.808272895644027600e-01,-2.693609231045386299e-01,-2.971471100188599057e-01,-5.134629074962883122e-01,-4.399500902744336028e-01,-5.542243819113481518e-01,-9.988378447594408183e-01,-9.756791952115705380e-01,-5.254083369731342712e-01,-4.532086012142135245e-01,-4.896172825758214886e-01,-1.679681234713397420e-01,-1.733725384297126193e-01,-1.969064127886099580e-01,-1.995675915542719503e-01,-2.125219491045079734e-01,-2.136444269349393743e-01,-2.062730212640316585e-01,-2.019796657411451202e-01,1.726262971678491423e-02,2.641297615122838432e-03,-9.008044566123385444e-02,-2.308206066240542087e-01,-2.675011872907139265e-01,-3.234411717865020020e-01,-2.350473208054401908e-01,-2.126826935162367815e-01,-3.008956449972063907e-01,-1.655146620801657698e-01,-2.537893405046359740e-01,-1.517562219441500604e-01,-2.741540754367759458e-01,-4.238647704833756885e-02,-1.623627703438531578e-01,-8.286213011409628015e-02,-2.281662768270068253e-01,-1.333763335567737796e-01,-2.318925602207005388e-01,-9.854697438879833626e-02,-2.326482397671361321e-02,1.319055897166957481e-01,-1.038740549337855007e-01,2.848099448604105577e-01,2.323781749752744930e-01,6.209724312111530864e-02,-4.564580440308644573e-05,1.958634172866391965e-01,2.014289549904268659e-02,-6.552302032207490967e-02,-3.196998008167932503e-02,-3.205595228171688460e-02,9.245182943473954917e-02,4.311906801056279992e-01,4.615814292221363524e-01,4.184642083106699384e-01,5.135330584235797691e-01,5.110211162083927450e-01,4.734446471086263264e-01,5.276866631604689717e-01,5.180061898710350832e-01,4.189551696992190322e-01,5.261379185546134485e-01,5.354148264350194752e-01,5.050157423750053498e-01,5.209798011871240586e-01,5.163364483319692333e-01,4.664143812228276342e-01,5.238211721166429191e-01,4.852397537090807900e-01,5.625269875684396625e-01,5.286267387952733321e-01,5.898085604353345834e-01,5.625502842664196201e-01
-1.813759496175049446e-01,3.246569101523957834e-02,-1.879814320421736573e-01,-1.852624016111123206e-01,-1.805932754715998401e-01,-2.471528682153847079e-01,-1.910301763969514122e-01,-2.019323536275646203e-01,-4.257101029612212484e-01,-3.639728118057388162e-01,-3.289965042046374966e-01,-5.818582223028855305e-01,-4.124194278993446698e-03,-9.892669503203838088e-01,-9.591493720160854108e-01,-4.933902137513730968e-01,-3.428759111623668754e-01,-3.252188176389100849e-01,-1.320443749410677436e-01,-1.498376338756098047e-01,-1.454713284212962587e-01,-1.611376959111195106e-01,-1.644981837544029213e-01,-1.710258131757206590e-01,-1.775006876453571192e-01,-1.614124825235442040e-01,3.965501743695958731e-03,1.313839108663441939e-02,-7.973002353152432164e-02,-2.243271964077498404e-01,-3.492393836392969630e-01,-2.712452626584849202e-01,-2.562281146167338375e-01,-1.905865832937437554e-01,-1.412624373929926291e-01,-2.750712875841171412e-01,-1.790761684308814494e-01,-1.800744511130260850e-01,-2.215674973369064771e-01,-1.795711976528819032e-01,-1.290858431369000803e-01,-1.843804067965275073e-01,-1.673434904582753735e-01,-1.051336108342865450e-01,-2.062686553800090195e-01,6.644468370926222625e-03,-1.649196660876312698e-02,4.288636169991358327e-02,1.010851317617665265e-02,9.717863574652213163e-03,9.796399185502550899e-02,1.678991658001008913e-01,1.656616131762305988e-01,5.633465970787975702e-02,2.947907548404612998e-01,1.185931875410312641e-01,6.162446791793386308e-02,8.407093513265495588e-02,6.231672787959066651e-02,3.196196081369763742e-01,3.848937784845629095e-01,1.640138391908161630e-01,2.801135982192295981e-01,4.143107146458000489e-01,5.407552367272211447e-01,4.470608894159082691e-01,5.503513099974939315e-01,5.595084224542894447e-01,4.787800100760601363e-01,6.147742110561023043e-01,5.336115203857775269e-01,5.779053696974671972e-01,2.704310248294790053e-01,5.727652853376918873e-01,5.191025297278415440e-01,4.737214930821446179e-01,5.399839176495301318e-01,5.220304271085155490e-01,4.514431689733199304e-01,6.140744056627320813e-01
-7.867956102544867991e-02,1.927508059880665703e-02,-1.364407029432076479e-01,-1.229267925973199366e-01,-1.292717293306799020e-01,-2.383659367539115170e-01,-2.684380989913192628e-01,-2.232027087834532464e-01,-4.437095701297065764e-01,-4.743243337394600911e-01,-3.201980075582321894e-01,-4.498878978270587359e-01,-9.953771120679636430e-01,-9.786133649622094088e-01,-4.337200127635723046e-01,-5.383772994438528192e-01,-5.424944249516525652e-01,-2.095427672189005552e-01,-8.045337977714515920e-02,-1.051177715776338284e-01,-1.134543412578392502e-01,-1.212981614039361777e-01,-1.225038357324561705e-01,-1.323789244835227585e-01,-1.223241639955731791e-01,-6.146831720450449685e-04,-1.884410706663088020e-02,-5.097894368679341259e-02,-5.200280030149368599e-02,-2.747020311269304793e-01,-3.442342806228446128e-01,-1.937168982967263919e-01,-2.681448496818991112e-01,-2.342213973743869082e-01,-2.724989477177507391e-01,-1.515327928337284191e-01,-6.842423009301644432e-02,-1.008433332496889989e-01,-1.996921141693882851e-01,-1.385419868707443158e-01,-8.950217325890271261e-03,-1.728316840164874635e-01,-1.753883851643220915e-01,-1.416427965934593802e-01,-6.940488337836406285e-02,-8.281370128187832969e-02,-7.512415799031872503e-03,5.014963690226501708e-02,1.960109891494485057e-01,1.745771988103638206e-01,1.824561647216470794e-01,2.519852539729453555e-01,3.580365123281325501e-01,1.250566527215677681e-01,1.370624876422413783e-02,2.230323266428012319e-01,7.502364091566295079e-02,8.310682958656358255e-02,1.453371616544885669e-01,7.257502340418556241e-02,3.373644323887637353e-01,3.765973300232802745e-01,2.507879599167561202e-01,3.998702945413483145e-01,4.734409059521861862e-01,4.695123634865814854e-01,5.019738612503602537e-01,4.708294763110211223e-01,5.151085947694495903e-01,4.417081401375257954e-01,5.237725975228056940e-01,4.290415054241991655e-01,4.173209384021295820e-01,4.842702910227224544e-01,5.240295325411715721e-01,5.816086690221414779e-01,5.084719858902432277e-01,4.571710700827634755e-01,4.823571929628885924e-01,4.909571206213774741e-01
-5.445242515816780399e-02,-4.079533868163445764e-02,-2.082987928170743075e-03,-9.845416638998415182e-02,-1.865127438157372641e-01,-2.678190979726169374e-01,-1.939226194460151320e-01,-3.093985681746317384e-01,-4.601302041105374552e-01,-3.912751314289757976e-01,-4.842228199932401278e-01,-9.863404828629600551e-01,-9.792915044053607243e-01,-2.700434054091028213e-01,-4.469230822336934250e-01,-4.246486830619116692e-01,-2.786905450625892233e-01,-8.274759499712024124e-02,-4.946483583022433239e-02,-4.933039169843840555e-02,-7.942460165372894343e-02,-7.507210091920353545e-02,-7.739323121207498934e-02,-8.264723080417593626e-02,2.280774962598966157e-02,-7.637535552758850828e-03,-6.864034973651443952e-03,-2.825648556884057319e-02,-9.610962872667851153e-02,-1.368950268831376216e-01,-2.508299828321572389e-01,-2.487572172831034878e-01,-2.258568727324680170e-01,-2.411219885924968387e-01,-1.799767109565397205e-01,-1.120653127517029363e-01,3.117100917929252826e-02,-1.341660147959620741e-01,-1.115015961710578291e-01,-1.524681457788656103e-01,-1.655062601634366970e-01,-4.468816206682336284e-02,-1.954959706490148053e-01,-2.185316570152742374e-02,-5.018340679293602224e-02,-6.373872744331386675e-02,2.780876201881922472e-02,1.556450177660846342e-03,-4.268979230417047077e-02,1.667382346115025837e-01,3.354534181018007377e-01,2.424183979257719390e-01,3.366306131598683082e-01,6.219514840987595827e-02,-5.093768925417229559e-02,1.282404312279734615e-01,7.337253297683177244e-02,1.758301565057636962e-01,-4.377636929100548607e-02,8.844933206979319062e-02,3.270813202414362686e-01,3.394896496135247910e-01,4.321628668530307360e-01,4.985765090808352840e-01,4.695480057867337798e-01,5.393439629899816623e-01,4.559510818528276221e-01,3.653902854304137970e-01,4.002967469569322367e-01,4.719210073100568170e-01,4.032109814901578826e-01,4.796724587792832728e-01,4.308764250725236611e-01,5.442511355558971031e-01,5.152226913651901663e-01,4.910272474713437418e-01,4.559283212421905152e-01,5.666258652213614910e-01,5.281987650565086456e-01,6.000977610841836674e-01
-1.800730610414420230e-01,-1.565733116953595960e-01,-1.898113547382312971e-02,-4.448351790647668558e-02,-5.560450555533183459e-02,-4.460594267978190697e-01,-4.219641469010648183e-01,-1.317741816207255168e-01,-3.017416203362663363e-01,-4.094884567436529732e-01,-9.753653637976145152e-01,-5.718519458721503801e-01,-7.178834306244114005e-01,-3.860602724447623202e-01,-5.601934508202073282e-01,-5.293695303670996610e-01,-1.732350037590585368e-01,7.295760345572153450e-03,-5.972712323938294404e-03,-4.151481114243654041e-02,-2.302866209203873263e-02,-3.836873847315518116e-02,-4.326816751681520495e-02,-4.581357052536205038e-02,1.044411512832388832e-02,-9.795335682357336066e-03,-4.273059399593552576e-02,-5.277680141325562929e-02,-1.060518140710020596e-01,-2.124399914336912720e-01,-3.251987130099379675e-01,-3.149558684063040181e-01,-1.725214670809241402e-01,-2.299769154996919862e-01,-2.101639437380139475e-01,-1.441138531199946116e-01,-5.927949959612244940e-02,-1.524055363080446812e-01,-1.184283565446570541e-01,-1.564225916239880554e-01,-6.916222886883181820e-02,-2.194454112579111438e-01,-8.654141481319582718e-02,-1.204047865169852738e-01,-4.948441104278793190e-02,-1.720429595931753999e-02,-3.342683411612342587e-02,1.580119667180214793e-01,2.166070230689228545e-03,2.741592714460742153e-01,3.578835642867657096e-01,1.713854897795517307e-01,2.800394634991853482e-01,3.610561955359427588e-01,1.355773183277791671e-01,3.137525002200114987e-01,8.035912219813352853e-02,2.738861886918450214e-02,-6.478128361720324191e-02,-4.472039098738631036e-02,2.854367617260688550e-01,1.673290078677118764e-01,1.873052108341629607e-01,4.116948743999494509e-01,3.054999300269592433e-01,3.726153502008133223e-01,4.671822091499432394e-01,5.591580088143142113e-01,5.671421013311913617e-01,6.250188531105459466e-01,5.678715763890269663e-01,4.716693697454604206e-01,4.139017334645475610e-01,5.615641419981872717e-01,6.205011739441448348e-01,4.551977747421797615e-01,4.328565750013302904e-01,4.891960903649027470e-01,5.301126376795319839e-01,6.332879207000846611e-01
6.233901293271561228e-02,-1.055088640433382713e-01,-3.985700374949463498e-02,-1.519446868030290276e-01,-1.291018521299915345e-01,-4.328195118557853216e-01,-3.078011143293981067e-01,-4.466884680619807590e-01,8.270251035312402299e-02,-9.660986007246310514e-01,-9.550662598887788013e-01,-2.665144241520820412e-01,-3.439476677164653440e-01,-6.899020300267308947e-01,-2.522804950881535335e-01,-3.576339014034642938e-01,-2.034421443475492586e-01,4.528379549583932268e-02,1.055683780310603080e-02,1.176020817202068879e-02,1.210706131353564592e-02,5.493978621437000005e-03,-1.636126777733652726e-02,1.274663383072616521e-02,-3.193483863732768033e-03,-2.683162027569665695e-02,-2.865077012764264200e-02,-9.197544293612396060e-02,-1.324499159183687991e-01,-2.072073989765161328e-01,-3.035228113269978767e-01,-1.769679066878217522e-01,-2.053582429922196917e-01,-2.076124664663280828e-01,-1.815296331096837856e-01,-8.008025134906181230e-02,2.130923164254390750e-03,-1.620644179824035080e-01,-1.003189476146516684e-01,-1.761061387702649028e-02,-9.411831827002864470e-02,-1.462730448189915322e-01,-3.219234874566320043e-02,-1.414012466490040532e-01,2.361602691168989895e-02,-1.370517604893329855e-01,-7.972665539833405715e-03,-6.542616409078463868e-02,1.376529355152294153e-02,2.699654016964207481e-01,1.228085674465541760e-01,2.549239050056948397e-01,3.751928560507048482e-01,2.399926020648320835e-01,3.452036124613589441e-01,2.468545614915435837e-01,3.020839078593706706e-01,3.418217094039835424e-01,2.510808549681899787e-02,1.925344703475047325e-01,2.357138047217871846e-01,1.481623624490558400e-01,1.084378237747279233e-01,3.245784655640610028e-01,2.075119605127738465e-01,2.677839601615972231e-01,3.337141707253676870e-01,4.796140379473661230e-01,5.171161059057335363e-01,3.626950081202123810e-01,5.063068784218891505e-01,5.265364039858716483e-01,5.594119013189173817e-01,5.381634967656797608e-01,5.909453131127313519e-01,3.715085939345025290e-01,4.628671034288792119e-01,3.971329766147781437e-01,5.379537319327343248e-01,4.996390861393859573e-01
-2.310184391657391437e-02,-1.517319994504307858e-02,-1.946113746643310660e-01,-5.354598500292202801e-02,-1.171866521731808053e-01,-1.060922564542937513e-01,-2.681827317524405618e-01,-9.314727520409750161e-01,-9.503583383448316324e-01,-9.645754892932865143e-01,-2.728958363817517996e-01,-2.911696697976361436e-01,-4.299639506449757786e-01,-3.496619889480676036e-01,-2.958228359293980647e-01,-3.408011398280799686e-01,9.428674410412636597e-02,9.363747421427917605e-02,5.583293015576776264e-02,5.736762450002677594e-02,4.994498884450084691e-02,4.483613821185691850e-02,1.869752191480172909e-02,-1.589536393444705709e-02,-1.738932501852398504e-02,-4.491157881908916516e-02,-6.421744292402682686e-02,-1.198437241030379241e-01,-2.053227115151285698e-01,-3.813254310763644073e-01,-2.508288816581460412e-01,-2.103556332956938169e-01,-1.913076365328559569e-01,-2.118097932656429205e-01,-1.258998268607219306e-01,-2.469018890858918902e-01,-1.863189942419618828e-01,-1.463159981628847361e-01,-6.072019570589389653e-02,-9.192099024010022545e-02,-4.083446523887522550e-02,-1.155344562258775604e-01,6.440277911967258462e-02,-1.099910599620802371e-01,-2.378256823575567933e-02,4.876117239776399381e-02,2.743365923671559764e-02,1.417637449502356060e-02,1.176497768751602613e-01,2.989664378589370064e-01,1.492969367625510135e-01,2.040256633406264952e-01,2.867611096903200929e-01,2.811265850779867126e-01,2.502608430284257723e-01,2.032443232300340519e-01,1.471258434830746142e-01,2.244685561508444338e-01,2.982597939770874618e-01,4.404360666149838566e-01,3.842924718571769094e-01,3.219255762469332982e-01,1.987368117685407720e-01,1.210532370922200590e-01,3.609852006679168945e-01,1.053635043734664350e-01,3.866352256568842405e-01,5.815381679781183033e-01,4.516840372743810006e-01,4.592667417926669660e-01,4.933361146261147634e-01,4.527634339472160208e-01,5.293463943652061410e-01,4.684167604761832471e-01,5.516782028871679566e-01,5.105628135018628333e-01,4.238627127029912511e-01,5.414705781747896074e-01,5.778477693496006928e-01,4.863426218830295134e-01
3.159849561819681740e-02,3.445293065421679152e-02,-3.777693764205469068e-02,-1.791619412574118886e-01,-2.236372823660765785e-01,-8.896878576791944493e-01,-9.101023573050938120e-01,-9.286207723531113567e-01,-9.082589699671242967e-01,-2.584575626345929078e-01,-3.999688115605926075e-01,-2.067855681278225610e-01,-5.433136499448235623e-01,-3.180241940675919698e-01,-3.294970837192250923e-01,1.395006881388268505e-01,1.283020104089787894e-01,1.131790269455146131e-01,1.249439814161616702e-01,9.829832127375455475e-02,9.068220169428711785e-02,-4.727950861261060594e-02,-1.137353467910567385e-02,-3.022777638798312960e-02,-2.838164219040328548e-02,-5.453152386615921221e-02,-8.689795267911039345e-02,-1.875684143858830921e-01,-2.070257507344055170e-01,-2.944394777524712015e-01,-2.822946225418844768e-01,-2.165114154140614922e-01,-2.126647263930047105e-01,-1.564248307465189725e-01,-1.890045265096554072e-01,-1.290693944233543278e-01,-1.264093142317727625e-01,-1.741500843227034578e-01,-1.235488244281059828e-01,-4.850684920884961587e-02,-1.944400122913720469e-02,-7.211468630114824252e-02,-1.916658956025245678e-02,-4.132251010623129439e-02,-6.614301884749633487e-02,2.797443298178295956e-01,1.228669408406967284e-01,1.343518433821232205e-01,1.697294984770172932e-01,1.189849818362309769e-01,1.808296971288062549e-01,2.341532190636523014e-01,3.380606147096863467e-01,2.888818387459911041e-01,1.290607998241229681e-01,3.345845985284611190e-01,2.497266234757575809e-01,2.147427904368294505e-01,3.127082002429367180e-01,3.181313498429941822e-01,4.362035621743993730e-01,7.320711387770816037e-02,2.146994559582967865e-01,3.778673554169931781e-01,3.827575809536414853e-01,5.869201298350561202e-02,3.249278092997094913e-01,3.331413641567961270e-01,3.631078476504102648e-01,4.373490384817850796e-01,4.460783611315533026e-01,6.889963368170914926e-01,4.507537297318430225e-01,4.665005960160507059e-01,4.987849959785357057e-01,5.065349474740457048e-01,5.027940384826519171e-01,4.776314932953788506e-01,4.291608397462828850e-01,5.906490316985678612e-01
-1.268331117262145036e-01,-7.370285231194367848e-01,-8.160898912902264657e-01,-8.483146298786855555e-01,-8.257625407606139500e-01,-9.016967110515731187e-01,-5.412548163313128935e-01,-4.603181034123554061e-01,-1.489451239150366424e-01,-3.837366371244399499e-01,-5.289789844423832266e-01,-2.991794541310235922e-01,-3.254559869202954259e-01,-2.702028336530216679e-01,-2.488954956641517557e-01,1.801682233235347708e-01,1.747940112529929313e-01,1.717283238601801376e-01,1.532791843412154853e-01,1.374106384458929631e-01,1.364376025798678116e-01,-3.950899535308938920e-02,1.517310522478367875e-02,-5.385852268229258250e-02,-7.503853578227642762e-02,-5.091305502104363084e-02,-1.434196036411023722e-01,-1.844835054303172739e-01,-1.539495368745131265e-01,-3.601113637807171197e-01,-3.032888192990048637e-01,-2.343552033009364266e-01,-1.893607589601319086e-01,-1.128392678560206641e-01,-1.355512217412807585e-01,-9.289650997671509980e-02,-1.781845362389917475e-01,-1.021725156100325854e-01,-1.448195367528352373e-01,-5.110179811880314477e-02,8.133396988942222239e-02,-4.170003660932818101e-02,-7.914587480848135626e-02,-1.337464808452064058e-01,-3.945681764208122666e-02,3.889420210297964836e-02,8.279617230444277776e-02,9.604218853984342746e-03,1.108365903313320161e-01,2.209007139207933845e-01,3.567481671100654617e-01,2.453858477703089735e-01,2.709462250774720138e-01,1.876804398850358824e-01,3.213166655743912026e-01,3.975931131063399349e-01,3.232583019769287858e-01,2.689239368629970373e-01,3.538747402221153471e-01,2.883691167575804237e-01,3.452882774804016952e-01,3.117681725850527941e-01,4.722374651125275657e-01,4.944367956164582023e-01,2.598094435937627344e-01,5.408718360576880713e-01,3.448839579033904368e-01,-4.944605333697150301e-02,4.726801017959995077e-01,4.163125589198371501e-01,4.321002958380857351e-01,4.710365636671547396e-01,5.280733369774253116e-01,4.711724850561560540e-01,3.763262673453187657e-01,4.814944031095899080e-01,5.060438941241149902e-01,6.018472081036534416e-01,5.307310324247433986e-01,6.119511098145700156e-01
-7.695972358105738209e-01,-8.013468779400968467e-01,-4.053482992063441315e-01,-3.054831919043736188e-01,-2.216093860854831676e-01,-8.531461126159652908e-01,-3.385643443232932426e-01,-3.709036704835840248e-01,-2.181652684226791372e-01,-3.378632064724314543e-01,-5.157480582560962645e-01,-2.020911443289491183e-01,-2.593429391186969912e-01,-1.453788731160257919e-01,2.247934590649022513e-01,2.896014485074113187e-01,2.070707280041468867e-01,2.057079955150350470e-01,1.872154185923164404e-01,5.768184746440092880e-02,-4.936734505149179691e-02,-4.128570722618382649e-02,-2.565619055986913255e-02,-3.891159022703986892e-02,-3.189889897098958926e-02,-8.491982095313714562e-02,-1.481546854427099047e-01,-2.033138189506985272e-01,-3.700336035567299287e-01,-2.743385744771814072e-01,-1.861296911805708221e-01,-1.337940609244888945e-01,-1.685704339997713130e-01,-1.365642939626106334e-01,-1.577793712827289530e-01,-8.449532520709140959e-02,-1.151846315286431804e-01,-3.021283294287142179e-02,-1.384599185823867928e-01,-2.819701559962820708e-02,-1.393661426865605291e-01,-5.528502555782218580e-02,3.700715142267849145e-02,-3.106442585474705059e-02,3.800675521692946108e-03,1.627890475911535073e-02,6.976637860316227402e-02,1.775854132046341682e-01,9.940268488520510870e-02,1.061038448124034944e-01,2.165461450961104206e-01,1.230454570212485416e-01,3.137687741122061613e-01,3.452558404379807988e-01,1.531133317318550680e-01,3.515062758123708164e-01,2.428533326593105834e-01,4.269754281213605229e-01,3.038221012053063941e-01,2.547455348036372080e-01,3.747759591386516931e-01,1.146992829677360021e-01,2.402412297417947096e-01,3.631934287135776263e-01,3.452147636842691769e-01,5.780560416192259687e-01,4.510344527605300025e-01,3.704792281815264543e-01,3.463555843380004551e-01,1.681658972911161676e-01,5.069238028170385268e-01,3.674738356418288943e-01,5.821130009170371045e-01,5.640072616986564480e-01,5.199845858606890747e-01,5.939075799481404738e-01,5.675794368824942371e-01,4.747188616151801210e-01,5.118827204531721797e-01,4.952078306245913386e-01
-5.601963801994634951e-01,-1.730319912884706879e-01,4.445123018088318646e-03,-1.235008985211987348e-01,-1.347624706557086216e-01,-4.211166244869024022e-01,-3.085237694966951327e-01,-4.300325709289628540e-01,-1.980025501478334671e-01,-2.609414665584386395e-01,-2.245675943938593988e-01,-3.712296417691144379e-01,-1.243714037394834798e-01,3.276288820057275397e-01,2.553356516071449978e-01,2.589435873766114393e-01,2.316617688889682225e-01,2.315753236062915998e-01,2.725913503761630968e-02,-1.052765994542955857e-01,-7.918861411012562135e-02,-6.033434260537146737e-02,-2.083003476454546588e-02,-1.061189763715786050e-01,-1.447794948178381946e-01,-1.758633261180469753e-01,-1.997046629172124499e-01,-3.322425455707558872e-01,-2.900208950693320964e-01,-1.534260263589224682e-01,-1.758700772282197067e-01,-1.834880561726566495e-01,-1.002812569190323494e-01,-7.428717753887222053e-02,-1.656913939618883669e-01,-1.660299561717644146e-01,-1.410983955434203518e-01,-7.421814593068978838e-02,-6.833211109652482899e-03,-4.677028830880374660e-02,-1.766280022062156341e-01,4.945953800925564914e-02,-2.107490676538943675e-01,-5.019189237815648713e-02,1.336125452731108942e-01,1.198787960989639301e-01,9.314830373680553499e-02,-3.532029313706249590e-02,-1.791908054947416451e-02,1.136021986895330348e-04,2.997052660861916906e-01,2.626209317860963011e-01,3.106166505747792184e-01,1.432264364659311950e-01,3.598416887917521567e-01,2.761983590233038632e-01,2.922298777330048503e-01,3.469881354599660406e-01,2.871051748313381280e-01,2.722533871087465251e-01,2.277227872509538786e-01,2.725416404722328934e-01,2.644611673890129855e-01,4.081146442853017531e-01,2.793182707172439105e-01,3.470566918840127246e-01,4.156082932856711154e-01,1.883840177458784015e-01,4.402041937261949589e-01,5.048012084184142489e-01,4.608938268940650507e-01,2.217737309584233985e-01,4.505320391245806744e-01,4.709704301961577522e-01,3.845379256830899206e-01,6.306818634964614922e-01,4.158350513740948773e-01,3.278487949754986253e-01,4.462632547430642194e-01,5.366212756771073789e-01
1.086039862841290254e-01,-3.258027207970129457e-01,-1.222140853435222871e-02,-1.629810400640991364e-01,-9.280721114046569520e-02,-1.664729672438828023e-01,-1.280020846830051129e-01,-1.806119590005032249e-01,-1.855744156023986513e-01,-2.912093338799299769e-01,-3.163022844765940866e-01,-2.414098679004802739e-01,3.065173712766121605e-01,2.818520977587882226e-01,3.231417989218566267e-01,3.079918221689493252e-01,2.952447574986457601e-01,7.000531622280338484e-02,-8.951185559209953735e-02,-1.631609562138070513e-01,-3.535344441748660554e-02,-2.625729942764132990e-02,-1.137950111139761911e-01,-7.576902733961859981e-02,-1.349151231020124519e-01,-2.213435063933335278e-01,-2.584787366280289489e-01,-2.952359244846654573e-01,-2.927832469385365233e-01,-1.540274978505026815e-01,-1.931684842552496562e-01,-1.626731441552691296e-02,-2.564395082274937843e-01,-4.879844914865569261e-02,-6.034752803521396120e-02,-7.407079778586832253e-02,1.998079325338034812e-02,1.297440505752152883e-02,4.813837987156448228e-02,-1.010703020816788728e-01,-9.550111321427089128e-02,-1.531495110419395581e-02,-1.422451476940410353e-01,1.868090358525775763e-02,1.424900842271656365e-01,1.395739012273905788e-01,8.948225752689661916e-02,3.055336713167820795e-02,2.054423608641131327e-01,1.133693765724289038e-01,1.019820483095154606e-01,1.917318626175675278e-01,3.086945047262184549e-01,3.565709250385200590e-01,2.143501141634151230e-01,3.247081897020777652e-01,1.740388055963250080e-01,7.636057833821920104e-02,3.027788177047803786e-01,2.742575484643606232e-01,8.937791664872735131e-02,3.564784196974806751e-01,3.923504958994035730e-01,3.875007994061271943e-01,3.151509565353481368e-01,3.758860620854045376e-01,3.990598357472373015e-01,3.350588642522225880e-01,4.135748365506990987e-01,4.059730539348826439e-01,4.313538275103830366e-01,5.229147434873081535e-01,3.972561602974798434e-01,6.443445616305748525e-03,4.036457889965816004e-01,4.315372615841031601e-01,4.246392251630163317e-01,5.997678196153181096e-01,5.519637808507662502e-01,4.136880750892311664e-01
5.404770582139852703e-02,1.096830700471288465e-02,3.542418194065592024e-02,-9.508634748313173068e-02,-1.957001115674403963e-02,-1.235276481793285142e-01,-2.703020587875263336e-01,-2.925899624993381631e-01,-1.465194764559722418e-01,-2.617452941300210667e-01,-9.655734163705655126e-02,3.508532618163765493e-01,3.631694213434334961e-01,3.776891281598738215e-01,3.605344534124673150e-01,3.162467005918722651e-01,5.950398962982803713e-02,-4.650867784307964603e-02,-2.499320370539587499e-01,-1.714603520427973593e-01,-6.580586032854222889e-02,-1.150866607760942517e-01,-1.047537694167230971e-01,-7.252557153655406208e-02,-9.761531270408661809e-02,-2.429712583579991259e-01,-3.853631408355970844e-01,-2.506641794211292851e-01,-3.100370633514223928e-01,-1.107407079096652674e-01,-1.528423262507748459e-01,-6.863831831275367043e-03,-1.039204234102417690e-01,-8.955803056130245965e-02,-1.221545030664616532e-01,-5.955481830863910975e-02,-1.347841877414052425e-01,-8.774151136061528189e-02,1.189512735646781026e-02,-9.449043377843152625e-02,-9.774429956272057476e-03,-9.474587526062098640e-04,-1.059712259905070952e-01,-1.122044614969070347e-01,-6.717824054020664348e-02,1.292333785916245648e-01,5.708732517744821711e-02,9.221140320394199952e-02,7.082266609611100050e-02,6.647168767425651326e-02,1.684363802259300491e-01,1.018362597447819290e-01,5.849995819490064891e-02,5.070235359040112244e-02,2.258308596039173277e-01,2.443038054322200781e-01,1.354119396468343173e-01,2.052315173564333295e-01,2.411396065465679361e-01,1.573902339430418296e-01,1.678418123739439105e-01,3.354067434230367240e-01,4.458712103331940457e-01,3.903431411740687640e-01,3.292093555382084591e-01,3.365846335566540781e-01,3.991504119768479186e-01,3.881728918737091805e-01,4.456397565744728007e-01,5.020530511821402753e-01,4.632697153141838720e-01,5.640146753121156875e-01,4.562821856817406152e-01,3.108836967034199206e-01,5.164815547598593515e-01,1.708247231478138006e-01,3.751643984663281528e-01,3.836176523577713438e-01,5.113544937291565340e-01,4.775413688535052326e-01
-1.924114578576800174e-03,1.629867579588757664e-01,-1.362340750157198521e-01,-2.846909954029292478e-01,-3.072479909559045486e-01,-8.009508479822108340e-02,-5.287946364954235895e-02,-2.294465646681385362e-01,5.728435022244438707e-02,4.446535883199537187e-01,4.452144043761749326e-01,4.155954582944188513e-01,4.080745187334381963e-01,4.065025647638439432e-01,2.433385563367167492e-01,2.017316604226842003e-01,-2.097252015085403209e-02,-1.542710935237310566e-01,-1.585824115005009805e-01,-1.646602415572513689e-01,-6.667758545488568223e-02,-1.387658223827307746e-01,-2.093777191977284069e-01,-1.654155222835952399e-01,-2.395717877074738378e-01,-1.850456777772284400e-01,-3.823392785605907451e-01,-3.307501542985100129e-01,-1.244703861572697551e-01,-1.981331086373784578e-01,-1.499702576114234909e-01,-1.685063394075608789e-01,-6.467313836010353534e-02,-1.228948900638379277e-01,-1.233217858420417590e-01,1.945756293035429563e-03,-3.126593676125002247e-02,1.825449998211095201e-02,5.580153108984342407e-03,-3.363529954097795038e-02,-1.935225066759351659e-02,-1.167127842778824809e-01,-3.399337760776612385e-03,2.092961584145337436e-02,-1.193120908293177594e-02,-8.961703446241363336e-02,3.243141827624672346e-02,9.107481954146662284e-02,1.399309923188293558e-01,1.026190059152193718e-01,1.815294574836745153e-02,1.303521783431271230e-01,2.319061450817780090e-01,1.200821441367783821e-01,1.899181675913180489e-01,5.241846753295614086e-02,1.325071584238929068e-01,1.316383825757097836e-01,-1.671327053240222182e-02,2.025771300362494420e-01,1.017998677271728242e-01,1.404041401616755169e-01,3.482248124782186816e-01,2.655560924635286812e-01,2.543947795636679055e-01,3.840308785780457979e-01,3.527709375564546668e-01,4.299186562753383734e-01,4.915226316463052192e-01,4.331985237723833815e-01,3.460670514367313877e-01,4.433991824336958043e-01,4.720516835861678362e-01,2.523352005950370569e-01,4.644934354773570528e-01,5.100574023514747868e-01,5.304390603190723974e-01,1.819814238008110319e-01,4.100505155009646074e-01,5.108400121953076134e-01
-8.090257131023972925e-02,-1.077206330057563360e-01,9.535538388960833334e-02,-2.279228287768257297e-02,-1.769979545168259005e-01,-1.337490672715346551e-01,2.761344143332688031e-02,5.129521977462764282e-01,4.957375657911662903e-01,4.807789932904774632e-01,4.873611313471514217e-01,4.490640211839577178e-01,-6.713960356277233477e-02,-1.220980044008791315e-01,8.426073622735291702e-02,2.131807891911202332e-02,-1.898611353987375849e-01,-1.276062321102755248e-01,-7.956605413564912799e-02,-1.270366901454652586e-01,-7.774829370101964121e-02,-1.128187935638770428e-01,-1.260013416652964180e-01,-1.587975174064262807e-01,-3.674349430461924526e-01,-2.677957708594649322e-01,-3.828596945938677609e-01,-1.906845277108317194e-01,-2.500223882758527139e-01,-1.375791721781772781e-01,-5.802013382644806427e-02,-3.981179009436220523e-02,-1.449308746579314466e-01,-1.145504570219336160e-01,-1.875881154757779723e-01,-1.655629527030989812e-02,-1.784652767656865271e-02,1.222585052943971594e-02,1.332439575132297362e-02,4.373001260627325942e-02,-1.225414051759091266e-01,-8.789280629087418972e-02,-8.787597822961706884e-03,-1.467166525655168134e-02,-6.865105805879063994e-02,-1.703680278139293458e-01,-7.748177966277011719e-02,1.133902269291790499e-01,1.204241856772268193e-01,1.378577496275654179e-01,1.482361700464717713e-01,2.234442635200741267e-01,9.435939377128234329e-02,9.346297616216918402e-02,8.946018605500946630e-02,1.697347208387480211e-01,1.213384607356966516e-01,1.508066995256282239e-01,7.424966183719021451e-02,1.044050091966022137e-01,5.576464578116769460e-02,3.195249922859544345e-01,2.000035094449087170e-01,1.195132453515517362e-01,2.793865165172030873e-01,4.444732562138261067e-01,3.000747693730531629e-01,3.152386340915604990e-01,4.851379602680678804e-01,3.215873476607764569e-01,2.833232056851640035e-01,2.340884456481223119e-01,4.838960594612560229e-01,4.692321906539686505e-01,2.574787064942037906e-01,3.899817526681859658e-01,5.604262692828680947e-01,3.399918220076686981e-01,4.809806239756906354e-01,3.118109191084508236e-01
-5.475360365185649031e-02,1.385961988004651702e-01,-2.223589423713861341e-02,6.690558459473665287e-02,-2.949033536376139963e-01,5.804703038686704897e-01,5.456999728563833862e-01,5.535026238664408904e-01,4.985977677844317668e-01,2.770988121948573801e-01,-2.124049980040431523e-02,-8.171756607389472557e-03,8.286321324809130251e-02,4.746942654433852771e-02,9.735460393736490928e-03,-1.298482970700577388e-01,-2.544569970559975025e-01,-1.695442801231532848e-01,-2.114465014908678553e-01,-2.220200118568737280e-01,-1.279291575974428885e-01,-2.041101823410066685e-01,-2.119451090892175149e-01,-3.131845888963076807e-01,-3.556325102219264900e-01,-4.292674809939712177e-01,-3.709598182810046052e-01,-2.112104910235665656e-01,-1.940571906600206398e-01,-9.715693896051652567e-02,-9.641637468549861534e-02,-1.553465475200481449e-01,-3.339227766099548550e-02,-1.127310524673049291e-01,2.765704352970410965e-02,-1.939162879619496863e-02,1.374059190894657070e-02,-3.671580783367165562e-02,-4.509847787223755788e-02,-1.686955559861839232e-02,-1.263946911804161854e-02,-1.405334431030807463e-01,-7.574081939726892698e-02,-3.639241547373996827e-02,-1.044453914893600233e-01,7.419578622329296193e-03,1.044767732100319868e-01,5.612505312630286514e-02,-5.527429594818124986e-02,2.009816657662532105e-02,9.428589783066897156e-02,1.259506686509553608e-01,2.228956960762433215e-01,1.294488079476253661e-01,1.804230902218635357e-01,1.148998717296124128e-01,1.563156654713321603e-01,1.413955804982598152e-01,1.266786883125717300e-01,1.748636648782184166e-01,8.788268533260999715e-02,1.257830566555080964e-01,1.699657934404306681e-01,1.449543735735570882e-01,1.378779997601508600e-01,1.684186201270979899e-01,2.167412973278236565e-01,4.270339311541275773e-01,3.491343635471765294e-01,5.795979151161450016e-01,3.981737311261844270e-01,4.281592245535906782e-01,4.107383523900045019e-01,3.376267640828151673e-01,4.504552234258701326e-01,4.198028445642946194e-01,4.629531414295495195e-01,4.095010432203612938e-01,4.462215553427875125e-01,4.019126416673589608e-01
2.096034738466804048e-01,3.458985415918842121e-01,6.854504296747404579e-01,6.595351938761970789e-01,6.331821651523844574e-01,3.072459792577534321e-01,1.227208709176957624e-01,-1.688977236152114925e-01,-2.328766624568383292e-01,-9.507523092257100239e-02,-2.144207604831211908e-02,3.922941174089483035e-02,1.290381999290518000e-01,1.172240969683664424e-01,-2.979153097411130213e-01,-3.658918064538859150e-01,-1.767702413212855483e-01,-1.854633291111968119e-01,-1.649271757647265413e-01,-8.745640358126878684e-04,-2.120865056110193547e-01,-2.345255393383883502e-01,-3.070888433874329748e-01,-3.571451506245367225e-01,-3.863816183433404494e-01,-2.510782363365035574e-01,-2.848086967793578839e-01,-2.706508165155178669e-01,-1.375333142833801980e-01,-1.907137002274909010e-01,-7.521773131109157906e-02,-7.471044703451984459e-02,-4.935102997096964955e-02,-7.416815707180239581e-02,5.295561138094506681e-02,-6.073191569560854042e-02,1.163644976103229561e-01,3.651662199452587743e-02,-3.046545903790323986e-02,-6.898811535590397039e-03,-7.221217755025059748e-02,1.271717055430948706e-02,1.209732519597480314e-02,1.946866556270359511e-02,7.053160746160022643e-02,9.187765171126294206e-02,-1.420592199425357305e-01,-5.093977239086627112e-02,-3.375515949882057498e-02,1.113418639582832298e-01,4.097571847048388921e-02,4.182513922737628870e-02,1.461050588204054201e-01,6.825685845453133282e-02,9.910641663269191548e-02,1.869740601050988160e-01,2.818605493467843948e-01,8.101758209546064404e-02,1.223513841193925311e-01,-1.869752966345103115e-02,5.906265714231661440e-02,9.765910363301856523e-02,2.191799274793219399e-01,7.282036900410894520e-02,3.101979697164305994e-01,9.415108003166249018e-02,2.557803662646664367e-01,6.013492995972390120e-02,3.518417525741213692e-01,4.538901264412667502e-01,3.265635390458186404e-01,4.545943121932076725e-01,3.378751657542869435e-01,3.410612602239876390e-01,3.678341860595483737e-01,3.505637065376246975e-01,4.233076421333737960e-01,4.112590754300440299e-01,5.867545592066240046e-01,3.859414300432491007e-01
1.353747561782886744e-01,-1.103603270225245042e-01,6.999823919174362474e-02,-2.678486918012109794e-02,-8.797653175880012708e-03,9.678280893785270447e-04,-2.371178212412708708e-01,-3.006900158233654849e-02,-8.046206391482177422e-02,-5.820932622560955061e-02,8.117168062484940438e-02,2.071526954202969339e-01,3.918133552064569786e-02,-1.170387126106161996e-01,-2.740820529075112533e-01,-3.956667555945589942e-01,-1.936901168562479847e-01,-1.913319540604005164e-01,-1.083303178987982812e-01,-2.172566264456578244e-01,-3.081369173596579247e-01,-3.987150242660934540e-01,-3.573446857024363821e-01,-4.641536060874258407e-01,-4.800185271044933311e-01,-3.211308136835724358e-01,-1.177159780095583114e-01,-1.800312579157412607e-01,-6.315914813103221115e-02,-2.559180736274757617e-01,-1.707172343618844068e-01,-1.152423758968762618e-01,-1.541416760221821398e-02,7.607548321634458044e-02,-4.476207979712162194e-02,-1.562222150558805964e-02,-6.819704400430894042e-02,-8.649479817537539250e-02,3.611255299660555418e-02,7.861037172384477759e-03,5.540323327948083049e-02,-1.278176856062459288e-01,4.899963511703129410e-02,-6.187282074176317370e-02,4.891482960009035236e-02,-1.066062980910660180e-01,-9.104966941637251607e-03,-1.783050526688960760e-02,1.640009841504537144e-02,9.252886812198075905e-02,8.508544620527053182e-02,1.939737751426893336e-02,-3.607926632629963881e-02,9.493155106621874173e-02,-4.759951809732004130e-02,2.023693868031358201e-01,2.397926588179554175e-01,1.171383111221466350e-01,9.161753955252463499e-02,5.350229597660715458e-02,2.119847413468687047e-01,3.130904194041030097e-02,1.078408563563482137e-01,1.513167918636922349e-01,1.342114326242905553e-01,1.202109673164356296e-01,2.125728925008370518e-01,2.942262485812573991e-01,1.886334890838254064e-01,1.618889560319264620e-01,3.219379971875810376e-01,2.355873775998909569e-01,4.215711814642464916e-01,2.275068349026683756e-01,3.666427689194945438e-01,3.748142753567828001e-01,4.072059634004351891e-01,3.049399989658300725e-01,3.797049787759814721e-01,4.587106697806982436e-01
1.066992114338798925e-01,5.818730740201481094e-02,-1.480170031102386596e-01,-8.620669244455776876e-04,-2.395620377189973671e-01,-2.974363365115709756e-01,-3.434212429081147655e-01,-1.366810816580046328e-01,7.411737143282036422e-02,2.546196788843036254e-02,1.684429347219306983e-01,2.601327464384717847e-01,-2.558398059064165286e-01,-2.649136095221304998e-01,-4.251804195029355582e-01,-2.576203164339369023e-01,-3.069152447329263622e-01,-2.976180442913116675e-01,-1.620409747290980917e-01,-1.857394415095823537e-01,-3.512708323806069677e-01,-4.690924361630260941e-01,-3.024582908566655348e-01,-4.444054375944629931e-01,-1.696089684803369357e-01,-3.185614947987308043e-01,-3.682866262588672251e-02,-8.828047789116033606e-02,-1.258028200612364145e-01,-1.342534296353328216e-01,1.402691727507221530e-03,-5.880465310624748143e-02,-1.113150267654095249e-01,-4.804527686642442313e-02,1.131665610406540484e-01,5.416506127343197891e-02,1.014618345676467637e-01,1.773623238970532812e-02,1.314457188465039013e-02,1.291502100949848582e-02,-3.054615717822798879e-02,-1.088873299231732372e-01,3.079090824778294745e-03,-6.982354688903931461e-02,-4.921201724334450106e-02,8.378404631087375820e-02,-6.201365726600230333e-02,4.631976591421398115e-02,6.053932518488602463e-03,-1.099840535108582984e-01,-8.590465199933149110e-02,2.729475406590232966e-02,1.709758894835884668e-01,5.464293604827863415e-03,3.527048679806173148e-02,1.141581256258101806e-01,5.415349480895984002e-02,1.931861043399095146e-01,3.172428226440547616e-02,1.487433803861951676e-01,7.585019064466042016e-02,1.098022532271751128e-03,6.692560976194207589e-02,2.142128817516117667e-01,1.958188208526755458e-01,2.622664569188061789e-01,8.419263210549052245e-02,2.095126318857377101e-01,3.443271763676107322e-01,1.235692091900353340e-01,1.573767641000820561e-01,2.296766277664810396e-01,3.527637426717191715e-01,3.297927674875841264e-01,3.794848575968660653e-01,3.369259144750486601e-01,4.635224017113491746e-01,3.871377600435558786e-01,4.573685849640895529e-01,3.812771546679850632e-01
-1.517527298571063887e-01,-1.964323785398188263e-02,-1.548993338249179119e-01,-2.126913301364278253e-01,-4.211859536212792521e-01,-1.104128088846137168e-01,-1.351047831541779543e-01,-1.163428827022580242e-01,1.072443603635094564e-03,2.689455887571622350e-01,-1.352858457555402572e-01,5.202518133435418256e-04,-4.409703265487475154e-01,-3.605402547316768902e-01,-3.095981138453537396e-01,-3.038564415092068205e-01,-2.500141829009606687e-01,-2.193590195780818208e-01,-2.974243052151976929e-01,-1.938501625042319820e-01,-3.234033561839776416e-01,-2.811707930054288540e-01,-4.447082884786455748e-01,-3.532302589681139415e-01,-1.636467665239558777e-01,-1.631474119230754694e-01,-1.260631678051814530e-01,-2.985218873904040005e-02,-1.980816282897769343e-01,-8.095930416505597860e-02,1.292206707208893961e-02,-2.450135195905513499e-02,3.624903930639231109e-02,-1.827184441545445445e-02,5.613421491088899096e-02,-3.164701629286641171e-02,2.963435124937486079e-02,-2.478895946195319722e-02,-6.692377598138973815e-02,1.181853406580483544e-03,-9.649481025761350028e-02,-8.727677504955806687e-02,-1.909385826318543006e-02,-1.694156975894812456e-01,-4.895575711708817848e-03,2.436514436078579884e-02,-1.788217988004010828e-02,6.730975796218151286e-02,1.084235909102337046e-02,-6.176560025350981420e-02,2.720265067338022494e-02,1.736066073889751538e-01,3.724363408064310793e-02,2.039674451138203531e-02,8.269316254101652386e-02,1.077989952634029053e-01,8.220981012196178217e-02,1.555663918020279701e-01,7.094018910566447789e-02,5.908531733326513602e-02,-9.633098917404858338e-03,1.731407944877279281e-01,-2.591292837251343503e-02,2.565332484977854155e-01,1.506318358148480696e-01,5.654671574196426520e-02,7.407291737123349040e-02,1.151194185674074555e-01,3.182397832896539103e-01,4.345411785651773218e-01,4.479115292817361094e-01,3.561134882900374721e-01,3.012390194049652803e-01,3.067556138142988886e-01,2.515756360300377414e-01,3.714075922782825723e-01,4.970084325185762375e-01,4.161383389547698153e-01,3.783483793657965166e-01,2.074360957444477127e-01
1.616835098179386643e-01,-2.265676356806548344e-02,-1.776549621679498758e-01,1.240701161579435552e-01,-8.194493898422756939e-02,5.874474363840220120e-02,1.705061872043783511e-01,1.209870710870924043e-01,1.490310694643800782e-01,1.826186417811535567e-01,-2.499094626800671404e-01,-4.952142162626271826e-01,-3.048285732665813041e-01,-2.825895897588326378e-01,-3.440412377098434060e-01,-1.440115328725405652e-01,-2.362376277854530970e-01,-3.642735877407886624e-01,-1.780241093561985011e-01,-3.874243074279380417e-01,-2.063625276190417246e-01,-4.223271061203871524e-01,-3.572729113080418961e-01,-1.364680451127744110e-01,-1.833249601745570723e-01,-6.567808452445923761e-02,-1.326967467332645090e-01,-2.161601834586867124e-02,-8.633218152004676349e-02,-1.610354966901312440e-02,-5.020505936480963716e-02,1.184642896261044187e-01,1.929447494325204834e-02,2.048607442613631022e-02,2.211862647607708982e-02,8.667931736803312359e-02,4.140218012943069209e-02,-8.253934648963162646e-02,-8.357896486707799139e-03,-5.277462658350621366e-02,1.795144994218310017e-02,2.908521257974684693e-02,9.002042593384719515e-02,-6.588467125379421363e-02,-1.220044462832950427e-01,5.040427821513925044e-02,1.024597529096289289e-01,-4.341164303146723830e-02,8.495644140186926763e-02,1.048638517025123756e-02,-1.018519488624587965e-01,2.120515096550599360e-02,-2.658824122142521701e-02,2.881998845724947217e-02,-1.527089779695863132e-02,-1.316641677919015881e-02,-6.117698289753410734e-02,5.429736280092663930e-02,1.889760336925122852e-01,7.067327050736145477e-02,-4.886130055439836389e-02,2.183497179505685115e-01,1.245371319385488451e-01,2.308700836248578636e-01,8.029651691554673398e-02,1.497108106148850870e-01,1.970267878173921072e-01,2.605098652983023899e-01,2.554450443436856455e-01,2.109487819345652049e-01,2.951217265739743967e-01,2.526241504195271270e-01,2.886738843742814309e-01,3.344234507191122807e-01,3.275042513148862522e-01,3.436235489398576370e-01,2.324998220586985964e-01,3.339961290168458330e-01,4.912051450380513495e-01,4.466173869747699365e-01
4.595815837501791845e-02,-1.109556013767653594e-02,5.828565507989225125e-02,8.831951926185925908e-03,8.873153490960326850e-02,9.982865179291870728e-02,7.845760807103747958e-02,1.130009480221219331e-01,-1.260762219740768630e-01,-4.627441361971584843e-01,-4.323912153699438488e-01,-3.205274492725927460e-01,-4.253387026552007399e-01,-3.658863991977521213e-01,-2.669708381203908520e-01,-3.194959590385352266e-01,-3.069084792383270366e-01,-3.932373162386710863e-01,-4.773394989276385503e-01,-4.361676095484799398e-01,-5.010719654671282886e-01,-3.947156796682358970e-01,-3.288205795344368854e-01,-1.499215922530728884e-01,-7.739216926792158446e-02,-1.182778332637337559e-01,4.372875642703488545e-03,-4.411471532207275614e-02,1.939855531832013202e-02,-1.168876781167175471e-01,-7.047038536027429301e-02,8.987937747713467540e-02,5.084185672912158033e-02,-7.030925912335917252e-03,1.117946780264803125e-01,-5.002634023488163051e-02,-9.761828660416578540e-02,-1.357640456782532867e-01,1.663079104668644947e-01,1.955431997679322326e-02,1.130777567382741794e-01,-5.987660808348958114e-02,-3.828901785519004536e-02,-4.676779876212194646e-03,-8.113055917153838212e-03,1.411385655536390518e-02,-9.980455863277816475e-02,7.268439442761105707e-02,3.375331677490499976e-02,-9.285779216868797481e-02,2.740099723751578814e-02,1.442232947412711574e-01,-4.531082487383508717e-02,9.757355704484308237e-03,1.950144022809912822e-02,-2.742883409387541702e-02,5.775235868576267945e-02,1.055951117928342481e-01,1.291509523498507450e-02,2.653826363949321476e-01,4.212921376914810501e-02,9.715422442596681127e-03,4.477992470345295434e-02,1.220512907142223963e-01,-3.910632799420799000e-02,1.120761254837505591e-02,1.247690797703127630e-01,-3.535770047622182471e-02,1.435372664012469768e-01,1.208411179803587365e-01,1.763437406134133745e-01,1.640476914309912382e-01,3.373022493057428739e-01,3.038380462721026465e-01,1.581809305901294982e-01,3.730736587708670116e-01,2.502376615649097302e-01,2.717411910262589880e-01,4.124449531003636094e-01,4.526472276027717068e-01
7.609143678135632527e-02,1.399837728459244202e-01,-2.057129700516890369e-01,2.767300717852158032e-01,1.494576537793911031e-01,1.643291281098794021e-01,-2.959631617500203538e-01,-3.453338220194682728e-01,-4.262469382491959613e-01,-3.246378797155153872e-01,-2.805495806528093272e-01,-3.781892403266357561e-01,-2.950864715498248692e-01,-2.071844662977809504e-01,-3.225385377920841345e-01,-2.746964665478058287e-01,-3.577109319411468369e-01,-2.967157939156050972e-01,-5.041441670226807226e-01,-4.131542393171880878e-01,-3.885739240267203631e-01,-2.680862486333731032e-01,-2.050285061133525211e-01,-9.910937513861130255e-02,-2.314566237506699709e-01,1.516205621871821174e-01,-2.551792528078322339e-02,-6.267466613408763203e-03,5.268401466749075834e-02,-3.341754044291123105e-02,1.729170922580890724e-01,7.885572674289480222e-02,1.340764215809245666e-02,3.436209298099664189e-02,1.029505726439776669e-01,1.362705503035527808e-02,-2.850539175545868231e-03,1.091932638609627859e-01,-3.717955349209505281e-03,1.303937567426194100e-01,-1.198525215096665764e-01,-6.687871473609085723e-03,-4.802329244656684121e-02,-2.263506647684639453e-02,-7.098872253873557414e-02,-1.128089112789830845e-01,-6.023061767141123929e-02,3.197653653585414563e-02,-9.384295963633526583e-02,-2.716411090088244676e-02,9.611058445900706737e-02,2.870879895113674293e-02,1.031330086886994291e-01,1.264833584834822722e-01,9.289654484606472973e-02,1.614983342471829897e-01,5.796373464384969865e-02,1.023574095336947654e-01,6.137567255849193243e-02,1.169847207154962737e-01,1.611460383240281014e-01,-8.519559339937542164e-02,7.807186982610578307e-02,-3.247733965578209880e-03,9.134944584679970114e-02,5.587640959124422213e-02,8.367178304604917793e-02,2.484143235680073003e-01,2.605212049411713693e-01,8.722562311770892807e-02,1.164108028764910957e-01,3.100264449911913078e-01,2.292557797911818629e-01,1.655476284667046494e-01,3.318665107206098530e-01,4.760733719075284642e-01,3.495652474718913827e-01,2.385491045051660874e-01,3.662209378856502995e-01,2.739913384100270410e-01
2.972384277024874288e-01,2.307862307757343745e-01,-2.393350654280887169e-01,5.939369276366076623e-03,-9.480196396369318379e-02,-3.870507336349427452e-01,-3.730695321282953003e-01,-3.980473650301297184e-01,-3.791543168459712843e-01,-1.840000591618032033e-01,-2.859758880609263865e-01,-3.131664819710503478e-01,-7.911691139239432347e-02,-3.281912483158520577e-01,-2.295749342652241565e-01,-3.661350566792791472e-01,-2.483108615809125341e-01,-3.843645964774389800e-01,-4.470073016256131959e-01,-3.476307298264094126e-01,-3.685272983288646609e-01,-2.630323419536574892e-01,-6.531429346742802233e-02,-2.730942806735404127e-01,-1.485803325021067267e-01,-1.174263786412491073e-01,-1.426567942073638517e-01,-1.054532251324630521e-01,7.017036621526692719e-02,1.581897524255207188e-01,3.183264901661234797e-02,-1.111040364290588889e-01,5.370744114241497724e-02,-4.884582779082123627e-02,-6.878776839614410277e-02,3.843343551462042457e-02,2.079871663632354428e-03,2.313739977800282829e-02,3.699369509055863009e-02,-7.870576842591719274e-03,-6.819996250216180111e-02,5.832687557790369043e-02,-1.403955998431380935e-02,-4.620129320348299873e-02,-3.311411976143283087e-02,-1.604660236793879757e-01,-1.111424737009656938e-01,-7.485373948147121259e-02,8.825335463210007281e-02,-6.390185228123082539e-02,4.431262975490055100e-02,8.565059314305095706e-02,-1.885740407773149607e-02,1.604595715397170302e-02,1.687414030274897170e-01,6.361440943488923250e-02,-5.527924805596507590e-02,2.288341070341892020e-02,-1.151339614458553456e-01,2.013731813931356751e-01,-1.636411496503233920e-01,7.660120956115108737e-02,1.976152499920752204e-01,7.099455013575964313e-02,2.186153152172685132e-01,5.099917108887948303e-02,-3.562777946476001351e-02,2.982166489251377173e-01,9.616141035679547089e-02,1.093816660993661982e-01,1.134657167307011882e-01,1.849788627986457823e-01,2.075312002026225844e-01,2.289702655335864034e-01,1.291390752612254222e-01,3.563641286099163419e-01,2.231430287483828490e-01,4.456268446944129935e-01,3.716307916795290045e-01,1.839177975484845573e-01
-2.286610348525918990e-01,5.894413669383391854e-03,-1.143917389700850606e-01,-4.637950945204279418e-01,-3.410208700374983137e-01,-2.032181869129255358e-01,-1.140098091178608775e-01,-1.673639658200074543e-01,-2.578267498505459887e-01,-1.522414825946257766e-01,-9.354391271821306530e-02,-1.472032874860492724e-01,-2.703643355385835223e-01,-2.658155876595360012e-01,-4.933697053609405470e-01,-3.191223801281861117e-01,-2.605193477762207666e-01,-3.738849950610471096e-01,-3.127435650301283454e-01,-2.611396852290850390e-01,-9.860899915481012579e-02,-2.085599962828988407e-01,-6.818815803884678561e-02,1.385361794004368909e-02,7.392164079553459333e-02,1.206295505392720041e-01,1.457567608875138046e-02,-3.379328827235834887e-02,1.537560781055729575e-01,2.123295853182781134e-01,6.793910752487290761e-02,-2.949059894796119893e-02,1.001089516492895126e-01,1.684444632650032581e-02,4.866798681337226179e-02,-9.664229747259346637e-02,-3.186091856977090603e-02,7.992555321245609079e-02,1.189315907414060201e-02,1.271942009617378910e-01,-5.853232079357509332e-02,5.378870288543662059e-02,-9.017215962171715171e-02,2.056753576967238761e-01,-1.649266142989685643e-02,1.477293056062425891e-01,-1.388181546202860717e-01,-1.446859637777619112e-01,-4.378013294247078135e-02,1.031804640772024800e-01,2.823849555510005160e-02,-1.446160721261420257e-01,-1.327185877634162216e-02,5.013744158108501131e-02,1.472633398802607740e-01,-4.329132910430921917e-03,7.088111362877255739e-02,-1.259500535226247275e-01,3.255002986862752523e-02,1.741717574309174510e-01,1.421738588483110154e-02,1.682404433781503339e-01,-6.081281168619751681e-02,2.137344119538124032e-01,8.220074029972991581e-02,8.942375533742026594e-02,-1.636287721604177264e-02,1.334167329640280342e-01,2.481135316774338989e-02,-2.120613935297007303e-03,1.502341093164781538e-01,8.772008261834372822e-02,8.540009265940694261e-02,3.616576169069952718e-01,2.620621759036023679e-01,2.431075340976429355e-01,2.102370807722867552e-01,2.532672738600200701e-01,3.087171864729222337e-01,2.545755415700262647e-01
-1.176098959487993645e-01,-5.800724947040648838e-02,-1.389760225739599397e-01,6.321810838120406166e-03,5.959922709513632705e-02,-6.682117353808743332e-02,-1.277011145201394082e-01,3.699538633115562192e-02,-1.312339234647893760e-01,2.458079653205421516e-02,-2.012667896551943170e-01,-3.444713369015624527e-01,-3.867691059121280972e-01,-3.756022078752201954e-01,-4.856129800652697615e-01,-3.830813644530469131e-01,-2.894863891828727276e-01,-3.761575736922010971e-01,-2.233162406498607200e-01,-9.280330785601981214e-02,-1.237515231936019144e-01,-5.522334594960973814e-02,-1.423387229635136343e-02,-9.999776317073583165e-02,-1.759115329642957914e-01,3.244390191860849898e-02,-1.916328451951036403e-03,1.366377299333501882e-01,1.882331555113355148e-01,1.114588461117776291e-01,-1.436642173119122116e-02,8.239025318888824889e-02,6.616924604652347011e-03,-6.865240450551413076e-02,-9.512411867133892251e-02,-2.127862709767968930e-01,-1.757080526294484968e-01,-4.573958374946741207e-02,-9.644313575565373331e-02,-5.268717363839044848e-02,-1.738774364996919786e-01,7.145305915640405743e-03,-1.649457071250118034e-01,-3.154223952966032918e-02,-1.034046611042165470e-01,-7.067233314550008805e-02,-1.325337831969696130e-02,2.325404720779596646e-01,-4.682305462583376959e-02,1.008617727490242338e-01,2.565855902693501070e-02,-9.730260336925719566e-02,1.091110333630291168e-01,-3.817412450226550114e-03,1.193924500650738740e-01,1.639015274802585465e-02,-1.954757246484332620e-03,7.716164321808796633e-02,1.293459253792746122e-01,7.862772234511931913e-02,1.710660893249708490e-03,1.565770794766591367e-01,9.250421926542322371e-02,5.803820231553967479e-02,4.267230185516465713e-02,-6.363430786615364987e-02,3.540686753241158863e-02,4.377087439954040204e-02,3.609163391718789998e-02,1.893364199178285967e-01,1.618477553977198946e-01,-2.643317079551369547e-02,1.575010360531214626e-01,1.264382630880065972e-01,2.553301476333388331e-01,2.307812839309889841e-01,2.132888230339641811e-01,2.201821993817839607e-01,2.988280285113369406e-01,3.204943539884865245e-01
7.648035435539687898e-02,6.149772091858687201e-02,6.581942343995610990e-03,9.979573602140602573e-02,-1.177024431472643157e-01,1.119342282215500875e-02,-6.660408564810452181e-02,-2.326041025730624101e-01,-3.358513233747845717e-01,-4.887465354094493453e-01,-3.084390595699496584e-01,-2.966550964305636473e-01,-3.092337289281242851e-01,-2.579544165373181541e-01,-2.843645371871076355e-01,-2.545595488541707585e-01,-3.352460627318720188e-01,-7.003999436351598940e-02,-1.971679082488674850e-01,-1.863215948903590158e-01,-2.622544534899434038e-02,1.274274687584220911e-01,-3.578915574041743181e-02,-9.188157961197650214e-02,4.720288968943324448e-02,1.546503122672052144e-01,3.299632264334072945e-02,1.795836869874297900e-02,8.189546410264704479e-02,1.294839448204203325e-01,6.465292805617750549e-03,-1.491576945657420161e-01,-6.324156831333775652e-02,8.079978490705296001e-02,-1.070563386904278408e-01,-3.631948257772175948e-02,5.403853048759338709e-03,-8.153865703574257606e-03,8.755929109013311368e-03,8.265841327125765525e-02,-7.594903470914840526e-02,5.809361724640579178e-02,-2.372842875910747065e-02,-9.414645887259767698e-02,-7.062816941436082796e-02,-1.480418749383204391e-01,3.391988335383642333e-02,-4.735864673911941228e-03,-4.081663153797133146e-03,7.789759255565673057e-02,1.146902982537259114e-01,-6.805640417038127943e-02,2.518586088963215008e-02,6.382694031198658802e-02,7.406617619314335987e-02,-3.454363270345939263e-02,2.481011596520424009e-02,3.800856963190451382e-02,-6.383225903140275770e-02,9.023695195650667522e-02,7.804836075496218717e-02,7.745726744603684266e-02,-1.117886616331960625e-01,1.877106549025315402e-02,-3.470785254103923162e-02,-2.492000688639382355e-03,3.547805958330332854e-02,-4.864543769850337290e-02,9.986027766175475939e-02,1.282082048695901699e-01,2.899170166999989751e-01,1.265321918345987118e-01,1.794558601680049104e-01,3.317348740702863452e-01,1.278219807599408342e-01,2.281960257609169651e-01,2.185033980221747774e-01,1.918516115677034728e-01,3.037790311562027501e-01,2.702552786994886214e-01
-7.712084002025094975e-02,2.337688526292577007e-01,-1.390634852393054510e-01,5.893350445139763916e-02,-1.754196786349912218e-01,1.300409007087611341e-02,-1.904577727406001897e-01,-2.465612376418550855e-01,-3.516372581254139096e-01,-1.824420285859909285e-01,-2.986725444635897619e-01,-2.447070886495011921e-01,-2.416287737408096270e-01,-1.436186616744407896e-01,-1.366736015950073546e-01,-6.828504700235765723e-02,-1.520564687930852366e-01,-1.183187915793565276e-01,9.052156930709044647e-02,-1.061861695182336925e-02,-4.291996490782457735e-02,-2.050639899211638417e-02,1.164842237427732713e-01,7.012844650640660815e-02,3.636836033183206418e-02,2.591307386458469378e-02,9.870946774240155208e-02,8.674594116409335698e-02,1.322129805663536939e-01,6.203413948720239157e-02,6.670033747345578690e-02,2.028929188728434418e-02,-6.523029253097171326e-03,-5.201446562890499337e-02,8.766220363847934682e-02,3.550405279873052045e-02,-1.033810879405306672e-02,-6.121527388836782088e-03,-1.815605009016074411e-01,-1.436620014277628088e-01,-7.271749004224118546e-03,7.644973612433698940e-02,2.010734787204708149e-02,-6.241596725933071244e-02,6.990799929656696388e-02,-1.212127284799750099e-01,-3.200401484939269237e-02,-1.222127766071355315e-01,-4.144528795748467914e-02,-6.342549834670602182e-02,-1.379021295441771877e-01,-2.486754233659790175e-02,-1.367066254092509092e-01,-1.157783453308566662e-01,1.266637815458007965e-01,-3.367089231644371239e-02,-7.496943587538015819e-02,3.863496433974310945e-02,-2.763935199165413678e-02,-9.995042773456883078e-02,1.582899176911904682e-02,1.530466534807615464e-01,3.750680146285089583e-02,8.270948155232774046e-02,-3.883150662989731661e-02,-5.039145157391357321e-02,3.490935813528246029e-02,2.786625512866856835e-02,1.897366017053973564e-01,5.978389823067451619e-02,-2.463634567654127833e-02,1.617310002526838320e-01,1.229685242531682182e-01,2.130114918706065355e-02,-4.742702608359432304e-02,6.742486876935044338e-02,6.864955290287109990e-02,2.602986721634763523e-01,1.514755000388409156e-01,3.198086777814219128e-01
3.045482215360643670e-04,-2.636571540422828763e-02,-1.813539511489117573e-01,-2.601193663519368315e-01,-2.377981084646609289e-01,-3.275178523379235207e-01,-4.205832387683200446e-01,-3.552959668027212414e-01,-4.237620639104072717e-01,-2.529943151229079312e-01,-4.159102078517182832e-01,-2.391407109934608477e-01,7.592210431901834367e-02,-1.794122533172951561e-01,1.551113276328370816e-01,1.409679522675176822e-01,5.223109301413940420e-02,3.737055128565531376e-02,6.763246053654903278e-02,-1.347519543428298272e-01,1.085594272902485127e-02,3.294621482215233637e-03,1.192295876155763240e-01,2.212883980257930872e-01,1.475946113049565744e-01,1.225619474000234216e-01,5.443450432857718096e-02,9.289650759513028155e-02,1.956436939932103269e-01,1.013060156978564386e-01,-1.325904235160663691e-01,-7.661112807021665250e-02,-6.363335516170044726e-02,-5.965338593427146896e-02,4.033538066235017178e-03,1.348238689160403264e-02,-6.046509129673946492e-02,1.192072036104427184e-02,2.963371462680972762e-02,-1.395314309718181656e-01,-1.886213621039231347e-01,-6.736570715843386015e-02,4.089315146496423116e-03,-7.055444545027596964e-03,-9.526114321307021376e-03,-2.023671973051937439e-02,8.911408358410254082e-02,-9.232863805057014983e-02,-1.180494139880512577e-01,-5.778909116360512847e-03,-1.930981633857909163e-01,-1.310600732301650806e-01,-4.078887441341374348e-02,7.709275013844377189e-02,-2.725543885477733907e-02,-3.857304585502790290e-02,1.463197750268209196e-01,1.094747839750630919e-01,2.021261588015947283e-02,-5.244622485982772253e-02,-1.994807734403266086e-01,-1.137975980798079517e-01,-1.372755368041677325e-02,2.650838380774178660e-03,7.236954585176826049e-02,8.429763351831150858e-03,-8.679759877083066677e-02,-6.743232313064259631e-02,-5.690418343553666630e-02,-4.417295988141552165e-02,1.962390195551001401e-02,-1.666594097489805526e-02,6.115999603092636683e-02,6.136061958697664603e-02,-2.443335730079376072e-02,1.144749767535577362e-01,3.208875276298011059e-01,2.228571267460959515e-01,3.024526441505998586e-01,3.097123148155647154e-01
-5.604650454695444539e-01,-2.504916447040815841e-01,-4.067308895576945450e-03,-6.887385553671082628e-02,-6.620857758586773389e-02,-2.836338046372841593e-01,-1.342790346266483081e-01,-4.242707368212464969e-01,-2.559095894991394449e-01,-1.521305684858472174e-01,1.493816136824895231e-02,-4.925223675750353691e-02,7.634044096272199487e-02,1.713519126174977147e-01,4.737365128945177778e-03,-1.258009386580472011e-02,4.767509299914208382e-02,-1.609447260521812972e-01,-1.394485992538459507e-01,2.398961658315008211e-02,1.266713619428326554e-01,-1.147671910697017862e-03,8.980770402462548430e-02,1.160052952660930864e-01,1.885094569855377267e-01,3.205204080364325997e-02,1.168614055425984122e-01,-4.017924197196132835e-02,-1.905844357702967881e-02,-1.468106817204536951e-02,-2.626978752028981401e-02,-1.227729305521368802e-01,4.719720687439805246e-02,-1.093951867157638563e-01,7.643296717029748888e-02,-1.641281821674770228e-02,-1.364973203185268769e-01,1.301028497014747043e-01,1.072937443964744747e-01,-7.494141914868920375e-03,4.380050573037563844e-02,-3.374476748902335149e-02,-9.200346803614199709e-02,-8.147184214998429153e-02,9.698991110869242815e-02,-6.390467720299446153e-02,-8.803589659399208012e-02,-8.865910818802508198e-02,-1.395235750730444702e-01,-1.236483307722364977e-01,-1.006541237010678130e-01,1.451212532256465348e-01,-1.654249747619781774e-01,-9.426794566304207146e-02,3.041366355685699505e-02,-9.163289662700288551e-02,-1.695638704351312975e-01,5.971752157121800256e-03,2.077772372746218218e-02,-4.219289603547630302e-02,-6.690330039776955229e-02,3.277702180433673118e-01,9.781668343701635515e-02,6.836042231519974532e-02,-4.881167067821542277e-02,1.611305773540556291e-02,-1.162853448524021893e-01,1.510602701354096453e-02,-7.498931514146799093e-02,3.560738098631317100e-02,1.044805573476209754e-01,-1.007483149638120981e-02,-7.016261137015526728e-02,1.524210836187136486e-01,2.517955611770511526e-01,1.804155680660285768e-02,2.290387136071878882e-01,1.793513158942119934e-01,2.921574926355076651e-01,2.407311291931147068e-01
-1.516721654419784029e-02,-6.172706241521573600e-02,-1.908028550940341350e-01,8.235694243314935215e-02,-3.969131555914887088e-02,-1.973619315149282016e-01,-3.833449718262341710e-01,-2.733866868311849579e-02,-7.265091825479949583e-02,-3.690043276119985699e-02,-1.934160255358396419e-01,-7.300275958622319539e-02,2.286218394980045199e-01,1.138459937481107187e-01,-4.151510896595464462e-02,5.874776664260267928e-02,3.464480680222715991e-02,2.146599872676381027e-01,9.761985319552834994e-02,1.548813828605244691e-01,8.801023383152267732e-02,9.778918722292724575e-02,1.592437312016189987e-01,1.224037570757989662e-01,1.175844962279945088e-01,-7.240489192439764077e-02,1.744752792153091842e-02,2.481443044366212283e-02,-1.191625957961596066e-01,-1.429738692267328026e-01,1.747676356369103415e-02,2.528143532658913908e-02,-8.439205871160734840e-02,-1.402354434187092769e-01,-4.225624610138110915e-02,-1.358101208313629016e-01,3.273327414866784163e-02,-3.005179397138086142e-02,-1.368597132414827722e-01,-8.195757140198686730e-02,8.079898973230854875e-02,1.223851839021589810e-01,-2.774563543499275822e-02,-1.313207180251600159e-01,-8.190035833638212304e-02,-1.580738420380344011e-01,-1.110937677543903657e-01,-1.521952076647746788e-01,-1.694881084978976382e-01,-2.303194596925030868e-01,-2.407201329582832061e-01,-1.894635737345108997e-02,2.612891728742059924e-02,2.294869019057166337e-02,-8.806699702821949027e-02,-1.201905535241059725e-01,-1.729386096335364456e-02,-1.862039092616346939e-02,7.727955778671218023e-02,2.773765608918945386e-02,-4.473976163539083312e-02,-1.816847306552490382e-01,-5.961985064449594474e-02,-9.040135710363070287e-02,1.808402958704886931e-01,-8.742932912783570043e-02,1.216256275007839699e-01,1.879772152432056254e-01,-1.495991480338295931e-01,6.130593480305043808e-02,-1.405748647116515995e-02,5.112035265989454437e-03,-7.307830756136657335e-02,-8.814628193975536374e-02,2.325774471011074485e-01,7.619406304799329448e-03,-7.939088851662200186e-02,1.837400916737134127e-01,2.068021625947387421e-01,2.435151711230922333e-01
-8.175717693282943954e-02,1.214398518212982808e-02,9.574926627906761578e-02,6.070682595724338770e-02,8.002988579851483264e-02,-7.357070941782697937e-02,1.425395710204167311e-02,9.903803616531198228e-02,-9.944618670014682138e-02,4.091160184625215052e-02,1.526756579382078718e-02,-3.459791448690375387e-02,1.545353684429823238e-01,1.729069393021538115e-01,2.314254801083101554e-01,1.968688744324714190e-01,4.829500934318596561e-02,2.209883584422518976e-01,1.154280208651124462e-01,1.460221111697873608e-01,-2.702185464863896339e-02,1.070806032607997255e-01,1.275763730492009695e-01,7.172821117906168220e-02,-1.773180759375525897e-02,6.558859542845267565e-02,1.893477854945791183e-01,-4.978811912806428708e-02,5.468882331041132437e-03,1.272449907327485030e-01,-1.341693251492494798e-01,3.731987778176419635e-02,4.286912007411523839e-02,-5.843014649187758952e-02,-1.775762409685253560e-03,-5.533522963246165910e-02,-9.035556854925141934e-02,1.201534536513980747e-02,-6.905943628676264323e-02,-1.926421087027239964e-01,-4.017191570810600687e-02,-1.060072209840493412e-01,-1.309734328347265386e-01,-1.235071696886984732e-01,-2.114024248440272424e-01,1.313499814810355389e-02,-9.099541260610834181e-03,-9.120313313657986420e-02,-1.792843494095665846e-01,-9.114788713717894564e-02,-9.463382203696996120e-02,-6.431557836132546779e-02,1.065618024970806654e-01,2.696111596715883643e-02,3.472438635258393025e-02,-1.291175184909748586e-01,-1.667770158096920086e-01,1.011630111879171547e-02,-8.615952321506774314e-02,-9.660286539057102995e-02,3.555505070185441263e-02,-1.412496949344433372e-01,2.669603224557213009e-02,1.426800645447187481e-02,-1.319760769892849850e-01,-1.958929717862751066e-02,-1.281305246191406788e-01,5.003047997229927157e-02,6.497143921006931500e-02,7.709770228446562179e-02,-4.025345887668723560e-02,1.706205835737172050e-01,1.239828234023347825e-01,1.380838788095838654e-01,6.792792166345697213e-02,1.722763428384008755e-01,3.048392373900000174e-01,1.062491526753326226e-01,1.081657755799387138e-01,5.224317273684756652e-02
2.362544597041839334e-01,1.013081970625554773e-01,-6.581868545688651650e-02,2.990590120967814292e-01,1.148149278873771550e-01,5.419897528640623685e-01,4.784891226041979029e-01,2.991323111503530474e-01,2.417437487460409040e-01,3.055283847727651159e-01,1.660882258290922453e-01,2.074909645260854807e-01,7.558386486568706430e-02,8.792465546279126798e-02,2.331211188834606540e-01,1.763501556875022025e-01,2.830476534641625519e-01,2.168166003329542735e-01,1.886824485095378867e-01,1.539278298539073497e-01,9.294776461511401744e-02,-6.237223889063377158e-02,9.146601840785796578e-02,-1.030657087786981813e-01,-6.423279927080391243e-03,-7.418581729698339733e-02,2.690986114390158876e-02,7.604548606198945071e-02,1.003147951844446106e-01,9.938092143819051219e-03,1.136177522949408242e-01,2.531886810579069280e-01,1.527378560318386203e-01,6.879429040510830207e-02,1.400347279329051120e-01,7.847808692509098630e-04,-6.170082727791713351e-02,7.307284177693823546e-02,-8.291143727458266666e-02,-1.726463992305365402e-01,5.489187738477399603e-02,8.465510392200932543e-02,-2.408203964211569070e-01,-1.055656242564673164e-01,-7.016707636956122374e-02,-1.760118751805378745e-01,-8.324660702042825655e-02,-1.710745249401818269e-01,-1.725242769119899600e-01,-1.944057016331516008e-01,-1.604308159817283141e-01,-3.976185153322384785e-02,-1.716751046533948888e-01,-9.401443779656228072e-02,-2.886347921797093874e-01,-1.951277129234568752e-01,-2.714479105080673249e-01,-8.299055828810013302e-02,-5.444687309480113202e-02,-1.611519152540094035e-01,-2.846736072391816905e-02,-1.180580787025184014e-01,-1.233026021594303273e-01,-1.836073430165559295e-02,-1.768021069830782444e-01,4.686114803625884839e-02,-1.650304496576718571e-01,1.211340035507129931e-01,1.200388062529737648e-01,8.915022787189157139e-02,1.008433810368157130e-01,4.221638856172114929e-02,-1.015287180081249907e-01,-6.760551462741600307e-03,-1.302855459485637857e-01,1.159193438059235998e-01,1.341785677318240999e-01,8.744013509017307950e-02,1.027572558982268042e-01,1.424560985066274099e-01
6.679727698120866558e-03,2.698666090928395489e-01,4.538864228615594465e-01,4.878650434592126661e-01,5.607951223548001130e-01,5.542768233187412852e-01,5.627065167974570903e-01,5.941235222091751922e-01,6.214559960662722204e-01,6.344333562669610682e-01,5.818370190220083504e-01,3.832159059627514575e-01,2.614384104751402149e-01,1.429890437401590830e-01,2.387301328998980149e-02,2.518713202747243640e-01,5.175664828488039104e-01,4.291921413256028495e-01,1.870389255043408416e-01,1.021838777325955877e-01,2.649460291174894899e-01,3.088142199054481063e-01,-5.560465578181284646e-03,2.054338726504793544e-01,-1.823257335212226937e-01,3.045268531934914105e-02,-1.290304489322235126e-01,-9.305159801445792023e-02,-1.401802882708272011e-02,1.727155240230191235e-01,9.313662357647300993e-02,5.133604921132592369e-02,2.840622090658716514e-01,-2.358316025522777526e-02,1.625615658936295227e-01,1.649687723701322994e-01,1.690339624725606046e-02,7.569023114319620160e-02,-2.661021220329903847e-01,-8.791742615728857790e-02,1.058767756794672804e-02,-5.068566224918272245e-02,-1.822177199238627365e-01,-3.291800578441858582e-01,-3.683570874399613726e-02,-2.107004426179900358e-01,-2.840624099104924749e-01,-3.427716058607652161e-01,-1.174880443071319724e-01,-2.214314937454687215e-01,-8.348449306434722883e-02,-2.109701279150222319e-01,-8.872143481581337698e-02,-2.084480104517225929e-01,2.756745709606682818e-02,-6.957098316355875278e-02,-1.140453572640830332e-01,-2.011457121251200852e-01,-6.565209520356214690e-02,-2.388564253665490245e-01,-1.209798171516968668e-01,-2.851761160540379134e-02,6.635976254222612780e-02,6.300110876989596653e-02,1.478013253219046530e-01,9.827358562201697623e-02,7.713317743601315335e-02,4.800193940610072291e-02,1.942306850355780476e-02,-2.090772527663477265e-02,1.110726085633708012e-02,2.670078543378827038e-02,1.695431952501279538e-01,1.414281632612813810e-01,1.020277194856050382e-02,7.356510055520813773e-02,-1.188112824583247989e-01,5.295152285225266514e-02,-6.938062347861759238e-02,7.813272547979856208e-02
1.600921531386279850e-01,4.071620173091773653e-02,3.612327247568643540e-01,3.805905881758171461e-01,4.237125844227999649e-01,5.607141147438496898e-01,6.284690172831722821e-01,5.908313786912857690e-01,5.578448730440794812e-01,5.573062261483527902e-01,6.799903867541825520e-01,5.232638892593944879e-01,4.811625803930471013e-01,4.299866025552174786e-01,4.433242150444502983e-01,2.718763109243927945e-01,1.320045328272477780e-01,2.042765657460938467e-01,3.487548292809796169e-01,1.325967835054362165e-01,3.652326759817363100e-01,3.209120460583117507e-01,2.598739970962820056e-01,2.901176692569791826e-01,6.732674350080276870e-02,-1.267326956002154947e-01,1.967069391985232230e-01,1.978799910510161352e-04,1.763942533872296381e-01,2.962598137769944517e-01,4.319942913323354672e-01,2.767172534781072168e-01,3.323065673296664579e-01,6.952039037855092807e-02,3.268994698873629590e-01,7.839717761964407061e-02,-3.081081523989728441e-02,-1.242307731283434080e-01,7.621121384672742416e-02,7.559009689095295970e-02,-2.142293902900035615e-02,-2.050755268618827457e-04,-1.827536088356382649e-01,-1.610063566885158448e-01,-1.213176690141325870e-01,-2.531325586371098169e-01,-2.078409004869305118e-02,-7.423748307182241601e-02,-3.177824462156439989e-01,-2.797936807902364209e-01,-2.688372459824809879e-01,-1.463021822503083602e-01,-1.743407641067088454e-01,-1.616235119436973122e-01,-1.630690426703314821e-01,-1.756675959997820446e-01,-4.000377740116217717e-03,2.712512668433424839e-02,-1.305574493170072459e-01,3.074729319242525474e-02,-9.356951946516917085e-02,-3.932441194783149740e-02,2.076840213110348055e-01,-1.484469588888396030e-01,1.098413430293479764e-01,-1.344763550297577714e-01,1.372828921504636868e-01,-1.022123502354044429e-02,3.175303420008356720e-02,4.708454293088921300e-02,-4.058922609991022501e-02,-1.156647161393069972e-01,-2.533450768399413133e-02,6.076864523416872221e-02,1.486708401577289673e-01,1.691921309685592567e-01,1.252172322819464501e-01,1.874946612237471943e-01,-3.595491757145265893e-02,3.206252065219727249e-02
2.780094538581066865e-02,5.237235162174139758e-01,3.228459272498177546e-01,5.595473912389467008e-01,5.632328493385405643e-01,6.290569692345429065e-01,4.663963542112446459e-01,5.548202890477126337e-01,5.430435746108539519e-01,4.989268444851372442e-01,4.844393956531182766e-01,5.152437170173982395e-01,5.679897612312528876e-01,4.355875226152826074e-01,4.837652868450333932e-01,5.464329875606259712e-01,6.411575851047096597e-02,1.599779302551219695e-01,1.796693411420282327e-01,1.404433256183670597e-01,4.958689957820101579e-01,3.908255665287700964e-01,3.414645141906993975e-01,2.144471826136951087e-01,2.003165518642909260e-01,9.594120981246294366e-02,1.133363359762501604e-01,1.623693969822757877e-01,4.410986376913024198e-01,5.328917221932025772e-01,2.137595642698152110e-01,2.384838840274333960e-01,3.926806899223406200e-01,-2.836885110334413582e-02,3.349491240369735223e-01,1.398353739333551837e-01,1.398112516645831083e-01,-7.154841049862765978e-02,-1.004074761816781819e-01,-2.126918435346715486e-01,-2.167209562111174215e-01,-2.477108026296906962e-01,-2.038651307154960568e-01,-2.093531520240444199e-01,-1.578167035894126602e-01,-2.997284713200515371e-01,-2.675985599847951688e-02,1.781587483956289164e-03,-2.308776131714061208e-01,-2.973362059453684703e-01,-3.884103197552549736e-01,-6.205996094774930000e-02,-2.130414460599885929e-01,-1.203866106965220395e-01,-3.405122812175662150e-02,-2.452200748943983155e-01,-1.350157731676356609e-01,-4.409134375540969125e-02,-2.643772767350102693e-01,-2.030660062508186925e-01,-1.341071188075077525e-01,-7.632371734173651334e-02,-2.043123683957328018e-01,4.713765879334614467e-02,-1.763855333035270131e-02,1.518576200219928785e-01,-8.358780302582240196e-02,-1.592477285838879431e-01,1.752037040521859379e-01,-4.000815386121590878e-02,1.036947717175297490e-01,-1.989912593091623383e-01,1.287331633990610735e-01,-6.459873904366944530e-02,4.725184615655609460e-02,-4.648497715312341350e-02,1.881146929388996525e-01,8.021246556824172813e-02,6.093994279620314203e-02,1.764846950575868142e-02
-1.306071736621827913e-02,3.684161321954412260e-01,1.801732338636295727e-01,4.255552923714952529e-01,4.510720627640454339e-01,5.458151063530652936e-01,4.942459779208319692e-01,5.079745155783139676e-01,5.968167116877759470e-01,3.751916722497040113e-01,6.198975890674008893e-01,3.656659463481665706e-01,4.990922089328738154e-01,5.014914890952697490e-01,5.797741381669363481e-01,5.680194337547196382e-01,4.723945628967838317e-01,5.438459199430629720e-01,4.367638573659067824e-01,3.209725944542752840e-01,2.460083027917494836e-01,3.155678037062210062e-01,3.119375300012814933e-01,3.670831156317065358e-01,2.316096619555386704e-01,2.260600168591887782e-01,3.753737758543525538e-01,2.173927341693897008e-01,3.630972305693542235e-01,1.745592307719604219e-01,1.793600253772350828e-01,1.913577971861212812e-01,2.375610793855527925e-01,1.369268511536416155e-01,1.220933670830897377e-01,8.190165767919904694e-02,1.163829455797886908e-01,1.263782693819852365e-01,1.529455092379421177e-01,-3.635658410093640658e-01,-5.950136126928787933e-02,-2.497333978181635883e-01,-1.902412103512255703e-01,-2.410889999172437514e-01,-1.801786664830118956e-01,-3.155387146227294770e-01,-1.427019461122055743e-01,-3.260947536831017568e-01,-3.020006292109190249e-01,-3.220740078203093715e-01,-3.307779365643391811e-01,-2.033065795320107005e-01,-1.700018908238164483e-01,3.349428796448504497e-02,9.818871217054662981e-02,-1.160912623948330141e-01,8.903160294244918949e-02,7.368197233661499812e-03,-7.614823679504297005e-02,-2.677334425231221449e-01,1.109349445223136998e-01,6.913134981563663628e-02,-6.512507561377868515e-02,1.480783682260631250e-02,5.568957698601614825e-02,-3.476321020810908130e-02,5.500419396165794755e-02,1.066044947386359659e-01,-4.525997835764708661e-03,-1.533432315933089263e-01,2.216415788851394588e-03,-9.486148030410307408e-02,3.702096670777176024e-02,2.073332396843158565e-01,1.685320697559028469e-03,-3.205696968065076258e-02,-4.939124868003127306e-02,1.420573884918047980e-01,1.249078414682975730e-01,2.058596412686314325e-01
1.007838578743426999e-01,3.825718188077583126e-01,1.720566439224436861e-01,3.090828025781942046e-01,4.924323722239326573e-01,5.118914516545804982e-01,5.431537357043013658e-01,4.964041994070681474e-01,3.650917210576331562e-01,4.374264127155136350e-01,4.610208204097552831e-01,3.953025001976067099e-01,5.390024683484121448e-01,5.353413114001039919e-01,3.231846242875232034e-01,4.611074346919751821e-01,4.897397208908010335e-01,4.134968151249566737e-01,3.491899609142544714e-01,4.706439846973607399e-01,5.490539318328474527e-01,1.127769990257883048e-01,2.818499967292678599e-01,2.266666493268070792e-01,3.291516216127857719e-01,2.249342295476261244e-01,2.340832566068729581e-01,2.742282690826300939e-01,4.577691641688845237e-01,3.759524206121445666e-01,2.845909008667569795e-01,3.043525241545250171e-01,3.655488707255767911e-01,1.696683133450400116e-01,6.919199710993291378e-04,3.999025641422950667e-02,1.020479506573495621e-01,-9.219733222598018932e-03,1.296340750562623989e-01,5.347742141417513584e-02,-4.446656026783730176e-01,-3.009932443550939474e-01,-1.298951700936379350e-01,-1.986039271769803050e-01,-1.251377104188994560e-01,-2.377741817774551847e-01,-3.878321155939849080e-02,-1.688583229158369947e-01,-2.742748279055302052e-01,-3.191117648088396819e-01,-3.346363691568621790e-01,-2.306414439227832958e-01,-2.182568203960983666e-01,-1.953676339274063867e-01,-5.272431642026763343e-02,-1.182577395066857773e-01,1.096233911466765465e-01,8.242512162928607167e-02,-9.916943833786404094e-02,1.115045951456894030e-01,-9.813102982929262919e-02,-1.664258485323497072e-01,-2.376623051940607214e-03,2.090235751996668556e-01,-5.599064809088662859e-02,4.072288469830400576e-02,-1.028553008674697733e-01,-2.750998905372712411e-01,6.446058974772329864e-02,5.770549868058962029e-02,-6.083731329203743987e-02,1.558525916912763655e-03,2.717967770489490009e-01,1.336584850572547500e-02,-8.110094413131913038e-02,3.365843204048881571e-02,8.214414682705625803e-02,-1.575028131119385333e-01,-4.533190071566690904e-02,2.180580507436197940e-02
5.079680903840297357e-02,3.742742272726539143e-01,4.070168729770256566e-01,4.019461025464218795e-01,4.260101915069586798e-01,5.614225042614563455e-01,4.262768101917457364e-01,5.589781910587932057e-01,5.067667417502719207e-01,6.101358918186271518e-01,5.506543674180903736e-01,4.804913296103878739e-01,5.159627574624673363e-01,4.626952210164069212e-01,4.650435668199696115e-01,5.523299591971517764e-01,4.175899841668613832e-01,4.529465411210834569e-01,4.629996793186939019e-01,4.721844707844347622e-01,6.008314321685342962e-01,3.519806425745049538e-01,4.042648541766074577e-01,3.710579551206147908e-01,1.943170304048927599e-01,4.838950924799359510e-01,2.613372678455420095e-01,4.667220081480679128e-01,3.767817897184883580e-01,4.399087885804205400e-01,2.385502558254203043e-01,2.522204924062553255e-01,3.720119181242131368e-01,2.685849451370993513e-01,1.530387131348284468e-01,2.653887376162690770e-01,-1.104145534006388540e-01,-7.423488390425147729e-03,-1.907242698893869479e-02,-7.431348966798845268e-02,-2.671098702055676455e-01,-1.211387914609502597e-01,-1.805633510423434451e-01,-9.010799243485471954e-02,-2.322152177896094349e-01,-2.780209981944874453e-01,-1.757823880199782876e-02,-1.002682263040592797e-01,-1.650388773017959776e-01,-2.609651657684581294e-01,-5.555066266040092904e-01,-4.626735949280913474e-01,-2.713693150439761559e-01,-2.794492440836467972e-01,-1.174843692470927681e-01,-1.153027704766161204e-01,-9.662807058184695597e-02,-1.323847221954848608e-01,-1.430015838069134959e-01,1.613531523511241850e-01,-7.417098737780224160e-02,-1.022969605690277617e-01,-1.718045353705910661e-01,-1.395228063543029091e-02,-1.735087693938019288e-02,-1.003204113823605859e-01,1.690512474223199724e-01,-8.162030197551445321e-02,1.549382412270455117e-02,5.155949207760355396e-02,-9.802206967398352511e-02,-7.553212658292116077e-02,3.973475907120958134e-02,-5.127341336166850450e-02,-4.786692721312589549e-02,2.847676235568196157e-01,8.481374425175100540e-02,1.503088732389914507e-02,1.668197613549174743e-02,1.843555696744942629e-01
-1.236549233418235971e-01,3.448533533991386419e-03,-3.400197437703215454e-03,1.648848531699856068e-01,2.283689922176293241e-01,3.010166025846059967e-01,4.866698212435862647e-01,3.752042196737562785e-01,4.352565187455125217e-01,4.585618066540090854e-01,4.263959785523935286e-01,5.305994505228213143e-01,4.721655260935382903e-01,5.194300752423852696e-01,4.769259509186971613e-01,4.974565752736647695e-01,5.164634117280636483e-01,5.412986352214693708e-01,4.673353593197159261e-01,4.065943357095424537e-01,4.141398188832251526e-01,3.731011730748932109e-01,4.343043839548845209e-01,5.106575492734656274e-01,2.957044969915364474e-01,5.060061407052177662e-01,3.788703573760055510e-01,4.219188437965969429e-01,4.641519241543897167e-01,3.468254783413413089e-01,3.626775285536795179e-01,2.383352518273903209e-01,3.181176279354301362e-01,3.738660134977716543e-01,1.175997326854944375e-01,1.315456947533679977e-01,-1.093129675263523060e-01,-1.614762645687811415e-01,-3.758584044513885725e-01,1.341889483018687268e-01,-3.413978644586236344e-01,-2.073173482569399262e-01,-2.081163491954844125e-01,-3.739096661043396774e-01,1.249134477763099021e-01,-3.869072168295071279e-01,-1.671052277309722223e-01,-1.783537600456066852e-01,-2.991982672690655654e-01,-4.799784128104717107e-01,-3.889694257606445271e-01,-3.963656300961805878e-01,-2.116455222586213492e-01,-1.106941325735197879e-01,-1.802749560883241953e-01,-3.890301816703010951e-02,-1.713814650259344041e-01,-1.921182630631318167e-01,-1.601713906813531998e-02,-1.271978839639537756e-02,-1.647582938267080910e-01,-4.310318842865582672e-02,-1.080278579945341544e-01,-1.382926033822867995e-01,4.248444439026798775e-02,-1.418741678891874240e-02,1.322015139732310718e-01,1.247374968458601907e-01,-1.953214369352521407e-01,1.458406081143351352e-01,-9.147863695792134847e-03,3.525951093082822785e-02,1.962340897392443329e-01,-1.106289898830746382e-01,-9.176279039017033734e-02,1.733393624299152669e-01,4.990734608356604124e-02,-1.026769989236764880e-01,3.604615753938411604e-02,9.063503139917492013e-02
1.748413269045779317e-01,-4.915074953749595105e-02,2.842802136009860425e-01,1.455837360651751067e-01,2.875174469206400740e-01,3.270356067450423398e-01,3.830266022270439885e-01,4.469143782160426848e-01,4.629903493654541347e-01,5.100627400160505642e-01,3.666111560307900863e-01,3.732465247498177319e-01,5.313827962716055620e-01,5.670678304251084434e-01,4.159404431762988574e-01,4.127365721463289727e-01,4.291197570543957007e-01,4.583869433858743236e-01,4.964651916866855696e-01,3.571318605022987813e-01,5.520554977453182577e-01,4.357575401371161505e-01,3.588731708886361838e-01,3.231683160639105545e-01,3.383801657041723976e-01,1.770211126260665679e-01,3.712116721685054244e-01,3.920118375447583792e-01,5.300971816366045752e-01,4.064232694541404789e-01,4.975567548507330295e-01,5.500984299143022449e-01,4.666255573748925856e-01,2.555936209365318734e-01,1.430237963661992739e-01,5.497122936218944850e-02,1.071024487390084962e-01,-8.647053030121071293e-02,8.596715410642555288e-02,-2.675273660721344537e-01,-1.436173230010956425e-01,-2.285503749249446770e-01,-3.105581024650405642e-01,-1.792735226163750251e-01,-4.699368416401580200e-04,-4.202132610927330342e-03,1.163928519113491128e-01,-2.423564238385419178e-01,-2.377819883666568990e-01,-2.190773438225259995e-01,-4.000630824852275946e-01,-7.630982097328663227e-02,-2.158537535427118292e-01,-1.431768883479734300e-01,-2.902184246704977988e-01,-1.548628203203012699e-01,-1.890711566319121517e-01,-6.443666062468554612e-02,-1.847122523189766163e-01,-1.333759030643615617e-01,-1.254048775476163391e-01,-3.503700418631863767e-02,-1.016214292302825284e-01,7.904614030454566731e-02,1.021065547595203515e-01,6.551237254869847482e-02,-4.136968956130757102e-02,7.912453914399479593e-02,-2.167359956764897955e-01,-1.024889044514556286e-01,-1.645538063904462556e-01,1.875990268555376150e-01,3.875492159731448727e-02,1.722368766390316719e-01,4.968663040665130537e-02,1.840540764364683723e-01,2.046946979116181509e-01,-3.852080969693547768e-02,-5.136501912177705853e-02,1.695047086093997568e-01
5.133925998948343089e-02,-9.479295278137955805e-02,4.188400689327532178e-01,2.329443628916830766e-01,4.568512317921997190e-01,4.694403348801909348e-01,4.079096748274944617e-01,4.348594926833989627e-01,4.317470662888539534e-01,3.808383075272961382e-01,4.750511158375387288e-01,4.801866021695362918e-01,4.308607330000689961e-01,3.620536503880891765e-01,4.926941234691382676e-01,4.558532192494209601e-01,5.226404815604401843e-01,4.382709696822442713e-01,4.264863783470043690e-01,5.153684505059377141e-01,4.040336853042330589e-01,3.002668558670021914e-01,1.631711770301110809e-01,3.826340563091311653e-01,4.761017648361284826e-01,2.273688970666579989e-01,-2.357822753490851353e-02,3.972888663024407019e-01,5.181674899706458781e-01,4.095621505495201098e-01,4.088054871547788793e-01,3.156353428057236954e-01,4.496799533156787265e-01,1.774392885181134139e-01,1.857776758823431462e-01,-7.419230422026856786e-02,-3.885905587183348386e-02,6.554009372971787706e-02,-1.353663208627077508e-01,-4.431809933323309358e-02,9.370182530372576923e-03,-4.148602389921963174e-01,-1.697624393109049001e-01,-1.080992832435838380e-01,1.980855403952818117e-01,-3.683791804912210643e-02,-1.507347244346045334e-01,-7.943337756505848557e-02,-2.610631637434094321e-01,-2.349285830451200152e-01,-3.990872112293039065e-01,-2.326892979882108081e-01,-2.938119508399870683e-01,-1.757260114949024954e-01,-1.613119839786741339e-01,-9.616183424470824137e-02,-3.948530984239028707e-01,-1.203438962412955865e-01,-5.346709239161605287e-02,-2.095793650570649536e-01,-2.618915060661782326e-03,-2.135596893142410191e-01,-2.667294210771711249e-01,1.214768303802082339e-01,-1.062747701008282947e-01,2.454915480215073137e-02,1.042733075571297408e-01,2.569995951125807893e-02,1.496269712414902142e-01,7.763217685821895142e-02,-2.496406356881105543e-02,1.488730889394438150e-01,-6.072675454013988505e-02,-1.129307612796768973e-01,-2.201019535244382389e-02,7.374009562851038292e-03,1.854659683089041888e-01,-1.093839787332062108e-01,1.507117267803379235e-01,8.720156730465308814e-02
1.652300380293998394e-01,1.498567563729118202e-01,9.435909761898478298e-02,1.881210300903047306e-01,1.147586208235611693e-01,2.422599197061353071e-01,2.263386671200441347e-01,3.504219649064521103e-01,3.395660514767865346e-01,3.420352816526500139e-01,3.062472622296875668e-01,4.011605889030091521e-01,4.800643980587604442e-01,3.358517388205548015e-01,4.413873459852585834e-01,3.115246388418093648e-01,4.634442610572754306e-01,3.648743360259601998e-01,5.680962321089320088e-01,5.211121506676837933e-01,3.886905009172234582e-01,2.228131354324565938e-01,7.186948178382578101e-02,2.971560850073636795e-01,4.388988360950189516e-01,5.210916508804156466e-01,4.339979616434542775e-01,4.488338069329461666e-01,5.092900871221432979e-01,5.011366585789112094e-01,4.040456813346797182e-01,2.886839713464658397e-01,3.032349303133512475e-01,2.167421423113016776e-01,2.744680955882062845e-01,1.695773444243016403e-01,1.363318524584004703e-02,-3.917812021706073428e-02,-1.301546153839151787e-01,1.094485583801942802e-01,2.041855232117016639e-01,3.544013820951597005e-02,1.641116048811239736e-01,6.845201277564545717e-02,9.952441086117522207e-02,-3.586261971615673644e-02,5.199929149589018612e-02,-1.000292574707389026e-01,-2.363670771458801778e-01,-1.800412105763279647e-01,-3.063079079719449038e-01,-3.260153057117970432e-01,-2.984044372511009957e-01,-2.613894280131560111e-01,-1.488426722416815173e-01,-7.707947873756912371e-02,-4.329768195994066621e-02,-5.105416604650296619e-02,-2.239798638208810311e-01,-1.425904763337635106e-01,-1.599455931501199413e-01,-1.563465750738805560e-01,-2.206537669172440458e-02,-3.668334290513471790e-02,2.992230109762827189e-02,-2.587029702108786453e-02,7.369609703975210646e-03,-1.641409929257156286e-01,-1.134355377568207167e-02,3.445157873360389644e-02,-1.192095064706533009e-01,-6.670237122447780775e-02,-3.092236728920094366e-02,-1.873247814603928030e-01,1.977531711044128518e-02,-7.803642418813655501e-02,-8.212981593059982821e-02,5.530573296383687470e-02,6.835228557802963678e-02,8.803972364259178562e-02
8.472500253262192638e-02,1.393769558791189966e-01,1.981321582199444542e-01,1.124709770522472480e-01,-7.024746287449411264e-02,7.443079715970429833e-02,2.163547878838721072e-01,1.235080357888022340e-01,1.516017621358206613e-01,2.101205070592599145e-01,2.985277792755287041e-01,3.069445253759531256e-01,4.119352141494024844e-01,3.468154575655386096e-01,5.267921310362559950e-01,4.536202324214416715e-01,5.413210055560059297e-01,4.788729147028100708e-01,3.962501945027820938e-01,2.822073796095170284e-01,3.406141056260864053e-01,3.699381450024809004e-01,3.718409280416064555e-01,3.755711817320796508e-01,4.808783832800705427e-01,4.777699579988182732e-01,4.803717228093044023e-01,4.672179429080526858e-01,5.088013735264274029e-01,4.484994431223842115e-01,4.686543814189762791e-02,1.553530127985293385e-01,3.517948460234122110e-01,3.505251797113518308e-01,1.996695708834000937e-01,4.660320437038537045e-02,2.157073656747141022e-01,-3.010645435950772345e-02,-6.594292549449949636e-02,-1.677436461516353594e-03,8.013770642683949730e-02,-3.971533034658284724e-05,2.851058784202645593e-02,3.699893217384772615e-02,8.575411168382381100e-02,2.269838176857713608e-01,-1.137682364991605827e-01,-5.365071753261544535e-02,-4.444741196710013525e-02,-1.067148975814610629e-01,-2.310288428696108953e-01,-1.743384152217380134e-01,-1.494060938006886927e-02,-1.521328740279845326e-01,-2.383020251438922876e-01,6.810788474975689767e-03,-1.156042475306450629e-01,2.956534790643813512e-02,-2.128122130730057127e-01,-8.034397775034318734e-02,-2.748085298249715591e-01,-3.169569783344560188e-01,-9.896163847796157417e-03,-1.956743670565724291e-01,-4.070237088841616863e-02,-7.650448914544044632e-02,3.445233753590151021e-02,1.074129732644845958e-01,1.296304810984953704e-01,1.790999441869151887e-01,-1.412413509981159665e-01,1.393521243323579961e-01,1.222017472115304870e-01,-9.999610896133788451e-02,-1.666305052972741896e-01,4.293704217831698783e-02,-3.561228145993242111e-02,-6.784065175049201757e-02,-1.752355251104308898e-01,-3.051112248634619273e-01
4.087439975053611119e-02,2.105692606026836333e-01,-5.426798061495945874e-02,-2.098911470408659687e-03,3.008360173564480003e-02,2.892909553213934837e-02,5.215064906819273649e-02,2.029627937134750038e-01,3.240468841999925020e-01,3.244853417032272924e-01,3.726873484516480262e-01,4.318533165581212030e-01,3.641750445385396606e-01,4.218568182405872391e-01,4.323596190695778163e-01,4.453072239318158765e-01,2.145856996457159993e-01,1.848172000886871280e-01,3.049117551625282752e-01,3.772653708776224635e-01,4.224986559700348310e-01,4.860918410139553059e-01,4.777514128811962135e-01,5.628968102124323192e-01,3.620814559685967549e-01,3.569002252704949196e-01,4.094459150001628078e-01,4.142167898133045090e-01,4.477398998908314054e-01,3.261144659358027886e-01,3.132762785416079443e-01,2.314086977840413839e-01,4.181571165628160669e-01,1.480253910992702371e-01,6.432201629698265644e-02,3.705962303669020352e-01,1.047030934487227921e-01,2.160210497288597153e-01,-4.309261031733253866e-02,-9.628675743127039499e-02,2.325968919435042193e-01,9.148772936166998937e-02,8.852910986529485826e-02,6.077500565574364688e-02,1.562684494904589272e-01,1.394199454294443863e-01,5.863307799129251208e-02,-7.007154556694250580e-02,-3.498613487305392289e-02,-4.492290819894142334e-02,-1.216311829285087881e-01,-9.399759746902953961e-02,-2.297492224048750531e-01,-1.749058050518415564e-01,-3.093620786851573046e-01,-3.545944908991357503e-01,-1.839198646915754798e-01,-1.820492361329444433e-02,1.020438127227478453e-01,-1.157781639583384259e-01,-6.328176279951430727e-02,-9.092671193565214638e-02,6.065512245669708868e-02,-1.747630068748578028e-02,-1.767619137421259368e-01,6.105603060380023622e-02,-1.108638391483762614e-01,-7.904117139683101978e-02,-4.999510757547765555e-02,-9.692050538134783233e-02,3.071837703624587636e-04,-3.146436103307357346e-01,-8.951347912587796773e-02,-9.497762313285260105e-02,-3.246303163174030920e-02,1.591887502464203186e-01,-6.485184129373174067e-02,-1.895644292462478689e-02,1.096560295251223539e-02,-1.303099480074424166e-01
-3.018691009775755288e-03,-1.936355131906334071e-01,6.764636949170533056e-03,8.025114330723703837e-02,8.015289504480886673e-02,7.514378916909750239e-02,2.006001037322749925e-01,2.612505730102719359e-01,3.265362479343011937e-01,2.961011153953886921e-01,3.227026331993933517e-01,3.476550055797016370e-01,3.684373067111031963e-01,1.837470777233988217e-01,2.385008380780314075e-01,2.427477164695495404e-01,1.078057104030908792e-01,2.642319323930306108e-01,3.852590001862457592e-01,3.903585891191517776e-01,3.686539667834869416e-01,4.711844200488629619e-01,4.751037756309466342e-01,4.906244198756348762e-01,3.949353869592125976e-01,3.775611640955218729e-01,4.591493219263627079e-01,2.152268007619886625e-01,2.659528815744408026e-01,3.838914557229371471e-01,4.635293956855407460e-01,4.214542546584070237e-01,4.799582033475118803e-01,4.378565178821135495e-01,2.635031441271321051e-01,3.930948818621152197e-01,1.498203983478175738e-01,1.711382941813948677e-01,3.151256779536732444e-01,4.747425740032539671e-02,1.533584351316002736e-01,1.871214688464610809e-01,2.029322978193737470e-01,5.582939418138609111e-02,2.473563386466894609e-01,1.131424718648676858e-01,-3.865759801007196544e-02,2.611706995249232777e-01,-7.891415792256974149e-03,-6.386767866654462222e-02,-1.849461908657362430e-01,-1.317546613199503114e-01,-1.928942591240324078e-01,-1.543147716444535356e-01,-3.811133025075202213e-02,-1.983702776846087701e-01,-1.859682253156677845e-01,-1.103286440528248313e-01,2.134670051669152954e-02,-1.748558567004873110e-01,-9.894001431378400546e-02,-8.223597063612368696e-02,1.651757013444341352e-02,-1.753956719502340611e-01,-9.524374848132967364e-02,2.077386902406559016e-02,1.815364944225691599e-02,3.264797273733323346e-02,-1.488935737254901311e-02,1.825069734152244116e-03,-6.696589466544373981e-02,-3.079755998188271268e-02,9.975805296811926515e-02,-7.293934719875570794e-02,-2.298571573355305889e-02,6.010749342677065843e-02,-6.121221818961637695e-02,-8.086362387689557257e-03,-1.700317518802339223e-01,-2.657107554106167419e-02
9.217021047673497336e-02,5.966846416623119292e-02,-1.131910231777470965e-01,-1.526728422405957408e-01,1.232631102106237636e-01,1.845048224065626852e-01,8.320081806971932337e-02,-1.812161769374686648e-01,8.732294603441982661e-02,-2.273702529660916183e-02,1.238432716420306418e-01,8.298952107255841426e-02,3.254688035128933676e-01,1.220597064826255129e-01,1.558175903053186651e-01,1.774091135674083219e-01,3.735369994486810175e-01,3.853073349905693501e-01,4.911573808148267384e-01,4.790245211931741798e-01,4.545520755323446682e-01,4.066747035030330859e-01,3.007020665748677546e-01,3.712459461336139466e-01,2.657549406310201756e-01,2.365343806351044020e-01,2.157495230094260141e-01,2.764744314856635299e-01,3.370350875528555501e-01,4.277793188533537405e-01,3.732495965866119425e-01,3.377765260072250753e-01,2.758191666641064965e-01,3.359214409733809470e-01,3.713900720162390257e-01,2.918769657269822404e-01,2.878103035873118554e-01,2.844813042503124834e-01,1.883537933447007040e-01,2.320740096271771136e-01,3.276887278338543874e-01,2.811485909362652635e-01,1.567106363102808986e-01,2.005022774464403079e-01,1.855452711070687266e-01,7.349316544839516741e-02,3.180481355869416715e-01,1.484059034403600597e-01,1.301923897673264441e-01,7.427192602715508574e-02,-1.726163135437549026e-02,-2.762787583377070977e-01,-1.453967214413017794e-01,-1.500525320234885884e-01,-6.885023544803620110e-02,3.879111859972857873e-02,-1.794525313503615993e-01,7.023456995381836820e-02,-2.392466995591412404e-01,7.437336709926505030e-02,-2.115540490172277896e-02,1.250338727858303634e-01,-1.825936697105693673e-01,-1.041094697785461681e-01,-2.441831781342842372e-02,-2.096885086949496213e-01,1.503405443749724346e-01,-1.712308409686054689e-01,4.657329265303652294e-03,2.112954732182284190e-01,-4.842606782964634787e-02,-1.238802732184323685e-01,-2.641979083892878263e-02,6.208149450336228857e-03,-2.782960624158061988e-02,-9.200884411074332359e-02,-1.961961588774897569e-01,1.075999906529556266e-01,9.535658366582060522e-03,8.265065474935351375e-02
4.153129916244645975e-02,-2.137593930784867924e-01,8.230401643074096441e-02,1.639472172169508801e-01,2.251362916141955509e-02,2.226649073273492818e-01,1.322744146460924919e-01,1.648935961499723435e-01,-3.498647602702075615e-02,1.193111149344023986e-01,8.215850306287159066e-02,7.237397621801953951e-02,3.467074264639337655e-01,1.883156502065768678e-01,2.174859120485278241e-01,4.158419719771513368e-01,3.779971180586375601e-01,3.693261080580658717e-01,3.472095446033883204e-01,1.976209448913754385e-01,1.762742836870142826e-01,2.630880305428582311e-01,3.818833359163251173e-01,2.193880519150396557e-01,2.888165776282938454e-02,4.436920082125376252e-01,3.392845989491040659e-01,3.636413796213388006e-01,4.055442593818734953e-01,4.765257106068311876e-01,2.259710177571210288e-01,4.662876946299693848e-01,3.539657174828869102e-01,3.218135373541752831e-01,2.269415016012117092e-01,3.831206907976903997e-01,4.245322614934782246e-01,4.003423281678477608e-01,3.519091734355795920e-01,3.474977762485950139e-01,2.179385264769569952e-01,1.918043201553453481e-01,2.852739334355650636e-01,3.416721508142276376e-01,2.298542087288478197e-01,1.391533328169867467e-01,1.381116121873610936e-01,2.119393749041007802e-01,7.166382706571799988e-02,-4.958463718360641564e-02,2.116552975357512134e-02,-2.075891687654853393e-02,7.149543955251726202e-02,1.575628268393142462e-01,-3.901793976953504134e-02,8.399370057211016927e-02,1.187987313289619491e-02,-1.368514258925027649e-01,1.467509891680361112e-01,-3.517378352350507276e-02,-9.737199204272907471e-02,9.237504524303495612e-02,-3.334810193819871815e-02,-1.478923198264291139e-01,-3.032798812862839699e-01,-6.275446911552077373e-03,1.187792944334441075e-01,1.437544947495291445e-03,-7.838849966061017804e-02,-1.109484761367314221e-01,-9.056373289268573878e-02,1.461554262334213428e-01,1.229652862684701142e-01,-3.125949853260205635e-02,-7.816467424961137667e-02,-3.196604591442631874e-03,7.224650060514013761e-02,-3.628229731189181601e-02,-8.598952372667208188e-02,-2.840471786086427169e-02
1.115798641766173743e-01,1.103407768929740365e-02,9.902870039068609187e-02,-5.227362553388037458e-02,2.589297802838708487e-02,1.520753490231713800e-01,1.061700383974434475e-01,5.047128010215543590e-04,-1.042291231054457146e-01,1.156823349457442585e-01,7.961776082271644628e-02,1.154403138525392780e-01,3.240725454160258701e-01,3.432766223432890396e-01,2.059810262303773953e-01,3.421129901990763722e-01,2.506248181524243779e-01,2.393942288344775848e-01,1.271992832074259061e-01,2.084648555862748387e-01,1.219861242902645221e-01,1.103321911391610122e-01,-7.965268403372008366e-02,2.412098587188616639e-01,3.614883172686529922e-01,2.114819262121021559e-01,3.314391981705577805e-01,3.570266773151443140e-01,4.805171065329920665e-01,3.812000910936922948e-01,2.820787635442162378e-01,5.179049648059551314e-02,2.239659316588437921e-01,2.860831668383604365e-01,4.709631270230429378e-01,2.764099669777086987e-01,2.216781709924041666e-01,3.192358680210326538e-01,3.092588675395842035e-01,3.840210021565617637e-01,3.333870946565463678e-01,4.167242126923840773e-01,3.587263310487914247e-01,2.559536118754817124e-01,3.580682040463558646e-01,2.391199532597323985e-01,1.741866158598774361e-01,2.023180377783271311e-01,1.622116287054481132e-01,5.119521079118142734e-03,1.992884434806163063e-01,-8.424508298337292367e-02,-9.867332873701435345e-03,-1.549976473202307678e-02,4.567433033736243569e-02,3.108729864820573494e-02,-2.335797414010595818e-01,-1.750312022351010327e-02,-7.603891576426295706e-02,-1.244063401850803441e-02,-7.967816226994299533e-02,8.525593138197314069e-02,-1.421374436307537292e-01,2.357943873377830665e-02,8.250454712776449789e-03,2.109999293227892564e-02,9.076773727473706060e-03,-1.643798673376771491e-01,-5.615674787225740511e-03,-2.793544494984605275e-02,-1.013913267824223946e-01,-1.768812014823882284e-01,-1.840499593337239781e-01,1.916342237559526263e-01,6.469127533666181595e-02,-9.369053116913141077e-02,-5.678995364739680696e-02,1.669581699175168576e-01,6.688097536671191480e-03,-5.111274390088967057e-02
-1.124591056063477673e-01,-6.070875898561656388e-03,1.202516596825924794e-02,1.351213407033857172e-01,-1.594406872552531773e-01,-2.464518213660897225e-02,-1.442541389850608424e-01,8.573501571937584831e-02,1.165165128625295227e-01,6.846109234569676405e-02,2.422864725927791618e-01,3.436935000394786832e-01,1.013088644100534202e-01,1.727360297091185548e-01,1.517149285579977025e-01,2.329900621867984911e-01,1.935492699970510211e-01,2.603368778687026319e-01,-1.215088878903122505e-01,1.119710703021705861e-01,5.051955723295164374e-02,2.264883165510962193e-01,3.178687351692121577e-01,2.514686125299540609e-01,5.185951917463227367e-01,2.771155440572329876e-01,1.922579981442005814e-01,3.888623456621766450e-01,2.222324347179906734e-01,2.942556166521461125e-01,3.119838624114641967e-01,-1.041093659165901082e-02,2.660681382809909068e-01,2.628634641780362990e-01,2.600034599621067199e-01,3.580041324871091613e-01,3.475455258722071061e-01,3.515792725923362338e-01,4.344518211861790324e-01,4.223714388870172809e-01,3.564571586624624144e-01,2.667985672590761359e-01,3.625219002121274903e-01,4.106727867183899150e-01,1.806177148327935411e-01,2.508770419096717497e-01,1.877783031003931180e-01,1.198518644893016849e-01,2.757850718248050503e-01,1.593200569909302422e-01,-5.204575173449863977e-04,9.018779959585433714e-02,1.041438790013331783e-01,-3.791285149483997891e-02,8.046530694714079668e-02,-1.135486666566405331e-02,1.280520324386198172e-01,9.374241248307575713e-02,-1.136258906291189447e-01,6.153106503940575234e-03,1.149860968015200234e-02,2.296254668510426013e-03,-6.077461241661083480e-02,7.816200373363790810e-02,3.346430780150830980e-02,1.332666223584970389e-01,6.518364306754040327e-02,-4.067647065209541168e-02,-9.811899969964539558e-02,-1.896480219264914946e-01,-1.210920034360908892e-01,-2.953583961369747324e-01,-2.576438986083642302e-01,-6.175209107207207254e-02,-3.599383976077275699e-02,-6.958552269510563659e-02,4.511021394691188541e-02,4.392408136457578993e-02,8.989800679367256075e-02,-1.138118408956147465e-01
1.474686778254019615e-01,5.281882577766201792e-02,-3.085559498601042963e-02,5.782943283723674527e-02,3.792424960129444234e-03,1.656337339245436968e-01,8.295821971659382565e-02,1.223212316720368245e-02,4.022505233469459568e-02,2.256992454951274318e-01,1.365564358061606143e-01,1.482136931858074880e-01,8.342998675866469815e-02,2.132476094281007262e-01,-1.007653447097657667e-01,1.976202670062271738e-01,7.711277917020861045e-03,9.817987561467594881e-02,-6.173984953558949579e-02,-5.008749574911181696e-02,2.160499904819551120e-01,2.099781107281760151e-01,1.427193195940502368e-01,4.210889043860847059e-01,3.234042239144663267e-01,3.462883476371873548e-01,3.684250947159354861e-01,3.367099737953227478e-01,3.697216101929004517e-01,2.889222143979396917e-01,3.764678566976494833e-01,2.114564364674602348e-01,2.779351568937633576e-01,2.785346596182649015e-01,3.562894144480782677e-01,4.002979114003294980e-01,4.303872920027152493e-01,3.753409568998207768e-01,5.620617924983700719e-01,4.764269555811965762e-01,4.395563891485257391e-01,2.193279169550311214e-01,4.727557672299774749e-01,4.122364352131203669e-01,1.055442521111649296e-01,2.471095965996491783e-01,8.756703165276621958e-02,3.188795414882100027e-02,2.042070162618754570e-01,1.375924263454701528e-02,-1.018671475907188123e-01,9.479444283831936491e-02,2.578856212035207304e-02,-5.422166188206218457e-02,1.175809262483859877e-02,2.068957353926871578e-02,2.151959356980688298e-01,-4.324734723212600440e-02,1.131046208002722403e-01,-2.835726365316726307e-03,-5.377225785566930316e-02,2.459023847122778494e-01,8.630615983339764985e-02,-1.105279133372618627e-01,1.140991879384354313e-01,1.297576686578112877e-02,1.106341381869175300e-01,-7.729663801462679541e-03,3.308998056400884024e-03,1.046051257500480169e-01,-9.591606715330053268e-02,-1.494096659072904065e-01,-3.221694450586540248e-02,-2.298532934725980303e-01,-1.447031871959892080e-01,-1.615019713796371492e-01,-3.815987684933173224e-02,-1.129658909816026180e-01,-4.290258731982890539e-02,1.368674387018418426e-01
1.341521236768506431e-01,-1.401872051404471631e-01,6.679558383941790189e-02,1.710676594710100196e-01,1.015212600853804964e-01,2.248059361677227086e-01,7.818680589958831861e-02,-8.572290395144359365e-02,1.390372527608358388e-01,-1.633436261934771358e-02,1.068668260524409733e-02,6.298545295080011652e-02,1.353910615715687160e-01,2.987128874487918195e-01,-8.491823092114889060e-02,2.497592705957207282e-01,1.574328907660494103e-01,4.174139869926427049e-02,3.805093400677195259e-01,2.440482387079562568e-02,4.035591828358935373e-01,2.095926266953853090e-01,3.322769850055609653e-01,2.924574548182287681e-01,2.699269176120035474e-01,3.077949123871437931e-01,3.694086708283889631e-01,3.024578506945212464e-01,8.014972544242941754e-02,1.008135215130020329e-01,3.705462290933100311e-01,4.583384499987578353e-01,4.263347294516915409e-01,2.918870367363952112e-01,3.121929765725549588e-01,4.765271830638093120e-01,4.765366484273759751e-01,5.358962991000347786e-01,3.490970707050734534e-01,4.266824196460109464e-01,3.650326810172838110e-01,3.662826007627184577e-01,5.284240987358327368e-01,4.147291196715950923e-01,3.455223280101725192e-01,3.359893637541083722e-01,2.207386732097017246e-01,1.523605302687503771e-01,2.499810624804622017e-01,7.746841059283035569e-02,1.105618331910010882e-01,1.607167850237324336e-01,4.254546002113263753e-02,1.529110228483783196e-01,4.320679432499079098e-02,1.784848472314666534e-02,-4.541208157020320407e-02,-2.734086246336539169e-02,-2.432803475424688555e-02,3.515865931471961331e-02,-8.692437014602490131e-02,-5.233747211175111824e-02,8.545104860926674983e-02,-3.160353206785640467e-02,2.767952768712871880e-01,3.140611676147251480e-02,5.157926738256523452e-02,-1.308329912884593216e-01,1.576648373160349503e-01,-7.667741141409371852e-02,2.400121507749273381e-02,-2.007463665403050324e-01,1.764725634280377500e-02,-1.920754432520951349e-01,-2.975501183547031858e-01,-2.648483998668050843e-01,-9.290367105315995577e-02,-5.993895619193421315e-03,1.067918997733097730e-01,-1.116800122527135675e-01
-5.164772260515719006e-03,1.087108411761169291e-01,3.799315133217928686e-02,1.909212442459286563e-01,-8.226382918962886481e-02,1.237583088658629621e-01,1.965945712578888172e-01,6.518830568476472256e-03,2.042376129064746582e-01,1.014766124164598188e-01,1.344070972602702529e-01,3.690740814543858050e-02,1.421003494168095460e-01,6.283860019168549527e-02,4.628201010919945346e-02,4.577851193709550626e-02,7.084841061387475714e-02,1.326421148998571942e-01,5.309072564474237588e-02,2.423728923076823305e-01,2.857757286187873613e-01,3.510388149954570269e-01,2.606248809525550381e-01,4.090602071688038133e-01,1.349300368375151160e-01,1.574264616080229551e-01,3.540376075446503568e-01,1.267815197641228298e-01,3.781134597175596079e-01,3.741716167065089471e-01,4.884855801515245455e-01,1.938392803549771615e-01,2.788218736496906325e-01,3.033119036477714969e-01,4.404471132768612573e-01,3.945615101857283813e-01,4.067504989174421381e-01,3.473952826926164361e-01,3.858865214647423381e-01,4.421669455014781147e-01,3.561881919649135253e-01,3.380709919483191883e-01,2.890986034579186015e-01,1.675538415955664384e-01,2.834951761108523982e-01,2.690372745562456536e-01,1.722691912266851033e-01,3.288401997930852638e-01,6.822783634309355361e-02,2.064516581271953755e-01,1.757005903673672653e-01,-5.257353917978389163e-02,1.306901313406431675e-01,1.603272080600490479e-01,1.119574214204784035e-01,-2.208571552851726003e-02,2.311522541492686336e-02,6.386217213579718777e-02,6.414353530811486848e-02,-1.861538129609777437e-01,1.895032032178215614e-02,6.429330414580461395e-02,8.454154674495914512e-02,1.950335312542823551e-01,1.009874944449588308e-01,6.489686606154772275e-02,-1.615662171634378308e-01,-4.969148548418347855e-02,3.457844236161741747e-02,-1.324603351721100886e-01,-5.202465671251553514e-02,-1.344901280134117305e-01,-1.799109282973088697e-01,-4.671351817312239391e-02,-2.473597603618813978e-01,-2.564735925916758474e-01,-1.244311083643540455e-01,-1.629356704968907554e-01,-1.062239483051765077e-01,-8.465927344369995888e-02
-1.461291638211876243e-01,1.588943775187895424e-01,1.447299756740811627e-01,1.512848116098163831e-01,-2.280060723269511716e-02,1.465326705913072014e-01,1.075587239831654052e-01,1.168064912230783597e-01,1.225301122076243587e-01,5.184366001718442724e-02,2.265069243029410873e-01,1.546975294828793236e-03,7.866142612041421289e-02,1.037743238569803772e-01,2.520676933124493813e-01,1.065722632754972643e-01,1.418591615795938843e-01,2.924217064704962565e-01,3.395078816435272429e-01,1.757807165579643172e-01,1.732372188415708392e-01,3.740135426463695456e-01,3.672257344974793059e-01,2.583529821785039426e-01,1.668527820840968456e-01,4.830309571462632762e-02,2.994137766123748934e-01,3.306586755571307434e-01,2.576131880181906086e-01,5.042077898230524768e-01,3.001243409400151663e-01,1.776505470735514902e-01,3.681649095806504568e-01,3.002671031792940592e-01,3.135285304254001870e-01,3.170785831356782158e-01,3.387210301077303587e-01,3.488655754757467586e-01,2.413110954048454937e-01,2.426018375631664725e-01,2.819398497332788467e-01,3.950138557276449136e-01,4.515058303220060298e-01,2.759270508867307514e-01,2.588754897780595754e-01,2.478351552418431580e-01,2.280071316654755931e-01,1.795485534349545442e-01,1.715351577830383500e-01,1.636236035082058449e-01,5.649994738160538793e-02,2.149988831560429303e-01,6.112367870952720855e-02,1.949424309378520737e-01,1.097422171280246911e-01,9.280377844669988885e-02,5.311980083789262508e-02,1.056776129165623163e-01,1.055932128837594186e-01,4.398512091617880204e-02,1.235066068629051272e-01,1.696400984960766967e-01,4.566876848272101441e-02,-3.495564571196890097e-02,-7.480341347704041501e-03,-1.549337652449981895e-01,-1.033271908118793131e-01,-1.430212941332058979e-02,9.051458706614874672e-02,5.904723377966071551e-02,-1.550413444572530108e-01,-8.960036049468339536e-02,-1.399525853064757797e-01,-2.420503697573172519e-01,-2.935382022217500331e-01,-1.045114595058118379e-01,-1.147385276893792688e-02,-2.049938529528278208e-01,-1.061590909873509070e-01,-2.024936116017420074e-01
3.664293397363219823e-02,-1.356004748408418392e-01,-1.660267045733984648e-01,-5.340530910628778216e-02,-4.922193670163154539e-02,1.344640312661394277e-01,9.235100193514758637e-02,-7.220853605281499221e-02,2.178993642885872495e-01,3.393654812130970644e-01,1.050878625630703583e-01,1.160146952723167119e-02,1.039996863431329188e-01,5.745742086609895161e-02,1.280893246221916637e-01,1.590727929049761957e-01,4.741028732207788754e-02,2.562596038731635995e-01,2.293198105352150795e-01,3.289533313113357504e-01,9.929746702429015359e-02,2.153612079870804163e-01,2.914099239401349850e-01,6.945147530796068336e-02,2.579856995233956521e-02,3.355599178503320124e-01,1.747312931846347894e-01,3.558533239869381415e-01,2.496181529098520369e-01,3.045557648922911920e-01,3.057137435154475003e-01,3.035282239583794728e-01,3.221505521148131934e-01,3.801268380942994241e-01,2.744155502752393394e-01,4.313063496533826036e-01,3.117416769414151911e-01,3.512193757088705182e-01,2.677810681987608521e-01,3.970405172039805919e-01,2.813257491218462691e-01,2.681842800577586283e-01,2.503809255261828515e-01,4.555643099166132859e-01,3.152196627859086275e-01,2.204185709798380521e-01,3.167693866252415114e-01,1.122143974428043978e-01,1.904867447634592814e-01,4.099018150058252735e-02,1.796146596408584872e-01,1.751251243700034377e-01,8.949907359586370403e-02,1.421839911107502796e-01,5.078403994855151598e-04,3.522811214269935126e-02,1.022077317218598146e-02,-1.531808527978568632e-02,1.987635450171437376e-02,1.810824273685840147e-01,2.045999777079440529e-01,4.971438100559185226e-04,-6.499558162703325537e-02,3.198559043161176840e-02,3.420138414023010838e-03,2.052528986143289588e-02,-2.489192517521963688e-01,-1.313833383883498129e-01,-8.517878684248447740e-02,-2.664322798400087233e-02,5.915267530614599922e-02,2.370179341069861279e-02,-1.251084315087928889e-01,-1.036126480544213302e-01,-2.931004970127879528e-01,-1.485982125457078473e-01,-4.677249851837645550e-02,-2.715497275277952219e-03,-7.982271443398816779e-02,-1.923361569070679011e-01
