-6.586713998206701337e-01,-4.448003066668919647e-01,-3.720381644070329674e-01,-3.624572339023025003e-01,-1.135265957718590429e-01,-1.495870565736298341e-01,-1.855059251731661640e-01,-1.654241031842630105e-01,-8.450662286004645418e-02,-1.177049184853481145e-01,-1.870998879905527157e-01,-5.698785133913994994e-01,-7.723657145903365384e-01,-7.509488654080515024e-01,-2.189876688308068364e-01,5.961751701403944503e-01,6.254838656068248959e-01,4.207600850833692063e-01,5.026148821834908187e-01,-4.486769824298441067e-01,-5.477523288621222175e-01,-5.745464393968882089e-01,-3.883094695920784045e-01,-1.355685488732357724e-01,-2.666228774102741977e-02,-7.555298925996449533e-02,-9.964595518798041729e-02,1.128403293852510980e-01,-1.628538655329127283e-02,1.944732252151563368e-01,2.215685658683980430e-01,1.265721764636953128e-01,1.135210382353142311e-01,2.873785147731508505e-01,7.275458758063681197e-02,-1.895193079381179979e-02,-7.896374761005203746e-02,2.131115372364947649e-02,1.703387970497649007e-01,6.893208191775553051e-02,1.226708156878919403e-01,3.447958746264834784e-01,3.641636300636589829e-01,2.986876094497293854e-01,-4.199762236446352021e-02,2.287903020435750334e-01,1.576720069058867579e-01,2.057034128455247080e-02,2.728790770004255184e-01,2.772133886709611250e-01,2.007370091868312667e-01,1.654049420558473260e-01,1.475775535842611119e-01,9.641974843543436868e-02,3.288133960873788619e-01,2.921046320724723366e-01,2.730119017474316179e-01,5.984074854373293284e-02,2.217525633401779828e-01,4.892657789927605527e-02,3.346712036671927182e-01,7.575199647968007544e-02,6.833591060584016941e-02,1.193229678830573792e-01,2.384461015768074010e-01,9.135793309932663253e-02,1.665544322894020324e-01,-7.285077754255749917e-03,1.108907309568097355e-01,5.613332628453309575e-02,4.231661977667764418e-01,2.513809311912127975e-01,3.043717593649247211e-01,7.389804731965002316e-02,5.794927592380643561e-02,2.402133441122065172e-01,3.246027462598216062e-01,3.656430360087395970e-01,1.739629894880071193e-01,1.101462761939262097e-01
-7.416964849192049236e-01,-5.839172756790854679e-01,-4.525555684739731022e-01,-5.208893362043496289e-01,-4.529241145400725865e-01,-3.052810958682782849e-01,-2.477502322727488382e-01,-2.291166707456926688e-01,-2.368069791689997594e-01,-1.728832087310806787e-01,-9.975169570874761749e-02,-1.732610558355130170e-01,5.153047279035084804e-02,-2.250414377360493989e-01,-8.189671498076296352e-01,-7.932999347833928905e-01,-7.164021376538790564e-01,-6.088889166557063387e-02,6.361278391293965218e-01,4.995503159974634122e-01,4.916939516012727718e-01,5.891755715336318699e-01,3.496385093784632470e-01,-4.332219473129771958e-01,-5.394505574867640707e-01,-5.301655318766561598e-01,-4.785712819729014966e-01,-8.432044720989190223e-02,-4.392581607402182980e-02,-1.479457732166993555e-01,-4.676686001989424635e-02,-1.004392284924320033e-01,1.912815933129631205e-02,-1.310214391890701380e-01,5.602727650182757341e-02,-6.519092096037554240e-02,1.124190660980819989e-01,6.612302855442239204e-03,3.380632616948760494e-01,-1.523575396471355328e-02,2.266182677601443762e-01,1.101595160809673984e-01,1.729635617921624902e-01,-1.470498346581601947e-04,-2.160907683669362547e-02,-3.694351972487989327e-02,3.308265449181162221e-03,7.632256343284156766e-03,6.051629992991836710e-02,-5.952799218403599830e-03,2.037213972603913736e-01,6.601570994593071451e-02,-4.504830668413381534e-02,-1.050876272133701057e-02,1.804996700703547508e-01,6.373836479686574574e-02,1.444295117405273998e-01,2.365741254390038573e-01,1.935484379703992369e-02,-7.334672791285005988e-02,9.773844798555542113e-02,7.745007870759929372e-03,2.131426045269117220e-01,3.696583067545729517e-01,2.163086990128665899e-01,2.100643509965812727e-01,7.751884735201727307e-03,3.116040573557078419e-01,1.095863006477626328e-01,1.979583398640104852e-01,8.923511518600926729e-02,8.975898610435988079e-02,8.685266876669810177e-02,7.291073097039034445e-02,2.074486709225204506e-01,-3.095469444668763961e-02,-4.440361510161005415e-02,3.108530529511553953e-01,4.002968548481668498e-01,3.855496342577189456e-02
-7.011024329379089703e-01,-6.557497944140806556e-01,-6.200874546021738487e-01,-5.810774839273814552e-01,-3.798834346325230538e-01,-4.051413441757010236e-01,-3.073478614341003112e-01,-2.041816454700891847e-01,-2.276260803339530403e-01,-1.940941032671039679e-01,-3.395110698161031837e-01,-8.075657820072444648e-02,-2.609559957136082797e-01,-2.961627122767184761e-01,-1.154193068168561098e-01,-8.092285082818772013e-01,-8.275962111429090440e-01,-7.871944056369187814e-01,-5.160746565767518890e-01,6.254347993505333936e-02,6.000591682891144307e-01,5.898061149263817970e-01,2.947649532104927306e-01,4.778739832144608957e-01,6.721913825663321518e-01,-2.075184970020033937e-01,-5.370625383861599156e-01,-4.928964435102723418e-01,-4.994551168600787627e-01,-4.140452758966736702e-01,-1.687528191855249687e-02,3.136081270839723156e-02,-1.123976501292478503e-01,-4.082507629090348367e-02,-2.405365733606717182e-01,-1.652068127748868576e-01,-1.893158279306994818e-01,1.350545452928525736e-01,-6.197565960936159829e-02,-5.340107051527025021e-03,1.249554261964617025e-01,7.794898540433470302e-02,1.462391747329320202e-01,-4.759154338007308416e-02,7.787466856127633896e-03,-1.013300946401027580e-01,4.735355977503566405e-02,-1.813995678176171245e-01,2.238667291696858908e-01,-1.226296761300127297e-01,-9.554544130434243498e-02,-2.186236432750526815e-01,-1.986517155821978242e-01,-1.714510492443395706e-01,-2.110505307796966545e-01,-2.029452035084501338e-01,-1.293424903400495762e-01,-1.710458981509274112e-01,-3.652781851855105288e-02,8.912635323772587215e-02,8.531975883019361773e-02,1.637009389776369894e-01,-1.422984611530510313e-01,-8.831395963580966624e-02,8.674855246992520252e-02,-6.725599369197253485e-02,-1.451193683522351563e-01,1.617541260286456672e-01,2.110912743988337670e-01,1.899103272484052307e-01,-2.992068214901780210e-01,7.478944016476619938e-02,-2.861655259334641016e-02,4.577012046951699914e-02,3.117993359967630163e-02,1.723501412536278532e-01,4.095327965805604931e-02,6.660465260900217191e-03,6.815212124585418030e-02,-6.091700633368908775e-04
-7.288283811451604643e-01,-7.039310352674518212e-01,-6.784018897098413881e-01,-6.495138906332518225e-01,-5.434868554733104373e-01,-4.954543133369388452e-01,-4.279746785866765935e-01,-3.952273216847699278e-01,-3.713538227763779620e-01,-2.756798830297203518e-01,-3.522251991402380322e-01,-3.278859359415983721e-01,-2.959234490945675811e-01,-2.912619315397142472e-01,-3.855497284579805228e-01,-4.637413696905605121e-01,-8.665516582306790339e-01,-8.476010741611370580e-01,-8.280795616601618336e-01,-2.192782683639890873e-01,-3.296159184871320647e-01,4.873012115810890776e-01,6.265441484048204224e-01,6.799276051772451535e-01,-1.727701327231414286e-01,3.947385142614628917e-01,4.667913807831894912e-01,-9.893713608764632961e-02,-5.924575892478525230e-01,-4.175853411879810739e-01,-5.068251983893792278e-01,-2.448696920696004364e-01,-3.933097739845533569e-01,-7.085828078161734989e-02,-2.064730740889373084e-01,-1.447726336711608330e-01,-2.470024153154512236e-01,-7.368292971762699373e-02,-2.926367810131595415e-01,-2.252071797981432810e-01,-1.521250152867234529e-01,-8.834236009262785849e-02,-1.356020490978060711e-01,-5.508491580122439057e-02,-4.203306486651674917e-02,1.312659764524405082e-01,-4.577438943880180605e-02,6.390747992390465038e-02,4.602354559845035775e-02,-2.258565321061567661e-03,2.238619534307113162e-02,1.230914198243976132e-01,-1.558782588470943309e-01,-6.883376258285456295e-02,-3.840655903541559391e-01,-2.265846487317669800e-01,-2.625360525909943288e-01,-1.548054729308015187e-01,-2.386139592618063965e-01,-2.288565079528553092e-01,-1.575523891416090172e-01,-2.679646603354968182e-01,-1.747138012040141269e-02,-1.312717396366702427e-01,-1.239868190928328229e-01,-1.227683160735080770e-01,1.457287831014723034e-01,1.176858459339743118e-01,8.206776729018762373e-02,7.427811141649139082e-02,2.582389006700130385e-01,-7.297875539749189289e-02,2.995270028639063220e-02,4.178979364927455364e-01,3.970649111542001730e-02,-1.050344615574267358e-02,5.385860577180059255e-02,-3.452717512235158742e-02,-1.861714492258278661e-02,1.053071686210521052e-01
-7.705335570867521966e-01,-7.686010793752948711e-01,-6.522893106217989567e-01,-6.115690454914467500e-01,-5.095187251484002422e-01,-4.873438440703805052e-01,-4.357621486004926159e-01,-3.850589493624802517e-01,-4.963820292273134482e-01,-3.522347633313263060e-01,-5.831080891150874912e-01,-2.362345344078510267e-01,-2.865785977372190541e-01,-2.129282705967516509e-01,-3.539080786411460955e-01,-3.708662814243552930e-01,-3.139646713885246854e-01,-8.883745516904553163e-01,-8.635806715867235805e-01,-8.133492807584581374e-01,-4.509147066294915684e-01,-2.857329315529055780e-01,5.277745621310671043e-01,5.702744715588724533e-01,6.482496035900351394e-01,6.173297224731471022e-01,3.878215113417768367e-01,2.768086534248511907e-02,5.912044615651036450e-01,-3.393496081132897912e-01,-6.518176559349047050e-01,-4.318530345428978068e-01,-5.178277560555154535e-01,-1.233136189612799305e-01,-3.910039791243313800e-01,1.884513940639380714e-01,2.747446499007584475e-02,-2.179323428196246193e-01,-1.573536802700853665e-01,-1.039557710255004930e-01,6.190233656071580243e-02,-2.747457256765910016e-01,-1.589511930582328814e-01,-2.624682360554588811e-01,-1.957281929233056217e-01,-5.133310042480495466e-02,-8.458238044225853403e-02,-1.038307691699217189e-01,-1.805210755527902888e-01,2.671494477057463970e-02,-1.142180122364111483e-01,-2.751856187173363777e-01,-8.903349577217717359e-02,-2.042010321812738616e-02,2.830133667402367353e-02,-2.909205772290942571e-01,-1.247494124154233802e-01,-9.119220822451365449e-02,-3.086687822192233921e-01,-2.116498766886280025e-01,-2.452503274733778549e-01,-1.174188848289724058e-01,-1.230544241325823435e-01,-2.126031132040969718e-01,-2.311618737584436867e-01,-2.966363042384916326e-01,-1.540399406092154699e-01,-1.264354716389872735e-01,-2.485983154479433632e-01,-4.393306495971804893e-02,-1.726868585698641823e-02,-4.194332751399080378e-02,1.207096979381223484e-01,-6.349463680107053642e-02,5.265748478090832851e-02,5.791248852306834366e-02,-6.335727624363543531e-02,-7.613303562124278112e-02,4.619555618039938166e-02,-6.699780262551043031e-02
-8.050057597040154445e-01,-7.600213304954146487e-01,-6.378221680924484049e-01,-6.921233181248137578e-01,-6.669673293615676624e-01,-6.210669214870311317e-01,-5.367938610526178378e-01,-5.900801636661662242e-01,-4.595895145207939958e-01,-3.751460427296901545e-01,-4.775464881737726541e-01,-4.077003397948293917e-01,-4.860689778093618685e-01,-4.960692662495336802e-01,-2.499519054686595576e-01,-2.547733955676810824e-01,-2.976740775837049546e-01,-2.315053983048594999e-01,-9.065827402255742795e-01,-8.763223012279228730e-01,-8.532105655477367767e-01,-2.354568316361420333e-01,-1.972726316586143336e-01,4.639445609315326902e-01,5.802787912336336840e-01,6.316574919861631665e-01,5.977585579120049397e-01,-1.236074077589666698e-01,3.364770000533508498e-01,2.707760988309428907e-01,2.781300878130439358e-01,-4.726689536930261948e-01,-5.836422231043972841e-01,-5.006334890587093023e-01,-4.845967559856295126e-01,-2.880277798388457544e-01,-1.586193770437644146e-01,-5.388568919948086983e-02,-8.697288371541271601e-02,-2.023341252861438413e-02,-6.277072250605780779e-02,-2.062315944736320128e-01,-6.448727321447642047e-02,-2.853065733361159761e-02,-1.556231195274308532e-01,-2.586541799792727581e-01,-3.466742757041695877e-01,-1.431728095492099950e-01,-1.303141334918568317e-01,-1.902987018766380822e-01,-1.116638633501671474e-01,4.181341566744416031e-03,-1.105782502021024072e-01,-5.582774770635635930e-02,-1.441589921797926110e-01,-4.106628372950269640e-02,8.850952249407202611e-04,3.051057614188790353e-03,-6.338051047025129725e-02,-3.843779913094234058e-01,-1.004564392267204564e-01,-3.185066837141068974e-01,-3.239513831848981340e-01,-3.554775106168611698e-01,-3.512647727366525197e-01,-3.227112474152099009e-01,-3.799954296959558442e-01,-2.900479818198531401e-01,-2.274033087531340536e-01,-3.389311514478038356e-01,-7.225573072308978662e-02,-2.734909057397833521e-01,-2.318690720227565838e-01,-1.009117402627830312e-01,-3.213819232511833102e-01,-6.811817143457783719e-02,-1.265525728316041487e-01,-1.503041542101766492e-01,1.097387658696000363e-02,2.863472305691923750e-03
-8.062087732402197782e-01,-7.825432039936299766e-01,-6.884057423448486368e-01,-7.969909012131022319e-01,-6.762457264429947434e-01,-6.681981436574280231e-01,-6.519491257411368368e-01,-4.914675668573306178e-01,-4.599941340293834946e-01,-5.146050298543386470e-01,-3.615975016443806478e-01,-4.379054296197730234e-01,-4.661708117543948426e-01,-3.405320338583689987e-01,-2.122796976770951194e-01,-4.449933233273730693e-01,-2.680817706726765226e-01,-2.234970416677844463e-01,-4.067501349779029662e-01,-9.186063481140454012e-01,-8.598673946443275984e-01,-8.337879290300491686e-01,-3.587685054815329955e-01,-3.591215831672156522e-01,4.937564487290406756e-01,5.860316542260354256e-01,6.078481568306365324e-01,4.937200850376234906e-01,7.895072509020480134e-02,-6.344566843742351081e-02,2.443275120579015969e-01,5.569169757079452943e-01,-6.218202493163293987e-01,-3.994663268613278806e-01,-4.215349291173721147e-01,-3.210991499188743936e-01,-4.523968300508565132e-01,-4.056405152079799875e-02,-1.656943994501656192e-01,9.199747669305785580e-02,-1.244516375151560328e-01,-1.972908549943485912e-01,-5.967529178708051024e-03,-1.748248474355865723e-01,4.019846352849146265e-02,-3.149843644576884594e-01,-1.473887444216103459e-01,-9.910478805585516693e-02,-2.434940072778457310e-01,-2.988792555294919051e-01,-1.566494868113681993e-01,-9.116057416888877218e-02,-8.019148717208673949e-02,-2.224853534355372697e-01,-7.177391577111887078e-02,-1.310437199748349935e-01,-2.523198376890792849e-01,-1.711340802183154708e-01,-2.300399315401137623e-01,-2.096717445483026743e-01,-2.870544088211941514e-01,-3.088692325945276429e-01,-1.690290000461210085e-01,-2.890625100461371999e-01,-2.114425665277054334e-01,-2.685144832837499385e-01,-2.235865426624087937e-01,-2.454397347058910051e-01,-3.359063637185892848e-01,-3.817931819076162969e-01,-3.938927576152856380e-01,-3.665310609596288960e-01,-1.765274146020720247e-01,-1.722294325980492369e-01,-4.040921779380904910e-01,-2.140758671715817241e-01,-2.954947508350335150e-01,-3.567673961246303760e-01,-3.798162380024667772e-01,-2.187692641157689966e-01
-7.664174821627570688e-01,-7.623555827016558206e-01,-7.385236499131024868e-01,-7.315986290899902933e-01,-7.612285902436164431e-01,-6.892987543308498610e-01,-6.042159453748846554e-01,-6.460026272340648745e-01,-4.459406171391204210e-01,-4.868139528795493165e-01,-5.268724822206821701e-01,-3.367385052613645069e-01,-3.323519069644892410e-01,-4.121740539495834521e-01,-4.217835229106591255e-01,-2.891862724912808713e-01,-3.736619408598524927e-01,-2.199757111500000861e-01,-2.515893401402114482e-01,-9.282061801123059341e-01,-9.299768044282246127e-01,-8.459334706081858002e-01,-3.788900260032651013e-01,-3.375019132981521008e-01,-1.404209124469489312e-01,4.481002050664735226e-01,5.671842690975777979e-01,5.594468800783171103e-01,5.819888511986044399e-01,9.626649561421339596e-02,-7.520031188541070888e-02,-1.284007331114878081e-01,5.439891068955519104e-01,-3.211111897697663253e-01,-5.165194976176412656e-01,-3.537151486514280019e-01,-4.749006228812510111e-01,-4.043445957203654628e-01,-3.557533894878872616e-01,1.521229981775057416e-01,1.783831300928732932e-02,-3.406886882753622919e-02,1.008339489981601722e-01,-2.687029837042602676e-01,-2.743804235343728221e-02,-4.994265329164656458e-02,-5.644993178322552790e-02,-2.709290211514608360e-01,-1.682788786563187977e-01,-1.833299821075888092e-03,-1.865772319157615045e-01,-1.360337312770492635e-01,-1.358800105177513651e-01,-1.795187690275091563e-01,-2.080906434175961439e-01,6.505948872822057971e-02,-2.129202692757163617e-01,-2.239176947826060082e-01,-3.227786046135242004e-01,-2.205286466817003022e-01,-2.376985298592512452e-01,-1.716983704911981268e-01,-2.062854843957889206e-01,-3.161157325670574947e-01,-3.666664127491914837e-01,-3.026768617523470928e-01,-7.841647007621715959e-02,-1.632419940319169704e-01,-2.129611325574423675e-01,-2.017434225848331042e-01,-3.377391645972110945e-01,-3.484488867870127460e-01,-3.619530762696282489e-01,-1.397636962994360244e-01,-3.400120760658104091e-01,-4.398281521253545323e-01,-2.915458270595475132e-01,-2.854222082297928065e-01,-3.145156387195737202e-01,-3.686903642148872118e-01
-8.046702241289790392e-01,-7.823736127635593229e-01,-7.389652164418525349e-01,-8.357858513157481184e-01,-7.165768312745146584e-01,-6.653693693528157649e-01,-5.963816964251777986e-01,-4.130395429761080095e-01,-4.976608148397957954e-01,-5.964456851591991571e-01,-4.063379890157591823e-01,-4.930588480623973036e-01,-5.162045558074912499e-01,-4.391244653301423773e-01,-4.070817020708651368e-01,-2.822061668585048588e-01,-2.403753025395342635e-01,-3.213954100057360153e-01,-2.173319047701350037e-01,-2.430852301528853010e-01,-9.386215516827297600e-01,-9.378709465992935979e-01,-8.872038070734199477e-01,-3.997283911979709337e-01,-3.240261765736079935e-01,1.522130857243145785e-01,5.250809985516599054e-01,5.138417434095899905e-01,5.868014195517421427e-01,5.863266396118830270e-01,1.437548058658864591e-01,-1.601928545362904799e-01,2.793278011272167308e-02,2.220088972791771087e-01,-2.600091825110244503e-01,-4.011815162407481594e-01,-2.755310708057857605e-01,-5.197665867941059226e-01,-3.016103918258409289e-01,-4.728911543254005756e-01,8.271496419823853863e-02,-1.008786369647392822e-01,9.751213905998422360e-02,-2.107264639921064553e-01,-1.559172182782219696e-01,-1.132900815935665995e-01,-8.382525756518198479e-02,-2.672162347078890776e-01,-7.418181823290972976e-02,-1.072020494429673509e-01,-1.706689029506829880e-01,-1.112254306243121854e-01,-2.333531343475732933e-01,-1.272632323479901129e-01,-1.326222882734137964e-01,-9.864464503337436185e-02,-1.171782851460190511e-01,-2.109363251106115278e-01,-2.876511850032689166e-01,-1.887571727918099240e-01,-4.045614560070514565e-01,-2.727551202604386882e-01,-3.696747213599438919e-01,-1.832660932419579169e-01,-2.609109752666495807e-01,-3.364313081411562378e-01,-2.757461163773762269e-01,-1.758012733647385528e-01,-2.034645039030409386e-01,-2.308853547529804151e-01,-1.719778110145245009e-01,-2.629227340043805428e-01,-2.358153022747759564e-01,-2.410375732742343347e-01,-1.650086608833632451e-01,-1.246234916186084035e-01,-3.116803800582356176e-01,-2.000987669096690180e-01,-4.057336475530881059e-01,-2.436249619702384461e-01
-8.191931656096390624e-01,-8.237954809727653371e-01,-7.797508798774099859e-01,-7.077469657136672421e-01,-7.032151500684499235e-01,-6.665143113570450861e-01,-6.660396440711809918e-01,-7.214603197912036192e-01,-6.458632014512816211e-01,-6.576674008284322248e-01,-5.563901665830930376e-01,-6.139578750859733258e-01,-5.724582047754888103e-01,-4.309274230403913331e-01,-6.357819550286615273e-01,-3.729442454246731375e-01,-3.872087043837988407e-01,-4.757078068146095573e-01,-4.821703731234134316e-01,-3.746986143858587193e-01,-9.535666685013975963e-01,-9.521512235571508720e-01,-6.038827671578094192e-01,-4.021560077150023726e-01,-2.850509626365598792e-01,-3.667396697573462316e-01,4.868004161271113350e-01,4.884971899496510783e-01,5.805330188504022049e-01,5.828831478016059942e-01,3.032471760514076631e-01,-2.816043688621651664e-01,-4.291642239716919952e-03,-1.954798545532019857e-02,2.901542677667371950e-01,-5.551472702109604418e-01,-2.890888409977703799e-01,-1.710149209805839621e-01,-1.648169733744105636e-01,-1.805434442547511342e-01,-3.708141932884863601e-01,-2.417810525820783540e-01,1.912830535211052785e-01,1.297773962933811698e-01,-7.433126515137299106e-02,-4.895633557941459629e-02,-9.379092181804472850e-02,-5.240063789993086585e-02,2.668827517016321080e-02,4.911734053196423894e-02,-1.409227204576317394e-01,-1.090405248614151890e-01,-2.569154199103274028e-01,-2.616361855980384871e-02,-1.172267629656400523e-01,2.121053350392461921e-03,-1.731703464659603287e-01,-8.266726261571179235e-02,-2.934379345976310116e-01,-1.690061618981030245e-01,-2.968859160462847813e-01,-2.031332404974297567e-01,-2.676600231868923596e-01,-1.405592210723206614e-01,-2.213885796704218867e-01,-3.553010876079704117e-01,-3.995919359627502776e-01,-1.712675177951137051e-01,-2.544401001954911812e-01,-2.534726291900235573e-01,-7.337127082795671940e-02,-1.990205566176744267e-01,-9.650014004200110906e-02,-2.718615685337595900e-01,-2.590364657306292728e-01,-1.526174731861141554e-01,-2.516354087894433905e-02,-1.176218475093092353e-01,-7.620964513376402016e-02,-1.328263193633519579e-01
-8.105688268269997110e-01,-7.675319830640863206e-01,-7.921860208091727751e-01,-7.026084643855454726e-01,-7.556596251444902546e-01,-6.641301055414043919e-01,-6.541275937206233460e-01,-5.971699384804172173e-01,-5.877339972359920672e-01,-5.880695675895464269e-01,-6.065112215088531711e-01,-4.675545844379021543e-01,-5.287526408012271917e-01,-4.595577051644205713e-01,-5.950130519266630946e-01,-5.320456785874799754e-01,-5.088695203464198569e-01,-4.797593115403596120e-01,-4.545227354650781537e-01,-2.793737224523011875e-01,-4.849725884317753200e-01,-9.604600086936573300e-01,-9.571814630222521547e-01,-8.620805169306746674e-01,-3.846530985918088508e-01,-3.345849546901742966e-01,3.747587761307051846e-01,4.399449410250309556e-01,4.700983945842135414e-01,5.323978581932395926e-01,5.944434681291757006e-01,4.279599709755258496e-01,-6.283818783553948295e-01,4.416836944799531345e-02,6.168725640536754096e-02,2.775465695456166282e-01,-5.387979470792785275e-01,-3.010733016314856014e-01,-4.596204911314014652e-01,-2.796440592551628357e-01,-3.243490101958707017e-01,-3.674883344756798564e-01,-1.911194297521141838e-01,-1.076230727883427107e-01,8.358287758076625440e-02,-1.831468505657656842e-01,-2.469455844094951003e-01,-2.829657357548296184e-02,-1.430734943198545828e-01,-1.611866624861221786e-01,-8.125728354206214477e-02,-1.821614159538344491e-01,-4.053324018581110793e-04,-7.395551046357089209e-02,-6.009637830416170168e-02,-1.387659149315248475e-01,-3.722250095424188276e-01,-2.487968396255837156e-01,-1.662565671358854080e-01,-9.300264326420491778e-02,-3.186402265789342048e-01,9.553572628182198725e-03,-1.765751267804146485e-01,-1.374103599747361903e-01,-2.529890817861709662e-01,-2.328501840023446401e-01,-1.837411195762443661e-01,-3.050419959905457667e-01,-3.973910194984460187e-01,-2.932261072175226108e-02,-2.687948017126755573e-01,-1.230335595798944665e-01,-5.929063805133337473e-02,-1.400657800825799160e-01,-1.444414601623233985e-01,-1.173847379204110003e-01,-9.556711504418581582e-02,2.475725937831726661e-02,-2.264937473887699282e-01,-5.135740271803367757e-02
-8.159014203769761053e-01,-7.996541684731781618e-01,-7.613314936793739163e-01,-7.708328777608925986e-01,-7.422318009258255245e-01,-7.203249142209632305e-01,-6.798234318032697621e-01,-6.286197968740865338e-01,-6.766216694998731240e-01,-6.278010630888904986e-01,-6.302324170148220217e-01,-5.625468297469655710e-01,-5.806310129695156919e-01,-5.107836360132023135e-01,-5.895725111899103865e-01,-3.884458642084896995e-01,-5.073176086775906812e-01,-4.145853306707064645e-01,-4.737501391037471365e-01,-5.365526736247523409e-01,-5.076556204610935819e-01,-9.669533539397442423e-01,-9.654899539545578335e-01,-9.505397213211691509e-01,-3.994008769664321168e-01,-2.919527847213708727e-01,-1.702663106884215460e-01,4.516770157049201373e-01,4.187955455745115407e-01,4.487420726826496509e-01,5.505065828735069555e-01,5.572732309085924873e-01,2.801218751933846063e-01,1.164201791753630283e-01,1.873146560780429570e-01,-1.317049117672686731e-01,2.371591156021365110e-01,-5.058071501329848285e-01,5.424918263386602213e-02,-1.550522820487165998e-01,-1.617272295218779021e-01,-1.121046841526533305e-01,-5.623888791648679053e-01,-3.539195870888335316e-01,-1.884898221091612855e-02,-1.753818831138834744e-01,1.125475084544883811e-03,-1.665672796488007826e-02,6.915283109977255101e-03,-1.264531650310664335e-01,-8.285282185686178302e-02,-1.812428652638254645e-01,-2.799052605887475398e-01,-1.045235097767040905e-01,-1.257342222921875308e-01,1.312106558695160484e-02,-1.055406624706336227e-01,-2.342683555066073231e-02,-9.365261417947487455e-02,-2.806265394271173497e-01,-2.067347616764546869e-01,-2.062127219117715349e-01,-1.740945494635657842e-01,-2.541267310133950574e-01,-3.603947560838422493e-01,-1.341539544730505074e-01,-1.275995521663225996e-01,3.485708177118063827e-02,-2.279395214278267523e-01,-1.691014563840757268e-01,-2.460083886688361754e-01,-2.549444807690229298e-01,-1.729763759961030697e-02,-1.673170971719959432e-01,-1.937165563946129376e-01,-3.681718573711427467e-02,-3.443149112796711764e-01,-2.019158527613476306e-01,-9.186827928756774453e-02,-2.742042531555863860e-01
-8.107659822302261121e-01,-8.122302666539524818e-01,-7.625032970482849004e-01,-7.917997561578917765e-01,-7.724412645652872778e-01,-7.425880872848267256e-01,-7.519148321068844787e-01,-7.128645557542035993e-01,-6.786560163091854836e-01,-6.335925557185707602e-01,-5.875945462889285986e-01,-5.708352038975236242e-01,-5.991186301953792537e-01,-5.167282728872850672e-01,-3.577306519069027857e-01,-5.893629026826648909e-01,-4.941234184652867345e-01,-4.695418602860697566e-01,-5.710298102947279908e-01,-4.027683196710408198e-01,-2.562642856871707453e-01,-9.752317900377414084e-01,-9.306215178443975056e-01,-5.364114847328752544e-01,-4.431678136479425545e-01,-3.046814903811272401e-01,-1.991176067861875620e-01,3.914049823001410355e-01,4.183400266851490801e-01,4.684753224265281735e-01,4.762664369833848332e-01,5.635554470312073017e-01,3.479623625621635630e-01,-8.292116103498625712e-02,1.520518531639298010e-01,7.113781857164434841e-02,-1.988580996883251503e-02,2.915938418314384939e-01,-4.668567903895953219e-01,-1.713409832326516502e-02,-1.122646829334110613e-01,-2.164618312156837421e-01,-3.325486688775228794e-01,-2.677217219510807933e-01,-3.123961062379735920e-01,1.108810918742086926e-01,1.102782304780796779e-01,1.179013996260063271e-02,1.539149462679933744e-01,-5.622905503448367287e-03,-1.526771373349424255e-01,3.744513035954580293e-02,-1.904464240885975768e-01,-1.448365425262267414e-01,-1.926550836290145952e-02,-7.744877992516804865e-02,8.848977070553259994e-02,-1.784373290377398724e-01,-1.055036666697802966e-01,-1.657282683082087760e-01,-4.300204622179777496e-03,-1.213864255550197307e-01,-1.588567959667591123e-01,-8.778801957150862700e-02,-3.164615542105913559e-01,-3.590305186631645995e-01,-2.617797261532775477e-01,-2.670040916586067792e-01,-4.646125032172022662e-01,-1.738947872669248385e-01,7.963241551461536227e-02,-1.085105743394373101e-01,-1.296315252624162528e-01,-1.073583977841025272e-01,-8.356283614985329788e-02,3.713426222371666793e-03,-9.264445138385983547e-02,-2.309343250445045348e-01,-4.416653008489433013e-02,-3.091942613125283623e-01
-8.166836684318224959e-01,-7.876565906465597955e-01,-7.888006509339753336e-01,-7.325073731600887372e-01,-7.473761570204400240e-01,-7.593425000715042783e-01,-6.911352178986505113e-01,-6.599261629191280898e-01,-7.525115871968568459e-01,-5.542603363809421868e-01,-6.555982229492355318e-01,-5.943485557478928039e-01,-6.517390511279469445e-01,-6.088396233335442442e-01,-5.212172690149944332e-01,-5.097635551474906102e-01,-4.716544239636520364e-01,-6.117410340889116727e-01,-5.954368646286478661e-01,-3.222330103064742768e-01,-4.472238568940287151e-01,-9.807516626967203166e-01,-9.760776833540513175e-01,-6.196694871112899961e-01,-4.494796647275611234e-01,-2.494973995796518629e-01,-1.833255849335554133e-01,4.707793244765543644e-02,4.461135371403168182e-01,4.167182300909985648e-01,4.792803438361093460e-01,4.732626208700004278e-01,5.228105091548972405e-01,-3.502254226950305971e-01,-3.959438152563583002e-01,8.924239847644575840e-02,4.399364102110098901e-02,1.574941522160230312e-01,2.729782129976492944e-01,-5.169923183161068136e-01,-1.649735347451642131e-01,-1.197382107226861864e-01,-4.338182926904192160e-01,-3.331695185679099946e-01,-3.320731586123443768e-01,-3.693713414936540818e-01,-1.297577880354457147e-01,8.764022424192098593e-02,5.133475297429700851e-02,6.242226502858426451e-02,3.969568369230769278e-02,-3.246499698233534792e-02,-2.511783019031599840e-01,-4.252032592136040061e-03,-4.706066846903921713e-02,-7.093540466664491340e-02,-1.910874254970202080e-01,-3.390544227008789741e-02,-2.093027110266003632e-01,-6.706259428245051057e-02,6.566177948888804461e-02,-1.214016814236997532e-01,-1.917639064546778627e-01,-1.257059098716514778e-01,-3.010159862267628994e-01,-3.270760055587024762e-01,-3.051751343267865013e-01,-1.978206474226020251e-01,-3.518871687782253455e-01,-4.065765439865037245e-01,-1.442936557406985787e-01,2.297958083069635490e-02,-6.693277770702256435e-02,1.972751777204639900e-02,-3.600184342710466973e-02,-1.190177592377124893e-01,2.924804798998363164e-03,-2.226076314340511356e-02,6.098546167383352840e-02,-2.380136034954879187e-01
-8.012364244280441028e-01,-8.045895554769938451e-01,-7.828308530086844907e-01,-7.820630056567076105e-01,-7.368766239931707762e-01,-7.595478877153425401e-01,-7.282475607792012751e-01,-6.675785941479943641e-01,-7.173493272359710016e-01,-7.977647261892537589e-01,-6.921334866130186558e-01,-6.426454344509762162e-01,-5.323596407513593309e-01,-6.167235256072504113e-01,-6.549421111787051553e-01,-5.974014975361162660e-01,-5.317956449053508061e-01,-4.981961559780553883e-01,-4.914242118169729889e-01,-5.681430868778635235e-01,-4.580044217496841985e-01,-9.838054348946972949e-01,-9.788343670241353989e-01,-9.799147126443042977e-01,-5.765383512769602925e-01,-5.326430364640475368e-01,-1.238314519512622586e-01,1.137639683976430782e-01,4.261505427127930679e-01,4.666945659596654639e-01,4.295606364864054671e-01,5.378576483133067354e-01,5.030227715698610824e-01,-2.332744264574741488e-01,-1.741152999102463517e-01,2.352210608790320234e-01,2.429887270265785881e-01,-1.999659218573312247e-01,3.699898277864134277e-01,-5.716157953823467475e-01,6.717741979499400329e-02,-4.543498043260270347e-02,-1.595031052675018046e-01,-2.146430180485597028e-01,-4.163349563839018885e-01,-2.637939745726884389e-01,-3.278898380553798564e-01,7.206896705995544106e-02,7.409529186416526081e-02,6.775425534789426829e-02,-1.559129352197648199e-01,9.937138065285130994e-02,-2.388986607722387856e-01,-3.691793430169722223e-02,-8.235227729486258030e-02,-1.267306788262882733e-01,-1.390702639152224251e-01,-3.231804027518511702e-01,-2.992400562382255824e-01,-9.126587458465393321e-02,1.486412453781232046e-01,-3.184341453149604467e-03,-3.439654188625158177e-02,-1.687802037086658657e-01,-2.550363837120899202e-01,-2.552695893218095424e-01,-1.981065166720665793e-01,-1.344224547772364942e-01,-1.796855519251918942e-01,-2.883650786390912213e-01,-2.743831024006315178e-01,-3.954542856213940083e-01,-3.229284288496264144e-01,3.261226990334192138e-02,1.422724983926180742e-01,1.054501606852789736e-01,-2.754446974359155420e-01,-1.970563445707240458e-01,-8.179455031255722375e-02,-1.139562906768421847e-02
-8.075478305251067024e-01,-8.091899013876433511e-01,-7.714954274095354725e-01,-7.427067752135555478e-01,-7.804900136968104807e-01,-7.363774454696927485e-01,-7.528459802338091089e-01,-7.509592551032688856e-01,-7.481693138391963815e-01,-6.019704997027840454e-01,-6.276044913670033587e-01,-5.912347985390012939e-01,-6.076685178537087895e-01,-7.072809935736278364e-01,-4.858137156886966901e-01,-6.228919565362659450e-01,-5.263748967160432057e-01,-6.148144674058340087e-01,-5.410565306553262177e-01,-6.477174497027612388e-01,-3.608481423572008073e-01,-9.899539253586097098e-01,-9.851662171143803493e-01,-9.790053700453763552e-01,-4.955040310375331547e-01,-4.485525941188547305e-01,-3.399092095406788250e-01,-1.197466743184812804e-01,3.343229018509181194e-01,3.584385425386119040e-01,3.956258846802117035e-01,4.278549779696306232e-01,4.787088715854341259e-01,3.425511782734906308e-01,-3.041572999112623354e-01,-5.409242757073072783e-01,-5.335227984189797046e-02,9.454321004118165783e-02,7.923877041346050198e-02,4.238437945018048159e-01,-3.888480660030729785e-01,-5.542102592600570143e-02,-1.344389573312563535e-01,1.646162130184924133e-01,-1.663781748080195577e-01,-2.140769484435907366e-01,-2.948617082267165901e-01,-1.465775285630465663e-01,1.838280421927565925e-02,1.337597415694854186e-01,-5.736430402175152383e-03,6.756923912952395028e-02,-2.354438313270105498e-01,-1.702683295355601756e-02,-1.065354612447807076e-01,-1.334250252395444147e-01,-8.372601783422436994e-02,-9.843227674642805736e-02,-2.719917528918712191e-01,-1.743141697763521958e-01,1.020541433378721330e-01,3.035113258748223242e-02,-6.354736435338045886e-02,-1.268961038707840105e-01,-3.360215144083307237e-01,-1.951170092945695989e-01,-2.034178356155998402e-01,-1.613321264449651127e-01,-2.395636064949115129e-01,-3.194029153929228149e-01,-1.126926150011299532e-01,-2.412300602581606557e-01,-2.385552473595810991e-02,-2.630046002559588425e-01,-3.500313780914369316e-02,1.341725846879285866e-01,-6.713059805755443310e-02,-2.003406021015705640e-01,-3.614344093598818863e-02,-1.411046965883330784e-01
-8.062117919797530119e-01,-8.155585898529144062e-01,-7.825188254653387965e-01,-8.135692974424064694e-01,-8.349551486907276221e-01,-7.686939917221964347e-01,-7.144199023117852043e-01,-7.277057369750611349e-01,-7.722416901560368307e-01,-6.419924046435060427e-01,-6.816297424665237470e-01,-6.074031599569204021e-01,-6.954892515572927980e-01,-5.241931317979049432e-01,-5.749989016487622173e-01,-7.466178333061004313e-01,-5.386134049567247173e-01,-4.906081272931465675e-01,-5.616501153509985134e-01,-3.893431265762984372e-01,-4.383060306063086276e-01,-9.929984032418446294e-01,-9.882191289621180541e-01,-9.865468227679429214e-01,-6.324405693743226919e-01,-4.027738196764379386e-01,-2.361354253271591985e-01,-1.328414860989757806e-01,2.551872880855033943e-01,3.528621882785125119e-01,3.607644651790745671e-01,4.281043510472039570e-01,4.299611162572438139e-01,2.685035423019380141e-01,-1.930657342064994175e-01,1.495438875830930672e-02,1.704287283035658962e-01,-6.124322272659783045e-02,-7.435007233973078833e-02,3.353005018114983971e-01,-5.012032649646598337e-01,5.324393232804284365e-02,-1.699311443147024162e-02,-8.478538476688309011e-02,-2.905774370031578568e-01,-2.698723686763468410e-01,-1.493661745390315321e-01,-2.895555067066591381e-01,8.492451857865656803e-03,3.394872225516624986e-02,-5.294193903507739968e-02,-6.420752090506418042e-02,-5.138721846781461183e-02,-2.711006057251645011e-03,-1.267425873550160655e-02,-2.694799136777845106e-01,-2.835094469919248808e-02,-3.985212421732668014e-03,-2.803416037892307935e-02,-1.662203310108724408e-01,-9.348736204720076159e-02,-2.267972630343396967e-02,-2.591584640896638786e-02,-1.599488978350308566e-01,-2.140713473576071751e-02,-3.301594375932167535e-01,-2.866765858624755747e-01,-2.729707520540139987e-01,-1.354419712856313462e-01,-1.510036758365801146e-01,-1.933945521276557999e-01,-7.568207547450277184e-02,-1.424316105412567757e-01,-2.400977533912206918e-01,4.267663420916786160e-02,-1.915361564878529932e-01,8.281799076237622570e-02,-5.666199902100536173e-02,5.775937052532955501e-02,-1.138407327728154644e-01
-8.093058328223878828e-01,-8.251874000525840636e-01,-7.919766005090017602e-01,-7.812701676189556244e-01,-7.859889048187774785e-01,-7.673554988191976234e-01,-7.711395782905066110e-01,-6.900138628132759244e-01,-6.528953426674185545e-01,-7.257674384849351901e-01,-6.579355652039783342e-01,-7.224093284795940484e-01,-6.791764705929732582e-01,-7.009892602738460043e-01,-6.697284821346838335e-01,-6.054569138652207139e-01,-6.434006231772928519e-01,-5.020897958904967373e-01,-5.624782449300220755e-01,-4.005591501629554019e-01,-5.075810535950048275e-01,-9.932625270404376039e-01,-9.919368497324330125e-01,-9.872569222207626671e-01,-8.576527956316694068e-01,-3.426954506011516410e-01,-2.752038711175779917e-01,-3.901072403737709804e-01,3.053422580657449426e-01,3.620936703190436590e-01,3.339747291466710899e-01,4.161834066084326156e-01,4.188337714128017031e-01,4.322176205975116758e-01,3.106348192591480983e-01,-7.207908165139151335e-02,-2.535606994526216074e-01,-6.964676276450336434e-02,-3.176706576941974725e-02,2.761686541766259495e-01,2.777968181857048413e-01,-5.408691604555057042e-01,-8.535690590969591263e-03,-1.644895634631521886e-01,-1.162789896249983163e-01,2.384611562055981848e-01,-1.700018897509386340e-01,-1.481850294260796952e-01,-2.502604573551348022e-01,-1.806484069366478817e-01,-2.595819816462397595e-02,-8.707884394738495126e-02,-1.063648475025329686e-02,-3.702626387483354264e-02,-6.328864096624566005e-02,4.329361044325737845e-02,-1.368614217745117434e-01,-1.237535128791177608e-01,-5.720509797421011872e-02,4.697339499809109059e-03,-1.215257889968168054e-01,7.400836674230165668e-02,-7.050951203996315420e-02,-4.866457907724348886e-02,-1.308159525261000100e-01,-6.852300125782086193e-02,-1.499139544818435255e-01,-2.642112419016975911e-01,-2.245268548828596999e-01,-1.286879274809006046e-01,-2.563909348542196542e-01,-3.928879238925166439e-01,-2.807809915810280943e-01,-4.244632876637698116e-02,-1.957869808715650625e-02,-2.952362178655060232e-01,-2.400698245573776035e-01,-1.324671491811503232e-01,4.184588675072616754e-02,9.253242346136485164e-02
-8.008545503439168378e-01,-8.075934771969431880e-01,-8.039371134343187286e-01,-8.039726404449832886e-01,-8.039763605034149219e-01,-7.843022494734397387e-01,-7.742821773663546292e-01,-7.765123169287379001e-01,-6.913687915979049858e-01,-7.567041877305846764e-01,-7.589165597874867331e-01,-5.990944076025001008e-01,-6.889427256568194657e-01,-7.253461477194687035e-01,-7.046668755629769132e-01,-6.410831152109601749e-01,-6.372201967776710552e-01,-5.421813754378663752e-01,-5.144473182959744539e-01,-5.506138245108197493e-01,-4.134757027931735829e-01,-9.604567104135843802e-01,-9.771105393175318898e-01,-6.127685896380914432e-01,-5.437681139345473813e-01,-4.541043279365359342e-01,-3.133373993639074206e-01,-4.726756824987268235e-01,2.531337971944463416e-01,3.123301473585897714e-01,3.245698518055041282e-01,4.141403680990424219e-01,4.402383118327602429e-01,4.071391718600845810e-01,4.315131387019727760e-01,-2.109875277349981260e-01,-1.787345391076054502e-01,7.604654460584410469e-02,2.969474301348834847e-02,8.547193994200320832e-02,3.005063167046165273e-01,-3.626394171297481206e-01,-2.569814390634380663e-01,-2.463839856374915732e-02,-2.224410248540473201e-01,-3.684655942925472161e-01,6.062474430242670471e-03,-3.020112791402072006e-01,5.307172249797037847e-03,-2.373938387296302965e-01,1.083536843926225131e-02,-5.254860839195366062e-02,1.819727302079079956e-01,-2.905842913804914524e-02,-1.085511783578237827e-01,1.563419041987353375e-01,-8.212595603775780725e-03,-3.351311291214651572e-02,-2.312883335233782423e-01,-8.034577819357700823e-03,-1.622574044410482197e-01,-2.908444123455415642e-02,-6.846187626372234047e-02,-1.203296269458486167e-01,1.379040289123007190e-01,-6.034014974479451343e-02,-1.446304121268824905e-01,2.175005446222142980e-01,-1.022948985667967159e-01,-1.991608811254501343e-01,-3.534459201527532790e-01,-1.773648675482616677e-01,-7.937309053217043997e-02,-1.148778044676771332e-01,3.898747959412421360e-02,-2.737331868670878771e-02,-1.711736633594996282e-01,-3.969820256198199754e-02,-2.360928830220404562e-01,-1.072026284771515486e-01
-8.224762953193723858e-01,-7.869033925899161508e-01,-7.989520307398524368e-01,-7.981166013899699818e-01,-7.954022941252604229e-01,-7.841298008576015333e-01,-7.423397855954745328e-01,-7.289940775014386309e-01,-7.480559702370929154e-01,-6.846523978325453896e-01,-7.299731004650078514e-01,-7.206001073595545980e-01,-6.245980548923288911e-01,-6.610339588643463493e-01,-6.596119497215878758e-01,-4.923869407798930897e-01,-5.518367409951417946e-01,-6.380252540851620857e-01,-4.990901444369979512e-01,-4.304570870802861271e-01,-8.968880613740223273e-01,-9.970157608874136157e-01,-7.682956493910997331e-01,-5.458540589277053323e-01,-3.368150383823488858e-01,-4.243075928153464127e-01,-4.505777383597370789e-01,-5.106275052218017807e-01,1.364831519057833065e-01,2.830615144870136102e-01,3.676197597825127117e-01,3.466935507005748374e-01,4.271917749871307346e-01,4.172694620354633344e-01,3.489002820022774620e-01,-3.588134187214040427e-01,9.825839514951513476e-02,-2.572536621057359627e-02,1.410742016695714085e-01,-2.719601737192404653e-03,6.194525418409654177e-02,1.461645878986786717e-01,-3.835820224326251249e-01,-1.636617529683476457e-01,-2.515457167652648818e-01,5.757528976387207148e-02,-1.481848741149586167e-02,-2.073851144792419054e-01,1.886159865627797805e-01,-6.594601535733793374e-02,-1.494614214326265844e-01,2.104335451741606577e-01,2.208571187945554404e-01,1.091056771876890014e-01,-9.475623625698832708e-02,-1.106964505506057850e-01,-4.512936317418395765e-02,7.339061930116572152e-02,-3.793949649668536261e-02,-1.169300860521477609e-01,-6.114240694940326765e-02,-1.216609548166370652e-01,-2.349776965523930807e-03,-5.884438942548269463e-02,4.060567447515546491e-02,-1.649920428908532508e-02,-4.229158046753436762e-02,-2.521051831811536512e-02,4.655694291949341590e-02,-1.011024520982100328e-01,-4.099395261841103782e-02,-1.907134491254511288e-01,-6.813241332604844103e-02,-1.266274456382973923e-01,7.530207656318425868e-02,-5.706980875903157335e-02,1.830120429162451073e-02,5.699013309324781063e-02,-6.270016458655881808e-02,-1.688105005717921714e-01
-8.002382044629803293e-01,-8.228576067286417217e-01,-7.594456397008719772e-01,-7.817161180652308916e-01,-7.486124808738676695e-01,-7.954352813311135195e-01,-7.507149439291196380e-01,-6.847122099077115331e-01,-6.992631065377926669e-01,-8.049982106318005481e-01,-6.716282937383094565e-01,-6.535106052732179149e-01,-6.142253988079990901e-01,-6.588457423267470858e-01,-7.224657040391309071e-01,-5.416271856357931513e-01,-7.500906539248404226e-01,-6.233894627087280815e-01,-5.809864378706258714e-01,-5.474428115908601677e-01,-8.651113077197544188e-01,-9.946252549857342862e-01,-9.930075220660939950e-01,-5.360704574590609006e-01,-7.270965767292971726e-01,-5.326494456349891715e-01,-5.021681800788666550e-01,-2.029863029131748486e-01,9.837219439990901870e-02,2.641586876465254474e-01,2.917463457300728535e-01,3.640611103104900437e-01,3.555334547742302065e-01,3.333718624587234669e-01,2.271781930957575135e-01,-1.475370995013895736e-01,1.737966059397458018e-01,-9.587044493739040399e-03,-8.092584050320210387e-02,1.388858515588208276e-01,-1.081658878208087010e-01,1.758518755115052734e-01,-3.041850915158799684e-01,-3.551384517474439062e-01,-1.913391912236657444e-01,-3.643803413182614692e-01,-3.215021027231584339e-01,-1.258737957440339561e-01,-2.105266620309688697e-01,9.626507491852788478e-02,-2.326395036571902442e-01,1.590667837608116322e-02,2.492970034456701567e-01,-3.776700544099395596e-02,1.307521732912333978e-01,-1.397127547720825314e-01,-5.126937097754288852e-02,2.362656251480157663e-02,1.136896761740881050e-02,-8.169748094239231984e-03,-1.958200412856457295e-01,-8.643504871463254802e-02,5.974127490165059666e-03,1.264729102961710712e-02,-2.364461147269694419e-01,-2.057846317696039873e-01,-8.134476482054359137e-02,1.896207470599469702e-01,-1.203380865555210150e-01,-2.046976057886991107e-01,-1.743768833827540887e-01,3.457304097259839091e-03,-1.670190059477540956e-01,-4.406336302255822734e-02,-9.616504162219692564e-02,-1.799180779780031603e-01,6.143040778825529895e-03,4.862769160646641248e-02,-2.427270375496958510e-01,-3.082347661105258041e-01
-8.181935265532215285e-01,-8.088531110027622484e-01,-8.062214306981202450e-01,-7.789854224694746643e-01,-8.156965609145091500e-01,-8.149383957923794775e-01,-7.487874669723667553e-01,-7.458526870290682620e-01,-7.507964293751216989e-01,-7.218204059318402699e-01,-7.665857849776104294e-01,-6.534104715017863274e-01,-6.696967666055407831e-01,-7.190468268651538652e-01,-6.866668569235055974e-01,-7.157464453045474517e-01,-6.072874765788474072e-01,-7.081148694868181215e-01,-6.109487046228372353e-01,-6.291077499143781226e-01,-9.596189412905614669e-01,-9.941818303618102926e-01,-9.839892751018610717e-01,-5.781386762275029234e-01,-4.725830779761939215e-01,-4.599042876030142724e-01,-2.846748583421472301e-01,-3.511655492590444183e-01,4.287901784881591183e-02,2.737159379437111295e-01,2.721862127388878227e-01,3.110214133830429550e-01,3.008351681013289869e-01,2.070279347051185992e-01,3.112057524796056351e-01,-5.940190385575339765e-02,-2.266386448649779506e-01,-3.649966091456718353e-01,-7.053165301296057677e-02,1.385069121821195515e-01,-1.770358425881622677e-01,1.736633392098147488e-01,-2.431154806858560891e-01,-3.325678829717688689e-01,-7.159012341793256906e-02,-3.049109404009731628e-01,-4.017732133452981552e-02,1.396348881580357637e-01,-6.225784580954397268e-02,-1.636974294309174460e-01,-1.383507392366716549e-01,-1.707483576909455680e-01,1.152116184688889849e-01,1.575426433149561614e-02,-3.318893895243761345e-03,-4.585394701235496334e-02,-4.925142999244273151e-02,-3.183493314741260294e-01,1.301841058890019220e-01,2.150581087715991782e-02,-1.210112446123620678e-01,-4.886376399144897256e-03,-1.221588962389534849e-01,1.025035971874592722e-01,-1.969481398411138395e-01,-5.140019101813027291e-02,-2.663205153148277479e-02,-3.636642464635165412e-02,-4.362065294664153187e-02,-1.023905039343846191e-01,-8.214452646382698620e-02,-1.631466251086246544e-01,-2.653108220836898901e-01,2.807740546551536556e-02,-2.296900051261286935e-01,-8.384223264962681332e-02,-3.968972144645325356e-02,-1.247389903622126012e-01,-1.586337952366013437e-01,-7.142221728933099978e-02
-7.938527936963547527e-01,-8.252836266914472807e-01,-8.100102281641898827e-01,-7.661814169824779919e-01,-7.584048651586617895e-01,-7.245012415879705792e-01,-7.960839079731339973e-01,-7.370953447169962258e-01,-7.940156836421825570e-01,-7.055644829029819043e-01,-6.905967007158231308e-01,-7.136918821429467652e-01,-6.847928587441528547e-01,-5.956540751454162397e-01,-6.450876207572974197e-01,-7.327346250895530044e-01,-7.216474604331430953e-01,-5.672987142529540838e-01,-5.586813900618745610e-01,-9.335156598334677369e-01,-9.949204393035173677e-01,-6.063954937582294313e-01,-5.972081196762142330e-01,-6.350467087267817057e-01,-5.289913021335911347e-01,-4.783062796608698042e-01,-6.054361510438273086e-01,-2.043091825699636099e-01,-1.082547839207911172e-01,2.430459189504975692e-01,2.742612121389683133e-01,2.540828444822590404e-01,3.138168248643201097e-01,2.001250689460893836e-02,6.348626138563769061e-02,-2.469244375397492974e-01,-5.137373766364727867e-01,-3.705588899655050672e-01,6.392366007436221798e-02,-8.286390858141845159e-03,-8.189259217461256068e-02,2.311184332127051155e-01,1.199185281741180047e-02,-2.545628033235731169e-01,-2.831172349450759573e-01,-2.490951423503038817e-02,-1.674650877088225687e-01,-2.641711261848895750e-02,-8.288336631276455035e-02,-9.054212133396369322e-02,1.486833140633202766e-01,-1.770055132905740125e-01,-7.633048349869495097e-02,2.129216035453761480e-01,-1.043273931704639390e-01,1.204087465104262400e-01,5.633159730182065589e-02,1.393724592727159893e-02,-3.931709821138996974e-02,3.000855010748996327e-02,-2.244762884030401459e-02,3.409018447739056712e-02,-1.786862780411365148e-01,-1.544401748700768850e-01,-1.553870826096274416e-01,6.217110731739759755e-02,3.854619469526687076e-02,-1.576374372422144066e-01,-6.505010042219162847e-02,-9.101087913531311080e-02,1.776470954648810274e-01,-1.848509036857237109e-01,-6.003230780277216821e-02,-5.281655044165307206e-02,-1.920475012284597882e-01,1.116110834302669608e-01,-1.527596886271308796e-01,-1.953328950611188108e-01,-2.484489774021833020e-01,-1.395694278583929637e-01
-7.925297253801802944e-01,-8.157150702284016175e-01,-7.913272868313220298e-01,-7.686270693068626425e-01,-7.783432221300582432e-01,-7.413841848730235995e-01,-7.688043052498585439e-01,-7.505081215344250323e-01,-7.019058265375840433e-01,-7.086885801723799005e-01,-7.137073607638682038e-01,-7.852444532667600674e-01,-7.506633733706563616e-01,-7.058048168200201644e-01,-6.826080510434618942e-01,-7.443745009475116747e-01,-6.026345468132918715e-01,-5.636187955040991016e-01,-6.086107879056020797e-01,-8.954105547785358166e-01,-9.929982481460226662e-01,-9.888505528558969582e-01,-5.469193179615993161e-01,-3.581411013018387379e-01,-5.695768037276196516e-01,-3.974339147392830784e-01,-4.442290333921163348e-01,-6.291689600764947821e-02,3.209581091182937135e-02,2.452845159250247042e-01,2.132182553009813464e-01,2.547813970476742185e-01,3.339477925856743634e-01,-8.080241174053814923e-02,2.932318760072855635e-01,1.267143256297328414e-02,-3.675237063172615559e-01,-2.768897173003092016e-01,2.705897552365244332e-02,-6.785585825102476154e-02,4.505758373339909667e-02,1.486276922329213615e-02,2.880575731021826069e-01,-2.241711369026610778e-01,-7.547855951237597560e-02,1.246317070778946295e-01,-1.996787216492513714e-02,2.856307113575536766e-02,-2.149611662250802135e-01,-1.878903976701732639e-03,7.335642647427456121e-03,5.036106753596761992e-02,-1.331695389186351719e-01,4.357270362800431951e-02,1.017757031755018998e-01,-1.393033627609065739e-01,5.801683935094355867e-04,2.765337077898705892e-02,-7.444676858508252060e-02,1.553359791658837641e-01,-5.194990913844989289e-02,-7.760430692104103301e-02,-5.289001677574314830e-02,-6.434993140738355655e-02,-1.606986978062674432e-01,-1.276248877093165146e-01,-1.189378102015651618e-02,-6.970434025150488641e-03,-2.051417488125647712e-02,-9.646077018567526806e-02,1.428526105820412118e-01,7.288837882766076304e-02,8.984543651877698045e-02,-1.089393803896066826e-01,-1.538147294738909376e-01,6.814240826665636519e-02,-4.756422352629518374e-02,-2.056764247295573833e-01,5.880352327404767682e-02,-7.420372666535930695e-02
-8.145848617921734869e-01,-8.153264192921054754e-01,-7.994255935401370916e-01,-7.961825856622264386e-01,-7.999527300922035788e-01,-7.885411809075297818e-01,-7.913241509123452033e-01,-7.194845065149618746e-01,-7.473863427453271147e-01,-7.907445738059289964e-01,-8.210747178886887987e-01,-7.049492980072870063e-01,-7.074331840838519181e-01,-7.463604982737059856e-01,-7.457983798845017054e-01,-6.501739014710586906e-01,-6.723809190627760835e-01,-6.260246764418262444e-01,-9.902984119622458836e-01,-9.899192448980982384e-01,-9.570252027345270696e-01,-8.618367282474230784e-01,-6.637547134426668993e-01,-4.344561223056309651e-01,-4.387170088225203490e-01,-6.044790577538291521e-01,-4.456372620461476197e-01,-1.825927514228081749e-01,8.002428258144476947e-02,1.697515947014646143e-01,3.098015737433115757e-01,2.418321682185400889e-01,3.242832981067250708e-01,1.082133890724186615e-01,1.156114939701782390e-01,-4.638625376116729815e-02,-3.867857422796474598e-01,-1.644776118040896795e-01,1.284726334715654006e-01,-2.402984694882991656e-01,1.153776179113724376e-01,-6.753195971838968359e-02,3.888801457720870713e-01,-2.598040874147769519e-01,-2.087876484758275919e-01,-1.389293770035237852e-01,-8.067192393780944770e-02,-1.924017635244172630e-01,-6.980932044498559808e-02,-2.554838550737869030e-01,-2.551529541490331621e-01,4.294370220522946563e-02,-7.798760265154695837e-02,7.034875962156321091e-03,2.381664250037433261e-01,-3.054068145573040835e-02,2.644019597472778149e-01,1.636239908572631740e-01,-1.055792793145116926e-01,-2.343949963790633792e-02,-1.319668691751471057e-01,1.508641642037581165e-01,3.070664812634753618e-02,-1.723686464619180597e-02,-6.185027222006223360e-03,-1.468967609342967384e-01,-5.976292545893929081e-02,-5.024168015814261395e-02,-1.906771925728487430e-02,8.393771903399303846e-02,-2.757836763295214502e-02,1.066909143415099709e-01,9.433307295395843006e-02,7.533863892661454842e-02,-1.969430987461047791e-02,-3.195363763296520943e-01,-4.224098147759518945e-02,-8.090184692641289033e-02,-8.295805826048505138e-02,-1.608618976714219495e-01
-8.142757058296098416e-01,-8.256082156892574631e-01,-8.021584855159903382e-01,-7.867150876758852718e-01,-7.854847092065272429e-01,-7.992593232931023417e-01,-7.797298171050548454e-01,-7.595054580498477037e-01,-7.938467309476953115e-01,-7.954035398410780333e-01,-7.615345999237239649e-01,-7.647883062706669621e-01,-7.388404098889254090e-01,-6.638552087414326675e-01,-7.271860572047589288e-01,-5.685387423364203219e-01,-7.485717604826496174e-01,-5.920315321347326964e-01,-9.192514235753633800e-01,-9.726141168876671905e-01,-9.797524495964593516e-01,-6.541077142327886840e-01,-6.742898977670452876e-01,-6.883929030331205068e-01,-6.396539031147475685e-01,-4.470639094156944049e-01,-1.801737627504664263e-01,2.511922303411553287e-02,2.134304574299661916e-01,2.346895778496435880e-01,2.276665196807478031e-01,2.547588584099382825e-01,2.427467998157714080e-01,8.244860243502011646e-03,-8.075246005324127063e-02,-3.223751525035992160e-02,-5.659772751690276271e-01,-3.983344916368118382e-01,2.994286512939998146e-01,-1.954271609346614012e-03,6.511529756891722143e-02,-1.942790772599953530e-01,3.512541377691474898e-01,-4.182656016130254506e-01,-1.889865588167780885e-01,-2.614148562794105790e-01,2.510231132044793423e-01,5.780009084287011240e-02,-2.583959978793994861e-01,-2.712826153867131662e-02,-2.077353384002304446e-02,8.628905638568455660e-02,2.506568933947060374e-01,-1.600810087682868754e-01,1.656360957186657212e-01,2.416626832011100068e-01,2.905186126066356886e-02,3.018119404650266083e-02,-9.957635570450977525e-02,1.054385512047079088e-02,-6.191555981301842364e-03,-1.151000090859779501e-01,-1.684698519794940452e-01,-1.135217980775311969e-01,2.235710320665549103e-02,-1.466525717313219186e-02,1.073462232781680764e-01,4.818993045857829227e-02,-1.968384700907436224e-01,-5.161448713649287312e-02,3.307716429093556648e-02,3.460473817908517047e-01,2.842821672056993210e-01,2.071403835488986461e-02,-1.527494766801721672e-02,2.863093577802161907e-02,-2.044260646355597899e-01,-2.225191798801445520e-01,1.364058972930109158e-02,-4.785119037011040244e-02
-7.950860556433797521e-01,-7.963812150843484483e-01,-8.033620456455938807e-01,-7.651057666720771921e-01,-7.761695483762823811e-01,-8.043698450877336814e-01,-7.497105857457183609e-01,-7.760271271961176609e-01,-7.863838160646479114e-01,-7.501547091878929541e-01,-7.592072539277444632e-01,-6.919207524090862371e-01,-7.511335341237808105e-01,-7.213735027927550281e-01,-6.782402322466185574e-01,-5.848823544130090646e-01,-5.331901720859201221e-01,-9.012696930294749054e-01,-9.759919376459200713e-01,-8.453539234990824491e-01,-6.231088562952801224e-01,-6.209778053657785124e-01,-4.673421755676103184e-01,-4.664898883589611023e-01,-5.014228347208681269e-01,-4.993757696379411137e-01,-3.913152270861741493e-03,1.053588757381788421e-01,1.818557974769918484e-01,1.756724679437715320e-01,2.520090289408200568e-01,2.238027037915658046e-01,2.445715137832122077e-01,-6.039193552973505519e-02,-1.011782311368170095e-01,-3.203380998862089268e-01,-3.200744175421634807e-01,-8.883680705654799226e-02,1.103646029897997760e-01,-4.623167682620688002e-02,7.643102678798696648e-03,1.632698626734272948e-02,3.217001298693390465e-01,-2.699984261393362228e-01,-6.717233027080062036e-02,3.740976644577876514e-02,2.340375182291816458e-02,-2.243900732248516883e-01,-1.784387562036407748e-01,-2.971093494191329870e-02,5.375460343308766792e-02,-1.194533756074310227e-01,2.952039436536540995e-01,9.884848760376786780e-02,-1.564266201273169232e-02,3.339515040416384806e-01,-4.256691213300706905e-02,1.728948676305420151e-01,-1.560483857607216085e-01,-2.363891897893352287e-02,-6.509865799021392896e-02,-9.477724042387485059e-02,-1.110115013922512509e-02,-2.240383723841734565e-01,-8.501831585060068419e-02,8.948633824400528680e-02,-3.751880262396630611e-02,-2.022054512347146449e-01,8.102060873520032513e-02,-6.832244293197427265e-02,-3.676751725227304663e-03,6.317190531289455444e-03,8.205418980545238494e-02,6.705928239314433437e-02,1.089579608539676392e-01,-3.366276273361101107e-02,1.096070733578472824e-02,5.508126145389114284e-03,8.491199108331449336e-03,-9.178305809796701020e-02
-7.958237120106658180e-01,-8.200550872479457354e-01,-8.105202361266344857e-01,-8.326819286063558145e-01,-8.012772274825287200e-01,-7.812799046159043526e-01,-8.282772249262276842e-01,-7.946915701050841774e-01,-7.849636085904293514e-01,-7.730121985161813036e-01,-7.681478299348852845e-01,-6.937057491206067850e-01,-7.244863811736553805e-01,-7.302801958913639480e-01,-8.074569680787117010e-01,-7.075601191069746942e-01,-8.923034373722563695e-01,-9.648878043511771585e-01,-9.395329143538632133e-01,-8.637632427310812933e-01,-7.077167737906905343e-01,-5.893908303413969429e-01,-3.641815198943587628e-01,-6.630581940550827058e-01,-4.409341613072714217e-01,-6.195007501441817110e-01,-6.993952789544295723e-02,1.372066989781387247e-01,2.047623717629683815e-01,1.852977414885743634e-01,2.052887247277287441e-01,2.015378809716145136e-01,-2.298192106758931846e-02,-1.516964320191812599e-01,-7.625170287019238102e-02,-1.856534114522289947e-01,-4.857442580114869068e-01,-2.311959126288158362e-01,1.284676645964925035e-01,1.975829366270137610e-04,-1.712076219629742047e-02,2.426586693931623642e-02,2.353604860942563326e-01,-5.372617496027832784e-01,-1.519459622346466254e-01,-3.086438321804787360e-02,6.474712048939683384e-02,-6.741062261996205729e-02,-1.996235629498341602e-01,-4.438157854915667638e-02,-7.439878330744911783e-02,-2.090763703055095457e-01,-1.743908432517789486e-01,8.039373544412162231e-02,1.287843306730609705e-01,2.796199534995633118e-01,8.285589519896398303e-02,-1.822752172501406615e-02,7.420321443591926247e-02,2.481880391362327118e-02,6.973388637360786180e-02,4.406800705823243902e-02,-1.344393045943972909e-01,-1.880189055377128327e-01,-2.739337132671570280e-02,-1.425196139553998598e-01,-1.687722466711590735e-02,-1.288776439088605008e-01,3.436557725802806551e-02,-1.617779580968371211e-01,-5.182087554664966539e-02,6.486334163044581158e-02,8.356749757702190695e-02,9.401637898931845816e-02,-4.727410285704651376e-03,-4.646211568039283757e-02,-9.517192181690368319e-03,1.649386846935506912e-01,1.420630043825722721e-01,-9.415347020776315690e-02
-8.279027680474241313e-01,-8.212667126131040218e-01,-7.993475119405748508e-01,-7.868882453739746152e-01,-8.181308387248071856e-01,-8.016759944557226847e-01,-7.701240045547106394e-01,-7.639096222121551927e-01,-7.631956364319855135e-01,-7.355394846332433678e-01,-6.945269380755512145e-01,-8.134579283294625096e-01,-6.854866651905956454e-01,-7.323195998192539857e-01,-7.275385952969467551e-01,-7.993178815137593762e-01,-9.619572794194826137e-01,-9.614307305339940823e-01,-9.418427630396147832e-01,-5.896337657485676287e-01,-6.011619378902870459e-01,-4.213523589397132341e-01,-3.551687302226273490e-01,-5.425004770518306874e-01,-5.077075241889588142e-01,-3.061625586934656473e-01,-1.514066107158306695e-01,1.185793078055976252e-01,1.427993926516572532e-01,1.293144854530683396e-01,2.064365176185483375e-01,2.533772901971393376e-01,2.216286283649161470e-01,-7.593932322174730756e-03,-1.438443464238735037e-01,-1.800712960399690477e-01,-3.232056470487035260e-01,-4.839725966971823376e-03,4.443974265289839243e-02,9.464978853176774648e-03,1.729448931692024738e-01,2.319898296047308295e-01,7.654998522810005368e-02,-2.238456443512660266e-01,-2.835529164729327922e-01,-1.844793011492192047e-01,-3.331745020170718830e-01,-8.019843769468432138e-02,-1.215832084509192862e-01,-1.069346260968299933e-01,2.131317858403360133e-02,-1.563436829556682783e-01,1.330496621459374418e-01,2.471503986552538445e-01,4.210289733580203225e-02,-1.200211380580908371e-01,2.359002121778324967e-01,7.652308841164952302e-02,1.999478371060274262e-01,1.581982007619541220e-01,-1.288859735302957388e-01,1.836541715885902093e-01,7.660484202827846922e-02,-1.165795308042019557e-01,9.095367245746406593e-02,1.369276758265098037e-01,2.619995864637221228e-01,9.597325450301941174e-02,-9.938411264411900481e-02,-6.659843849735135046e-02,-8.654122385726396860e-02,-2.838219179367092518e-02,-2.412620843418646077e-02,5.042696074538851594e-04,5.143771529154534533e-02,-5.880979026005753695e-03,-6.347658560043425990e-02,-4.174038141516457634e-02,-2.236436185946365229e-01,2.709133415864161884e-02
-7.982198390594292814e-01,-8.121200225338971457e-01,-8.019413577339329358e-01,-7.958881739836404234e-01,-7.767500097486628174e-01,-7.913728224653862053e-01,-8.208017169468291296e-01,-7.671753121743151160e-01,-7.485755480764679781e-01,-8.122956721340640618e-01,-7.499186839046824149e-01,-6.849321313675320599e-01,-7.291034618098447551e-01,-7.016581817928935205e-01,-8.840642089484551658e-01,-9.561456118321115527e-01,-9.473259982352514319e-01,-9.580265656059198109e-01,-4.669320279998221412e-01,-5.665383706966463651e-01,-6.347431887996876076e-01,-5.705094002649616636e-01,-5.042417767853607513e-01,-4.053352385711282979e-01,-3.517981876641548822e-01,-4.697688381646199229e-02,-1.931160378356220611e-03,3.579415813217663028e-02,1.710449396431083513e-01,1.459859555654406116e-01,2.310792852239975936e-01,1.819226858892585563e-01,1.404375321311772673e-01,2.715958349881691936e-01,1.376679612992318287e-02,-3.879931667816326479e-01,-3.799178299407304782e-01,3.632686631249096992e-02,2.593534072175877059e-01,6.028612185764066489e-02,5.943101301931085628e-02,2.432690696762487489e-02,3.030469922622384682e-01,-2.179389584109377442e-01,-2.661565459671456080e-01,-2.314666778565440397e-01,-2.843285024327960042e-01,-3.014872654242182759e-01,-2.474097307224322126e-02,-1.000406237377903657e-01,2.007563492096300084e-01,1.510601535915866434e-01,-1.095566945361568928e-01,1.934681753010218941e-01,-8.548810649383793703e-03,5.789821433319686933e-02,-4.355339032374248853e-02,1.167116773038501670e-01,5.889730120810980629e-02,1.259019188502409348e-01,5.658671258094744722e-02,-6.363160541866209885e-02,-1.429440996967130603e-02,3.109805955286946283e-02,3.331293486959693156e-02,7.917382204797089595e-02,3.229097321093341022e-02,-8.479875382001847428e-02,1.641018974101221897e-02,-3.540977240972170009e-02,-6.268583320782493418e-02,-1.035115943358350804e-01,8.109340948884115330e-02,1.268292596870306821e-01,5.734370866832070451e-02,1.567630484623889348e-02,2.539762110387032076e-02,9.875677955913486194e-04,5.264158570104807144e-02,-3.022202811294633085e-02
-8.309532922301237079e-01,-8.177957583646715545e-01,-7.848300846061544433e-01,-7.937955433834097407e-01,-8.013296084829314436e-01,-8.196716498735521217e-01,-7.460746122184177542e-01,-8.062670360443267015e-01,-8.194752398301311525e-01,-7.416173927864366799e-01,-7.154748530516156224e-01,-5.826683444405210688e-01,-8.301162791628879933e-01,-6.944117139296150931e-01,-9.419970114318783061e-01,-9.414452839450629940e-01,-9.484220029186800627e-01,-6.630668823761991515e-01,-4.786891796118107334e-01,-5.607975234831084066e-01,-3.924621280015230251e-01,-6.797632158302946426e-01,-7.053335867276135929e-01,-3.605564548686527870e-01,-4.723483646749889187e-01,-4.201141804703208832e-02,1.054127012098771965e-01,7.009011997185231324e-02,1.560016139905269494e-01,1.201044716720617439e-01,2.118412988201649472e-01,2.615825953754199462e-01,2.529002757804694190e-01,-3.894925380901591988e-02,9.838948367933512962e-02,3.044866873016596406e-02,-4.344456265428789377e-01,-1.352780802011388228e-01,1.143095062164564829e-01,1.145830246871411967e-01,1.503648032594229744e-01,4.100157144304395623e-02,8.600444403933742155e-02,7.202231056829799805e-02,-2.180741407609854410e-01,-2.931936053236455786e-01,1.409632154025229969e-02,-2.275680638330117023e-01,-8.739582797906091105e-02,-1.449853132417991131e-01,1.686327460211655416e-01,-2.013959457035198464e-01,-2.356480602800875845e-01,2.175760171343866234e-01,1.269421284275766559e-01,1.140726210404500486e-02,1.940181195089909494e-01,2.447571779324463764e-02,1.832419372018527781e-01,5.060062478729276947e-02,1.395467142224467716e-01,-9.394330178496422545e-02,-8.015659476733240363e-02,-2.318289739841792457e-02,1.102611634064111917e-01,-1.812420061243241731e-01,1.672900693017651819e-01,1.224672454094555621e-02,-9.173773092123087280e-02,-1.024884716602048884e-01,1.100912370650421711e-02,-8.418770164050623506e-02,-9.194292604153618542e-02,-1.592002944665884059e-02,7.332408283595975851e-02,3.083821302497990330e-02,2.099724673068186775e-01,-3.825969776679342613e-03,-1.866669634234434036e-02,-1.760698249268129179e-02
-8.361518687875049149e-01,-7.907415320903420364e-01,-8.354302536098089371e-01,-7.951987357142390467e-01,-8.159521604285310259e-01,-7.653952374368281353e-01,-7.911226368173948087e-01,-7.449656540944507022e-01,-7.024486188098736372e-01,-7.191219917124487271e-01,-7.392107660652599277e-01,-8.425733832436816950e-01,-8.609314638658907004e-01,-9.211894798646155236e-01,-9.022472517748916232e-01,-8.613731617325829371e-01,-6.403527825153256803e-01,-6.464151831612654497e-01,-5.916494762162103349e-01,-6.428873428020878134e-01,-5.081806939926521993e-01,-3.587441733172263558e-01,-3.988102463916201046e-01,-5.866269872739166003e-01,-1.869508214337995966e-01,-8.464013727875735471e-02,4.420377296442581927e-02,8.722999724326140070e-02,1.239005330712891900e-01,1.349157189015284808e-01,1.918694773580812418e-01,1.569068712102065499e-01,1.258362552243654786e-01,6.878004687675269221e-03,-2.061325384913837988e-01,-1.032500574634650087e-01,-2.849861457685402000e-01,-4.403337822733760509e-01,1.923812500141309223e-01,-5.014674761577250089e-02,6.221945490963857323e-02,1.474988430107729009e-01,-5.825347335535236565e-02,-7.840933535044965208e-02,-2.900873895622199106e-01,-2.059269400632214586e-01,-5.514738967867445496e-02,-3.381264490901993991e-01,-1.564620867602291576e-01,-7.205905063431633506e-02,-1.196725410042205340e-01,1.467857042641247493e-02,-1.138683591958100233e-01,3.225935391434803234e-01,2.463679455516541439e-01,-2.680426719909447669e-02,1.768493074357505301e-01,7.050885397674137856e-02,1.752158584974527200e-01,1.825768410252441853e-01,7.872192366998435886e-02,1.389476785221947785e-01,-1.029415951490183778e-01,-8.003324430840350404e-03,2.675342152073761567e-02,8.202392071086532510e-02,-5.798222960232257694e-02,-4.390835413568738160e-02,-1.531783686620795115e-01,2.398709228149071421e-02,1.027125283823924901e-01,-1.033287445376082636e-01,1.171395857658992790e-01,8.048361336922264797e-02,3.235796025099214879e-02,1.279216183676076535e-01,-1.004021849174156593e-02,-1.589349241031826898e-01,1.208803570501102848e-01,7.316749690048142407e-02
-7.983696215117933592e-01,-7.854415524424697148e-01,-8.129020491025313877e-01,-7.774691080745870231e-01,-7.813937740402787657e-01,-7.932007879079623347e-01,-7.603296102795358280e-01,-7.467753975891782137e-01,-7.076217461464463510e-01,-8.399583078535708403e-01,-7.585704196277248679e-01,-8.966648249647009017e-01,-9.004521898368020860e-01,-7.481465824846622592e-01,-8.357027084311958731e-01,-6.228141299620669757e-01,-6.003861467831070886e-01,-6.619002004705641928e-01,-4.801895755686125256e-01,-5.445457745071098365e-01,-5.305655947396826777e-01,-4.212258780347845066e-01,-5.257442259533074980e-01,-5.386242805301411085e-01,-8.512801408795578340e-02,-5.157338925784637346e-02,2.173568582058381382e-02,4.411752631595115826e-02,4.838936887642120155e-02,7.702973397642956521e-02,2.916382719252322286e-01,2.412479761444759341e-01,8.425148900869991464e-02,-1.461603914986967789e-01,4.162186857183547244e-03,-2.857538955098027356e-01,-7.562949758293423252e-02,-3.720313923366713738e-01,2.681076568589278453e-01,1.646468568579502467e-01,6.560091491568707800e-02,8.661713067244110331e-02,4.996676586843400852e-02,-1.745320133800885576e-01,-3.279995684242976162e-01,-1.771074225741583463e-01,-2.476484169203184982e-01,-1.281913055666471235e-01,2.464042891479545361e-02,-5.041904519594856554e-02,9.436039440131582454e-03,5.022626801660352164e-02,1.198198920908425114e-01,1.092120917242870581e-01,1.950434154041184309e-01,1.476861849985440511e-01,-2.726286104092434659e-02,1.013348878280224963e-01,4.695858216831218929e-02,-3.650171681237870253e-02,-5.267555665913466884e-02,7.646499787351256072e-02,-2.568933696768193470e-02,9.910151279280229875e-02,2.319895666578214097e-02,1.766008335666427176e-01,-6.924512392873448385e-02,9.881145653404842244e-02,8.425481028524137161e-02,1.188824819373327096e-01,-1.028434236482122371e-01,1.044737905360751395e-01,-6.550916774318416014e-02,-7.097772129546052466e-02,1.709250082884274380e-01,-2.654313644224859034e-02,1.628435643348545570e-01,-1.307868482318443439e-03,-1.271897055160324530e-01,-1.180741931675857587e-01
-7.952272964236097863e-01,-7.956093811853577336e-01,-7.842658380186349198e-01,-7.816945752090049826e-01,-7.645407235379906297e-01,-7.540518146173644798e-01,-7.097523571140800236e-01,-7.964922878941691486e-01,-7.938481547392141069e-01,-8.362552658637513181e-01,-8.746088839646392055e-01,-8.573550205086679643e-01,-8.312790151660842675e-01,-6.494206012388615834e-01,-6.558082283265711521e-01,-6.154319920072315320e-01,-5.012653519920675649e-01,-6.263939543502491381e-01,-5.330370317220289866e-01,-7.114553722106371492e-01,-5.670712250250794506e-01,-5.265381508770951013e-01,-4.333048753834166100e-01,-5.592994829966951159e-02,-4.227524774282944158e-04,5.996727243872431237e-03,5.805217530437945667e-02,7.725608810498468815e-02,1.495260778385581191e-01,1.610916462482400724e-01,3.271708966831771703e-01,-4.187374387570268197e-02,1.444034022267994821e-01,-9.505271108973564753e-02,-1.869950937078211084e-01,-1.586751965788368857e-01,-1.027488365049516739e-01,-1.002328707154269832e-01,1.255909611233566037e-01,2.988323746030516759e-01,8.838501991625895282e-02,2.698926730260284845e-01,9.187491382449339272e-02,-1.754725822093720911e-01,-1.028681173282974953e-01,-2.349972483314266836e-01,4.564214501355015607e-02,-3.680731481284224560e-01,-4.405239956693129955e-02,-1.121386743611355180e-01,-1.773732259046049697e-01,1.338654098261552738e-01,-4.850553321274416602e-02,1.140067048446255643e-01,2.483800329293119613e-01,4.511512182998098086e-02,-1.185545358261954618e-01,1.737573557313437655e-01,2.594047915913659241e-01,1.777907762948433001e-01,-6.986534378783361421e-02,6.335799775224888741e-02,1.141318199620905555e-01,-2.531893312476822186e-02,-8.650473800171090688e-02,7.655895998104383926e-02,-8.274919031255580093e-02,1.087388677633902428e-01,1.432345042683342423e-02,4.010872769775550989e-02,2.429636117654788430e-01,-9.322181504770955807e-02,1.571958242540920925e-01,-8.405450506134672442e-03,1.708447805325542246e-01,1.574136491989776565e-01,1.912533567567294146e-01,-1.732678610208549311e-02,-1.330549899493823629e-01,-3.722424276005902727e-02
-7.418073907920511578e-01,-7.532929446611419388e-01,-6.835505901741206758e-01,-6.772670900461662535e-01,-8.080857073838944027e-01,-7.258999737813716102e-01,-7.704544058165969656e-01,-8.112349732080874620e-01,-8.504343630009512101e-01,-7.248349438169976455e-01,-7.565727534997357395e-01,-8.335620194309907305e-01,-5.446408470169481486e-01,-6.030573927196286599e-01,-6.494321093124731936e-01,-7.057127228087035631e-01,-6.363291892013589468e-01,-5.584694353829185998e-01,-6.080849376165544662e-01,-5.182956984864557359e-01,-5.880788970628533230e-01,-4.908783402266893581e-01,-5.801447952708308486e-01,-1.192364986007827948e-01,-1.052799561730547312e-01,4.215449155405884274e-02,1.326630079343131194e-02,1.982210695551809079e-02,1.115790336076966788e-01,3.767617682199099760e-01,6.184447543514604712e-02,1.862518730562858771e-01,-8.972033922396935660e-03,-1.458374096755525595e-01,1.710647504703476443e-02,-2.810116939253391455e-01,-1.225518933531450222e-01,1.278041021048245407e-01,1.022189677173135358e-01,1.863963864010423910e-01,-6.025530352821576938e-03,2.247146348245422642e-01,9.657151597034036028e-02,-2.800761678616189299e-01,-1.673334258432997990e-01,-2.625602778443004159e-01,-2.000153099374948062e-01,-2.275098541329270974e-01,-2.042928841535509021e-01,-1.814159129758648459e-01,-1.555550630290409020e-01,2.129699511552032506e-02,3.150364936938804816e-01,1.693953405807857304e-01,1.824562516490780550e-01,-2.225379468188207373e-03,-5.262903475993448849e-02,3.778405511550434609e-02,2.729899096205083420e-01,2.227610113733341224e-01,4.011732531549917075e-02,-8.914627012069195611e-02,-2.639600384587740822e-01,-6.248776698468742202e-03,-6.057195473181552908e-02,1.658674124213025888e-02,-8.038305543280453713e-02,-1.452531744776991984e-01,9.873476325639010676e-02,-1.232316093002783219e-02,-6.489944462575317208e-02,2.098208474809117596e-01,7.727011208051037805e-02,1.708009105525241378e-01,-1.194452026794384364e-01,1.734732144211447724e-01,-4.079420892623442790e-02,1.052450420604449377e-01,1.396248581973844327e-01,-5.427603738247856538e-03
-7.032259246050514001e-01,-6.870470729798665577e-01,-6.933246177415112177e-01,-7.088578670285560213e-01,-7.441316806828885966e-01,-8.052858199538087680e-01,-8.241771144818967887e-01,-6.541481654124575718e-01,-7.737689428717158258e-01,-8.134861960267242287e-01,-6.587316468352788501e-01,-6.077894854562716498e-01,-6.855427219509667713e-01,-6.670347066950176318e-01,-5.401769714718267501e-01,-6.432280785377265664e-01,-6.000129765404386140e-01,-5.412992566201967337e-01,-5.543185129903659414e-01,-4.303130267283081789e-01,-4.788627455768000862e-01,-5.586082918256493057e-01,-1.297941993221996271e-01,-4.871929721057695339e-02,-3.728788467274220253e-02,-2.897047076309630306e-02,-6.080052026571585930e-03,6.296958442884427465e-02,3.404923635788029146e-01,3.531395631064447316e-01,1.535285156039840893e-01,5.217106009721866194e-02,-1.957009093816074186e-02,-2.820009352736223551e-01,-1.882804698859088244e-01,-1.252913220969909258e-01,-2.505661374533356134e-01,4.603343681463174797e-02,1.373718248551405660e-02,1.814974735335500300e-01,1.224374354895887140e-01,1.754377151159320636e-01,4.247777728020176169e-01,-4.347777533963337881e-01,-8.074076835033473787e-02,-2.839981977869886556e-02,-2.700453726121435638e-01,-2.472927846740410537e-02,-1.396302576370357929e-01,4.484732607827224271e-02,-2.027379035226494208e-01,5.858795936245036334e-02,-4.144041414057696160e-02,1.915171513510643617e-02,2.345145302425855893e-01,3.702919942075395543e-01,-1.179135466731301429e-02,1.607711685065671692e-01,2.568982059706733656e-01,2.466576512863033477e-01,9.944405816819790189e-02,1.557771095627500935e-01,-8.964813492631380776e-02,5.976981017816920816e-02,1.479194621019548350e-01,-4.220081756272412409e-03,1.873325232387787753e-01,1.934115481179295506e-02,5.378777556849880653e-02,-9.393400622128281197e-02,-8.620371421544102686e-02,1.286722940004056126e-01,4.791788086249716694e-02,-2.293102360978969967e-02,7.468129891411764976e-02,2.130496784271456445e-01,2.162294191548906341e-01,1.578350353716074794e-01,3.957022959580987903e-02,-1.015035667232633138e-01
-7.022414846957317769e-01,-7.478060930527754557e-01,-7.236987235599500190e-01,-7.134473045457366824e-01,-7.337585280052695280e-01,-7.745948299823062211e-01,-7.695897630919946719e-01,-6.345071231089439712e-01,-6.197730065008566491e-01,-6.328235183346541115e-01,-6.605551375293708949e-01,-6.247564528108709991e-01,-6.627016309477470335e-01,-6.692376289538460865e-01,-6.214662698949690034e-01,-6.658213243743611454e-01,-5.289443365466888203e-01,-6.743069983821151636e-01,-5.309756174252711070e-01,-5.895174700037766335e-01,-3.974335954852723507e-01,-3.697198207762438238e-01,-4.752596199648614905e-02,-4.983804467566295415e-02,5.131600948287324583e-03,3.154891959653273459e-02,4.246491437670883717e-02,1.768980274513501649e-01,7.080243755321022348e-02,2.899785261208521758e-01,2.144215879983569495e-01,-1.091747665123086186e-01,-2.653954708989785249e-01,-5.617194805703660254e-01,-4.840107840364132330e-01,1.096169786540460989e-01,-2.281444161326744990e-01,1.435978841595112188e-01,1.803459777759847671e-01,2.061401075833381724e-01,3.006031587028613616e-01,9.750639291628783456e-02,-1.733824227636553486e-02,-4.560228777200497352e-01,-4.048191988846450845e-02,-2.503514734009646414e-01,-1.866643182501910025e-01,1.072024297912800433e-01,-3.365870693906156674e-01,3.969587811743775091e-02,-2.150009709929667084e-02,1.952443955036323731e-01,4.092988936496595731e-02,1.167312491586239565e-01,1.791842884179224160e-01,2.182930204553267528e-01,1.002598380787910262e-02,1.973284276592420228e-01,-5.061931443659634794e-02,1.514305069451359342e-01,2.142680895475016500e-01,1.558554900567907520e-01,9.223603194019689561e-03,4.068848721761367249e-02,8.682854723683380849e-02,-8.356576077524473234e-02,1.368003087246876526e-01,-1.888644446637196828e-01,1.158916093398490166e-01,6.402708309352328486e-02,7.479015803297908715e-02,6.175580674787281565e-02,3.168643783619170401e-02,8.242992832904191131e-03,2.063174163200072811e-02,-5.690297172669642189e-02,3.538008241870357201e-02,1.165618531881435355e-01,8.414046813401829250e-02,2.390934042421162531e-02
-6.867081959223383381e-01,-6.840426545141533587e-01,-6.880785042722713518e-01,-6.792403325235428779e-01,-6.301714861619334140e-01,-6.828773476703956513e-01,-6.413249045687205996e-01,-6.685170403314539822e-01,-6.648849104985605774e-01,-6.181503659688459829e-01,-6.059892184670107040e-01,-6.051796232555609611e-01,-6.120259528327213205e-01,-6.098628864924701132e-01,-6.253168995951562392e-01,-6.705080159809455598e-01,-5.356241723907658736e-01,-5.788786908355386673e-01,-6.602823316397495867e-01,-5.084267901217193186e-01,-5.771583746181578878e-01,-1.590307139174320927e-01,-9.353319481882378661e-02,-5.004668586983610640e-02,-5.651782776235216715e-02,4.873324843105839715e-02,1.243578055751375783e-02,2.565386308628499479e-01,1.666880162328020498e-01,-1.716357645266948983e-03,6.873430902657061414e-02,-1.744015567871034234e-01,-2.188316357759707842e-01,-2.805540010099290549e-01,-4.248109040076792353e-01,3.393612864794651185e-02,8.285962070938684976e-02,-5.434123941945968178e-02,1.404136321188354242e-01,2.479868954140443948e-01,2.582212809319386904e-01,1.878893100693446727e-01,-3.353507840759901992e-02,-3.318808048150412304e-01,-8.703633054713466946e-03,-2.129754029094179102e-01,-2.005871008687688806e-01,-2.790232581086854458e-01,-1.749641479606224848e-01,-2.175572703335397484e-01,-3.334959429451614388e-01,1.012397280666518275e-02,6.215779052937905891e-02,-7.330694394174201711e-02,2.269765209627345459e-01,2.030956852412729718e-01,1.943543778196055449e-01,-1.176882548128756339e-01,8.516086925340790939e-03,2.090771786432758794e-01,2.289617289393952315e-01,1.952355087371518416e-01,5.495828199697667255e-02,-9.802572789464661374e-02,7.931747760430930827e-02,5.563342116464817938e-02,3.063149437615591067e-02,3.378586504751016962e-04,4.204484139130986765e-03,4.711971777185137988e-02,1.739553940479768857e-01,1.757454493726923195e-02,1.726271522961759508e-01,-6.763531578419362811e-02,1.919972951423869201e-01,-1.387010732839864813e-01,1.521599847807486305e-01,1.247511664017664917e-01,3.705034701685754051e-02,2.750582619815424845e-01
-6.618399761997749708e-01,-6.694623788892041238e-01,-6.446550910830612935e-01,-6.685154300454970722e-01,-6.346520369738323231e-01,-6.321428932830481795e-01,-5.740192425681591715e-01,-5.809718281853040178e-01,-6.949516439297988013e-01,-6.528676573638168001e-01,-6.416457814668097281e-01,-5.930876497448955842e-01,-5.369259145493765484e-01,-5.729549433040957984e-01,-5.960831313027653566e-01,-5.486314331764684527e-01,-5.390199276777968285e-01,-5.066756660780121768e-01,-6.016611912013379859e-01,-5.066973540913487506e-01,-1.716905074796537256e-01,-1.270713033784307555e-01,-1.044463548199957709e-01,-6.726597097137072823e-02,-3.083506836657366745e-02,-1.378514948114620796e-02,2.131840390031151666e-01,2.298506096385770914e-01,2.341079090021873366e-01,2.064345858592359084e-01,-1.609743448707142144e-01,-2.612718623511762206e-01,-1.995326447585963892e-01,-2.580572609289680241e-01,-7.315186131428058625e-02,-7.524407505151421705e-02,2.468768730863230287e-01,2.232446467687546898e-01,2.261758209297897448e-01,6.755042530719876370e-02,1.548804633933064667e-01,5.553520470604421388e-02,-3.765276400398512996e-02,-1.554061449322340083e-01,-3.021565463740445989e-01,-4.270626240176533250e-01,-1.121257205218437747e-01,-2.216513535474962937e-01,-5.324608397834992846e-02,-3.256011705558483071e-01,-1.607087886590221892e-01,2.830176357663580222e-01,3.902184445964277607e-03,-1.170159904250773902e-01,2.494484704985755752e-01,2.337458301683259521e-01,1.253993774117155569e-01,-3.783223221102564870e-02,7.402368728292361977e-02,1.471225023846827774e-02,1.318174359072524227e-01,5.255689579139236761e-02,-2.812046056518802128e-03,-3.514062134948819222e-02,-4.617575236325872218e-02,2.304711283486568785e-01,4.158736342308629041e-02,3.593255502148422903e-02,-5.294777422843908316e-02,4.926730924201653400e-03,5.237349101655933842e-02,-7.581881278536782565e-02,3.284295548627828021e-01,4.868370255328639123e-02,-4.422615546072675846e-02,1.391063858581725876e-01,5.546042847952160210e-02,2.679805208105786041e-01,1.353684679411871761e-01,3.384538167800019842e-02
-6.714311764859621778e-01,-6.277888304987785384e-01,-6.477307618580216975e-01,-6.618074575279403460e-01,-6.137837145929451177e-01,-6.254591127907142001e-01,-6.430438215866521867e-01,-5.866045708108248435e-01,-5.613707747360321410e-01,-5.960367814956428756e-01,-5.985395868129727015e-01,-6.140297428488911136e-01,-6.114311700747315781e-01,-5.311531115758350019e-01,-5.712819707677164738e-01,-6.356056616446326135e-01,-6.735449178542176618e-01,-5.857928282491594585e-01,-4.358133718298550785e-01,-2.052713106578101798e-01,-1.682670253474363442e-01,-9.550061108546283040e-02,-4.604814720191122840e-02,-4.040490766134455236e-02,-5.986714876077627034e-02,4.799351955169459116e-01,3.436271650906851383e-01,8.575352778080810867e-02,7.905934839763978372e-02,-1.689294934304529650e-01,-3.117962133270032465e-01,-2.213468301355205337e-01,-2.079286737690710651e-01,-3.678760844522068751e-01,-1.489845786915471870e-01,-1.562774548011203191e-02,9.472402119329502435e-02,-3.416200136783564822e-02,2.436034802217207362e-01,3.428242618801520813e-01,7.772283316397612940e-02,3.137741822224509036e-01,-3.164885798658961247e-01,-3.330596218713678391e-01,-3.442933819035920440e-02,-1.147145512355716435e-01,-2.520464217864282763e-01,-2.666416571368409108e-02,-1.670779556929157528e-01,-2.065501929475015153e-01,-2.573540719382608755e-01,-1.837541443449512701e-02,-5.210349875416939863e-02,1.338399436929774838e-02,2.451890993175570299e-01,2.024564269008974626e-01,2.780024941968174956e-01,1.725518778662802899e-01,4.771537617839608642e-02,1.633963294981610193e-01,-5.263031128639810569e-02,-2.409571871278105154e-02,1.734393389038673891e-02,-4.828940705622496166e-02,5.549356881996517915e-02,2.178356406587842742e-01,3.809457471042681370e-02,6.152376981450806415e-02,2.009924998105001026e-01,1.969352458847974385e-01,-3.082159117850202801e-03,-5.177219137446160274e-02,1.225720146076064859e-01,1.293283230611058099e-01,6.973869039503159672e-02,-3.578842389385373385e-02,9.675941512957783597e-02,5.503639366330199956e-02,1.374919427775937453e-01,1.461021114793213671e-01
-6.142503974505493236e-01,-6.597591218623510834e-01,-6.209640726232653618e-01,-6.408718808992095450e-01,-6.486816918830310419e-01,-6.570872600274711983e-01,-6.170420977612699476e-01,-5.999825857896642356e-01,-5.739762560217455123e-01,-5.921957690035664079e-01,-6.972739895072457283e-01,-6.249039259340557484e-01,-5.479543899638140703e-01,-5.811484523152814496e-01,-6.685668510883846505e-01,-5.263830814804173475e-01,-6.860358065343579170e-01,-4.578274510195987634e-01,-2.223868257228953094e-01,-1.800938165130900048e-01,-1.353802720820182492e-01,-1.310054121706658026e-01,-3.801272386498518591e-02,-4.315577124460518582e-02,5.060734391564789547e-01,3.349340013649678705e-01,1.253334524846677900e-01,2.312104757435021751e-01,-1.803434658708926719e-01,-2.190237722046551039e-01,-2.264302969265847565e-01,-3.354297492318204510e-01,-1.673348983202687379e-01,2.104832823184273408e-03,3.855599730410275844e-02,9.538352788774966118e-02,9.549048148099643918e-02,1.975737976904189397e-01,1.178561213222215631e-01,1.148817421787888676e-01,8.204759752119591965e-02,5.405604888893270066e-02,-2.030580597387037223e-01,-1.773411282007496814e-01,-1.785345735505275144e-01,-1.565896823003905813e-01,3.135096684625662822e-02,-2.385671219681462785e-01,-2.368759518931750629e-01,-3.192160812456394381e-01,-3.079327967386513709e-01,-1.317248842968823941e-01,4.256824843211730325e-02,-4.549847059792358483e-02,1.672037700319699838e-01,3.621828058197341105e-01,1.635781756455688407e-01,6.595839241390137088e-03,2.170144575542264087e-01,7.845279029190423137e-02,1.360387435009005330e-01,2.936176057271911444e-01,2.065512034790573936e-01,-1.753433136180281293e-01,-2.444834489715578818e-01,-5.060535622598597797e-04,-2.217994080959665663e-03,9.958633453154125403e-02,-2.720884895554356864e-01,6.659356601312685364e-02,1.238020827337238255e-01,-4.969466533071462827e-02,1.572715604036136472e-01,1.154521919330683405e-01,7.648935216761169886e-02,5.089989517116262630e-02,2.804540519939631785e-02,1.174544416374300876e-01,7.763856491683643855e-03,-4.818578160626606904e-02
-6.131288174555931114e-01,-6.420530483622034490e-01,-6.187898405426183190e-01,-6.262307121519226083e-01,-6.638639003490106605e-01,-6.402799913903167717e-01,-6.101142576237058579e-01,-5.681034220245972932e-01,-6.741287280367216361e-01,-5.619932185801482794e-01,-5.836489987169438676e-01,-6.220162645318774164e-01,-6.316800972760969746e-01,-5.830465530051409662e-01,-6.189272010887573172e-01,-5.150002491944140059e-01,-4.302473780457759522e-01,-2.503967936154125606e-01,-1.763914093662977689e-01,-1.338615981841186353e-01,-7.534596278954981685e-02,-1.299697418178227259e-01,2.361562001995076432e-01,4.738898552616978010e-01,4.236396334868871016e-01,2.581064122982778541e-01,2.056460111684444148e-01,2.272976143495864521e-01,2.042796274983417482e-02,-4.536564863500064937e-01,-2.985806390527614429e-01,-1.519688642474817664e-01,-3.535030703212726499e-01,-7.125305680964152955e-02,-1.425655664066559913e-01,1.492364156801092856e-01,7.844113040902214729e-02,5.031917988568979094e-02,1.473108610729737533e-01,1.599920886406846210e-01,1.792516777295641295e-01,2.763263285070433617e-01,-1.141277064359483284e-01,-1.385860110924414246e-01,-2.406065078185419259e-01,-1.656791886941418393e-02,-4.870836848306592942e-02,-1.923332527626082367e-01,-3.032867207185347899e-02,-5.318156217454872783e-03,-1.808447705946995276e-01,1.796930128087617998e-02,9.318222753293999017e-02,-1.913701493864069514e-01,3.706794598177438615e-01,2.111215711430362574e-01,1.491091740474591032e-01,9.191949969971099921e-02,3.719844262374782246e-02,3.918643868030555755e-01,8.197350274118596347e-02,1.751653834670933996e-01,-1.386177663813776065e-02,-1.991866400870789811e-03,-5.980578683505055788e-03,-1.296484863767108538e-02,1.137858488668373608e-01,9.677921618004572957e-02,-6.301726477264624204e-02,3.930654195901506220e-02,8.540665581849025967e-02,-5.283487178178702948e-02,1.041413360230671881e-01,-4.461630840780899526e-02,7.569861174922506986e-02,3.910240502307141958e-02,2.082611558256315665e-02,9.896953496610981504e-02,-2.791738741384040129e-02,1.102841702891727560e-01
-6.231901299337320177e-01,-5.862430461942541582e-01,-6.078687007919781893e-01,-6.571327056473684758e-01,-6.250161137160789027e-01,-5.771504731379705211e-01,-5.844568217590481174e-01,-6.542778175185316458e-01,-5.958982790017433029e-01,-6.434372456506387561e-01,-5.917993014178214439e-01,-5.371267987887746731e-01,-5.962205225945965692e-01,-5.737079156212391284e-01,-6.540595792922409002e-01,-3.767215500202020229e-01,-2.874443365381592619e-01,-2.606213624703029863e-01,-1.895390622944616577e-01,-9.601344999900121580e-02,-1.855266153703755139e-01,3.161968194422920542e-01,4.211559658317114985e-01,4.224403746512280788e-01,4.125926058039325883e-01,2.398210677471759866e-01,-1.586858230493632879e-02,-4.029584733375615735e-01,-3.288053722169271831e-01,-3.357237593120876995e-01,-2.193026563012770436e-01,-4.858330679238573868e-01,-1.571763001126604692e-02,-3.821738037080520956e-01,8.130286260094073125e-02,-1.071103312383013401e-01,6.207258781228865846e-02,1.961053070326370384e-01,1.495469852158726465e-01,2.538297729559962357e-01,2.437443334534827033e-01,1.285680948040215238e-02,-2.756233843578475562e-01,-3.904638270194364935e-01,-2.189737450527191875e-01,-3.339761268311382536e-01,-2.260955884453846321e-01,-1.189700659701274782e-01,1.357680164682258661e-01,-6.944171566714948951e-02,-1.952755713375250168e-01,5.486248568254067232e-02,8.603799742618464808e-02,2.033136220467833544e-01,3.826787059834823035e-01,2.299316713261995160e-01,1.674062461397875234e-01,6.292056928524913939e-02,2.060469168325960443e-01,1.145618110848049402e-04,1.162082656444471257e-01,2.776488951357625745e-01,1.871358911256930380e-01,1.987185351616871098e-01,8.358106846189231054e-02,1.710660349786054801e-01,7.923918446438069085e-02,4.690779653216655548e-02,-9.521778488569612731e-02,4.134362620108002206e-02,-8.786279081855788778e-03,1.044083213159924944e-01,-1.937264781106777089e-03,7.797084656357616828e-02,1.702936576994757908e-02,9.731227260734677531e-02,1.231272689954299310e-01,8.883552709033440409e-02,1.781594667239718988e-01,3.024121509012385745e-01
-6.246231021045622889e-01,-6.083293977151785770e-01,-6.008848388205676461e-01,-6.195720681553370524e-01,-6.071453601980032477e-01,-6.564235229616401934e-01,-5.984790587924321281e-01,-5.736470513183667963e-01,-5.898433301088897851e-01,-6.607398707583712616e-01,-6.346915554048330188e-01,-5.923606930499611956e-01,-5.552610354399426518e-01,-5.132140193097231018e-01,-3.767868486077005086e-01,-2.673730321463000936e-01,-1.846229303305265135e-01,-1.736516693278830348e-01,-1.713047179785923135e-01,-7.942253304139028358e-02,6.003519927347754637e-01,2.051079705653212348e-01,4.074864214997916956e-01,3.549074240641042488e-01,6.634333082391810632e-02,-9.596184601617196996e-02,-7.458918139179609996e-02,-3.752191802701368983e-01,-3.757400637200185023e-01,-1.101742003356229738e-01,-8.707485101888104428e-02,-1.544144311033253392e-01,4.347105294474018717e-04,-8.470391880986058442e-02,6.868393071102114888e-02,2.005267525448828636e-01,3.482217797988234609e-01,2.328191189608397882e-01,2.820520981731274301e-01,7.338085282154591105e-02,-3.038874917693410588e-02,-1.781936389871726090e-01,-1.283004467289803885e-01,-2.439021820393272033e-01,-2.293970912028093778e-01,-1.347340732708468269e-01,-1.823969118267187439e-01,-2.441232785601806232e-01,-2.433393399374418065e-01,-8.382365571534328152e-02,-1.744522232866257128e-01,-3.722591538499527009e-02,-2.932579804625886494e-02,7.294602816326137273e-02,2.152709753186659303e-01,2.322119792036813624e-01,1.498208239000490549e-01,9.459347328260302168e-02,2.512294752744491655e-01,2.635738914066211303e-01,1.019639693852097129e-01,1.919418648506766856e-01,1.846645980318446234e-01,-3.831990152203599426e-02,5.131320250411719464e-02,1.606484414790855519e-01,-6.956955304077323821e-02,1.317138741276823732e-01,-9.819923759687493314e-02,-1.613666232753775132e-01,1.038361037489424904e-01,2.263600149119237848e-01,6.862249586859241191e-02,2.606866163006841264e-01,4.191362095594294152e-02,1.486786037630657420e-01,-4.121245626212931973e-02,1.619320430212392026e-01,9.147330429487261771e-02,7.500404578058875171e-02
-5.960559416396237209e-01,-5.934951111385541322e-01,-6.099398166155051149e-01,-6.182144776060791713e-01,-5.967191471710230344e-01,-5.858762585248172838e-01,-6.285783327941274479e-01,-6.660385977106731969e-01,-5.803115330600945310e-01,-6.024836790456252755e-01,-5.442916837071660741e-01,-5.389422731223791896e-01,-4.602568302767818809e-01,-2.827985353649040690e-01,-3.505076647957173219e-01,-3.057391686164341871e-01,-2.273830228812810661e-01,-8.846672016511886172e-02,4.407968633055326935e-01,5.505554021499613482e-01,1.448638982704571754e-01,5.807523080506070690e-01,4.405071221214387212e-01,7.240492898822918633e-02,-2.346572999543670435e-01,-3.606305461048562866e-01,-2.564820438891207144e-01,-3.932478783592048277e-01,-3.381378076650290443e-01,-1.182300598679851128e-01,-4.039042361141250703e-01,-1.161298080511023456e-01,-1.897344588773452190e-01,2.251276060320234196e-01,7.676126180296469204e-02,3.355666109689652704e-02,1.200479746003796505e-01,2.709761496591524543e-01,1.915729172898831545e-01,1.214096193094362647e-01,2.099643215731392398e-01,-1.574553866304790606e-01,-2.335630031664119588e-01,-2.516548070818613314e-01,-2.926274925099842661e-01,-1.438170172859954132e-01,-4.461908442763912186e-01,-1.142273688202431886e-01,9.311490965011551962e-03,-2.810683061147928319e-01,-1.088796196850791848e-01,2.670799292585936957e-01,5.667552180978007587e-02,1.851197539141486714e-01,3.725811636788363135e-01,2.182923869276556794e-01,1.626354558638961334e-01,1.033844386742513582e-01,-2.042444116797448306e-02,4.036667105372793857e-02,1.328927735749226846e-01,3.473898969373886286e-02,2.687178002463131987e-01,1.264801677145888092e-01,1.056547142686710822e-01,3.822856547739040406e-02,-4.392628445978823126e-02,1.088295431899343746e-01,4.066489288248011785e-02,9.903206185972718290e-02,1.626068312933271476e-01,1.435935774094807826e-01,8.723684657365980699e-02,1.929379893932937906e-01,1.366724827042889723e-01,-4.461267864621698553e-03,2.005603228529313220e-01,4.548125060136904221e-03,-2.144301557351477594e-01,7.068230886790458078e-02
-6.251690822320356000e-01,-5.900325406775480674e-01,-5.751924380797622804e-01,-5.889645579323367075e-01,-5.954705708845984269e-01,-5.566189724734436073e-01,-5.875187541547829406e-01,-5.382561336793926232e-01,-5.817679414164536045e-01,-5.310315216107764913e-01,-4.707150900932071114e-01,-3.720302028832274677e-01,-3.411970709616527486e-01,-2.739199166259064233e-01,-2.880991716055111285e-01,-1.782659938682032430e-01,5.509215805963108004e-01,4.548016668693506959e-01,6.189287529047555747e-01,4.022885992778054143e-01,4.840132666826810204e-01,2.483834901177136845e-01,-8.502205334082790777e-02,-1.400260051828298991e-01,-1.635673332885512476e-01,-3.255407845002428191e-01,-4.121559078818873290e-01,-2.440584154475816669e-01,-2.617903955786273218e-01,-3.408015939728392119e-01,-9.572343851798557901e-02,-4.177703975318258767e-01,1.162616982395761889e-01,3.622515415897312185e-02,1.685863260365912386e-01,1.887648020787640324e-01,7.709448168055801909e-02,1.752478231977832868e-01,1.980634151559636791e-01,1.864355244586462512e-01,-1.758859990372462767e-01,-1.308400829084612194e-01,-1.527876378793845691e-01,-3.014427260309541223e-01,-1.164349288786509368e-01,-2.721993080837353807e-01,-3.508637153566716155e-02,-1.918053984170880188e-01,-2.592003677891275282e-01,2.119394245846519670e-02,-1.152346126098996726e-01,1.247587813448124555e-01,1.283861131387337429e-01,3.566412848008868042e-02,2.043013433022619063e-01,3.507506082132959557e-01,7.913871426620411320e-02,8.144877572639863672e-02,7.121833368112842622e-02,1.107283484834713089e-01,1.505342300529214083e-01,1.577564707433266600e-01,8.444216711257317154e-02,8.085838822211573185e-02,9.033547629223652453e-02,4.190189764485893059e-02,1.611959564610236373e-01,7.113015476395898040e-02,7.411727829234229792e-02,1.440617202864415136e-01,1.783961193398864858e-02,-1.689792360093491930e-01,1.791523594620604218e-02,3.458127402834578756e-01,3.039647301860984863e-01,1.282840718753146259e-01,2.353803972670851508e-01,5.703618709733828535e-02,2.273571767505356070e-02,-2.446597217681908687e-01
-6.009369439179917949e-01,-5.942017923064610851e-01,-5.923491763726681514e-01,-6.283360198471822367e-01,-5.615197340788217195e-01,-5.651962434093980026e-01,-5.762385466537384149e-01,-5.927440858334004359e-01,-4.322829847753980603e-01,-4.013892876800996823e-01,-3.785816868732920226e-01,-2.985695372584605822e-01,-2.726451414748841118e-01,-2.181155529479599231e-01,4.079955129518288426e-01,4.736501991374918452e-01,4.643675018953221656e-01,4.785298586185356418e-01,5.879565494502740908e-01,4.891095090306893933e-01,3.332353925428854780e-01,-7.707888137646692894e-02,-2.113174516942371572e-01,-4.396307329582360146e-01,-2.855636359141651703e-01,-3.731733939045154269e-01,-1.531049564523796203e-01,2.567711174103105842e-02,-2.530241406887765998e-01,-7.251791610243479846e-02,-4.994207080702865731e-02,-2.060643513011503961e-02,6.787391373614230783e-02,9.034766620398385073e-02,1.403956656084856813e-01,1.164395163051800963e-01,3.342465800517401830e-01,1.175594071711209970e-01,1.216293655409579760e-01,2.191983548379039803e-01,-8.023165964727266286e-02,-2.718125250098107348e-01,-9.901737574266390729e-02,-5.507204673723702093e-02,-1.150791585613006734e-01,-2.157461807462282277e-01,-1.093089049430882725e-01,-1.551385516343055555e-02,2.074835706034418650e-02,-1.748564893407319187e-01,-1.600766373377369156e-01,1.326008585387893068e-01,1.540733966403316779e-01,8.838404444379133196e-02,3.127191649660942541e-01,3.562304908434453798e-01,1.453029059195101724e-01,6.782243948682631363e-02,3.448511691091241116e-01,1.733372475752594510e-01,1.057732196695938126e-01,1.399827268085619691e-01,1.180702910337313311e-01,1.228107844153832756e-02,-3.557638735108055450e-02,1.667543710083293773e-01,-7.791714369622626535e-02,7.635830958490398557e-02,5.484984755122745276e-02,-9.993617647271307858e-02,7.293032573347328629e-02,-1.773810565292626915e-02,-1.715667703176181058e-02,3.955141978301102840e-02,2.009245696290536728e-03,5.466310082145306448e-02,6.961338973745913317e-02,2.444331083343608685e-02,-6.035570013009656370e-02,1.300403611486583566e-01
-5.786060071177075992e-01,-6.062987897126499437e-01,-5.766460922011665824e-01,-5.622286332195874925e-01,-5.650917939247429578e-01,-4.709990122668942791e-01,-4.246896237250192274e-01,-4.179505233161832645e-01,-3.556348392082215870e-01,-3.270421926825065606e-01,-3.312425645452972689e-01,1.762796709878694246e-01,3.693728881946223841e-01,3.846758747177371207e-01,3.657456552935165472e-01,5.228535016853701478e-01,4.585176392516584487e-01,4.988804137527169669e-01,3.147903708535528255e-01,1.959343250723192265e-01,-2.865040686990249497e-01,-3.946017674740539549e-01,-4.747170338010138213e-01,-4.507034590739504853e-01,-2.215901328744233623e-01,-1.907263333397836436e-01,5.303274157653558446e-02,-2.794562358117320122e-01,-3.961521179802343640e-01,-4.410500451880268458e-02,-2.167524938266723322e-01,5.159483551240200139e-02,1.372842512646164637e-01,9.269639147220905262e-02,7.382957508289693382e-02,1.575041978105766460e-01,2.703754355898546069e-01,2.935136506126902467e-01,1.020210790416421626e-01,-1.814898893232281263e-01,-1.875001545599875308e-01,-6.967812715882706898e-02,-2.660083033627725912e-01,-9.163733822017204600e-02,-1.891830578259754425e-01,-9.389202626495332313e-03,-2.418685933594446891e-01,-2.922771979276492238e-01,-1.173792982707112936e-01,-8.693685704702172612e-02,-7.003902372278075772e-02,3.795786868933172242e-02,2.154449644670678246e-02,1.023671242638163059e-01,3.060365794974295728e-01,8.313951977054315906e-03,-3.925347209824514680e-04,1.768731866937859054e-01,4.809637785002803673e-02,2.436983031196099936e-01,1.798441666959976204e-01,7.604900412637695395e-02,1.699792945397436417e-01,1.407712457698099828e-01,9.782140394547254869e-02,-1.098755022384980823e-01,-2.474332824370462092e-02,1.177822514454668623e-01,-2.424440936124037244e-02,-1.977425330488302626e-03,2.338731537654743786e-02,1.355987931258437196e-01,2.104284034998305519e-01,2.299710252506456387e-01,7.380275879916337045e-02,1.190971922059964883e-01,6.387706200890946873e-02,1.216341974148783395e-01,1.678856791960857409e-01,2.317490437329232031e-02
-4.766548528717530764e-01,-4.842938749949164401e-01,-4.317445342573179023e-01,-4.324894364634375155e-01,-4.264745471101321628e-01,-3.971542499619054589e-01,-4.914563868941955738e-01,-3.333234107241350164e-01,-2.947558776400244218e-01,2.734504550320011537e-02,3.040673364913166199e-01,4.032024224733438134e-01,3.845350539963887093e-01,4.868187168267592568e-01,4.922974968434513099e-01,3.825337850810542339e-01,6.628567880961432068e-02,2.361466406342456748e-01,-2.309076761351785967e-01,-2.875915565800440943e-01,-4.044795369700092125e-01,-2.085589976070142404e-01,-2.495993398267559171e-01,-2.910643956869393700e-01,-1.957448609288589270e-01,-6.595963033166304945e-02,-1.707666135597065427e-01,-2.717607817611815066e-02,5.781977687703551000e-02,-2.465545664901792611e-01,1.007187098206579479e-01,1.562129657652416570e-01,4.371980145399922274e-02,1.557245545722095448e-01,1.007495392619226632e-01,2.126752938727052011e-01,2.184239253446271789e-01,3.425402138639948579e-01,1.697393822474665415e-01,-1.808957159897929823e-01,-2.983009886034990732e-01,-1.879988821739648208e-01,-2.128428858674714652e-01,-1.792552186058831154e-01,-2.602597970743821265e-01,-2.078332113733024622e-01,-2.573500214124603211e-02,-1.091924782300398022e-01,-1.294995986079844341e-01,-1.391770394093730379e-01,1.842798693159174162e-01,-3.067572430980159293e-03,7.053177846968364251e-02,1.848508797969396211e-01,1.230156255793591058e-01,3.378649071964397871e-02,2.244991771434333705e-01,2.282362154816348909e-02,-1.946449546258286964e-02,1.708070033751823702e-01,1.612591430152379712e-01,1.903853973645059372e-01,1.088580324300187779e-01,-2.556492374000552889e-02,-6.729682961949309816e-02,2.253876866852359828e-01,9.931925145966674640e-02,1.410856010621861223e-01,1.904294554978606252e-02,7.274922833951873169e-02,3.434481910975793750e-02,-8.211395382198817539e-02,1.860889439546512814e-01,-6.769676393936580050e-03,1.001192827351958387e-01,-3.891766476823061566e-02,1.259704039256300812e-01,2.605468782268166583e-01,3.001542258184449266e-02,-5.049980579011966592e-02
-3.338100119127089815e-01,-4.301228299461357651e-01,-4.244854562176348933e-01,-3.883316587763542271e-01,-5.301767734044436908e-01,-4.922275422170104830e-01,-2.683223043699450860e-01,-1.282073642887078535e-01,1.157644413387981103e-01,2.662168988673611625e-01,1.028792146431685983e-01,2.922326875912723554e-01,1.290938904568745271e-01,5.595725752845092521e-02,1.379043962333257045e-01,-6.771095981317439005e-02,-3.742745173929108975e-03,-4.182526542759645305e-01,-3.280517349935572757e-01,-4.208707932398392249e-01,-2.886835086096661840e-01,-5.066480586924603235e-01,-3.631976795909402367e-01,-3.961198966912377745e-02,-1.822933269828763414e-01,-2.838822981045597271e-01,-3.371593660233470624e-01,4.695182279258773572e-02,-8.010380390141431939e-02,2.126057875329869559e-03,6.851598733928371265e-02,2.252263790156427692e-01,1.518269198661688635e-01,2.261444151616119613e-01,2.790874350501547085e-01,2.601654845763576862e-01,1.491560183951494978e-01,7.436636560527730422e-02,-2.003311474735311737e-01,-1.620406998917141017e-01,-2.642344166299190333e-01,-1.619206360567180536e-01,-2.843235037251778397e-01,-2.916869541542930211e-01,-2.742091419152010712e-01,-2.113928230940289310e-01,-7.129161867001369834e-02,-1.796912048416681729e-01,-2.097056354233187703e-01,9.644585586100769270e-02,1.944841457687479791e-01,1.730497039539791726e-01,1.410731266046047205e-01,4.436768859168970791e-01,2.745475865434512386e-01,1.810970365077632926e-01,1.907235680983169757e-01,1.893594204319279384e-01,1.365883806641446097e-01,1.232976936346768526e-01,2.980655333257303460e-02,2.497322870543473294e-01,2.401927664469608991e-03,1.369117702148440752e-01,-1.285556237750005160e-01,-6.595006187232667350e-02,1.458175672445517490e-01,-9.429351903232092991e-02,3.110744017987116666e-02,2.849615497484339621e-01,5.009619791108088638e-03,2.318002375787039659e-01,2.923403345180103710e-02,3.323559678209704604e-02,3.348400798374761428e-02,9.792941405591469584e-02,1.938793951032061758e-01,3.345602940549097931e-02,8.288374285912260275e-02,7.995027416154606992e-02
-3.828231493031751254e-01,-4.884369108714865515e-01,-2.869533398589222961e-01,-4.088787635052445468e-01,-2.989805279305821628e-01,-3.617990952784362890e-01,-4.050543809597130784e-01,-2.905270103095509288e-02,-6.775438019272798928e-02,6.123389675328388265e-02,-4.440372914237877139e-02,-2.308673164167638070e-01,-4.159066657813088180e-02,1.335678586107526544e-01,1.028955954431129277e-01,-2.363423069350210626e-01,-4.421155598182330837e-01,-3.275184140428317181e-01,-5.704871664648542007e-01,-2.746036094754463752e-01,-4.438562220459639773e-01,-1.338868698014491210e-01,-4.307369539701457195e-01,-1.894023204962445861e-01,-2.083088680966419526e-01,-3.964634830188324965e-01,6.124248791954511190e-02,-7.481196154407772358e-02,1.791964083518497383e-02,4.825259883689628909e-02,2.601058572194354102e-01,1.690502801472060501e-01,2.781643998055237654e-01,2.140339479315695459e-01,2.770336185305416477e-01,9.128935622122962001e-02,1.899261485551574646e-01,-7.468203072706600110e-02,-2.510942925853549279e-01,-1.051978345323323627e-01,-2.881900419015349657e-01,-3.224446847022823248e-01,-2.668437412695041089e-01,-1.192157431898832193e-01,2.427375278923657176e-01,-2.191864161516498544e-01,-1.962076900152662229e-01,4.206027233229270995e-02,-1.382617303303897982e-01,1.908005126389394901e-01,9.422723944720182154e-02,4.195731128159640305e-02,6.297976679760522445e-02,2.828901416707857996e-01,3.151020950531692733e-01,2.945643999521351808e-01,7.883772889561727060e-02,1.028147500051152102e-01,1.654934747405925333e-01,1.553812876248277519e-01,7.607595045484465135e-02,1.852528324936144818e-02,2.051830719631059230e-01,1.063894696485096075e-01,-1.059167356162490498e-01,1.990241366502969456e-01,1.116566637172058535e-01,1.373870823855923573e-01,-1.402912083989181213e-01,-4.830956905081032482e-02,1.486636444894643694e-01,1.484145595207293222e-01,-1.014752143919622485e-01,1.111541827772345864e-01,1.186297770026176618e-01,-3.009636130233138418e-02,1.130878340351842565e-01,2.393891248850985726e-02,7.773787802891916898e-02,1.250696584694506730e-01
-3.572603948206385938e-01,-3.312403316776877937e-01,-3.607818670742158895e-01,-3.112081853817953436e-01,-2.239590584591887590e-01,-2.752732979744499375e-01,-3.668661698574580132e-01,-5.348223767703993992e-02,-1.980993825059325641e-01,-2.259572060344815503e-01,-3.168126464123794395e-01,-5.182054312560080422e-02,-1.534536512044927803e-01,-3.106583617771124239e-01,-2.968688438070712921e-01,-4.695653383887629650e-01,-5.155537990816138061e-01,-2.243643341748343123e-01,-3.189428482909117402e-01,-2.936448094242801177e-01,-2.209885289943569475e-01,-3.335663986028490346e-01,-2.406184830824038556e-01,-4.387272421019992041e-01,-3.213503747766887630e-01,2.695948444402922542e-03,-9.761639762182784674e-02,4.437238538943840543e-03,1.662393223468710823e-01,1.195841537328009851e-01,1.849500248249449086e-01,1.935751356747155427e-01,2.754207220118580213e-01,3.280053980142439984e-01,1.906519563711291942e-01,2.790807003241693729e-01,1.255970730864177688e-02,-2.597183776281418166e-01,-3.249748414974277799e-01,-3.033386372897782790e-01,-2.213122593837626439e-01,-2.030976525605989180e-01,-2.474951626179597297e-01,-8.030672597500964488e-03,-1.246536247894552280e-01,2.818546336362012447e-02,-2.242086011516685462e-01,-4.830267033485049349e-02,1.712649974065431902e-02,7.854444889233626326e-02,1.449234161405714982e-01,3.195052164043296616e-01,3.844827590843776788e-01,1.589718291187419419e-01,1.730827183230555788e-01,2.507663361423596582e-01,-2.367106044090485154e-02,1.642150699171826822e-01,1.269716267152445621e-01,1.037181654231086186e-01,2.140734218249063514e-01,3.333792661919943723e-01,4.513090834710099808e-02,1.350974544186542003e-01,3.431596708484661168e-02,-5.012724397442601398e-02,4.187868257289090873e-02,1.105368430814759328e-01,1.104434757595044135e-02,2.396866342108510198e-02,2.004055720740353375e-01,2.435089534473961967e-02,-4.258732449208842532e-04,2.312977082551560537e-01,2.410955408947398348e-01,6.967371304486895400e-02,1.458164335859274685e-01,7.075499014171618417e-02,1.465018828770285608e-01,-7.724250656873456189e-02
-3.667001432487940749e-01,-3.532862669392606847e-01,-4.006593618431654735e-01,-4.817204907235100309e-01,-2.330638643633848039e-01,-4.250579431879989989e-01,-1.187579615382299558e-01,-2.047903710338850047e-01,-1.376406301946976329e-01,-3.719269519355685172e-01,-3.739772006931678661e-01,-3.659607804110084350e-01,-2.326298559039152170e-01,-3.556624196168636232e-01,-2.578760078474300887e-01,-2.151811826353267343e-01,-4.290637360475765827e-01,-4.936129586430268446e-01,-3.170702506578326751e-01,-1.924059339283838432e-01,-1.765435589996457444e-01,-1.485905533556652613e-01,-2.727947070329646562e-01,8.044652930894041765e-03,1.713195027682910265e-01,-2.052382716719619304e-01,5.960862953356639571e-02,1.008227555862854230e-01,6.083638840896581079e-02,9.554321019774426882e-02,2.315119167999230010e-01,2.685716731927089151e-01,1.490654836063386446e-01,2.223603140851483362e-01,3.199265429460115273e-01,8.265794882462960957e-02,-4.315101468273178642e-01,-4.127757239470318251e-01,-2.916875349546386165e-01,-4.210474026099659262e-01,-3.210955142569370535e-01,-3.231141288853296989e-01,-2.114866792297057374e-01,-9.327875821885196761e-02,4.476107233701583478e-04,-5.135570969127081081e-02,1.807770151849604490e-01,-6.023935683086285159e-02,-1.061919661265282033e-01,1.273061675722470670e-02,1.552804597454076341e-01,5.951404492385765216e-02,3.536666435100855876e-01,2.344507354234294794e-01,2.266850116887468292e-01,1.914127828079146554e-01,7.406551291894790390e-02,2.801531367733977596e-01,1.523260268538344786e-01,2.164775886503750579e-01,1.746485835044188084e-01,3.380087375097372560e-01,5.331232501786187933e-02,-7.057488927381005972e-02,1.329884065910204582e-01,5.576757028264300517e-03,8.660417521954674736e-02,-8.633510584291097245e-02,2.014057961340109670e-01,2.548525199420071524e-02,7.523872700998066911e-03,1.629963898301617919e-01,1.985790646088873428e-05,1.206463616027714097e-01,1.934076533525084796e-01,1.091459516847686773e-01,5.132838601698191255e-02,2.280052993540673811e-01,1.461320094107028678e-01,1.244197533633274316e-01
-3.043786893685822559e-01,-3.797519865603686262e-01,-2.972162744922457467e-01,-3.600009790903427875e-01,-4.348651817862433933e-01,-3.758330601832972073e-01,-3.020792919022223244e-01,-2.831977752069090304e-01,-2.159638527117119788e-01,-3.875108325759499261e-01,-2.251106004572994979e-01,-2.663448362163836625e-01,-3.048906016791176898e-01,-1.030614187699269019e-01,-1.535360349644458999e-01,-2.878201641573957525e-01,-1.393990906769550786e-01,-1.506750475518075505e-01,-2.137587531697889842e-01,-1.900426268275130226e-01,-4.504562982958855155e-01,-3.218086330041112220e-01,3.541592747876137846e-03,9.614848924255089968e-02,-9.392039554697428905e-02,4.488090450572106149e-02,4.778993224365106485e-02,8.259795968093151808e-02,1.499782770686873823e-01,2.076801133482837070e-01,1.709798140037626923e-01,2.454717157489896828e-01,3.226808353783485184e-01,2.811947491431069923e-01,7.581618381246278682e-02,-1.934650956783487766e-02,-2.813442610832799229e-01,-2.150636060206179423e-01,-2.057444232172008780e-01,-2.137354308531155545e-01,-3.067338154449282817e-01,-1.131163972813650359e-01,-1.399518860074504545e-01,-1.336916708632342188e-01,-1.226285316323407898e-01,-4.491275618690238058e-02,8.044091472111486452e-02,-2.079182574809788631e-01,-1.655742612480087250e-01,3.651055147907013299e-02,2.231079465601563117e-01,2.170035658729759995e-02,4.022250645207568476e-01,3.955520348944394637e-01,2.789917937778801371e-01,1.618111683089230313e-01,1.752698053189199190e-01,-1.377697727986905707e-01,2.236679620282986947e-01,2.187482163970202176e-01,9.159724857366043083e-02,3.084845980373382424e-01,6.982792636388987506e-02,9.887739069123549496e-02,-1.007994778057936039e-02,1.625883505758755621e-01,4.481735945233666224e-02,7.111545757035638016e-02,1.396371830153106119e-01,1.058508384870086583e-01,1.274798435149369566e-02,-1.551227633887744366e-02,1.027683635607798268e-01,-5.247018075142464294e-02,1.603456075520140189e-01,1.042023551225369354e-01,1.182258766252230059e-01,6.455903120102660098e-02,1.152172875276598618e-01,1.502301395495721226e-01
-3.480969427620996814e-01,-3.707209936047654586e-01,-3.504199664473057196e-01,-2.583956778289200340e-01,-3.787587670530250805e-01,-1.886447266421382996e-01,-2.101727506043337412e-01,-2.701056101995173431e-01,-3.213741814225412607e-01,-1.715221001997689343e-01,-3.537301790250366174e-01,-3.407659609613015173e-01,-1.335759246039353310e-01,-2.284020732634526596e-01,-1.229903139754363883e-01,-1.005938312016688985e-01,-1.176509152912711270e-01,-2.536888485734939969e-01,-1.166739772222658289e-01,-2.129732633654007334e-01,-2.657828096351284586e-01,3.827371111626689387e-02,-5.777008490180056410e-02,-1.630611862703175707e-01,-4.289337667070872162e-02,2.028982367362787975e-01,1.374951951543076922e-01,2.185176016420090350e-01,2.346241449329575235e-01,2.481431979828558343e-01,3.350890927331517943e-01,1.911680542909909575e-01,2.794060595090908650e-01,2.527970272975645916e-01,-6.512033803423521172e-02,-2.441197443548367985e-01,-2.889687426233183976e-01,-2.141173361059627855e-01,-2.337818851872895953e-01,-7.805757735968159305e-02,-1.009888691132214411e-01,1.288700499564080226e-01,-2.215896881777488781e-01,-2.988591493496601248e-01,-1.057760938819207325e-01,-1.320166334987581992e-02,-5.208518194663141337e-02,-2.135627658284262043e-01,4.878048265848526632e-02,1.596957112517584099e-01,2.038726321898731014e-02,2.110122816948445390e-01,4.727130331111868977e-01,3.858446136992934039e-01,1.379958670092188144e-01,3.004673271842033810e-01,2.601943827386897223e-01,2.254716322940603923e-01,1.316934331704892602e-01,2.643496347101487176e-01,2.320514023329091069e-01,1.402898067307029317e-01,-6.598802705802919548e-03,3.885769340320095744e-02,2.516318358046317274e-02,1.704953599190941194e-01,1.409563557756181307e-01,4.178332021960755316e-02,1.830649210428962337e-01,2.036389655389176656e-01,1.278440709037245993e-01,5.876377059599460079e-02,9.230422261550139118e-02,-1.253203692540882973e-03,1.460112835530074649e-01,-7.219341523193731347e-02,2.217497727785179007e-01,2.429268172160969994e-03,1.087433913544046532e-01,6.675112280565836942e-02
-2.495206666155282693e-01,-1.836367924401301477e-01,-3.642487700365917291e-01,-2.156723041415938014e-01,-3.586728627800517821e-01,-1.468714844069867465e-01,-3.038315591061891974e-01,-1.100398610085521478e-01,-4.859630538922264653e-02,-2.719364752004140295e-01,-3.428950941301110444e-01,-2.160089448432973847e-01,-1.947983018846610181e-01,-1.949211358584671538e-01,-2.397000688636347424e-02,-3.214506696387440798e-01,-2.384792392206523948e-01,-1.852156209763676231e-01,-4.509507966664002554e-01,-8.688780556468152227e-02,1.381775421458612124e-02,-4.576779596677414685e-02,-1.693358045351665564e-01,-1.589714884151889260e-02,1.381589006375088524e-01,1.372440655440181900e-01,2.155857932120812948e-01,2.223846105059558709e-01,1.945112932298408426e-01,2.127667422489601945e-01,2.365163813711852747e-01,2.897926035351135465e-01,2.944319463115376290e-01,1.542855108228703698e-01,-2.793402089134184307e-01,-2.817645295870608302e-01,-2.401086093465118754e-01,-3.299935630376858997e-01,-2.974104591656656638e-01,-3.120479042229354905e-01,-1.969584386085680150e-01,-9.450853473691181450e-02,9.948475250167948536e-02,1.582438336651976196e-01,-1.147358474314946891e-01,-1.645680638602232959e-01,-9.753268895936488547e-02,1.517893629551153867e-01,-2.121965768377041123e-02,1.507163620281430916e-01,2.492189481741488022e-01,4.518094257491748200e-01,2.873429642714851462e-01,1.705069270607969534e-01,1.606407205468713892e-02,5.557601164844278713e-02,2.909489471464742905e-01,1.404572120392262313e-01,2.320954838727213032e-01,2.085350599345988654e-01,2.013153498973451194e-01,1.884744305605269843e-01,-6.553698211780145666e-03,6.733405661785091256e-02,2.101233809713878020e-01,1.423113152475151133e-01,3.342215208568590779e-01,5.948266214809894842e-02,2.450639621790857703e-01,1.255700261013633356e-01,-6.698921122063433709e-02,1.830989094173646886e-02,3.306023097106224051e-02,9.514728775036399022e-02,-7.641738498621877818e-02,1.734882175371233459e-01,-7.368203405843316844e-02,-7.698128049577619703e-02,1.319765594722352164e-01,-3.390939701838773662e-02
-1.157181937483923589e-01,-2.670743517572476966e-01,-2.912974112745541078e-01,-2.851656209773312245e-01,-2.497727741151178904e-01,-1.373260955516934223e-01,-2.316266619362236934e-01,-2.720067178931114826e-01,-1.103380465764980251e-01,-2.609735053044600073e-01,-2.782756290510448038e-01,-1.347568807045630424e-01,-3.068713185479252648e-01,-2.602118615981675598e-01,-2.427733429615302196e-01,-1.339479529219488596e-01,-2.648755511722268863e-01,-7.621510787110179208e-02,1.841171116388080620e-01,-1.330433366582507160e-01,-2.756504864291889345e-01,1.044975826459939097e-02,1.815477525223369859e-01,2.450808089730806827e-01,2.281045150808096722e-01,1.524510580273369664e-01,1.248658594641911118e-01,3.371022097389719807e-01,2.912296166627015293e-01,2.565643456006427292e-01,3.278221698810483975e-01,2.684371357546807002e-01,-1.164206148740115493e-01,-2.978609115813192210e-01,-3.296800231212331789e-01,-2.616776004908684117e-01,-2.449956644340520739e-01,-1.342283071664199245e-01,-1.454442246753108736e-01,-1.861165824103307442e-01,-2.278639824112150269e-01,-1.988377362686592209e-01,-1.820279638561385083e-01,1.298872386559007854e-03,-2.139854477305589975e-01,7.343300778825000152e-02,-2.318471546597287991e-02,1.128451572245164486e-01,4.831214866880990250e-02,-1.797186396031933689e-03,2.081401354185249408e-01,3.515226710768383223e-01,3.125469162505010723e-01,3.870751249051578857e-01,2.239681596859285570e-02,2.062462486445729715e-01,2.040237711628044570e-01,2.930964541677801849e-01,1.595304968776129484e-01,1.982071418226951931e-01,1.910230705781967298e-01,1.592480857709774045e-01,2.113198124592598759e-01,-1.184713865483896615e-02,3.384143077809567690e-02,6.645389056338452116e-02,2.028666218283139630e-02,8.439224016296144326e-02,1.141794545753391232e-01,-1.009230452479872447e-01,2.189825336409386147e-01,3.425044003995578873e-02,1.614985578738033223e-01,1.742212623389995940e-01,2.292212638429323712e-01,3.238928785579277547e-01,1.558184002073874086e-01,2.221544050038274654e-01,-2.072262230556260257e-02,8.087489166015161823e-02
-3.596754561510934201e-01,-4.263089043191475858e-01,-1.411961045137975768e-01,-2.846557833101266977e-01,-1.714065991324013327e-01,-3.238422371505462749e-01,-2.327188238460547731e-01,-1.960356352073748254e-01,-3.354837944761380752e-01,-3.213713072110318536e-01,-2.541492378068465063e-01,-1.712101382647231163e-01,-2.009946156349125546e-01,-1.413814591256555009e-01,-3.342823749622822471e-01,-1.840672437933624506e-01,-8.205795397524119628e-03,-9.326221420764560510e-02,6.543699013435864444e-03,-1.399734762180669147e-02,4.286694347807133015e-02,1.325911110764811107e-01,1.479957891157312189e-01,1.729588311636066911e-01,1.459069725057837164e-01,1.980657024358499496e-01,2.854123366465094458e-01,2.689940836187684758e-01,2.144198130317714890e-01,3.417260462369881013e-01,1.863016530428530937e-01,6.136959446884762692e-03,-2.024411224637319429e-01,-4.476129026815227618e-01,-1.056436090679757911e-01,-3.304310216806531364e-01,-1.936359409142487109e-01,-2.794104291058323586e-01,-1.467051053540079364e-01,-1.447913089417167953e-01,-2.369637191316429914e-01,-1.676175931625454862e-01,-1.138455731915670177e-01,-1.180297326619255127e-01,-1.497890599731463712e-01,-1.505914284632289546e-01,1.183442288933449632e-01,1.376338365617860993e-01,5.473542427827789852e-02,2.489428966095273421e-01,3.180719067987494153e-01,2.976523217759114437e-01,3.250410687837917423e-01,2.102114591675253163e-01,2.007808646386936846e-01,-4.062510687464761933e-02,3.106581720719236439e-01,2.374694657418837118e-01,1.121026851763455429e-01,3.424564789862258873e-01,3.302323801161097250e-01,2.708265678235063922e-01,1.665558983715235419e-01,-3.274754830033035219e-02,5.130014225635627645e-02,1.001917408714314145e-01,1.983885226606890428e-01,-1.879368835760668877e-01,5.629375786498468093e-02,2.359404969794654527e-01,7.990994558956479588e-02,1.853181008571086752e-01,-5.466243040409492215e-02,1.926499246145141064e-01,2.057212900516231791e-01,2.533747702338353114e-01,-4.210890250103392109e-03,-6.032283773154175494e-03,4.834021303090078880e-02,1.829675824038150267e-01
-3.122203030827269687e-01,-1.758259747603531653e-01,-2.959146942350573961e-01,-7.746378963168100429e-02,-2.155755688076880783e-01,-1.779913971103561365e-01,-2.109665663162735294e-01,-3.221839159298972022e-01,-2.467881922928684968e-01,-2.367854507162545363e-01,-3.067273179915562253e-01,-3.216262772663798231e-01,-2.986883376118708577e-01,-1.940655318375764382e-01,-1.298587882193205922e-01,1.871650962394739645e-02,-1.393512730606120686e-01,1.147223667209626152e-01,1.677170142084928595e-01,1.376841209807843358e-01,2.187637919948747511e-01,9.064122159673627943e-02,2.133128224035961140e-01,1.323051733268257868e-01,2.251153001211838034e-01,2.804866028239633158e-01,2.699606900963422151e-01,2.740130163521006801e-01,3.813813924116029042e-01,2.071309681925304902e-01,-1.092672437065770885e-01,-1.246909733147004984e-01,-2.572356447060518136e-01,-2.079860157899598438e-01,-2.675987276032198436e-01,-3.391437726577947731e-01,-3.057927346401689284e-01,-1.676079713615810651e-01,-1.903575236871425380e-01,-1.940297327668914773e-02,-2.153348776817643195e-01,-2.080397631016404902e-01,-1.510449551357770717e-02,-1.816462599126281441e-01,-9.549526061106779207e-02,-1.163247823101925572e-02,2.452166363348938505e-02,9.858498794874445692e-02,9.900242079249819971e-02,2.553488884685882754e-01,3.905797099211306134e-01,3.157959974309291207e-01,9.574325847514897347e-02,7.135322211647329715e-02,8.735334163891204928e-02,1.135834962840498175e-01,2.519890875219175652e-01,2.312522377553281328e-01,3.117424752940538557e-01,3.237909017403884371e-01,1.488543615071611093e-01,1.810237115516500628e-01,3.666190322068483415e-02,3.440200278511097720e-02,2.638241362571019377e-01,9.489958744194613993e-02,5.700555790168936043e-02,1.078403463766214876e-01,-1.886979960514281393e-02,1.552197540739871373e-01,1.231046046012058831e-01,-2.813486541510256539e-02,-7.092478353818135184e-02,1.631495223945493289e-01,1.197733714282133571e-02,1.588075272838884999e-01,-6.415131419170691518e-02,5.910745656510793533e-02,1.649803674674376608e-01,2.347137239741711179e-01
-7.280331759242193723e-02,-1.191400834965015559e-01,-2.523664922154240098e-01,-3.191156633736883519e-01,-2.279409092084979382e-01,-1.454839540222248317e-01,-1.786317361321241026e-01,-3.185166514677097993e-01,-2.997940576036429716e-01,-2.893689839852521817e-01,-2.117940378824277603e-01,2.396839312952912804e-02,-9.127833639421645273e-02,-1.508542442005733966e-02,-2.830779977768751454e-01,-1.029464756820625271e-01,3.536926541718107136e-02,1.496655331877855821e-01,2.139943031978559784e-01,1.977125412684079819e-01,7.404682253063454844e-02,1.604571321169240006e-01,3.364187769725453525e-01,2.009861328668241520e-01,1.616379428533293305e-01,2.665357835086932803e-01,2.827284388055877340e-01,3.174816654742447231e-01,2.023370535187674624e-01,9.938569516125791981e-02,-3.033322619983873092e-01,-3.790465988678480835e-01,-2.725416757458939965e-01,-1.995172776160318018e-01,-1.450216799507252907e-01,-2.140910220835731126e-01,-1.582590060275565202e-01,-1.523422054644803791e-01,-2.795587801596326472e-01,-7.047463946160668902e-02,-3.303817215411513075e-01,-3.426398939522422304e-02,2.830380669572107530e-02,-7.284260379050466229e-03,-1.046802058033134558e-01,2.101801626772288878e-01,-1.278815067069648259e-01,1.851425000822556621e-01,9.060365558040360534e-02,4.390741021917552445e-01,2.636472911751271408e-01,2.606460727270153432e-01,2.131732262948049239e-01,3.742584294515912680e-01,1.989493229042307021e-01,1.873994117687995120e-01,4.054568791607229827e-01,2.521800718683289699e-01,3.459114787744026476e-01,2.513070540347821513e-01,9.487932333760588921e-02,7.968599153818252401e-02,9.797074654671690530e-02,6.778763108762125844e-02,6.990001323830580260e-02,1.996611005355214130e-01,1.868857141001749878e-01,1.124727975822649995e-01,1.259477896618224901e-01,1.135157529444807412e-01,2.820511263402162867e-03,1.167126961212631986e-01,1.662072948784234783e-01,3.987519276036330385e-02,9.270019190513445473e-02,1.503191379130216776e-01,9.792048836808363299e-02,6.001280886430469114e-02,1.047048705483599323e-01,1.583441074881191402e-01
-2.121990215800143020e-01,-2.182851031784087958e-01,-1.076619044030760891e-01,-1.571563838191480100e-01,-2.178419740029798879e-01,-2.274671280139012319e-01,-1.367641392501176521e-02,-8.215669440837362891e-02,-6.045775185261197116e-02,6.305457937589799278e-02,-8.602531631405188617e-02,-2.979153908054821276e-01,-1.298300053060395332e-03,1.190895405203634128e-01,1.030473142521752261e-01,1.395291300170969362e-01,1.223238855575412287e-01,1.771939134261907023e-01,1.830490990931918915e-01,2.384753879947135724e-01,2.462970266316750478e-01,2.364084375688620399e-01,3.093878280880059117e-01,3.188470054943849941e-01,3.559059371525269411e-01,3.500571435679294408e-01,3.204449222840122791e-01,8.951435833926339736e-02,-2.957812738436254585e-01,-3.452973435814942205e-01,-3.360700669291772913e-01,-1.870790295166089301e-01,-2.124400493698926640e-01,-3.093969131481769108e-01,-9.944060416033440042e-02,-2.791262328747782240e-01,-2.046851135622302365e-01,-9.720358734412007373e-02,-5.653863290379268491e-02,-1.515096271070480449e-01,-1.691426317699584181e-01,-2.026805572736764816e-01,-4.858860464949506935e-02,1.959666113619987562e-02,-1.403114206822552446e-01,2.519215105095893303e-01,1.549443207024994995e-01,1.002465434677687200e-01,1.413618626549573432e-01,1.449252702120652214e-01,1.963869318463408176e-01,2.109330428325773277e-01,3.961432269367397563e-01,2.277219764952659320e-01,1.017748572490806136e-01,-5.609075253879743095e-02,1.622036187057804280e-01,2.362964559766232708e-01,1.526557059794110827e-01,1.639162045670664869e-01,2.398013490680889204e-01,2.384234964532408740e-01,4.356657844003476721e-02,1.805840016736273701e-01,1.969339165586937168e-01,6.564570948586828658e-02,2.565311508505159765e-01,6.942866865736367632e-02,9.509941871013030679e-02,1.954093885117034468e-01,1.547161327311778745e-01,1.555039252154044871e-01,2.663028013212346279e-01,2.302098652243569632e-01,1.326738599859415835e-01,-1.346388141889296730e-01,1.364383873829907445e-01,1.354125507612566892e-01,1.432688655226675711e-01,1.424472614841162665e-01
-1.315974512531385178e-02,-1.280215377505421470e-01,-2.445907582640690914e-01,-2.740258018563853336e-03,8.483997697938975777e-03,7.826998992806975808e-02,-6.855353861728293030e-02,-7.451134731273707790e-02,-1.848521803509171335e-01,-3.618230479853313392e-02,1.534310777977815621e-01,4.849743502839814341e-02,1.685339980438298468e-01,1.653961916065760096e-01,1.458518382087921061e-01,1.771635877230388068e-01,1.789565485574388659e-01,1.689280928061288600e-01,2.879457541608949067e-01,2.503405819363290208e-01,1.990482176465270814e-01,2.716365269509459224e-01,3.317938885214388178e-01,2.563808797290568209e-01,2.732403069581751387e-01,3.092977089618687558e-01,1.128089286505983002e-01,-1.327684167647275038e-01,-2.762897175892550239e-01,-2.522348355885065674e-01,-2.539563668158606458e-01,-3.498212230018630797e-01,-2.699296180979308124e-01,-1.191748966351525163e-01,-1.566318076459384812e-01,-1.682882030224057968e-01,-1.026218540894426601e-01,-2.412001380396638639e-01,-1.252563704386218835e-04,-1.344326868710331024e-01,-3.772489205334676049e-02,1.473374287366655822e-01,3.691254409915466911e-02,-1.130305152819650050e-01,-6.767624046453367403e-02,7.491383566287047879e-02,9.305940389512780408e-02,9.369722339238889530e-02,3.792762772523783910e-01,3.880992757111238478e-01,2.549323725233466620e-01,2.967924539275627049e-01,3.286422141690785725e-01,9.645785163201446577e-02,8.672636640539273245e-02,3.323107774944893955e-01,6.072556667611984926e-02,2.097454843426705129e-01,2.028714504013840181e-01,3.101972403992870886e-01,2.478777489350102170e-01,1.776307649692631663e-01,1.561365397241159525e-01,2.224042617651831588e-01,1.403799257277595636e-01,4.037307286519407207e-02,2.237596964872677063e-01,7.816189369413686916e-02,1.985306669830384230e-01,1.185874071772216598e-01,4.188318412341092423e-02,5.248975623749808223e-02,2.300069046677825080e-01,1.315268052729677284e-01,1.847382148398982460e-01,1.631797598475857036e-01,2.056786005866204081e-01,-1.432957994890515438e-02,1.916199991647875578e-01,5.243011992560375062e-02
-1.022373778682307138e-01,-5.315794487370713306e-02,-1.621790729224209179e-02,1.368575171603738927e-01,-1.354036496660476069e-02,8.615271246159141028e-02,5.565531254764626012e-02,1.006217398606885777e-01,9.898723404295939332e-02,6.288623661664712039e-02,4.834303020382779703e-02,1.955009127430242799e-01,2.179644714610097511e-01,2.371550371522536949e-01,1.541268609307009929e-01,1.813643277850666147e-01,2.100503596945427764e-01,3.557786530651870782e-01,3.209348669678850352e-01,2.906765544276616597e-01,2.939709207158530124e-01,2.714368627991050054e-01,2.582823765808550109e-01,3.541719871983513568e-01,1.064276398997460321e-01,1.518920773310701022e-01,-2.317684599417240698e-01,-1.424259135855036884e-01,-2.643627771386213854e-01,-2.992935880682139893e-01,-2.502012189002593145e-01,-2.443161444663605186e-01,-1.785592834451218969e-01,-1.073649353071177148e-01,-1.861056606891165199e-01,-3.079287885948365777e-01,-1.887834704203120162e-01,-1.464300055775164672e-02,-7.288378458929375969e-02,4.410231023361271124e-02,-1.509686051260797357e-01,-8.674518542739173554e-02,2.540179743721774144e-02,3.336713631399759739e-02,-1.103658806590493424e-01,1.459466649394794147e-01,2.061344000599964754e-01,1.112074059532961318e-01,4.461793221463832282e-01,1.927821479952537553e-01,2.453342096522381499e-01,-5.780124688314254577e-02,2.513641130848957572e-01,1.051148873162256608e-01,3.847469044782717701e-02,1.955292707149368370e-01,8.121836995866126008e-02,1.831515113345683898e-01,2.993073717625389096e-01,1.768103725982191898e-01,2.134396740281815641e-01,1.387366683261618827e-01,4.625329495092918991e-02,6.534270119241318564e-02,7.011779957636382621e-02,2.067308932866954163e-01,6.048682521433611237e-02,1.382018200458629553e-01,1.667029427745653561e-02,1.006131775138235096e-01,1.954614927242842026e-01,5.437365436336171615e-02,4.237731476148168253e-02,3.451147231712548558e-01,2.871161153589285933e-02,2.860517090143310792e-01,2.932491448661078519e-03,1.538652148251991036e-01,2.509956713438699083e-01,1.365928466039316169e-01
1.306214026686022267e-01,5.776650471657620439e-02,1.547597296764158525e-01,7.923251429859430595e-02,1.340957531563092275e-01,8.903887968006325704e-02,1.160922980662639631e-01,2.298267192720381269e-01,1.594956892613083321e-01,1.463692804924781321e-01,2.789361144927575142e-01,2.325124570359222709e-01,2.704206909203493159e-01,2.351870203994507191e-01,2.080593431917388270e-01,2.572401021476639071e-01,3.321739222239685763e-01,3.185372623689360916e-01,3.199340181064067035e-01,3.265380444687259187e-01,2.126127515291702241e-01,2.457226662528079475e-01,4.559891571649227204e-01,1.419410718653768555e-01,8.902593427351675193e-02,-3.861805506990727554e-01,-1.868796754917179948e-01,-2.205025683643005718e-01,-2.849998254681536669e-01,-3.096860599068472775e-01,-2.799009650972761332e-01,-2.408370669716826673e-01,-1.070981283229237857e-01,-1.019134122293220840e-01,-1.692886231601412605e-01,-2.107658402403549958e-01,-1.963480949875940490e-02,-5.587472952774889118e-02,-1.897069830888071240e-01,-1.646341942348400755e-01,-1.416565898477947505e-01,9.129514398272220790e-03,-1.474229861623217730e-01,-5.896505329580796484e-02,-1.055841408590644653e-01,7.852664128544477318e-02,6.606153519152405118e-02,1.839174857165453425e-01,2.399435928587627387e-01,3.600972869062371018e-01,1.174324007945736492e-01,1.584624149860664466e-01,2.630656383736000858e-01,1.642364259423388095e-01,1.772863983074637606e-01,1.488780627016336039e-02,4.158881141654503094e-02,1.853729562347639082e-01,1.746836891712975626e-01,2.903409170029683795e-01,7.985081073247005459e-03,-6.726916791301439102e-02,1.181237986469693552e-01,1.770477840836927330e-01,2.242263257149042510e-01,2.537470453768029821e-01,2.635323559435470697e-01,1.558681520551216670e-01,2.296287450150621134e-01,1.552094605292056451e-01,1.385887839056460513e-01,2.979575630314898471e-01,1.188834826917535142e-01,1.742556559190252541e-01,2.472258324090824688e-01,3.415843192084677682e-02,6.561842129877806795e-02,2.817027838987479216e-01,1.838973809530558834e-01,1.359348019262068830e-01
2.008023870700250124e-01,1.835334932471739122e-01,1.642830356737011999e-01,1.457386105944578902e-01,1.505529181289148033e-01,1.613037904438988923e-01,2.920206091190357123e-01,1.753660888750346314e-01,2.131422251569419779e-01,2.388710085766420355e-01,2.434170267685771549e-01,2.233386106568863438e-01,2.065567839444181764e-01,2.211251133166685645e-01,3.181040565598945991e-01,2.662940106357517545e-01,2.802830467573362294e-01,3.168214317268863156e-01,1.631469331565620906e-01,3.723070874636188465e-01,3.035322212584518065e-01,1.978748331403141214e-01,-1.469745118934969452e-01,-3.636470925857884229e-01,-2.834448107588634636e-01,-2.009504332301159657e-01,-2.474254162975767501e-01,-2.529269905692218545e-01,-3.040841935165821130e-01,-1.524852834087829234e-01,-2.654834559086550749e-01,-2.271531766617880532e-01,-1.127979486390427721e-01,-8.750233732515834417e-02,-1.995790325946021904e-01,-1.008714908520253473e-01,-2.427082862197884813e-02,1.127127733362926348e-01,-1.321413625620338483e-01,-7.707981804932210329e-03,-8.076451380803520430e-02,-6.751864956622416480e-02,2.904997459113397781e-02,1.318198191255456377e-02,8.308759251013687896e-02,1.857432474641954601e-01,2.747327679611901163e-01,3.642426980515496293e-01,2.658443204262871951e-01,1.978868900778086026e-01,2.387324501934386112e-02,2.484472000806042802e-01,1.127543573105156821e-01,-3.870407033056751534e-03,1.099640909988322951e-01,2.829082356020301559e-01,3.183424629639477477e-01,2.211392123706949764e-01,3.028732697747165137e-01,2.711265945448501080e-01,1.679302310960145428e-01,1.112700502025818078e-01,1.860532645867891965e-01,4.860418678772197160e-02,1.621404537839562232e-01,2.541754685654649681e-01,1.682631980159623175e-01,2.208427557741005631e-01,2.298697350716517596e-01,5.133736733156155085e-02,1.580722402791786413e-02,2.070492797947347807e-01,2.322729276145834298e-01,2.677149423662417704e-01,3.409255331487150986e-01,-4.340061491072125244e-02,1.460425060918842388e-01,6.347883094410324001e-02,5.179802194485311900e-02,2.789494986047643885e-02
2.524668407800178538e-01,2.091920451855150409e-01,1.655369074795598194e-01,1.832813370442314127e-01,2.120448942336315701e-01,2.051379678480135804e-01,2.181773524770629080e-01,2.519185876613546649e-01,2.238853018141940543e-01,2.934543073697201132e-01,3.482286475042380425e-01,3.409904634030823112e-01,4.037431816604951096e-01,2.744549289689380833e-01,2.688879340703955734e-01,2.917273101444515238e-01,3.015835416120869472e-01,3.267562891550293003e-01,2.388903647665079066e-01,2.252336685041917974e-01,-1.024744499315304175e-01,-9.255801086428970537e-02,-3.138927123400423458e-01,-1.973548739471231717e-01,-1.999393529344538623e-01,-2.227813365687312530e-01,-3.203746332012077369e-01,-2.834007339836245309e-01,-2.464270748396895916e-01,-1.807210890071509202e-01,-1.741231717060317818e-01,-2.624708905097520861e-01,-1.738093719344425137e-01,-3.227547751387911390e-01,-1.068993465452779401e-01,-9.574753193765792036e-02,-4.169382957693707620e-02,1.685526892900243157e-01,-7.662617500625833189e-02,1.148787520162664055e-01,-4.261500939589216858e-02,1.489430437915541250e-01,-3.214461790218357817e-02,1.577390451123229786e-01,1.315058030139956424e-01,1.731648290199845619e-01,3.486398588184712044e-01,3.366430656848748981e-01,-1.464195582326872358e-01,8.952063807689639163e-02,2.099365666755450763e-02,2.256086823403992969e-01,1.027126656319840292e-01,1.708161226013997225e-01,5.909788564739629907e-02,1.580828829740747454e-01,3.948998867424917125e-01,4.404585114710818372e-01,1.495982405882623489e-01,2.664369303650351295e-01,-1.292476725846699627e-02,1.315557582490897159e-01,9.188530260937236016e-02,1.478068802145968974e-01,2.223900235389404123e-01,1.849949169315463215e-01,1.610734746180202681e-01,2.883602614852563417e-01,7.621877420916574331e-02,1.649813330017700919e-01,7.476014382475959508e-02,7.006254144967231923e-02,9.763805918634188563e-02,2.369065891051206907e-01,1.955291345545786263e-01,-5.430732591918677882e-03,1.326168540602132295e-01,2.060346099965013333e-01,2.063927518622422908e-01,1.606770558333744658e-01
3.283050816699414898e-01,2.401362013243205362e-01,2.544507229326916087e-01,3.292532089288047192e-01,2.581512411025057019e-01,3.246059444950066264e-01,2.796849057283576356e-01,3.733692517299257996e-01,3.359221983219927710e-01,2.533547124181261823e-01,2.501514072502316610e-01,3.202800523429258917e-01,3.745683275787566879e-01,2.551597937747570044e-01,2.483290255900533205e-01,3.044517048168690065e-01,3.278905039578820513e-01,1.309758009563982868e-02,1.575320680134748713e-02,-1.013837054045029912e-01,-2.717831287278034136e-01,-2.429403981580463834e-01,-2.292577300678871610e-01,-2.102644085236849425e-01,-3.443663412518453981e-01,-3.440260162541433075e-01,-1.702007307880349096e-01,-3.072204970263637813e-01,-2.899228254865940935e-01,-2.624775495867675001e-01,-2.596173882880867811e-01,-2.123409005995390286e-01,-3.737322134531355089e-01,-4.956025206642292180e-02,-1.137788279860963009e-01,-1.033329360468481783e-01,7.548134597476935381e-02,-3.444857581358222454e-02,-1.326528633236720434e-01,-9.378460197417681776e-02,3.656762463092880916e-02,6.526023928397751972e-02,1.417192362181221577e-01,-5.977591387782565588e-03,2.904736307007987350e-01,3.626067326014131842e-01,2.728613850165143573e-01,2.072581942793913223e-01,9.009338281122847292e-02,3.029560859251120286e-01,6.434593198439021722e-02,1.594870457153554077e-01,1.672161818504004083e-01,2.933820256261464587e-01,1.815364741665383697e-01,3.500429730230581460e-01,1.975227220262189554e-01,3.301422494794790663e-01,2.883951114933311355e-01,4.460398535078402560e-02,2.148646105751539359e-01,1.673057357831458092e-01,2.140365353786742308e-01,1.620879096448833712e-01,1.206389708329311111e-01,1.741682843301149974e-01,7.190270158318962102e-02,1.412289793487990107e-03,2.295247623680859717e-01,2.526754773685985223e-01,1.728841212450575593e-01,1.362375252509863688e-01,1.260667086126708025e-01,-1.269151128323236198e-02,1.227604316565796966e-01,2.187543843228512697e-01,1.054148005760888462e-01,2.494109709133786323e-01,1.573408067485396744e-01,3.055894326480394496e-01
3.183888809793518626e-01,2.941611966056739136e-01,3.216985379030843362e-01,3.156836939570231704e-01,3.871385937174477987e-01,2.491714490560494599e-01,4.198884242539804301e-01,3.065144123995606207e-01,3.104380612610965762e-01,2.470197323632318531e-01,2.209718366963996927e-01,2.758043397914487493e-01,3.993089786890443027e-01,4.339795371939410562e-01,5.784523464291133066e-02,4.583164205154470483e-02,-1.703462584394704882e-02,-2.871764899424421036e-01,-2.700309332193323586e-01,-3.305985444193076939e-01,-3.750166081545579511e-01,-3.190849995582674681e-01,-2.648748891850862264e-01,-2.439944670081988509e-01,-1.970233829257260760e-01,-3.312313749242210004e-01,-4.020155693253507079e-01,-1.889076197963141801e-01,-1.678927592484885656e-01,-2.239975226518610418e-01,-1.310288160613238759e-02,-1.557178958384905776e-01,-1.720857433591224117e-01,-6.699001826317854680e-02,-1.045143355481751024e-01,-2.236736928346218234e-02,9.712445815514662850e-03,-5.895672945786076258e-02,-2.889387835286664347e-02,-2.619718900645130744e-02,-6.974865798824096685e-02,-2.740496606641351640e-02,1.960817082062915051e-01,1.465875046157999462e-01,3.207065945037375077e-01,3.866021591663847401e-01,4.460633774124573847e-01,2.394763542762420871e-01,3.725833384642812107e-01,2.103999141764850977e-01,2.272749073998729663e-01,5.802598934313530493e-02,4.597257814093092532e-01,2.355666143855310868e-01,1.354526413614736691e-01,2.438978004934022059e-01,2.505891642311008360e-01,-1.662319397612758709e-01,3.200250005712161894e-01,1.841555963153877762e-01,-8.441101253939793658e-02,-1.628160241634916960e-02,8.529358487539202838e-02,8.017172331413779593e-03,6.429527918734596892e-02,2.468296398177857731e-01,2.085300060904092534e-01,6.100538942925157887e-02,1.859664345228234095e-01,1.990925750241702707e-01,1.193591501058350185e-01,2.292310029314111319e-01,1.186659411126638336e-01,4.814198348840516284e-02,3.309026190908040399e-01,-7.967518485203032089e-03,-1.020620168782529480e-02,6.725725570775863138e-02,6.672982912932871880e-02,1.126559307249303948e-01
2.652681188713751359e-01,2.677705449222041456e-01,2.720620363344908865e-01,2.159613319239660212e-01,2.852258508083481692e-01,2.732127385159627830e-01,3.433466268630908091e-01,2.324442199249516783e-01,3.003390309069784436e-01,3.226306814760792618e-01,3.317657213219271095e-01,2.459200370323810780e-01,-7.585052624026041024e-02,7.086495394987600560e-02,-5.540951540465680579e-03,-2.873887243273083869e-01,-3.162659025841519367e-01,-2.509550302716357373e-01,-2.396854102593325431e-01,-2.187661171990869791e-01,-2.553568822716146269e-01,-3.123422755422773367e-01,-2.911036336664630242e-01,-2.448898777088563128e-01,-1.522957264333098804e-01,-2.085443970185132667e-01,-2.061230758896669957e-01,-2.341447448324079916e-01,-1.342504334336854510e-01,-1.416804586361521401e-01,-5.121264256486688510e-02,-9.389780918368839657e-02,-1.799420641360336692e-01,-1.440580460276670027e-01,4.982786356330470151e-02,-2.720587912779288686e-01,1.791229795136747849e-01,-1.524027614283128829e-01,-1.110887536485657828e-01,7.740359928092520325e-02,1.702258744444086480e-01,1.201129422921470152e-01,1.461769685151676212e-01,2.340426119101088331e-01,1.867676340390250211e-01,3.535063409997330486e-01,1.639885651330952598e-01,3.921846755866609802e-01,1.662749835187268266e-01,-4.281314681830659941e-02,2.055580196123225900e-01,2.267620688083183955e-01,3.254238774379631383e-01,2.030024187455952978e-01,2.177449492558407862e-01,3.591537944748470212e-01,2.614706018203324378e-01,3.835719994789504317e-01,1.205826111512937060e-01,2.023289964966686061e-01,9.283760706557089848e-02,8.301945258608960099e-02,2.455342894781217811e-01,6.011588890842609750e-02,3.106081890918784283e-01,4.205170908438492228e-02,5.509866926574458201e-02,5.343439101858225848e-02,-7.333204513852797923e-02,3.283802129469725051e-01,1.082855930730297449e-02,-1.274459268511913268e-01,1.894821433649382381e-01,2.808323896045826773e-01,-3.529068596017959168e-03,1.135409360992944844e-01,2.299547857541505425e-01,1.453093899307886239e-01,1.939459431099779807e-01,2.755903620380060204e-01
2.340075448180488626e-01,2.880200141758949561e-01,3.307262547939929798e-01,3.214925283503845543e-01,3.111508009514226125e-01,4.074917454476958967e-01,2.313850421188920481e-01,9.353735008928611150e-02,-9.275487827126531123e-03,3.122634513975736320e-04,-3.374586298812913554e-02,-1.321447226699235256e-01,-3.406503327719367369e-01,-3.272169263815886131e-01,-2.866117289820935832e-01,-3.154535267226343809e-01,-2.451362192933731199e-01,-3.048902213805141370e-01,-2.447778434370707357e-01,-2.550487674936289806e-01,-2.725968374567888097e-01,-2.911441496587600652e-01,-3.563759547592616483e-01,-3.404384993603173926e-01,-1.895851965831053254e-01,-2.172813158556788360e-01,-2.019939502545819998e-01,-2.516833021409192739e-01,-1.754722169413309996e-01,-1.975587503720949434e-01,-1.479612971165050750e-01,-9.512240640628728816e-02,6.073622240352550411e-02,-1.215555707704757543e-01,-1.581248907815001672e-02,-4.669326184208225095e-02,-6.679212371588678920e-02,-8.795212275733527152e-02,-1.425100398286948886e-02,2.149963645527929457e-01,2.331008135560383165e-01,1.054189129174794987e-01,4.833718044370274858e-02,1.415190133299362718e-01,4.050758939074391440e-01,-1.333706277777635049e-02,3.674832418873713591e-01,2.730611920852986652e-01,2.399958621603949238e-01,2.152501157406989385e-01,4.065489516765831424e-02,1.445264835457857611e-01,-2.175378178135088311e-02,1.591472615665392998e-01,2.005077600470294430e-01,2.498342324195003683e-01,7.710099579634469014e-02,1.447507934119865725e-01,8.704347725823476101e-02,-1.093401219232250678e-02,2.248357137777245440e-01,2.196560342202186211e-01,6.159174667422440130e-02,4.932924015032891241e-02,3.310663077838854607e-01,2.541335865293337659e-01,1.150305106786148890e-01,5.940685836293937289e-02,-6.316481609195791214e-02,2.635264349700061626e-01,1.048529262419835156e-01,2.012724939605953778e-01,3.447973055673178022e-01,2.160831002761702535e-01,2.702294617600751736e-01,2.183263827284654401e-01,-8.712239162347655552e-02,2.299506690833083653e-03,1.098996899934304994e-01,2.073122251082277490e-01
4.125896329863541073e-02,-3.650119722971343662e-03,-1.031870543547301206e-01,3.473305329062776475e-02,6.932951701273477874e-02,-7.146638477815242529e-02,-1.458876590144219387e-01,-1.860259515919604201e-01,-2.780861250334841217e-01,-3.346186530917069080e-01,-3.146445280185817261e-01,-3.184342723963755617e-01,-2.716586046711760294e-01,-2.786092082314007845e-01,-3.240098044545197120e-01,-4.000339820124249046e-01,-2.800171171070217624e-01,-2.890558951677166255e-01,-1.618957043977137245e-01,-2.500786832699585238e-01,-2.150404829899123238e-01,-2.404992435190250744e-01,-2.087458664282529075e-01,-2.626637526300786840e-01,-1.794716347950585655e-01,-1.893286104405983161e-01,-8.904612482017565389e-02,-6.561569571518023614e-02,-1.803251274710120089e-01,-1.320969635495322925e-01,-1.717200195917320191e-02,-1.000115111045719318e-01,-4.394436036262890782e-02,-3.392556817588455401e-03,4.510532936280579885e-02,-1.605435193921392056e-01,-8.816723224722856911e-02,-7.731977471855300613e-03,2.212103467971352766e-01,1.339429622236519291e-01,1.803674384216125415e-01,3.363714018963909758e-01,2.104058992120322602e-01,3.197727494687747085e-01,8.669373023527059130e-02,6.768172173838622740e-02,2.333398943136187620e-01,2.797215838544495625e-01,2.168153741076125907e-01,1.497359992390832895e-01,2.972849397042197639e-01,2.147588063188886898e-01,1.773681964702279457e-01,1.823880417011418120e-01,3.574491960735494134e-01,2.692559404546106538e-01,2.837764291557835494e-01,2.963131861580823104e-02,9.709200793433837851e-02,1.993686801146238308e-01,1.897449159961852594e-01,3.448052274269596817e-01,2.164982792453924998e-01,2.362480105987505019e-01,-2.077897865471659694e-02,2.244539076421241952e-01,-1.794164134083683568e-02,-1.582250267621608183e-02,-3.867409398532390546e-02,1.741428465713495966e-01,4.704266917380151014e-02,1.545429633396662727e-01,2.431437319426006105e-01,8.398442211412475433e-02,1.879168411990363718e-01,-1.212106101951962722e-01,1.967558273612579067e-01,3.541426978134552123e-02,1.334643641641760081e-01,1.645816887535285211e-01
-3.535647987736022513e-01,-2.132449459767197242e-01,-2.501754035752434269e-01,-2.856474097904194154e-01,-2.533689056247728777e-01,-2.339182886862106181e-01,-2.301564249981034871e-01,-3.294433123026049293e-01,-2.702962437724352740e-01,-2.582298439884588293e-01,-3.012747373343510060e-01,-2.657651258735199140e-01,-2.895942810814685631e-01,-2.206574063058818203e-01,-3.219984620430892952e-01,-1.877855453765261973e-01,-2.740766644291726672e-01,-2.480649269581493566e-01,-1.750586111206406115e-01,-2.735458192964549951e-01,-2.603111979358120887e-01,-2.437881713653224647e-01,-2.024265829047990073e-01,-1.682145362037210101e-01,-1.701049025302987239e-01,-1.343876877626172806e-01,-1.985401085780931774e-01,-1.002321388887215392e-01,1.728664833019638580e-02,-4.523976847197885148e-02,6.050534277226290308e-02,6.025702742467900497e-02,-5.654987838707026260e-02,8.261347445396767519e-02,-5.639704556852808554e-02,6.495636927108612568e-02,7.595426537167858372e-02,7.267474263322229455e-02,1.493760121203021873e-01,5.021597612797638194e-02,-2.761923239396010463e-02,1.358411797744586147e-01,2.964186567375285963e-01,2.637082678466515784e-01,2.477064612463119320e-01,-4.097605684173095952e-02,2.131464094753543204e-01,3.751951818730868138e-01,3.567262154577980904e-01,2.813338756805811580e-01,7.284592678448004177e-02,1.666955437090803516e-01,2.785947716236590876e-01,2.010240632930806182e-01,3.598106317249588626e-01,1.117281078070638117e-01,1.230481504938659432e-01,6.273971004763871651e-02,9.232144525805703605e-02,-6.931992714138091038e-02,3.553877461227266665e-01,2.095586206509488236e-01,2.569035173503869673e-01,2.301794856896441643e-01,2.592374667890554596e-01,4.492017977841237381e-02,-5.700905716905887294e-02,-7.903046597694743380e-02,3.253140770259285164e-01,4.028415326574576877e-02,1.154904382539703872e-01,2.677774227985070185e-02,1.484187670765856337e-01,2.481308238518490084e-01,1.671838227566715129e-01,2.284878231807567772e-01,1.846280184452590411e-03,2.412269895084049598e-01,1.526315837161894562e-01,1.646309266507831881e-01
-3.346891325346221802e-01,-3.201625952912815487e-01,-2.539632721182459862e-01,-2.347540288067826997e-01,-2.184518407468004353e-01,-2.819406176547791243e-01,-3.052790200863307324e-01,-2.841607964277765297e-01,-3.198311953129128193e-01,-3.453442157335641083e-01,-1.390370676876296063e-01,-2.404193129384125938e-01,-3.200991194655992689e-01,-1.922955301224338887e-01,-3.347877812456004354e-01,-2.573216043050275958e-01,-2.364229697779750838e-01,-2.628822340883001929e-01,-1.968874782564201953e-01,-2.409998588582432932e-01,-1.976517958710173606e-01,-9.017291588175525840e-02,-2.232131596924396555e-01,-1.361973949420116625e-01,-1.675403941331699009e-01,-1.073607821966506282e-01,-1.102541403801033659e-01,-6.634730715742455376e-02,6.691555677758264514e-03,-6.163139003142466960e-03,-3.813068389433800498e-02,-3.214688700449842146e-02,-9.850502859305826364e-02,4.115731475978078036e-02,-4.952560229271780329e-02,-5.490602233115677439e-02,2.127776469241126622e-01,1.504678936896861885e-01,2.872067120123261152e-01,1.758198441406873813e-01,1.868582584519975776e-01,4.424547859052717080e-01,1.731771719273281496e-01,2.064876612416618740e-01,1.828608336329456130e-01,1.889827218474934845e-01,3.786575133826389997e-03,3.292407903688792103e-01,2.835055209799876019e-01,2.266948198884913557e-01,3.562686996647823068e-01,1.883124130655114969e-01,3.223270635237050485e-01,3.172979001786840891e-01,1.899898993049968510e-01,1.943100702572929106e-01,8.660588144021709456e-02,1.783594317661182371e-01,8.763021136658930010e-02,2.037320700538814700e-01,2.268316726580507647e-01,2.682193112260483070e-01,3.610551506432752578e-01,7.480064503707407886e-02,1.601817622093964222e-01,2.388237852856703036e-01,3.290811468761276753e-02,1.215255835808970591e-01,5.603552752257202202e-02,2.326602372742420377e-01,1.316922053449477714e-01,2.325041501016677503e-01,1.046042844849207759e-01,3.067840518010092055e-01,2.079961726060975125e-01,1.339499350594736959e-01,1.699693680651447880e-01,2.311783949672255589e-01,2.267343107006781489e-01,9.103045742612217439e-02
-2.854960984050683992e-01,-3.071429364589943756e-01,-3.546267919381739797e-01,-2.624931907920943219e-01,-2.705700957656272942e-01,-2.487652893727088921e-01,-2.439344352095384749e-01,-2.283957125285230871e-01,-3.101096642639191714e-01,-2.915547353071555881e-01,-2.386870925397259202e-01,-2.558288166931110275e-01,-2.733692229015385888e-01,-2.216917425666591612e-01,-3.072834335103618031e-01,-2.569088249586736761e-01,-2.986923644849372450e-01,-2.300614438204464374e-01,-2.533472453263345137e-01,-1.951185775262501976e-01,-1.113531648355958747e-01,-7.975731264637110629e-02,-6.531884477564108005e-02,-1.945310564477293613e-01,-2.133397901391127505e-01,-1.003294753747012574e-01,-1.221507478779393779e-01,5.654327727089346334e-02,9.578124153466980803e-03,-1.223505167457172860e-01,1.186056362224814503e-01,-2.339701949416296903e-02,-2.422226376394801331e-02,-3.043714728244034662e-02,9.553133422633390548e-02,5.684082351272702616e-02,6.205487793185592016e-02,6.052202640782700094e-02,1.791068254258079417e-01,5.492793441239238877e-02,4.463444004337714932e-01,3.274587647244386890e-01,2.526934156875516035e-01,8.810304832466063496e-02,1.850806783608098249e-01,4.120874519749969656e-01,1.090150464160855315e-01,2.886113768960261172e-01,3.166565190587110057e-01,1.693263170653930005e-01,3.297248619761937727e-01,2.098941501960094047e-01,3.269359520929309704e-01,3.873669492895688848e-01,1.346455547804774611e-01,1.634044490668714322e-01,-2.532214131544903088e-02,-2.095415958638261258e-02,4.525269394926754313e-02,2.084658236522897723e-01,2.153586093184958750e-01,3.601130860200154049e-01,2.043301192549677736e-01,1.583578170147652564e-01,4.579928280649666478e-02,3.432603328494802652e-01,1.587407505702206345e-01,-3.094757665129798871e-02,4.426792895848329912e-01,3.416415892689010914e-01,1.684367078250112171e-01,2.571676098362869478e-01,1.829635900579104357e-01,3.320821278142042920e-02,1.783282410368599025e-01,-1.252217159135860999e-02,1.908928902233854863e-01,2.822275058321921382e-01,2.036007005851317719e-01,1.630420313115810427e-01
-2.533165445979703723e-01,-2.749274502165441336e-01,-2.599407395918636454e-01,-2.184878825873661501e-01,-2.986491318806119843e-01,-2.362841520554796459e-01,-3.897109804124499477e-01,-2.777956810018952227e-01,-2.976003396349961583e-01,-2.034789549746727211e-01,-2.718092719981491934e-01,-2.550510421180468001e-01,-1.447781140741640771e-01,-2.640621183813257056e-01,-2.440729901506419330e-01,-2.176023553875497396e-01,-2.007865861566332510e-01,-2.030072742262213625e-01,-1.183407643345651822e-01,-8.815909633868165840e-02,-7.452047886128729259e-02,-9.450698267065238412e-02,-2.481929420457666680e-01,-2.166904017871300880e-01,-2.155374381954258955e-01,-1.043657632270229979e-01,-8.031940447771947211e-02,1.580904949983028690e-02,-1.452914185170327277e-01,-8.719241682534342730e-02,-1.614936578551781909e-01,1.778915518230309578e-01,1.054707587032405469e-01,-1.001662968802198572e-01,1.269570925737740497e-01,2.505276906508497811e-02,2.411536742977143932e-01,9.370310609715158667e-02,1.678301450804754180e-01,3.350941947265583809e-01,1.509002617830980109e-01,1.953891637354819300e-01,1.363726664370178976e-01,1.870672928575866645e-01,3.390870855168521270e-01,4.889142366071249496e-02,1.587162197211242909e-01,2.805865354268323453e-02,2.381572940142026029e-01,8.736127577014843326e-02,2.049915173892226661e-01,2.577539338174785200e-01,4.052802104571077702e-01,1.208703813046740488e-01,1.668718749955374336e-01,1.054377176755079693e-01,1.834799623936274604e-01,6.486955512336799179e-02,1.852076625862441317e-01,1.980276085414325871e-01,2.354211565162925013e-01,5.471934141904780113e-02,2.356228177127664414e-01,2.383643256720343329e-01,5.454685136959502856e-02,1.025086902965498953e-01,1.186233571061940384e-01,1.826364778708917391e-01,7.706875122162112901e-02,1.391891911731950038e-01,1.987341714298119510e-01,2.899004487914311201e-01,2.204554905826256739e-01,2.017138655974952122e-01,3.448819964652450470e-02,2.512792735733015981e-01,1.670807501979894027e-01,1.424909162949927477e-01,2.878591357770355907e-01,2.385489062722705722e-01
-2.752796132450061051e-01,-2.907375018093809604e-01,-3.181418402115429034e-01,-3.002309762319454456e-01,-1.911854374000828416e-01,-2.561449300884941493e-01,-2.951729921525749201e-01,-2.710898940710817495e-01,-1.719958023509154943e-01,-2.544712974671557992e-01,-2.294695576010923888e-01,-1.676689418975511880e-01,-1.552978187020871703e-01,-2.773395664712554609e-01,-2.350160021432153301e-01,-1.729704536974175644e-01,-6.501913554257564287e-02,-1.360497160254204307e-01,-1.575466852534726792e-01,-1.758348270879606934e-01,-1.513703323574562276e-01,-6.698611191079256733e-02,-3.318599000752259914e-02,-2.510121132788475581e-02,-3.023912954146349558e-02,1.212412415291191092e-01,-1.741350520380933742e-01,1.716266533280186996e-02,-1.143645445664289717e-01,-1.953014159753519441e-01,3.916637502029270829e-02,1.932134897731093912e-02,2.238411376747319881e-01,2.158696115770470103e-01,1.988847696131602616e-01,1.802883255771865478e-01,8.277919729978003294e-02,1.535002307158591928e-01,4.062028409457985045e-01,4.019639286449299131e-01,1.789033304773144095e-01,1.339205461775524186e-01,5.214491032245819474e-02,8.745732953725290915e-02,3.597623954244464489e-02,2.636174818957418009e-01,3.245750745093146650e-01,2.560807290964960958e-01,1.997373741140040515e-02,3.752755273617932597e-01,3.606947556596636906e-01,3.657123034835955688e-01,1.708986705381463633e-01,3.543181947741758653e-01,1.801598041576380482e-01,2.452176139135380656e-02,1.104399238510190943e-02,1.148866200389890152e-01,2.713095259879003129e-01,1.507648702516381778e-01,4.690258440637992132e-01,2.567765804967164778e-01,7.345817241722989166e-02,1.132842191544762567e-01,1.901219572179103090e-01,1.552167361416544600e-01,2.290989698244838280e-01,1.050726815895882266e-01,1.630160978377272196e-01,3.292478146488526658e-01,1.293325860572970276e-01,2.411324987163331046e-01,2.874467207758537035e-01,1.443340293569191080e-01,3.258170925417014363e-01,2.384659226399933885e-01,1.683384205483134388e-01,3.312243747142697425e-01,5.513152312744597910e-02,1.381992465855941543e-01
-2.458409506384443000e-01,-2.480749614776106837e-01,-2.652463763583020051e-01,-2.549345115557936636e-01,-2.275928125658164825e-01,-2.894276576009542357e-01,-1.884528025665204443e-01,-2.457407010292437521e-01,-2.287183578549778773e-01,-2.599378714323600792e-01,-1.693338809102981068e-01,-1.596341103966906483e-01,-1.790782204348702333e-01,-1.198287454191801771e-01,-2.081585376050200664e-01,-1.354886603618551677e-01,-1.333782781938314121e-01,-1.748903069433634938e-01,-7.964089493302643763e-02,-8.031601170748677021e-02,-2.036632245689463105e-01,-6.399781314715106972e-02,-2.082563479600657297e-01,-5.754774145229513138e-03,3.990852719136469412e-02,6.414037916858426891e-02,9.888070478527186125e-02,9.504424361286423206e-02,4.450137169701619266e-02,-6.079862564598686320e-02,-5.112205752768499145e-02,1.608790200694770745e-01,1.024021315749133326e-01,2.710731180663026318e-01,1.445535701012199137e-01,2.790536375045468143e-01,1.884804029042545792e-01,4.869232743965449250e-01,3.074378420306302373e-01,2.688546332181888654e-01,1.314603807223397591e-01,1.356118389895764331e-01,-6.460526773435305847e-02,2.563658448529494982e-01,1.731696557501361811e-01,3.450840592448971567e-01,2.293321385100061671e-01,1.496461736933195064e-01,2.103132593324411603e-01,2.277959166576489225e-01,3.641361237076309321e-01,1.918472186738622576e-01,2.840011726878117759e-01,9.600901772807458878e-02,1.660917804682665033e-01,2.717501834573449737e-01,2.598574835066003730e-01,6.310964990173136002e-02,2.208518779048934400e-01,9.964076336092872466e-02,2.007116239604176677e-01,2.142270228050398018e-01,7.783190836352528452e-02,1.571513872758102670e-01,1.345519933923116640e-01,3.277673116258891794e-01,1.577616935860693126e-01,2.324588512005682228e-01,1.959582419900171291e-01,2.167216840058697747e-01,3.024546674217745146e-01,3.331552134542091204e-01,3.735129587056720268e-01,2.776506721897403218e-01,2.425394355167669880e-01,1.828180772239310359e-01,2.036460923785128607e-01,2.625378361602516697e-01,2.950231738176276597e-01,1.433508377027469805e-01
-1.993659659083490132e-01,-1.547498131972282198e-01,-2.408490816380250144e-01,-2.444837096491007944e-01,-2.314380878268811059e-01,-1.625176514053642829e-01,-1.358059830045421634e-01,-2.127131413293242290e-01,-1.095353264736598636e-01,-1.547201914438399994e-01,-1.292196532072824866e-01,-1.068107064358271990e-01,-1.244962541675192907e-01,-1.984162154640363440e-01,-1.779851617061475877e-01,-8.108623888222400711e-02,-1.482005570313747467e-01,-7.218370039875622590e-02,-1.808180061121077709e-01,-8.191720370137535456e-02,-7.550610136581112353e-02,-1.221134094148595833e-01,-1.155515646230724641e-01,-1.567291930796610444e-01,-4.769911581756646618e-02,-1.903355606567037894e-02,3.060851336498928571e-02,-4.493570005989037074e-03,8.988990722863254845e-02,1.885011755283999002e-01,1.731723643919504119e-01,7.110635534467929508e-02,1.618811057603329051e-01,1.857513172059883089e-01,4.414317216739493399e-01,1.829973906593125033e-01,3.036416246478367276e-01,1.349096257966716506e-01,1.674793609142961881e-01,2.605991040977044260e-01,6.234865629079712479e-02,1.126510669218897809e-01,1.981249232317109366e-01,7.670735366399734911e-02,2.753310980262175800e-01,2.428781845324748945e-01,6.716051485492849360e-02,3.825273582726750887e-01,1.379416151781339972e-01,3.906926418102660281e-01,2.833233630986627949e-01,3.244159225034580762e-01,9.322552676387665938e-02,3.459321481088816208e-01,2.673793304767921319e-01,2.697902700932134842e-02,2.962493550991014343e-02,4.226301205361717578e-02,1.846344282041033624e-01,2.299804734979552789e-01,2.648955681604724388e-01,9.669851041149947479e-02,1.603233927790081725e-01,1.751051309134638301e-01,3.037240712817411703e-01,2.130448109735416651e-01,2.252384097725571369e-02,2.039766272849736495e-01,1.689238691245590063e-01,1.186345884457533778e-01,2.159278159437753586e-01,2.350330081444713115e-01,1.502643275413078905e-01,1.980651881393256653e-01,2.970239949693931347e-01,2.067916932023235455e-01,9.010364450132532510e-02,-1.808952426831650362e-02,1.667002084723682442e-01,7.279365007576332758e-02
-1.190064972371793206e-01,-1.451767808580522456e-01,-7.063697221950406002e-02,-1.987658894376883034e-01,-1.163633558906649740e-01,-8.280971548009227745e-02,-5.403113889797502012e-02,-8.570526005877866782e-02,-2.887948176898407215e-01,-4.780866432668054444e-02,-1.588538142709925161e-01,-1.120507467756688691e-01,-1.087493336726479271e-01,-1.181245471306360817e-01,-2.096044978300744543e-01,-6.447781055820369679e-03,-7.731376608407730666e-02,-1.653898320766113150e-01,-4.078671517343054193e-02,-2.514052971976879838e-02,1.308361087443412063e-01,-9.902051726648374019e-02,4.753930759508152859e-02,-8.273714586473818189e-02,5.649153018307358914e-02,1.853243425726704141e-02,8.765929880256970175e-02,1.191901492167838500e-01,1.690104066256543081e-01,2.568414414379897037e-01,1.642171678732026185e-01,3.557419880848889382e-01,2.489504114282740654e-01,3.307470513784952493e-01,3.812496817956346207e-01,1.488303385230713427e-01,2.304453312898669393e-01,2.657693763445662105e-01,3.182771081547038361e-01,3.549677444664331438e-01,1.772058548971403580e-01,1.883702591783396330e-01,2.465538260000258997e-01,7.380194822856500636e-02,2.169048071995078319e-01,9.690316097724629985e-02,1.643683601330562238e-01,2.124655317325388759e-01,2.109338091495088496e-01,1.749447965414895612e-01,2.375181743495846931e-01,2.830762124460189932e-01,1.973618450581398898e-01,1.709246770795223858e-01,8.718124387363537786e-02,2.206227410596643956e-01,1.234770686199183343e-01,1.752051603450664741e-01,1.672482941731588679e-02,2.467578237251059903e-01,2.389895881625215268e-01,1.639600758765095700e-01,2.487329415007930866e-01,2.854838545434500996e-01,5.998083136367755863e-02,1.772390568146010592e-01,1.589820292979039484e-01,6.889411807085669970e-02,2.451361627838214152e-01,2.083788778395958829e-01,8.097056214906599159e-02,1.165121192488561969e-01,2.692242924938904047e-01,1.083285082887792405e-01,2.431146439058735897e-01,4.012092616138259182e-01,2.631001039312698131e-01,1.542631263404589670e-01,1.205631573744178758e-01,-1.512226580239496750e-02
-1.073962494274521284e-01,-1.739932602524098260e-01,-1.603763021319056514e-01,-2.113639272716483497e-01,-2.184599092918025967e-02,-6.515626124394872931e-02,-2.458742868959751804e-01,-1.309868872378142646e-01,-9.426534427117004566e-02,-2.354475770550570890e-01,-3.169636004733811935e-02,-9.901206952123804694e-02,-1.095559622546687095e-01,5.090066227440973035e-02,-5.067338941461705520e-02,1.957313675866266187e-03,-2.444667619287685736e-02,3.907149249851926687e-02,-8.040463986348284076e-02,4.921227734555264771e-02,9.490269016681172898e-03,-3.577724628391080325e-02,2.138747124744987405e-01,3.447902974323670267e-02,1.057613569211726806e-01,1.356843779917178520e-02,1.862515359696962913e-01,1.753066927451723545e-01,1.626998371776239294e-01,1.806124839935789594e-01,1.569647386243456233e-01,1.087439237607164266e-01,1.594297335868702370e-01,4.381582922083842035e-01,5.090714913273834963e-01,3.828377225316226262e-01,2.192358603433770259e-01,2.157182885105149162e-01,3.027312153353735047e-01,3.022837569084064202e-01,9.231930410523569996e-02,3.411991548185059342e-01,2.136339416588270979e-01,2.287107189298707988e-01,1.936844583390140984e-01,1.327233017213667321e-01,4.073142889945222112e-01,1.657682438954569959e-01,3.589492333396077095e-01,1.852934912550535385e-01,1.300891204073112428e-01,1.432441641356304862e-01,3.332803247206836406e-01,1.616439068190380079e-01,1.973723964101146977e-01,1.738240988046396429e-01,2.808500612828472298e-01,2.286922599865847394e-01,8.874613330284809865e-02,2.922930410751407582e-01,1.608183130451756038e-01,3.117037426272705192e-01,2.838841637268640361e-01,3.765711003701819326e-01,2.906694958107812754e-01,1.900847246112951083e-01,7.333913224678309008e-03,2.744179805878316225e-01,1.848651221633832165e-01,1.310223828404608326e-01,1.221459241405449120e-01,1.326031519458904240e-01,3.878421130795240424e-01,8.881881106169001172e-02,1.261063796478018861e-01,2.693381957336591359e-01,1.890588638013998291e-01,1.832325250886968904e-01,2.217745722832436539e-01,3.657544123935506375e-02
