-3.875384520941365096e-01,-4.625519505831901523e-01,-3.567826361220108877e-01,-2.102392202189478365e-01,-3.107084328463688983e-01,-2.352976944613953125e-01,-1.727215648483567956e-01,-1.556738930347941197e-01,-5.615504019326717638e-02,-1.517786701247712533e-01,-2.668865476144629545e-01,-5.167881990120453545e-02,-7.500897357606137184e-02,-1.293765291445179988e-01,-6.782751483850418817e-02,1.220128634790195593e-01,2.942767664753198065e-01,3.338683146092210619e-01,2.970637271531613721e-01,2.847800138141863835e-01,1.243939029698121063e-01,2.264473645607358587e-01,1.270387218809087559e-01,2.666376316634033045e-02,2.315389397520064008e-01,1.439771174082014882e-01,1.027554741302121877e-01,3.095997168083917950e-02,-1.159069506878513123e-01,-1.556372955663046231e-01,7.924529995535942173e-02,1.382509436236363173e-02,6.976995493452471664e-02,1.001854132633818971e-02,-1.721889051837020845e-01,-1.229897624167091558e-01,-4.114661633991979067e-02,-1.351302432594366221e-01,-1.715491618063149926e-01,1.123721742094979659e-02,5.672130170313630093e-02,-3.951720616369036598e-02,4.600637223792096442e-02,-6.267792926114826302e-02,-6.649936169509267081e-02,2.990415715713558575e-01,-1.575977044021365514e-01,-5.324542349958708704e-02,-6.508628316394282631e-02,1.660570457141226364e-01,8.923382093726332787e-02,1.453448826525812476e-01,-4.039178793186846278e-02,1.103125139209390343e-01,-1.739770621086241323e-02,-1.162386216563463838e-03,-9.077251566006587502e-02,1.245330475981378110e-01,-1.584800906856198566e-01,-5.802614465336985994e-02,1.296339876565792693e-01,7.270525850865988682e-02,-2.013154498728086106e-01,-2.606929506011055470e-02,-1.257935841546281297e-01,-1.200590782236634138e-02,5.811580070665908759e-02,1.606331918024258565e-01,1.061872999924092370e-01,9.858538243229732212e-02,-8.007586834771106277e-02,1.857230184961840558e-01,-6.707294550877287986e-02,-7.579921341994674822e-02,5.848518643076374562e-02,-7.320396099659850532e-03,1.339268639333623945e-01,-2.653486322129866015e-01,-1.470513213662153484e-01,-1.120898532932169817e-01
-7.498914262544619236e-01,-5.043154884644711622e-01,-5.943796828833360912e-01,-3.952665800196147328e-01,-4.359255317787408823e-01,-3.788536266230506100e-01,-3.573690423189809784e-01,-2.345684660637670782e-01,-1.948567283848363363e-01,-2.858431185252940376e-01,-1.521064822704810138e-01,-1.539625060551070013e-01,-2.188552963426587950e-01,-3.865557320146718184e-02,-9.710489031129035387e-02,2.294088645033373619e-01,3.075660775447403017e-01,4.461844590592859428e-01,3.907642743759036086e-01,2.848765780169458250e-01,1.387823098560860557e-01,-1.636469043647809929e-01,1.458658269655528292e-02,8.648509422394189128e-02,-5.292170381769834703e-02,4.127534890105977183e-03,4.628239870888720825e-02,-1.388304628079836400e-01,-2.442818440105371663e-02,7.537941478192934641e-02,-1.847619312791773383e-01,5.083781211097828517e-02,-5.037940495239141142e-02,4.797925733542496296e-02,-7.357102423291868483e-03,-1.808970355704690447e-01,-1.916579002096850670e-02,-4.333476911383556118e-02,-8.935855177672732963e-02,-7.758407352260609721e-03,1.418462621802570323e-01,8.282685475316053925e-02,-1.248954559433459489e-02,2.228193068879521285e-03,4.169128466706468333e-02,-8.714383190585203720e-02,-2.261133205846967420e-01,8.630847174585934423e-02,-1.865234382487190173e-02,-9.530253212203690372e-02,-2.642494415335619115e-02,-1.299024407984524510e-01,5.212091351816443285e-02,5.345274873584875130e-02,-3.321590947123094495e-02,-5.505305680275051489e-02,-1.618847758956828142e-01,-4.124171694008985090e-02,1.083582857065148591e-01,6.621217075666178953e-02,-2.620396963096647061e-02,2.742461909786713531e-02,3.899554932696236431e-01,1.608489908365350329e-01,6.259510462016802668e-02,6.396877305510532963e-02,-1.986572354517136818e-01,-6.956401186712511675e-02,-3.250920736470421651e-02,-1.412916430667223722e-01,1.254431466897498824e-03,-5.577664772622421829e-02,1.931890927565454164e-01,-1.370727085092621200e-01,-4.383819089362347293e-02,-4.938281691263871065e-02,-1.266342416991843647e-02,9.773244553421607528e-02,5.243393179945001620e-02,8.787683176233474988e-03
-7.860473450922393912e-01,-6.466628259068822882e-01,-4.224097010057649149e-01,-6.520644232734513768e-01,-4.979025099674239119e-01,-3.673099014806192608e-01,-4.635419581636334163e-01,-3.392222496000328880e-01,-3.812133778875824719e-01,-2.268105729742865284e-01,-2.266514760775290849e-01,-3.532613543908168507e-01,-4.400324557624631372e-01,-1.360013268635749950e-01,1.060883089215155367e-01,2.953549762433330117e-01,4.366380170094965041e-01,3.894744933097271655e-01,1.232046054683622882e-01,2.645984147151259069e-01,6.198461323426080610e-02,1.972371817159047080e-01,5.107940119369775572e-02,6.139607620554405482e-02,1.455433461412271867e-01,7.949129631701401522e-02,-8.947536490262962550e-02,8.565509825987871473e-02,8.894356783847968961e-02,1.099241466398369893e-01,1.492477780929590547e-01,6.450687139137101234e-02,-5.228911498874441038e-02,-2.061123533507401018e-01,-2.239173086332513305e-03,-6.032577853738298884e-02,-3.919321559060784388e-02,-7.217251238497686405e-02,2.404906870812100750e-01,1.869686781724191060e-01,1.378697515588723777e-01,1.553748487624645735e-01,-9.484315735012754933e-02,5.272060931294873104e-02,-7.396804267662100696e-02,-9.599380952262844338e-03,-1.091342947488130599e-01,-1.844201224302701586e-02,-3.265604464287984177e-02,-7.919786197185144094e-02,2.924419456642157397e-02,-9.692909371540317509e-02,9.465363105184056158e-02,-4.146439381676340734e-03,2.589175196942227197e-01,-1.399167425106811746e-01,1.804564286794040628e-01,8.795045828146669242e-02,2.549113802595481381e-03,5.777158373565091654e-02,-9.543818070995449890e-03,7.798414335680309284e-02,7.001190200576387634e-02,-5.791752989289622455e-02,2.964854822291472791e-01,-4.608441952203217590e-02,-1.820033568391939416e-01,5.249175259338039606e-02,-1.956281585980127746e-01,-1.060503174060459242e-01,-7.107650945292248723e-02,-1.861387682837035429e-01,8.053478524664225979e-02,-1.028225074644099485e-01,1.344437809804317763e-01,-5.515746029134871442e-02,-3.173574228244684381e-01,3.180559639688256834e-01,-8.120808106045956931e-02,-5.510520386064377170e-03
-7.759464874131809520e-01,-6.876143021919299825e-01,-5.037281797827619645e-01,-5.561889931571404322e-01,-6.743941583285096852e-01,-5.594559877117925017e-01,-4.514575027349730929e-01,-3.516043139064357614e-01,-4.429407119729307230e-01,-3.761418165844446770e-01,-3.475776635991186247e-01,-2.839545091162557489e-01,-1.078754362734378330e-01,3.732111166892245445e-03,7.336764399078002374e-02,2.113597357987336833e-01,3.542036493033520750e-01,3.436767161683016991e-01,2.337795932022851964e-01,1.495247591147342847e-01,1.177980142358678040e-01,2.852663743882358997e-03,-3.550911467949512818e-02,-5.461445266093464812e-02,-5.776069633375542633e-02,-8.610342350646105203e-02,-5.810845657278536358e-02,-1.079330630312364536e-01,-8.346794201972723704e-02,-2.573524691450160620e-02,-8.356281322086113461e-02,-5.898800137245417685e-02,1.577483900477834322e-01,-5.488219916900116506e-03,1.177638900597896554e-01,-1.239864193057316627e-01,4.381597614782858224e-02,-1.718753467600016849e-01,-4.781506548472363310e-02,2.025310975969199859e-02,-2.102440402509709039e-01,1.295227275111745157e-03,2.934627773567217157e-01,-2.385296155062586465e-01,1.105261579616944323e-01,4.855796752557173940e-02,7.790852954176047396e-02,1.246326372792283949e-01,2.366057820096580666e-01,1.342912546990763512e-01,-1.374020270106239561e-01,3.401392270940280932e-02,-8.209135738046506592e-02,-2.357045113926740237e-02,8.070417765661382081e-02,-5.414780895567593982e-02,1.212128722211203019e-01,7.106076965322105643e-02,-2.087448939265766079e-01,-2.662655579764882097e-01,-4.057990523015014145e-02,1.386515831466888192e-02,3.987227908892172074e-02,-1.146952331281881066e-01,-6.430384923292134514e-02,-8.709089011189657947e-02,1.767398857544263124e-01,-1.109061712883957357e-01,1.777216713270955706e-01,-4.543049175504130371e-02,-1.914023730482023455e-01,1.539875890449010978e-02,7.068437871939983741e-02,4.636414423339917795e-02,-1.226916784461646315e-01,-1.088693965620720905e-01,1.093406849745409345e-02,1.807057077355934960e-01,4.688988897235504133e-02,7.267015950814587066e-02
-7.954718137134496603e-01,-6.845418480068249378e-01,-6.081403226851204158e-01,-5.200796072959936733e-01,-6.236176095953882559e-01,-6.987307755283871380e-01,-6.078895966687156704e-01,-5.098608232075659830e-01,-4.187017366046450473e-01,-3.403366649095006524e-01,-2.720104978739282808e-01,-2.093000007491204739e-01,-1.522138937392700508e-01,-8.407999284113878979e-02,9.627930248196589838e-03,7.949311495771639591e-02,2.712775112857755966e-01,2.822016343344608824e-01,1.961596132859140876e-02,1.304637789290679362e-01,1.426971729021171142e-01,1.655839565794673673e-01,-4.577672429333366072e-02,-1.677426317139025722e-02,2.305034445536411625e-01,-8.904365727476613868e-02,-1.481319741319818972e-01,1.192003980353869702e-01,1.605420168775773815e-01,1.499673652368754828e-01,-5.017636290928040310e-02,2.491577089880398777e-01,-1.329092558248410293e-02,1.987739960307862708e-01,-2.052883974564194414e-02,-1.513234372786477142e-02,1.954537477578721372e-01,-3.465379337247539299e-02,1.147679494670217348e-01,-2.404912290711610778e-01,-5.290891163578900769e-02,-5.042064027763504958e-02,-1.181207487273421355e-02,-2.363150029564861088e-01,6.943386306207988135e-02,-5.890061628017929235e-02,-1.307581883445942117e-01,2.095690866154677201e-01,-1.398303460404387577e-01,3.805627595815578440e-02,-2.658159704497585762e-01,-6.025295507358684188e-02,1.328877357397798831e-01,-3.960332675194401519e-02,1.542849272849710907e-01,6.721910034625336317e-02,-7.650385397911944711e-03,7.375289970357078173e-02,-6.874229896330773248e-02,1.819176446792486190e-01,2.568180152941683669e-01,4.772727879340766394e-02,2.232593211563676724e-02,-6.724689551522110287e-02,5.990894698763545023e-02,-1.969274851025585582e-01,-2.135591031689935970e-02,-6.005340423632034297e-02,3.263089974989585168e-02,-2.253719021533923811e-02,-5.149814202368638294e-02,6.260767492325548800e-02,-1.551333891299853662e-01,3.901037945189388123e-02,1.250886173423066544e-02,5.224899068314745043e-02,6.424976666008001130e-03,7.722722436037771088e-02,-1.046463157360688345e-01,-3.751584798499664475e-02
-7.996795141720295375e-01,-7.064317423158221754e-01,-7.916915901510145348e-01,-6.818601407022041316e-01,-5.946461055869972645e-01,-4.806152387071601639e-01,-7.136063558515564065e-01,-6.367421826731237688e-01,-5.258115918478140083e-01,-4.533780765282300895e-01,-3.905155079565322818e-01,-3.069783986308365908e-01,-2.375799004492633870e-01,-1.769184897324546923e-01,-1.649554025012936118e-02,-2.404643123028947505e-02,2.993112969115658828e-01,3.031310971449333036e-01,4.205796609704764433e-01,1.674749411914132347e-01,1.364483686051547739e-01,-7.544027353049849449e-02,5.204878960318904541e-02,-5.909107519968470612e-02,-5.073644733151134317e-02,5.031369920285315434e-02,-1.682165041245410331e-01,-7.202469457217323956e-02,-1.279722384219909581e-01,-6.658027822536850826e-02,1.110491667924688730e-01,1.307259106287012723e-02,2.384352628082440639e-01,-1.626631094274123279e-01,3.209696430082573798e-02,2.685551179993337367e-01,-1.841930849060174347e-01,-1.088212669939197103e-01,1.986850796712253189e-02,-1.123098631963419386e-01,-5.305000496844842345e-02,7.614239052280288855e-02,1.818463558011519654e-01,-1.261448223400854773e-01,1.256360521490085536e-01,7.477601957713178593e-02,1.058557919564716981e-01,7.900628899126004023e-02,-2.533791168260350335e-01,1.114883730007513313e-01,-2.432090611583872380e-02,5.353246656760558830e-02,1.093916785059926428e-01,1.557375416005398749e-01,-4.356523777083838589e-02,-1.877137630152808934e-01,9.356948694009328826e-02,-8.539518201274463871e-02,2.505474009107631073e-01,3.335339265188821400e-01,-8.012098667697988008e-02,-6.418903470999971772e-02,5.511842964965753960e-02,4.001287156656396782e-02,-8.179637616796764377e-02,-1.061859865710840928e-01,1.398511674458630394e-01,-8.566999876169792416e-02,8.077247324243200244e-02,-8.738846940868753854e-02,1.339150364956965267e-01,-3.541111132858911215e-01,5.554799951003401050e-03,-1.383000592076931989e-01,-1.200046490134507315e-01,-3.361251114099464421e-01,4.945213350297255478e-02,1.290899710917756682e-01,1.784559505187405526e-01,-1.200485438204084016e-01
-8.070975023573452312e-01,-7.604354105815638309e-01,-6.539775076507168272e-01,-6.014439782043525806e-01,-6.877446456438174316e-01,-6.115766410409477771e-01,-5.379431178539806346e-01,-7.214132699580624308e-01,-6.603282619236241491e-01,-5.473453276409709911e-01,-4.789446935429531038e-01,-4.063237978003619300e-01,-2.691409472816927440e-01,-2.663206411611309110e-01,-2.493617568127026382e-02,1.620984105542017453e-02,8.330272435913176066e-02,2.375779669884731660e-01,1.130675522472528172e-01,4.527063546465476956e-02,-1.215954422106689664e-01,-2.342776279287376862e-01,1.692024483138408059e-02,2.167493054807855257e-01,-1.201946185517971527e-01,4.822233766882337569e-02,-1.046427663186807935e-03,3.303972271602172162e-02,-1.461125531961950941e-01,1.075815612471130306e-01,1.153052828145596093e-01,-4.918278299723948671e-02,1.483835177444520204e-01,-5.791726525381344498e-02,2.658323755818555248e-02,-3.410986685737792817e-02,1.538963543337840689e-01,-8.832511830578236578e-02,-1.217111206558758318e-01,-1.080705752809482494e-02,-1.423253522365769963e-01,2.072509237630531242e-01,1.379161699160530163e-01,-4.480701346168083216e-02,2.679739936646991297e-02,1.848186097745223022e-01,6.235399031600855763e-02,-1.198718638438396600e-01,7.737388065407056759e-02,1.878926826174187950e-02,-1.690173234274275627e-01,1.738575018325969890e-01,-8.371701659195725231e-02,1.336842631915917401e-01,-8.991159271810487963e-02,-9.966153853056047840e-03,-2.493467587744744307e-01,1.266357575260764201e-01,-7.630678401676552203e-02,1.407345538611052271e-01,-2.189042026800834539e-01,6.625451141845457859e-02,-1.456832371923521552e-01,-5.668378669961553901e-02,5.394770559318077391e-02,-1.313139679271254912e-01,-2.350188017889921765e-02,1.885245682776729714e-01,-1.941669533639893974e-01,-2.139679235798825491e-02,-3.983581400033038566e-02,1.302685047895281722e-01,9.120322322120484604e-02,9.835412118797074582e-03,5.169869457440368077e-02,1.473416156876604377e-01,7.583555766150697208e-02,-4.645368881638391872e-02,-1.118695727531915096e-01,1.198240829506937860e-01
-7.978785187888530750e-01,-7.868973797489384747e-01,-7.186540076902396823e-01,-7.828861540777621864e-01,-7.323128435256694990e-01,-6.841930392556869744e-01,-3.835493375466615396e-01,-6.998271612596106417e-01,-7.118322890329513708e-01,-6.804248142121903653e-01,-6.045227852761451137e-01,-4.535301466012470750e-01,-2.278400047405179651e-01,-2.811312108468216886e-01,-2.375032657663761204e-01,1.598406595681912123e-01,4.036808132956807432e-02,1.160269717671310631e-02,1.320402849286875513e-01,2.131898259938695972e-01,-3.794841775509687209e-02,-7.355389058021478965e-02,-1.651120985817910655e-02,1.157037367833387981e-01,5.021745563710751890e-03,1.562558303233501159e-02,-1.730946671785261182e-01,-1.866501567820485485e-01,-1.307811350201482092e-02,2.239742396528730251e-01,2.281077379977665964e-01,1.879734749743704469e-01,1.166816487090870935e-01,-2.364808665278211181e-02,1.371827672441279788e-01,5.417330135993186219e-02,7.432580256185924994e-02,4.853613435092907907e-02,5.731161964406364037e-03,1.622194337076665605e-01,1.282862169053448076e-01,2.927161018398793252e-02,-2.633478970958171295e-01,-2.868370030267989798e-02,8.933917261582452474e-02,-9.262671323392193679e-02,5.851122330034349076e-03,7.783084564250970783e-02,-2.345954302627728527e-02,2.111406565928763135e-01,1.357098891960300258e-01,-9.339628619223688810e-02,1.191503244003705303e-01,1.177330034961683036e-01,-4.084738139192556350e-02,1.161640518040476522e-01,1.617066848734741435e-01,-8.757714580706373389e-03,9.627367893572010005e-02,1.532238312168831551e-01,6.042243816060415690e-02,2.836399203697425458e-02,7.635335861134462387e-03,3.521938316265402213e-02,4.376948045717550702e-03,1.791709295621669862e-01,-5.854156817318679346e-02,-1.299749641296802094e-01,-7.753128717093723567e-03,-2.575609341110564054e-01,-9.679563330439346081e-02,-7.828246122588811140e-02,-1.524715211180248386e-01,-7.149347664569956351e-02,-2.022231315060379342e-01,-1.115708587906204946e-01,-1.884009255718399056e-01,9.655665324563479646e-02,-7.449649278255084106e-02,5.132829488220880948e-02
-8.169220192273145553e-01,-7.981409369293984701e-01,-7.036090677265912641e-01,-7.184946504754777807e-01,-5.345555564430650719e-01,-5.233542511997177904e-01,-6.148514907345564717e-01,-6.295460863684162467e-01,-7.701251552355317109e-01,-7.393603200184452051e-01,-6.997821856047834466e-01,-5.953811065011892500e-01,-3.549815693797110927e-01,-3.076261719334531519e-01,3.374987716218656036e-02,-1.402147567589278054e-01,9.600976256393461972e-02,5.021399498803226502e-02,-6.456616293419156771e-02,-2.049070803634530074e-03,-7.177936899897494061e-02,8.155650972244084251e-02,1.767710227207602500e-02,2.038964270032188053e-01,1.551077944720158641e-01,1.018182963587498102e-01,-7.272785283596182315e-02,-1.857087996538812347e-01,9.634000914133144383e-03,2.972452453637166037e-01,-1.944584380279196223e-01,-8.864541347561054330e-02,-7.002007326446581248e-02,2.993083405245588469e-01,-2.255813543976978308e-01,-4.577794445755596631e-02,6.207470958191986521e-02,-2.928302140400617509e-02,2.889882925919578724e-02,-2.072561415296815535e-01,-7.381504325055822380e-02,1.600064587199369684e-02,2.612303187158312306e-02,-1.945710379520049216e-02,2.284947426471603538e-01,-3.537456927226305392e-02,1.019031695189605152e-01,2.949105506033176255e-02,-8.020831805481593024e-02,9.121911807998652269e-03,-2.476779426475937407e-01,4.052704152482817374e-02,-2.785905272010574807e-01,1.506736151220711695e-01,-2.574730628099661939e-02,5.309297764929054447e-02,-1.655171675399857156e-01,-8.220276951881101690e-02,-1.641654614761791503e-02,8.781309122732336436e-02,-9.043917080627524030e-02,1.511786536913112544e-01,1.093289300221817750e-01,-2.799436330644968288e-02,3.399212998402482283e-02,1.092495092513176558e-01,1.689133630872000635e-01,-8.158886049196789614e-02,-7.450508667056277012e-02,-3.669134323189763690e-03,2.433855541058322497e-02,1.405756428593454288e-01,8.009281366384120304e-02,4.806234446160439697e-03,1.724625671798710180e-01,-2.024693928977474577e-01,-2.908907916599549059e-01,5.116309691569396328e-02,-1.098851917146248108e-01,-4.406529736478619064e-02
-8.283792340874647220e-01,-7.760551869227434452e-01,-7.625541278201608542e-01,-7.993010307080392618e-01,-6.902910201854280947e-01,-6.787445507738713024e-01,-5.582121239164906656e-01,-5.432792446502490158e-01,-8.310105448997834321e-01,-7.912581132826568275e-01,-7.554059252716658346e-01,-6.725514204637690341e-01,-6.040657592547338250e-01,-3.888097205809663559e-01,-1.199119385434137403e-01,-5.719579528210562425e-02,-5.250582183137336018e-02,-1.751486587094189251e-01,1.408056316387966134e-01,1.859920188653925791e-02,-1.853339259947057727e-01,2.192444290863208578e-01,-1.279075457337248700e-01,-1.022723630447740575e-02,-8.037018446624694112e-02,4.198443511227217123e-02,-2.301358171050251616e-02,-3.704352530108114688e-02,2.081802008924483749e-01,-1.705424188945780378e-02,-3.077575502626645962e-02,-5.137499824730977320e-03,1.811865788684328404e-01,1.928160952871462927e-02,9.791369896647914017e-02,4.921606878097632004e-02,1.144308756660713210e-02,1.094018307442148896e-01,9.705652415178137038e-02,1.458096771491645127e-01,4.286436460186678760e-02,-5.160843571089637760e-02,8.524124468677356237e-02,-3.226036607504413900e-01,1.378728165843455811e-01,5.202518626982852862e-02,-6.436214157679881476e-02,1.815642759912192497e-02,1.070434315642563305e-01,1.284268932253276596e-01,-2.360965685897903621e-01,-1.432245885558163789e-01,1.723567504141760576e-01,-5.397424586984443662e-02,7.559360302843688706e-02,-4.357357197313296848e-02,-1.697895169990442377e-01,-1.701937702916249129e-01,2.351168865426672416e-01,4.633355174591544806e-02,-2.982402042536299105e-02,1.950562368696582283e-01,-1.082719475261590125e-01,1.425928909341348146e-02,6.287913939676775810e-02,1.058666016409283012e-01,2.185555847868810714e-02,9.141406920546615855e-02,1.624434941449859060e-01,-1.719236976617194712e-01,2.050162797307085449e-01,-8.612854924250769317e-02,2.061532362767029558e-01,2.533190475719788726e-01,8.171809223210374507e-02,5.156494722425282451e-02,-9.324078777442543209e-02,9.856106337245296167e-02,-5.528369861043515299e-02,-5.667180515851186901e-02
-8.325486090248546134e-01,-7.608248914867107304e-01,-7.808100340474298795e-01,-8.070737430277323821e-01,-7.273040702703014171e-01,-7.008377920121284799e-01,-6.443493523125961575e-01,-5.580660431747206385e-01,-7.988346494274818355e-01,-8.198862596987244178e-01,-8.095293386510866718e-01,-7.167944171850592072e-01,-7.274971975602233520e-01,-4.866747656740580963e-01,-2.006506142571744533e-01,-7.980186013644303966e-02,1.121200898944029467e-01,7.078802573637001105e-02,2.725138951873224968e-01,2.246198624795451779e-02,-1.831134785469517579e-01,1.658053663795067481e-02,-6.623558357523871842e-02,7.395566429777744588e-02,1.550553817802670653e-01,-1.102791380577784926e-02,-3.016188349523988080e-02,-4.538254668028735700e-02,-1.249650793824024775e-01,-1.907135565826929488e-02,-1.541865455927257482e-02,8.150552734855540105e-02,8.266554337327605695e-02,2.062819661585200415e-01,-7.312830709744705393e-02,-3.632137953734094343e-02,-2.803654956912662519e-02,-2.585156113220100221e-02,1.391137386668297726e-01,-1.673093428409927197e-01,6.271302119956929932e-02,1.710857379778032705e-01,-1.406970218653350382e-02,6.889540124171283919e-02,1.506269061627742156e-01,2.796489697871352154e-01,6.920077113412811433e-03,2.067547451577935458e-01,1.451251664654656381e-01,-8.782588824212389511e-02,-1.440205362341136497e-01,-5.983862207544875245e-02,-5.438996931417190012e-02,-1.637086646902108089e-01,-4.912023263693020975e-02,8.273129236534235154e-02,2.352756230137656168e-01,-1.573959461837850377e-02,-8.133418570632769407e-02,-4.374869700577512649e-02,-1.564803649257253126e-01,1.899817126201899103e-02,7.017068116168025116e-02,-7.105899363011287939e-02,-4.326857208406906935e-02,-3.091971584707463028e-01,-1.994596726658934630e-02,8.208004078286948446e-02,5.604802005920771213e-02,1.590804190831014431e-01,3.471598215034920470e-02,-3.122356429533916164e-02,1.057483880503511629e-02,1.283309451133235191e-01,8.360141976726295776e-02,-4.669369559674326625e-02,6.326341171031060751e-02,-2.136563514410275491e-02,-1.183082356243694705e-01,-2.266786225731161689e-02
-8.054156363443759625e-01,-8.092092770298884297e-01,-7.296043209021920717e-01,-6.908744250476469562e-01,-7.988224904818953531e-01,-6.937973951383705762e-01,-6.019063407459045445e-01,-5.957708421779742691e-01,-8.678545746704393604e-01,-8.463705539755866925e-01,-7.841912295516003661e-01,-8.083180834987844232e-01,-6.092244773628794352e-01,-2.800150828502334099e-01,-1.798171127647978651e-01,-2.851710156655323791e-01,-8.487255329293542927e-02,9.281681513387966820e-02,-3.931584755429716471e-02,6.397846184691750870e-02,6.517252858086378109e-02,7.795113261421351969e-02,-6.187171446872394981e-02,-1.360170264435188181e-01,-2.550879198579555224e-02,7.007169403802217256e-02,9.941946302851100217e-03,-1.177516628816142330e-01,5.769970701585176026e-02,-3.914752537221063283e-02,2.586477257185532119e-02,-1.488919938384228869e-01,2.139460094940235091e-01,6.819814936291705709e-02,1.218099529343564524e-01,1.186252575994053843e-01,-1.320462969133028575e-01,9.305761517135907601e-02,4.798522435569797795e-02,-6.981081153313190013e-02,1.062170020506183511e-02,4.210786363577170149e-02,1.273051068675132569e-01,1.377971740211613935e-02,-1.210620322992124985e-02,5.514606497745449393e-02,-3.560112253729735138e-02,8.958335968225478174e-02,1.110239344519421689e-01,2.737146743762814208e-02,-7.089524863771373697e-02,5.121238385400941201e-02,9.932377043142472106e-02,3.834115917506384502e-02,-1.133641265381902657e-01,4.498556227613372677e-02,6.109099667064351452e-03,-7.519672942561883566e-02,4.708420432992284355e-02,-2.296665861986595808e-02,3.070877226881164185e-02,2.646927109125723696e-02,-9.078293861155879718e-02,-6.200776173898817772e-02,1.105223221993354293e-01,-6.882484506892912537e-03,-5.184862034041721329e-02,7.761452431883596181e-02,-4.725001713367921879e-02,9.478117611535490095e-02,-1.001061732988893227e-01,2.146685553016187964e-01,2.030025153097697321e-01,4.804448665633850868e-02,1.540219278435529249e-01,2.160909573818802498e-01,2.084903693373428291e-01,-1.006815761478945491e-02,-5.264707010872638621e-02,1.750573746851777357e-01
-7.927885292622708358e-01,-7.883150169473432944e-01,-7.506475856150187642e-01,-7.814364660018223718e-01,-7.658454712443503176e-01,-7.763649290261115388e-01,-7.010321129679797370e-01,-6.827653974314215057e-01,-8.769224216612359069e-01,-8.804242702435841617e-01,-8.838297494924886033e-01,-8.208223003759436143e-01,-6.406318336739557084e-01,-3.783712892003657235e-01,-3.989982370799130540e-01,3.734150584726046024e-02,-5.323124723471011482e-02,8.300228381623789287e-02,1.189373683932925252e-01,-1.271946587915978588e-01,6.839692935721124190e-02,-1.201807176598799209e-01,1.918398087744524472e-01,4.413514648298035720e-02,2.413110675884872769e-01,-5.460308653512810362e-02,-2.271359552929316100e-02,1.009052608198644785e-01,-1.028993800845739298e-03,-3.126296894759279799e-02,-7.600531877263537461e-02,7.602277416066084703e-02,2.640925356381082154e-02,-1.625533842179624489e-01,1.898602400266285184e-01,1.031207914333928249e-01,-1.354239159360528244e-01,5.634243990123974366e-02,7.729037265609287055e-02,-2.386115923245610976e-02,5.482038710128222386e-02,-5.120167923389354336e-02,-2.277316776826709271e-02,-1.218491450353594990e-01,-7.979490748694414992e-02,5.487626480698558351e-02,9.066178861812304590e-02,5.328028020763001839e-03,1.021513394013894988e-01,-7.499374307628289826e-02,-1.055635898297241221e-01,-8.340458654749997869e-02,-8.667441764089801881e-02,-7.387856961432097413e-02,1.268654829534932860e-01,-1.115628229666869864e-01,1.305778494865394712e-01,1.654096660018112286e-01,-8.653800450789987664e-02,1.938131409147656470e-01,-2.033594141027545987e-01,1.548828193526119792e-02,1.478313181684141608e-01,-1.474912022434079692e-02,4.340898224874636946e-02,-9.159406954763717190e-02,-1.748533650288641760e-03,1.900396353152028137e-02,1.378738422110513673e-01,-1.098659796885193551e-01,4.879576108772920584e-02,5.005742088280237118e-02,-4.376138725133953654e-03,3.756814007425102013e-03,-2.352697810481051421e-01,-1.027679660450424720e-01,1.206865698005610554e-01,5.734223717407149756e-02,-7.455657329014452050e-02,5.846223540429507093e-02
-8.095121897462302929e-01,-8.216488994456144779e-01,-8.617435289704007406e-01,-8.154865879344137536e-01,-8.205167429016620995e-01,-6.764726793324773446e-01,-7.557889107657881356e-01,-8.098799501961305713e-01,-9.271785581220712835e-01,-9.010265573971367736e-01,-9.146517163155473140e-01,-8.799332227690843666e-01,-7.339269688402593195e-01,-4.934195592437100042e-01,-3.432867662666021502e-01,1.489119997652841587e-01,2.290513481080902816e-02,2.763556894739347403e-01,4.235003068771110712e-02,1.058295447930927141e-01,6.608103136867445049e-02,-1.309519906303345249e-01,-2.573659383448016480e-01,-1.876249997873267739e-01,1.425691965505518910e-01,1.260297102523177115e-01,4.013061941091464885e-02,-1.426111475211473967e-01,-1.784144795107971693e-01,1.554141577983387257e-01,7.090239520650135074e-02,-9.867848109177989810e-03,3.960241740689197237e-02,-6.818252985400095889e-02,-1.249126856306130295e-01,7.496980742338690828e-02,-8.312281841561140749e-02,8.443519931263142320e-02,4.147317661640587821e-02,9.398158248568062173e-03,1.588719471229926572e-01,-6.847942136989474543e-03,-3.268902789495546635e-02,-1.191906375766838971e-01,1.807756480459987714e-02,-2.076473527228704999e-02,-1.752398213138564934e-02,-2.528599008999069531e-01,3.990905993393112361e-02,1.303952660257025505e-02,-2.098513815560165696e-02,1.493569967294078871e-01,1.110069687675433042e-01,1.069252808055906334e-01,-1.537232964105875455e-01,1.083476600668496215e-01,4.530245340225228651e-03,-1.733355728448065115e-03,6.054599868940340607e-02,-2.913375884921422243e-02,-2.712459702259962246e-01,1.355505688916574247e-01,-1.191222012938216446e-01,9.380615941273272307e-02,-8.423492096678748819e-02,-1.311447085560926533e-02,7.403226309673018035e-02,-1.292785401970498460e-01,3.262352795797004296e-02,-1.844715095680309752e-02,5.092001255089891563e-03,9.230652830737653969e-02,4.323802638759047245e-02,3.791686160446059578e-02,-6.370714460051256356e-02,1.386946769715915739e-01,-1.252278368669686448e-01,-1.218202316671705421e-01,-7.182711240382736763e-03,2.781828114197719415e-02
-8.103796604053282726e-01,-8.096507323555470759e-01,-8.197980072060339074e-01,-7.495703352150455689e-01,-7.047686759648935650e-01,-7.787947378787717367e-01,-7.324918720002708827e-01,-8.896143265136615685e-01,-9.064868243832856498e-01,-9.365954493708656958e-01,-8.894890730752125219e-01,-7.273695225065111014e-01,-5.585341140941529892e-01,-2.971056680846853593e-01,-2.126437543631957972e-01,-9.508862364870075690e-02,-5.211537151433734416e-02,-2.603284265233460348e-01,-1.708931843668368422e-01,6.084865285370962690e-02,-2.843820037935277864e-02,1.002509183675367316e-01,1.440485990391073279e-01,6.621165145201066138e-02,-4.807674191451964153e-03,-1.522885839551719189e-01,-8.225600890669657050e-02,1.734799231570761102e-01,-5.441367921603865870e-02,-3.903998243720833983e-02,1.422852760831755659e-01,-1.573572581173590668e-01,-1.153818164835767324e-01,-9.717615917383500002e-02,-1.887754477995463309e-01,1.853008025670423997e-01,-8.965807960650691577e-02,5.495784759598604935e-02,1.722878799472696565e-01,-1.867268379271020406e-01,-6.998533208165376440e-02,7.064324338118933844e-02,1.077079256115804663e-02,1.612539937757188901e-02,2.467220447466917654e-01,1.157502107998717618e-02,4.427576577952902631e-02,1.437294148055878046e-02,9.772658520601230914e-02,-3.725196017888433159e-02,-4.353177970670563113e-02,-8.187147854460015417e-02,8.835350508592496044e-02,5.122603333989872096e-03,-9.275486247677234078e-03,-8.826240552057144917e-02,-1.289533522980895186e-01,-1.423622730982290578e-02,3.684514219745790159e-02,2.582679016059750698e-01,9.295270380305845070e-02,-1.694595072107444710e-03,5.205868613562222857e-02,-6.417528024372239071e-02,1.440694255537749435e-01,1.322827404707828565e-02,1.884190925342303091e-01,-1.919363053059966739e-01,6.027411994399997641e-02,2.857993722280161974e-03,-1.271511971232540672e-01,-1.121251765808810447e-01,1.231155367659354100e-01,-7.109938261516238200e-02,-7.674208089102574348e-03,2.141478803574655143e-01,-9.037898914729919353e-02,-1.129677860665446176e-01,-1.113021100933112711e-01,2.132345746486986882e-01
-8.230372956713888355e-01,-8.466077088580539201e-01,-8.287723887958114988e-01,-7.601981801752140111e-01,-7.750130969815791637e-01,-7.593422566609696611e-01,-8.752402441062915317e-01,-9.526300348609795243e-01,-9.366939830627899477e-01,-8.965010440932590363e-01,-8.664004710969627210e-01,-6.605089007730338135e-01,-4.249748689565125415e-01,-4.651023923665684179e-01,-6.458345223759076603e-02,-1.047896024848487956e-01,-6.985485512842593003e-02,1.445301321627698310e-01,-7.427311912411899142e-02,3.001251619912206209e-02,4.656414204377711669e-02,-2.708842993995334500e-02,1.042227054725320540e-01,8.242624995824049394e-02,-1.040306528884945951e-02,-1.792352390355686775e-01,3.145179588909033375e-01,-3.681906418739490372e-02,7.312418485122665346e-02,8.173020036770924091e-02,-3.864756573640378261e-03,5.008709538844376141e-02,1.489803313301499565e-01,4.275122369703607955e-02,1.303634640299959901e-01,5.060750006524631500e-02,-6.248496956406598274e-02,9.069091139913713906e-02,1.409387119100419528e-01,1.045969058075166824e-01,2.156829345033831405e-02,4.048891717373171578e-02,-1.219659232430620466e-01,1.651513728161242145e-01,1.440317189290007266e-02,-9.060510624244027048e-03,-1.311791239160862987e-01,1.428069554540558062e-01,-1.574442526160965694e-01,1.439597551640318107e-01,-1.208981439246452488e-01,7.120778751980282040e-02,3.909135728966705355e-04,-8.638779485362385602e-02,-1.028835518219259337e-01,-5.202288936008681031e-02,-1.780428378561074026e-02,2.502154627461413480e-03,-9.190864512470567696e-03,-5.153352555359824033e-02,-1.237639321954721455e-01,2.085156231419766845e-02,-2.370615528115682658e-01,-9.337059521970533793e-02,2.878551418387039276e-02,-2.217322829128374334e-02,-5.909582477626443286e-02,8.570507159759550853e-02,8.278775194971135093e-03,-1.574204561031289917e-01,-9.871533193946586959e-02,1.434350533928038240e-01,-3.343532050309964282e-02,-6.282935120357309444e-02,-1.288850496144037794e-01,-1.191434645727871972e-01,-1.206410736215622476e-01,-4.776620774347836718e-02,-1.887556039623428800e-02,9.895790103843486729e-02
-7.987516924389889139e-01,-7.889899964039123192e-01,-8.068998047337545554e-01,-7.548398997284521128e-01,-8.229445317947837735e-01,-7.607702409841455848e-01,-8.946052560688536603e-01,-9.002888639356335654e-01,-8.931965484781230202e-01,-9.119310725998152067e-01,-6.863325620932806403e-01,-4.072499775739298888e-01,-3.916794453576783464e-01,-1.773939326804462313e-01,-1.773377713711461467e-01,-1.855511910703534217e-01,-1.414334123161585521e-01,3.964421992115217674e-02,7.134366042820336484e-02,3.247665354882355981e-03,2.116563334809667962e-01,-5.040152605981691736e-02,-7.225569720684286990e-02,-1.645578912925192705e-02,-1.930884901250025931e-01,-1.099072188864414212e-01,5.420028229784756846e-02,-1.676619912781942834e-01,7.321525051824627484e-02,8.460263897213692041e-02,6.458145030670731090e-02,-2.171620984856333092e-01,8.941003118059374921e-02,1.845600725568100411e-02,4.461879352383937847e-02,-3.443630349736419988e-02,5.433837361050697368e-02,3.046975418412946057e-01,1.349857806891150702e-01,6.577024018168979580e-02,1.396296534117777710e-01,7.987899868390266334e-02,-9.350201885300947480e-02,1.750827508937467525e-01,-5.295799460559676673e-03,6.541400055010143655e-02,1.672708063328000039e-01,3.781438113435175302e-02,-6.965421579633851445e-02,-1.785166533088068386e-01,3.484091960740609388e-03,-1.861278765250712064e-01,-2.752974604183952012e-01,1.283191020003940086e-01,-7.860578141806671970e-02,1.135774226031945333e-01,-1.541396020460258365e-01,2.874402844312040715e-03,-1.157226211643397756e-01,3.503528674473770088e-02,1.263214593625558435e-01,-6.008248357514076737e-02,-5.995605008589584284e-02,6.835632378413743215e-02,3.719393962702645991e-03,-1.830007067429299528e-01,-8.189696373426191833e-02,-9.830211829315801952e-02,-4.072759990539863428e-02,-3.524171922295715915e-03,-1.464034970090859894e-02,6.010727777973325775e-02,9.601203851846400184e-02,-1.276252282568370311e-01,-2.690217712679760301e-02,2.785911308092794414e-01,-3.751093280576865002e-02,1.306158146809701381e-01,-2.048867677439753648e-02,-2.440999715281331472e-01
-8.101414032473185367e-01,-8.003263230754865676e-01,-7.762656202385643800e-01,-7.991229726492166119e-01,-7.812816115208586210e-01,-9.061957995258780318e-01,-8.870759215695986910e-01,-9.520266416427981548e-01,-8.833234689158721009e-01,-7.058278278906017222e-01,-5.789465517796761329e-01,-3.991908398691811355e-01,-2.231971958940212053e-01,-2.742316392635831823e-01,-1.909370343420831173e-01,-2.229204027235661689e-01,-1.244262516623483722e-01,-6.383018633895304328e-02,-8.007930836613683101e-02,-1.935143692040992847e-02,-1.450156196486230564e-01,-7.575187899001452861e-03,-6.840613455548578969e-02,6.188888339778886999e-02,4.398572466460540231e-02,-1.605666436637328831e-01,2.586519213735848088e-02,1.574976938249320890e-01,4.685583956706662612e-02,6.126098415937712705e-02,2.753965816776730580e-01,-1.466146311982265416e-01,-1.581411200784353654e-01,6.185120659486100653e-02,-2.009799968024354039e-02,-1.182043018757560487e-01,-5.388160168534539100e-03,1.003867214650023751e-02,-1.582924001396207314e-01,9.270916928754523167e-02,-8.089966448937320129e-03,1.344393517274887484e-01,7.024048017163180002e-02,1.447980928608284534e-01,-1.772482090514488837e-02,-2.662031884172110299e-02,-2.106017577793662526e-02,-5.872795191861929914e-02,-7.196178926356301686e-02,-5.833461340442676508e-04,-5.852442874072345770e-04,1.326088052347738355e-01,-1.051109737798151811e-01,-5.381303771227717581e-02,4.944446677071049484e-02,-2.596752518203767485e-02,6.195716164441095880e-02,1.687314297883375225e-01,1.142155081807969680e-01,3.149923899989578308e-02,1.788987716602724320e-01,2.883869921868881248e-01,-7.210047148255416261e-02,2.788416837866923570e-02,-9.574211684761288477e-02,-1.958770960374641712e-01,3.315696042469032934e-01,-5.766022838219770491e-02,8.943774510744754991e-02,-2.199475380383062242e-02,-2.074029692215520748e-01,1.128066096816644250e-02,8.093275687035864432e-03,-8.260436546437241456e-02,3.256580900666534301e-02,7.889721401581038795e-02,1.091287824200385670e-01,7.147008483874496554e-02,2.701639575209067654e-02,6.504225498049748255e-02
-8.150096574907538249e-01,-7.957875421291109586e-01,-7.892853586760248952e-01,-7.413702813555337334e-01,-8.049052643609208024e-01,-9.058812346507227886e-01,-8.676297069051222000e-01,-8.261623048478217157e-01,-5.593607756534723086e-01,-3.667969013719029059e-01,-5.012597893607881883e-01,-3.074861416051789531e-01,-2.334966596967427421e-01,-2.555227664986963187e-01,-3.699359357123594566e-02,-1.531560269280695663e-01,-1.081068723355542265e-02,-1.596744555371057417e-01,-4.312716594767779937e-02,-2.318302737980900696e-01,2.399979719181190296e-02,-2.304995914395218878e-02,-4.165307826064806179e-02,7.263728053033005616e-02,3.735121846948829399e-02,-5.516498519686422602e-02,8.597555143335038064e-02,8.184389154407281652e-02,-1.627264364479923120e-02,-3.321590901418848829e-01,8.428014801723685001e-02,-8.109704018435737183e-02,6.997389981457870223e-02,-2.337591266976276616e-01,7.672607513745770269e-02,-2.313850408739607026e-02,-2.924813991227567245e-01,1.268318963815323608e-02,1.135518385616150205e-01,9.818256514021153625e-02,-1.650639570395091849e-01,-1.557602746573301666e-01,-1.433324586239795584e-01,-1.980743565548482576e-01,-2.420290048396266450e-02,-5.387062275505750258e-02,2.684715405326993862e-02,-1.214294914797551563e-02,-5.166330212338352684e-02,5.743330183856465432e-02,2.858462120084402647e-02,-1.495038508553736892e-02,5.796774343932854789e-02,-4.459016009884116116e-02,1.012327999721653604e-01,1.023855961516987184e-01,-3.311186760384250694e-02,-1.015787483869071417e-01,-7.645099163356755545e-02,1.241407836455294955e-01,8.718212723852970802e-02,1.440428247423089503e-01,-1.870801549191513161e-02,1.932326020065480363e-02,-4.547525821174734639e-02,1.994363204912176502e-02,7.371824900825432736e-02,-6.777092891655447926e-02,-1.036754862942383670e-01,4.066576837000016043e-02,-2.217000278427966042e-01,-3.878167506858294644e-02,2.555430484342511854e-01,-9.813050559310804166e-02,1.097405524689944595e-01,-6.776577535939886862e-03,1.138589646051026555e-01,3.594925764223833031e-02,7.772591810319855188e-02,1.376393258524993557e-01
-7.509053832840143494e-01,-7.722881280439938267e-01,-8.117541695031670335e-01,-8.096544303604923387e-01,-7.901050366723709750e-01,-7.830423901871338410e-01,-5.755963314445803336e-01,-4.785654873786137076e-01,-4.334970438846991736e-01,-4.345849705076945124e-01,-2.248458078459235066e-01,-1.713399648570225753e-01,-1.049024112294507788e-01,7.252902334386982820e-03,-1.968337597228090319e-01,-5.781189153805598585e-02,4.871136323039991327e-03,-1.220933207514849073e-01,-4.939330260502455133e-02,-5.590234021306608736e-02,7.687884655870078077e-02,7.066738600825507588e-02,8.998393598506734814e-02,8.526811037722485664e-02,5.460564890108098729e-02,-4.413206107909473271e-03,2.865283913292379636e-01,1.132511038721126656e-01,1.950557603746196078e-01,5.742958891081158257e-02,1.832882370995502497e-01,-1.915553376135834540e-01,1.105220102993530185e-01,2.188407823480256476e-01,-1.002821386408507820e-01,-8.907149431931556116e-02,1.299289949082577805e-02,-9.461971834717969321e-02,9.217857757504305249e-02,2.205082523218895516e-02,-2.734335220655175272e-02,-3.757353945020177471e-02,-1.995583778710618983e-03,3.599531930153661990e-02,-7.082555772597000365e-02,4.007683849429063278e-02,1.004622483690246620e-01,-1.110870284150450582e-01,-2.860295499911994291e-02,4.649503642926103991e-02,-1.771354691419087246e-01,8.239741329731217756e-02,2.586688355683707252e-01,2.370847991560378482e-02,-2.432509303747475149e-02,-1.854060106778895323e-01,-1.643396701176234320e-01,-8.333408768302967562e-02,6.166173045934174313e-02,-5.578148071500329099e-04,-1.688491011514468843e-01,4.934244148308829930e-02,-1.811797518889001757e-01,-7.323407212588559090e-02,-1.876445568374860429e-01,-1.433578008122742553e-01,-6.538387959980178354e-02,-1.995665726571528228e-02,3.686879780396396661e-02,-5.628245614947851444e-02,-2.059168896844646574e-02,6.634575073449480720e-02,-1.288222419950871833e-01,3.145038041129592787e-02,5.886022617752905556e-02,1.365922207675114852e-01,1.279417725447090093e-01,-1.150475278302249965e-01,-1.653744434705440788e-02,1.525506803834034697e-01
-5.766665426421333507e-01,-6.144668085972135874e-01,-6.003588345992960651e-01,-5.934095459501580461e-01,-5.200778934296620415e-01,-5.286349860048341620e-01,-4.898046394363851919e-01,-3.584836090977753242e-01,-2.779982870681096396e-01,-2.811988790757856682e-01,-7.850729229023928335e-02,-1.682734367436215239e-01,-1.178697384960468858e-01,9.374349486662636108e-03,-1.373856177217551711e-01,5.169544133366521695e-03,8.061364932620145723e-03,-8.155473125132213508e-03,2.181194256734213938e-02,4.491040854573349894e-02,-1.564293799407699692e-01,-9.181565217446480132e-02,1.980717676700982921e-01,9.731012632821714123e-03,-6.229337063556365101e-02,-1.452806460098842942e-02,-1.060573493416519381e-01,1.267807997238636422e-02,-4.356193432649410613e-02,1.704748916507360093e-03,-4.502816151240943143e-02,1.091169312743036669e-02,9.260699030318977898e-02,4.872557597642612932e-03,-9.077658044775548107e-02,-3.239968894191148224e-02,1.274056030181509591e-01,-1.355325448956744006e-01,-1.949225372870135586e-01,-6.415125752677724655e-03,-2.502532951390108382e-02,2.134357186690780672e-01,-7.059496998589874506e-02,-1.783973450648995707e-02,-1.120484809889344124e-01,1.610759080297182594e-02,-1.761016147532467324e-01,-1.937458462020996142e-01,2.399543300379301108e-02,5.276486548563222995e-02,5.713766027710509565e-02,-2.015521485273139360e-02,4.213489513125692754e-02,-4.962513863287251747e-02,8.294869239265593996e-02,1.244508202455571894e-01,-4.941493875532641800e-02,-1.803435906756351015e-01,1.654388844679651437e-03,-1.610177667853916472e-01,1.983342337713626113e-01,-7.851334907309938382e-02,-1.092893223191296059e-01,-5.595507901674904444e-03,2.878093660010675250e-02,1.413213424258027984e-01,5.903223117943522807e-02,1.612757264849832006e-01,-1.332969771040263263e-01,-5.218915287972503148e-02,-1.580994906960575194e-02,5.945000958159501331e-02,-5.271311935059364018e-02,2.144525019100589347e-01,-7.180932739642183205e-02,-2.564662661001795158e-02,8.977113984633590393e-02,2.334009369531018716e-02,-4.128117764891611752e-02,6.566567184160367054e-02
-3.901179424794996575e-01,-3.532569402911309164e-01,-4.122324163733110391e-01,-3.857215588931200423e-01,-3.601897588371573145e-01,-3.063907182286617070e-01,-1.538436691838401260e-01,-3.127814711763647892e-01,-2.708434821201564646e-01,-2.293546310950087264e-01,-1.010571631971360768e-01,-8.163784224676043366e-02,1.556829932108675643e-03,-1.746100805350404572e-01,6.203745347008279148e-02,-2.828473174572386853e-02,3.034541939596663469e-03,-1.818131932090975289e-01,-4.128216601316504752e-02,-6.423393793177883948e-03,3.354063313664505403e-03,6.534674425991870983e-03,1.022931833841970589e-01,-1.739030553048170544e-02,-2.038502478152143943e-02,8.259404341522029458e-02,7.782163614861083156e-02,-5.941190656972118733e-02,1.602676210507701093e-01,-1.177933800023343996e-01,1.939306374943246813e-01,9.376280812347394245e-02,1.511141927666656837e-01,9.551252146159912304e-02,1.060837825922593680e-01,-1.395211538973225307e-01,1.163069135052763603e-01,1.086532656185158763e-01,9.476597619352329638e-02,2.486338865731400893e-02,-1.370774149660833156e-02,-5.235997620629167376e-02,1.588161984399065196e-01,-1.286199551275492015e-01,9.720835970016031627e-03,-2.753564104683850836e-02,1.684251336863916149e-01,2.613444932135078336e-01,-4.708125943478520814e-02,-3.260842199536892472e-02,9.883228237693267304e-02,4.730344046384878098e-02,1.210245428367939802e-01,1.889871990372961053e-01,1.057648596961071885e-01,-1.253567416661120759e-01,-1.168123222967766689e-01,6.249212569644610471e-02,-2.273406338874593147e-01,-6.367905118544017751e-02,-7.935170313491135552e-02,1.149691036511964670e-03,1.345216804614942363e-01,2.146983831124037873e-02,6.654400426941843583e-02,-8.125701717219342701e-02,1.441749709430310486e-02,-5.192777562984656620e-02,-7.021218662420465606e-02,7.456997883045976550e-02,6.304792779726170471e-02,-4.119799572103984703e-02,-8.751428483246595502e-02,-2.013114034322264212e-01,-3.149659784536749940e-02,-8.722379221091962342e-02,-7.144631122198327744e-02,2.569995937696724700e-02,4.464390799218957012e-02,-1.406770247246187933e-01
-2.220773224493064468e-01,-3.253531396322066338e-01,-2.648289259605073886e-01,-2.012312404113497377e-01,-3.350904940511664210e-01,-1.585737947573082895e-01,-8.381791088605940188e-02,-1.799864675731837893e-01,-1.763885087766219606e-01,-2.544103565401166500e-02,-1.287517765467225128e-01,-4.956689091644488065e-02,-1.296514223993609216e-01,-1.657356334043156576e-01,-1.562016082264108263e-01,-6.771994474718827373e-02,-5.490324071282158547e-02,-4.728431047703304108e-02,6.483951741916785250e-02,1.162178412672501132e-01,-3.028510222492917237e-01,1.051994828969562007e-01,6.340756153392831940e-02,3.862506305837623555e-02,-3.621316177359790861e-02,-1.295157367179840813e-01,-3.050503021286254252e-02,-6.621928011620190069e-02,6.674509718453743023e-02,-7.995516511529361658e-02,8.635940852208914831e-02,9.176042982919793700e-02,-1.902495320940397402e-02,1.140865986016452310e-01,-2.502561025577534348e-01,1.124469892263251919e-01,-1.584102870623951484e-02,5.344351552632468222e-03,2.051504465175128522e-01,1.432371364089727594e-01,2.196123752227010506e-01,-3.540233681135270677e-02,-1.055068123632231097e-01,2.194998445760589639e-02,-6.032676701065529945e-02,4.646794905386351926e-02,-3.759488834586889594e-02,8.104723540520117342e-02,-5.354006974100118839e-03,-1.310906145682031176e-01,4.926543084284765867e-02,-1.561806019012223212e-01,-4.386761782082519712e-02,2.503012343362380210e-01,-1.523889139212790123e-01,-1.117842748073602926e-01,7.453823706919132652e-02,8.863749612088556162e-02,4.429386137085074629e-03,1.001802816214424630e-01,8.930305490821991918e-03,-4.940819493217436797e-02,-5.502356829496900942e-02,8.492058521728813869e-02,6.892020511551192469e-03,-1.061035687449420895e-01,6.010749621696606648e-02,1.179254342299240199e-01,-6.069101309107437225e-02,-8.422756568831187007e-02,-1.121790503042356495e-02,-7.926452382785934003e-02,7.041292692692173449e-02,-1.007308300099138826e-01,-2.063343555072789937e-01,-5.389795375249296222e-02,-6.829247589994087708e-02,-1.710099920828238307e-01,-1.871073382115269121e-02,5.272898049186940106e-02
-1.106617522519393881e-01,-2.667459802124119150e-01,-1.410451540373339474e-01,-1.233681959927423050e-01,-2.038141118028079235e-01,-7.893850378745023710e-02,-1.971556375823857732e-01,-7.116879586791334533e-02,-8.183455453265081614e-02,-1.738538060157069909e-01,-5.041658083255805105e-03,-7.467437066331575161e-03,1.986040037444058645e-02,-7.674579316104869660e-03,2.458663605555710951e-02,-1.655695297133972232e-01,6.357214305036708313e-02,-2.859115475588299565e-02,7.433445770348152959e-02,-3.189253067448132029e-02,-3.365227815573024889e-02,-2.909354907267458837e-02,9.413637760147652855e-02,-7.077002029334548971e-02,1.267204383713701754e-01,-1.036789527975262304e-01,-2.392748968157207279e-01,-2.347576173867089652e-02,-4.732686033056499042e-02,5.170865856855925979e-02,2.145532198817967640e-03,-3.878322732226684166e-02,-2.532529507599528412e-02,4.850873095402049445e-03,1.039987174592845315e-01,1.043355701455956491e-01,4.443559212238466088e-02,3.677915220990901624e-02,2.493181088684022773e-01,-1.017790251454678413e-01,-7.823263807540983827e-02,8.025883561977989467e-02,-3.724180149642034032e-02,5.604817399571484365e-02,5.068856994031505081e-02,1.190856284000506859e-01,1.338927534893608745e-02,8.726943942314538405e-02,-1.266976468201669592e-01,9.779469780143669466e-02,1.029856700122903229e-01,-2.340572716233797496e-03,-1.724539949519073856e-01,-4.385885041265790568e-02,-8.582175822903595139e-03,8.055427037479923058e-02,-2.953568514403899156e-02,-6.997590636654676954e-02,1.701190909465974052e-02,1.301668258362995677e-02,2.379615241614553289e-01,-6.690335002366991357e-02,2.602537172489309270e-01,1.871444896441883388e-01,-1.971615303723567580e-01,-1.084026003696077350e-01,-1.871840603433420069e-01,-7.159214188295022485e-02,9.757185592804774876e-02,3.465826593517576382e-02,-1.171665472712458619e-02,1.018102160360600250e-01,-1.216523207109108939e-01,-5.338970640049546523e-02,-1.422422594828884855e-02,-1.224931529870452035e-01,-6.819253233789054902e-02,-6.014977307392412736e-02,1.634369093386235094e-01,-3.283804449696817868e-02
-1.212321479544521130e-01,-7.299818062669552465e-02,-8.315805247768275066e-02,-9.669829799385903923e-02,-2.033811395033922886e-01,-1.262673437289634770e-01,-8.401565821669233769e-02,-3.716826133409224103e-02,-2.536461078040655806e-02,-4.265172876224542636e-02,1.257793740646362401e-02,-2.413740716838340405e-02,-1.189601277593693995e-01,-7.926119900694557352e-02,1.475527673963842878e-01,-1.292876831761324841e-01,2.252862350438244836e-03,4.533790092635359842e-02,8.370763587691872412e-03,1.125154714258505967e-01,1.997208781808216260e-01,-8.887483949081648182e-02,-3.568366081878766860e-02,2.987434585414121269e-02,-8.253103365931399593e-02,-2.591645814726140640e-01,3.031501604813637354e-02,-3.164110854866644118e-01,1.445032532427510397e-01,8.468722483382046251e-02,5.794054864032326113e-02,1.105835356553583199e-01,-2.394998589775948136e-02,-1.580362485211474766e-01,-3.202659104646660149e-02,-1.367131608449549673e-01,-9.722036901075475912e-02,3.113412641196533145e-02,4.279924813301756031e-02,-3.396573148329726927e-02,2.060354944486980297e-02,-8.494190129026918390e-02,-6.581008635286703622e-03,1.347681508705905473e-01,3.870682774813621538e-03,-1.771606619727106660e-02,-1.624340366530210855e-01,8.851291078209871932e-02,6.144454378475812904e-03,-9.642220346663486763e-02,-1.023323718131506493e-01,-1.213761026488501676e-01,-7.426981081523402473e-02,-1.139579680110075627e-01,2.171527419501204925e-01,5.698675422318262226e-03,-1.473119258014317090e-01,1.593644017170919025e-01,-6.574234011483284790e-02,-1.891982175138768874e-01,1.151389516356587650e-01,1.008189123021587252e-01,-7.836160254548581172e-02,1.468405500209879477e-03,1.138788119859401593e-01,1.560759714946974297e-02,1.504616830929612903e-01,-2.654518287203910809e-01,1.438651058828298857e-01,4.055264305646865547e-02,-1.087424021829372506e-01,-8.342717475547193349e-05,6.875418202595812156e-02,-3.840224900453136775e-02,-1.058592192310029156e-01,-1.140212774914887463e-02,-1.228820271430910820e-02,-1.511134321578276075e-02,-1.088540680676905736e-01,-2.397817841778947245e-02
-1.155443702610971651e-01,-9.104551146416790808e-02,1.175998603028893634e-02,-1.183092154989923567e-01,-7.827329787557844865e-02,-1.194458488501324994e-01,-1.160987418353777861e-01,-6.365095250030398943e-02,3.568495071370780813e-02,-9.342472749253533104e-02,-3.081971456736422310e-02,2.088681093977145381e-02,-8.092589094371044692e-03,1.106115256478795300e-01,7.342770361658311484e-02,-6.976271924193794272e-02,8.230782609378396730e-02,6.743284585606096164e-03,1.690915696452064548e-02,1.247203523421977142e-02,5.017324582241619590e-02,-3.611551237949379989e-02,-7.152333408525791969e-02,-1.948566826785580464e-02,4.777409973035995350e-03,-1.470054493352351832e-02,1.317771779331185049e-02,-1.023264315110716943e-01,-1.784673654100462359e-01,4.453989612579480062e-02,6.123116071833488439e-02,3.753492842530980339e-02,3.633245504034159079e-02,2.609768083139078071e-02,3.266494575412651983e-03,-2.344213693144708566e-01,-1.651179129838665702e-02,-2.489057238926145957e-02,-3.410250232844853208e-02,5.276096835680833819e-02,3.960253968799670732e-01,6.443481005622533897e-02,-4.652083808844615503e-02,1.936238576965204072e-01,-1.032839927625898990e-01,-2.017971743736851342e-01,5.980398440549802852e-02,-1.685181105012427405e-01,-1.996836202360282586e-01,-6.917535240701906674e-02,-7.199306942550902366e-02,-5.578209722942836096e-02,1.596717689926583153e-02,-1.257678982489635333e-01,1.564059387373994692e-01,-1.624559569296449846e-01,2.556437730861617630e-01,-2.388164594078027447e-01,-1.492215981827387239e-01,2.528053173052028811e-04,-1.778720197803905848e-02,2.346047238720969444e-02,-1.920176631919285615e-01,1.566291750454103793e-01,-3.888406177020220598e-03,-1.261515712606287865e-01,3.945860062718593159e-02,6.058609779447144544e-02,6.763507807493400470e-02,-4.610948029963657380e-02,2.681144995603941886e-02,-2.407009522350002373e-01,-1.453592319395819177e-01,1.460398193863770289e-01,1.204045747465868205e-01,1.130803329178191180e-01,5.870024819293608725e-02,-2.605066725740051714e-02,5.566662631724779431e-02,3.765806541665553137e-03
-4.509602034791012660e-03,-7.696121802939152878e-02,-9.316823381919339675e-02,-6.841778503971476799e-02,-9.195318467210004953e-02,-2.296191300645498701e-01,-3.053619496760133153e-02,-7.947688158943538861e-02,-9.850994591053809091e-02,-7.609969867305607649e-02,-1.709565410084545878e-02,-1.774430741360955299e-01,1.036134832939664824e-02,4.591726963068940015e-02,-1.381051159483654978e-01,-1.908481015770575051e-01,-5.794501279054763837e-02,-5.107442948898203300e-03,-3.514022935288123317e-02,-2.997102034285441530e-01,1.016741791341476964e-01,-2.992602427274193566e-02,4.177298815463557913e-02,-5.333977654703774690e-02,-1.125041208938195175e-01,-8.557522785104101914e-02,1.206966750837574869e-02,-2.215075455582039832e-02,-1.017814917350020470e-01,-4.199251895849354099e-01,-5.767787041237937978e-02,-3.352492197694009052e-02,-3.203603024839766361e-02,-1.661328827731936852e-01,-9.604829248408162934e-02,1.526540979487847061e-01,-1.959426257402469007e-01,-2.308545636564365566e-01,2.800705578200514134e-01,-5.260811269218192837e-02,1.122295738602657189e-01,1.761334295175634168e-01,-2.352962961606037615e-02,2.362050366200307838e-02,1.065016287342338275e-01,1.439173581823191272e-01,2.149706734666367025e-01,2.835828311037892624e-02,-1.056134972960182661e-01,-4.081868676689399261e-02,5.385128671395246480e-02,5.484223654411284760e-02,-4.179239219611723122e-02,-7.570442902324851786e-02,-5.868520738815130935e-03,1.420846696045684754e-01,-1.739822449261922178e-03,3.269177235790512309e-02,-1.785773923159496984e-02,1.991676708594140588e-01,1.047491320427230976e-01,1.245873144865214388e-01,-8.566402101066881991e-02,-4.823224067947955856e-02,7.025894709730147458e-02,1.105027239337082329e-01,2.181915322311446873e-02,3.522653037251589903e-02,7.476233103390036994e-02,-2.443863186213401650e-01,-5.041462809459362759e-02,6.013867964770443220e-02,-2.040879440380575713e-02,-1.867031092948724658e-01,-1.377022930776466980e-01,-1.491287589945796133e-01,-2.238298487106668566e-01,7.409008402159808493e-02,-2.852188523800948741e-02,1.350460847352717153e-01
-1.228771761036312887e-01,-4.717463484902063159e-02,-5.374239977149301850e-02,-7.386323980826549340e-02,-1.396381006009722037e-01,-5.104630418813780462e-02,5.010425970543163493e-02,-1.052674024542220449e-01,-3.720958935375918986e-02,-6.770869702738013807e-02,-9.339128135274536724e-02,-7.129844532486072362e-02,4.551890779774839940e-02,3.683092251441228565e-02,-2.164558637064673344e-02,6.881105996836968386e-02,3.323833397311649201e-02,-5.834598366977988143e-02,-8.004499932040003152e-02,5.452389332708654918e-02,1.899989611462496800e-02,-2.359558918263695432e-02,3.071323520839111879e-02,-1.110777693334775162e-01,-1.789020258209756686e-01,8.594772677478061673e-02,2.119235198489228394e-02,-1.984560936757230956e-02,-7.244883978264998747e-02,-2.514079425084310426e-02,3.261831306491529137e-02,-5.816831625440017223e-02,-8.910741538682211138e-02,1.634395053202127579e-01,-3.568489736252839634e-02,-7.849927987387693429e-02,-1.374409691897666153e-01,6.480875768816066196e-02,6.149218520083040568e-03,5.774167435823825828e-02,-2.021494762949395951e-01,-1.158558481699824838e-01,-1.935835283621092917e-01,-1.100969704341884098e-01,9.017775811246701856e-02,-1.772849902714006554e-01,-3.080866493817285140e-02,-1.369680174478432322e-01,1.033884450207980948e-01,-6.950134161458937365e-02,-7.001603743545398162e-02,2.781230860451223141e-01,9.822451879846390288e-02,3.985868281092577736e-02,3.747688477143367586e-02,5.682433111101840156e-02,5.271526813906670522e-02,-1.401465918313853642e-01,-1.927760251489336191e-02,-4.864331457037720380e-02,-8.645599965133073106e-02,7.559498805478191696e-02,1.430634340796342087e-02,1.249717237633477113e-01,-1.322682159982372374e-01,-6.595232027556964527e-02,2.385020635622249821e-02,8.095525766584639850e-04,9.657588907453720783e-02,8.369272374180029839e-02,2.439447444870301018e-01,6.229112658395832142e-02,-1.451807811731789799e-01,2.768382428278171603e-01,-4.211745098024496925e-02,-5.318075475424545451e-02,1.009823524176749060e-01,1.571156655057445450e-01,6.661420997491544760e-02,8.365093427469941223e-02
-1.713223295349836084e-02,7.335416098190257472e-02,-1.285686386224929867e-01,-1.349316400219014722e-01,-3.922478994330433344e-02,-7.500396944106300923e-02,-9.689624020189788189e-02,-5.916101473608637723e-02,-1.258125009063364164e-01,-1.841169106037875494e-02,-5.472090772329550601e-02,4.582287762988071500e-02,-1.159928505449471514e-01,-1.021930117382183478e-01,2.207305528875845579e-02,-1.348851888255319376e-01,-3.732658528622698202e-02,2.549910613313583624e-02,-1.365128666165243976e-01,-1.667828724360961301e-01,8.181574731409521975e-03,1.118624118150123442e-01,-9.036870000509074352e-02,1.733473193466302312e-02,-1.262949674565031211e-01,9.460623924655323091e-02,1.218346818808526827e-01,-4.001609049300200449e-02,1.838174193943573065e-01,5.174612190038538340e-02,1.918579079607827531e-01,6.478149881216986594e-02,-3.063776903832265280e-02,-1.909082247645611796e-01,6.673310892307210418e-02,-1.166100626994527878e-01,1.731099984663331259e-02,-6.559749912607933803e-03,-3.056967991393500124e-03,-1.863415194655609619e-01,1.266960534414410533e-01,3.575150223265424754e-02,-2.150260242676519662e-01,1.247442941195207600e-01,-1.451229288925872385e-01,-8.566948761892109743e-02,1.791103816052713738e-01,-2.423176215761900856e-02,-1.105913120818170087e-01,1.936391505724214396e-02,-1.189164331663777469e-01,-4.617723375323871601e-03,2.190071734306008877e-01,7.547146136859451959e-02,-3.680775866697921089e-02,4.956195522487293753e-02,-2.118065085145883625e-02,-1.362139931387900023e-02,9.529830650400963887e-02,-4.650786216181174854e-02,-4.638811227527672720e-02,-8.571736484587537397e-02,-1.618828750774188863e-01,-1.125967498677264422e-01,2.038914858185749204e-02,-8.305146585030310016e-03,5.769151937416105297e-02,-7.832198303312396317e-03,8.215654500925571868e-02,1.431838351479328142e-01,6.901717407652639691e-02,-2.277030549766751854e-03,1.146612498995618901e-01,1.276688004422185316e-02,-2.095724877526160546e-01,-1.537321661825248945e-02,-1.123388495335346376e-01,1.555125447669192529e-01,1.640191646208483955e-01,-3.883713446398024544e-02
-1.497707696654390977e-02,7.927360558111693628e-03,1.024560230220930568e-01,7.198668493550884617e-02,-7.259913653429191094e-02,-4.645242586073492636e-03,7.610262756640559512e-02,-1.708125453432079999e-01,1.250692546553744053e-02,3.261445277831867551e-02,2.748468509549439973e-03,-4.864734718082174003e-02,-3.699668033669884643e-02,-1.073368369209960239e-02,9.923862697882018802e-02,1.659309409534245189e-02,-1.338018410215991438e-01,5.749077927576591932e-03,-1.112815744882772601e-01,-3.393202268251704814e-03,-8.754519619414162512e-02,-4.300091004276240803e-02,-8.794846990268792575e-02,1.110515620252601199e-01,1.225046107928453587e-01,2.764230894160240801e-02,-3.109057772319166052e-02,-8.468658993633244869e-02,4.976289678134889621e-02,-1.365786187657306704e-03,6.367077881842944653e-02,-1.202099259939346139e-02,5.431814265501212768e-02,-1.257631920412863036e-01,-1.092159692716188242e-02,-3.535048496842065069e-02,5.132588833096470016e-02,-1.568600174377148271e-01,7.383747187651984456e-02,5.764100706811178115e-02,-3.794494337354370472e-01,-2.340110228670423120e-01,-1.458504364363752692e-01,-8.552115704161834808e-02,-6.701540889184107175e-02,5.084027860187909087e-02,1.647373964321684481e-01,1.568561255556623069e-01,4.252590823921421903e-02,-5.093324722495885110e-02,7.347784836788566476e-02,2.346307342060417397e-02,1.478967560587803876e-01,1.595273574672657346e-01,-1.558543280613366999e-02,-7.917519287800679761e-02,-2.172298881316072489e-02,-1.038142261102238673e-01,-6.796721354088886002e-02,2.195151647010153140e-01,-5.055173445286435113e-02,1.254720000664896473e-01,-7.668260950567211409e-02,2.186570189330361985e-02,1.187444976018386528e-01,2.268606582807841943e-01,1.535115175614075733e-01,5.835812015152130883e-02,5.492971404952167597e-02,2.831584703157094887e-02,-4.584267619803236715e-02,-1.233568351986122913e-01,-1.291975208122961294e-01,-1.179666761840093003e-01,-1.393937919206751641e-01,4.792554215448648069e-02,-6.821676222799685774e-02,2.477634075865572383e-01,1.601723429609520077e-01,-1.223931082551197730e-01
-8.661209329667632351e-02,-3.992591974410990979e-02,1.145000223656795352e-01,1.945802392282902291e-02,3.160289007228418972e-03,-2.746020281756986897e-02,1.348845939755389522e-01,1.237278349265345107e-02,1.248771992891621087e-02,-6.061338499548019065e-02,8.028952696065803918e-02,8.427722436648520110e-02,-2.035568538987115456e-02,8.429363741818841904e-02,1.253071974188474554e-02,-7.394931948456237580e-02,5.441462188617825213e-02,-2.413876730943170443e-02,-2.365649033121175818e-02,1.414095438284110676e-02,1.527137037379867543e-02,3.486340321559129596e-02,-2.026892757136768836e-02,-1.515392156921955558e-01,-1.127546394399992977e-02,-2.150781480330170026e-01,1.466623903413274699e-01,4.543582066047267831e-02,-1.132134183934485616e-01,-4.164202546146635389e-03,1.006740372201499339e-01,8.474737997968669057e-02,-1.452206339485536957e-01,-5.453035823128336845e-02,1.688837337690186902e-01,1.028243272231955767e-02,-9.471021034238273628e-02,8.695067085851278244e-02,1.895146606286088331e-01,-7.545696436656341988e-02,8.069659220187833104e-02,8.446704619598638386e-02,7.482256981251330687e-03,-1.543279895360701428e-03,-1.158807255538547160e-01,7.228731466341201117e-02,-1.717969789330491340e-02,3.853700157965447154e-02,9.429268664200321504e-02,3.023545240356866753e-02,2.512713453954168279e-03,9.386712937252165989e-02,-1.578596295621875062e-02,-1.173518216791973878e-01,2.466579616917405071e-01,-2.291113446037403301e-01,-1.408103613106278518e-01,3.170735307585602347e-02,2.848039221950366962e-01,2.702247930500340303e-02,1.831930225707157356e-01,1.178400479300413112e-01,5.441650248487447938e-02,5.863771259004765812e-02,-4.702214518920168340e-02,-1.425942750874011934e-02,8.726769054294755690e-02,-9.562847441030776496e-02,-1.185154740180623528e-01,4.332055286596824678e-02,8.459480266594382111e-03,2.068770233225091237e-01,-1.866556874677548217e-01,-1.449230023138366741e-01,-1.229667753331477736e-01,-4.797892371350293700e-02,5.467762058393361990e-02,-7.286382375161884473e-02,1.012982651621776170e-01,-6.600153454457063917e-02
-1.701912137703636904e-02,-7.147454459349365796e-02,7.039388824201439632e-02,4.644531998591502203e-02,1.758160638159198680e-02,4.147207021896882201e-02,-7.450460219974915782e-03,-4.438628530686530849e-02,2.454516717851886951e-02,-1.490389829197511229e-01,-1.051979612588210267e-01,8.749283293872645029e-03,-7.410961290294579284e-02,-3.138573203229200886e-02,-4.182473640773574745e-03,-1.241723766630022235e-01,3.192297504199410885e-02,-3.919904375480261238e-04,-5.846569648771077904e-02,2.453127898578659830e-02,-9.126380914957733792e-02,7.671572826914316301e-02,4.695660991484637559e-02,4.292330677407996120e-02,-2.376422417333239057e-01,-7.188570129994782676e-02,-8.473108748466223750e-02,8.418155325970125280e-02,-1.241652899102668878e-01,9.761706565386307766e-02,2.755839326066359188e-02,1.397625464638836690e-01,-7.049131646154413455e-02,5.298043122738274081e-03,2.311639673539300499e-01,-3.356823390229042581e-02,-1.499733399194363437e-01,1.812411974792647595e-01,-2.451826535914411465e-01,-4.005245750119777737e-02,2.803255282098791878e-02,-5.998482321848143395e-02,9.947902194332603615e-03,-7.891698476428853082e-02,-8.436901636453446318e-02,4.965239915762527378e-02,-7.281637424835762928e-02,1.248173978895950054e-02,1.399882241974789721e-01,-7.909074610883323753e-02,2.587390861777196654e-02,-1.133930138721872885e-02,5.522418341146855675e-02,-2.242009561017259400e-01,1.657083051350122793e-01,1.435463982184168319e-01,1.575843570147181516e-01,2.555668585367186496e-02,-2.909367146102818588e-02,2.499714518388768125e-02,-6.603121414432906733e-02,-1.214166812440252430e-01,1.566036959487492053e-01,3.469634501957837708e-02,-3.472662833461238191e-02,4.657071564958389031e-04,-1.558881132032666379e-02,1.379744986303291510e-01,-7.778539669426214054e-02,1.646074058142490970e-01,2.079332421079611026e-01,5.709999193048982680e-02,1.225592019276418587e-01,-8.699461331170678380e-02,3.806591530580131361e-02,-9.798652593899633001e-02,1.021553476706458519e-01,1.846760604101667091e-01,2.136591023600525052e-01,-1.453242935604248318e-02
-9.578395753650510019e-03,1.941665435825089964e-02,-5.127225454746856675e-02,1.278075285051561219e-02,6.301640585183084127e-03,2.651116349131798014e-02,-7.224858118580572419e-02,-5.095164094447262454e-02,3.228958249746942399e-02,-2.800507261930531080e-02,7.769570400560166581e-03,6.490295941269536018e-02,5.628483719594257195e-02,-3.515541853025948293e-02,3.093572905262363323e-02,-4.028638507021212872e-02,1.022527453504255418e-01,7.583573238382328163e-02,-1.414665449985522648e-02,-2.837183657284802932e-04,-8.283679181112803269e-02,1.478705333073605244e-01,2.816388754148552056e-04,4.422127851052061812e-03,-9.222232096223258180e-02,5.654153095944124130e-02,-2.290920612951606941e-02,-6.570987547868650802e-02,-8.482924275715270079e-02,-6.923527905779972014e-02,-3.512677540473851945e-02,-1.059590752156226549e-02,-1.991495361509983131e-02,2.571790081492506680e-02,-1.328250996270228038e-02,-1.823740675290126678e-01,-1.856697491594383187e-01,-6.149718401488171726e-02,9.855652100459331988e-02,5.313483477553339329e-02,-1.957996461138659383e-01,-2.210970136493329019e-01,-1.237549145970640446e-01,8.112825815124505291e-02,-1.804593102316928988e-01,1.310102611454732613e-01,1.980609836814248570e-01,1.295289493873344744e-01,3.844250901115447289e-02,-3.466612788839661952e-01,8.924740186070830028e-02,1.175553477788099932e-01,1.017383657559137351e-02,-4.175089846067622790e-02,1.230216733098276824e-02,-2.733003122144285202e-01,5.178978824939207970e-02,1.390926422218413394e-01,1.115318014173889982e-01,2.782513092368837926e-02,-1.788688570449235571e-01,2.427202001543929955e-01,1.139678751170461329e-01,1.717099884091307094e-01,3.974089289443859946e-02,8.425155997605403291e-02,6.309546925447465093e-02,3.249905992839789010e-02,1.068786094250808866e-01,-2.586666648403725954e-01,-9.154569911002155558e-02,-1.914604922627805017e-01,-1.326729248823206586e-01,2.368663444038176039e-02,6.215293853940261765e-02,1.629013060075876207e-01,1.770213397304117586e-01,5.715135023908114037e-02,-7.892410305700844897e-02,5.575707156055943053e-02
-4.218327443121808878e-02,-2.213740865149782522e-02,4.362454810664020272e-03,9.683767901383211196e-02,-2.559610151077115411e-02,-4.924018457620725486e-02,3.286717287417447245e-03,-5.885683445245462088e-03,7.807170321290818338e-02,1.261942473544366561e-01,9.437366023049910402e-02,-2.484698066152569561e-03,-4.495982761381947003e-03,1.592140340289087061e-02,-3.068546200772241314e-02,9.901219992925414104e-02,-2.295010724234692462e-02,1.319230599128518944e-03,-2.423797159984480629e-02,-2.744179992047409561e-02,-1.461564259162120016e-01,-2.464758131908919778e-02,-8.546152364253824241e-02,-2.070324261192448348e-02,3.892868184141080271e-03,-1.210395004022793708e-01,8.936785909537618700e-02,7.230333521084472692e-02,2.424856832880916691e-01,1.637604361273971992e-02,-1.253281053552033654e-02,-1.111415620380711705e-02,-1.669912571136387275e-02,-1.365453160007920053e-01,-3.421739608837834346e-02,-2.339140954580857688e-04,-1.644923769365140842e-01,1.626108101064338840e-01,1.087728765153303245e-01,1.221035402829996792e-02,-1.011500882186603112e-01,1.082897357827250079e-01,1.274027149791066849e-01,6.104708409758303339e-02,5.693060455922729912e-02,9.244447381129811125e-02,1.448038634626790111e-01,-2.202730352995642404e-01,-4.344805126851512822e-02,-2.096578759817337989e-01,6.098753500176198189e-02,9.159021506499104293e-02,6.498787879242967636e-02,-9.173927256314726164e-02,-7.505310538307993773e-02,4.691507564123243053e-03,-6.453011418351457806e-02,1.720450247227556934e-02,-2.560904204874734913e-01,4.214805083040055154e-03,1.399962942253148591e-03,9.762256837547524102e-02,-4.014086674598476429e-02,8.998414272021906801e-02,1.479965157777866358e-01,-1.169750169669943052e-01,3.652731108341525368e-02,3.154654345701593532e-02,-1.598908158966389215e-01,-3.359146810915234482e-01,4.885935267027364387e-02,2.394607480612732237e-02,-1.613512096970855514e-01,-1.209124337214730893e-01,-1.170603065797694298e-01,2.087916165398870372e-01,-1.833688375402630910e-01,-4.580033395836822369e-02,3.464665449020295496e-01,6.513569732114617150e-02
-6.780909251705611977e-03,-5.562545118666647331e-02,7.489785816251498529e-02,1.185135088920842399e-02,-1.574202474490373274e-02,7.957741733598236444e-02,-3.275646459888446882e-02,2.127267318599953411e-02,-3.409315244861289840e-02,-1.150089101970981111e-03,2.616172930591812926e-02,-5.943041560829783257e-03,6.497374155726030887e-02,2.588663470669373690e-02,-1.080435945894784866e-01,1.384982610648789747e-01,3.877954359305450099e-02,1.898319980528343637e-02,3.971276332246745366e-02,-1.007515624648937513e-01,3.170307794784173877e-02,3.934802593402694781e-02,-8.738325776025339386e-02,-6.317917843166315217e-02,8.418432523116746447e-02,-1.924003295969411165e-01,3.051781133466095319e-03,-1.293311994988918523e-01,5.310416937845703622e-02,8.642434403849247326e-02,8.807016246791588010e-02,-1.413311712091405992e-01,5.982620758535188432e-02,6.184807132976429672e-02,6.838190200920718498e-02,-7.639883546412812310e-02,6.250343669390888424e-02,8.822792865782914939e-02,-1.277056543848440195e-01,-2.171513265017162297e-02,2.371413856748700796e-02,-2.660384541273709824e-01,9.559235817073125085e-02,-1.324584483986599170e-01,7.376898282665268758e-02,1.133719384696688613e-02,2.381946487062133466e-01,-2.018230162196171795e-01,7.170259338738294019e-02,1.446275669522053831e-01,1.636005473645410491e-01,3.585481847694289848e-02,5.402130291870725631e-02,1.323611264683043631e-01,-1.199544426988632673e-01,-1.056337065101566608e-01,5.174770500614296609e-02,1.392753604076961693e-01,5.675705196616330495e-02,1.068001341607828780e-01,-7.579389752651283230e-02,-1.852430584069342245e-01,-1.212960030142467560e-01,-1.853061950253191426e-01,-4.253429427851323358e-02,-7.151145133357253436e-02,1.930068025855100622e-01,-5.762920563229640553e-02,5.264853800150778862e-02,-5.761496847201970362e-02,6.148675614938035883e-02,-5.499935029380455948e-02,-2.077615292724227861e-02,-2.103754911223393309e-01,1.686503192298802467e-01,-1.487189086185245201e-01,3.565033392292751152e-02,-1.632784804233515519e-01,6.532670658880454506e-02,-2.397437226518487133e-02
-3.521368828364828535e-02,-2.803025287108798849e-02,-1.054860044668134711e-01,5.882099580448366463e-03,-3.565010862637250227e-02,5.702278281625371842e-02,-2.578487000193548789e-02,-3.093893536639412412e-02,-5.659126231939617252e-02,4.755451875651941357e-02,-5.634422277159534080e-03,1.721092920087107653e-02,-8.999343753268207458e-02,1.854120436055520585e-02,-7.950379588424026644e-02,4.263311904487847304e-02,-2.815321067156149881e-02,-2.483202573706906613e-02,1.268903413585560913e-01,-8.411002759049046595e-02,-5.252728046873003653e-02,1.998259884234988570e-01,5.948272856342568145e-03,-9.494519578293063311e-02,-2.325603537289998995e-02,1.077251628273924733e-01,-3.562103158771456890e-02,-1.203249337427370613e-01,3.019702282048317490e-02,-6.584756957167259284e-02,-8.562915679863328244e-02,9.681481126689870861e-03,-9.235877760457174637e-03,-1.716592805871942351e-01,2.108616155038998963e-02,-7.196998643920871075e-02,-6.404950281298651960e-02,-5.916981222082089847e-02,1.644209227769627760e-02,-2.418880334901689355e-01,2.923268498142520336e-02,-1.010205085449930179e-01,9.250012484556405234e-02,8.444875089860687245e-02,7.309006595539517537e-02,1.175621897960930744e-02,8.272252117970604543e-03,1.928840766835797638e-01,2.075402359182527134e-01,3.147965567037611795e-02,1.459489940636755634e-01,1.868626862755928264e-01,1.138604601361933866e-01,-8.723730602739449003e-02,-1.675078847489531175e-01,-9.913628947271486969e-02,-5.322470206396875438e-03,-1.010388606893944906e-02,5.118785073065799940e-02,5.601053207442142218e-02,-4.586977793604822551e-02,-1.484881033979288945e-01,1.794629703273050714e-01,2.493315033360386096e-02,4.127589183745879707e-03,1.913815704852618038e-01,-2.275215900337275166e-01,-4.251138256645470076e-04,4.688848750265743603e-02,-1.268292862575010060e-01,1.612847631399259296e-01,-2.434694708311040678e-01,4.679749753211191743e-02,-4.788142821651352604e-02,-2.192366759507041740e-01,2.635885919143945988e-01,5.896365486183522894e-03,-1.292991160635482417e-01,4.522630381507816710e-02,1.536116929593908664e-01
2.157792082629820737e-02,-7.200916875462019806e-02,-3.643971748961524065e-02,-2.596904349565579487e-02,-2.805111944014075306e-02,-7.189743684298157377e-03,2.172635406426058624e-02,3.132651397609833265e-03,-2.232429938753806645e-03,9.179893945420801449e-02,-1.102385224524425264e-02,4.525923732279796968e-02,-5.132917809638236351e-02,3.394459151505326358e-03,-2.931036151106396551e-02,-3.450695566812198717e-02,-3.062931637774023771e-03,-3.962262793214215914e-03,8.605132247783890687e-02,-6.634694107304756061e-02,8.640972768525108372e-02,4.114610510302108004e-02,-1.550074844264922452e-02,7.623108556381435466e-04,-5.306642252770562423e-02,-2.698361759768034066e-02,-5.569475764248454225e-02,1.227938653800830920e-01,4.533979162210995117e-02,-1.403797199482441083e-01,-1.684000958674251478e-03,-2.897377297832337377e-03,3.291708634498837632e-02,-1.051985167661551208e-02,6.696886874533419798e-02,1.067594177879747919e-01,-7.117729823913675202e-02,2.589228146616697965e-02,-8.368258019380628993e-03,1.394639623996261624e-01,-1.109986997692513078e-01,-1.268092645669453410e-03,-4.323356064556095613e-02,4.289729957177047803e-02,-5.216927900655052991e-02,1.490763389808658912e-01,-1.047418544168862986e-01,5.838690362501953307e-02,6.448292808820570154e-02,4.649546873235674282e-02,3.408698451760467513e-02,9.314657387090934451e-03,-1.423038463241530771e-01,1.037812486954332730e-01,-3.506501390549299213e-02,4.177385468691322988e-04,2.314842460204409313e-01,1.204861504853239201e-02,4.176552643749144311e-02,-9.987322393002191767e-02,-1.605035398941919572e-02,1.795685700767918336e-01,4.428511924791420779e-02,1.781729436294563276e-02,-1.141197887247181186e-01,-2.208533537414045234e-01,-6.212720513959710950e-02,-9.689014230468559474e-02,-4.528782246697190400e-02,1.439008707881574978e-01,-2.009038244964806708e-01,-8.829935756863022123e-02,1.637763333908523189e-01,1.161293152962521169e-01,4.346436486635593677e-02,-6.994023028851484823e-03,-1.382321806037315436e-02,2.485787978954219768e-01,-6.688804157174260689e-02,-2.320768939094481342e-01
-3.776183651660221935e-02,-1.125683346917051436e-01,7.926469569946933622e-03,-4.192407413699519858e-02,4.367895779383541149e-02,-3.363079169249880152e-02,-3.748717476705927922e-04,3.957202059535051830e-02,4.832604947207297386e-02,-8.191953672030193728e-03,3.953010504236351141e-02,-1.517057031998855256e-02,1.356472023196605807e-02,-3.593233637872672581e-02,9.687311984279024790e-02,-1.918517424767301333e-02,2.513141187711911279e-02,1.162369829730575538e-01,-8.697870341912597447e-02,2.412770132644943832e-02,6.311996552598223009e-02,-4.912239467799470703e-03,-1.295944178613369366e-03,-6.109310392335543655e-02,-4.337589760943870443e-02,1.218916108693857484e-02,-4.104471236192851202e-02,-3.382422020445621097e-02,6.488190965761671605e-03,-7.921784407230988978e-02,-9.877089206095997220e-02,7.745130059967422764e-02,-4.164977943317309077e-03,-7.872796007377629371e-03,-6.588138002450602548e-02,-5.883832604616142520e-02,2.411894674297294580e-02,-5.997197956403466784e-02,3.883419493039255710e-01,1.318234656537022043e-01,-2.049350265151578532e-01,2.650921703329791809e-02,-1.681948225894622506e-01,5.517134411308711323e-02,1.006159549339264853e-01,-5.374932292140422591e-02,1.141681854512135580e-01,-2.766937044359231712e-01,-1.044659919994879449e-01,1.728935543895354643e-01,-2.228029485525855335e-01,3.702901320215503181e-03,-1.089412569118197033e-02,4.532043253518476533e-02,-3.014657798145130019e-01,8.809903143625945343e-02,6.030386283971322578e-03,-1.544442738251584624e-01,-1.995458854597065845e-01,-1.539801275280162640e-01,-2.438301272826778332e-01,-1.192346463881180235e-01,-1.751872704509895018e-01,3.004495724087083083e-02,1.164781921747200417e-02,-5.098872957544660703e-03,6.942022327704060192e-02,4.538381609891396773e-02,1.748940964910429274e-01,9.248619320579565262e-02,-6.151062326735438901e-02,-1.805593274925941238e-01,-6.400474550166607157e-02,-8.357525425076460512e-02,-1.007292332477700142e-01,7.644229680181538478e-02,4.741700030787650288e-02,-3.042001598516128752e-02,-1.144101216841393737e-01,-9.112789310379060259e-02
1.833918455809663978e-02,-4.706515343628580456e-02,-1.138572725155324733e-01,-5.016583276085496285e-02,1.437554960495140977e-01,1.037783755925176521e-01,4.478219573113490122e-03,6.856689304095991977e-02,-1.474590128262051776e-02,-3.348229791152606410e-02,-4.431608974988161462e-03,-4.972976747599004016e-03,6.839464844373967234e-02,2.917415645150970432e-02,1.770948960747538437e-02,2.010014811782826274e-02,-1.000149675689368245e-01,4.258297199078467377e-02,-2.518542731875486954e-02,1.611922086144989760e-02,-3.410727050742209943e-02,-4.663181301364118653e-02,-2.224376508858705304e-03,-5.591819676603623779e-02,6.479365022145373854e-02,-5.259247063241784953e-02,-4.994925455684813553e-02,-1.171033052748092912e-01,-6.657649340762521184e-02,4.691681817097241580e-02,2.240997880976929642e-03,-2.323814017579354380e-02,1.038054318001568749e-01,-1.295221985797062603e-01,-1.405869591070575964e-01,-6.842026677226203946e-02,8.470582772137133509e-02,2.207828802603841942e-02,8.935979660869976249e-02,1.760016839455435037e-02,1.000092149824115609e-02,6.296351317918102986e-02,7.623430235126711640e-02,-1.638662984567040501e-02,1.129433185581736887e-01,5.885274565964064564e-02,-5.897298733207143040e-02,-1.497228114081034824e-02,-4.629833373154410014e-02,1.321339438406806954e-01,1.873579887499378024e-02,-3.260308804581783793e-02,-9.285379074227909091e-02,2.282475040252405531e-03,-5.080352043171646598e-02,1.260886745973411327e-01,-7.926204409475649804e-02,1.033102159998520592e-01,7.619252795968197572e-03,1.811564398529404984e-01,-2.559678308401000177e-02,-5.367541632558922582e-02,1.891248535699451283e-01,-1.014677046573403685e-01,-2.852847213697761938e-02,-9.197435394474233472e-02,1.022950552382121264e-01,-1.591293990592380914e-01,3.963644997315256269e-02,-5.848043491303744901e-02,-3.550750115304639187e-02,1.160100165322510424e-01,-2.037913066182660271e-01,-4.446978316319126490e-02,-4.479105756599295954e-03,-6.870222315797937240e-02,7.392555060113818743e-02,-1.525689714344117924e-02,-3.918381284462749657e-03,-1.479751791814454265e-01
5.713708360509527073e-02,1.894808716279185873e-02,-6.402828266633557629e-04,3.766481475390714290e-02,2.346591390709139302e-02,5.628626533480695499e-02,-2.823279488188404698e-02,-4.847564198301223398e-02,5.872097595365592670e-02,-1.373588426899565763e-02,3.325305723051769774e-02,-7.765245961542036057e-02,6.356364103399318732e-02,2.196053027171155497e-02,6.031644579569896830e-02,-4.922370729240629211e-02,-5.116766235930154949e-02,4.110115380573100413e-02,3.840967408112640202e-02,6.169908799146411188e-02,-2.508556958865604605e-02,8.447511476894445370e-02,-2.911124368622359376e-02,-3.275173923248096003e-02,1.288160608592512635e-01,-2.695662814230515014e-01,-2.430348699568947793e-02,-3.495866042976999988e-02,8.496230615331541725e-02,1.964203385577441285e-02,5.750216036897108640e-02,2.009004045605043351e-02,-9.502532171186119092e-02,-4.119286095824067212e-02,-4.359270331987951524e-02,-3.452925976908282485e-02,4.517166411675643117e-02,7.861069378096977034e-02,-8.036933365506639115e-02,-6.911604134002496611e-03,1.010169368297156173e-01,8.681648220926634074e-02,-2.698358457332198160e-02,1.088811547278510095e-01,-7.453174764554436164e-03,1.130918778019426030e-01,1.364745631824153815e-01,-1.141864739365567594e-01,-6.724633128913165558e-02,-5.470128486786959149e-02,1.669383828950146698e-01,1.899033910663285030e-01,-8.919745902235026724e-02,-4.109380428153595888e-02,2.306746335266323389e-01,-4.627028906242384304e-02,-3.860898792559005338e-02,-1.429091634724756130e-02,1.670770203353404426e-01,1.241415055427691760e-01,9.242365039752979683e-02,-5.509348716600437693e-03,1.967074917025031164e-02,6.579988894187206727e-02,6.526453687129388226e-02,9.992911102528792555e-02,-1.074633566319366101e-01,2.606089962900359769e-01,-3.021340531423618095e-02,-3.151770632236469694e-02,2.128425791614106666e-02,-2.955808868013111712e-01,1.018692966743379585e-01,9.506302526326165792e-02,7.738829817120403132e-02,-1.413026171040704659e-01,2.761294331359850363e-01,2.041358542656073610e-02,2.038604592682581318e-01,9.465786911733169162e-02
-8.666671493619498845e-02,-4.297099817186488674e-02,-3.345534632146846682e-02,8.563679220102418665e-02,4.328555872687052386e-02,-3.426540093919165642e-02,4.262216839127650619e-02,1.670899353249733280e-02,5.353633353522344734e-02,-8.551965917835838149e-02,-2.490688167482774454e-02,-7.080040216940826359e-02,-2.347349986382515040e-03,2.038367794903821542e-02,5.761638624308326739e-02,5.490113924164154863e-02,6.304954803343866543e-02,3.979397065903918923e-02,8.263599150614568678e-02,-1.555781584992458610e-01,1.181848047509150568e-01,1.223972076709572802e-02,7.448812004672881407e-04,8.364316799240339995e-02,9.747573187224096991e-02,-2.935263118557009804e-02,-2.496556379577804033e-02,-7.815059941353670603e-02,-5.892711890308275496e-02,-3.675078958174306243e-02,-5.760611194382300043e-02,4.583493057466167531e-02,6.800936391532959313e-02,-2.234347888299945822e-02,2.242743566075628692e-01,6.464414751833147746e-03,-1.103039571217307863e-01,1.096380555339417223e-01,1.747929267183653476e-02,-6.742044852102226093e-02,-7.660313442039155818e-02,-1.239654222541033274e-01,-4.493774580791336931e-02,1.642892436081604471e-02,1.246291801832922069e-01,-3.231596742739457906e-02,1.334993536268768988e-01,-7.038435944394969002e-02,2.030083485312135783e-01,4.341434704518777610e-02,-2.823296297777348057e-02,3.490382552571201502e-02,1.020903417839128663e-01,9.154396531018198224e-02,-1.633105323962016908e-01,-8.188702588190004128e-02,-1.298419975817399243e-02,-1.825797473680453309e-01,8.898037676229071657e-02,7.052825952789022745e-02,1.485229332178707451e-01,4.398890588063530949e-02,-1.061644184716192263e-01,1.463991159635540662e-01,1.058259583079271954e-01,1.427565914081226905e-01,5.760025879831095347e-02,1.550537217226928000e-01,-2.942144234970134331e-01,9.511232243383647977e-02,2.708254873206928509e-02,9.201100763406391825e-02,-1.060587137246854078e-01,-2.158261886652921568e-01,1.009356508694586943e-02,3.119760609234777105e-02,-5.475851964097232238e-02,-1.631571978238360032e-01,-6.462728172593197595e-02,1.614335378410663990e-02
7.120890147231241640e-02,3.178591877009292327e-02,-7.002495271153015566e-02,-1.211541254993300613e-02,1.087998309467863023e-01,2.288810480621904578e-02,-1.039369746794849975e-01,-7.450718815106928405e-02,5.008890876696788647e-02,-4.442888061934618243e-02,3.736477960606054971e-02,8.656758585520532567e-02,7.393372953191027462e-03,-6.541656791651487279e-02,4.992513799446237494e-02,7.607143148645839625e-02,-4.075227435645709106e-02,-1.439678247370745068e-01,9.488305138005898032e-02,4.400758428674172301e-02,-4.290506097358293830e-02,-1.097487674801547602e-01,7.185934337425857465e-02,4.699195598626484949e-04,-5.011228282933719025e-02,-9.105817117356471146e-02,-1.747369282823866277e-01,8.458154606036836012e-03,-6.908004718991894721e-02,5.821800248009365714e-02,7.173734641340293039e-02,-1.511810575584490168e-01,9.750011594429122685e-02,-7.049090634787365250e-02,-3.303005625244269383e-02,-7.852277572022846319e-02,-2.332670803212173460e-01,6.597510673577273999e-02,3.875173733780399449e-02,2.166093367759759358e-01,-4.220860742757524126e-02,-1.974897397335446253e-02,7.712372768848353710e-02,-8.009511932819885979e-03,-4.344512094778132938e-02,1.707335008744118310e-01,-1.229687415280591029e-01,-1.255343964766475751e-01,1.418745871216765125e-02,-5.755556540383762257e-03,8.142190764462653441e-03,2.342103385926900747e-02,-1.731062551826982876e-01,-8.314064382119156979e-03,6.687822518008142147e-02,-2.370520500859236990e-02,4.771097824578363067e-02,7.023113943257888736e-02,2.162834624681514162e-01,-1.884600183109510704e-02,-4.979937224854889127e-02,1.720703347075439038e-01,-8.171795021330657827e-02,1.878581178107502705e-02,8.831416087892386690e-02,1.262923846612090326e-02,-1.118516545405416097e-02,-1.112722910166548534e-01,-1.441230907699072861e-01,-1.399115099654586192e-01,8.082892755318692168e-02,-7.820380070387722427e-02,9.576025040283007994e-02,3.040704053953219993e-02,3.155234584369914219e-01,9.369236473960727840e-02,8.885942282056330521e-02,-1.699031852406276272e-02,-2.331353229196648363e-02,-1.125627395345493026e-01
1.225771740496491707e-01,-2.723233430142859429e-02,1.014379263254998505e-02,7.211723092507930921e-02,-1.277964592523417597e-01,4.025205740774881469e-02,-1.142658987245951524e-01,4.029349026457527266e-02,6.844992035702231192e-02,5.453181156747176350e-02,3.380484349636179303e-02,-7.790085389617194822e-02,-4.835637444003570984e-02,2.239736090046173106e-02,4.557963682615581713e-02,5.586413100481694982e-02,4.828643576435439647e-06,-6.890409761895197049e-02,7.414965194743455834e-02,5.018561346754270291e-02,9.046375722807817321e-02,1.014371833936899697e-01,-7.085443236525992838e-02,-1.518406930357493467e-01,3.506999285830897590e-04,3.282519866045778556e-02,2.141576079146291500e-02,2.458059911756182297e-02,4.349482840812952944e-02,1.918127130516099343e-02,1.513238999306488197e-01,4.276846123821327617e-02,-3.156125172924143657e-02,9.611287791800531000e-02,2.021713842378766168e-01,-7.573341339409982165e-02,6.353830471826429904e-02,-6.840015151549275196e-02,9.320552993261763119e-02,-2.698707159586943762e-03,1.521679013527639235e-01,1.049268102327711727e-01,2.443568365912171872e-02,2.268085132840585647e-02,-7.996336212067213511e-02,-8.353381077909667217e-04,-5.506136026317955123e-02,-9.648158273829516782e-03,1.303959723645730651e-01,-1.041874154710899641e-01,-1.068383670433724689e-02,-9.019278379034013915e-02,2.152944665966973203e-01,-6.021805860414315703e-02,1.769604122228795109e-02,8.509458608648710898e-02,-6.703216409799327147e-02,9.895872469715592812e-02,2.039023649965148732e-01,9.018677030783187054e-02,5.222994925688630163e-02,2.184178989453246511e-01,8.956539498396400012e-02,-2.570085384821205743e-01,1.773053347104846800e-01,-6.599598786303681464e-02,-2.532049134673545754e-01,1.354677248126564919e-02,4.843090780058467715e-02,-4.716268136277327987e-03,-1.161710608609755890e-01,-1.322053796989955676e-01,-4.302538073491190412e-02,-1.878556907170677304e-01,1.066127096945300445e-01,-1.558991722962892734e-01,-5.084440032376314270e-03,3.373775002423614611e-01,3.188730925090947285e-03,1.187298916904084151e-01
6.967976782241554158e-04,1.106354670997274497e-01,-5.094399958170612447e-02,2.403630576968957336e-02,-1.349789255961257768e-02,-1.299731406309478643e-01,-1.697830557923617244e-03,-1.698711269513468935e-03,-4.380732681712219689e-02,1.016424975662142266e-01,-9.762213601818515649e-03,8.099295364017189067e-03,8.591637901530471688e-02,2.511746567049398526e-02,-1.301689577343817690e-02,5.168571563956223663e-02,-1.075041209526797492e-01,-2.591039997344337514e-02,-2.829022385284935340e-02,9.509293429943474485e-02,1.613606305318038281e-01,1.608713382939527259e-01,1.818518637286066844e-02,-4.013975371264566494e-02,-8.376047485774990031e-02,-1.042090387242452093e-01,8.653200448833938546e-03,-2.805269832351013973e-02,-7.932398164247914107e-02,-1.639265997534527786e-01,-6.762607518659205508e-02,-6.875455807536869079e-02,-9.486184816969277234e-02,5.188096156704814776e-02,6.916996203884395733e-02,-1.678699840464810064e-02,-1.627113355438793846e-02,-5.748803399298643008e-02,-7.518668692047215940e-02,7.795749736157017717e-02,2.393984501445517443e-01,-1.662593005424297873e-02,-4.038558186310282905e-02,-1.090823710191438228e-01,-1.463573440651775963e-02,-5.724181197235281293e-02,-5.678373494768311491e-02,4.387677429842036514e-02,-3.173233017507662984e-02,-1.455853317758482590e-01,4.986771174699100584e-02,1.500480648158103447e-01,3.971707556358367724e-02,1.039118257394028438e-01,-3.554549125985359548e-02,1.509206703146461215e-01,5.689193860106336875e-02,-1.411874224854099691e-01,9.113163770925711282e-02,7.686157892265675640e-02,-6.626931442127922955e-02,1.990541419596895401e-01,-1.214419307829200587e-02,-1.140863982205598121e-01,-2.133523855616902554e-01,3.524979220791144702e-02,1.446343819724172641e-01,9.562664627283159677e-03,-4.653401566493992753e-02,-4.085033422740609599e-02,-4.017947764608528760e-02,-2.571713811147018913e-01,1.810618801544400802e-01,-3.755302425882126038e-02,1.894992755971815490e-01,-2.623043408594306625e-01,-7.496837409681736397e-02,-1.510815571715525274e-01,1.994141200396383831e-02,-1.374109585524797839e-01
4.719094056710961688e-02,-2.132911237452553635e-02,1.680762540432240507e-02,6.140169017862596307e-02,-7.786258758725191943e-03,-7.263383690825322980e-02,-6.054363870117256824e-02,-8.556955190466535022e-02,3.829716004510625577e-02,8.760010083040466362e-04,6.834092068824504373e-02,9.856665284211806044e-02,-9.226110474925823535e-03,-7.455818660104134021e-02,-3.949462041178904842e-03,8.422623639289586461e-02,9.926420822951213807e-02,-6.669242642946233979e-02,-7.454700489418955578e-02,-6.187722358281413232e-02,-2.737849092617504910e-03,1.467106477386588559e-01,-5.947695874296497071e-02,-1.522884307314955332e-01,-3.454173921004371345e-02,9.899553824269201330e-02,-1.076182104650304089e-01,7.419044958063683581e-02,7.662965942533607466e-02,-3.899593934350138041e-02,1.086407505553095981e-01,1.101067716138087599e-01,9.224296780870734624e-02,-4.997994516947459193e-02,-3.640524681792108030e-02,1.107689144032834999e-01,-5.486368088719663361e-02,-6.197626232456497630e-02,9.546723079697169712e-02,-7.663301456799694045e-02,-4.198039018335562172e-02,8.732047735135615996e-02,-1.184779804166002232e-01,-1.723759315162097516e-01,-6.116582032672896602e-02,4.211063922990503777e-02,8.570230479207129048e-02,7.571302166699853120e-02,1.243779496129337331e-01,6.338057926044423675e-03,-9.150607450594044900e-02,-1.031383320073553933e-01,1.261086735973129813e-01,6.421736520459611630e-02,-3.124791425619721785e-02,-1.199399270157776587e-01,-6.932318961107881983e-02,8.950234060091964705e-02,-3.625809778814616247e-02,-4.738835524024492124e-02,-1.410183223602220204e-01,-1.024861980725211424e-01,2.263632576294999713e-02,1.786288425941909563e-01,5.185781978915430385e-02,1.376225897140463152e-02,-5.838143261343561874e-02,-2.446832628019813827e-01,-2.038928980652809364e-01,8.740295744535050981e-02,5.306851939994782982e-03,5.016783000275108761e-02,5.766825373989552944e-02,-2.378829074983334069e-01,-3.316266882876083705e-02,-8.432565565660361806e-02,1.729732671908388794e-02,-5.053925082199950403e-02,9.527656053347173526e-02,2.710389812603482881e-04
-4.054556192648701290e-02,1.200528910340864161e-02,2.992049579453041896e-02,8.653146572034774164e-02,-5.767847918812366720e-02,7.175823312626110340e-02,9.038115615476918774e-02,-4.053315846491564733e-02,-6.057534151948489737e-02,-5.267753802474334918e-02,8.721909175488194721e-02,1.139315388050916346e-02,4.317717655658621922e-02,1.216133050861464143e-01,-4.699946857285561969e-02,-6.361241460861471499e-03,-1.229120433676005181e-01,1.792133208688942991e-01,2.505254125651913688e-02,-2.358027952108297798e-02,1.394145288435788554e-03,3.600027812323079723e-02,-1.081425981313753615e-01,-1.001472892166785644e-01,-2.097062677364813499e-01,-5.471681824157066665e-02,1.952571023889860743e-02,-3.634274593551259196e-03,4.529802490035316626e-02,-3.976099560910528741e-02,-3.729341729942619449e-02,-1.438379759326662288e-01,-2.322713576013002608e-03,7.566460062269527755e-03,1.919545138957734140e-02,-1.410516155695725957e-02,3.016078640430190985e-02,-4.386931023300015553e-02,7.400379812229100629e-02,1.111203343446664007e-02,7.631330610094444467e-02,6.606621672206743068e-02,-1.719825743672618590e-01,5.860254047067930266e-02,2.664318446940750276e-02,-5.731030961562132847e-02,-2.031430845813007868e-02,5.951273210628525018e-02,8.987368459186523273e-02,5.853616004628721392e-02,8.833910032457721606e-02,1.307084887197132173e-01,1.759021571481372281e-01,-1.509498625773512681e-01,1.029828694155301566e-01,8.867841123834600825e-02,2.796231660771589592e-02,-1.315479985228353577e-01,1.311925472246694147e-01,-1.639423558399933367e-01,-2.633247750755585703e-01,-2.371541081067895795e-01,4.010364620673863983e-02,1.393181714999001952e-01,1.094483604247794839e-01,1.774121914694854751e-01,-1.284373756279887924e-01,-3.171275282439762339e-02,1.527281671267186336e-01,1.721152568888733442e-02,1.434725903143464487e-01,5.874904803918636065e-02,-8.307543140677571547e-02,1.964079631988509822e-01,-2.873798205197379899e-02,2.196284460952466766e-01,1.542233473139610067e-01,2.927210684629639320e-02,8.137683936265131118e-03,3.768914183458011748e-03
9.060962966366516852e-03,-4.912073332460632075e-02,-1.027363354585242999e-01,6.036782085435647358e-03,4.639719102163667591e-02,-4.341065197949223881e-02,2.989628502186550754e-02,1.197144390603836588e-02,-2.710273473258225513e-02,2.893208419902947026e-02,-6.353076938039031729e-02,-2.192146246185533442e-02,2.961393306570027015e-02,-1.172968727472101236e-01,1.920585860158637373e-02,-1.484485431197188066e-01,-1.491171026546193358e-02,6.036077712692455854e-02,9.640135872853242138e-02,-9.550140694203465563e-02,-4.740431801057254368e-02,-1.198020120524433477e-02,4.582594871026330480e-02,4.978672858329099421e-02,-6.839775522671970309e-02,-2.542955906594543750e-02,1.073801895580224625e-01,-9.017521403988973394e-02,-2.837101246456822518e-02,-7.564825401499802870e-02,-6.829598936782248220e-02,4.120802088811428843e-02,1.059436309799549891e-01,5.436248397292840415e-03,2.558311720544370962e-02,2.295594649560857639e-02,-2.322154953574122674e-02,-5.609823270007496809e-02,-1.221342188249195382e-01,-4.920086187617403461e-02,-6.096075374901117200e-02,4.572353317526457045e-02,2.007455581392408595e-01,-1.299326144060716781e-01,-1.508562770337917511e-02,9.338551882093305140e-03,-1.425750365171172818e-01,-7.419677486103731789e-02,8.031812459129135384e-02,3.185720924871641990e-02,6.478325888761002349e-02,1.024516140171247841e-01,1.011563893274963349e-01,7.670105636449345288e-02,-1.297174572538194737e-01,2.241152207532177976e-01,2.103813918092969637e-01,4.662272135786693639e-02,3.397455774935134731e-02,5.602576512062704128e-02,3.117791599537467762e-01,-1.381200195749227866e-01,-4.404099644767673488e-02,1.173400811361693663e-01,-1.896352634622436861e-01,3.099555708786049663e-02,1.562135090935936055e-01,-2.678120953846824803e-01,1.466981790720195411e-02,-1.296328218980650204e-01,1.883951814364508148e-01,-1.594394184420701854e-01,-1.531387312876310858e-01,-7.099348759766764549e-02,-1.100656128079159218e-01,1.854616340828059706e-01,6.905747071415674343e-02,2.208588891885989169e-01,3.501118577947978650e-02,4.816303240872367442e-02
7.359089781218693116e-02,-2.555215855716302595e-02,3.262876265254273378e-02,3.135110792467950269e-02,8.328774428635213334e-02,7.274261020511925413e-02,2.646958527269058312e-03,-3.955742745768792840e-02,4.013805041818732655e-02,3.398198168373789407e-02,3.506391576495816037e-02,3.585697434960059826e-02,5.786846120020076173e-02,1.705996059490070627e-03,2.087389531048822189e-02,-4.593981508304600253e-02,-7.864132054186010953e-03,-2.287720803734612229e-02,-9.677406408052408038e-02,-1.887714531039574872e-02,-4.109104983797481903e-02,-1.981516158835961230e-02,4.190864132476360138e-02,-2.529764164974966645e-02,6.550887578526269628e-02,-1.221922883450157898e-01,3.938409541699029043e-02,3.201724451316097925e-02,-2.298420571799861256e-01,-3.177257223411195791e-02,-2.846024625981376580e-02,5.214607850993532162e-03,-5.740671673661954487e-03,-1.281194524286733138e-01,1.857005954493663735e-02,5.471204599544666342e-02,-1.118196903400747906e-02,-1.400818317762594634e-01,1.833078918465718202e-02,6.574844924806697022e-02,1.669428870455872127e-01,1.653056350042273609e-02,1.437249607956537223e-01,-1.706302088595711974e-01,-1.960691945893241750e-01,1.083760245257531091e-01,1.215885991451422093e-01,4.431243919856208552e-02,-3.949692433208042142e-02,1.156070164996228639e-01,2.253130391323211190e-01,-7.661456837861832514e-02,-7.338428361966237157e-02,-8.973970418646929140e-03,8.754145191056635078e-02,-1.238716858006074645e-01,2.493329236114624758e-01,-7.969249247025542160e-02,-1.902031452582683135e-01,1.027344777555409816e-01,6.036822736075313223e-02,-8.229702227660437575e-02,-6.638210291414865794e-02,1.636011069686674202e-01,2.193710508781302193e-01,8.681926614960530642e-02,1.141236059974151534e-01,-7.193747141279786816e-02,3.211499669984855254e-01,1.220690037165994037e-02,-6.519523881836991608e-02,2.598195147173055775e-01,-5.912659968900992047e-02,7.708051969473374287e-02,-9.421434734770476466e-03,-4.425461880881750854e-02,8.498809943620266871e-02,-3.139524480263986700e-02,-1.795777202512503778e-01,1.315775644606109462e-01
-7.609479019094908536e-02,5.755320064764791327e-02,-7.163836753787519718e-02,2.159256069136685288e-02,5.527971826313621967e-02,-6.867374819103648498e-02,2.918349534159312211e-02,-1.484024165257534673e-02,-7.323460995135851193e-02,1.867176254884367337e-02,-1.417956423615946218e-02,-3.598825607811091329e-03,6.839594048487442068e-02,-4.391095549781950935e-02,7.447029989899142666e-02,1.240058051895325114e-01,-2.434442877726480589e-02,-2.851496850938764829e-02,9.936348934443180181e-02,-3.739983133529650554e-03,-1.485504101517817199e-01,7.898835776765511518e-02,3.597318237100630839e-02,-7.826546644708140543e-02,9.115707484179315367e-02,6.078884472512354614e-02,1.542274934249986407e-01,8.869708228994846455e-02,-1.226028231357992604e-01,1.570271935145921560e-01,7.046095441023862704e-02,-3.612134477660745857e-02,-2.951795475154686110e-03,-1.195523956899255252e-01,-3.123543986839579303e-02,-8.364629401710114986e-02,1.807462387731411380e-01,3.523920188666385817e-02,-8.509632816487081031e-02,-1.637071422020768274e-01,-3.703676455351662816e-02,4.925269868372331855e-02,8.600373329956076396e-02,3.649133941474266146e-02,9.396683288375798360e-02,-3.014111119486719351e-02,-2.464583241204740954e-02,7.368412472912696382e-03,5.797494540684328818e-02,1.695866176934813022e-02,1.433141759351949651e-01,6.452150662531566661e-02,1.111349989449787051e-01,-2.683977437019533507e-01,-4.973913859052833675e-02,-1.699926068122506462e-01,5.170329497728685941e-02,-1.566722168441316287e-01,5.726015422042977920e-02,-1.894063112664653714e-01,-4.030791400701951022e-02,3.856358877476614207e-03,-1.240034394967316628e-01,3.269691548451587187e-02,-1.257042533700495901e-01,6.917156963619348897e-02,1.924341886916162460e-03,-6.819064484189825415e-02,-1.746323032853490942e-01,2.800443917377200970e-02,-6.767550859060358914e-02,5.118226170264096597e-02,5.467341367833921523e-02,6.295772858784440262e-02,-2.119327609962547987e-01,1.649579279982186716e-02,-5.473396007125863431e-03,-7.631161019473015061e-02,-8.829579064528149390e-02,1.697593111248686115e-01
6.764296003770349508e-02,5.508848677086154028e-02,2.293168555607264306e-02,1.688631939903219303e-02,4.247634493725250919e-03,-3.559477347766173277e-02,-2.887896452223002314e-02,-4.526815656430614038e-02,4.979156241322990444e-03,7.597282762965341940e-02,7.172269100673782025e-03,-4.232171683959636693e-02,9.856031993267030944e-02,3.602960085283662180e-03,-1.120640821051248071e-01,2.207957613261150517e-02,4.097593166638861632e-03,-4.466404423829185844e-02,-4.898992565386470904e-02,-5.307943381210657868e-02,-6.769976787003010752e-04,-8.635187810706500267e-02,-1.630825069056101792e-02,-1.381059071694076268e-01,-9.793209809439669400e-02,6.192559391620118536e-02,-1.394043710112830292e-01,1.072913380889058133e-01,-4.769708055760733811e-02,-3.226103610124421428e-02,9.727840162736163532e-02,1.377667162724048600e-01,-1.699481709666295776e-02,-1.226190158923443248e-02,-8.838375046212737507e-03,1.342325715027778595e-02,-1.333539379281325488e-01,3.709979525173167508e-02,1.392519167580992534e-01,-2.156191334341492696e-02,-8.594449463353072416e-02,1.404559376689745731e-01,2.101647943536710111e-02,-1.286600112664723801e-02,9.881366071301605179e-04,-1.814340902170404335e-01,1.668300096068686955e-01,-1.007159655884570237e-01,1.109792067951584221e-01,-7.691003387520852289e-03,-8.792055732492118358e-02,4.781321664347490917e-03,6.528575431072310663e-03,-1.392417401760502327e-01,4.030137335838266527e-02,-1.245621018662830259e-01,4.114635553820769620e-02,4.757187615573566647e-02,-9.159741136261263794e-02,5.917477851150580725e-02,-1.495002833221438232e-01,-2.704551465500070750e-01,-1.577848680702373108e-01,-1.073554755138686305e-02,1.510408226632052875e-01,3.308517756772134250e-02,4.524936698434214866e-02,9.733213730031385624e-02,1.283315638269673098e-01,2.365929233271004892e-02,8.204683832434402080e-02,-8.058850493200833687e-02,-6.860982785284398811e-02,-1.000208187133804494e-01,-2.391908150276768619e-01,3.414636110345121989e-02,2.199554969900495080e-02,1.558962362787555123e-01,1.292119558691479375e-01,8.414494994899836267e-02
1.128445214323889612e-01,9.963861585784067332e-02,8.528881703765396616e-02,-3.086089828767818108e-02,-6.003047734000994604e-03,6.365315165286374033e-02,5.860625023372082604e-02,6.670589540068015688e-02,-7.313760038725371226e-02,-5.124169528296411424e-02,4.887063812681571862e-02,5.036473437449616106e-03,-1.080480942379521136e-01,9.730576429560365559e-02,8.543018937715375627e-02,-1.065570516322063288e-01,3.117429754884705820e-02,3.425970418904445564e-02,2.960509433400772966e-02,8.324132919213038384e-02,3.262926392123253333e-02,-6.426770416810471606e-03,4.093402085268816465e-02,-7.431393813066174137e-02,6.538010407870493979e-02,-8.244479955324466106e-03,3.904219394113644243e-02,-6.881396718179755290e-02,-1.383647348231745178e-01,4.696428367692176420e-02,4.556669469101013586e-02,-9.895684211877982250e-03,-3.153647405182529589e-02,4.049761551341426319e-02,-1.693292968442890872e-02,-1.344308828966249425e-01,9.578357094351463985e-02,1.919154371142054449e-01,2.506700392399097838e-02,7.558784881944750900e-02,-1.862597344060603066e-01,-3.225274871043463248e-02,1.146190936316882417e-02,-3.021245611151188518e-02,-8.268215597961645069e-02,1.771586253347181075e-02,-5.527577343494761986e-02,-5.235502572120949438e-02,1.876419687506551137e-01,1.047953770649931449e-01,-1.997035922494773685e-01,-4.953968078466634839e-02,-1.195834644636720352e-02,2.671066628427531259e-02,-3.707106058678374255e-02,1.060943227687189197e-02,-1.546959811446357580e-01,8.285996202521646314e-02,-3.787542048726561666e-02,2.848284829579382851e-02,-7.867799316596907344e-02,-1.127143023700169916e-01,8.420613308805155461e-02,2.927776880402589363e-02,5.881910393580710994e-02,-7.891740971559783879e-02,-2.690400272360205045e-03,1.208485858239414790e-01,1.170080397390452637e-01,3.892917180283059220e-02,-1.298891833967982801e-01,-2.807237410270299049e-01,6.130987788734343531e-03,6.354329668683015783e-03,4.175207903968951306e-02,-2.197814851825389548e-01,-7.641123712475357543e-02,-3.025382102766476650e-02,-9.305429845918737619e-02,7.614252736840615432e-02
4.913498018516147120e-02,-3.646168336874727051e-02,6.405584672577122052e-02,-6.806928652367319477e-02,3.149624522182811921e-03,1.944596024884017848e-03,1.028974489119564850e-01,-7.893741923841048058e-02,-4.519509452520052706e-02,2.179704178260716274e-02,-9.480563503793794020e-03,5.284725862423147319e-02,-4.896094251913876705e-02,-1.298439774800885273e-02,-1.037954345457199092e-02,5.838742821505839981e-02,-8.055176640270669819e-02,1.422910809504972507e-01,-1.474465969881402772e-01,-7.938150171340825623e-02,1.868764384665172820e-02,-1.821675727617337315e-01,-9.084420573622092876e-02,-6.265188569540749985e-02,-2.496040479445005289e-02,9.162662749043185006e-02,1.656298917754141231e-02,-1.271584331864574202e-01,-3.492415529561490595e-02,-5.633444493812601872e-02,9.971343268431588289e-03,1.249595115395808059e-01,1.109143232098558640e-01,1.535978624357711882e-02,-2.040628152321664612e-01,5.448030024522260845e-02,-1.509848454081627878e-01,1.831543192595985053e-02,7.240343888887755541e-02,1.289852754949002978e-01,4.177671006545299881e-02,2.209469893524680650e-02,8.642970262231572387e-02,-1.048101647603259107e-01,-3.490467142453961003e-02,1.306331804767280058e-01,-1.149454903739760142e-01,1.387826346562186230e-01,-1.515784869824533289e-02,9.886450579522748638e-02,3.395332750090766447e-03,-1.299089449114401162e-01,2.241144783246040717e-02,4.414189404933654970e-02,5.338668253025517367e-05,3.253936964387196124e-02,2.585392473917305645e-01,1.290834695276749794e-02,-2.430201965779925713e-02,7.412267115890999736e-02,-1.690641095111749259e-01,1.353985895988922827e-01,-6.268125770452363625e-03,1.064811136173080403e-01,-4.451547368477119793e-02,-1.360602550144982825e-01,7.006709480913417276e-02,-1.798673837736523839e-01,-3.370853890539679543e-02,-6.118095975075004550e-02,-4.642653255391497591e-02,-8.743800473176069343e-02,-1.699999061335406500e-02,-2.182246498957215054e-03,1.243773081284851312e-01,6.415555280279809647e-02,1.534990408649910820e-01,8.842985033261779870e-02,-4.681242780612615562e-02,-1.590271283358114102e-02
-1.570365324165286236e-02,-3.393333987078165498e-02,-2.751317784184363971e-02,-2.717907266317067666e-02,-3.252878527470033643e-02,-2.201617884844090170e-02,-4.022708958392583883e-02,4.023277833517561325e-02,7.842878139950682295e-03,-8.909161077640562199e-02,-3.338733092952643478e-02,-1.379365055082240055e-01,-1.650882068095943164e-02,-4.561858073274723327e-03,6.702598790667295241e-03,1.592352265922394872e-02,-1.411297182566917732e-02,-1.298303782399301831e-01,-6.976409729110276403e-02,8.585601004559691163e-02,1.024581087842037774e-01,-7.188317316691787695e-02,2.030104746167293774e-03,1.959190514396864369e-01,-4.428817830618463763e-02,1.318439916833779035e-01,-8.040950268799947065e-02,6.737075708914734562e-02,-7.412940209360345534e-02,2.984329892390889111e-02,2.244928211944238056e-02,1.507599471894544851e-01,-1.571789780698850392e-01,-2.497157893853386296e-02,1.507958656563515021e-01,1.313148031302047436e-01,1.517965169374461964e-01,-1.190892080616252555e-02,1.127077362794275256e-01,-1.763787658243983619e-02,1.670729636112980587e-01,9.397536332486809696e-02,3.265265602062618344e-02,-1.479069894794704521e-02,1.011641392510205378e-01,9.710429013916567487e-02,-7.016650419658800042e-02,9.501249700394497066e-02,-2.518008886901912380e-02,-8.719346591725828099e-02,-2.257492151812874881e-01,-4.129562113380445473e-03,-3.067047364522389880e-02,-3.774051501377049395e-02,8.380068617490703253e-02,1.200876398361030162e-01,-1.164934879116681088e-01,-2.361950259551510445e-01,7.973555706358072259e-02,2.960951033535760488e-02,-1.434882092379369603e-02,-2.602185808528235111e-01,6.439352522423738567e-02,4.642627340028845917e-02,3.367574678651390901e-02,6.802013486023232580e-02,-5.003277048667129773e-02,8.418404737433682686e-03,4.544881512253470118e-02,-1.512259397756711143e-01,-8.213787156890453925e-03,-9.554046698213698730e-02,-3.258285152618088376e-01,5.042108388729810847e-02,1.392624684382932909e-01,1.156533120414382915e-01,-9.518292878033678128e-03,-1.556277251099542902e-01,6.895388063610616292e-02,4.435084931699863342e-02
-5.715895839383468464e-03,-4.700819905003233296e-02,-7.335865953555485014e-03,3.685079337229606872e-02,3.865095451633818874e-02,3.600497969919495226e-04,-5.067102963110922675e-02,2.689033118887815613e-02,1.536350839260678530e-02,-1.703477586819222150e-02,-8.838477840476462177e-02,2.312557803056160613e-02,-4.189478244373701782e-02,-3.679138937682187305e-02,-4.056537316926346615e-02,-8.421959660724495644e-02,-3.471769140566220106e-03,-6.140655128942928975e-02,3.033560955508442930e-02,3.645133679190188519e-02,4.528287714910204931e-02,-5.166203250452040124e-02,6.747306142817958985e-02,-1.077008037558678522e-01,-4.922768006735321611e-02,-3.793045700860944031e-02,5.095845671298369906e-02,6.416974576449648027e-02,-4.183587568680550289e-02,1.050106948027859644e-01,2.882904470002553218e-02,-7.990470226324878494e-03,-1.415075878282896077e-02,1.031252547806333839e-02,7.203249796398898674e-02,5.209044934641037655e-02,2.347781987961544345e-02,1.618909900516463662e-01,5.245665419507370558e-02,-5.494260245298820955e-02,-1.427518918087849475e-01,2.603364968723392153e-02,3.121257262391502821e-02,-1.221191305470965549e-01,-1.685890155090260243e-04,-4.885037707181053707e-02,-5.111089474499722583e-03,2.822145614277504766e-02,1.020520301840432131e-01,-2.112713378806164444e-01,7.116999570621659020e-03,-1.118576807511548754e-01,-9.752334553283086016e-02,1.693550907817865242e-02,-1.894890880482222040e-01,2.550371955703919710e-02,-3.335839194543278596e-01,-2.099854903204503159e-02,2.751538696349173016e-02,-3.031958344934221686e-02,5.966850298160630839e-03,-2.031578041749566160e-02,-9.951565750401719646e-02,1.589905626702011743e-01,4.773621944250718702e-02,-1.040440611171486035e-01,-1.104400428568318715e-01,1.426527061461605461e-01,-1.408920710171500945e-01,5.766341885155384234e-02,4.843041118829520542e-02,5.062502927276574943e-02,2.138857880942724721e-01,-1.496775761436725249e-01,6.385640901290927374e-02,-1.795660382461442828e-01,-2.481563700157020033e-02,-3.740590503198905348e-02,7.970049659955151522e-02,-8.118890276514344195e-02
-5.837841004660711264e-02,4.255314820908693424e-02,-4.258223052399244535e-02,-2.104779309202090345e-02,6.641807918124598142e-02,6.377922871895297385e-02,1.035915472394773572e-02,-2.976748228997119078e-02,2.276657256702192475e-02,3.837472006895817356e-02,2.583581587179278535e-02,7.481588245571818563e-02,4.984421968670371683e-02,5.772428585193331574e-02,9.287423711778473867e-02,-1.552127099109825437e-01,1.859178790643016208e-02,1.974932216315009731e-02,1.071205643838315652e-01,4.429981604850603133e-02,-4.305318088626394236e-03,-3.619975356755888302e-02,-1.279540762602577111e-02,-1.942601899776979710e-02,1.010891664191141126e-01,-5.021889937298745082e-02,1.727226867106180716e-02,2.501238539979465103e-01,-1.444800495140405837e-02,-4.688726128782147451e-02,4.709628177590607229e-02,-3.465337768267019031e-02,2.324490142966768522e-02,-6.849472239776986660e-02,1.104877591865150582e-01,-2.677689714662302017e-02,1.244117843671749546e-01,-8.620262049913690605e-02,1.991048468953436901e-01,4.590440821689621698e-02,-1.555097611871854302e-01,-1.031746998918191965e-02,-1.484863740208352233e-02,-1.238115321967443033e-01,7.920788278972218377e-02,-1.147796407916237965e-01,1.219127393574683665e-01,-7.212896888563101461e-02,-9.605626363535074361e-03,-7.870169425630407778e-02,1.436605451215376417e-01,1.935791480689145463e-03,-3.199917568520830452e-02,6.903135803781576540e-02,3.221183585218742595e-02,1.071774755472936769e-01,-1.861207832906824067e-01,2.048915865833418337e-01,-1.125428404666673349e-01,-5.133574146103864894e-02,-8.608497355142223639e-02,-1.071764224006299671e-01,-9.130868817938160575e-02,-1.341716022993547364e-01,-1.138317700099665958e-01,1.027777539858301253e-01,1.373171397612358291e-01,1.074686497983348837e-01,7.824474856637787801e-02,-3.452498958740281287e-02,-1.056572726807600143e-01,8.151033447019909173e-02,1.386472193248582674e-01,3.367840902257433766e-02,-3.155833145127816264e-02,3.428864599643600269e-02,1.644786880531022566e-01,-4.242175081735378300e-02,7.650257901475100708e-02,-7.531997928701758549e-02
1.151453765281407471e-01,1.985272093417183095e-02,-4.488734889002287537e-02,5.363838615968496287e-02,-3.552213081895160690e-02,-5.229922707262803228e-02,7.304271380173316119e-02,6.558798172131868887e-02,-5.502310360927104710e-02,-2.915112654849130389e-02,-3.465934593779589762e-02,2.643903781577156345e-02,-9.468492512236921510e-02,6.175738041620156688e-02,-1.208803761392216770e-02,-6.687121943004207571e-03,-6.746817125432026316e-03,1.418644400895312588e-02,-2.129815534006097161e-02,8.563312565557546982e-03,1.467373254152520151e-02,-4.973273732182081214e-02,1.728182837293872620e-01,8.602109956075108810e-02,6.429528866231037920e-02,-3.654964163666004490e-02,-5.091416689151983394e-03,2.793601494269954896e-02,-4.864142891636463045e-02,8.543276831857185560e-02,-8.891912975570348977e-04,3.106894354376658202e-02,5.090217164740180184e-02,3.494469066549441699e-02,5.944834787857488506e-02,-1.287453617054088451e-01,1.151705063090998488e-01,3.908584729174868072e-02,-5.097867444833270763e-03,-7.583190094146677329e-02,7.898921163745781238e-02,5.261967714442086080e-02,-6.937288154094778392e-02,-1.731468350120279331e-01,-3.433313848678314073e-02,-9.322582360234174526e-02,-2.282527187743665087e-01,6.160597347310242493e-03,5.209934539092831579e-02,-1.520022168251392303e-01,5.111211969086996987e-02,-5.792369241059123347e-02,-1.207152215062858303e-01,-3.006281519856397050e-02,-1.819808001595834279e-01,-1.578704262362487232e-01,1.479762172971902656e-01,-3.627372223818170396e-03,6.925214798168760622e-02,-4.804889533896591902e-02,6.293155606721939112e-03,1.328238029447891266e-01,2.066671655492898288e-02,-1.923962469632946592e-01,-1.415712695142094454e-02,-1.668993209233926300e-01,8.218742334376330505e-02,-8.667558163970294494e-02,2.037743422812803296e-01,-2.217626475871898317e-01,6.560570216433743440e-02,1.064137003901398509e-01,-9.005057644937281003e-02,1.489250246401878641e-01,6.637044015103425385e-03,8.362582357774216157e-02,1.564049931513980807e-01,8.619437251149981993e-02,-1.900313873420249045e-01,-4.814259817567031335e-02
-1.233464053823910417e-01,-1.087478056336233477e-02,-5.360544036721599098e-02,-6.478570699420320433e-02,-5.779275685982647459e-02,5.876080155597491160e-03,-1.785360432153182408e-02,-7.035218300380476075e-02,4.334032708772019016e-02,-9.820574826105219271e-03,1.151039013611716497e-02,-1.154832941098135890e-01,9.868301515127256285e-02,5.756133573055081248e-02,-1.218391655420834052e-01,-8.473450955258461648e-02,-5.689160479585083502e-02,-4.110003537793840284e-02,-8.109039560357551857e-02,-3.222254464483849737e-03,1.614152778253893916e-01,1.572609039648842355e-01,6.106806326772281496e-02,-9.601100269019412214e-02,6.818176363440602017e-02,-1.918778751675815492e-02,-1.333810828646743718e-01,2.432550165916868012e-01,-5.704411812442228974e-02,-8.482949882019914789e-02,8.744476553759632231e-02,-5.936437612961917992e-02,-3.757666691205692466e-02,-7.683442646255412428e-03,-6.381243133372588305e-02,5.396931580342893831e-02,4.295450045292037444e-02,9.920367687644763427e-03,-1.501288046238692109e-01,-2.894399119121305805e-02,6.559904593862860012e-02,-2.910125460783759624e-02,3.767895235799811893e-02,-5.387603901781739396e-02,3.951316504524195888e-02,1.958827578878730158e-02,-8.231649701092433324e-02,4.116547009145576225e-02,-1.178258491086790621e-01,1.862344299861315401e-03,-6.368903734586030263e-02,-2.060952226162523354e-02,-6.324110880152171432e-02,9.082192238220768155e-02,-1.519360160709399554e-01,8.409355829353380718e-02,-1.708282324028233962e-02,4.449667297505650876e-02,8.705534277610725569e-02,-1.626364400761449655e-02,-1.188711292464310759e-01,2.154607226869866693e-02,-5.304677753164910477e-03,2.350898622897671653e-01,-2.603526123608095322e-01,6.077935534298496700e-02,-1.099258758967471966e-01,2.332225694777905756e-01,1.290965943646827166e-02,2.238279243160025134e-01,3.862895644428936126e-02,1.157222734401226194e-01,1.591608325951336667e-01,-1.136530003311407994e-01,2.411235267364149892e-01,-1.711804644372965645e-01,-1.005571886226578476e-01,-5.006195183068451460e-02,3.764342588448409826e-02,-1.375182074167443508e-02
7.819412406058007248e-02,5.545701572538308533e-02,-1.316993209419362043e-02,-9.853294657141329488e-03,5.137639790718935562e-02,-9.450400209158188458e-04,4.675008277485128566e-02,1.857118162931313543e-02,7.240847591844846998e-02,-7.752499138837418147e-02,-2.460344854151580354e-03,-2.131028023616475184e-02,-3.407835431398693882e-02,-4.920304551569602836e-02,-7.595546428024910549e-03,-1.354562506391858989e-01,7.780267630966473946e-02,-1.302914447047563186e-02,4.312705609453367644e-02,1.204112155901342907e-01,-2.022052429191825013e-02,6.817129615015096733e-02,-2.401748046188459731e-02,-8.406196629559170748e-04,-1.763794802332977960e-02,1.412715922773968014e-01,3.157253141938249491e-02,1.185842250054522200e-02,-2.044014660971578065e-02,4.366452117660287596e-02,-4.221468013475312281e-02,2.059599677453247818e-02,-3.586189834710881014e-02,-4.001109615604923203e-02,-2.302849596477106030e-03,-1.302871078844942410e-01,9.129656648688677309e-03,1.049832257573466224e-02,1.288350152429093912e-02,1.288002719801528348e-02,-1.594974670985803145e-01,-7.605813598672248044e-02,-3.164655755355103017e-02,-9.595503557452339516e-02,1.845696927309383242e-02,-1.089586966922275191e-01,2.734423497383277335e-02,4.889387404466508102e-02,1.986588697637432510e-01,1.487726664670588339e-01,-3.500999150260889620e-02,3.481523826954114470e-02,1.305735710758526846e-01,1.860116896724457389e-02,-1.012197171052112328e-02,3.701661221916008326e-02,3.661260638164662989e-02,1.830186287717424157e-02,-1.839057680475950363e-01,9.006520933002265528e-02,-5.667833613221304884e-02,1.605968389920241768e-01,2.363121304620904514e-02,1.521205144499115881e-03,-6.600640370306135041e-02,5.470210749931448194e-03,2.329084637489332865e-01,-1.423580193975275132e-01,-1.346807011513113383e-01,1.094642875571547463e-01,-6.711597190687561276e-02,1.154064062125959023e-01,-2.914454918374177750e-02,1.228620408154778437e-01,-4.492239031624945672e-02,2.211053899193101968e-01,-1.041528427150016090e-01,-2.071244123073414378e-01,-1.778068925449074744e-01,-6.771738409854410889e-02
-2.860886667727476768e-02,6.420643547090380820e-02,-2.728417081532995628e-02,4.324989277657235315e-02,-2.109285649484016548e-02,8.321336976980937480e-03,-7.020012709536414819e-02,-3.200609513710785375e-03,2.509903012578047418e-02,2.108110274272137138e-02,-2.293849139946757890e-02,-1.767666778703827837e-02,-2.005787888628324245e-02,-1.173323659258893592e-01,-1.276762093375235357e-02,-4.470580108514272261e-02,2.474309135784382579e-02,6.073684780890774293e-02,-3.903431315515661776e-02,-9.561701676090000532e-03,-3.140918467220955856e-02,-7.905635640243773195e-04,4.825980173717636657e-02,3.573180934129465205e-03,8.985423129929893948e-02,-1.657075117154388141e-02,-3.027481782876191227e-02,-2.263613401264834984e-02,2.170543876590598845e-02,6.506158484313163959e-02,5.940863064061863846e-02,4.199994281168092231e-02,-2.260512731752539642e-04,-3.414658824737333565e-02,-5.488066289852572971e-02,-1.850073713315568760e-02,-6.743399220669594974e-04,1.870194255802758165e-01,-4.779261171231087568e-02,2.179234068703899685e-01,6.946845127427710154e-02,3.513110340948712856e-02,-6.688522306430669251e-02,-6.393073479935758308e-02,7.437464379070823743e-03,-9.048674125721539729e-02,2.070424966956870005e-02,4.113079506873133090e-02,-4.783458254713413016e-02,-9.997937972297195330e-02,-1.289970820511329996e-01,-4.512748044005427533e-02,-9.652657398893106297e-03,1.935311104753410782e-01,6.530613331595942761e-02,-1.828891640721872630e-02,7.239615133940141556e-02,3.128673312328065781e-01,4.192964688273929930e-02,-4.598291954567653578e-02,-9.943773390546639668e-02,1.226805971050725806e-03,9.547064973549515554e-02,-3.644371974504190953e-02,8.722309097842638470e-02,1.506743055878406179e-01,7.674133848304925953e-02,-1.809128114426656886e-01,1.227422289025446520e-02,-7.710719179877061069e-02,1.450882326958288226e-01,1.749776065775544565e-01,3.993666577786905703e-02,-4.048003607280947769e-02,-3.203271202946392920e-02,6.516859689136760003e-02,4.294240305455446910e-03,8.373191891985320989e-03,2.245921054972977449e-01,-1.134273779519248543e-01
-3.842975405267572142e-02,7.986289855690728925e-03,2.498221195814356171e-02,-2.497223941076002693e-02,-1.846861395298585520e-02,8.691536991663187384e-02,-7.715608946649284150e-02,8.133740893004752504e-02,6.030176105097777859e-04,-8.562788256246427199e-02,-1.305005633008039139e-03,3.491576029699635514e-02,1.629938731771931881e-01,-3.953167055336344327e-02,1.538516020802690922e-03,8.814816789489092475e-02,-2.658044883776543646e-02,3.281874886936216734e-02,3.619711125648182592e-02,-2.719742016792513206e-02,-1.454672511535832491e-01,5.241183979953947109e-02,-5.377159582753569811e-02,-4.886489430697824737e-02,-2.289135429988030726e-02,-1.360863602980628417e-01,-2.579025370437648679e-02,-7.102964989999514811e-02,-1.101474279925363509e-01,1.801508670954111990e-02,-3.923396030079314561e-02,4.097333490203321910e-02,4.717156173025026378e-02,1.681369660809362010e-01,9.271762990378266955e-02,4.898430086786695337e-02,-7.432801192136709312e-02,5.152973921662816481e-02,-1.341482195830470403e-01,8.935302123815599268e-03,9.330483679245797635e-02,-6.097486831043297251e-02,6.035446412685663287e-03,-3.385205304440987162e-02,1.024365819857471355e-01,-1.668907009674060193e-01,2.512500212047103290e-02,-1.873121804907466048e-01,1.008695369825221150e-01,7.003164647978345203e-02,6.140753127403859174e-02,-8.310940368341558637e-02,1.516448322314234431e-01,-1.833422119753598187e-02,-7.202046072333836979e-02,9.351729770952080245e-02,6.799803082795091713e-02,-4.911038905710606028e-02,-3.562142321598305711e-02,-9.386368534559476340e-02,-2.144109616589396083e-01,-2.454862480070874042e-02,1.229376141196210220e-01,-6.247245296441950729e-02,-4.010324430610206353e-02,7.434905363031317493e-02,-5.104415390563146748e-02,1.872834751885002202e-01,6.481845793983034842e-02,-1.417860712456421035e-01,3.903046427660117335e-02,-1.109644340705825821e-01,4.556534959390264733e-02,7.795282519039940794e-02,-2.507937602823218440e-03,9.825814159898690892e-02,1.809748584667181595e-02,-4.876077326853594379e-02,4.667075522563769729e-02,5.657198094252761239e-02
-7.720598929476164829e-02,-3.980318570242592086e-02,-1.222780429569188254e-01,5.092417026297646043e-04,-8.195085084157036071e-02,-3.622270655957125080e-02,1.584473470286005539e-03,4.361048512348057044e-02,-5.318027746319173299e-02,-1.323056941099172608e-02,-7.101839080712745930e-03,-1.529280222843954797e-02,-1.011979230825061637e-01,-2.146989811073635526e-02,5.450423744499068718e-02,-2.711359868251457875e-02,-3.263406478782746901e-03,2.696436048440467234e-02,-5.049030024323432342e-02,-2.648187188138460477e-02,4.639080388096239460e-02,-3.688699283896368364e-05,-3.482882223856906961e-02,2.395535585281381719e-02,-4.017266574507240978e-02,-9.855338984406823710e-02,-1.094065423877062238e-01,7.856783975384910856e-02,-6.001495154380498409e-02,7.770987530001301560e-03,-5.759899430401849152e-02,4.673472556576874909e-02,1.811666026017092271e-02,-3.713949562444397029e-02,1.157745934625780682e-01,6.018318284070243301e-02,1.714409646408805721e-02,-6.951823829543507006e-03,2.720947190163263904e-02,8.022385648204762021e-02,2.209059123806005401e-02,-3.279753783659542649e-02,4.485698250967724149e-02,-7.873304155601176801e-02,-7.744274439106986485e-02,-8.782867280350430128e-02,-1.855778261194336587e-01,-9.634336903158997878e-02,-4.616222412040025397e-02,-7.174377565782794064e-02,-3.734417243734663994e-02,-6.634129807542982898e-03,-5.956116423682582262e-02,1.955995847604690210e-02,-1.587601337112448663e-01,-1.171111265180033723e-01,2.988853813065737303e-02,6.176614658453552509e-02,-2.931473273354601519e-02,-9.049523505430276393e-02,2.958240589004668825e-02,6.809475577864790297e-02,-2.643173980928939515e-01,1.635938251157748394e-02,-3.087863220769854894e-02,-4.497679936652614063e-02,-7.696772713657874798e-02,2.690181461764003940e-02,1.345732762073863220e-01,-1.014573832385536334e-01,1.221194313049765168e-01,-4.698168834120700749e-04,7.222698051818635806e-03,-8.551745583996062799e-03,-8.134914891334771303e-02,6.882105554636883636e-03,-1.230368516339008095e-02,1.361009075125629159e-02,-2.143798426623995737e-02,-1.550814418283900757e-02
2.007978563762442478e-02,-4.646888514759248828e-02,-1.598306022595758630e-02,7.425383339510638336e-02,-3.933140822971955414e-02,1.227126964293705040e-02,9.392346089420047783e-02,4.071312130307041394e-02,-3.989766226308823216e-02,1.784326400889993947e-01,3.249639321926296731e-02,-2.971521200304434729e-02,2.719554151468576986e-02,2.217923836532780316e-02,6.840529521478892760e-02,2.407486367827264221e-03,-2.152473361173560737e-02,-4.260953824373307774e-02,-1.642395265573247942e-01,-4.168248054366571753e-02,-2.017048258955884271e-02,-8.177507134913050008e-03,7.461721856487155136e-02,4.918227896076768357e-02,9.321164909463182987e-04,5.759590801304338703e-02,-3.553020535765950144e-02,-2.074936279787561923e-03,5.106602072424775395e-03,-7.206729953585308546e-02,5.850968318584118949e-02,1.142802865710192545e-01,-2.005043100754152000e-02,-4.090167364110402354e-02,2.798158553285063840e-02,4.315473723371377607e-02,-2.626484091607077589e-02,-2.731868247360102336e-02,-6.777284498330371498e-02,4.211913606559313655e-02,-1.163133568211339869e-01,1.541157783707217295e-02,-6.455330299671554507e-03,-3.822681018360947480e-02,6.741297890817359029e-02,-6.586987062871106635e-02,7.012729875708194338e-02,1.582571030822128577e-01,-5.445025905566328039e-02,-1.039417089630214758e-01,-8.137478172644971308e-02,3.727305668560172008e-02,-4.014830270987527171e-03,6.454812355550963547e-03,-4.506457169643111361e-03,-1.166253894058097706e-01,-4.933570023204032068e-02,-4.718557953122372306e-02,4.413018242740363722e-02,5.092654030516851477e-02,4.884840734205486701e-02,1.598756962493632916e-01,8.448105895746586824e-02,-6.231124843833391394e-03,1.143973173485722007e-02,-1.353559300456963210e-01,8.112420227896860458e-02,-5.191041849207169573e-02,6.544833800829891191e-02,-1.008077568876936531e-01,5.587328985003606197e-02,3.312815895098804031e-01,1.343536281930222780e-02,-1.652423245006442165e-01,1.605780533487081163e-01,6.986570040748815713e-02,9.387445275179238935e-02,-9.161659323810390776e-02,2.038684375129678483e-01,-2.111550359457591286e-01
-1.045600529278391949e-02,-5.932210958923202389e-04,4.890901494903577423e-02,5.053796180921490966e-02,4.647864388263431290e-02,4.950039662270156078e-03,1.246367527862746877e-01,-5.850188402735262763e-03,9.954079915055724648e-02,7.934889947952196432e-02,2.015698425357623572e-02,2.336771966519082463e-02,4.357048886364257856e-02,-1.164767167201347237e-01,-8.251953208501515424e-02,-9.544094202541095195e-02,1.333318100111751357e-02,2.567739627726301366e-03,-1.011530891530210488e-02,-4.984818390016549500e-02,-2.638148279306697444e-02,-1.009421065502616871e-01,-4.855618063415792496e-02,8.139663064247844304e-02,-5.690116797371410490e-02,1.546940707034553768e-02,7.331059242734133674e-02,6.840924909389506370e-02,-3.668464711599399991e-02,-1.867245173756472074e-02,-2.945232436386892305e-02,-2.782044317416508539e-02,3.473860307821378685e-03,-9.156012171876785205e-03,9.854764810245331130e-03,2.415662787996796998e-02,5.865281743307472484e-02,-3.797004281671276932e-02,3.709433624068902285e-02,2.535815281635807675e-02,7.570241695323857989e-02,5.158100860545395544e-02,4.958016566624534605e-02,4.184326826646061342e-02,1.200784570820916247e-01,-1.088611380748970847e-01,7.267646733664441701e-03,-5.121480077147293197e-02,2.889405137233008042e-02,9.808983936347372146e-02,-1.111263750245398453e-02,2.045828354720890391e-02,3.544226325078891795e-04,4.928765093415064108e-02,-1.120699316547410368e-01,-1.332606682793552669e-02,1.312018377504641231e-01,8.960568046850977963e-02,-2.035789562809143805e-01,2.408069104706523356e-01,-8.052294230733067493e-02,8.766058115617735014e-02,7.284376223446583677e-03,1.066630237105635134e-02,-1.295890663083976435e-01,7.335274064660487169e-03,1.061258752277488837e-01,1.172405522837269287e-01,-5.266902905474846186e-02,-8.580145891808332870e-02,-1.097395567377895814e-01,-1.346751759599968679e-01,-4.090255569872079666e-02,-3.467597087743239104e-02,7.723657025104659068e-02,3.029530955582238616e-01,-1.090738584351606255e-01,-1.554037384029124391e-01,-2.080755016697580922e-02,-1.268510640744636708e-01
-2.765434377573957811e-02,-1.002258437553770892e-01,-2.487441779122590360e-02,8.935671562633200338e-02,3.143340128588871518e-02,2.707416548258757480e-02,-8.783664855496634005e-02,-5.609787584104523883e-02,8.713481436074890785e-02,8.528332996394527230e-03,6.413267591213900332e-02,-6.620886675813794121e-03,2.628840069500240281e-02,-1.424071582371808954e-02,6.162164606906792540e-03,8.793904671749258606e-02,9.042462806172655784e-03,-4.248825293161812705e-02,5.277801374753074426e-02,-4.960602157017394293e-02,-3.100595634787095892e-02,3.114445399396496145e-02,5.613061480975924805e-02,-1.110925665304278165e-01,-1.566586003658411719e-01,-9.628588965534770616e-02,6.208446976895212743e-02,-8.400470742959606496e-02,-9.245159707571568020e-02,3.577994423303954008e-02,7.567653829018339273e-02,-1.553964386086810869e-03,3.418530864254366863e-02,1.314597166633163783e-01,-4.599146050624801363e-02,-1.890625576422914900e-02,8.940531923162664540e-02,3.733019532921082878e-02,-3.141695668236622191e-02,7.556535701919575923e-03,4.989726592390035520e-02,-2.733792235402914342e-02,-1.804171722763897243e-02,-4.632261181585654169e-02,-1.785303728309108745e-02,1.848445293340111525e-02,1.934115732848301281e-02,4.382123057926633897e-02,-1.156730359146807274e-01,-1.379119167068157958e-01,1.144176882946195024e-02,-1.171787178169273608e-01,8.931666176545170754e-02,-6.739112457228653430e-02,-7.933348945337978519e-02,-1.262454674600572424e-01,-4.346047210661316967e-03,4.066815828335892252e-02,3.427127845067460404e-02,2.219698575028930185e-02,4.927085384326970047e-02,-9.473739227783609107e-02,-8.314631145713062554e-02,-6.197489559201732612e-02,1.446264206530046004e-01,6.980280365400316767e-02,-4.609544767741562132e-02,-2.543822369940669167e-02,-1.952971993806376372e-01,4.864055492486878129e-02,4.526008802678884585e-02,5.898850782280525701e-02,-1.043830847585608124e-01,9.008773768835895424e-02,-1.054647526727134077e-01,6.719835972410483083e-02,-1.547556997549141833e-01,-1.949455510533021629e-01,-7.545417079737611055e-02,5.249492833921669266e-02
2.431356187518782588e-02,-2.947387401602179560e-02,3.857520328102386625e-02,-4.546068508285281556e-02,-1.684933892272611269e-02,-8.546894784357014427e-03,2.139707207795648464e-02,-3.915969849002743502e-02,1.970750143833083310e-03,-6.694595356566306055e-02,6.702393936542905793e-03,-5.936680270538592652e-02,1.050033654826580815e-01,-3.567382390746962756e-02,5.917072471877967560e-02,-4.982652497111024481e-02,-8.294227868472353604e-02,-6.939820079617883830e-02,-1.370816548151833521e-02,1.135217911165716312e-02,1.096197416478533228e-02,7.795084984674725825e-02,-7.832254886712875300e-03,-5.428072286557039661e-02,-4.009689322847743292e-02,9.754001101119899597e-02,-1.132776778554334639e-02,1.724039637982222040e-02,-1.657472110011550676e-02,-2.149460940395265807e-01,-3.979563585604533466e-02,7.388545628624289263e-02,-6.701679697051660112e-02,-2.432557365465711201e-03,-8.288184120105923647e-02,-6.435146859336236813e-02,-2.075707988821110048e-03,3.965755750876660130e-02,1.892018521047261412e-02,4.093643418894209879e-02,-3.583989089716140691e-02,1.244515047659520502e-03,-1.960217300940028315e-02,1.322091818497101445e-01,3.355915345883151574e-02,-3.964313512572079784e-02,7.378132938678709334e-03,6.972538898059431334e-02,-5.307151423656153097e-03,-1.130565931689438558e-01,-1.523081270988043134e-01,-5.025140486238433707e-02,8.766575224030644705e-04,-2.334786335531798332e-02,-8.305802151002918132e-02,4.676114500338080654e-02,-1.131388517411696520e-01,-2.471606992471139016e-03,-8.399982330311145384e-02,-1.796234426524634664e-01,-9.572697162633446444e-02,1.103282376267212261e-01,1.286415937112975749e-01,1.693061806837854039e-02,7.837193502381222671e-03,-1.199452579457886128e-03,-9.212658858601395495e-02,2.134045077098326373e-02,9.990056866888051557e-03,-2.758118636998818651e-03,2.768400823608592747e-04,4.540383695987942198e-02,-1.475079387252509477e-01,-1.343301527535082918e-01,-2.576627756138811023e-02,-1.185446768646735427e-01,1.088722708524306887e-02,-6.141258179770722053e-02,9.144725668418368647e-03,4.100551280772696955e-02
-2.958565559542252615e-02,2.492246023544961858e-02,-3.377623066490328257e-02,3.085372281150623036e-02,-7.112579135079730337e-03,-7.649979153971031781e-04,-3.526121262894589548e-02,-3.778347921789793756e-02,-8.828497715584375516e-02,-3.269673151479744050e-02,-7.243769360115459577e-02,4.238299163354104088e-02,-2.601945467962161335e-02,-7.707477012493758883e-02,2.701533269348118174e-02,3.497004068573138225e-02,-3.159229731253779261e-02,-5.430517990846776832e-02,2.356584527489674272e-02,7.956540199890996257e-02,-7.249930453903977168e-02,-1.033059914934938636e-02,-1.120903437496493377e-01,1.251318437064291300e-01,3.921887595675487004e-02,8.953437245248974108e-02,2.873542731727203939e-02,5.358292101213732450e-02,-1.280715455377907097e-01,-6.330604585401237994e-02,9.475547014471942531e-02,5.456501481065147846e-02,-1.490205714618366151e-01,-1.280215181371008593e-01,-2.741452183063504411e-02,-1.484230926157464325e-01,-3.150565303430405417e-02,1.596018872761104102e-01,-3.224013877949267332e-02,-3.894314366034049013e-02,-8.010912973867487241e-02,-3.468942478227534515e-02,-6.480446469246801955e-02,-1.282187721031640693e-01,-2.033683648029218638e-01,3.527608760825835105e-02,6.324081550534645102e-02,-1.078241497902965584e-01,-4.855893577083061907e-02,-7.325851731732981043e-02,-2.115109183709800444e-01,-3.068190305458682113e-02,1.163311686936885359e-01,-9.363835937269501808e-02,1.493236844931168095e-01,-7.084798585684669303e-02,4.731377865786257075e-02,-5.325583571418538581e-02,1.109254904877533948e-01,1.895902684189475912e-02,1.346148948455672956e-01,-2.117799286231447642e-02,2.887115706724302164e-02,-7.696507187909504798e-03,-4.703217205261570055e-02,1.141471291298597340e-01,-1.536112559310880699e-01,-5.529744092873789887e-03,-9.114550977525633091e-02,8.681694351568906148e-03,2.488274992523562684e-02,2.317420047127961569e-01,2.813605492065343258e-02,-7.899761460291167270e-02,1.386581438062770288e-01,-2.355347574275572578e-02,-2.759185239529896028e-01,2.455957514937164455e-03,-1.483838394742804101e-01,1.421014041946920825e-01
-5.610195083014658107e-02,-1.476269939598244367e-02,-3.610980962999885829e-02,3.203588150791407407e-02,3.063939288601847874e-02,2.554076761857690045e-02,-8.416770706581790107e-02,-1.088936112101942209e-02,4.815974959984466695e-03,2.431795928622560582e-02,8.500885762192181283e-02,7.041703311419188031e-03,-8.518019259779319521e-03,4.975467021337946077e-02,3.280942706239292541e-03,6.644970132579669508e-02,6.260520268507892457e-03,-2.235436420750621170e-02,7.848796885092554354e-02,1.735278511922243305e-02,3.481920561546942433e-02,-2.667789979033795278e-02,1.492096063160584882e-03,-4.983516692602499992e-02,-1.620272841008364023e-02,-1.053039860135793204e-01,3.126519218562211905e-02,9.033361802577473398e-02,-9.014908560602324927e-02,-2.475738310451668089e-01,1.393458295523379922e-02,2.593163386337011406e-02,6.276942722468581252e-03,-1.287293743528292456e-01,2.843061890618076709e-02,-2.253850037859006852e-02,5.428063951330188569e-03,6.788247576772518492e-03,5.809869431450025851e-02,4.259983489572176374e-02,2.146133248644304173e-02,1.122219019819142675e-02,-4.279558796451695540e-03,8.730180565152874730e-03,-1.705008889323549326e-01,6.824572639999322956e-04,-1.505178647469435360e-01,1.025366609189861111e-01,-4.632679029620493522e-02,6.591504549496433885e-02,2.222019984206960175e-01,-1.332458941898949367e-01,-1.039521072257712161e-02,-6.847807608205210006e-02,-2.985567876878449795e-02,-8.679896634929593069e-02,9.338597496346985605e-02,3.505047254296542875e-02,-5.793306183310704092e-03,-4.478848760262803957e-02,6.715768584517518847e-02,-1.319591464667977665e-01,-6.275773619010177606e-02,-1.210984232131537691e-01,-1.709672612394834076e-02,-6.677415848677685506e-02,-5.698403008380290707e-03,-1.179935942934085547e-01,2.175142571643047806e-01,9.931172569607106537e-02,-1.733359839110067413e-01,2.481662028102217185e-02,-1.612086990362275318e-01,6.518188611721988102e-02,3.670662714957625278e-02,2.517898054837993879e-02,-2.203937350288082686e-01,4.370448677281699862e-02,-1.526322538181125732e-01,1.882915281919501083e-01
-7.705074740606386585e-02,2.003416560932762269e-02,-2.500973836739796979e-02,2.799340731215266970e-02,1.780955238348040648e-02,-2.891930953539048957e-02,-4.199454423883385024e-02,-2.876643893865136765e-03,9.805857086064255490e-02,2.951407046151227447e-03,-1.425593649107196291e-02,-6.172275930781493530e-02,1.555316151457240663e-02,-7.887819243133281644e-02,-3.704563639991694662e-02,-6.016855636486833497e-02,1.150131328983064645e-02,-3.986330759576217631e-03,2.688849561864949805e-02,3.827623022498684302e-02,-1.920361711426816359e-02,3.195069050049411524e-02,-1.349272119131790515e-01,-1.698773934973311439e-03,-1.752180397615706736e-02,-7.683861712276196521e-02,8.248897314702190176e-02,8.795393631333654760e-02,-2.559639486638020170e-02,-1.894347937874269958e-02,8.316752339949329493e-04,-1.913459043511621105e-01,-3.361799226801989726e-02,5.589048894575766174e-02,-9.300586211904261075e-03,-6.364890986541302254e-02,1.153878257651370504e-01,1.894839015615084610e-01,-4.347487286712672233e-02,-7.627995942319835271e-03,-2.094861059328447517e-01,1.331622414832484558e-01,5.345819874558573048e-02,8.402511977196656934e-02,-2.306029694425688545e-02,-1.077827629733747739e-01,2.763635790652424137e-02,3.637363719684138380e-02,7.995020747283980433e-02,3.543151984756053030e-02,1.540528183874135398e-02,6.708126705886216512e-02,-1.249651411886876923e-02,-5.870549205810172977e-02,-1.275433490296755228e-02,-6.950566774321961620e-03,1.278134565269653800e-01,-8.352552136170052210e-02,-8.752370987606777897e-02,1.404395428930147773e-02,1.005886296989229496e-02,3.607991426104250471e-02,-1.219868087965536307e-01,-1.715419879636469747e-01,2.975596774333572059e-02,1.078334209992837245e-02,7.805279169733800836e-03,1.824947046094633207e-01,-8.072906853728124832e-02,9.710667853967043517e-02,-3.121590165763872896e-02,-1.175994260867696400e-01,7.746837549092676356e-02,6.224906788843800887e-02,5.095901643509629655e-05,-3.759262905579915937e-02,3.707521222951681850e-02,-4.465647499733631925e-02,1.144663771011864006e-01,1.161413254724090599e-01
4.197374857765585887e-02,-4.289726717664619354e-02,8.263801647677945783e-02,6.370791592603446130e-02,2.592243990016262351e-02,9.287789736341293956e-02,-5.745651841113139785e-02,3.449617023491367146e-02,6.109255932975524161e-02,-1.305746942370820396e-01,-1.190832045216981966e-01,-6.491469260789731188e-02,9.944969721706134469e-02,-1.671000747067382178e-02,-3.338907275436386879e-02,-8.646256239295629920e-02,6.248087528130087664e-02,3.502650929857593909e-02,1.074148574184300396e-02,-1.066961003401982744e-01,5.560336085055159888e-03,6.102621805881382894e-02,-5.107700557896277527e-02,-4.778894607430875935e-02,4.304653743374162178e-02,-7.865785315742186701e-02,3.362570213166784366e-02,-7.487992023383106821e-02,2.539040292859012088e-02,-4.795409966474513397e-02,-9.795377814457512100e-02,-4.728257132867090540e-02,1.612153541665747869e-01,-4.685888678120208456e-02,9.072781967414423124e-03,2.294479055914218010e-02,7.779287472891657784e-02,-2.097203303726071291e-02,-8.299712998810344911e-02,4.066119111236335404e-02,1.497615178391909774e-01,4.123063512633638739e-02,-1.666936724415364057e-01,-1.273330484112100425e-01,3.549857806930208776e-02,-1.273293416783510476e-02,1.023983954844205763e-01,8.885396300325867913e-02,1.395313504111579950e-01,4.803956882571854686e-02,-8.411292306485372572e-02,4.494816237646232643e-02,-4.637542084577175872e-02,2.206854684586886158e-03,-5.373567410649609383e-02,-2.478138509005161638e-01,2.122457054334345450e-01,-1.520970898638567548e-01,9.776640728509544687e-02,1.095789190437885113e-01,3.297201301917598859e-02,1.409351507699581341e-01,-1.270689749435915950e-01,-3.309813382802311715e-02,4.311341244494510533e-02,9.439474769070381466e-02,4.162418145761212496e-02,-3.739236074450096037e-02,1.578325634808219746e-01,-3.710981641394422298e-02,-1.330172413424467459e-01,7.342967482730250461e-02,5.136076216616172058e-02,-6.985781568215086723e-02,-5.867045989996724775e-02,7.355231142231947843e-04,3.043191255065740009e-02,5.027724511207529862e-02,-6.663882559717294873e-02,-7.486594327091171397e-02
-9.943333688964797051e-03,-1.418037457293598418e-02,6.146982058481092852e-03,-3.799630073279983838e-02,-1.734489517507529360e-02,-5.674460067894885988e-03,-3.204151284006510197e-02,-3.615404567143081643e-02,1.368523703037745690e-02,7.265615446144610412e-02,-6.664937123607202196e-02,1.606495092560762672e-02,5.969315276071813364e-02,1.123534867050171721e-01,1.403855838942102974e-02,1.766873964155163748e-02,1.998613435211372275e-02,3.135165860502155122e-02,1.836988634893705133e-02,2.705013944656774888e-02,-5.102990668614839666e-03,4.201300448741647833e-03,-5.600793285498262275e-02,4.237783840815165931e-02,1.180262241629369095e-02,-4.290351745813198586e-02,9.153268885002444066e-02,1.738498177336773301e-03,4.227234948688502608e-02,-6.090808679975036333e-02,-1.051768791031631733e-01,-4.277800289106402365e-02,-3.905996844617579122e-02,-2.632403003895826890e-02,-9.355061418647875326e-02,7.161259687729369661e-02,-8.148159605894340907e-02,1.041279710081164239e-01,-1.651607081771725577e-02,-1.207439118578143150e-01,2.557048377805592326e-02,3.127855755253446720e-03,1.367221890526741646e-01,1.104920695682705262e-01,8.104263076934672960e-02,4.915108466119496146e-04,-5.069424548920494628e-02,-3.168689677521911111e-03,-5.227618680681020424e-02,-2.980226642400450945e-02,4.953625062399231310e-02,-9.851300182288656726e-02,1.120165001907426489e-01,3.576919279565585977e-03,1.037665523141176049e-01,-1.177952904537029472e-01,1.915118844455111213e-01,-1.516759802982458119e-02,-7.840893319614657131e-02,3.626446264597400770e-02,7.375162908680363283e-02,-8.735332342642673775e-02,5.174589085108181191e-02,6.541544334492016555e-02,8.547426825382835325e-03,1.822145864864491496e-02,-9.340024008663547206e-02,-1.180224402176318493e-01,-3.985578796275633662e-02,9.336614504020838978e-02,4.355481946388559122e-02,-6.347601252670036220e-02,3.910030856096835539e-02,9.793374715277912423e-02,-1.453971063979901668e-01,4.735193037938222743e-02,4.435834681903608190e-02,-1.632357682777325347e-01,1.861342504486454830e-01,-2.563646456574227364e-03
6.959549978491619271e-02,-4.589048172874126558e-02,3.282333483180344819e-02,2.445435739515903519e-03,2.076054133399292748e-02,6.456070053228205041e-02,2.500006971285694598e-03,6.329334254151854078e-02,1.013019545001077326e-01,1.874238288728870966e-02,-4.401415184573016781e-02,-2.651370145657693661e-02,-4.606744851903775417e-02,2.489682251012331413e-02,-4.737581508037436379e-04,-8.197199093386143068e-03,4.166461325942744792e-02,3.603766958292287104e-02,1.465885826662916176e-02,4.639635323058539929e-02,1.584638876083977257e-02,1.311349694619826957e-02,-4.578539374677140228e-02,4.562610361856751784e-02,6.210816411657367475e-02,9.365135667852865151e-03,3.861672246846655637e-02,-1.095014498389450253e-01,-1.722855100383182125e-01,4.387350658128045806e-04,-4.572364961458937407e-03,1.120184620120094794e-02,-6.729295542283214582e-02,-1.130261017913629928e-01,3.417977338547607824e-02,2.337680069693942597e-02,1.298037861163314939e-02,-9.554388817613732043e-02,8.803965366902623269e-02,-2.801944411378692185e-02,-1.520434943825556273e-01,-1.605545951658015821e-02,-3.605690949267261608e-02,-1.020966740359222219e-01,2.291634994922612245e-01,-7.613224884292243977e-02,-4.678270164634493883e-02,8.112010775675963792e-02,2.181775125196652038e-02,1.693878424290878176e-02,-1.932997646242034379e-02,-1.990181722014227120e-02,-6.845158464187652003e-02,4.470050860709048196e-02,8.063252807499081409e-03,-6.676326422625204760e-02,5.470679216182335741e-02,-8.286785355140888210e-02,-1.244920210406985084e-01,-2.421314899200380233e-01,8.249984781163717529e-02,-6.102672136578575490e-02,2.089015191913188435e-02,1.014024974871218510e-01,6.522462873198941677e-03,7.370047041015109768e-02,-4.789116734796446812e-02,-1.185039294101130486e-01,-1.666713923138052333e-02,-2.913726547202019276e-02,2.590543155536017411e-02,2.616436071619722692e-01,-1.063153832252868997e-01,6.552721569595197637e-02,6.343337091820132334e-02,-4.973017177753287499e-02,1.231098941545542558e-01,8.771106277497718595e-02,1.887939921516633424e-02,-1.058863358167977109e-01
-8.628057864589089299e-03,4.473067492094415926e-02,-1.230013598407390420e-02,-2.648057320539363296e-02,7.659009434941735882e-03,4.554883334842528553e-02,9.705588223577710184e-04,3.179482060899406146e-03,-6.218036833577467171e-02,2.270701315002213866e-02,6.200385015913005560e-02,2.613424046331927833e-02,-2.241091122219391121e-02,-4.575680352949756599e-03,7.702812928568077318e-03,3.428722825366599392e-02,-6.004642578905269173e-02,3.834789106771357287e-02,-6.369959664028960848e-04,-7.890467977242224609e-03,8.213446309415459168e-02,-1.358686046958962612e-01,2.018913441503326911e-02,4.994323562318370852e-02,-4.709894929980725301e-03,1.151986432766864167e-02,3.657913980613040905e-02,-1.917490665195929062e-02,2.112112348599321301e-02,6.443242779924535091e-02,1.160315062682157061e-01,3.225080012915681332e-02,-5.492535059030034111e-02,-7.210657950104985836e-02,1.132411493421297925e-02,5.526717115295975979e-02,-4.689244892377231536e-03,-5.800023983850698811e-02,1.690167820040655924e-02,-2.002432480967580170e-02,-9.130660485857323982e-02,4.612258467515120697e-02,-9.130097692549753868e-03,1.452880897996137177e-01,-4.783016420452841644e-02,-3.959106426247645250e-02,1.642588758134926399e-02,1.211740668985540614e-01,5.060520617654173242e-02,4.621465976171387074e-02,-4.516688959939210712e-02,1.606018046209628236e-01,1.031770970279925238e-02,1.379693372279409691e-01,-1.636532434275274339e-01,3.709312789019789114e-02,6.784671134243068502e-02,-1.016076935547895882e-01,3.355272157613468573e-03,1.244590632566491828e-01,-9.002879314276910142e-03,-6.984350428413765854e-02,6.143729737126660956e-02,-5.721984180652323754e-02,-1.322053454658098370e-01,-7.590540109420872150e-02,-1.471994325229522907e-02,-7.789041574233240839e-02,1.180014328411369967e-01,2.429400910557063739e-02,8.382323123203834492e-02,-1.644916773940012077e-03,1.597991717173541382e-02,7.150128977014773290e-02,1.175101715518672152e-01,-5.276118458533350652e-02,-2.615997154090006147e-02,-8.915025794794724512e-02,-6.472599168060520769e-02,2.727703339873185223e-02
4.285427719055894674e-02,3.769645100693277268e-02,1.175709842115125678e-02,-1.219376402801168602e-01,-2.716304223800009368e-02,1.855784537051142352e-02,-5.900330440065782583e-02,4.220608281832972930e-02,8.222300754185871141e-02,7.793600054030772051e-02,9.623498051204882209e-04,7.781846456328546380e-02,6.291851916935520261e-02,7.253224616690616064e-03,-3.314169249051070187e-02,4.130012357439445843e-03,2.323418145892437031e-02,3.096798615047881981e-02,-2.934312651862197932e-02,-4.615426777173095574e-02,-3.969838042971402317e-03,1.770710989008501129e-02,-2.613289607952825125e-02,5.169001789789470086e-02,-8.555791214334539790e-03,-1.084083481285705031e-01,-4.818159690046097676e-02,-1.626160644058290139e-02,9.116895033490311773e-02,-9.814539310978245834e-02,1.454687509831243016e-02,-2.243310475439968393e-02,6.213284692496087724e-02,-8.948589988624194858e-02,6.892273389061505384e-02,4.310372238186672283e-02,3.923135853318814731e-02,-1.008424287607237041e-01,-9.587850466147010073e-03,-1.303190618248487032e-01,1.110573951404257159e-01,-6.729707523455993878e-02,5.492094531293317122e-02,-2.299172863630530653e-02,3.154406386410987112e-02,-4.593833389214373175e-02,-2.632962116729727770e-02,3.319730605792384215e-02,-2.135975332632733883e-02,-7.624614380304184022e-03,-7.103638839734355628e-03,2.896382462617827155e-02,-7.567281854810355146e-02,1.420709604885802280e-01,-6.915429814253368224e-02,7.502172193688413926e-02,-5.063997380364131801e-02,-1.393377373232005528e-02,2.093442823883607251e-01,6.944869825855791087e-03,1.437798234501762307e-01,1.204297487434231456e-01,5.845351012697094784e-02,1.699263938010620170e-05,2.274500960687868001e-01,-1.600232825688226168e-01,-1.477953325984692479e-01,-2.779041023299335528e-02,-2.185455010187137281e-02,-1.394495989420196091e-01,-2.066262122528265271e-02,1.984818829175672150e-01,2.614711095531674356e-01,7.651004104977444931e-02,-1.753214489291892442e-01,-1.377266054308226573e-01,-9.458830267455341223e-02,-1.425171330824571425e-01,-7.008028508079318548e-03,1.438662288877070594e-01
1.188967876319540068e-01,-2.767778722040788522e-02,3.440053657512012059e-02,-1.287034432528073695e-02,-5.862570444947752535e-02,4.303714844460980460e-02,6.614066612273514223e-02,7.634386472265849988e-02,-1.066289173245445060e-01,-4.845193455223110318e-03,1.535742331719131687e-02,-1.451588339936773185e-02,7.896022993283362268e-02,-1.149395000859920329e-01,-2.907701971501943858e-02,-3.380681883258708498e-02,-6.967092410977857031e-02,-6.201815874721511995e-02,-5.486814024800793638e-02,-4.569184716828797455e-02,1.340672370100236613e-02,-6.124353035115167460e-02,1.228812499435574801e-01,-2.143225702586145254e-04,-1.173500183599719346e-02,1.121535418888168767e-01,9.565620091902260480e-03,6.075186711108648829e-02,-6.413867714343200743e-02,-7.500377268639121797e-02,-7.321785492165390485e-02,-1.059161494709872087e-01,-3.499156760657951004e-02,-5.190484724473989897e-02,4.035748951907323911e-02,2.284353900118198458e-02,-6.132549872599744357e-03,-9.899759692161179403e-02,-1.400147866145800835e-01,4.066995286159801742e-02,-1.583981469027094871e-02,-5.149217518215540995e-02,8.616709776801982287e-03,-1.012543163516909650e-01,-1.248623744585695555e-01,-2.417062688986909569e-02,-9.270744450291057426e-02,-6.767879997464890107e-02,1.550647516827602657e-01,-6.538761953081281830e-02,-9.337067553817490762e-02,-6.668008745625879363e-02,3.296754741189867471e-02,-7.745114068266002738e-02,-4.593604539725899133e-02,1.161423266491304201e-01,3.587266586777764638e-02,2.162622164190419749e-02,1.674917891470271425e-01,-8.986137976834972230e-02,-5.944721017538693621e-03,-1.096802790493953822e-01,5.993491873441812029e-02,1.469052233177884081e-01,1.274717270387467349e-01,8.517284116393004922e-02,2.223516973160440113e-02,-1.793558847090361008e-01,3.793314230797988074e-02,-2.153323937084493725e-02,-9.255993012987082103e-02,1.401500049131955417e-01,2.185077001743433722e-02,-4.234210892982862538e-03,-3.570501720743811391e-02,-1.076723595218937457e-01,1.563447499941990337e-01,-1.122613032640309011e-01,-3.299676808140915296e-02,-1.126312296739199886e-01
1.927290236499501833e-02,7.114089553600468074e-02,-2.993029234511398063e-03,-7.068130268248679071e-02,3.629528085393870368e-02,6.540795223589028484e-02,3.126454605551170357e-02,-6.059752600792537311e-04,-4.982865403370412977e-02,3.747008796719705857e-03,-6.780602238238087054e-02,5.262221260373607656e-02,-7.350376065097039002e-02,-7.003433065161067395e-02,7.478732613561760167e-02,-3.226575443328950910e-02,4.024890274422358166e-02,5.116628779139664046e-02,7.919168167147612458e-02,1.346088491471308379e-01,3.840100402646728917e-02,-6.423893323035845260e-02,-3.580778244684106049e-02,-1.850710749070623440e-02,-1.757629325194696307e-02,4.809573401398391929e-02,-2.213017576577171186e-02,-2.019806227008693472e-02,-4.784559000817320551e-02,-1.548123523057742465e-02,6.160369480031867295e-02,-3.539424598911829634e-03,9.306914518855845253e-02,5.690857658462425417e-02,9.101440248591007032e-02,1.057924504101545177e-01,7.395513047532881190e-02,-3.318511151455567909e-02,5.221329361028512889e-02,-1.392689777027578124e-01,1.080742335703376855e-01,5.269855361621521295e-02,7.621830441438315340e-02,-7.341576711603965688e-02,-1.157278617981229996e-01,3.380667915743084534e-02,8.698516849712656374e-02,1.284330537577482445e-01,-6.150854728654286951e-04,-2.614316480520305352e-02,4.695274834362840599e-02,-8.859472126955125900e-05,-1.658768752582820138e-01,-2.323728558164207814e-02,-6.544848606150988068e-02,1.424506052229335962e-01,-5.537677139926747670e-03,9.365510581341432092e-03,3.498258984207093525e-02,-4.270981161784714875e-02,-2.898975029182219304e-02,3.612597070470186054e-03,-1.206087066855381779e-01,-6.353078756425321882e-02,-1.275050908859223509e-01,1.269156839784465474e-01,7.965669019596900713e-02,5.283915252762155963e-03,-9.740632363268394989e-02,3.279603346772540229e-02,-5.299492600768532929e-02,-4.818089639523725348e-02,-1.659922315088857223e-02,2.440037149786794257e-01,-2.047260316609632314e-02,-3.323688621096945739e-02,6.921417864823140031e-02,-5.944844702816099585e-02,1.161468451148798958e-01,-9.807158458038688076e-02
-2.566428759595252088e-02,-7.651594770523377498e-02,4.135576450040225061e-02,4.168490470156922811e-02,1.586437597254349713e-02,-1.731081691560039382e-02,5.250710954252545137e-02,-5.047735167750437048e-03,-1.830449030753831391e-02,3.110743148473344571e-02,-8.208028379805004660e-02,3.438755533371133655e-02,5.810557724329974000e-02,7.878334398052413978e-02,-1.455879922091349830e-02,1.088967982269302068e-02,1.670816589785560635e-02,-2.368626962849158454e-02,3.649580157081556975e-02,9.434853105969084885e-02,4.121980858108293538e-02,-3.367165093030186074e-02,-2.812909249045044899e-02,-6.254252545804024621e-02,-6.161497630120128105e-02,4.144423437881657180e-02,-1.447645453204770005e-01,-6.411883986794766899e-02,-2.864594420187590793e-02,-1.837025021233872762e-02,9.725364985532221340e-02,-5.458554141341916827e-02,-9.075014548275477100e-02,4.664927291029732914e-02,5.786312037445709433e-02,5.447497220513220634e-02,-7.329621709248561323e-02,3.928020657224080836e-02,-1.245103736987357157e-01,-6.618825778690214101e-02,1.928369435816671210e-02,1.593000163125448398e-01,6.613106991149671210e-02,-1.459620665960554078e-02,-2.661871239042722451e-02,-1.057121431107100294e-02,-3.501710724004072212e-02,6.463761513182328389e-02,3.585990304300248899e-02,3.746721045528415145e-02,1.909566946736568349e-01,-1.579469424868002458e-01,1.655962485437385834e-01,-3.982090983223910557e-02,-3.752662149589826301e-02,-2.728718212281292139e-03,1.559005693981321871e-03,1.732531709268312348e-01,-1.259028823827403054e-01,-1.302207068521765987e-01,7.552438213441163561e-02,1.060603801916479016e-01,-1.591256221419550532e-01,1.181365567279598350e-01,5.846513971341691512e-02,-1.747575988610012288e-01,-6.383823885208474158e-02,1.035042918104523840e-01,-1.379085872120818825e-02,6.219126438546069419e-02,-1.035638777262221227e-01,-3.020509602206354009e-03,2.748344426506581575e-02,-3.993617310839885082e-02,2.225089016580595810e-02,-1.007050658880308397e-01,-1.254049463300198342e-01,5.064230636132852764e-02,1.176956657563060782e-02,3.551873560380711808e-02
-5.280845859141162363e-02,6.619918386680882783e-02,4.478809784835800084e-02,6.385288135471405002e-02,-2.988521426315771112e-02,-2.787721755077186142e-02,1.017313883438806521e-01,3.639742678378583840e-02,-5.145717601274416020e-02,1.512056797900960745e-02,6.913662428348936462e-02,2.132787635783693625e-02,9.304417292792207736e-03,-1.443484235101444692e-03,8.664235178289046713e-02,9.002620239870037788e-02,5.324231679876999246e-02,-2.393702261593038533e-02,3.393742017302280034e-02,9.541175779834983744e-03,-2.455915309216736772e-02,5.382662350067743406e-02,6.013918618870427168e-02,1.005918397341635379e-01,1.346356116335784480e-03,8.378040646736970021e-02,-9.677716510135892999e-03,-1.543092915905814044e-01,-3.081479741280386889e-02,-5.766925341492977128e-03,4.726413679796095946e-02,2.845083071195187233e-02,2.119951744621935072e-02,-2.342167876187110573e-02,-2.050522771032965014e-02,1.172632148273780421e-02,-1.060170476885635982e-01,-5.118584289847836512e-03,-4.376553437496862736e-02,-6.174112443560289890e-03,-3.332935843915252327e-02,-1.504704042832717128e-03,-3.980774486236126957e-04,3.918633560877019667e-02,8.078978224357241666e-02,-8.495611630862874575e-02,-6.121498980480370028e-02,5.604036106157147396e-02,-9.897113639709667621e-02,6.342888950001505932e-02,1.567501815654022967e-01,-9.956794291387675855e-03,-5.814772966836954243e-02,-1.158475773968657002e-01,-1.767018384321195502e-03,-1.789695680103317865e-01,-1.757870640367410753e-01,-2.513209839987530156e-02,1.223803794934275914e-02,-6.615826147294386755e-03,-6.684687696586859296e-02,-1.125349734122900111e-02,-1.149251933199744169e-01,2.760737082445909735e-02,-1.666834197507820886e-02,-5.902368672781686809e-02,-5.437985075799378620e-02,1.320294511328124754e-01,5.526820734333127982e-02,7.317670148057953128e-02,6.687118747678926292e-03,-1.322232570178227540e-01,-8.092204694577985469e-02,1.461383669798556051e-01,-2.906871726444912665e-02,-1.056302610843112000e-01,-1.127390201979948936e-01,1.455630147216131209e-01,-2.404278997987415454e-04,-1.687197424264056667e-01
-8.257922183416455965e-05,-3.354544843833199598e-03,-1.105365004632261061e-01,-7.504651137610779399e-02,1.245096200014170623e-01,1.508123774047895847e-02,1.149657648028003590e-02,-5.864080088051585801e-03,-7.817783808641435087e-03,7.581781970851823871e-02,8.955130669490239670e-02,-2.058716240617515861e-02,3.266061440696411272e-02,-3.849537554360163427e-02,-1.451560675990518079e-01,3.063497425013209791e-02,2.283780284909255748e-02,-1.446836721091779125e-02,3.362369160192959366e-02,2.050988979610014404e-02,2.495925903272690205e-02,6.189454841994911777e-02,-1.121776784133584060e-01,3.511380955093265643e-02,-7.833266290840773527e-02,1.416582571035220894e-01,3.936437959024288724e-02,-5.906204017278438023e-02,5.650931101285370378e-02,-2.994576851678202103e-02,3.287771840846250015e-02,-9.981098350061538838e-02,-2.717630044842650125e-02,1.235436868652675241e-01,9.725355538061235261e-02,-4.212965392085228633e-02,1.827191970649609531e-02,1.221151153591120211e-02,6.459326253314320865e-02,8.408669488438458295e-02,5.565714409338704677e-02,-6.551023050545501381e-03,-2.091267288321602136e-02,-3.456505190179542247e-02,-3.082878895398076871e-02,-2.136842502782342057e-02,1.849443452347631148e-02,-9.860852285679150286e-02,1.499028053864872034e-01,-1.415390194895962683e-01,6.854284901957709286e-02,-9.590090836683263370e-03,-4.203235574271777658e-02,1.568311896585242449e-01,-1.299955576152875270e-01,9.010461210443308777e-02,1.268126945508603505e-02,1.202102980673489391e-01,5.538179204363383873e-02,1.146308937191494876e-01,-7.549904320078752729e-02,3.949756793126362603e-02,3.783846973544310183e-02,-5.714130733808284873e-02,1.664675698808872062e-01,-1.455560517928058129e-01,1.750479233233456777e-01,-2.513042823965126044e-02,2.911214298974324627e-02,-7.347918110267660785e-02,5.744037622455221842e-02,1.473798745283643082e-02,3.498788477207121633e-02,-8.070348318239028984e-02,1.687044908446471911e-02,-2.649606200474457704e-02,-1.756100314151360642e-01,-9.665547470833212723e-03,2.588163138802856283e-02,1.569031431919700251e-02
2.282340754342175940e-02,5.388955299771441138e-03,-7.127912929344050637e-03,-2.790199112358383859e-02,-1.910086965381814147e-02,8.762879003885679433e-03,7.443024680706626650e-02,1.274234844919936403e-02,-1.018566056380205108e-02,5.630571742934968593e-02,-3.465995079206805191e-02,-4.756049124851657699e-03,7.131176054823219757e-02,-9.318411384933009134e-02,-3.058794341915614667e-02,-4.156592710107451932e-02,-1.386080950863131933e-01,7.998455279963724573e-02,-4.734141358718585955e-03,2.602444635160783629e-02,3.541345826495643362e-02,3.882432168055428151e-02,1.175745503761301963e-01,-9.213735355535204383e-03,5.426217349249916333e-02,1.896265098801294333e-02,-7.118741121965301011e-02,-9.827363141949570224e-02,2.246107944407738782e-02,2.273015234454029906e-02,5.814626873154925268e-02,3.071872119899925549e-02,1.330745914246101447e-01,-7.731914401730127784e-02,-7.420591841496496088e-02,3.682701874598205694e-02,-2.103059282668430507e-02,-9.217083565721345684e-02,-6.799673218729243573e-02,-5.245912292768165758e-02,3.515923284379817576e-02,8.746477372295104191e-02,-8.093016343724121486e-02,-9.634633123272461769e-03,-1.239031948336881406e-01,-1.418015315440315227e-01,3.063331124008389708e-02,-4.170268930895108805e-02,1.994192978826762608e-01,1.344751461725150199e-01,1.077814713809694958e-01,-7.389371031624607233e-02,1.181583547578972555e-02,2.626091387855259904e-02,1.069492854275969212e-01,3.079926442303696985e-02,-5.603000130152483577e-02,7.400589872495091925e-02,5.199509862656402637e-02,2.658318641111810654e-02,-7.570597405182874495e-02,7.130873917018813735e-02,-4.316938347393734637e-02,2.628330039208036373e-02,-9.186560884519551218e-02,1.131827997428829086e-01,5.930241907534299778e-02,-3.590593664407615293e-03,5.342219875133705220e-02,-8.595542955687009157e-02,-1.163097091134442616e-02,1.517851007373594296e-01,9.699448166789297054e-02,1.317899883511380876e-01,-5.046931029549262676e-02,-1.910304785450276099e-01,4.869320806427279713e-02,-4.167384440865416068e-02,1.290025650101401244e-01,5.282383476485278534e-02
-6.012444351551335386e-02,2.232047528452340418e-02,3.041214349633351161e-02,8.592880449221214356e-02,-4.817825764828822209e-03,-2.359163658125552204e-02,4.024450485291650864e-02,4.741015924926939192e-03,2.892862526193928918e-02,5.422315990779697469e-03,2.219296028498659798e-02,-4.557708145378517456e-02,-1.132608442186229941e-01,1.035148021091590424e-02,-1.138183544961149417e-03,-4.651994395868917082e-02,-7.118381583420110847e-02,-6.940002410032075630e-02,1.135689567965469590e-02,8.768952789499133427e-02,-4.345222563120001991e-02,-5.912262005383255199e-03,1.003018526320558976e-02,-1.179764691020131068e-01,-6.410066821914259250e-02,-1.599583378704087788e-02,-8.061221589986132530e-02,1.209372025356501290e-01,5.190453746344902974e-02,3.965110366796377114e-03,8.306998352943319175e-02,7.500301955420307642e-02,-4.111003616862265314e-02,-1.314004508010454819e-01,1.196230817065354196e-01,7.057875540896960814e-03,2.513343806834368935e-02,2.761107378524618825e-03,3.684363856110007412e-02,-6.689725713135707963e-02,-6.114784747629446043e-02,5.291626741857840405e-02,-1.730442645464989326e-01,8.311847568749558546e-03,6.125567677592694271e-02,-3.391711550914177503e-02,4.090581746273154462e-02,-3.891125495003407153e-02,4.184931258561962186e-02,2.666247065822904827e-01,-1.030690943797393962e-02,-5.418330209470414299e-02,-1.198619156565640560e-02,3.425292466552754683e-02,-1.349156824793235065e-01,3.339177470478302961e-02,-2.160372688289649568e-01,9.925888859927228802e-02,2.642395161641489590e-02,-4.927858747512561810e-02,-1.115610082006753961e-01,1.348780657457660306e-02,-1.398663016773216694e-01,-3.649818428836693052e-02,-8.184605639166807334e-02,-5.487108037433707265e-03,8.408894608007973226e-02,-8.497691204282927305e-03,-1.385565976606241423e-01,-1.263654068014744558e-01,5.840312072008419647e-02,-3.954227206130685700e-03,-3.478016249871519749e-02,1.040779635966015415e-01,-1.890271774771380003e-02,-1.388891610078176464e-01,4.217799222561319922e-02,-4.949063225970126711e-02,-1.502418010956267647e-01,1.608499985363964491e-01
