-6.321974723493000159e-01,-8.745911396093949408e-01,-7.543654235827543797e-01,-8.387935762145434238e-01,-7.361551328761726243e-01,-7.742910667139450975e-01,-8.030172453505397545e-01,-8.074352073139720032e-01,-8.376185529791473350e-01,-7.979849152990593497e-01,-7.676451188697376304e-01,-8.228259441460935575e-01,-8.164825334511403021e-01,-8.019893218371083599e-01,-8.104161448785108801e-01,-7.578516829805764798e-01,-6.849439259520554435e-01,-3.464485557617045797e-01,-1.937742598616869760e-01,-1.304709574984210252e-01,-1.551896013916821415e-01,-1.064648581815464401e-01,-2.351561154123455247e-02,-2.342163504187494069e-02,-6.240779042579887997e-02,8.068658954464439162e-03,2.571212710409439758e-02,6.688633515354888703e-02,-3.865262533554630203e-02,-2.857078835925383822e-02,-6.011031322237825325e-02,4.465163659568017682e-03,7.340456162673178464e-02,3.310320537126325985e-02,-6.117897435182081088e-03,-1.327339265268248636e-02,4.564701043715086587e-02,5.625385105585186535e-03,-8.319546088185120203e-02,4.624752732752009099e-02,-2.741457282208073845e-02,2.010963705619724443e-02,-1.174441609428495542e-02,9.404106602180497057e-03,3.907283343314122553e-02,-3.778229287819305504e-02,-6.238676597560905562e-03,-5.422004880198687954e-02,-4.569327171526720022e-02,-5.505121540929731189e-02,4.138168959806508979e-02,-1.309954142558116680e-02,-1.757062146421417906e-02,2.288980356250515033e-02,-2.331762167945098871e-02,-3.306818260613916122e-02,2.627871508244861501e-02,-6.770853968607491377e-03,-1.024427804253315727e-01,-9.826615355853283822e-04,2.086555482441126638e-02,4.415611044687255127e-02,-2.585585942819370459e-02,-8.904417813940586346e-03,3.805660982730151715e-02,-1.605355658730229021e-02,-6.599441022857829506e-03,7.314897352395363650e-02,1.671624963848632878e-02,3.052276877206151068e-02,-6.737973867915168780e-02,-1.943481911920851707e-02,5.740415514062501001e-02,-8.963736988700778119e-02,3.769781722135515795e-02,8.465681129289771845e-02,9.731834662940508016e-03,-3.652713641531735861e-02,-1.328898536843479625e-02,-7.271822105007988424e-02
-3.901220552219003546e-01,-6.477561807513432246e-01,-8.038663947175994640e-01,-9.074604931659696616e-01,-5.987841896041156131e-01,-6.871286033603902776e-01,-7.126634740626076603e-01,-7.964661011041941352e-01,-8.144715744226515008e-01,-7.546171536429967519e-01,-8.128503686332518852e-01,-8.106780511236247877e-01,-7.801033070997430707e-01,-8.517628778391024280e-01,-7.741556725769261904e-01,-8.467483016615261482e-01,-7.547770037210674854e-01,-4.931338897158016321e-01,-2.534383140474132379e-01,-7.821869406096719490e-02,-4.245457563372626725e-02,5.572040249365504266e-03,2.151995096779283148e-02,-1.421269984563751920e-01,3.095174297001876060e-02,-9.624053700012449863e-02,-1.053945080472171447e-01,-1.074140084354899272e-01,-9.068122445987804314e-02,4.248438406851328883e-03,-3.235992377434635664e-02,-1.181690621625101738e-02,-3.620186476615781801e-02,-3.356622253054581534e-02,-2.524086433329222195e-02,7.772762051596077137e-02,-6.014177561198312538e-02,3.797892994738390898e-02,-4.810755824975056216e-02,3.845752724413737528e-02,5.937882693566746278e-02,3.727528968068218734e-02,7.009400037544101514e-02,-4.066075893867993236e-03,-5.512731421908299151e-02,-8.204930451097752764e-02,5.831085247994353266e-02,1.569253162970679974e-02,9.936975524743016375e-02,-4.960218077036180132e-03,-3.923487233224162013e-02,4.449547348903868348e-03,4.076564597669320861e-02,4.693697855081235132e-02,2.254668383972836809e-02,-4.799331511031505737e-02,2.918378610720936267e-02,3.801992179231823699e-02,4.116861253591649200e-02,4.995277217083574084e-02,-5.686836125118981122e-02,-4.859214286693006729e-03,-1.049503418515975450e-01,-1.608132901327102328e-03,6.097566084166580747e-02,3.167529513943367903e-02,7.517690744492024069e-02,4.623668876603678757e-02,-6.107801365232217589e-02,1.174819265195635454e-01,3.018718787238750673e-02,-3.914941810379427012e-02,-1.006264137040836781e-01,-5.830029982074085015e-02,5.553150378228944445e-02,-6.076364639722689649e-03,5.141340172614410758e-02,-3.039100456464833080e-02,1.189118034935684196e-03,6.547349871585492198e-02
-2.830815813556301630e-01,-5.396823521506584065e-01,-5.908603853705225450e-01,-7.553029645364899292e-01,-8.599302968803299585e-01,-9.213407595982462395e-01,-6.532657392424454645e-01,-7.467331714311152835e-01,-7.126015316247045206e-01,-8.280224493360652804e-01,-8.051605964358841128e-01,-7.161833946109885662e-01,-6.469740995915014281e-01,-8.011672998361736298e-01,-9.249238074874820414e-01,-8.938622831846606553e-01,-8.166176939241892585e-01,-3.692383706357883488e-01,-1.974164064629363724e-01,-1.705159004210546336e-01,-3.651134854826477288e-02,-2.977968059714845503e-02,-1.069811211175439314e-02,-1.475420933998277673e-01,-5.458170765243035988e-02,-2.539724024166084212e-02,3.204871581546587384e-02,-4.508322975065526088e-03,-1.834720724682407239e-02,-7.517249834441594447e-02,-1.085900013916276940e-01,-5.688565075998443937e-02,-1.619022281625676898e-03,-2.252458187717435931e-02,1.770040397056223689e-03,7.167459383429033992e-02,-9.638223951740274714e-03,1.166729806111549590e-02,1.133871780897240588e-03,6.729214762239760228e-02,-3.053719914306851635e-02,-5.118350604554983835e-02,7.027897030123679556e-02,-2.385453290526155443e-02,6.222070364151442191e-03,2.463167104592808160e-02,4.541272823987328733e-02,-7.217349445630044658e-02,-5.072069177572777893e-02,-3.928536730106538429e-03,-5.828710982318244943e-02,3.070581500789274984e-02,7.288107169399882408e-03,-1.548245044329865650e-02,-9.930912587061142827e-02,-5.082547898381129664e-02,1.816307311401195099e-02,2.601828569900637225e-02,1.880427859797208917e-02,-2.962492163455280117e-02,2.753162046482380415e-02,2.378257900257426879e-02,2.666999853169336587e-03,-1.076196147646196755e-02,-4.774143521353435039e-03,5.175660159673786676e-02,5.957460706809226958e-02,6.982071494604907835e-02,-8.282706325320837726e-02,9.303757419450219002e-02,1.932466734555034552e-02,3.437581653707718482e-02,-7.408807808341343060e-02,1.156147408324923603e-02,-1.265127411699574350e-02,5.784529749921950119e-03,7.095922105895001268e-03,-8.017162652749712515e-02,-5.264279424785953815e-02,-2.025851880414106590e-02
-2.676431318375000479e-01,-4.449245043396305443e-01,-5.999783418210202779e-01,-6.139949858347298894e-01,-7.156496411661605883e-01,-8.165726021153205672e-01,-8.878815551311312060e-01,-9.128028064062920777e-01,-5.971152511873115687e-01,-7.353553401738364137e-01,-6.739050412663407652e-01,-7.644511661809720859e-01,-9.039507861479293416e-01,-9.609206958319244096e-01,-9.568165774975542215e-01,-9.032834169303997074e-01,-6.404263421563620717e-01,-4.622239399054921538e-01,-3.512720819985822862e-01,-9.110392907465847401e-02,-2.857959039075077048e-02,1.688483324615669412e-02,-2.848960818986794735e-02,3.106170974918186223e-02,-3.201541573020494792e-03,2.102563474469091795e-02,-2.088675262716005454e-02,3.065941365952002881e-02,5.727581564847609302e-02,4.071409431986273281e-02,6.742488984202972546e-02,-2.176918426954606994e-02,-1.492951486184734659e-02,-1.259208854891990734e-02,-1.019252382389339989e-01,4.526272314539279626e-03,2.271749647389099958e-02,-1.356621564349375086e-02,6.073988478327033841e-02,-3.790472806949214939e-03,1.325453654454859798e-01,2.934507724814778770e-02,-3.835143045019685781e-02,8.654764169555670406e-02,-4.321880868638823536e-02,3.279209954518321618e-02,-6.574704398565302255e-02,-8.687759070254399280e-03,-4.573565589444543444e-02,-8.534946066072962578e-02,3.670576298792294773e-02,4.977829860086863817e-02,-3.723958411044718531e-02,-2.618355632947582182e-02,-1.701335653747426679e-02,-3.830657107683576364e-03,-2.951808409529449104e-02,-1.587239201371286323e-02,1.015292492343312925e-03,3.790497582318364672e-02,1.767500445874517837e-02,-4.013544284771346227e-02,3.736915411376105778e-02,-7.055692412188083185e-02,-1.677207362144060923e-02,-9.276564728358501280e-03,4.302206376416562242e-03,4.787459726425860596e-02,-1.058214889577538537e-01,-2.639418486693216256e-02,5.904296957115658800e-02,6.073256912487311893e-02,-4.107361726988794509e-02,-1.302661747885952293e-01,-3.130556754613148668e-02,-2.773359904858717362e-02,4.370634705871565689e-02,-3.794711451754187448e-02,-1.660996309029601770e-01,3.669821378428563680e-02
-2.138886550948037313e-01,-4.071366400611309833e-01,-5.208478216083972656e-01,-6.021617513070990357e-01,-6.027193913937580749e-01,-6.975416399510449006e-01,-7.914987387735273883e-01,-8.587585167116588147e-01,-9.025700077249143582e-01,-9.266679160603102927e-01,-9.376495966201593424e-01,-9.425485274849622064e-01,-9.515202737914507658e-01,-9.690009847496648954e-01,-9.667821114546353289e-01,-8.943392756425834200e-01,-6.084618019961099966e-01,-3.332961972433368114e-01,-1.820938674358290876e-01,-1.571903922966931821e-01,-7.847290238103496463e-02,-3.826848961469572763e-02,6.353097537954418249e-03,3.744488929021155712e-04,-9.423789095328787002e-02,4.483719370009734556e-02,4.607051831488625376e-02,-1.422917960643030610e-01,-1.434647560761541721e-02,-5.135694394163637516e-02,3.427390532835534326e-02,-9.071584427271447981e-02,3.217179055493216817e-04,-9.858463268458033182e-03,3.475429321185459779e-04,-1.512584688332875224e-02,-1.701864183572229100e-02,-7.514210170759681728e-02,1.437924860005657004e-04,-5.992244831891835322e-02,2.554985382379154450e-03,-1.777706902288909291e-02,1.171935674032119207e-01,-3.150469280551790319e-02,-3.976094204008987637e-02,-6.395567827871294353e-02,-1.900127269245866293e-02,8.428951061644469889e-02,-1.153245988889703248e-02,-1.821128182498709530e-02,1.226508971861920982e-01,2.638363961919908129e-02,-7.140920893724017615e-02,2.180298573866168346e-03,-2.675160895318349011e-02,-4.889389882765878687e-02,2.500501192112992987e-02,4.526964477643762030e-02,6.683046473182030489e-02,-4.137070588144078215e-03,-1.415031380584443228e-02,-6.841354052956187190e-03,-2.174024236027255128e-02,-2.411820331101016679e-03,3.129240695870440236e-02,-5.471822017312946013e-02,-1.416817040729087540e-01,-7.915533691908283043e-03,9.276718842706883905e-02,-3.673915390771700235e-02,-1.278181314139842199e-02,-3.087630125174991788e-02,-9.416356815425502153e-03,2.176185064157277332e-02,-6.296493400657648953e-02,-2.692534536634554401e-02,8.187929028910104212e-02,-1.299785887642145726e-02,-1.961117725076721996e-02,1.361832549040120806e-02
-1.708125917930644333e-01,-3.917103107647263993e-01,-3.304248481701419493e-01,-4.955242847144188389e-01,-5.725081575543410350e-01,-6.298509329573372950e-01,-6.823211355162580594e-01,-7.664758527453855441e-01,-8.017317081967318959e-01,-8.584474165754010233e-01,-9.067111637065848884e-01,-9.345942699861639058e-01,-9.152829275116641794e-01,-9.191235937669426370e-01,-8.885342095835240261e-01,-8.317201570168787361e-01,-4.065232910840214653e-01,-3.732814845624661260e-01,-3.384771233912795552e-01,-8.709923611479178374e-02,-5.628601097222986349e-02,-1.534052255968719192e-01,-7.587118701119904829e-02,-2.046003688169322973e-02,1.006122644599084619e-02,-3.996842299836286805e-02,4.463296367831033618e-02,-5.538862062017437492e-03,2.156744369548918745e-03,-8.033114749875326643e-02,-4.844739780328031348e-02,-4.121475377055297540e-02,-7.200988800338398166e-02,1.174031479286734014e-01,-8.582260695108993864e-02,1.791729274779197550e-02,-2.801658277305761960e-02,1.040201820699280522e-01,-3.692377251476903349e-02,4.936210147866777753e-02,-3.087759277956061282e-02,-6.016408499385587916e-02,-1.838290588877848630e-02,4.219997507246052437e-02,-1.000214670993016669e-01,1.144158592839680799e-01,1.172929383177813076e-02,-7.830374977879767107e-02,2.865604373702568611e-02,-1.384300694043253191e-02,-5.324635351619855933e-02,2.802134832408102391e-02,9.960141904401002833e-02,8.295956453853423063e-02,-5.436645750534778443e-02,-2.604705568476323521e-02,-7.966919204709242697e-02,4.803948148801066159e-02,-4.984901809807275319e-02,2.083103044514445640e-02,-2.325048045630969187e-03,-7.964604351260305692e-02,-2.488717500567897908e-02,2.910112711516846598e-02,3.201389852996440466e-02,-4.550179756606347048e-02,-1.208206928807729064e-01,3.104569937076719771e-02,3.991112478011497183e-02,2.210014061911928437e-02,-1.970362941144354271e-02,1.286587420375513192e-02,-1.044555262688151630e-04,-7.014154941307687574e-02,2.915440868384012313e-02,4.253252099218095272e-02,-5.980110158190653918e-02,-1.719202334612804708e-02,-4.648371911605755219e-02,-6.518549191959863154e-02
-1.361967723023860266e-01,-2.822670764010847821e-01,-4.558390457360148584e-01,-5.053319957073746371e-01,-4.999507957647153500e-01,-5.671718225457257345e-01,-6.434601958818535472e-01,-6.691136417773869693e-01,-7.477811078669361899e-01,-7.510794987867659422e-01,-8.114595628891443369e-01,-8.524177035256759183e-01,-8.651144819689637888e-01,-8.638326781258174325e-01,-6.833114824578964130e-01,-5.833303215703092848e-01,-4.165592836615543137e-01,-2.201833724643892376e-01,-1.972355053739378306e-01,-1.930599468677728081e-01,-1.562393450753915558e-02,5.258985630720743737e-02,-2.470783035679166920e-02,-1.190871383189842231e-01,6.120781823135441196e-02,-5.785142227657984193e-02,-8.953478034713045763e-03,-7.871375167739436129e-02,4.247972987922927351e-02,8.688358936515842845e-02,-5.998109614456888922e-02,-2.830942450173210348e-02,-4.374138137987913788e-02,-3.797740665156532774e-02,1.681940574007185704e-02,7.546772520219015290e-02,-9.407332469430691735e-02,3.059745363167785948e-02,-4.682472581025958619e-02,-7.875322523449147794e-02,5.106258614400091544e-02,-7.470434380626771176e-02,-4.216839788115275302e-03,-7.013541843214439464e-02,-5.587668470097755663e-02,-2.808924241532789398e-02,-2.542889452645055379e-02,-1.177382779399602751e-02,4.789427213046787424e-03,-2.130019509347550952e-02,-4.676227362601444886e-04,4.641367700136915520e-02,-7.181830090874334604e-02,-1.208521049317724111e-02,4.701991264632239542e-02,-3.427385591753136229e-02,6.773375826964229962e-02,4.663534959126682672e-02,3.582364918045848751e-02,1.945784540791639514e-05,-1.478828718829579801e-02,2.112970801644446436e-02,-2.860197454028677241e-02,5.772659275947063934e-02,6.524890461008722720e-02,-9.780350998395350923e-03,1.070618543870457094e-02,-7.220879607662397670e-02,-6.508879053747265719e-02,3.916966804443774985e-02,1.032385683673133804e-02,-7.120060097232606966e-02,-5.536119860885714561e-02,-1.427915855318430058e-02,2.016296013805607586e-03,-3.677632383417731021e-02,3.163899174812345033e-02,6.605414714850442459e-02,-5.154714972123018019e-02,3.669101355097598854e-02
-1.609893992782809868e-01,-2.305272524980786775e-01,-3.757300591472081397e-01,-3.470564040574798392e-01,-4.288788404547185240e-01,-5.121690754469681028e-01,-6.467820022754888765e-01,-5.714980341586257673e-01,-6.489854917096672393e-01,-7.191165538525762235e-01,-7.472971705503556050e-01,-7.405073127443398961e-01,-7.588082988004974938e-01,-8.212364224073805952e-01,-5.836890012899633717e-01,-5.072450242800167208e-01,-3.091575759939536594e-01,-1.615937906030955884e-01,-1.938193672772212384e-01,-1.148402488288135098e-01,-1.934345962893948070e-02,-4.945556666360086118e-02,-4.745016486377741372e-02,-3.274755663155295982e-02,-7.857489903071833079e-03,1.316341722391939535e-02,5.598790530441546259e-02,1.027933503322971676e-01,7.639169551158627759e-03,9.165436158968622016e-03,6.538525934555818910e-03,-3.781613257576929565e-02,-4.122029808498394593e-02,6.063014985697262778e-03,-8.010457973186531355e-02,3.180007087879876265e-02,-9.694852852308069591e-02,6.237289913257217794e-02,-1.328407000609966269e-02,-7.741809562404795841e-02,-5.855353780601791486e-02,1.668883534163692270e-02,3.852694197672233006e-02,3.135115041422171372e-02,-1.999338428106215565e-02,1.421269135180471162e-02,6.790125418593498385e-02,1.326936383599285757e-02,-3.499558450662805520e-02,-7.525598492166775400e-02,7.565710741543310580e-02,6.013117538996905903e-02,-7.864072306151619410e-03,5.148081526596152632e-03,1.540005618164332415e-02,6.514717165705599146e-03,-1.017783101416094432e-01,-1.489131472335233075e-01,7.045101867751528413e-02,6.743918181825167557e-02,-1.242247825499945453e-02,-8.363849514883907321e-02,-3.258650897557715392e-02,-2.931094514266814957e-02,7.092640634359985430e-02,1.324065232240743094e-02,-8.391992683096101413e-02,3.005580586495609427e-02,-1.767961236938869751e-03,1.878933580958755747e-02,-2.857224143311326917e-02,6.803020560249523063e-02,1.111936973221216290e-02,9.126103310885676570e-03,3.828029618061112166e-02,-4.209577240151116118e-02,9.705189322535803104e-03,1.955461536592648444e-02,-8.986226681718251230e-05,1.627015944040187401e-02
-9.280128887350287681e-02,-1.931445025983172525e-01,-3.848003665751960067e-01,-3.892685554321260732e-01,-5.754988848058506523e-01,-5.981639379704665194e-01,-5.489678871738863375e-01,-5.677255063469798246e-01,-5.768511779606751988e-01,-6.475462546629237037e-01,-6.993836977619064532e-01,-7.268194131128263846e-01,-4.665541671736273543e-01,-7.415422666591747758e-01,-3.985055978289483991e-01,-2.406312182458179294e-01,-3.369734612287726971e-01,-1.196783839686712814e-01,-7.948269071448037237e-02,-8.307378794456400650e-03,-2.493108787010743510e-02,-8.893829961697050784e-03,-4.009187656729774202e-02,-1.904729380062140376e-01,-1.122547053956065993e-01,-6.643058297839551929e-02,-1.095639095713104964e-02,4.643423821723315775e-02,-9.760569904992075219e-02,-1.623153536430635702e-01,7.077290668498989468e-02,1.614630005329218895e-02,2.117088034038793268e-02,-1.391461396314639942e-01,7.924932158150367612e-02,-6.182083850567158916e-03,-4.549197778043669906e-03,2.796007874317008729e-02,-5.617333314994214094e-02,3.899698497818646081e-02,5.452026173906980404e-03,-2.341032647035121064e-03,2.086327707116669358e-02,3.230558040301607231e-02,1.567132939473379546e-02,-9.281921052515460999e-03,-2.881346868188641025e-02,7.927619561689297489e-02,6.796832102708656731e-02,-4.445267098317774029e-02,1.058753454778308956e-01,2.315485095479264191e-02,4.743637587590845278e-02,-3.249916359610997840e-02,-2.657345324227527658e-02,2.318319259481571581e-02,-1.771922241596957104e-02,-6.267236402397796668e-02,-4.023979991034858789e-03,3.726977405498626411e-02,-5.501001363458316723e-02,-5.780017033440756902e-02,-1.032635974589525898e-02,6.747244438814981038e-02,2.812257000251802003e-02,2.387108235394033370e-02,6.524227251386150242e-03,3.070838918283130478e-02,6.665593578582698631e-02,3.878633367338941984e-02,-4.262119122977503505e-02,-2.640597972813586020e-02,4.151498790474426187e-02,3.264274654093619887e-02,5.251160148955398566e-02,3.812049675488108497e-02,1.924150919920766421e-04,-2.492509946197529747e-02,-2.444833732333053650e-02,1.051428830781529072e-01
-3.116843863283275118e-02,-2.406362554000437137e-01,-2.933982988391595215e-01,-2.734481444187214505e-01,-4.182778091197515979e-01,-4.669722093296713727e-01,-5.426015350060463538e-01,-5.410710138261567437e-01,-5.135833889877420289e-01,-5.777711083774473844e-01,-6.378242994348212180e-01,-5.800813906317421331e-01,-5.053963890279214999e-01,-3.539946776393375072e-01,-2.265798204237579327e-01,-2.622645401143011701e-01,-4.411442918121147305e-02,-1.165919583680103400e-01,-3.231106591084393354e-01,-1.464015360360947648e-01,-2.942427468312884889e-02,-1.207348344543341806e-01,4.882237133625244585e-02,5.721812255594479341e-03,-6.165660257158783047e-02,2.892105897213196122e-02,-7.672406617427990350e-02,-6.861127525569536700e-02,-1.287123517261890560e-01,-6.403446168735188460e-02,2.612568515945868503e-02,-1.513064852439682112e-02,-1.416468623965417006e-01,9.671679576260684696e-02,-1.021932181634830628e-01,-7.802482778259994811e-02,3.391420062854491602e-02,6.601125879648674089e-02,-9.289015723124111057e-02,-1.238331322911662702e-01,5.031150528266137290e-02,-3.567355317032632617e-02,-5.420769949613884336e-02,7.261634542114701885e-02,-1.227817318340378855e-01,9.836382242886004129e-03,-2.051939702527487159e-03,-3.255475632453005280e-02,7.339943549067718190e-03,-4.350675711503130400e-02,2.792759186895397289e-02,-5.580823880047742352e-02,-6.003073296548565307e-02,-5.428501556140023082e-02,-2.856052951145529248e-02,-1.055984037550721094e-01,-2.099038286391240876e-02,6.913149638880392023e-02,-1.000985456177714596e-02,-4.905489443499458369e-02,-2.533201215886992166e-02,1.076309546212370488e-01,3.511544307327238434e-02,-3.723196846118634329e-02,-6.368509395073110313e-02,2.448194052512313659e-02,-1.845495265052958175e-02,2.987667431012953553e-02,7.742744190325238918e-02,3.986581042647414919e-02,-3.849193758700383827e-02,9.097433917341229970e-02,-1.628693152765012600e-02,-2.183476410626810152e-02,-3.829467713706775911e-02,6.108824048188813555e-02,1.546528822445921748e-02,4.611086998767460060e-02,7.309709958183353840e-02,-2.881901374813933270e-02
7.276906309573215673e-03,-2.813354265657269093e-01,-2.448235756304589783e-01,-2.338569905673858751e-01,-3.786615672494054730e-01,-4.303696732814784598e-01,-4.939853799093613107e-01,-5.293700325210912716e-01,-4.482698360545930294e-01,-5.102025258325165735e-01,-5.685083293240912328e-01,-5.466566148231472022e-01,-5.364221785419618360e-01,-2.934330949435466351e-01,-3.186843134776036757e-01,-1.499059537622542126e-01,-2.297391761005029009e-01,-5.386023094627028635e-02,-1.125570463809446448e-01,-8.283685437686363895e-02,6.265885153918542005e-02,-1.244552606606161640e-02,3.062872617114475657e-02,-5.270648882857117273e-02,-7.150128769938204724e-03,-4.168541773356222724e-02,1.746399118191397162e-02,-4.266060722474630112e-02,2.062752348298937249e-02,1.069593162062496966e-01,9.391453148837437814e-02,-4.555527114545243270e-03,-8.465582559989930089e-02,-2.784194334914402713e-02,4.401301309246350574e-02,-3.022223047687670403e-02,-2.657747034920056664e-02,-7.922894989724305753e-03,-7.254405313912743250e-03,2.013695749554394922e-03,8.487515252308014402e-02,-2.145416970479309751e-02,-5.342583090202900065e-02,-3.266811533253456690e-02,-1.390830877809264565e-01,-9.060593273159750494e-02,-5.815517213107104094e-02,-3.066624972670850546e-02,9.045262732340982048e-02,1.837153499302232942e-02,-1.089918665630246197e-02,4.109991467960818351e-02,-4.060061080292819841e-02,5.444293636957337618e-02,-3.711174366970794447e-02,-2.954509538781226186e-02,1.560848025782194011e-02,6.590503560501545510e-02,-9.641570686595971398e-03,9.461716837814337921e-02,5.338459212678709626e-02,-5.318863064581105804e-02,-8.928432483696430166e-02,6.498388672937635557e-02,6.170152459920301424e-02,2.593998817131080992e-02,9.553317139493838761e-03,-6.472599860140203221e-02,-5.995651911750032176e-02,-3.177035943368199805e-02,2.265808196005759251e-02,-3.729237377228625944e-02,-6.197211928904796524e-02,-1.465996263928816441e-02,9.408533261568986783e-02,6.556029925292365668e-02,-1.059108044821987366e-02,-3.635772838246457278e-02,6.964777366821707505e-02,9.952473754303474418e-02
-1.184035189081548423e-01,-1.389559846120672071e-01,-3.516210049587520925e-01,-4.040742729066379435e-01,-2.724237414902825338e-01,-4.179078314116073112e-01,-5.168557186738048648e-01,-4.876779348382644930e-01,-3.878266822280996839e-01,-4.468242411358392951e-01,-4.658211571709747201e-01,-4.743516835443015167e-01,-1.976981974234692241e-01,-5.659714742389295589e-02,-1.471815676954892627e-01,-2.388421390930715871e-02,-1.121007671511668191e-01,-1.611883427315008166e-01,-8.004845040281283533e-03,-6.315702690870807212e-02,-1.789467328360482001e-02,-9.566979083648048665e-02,9.705587788488549694e-02,4.857579907460451984e-02,-1.656387429982823789e-02,2.743534121301289749e-02,-2.317370833100696522e-03,1.890184961556680421e-01,7.687304531877640294e-04,-1.079601565060230896e-02,5.583072800877995900e-02,8.025880772865118251e-02,-1.350710742450905444e-01,-2.937446754353182851e-02,-5.823270164304189360e-03,1.696512737863077602e-02,8.410600208033287839e-02,-6.030387816786660776e-02,-6.254853476126545631e-02,1.072522793494661980e-01,2.205978396637072321e-05,4.252271605068525667e-02,-4.517117901422004062e-03,6.410985384556251721e-02,5.631030068705301234e-02,-7.413437497163782863e-02,3.415018510089238343e-03,8.444943721729322034e-03,7.403963843842523151e-02,-3.396356543869229715e-03,-9.755183067205579206e-02,-3.546148012513691133e-02,-4.282773516478734915e-02,-3.570099877081204728e-03,7.064933436305893821e-02,-1.114905547617298376e-01,-1.403177227906441116e-01,4.834869200439690512e-02,-7.090387034614066553e-02,2.203208086689963097e-02,1.904795036712100126e-02,-1.961336436181965528e-02,4.525168395695759738e-02,6.971087872906395200e-02,-8.972131312904156608e-02,2.640875646369168772e-02,2.016516047775080908e-02,-1.393904011750992933e-01,-7.439197480755697922e-02,-1.365522251405569890e-02,-4.585135159127060045e-02,3.146357747028624002e-02,-2.122272163469488340e-02,1.249559623464696276e-02,-1.986109258941973904e-02,-1.216188141861338085e-01,-4.138894866282050167e-02,5.453698892889767558e-02,-4.409457876926210079e-02,2.506035047224509232e-02
-1.916912784602713971e-01,-2.074669327313130862e-01,-2.994845575156696582e-01,-2.421650205770968789e-01,-3.084449149627752074e-01,-3.333740415519994560e-01,-4.350725883182979814e-01,-4.403444162054793720e-01,-3.446392814100012192e-01,-3.878347093378033961e-01,-4.437753203782935918e-01,-4.129532085422831789e-01,-1.617021230973879342e-01,-2.669257014839682696e-01,-1.855471852507870334e-01,-1.969473889215583862e-01,-7.994561347911467719e-02,-4.740786009792510858e-02,-1.390889383156445613e-01,4.829567734601221407e-02,3.252225241832551895e-03,9.684604524260721770e-02,-1.382941385712740667e-01,6.447913118192533100e-02,-9.870371575418318555e-02,6.365168577067935318e-02,3.633967131082702084e-02,-4.020854162686963301e-02,1.011752794937192078e-02,1.039248776197082003e-01,3.096307955188214861e-02,3.184853599889957143e-02,-3.879174611095289466e-02,1.191587541495919278e-01,-6.618987818023799874e-02,-1.088959224421751082e-01,6.329675368298189053e-02,-6.790985312960147631e-03,-3.942073398659871192e-02,3.566395977386833255e-02,-1.138010427020327842e-02,9.146566090080375522e-02,-5.665680975358665383e-02,-2.424513719146726906e-02,-5.769912728291104465e-02,-5.547033420152732569e-02,2.789677960780905311e-02,-3.236181434933343981e-02,-1.502162913069902961e-01,-6.552086713165559961e-02,1.676349567177978436e-02,9.065871460837617718e-03,-2.648424189208170923e-02,2.626391898688872767e-02,-6.046905598934670251e-02,3.129011776263477401e-02,-3.931393643865086635e-02,-8.500185999683686211e-02,5.210703492613488058e-02,-4.125784968910962275e-02,-7.454068545964250697e-03,1.175854291424993786e-01,-3.570314076119384533e-02,3.882687415484294136e-02,-4.703232932321766563e-02,-3.139694033325795414e-02,-1.051517960225791838e-02,1.193276971119634072e-02,-1.225429994177063137e-01,-6.383812723974632841e-02,-3.956620822393106668e-02,1.077145927466843511e-01,7.304683148544585669e-02,-2.587203840156206136e-02,3.296375676696620960e-02,2.765443573103343322e-02,1.365921879093717067e-02,3.756359062107476887e-02,1.543570340184836388e-02,3.085655014224051446e-02
-9.714291819452593180e-02,-7.603802433390272064e-02,-1.912587277574003333e-02,-1.817199475335581904e-01,-2.085450513024577346e-01,-4.338872270694824063e-01,-3.304098519250689425e-01,-3.113693135450476546e-01,-2.789538975956862288e-01,-3.350143325294587249e-01,-3.357981010678745548e-01,-3.098076019066901554e-01,-9.906522951979221392e-02,1.221731660578766337e-01,1.717685351916305517e-02,-1.378475666232478192e-01,-1.360616976718869719e-01,-1.537776085339103704e-01,-1.440410763266488370e-01,-1.367073685866610211e-01,-1.054399346210381228e-01,1.148643960955264380e-02,7.651081694647622611e-02,8.783105060147058940e-02,-1.394348133581293503e-01,2.567809829920523687e-02,4.530608271270703674e-02,1.362326047093823378e-01,1.667050420641041086e-01,-4.999582937009997702e-02,-5.668057971125341210e-02,5.720614791956896497e-03,2.434851914040946433e-02,-1.717822632797261131e-03,9.719644354376373585e-02,2.905087878991241893e-02,1.904309316305066377e-02,-2.888104366894896080e-02,-1.354238563999729354e-02,3.489282313213782488e-02,-9.734159326269366599e-03,-1.891301418332443085e-02,8.831155031726159454e-02,1.670248052692029084e-02,-1.202731269558647564e-01,3.145168074527822377e-02,-8.397198253764351361e-02,2.531573074751725105e-02,7.193756766355981214e-02,7.183248056217558797e-02,4.104812721016965968e-03,-1.317618884943096980e-01,3.903876698754870506e-02,5.996396487772135374e-03,8.177083171371210546e-02,-5.380111856802537174e-02,1.610247417815855939e-02,3.158050460219287425e-02,4.988510992160418746e-03,9.553953636233751892e-03,6.701823661248798580e-02,-8.042938853794034514e-04,2.585995370020606823e-02,-4.074036332827080803e-02,9.585483494121100484e-03,2.969468084397365593e-02,5.948502518639527635e-03,1.488701491711909575e-01,-5.064300481710292540e-02,-1.645147677143371859e-02,2.087631959665455991e-02,7.440156865194609385e-03,1.490946252236036336e-02,1.221652217564317411e-01,1.422105679061497902e-02,-1.486477017887857972e-02,-4.303468236090370047e-02,6.141164139179158127e-02,5.601655235335702837e-03,3.622579052043763126e-02
-8.356117174720363583e-02,-1.149391986628113399e-01,-1.132719149198439385e-01,-3.032373896695892412e-01,-3.762710370671403237e-01,-2.870685047019936320e-01,-3.552538186006858889e-01,-1.968078545966903403e-01,-2.295911884618584697e-01,-2.684163337314830478e-01,-2.588827189625433900e-01,-1.061024552886864064e-01,5.739709089945363440e-02,-8.802450933643891223e-03,-2.241141228502466567e-02,-1.411237216319571608e-01,-3.278844969322338571e-02,1.844558210403604293e-01,7.320597652962977653e-02,-1.897027951669523760e-01,-6.197459898707384333e-03,1.274551758894758025e-01,-4.227764410279526847e-02,-9.268252075067540119e-02,-3.881610634105884736e-03,2.349312390658378213e-01,1.187938306679625687e-04,-1.198882396255845084e-01,3.279015643702313382e-02,3.911383070181362331e-02,-4.948063457256076519e-02,2.851163312083479853e-02,4.000228500922398817e-02,-3.718424437186435699e-02,6.354847132250444897e-02,2.495410678637582577e-02,-8.863401480869846638e-02,3.402286765085674874e-02,-2.500508470901726538e-02,1.597882335285417121e-01,5.119534298663000471e-02,1.168524881709466067e-03,4.305094272222837609e-02,-4.742231738832278914e-02,-3.292706723634757082e-02,6.566921137311169943e-02,-4.941152678690090283e-02,-6.013043874741982875e-02,-2.205595501563956118e-02,-2.403845866084043659e-02,5.923124104096574860e-02,6.401220361752184285e-02,-6.242031161747935847e-02,-4.893518165022437555e-02,-6.179667826479651183e-02,5.047785066124521602e-03,1.996565762831942897e-02,-7.554591800232598325e-03,6.279935402654369947e-02,-5.427519886295242152e-02,-8.496077864832414506e-02,-5.812314401901576971e-03,8.640720716438114735e-03,-6.946357735913676057e-02,-2.792978389914507580e-03,-2.787719521773672146e-02,9.949477870344532529e-03,6.677894882639105745e-02,2.550274899108785631e-02,-2.286151137272001907e-02,5.005118317756215851e-02,-6.199677481308765031e-02,5.113010807432215137e-03,2.301630378926334750e-02,-1.834438594187971783e-02,9.189188007728388285e-03,7.022925074194204254e-02,-6.029610220875541299e-02,8.147345456423403520e-02,-1.841543253694048407e-02
5.946972692318928770e-03,4.073210200992435220e-02,-8.274803570352619320e-02,-2.784373799989927623e-01,-2.610412125899188029e-01,-2.918308570436065064e-01,-1.346602651450820032e-01,-1.249364015491871843e-01,-1.740055043869815077e-01,-1.483436812175697173e-01,-8.588725261720887849e-02,1.253014831601319823e-01,2.334570970517676203e-01,1.278454524521420443e-01,1.100630632843694647e-02,-8.487855601799429439e-02,-3.448469636930343116e-03,-1.769892413036852630e-01,7.147739247393479489e-02,-3.280160218172076259e-02,-9.157400886693517483e-02,-4.962528210726680628e-02,-9.077164117726092829e-02,-5.861173044997831233e-02,1.050856551645457104e-02,1.658565434904971103e-01,-1.241224927801391625e-01,-5.760302616410032522e-03,-5.213279035802355355e-02,6.660722460123762179e-02,1.165689370731863711e-01,-1.003901473663812022e-01,3.485490790330403321e-02,5.247080557578986254e-02,-9.267357244171427200e-02,-1.049153729782153349e-01,3.891130394625216815e-02,-2.208406562508945237e-02,-2.676666583585713202e-02,-8.335167246297937871e-02,-8.435344664402552942e-03,2.258964745435633470e-02,3.170798244967613921e-02,3.494894740850628539e-02,-5.433705021995794554e-02,2.990448096701377526e-03,-9.628978454454897168e-03,-2.836795624402678115e-02,6.153199814659168071e-02,-5.241845858405315417e-02,-4.000857632140700920e-02,5.011288495428301709e-02,2.067261001371560603e-02,6.127682127712805876e-02,-6.176885744446691112e-02,-5.808017921319041932e-02,1.122139568563440687e-01,-4.698025878749718248e-02,-1.106754486569996171e-01,8.303930058483352875e-03,4.815068824262172011e-03,8.285629510974794332e-02,8.233763568334735890e-04,5.822174940995414327e-02,-1.510500668415391649e-02,-6.618627451642990212e-02,5.640964961893107227e-02,-8.465996564363585664e-02,3.894605253158479191e-02,-3.593527042731265147e-03,1.218514971807727054e-02,4.013390095365961148e-03,4.941576949711608269e-02,3.447735242763500657e-02,7.986585512697255695e-02,8.699994067913188744e-02,-6.707949345961460377e-03,-2.414306397537760787e-02,-8.279403918427535869e-02,-1.004452889772686902e-02
-1.550334154004540388e-01,-1.916968338987252995e-01,-1.459648567047354684e-01,-2.852364849190356932e-01,-1.489457979660967213e-01,-2.140484609721640952e-01,-8.051025963784134987e-02,-8.058652187651471621e-02,-3.715580591578378222e-02,-4.195687937402158701e-02,2.053892427141242039e-01,1.167737220461752129e-01,4.831525509183218908e-02,-1.305092855121725917e-02,-9.917853163588528920e-02,-3.052040603669000100e-05,7.783506812535735675e-02,-1.760509061894497962e-01,-2.440947396052492724e-01,-8.679378641218250812e-02,-1.939845573369589349e-01,5.071557220226123597e-02,1.165922325693083267e-01,-4.259921648883915196e-02,4.351836136798279721e-03,1.656308677576588950e-01,-1.566339850936091654e-02,1.176124940857096873e-01,-1.185322576354563839e-01,-1.118617812634215142e-01,-8.488919850161903702e-02,2.765407620736066718e-01,8.922425275070401673e-02,8.981561773245866354e-02,6.155370431474008891e-02,-9.992574071397385127e-02,-3.507914499825252885e-02,-7.537891614299976895e-02,-1.469110028111610677e-01,-3.814175479256001755e-02,-1.719986486119692015e-01,-6.497067311536260104e-02,8.301191412723732399e-02,-6.191014655941586009e-02,-2.095488279954535113e-02,-3.684729781315785463e-02,-2.939206647066246528e-02,2.985214904306408151e-02,1.053007252628746920e-01,1.286491688213715623e-01,-4.857635183864722830e-03,2.545387569224805482e-02,2.532792619506096105e-02,-1.586324722888862448e-01,8.109580484477128814e-02,-1.065564169539793965e-01,1.096786556790295131e-01,5.190700485246934996e-03,2.052042819725282893e-02,-6.105878532644489626e-02,3.956429353329334042e-02,7.924286577907012352e-02,-3.381005494346057006e-03,9.118705030942909212e-03,-3.509474380541387911e-02,8.648524453253692706e-03,4.829743989246659819e-02,1.864353483553928686e-02,1.011809761928084660e-02,1.800817437202401408e-02,-7.258925734922533346e-02,3.902808538291038798e-02,-1.164662883502658591e-01,2.542742188090917413e-02,4.696710972003439316e-03,-8.600511406291548588e-02,-7.455779571948494000e-02,-4.430288491754330593e-02,-2.779459570789055353e-02,4.613287514413721285e-02
-7.828727320766164233e-02,-1.437506203548643002e-01,-2.454841183908253455e-01,-1.483620839246361511e-01,-2.061058225684843925e-01,7.916829046087592303e-03,-9.682668770202074171e-03,3.176120219897054370e-02,1.236299618291799157e-01,2.586673989741036239e-01,1.953572105181722862e-01,3.540708833729148131e-01,7.922585929467680643e-02,-1.738041555758050583e-02,-1.446084275126911615e-02,2.010193998407578397e-01,4.209605797700568391e-02,-9.128832672176795393e-02,-9.903468371568309447e-02,1.203165271867940866e-01,6.056710077786438620e-03,1.378180842374733261e-01,-1.418021346925207177e-02,-1.410169017835576077e-01,-1.515091676399450693e-01,1.166990630182136168e-01,-1.509534686999443147e-02,-7.607095036289122925e-02,-6.111772057532113313e-03,-1.433710950842734533e-01,-5.995217724686685568e-02,7.316699859290549945e-02,9.573066441282006289e-02,-8.215751160058919200e-02,-1.658790391004829473e-02,1.682167043728727968e-02,-1.279343157023937229e-02,-4.128299338894495657e-02,2.046529994195699781e-02,-8.378654625995596641e-03,-2.112284952175065914e-02,-8.651682536663186929e-02,1.560629732803521172e-02,-1.514488584498327184e-01,1.197723690739767866e-01,-3.216145084061464154e-02,1.289189580158766057e-01,6.703632985555146862e-02,-3.687115924452812749e-02,-3.697013585785943746e-02,-1.405544220094558615e-02,-1.344294721461023953e-02,1.604867048398015902e-02,-5.598352152164643575e-02,-9.715869106780286590e-02,1.056733696891912627e-01,7.313294864581738886e-02,-2.823462643043393033e-02,-1.422351539708589102e-02,-8.151283594919217501e-02,-3.747206559689199301e-02,-6.363214785696523317e-03,2.102167828782995629e-02,-6.775156386816921783e-02,1.329928472358653246e-01,9.739631271656118416e-02,-1.380600276634490198e-01,1.681935063970643393e-02,3.862807530929460165e-02,-4.220210909302064828e-02,6.164979506869158049e-02,-4.810517588457843483e-03,-1.105384803817133221e-01,4.408975458595330854e-02,-4.525239728944014869e-03,9.805204761948706216e-02,-6.844539920622824680e-02,-5.504311072341450811e-02,3.002164135178365251e-02,7.196567131727406308e-02
-1.399746094354801032e-02,-1.126230753474678214e-01,-1.120336572814753379e-01,-1.455035639826245120e-01,-1.960923064957736592e-02,1.187213865203644858e-01,1.404517401782561792e-01,1.851207967148895406e-01,1.269878368598724994e-01,3.323227343810054024e-01,2.560216380030977401e-01,4.031131977814639972e-02,-1.241019147035515163e-02,1.548408525650498135e-01,6.943345710404293103e-02,1.827387564997457747e-01,-5.091547293447142020e-02,-9.766056620284613993e-03,3.212651802124985578e-02,4.191400391345455334e-02,1.005866977819988850e-01,-6.561754250351323203e-02,1.003271866315408600e-01,-6.533570288212516008e-02,7.444773717930833201e-02,1.210117053546874016e-01,-3.694641970315946933e-02,3.461151298734766076e-03,7.035925646453236593e-02,2.410516790530447262e-01,-1.854116248943043221e-01,-8.544942718730293846e-03,5.090210780808955560e-02,1.300794105796150291e-01,-8.872553368115329575e-02,-3.456049732014028486e-02,1.702397300636217803e-01,-8.730006235428707352e-04,-6.750328629589714968e-02,2.522167423661976883e-04,-7.977263798574693587e-02,4.777030174893824588e-02,7.177542961504313097e-03,8.710239365443563087e-02,3.484711002467903718e-02,6.695795871364115803e-02,-3.266657765663619900e-02,1.125173350738618155e-01,1.194432543117453921e-01,-1.475461570008569472e-02,-1.374100775555555931e-01,1.961350671067970189e-02,-3.502425211797852850e-02,5.463741951859391044e-02,-3.892943503284099910e-02,6.428729175426692311e-02,-3.673641546734538604e-02,5.131515591253000413e-02,-4.202700980792272584e-02,-3.124879653069526433e-02,-1.378368339279941179e-01,-6.145451644856173706e-02,7.839071318499281349e-02,-5.486015668605890433e-02,-3.168259212396959401e-02,2.784278556760694178e-05,-2.894845944870792429e-02,-2.764251785168480788e-02,7.456706446072075556e-02,-2.867652065915016896e-02,4.536692671490182710e-02,3.877250244518926775e-02,-9.807210748429177893e-02,4.708961779950505966e-02,-1.490496572770707434e-02,-2.018172048483959230e-02,9.814448615169038548e-02,-7.470276996579129636e-02,1.316659593549930965e-02,-5.721539288464152356e-02
4.882775682453714683e-02,1.389349006928180252e-01,1.847907570579080394e-01,2.096429904121802357e-01,2.405336338212200054e-01,3.048731842755545984e-01,3.662758124270606430e-01,2.214737757306646238e-01,2.369116308270619309e-01,3.160795301589542361e-01,1.157799756484718667e-01,6.120258969155101952e-02,6.544838138972081110e-02,-3.710673837116349599e-02,1.076326346513743759e-01,3.425308023462678153e-02,5.281738389442848514e-02,-4.077864668786944369e-02,1.271679864663555759e-01,-9.065847922596732833e-02,-3.635335885969990383e-02,-1.028569658500370215e-01,-8.384900178249467262e-02,-6.433687516848642096e-02,6.344513875903488864e-02,6.334311432111508489e-02,-3.517245604027265382e-01,-1.726918925756729950e-01,2.522982236201952097e-03,3.268574546934065878e-02,-8.592666334514990900e-02,1.413898189938699590e-01,-1.678687079981969546e-02,-1.049807224539608674e-01,1.040527261856283442e-01,9.523819604022244756e-02,4.670491506718040670e-02,-3.389397533897767732e-03,-1.120239137535655322e-01,8.857015535426591979e-02,-1.061808464215579714e-02,1.892738778585611667e-02,-1.271448809952764880e-01,-7.507189746700558552e-02,5.355645395740285530e-02,-3.944582204303725276e-02,-1.633374290080884597e-02,1.074370003240034954e-01,8.875242521762950754e-02,-1.821668362625206497e-02,9.595496340652202860e-02,3.187108641604620429e-02,-1.933244946225831651e-02,-5.039443057395411735e-02,2.118004378868075088e-03,1.179371185159862195e-01,7.293339075339302924e-02,-4.718929596368943297e-02,-1.463441015493101849e-01,7.932003503908728603e-02,-1.721930777538031518e-02,4.916106268984295896e-02,1.003080526924479826e-01,8.367659801572081835e-02,4.335937796362677316e-02,-2.303508604741929741e-02,7.551705107808383277e-02,3.558688420555229919e-03,1.021356443674175385e-01,1.174121125938423910e-01,9.216224962694678779e-02,-8.090182908226577208e-02,1.303221841065031229e-02,-3.481788877292288364e-02,6.647582133103590619e-03,1.159783934769682487e-02,6.978435478213350709e-03,-5.204053692607428158e-03,-2.212725336112671571e-03,-6.286473923776358941e-02
1.864553725859994793e-01,3.575740562704042280e-01,3.844202035681135721e-01,2.980034015742585862e-01,2.547357684337033246e-01,3.724888146434659486e-01,4.872794710754701497e-01,2.425549674920931542e-01,2.572900097763919924e-01,9.547870527257630580e-02,1.190405424431618779e-02,1.870696258238832843e-01,-8.393640870575368174e-02,9.521967396235859983e-04,-5.117860728346056848e-02,2.033983196921471462e-02,5.675038671216937197e-02,-3.181373526360507104e-02,4.311359208313438052e-02,2.120777973942815711e-02,-1.102199301957740817e-02,8.807750420304345795e-02,-1.830508318107770538e-01,-4.381050378037908144e-02,-1.154447171702707546e-02,6.307121485016817242e-02,-7.690939393773706394e-05,6.196810548437878263e-02,-6.480073421932301680e-02,-1.653388010439689124e-02,1.803712718048410824e-01,5.809999163742766461e-03,-2.120441815360992188e-01,5.519830074835437028e-02,3.662395148800598466e-02,1.431796870106467889e-01,1.800574522730193083e-02,6.271281321994429114e-02,6.390258791859367016e-02,6.024304658060150065e-03,1.002891983904522777e-01,-4.784955192842148958e-02,8.774746354960386019e-02,-5.308579175406120954e-02,3.706274562027746938e-02,-1.159570386562571442e-01,2.580536107921227451e-02,2.218741439671084378e-02,4.512957042633539834e-02,1.019377771035484825e-01,-2.198272674390453017e-03,5.884653210092086889e-02,1.109401480000106119e-02,3.724037853292285621e-02,-1.189146635598199858e-01,-7.475425256891006509e-02,2.098905596636078258e-02,1.423471963854246736e-01,-5.300499980966067587e-02,1.008598896310502757e-01,-1.093692915637106133e-01,6.100022790334689443e-02,4.794293072376693693e-02,1.028638481898853374e-01,-4.197379986920830169e-02,-1.382984701286950613e-01,-6.695931528355474061e-02,5.568285534302937906e-02,1.550433857279792660e-02,8.086908649041860695e-04,6.756133096825361894e-02,-5.112372510809132936e-02,7.923571306009521975e-02,-2.464028551592294669e-01,4.588419135162402802e-03,1.411504494565548641e-02,5.195922117356728542e-02,4.444149725821659735e-02,7.106381505072324745e-02,-2.481015858612935221e-02
2.770930831740063272e-01,1.387343874446431147e-01,2.587660494867630168e-01,1.174279132085233185e-01,4.264079793061024137e-01,1.239591530883442788e-01,-3.938218959415543813e-02,1.268501505833079523e-01,2.788231570674337134e-01,2.820183989775988942e-01,1.096580991237044167e-01,-5.967858258820427086e-02,-2.453922388057638501e-02,2.779048061862991470e-01,-1.076306106975608995e-01,-3.754102819424508936e-02,4.817631645759960432e-03,2.557309512969043186e-01,3.783012207111706438e-02,-1.488728620086131882e-01,-7.347289738915892265e-02,-5.837106792120095450e-02,1.008405063433014809e-01,6.579626850265583859e-02,-5.904418909278992544e-02,-5.260190661220677522e-02,-9.114417178987313517e-02,1.539772661870895676e-01,-1.427118501586329968e-01,2.295338581771744768e-01,-1.503748304933815449e-01,-8.943714456270579483e-02,-8.190773391347784538e-02,-8.870427591520774202e-02,-1.932734816627688368e-01,-7.263523625598151956e-02,-2.578479832750684708e-01,-8.646220981343878675e-02,-4.431588141830532235e-02,1.965024808943788281e-01,1.861556301370786287e-02,-1.855073709257863343e-02,-1.393725195817431539e-01,6.621473635174875139e-02,8.065495165198473260e-02,-5.109749159579730915e-02,-1.059260799691319754e-01,-9.398478738462998083e-02,2.639717515713396658e-03,-7.016961325916731829e-02,-4.280393756188859838e-02,-1.035620919365970276e-02,-6.540505575031853314e-02,-1.141975051167581218e-01,4.208238529121196420e-02,2.783138640387721255e-02,-4.320556354137238680e-02,4.329904919951232251e-02,9.787728876506769649e-02,1.119278660122646069e-01,-7.936188149234243289e-03,-1.333811649472625271e-03,-7.436213957560258714e-02,3.429003843093973453e-03,-8.467664016000245319e-02,8.489610182843396191e-02,-5.455201555697875709e-02,4.519762814560560754e-02,8.605920366992504678e-02,3.670889092841956441e-02,-1.002507162621688458e-01,3.193377418986816096e-02,1.722946765643888212e-01,1.278748313886712562e-01,1.014579628295284308e-01,-5.552254325492882170e-02,7.517996537783479261e-02,5.059959791631801068e-02,3.307931601066411986e-02,-4.354626380970975236e-02
-4.288326696827415505e-03,1.163429990593942698e-01,1.299022781542862881e-01,1.808128223539043622e-01,3.094283607200478681e-01,8.196755556570857471e-02,-4.622298218984347007e-02,2.248046223576117553e-01,1.112540756557359040e-01,-7.042476605027771230e-02,1.229795889188824570e-01,2.284522577093969081e-02,1.713138452191075856e-01,1.235402787578720463e-01,3.300595552056098669e-02,3.769526810600067751e-02,4.414806078682443485e-02,4.799849487844744939e-02,1.005316158553993741e-02,-7.323087060308373572e-03,1.317878714032963972e-01,-1.700688756963882400e-02,3.804451022782120301e-02,4.289182097200539695e-02,-3.427663302066547187e-03,4.188123435410748274e-02,-4.040684740030142663e-02,-5.654603053273121738e-02,-9.279494242052824943e-03,1.940282925185979890e-01,2.065452027672321639e-02,-1.179920563638104797e-01,-6.554459281872669629e-02,-2.127108287740850645e-01,1.295727305172408861e-01,-9.929844593157939603e-02,-9.979972080988752658e-02,2.561614185690342868e-02,-1.423995035033960022e-01,-8.079812443512317602e-03,-1.039347187428405622e-01,-2.941492079929542564e-02,-4.858738012768568787e-02,-3.128549711344759399e-02,-5.565731997419398787e-03,-7.748294045718088358e-03,-7.640841354181585054e-02,-9.444763255149658809e-02,-1.950770401445621818e-02,1.450866438920934628e-02,-1.040330293645498200e-01,7.098849361656776880e-02,-1.946745311527012592e-02,-8.296586477672389381e-03,1.305957977877864884e-01,6.741290524223637892e-02,-1.111306387337720192e-01,5.572298341962638596e-02,-7.959660131211225564e-02,-1.141739240851101095e-01,2.576931086743618898e-02,3.982457155016708161e-02,5.129834415915155398e-03,-2.058142836906512799e-02,-5.753955198433065993e-02,1.500074870373211966e-01,2.184293380760395087e-02,-5.253644572350351510e-02,-2.709097010424497617e-02,-1.701559830226218126e-03,9.342278955054661438e-02,-4.689559159147146244e-03,4.081660466589539550e-03,-1.341245001808276729e-02,8.472365690945499184e-02,9.396752790916154674e-02,5.687931519773745115e-02,7.632309557785911525e-02,-3.848482215845941412e-02,-1.103551815350959225e-01
6.496263094616220625e-03,2.693350472742386467e-02,-7.211983481727358026e-04,6.900947127673580372e-02,1.290404895474544511e-01,-5.356910197189580086e-02,2.813416299271539467e-01,-7.971169457741481001e-02,-1.713313742652105079e-02,8.034657548634027702e-03,-5.898380002381753417e-02,-1.088786757964059666e-02,4.932125065591700525e-02,1.362948525546082146e-01,1.455759169901243641e-02,2.088260087180731639e-01,5.081069444084342773e-03,3.566811839168556458e-02,-9.869940294570318795e-02,5.631623168044587457e-02,2.117816512367134626e-02,1.096299734447098162e-02,-1.291446278907063261e-01,8.945205324786768830e-02,7.117525981834642301e-02,6.170034598636042755e-02,2.067427798994725952e-01,-2.037671308051662317e-03,1.257674081426357060e-01,2.785857748218045771e-02,1.702435558929774745e-02,-3.646490926303123936e-02,3.270558003885658954e-02,8.731876003879131265e-02,-8.614493692956796955e-02,-1.275164806485198088e-01,1.688738302200015404e-02,-7.631575436249343758e-03,-1.701136549463760639e-01,1.753978887553515539e-02,2.505947000007751127e-02,-2.987058980039024661e-02,-3.711385458145956707e-03,-1.742175185130290238e-02,-7.076677833086505998e-02,-6.859409595753752920e-02,3.093948556790306406e-02,4.692285092737701058e-02,-4.755141038245280088e-02,1.281885531268390013e-02,1.446185811576262276e-02,1.894345301329826946e-03,-8.977361163635302899e-02,-1.399310813797681290e-02,-5.652311243840790582e-03,-1.300835247028157560e-01,-2.631904055577544838e-02,2.204443380776263325e-02,1.382259949217608599e-02,4.658667780237633199e-02,-4.202082130086090550e-02,-7.517846919178613335e-03,-2.348739158472055999e-02,-5.621931645874248679e-02,6.397848076015505425e-02,-9.683309971087290802e-02,4.146929425242160822e-02,1.516497997611760198e-02,7.489882966681794818e-02,-1.658424155003199452e-01,-4.580431090077724185e-03,-1.219125689326945317e-01,1.486259031291192918e-02,4.033595018336942617e-02,9.573963634376164711e-02,5.557302822904227474e-02,4.945934132021427565e-02,1.324780982749297099e-02,-5.113948446652556018e-02,1.210789529174200602e-01
-4.740582954755857836e-02,9.550475891423623742e-02,-8.796146372781671330e-02,2.529798792096056848e-01,2.235959572809782803e-01,2.139554622834122788e-01,2.012531050313502434e-01,5.286471883819621187e-02,-2.143666986404629271e-01,5.956852322949304085e-02,-1.070687600878242329e-01,-1.232008135559645584e-01,1.490822514592126946e-01,2.545049367332944956e-01,-1.402009782799965854e-01,1.395229200314899998e-01,-3.444175116637152902e-03,-3.949233986261785692e-03,2.351717018072837714e-02,-1.916337621571763405e-01,-2.379593881448200110e-01,7.181810329114406144e-02,1.237093138472513815e-01,-1.138023425074795175e-01,4.774286796465283811e-02,6.444597121093365022e-02,-1.123217555157944303e-01,1.859785568728099803e-01,-1.409266620003743475e-01,-6.697675808345605886e-02,9.810481587188683850e-02,-9.658410574004984428e-02,-2.370659573408174028e-02,3.577486136636927848e-03,1.056755521185853697e-02,2.204139188650340933e-02,1.608140829492643240e-02,-1.493763458758455044e-02,5.648071660504729030e-02,-2.025488612881583793e-03,-1.137449295409132810e-01,8.926285492901654683e-02,-4.476125789926577170e-02,-1.478074914244204840e-01,3.063286825288973753e-02,-5.956324349610655350e-02,4.910747179915254945e-02,2.051557713689216786e-02,-6.817218649075311443e-02,7.122306073561122941e-02,7.821291253267069477e-02,7.093909484072451199e-02,2.772801000685779296e-02,8.802677997664389020e-02,-7.561331328973208699e-02,9.248454572078190078e-03,2.835742285101812768e-02,-7.268148753254966010e-02,7.082367329224524381e-03,-1.212252705487134631e-02,-1.174558473739168440e-01,-6.300202530355915320e-02,-1.520722712619803629e-01,7.215307590487074485e-02,-7.641411826010932606e-02,-1.217895005435321032e-02,-7.459129472020152585e-02,6.604703612153035863e-02,-9.535535384930854397e-02,-6.059494148566690885e-02,-1.993448857783372899e-02,2.115030967394968681e-02,-2.733781212243512060e-02,-1.599220763396577705e-02,2.342184416823710896e-02,1.510483755479093831e-02,1.401928657238186602e-03,6.945267457580568682e-02,-1.320552267351679000e-03,4.506796628061411625e-02
1.576201830266678594e-01,1.004252685807524165e-01,2.723269815813043546e-02,4.302361715687556126e-02,2.177476328885809553e-01,-2.027419741442970311e-02,2.141035297493856515e-01,-1.320013596604446490e-02,1.092905013902528283e-01,1.267175113784929086e-01,2.700585464355633250e-02,-2.385517650095989317e-01,2.784899321245663806e-02,-2.779732856746622294e-01,-1.723004406474209216e-01,4.274738540463138975e-02,-4.441527408599029413e-03,1.412339304645713334e-01,2.609048218411023413e-04,1.771381495899204683e-02,-7.501249050509306571e-02,1.751885881163113001e-01,7.067163055609397559e-02,8.729314831625534232e-03,2.135197913653592156e-02,7.084694353866519134e-02,-1.158526693638865313e-03,7.928260657950983448e-02,1.078264220349440666e-01,-1.883881210277811233e-02,-3.584458094882938400e-02,-3.293287657476551972e-02,2.144003857476405039e-02,-8.778445930036303524e-02,2.566256028542642995e-02,1.637228644988925619e-01,7.145990868743319971e-03,-9.937830857330559597e-02,-3.377041739187949809e-02,-9.586219974789669807e-02,-1.102686680069667191e-01,7.759201666750510651e-02,-1.113918394602324696e-01,-9.039274436339313212e-02,1.921779481963619210e-02,1.945109561260046915e-01,-5.898821431433825396e-02,6.091143659052869475e-02,2.977336644539421359e-02,-1.333576924374361462e-02,4.254811363265648821e-02,-5.175946642939983910e-02,7.480373656936238624e-02,-1.351120474016618764e-02,-1.222622919348762688e-01,8.603950972496124394e-02,-1.607766472958105930e-01,6.532665250507571630e-02,1.710914742339678385e-01,-7.579129241717322274e-02,-3.968198451017124206e-02,-4.671597452584763666e-02,8.244417155610698350e-03,-1.573763379198090881e-02,-2.171069983508967793e-02,-4.718525388879873939e-03,1.685921612749466739e-02,-1.206154313076622242e-01,9.105241270154219857e-02,7.564790420315525843e-02,-4.747541576912429895e-02,1.421546688951797477e-01,-2.831711397986967985e-02,-7.604236457841541397e-02,5.080830083289168686e-02,-4.802677123539154935e-02,-2.136667549753511891e-02,8.028758311620043386e-02,-3.748262973194552150e-02,-5.206866465626651397e-02
-4.938840340918874972e-02,9.989000383949396544e-02,9.384288444970670384e-02,2.685274311062531977e-02,2.675522908548593204e-01,5.364762065955179515e-02,3.521705022308226074e-02,1.709152342766182275e-01,-1.000489887777336329e-01,2.283278913764602916e-02,1.354397745964455446e-01,1.312818143377618152e-01,6.237121396340090246e-02,-6.114772475240126681e-02,-5.088869233886020998e-02,1.997374320942309489e-01,2.142765778914485636e-02,-4.525485756614403693e-02,5.733099901233302403e-02,1.781246610178279510e-01,-7.981777259395322899e-02,-1.130149238601819844e-01,-1.496234546918417084e-02,-6.654246700835517170e-02,1.136360812799139808e-01,8.585837498359553954e-02,-1.184295243333834471e-02,-1.255360480509015719e-02,4.007913568351949285e-02,2.566969544445881768e-01,1.459070040209403674e-01,-1.912311686756867565e-02,4.735452838993135100e-02,9.864795466666019530e-02,-7.209077092883289795e-02,-1.706129977173801715e-01,4.535158651659228213e-02,3.296816205055472931e-02,-1.509353071705789306e-01,-7.416074721182562557e-02,-8.424556423605322406e-03,2.390915959997620688e-02,3.562435000974081833e-02,1.995292912784045816e-02,4.234771755602569358e-04,-7.193765474524214595e-03,-5.591595415517761763e-02,-1.285663483299586546e-02,4.001938351455950477e-02,1.935348045490042218e-02,-8.220061936193202856e-02,1.329309309849543291e-02,-2.673581303657906073e-03,-1.405594160604124038e-02,9.486308935862330927e-02,3.386407025495431072e-02,2.219316582017389142e-02,7.693897247814479590e-02,-2.291589189950119995e-02,-1.635472700666282253e-02,4.099976343546531121e-02,-1.522049484994979218e-01,-1.138020617606568842e-02,7.317615253642095578e-03,-7.627588773405707956e-02,-6.377809910045047215e-02,6.685139708750015286e-02,-2.171158011288668206e-03,5.927706974192956113e-02,1.463647658899417947e-01,-6.650196655764115117e-02,-7.022800597178045778e-02,-8.609674197715937172e-02,4.516612040480962043e-02,4.020460098122466408e-02,1.501273830827051445e-02,3.280844505683169765e-02,-1.197733083220533373e-02,-4.333599745364217874e-03,-6.567059384461056137e-02
1.408600430086931199e-01,-8.240966094444794610e-03,-1.571035022105609635e-01,-1.116781416835027976e-02,5.518037797808651029e-02,2.953053365031357291e-01,5.588269628191819965e-02,1.866245968294388269e-01,4.199528831629222719e-02,-9.533442721119072052e-03,1.457200111810321996e-01,9.323726746984654923e-02,-9.578973796411026365e-02,-7.475902302876244465e-02,8.782154990289260665e-02,-3.886438489132242047e-02,1.493167082680579155e-02,1.506329897276831864e-01,-5.160736533162307155e-02,9.751865591515462839e-02,7.669397654887920301e-02,2.136172517763328116e-02,-1.431242813094914801e-01,-3.474120363654589760e-02,1.750632585892841764e-02,-4.256742767357587359e-02,-1.116668427784323903e-01,-7.779303866097223019e-02,1.046637561063374217e-01,-3.451902213599333802e-02,6.373242045776628117e-02,-6.159412414676806308e-02,8.151790785522618210e-02,-1.575391909395274237e-01,-1.733680040529259406e-02,-5.228288910268177186e-02,-3.789224328844052747e-02,-1.409726156382835605e-01,6.167324245726654719e-02,9.354598176076030225e-02,3.862183287205189774e-02,7.373029972535377619e-02,1.014371905579866256e-01,7.530978396697453336e-02,-4.320808796470765323e-02,-9.814679799524098081e-02,-5.380722817942781150e-02,1.917480911059844528e-01,1.030146236468072185e-01,1.967266436320909764e-02,7.986738516775646057e-02,-1.507595300373299474e-01,-8.154997770390514170e-03,1.243293895503337770e-01,1.512193607091780190e-01,-4.417384961430300544e-02,4.703868415684894083e-02,-2.630929147987772377e-03,-8.549727519070499104e-02,6.161880823683760222e-02,-3.049479289964769288e-02,-1.436658896584400436e-01,2.792273101675936398e-02,-8.658799998455316005e-02,3.592202107304399983e-02,2.844168296592134576e-02,-5.915146921498871946e-02,-2.249694419309654012e-02,-1.009502995043986759e-02,2.029922164929499201e-02,2.242462703677894353e-02,-5.078192904863727125e-02,1.725787542790175877e-01,-1.079649681805574801e-01,3.288631329036173501e-02,7.628158854663188992e-02,5.430284957220968267e-02,-8.269197037000788897e-02,-7.683413026096878179e-03,1.674841629929654709e-03
1.082387137158923873e-01,1.425594429941375307e-01,-1.645736975609378427e-01,-4.749794914273737512e-02,8.479460439889011103e-02,2.563606458710581681e-01,-1.180447471859655609e-02,2.048334719043514718e-01,1.057734532846466846e-01,-3.855680799578872775e-02,9.580080002255704497e-02,-8.722764303756642967e-02,1.430640216152953836e-01,2.148711520826751264e-01,-9.489399568086295811e-02,3.197031343082236410e-02,3.572689421539095023e-02,-1.940922471188795970e-03,1.022849618501671942e-01,8.919996015543676937e-02,-1.390191279075928543e-01,-1.014396304505235935e-01,-6.248321524950490452e-02,2.441856934761299502e-02,1.261235359171297976e-01,1.308971814258656600e-02,-5.139949633612075908e-02,-1.092544719484895149e-01,-1.809424704031193654e-01,1.001265480962122700e-01,-1.454985276809577510e-01,5.498485173583281954e-02,5.734970136801614132e-02,-1.754072876681405865e-02,1.051259324339514495e-01,1.231572682469379842e-01,-5.878261618813350464e-02,6.201039365276360404e-02,-3.671311778782014590e-02,7.988920517057691850e-02,2.066841303292958967e-02,6.856016948744407535e-02,9.497219390025554708e-02,-1.848654670277264378e-01,8.264704646065943469e-04,5.855845205875009896e-02,3.144554925620417218e-02,-2.682375977293344205e-03,2.437575165660451140e-02,1.268892661232949018e-03,1.040756745585586507e-01,5.552057082420452233e-02,-1.918890755790415847e-02,-9.784024270598129513e-03,-1.064203330015323912e-01,1.166789313912014805e-02,4.302290209857281833e-02,-9.613487580206966920e-02,5.758561276175633292e-02,-4.044415942421619031e-02,3.529316268835235720e-02,-1.030680990533454078e-01,-9.796863659504137511e-02,-5.082702621599438295e-03,-1.989657522507871229e-02,3.212838430047999794e-02,1.714253523186893766e-02,1.303861987774852967e-02,1.321964421608053941e-01,-3.531281280692578212e-02,-2.929090640340759749e-02,4.136494569683601269e-02,4.428213104868850003e-03,-5.552781299840804652e-02,6.758859714209307368e-02,4.034305295713704748e-02,2.101162080184301728e-01,-1.593845480402452386e-01,-8.077473104805389659e-02,-1.329739295798014302e-02
1.055235584385607744e-01,-5.482171521463343605e-02,-1.433697414366998935e-01,-1.558945889224714054e-01,-1.253650656220666772e-02,-1.208801280786941891e-03,2.733042837452361734e-02,1.049069951555380575e-01,-5.566577846750706687e-02,-3.765203908093207874e-02,-4.601413499689663289e-02,-7.991304799499679423e-02,8.304045523812728091e-02,1.489329392734957576e-02,-2.264768128417956813e-02,-1.395502371701583533e-01,1.084680998145523545e-01,-1.435325124924000106e-01,1.394386865644183793e-01,-8.481545199442727667e-02,9.557263184463389571e-02,1.448054409610845250e-01,-8.948250053702345996e-02,-8.167337872229912810e-02,-1.456789517848535997e-01,-3.070125854986196362e-02,-3.484116905482141299e-03,3.581471393615532489e-02,-3.100439922696290873e-02,-6.959291458551092324e-02,-1.149692093396221804e-01,-5.874511647010918769e-02,1.011286909128453898e-01,2.358509603184085618e-02,-9.316612505036105107e-02,3.945085836649066258e-02,-3.557190421383629730e-02,1.335241636085954253e-01,-9.346215909517971085e-03,-6.573769298749561341e-02,2.395244881970768069e-01,2.799300317074422950e-01,6.767894369985412439e-02,1.765680060624709447e-01,1.095287800109025905e-01,5.722432983670575762e-02,-3.550558957434803847e-02,-8.834470378349754127e-02,-9.789363661929522190e-03,7.988271411578659609e-02,-4.159958831849255856e-02,-4.724909021258067582e-02,4.093519356621776878e-02,-5.457742484329744515e-02,7.361267738183130405e-02,-3.215606588999258414e-02,1.272828405939453039e-02,1.461770813167615791e-02,7.546942286429342284e-02,-1.370696634604073316e-01,4.933149285261106270e-02,-1.354178595714659698e-02,6.376111959376018490e-02,-1.263376853429884483e-01,-2.526986312137572896e-02,-1.186274873158684323e-01,-1.038541920840934940e-01,-3.897875743029525358e-02,-7.368934671804881764e-02,2.848090633179241327e-02,-9.852074870765408290e-03,-9.008580292628749764e-02,-1.157191035451634320e-01,1.434896711637319855e-01,-9.144029503650753787e-02,-1.423593896774402907e-02,3.075794838886496130e-02,-1.929189663156124501e-01,-1.626265864013157758e-01,4.751378221817384451e-02
-1.919015458457916379e-02,6.044964429430964292e-02,-8.226472018666769470e-02,-1.408427983626371893e-01,-3.104720319147330140e-02,1.714569455442768384e-02,-1.611921163966994752e-01,-4.824773446338464361e-02,1.210990848942678465e-02,-3.440233027152227174e-02,-2.367545411745398953e-02,-6.754688804157910065e-02,1.643694962856029618e-01,-5.144691489646704280e-02,-1.035350491884531599e-01,-8.446107560589766888e-03,-4.614800266310128962e-02,7.466817926562457908e-02,1.330938011446477056e-03,-7.517501179842803194e-02,-7.368554347825134743e-02,-1.144274373008153933e-01,1.274711452432229601e-02,8.978867693081597767e-02,2.688099543839940486e-02,2.219650536128791596e-01,-1.244747393250421191e-01,-1.312531822953205141e-01,1.214356905448849000e-02,-1.109392358383191751e-01,-1.551644019609678057e-02,-1.225932304011791291e-01,-5.766300660945297002e-03,6.778621409103462170e-02,-1.015817780198815801e-01,2.034086501947119860e-02,1.936700637223489480e-02,-9.290258329593227560e-02,-3.313052067590953331e-02,-3.591535905826286068e-02,-9.117058309842022978e-02,-1.374944814957133332e-01,-2.366397002822078974e-02,3.689706810144998544e-02,1.027630468488606869e-01,-1.916994445434842542e-01,7.678610087458494216e-02,-1.024199862726722990e-02,7.325456276920074006e-02,2.787049445944475221e-02,7.668276880587300559e-02,-3.654544356997598692e-02,8.585620082853635815e-02,4.021524064994619341e-02,-2.563756673276795239e-01,6.062113387441919743e-03,3.282931665649280184e-02,-2.252272120173013509e-02,-1.609415403385284493e-01,-1.532924042262942821e-01,-9.614754433437408543e-02,-7.941689716956644440e-02,-1.084349927453120421e-01,-9.751190319618482580e-03,1.887987177421309934e-02,-1.197036927748143000e-02,2.023302158589847938e-02,2.171029178226147049e-02,-2.024436731766484157e-02,1.028845430909662156e-01,3.742248302966594189e-03,-1.331396629270511708e-02,6.879606165609991608e-02,-2.452885738940894025e-02,-1.752363114953383455e-02,-4.045615968460031936e-02,-2.905894895673023087e-02,-9.007581335579338544e-02,2.583412459550001559e-03,1.110165757724154018e-01
3.091718472352003935e-02,1.010576271813517085e-01,4.254292917417334258e-02,-4.377170228419403897e-02,1.894749267144478153e-02,-5.278865982431308473e-02,-4.995885745923906579e-02,1.045314525512509862e-01,-7.475087583817537074e-02,-6.662440167000534220e-04,1.456154921717086048e-01,1.889622510846071524e-02,1.159651009548279821e-01,-1.479818234448581349e-01,-5.232336368440331648e-02,8.185871296792751606e-02,-6.108608801681246481e-02,-5.945007641523623702e-03,3.874130419064659991e-02,-4.229970857257755318e-02,9.642812779004596158e-02,-5.827883314045905622e-02,1.701774457806588120e-02,-9.786673991723993105e-02,1.975559021758987455e-01,6.304629168436365338e-02,1.730171558961475786e-01,4.334252986294760517e-03,8.721570454131162553e-02,1.753450686650357138e-01,6.078379520717437992e-03,-9.766759390242989169e-02,1.297422418207794526e-01,-4.579262266353497507e-02,-4.027344725366457240e-02,-1.321563980289613277e-02,3.588062701796766903e-03,-6.221297027202960656e-02,7.999256229481548075e-02,8.120650532433822122e-02,5.580057658207594751e-02,2.266871138714598652e-02,6.301630886971935040e-03,-5.819100341009132704e-02,1.202673485355186013e-02,-1.784837309916192591e-02,-1.949108562928184366e-02,-3.630407639392069924e-02,-8.157211673864843415e-02,6.155591928965304521e-02,7.533878840903576735e-02,-3.007093920026198200e-02,1.508989401258635336e-02,2.674797752461797740e-01,-2.303015193537324284e-02,-1.735063879054489153e-02,-1.824596107273752377e-01,-1.966121114277637541e-02,1.207551461123242576e-04,-5.675962063220154480e-02,4.346069226347637482e-02,1.424005091766139264e-01,-1.115964413590863763e-01,-1.112055108421270214e-02,4.179052076889763073e-02,-3.009109679550710237e-02,1.023696039697519211e-01,-5.058766375436576229e-02,-2.051226442947516604e-02,-6.566309050898193334e-02,-9.709410842672175357e-02,-6.554170422083982483e-02,-8.206352662294653932e-02,8.609144838137290645e-02,-1.433165727654039760e-02,5.696246146024622897e-02,1.406187464722865980e-02,-2.452066623180156751e-02,-5.049200780546502648e-02,-4.145337365610812091e-02
2.851712066931135769e-01,4.323229954237828125e-03,7.946668118422499372e-02,-4.652076613420999540e-02,-1.265202098780716100e-01,-1.761038117493514965e-01,1.946231173936525394e-01,1.362287853480877720e-01,-7.184624001639386415e-02,1.166772228627987879e-01,-8.057661153890943728e-02,-8.372042929947645651e-02,-1.185894836282810200e-01,9.927579197492115981e-02,-1.156725854537732218e-01,6.886170537609610787e-02,-8.030309468688225094e-02,2.270342846275343399e-02,-3.941081632553345565e-02,-1.715123430915333202e-01,2.944590863766950728e-02,-4.099712885803857149e-02,7.715894485255779534e-02,2.747417464144451607e-02,-1.982375570503739151e-02,-2.801804773136341506e-02,-1.032723477578644106e-01,3.654972063900899931e-02,3.284477970780710215e-02,-9.463667133500251044e-03,4.395320125749128948e-02,1.483910737564014537e-01,-6.915560213485158481e-02,-6.329487461130887949e-02,6.720009541274984954e-02,1.648838982105947648e-01,4.896616964799401645e-02,1.131690166556964111e-01,-5.603882128411277752e-02,9.878610404735509165e-02,1.313124935847862773e-01,1.269082395170332590e-02,4.846594029533102255e-02,-2.859433415306479251e-02,2.177553921289109851e-01,-1.310856523767383597e-01,-2.852765837755018574e-01,-8.784939964653014355e-02,2.558413724915057936e-03,1.134390260506186118e-02,5.315410589626199875e-03,-2.821383810761100147e-02,-5.203356439935811345e-02,1.255500557303804721e-01,-1.306353618012742572e-02,2.974449946979587298e-02,-1.373411117068922549e-01,-2.077575804844950802e-01,-1.035540031163799390e-01,-1.355691332812041308e-02,9.431861975905611595e-02,-6.709676128247218929e-02,-1.644050796952209181e-01,-1.365397407552295661e-01,-9.889606787593172021e-02,-6.837204394193259482e-02,-6.843022003123543084e-02,7.038811888798159055e-02,7.203314686219065843e-02,1.264021889816868138e-01,-4.136552065326520172e-02,6.614290602212909154e-02,3.033663973644743286e-02,-3.603167213899619026e-02,-6.048282444383517925e-04,-1.388665311461389218e-01,-3.041727219598973700e-02,-5.128724159659091980e-02,-6.905082091819416540e-03,-1.863444538976110829e-02
2.370935434848986112e-01,-6.194387773500333733e-02,5.984393163271069238e-02,-2.839817461598214132e-01,1.623385858075480914e-01,-9.059300209491612244e-02,-1.282196969320600621e-01,-2.128369828742269695e-02,-3.750311744806845288e-02,-3.037622067420206809e-02,-1.294818273135310283e-01,2.633250275095993381e-02,4.289104286007446422e-04,-2.636400983270584253e-01,-1.778008326505219061e-02,-8.891585556904758880e-02,-1.208865437909194089e-02,2.374069159216257718e-02,8.365121280795154157e-02,-3.236531535787787184e-02,2.030840418151246274e-01,-1.302731442744505808e-01,2.042935332192119813e-01,-1.424200127043161734e-01,-5.998753728067893198e-02,9.570991984557079141e-03,-9.498385782329744897e-02,-1.213903120291515564e-01,-7.917363230435546517e-02,-1.220980767553904861e-01,5.922538982899280130e-02,5.594655957031113673e-03,-1.283323074213039636e-02,1.154001384691973331e-01,-2.310263329632959717e-02,-7.115545469310161943e-03,7.842572228990245253e-02,-2.283263668736150442e-01,-6.997313059233602195e-02,4.403803961451051990e-02,-1.014559557654548250e-01,6.353976223854041101e-03,-8.941783254046022089e-02,-1.124835016983664025e-02,-8.688796705187041072e-03,-4.106533128302065211e-02,-1.087296193665772404e-01,7.084970535389507884e-02,3.912177957468260941e-02,7.744765883014362827e-03,-9.843715290681175067e-02,-2.608219120435556482e-01,-2.125267619920490070e-03,-4.778420396943389853e-02,1.643486563487082941e-02,5.446775910894197797e-02,1.690090184899705958e-02,3.976732203660500453e-02,1.003415835487013186e-01,1.068620590580121876e-01,-2.751541107125787984e-03,-1.719472012557042226e-02,9.574239353210352299e-02,-1.311346167757734132e-02,-1.572828503975654546e-01,9.258542083924055019e-03,1.878491673710735944e-04,-1.333518326330535020e-01,9.720493538347015072e-02,1.175858805033801607e-01,-1.257377966705515993e-01,7.482533417144629495e-02,1.919631924893426544e-01,8.306564707833302696e-02,1.059018674166097018e-01,-3.444115922792261031e-02,7.240549366872774117e-02,5.548590304335286605e-02,-1.677413391566454637e-01,-3.827592412140407713e-02
-1.767975919071571728e-02,4.986191545202000447e-02,-4.217931834230004284e-02,-2.766884448518953238e-02,1.647190419539091288e-01,-1.213305377866979590e-01,5.429942434096726028e-02,3.228554251315497031e-02,2.367826923548506032e-02,-9.144927565846068529e-03,-6.782049156655983735e-02,6.792494988358240005e-02,-5.677950477821947124e-03,9.804963767873339786e-02,2.111486655437206372e-01,-2.235016525435441492e-01,-2.146136941525441516e-02,-7.550419247341481552e-03,3.021510815021352311e-02,1.245740589480831273e-01,-1.006220674918792551e-01,-4.352290110985619631e-02,1.404812976590804341e-01,5.185912793028450707e-02,-5.349934637950525679e-02,1.022972628707360943e-01,-4.433323484309266427e-02,9.759488657110078347e-02,-6.483732432811967206e-02,-1.698944954946011165e-01,-8.080155466724341096e-02,-4.999776551572123612e-02,-8.054233803920562984e-02,-1.885207489697359948e-02,-7.459443060622157964e-03,3.628566731456324412e-02,2.157759815698129247e-03,-1.403933181187585477e-01,1.159388472895658412e-01,5.630462641605382679e-02,1.023951177970025689e-01,1.156544369825123764e-01,-1.016377111844561226e-01,2.245176833908678338e-02,3.372683049926845922e-02,2.184829664526816845e-02,-1.382439491892210603e-01,3.421088196345197559e-03,-2.247318812858163650e-02,2.798675986076100061e-02,-4.323414517599603185e-02,-5.658909669949460652e-02,-6.991554153680416828e-02,-1.464346959636330658e-01,5.278704054197966289e-02,9.099117382146763855e-02,-1.307895622716720163e-01,-1.107503904597884753e-01,-5.899075323575021790e-02,-1.580595657855225766e-01,-1.392706595145231652e-01,8.384521121457086390e-02,2.472255578013771854e-02,3.427620972712761612e-03,5.890501166835013930e-02,3.999241511617037531e-02,-9.472259170819170848e-02,1.950189435732773979e-01,-6.219506215444802616e-02,-9.076833766555766903e-02,7.524596151115225950e-03,3.492462410213368479e-02,1.656763820673329626e-02,5.550713282338360505e-02,-7.478016438327175774e-02,1.043826482023742785e-01,1.879066734508968300e-02,1.018017182654884362e-01,-1.814245720485643532e-01,-1.196132879536612736e-01
-1.836398142133708611e-01,1.761438858113838213e-01,1.171179875174937907e-01,-1.781208052310780943e-01,-6.110934728129415600e-02,1.230649740900100070e-01,-1.148549303079480083e-01,5.506775209426424678e-02,-1.700389943668410148e-02,-8.356009358079756477e-02,-5.562222323647662142e-02,1.208185637156819654e-02,2.641665515763438887e-01,3.501533111148615041e-02,2.048362884223155767e-01,7.299763161014649442e-03,3.379412016728803453e-02,-1.620343871023417759e-01,-5.227380918758419565e-02,6.119008764631727465e-02,1.274650580039416933e-02,-1.366888709700996296e-01,1.071235428201753326e-01,-5.975139829331962277e-02,-4.833661618716717651e-02,-1.414090069749415479e-01,-9.776253304623191975e-02,-1.672703278210982067e-02,-9.834851732772517674e-02,1.150959751560055033e-01,1.512318033228394754e-01,-3.477400824951078651e-03,-1.792786658821829693e-01,-3.437184852512309430e-02,-1.142335589197381041e-01,-3.942402851634588257e-02,4.320216748870033679e-02,-9.368371028921576582e-02,-4.184463604439725426e-02,3.394867980607905733e-01,-4.028204411058414897e-02,1.080927292680128882e-01,-1.011594619182338006e-01,-2.147018341167394873e-02,-4.232217971511124249e-02,-8.545687638370139116e-02,-3.300216676983110109e-02,-4.621575837985951452e-02,-1.434180788534873963e-01,2.559968274609860164e-02,-7.517413662073144098e-02,3.962123904815897241e-02,-1.371893347051163503e-01,1.180710862230228003e-01,1.767323184102359002e-01,7.258130700258698907e-03,-2.126687031899434158e-02,-9.095070227385645967e-02,-1.140331194455874164e-01,2.917854958531642881e-02,3.853459965937740869e-03,8.734976346212568188e-02,-1.587405460880941255e-01,6.695534276722139855e-02,-1.323589817170156002e-01,-1.224456718264909788e-01,1.956304320685907649e-01,1.743971519196657605e-02,-6.093774940458116483e-03,7.955905873915132542e-02,-9.986267593619320426e-03,1.018489311416854726e-01,9.026677907414432100e-02,2.370948300874433333e-03,1.179987484664546532e-01,-1.725959443156144524e-01,6.097911968715910569e-02,7.959869310713604817e-02,-1.090261583618319652e-01,3.797230426495734612e-02
2.117663582741697789e-02,2.327778170965584190e-02,-1.483179561843902539e-01,5.386419807632173741e-03,2.987552278512393134e-01,5.911434213000997528e-02,1.679900841604328385e-02,4.413549420054085903e-02,-1.454497119650491888e-01,-1.448992584229296665e-01,4.984141107630010725e-02,-1.452480818568643306e-01,3.569125735780176445e-02,8.072639089450581174e-02,-5.247943094248543744e-02,-7.762295399540860251e-03,-2.726251619885992558e-02,8.371023627031574238e-03,-1.000929048069448130e-01,1.161210346160883033e-01,-1.383296294501315526e-01,-7.687277004519724177e-02,-1.961502715082858450e-01,2.943393402353948474e-02,-1.226859764095407923e-01,1.392265214261557138e-01,7.668811049098435417e-02,-2.632866590822473263e-02,6.619656478132222854e-02,1.410607328461869481e-01,8.030954948554443196e-02,2.625346790419991888e-02,-8.083360806179437641e-02,1.091929842753060903e-01,-1.461771522923301092e-01,-7.895789616744611217e-02,-6.560270702244738739e-02,-6.212601353622163730e-02,-1.989833069410055708e-03,-2.237270813086149890e-01,1.594815896982376413e-01,-7.516184455372749984e-02,1.213808746791632115e-01,1.255787153689126058e-02,-8.360213546410245888e-02,3.254199672713010971e-02,9.093122870698613913e-02,1.419763883733059229e-01,-1.255145964127008518e-01,-6.309564996496995481e-02,-3.748330794545249450e-02,-6.903616574479594543e-03,3.528284045000165681e-02,-9.092715456487260317e-02,-9.069886754183017347e-03,3.198516438841343679e-02,-1.956015228447570697e-01,-3.467295960604386412e-02,-5.165119688479205551e-02,1.059422044707530874e-02,3.595317493994407143e-02,-4.424586499133530831e-02,4.711090621070519041e-02,-3.483358868272459080e-02,6.151184259351288180e-02,-3.376330493897515550e-02,-4.962948828216759423e-02,-1.642237457806422843e-02,4.858890085363293948e-02,-1.094140703200675163e-02,-3.753230577789166272e-02,8.006234117322522451e-03,-5.050340684279679138e-02,-3.497701150467485282e-02,-5.483664335429941361e-02,-2.738112523982535670e-02,-3.207566164629708366e-02,-8.431266436905848066e-03,-6.361228710371173364e-03,8.212157447248903674e-02
4.521009127595947835e-02,1.236543686465803177e-01,-1.958020824902245993e-01,8.662038826309620410e-02,-1.294259085270484111e-01,2.190215766370008921e-01,2.919701590592253468e-02,-9.997818386187239115e-02,-1.073796427401479681e-01,-4.169325981753567445e-02,-5.583835265644041673e-02,-1.104318326475942219e-01,1.475426660319332228e-01,1.731737936695446067e-01,-6.348444246251147560e-02,-2.972624516722723736e-02,-6.762818641011940357e-02,-1.116091024671592158e-01,1.972571316403886610e-01,8.568736990421775557e-02,1.042530878720262927e-01,-7.776938635264865618e-02,-9.918844542497456951e-02,6.656521118378197488e-02,2.982847550828857455e-02,7.370134823859984807e-02,1.223534587117352107e-01,-5.268308011374140537e-02,-4.112171278003870500e-02,-2.299338914603761899e-02,-2.122422987714782036e-02,-1.503972641126231219e-02,6.128839324054143056e-02,1.375723998679207749e-01,-5.045985801166161244e-02,4.219202556551458760e-02,-9.708952016451435907e-02,3.570205591905259435e-02,-2.394506645802859379e-01,-1.901091463425416406e-01,1.217593255662857837e-01,-4.537463133192388975e-02,7.695015291937527466e-03,3.043951888398947411e-02,-1.161946489536361676e-01,3.519277758747494517e-02,-5.986763684064518552e-03,1.008557640837305647e-01,-7.529720276514920716e-04,-3.905239115281178286e-02,1.106973610823763499e-01,-2.514994431784911902e-02,-1.258137632924234001e-02,-1.788232181573862212e-02,9.034674389983124443e-02,-8.140961840114500914e-03,-2.096447100143229020e-02,-6.557523180196396864e-03,1.974925241468015319e-02,1.098075431777207206e-01,9.684997202235007263e-02,1.276655685476065227e-01,1.167514438948619448e-01,-7.469256678652712311e-02,4.693622941720663848e-03,1.307806408077163696e-01,3.573217389135682764e-02,4.542844631609042200e-02,-7.376349033709629632e-02,2.564097103922485452e-02,2.211322288258604080e-02,5.508453585281530146e-02,9.771065707250777693e-03,-4.084476430085606097e-02,1.126559195065731100e-01,6.677955810556486689e-03,-1.073191808997297214e-01,-4.405589963784211499e-02,1.244103635805829389e-01,-9.423550880798690910e-02
-2.285844321331479637e-03,-1.451435319222999232e-01,2.207312484553154985e-01,4.346827746675707531e-03,-8.973358010738521906e-02,-6.056624146021215294e-02,-3.412254981961270611e-02,-9.758647012126966946e-02,-2.773759654675061678e-02,1.213204122543694030e-01,-1.787144763235724160e-02,-1.312657233510810748e-02,3.993681582565880572e-02,-5.358090756316429698e-02,-1.232053802024325601e-01,-1.670159229692468050e-02,7.396722680043606168e-02,-1.512128365011018161e-01,4.795415629672152708e-02,-2.520693351524353268e-02,3.715058325397257999e-02,9.064790946163861496e-02,-3.988575520155676624e-02,-1.016533230795565665e-02,-1.391068204280899168e-01,3.984248744288224064e-02,7.675022765990145712e-02,-5.166579975579407152e-02,5.623820680917553799e-02,-3.690360005484348560e-02,-3.263021298003676487e-03,5.559273141602236873e-02,-1.260349259109531939e-01,-4.502616470603212906e-02,8.386439774403028902e-02,-1.880362582575323405e-02,-6.060809083211657344e-02,4.702829067642817773e-02,-9.368283024035388082e-03,-5.110802549738378137e-02,-3.689631643951681028e-02,7.519435951118062789e-02,-2.742050901606681718e-02,-1.673304720201074514e-01,-7.246785376874259610e-02,-1.094765568206444578e-01,5.095712969601448594e-02,-6.823002837416498878e-02,6.972674714353668812e-02,-1.431524424802118334e-01,9.528957561184522862e-02,-5.715418558132249506e-03,-1.164075429461503344e-02,-1.280681040609888965e-01,-1.836007680805671835e-04,-1.753942533459309228e-01,7.204681238094119700e-02,-7.126157630291342360e-02,-4.282974071948094513e-02,-7.055753652496972450e-02,-5.880727308113724294e-02,-7.891547945376346795e-02,-1.450294570081210321e-01,1.123336270265813674e-01,1.709868089333790517e-02,8.330458621194297697e-02,-1.017395853995295418e-01,2.537377847371478576e-02,3.892708224294628289e-02,8.705938745719632443e-02,-3.271815621660675161e-02,-3.079458227291633193e-03,-5.774555829565442000e-02,4.508743873303537597e-02,9.433187853731865580e-02,1.352769753980831713e-01,-3.883936459456013846e-02,1.926244176965551808e-02,8.545611514791681684e-02,-7.016413661493056675e-02
-7.675162208046645840e-02,1.362583984899816414e-01,1.398772122749331048e-01,1.124294229276706497e-01,-6.656584159877068640e-02,-1.380752160531750761e-02,-7.785560133305030606e-02,1.538814677431051166e-02,1.472959618311153740e-02,-9.220197904399635158e-02,-1.763216686637658626e-01,1.364548254980533504e-01,-1.272939258560876474e-01,5.805362043427401107e-03,3.642634454373540331e-02,3.665190270237115439e-02,1.659160613959181074e-01,-2.631690448204396238e-01,-4.963440028123604353e-02,-9.400692029619524270e-02,3.941185449102158067e-02,-1.319173410186835586e-02,1.568634349295013330e-01,2.742586471747809201e-02,-2.313568798242841285e-01,1.504651987618075282e-01,4.925883968792740125e-02,1.728063605978674422e-01,-1.149990795116515863e-01,-8.955344862498308689e-02,-1.591389595301671567e-01,-1.025223628936237225e-01,9.168300527510489517e-02,1.639178909889290603e-01,-3.509548815733101040e-02,4.470360137651829824e-02,-7.748077729070933228e-02,-1.529096928236130248e-01,-5.646459873447377299e-03,1.420242060801322204e-01,3.082079690906323194e-02,2.109736374064948364e-03,-2.065011477297004974e-02,-7.066231373140663408e-02,-3.308325717820659231e-03,-1.107049135077278618e-01,-3.679851159519795939e-02,3.200694582783219361e-02,1.191087390256315715e-01,6.196628836567407567e-02,-9.138944658135614296e-02,-1.022350310224137970e-01,3.645634353247162451e-03,1.596168366775612898e-02,-2.046466918065708573e-01,2.068939570783421417e-02,4.442763268277181293e-02,4.276255345450983431e-02,-1.396612698778391115e-01,-1.723843233883894932e-01,4.028730149997117489e-03,6.549054041746488197e-02,-9.335509963794624833e-02,-4.980373559950215107e-02,-6.414987249784662171e-02,-1.061691378715974576e-01,9.945118190822903326e-02,-1.500633303736673974e-01,1.032884151628723352e-01,1.145488232092221025e-02,1.364035049003293476e-01,1.648215667619558344e-01,6.054616406939837547e-02,-5.295651109673966267e-02,-1.429444747107135316e-01,4.419414172136969937e-02,-1.152887221587438754e-01,3.295540637007333268e-02,-7.165363931545100373e-02,-1.632815567907129617e-02
1.097731417158312739e-01,-5.551240550417056024e-02,1.137414091843877428e-01,6.583298789426602661e-03,-1.372467019753071116e-01,-1.198678944329153728e-01,7.101039143829109002e-02,-2.928155124347326943e-01,-6.443368563934070981e-03,1.058649483399002732e-03,3.417508201881711699e-02,4.167151032742222143e-03,-4.568573585226671369e-02,-2.061282803888538628e-01,-7.554464457352713658e-02,-5.280335036381442193e-02,4.492672608603727469e-02,-3.912242129726155315e-02,-2.167139298849555043e-02,1.053241762976390022e-01,-1.299417725854705268e-02,9.097709458085355416e-02,-1.319064592894193810e-01,-1.373358625885717776e-01,-1.110148041313496342e-01,-1.622032801683221878e-02,7.277995003587584000e-02,1.840464187757069256e-02,-4.589549005117667807e-02,3.031081046283337285e-02,9.405759173567727893e-02,6.886355398193780286e-02,-1.943906305623300038e-02,-1.694617347541216984e-02,-6.514338989949605696e-02,-5.088626533649853734e-02,-2.635317157598808177e-02,-6.402492028956015269e-02,4.096330046520214180e-02,4.707273694419864679e-02,3.993897734810804810e-03,-8.639053676799356152e-02,1.086823096924864063e-01,-1.529426374239475916e-01,-1.057486962166414302e-01,-9.780675040871236736e-02,5.140143815355253942e-02,5.693171935755417939e-02,7.806511561678564255e-03,8.617890120086320674e-03,9.133202019311204012e-02,-1.174829904961620791e-01,3.029326901472210662e-02,-3.033981807153782878e-02,1.445782274397166556e-01,-3.914072123343482340e-02,-1.516334687572396256e-01,-4.838618954457987731e-02,-1.134272895825869654e-01,-1.198869717308365668e-01,6.974814411207060083e-02,6.300977539345718748e-02,4.481448285964207551e-02,-1.738105336349923535e-01,-1.743887522605826884e-02,-1.197959594677952266e-01,6.203994890637094806e-02,-1.210522359034315737e-01,1.200773243728983364e-01,3.337516129105004559e-02,-2.632878201532662474e-03,-9.735618651021332726e-02,8.386701534776570821e-02,4.802839931491151293e-02,-1.521736695024160195e-02,1.485620644352075859e-02,4.082788021190953028e-03,-3.521096903333446881e-02,8.830538852025740515e-02,1.994439014131087207e-02
2.682829412587201534e-01,-1.035804041596187844e-02,3.505859218041183258e-03,8.919759482684815055e-02,-1.295471484170745702e-01,-4.755670091783929798e-02,1.512123497282490125e-01,4.170795908480087744e-02,-2.381383389837758158e-01,-6.909778865981594520e-02,7.606389105038409426e-02,-1.744807440796965203e-02,-2.869116443743858699e-02,1.298772001327495318e-01,1.423861449212734422e-02,-1.084460228868961290e-01,4.980556454610537281e-02,1.373493865969858119e-01,-2.703368833190415016e-02,-2.457501079834705296e-02,-1.835364758524426002e-02,7.446042249341801311e-02,-9.762008659528902121e-02,-7.724229032688875035e-03,-7.311081676660793893e-02,-1.523719869974865526e-01,1.980181689138586498e-01,3.325966216261521530e-02,1.194306003526851567e-02,-7.661074042104595860e-02,-7.601900230142666359e-02,1.331128051109163428e-02,-1.639607441211425598e-01,1.187050963938709319e-02,-1.417277111142420561e-02,2.159188895115625104e-03,-3.745494622110773306e-03,-4.662399145057796734e-02,-8.152535372401435720e-02,-1.922281902017134447e-01,1.175225250257597998e-01,1.270363263303608270e-01,-3.684097516263377947e-02,-1.515221738994411080e-02,6.299118940527237073e-03,-2.305063226743173932e-01,2.731857117993346292e-03,2.586620271450497666e-01,-9.177284715220233868e-02,-3.296663055934240943e-02,-2.795390141715266719e-03,9.286289069965071585e-02,6.223904291216698914e-02,-2.092860310782713659e-02,3.971197591732664872e-02,-3.680215182909441635e-02,7.094058089153680580e-02,-1.620721269142781640e-01,-1.039914084738043226e-01,1.787510783924283753e-01,-3.406854850785510230e-02,-4.451609407111874195e-02,1.498140418139403129e-01,1.007672434739345924e-01,1.081994255306409358e-01,-3.386640425405122029e-02,3.032713033262903965e-02,-2.486834062569131046e-02,-1.180330480207620811e-02,6.331952642882096582e-02,-1.295308035354161558e-01,4.582695134399071557e-02,2.001389165494348032e-02,-1.060388260783412390e-01,1.322835366822571086e-02,-1.670831329193423614e-02,-1.113726224804029025e-01,7.936665691780769860e-02,-1.516607747867091197e-02,6.546258574977241451e-02
-9.518330388371480655e-02,1.679971732191875566e-01,1.607746537224340189e-02,1.585054911649384432e-02,2.448930041995296958e-01,1.247293259618619844e-02,2.554523720100984052e-01,-9.206968355346404481e-03,-6.768457031091327722e-03,-1.968640135411621195e-01,-2.029931310792870980e-01,2.832049032903765085e-01,1.049592013156330633e-01,-9.607814531172000072e-02,-5.335547735888953452e-02,-1.442755537784298492e-01,-2.381138769759578999e-02,2.139020721055899521e-01,-2.403005317509289765e-02,-1.179210189267945880e-01,7.221499165543729393e-02,-1.077196194983891103e-01,2.266807438900274307e-02,9.830447855321206019e-02,-4.720214172668805823e-03,-1.002787334968744393e-01,-6.174974982364640069e-02,-2.377145819450892858e-02,-1.202693580218692077e-01,2.120110220859362793e-02,-2.131233620148225705e-01,-1.924206090210673348e-01,2.255511647731750502e-02,9.518170248793539345e-02,-1.544439923105439261e-01,7.956722095276248796e-02,-1.196268386928577981e-01,1.347533387848131037e-01,-1.084013544223469822e-01,-4.183577887780243892e-02,-5.348699817702747689e-02,-9.710493568489121652e-02,-1.187853994136558143e-02,-2.654628445837542428e-02,1.253142743292353090e-01,2.277505755752099251e-02,1.845753589337624859e-02,-3.144820168050531384e-02,1.009482021445748945e-01,1.208373006525127052e-01,-9.843637004942949742e-02,7.452138934837268525e-02,-2.359606836036958755e-01,7.493251631877949348e-02,9.302735768259150217e-02,-1.072400686212657411e-01,3.264840719162244442e-02,-1.538278602002483564e-01,-7.996962045246538975e-02,-1.772964180229911341e-02,-1.762054987129383493e-02,-1.983897412638400623e-02,1.312296199583940504e-01,1.195352804367108418e-01,2.622228690055498565e-02,2.929617200350995848e-02,-2.354482362676929216e-02,4.803456310457974304e-02,7.106402382756009384e-02,-6.173533843730630993e-02,1.236802017228829098e-01,8.598582961099725253e-02,6.352729553409605656e-02,3.664275490353231107e-02,-2.620672928145357725e-02,3.488036996271665774e-02,-7.167440695098018823e-03,3.894075263647656104e-04,-4.840288780576148392e-02,-8.059923568541324523e-02
4.214868934555238145e-02,-4.399860399428413837e-02,-4.796674471393855494e-04,-1.159853210456635031e-02,1.307410459966559801e-01,2.290557108916550788e-01,1.369084921476019234e-01,2.765367351683163319e-02,4.770060574472485132e-02,-2.406603943955062663e-01,3.321593630474570236e-02,4.896380706455755877e-02,-8.347469411133458250e-02,-6.500968844452685580e-02,-2.145374676266842695e-01,-2.260751227892956322e-02,3.875318177204061659e-02,2.017907253586600710e-02,-3.803790134156492808e-02,-1.585911051657154791e-01,-1.285762784465548647e-01,-2.327759935687133408e-01,6.162383649338587510e-02,7.393277607071781221e-02,6.275230908116083417e-02,1.958153693880873569e-03,9.251523180552455317e-02,-1.748825086899877604e-02,4.107987333458949092e-02,1.594879103596157643e-01,-2.332616262201760507e-02,1.149787969453306274e-01,1.306114192981250866e-01,-4.167655428970371001e-02,-1.776549899345994110e-01,-2.775836516102093976e-02,-8.862977264298748867e-03,3.630545103303018523e-02,6.910447461809636482e-02,-2.028701452623507262e-01,-3.737765145484118201e-01,4.550152470814274042e-02,-8.699835535422766053e-02,1.659860650526099601e-01,-1.174100619187457839e-01,-5.686197557933821145e-02,1.490079400914616839e-02,-5.608253265358410268e-03,2.528624581547563380e-02,2.342296245993424550e-02,3.980656600878365592e-02,-3.037831200444990887e-01,-4.288513113220986106e-02,-1.152638404839228109e-01,-7.798328375358794598e-03,-7.024197446709765091e-02,2.601174386628751084e-02,-8.802489434709204544e-03,-1.572739569174242888e-02,-3.952013553318010908e-02,4.630701893013858955e-02,-1.648604907897936456e-01,6.658130325748752576e-02,5.707378909804528000e-02,9.342027935109731979e-03,-1.543357586424983982e-02,-4.022956558892620826e-02,2.448576724344805108e-03,1.927061782142691984e-02,-5.502762434974964312e-02,-5.817816542852495554e-02,9.373544996984822797e-02,-5.719037677309647683e-02,-5.689422315616976533e-02,-1.125927408898804161e-01,1.012008820827491051e-01,-2.002727625658218269e-02,1.298228708443089630e-01,6.261944441280295481e-02,1.334088021505648036e-01
-1.594997411034968227e-01,2.699734357069048102e-02,1.328157069446543603e-01,4.031067429851625111e-02,2.014235923187216726e-01,2.378987827692410073e-01,-5.048062581606475169e-02,-5.088503828056934603e-02,-3.372637721218061518e-02,9.156922016432396394e-02,8.288483216902417516e-02,3.441200205792768752e-02,-9.365103014677909898e-02,1.474343251763496065e-01,-2.231037145151274284e-02,7.311733385396107510e-02,-1.211171592014028547e-01,1.766023621494524909e-01,1.308392934158633947e-01,-7.314527192302684722e-02,8.794365097358035344e-02,2.168815555725716812e-02,-7.584047578783675858e-02,2.093489384545849652e-01,8.309985118644448721e-02,-5.498764847232185532e-02,1.476185649688211698e-01,-3.962035415928955029e-02,-4.232172683827600118e-02,4.385318944333025520e-02,-1.214190329728380841e-01,2.387175870646695772e-02,-1.891324679270365849e-01,3.235032744084000156e-02,3.072077518012170799e-02,-1.470200415623467982e-01,2.848647503264555014e-02,1.553727947345366449e-02,-7.495946290535130535e-03,-2.585191813943961067e-02,-3.252336069933162849e-02,-4.893690583144895412e-02,1.394549217388057205e-01,8.876709225777840162e-02,1.301936426908926851e-02,-6.091734973084889787e-02,4.382577971779176573e-02,1.268836085630942710e-02,-9.009805937858371416e-02,7.611617245007966381e-02,8.012841317668766006e-02,1.148165744153208517e-01,-7.463836514778687814e-02,-7.851373282343172832e-02,-1.045906082179927643e-01,3.307907104391598352e-02,-1.057909329170699658e-01,3.824077799010099782e-02,6.368367012901245128e-02,1.276414348264232057e-02,1.692441397844860473e-01,1.109220996974894652e-01,1.076852672455336640e-01,-1.088288272291325909e-01,7.778789618090803382e-02,-5.396827517322030227e-02,3.129613312013633519e-02,5.591342493051913026e-02,6.099382430328895849e-02,-1.588783118205735756e-01,-8.358522354734573834e-02,6.824537831399339616e-02,-5.722481980048269717e-03,6.727999064801105933e-02,-1.509857349729424869e-01,3.468062148437113523e-02,-1.402500936711622848e-01,1.203470931744326650e-01,-1.034324027948852198e-01,-4.333327575284738999e-04
5.281747095242059903e-02,4.626932987984307133e-02,-7.956175872049238429e-02,9.698753692755304745e-02,-8.472954349286578035e-02,-4.784930184418326182e-02,-1.367851339005023426e-01,1.007451238905412993e-01,4.504263358381125487e-02,1.022909506152884784e-01,-2.388133503163918092e-01,-8.747342441243503505e-03,5.321823345893827995e-02,-1.938555893984666711e-01,5.993504173717239397e-02,2.852125906796393329e-02,2.138713526971266765e-01,-2.393543578882986189e-01,-1.091862478541602982e-01,-3.838809207818830171e-02,2.103778494124123599e-01,-1.158808159848732228e-01,1.367368373171805596e-01,5.635408843033535425e-02,8.309728180691577926e-02,1.390672195961782376e-01,-3.963865900524617125e-02,-9.706122965140898118e-02,-9.692370055333573986e-02,4.824778779570206705e-02,9.300438735132625367e-02,1.799937572497599392e-01,-8.526115929299989127e-02,-5.169873651023126210e-02,-8.668159879523369693e-02,-8.580956465033361125e-02,5.755524182167016251e-02,-6.485853917790758427e-02,-1.554852201577552051e-01,5.802635531726504231e-02,-5.914480613084426713e-02,1.373188150039590660e-01,1.515177434292512837e-01,1.738310420421189731e-02,5.177815279771044027e-02,3.351899932824200373e-02,-2.717457217667797187e-02,-9.797009286312600984e-02,-1.580668507886162644e-01,-6.845524033964883737e-02,-8.248525350170259063e-02,-8.826560800483126967e-02,-1.067519386542266496e-01,5.461468632762855185e-02,-1.158153353035143614e-02,-7.211886660956649819e-02,8.768545787145995418e-02,1.641481560648460139e-02,-3.550472707439581571e-02,1.022624954434238898e-01,1.300099517988547448e-01,9.381144690011358755e-02,-4.064403103016060725e-02,-6.233533172978898695e-02,-1.231453822692234051e-01,-3.791149849329430999e-02,3.410686342427909218e-02,5.125713298094071446e-02,2.350471128152601188e-02,-1.579234675408863753e-02,-1.302642162310224117e-01,3.643981522763507785e-02,3.427535878252398194e-02,-1.446999257543618023e-01,3.850882785779315837e-02,-1.810189852649653763e-01,-5.237174933774187829e-02,3.897574549816752720e-02,-2.894837588048921814e-02,5.516832441922245485e-03
1.071739516075512072e-01,2.418572734201927532e-01,-2.351909610866332115e-02,-5.944500365675983028e-02,-8.211044297063653519e-02,-1.354089246220513756e-02,1.147736259420760463e-01,-8.804730782679319467e-02,2.506276425544471179e-02,6.311619490751577133e-02,9.213214782824775961e-02,1.039342434233199441e-01,-1.149169870150664602e-01,8.926846217142828110e-02,-1.324992063052527203e-01,6.577963042410364669e-02,1.877750813558780041e-01,9.439846418501256220e-02,-2.671092765724399354e-01,1.486989588501508308e-01,-3.702570233336530126e-02,-5.423943288337117197e-02,2.499588310122432752e-02,-9.350368535729475239e-02,1.346035296988814522e-01,-9.485406782931495029e-02,-1.824164599882080809e-02,-3.155305037012424985e-02,5.814402058674869589e-02,1.891070714097369820e-01,1.785530150924065362e-01,5.352888119127519745e-02,-8.113765853923873839e-02,1.033304966360796828e-01,-1.075932405413859150e-01,-1.324638476350025948e-02,-7.158508417507046528e-02,9.796350777576019742e-02,8.132046803766461787e-03,-2.864959837947400525e-03,7.530756770922460153e-02,-5.957789473297885052e-02,-8.067795499457090791e-02,1.214691969289815113e-02,1.096730052961515309e-02,-5.668423172845903080e-02,-8.197239018702878049e-03,9.889829425429653986e-02,-1.292879296597859995e-01,-4.026955141169288876e-02,-6.138041064681053899e-02,-1.464874916641978608e-01,-1.774920798837218983e-01,-9.751819183460819218e-02,6.029653555331046522e-02,-7.784780158455832655e-02,-9.330123829596072282e-02,-6.374315860942689205e-02,-9.297837658975335873e-02,-8.124911694551485708e-02,-3.059836357888674474e-01,4.461114690703604779e-02,-1.580677757547811063e-02,-2.930832020949237365e-02,7.499765712919947980e-02,-1.241981567179941820e-01,-3.320860671703547429e-02,1.746092450491239234e-01,-1.755917363065534822e-02,1.103198597058368535e-01,-1.782110817617766907e-01,5.758648670018930160e-02,1.011752720080470597e-01,1.298911715387007504e-01,6.886337575081720452e-02,-7.332501650945054406e-02,-1.917170092163755224e-01,-1.716403516883599489e-01,6.695755510510270191e-04,1.157649251745998704e-02
1.312570345981112774e-01,-3.245632381107415448e-02,-1.178925105367689685e-01,-4.355258901283446532e-02,-3.052670966068624092e-01,-1.488777855472117051e-01,-2.092273916755621188e-01,4.657052961426604021e-02,1.152304029268364088e-01,-4.168389018460531836e-02,2.443713447777221340e-02,-1.437627997812088443e-01,1.069636792570409500e-01,-1.415159319233034313e-02,-1.986146581910014919e-01,2.176359241310235615e-01,-1.739904106800331876e-02,-6.714743586828633704e-02,6.367999631650293757e-02,4.532101611512976552e-02,3.984618096368815914e-04,1.413461098414775519e-01,-9.244225086298527017e-02,-1.615915363578964703e-01,-2.055184126438816192e-02,2.676046852797949738e-01,-1.738837699069455123e-02,1.652736073316062385e-02,6.609248132678594012e-02,2.617481765493390091e-03,-7.009526295542613250e-02,-1.645226893829816392e-02,-7.142021117685463938e-02,1.425244742044124990e-01,1.549682355324891354e-02,-1.132957666330749874e-01,-9.481929740798129488e-03,4.232413637965446070e-03,5.960746081224729126e-02,-2.403812703715425270e-01,-2.680015143841341183e-03,-4.647890185470968799e-02,-4.496470414858453474e-02,1.801823542768340725e-01,1.881254730904440564e-01,-1.392658176465885571e-02,-5.993724625954223451e-02,-1.226802037859917038e-01,-1.583259453977499745e-02,-1.265795033183190754e-01,-1.917158563277571726e-01,1.753633545004361916e-01,2.204023153066706278e-02,-1.206534766896157490e-01,-1.233669417519072387e-01,9.611732105941309112e-02,-1.031052501596037979e-01,3.427945882949565148e-02,-3.812049207074840601e-02,-1.082632969385701610e-01,-4.425488165567093013e-03,1.278681137859505046e-01,1.427624432553442667e-03,-2.816612250417599439e-01,-2.266898536114740279e-02,-1.586704696868394548e-01,1.943837085422772323e-02,-2.707208693134354263e-02,-1.791707408707524096e-01,-1.762136716539678197e-02,9.025578182327638477e-02,-8.947720535614051007e-02,3.404759418569081736e-02,4.423696035538071669e-02,-1.448082892811877569e-02,4.000732944541796066e-02,3.717812874390684363e-02,-5.236187878231125803e-02,4.629748144877874477e-02,-4.991262031975725322e-02
-9.098537993899132037e-02,-1.208248832339043760e-01,1.380363449524602340e-02,3.112632824322379699e-02,-2.172204280456330461e-01,2.840719817767643485e-01,4.872141025775780787e-02,-4.879524660847830292e-02,1.237505632874561917e-01,-1.473080297527729109e-03,8.750619468042659943e-02,4.253991457827015904e-02,-5.551755398265535713e-02,1.393980372463943327e-03,-6.554807693530800838e-02,-5.017861099450864754e-02,2.555052335310762594e-03,5.281672728231399244e-02,-6.267898941293688353e-02,-3.309753643428637107e-03,1.518740106640479870e-01,-1.142039619843591147e-01,-9.088278167071825453e-02,-6.274578134338763824e-02,1.047079385696784715e-01,-5.613637597227497805e-02,-3.630656476734630406e-02,-3.699534722845778528e-02,2.002216553716806499e-02,-2.786401558320664718e-01,1.808105821608942815e-02,5.799167007924628525e-02,8.511880940943999940e-02,1.134795385640956639e-01,-6.951266821602471169e-02,-3.194259746792484089e-02,-2.181733655270462757e-01,-1.057840886919156065e-01,1.227512871453908250e-01,9.777689893130313281e-02,5.305147667924360599e-02,-3.656208389088661664e-02,-1.018957096964372144e-01,-2.638951903409330474e-02,2.470377957425988133e-02,-1.100829611230506704e-02,-8.360143231159272714e-02,7.250151422786411948e-02,-1.456003279418045804e-01,-9.120902401021586947e-02,7.930150956343064161e-02,-5.710728415401147839e-02,-1.128831601612061974e-01,1.201136916017309930e-01,3.080724121028995816e-02,8.192082005124563804e-02,-1.237094683568912418e-01,5.427950512754884521e-03,-1.134661464268872308e-02,1.098407854960923441e-01,3.720539005327260645e-02,-3.058283915385147378e-02,2.272154344933100326e-02,9.087477561182980001e-02,1.075311509879524619e-01,-8.202230438505285492e-02,-2.016303413869544037e-01,8.667275260071514997e-02,5.057360370442078035e-02,4.986738529153848104e-02,7.450701534757729616e-02,-1.410647354706274781e-01,8.793929119641467548e-03,1.291409074274996877e-02,2.215469149042329500e-01,-3.363414423788701341e-02,1.087903046582649053e-01,7.716462265200171172e-03,8.476162397343509070e-02,-1.710853607322181391e-01
9.891600945058257044e-02,-1.106500047967108880e-01,-3.280070546460359115e-02,4.893277454659923642e-02,1.823259762633315517e-02,-2.911769780939956268e-02,-1.529820482887229716e-01,1.235108694070218144e-01,-8.693633833853542728e-03,-2.488393229083778885e-02,-2.780606602660254389e-01,1.359688285497217819e-01,-2.768650296935853267e-02,-1.345754807466128800e-01,2.707988536291704995e-01,9.636927025486929921e-02,3.058502784544456926e-02,2.396134047728837226e-03,3.171200759160974075e-02,2.073669193906989283e-02,-1.567282493301284940e-01,1.238298735333092093e-01,1.087719439752520695e-01,3.703439998835874464e-02,7.418338238718669153e-02,-1.792243106529353147e-01,2.034461745559769663e-01,-8.690431720441939289e-02,1.122795808145988367e-01,-7.063243145166690599e-03,-1.778035418262664258e-01,-1.215952908753501482e-01,-9.150750782647577852e-02,-5.427521050520659959e-03,1.728182281236276957e-02,-2.242419578423310300e-02,2.199293739483883237e-01,3.021629238239462514e-02,-1.623132891859779270e-01,-2.631574250983568369e-02,7.097306563684550873e-02,-8.809228391399061275e-02,5.072242706234045273e-02,-5.983613827741883495e-02,-5.613161889871043364e-03,1.582571408267814950e-01,-6.975159442225918605e-02,9.718850032690369567e-02,-8.439281219833633108e-02,2.562822612086599477e-02,-6.712795717941379137e-02,-6.784343050804839906e-04,-1.257057910021019687e-01,-1.800346480037173834e-03,-1.601854298583941516e-01,3.022599075256822074e-02,-1.090468025938716029e-01,-2.026799682460413421e-01,1.166310448454416088e-01,-3.770336968685801537e-02,1.379157650894582152e-03,1.307320956676098211e-01,1.232125596698369491e-01,-6.023650206893989278e-02,-1.078625324679860845e-02,-5.262337362392032619e-02,-4.053926426776709169e-02,-5.991275632171422921e-02,4.097737583916857135e-02,-5.798238899748547198e-02,3.330656264995924404e-02,5.819598080773213944e-02,-7.324117313800657114e-02,2.555237196348908793e-02,1.116724906410119789e-01,-3.940548387216085552e-02,-6.211022130569225641e-02,-5.484218205218845121e-02,-3.294041009061234732e-02,5.896025307960650955e-03
-4.149136488831361297e-02,-1.358489265713020144e-01,-2.702896858959107917e-01,5.701817646899512426e-02,-1.434591047400957109e-01,-1.740464259702672808e-02,-2.122615729629085957e-01,-3.625328696880827234e-02,7.603485690608582925e-02,-6.002789948235195266e-02,-6.266456395395762768e-02,-1.004501165679773551e-02,3.039287069378981410e-01,-9.678846879028309147e-02,4.647582561069339702e-02,-4.572184746161981478e-02,-8.485487382894803254e-02,3.153210135746205289e-02,1.572943416625310620e-01,-1.494508897497982269e-01,-9.908063519777279837e-02,-8.820565911660063763e-02,-5.953341936996515982e-02,2.117214388957281215e-02,-5.569858816203826328e-03,-2.117132672433221299e-02,-8.907071568319357979e-02,-1.242483744820555847e-01,2.043215764474252683e-01,8.556084439173186618e-02,1.011072091352440035e-02,2.251641984632506838e-02,1.044414437529998362e-03,1.128918594721425167e-02,1.298787814843236910e-01,9.620777630382710069e-03,-1.304930343834332374e-01,-2.157601589667101638e-01,7.182957541651832645e-02,-1.628812460214495161e-01,1.340346047804698848e-01,9.391497235768135610e-02,3.365169159346110411e-02,1.691303547877544833e-01,1.224749098189431701e-01,5.733469696948766126e-02,-5.328662887752914218e-02,2.733416366316231139e-02,-1.156639315039524468e-01,6.455112378247049310e-02,2.764569670881280583e-01,8.262780155421219075e-02,-9.931694204643622126e-02,3.680407580005685270e-02,-7.579097979205838553e-02,1.108161724219687699e-01,1.133939637479268459e-01,-1.022760882561603302e-01,-2.780150276862406247e-02,-6.553401407491876718e-02,-1.113040470062711231e-03,8.266460687831338541e-03,1.354358695870069157e-02,-6.678214434574262885e-03,3.422473725138661799e-02,-7.559955625099872012e-02,-1.241568927223806462e-01,-5.479109258334952798e-02,-8.943283535185543587e-02,2.141193927336215025e-02,1.173679555957651416e-01,6.731672944841689266e-02,5.163543287344588006e-02,4.873100482030087721e-02,-9.121081649206523242e-03,9.977941555525175754e-02,-5.541143431883431558e-02,-7.295333556594027491e-02,1.227253218867753980e-02,-3.442833940552716271e-02
2.057888364947367821e-01,-1.932751767315530819e-02,-3.562361982120038767e-02,1.147956739342315680e-01,-1.352337598261245779e-03,-1.437247012581705508e-01,1.443886536835450041e-01,1.982103513589502930e-01,8.135791429039021527e-02,-4.382811665161050196e-02,4.505124763023160388e-03,-8.781070687398241648e-02,-8.536172081541346102e-02,8.533352287054694896e-02,-3.634515469256574538e-02,-1.564270986469058211e-01,2.733265828259700547e-01,-4.228805786539899247e-01,1.666089252417205235e-01,-9.166658735017584048e-02,4.072520383505089103e-02,2.392577706954042704e-01,8.200711083944284274e-02,-2.139494951471180018e-01,-5.645486574005031954e-02,-1.110407928563199448e-01,7.784352288537155218e-02,1.950999167006325918e-01,3.644128446881100651e-03,-9.578532506016849968e-02,3.157495570359992315e-02,-4.449994416951286863e-02,-2.043150941075131954e-01,-7.262493547363389756e-02,5.590656587540666911e-02,-9.855315087647149863e-02,2.071703600776863829e-01,-2.652739941008051307e-03,-3.997708651178607381e-02,-2.162216337612939687e-01,-1.009988973329742357e-01,-1.270306154207347382e-01,-7.337235166302283340e-02,-5.300146108605279655e-02,5.725719108979592659e-02,-9.751016370010794077e-02,1.375137172416052711e-01,-6.038992498949431742e-02,1.454533079551105848e-02,8.169548997993533734e-02,1.632519605634598012e-02,1.109429424052179591e-01,8.318896706033539895e-03,2.326700367422594035e-02,-1.461207826629963846e-01,-1.571605035329590519e-02,-1.653773162887040293e-01,6.040750659512366533e-02,2.928629300385693010e-02,4.245428255102263321e-02,-4.290012244826294820e-03,8.521729350429237300e-04,-4.652162729893550425e-02,-6.678448387960604637e-02,-1.301978425788250793e-01,9.299001623847467923e-02,-8.312982004212018938e-02,3.019019317770657920e-02,5.047413124551268504e-02,1.200438811832923724e-01,1.436006133815560804e-01,3.569614784987911599e-02,-2.288417555746397394e-02,5.121206212544595487e-02,-1.144234266802544309e-01,-6.387315689113241823e-02,7.959197291152884934e-02,-2.005864762799186019e-01,5.457916365561979455e-02,-1.481657758477780418e-01
-6.098805695670303506e-02,-8.120265760842244884e-02,2.369499396443371375e-01,-1.234850770984843721e-01,1.580070798937921184e-01,1.587687325364808832e-01,2.056710806956464077e-01,-7.909733851471122124e-02,-1.095384159887789061e-01,7.301244754959958227e-02,2.532221927291752883e-01,1.568307446509645542e-01,2.937842839195270450e-02,-8.241236023967198066e-02,-9.041327410393150063e-03,-1.544240066245145537e-01,-5.589209338048183040e-02,-3.042439923674750048e-03,1.500650833794239525e-01,-9.634738754848386211e-02,-1.659334371313091749e-01,1.538361417289699495e-01,-1.841255334178576175e-01,-2.303660382986432442e-01,-1.031686692292794749e-01,-8.525507472704960121e-02,-8.826523597000946256e-03,-8.283782968374577005e-02,1.206975211744067272e-01,2.221948957076852471e-02,-1.915969230357352227e-01,-7.265047502635436916e-02,6.722067301165167430e-02,-1.444703210846621025e-02,-2.687194835286182623e-02,-8.256783048153086557e-02,-7.142611376344586149e-02,-6.211427566626297192e-02,-7.450080423524774176e-02,-9.442486764002494884e-03,-9.015844755078553097e-02,-1.512092840418487460e-01,-5.381346524505273288e-02,8.674450021523369414e-02,-9.515471407675368809e-02,1.886959511014195054e-02,1.618166873842817599e-01,-1.174428413871875659e-01,2.572729329146964620e-03,-3.896403851550434699e-02,3.806021206237691218e-02,-1.502025821291944410e-02,-1.207285167859204790e-02,-9.964859840379480804e-03,-7.098563378611100205e-02,-7.720995096924120060e-02,8.763076988220702690e-02,7.909183531192871819e-02,-5.481430288972711368e-02,-6.144829099957181684e-02,7.493693125202960381e-02,1.933487681373969591e-01,4.693691004593425475e-02,-9.205249072459416315e-02,-2.575698904487006349e-02,-5.679494428667378192e-02,1.531170072362572077e-01,2.926707125895593523e-02,-6.257457232008373227e-02,4.793309179249846674e-02,2.250851027535277424e-02,1.247413093704805159e-01,1.028247936051568945e-01,-6.612113128418470320e-02,2.231322650449685252e-02,-1.945292526590914339e-01,7.755002228950472198e-02,7.177914686791400656e-02,-7.557367717982177782e-03,3.478056183544371571e-02
-7.084094470356448736e-02,2.105449733113691144e-02,-1.956917842737113458e-02,3.494537261839683606e-02,-1.352651429534130201e-01,1.499710299383121004e-01,1.016592932370994629e-01,2.720189040084272994e-02,-7.119937719290662936e-02,1.003303794147536593e-01,6.087117282360290232e-02,-3.578248728397614292e-02,1.629135356231839749e-01,3.960593721657242050e-02,-1.028839735327951033e-01,-2.916683649269125045e-02,-1.463842207618497038e-01,1.288959776534791546e-01,-1.253046660089981446e-01,-6.045518164378690940e-02,-2.140163280012548699e-02,-7.247576783164941250e-02,-9.581320747024384132e-02,1.822349163739030720e-01,5.036496404762567242e-02,-4.941680246837508450e-02,-4.419724295743831383e-02,-1.331011118183877094e-02,1.310829010817085756e-02,-1.484190158717541841e-01,-5.796831231588802508e-03,-1.131255129397555070e-01,-9.659807630713540538e-02,-1.676908291582614868e-02,2.502754000252815220e-02,-8.290733869692983038e-02,4.979012602729989724e-03,-2.069053673843961050e-01,-1.109320670223449823e-01,-2.016575180374876458e-02,7.699517173881845200e-02,-9.439915001704789199e-02,-8.740718811138466215e-02,9.584957441795328992e-02,-9.548356104249881848e-02,3.622170451306558348e-02,6.567322362595848229e-02,-1.024628122530182872e-01,-8.933248943823896004e-02,1.652265025948250754e-01,3.267076770457448542e-02,7.564539063017165776e-02,3.519999958362745457e-02,-1.236437509978866311e-01,1.469154311935888801e-01,-7.231022327207395350e-02,2.043091869814094297e-01,1.563764780577966418e-01,-1.033163948110133457e-01,7.381559269349509400e-02,4.386161459677556836e-03,1.440669883939894869e-01,-7.526351354290694139e-04,-1.823588568508519026e-01,2.114970228124386439e-02,-5.487692994657164536e-02,3.617632636775949123e-02,1.203928252376713220e-02,-1.276116429486687763e-02,8.334974421017238636e-03,-1.138301415941325723e-01,2.412641772341560936e-02,-2.026735398830691870e-01,3.707787568263384154e-02,4.617634825143880628e-02,1.800699977575343225e-01,-1.097758347847728813e-02,5.173301378786143885e-03,1.421052548807597189e-02,-2.491273299920103435e-02
8.867081301643335578e-02,8.907042941159534766e-02,1.030468751095278863e-02,-1.236382315864839737e-01,-9.945397765775522425e-02,3.002413204827975718e-02,1.584094815265484069e-01,4.804633987767070388e-03,6.128059879274935784e-02,2.726443468478381149e-01,-1.830609283465371162e-01,4.382408737418497235e-02,-7.342897939925993600e-02,1.317594840977386744e-02,-2.101800530003658241e-01,1.180905264855334619e-01,-1.165815722285270528e-01,-2.025641210473342890e-01,8.431952936550905775e-02,-7.996396652570922359e-02,-8.436060697893106586e-02,-2.043036588303212275e-01,-1.858073033019467732e-02,-1.241037161122301724e-01,-9.859928311503692033e-02,9.056247694456651121e-02,-3.927298493814098193e-03,-1.231991345394765625e-01,-1.082766544130302072e-01,2.306288548328639873e-02,-4.665440328094102446e-02,-8.615498496727254374e-02,1.080540148358273139e-01,2.081473354267954212e-01,-1.816767940164585038e-01,-4.704013230201379431e-02,-1.687157431443985223e-01,1.490767270968083313e-01,-9.898168407699155236e-02,-1.277116170798340243e-02,8.974808733872111088e-02,1.165156200327870928e-01,1.316822555046259224e-01,4.381853960060092847e-03,1.947088635156989794e-02,-2.715763625140953791e-02,-1.837832611322174625e-01,-4.446106209921622636e-03,4.359914621874851764e-02,8.638586184035731974e-02,-5.325998113166304643e-02,-1.262905559744449853e-02,8.340015555689327120e-02,8.028619620063737194e-03,1.127604894220282129e-02,-6.517220215169898523e-02,5.898131686852544492e-02,-1.633470569818885887e-01,1.819491412448605988e-02,1.704040785208512376e-01,2.263892643543768679e-01,-3.362841106517066442e-02,8.769938450239198047e-02,9.668873788306492356e-02,1.750997021148731070e-01,-5.544039177079838898e-02,-7.721109459303712730e-02,-1.468947052827981881e-01,-8.786599089404696292e-03,1.752012489304259624e-02,2.811925813871720900e-02,-1.037363089326367137e-02,-6.942550050408463624e-02,-1.933258129257257041e-01,1.538846886582889151e-01,-2.565900407753142487e-02,-1.137440444827039349e-01,4.288673986526249371e-02,-7.883981193404140941e-02,3.046867131736673284e-02
-1.841266884756209699e-01,5.979009272159633431e-02,-3.334255581254817746e-02,-5.916678773060255435e-03,5.903177086567724940e-02,3.583278813109239819e-02,-7.907033329522602724e-03,-3.946442784903405471e-02,1.325571764976435016e-02,6.432270904273872103e-02,1.257567093098461153e-01,7.038824723868630784e-02,-1.361014844773616311e-02,-1.955753096051086326e-01,-4.599944626875548948e-02,-8.674460251148048695e-02,-5.935664605844206271e-02,5.233149661933878677e-02,1.209919202989800241e-02,-8.477288199040149130e-02,-1.679123295349566891e-01,1.648330630249612849e-01,-1.192699484575748536e-01,-1.379078581645432622e-01,-8.144847026070631268e-02,-1.169459126815327807e-02,1.996729967583117937e-01,-8.190088440754744736e-02,1.288671288885041288e-01,-1.900952434162941351e-01,9.566613967781266437e-02,-4.403443391534032567e-03,1.643378243955104928e-02,-1.058983844424508103e-01,-3.815005834149184927e-02,1.996433781951965081e-01,-8.499488034322112695e-02,4.861720904028706686e-02,1.747861728745772891e-01,-1.280941710268739542e-01,-8.381511870161524602e-02,-6.482822784733750787e-02,-2.148841061968897320e-02,-6.378174596948774089e-02,-5.096329543984810112e-02,1.600209376317257293e-01,2.238027724850132627e-01,6.515353770783866016e-02,-6.886369833558751707e-02,1.522613858443238322e-01,-1.539140797174156500e-02,-7.562791796542397277e-03,3.844285917585134327e-02,3.096541790398701227e-02,9.957177415953856470e-02,5.174499864097480140e-02,-2.000309794838694283e-02,1.004581426406891270e-01,-9.208671732554683798e-02,1.012014481567353047e-01,-1.113274300050569460e-01,-1.020259522822413445e-01,-2.057248913796337272e-02,2.374289323320087908e-01,1.183105508169526587e-01,8.309097492872750956e-03,-1.725218421349286324e-01,9.827117133517895842e-02,-1.135069988858458390e-01,7.136206393453289887e-02,1.115740906739836197e-01,-1.871147153283471420e-02,7.821518421943556010e-02,-5.895223461823687061e-02,3.451433154630428185e-02,4.763932225617907579e-02,-6.706176186833331943e-02,-2.923369696795073344e-02,4.454298990100012678e-02,1.764127163426007158e-02
-1.564460375962964389e-01,-1.242450824253737984e-02,-7.591950847774799060e-02,1.254356650537044870e-01,-1.061938353125344431e-01,-2.254264955140023174e-01,3.506906913996090530e-02,3.717321266768796456e-02,8.289861301897902268e-02,-1.397869625627974899e-01,-1.703310476895335546e-01,2.400136265586493289e-01,-3.575411902833384725e-01,1.458926282200551650e-01,2.665906120031735216e-01,3.703547180631878988e-02,9.334054659391646802e-02,-4.334693256614505219e-02,1.912047480239255637e-01,-8.177620036017513305e-02,-1.465379104197295501e-01,-1.745111138556561248e-01,-1.809595457259357068e-02,1.567911223793790887e-01,6.647066196119627568e-02,-3.275314478136470003e-02,4.071973868887353298e-02,-2.541064254839209280e-01,-9.344017045850597225e-02,5.704170977222968592e-02,-9.821283752843902592e-02,-3.804197146898497667e-02,1.850908559391494651e-02,9.959482640731431857e-02,1.599446252285790238e-01,-9.019829194086656510e-02,7.877120187037313370e-02,2.602851613928524807e-02,1.416354684908483208e-01,6.799735806900658597e-02,8.648350981420764930e-03,-2.225968137138252881e-02,9.199607015975483360e-02,6.966250668428021486e-02,7.977492424823749706e-02,-4.599259350358604614e-02,4.513871703721606538e-02,-2.961573911625978855e-02,9.397659398547077159e-02,-8.778101716586438064e-02,1.391970943104953173e-02,3.400011995645482732e-02,-5.769827454924191662e-02,-1.227413779343216604e-01,7.019777674162257231e-02,2.190695159286445027e-03,-1.974854558267848392e-01,-5.615786334609663283e-02,-2.832874619417860215e-02,-3.198965241648275143e-02,-2.165999421338517944e-02,1.493478443694393892e-02,-3.293809983396152330e-02,-1.539457475619475380e-01,1.690136016199701718e-01,-1.063850630322555196e-01,1.007840254408031294e-01,-4.357173328564842990e-02,-2.820335718149262205e-01,-5.915048607812368325e-02,-4.264974896936353510e-02,-6.541640664687703444e-02,-4.014817423335060448e-02,6.786685199610914369e-03,-4.133827623117050654e-02,6.645904079641430651e-02,2.719405695708538781e-02,-1.036850154171772495e-02,-6.447914953263367450e-03,-8.645818392488149873e-02
1.200654538742340349e-01,6.780890935602675029e-02,-1.958938066908359477e-01,1.042498334845858021e-01,-7.422640957879741985e-02,4.887250864705450226e-02,-5.044902439124356042e-02,1.783238138156317265e-01,1.348581934854378994e-01,1.384514000017936231e-01,1.292177366333130406e-01,-1.932360577470641425e-02,6.944052667640979171e-02,5.754837235004730406e-02,8.146533212638189247e-02,5.189915532808677540e-02,-1.027774843430511315e-01,5.732862089599865402e-02,-1.095040470639767061e-01,1.100517376839955652e-01,-1.378743988109734642e-02,-1.026919893779152382e-01,-1.091599212350168741e-01,-2.896913707571774702e-02,8.456967388261375784e-02,-8.919792824159790412e-02,-1.007291164698670069e-02,9.309361656097854543e-02,4.617264992030111620e-02,-1.187631945167835074e-01,1.999289712781957690e-02,-3.337297824338259639e-02,1.029057169059811178e-01,4.039615812360081853e-02,2.368640455465533326e-02,1.716297030457497597e-01,1.047373247605960372e-01,7.167092321051725390e-02,1.474954537011880229e-01,2.223337402001515292e-02,2.728324099633844813e-01,-9.557350117511001844e-03,1.864158989132969069e-02,1.235028963542521563e-01,-5.747716899361167940e-03,1.432600275544602675e-01,-5.960540819743953122e-04,-3.731544010552593355e-02,-1.855691742389177223e-01,4.944490710365379016e-02,-4.480085266610385475e-02,-6.753922570995790631e-02,-3.562480782611126412e-02,1.142512582961052910e-02,7.170724680734703871e-02,-4.245050765082605121e-02,-1.169219121809397452e-02,-6.558239467461872418e-02,9.295831599765005948e-02,-1.143582494763321356e-01,-7.370316641238201794e-02,-1.330975599509525986e-01,4.710031192804452031e-03,-1.351171454287020401e-01,1.654801452861420219e-01,3.862231291551396217e-02,-1.230301167185913480e-01,1.434172642644577500e-01,1.077687794804678273e-01,-1.307890940898792376e-01,6.448145314892918256e-02,-4.430635387946883427e-03,1.552807582002824482e-01,-4.362248939463275049e-02,1.054618906907182629e-01,-4.427074441736140314e-02,1.910387415026114644e-01,1.535845201980615415e-01,1.194586568225853157e-01,-1.090290952511477514e-02
-1.489904036850411562e-01,1.658362752957706909e-01,-1.122239566674778505e-01,1.238234126418705401e-02,-1.095815285820038870e-01,1.413169169926157820e-01,-3.406898405024107179e-02,1.630789296474388084e-01,-8.431521447205564401e-02,2.172255984738963308e-01,-7.949171516292868889e-02,5.730473435633307022e-02,-1.559024031161822255e-01,1.112406931937910681e-01,1.069224662207191451e-01,1.136612037195582625e-01,-8.730169576877059440e-03,-8.989121190281093923e-03,-8.296980647459235858e-02,-4.690607635188387414e-03,-2.125140518575559245e-02,-1.191475331509969648e-01,-1.066430155074816338e-01,2.870669621318990700e-02,-1.490963591412354516e-01,-5.705559037941116199e-03,1.310621540325073234e-02,1.133555174301935364e-01,7.700619320815813018e-02,8.987252130732594282e-03,-1.129392308370174569e-01,1.001049828478191017e-01,6.044359391774985213e-02,6.275309664286364553e-02,3.769079905947443632e-02,5.009581857596406146e-02,6.824227130940736796e-02,-1.946737618618144539e-01,-2.311784854854722904e-01,-1.914024435647017353e-01,-5.305745992036647180e-02,3.600199156838142922e-05,1.381195763836294277e-01,3.815687520197190430e-02,4.327257378860614734e-02,9.030356001051226267e-02,9.271476086280082754e-03,1.534866087212156602e-02,7.643876876701392875e-02,-3.069468299474950243e-02,7.663646408874151550e-02,-3.887820416898072479e-02,5.850069192313841343e-02,-7.863395962538929918e-02,-2.678218849945012553e-02,2.680785568838498986e-02,7.126551729139004449e-03,-1.213887835932005027e-01,-1.329894247645526106e-01,1.270629183123806738e-01,2.757778360559500451e-03,1.229424931359975048e-01,-1.902348882472794378e-01,-5.526553123335167100e-02,-7.215350770659213764e-02,-1.257252280742244543e-01,1.057077014753803196e-01,2.253100555990560083e-01,-1.792154525037060672e-02,1.185048643557811560e-01,-5.191309314701440109e-02,-2.145766198267881619e-01,2.467611004353828172e-02,1.159554511711509694e-01,3.654699451436232288e-02,-2.091863176757863541e-01,-1.135040390833072232e-01,4.634897492187847745e-02,-2.319791884073971189e-01,7.484941400896674701e-02
1.624409748501232653e-01,7.793291421954112730e-02,-2.345167474869028906e-02,1.861129066666792897e-01,-9.374753218670685284e-02,-1.998067409421615814e-01,-9.697499441897061701e-02,-2.302550465862714113e-02,1.045434563462971089e-01,4.300658686217293525e-01,-6.770797586769133902e-02,-1.769379423008702046e-01,-1.610464850917172897e-01,9.349832017322443067e-02,-2.123874037437954443e-01,-1.803905160413231679e-01,-7.799253647147248725e-02,-1.456471057509121647e-01,-5.684147370243466252e-02,-1.093273752652245967e-01,4.750780080117830012e-02,-1.410541147705161313e-01,1.286923945227944621e-01,-1.909207641866382185e-02,2.169002879762702701e-02,1.759342915552389586e-01,1.556957516477632808e-01,6.534626736730744789e-02,6.621109191545369865e-02,1.101895758777052536e-01,3.870945297433101701e-02,-1.257955528643787679e-01,-1.147494768011165234e-01,-1.216955881597125838e-01,-3.831059223593292345e-02,-1.513339969839348487e-01,-1.784234718864535427e-02,6.642706662656974737e-02,2.209388622796187515e-02,-1.347944065938860569e-01,-2.344276040618805540e-02,1.956467179710325369e-02,-2.537890220896654031e-02,4.754951919548606326e-02,-9.612132181759563965e-02,1.071831703201209240e-01,-4.833101676738061486e-02,1.587034416388847635e-03,-1.423781972843710109e-02,2.118293305319374263e-04,-1.057105705481194008e-01,1.387493585205093749e-01,-1.038778872611849230e-01,4.372077988578061680e-02,8.300365534448127247e-02,1.769147864247994084e-02,-5.783826801950751190e-02,5.865141178259945798e-02,5.634789371723054885e-02,1.202886509902097861e-01,1.449920108106281802e-01,5.679916089305073190e-02,-2.195746311204166412e-01,1.005509385353012403e-01,6.438040487180970994e-02,-1.997787047253879629e-03,9.102721103399566069e-03,-9.286785310182470513e-03,-1.366420727218457531e-01,3.724257894677323460e-02,-1.131415033381411722e-02,1.117408845516122684e-01,-1.088796097034791382e-01,-1.500728245163120422e-01,-8.114763451229528579e-02,-9.937633575416461584e-02,-8.738379745279721555e-02,2.642416763151538353e-02,-6.417289167949034867e-02,-1.222880927959200947e-01
-2.037941271857687114e-02,2.078389467349966713e-01,2.738076261262459843e-01,-1.813795876872509594e-01,2.772208048568015615e-01,1.736154225295817310e-01,-5.411207831876972685e-02,-4.779917514364347142e-02,-4.857981286370119389e-02,-9.061020710415051971e-02,2.695861090246087222e-01,1.172326766798986314e-01,8.421261971131967228e-02,2.098766522064682560e-01,1.787871849128870594e-02,-1.822437038797974640e-01,5.594806049061424452e-02,-8.480788607659846268e-02,-1.587972321597173331e-01,1.316817352959006281e-03,-6.504154424438098048e-02,-4.498487741622515801e-02,-1.153806455253475749e-01,-2.776145665130021201e-02,1.974300617602574859e-01,1.414139243362225462e-01,2.387189960813938805e-02,-1.353232657967409491e-01,1.541160446368002590e-01,-3.601159189152673690e-02,4.800447187395457532e-02,-8.654174664844814513e-02,-1.198946027403469117e-01,-7.469843277636828427e-02,-1.416072604905244392e-01,-1.547950121070431131e-02,-3.787491684675183684e-02,5.837490051810541314e-02,-3.536340748987451543e-02,-4.676309703199672818e-02,-1.662359912029753514e-02,9.104079375476827052e-02,-1.202241559272129896e-02,-3.615820173518115299e-02,2.271702989553737728e-01,5.658541653100841035e-02,7.319489573326766474e-02,1.786766896310020003e-01,1.146583666682207403e-01,2.882971824147679760e-02,1.601541247490119446e-01,-7.605906445994733978e-02,5.780404141163142384e-02,-6.284782431285854121e-02,1.682772141064914906e-01,-4.175725778751749467e-02,-6.926082455565100993e-02,-4.894977529975468727e-02,-3.869439323672816539e-02,7.998557480531473529e-02,-1.469374210364013389e-01,-1.400547068715515264e-01,1.571966596207025335e-01,2.583365464890259328e-03,-9.771283602387995093e-02,-1.226311276820839652e-01,-4.972625356610938657e-02,-7.076956019899881267e-02,3.688533087392763254e-02,4.992207552508522855e-02,-6.466409081616089627e-02,9.223987116700621547e-02,5.571473368786743902e-02,-7.963605088616118599e-02,3.340818161915512507e-02,-3.713338948803381057e-02,4.487012114079580276e-03,9.532865925739834878e-02,-6.660687876077478475e-02,-2.348926206178898746e-02
1.029129328247107081e-02,6.838777332159756694e-02,9.373931344799683874e-03,-2.154015282182136504e-01,1.048875767139375616e-02,1.304787103914548108e-01,8.280994337227310167e-03,-6.821593178056108153e-02,-5.880775157856426433e-02,-1.434556066378879779e-01,-7.335534446878994030e-02,8.546950927904753414e-02,-4.925052101195118159e-02,-2.951889725475534063e-02,-6.657195178748659403e-02,7.164309690991160773e-02,-4.774874711600965438e-02,-7.727099635331800831e-02,9.930691060046943630e-02,-1.472511423241572304e-01,-4.120234910303224862e-02,1.083963457898679678e-01,-9.346376228773853323e-02,-1.631661000496570368e-01,2.362357412838601151e-02,-5.389564360687690986e-02,-4.102488573630119068e-02,5.069741931973954785e-02,-4.935556040973428440e-03,1.995713845079678250e-01,-2.479629977886710079e-01,2.849972670001686345e-02,-3.022905052746202234e-02,1.919968265480350988e-01,-8.310884990318158361e-02,6.626945653242310996e-02,-8.328044313049783043e-02,-1.047068758122312454e-01,1.432484782263280798e-01,1.128969305307572953e-02,2.115371732911986435e-01,-1.677378922527726357e-01,1.464491269654462358e-01,-1.190316154574047325e-01,-1.983006866416821556e-01,-1.348347154906282819e-01,-1.203224094921591103e-01,-2.683663695157356144e-01,1.121384522291763060e-02,-1.980181568637192149e-02,1.885946216826066626e-02,-7.316959576551576583e-02,-1.823261738174238381e-02,4.258510103115254603e-02,6.523053115955081138e-02,3.587816533262809093e-03,-6.320521624884781198e-02,-5.546526090979087692e-02,4.513146010011134801e-02,9.091138220067370920e-03,-7.055339516800254729e-02,3.948523335567463016e-02,-1.582695615864327110e-01,-7.680426568583371971e-02,3.142364459673068627e-02,2.493707070072593429e-02,1.645070244391983599e-02,-6.255848060098941066e-02,4.613939404094268698e-02,1.888397883812986677e-02,-5.187931978333066435e-02,-1.926844274762346543e-01,-6.195501497231301752e-02,6.954817007743502311e-02,-2.353242689695489165e-01,-4.712715202842084755e-02,-4.836178962354658467e-02,1.901988439098499517e-01,-2.308899471565858119e-01,1.436440858115405061e-01
6.273605559763005546e-02,-9.936070735429620993e-02,1.370798458662240149e-01,1.738585467361475692e-02,1.676147652078789976e-02,3.285671855455483958e-02,-1.621190254493901362e-01,-7.356811992728048196e-04,-1.438158698554089510e-01,6.904495958264712796e-02,1.355660553897988507e-01,1.045224966640008191e-01,8.649538521843548600e-02,-1.187997113705441810e-01,-9.078282208234585843e-03,1.086702803433864800e-01,8.272547665460924099e-03,-1.642934755311308559e-01,1.178251841113772264e-01,1.458533162242021120e-01,1.301062190431973298e-01,-3.446264789404708540e-02,-4.860620035721981841e-02,-1.817583063467461124e-01,-2.731632565813557796e-03,1.727004452283168734e-01,3.154850500503425439e-03,-1.524115309996644796e-01,8.263351625347767349e-02,1.156223690716258745e-01,-8.874231867606196741e-03,1.538603320456578549e-01,-7.542157161806249677e-02,1.193063185332476905e-01,9.856820089905922466e-05,4.249851912836102169e-02,3.671165130256363873e-02,-5.672651448319771667e-02,-1.071918676703836060e-01,-8.765628044927568094e-04,-2.653494320118783903e-02,3.875846419148753965e-03,-9.464975418817379860e-02,-2.459188831442261913e-02,-1.428861824403321878e-01,1.804430721807855423e-02,-5.376872580423157355e-02,1.401235072382440161e-01,-5.425602976188648001e-03,-1.926546678770876819e-01,4.175156075031295766e-02,-1.761995802786170059e-02,-1.987317012831598534e-02,-1.864702739174384574e-02,1.391961897305910023e-01,3.754150821810468136e-02,4.610388053784886253e-02,-1.307115606840370259e-01,1.119862666725685713e-01,-1.165171227987011060e-01,9.343059970563831473e-02,1.045452535845582953e-01,-9.703831773513610370e-03,6.440292381481813044e-02,8.702610890656360676e-02,-4.456387694178994691e-03,-1.606003938647179372e-02,-1.283555490122690601e-01,1.028226378204792069e-01,-3.514878465500378187e-03,1.040517029636103125e-01,7.685821148352345311e-02,-2.587180152389511462e-02,6.448722339831787498e-02,-6.309874988103503571e-03,-3.343595282882711461e-01,-3.216360022905659366e-02,9.296474012459765568e-02,-1.082915824295557355e-01,1.444693429843068033e-01
-3.105348292276851122e-03,1.122441578670488188e-01,-1.242874663098211541e-01,-5.042313317555282420e-02,-8.377046607481623830e-02,-9.988580163233190534e-02,1.904561705452603448e-01,7.755201938043132515e-02,1.678723213029301442e-01,4.334142551301167767e-02,-1.203760297573065879e-01,-1.408481611094535846e-01,-5.894404931495798861e-02,1.199206186077879099e-01,-1.283707415362935096e-02,-2.098663848715322244e-02,4.831061208582694728e-03,1.444645370909616866e-01,-1.490371434546298168e-01,9.285166964101272636e-04,-2.373164644579085769e-02,5.392529910751673455e-02,8.928010951502559148e-03,1.019092069048851829e-01,2.273055576096825459e-01,1.315509968056685353e-01,-1.225298814144291787e-01,3.534625883804030227e-02,9.943331104353635153e-02,-6.756995638027517292e-02,-1.107132824504121343e-01,3.303493016878802369e-01,-1.618434867451177400e-02,-2.724317246128514780e-01,4.063450265214189894e-02,7.956681084238877155e-02,1.179773087298846210e-02,5.021301870543148915e-02,8.399725240760264056e-02,-2.776243053963377283e-02,7.423318934098467603e-02,-4.893153603719081063e-02,9.610455501882445017e-02,1.736287651167607929e-02,8.542037231385331275e-02,-4.396652522987270356e-02,-8.075030291928020354e-02,7.474047726598057918e-03,2.409187065416097673e-01,1.712114403752543479e-01,-1.006582933555489473e-02,6.875680521911289866e-02,-4.212303968280825019e-03,-7.483154731606724008e-02,7.456474473526038954e-03,1.038855223228344997e-02,-8.968181348924136875e-02,-6.550595260082710779e-03,1.245218833954776956e-02,-5.008885406026013926e-02,7.978486467371882773e-02,2.242529943711817353e-01,-2.388989133977629034e-02,1.052487119195981563e-01,-1.365411800851774882e-01,-1.006295503179110706e-01,4.570437044060157022e-02,7.004329134063849716e-02,1.183273032902966010e-01,-4.032839391910935864e-03,6.191937105677786796e-02,-1.311668468640971898e-02,6.760990493122412404e-02,-1.101802725930495497e-01,1.466975975623575346e-01,3.359527047748889325e-04,7.024719079434041391e-02,6.880201685357080488e-02,1.159957755912694594e-01,-5.860924654130192368e-02
4.367728035961597477e-02,-2.724856825004229322e-01,-3.267762488969572776e-01,-5.397035639862570594e-02,-1.428889594464344825e-01,1.008109214851008184e-01,1.626393912703685829e-01,1.297630361444589986e-01,3.919180773289762665e-02,-1.110632485009511311e-01,-1.395936166654427324e-01,-7.503983200299879641e-02,1.485702220682826313e-01,1.072911714447524582e-02,-1.980466822207592181e-01,1.581610688361726746e-01,1.887571442368661534e-01,1.387909462059102317e-01,1.601060822443174103e-01,-1.191349273159778427e-01,-3.726828278099702380e-02,-1.389205032644300064e-01,-8.209244057925595139e-02,1.641317018865339483e-01,1.837380317326988144e-01,-1.581979480234568802e-01,6.428644597887091250e-02,5.638153196810202772e-02,-1.002058667389129666e-02,2.968659458602138090e-01,1.025966389962869735e-01,-1.379965566102075714e-01,-1.943867882213636683e-02,-1.273512423692019224e-01,4.013447125479272654e-02,3.069909882112244887e-02,4.271580751607883392e-02,4.106310787714802235e-02,-3.979202574222508171e-02,-1.331939078577578095e-01,9.226988693865388613e-02,3.019598932707046393e-02,1.448404257497289960e-01,-1.118375325434807915e-01,6.168872231927622490e-02,4.436231622211679604e-02,-4.202778237692994523e-03,-1.185356277375012451e-01,-1.553046279861381579e-02,1.195215388565408487e-01,7.968517963103553814e-02,-6.070841819494140514e-03,1.366183058880898835e-03,8.384696220696623292e-02,6.482721649896924787e-02,-4.804878684390637839e-02,1.283120872819566716e-01,-8.074207789519650957e-02,5.580566134565619757e-02,2.558323427525018845e-01,7.952986318475545324e-02,-5.426064842990877685e-02,-1.038622713404771664e-01,-7.644420362690963928e-04,4.689597278696670118e-02,5.577445561610529234e-02,8.395880048508203020e-02,-5.793601827953124422e-02,-1.998609035968751391e-02,-4.436873782144565986e-02,1.031461823623973373e-01,-2.957419506142716994e-02,2.058291225931558610e-01,2.466674662511482430e-02,5.568892191836342237e-02,8.209452436443584467e-02,-1.305309638580789411e-01,1.480340123665320994e-02,-6.442487112735437171e-02,-1.063847271031357067e-01
1.841783602572488188e-01,-1.412905667100344820e-02,-2.432886415839047647e-02,6.614557746760225954e-02,6.454086532465859449e-02,1.525854502345500852e-01,-8.936543047759205882e-02,-4.764777376928190471e-03,1.109856134902820340e-01,3.208258821510594216e-02,8.011151565285326570e-02,-1.116744511107834598e-01,2.202870358010716040e-02,3.347849445503400106e-02,2.642848470991286669e-02,4.230483660135416629e-02,6.128854646504878351e-02,1.622269978777594046e-01,-4.912482530707503597e-02,-9.525776748761381751e-02,8.509977864179026075e-02,2.825052296493753279e-02,2.082993243324472443e-01,-2.399798714958372992e-01,3.881940711547986200e-02,-7.448550917576571284e-02,-1.096353570177539122e-02,-1.063451279712882176e-02,2.472168571562963213e-01,1.526236208915609238e-01,-1.840789183787618771e-02,-4.286082150039289412e-02,1.024761062249875398e-01,1.784898968044255629e-01,4.998850852538339745e-02,7.358546040644932396e-02,1.910154374405549638e-02,-1.590891238132843555e-01,3.626832010495977671e-02,6.877726404649712848e-03,7.294250422789101858e-03,7.604980901979894320e-03,1.225324968206772669e-01,-2.617645639217282272e-02,1.884630422523367044e-01,-1.533234367636378791e-02,-1.731952739556512008e-02,1.646520223185822807e-01,-4.418858274413174636e-02,2.969117791368020010e-02,1.266609371022325570e-01,-1.353469017887832526e-01,6.384319091807516555e-02,2.301070311916729103e-03,-4.609085821679640566e-02,7.710774440383925954e-02,3.157745898618280478e-03,6.209795801149706196e-02,-1.299126746787957198e-01,-7.825132432812838268e-02,-1.044663146183648084e-01,-2.675497754880591314e-02,1.100576004147814924e-01,-5.241608701553147898e-02,-1.757372889656981865e-02,-2.138673903525767916e-01,6.716210091319047178e-03,7.829198495714191630e-02,1.541924927230372000e-01,-2.003266626005828499e-02,-1.466880939324405331e-01,-2.834727906333394179e-02,-1.825828428788261668e-02,1.243651129920011061e-01,-3.328682422375976030e-02,-2.752191835842880685e-02,1.218759761391521729e-01,1.454180190647239978e-03,1.083519056540013514e-01,-9.024513341569095556e-03
-2.748808615691070850e-02,1.992104516938283595e-02,-6.650618149624910880e-02,2.580820282217421643e-02,1.006196254227303827e-01,-9.431748158575230245e-02,-2.169361700636917856e-01,-2.730917280526600974e-02,6.088160930735581761e-02,7.655345017047071599e-02,-2.143087559551236920e-01,1.631367531804616688e-01,1.904506897693270251e-01,-1.496711184951571016e-01,1.223469542142962552e-01,1.672699563308494564e-01,1.026082177626224251e-01,-2.753613580768136601e-02,-2.118410862574394427e-01,8.507209424118802876e-02,-1.068714325618677907e-01,1.592654835667083324e-01,-2.318791361925717429e-02,1.468395857875022525e-01,9.285380790235894799e-02,2.976732454930445387e-02,6.962926234445117324e-02,-1.932563291942073769e-01,-5.281885027654328185e-02,1.702088076709840914e-01,5.485671876935333674e-02,2.380839038418263928e-02,-3.270309874246474235e-02,1.334184592722333917e-01,-1.390520623960208972e-02,2.140359759731179368e-02,1.612205807421365766e-01,-1.155556808199835889e-01,1.059020795248139524e-01,-2.996860472216179849e-02,2.303422016404755440e-02,-4.130561245696738604e-02,-1.317239005363780857e-01,-1.975361053484233839e-02,2.232562029173803531e-01,-5.266623180589639908e-02,4.917222155071496875e-02,-2.298800040012264068e-01,3.774758019081093235e-02,-5.820799825804902350e-02,-1.840549097705913295e-01,6.030322464353882889e-02,-3.476112289349918283e-02,1.058679471247154086e-01,2.963167798934579142e-02,9.485474605277462168e-02,-6.380865453046694058e-02,2.622437400198424431e-02,-3.897245084258676301e-02,-5.954681227149385275e-02,-1.020503808490046474e-02,-1.478959850880187665e-03,3.910878879059406787e-02,1.765490056638952671e-02,-4.803719472273688951e-02,1.772983086754262583e-01,-7.922658440830067372e-02,4.276660398742172103e-02,-7.766068405398973695e-02,-1.249225572514570289e-02,7.161649336605506455e-02,-2.474825294180921509e-01,3.638085076402323374e-03,-1.308577194915257202e-01,-1.496999664620591620e-02,-1.783976391001609180e-02,1.903386863758799175e-01,1.019128874250139344e-01,1.402187743339795151e-02,-1.687134782170899849e-01
1.412542118047428186e-01,9.922945741674693565e-02,3.371199759499361459e-01,7.051001126897722682e-02,-2.488390427553078266e-01,1.287113368564029581e-01,7.996874199062879718e-02,1.249585638136615703e-02,-5.877185773832537680e-02,1.965102309664951696e-01,-7.208913926546765827e-02,-6.256935818120351600e-02,-1.939633897590988809e-01,1.071044645954696561e-01,-1.147561881747975882e-01,3.151282236280444904e-02,-5.861583138246689167e-02,1.194891494714041741e-04,-1.707451712307598846e-01,4.084414681264833535e-02,1.386343378398267878e-01,-3.047898281692281927e-02,1.088873978323002673e-01,1.977606217441118738e-02,-9.156669604111171423e-02,1.462313548006517472e-01,-1.445514501522142392e-01,-2.470079497145170888e-01,1.519450235078148755e-02,3.134495753158481057e-02,4.060337112213493506e-03,1.298165344344826555e-01,5.632912579421407023e-02,-3.651111276520058874e-02,1.922548800317785689e-01,-5.255050955765718651e-02,-3.860852993302132941e-03,-2.319943942833535000e-01,1.351675097539898306e-02,1.049677605318764112e-01,8.225975405761894177e-02,-3.313990867117540956e-02,1.892166287647370146e-02,-2.082778264374674781e-01,7.058236207857208726e-03,6.862584709413575845e-02,-5.294137556681769580e-02,1.431996247204203251e-02,4.187703625527564727e-02,1.268882481578964549e-01,4.547927268639453263e-02,1.979844132490567871e-02,3.614238278294672896e-02,9.606103596755745377e-02,-2.225584345077249310e-02,4.787085598157386074e-02,-1.499591742986751131e-01,-2.079811911987029249e-01,1.490095173665989883e-02,-6.508557445620026527e-02,4.852793151294920726e-02,1.260695459980179685e-02,5.915092084893562585e-02,1.297625134834481109e-01,6.489821260470511610e-02,-1.867890089342539306e-01,1.469198046310585259e-01,-9.605580356706601430e-02,1.071844402739850211e-01,-1.327662907159876671e-02,-5.538616554777601314e-02,1.042231526480570103e-01,6.278728765869509565e-02,-6.240744877448693023e-03,3.302075217853696343e-02,9.216627119301437632e-02,1.430488278689821258e-01,2.016874268742040455e-01,2.228798654521346040e-02,-4.000186694147257749e-02
-1.403152959078944328e-01,-6.486681709796139617e-02,5.538155827277934512e-02,-3.362032251773321156e-02,2.408146501043882670e-01,-7.687838282356705688e-02,-3.094610302647189323e-02,-9.966452230536329560e-02,-5.969868793217334574e-02,-5.472321386195248827e-02,2.030044479276578440e-01,1.861183615234322450e-02,-7.109385905997148147e-02,1.813238456280374389e-01,1.051638576104652889e-01,1.808247799302035996e-01,-6.297441587891230985e-02,1.148005669069407418e-03,-9.591345306703795426e-02,1.749242629967212581e-01,1.808311882359593947e-01,-1.450603138691289838e-02,4.541314352680985572e-02,1.008261261552576421e-01,-1.021256694774615170e-01,2.025904639631678494e-01,-1.112721643462354255e-02,2.032491993624296889e-02,-1.071479640982616645e-02,-1.733648578346366070e-02,-7.876552915096662888e-02,8.796619453538771782e-02,-3.019489371294122870e-01,7.566530808971988487e-02,-1.149459035078421662e-02,-1.048645455346841615e-01,-1.904651028101741195e-01,7.112324143617541894e-02,9.086754632597805748e-02,3.345681195722264006e-03,-2.354643143549539075e-01,1.017155791060119774e-01,3.084009531584827046e-01,2.777700523505197833e-02,8.779641735686308235e-02,1.233884358670624543e-01,5.578287950543920487e-02,3.317140163987659235e-02,-3.753299539052796369e-02,-1.072434959013729150e-01,8.755853939435441491e-02,-1.048214772843617248e-01,-1.863768668411214247e-02,-2.931358861346907152e-01,8.972052100431844590e-03,2.967138849423617275e-01,-3.535938587016557721e-01,7.718618364657486852e-02,5.538369695733622033e-02,-2.268941656260243644e-03,6.293385804338508249e-02,-1.106650555033438788e-01,2.834382077595510863e-01,-1.215993461078823945e-01,-2.189149656090287333e-01,-1.062317266811068084e-01,3.706034604567799706e-02,7.780507360306961051e-02,-1.463823793132715267e-01,-1.130361633109450981e-01,1.970383134637890832e-01,-1.452582365096426742e-01,-6.268915008795426791e-02,2.289306693200562556e-02,5.386963302726214403e-02,2.966704363595106669e-02,8.692224373110984947e-02,-1.777780928376492264e-01,2.002736574203401940e-02,-6.322331903039339618e-02
-8.213804491863131718e-02,-4.934999236098283615e-02,-1.129633383516826656e-02,2.023568117030430658e-01,1.417011518127136993e-01,-1.843913098861066011e-02,1.418178923494813060e-01,-4.047314843280473695e-02,-1.835589443456103753e-01,-8.642995427108382533e-02,3.418725264237312822e-01,-5.651551458997872146e-02,-2.868600430651084277e-01,-1.603734147772772857e-03,-3.983898674615235502e-02,1.265827163186024618e-01,-5.784031420502881021e-02,-4.046681797843353079e-02,1.592396583011028710e-01,-2.630893110530687154e-02,2.984097034164754497e-02,-5.035423414104914230e-02,1.100779578172692008e-01,-1.391668484451870358e-01,-8.652297007933312800e-02,1.407541098328818074e-01,-1.846203157569868969e-01,-5.466554643190227325e-02,4.806112250687351317e-02,6.651921073214497881e-02,8.105417448116851442e-02,8.846999534702791601e-02,5.064543770366187331e-02,-1.894518529444711580e-02,8.621841130610716220e-02,-8.051311459767144726e-03,-2.182276931769723538e-02,4.768180906523778601e-02,8.721906996893438735e-02,2.361218459329352676e-02,3.228677425717720734e-02,-9.466045083251812750e-03,-3.974004696475632453e-02,-1.715614143798474501e-03,-9.253687169309274263e-02,7.611975749008369208e-02,-7.326872317628822448e-03,5.853118091917262900e-02,6.728669358139018064e-02,7.080815509639319313e-03,-2.276508524829050015e-02,1.516484066599525227e-01,-7.771451299371415211e-02,6.073562024056976261e-02,3.440837495478111380e-02,2.051126342600665953e-01,-3.064412292956789421e-02,1.240953403006507354e-02,-4.148366272023805423e-02,-7.841007235998023739e-02,-8.727754421441162591e-02,-1.540565244305782365e-02,-1.467263141843649643e-01,-9.828792690630315521e-02,-2.737300807331564251e-02,-1.198260678523124095e-01,1.779743559521457796e-01,1.530498656952573311e-01,1.058944775498785705e-02,1.670773479034117631e-02,-8.695471529870095473e-02,1.325990223718047922e-01,1.477010196132725883e-01,-9.588304292871287215e-02,1.082554773137918286e-01,-3.321463574071075592e-02,-9.897169293000368517e-02,5.168268618720317509e-02,-1.040023363367376386e-01,1.401808597506586929e-01
1.587778991699272946e-01,-1.767797134964854411e-01,7.746693608432562994e-02,-3.132731462457970933e-02,-2.086513940163733580e-02,-2.007133891698754391e-01,-5.768169880639793801e-02,-2.133931423387619986e-01,-5.860732117489706600e-02,-1.711782126771099477e-01,-8.870280696537509446e-02,-7.881280740841532795e-02,6.563813896287791494e-02,9.648882069931731531e-02,-1.627245200682130855e-01,-3.304812401741193117e-02,-3.084984981545101784e-02,-5.547737809040042926e-03,-6.103549817156999485e-02,1.166863517984930015e-01,-4.624854255592854573e-04,-1.204904821192260764e-02,5.466688270989755044e-02,-4.531832195538376684e-02,-9.215943863208260478e-02,9.394999804167136759e-02,3.092232525395784484e-03,2.351023397207168547e-02,1.259333666950734343e-01,-1.959624278129456498e-01,4.319932428417369574e-02,-7.174690405132891358e-02,1.682065090214962533e-01,6.102763765206848517e-02,-4.581955040766275133e-02,-5.947886916460843471e-02,-1.755320559178546458e-01,1.118025602369625976e-01,-1.417384334904400189e-01,-2.063407875371194543e-03,1.435045922637044058e-01,-2.733636188247330276e-02,6.363380152525151441e-03,-7.922701094922369319e-03,-1.874734005970653261e-01,2.023468227169734207e-02,-2.676173748453934687e-02,-1.550819568834007067e-01,-5.907536996356123338e-02,-8.404352285590022120e-02,-5.179774485135083678e-02,2.619686206096917547e-02,-1.051516875463272792e-02,-9.879624104890046346e-03,-1.157434624477848492e-02,6.304599157641405278e-03,-7.757544794497830964e-02,1.034409318855989551e-01,1.280550867879935717e-01,-1.391167938966120232e-02,-5.424180825938947764e-02,9.291311930344647863e-02,-6.299372600725422489e-02,-9.782837316116552162e-02,7.106477398460100958e-02,-1.403775961763436553e-01,-3.250430597770605917e-02,1.180652373436967550e-01,-1.163912276838207915e-01,1.430747397425156074e-02,2.304032923120103056e-03,-1.803944561726718021e-01,-1.182542229516015536e-02,5.318147465851399969e-02,-3.479992538116996603e-02,1.784107795813577313e-01,-1.525364468519707292e-02,1.155799264991421750e-02,-5.573051426542560000e-02,3.793679126801203366e-02
1.666084885712122154e-01,-5.206713796538798428e-02,-1.234786584810171478e-01,-4.414933346736071851e-02,-5.282115410009802919e-02,6.732079945006590183e-02,7.491121870740366506e-02,-1.860057089826660515e-01,-1.713907675710182044e-01,-2.217861988163421366e-02,1.789478954152650889e-02,-2.229579296681971079e-01,8.916679011545199096e-02,-4.793670430924619474e-02,6.930020042959723903e-02,-3.806418462146824930e-03,5.660718678559276129e-02,3.680212077778728663e-02,-2.527497714319328070e-02,-5.436834825753053546e-02,4.368967767181478751e-02,2.316974439670260177e-01,2.877397871106176716e-02,3.430413227245511509e-02,1.380569594697720059e-01,-1.913711888318173349e-01,-1.106285789941234277e-01,-3.886161096602106652e-02,3.263167167294708793e-02,-1.187012398789179940e-01,2.708751683763050561e-02,-1.971897309797806253e-01,-1.184319981348455446e-02,1.224975290881449574e-01,1.775040970219522174e-01,-4.196220107984435094e-02,7.443626078165903326e-02,7.737784396821910382e-02,-1.114022648250645627e-02,-1.582658569269560986e-02,-1.014158648640322152e-01,-2.166606916467741228e-01,8.049724201968322390e-02,-1.265209297842842806e-01,4.647462720267828834e-02,2.240243305915301519e-02,-2.562829062313933676e-02,-1.429119469539546217e-01,-3.627659375269142589e-02,-1.576607001645638495e-01,5.027161691879707128e-02,-7.381666178467692629e-02,-8.341655818968368719e-02,-9.464306460882010441e-02,1.446808900389917885e-01,-1.365964488322743142e-01,-1.941530876758210400e-01,1.738898300882807946e-01,-2.518311334234890272e-02,-6.043466607132152307e-02,-2.953780811036101593e-03,8.748707461281123032e-02,4.417529561245104653e-04,-6.506752390134371011e-02,7.259902405509720269e-02,1.454582847781140352e-02,1.530176835038693783e-01,3.998666203340325853e-02,-9.529498818146314720e-02,3.122711766443052664e-02,-1.958243431402146573e-01,3.169030256291852782e-02,-6.072484776312950944e-02,-2.107089759214912303e-02,1.499398334500190791e-02,5.052988056899157532e-02,1.220309649203776547e-01,-9.734151663385080810e-02,1.706453613923532842e-01,-8.558727822086374670e-02
-2.675323587176064999e-01,-7.221558591727866849e-02,-1.207748124177154686e-01,-2.673738913764970859e-01,6.069535181559616160e-02,-1.184053738383421123e-01,-9.275370075966477001e-02,4.896308707311625326e-03,-1.178629005739773722e-01,1.831582392544137683e-01,5.686970345541686456e-02,-9.167403804757241759e-02,-1.203079190720489182e-02,1.103461834443869444e-01,1.221568440161987651e-01,1.084506836538187829e-01,-6.063647126358277101e-02,8.548490468152152022e-02,7.151724816758121828e-02,-1.650645424870564593e-01,-2.519029569267335414e-02,-7.588430779212718136e-02,-6.079286331544279248e-02,4.110330754616368931e-02,1.578809376346609894e-01,1.506132881401947288e-01,-1.680633231951013107e-01,-2.110982574420264823e-01,-6.970939313877802523e-02,2.158928014187189853e-02,-5.083302587938751116e-02,-1.074478235507519835e-01,-1.001786565485034003e-01,1.764810674838394322e-01,3.514267414979943549e-02,-5.639288721466302612e-02,-3.752075551164098244e-02,1.463651150036967274e-01,9.834344473435369105e-02,2.995392279407110836e-01,-7.975752779286622574e-02,-7.249439764963465371e-02,-9.351227199873137289e-03,-5.145888130189934379e-02,-3.372813013055438874e-02,8.018524299147217205e-02,1.351467194659336235e-01,-9.524408955730975096e-03,3.189599476074550521e-02,1.537739232376654497e-01,-3.696503324592480266e-02,-7.879913592270530731e-02,-8.603864286777736237e-02,4.053415427494820589e-02,8.881808529532445387e-03,-1.452115511939719716e-01,1.368855264051479226e-01,2.828529894152535459e-02,-8.699454701063903672e-02,-5.149448656677566710e-02,-2.158950349581935640e-03,-3.578440261112049436e-02,-9.047008388050802041e-02,-9.314321935696973087e-02,-2.927230009635832797e-01,-5.547134110744365854e-02,1.959081267613697330e-01,1.036459436359171010e-01,2.446804199583208286e-02,-3.402932789376247186e-02,1.190076747128187701e-01,-3.254882838377695653e-02,-2.598176959038594469e-01,-1.751040787775341723e-01,6.462770739866384451e-02,7.843785969217741127e-02,1.409763516072901242e-02,1.394239032528728217e-01,5.421287584700298229e-02,-1.568273408568243710e-01
-2.169627276692351059e-01,1.205573466785971222e-02,1.963603098284076587e-01,-2.353968658796479901e-02,-1.925223158782747232e-02,2.340351232369934364e-01,8.104520944618835709e-02,-7.291506295595827358e-02,1.094694351210568663e-02,-2.545110527463869537e-02,-1.466903737229271198e-01,4.160675985138780758e-02,7.963736644150215538e-02,2.218926680020460174e-01,2.377234312688919771e-01,-1.451279038291533874e-01,1.479110312892609469e-01,-5.686124413128990779e-02,5.382346946257825920e-02,2.454931482746753810e-02,-8.232820329078795185e-02,-2.862952554550787440e-02,-3.249094247542642644e-01,6.037058491665258514e-02,-1.136304442732491010e-01,-2.177108535642143794e-01,-1.073375552708263486e-01,-1.739849523814477328e-01,2.559485119419470031e-02,2.134872224876711855e-01,3.223971439049192617e-02,1.293971986047072753e-01,5.035456953597656354e-02,7.507927710989328873e-02,-5.952142998959893128e-02,9.422560726945504450e-02,-1.124348941329376683e-01,-2.501078111788424679e-02,2.443205063408092903e-01,1.281309633502377039e-02,-2.430711208567824799e-02,-1.616133604181891822e-02,5.400453820832534085e-02,-1.063224132972886427e-01,1.427339713849458680e-01,4.725356659265321502e-02,-9.401976026117401034e-03,1.434826421506776584e-01,-3.598229514939655510e-02,1.757398505518667220e-01,1.020158469287225575e-02,5.756159773152087766e-02,-8.934596897805498206e-02,3.336008508114766524e-03,-3.431089518204477715e-04,-7.563617760747329277e-02,-1.107639123705252693e-01,6.130425452445864565e-02,-9.636656864424723856e-02,1.355119693958005238e-02,8.941221129965265524e-02,1.217082731443022009e-01,-1.217681453311884460e-01,-1.094826581369378188e-01,5.162383731288480715e-02,2.058178545649225893e-02,-6.719567604127148208e-02,-9.258343914422253670e-03,-1.973296637146215813e-03,-9.490004200956164704e-02,2.114170505829477201e-02,-5.949337479225671327e-02,7.333002369013014166e-02,-1.013993183517511998e-01,2.780028630819769350e-02,9.932955050389639939e-02,1.312048205953806126e-02,1.728478331554786640e-01,-9.109810647422608709e-02,8.697247816081577279e-03
-1.856357285503949794e-01,3.547068728271449145e-02,6.105904914133186354e-03,-1.324121047378480909e-01,8.156726119974280764e-02,-9.047061786566344688e-02,-5.359295079984537774e-02,1.209837099832425517e-01,-2.203860394270467371e-01,7.843449967724526461e-02,-5.664374843807338383e-02,-6.772665145208058013e-02,1.861230830261634550e-01,2.316611277958773585e-01,4.322554665870566304e-02,-1.373491276923082677e-02,1.575032029030697112e-01,-7.699380196180034830e-02,4.445545839944127779e-04,-4.666644393403544810e-02,-6.334245224544104991e-02,2.506344495508978087e-01,9.341215201082483932e-02,1.028065981456879469e-01,-7.198345036976570854e-02,-5.705388866256688729e-02,7.257432579147847507e-02,1.102575814307338656e-02,-1.338361221307302340e-01,-8.151886843802878813e-02,-4.045663582084967069e-02,3.509268608331914119e-02,-8.302481144172459138e-02,-8.432798047824190124e-02,-1.438462070715558483e-01,-1.084587952450233872e-01,-6.124373871993671510e-03,-2.072379851516266136e-01,-4.676306406145521594e-02,2.503939103582400807e-02,-1.046042695995964972e-01,-1.014693525719068401e-01,-6.657169898012554876e-02,1.186312072342653318e-01,-5.058378323168744028e-03,-1.992236558338534094e-02,-8.061210595484899488e-02,-1.101402722147310637e-01,1.094680140291681564e-01,1.747650384791659961e-01,3.886817555724546291e-02,-3.732801629554458739e-02,4.397144535641565877e-02,-3.801723957445980046e-02,1.665947177744731278e-01,-1.048014998209675641e-01,4.940346579291263890e-02,1.131864560527658381e-01,1.674077234113001411e-02,8.762784710301001201e-02,1.515399657760946872e-01,4.178026474425555747e-03,4.030490042388282235e-02,-3.883727121309452773e-02,1.374946466066765682e-01,-1.330476389881135313e-01,-5.291478268684721847e-02,5.506163308058446837e-02,1.745638682647221718e-01,1.174984658251075065e-01,-1.483257260563258517e-01,7.604345794992294072e-02,-1.092333096399989573e-01,-7.077844525412371746e-02,-1.430121159841831466e-04,1.924691609756580199e-02,-2.862945766665161290e-02,5.679404134998689707e-02,-1.442469969994484569e-01,7.651172014976852231e-02
4.398807612195285849e-02,-1.483939974759566904e-01,1.934224301822582148e-01,8.366071470193914067e-04,-7.457142747965554708e-02,-2.023282872868708560e-01,1.736682081494058533e-02,4.601753330960432070e-02,-1.373866767310140680e-01,-5.371684545187398879e-02,9.018069296816422220e-03,-6.093713311148390294e-02,-2.041601171705941242e-01,1.372186869606265291e-01,2.123188685380778817e-01,3.184661465094246746e-01,-3.320068808956293249e-02,7.670493557787826794e-03,-7.471824581825121936e-02,-7.878530537457904825e-02,9.916821322127949978e-02,1.293502471656312047e-01,1.007309759923407100e-01,-1.899060589130994459e-01,7.459799133807466787e-02,-4.518731931082466124e-02,2.958884166962834072e-01,9.972076121273561189e-02,3.613900872758105814e-02,-1.120071583291823158e-01,-2.039593480465350106e-01,-3.165394878462291645e-02,9.358931843498427550e-02,-6.409055423075855906e-02,-1.056848598602920519e-01,-2.492877379560569026e-02,5.337734950427319019e-02,-1.297372872186589310e-01,2.391253251680483249e-01,4.078381170900154118e-02,5.306718903373758983e-02,-6.966308148041279458e-02,-9.759872722653319121e-02,-4.366378177806639477e-02,5.044534895443741895e-02,-4.961689174224555299e-02,3.774097643568216642e-02,-8.157621505338628898e-02,-4.586074189092895909e-02,-6.791054410409856634e-02,2.831669870180354362e-02,1.523895569570870856e-01,-1.668533657177454499e-01,4.341207058109895940e-03,7.722638178304101764e-02,-5.015905332569736697e-03,6.679108663958152614e-02,-1.963073862821283488e-01,8.270056055144126006e-02,2.424829433901299902e-01,-7.708389144622092293e-02,-8.111831995642727888e-02,2.329045952017448282e-02,-1.067090623699281232e-01,-4.369266518960416429e-02,2.344486753326799344e-01,9.385977217056476474e-02,-1.063061739634307834e-01,4.502330957973021963e-02,-4.904500438653192768e-02,5.683830435428403362e-03,-6.133150598152153216e-02,1.021440171549275189e-01,1.363720298363824968e-01,-4.870634451506452439e-02,9.471364360352216294e-02,-2.288283363708070589e-02,-1.862512320092973572e-01,6.604848355634945767e-02,-3.499045336041811888e-04
3.245960369177160187e-02,-2.303529610921292714e-01,1.065083160546047014e-01,1.023233557171899372e-02,5.232652624850434725e-02,1.583930769602876626e-02,-1.940987034525391564e-01,-7.051693160118489845e-02,6.517030117687927504e-02,-1.282641434146392367e-01,-9.020336076101821352e-03,1.807518702767845487e-01,8.001895070571607427e-02,-1.210341711278127910e-02,2.770518803107276107e-02,-1.222394237109376419e-01,3.963445545393585318e-02,-4.726151068201243748e-03,-7.493715686202163939e-02,1.688839611203292179e-01,-9.632933970896312773e-03,-1.183633434191165706e-01,-7.217265351235654935e-02,-1.177035288652646533e-01,7.141389915336983363e-02,2.490205529424713987e-02,-3.660065411439697436e-02,3.024767840766202087e-01,8.195271764971946704e-02,-1.247064221879922580e-02,-8.169100808280006787e-02,-8.733400535240172513e-02,-6.018788420052930549e-03,1.586392028923242214e-01,5.931343662417779689e-02,-4.087783035695017470e-02,2.186998476552355630e-01,4.588397164559890329e-02,1.287622894467047585e-01,1.278257889746138021e-01,6.942829374241284157e-02,1.157690726674821258e-01,1.744602109557490122e-01,3.634106345378277508e-02,7.404365409697465095e-02,6.555616606409006564e-02,5.246949966699558654e-02,-7.671634087218870413e-02,-3.995855797755100414e-02,1.159764536911506508e-02,-3.892771354135011325e-02,2.377777957536044914e-02,1.563595729216448599e-02,1.634738209992770697e-01,1.678646534951676317e-02,1.905985939163052367e-01,-2.616302729723661569e-02,5.219457130187658139e-02,1.212874125070768361e-01,-7.901090897891334787e-04,3.258657014658437184e-02,1.335866685291003109e-01,6.862198136560977713e-02,6.263222564274535664e-02,6.979415919230660958e-02,1.566067176575079711e-01,4.259564850413104231e-02,-1.272316901058086203e-01,-5.445798953955316608e-03,-9.019852816752732538e-02,-1.648616240776895892e-01,3.261526963918368049e-02,1.135694519351697351e-01,-7.885210594198636957e-02,-7.738939999501558142e-02,8.936753464626129295e-02,2.398245669330516944e-02,-1.874411880848168843e-01,1.187117678315322174e-02,1.764864332501188959e-01
-1.886307249445397932e-02,-3.393229419746215253e-02,2.651362567792687683e-02,-8.904875846168789147e-03,5.512912066629811758e-02,-1.375149735779563065e-01,1.480212117242238612e-01,-4.474629080071802073e-02,-6.941353668358063445e-02,-4.625138077930690539e-02,2.737353958040230836e-02,-1.141192767838185469e-02,-1.270865156172300628e-02,1.080765341223324655e-01,-3.855984037271060344e-02,2.679308012501941533e-02,1.147653519945878303e-01,1.413331480382596095e-01,-1.820032722158462790e-01,-3.435332064277665798e-02,1.192277760355604788e-01,-3.524197563324402843e-02,-4.040768141186338452e-02,1.138407100262598809e-01,1.054742711097900049e-01,-2.268229074840263093e-01,5.003059113467318852e-02,-9.457283875983539534e-02,-3.804992386084087713e-02,4.328872790048698960e-02,-2.287961441394377460e-01,-5.209487601769225568e-02,6.195553387401448071e-03,-1.693688341510123652e-01,-6.372994589432878776e-02,-9.324063332512615154e-02,7.258457934938000733e-02,-1.161802349508674753e-01,-8.319998528696487261e-02,-1.236543107829256166e-01,6.659929572400984099e-02,-2.837024633458964246e-02,-8.848056199299442204e-02,2.457304633357647664e-02,1.421262224511322669e-01,3.456232464034809243e-02,-6.243382888450656198e-02,7.900690390425769982e-03,-1.493965216170300425e-01,-5.275931159875192622e-02,-3.781946729040912281e-02,4.799283485560675022e-02,6.517085668104215246e-02,-9.384128049259195248e-02,1.156388782211831973e-01,-1.584573628314879246e-01,6.827447010859162557e-02,3.689432811893752183e-03,-2.902349181922109569e-02,-6.345343902907477768e-03,1.270763800000825061e-01,-2.667520406686518710e-03,-7.263957597389239518e-02,1.727290712385047902e-02,-7.064127582959235652e-02,-3.935699092954396405e-02,-6.976481071098049325e-02,3.532609350519571451e-02,-1.273681377420220473e-01,6.090158864465733402e-03,3.607832640836061006e-02,4.682435309505582344e-02,6.301642875999649562e-02,1.969085661008933980e-02,1.025711120158076112e-01,9.949816529381663721e-02,9.515974810187950717e-02,-1.053023606755991159e-01,-8.999953833536815731e-03,1.048925871790539963e-02
5.832504429903565511e-03,-1.397688412206099795e-01,2.730866388879465631e-02,-7.494918603550379532e-02,-5.985909995850208047e-03,6.686724391487280927e-02,-6.804286853190276430e-02,3.636485892610138212e-03,-7.834037347387080852e-02,-3.410362044242894186e-02,1.441160633925612500e-01,-1.917094209256929235e-02,1.356543438689942760e-01,9.620875740242297233e-03,2.292392001376452326e-01,8.191610394588770550e-02,2.274184963064269371e-01,-1.175697167807609744e-01,7.530028374362728039e-02,-1.023155930736743130e-01,-1.836316282996015015e-01,-1.621868476990828353e-02,-1.073217638035162957e-01,-1.237300472440443777e-01,-4.012247121653392257e-02,-6.063208763078808961e-03,-3.506586325776741425e-02,2.022732745201456794e-01,1.838577383666411061e-02,-1.684378828160642064e-02,-3.015684943928704786e-01,1.694450446905959584e-02,-9.449858649226451635e-02,8.036032721899918907e-02,6.941146340077920807e-02,-1.512303585327814948e-01,-4.588309202017033794e-02,6.470286962915605677e-02,-1.081829839433147838e-01,3.344731333298705395e-02,4.698744975144569097e-02,-1.888909873272762441e-01,6.528360578153533100e-02,-9.131653511101721354e-02,6.805578215188008706e-02,8.092616239469913042e-02,2.175711943564364453e-02,1.076641015497529913e-01,-2.424840740649656934e-01,-2.695502239098223132e-02,1.411212889034169429e-02,1.742386715377949313e-01,1.777532224039124562e-03,-4.505701214797079406e-03,-2.241545247110026881e-02,9.228540573913726619e-02,3.727000823538346996e-02,-7.386357124385582729e-02,-6.927035865191893960e-02,-3.425791875369468831e-02,3.436582180988298485e-02,-5.175896565412561184e-02,-6.659463451770657183e-02,-8.366373725399317562e-02,2.199375425385145522e-01,-1.025238564959986276e-01,-4.629333086349548404e-02,-9.650192867535137622e-03,-3.751837396737008057e-02,1.240880958917660454e-01,7.805807199530075298e-03,-3.857090344450407604e-02,-8.718911211724388044e-02,1.486920056037661572e-02,9.143636817482771184e-02,1.950015598728880584e-01,-9.410892805674156425e-02,1.174643813030952916e-01,-7.885672400856806596e-02,7.039364404546163967e-02
-9.609401294606968735e-02,2.942744098392614110e-02,4.084978864698880080e-02,3.644215646729646874e-02,1.231966332148922982e-01,-1.487207661490088928e-01,-3.650659923051775835e-02,-1.265053040159618558e-01,4.400621913586446471e-02,8.259704968819166909e-03,-6.563618874263775493e-02,2.039488808582148524e-02,-1.639397823950281829e-01,5.484887156309233014e-02,7.375931000685111150e-02,2.126919337809639599e-01,4.933469963330465446e-02,-7.087810770033177790e-03,-3.266588679475482954e-02,-9.429944545447228876e-02,1.399335887450984528e-01,1.593094867371963874e-01,-7.698976405483270828e-03,-1.831236060456120918e-01,7.172344935754251805e-02,4.417671757888540912e-02,1.221569122558219811e-01,-2.246751743110309008e-02,5.554464407391521141e-02,9.163172323880360015e-02,-1.211174543225497502e-01,-2.775442918308440240e-02,-5.435079687358314315e-02,2.185124798851621197e-01,-1.672985975925568303e-01,-4.569182863817444762e-02,-1.699290510328403947e-01,-2.157708975663771009e-04,-1.389135565125484140e-01,2.061501848049680230e-01,2.739907174324237582e-01,5.676433262851796752e-02,1.432092822621572614e-01,1.059350859400568778e-01,-5.943012885341596857e-02,-8.230752841125693609e-02,-7.533522651732381392e-02,1.044113017084872669e-01,-6.434430778799571371e-02,-9.600284905566962290e-02,-9.765156427831911401e-02,4.082820810117975679e-02,7.758445341720915378e-02,-2.035137368902183719e-01,1.648878089464863861e-01,-1.567356884222788696e-02,3.192161513053123206e-02,-5.389138930601529431e-02,4.611644296630293925e-03,2.401544130605898220e-02,-5.936911215576231573e-04,-7.744856426786470016e-02,1.528498472644082007e-01,4.175005637673124409e-02,5.337188739727733583e-02,6.038607179818138854e-02,-1.268578796145643228e-01,7.173020087444696713e-02,2.419545504364859628e-02,3.157975945405601392e-02,-3.783822024922418870e-02,2.587883608838738303e-02,-5.854708625809632028e-02,1.210471561358859999e-01,2.630817922900255054e-02,1.683565089125232672e-01,4.554017183089616866e-03,5.944194485566549335e-02,3.588680921365453719e-02,-8.572353345423508464e-02
