-6.043700127167065395e-01,-8.816786432090453207e-01,-7.126256300631541585e-01,-7.339668705316338970e-01,-7.561416385581669619e-01,-7.169626523285095310e-01,-7.986310008526142923e-01,-7.944126304689227425e-01,-7.468891952802257928e-01,-8.193657839024426348e-01,-7.570423551254628070e-01,-7.780237073031524009e-01,-7.637531834147153198e-01,-5.610150551645060046e-01,-1.819189142973941520e-01,-1.371428672557363782e-01,-9.382963383658712853e-02,4.887617064516611154e-02,1.891145787053028285e-02,-2.186115327031107336e-02,-3.635051353609731334e-02,3.051733405782668107e-02,3.187616905851862331e-02,2.641891789933347584e-02,-9.941150365155780599e-02,7.164614622332088345e-02,6.505293589591841508e-02,4.049047401584637135e-02,1.049017850276239353e-02,3.391922673568227575e-02,-2.830920514953970055e-02,-1.215593281317597744e-03,3.076978846129589749e-03,-6.218620743517393884e-02,5.146012202856620199e-02,-1.651909447966106934e-02,1.211343824362485881e-02,-3.913902939870594205e-02,4.701367877280034774e-02,-3.141634725983656617e-02,-5.561816122905273441e-02,-1.656101702590309990e-02,-6.659111560982135247e-02,-8.759263470113199876e-03,3.699072093165731157e-02,3.000680016399786057e-02,-2.378493219491852051e-02,1.242997989675091253e-03,3.039829918435922596e-02,4.687690496913246574e-02,-8.564501477040330213e-02,2.524086232787394954e-02,-1.189302360583626289e-01,4.630100497869479165e-02,5.147224693243868804e-02,1.354465858154435542e-01,3.962279641981477502e-02,7.127469286512588603e-04,-4.148163114244008548e-02,3.084824833529966476e-02,1.261346241574009229e-02,3.714006020628377036e-02,-2.007357993479917235e-03,-4.189347745339385212e-03,1.882599370729324054e-02,-5.761906526656228322e-02,-6.143950228352514087e-02,-6.456531736424653278e-02,4.132766524616092452e-02,6.539857135784450659e-02,1.168135039281596212e-02,-4.332729930054859263e-02,-6.838742771386529390e-03,5.084295404789138800e-02,-4.946625766317073319e-02,6.209719554674084097e-02,1.106172602373513836e-01,1.509673931650956473e-02,2.449289991659272733e-02,-2.072850438436947117e-03
-4.637975797256997934e-01,-6.289296073663120934e-01,-8.035008991425068858e-01,-9.111326819190438409e-01,-6.879849617202807854e-01,-6.900641387307627772e-01,-7.190542701288022975e-01,-7.489936916039882098e-01,-7.611905579543726263e-01,-7.992093006000963173e-01,-8.178665776967839474e-01,-8.740342519449363357e-01,-8.227216848710133812e-01,-4.436573012829202467e-01,-2.829595186460882039e-01,-1.165392435804571136e-01,-1.005411598344295096e-02,-1.154775755103265023e-01,-1.058689182699701185e-02,-6.804406871668271239e-02,-1.044268287456207207e-02,-4.146069294606562206e-02,-8.707648672340087548e-02,6.601812670401510652e-02,6.775288102113884159e-02,2.128240574082134601e-02,-7.706233883520055561e-02,-6.834392409469189356e-02,2.368812346279827036e-02,-3.424540045482112050e-02,-3.891076858381267017e-02,2.457397281566313374e-02,1.561222236303997854e-02,1.979504782246553629e-02,5.584905059144989331e-02,-3.393757689891312851e-02,-6.962202195712469469e-03,-8.135382672933917647e-02,-1.457087328199542162e-02,2.509764140630688090e-02,5.767261739824633415e-02,-8.377381668532332681e-02,-2.872196975234393712e-02,-1.060573382408751680e-01,6.014091394082792669e-02,6.562685681690764994e-02,1.000721983956521198e-02,5.962579241509299854e-02,9.908447534468737411e-03,4.141448446983470727e-02,1.753346595358351578e-02,-7.076088386294691890e-02,4.513881829297672170e-03,-2.308182207964595140e-02,-2.424774320789629956e-02,-5.052899898964555853e-02,-4.688461789246568118e-02,-1.857646567602274160e-02,-6.222347676663127214e-02,1.620608442087596857e-02,2.808451657931560277e-02,-8.691807750739574678e-02,5.547607258684073700e-02,7.323509535565277638e-03,-1.536660047974931602e-02,6.960393513887654267e-03,-4.616466017779801562e-02,5.327825849953513743e-02,-5.242351242474146272e-02,-9.849374282114726695e-03,-2.409400368088805353e-02,2.351898843499655722e-02,5.225850199245515165e-02,-2.328613346648213817e-02,2.455449476130172962e-02,3.744387899571010453e-02,1.105025309910755496e-02,-3.628496548571937680e-02,5.183712937618512387e-03,-1.499076798603288414e-02
-3.515040446671688912e-01,-5.196509001908301562e-01,-6.630128973299876938e-01,-7.549065171794995255e-01,-8.638691516449400476e-01,-9.166693257527582794e-01,-6.186785215831569484e-01,-7.198099231680443744e-01,-7.124748295684224519e-01,-9.374151121445710722e-01,-9.371816812007415232e-01,-9.317879018840967698e-01,-8.163691213610471120e-01,-5.085090835152088484e-01,-3.509347094625786534e-01,-1.078672873073487221e-01,5.794363624658914295e-03,-1.421517788891510717e-02,2.429260372856050995e-02,-5.307586830217158463e-02,3.169057627451708076e-02,9.456288756704668563e-02,7.691093620800693031e-02,-9.272547656079922762e-02,9.422460355649917019e-02,-7.649955702902059423e-03,-3.447529020105274955e-02,-6.221876870667278348e-02,-4.825039681276151182e-02,-6.114035301808590922e-02,-3.450090161498226959e-03,6.661821786695951153e-02,7.184279842596461019e-02,1.522664431308176983e-02,1.280018614366572154e-02,-8.289013265041155279e-03,-1.793314289746933063e-02,-6.748635109483712424e-02,-3.817134064604284921e-02,-8.679040312523143841e-02,1.991126105491075951e-02,-6.853268204661552843e-02,5.210146379814598744e-02,7.217952386959480653e-03,-2.169968443393599858e-02,-5.124420092230617257e-02,-5.966592320585605014e-02,-8.589414628650671527e-03,-9.844871421056732019e-02,1.937108389794518076e-02,2.481024591009898736e-02,-3.390239303456604042e-02,1.418157232894938329e-02,-4.269768513761859619e-02,-1.002138922934376619e-01,-7.238824648162439646e-02,-5.538465157013530010e-03,-1.662415844795162370e-02,-2.569681079933596249e-02,6.812073840387694416e-03,-2.683715437800899065e-02,1.020130421506958568e-01,-3.665401063527950337e-02,-8.925724151098986953e-03,-1.225694309759855355e-02,-4.504766470637303760e-02,-4.783243079038967255e-02,-5.900479622308136413e-02,-3.355886431135464421e-02,4.091651915671053880e-02,2.683302830747827730e-02,1.981972729796131760e-02,-1.729443297691644899e-02,-5.999382842728680915e-02,2.602167162556233426e-02,-1.644807014780787918e-02,-1.193330333495677166e-02,1.981497218482900988e-02,2.868063725657946442e-02,-8.039212433479726513e-03
-1.839026249402803681e-01,-3.983201720485822772e-01,-5.198768836150917672e-01,-6.414712408827478729e-01,-7.240266476922712080e-01,-8.085825017531184100e-01,-8.810673141115693552e-01,-9.178398589715908162e-01,-9.542574917489197173e-01,-9.653292484683257957e-01,-9.355578611522640253e-01,-8.582180589291907857e-01,-6.150575320102037447e-01,-5.197919171616293132e-01,-3.127740117093742445e-01,-9.474563315292150456e-02,-1.586661298378242990e-01,2.428797599140762251e-02,-1.197370655696052139e-01,1.209188141840855657e-01,1.621328848058570596e-02,6.499972578176765881e-02,6.283998017926488260e-03,-4.199959013167582113e-03,3.419590802748914693e-02,-3.626346442995857788e-02,-1.194893686761932042e-02,-7.007681703883532343e-02,1.080468738325010974e-01,-5.843171464934385217e-02,4.953091840952417862e-02,-4.352129194171284327e-02,2.990427416336645383e-02,-5.620369199070680138e-02,-9.713215625699296585e-02,-2.906509948657047190e-02,-2.561902556763835312e-02,-6.001829872485196261e-03,9.833910758008958253e-02,5.112115617491208575e-02,3.893850484706466719e-02,-7.539991882270211110e-02,-8.913374738608124959e-02,-2.730252059360164033e-02,-5.566485304117073374e-02,3.442655261040403897e-02,-1.543237250153186961e-02,-3.770061584754443723e-02,4.273918263791481181e-02,-1.140319285060683446e-01,-4.210996861296129740e-02,-4.547739131318338790e-02,2.159223166817321807e-02,-4.641144368640771380e-03,3.216059508203605866e-02,-5.588010427648522523e-04,-2.749618337377633670e-02,3.905919229491337102e-02,1.667852873272943764e-02,-4.980984183482868588e-02,2.877388487344765752e-02,3.882643885782516204e-03,1.033735421387208114e-01,1.300935759834133953e-01,-3.315701126557197426e-02,1.931693483892976682e-02,8.913687671188916251e-02,-2.398374368016377087e-02,6.104640820779913546e-02,-5.527320759880079842e-02,-2.861711255284872524e-02,2.406938816441131154e-02,-3.679001962860997677e-02,-6.805168664232912057e-02,-3.217402420960428777e-02,9.851234271301800849e-03,-7.298573062876342887e-02,-2.647234863535337032e-02,-8.660446338128409416e-03,-1.172454535621586524e-02
-3.092791670290849781e-01,-4.443086409976630957e-01,-5.365941919918674197e-01,-5.764264157194484151e-01,-6.259714071045735517e-01,-7.011442880239917574e-01,-7.892571517392794611e-01,-8.416468485893149332e-01,-8.809845550697402716e-01,-9.144117209435745908e-01,-9.314030882698244307e-01,-7.279701014209227772e-01,-6.890035451600069472e-01,-2.573542045896463626e-01,-2.128436118089465090e-01,-2.227620924704941385e-01,-2.014199547830185927e-02,-6.353105802628146448e-02,-1.436127743197787403e-02,-7.118512164219710503e-02,-6.961919414013172103e-02,1.735964643475877145e-01,-3.941784218589736849e-02,2.809271011994611544e-02,3.170732014113590569e-02,5.883302354421551111e-02,6.060033251055477188e-02,-8.822920836858644256e-02,2.292351008254728262e-03,9.015460957647850049e-02,3.035514272467720182e-02,1.127775315103445031e-01,1.606751240376782380e-02,4.422126546109818312e-02,-1.444124939530066999e-03,3.573928820466169831e-02,-2.000310344092006906e-02,4.010539689426127763e-02,-2.980602088445908834e-02,5.108175533595379209e-02,-3.437930823240889500e-02,-1.104070261940206243e-01,-3.418339753189184732e-02,-7.842134306379805464e-02,3.365586367060708489e-02,-3.106141129032018774e-03,-1.809662821567969634e-02,2.555155993311057356e-04,1.524199714565039471e-02,-6.440465661074433468e-02,-5.050110660671996293e-02,-1.024224467897965202e-01,2.676935788638315755e-03,6.541426817752518663e-02,-1.906550744252346816e-02,-6.503711734919163934e-02,3.003483975711068385e-02,-6.931344439537709401e-02,-8.546813578087385233e-02,7.658218771322353180e-02,-1.139448511439444464e-02,8.083284702624693452e-02,-8.465529934150077540e-02,6.354580040487915749e-02,9.933806000391851021e-02,6.714611471413303723e-02,-1.825259269290980223e-03,-3.737286664622623683e-02,2.394667732166647772e-02,6.289583811349175324e-02,8.356835871782979097e-02,3.709937784573189012e-02,2.864101519272005750e-02,-5.713507101880546668e-02,2.855019396067109624e-02,4.141001995385480694e-02,1.547537545091725864e-01,-4.898321843327477221e-02,-2.465088469710747729e-02,7.628110892438980106e-02
-2.070329190295468191e-01,-3.191413228833047122e-01,-4.556376437655056955e-01,-5.691864637586047104e-01,-5.576507850220813189e-01,-5.964452683261495247e-01,-6.846969995416535282e-01,-7.446931635393504445e-01,-7.990031610905822257e-01,-7.364420641086509844e-01,-7.932570055583745283e-01,-5.772602554233615679e-01,-5.719467420694107629e-01,-2.934025975851427548e-01,-1.246729045273653469e-01,-2.214722641972789452e-01,-1.430479178220928418e-02,5.056164758667280879e-02,-2.910163336974706111e-02,1.495077621029869581e-02,-2.841069157046248461e-02,4.776735335099822899e-02,-1.093864247435689246e-01,1.162612411402159929e-01,-2.107288308161493068e-02,5.243860235028452443e-02,-2.731033899243786450e-02,4.018870713613530848e-02,6.910644809492103025e-02,5.755404146864310198e-03,-1.177389708646867789e-01,-6.812513095547203038e-03,-1.326453433063549438e-03,-1.051790530481123108e-02,-5.403333787318520542e-02,-5.286125255339593765e-02,9.194403960720420182e-03,3.835058762721959419e-02,3.690207104231663787e-02,-1.732201297444750654e-02,-3.975921496693003883e-03,1.197797974999614996e-02,-1.138899331585861152e-01,3.874927306102013413e-02,-4.527871302496134370e-02,-1.771934143824353824e-02,-8.590954251724495019e-03,5.713867129956794882e-02,1.183583261626977232e-02,2.304003668196271185e-02,-4.555184701945529796e-02,-1.693571667638042039e-02,2.696605384603339636e-02,6.401031553664820323e-03,-6.582396721825899133e-02,-1.119396555395451298e-01,3.409190102441327086e-02,-2.763883150184283724e-02,-4.100152972716206330e-03,-4.332056294494310289e-02,-3.755516934092906212e-02,5.566996601026310415e-02,-1.020182975959644731e-02,1.210805763997205298e-01,-9.061939464854673609e-02,5.149447300908735481e-02,1.328908654963883648e-02,-3.213806147455990775e-02,6.370815571194372862e-02,-6.491134571236392356e-03,7.628314635412963320e-03,-1.040723578856824622e-02,-3.648773217570592392e-02,-1.653906330924620124e-02,-1.086260234584243839e-01,3.805439120395662927e-02,5.755707369473882229e-02,3.173731530979322091e-02,9.486159422519069295e-02,5.307822777203096559e-02
-2.303287008537263647e-01,-1.994748357590986898e-01,-4.028081006782567863e-01,-4.404987262638185297e-01,-5.108780033034212575e-01,-5.124845438051101043e-01,-5.800066816908784340e-01,-6.660435524360740489e-01,-6.997642505620762510e-01,-6.001835964823853953e-01,-4.842108308725847077e-01,-4.922732829855249181e-01,-1.879334734470910484e-01,-2.901131552865349184e-01,-9.279230676513641751e-02,-9.880690852109394462e-02,-2.038589574237318347e-01,-2.123377340626220536e-02,1.491184739985072435e-02,-7.875216226663057928e-02,-2.820926768036034760e-02,9.408983557331988823e-02,1.659455817786717191e-01,4.652273159065386382e-02,5.004338393827892709e-03,-3.829571072222453382e-02,-1.228536820536350709e-02,-8.110266754688742752e-02,3.280490396936671521e-02,-9.355629623539406248e-02,-5.244743363787409546e-02,-7.812788159536097898e-02,4.690453302096812827e-02,2.989155505131673926e-02,4.227973857080520592e-02,1.006247203121399397e-01,-2.355079596495082001e-02,-3.439190833500171962e-02,-5.285445960926819092e-02,3.720229646805960771e-02,-1.201346270424865914e-01,5.770067840354375227e-02,8.265312700138660595e-02,-1.768913305432380859e-02,-3.149980797011303624e-02,-5.867434269828421256e-02,4.072192255262163663e-02,1.199585034400838801e-01,-4.661024275866534894e-02,4.599489799398930046e-02,8.238427418085015816e-03,6.482538167793483463e-03,-1.873448928635070530e-03,-9.880041713747435284e-02,2.188289788353487905e-02,8.729830062226623388e-02,1.832354776316205344e-02,-4.396268640224500202e-02,2.066588628244681730e-02,-9.830875382926258614e-04,-1.387814719632625773e-02,-6.547040430796213784e-02,-5.669438559971507266e-03,-5.504925559257391188e-02,-2.432343271957703237e-02,-4.267701061529121515e-02,4.367860692755063529e-02,6.011683919990199604e-02,2.086116391011709481e-02,-1.264184430065062523e-02,-4.031074075466283685e-02,1.648829146010451566e-02,-6.576245877704384526e-03,2.637207220762429610e-02,1.119503991039325595e-02,-3.499210358245115338e-02,-2.503409998955488484e-03,-3.401784906561352434e-02,6.912693054775594093e-02,1.581254070786287935e-02
-7.991606028210357371e-02,-2.490895537051845410e-01,-3.900929686668901386e-01,-4.063720891684375336e-01,-4.483765061713880229e-01,-5.193018006643019824e-01,-4.918557059060683079e-01,-5.735527184857948102e-01,-5.868091231848799882e-01,-6.026238979765652370e-01,-3.356621631513950765e-01,-2.985282037494080276e-01,-1.233609976560143678e-01,-1.802893374797858717e-01,-9.414319400080893574e-02,-2.013359194290906262e-01,-1.715622848682119353e-02,-9.203113102762316630e-03,5.830708358931011026e-02,-1.292423502854711803e-01,8.315751433669027470e-02,-1.336727747284466028e-01,-5.213914118844300422e-02,9.612952678198201373e-02,-8.905237505046533983e-03,2.909394619168775495e-02,-6.576403880478086383e-02,2.237817985227884623e-02,-4.131476675083687981e-03,-3.114662624238004676e-02,-1.128687098911999170e-01,3.053528087184790088e-02,3.118441755555003900e-02,-3.423205618877876721e-02,-3.488403948008537980e-02,-3.748259905826421129e-02,-7.266377296337435399e-02,7.038212786933657761e-02,1.521206049772091170e-03,-4.397769368232588155e-02,-4.232205656735691518e-02,-1.062755567885402819e-01,2.159564073749321422e-03,-9.497270388856851597e-02,-2.004077543013406404e-02,-1.976226212572325738e-02,7.309387509697691521e-02,4.482890698326040015e-03,-7.289712157585630237e-02,-1.086994195145966381e-02,-1.144107277285472471e-02,7.017215903843496139e-02,-5.303750549810908044e-02,9.040641084199387001e-02,2.238280569576640497e-02,7.257792950756884742e-02,-4.343610937582773057e-02,1.294050613865414291e-02,-1.909988437182721585e-02,9.305051506121950200e-02,9.484181141316160024e-02,-4.863551638571891184e-02,-9.607806674808897331e-04,3.168358301177240377e-02,1.025798786271531248e-03,-2.328309901344340765e-02,-4.984535662091737346e-02,6.067258732258448001e-02,1.046957517005893575e-02,-1.126854219787758876e-02,-3.604102382358446988e-02,-1.027560911980339026e-01,-5.496843367776078210e-02,-1.085057044183761372e-02,-4.678508385790108165e-02,5.530782899655905388e-02,1.162623453724442729e-01,-9.478982618214663869e-03,-1.164877677661070032e-01,-1.426724734163287850e-02
8.761801909482762373e-04,-8.349412597807046033e-02,-4.062849376607587382e-01,-3.299842063260997049e-01,-4.554033023136739300e-01,-4.934444634707422783e-01,-4.289757746985397580e-01,-4.946033148354709863e-01,-5.560091713927259871e-01,-5.169773122275651556e-01,-2.106902371407033125e-01,-8.889249145027651455e-02,3.017061660830796035e-03,-2.280564208952325644e-01,5.096224126429151763e-02,-8.992617526538575212e-02,-8.436879855025085362e-02,-8.389475952365946232e-02,-1.364364847709484685e-01,9.445682491505251813e-03,3.555960735695921221e-02,-1.014892910115727381e-01,6.170514417485514248e-03,7.174561079914038020e-02,-2.749721452891791887e-02,2.268547951359992793e-02,1.309031757994141322e-02,-6.240621285055516360e-02,6.719683285313673982e-02,8.605964598075509231e-02,4.398264623394385064e-02,1.545494418399255554e-01,6.350011016801737976e-03,-1.453056323181548502e-02,1.116730277257985821e-01,7.792043631788345137e-02,2.369185268969684847e-03,-1.915523517933497358e-02,3.818455808379437461e-02,1.115085092642020548e-01,4.306493108070993253e-02,-3.771799881230267909e-02,-1.929057224682740115e-02,-4.127349684224027732e-02,1.724249175723857955e-02,1.005982826252836276e-01,-1.058037030930266374e-02,-3.057237517289295922e-02,-8.816947012454076291e-03,-1.984477975487984602e-02,2.878996583109042287e-02,2.348664227184811895e-02,1.173969687833294542e-02,2.243463559142255814e-02,5.752797036058241061e-03,-1.100380673927387754e-01,-1.718535137016900805e-02,-3.204018873904676545e-02,9.199229547196366430e-02,2.909583723586474727e-02,6.434810758974424116e-02,8.615209646177617031e-03,-8.619181461488739648e-02,-5.527172169297424331e-02,3.233424734239867537e-02,-3.062956816223082190e-02,3.999180923518184244e-02,-3.032201731699866315e-02,-2.994913918567318131e-02,-7.814808739067351240e-02,4.959164871103151351e-02,1.917722766436661883e-02,2.293123469966501862e-02,5.966028471619297391e-02,-1.693120263307039061e-02,-4.765818719285312699e-02,-4.172094963159058562e-02,-2.845571348876061238e-02,4.850283262018708491e-02,2.616543874940645970e-02
-2.289104213277857458e-01,-1.654405205286209879e-01,-4.014372340389567029e-01,-4.094954788491905751e-01,-3.537188803653104618e-01,-4.320164170463938191e-01,-3.431896811761810384e-01,-4.230895273806455914e-01,-4.689608657195326047e-01,-3.462946017882549410e-01,-2.341158096726440041e-01,-1.445711764913625019e-01,-2.185022832142211741e-02,-8.132040673825068761e-03,-7.183875172884852944e-02,1.035323443510554747e-01,-2.147993748129296832e-01,6.806117976587381692e-03,-1.282214108721504075e-03,-8.573436093579077377e-02,6.065002529262475406e-02,-3.665044519743728552e-02,6.029732065916389161e-02,7.323895901044548407e-02,3.998687881418538752e-03,-7.916180362369627799e-02,7.010046843761287561e-02,-8.718882843189283693e-02,-7.910375462215858688e-02,-2.451031768431276986e-02,3.562689929511361070e-02,2.093965114697811034e-02,-5.356201014020422341e-02,-4.614195040423754723e-02,-2.502323087007349636e-02,8.001739929531034856e-02,2.163234425110478407e-02,6.447252124524011085e-02,-2.070220184598397031e-02,5.985634770059709842e-02,-1.672537116887680766e-02,4.263132323560876041e-02,2.844860959849324425e-02,-1.009748453896017542e-02,-4.280273250331981943e-02,-3.420304089992814295e-02,1.060027557191342736e-02,4.526496782438728383e-02,1.857291040552738748e-02,-5.314228545678020832e-02,-9.036693572737561353e-02,9.922688737267128245e-03,2.683488736836068048e-02,-7.324060888646293996e-03,-5.682236224870787500e-02,4.536621657733433399e-02,-1.910756989976152356e-02,1.506644205318348299e-02,7.484304666370938941e-02,1.426662918911487075e-02,-1.098260475460727248e-02,1.812986801029379744e-02,3.970992263145603496e-02,-5.428273972636080136e-02,-1.816314664995044570e-02,-2.179820672010197337e-03,-1.369017103596230009e-02,-2.748383810484064313e-02,4.625777258610035830e-02,7.987464070099488389e-02,-2.932301922471747258e-02,4.759261102731864729e-02,2.407179958688554500e-02,-2.892147881352390149e-02,6.452025274071833405e-02,-6.929124097484871785e-03,9.925195416074941712e-02,1.804991492684468110e-02,-4.952345800829579398e-02,-8.042729196756767673e-02
-1.416265282769078315e-01,-2.644431715792491810e-01,-2.776089156065784658e-01,-3.912833478898770645e-01,-4.021747325174126475e-01,-4.090532084858939377e-01,-2.861189876327060455e-01,-3.404932443972640277e-01,-3.196187150888635253e-01,-1.773731665844996697e-01,-2.157595126749442260e-01,-7.632640488261407431e-03,-1.944816465606054312e-01,-1.535835979966690690e-01,-4.685796847751966254e-02,4.471529101915008159e-02,-1.434743998061969172e-01,8.073333771998206232e-02,-3.430744776374677202e-02,-2.454837185619932263e-02,-2.338525110044537697e-02,-5.159893816817403243e-03,2.122692740433529054e-02,-1.193578642748448215e-01,3.642454347742361126e-02,6.148457077253466178e-03,9.875072706232472519e-02,7.140289724306045360e-02,2.262480048257051457e-01,2.668463001855447825e-02,5.121259778842839755e-02,-1.441187754924091735e-01,-4.059778300130036793e-02,1.204194276522229240e-01,6.973878131503331856e-02,4.531468645235024566e-03,-1.259859329352455790e-03,-3.311801459418189757e-03,1.506051143452183383e-01,1.301108931884910336e-01,-2.261627422636224849e-01,3.313354044877307725e-02,-4.973151552877742160e-02,3.386193712097846503e-02,-1.548185256569710455e-01,6.310341572448326282e-03,-7.886610199103143148e-02,9.332587359894912310e-03,-2.141198983555414603e-02,-5.539215909377367963e-02,1.787581065239581338e-02,-1.001613037289232969e-02,1.852814965582142565e-02,1.796827866846937433e-02,-1.863669655085004040e-02,2.597295095553457320e-02,7.112177315710498104e-02,5.830683854256490765e-03,5.362277047566570186e-04,2.094711456973765915e-02,1.906528451574459118e-02,-6.299713172470641775e-02,-1.766052274348385923e-02,2.490121596936976239e-02,4.578575068054619585e-02,-4.508650438849127334e-02,-6.255857693267766195e-02,6.254052091561986687e-03,-2.009051499668613322e-02,-8.020442117482326841e-03,2.669514334213572010e-02,9.265936568703465187e-03,4.742038300777570714e-02,1.519461651903415006e-02,-8.260346375740102234e-03,8.443940020884690978e-02,-2.254303843053846734e-02,-5.379858142786019676e-02,-4.201284177686872429e-02,2.714823981675017206e-02
-1.458906857436131910e-01,-1.880013174723860758e-01,-1.772344428657959825e-01,-2.332316014377044389e-01,-3.743979806143274969e-01,-2.478889748144990079e-01,-2.221056951366152665e-01,-2.389319972496992961e-01,-1.050418524748812088e-01,1.669920354164752263e-01,1.641750631994765841e-01,-1.394817670573029467e-01,-1.473022845317905893e-01,-1.207437375418748265e-01,1.636743099656755296e-01,2.992323614703429682e-02,3.434486749568298192e-02,-1.504405871510129944e-01,5.340983207759295720e-02,9.597185933500371191e-02,-1.026713091402970401e-01,1.039111858324498830e-02,9.809032432302379478e-02,-2.962676053117707653e-02,3.527995019917053166e-02,3.224079931358033585e-02,-5.019994661847245604e-02,9.208347397066871109e-02,-6.130546230844477473e-02,9.631212784135101401e-02,-4.217041881333752872e-03,-7.095670683943020030e-02,-2.283460622423005154e-02,7.090587481759742794e-02,-1.302626922389407693e-01,-3.690425812447222561e-03,1.074907283959203180e-01,-4.956911738772165621e-02,2.777862825794542856e-02,-1.267207031159582054e-01,-6.502557425010274672e-02,-4.306983912974542833e-02,7.390898901224097865e-03,-2.323358456723764037e-02,8.181627013871504983e-02,-8.904845723575618988e-02,5.508406883671579900e-03,-3.427858256199218384e-02,1.475284737840837357e-02,-6.755764100919696251e-03,5.473649429615918410e-02,9.466842514249000640e-02,8.623073174533571819e-03,-3.975260782475379534e-02,3.313936549729094155e-02,-9.074661280525578300e-02,-4.377208044044724605e-02,-3.960080114951536508e-03,3.898792088069320816e-02,-1.429719058222905792e-01,1.250449559913369424e-01,7.297996281657266257e-03,-1.253453022971066531e-03,-5.754756799491100687e-03,-9.999617755490708762e-03,3.771690118147955767e-02,-8.279319092453411855e-02,-6.293804962960145022e-02,-9.813960481934239088e-02,2.196375015355571739e-02,3.084675957840680646e-02,9.446895895853504865e-02,4.607344540594945220e-02,8.856935733930825644e-03,1.257149454849890435e-01,1.139630034680576103e-02,-2.610960660095496683e-02,3.580089367965872543e-02,6.126706495090877141e-02,4.002047226154987342e-02
-1.310764118656329302e-01,-2.002041216637865939e-01,-1.377074899567359290e-01,-2.353535561999723635e-01,-2.166514351700728203e-01,-1.607092350553027127e-01,-1.149772239944032298e-01,-5.768169504793373148e-02,1.677215738516521226e-01,3.223777024844247108e-01,2.590246663050379539e-01,6.918747829136470684e-02,-6.950768888110057941e-02,-8.825708390329989328e-02,1.498944964781102063e-01,6.104045033314643015e-02,5.258592442691381597e-02,-6.824428188853200183e-02,-9.052142062942088174e-03,-6.449333821229273622e-02,3.301069989391692411e-02,-1.787915374316079165e-03,1.486785025806358906e-01,-2.321773767807731176e-02,1.054030922235979773e-01,6.322000408149418271e-02,-2.095721649483765076e-02,1.358526523813121389e-01,4.362483131850521806e-02,-3.152512868584902983e-02,-5.581107384116161529e-02,3.752702075548975530e-02,2.417127658123826434e-02,4.523390201900466534e-02,2.773620405337447886e-02,-4.100853365870359146e-02,-1.227071061257394360e-02,1.067760744577229137e-01,-2.855683048981999192e-02,-1.158519104276544559e-02,-5.691386813904595471e-02,1.129630403641472634e-03,9.751719499765032495e-02,1.099614790493206040e-01,-5.591380737681555385e-02,4.773011377285139162e-02,1.099453832553083932e-01,5.503335434523162761e-02,-6.281360572566115075e-02,-2.395835705018677791e-02,2.297976026855531179e-02,-4.287005355260572331e-02,-8.670286001129366704e-02,1.392388274017102856e-01,3.119108306191806929e-02,3.693642674272849813e-02,3.826441848507063787e-02,3.059578125091522161e-02,-3.609265618489483629e-02,1.295663224863969655e-02,1.272136441671506760e-02,-1.025641106078139658e-01,6.925460012040593472e-02,2.060364875357145742e-02,-1.743022023581851654e-01,5.904290619007790397e-02,3.271411790522124607e-02,5.235839799365930164e-02,1.252563599568051571e-02,-1.067208772414017237e-01,-3.918154740559701837e-02,-1.297664023979640431e-02,-3.896019581984157959e-02,5.120704830119426898e-02,-5.117483667292166763e-03,-1.304489291964911479e-01,3.087208611895037036e-02,-6.289877293554724247e-02,3.004489111754654954e-02,-8.851219038409049999e-02
-9.323858589709059508e-02,-1.113780323074606421e-01,-1.707441301383879062e-01,-1.616856671136465140e-01,-3.018851944766443030e-02,-2.375932799053200040e-02,-3.647592584969525792e-02,2.035293533537634592e-01,2.881036912381159110e-01,7.631944030732704110e-02,1.149216292090266683e-01,1.111007239885829639e-01,-3.357388157812093293e-02,2.455181992752690154e-02,-1.188923627916692177e-01,-5.504129641821609020e-02,-1.254669973516227555e-01,-1.838805522510779111e-01,-9.963305471224968846e-02,-8.060289690310756816e-02,7.273995980311723231e-02,-6.103349700632450595e-03,2.588337109554807863e-02,-1.466043170091515246e-01,-9.830854867274535502e-02,-1.020180957111291829e-02,-9.761023145987086924e-02,3.183963974918042200e-02,3.545289254483941638e-02,-1.084453223610270522e-01,-1.269741594831245157e-01,-9.054693120787363214e-02,6.647011750608730098e-03,8.072864793661195526e-02,-1.096523866262900382e-01,5.510353092455753943e-02,4.767453157441104566e-02,-1.387513366484393884e-01,-2.032226738663202997e-02,-2.862305444192086296e-02,2.674351407614121000e-03,-2.310872465391091563e-02,4.164325054653901168e-03,1.407463965414511298e-01,5.012189671374681771e-02,-1.068379252135283897e-01,4.293666405870511654e-02,6.481853804833374866e-02,1.012902110006981271e-01,-3.898089446900306759e-02,1.337839075129693134e-01,1.077832158227064532e-02,1.068803951995713764e-01,3.793334398075926678e-02,-7.122819934880691983e-02,-5.240128116416272602e-03,-3.229801393158942407e-02,-7.944123684823273246e-02,-1.213937395262886659e-02,7.099044639836865622e-02,3.306515569707193375e-02,-4.236655004955460629e-02,-4.117039013072620879e-02,-8.917674722290348799e-02,8.593897606408788803e-02,4.871252284210977196e-02,-1.565779975962572068e-01,-1.157418312594227575e-02,-4.994488328440071373e-02,9.062453214782567601e-02,2.696627610601450530e-03,1.169170923671604967e-01,-7.760852584028286871e-02,7.037545904466233071e-02,2.504199371020459849e-02,5.686533405825273946e-02,-1.352418255771892144e-03,5.050873029070773040e-02,4.009129131973648147e-02,5.493352782504137832e-03
-1.916960884804850829e-01,-8.914586958530913707e-02,-5.349794628308693865e-03,6.803223829211722806e-02,1.115848477598889582e-01,1.645666382209649004e-01,2.453889561661898311e-01,3.869317917570663234e-01,8.495754613964254243e-02,1.528235748016796014e-01,1.146626348342411755e-02,5.393388183327790103e-02,2.001921080475135284e-01,-1.695507568677924806e-02,-1.352829818030691078e-01,-3.917195760771290808e-02,1.108183312661873005e-01,4.682330864934011738e-02,-1.293400949451573301e-01,-8.509025934073913278e-02,2.672703895376097802e-02,1.310470033754130292e-01,9.178482338479489189e-02,-4.895059535767655456e-02,2.327402106218284250e-01,3.242280265179809523e-02,-8.978357496073299804e-02,-3.964193716133813938e-02,-1.861008227426396919e-02,7.797798330846497650e-02,-1.216920959150818160e-01,1.679935798152150730e-02,-1.378151748144160749e-01,2.204745003925219840e-02,-8.298003994030063446e-02,8.202140521876474799e-02,3.456815216622329684e-02,4.251830299620466824e-02,8.110842981365475046e-02,-1.533907713322039089e-02,-1.963139978615065576e-02,4.724904864007751365e-02,7.090516490749797229e-02,6.600894091951133719e-03,-1.009501294787613773e-01,-8.201067676260112571e-02,-1.244281632631389148e-02,-6.593825766012456624e-02,-1.429712743519787055e-01,-9.001800290830462570e-02,-7.781610034323235836e-02,-2.938944090086340402e-02,2.539778822720985870e-03,1.004064540783245196e-01,4.864837048287477123e-02,-8.065430164099326310e-03,3.049053942747089949e-02,4.005758811329982599e-02,2.901532255029896923e-02,-3.254512853687408641e-02,5.875870087294099084e-03,-4.547862363180853879e-02,-8.677418041661406900e-02,-5.788897032400590337e-02,-6.925255871059414481e-02,-2.349820511025025108e-02,1.670837300458412333e-02,-2.662781264469483294e-02,6.946597529135103977e-02,2.966039600345173055e-02,1.062143922689553766e-01,-6.206758539431319471e-02,-1.722091832643370471e-02,-6.064612732877309315e-02,-2.498767123146861460e-02,-1.779273003819656709e-02,-1.128129708735910036e-01,-4.407293629189069223e-02,6.336638974527333823e-02,5.454839573645942769e-03
1.562949736933835210e-01,2.429567790057481358e-01,1.501911730434762615e-01,2.526335515734131065e-01,2.179122233084953009e-01,3.281318631124864327e-01,2.926352926630232387e-01,1.692586719252320293e-01,2.117080842597855173e-01,1.870830937086340184e-01,8.837612888551125154e-04,1.409887616676498978e-01,9.278202439313737449e-02,1.270164829865299272e-01,-1.136003025394206889e-01,1.012817104647543154e-01,-1.029392584781876480e-01,-8.825252904538970211e-03,-9.495136323399341318e-04,-7.568654219217064993e-02,-1.554108171679393496e-02,1.459298556282028481e-01,3.116731250297189587e-02,-1.512648031656014247e-01,1.029896548197098555e-01,9.923940151510819707e-02,1.222481853938743174e-01,5.150780581881105047e-02,1.821129594498204288e-02,6.677902889716084978e-02,6.843630159208861224e-03,-9.395909050672528184e-02,7.724355751826392225e-02,-1.564371950873870987e-01,4.388988438254753238e-02,1.072345234986405750e-02,-7.787935037211098088e-02,-2.272872445132324837e-02,-6.365890531357130955e-02,-7.337274345429338485e-02,-3.186818310446631192e-02,1.458960615528087992e-02,1.750376846210447562e-02,1.050862324413386756e-01,8.290495934172910364e-02,-2.492268139517398937e-02,4.520662782712932259e-02,-5.633957931327492757e-02,-6.784598994244424308e-02,2.392440997990865487e-02,9.285966914951206130e-02,-3.055005520019916584e-02,-7.515766677207851541e-03,-8.930297137069277691e-02,-8.980941406254843232e-03,-6.402546360943356211e-03,-9.386683679357520071e-02,1.197039395079445984e-02,8.445830766633578846e-02,6.571634265433405619e-02,5.769821987002889119e-02,-5.348579282636017201e-02,6.935888771302269051e-02,3.957565969298098424e-02,7.531076879736220420e-02,-2.985785621455265201e-03,2.463287081781865770e-02,1.313561339295462038e-01,-7.805301892323032731e-02,8.037240008625184950e-02,4.352352961931620773e-02,7.031158820066145398e-02,1.478695123457836498e-02,-6.794044235456908609e-02,7.088286890456417522e-02,2.376747239230719150e-02,5.044355488562921389e-03,-3.016844228562871530e-02,8.729555542790191870e-04,1.926455474422391137e-02
3.316417201976802898e-01,3.392792741478137947e-02,1.756542151349969605e-01,2.562509026216895358e-01,2.045729036174540327e-01,2.104221104720201962e-01,1.969348021569676255e-01,6.029450544166395365e-02,2.521762345181164169e-02,1.450793732318267915e-01,9.494201924774219037e-02,1.389913279391933043e-01,9.265557017660916439e-02,2.597242815710739880e-02,1.843832954243072864e-02,-2.572493588193596956e-02,-1.570603273755694085e-01,1.066420502588452945e-01,7.804998810798960407e-02,9.493952889462836664e-02,4.784163206806796992e-02,-2.883503336362132352e-02,-1.989801038290901769e-01,-6.754444988911315062e-02,8.181573200349441521e-02,-1.878344649882995598e-01,-4.528787110600519805e-02,-2.888947932927621656e-02,1.507894372707151501e-02,6.023916247112830191e-02,1.256947409396606298e-02,3.652758817045554350e-03,-5.648228635341857873e-02,-2.677416947849551102e-02,6.629272957974215175e-02,2.541180726183751848e-02,1.609749469833558766e-01,-1.870393184422097788e-01,2.042523261062323681e-01,4.502758000679608907e-02,-7.659209369699537633e-03,-1.029978182843138603e-03,7.818214831577509349e-02,-7.606393083149773880e-03,6.777510342880958480e-03,1.245402257671709284e-01,7.423022816684379799e-02,-1.900636366699167377e-03,-3.693323546415301639e-02,-6.667565767383346054e-02,-1.086154794575780978e-02,1.373870644301834754e-01,-1.388615878870204379e-01,3.326242121237333454e-02,-3.375739304452963357e-02,2.282292575752366617e-02,4.510716374020608266e-02,9.961972430591968519e-02,8.669251282752034327e-02,-3.292396089077556653e-02,-5.131953124213899098e-02,7.227873543553967051e-02,-7.389807026972476656e-02,-1.171729890402563590e-01,-8.306677892975042332e-02,3.125189202454156656e-02,-4.452543894574786248e-02,-5.678081553306689455e-02,1.449932561641122455e-02,-7.595303019691330461e-03,1.492733404534234698e-01,-1.306211252631806971e-02,-3.821113963414942555e-02,-1.462732144766028530e-01,-3.767166440497893981e-02,-3.954254838166795100e-02,2.101070368283048523e-02,-3.207489371122859007e-02,-1.017524751669470102e-02,-3.383537972717973880e-02
2.235343468391280397e-01,6.955184297647981628e-02,2.463986619573422798e-01,-5.257210372685358624e-02,2.878701655271972970e-01,1.689507968845672670e-01,1.149273829101595673e-01,-5.412132154239022302e-02,6.571641001007272331e-02,6.615273932604850970e-02,1.262886369693534128e-01,-1.027711110208380241e-01,1.808110468977802351e-02,1.084660546111314017e-01,4.437660933911200672e-02,-1.195856234774997640e-01,-1.831480661289740519e-01,-1.113225905707694030e-01,9.784947820760749038e-02,-2.129113860123479085e-01,-1.364259710013389186e-02,1.876893333867459823e-01,-5.921395158238126899e-02,3.837096887523597927e-02,6.674166240269071605e-03,4.871827901037346920e-02,-3.369325952928953899e-02,-5.823289050368064129e-02,-3.546104300364177203e-02,5.027939241933688380e-02,-2.937552427933929483e-02,1.196749329391900013e-01,7.595289171466329536e-02,2.120981633614980877e-02,1.684306200640223738e-01,-1.859694994356293068e-02,8.171810734983941948e-02,1.459542935332281133e-01,-1.227666185495464163e-01,1.068582167306523362e-02,4.863051503862186181e-02,-6.879511535123054855e-02,-4.693759289374282301e-02,-1.295704039198800951e-04,-8.976231617702020923e-03,-1.905134092105179380e-02,7.114977558678477199e-02,5.504342231273293834e-02,8.264571407596234265e-02,3.741774664351269625e-02,8.764301428656730286e-02,4.992365514253478687e-02,-5.886096696117988636e-02,-4.707467540114194243e-02,1.358556966386771821e-02,3.829164060906823774e-03,-3.133382404153863682e-02,-9.721619679307294537e-02,4.696944206722765414e-02,4.082611756453227020e-02,-3.089701269404750150e-02,2.469189563022872180e-02,-3.395136956619200508e-02,-4.444681227868444578e-02,-1.391461553078456904e-02,-4.038109088022261151e-02,-3.400977068202840851e-03,8.332240551667373374e-02,2.595145834652200917e-02,1.380875467834096967e-02,-3.286621814251723672e-02,1.437028520495247860e-02,8.584001459894760599e-02,7.114228002122782203e-03,5.627257004035342465e-03,-3.945879805535901230e-02,-1.960452645023353854e-02,-5.600821164726932366e-03,1.866554329831792390e-03,3.080951646979409111e-02
1.565332873636194888e-01,2.080775965378414694e-01,1.896907918924772285e-01,8.227417177422995109e-02,2.297086792804066691e-01,2.586096943979611096e-01,1.709352525769652631e-01,1.608925230056741096e-01,4.118517225316957464e-02,1.077713487054248048e-01,1.114789117213589031e-01,-8.475546748000770125e-02,8.967600740555337069e-02,-1.535640221634805291e-01,2.013706041689696316e-02,2.908575523411226216e-02,-7.320889737914235140e-02,1.757448478490270527e-01,6.035758140422752688e-02,-1.421531287537688981e-01,4.649190272688945996e-02,4.754080503125652363e-02,3.315283852578748136e-01,9.956451154507714452e-02,-9.380739309971106166e-02,-6.182438489909571067e-02,1.259990938832175958e-02,-1.806182834755171054e-04,1.089596231902952538e-03,-6.490163817279952230e-02,-1.919257065296863310e-02,9.323057296323825072e-02,7.264653898856333891e-02,-1.556897356859260062e-01,-3.727468557829062556e-02,-6.824776858284690995e-02,-5.759582451045012173e-03,-2.699025715444808640e-02,5.439626991711155740e-02,4.950424369022990434e-02,-1.330629475905681647e-01,-2.492184584076802614e-02,1.300486183955921748e-01,1.328000841500025231e-01,3.191602707792599251e-03,-2.685952880017188418e-02,1.209759691084277416e-01,-5.415353732227349420e-02,-2.583345990075891496e-02,7.675688310044244400e-02,-9.194860885754076174e-02,3.793457277251526677e-02,8.630634500053240010e-03,-1.136846516765525200e-01,6.720438085696933683e-02,-8.054317433606567392e-03,-6.879454904158906203e-02,7.723717592680208466e-02,4.060154376425847977e-02,-1.011133974654833401e-01,4.064036421186530829e-02,5.998878617789971980e-03,-5.321547715377501070e-02,-1.317280163394131051e-02,1.118698454859547164e-01,-1.350906349869504010e-02,1.461326634500683362e-02,1.259595860906103093e-01,-1.028269044397468225e-02,-3.302731587232984184e-02,8.935583441237927860e-02,1.219012988608015324e-01,7.932203673460698490e-02,-3.095810857442577238e-02,-4.667588769925187092e-02,2.356820790326871404e-02,-2.013070248691843991e-02,4.835357033766295165e-02,2.814009576882481149e-03,9.623140177135423856e-02
-6.331400680312652962e-02,8.461997545379737473e-02,1.033402149766763506e-01,1.332315800680451134e-01,2.578432630821540089e-02,1.499603726720666330e-01,2.417646310461536371e-02,2.090672505049297747e-01,1.011769408067148546e-01,-1.644154413699198680e-01,1.264114333640281307e-01,-3.981080538771165217e-02,-1.147624936898017367e-01,-9.043593901784448275e-02,-2.673043033050420680e-02,-1.029527726482063060e-01,1.995227584972990298e-01,1.634926392487686189e-02,-5.618116642639927466e-02,8.189869348484375700e-03,4.033733609759616867e-02,7.938755093482149569e-03,-9.430223707016716084e-02,-5.541263054222222983e-02,-6.552359438578057339e-03,1.579344655264599551e-01,-7.554215312434948114e-03,5.109031560925021004e-02,-5.288518404296053098e-03,-3.911628069580748717e-04,-7.940748714691177323e-02,-1.364659180414945841e-02,5.656871217622374409e-02,1.518055978920153648e-01,-4.842073409420059871e-02,2.375728829830814348e-02,2.937035541115546114e-02,7.960208455514521109e-02,-8.128330149381479686e-02,-4.813952049950932094e-02,3.387884420948136105e-02,-1.109494065262279505e-01,-7.918964113271878547e-02,-7.639780471767755599e-02,-1.444519309746483682e-04,4.549140020576078469e-02,-2.529747359935891407e-02,8.581732954236957756e-02,-1.386099520835836971e-02,-1.204051277195722081e-01,-9.420504750568397048e-03,9.672562043447166524e-02,1.661984229232223512e-02,-1.439474630588259869e-02,7.697366764877225376e-02,-6.787438753804106439e-02,4.489952250280046520e-02,-3.895284773077725693e-02,-1.670010810989523350e-02,-1.481164129807138186e-01,-6.600047776214579102e-03,4.515942730981491182e-02,-6.832062981503558841e-02,-7.721714171905351420e-02,-7.844472898787374637e-02,3.814601634612284093e-03,3.609412739130487408e-02,-6.484209278631507256e-02,9.736959220603975951e-02,-6.485347097381349846e-02,1.630553687113543010e-02,6.059841906342657708e-02,-1.627625485915352166e-01,3.061252645345924339e-02,5.980211875074024561e-03,-1.593192237722220600e-02,-1.902294909335242859e-03,5.955890955915127578e-03,-1.175166589879388934e-01,2.364324910488097356e-02
1.109076325074486863e-01,3.477053127077118777e-01,1.324824724677678700e-01,-2.208870781310751444e-02,-9.329610266499836768e-02,9.353674750190447279e-03,5.571720165958155696e-02,-1.959794230302041862e-01,-4.014568405149086805e-02,-1.998345325209511993e-03,-2.871054695805048268e-02,4.699381382302548343e-02,1.067163790498198029e-03,8.688922408898890060e-02,1.700268753400516544e-02,2.111360110773471076e-04,7.703609782687088903e-02,2.050084706953368419e-01,-3.625839098409365524e-02,-9.536297175048903674e-02,-4.075683846238718072e-02,3.826012656828751968e-02,3.859169448000189517e-02,4.295380501999970096e-02,1.434010346917481415e-01,-4.264696095687153105e-02,8.310443744029205604e-02,2.037499802137188731e-01,-8.009887531946852102e-02,1.067541672906818229e-01,1.267518025270504001e-01,1.031601506716292062e-02,-1.307586077424665802e-02,3.578196107588687419e-02,-7.860295150537249809e-02,3.573892872890745837e-02,-9.584487178641674932e-02,1.215934603616073834e-01,7.278252932676390619e-02,1.283380952452469782e-02,-7.320757866520394286e-02,-2.667636017363080037e-02,-1.117948226083974039e-01,-1.441733019742622024e-02,4.394569277164862148e-02,8.614596846136211850e-02,-7.676937324522169204e-02,-1.100103203442013428e-01,9.191219599523613171e-02,-1.579790668806367029e-03,-7.614481335146000562e-03,1.080722025863360830e-01,-7.618757779882877335e-02,5.716278571392251900e-02,-1.633575051418611947e-03,6.900607309502371223e-02,7.435312138394408257e-03,-4.186233295917752423e-02,8.895533589899970450e-02,-3.238709156618693047e-02,-9.045957140968478860e-02,-8.176581473289197544e-02,1.918428880121614277e-03,-3.980318584995088532e-02,-1.096045835935108154e-01,7.400900613287235419e-02,4.609300636506950648e-03,-8.160972734748019042e-02,-3.662260585912195665e-02,2.722015531962933624e-02,6.704772633892656930e-02,8.383909775299452916e-02,4.714501882549627237e-02,-3.608176134135075014e-02,-1.004965284274562803e-01,2.674328622590154900e-02,-2.585462150572534132e-02,7.339779593251145873e-02,7.067043182628655884e-02,9.012609325097584168e-02
1.409746176856410960e-01,-2.194891036150293517e-01,4.305435501455697617e-02,1.283796167717051739e-01,8.901111075298566433e-02,1.819832663153862773e-01,-3.688790208483621463e-02,1.686310602877156284e-01,9.086931114604045179e-02,1.054630394429751233e-01,1.545271866904164015e-01,-4.790827720809229251e-02,-6.667513437500863227e-02,1.171894687293814630e-01,9.812192685689298532e-02,7.752818003795882741e-03,2.129233266329330354e-01,1.557147908957424165e-01,-1.814816204770827723e-01,2.445845209035947543e-02,8.759215559422753317e-02,4.625151927036177252e-02,1.896203085242484029e-02,7.962067742117495683e-02,3.813932449571107164e-02,-3.467806763610806892e-02,1.125178936641128974e-01,9.610406984248874573e-02,-8.247631137511923782e-02,-8.359258595868292174e-02,5.200851763459955063e-02,1.936854677151672866e-01,-1.258219555774081899e-01,-4.087231637622788100e-02,2.380584008850155850e-02,1.980568510277957994e-02,1.336343192062613427e-01,5.657089523281481208e-02,2.796936171342919927e-02,-1.613569848992754685e-02,2.211164638746435443e-02,-6.905774168170168703e-02,1.252523223709013367e-01,-4.990032775320370206e-02,-2.202993326375259422e-02,1.815908649952717446e-01,-5.559928279359957481e-02,8.117740381036428476e-02,1.091279735334301296e-02,-8.753627474090404370e-02,-1.011376908689125102e-02,1.857615395052041596e-01,-1.238948873445274573e-02,-5.378962363894624482e-02,6.834791623494583523e-02,-7.396968456541942738e-02,1.787743612456940343e-02,8.502651798853619325e-02,-1.064026257718926477e-01,3.745725032974204366e-02,3.898993347210420474e-03,-4.264774837294684623e-02,-2.988992440885487184e-02,-1.056089096886253381e-01,-7.274005265231172149e-03,3.420896811604372950e-02,5.588522440084961462e-02,1.150505418462826612e-01,4.091195535495605745e-02,-3.568088868390455973e-03,-5.759905087194312073e-02,1.123803830413103860e-01,-1.031313227078826805e-01,-9.832545623470630852e-03,3.791547469363531347e-02,3.078278559333906886e-02,2.287664039063836210e-02,-5.529006097425535199e-02,6.249878262036676763e-02,-2.870370894388102334e-02
1.794763959359886307e-01,-1.281482207316128052e-01,-5.241249512543923877e-02,1.821148057250582611e-02,-1.434536711579945667e-01,3.473229254430208746e-02,-1.596887993394162375e-01,1.839758726725417709e-02,-8.474793626305263117e-02,-4.934846745265585033e-02,-1.307421403168272378e-01,-2.833768295347910415e-02,6.998013143866074759e-02,3.473393555961653417e-02,1.095601388383483921e-01,6.621183569264683932e-02,1.289756936452817748e-01,3.238023863402807873e-02,-2.035300670321963865e-02,1.539266784163661195e-01,4.805550011224724721e-02,8.154088950973260863e-02,-2.431520466795965285e-02,9.534944249907677249e-02,3.120309724640131788e-01,7.398008541903020041e-02,1.770593792218832022e-02,-1.992168703727903722e-01,-6.769954068349286203e-02,-1.059121275833708464e-01,-9.000971765782229961e-02,-1.006252757598854151e-02,6.744830151392217088e-02,-9.994200426995700215e-02,-6.310395048920786065e-02,-4.135541507712569426e-02,-6.714019752540467678e-02,-3.855229720644046815e-02,-8.036996974489746259e-02,9.525399299503782558e-02,-3.821867442807869858e-02,-5.295146277214787811e-02,-7.642390961980777275e-02,2.471872229564998219e-02,-1.813824328268792349e-02,9.612667733914774526e-03,-5.442450572503403777e-02,-1.141706569836990481e-01,6.746237749158588703e-02,4.033897449352352726e-02,2.528210061432905470e-02,1.286308333040491192e-01,5.948212933226671578e-02,3.660982946932348631e-02,-1.322480863142312668e-01,-1.011304921052867262e-01,7.816974131129934833e-02,-1.183576446625446421e-01,1.205359782664023049e-01,1.345710950888263924e-01,-1.620333953185037687e-02,-8.511758085209783151e-03,-3.761427889510703115e-02,1.100497854354157978e-01,-2.479284345713807583e-02,-8.000224826073980278e-02,4.709901759615402195e-02,-9.486925889769365350e-02,5.500654766995690531e-02,3.014984241731256606e-02,5.689398470410702603e-03,5.322497773693533191e-02,-7.799056332568664318e-02,-3.574561130341536580e-02,-2.485208754912436591e-02,-1.216814697802393597e-01,-6.338714815967272549e-03,-1.288625830719909542e-02,7.164156243171368454e-02,1.711401045778430940e-01
7.689590022936267089e-02,5.634064868419090370e-03,-5.550092922626131270e-02,1.551224852770645979e-01,3.244257230459590136e-01,-1.445698977932730750e-02,8.154384542062170782e-02,2.599078766869208218e-02,-5.521605656772723969e-02,-3.951800516651870349e-02,6.832545473439978478e-02,-8.150430782276121833e-02,-1.982556910746379741e-01,1.129410971058133761e-01,-4.194193472520781063e-02,-1.318793867979061729e-01,8.908769885009590328e-02,-6.136334140339227972e-02,-1.072546597221851750e-02,9.852084966546053799e-03,5.919164217846804160e-02,6.753400451267906057e-02,3.967179858190342939e-02,-3.265560054567431814e-02,3.242519661284004595e-02,-3.767513365003948705e-02,-2.006469338651817591e-01,1.717402255368179476e-01,-6.940995789809384364e-02,2.191190823838251936e-02,-1.492654194064100548e-01,-2.422096976294808301e-01,-1.059023025055190990e-02,1.135884543280330644e-01,-4.652913215805268982e-02,5.529111103362947116e-02,-4.467393085724898766e-02,5.704368265768748614e-02,1.313823589873480413e-01,2.023746181931073557e-02,1.784273638723898603e-01,1.459978249051635812e-01,1.131039402548810607e-02,-5.535866586630171227e-02,-1.939329241243960625e-02,8.721620107118313592e-02,4.557398062217044715e-02,-5.616670166742809833e-02,1.173833490896981219e-01,1.305166343430260167e-01,-4.108568476123362033e-03,5.147071658730165145e-02,1.352175014805710729e-01,6.500188582937148352e-02,-4.464050875502011129e-02,6.969514250884006890e-02,-4.672858618555209703e-02,-4.521246544553830099e-02,-3.085657864588313773e-02,-7.171444986956456574e-03,-1.301794665912723182e-03,-3.460842681731868958e-02,2.325218245810424175e-02,-1.461483575648964139e-01,4.985176476666067745e-03,4.066219043536874189e-02,1.294623814911030346e-01,1.469447553780957039e-01,3.398174019708283949e-02,6.753067040445112634e-02,-3.266903452423460669e-02,-2.570739635901243478e-02,1.369472908415463909e-02,-6.250222402987279380e-02,3.699274009435862820e-02,1.641439957499079075e-02,-7.487850876747452304e-03,-5.612916182056641723e-02,4.787645340200770427e-02,-1.408446614770063332e-01
-1.097020209310028927e-03,1.826744986976928508e-03,1.790465660893209854e-01,2.136658414386864435e-01,9.585455382030177995e-02,-7.782606690900252533e-02,7.891153708513637399e-02,1.690783375997372273e-01,-1.228844542655865985e-01,-1.223226797007395672e-01,3.717910313561666874e-02,8.260936115816994163e-02,1.540430198733823142e-01,-9.534744732380213972e-02,-5.754349620346668054e-02,-4.560833393568453770e-02,2.025513688048553515e-02,-2.502535724945370577e-02,1.774795303116046333e-04,8.821779703547662221e-02,-7.603636223897375368e-02,-1.051042303871416450e-01,-2.063856368007641051e-01,2.363170507883794250e-02,-1.776279998701581209e-01,3.150658329273941377e-02,-2.487204227796251804e-02,1.936780080717971086e-01,-8.785340826552740304e-03,-2.071924144352531999e-02,-1.654961540433755041e-01,-5.499317583232997408e-02,4.831768834572713195e-02,-1.011760889394663042e-02,-6.525297818764952754e-03,-2.942969774310319822e-02,1.409567988515610625e-02,-8.543288907943253144e-03,-4.947487131243750308e-02,-1.028579649589407702e-01,-1.046889138755253412e-01,-8.083125210579952813e-02,-4.228281381904816505e-02,5.528509200451821315e-02,9.384843638341166736e-03,-8.719054309800090830e-02,-5.826047592406569803e-02,1.053432241772135070e-01,9.004743265405507069e-02,6.965950664951511828e-02,9.990781238263096720e-02,2.481597866674473823e-02,9.513015089265638990e-02,-3.545282096365673374e-02,1.463598855006573683e-02,-5.698388044766166532e-02,1.518655144398425860e-02,2.435263156666934298e-02,-8.699604258165566373e-02,1.128666503579869168e-01,-2.438428368614542832e-03,-8.635808313208995224e-02,6.251695352333190223e-03,9.713600914851761026e-02,-2.222559828974995100e-01,9.908559722051671348e-02,9.393249272040650466e-02,-1.691319972660791301e-02,2.126237280508879932e-02,-9.392429254971342012e-02,2.640873424589041882e-02,4.223073103994682415e-02,4.076561553471448607e-02,-7.637498847650968370e-02,1.754980433512109972e-02,5.181489298256447551e-02,-3.163100590103812282e-02,-3.622303409564751192e-02,7.817958484508748251e-02,-8.803452510758043303e-02
-5.693019229705992626e-03,-1.742536597093583273e-01,-7.498821682250135512e-02,-8.543672101531170349e-02,4.118728976728109337e-01,2.001860040592918499e-01,2.438047778746532945e-01,-1.151751188524617747e-01,-1.062444153134690233e-02,1.852037143810773357e-03,-1.089638326721694382e-02,-1.065161140724532884e-01,-6.092987862050300296e-02,-7.801776753741265780e-02,-3.473610697483416748e-02,1.383810983513030779e-01,-1.551075368025490731e-01,-3.626030052893310790e-02,-3.580546203489239770e-02,-1.376421482739327851e-01,6.212946729643734761e-02,-7.138022145387415418e-02,-3.070029679976404857e-02,5.311568268757715927e-02,-1.051645049960000938e-01,1.362134502935483061e-03,1.131925896777564305e-02,7.209656345189557891e-02,-1.389371098189010056e-01,9.619542637022729381e-02,3.913631571558740668e-02,-4.745582995644378327e-02,1.520118562160860387e-02,-2.434499441516628851e-02,-7.785300758684406412e-05,9.906626143042888966e-02,4.221623876092848310e-02,1.290291845813561766e-01,5.898418200605717171e-02,-3.067684481733299467e-02,2.241108604925888259e-01,1.142798700688023861e-01,2.856058672207039892e-02,3.146499529244091431e-02,-2.174048530070634127e-03,-1.181234763886187915e-02,1.919077384978922982e-02,-1.232889211370632732e-01,3.285626241880498788e-02,1.284654060740773873e-01,-1.241363503649289268e-01,6.641222559580469212e-03,-1.496976098531018484e-01,1.651009700737177815e-02,-8.371250457054808802e-02,-1.370580330448810946e-01,-6.483756841262590387e-02,8.024114166717897026e-03,-6.234525615966727413e-02,6.660830432180046487e-03,-1.169839248688707145e-01,-5.691463254175017222e-02,-1.068812768925194029e-01,-3.216647110929663628e-02,-8.141329357018754070e-03,-2.324583038351644634e-02,8.548203821778097705e-03,-9.079956314697949782e-02,-1.820188407737693137e-01,2.277833476155051787e-02,-1.023448423770314669e-01,-8.050641401913853634e-02,-1.720079604226255540e-02,5.435436559555687636e-02,-1.495355824027555791e-01,-7.219518026464401272e-02,3.382485312465788319e-02,-1.253540937827504059e-02,1.177929875332790893e-01,4.776325472994171623e-02
6.843192775960815766e-02,8.006195943296595674e-02,-7.879302866226294000e-02,1.174424842945454017e-01,1.486386355264208634e-02,2.482170508388293131e-02,-2.275145227903953640e-02,-1.553393824108672550e-01,9.049513315622870419e-04,-9.006759378009120132e-02,3.138974923092986008e-02,9.350326311120751507e-03,-1.734829010568971208e-01,-2.033810373132302271e-02,-9.817620713506519659e-02,-7.134074747796563185e-03,-2.157782410315266797e-01,1.162482544344944912e-01,1.061150061101235123e-02,8.817714833364805049e-02,-7.415101566442096337e-02,1.595980467719768092e-01,-1.625739614550668777e-03,1.322711857571553518e-01,-4.341778191084741390e-02,1.669317132742255405e-02,-8.982645426504005937e-02,1.240891580823265811e-01,-4.645221140487208397e-03,7.621939948951958477e-02,-7.357897431250506881e-02,1.750815032489946022e-01,7.278871733916814080e-02,1.107453487070653719e-01,-1.544593124014695916e-02,-1.425068152935139165e-01,-1.996434631190446146e-02,-5.436210910525916123e-02,2.248763743164540821e-02,2.032987605264562625e-01,-2.892780266316352655e-02,-1.277280054257687314e-02,3.850224699284572616e-02,1.860266230537311050e-01,3.555279335887631675e-02,6.478397905620429664e-02,-4.613587002581619884e-02,9.483637307699344099e-02,-1.612448607930306796e-02,-7.446487975617384304e-04,-9.627943300842937285e-03,2.421584874862501013e-01,1.476284322195156873e-01,-4.568298411982944784e-02,-3.420216360913542336e-02,-1.191350185124229709e-02,-7.410808702461162134e-02,-2.090085624865354805e-02,5.833641982511255514e-02,-4.656916935966605442e-02,-2.425291261842965704e-03,-1.557619685623877872e-03,-2.973262720897558182e-03,1.302493482151129145e-01,2.485424049463932222e-02,-4.991460511387195431e-02,-8.121418892812222456e-02,-1.811070901456655058e-01,8.831903767915956494e-02,4.079008534133576197e-02,-2.222411288536934801e-02,2.510142072832586418e-02,5.738038977686654718e-02,-3.098044784751363689e-02,-6.166640458695301502e-02,-2.935170284432710858e-02,5.910141896550971663e-02,1.015844455100055055e-01,5.702975089117204820e-03,3.670900514317330249e-02
-6.897576137880083447e-02,-1.254092050135409420e-01,8.835798992500201732e-02,4.343610597140391133e-02,6.443158505759263854e-02,-1.080081757286762562e-01,1.986607304132773089e-01,-7.389356106640067312e-02,3.958513729064168374e-02,-7.377623888991319268e-02,9.125001931939896727e-02,-1.000957831345774818e-01,-2.253982981094459770e-01,-2.448133659386397820e-03,-1.824022532527467821e-01,-2.467668555511797965e-02,-7.742001438455273221e-02,1.433027732142167221e-01,8.626923595984707649e-02,2.119600729722124488e-01,-4.085756511036087169e-02,-9.558231678540569584e-03,1.210442125099319421e-01,-5.146881738147009513e-03,5.705445275736432259e-02,3.720437043806238851e-04,1.256453065262427013e-03,-1.444511796214938701e-03,-3.429666225978227762e-02,-5.637396830173612566e-02,-4.186368521190741987e-02,1.257204745761847375e-01,5.560156406385882016e-02,1.464110030058451625e-02,6.775923032321391759e-02,1.480899989982369103e-01,-1.077750324234582301e-02,5.137888214707599793e-02,5.256578375522553276e-02,-7.842753662998763753e-02,-2.446518752841617683e-01,-1.042558676467062184e-01,-2.215340050532362270e-01,1.051002996927324767e-01,-9.983735328449282187e-02,9.161141646458755006e-02,9.248591027606624382e-02,5.297111445823853015e-02,1.914010627201626347e-01,2.462641345222477823e-02,1.425541244299285970e-01,1.214103024939542780e-01,4.824532729572524742e-02,-1.324734810978360211e-01,3.329418512210742531e-02,4.536457750711044012e-02,-3.039174009358922707e-02,-8.048034668959136440e-02,1.384663388655211699e-02,-4.522250742319600114e-02,4.980106189137202544e-02,1.446031186971855585e-02,-1.165558081554453861e-02,2.254700701266840537e-02,-4.189544685375479888e-02,-2.870547367108296222e-02,-1.081159369437101293e-03,-5.876461173535607596e-02,2.569555663173067259e-02,1.023670371002791402e-01,-1.350361663045920591e-01,4.479041020855489136e-02,-1.038114691829332276e-01,-1.438044537265345535e-02,3.298086481952867272e-02,-6.359191746173734061e-02,-3.180847912103030445e-02,1.022631432604474561e-01,-1.463108869253062529e-02,-3.661405683999777172e-02
1.582834654153091603e-01,-2.086663076958020571e-02,1.153183550292187914e-01,-1.846385305737306692e-01,-6.156924667563970499e-02,-1.532517386318330566e-01,-6.585997239554097771e-02,-3.622352069658255069e-02,2.029549956730183624e-01,-1.775623315671256142e-01,-6.757820356351455782e-02,-3.063715011226716411e-01,-1.516337671281565713e-01,9.278844173211758806e-02,-8.451423201719752976e-02,-5.461454184318019532e-04,-7.648199413329349883e-02,8.399178673750450075e-02,4.177955375137177088e-03,1.802109234157327211e-01,-3.671270289837998135e-02,-1.387552122232129093e-01,2.613851338569486010e-02,-4.644443166370111620e-02,1.273233109066134738e-01,5.922198383881882924e-03,6.483038690073758548e-02,1.160347938280512914e-01,1.091780480351393912e-01,3.291432419777169660e-02,7.546220936680611557e-02,4.576631721578033191e-02,1.037864776647371146e-01,7.091994784807935381e-02,1.433194627900543361e-01,8.177712778363781590e-03,-2.178146869954166454e-01,-6.258735721140919195e-02,1.144283512599019725e-01,7.845958805804136016e-02,4.452319502606209844e-02,1.123215391738161678e-01,1.803864411966544512e-01,-1.214535754782732346e-01,6.905621950780584106e-02,-5.781868171654691232e-03,-7.872170478642268043e-02,-9.418831068606758200e-03,-3.051082281889228379e-02,-6.258806418295183305e-02,1.336042017543432048e-01,-7.716269555573615491e-02,1.258024332200887406e-02,-1.120529752293357578e-01,-1.422228763464002399e-01,3.547088553016937689e-03,-3.017370048446257544e-02,-1.224587511725535038e-01,5.260015013102588982e-02,-8.815459143228303318e-02,7.817030902915583779e-02,1.065151571111730977e-01,5.177279163536076256e-02,-7.181276610275397210e-02,-7.066090594691007420e-02,-6.361283996098460181e-02,1.818046039570873351e-01,-1.495931087446659424e-01,9.036083662865127680e-03,-8.683829518021288218e-02,-1.259861569913003562e-02,-1.365642478298122742e-01,9.764409500781452700e-03,-7.782838709968185886e-02,-2.072450650751088419e-02,-2.533528246365181202e-02,-2.207517349747726773e-02,-6.482731439544836549e-02,1.286879451778068575e-02,-1.801691561597915381e-01
-1.845525197361872205e-01,1.032008009389446535e-01,6.170186306973707985e-02,2.970022126965824946e-02,4.567383652144793582e-02,-1.278281078154632766e-01,-1.775256670728545538e-01,2.309763046488884364e-02,-3.590988971864394336e-02,4.999606785133545866e-02,6.526468665034008965e-02,-9.187725686690996485e-02,1.158186336433869174e-01,1.207209432887152295e-01,-6.047228014142332899e-04,-4.244708926327712267e-02,1.053262785053298428e-01,-3.088991197181856045e-03,-2.297780800117062584e-03,-1.087065507356696908e-01,1.034745175319984473e-01,-1.142706276343641858e-01,-2.130316936734674427e-01,5.360633738441403923e-02,5.058032487984394712e-03,1.063624425906002369e-01,6.850062308656937327e-02,2.203913212166609126e-01,1.668418803308432952e-01,1.593281811289912198e-03,-1.752080070116586730e-01,6.669500737416261815e-02,7.841078540253398899e-02,-9.902018765619251262e-02,2.084006980512100593e-01,-8.176306628994618741e-02,-3.251453764368417154e-02,-1.352099086176550280e-01,-5.572550906120087022e-02,1.874581627543759621e-01,1.735172869711958665e-01,-1.080218016161681588e-01,1.742185546575832772e-02,-4.332256388730947733e-02,8.311075500007422678e-02,-1.879119109304299394e-03,4.950309104852924219e-02,-4.879721712394168021e-02,1.119258179963799997e-02,1.890376175886545329e-01,1.226782312988007467e-01,-3.066129557038520248e-02,-2.240749835247111965e-02,1.318286809036097740e-01,-1.331839891651204755e-01,-4.453968544468771967e-02,-3.460348465839490489e-02,3.216744863442091984e-02,7.591890122025951593e-02,5.483138072808452917e-02,-9.529401510736477954e-02,-9.190583914975705704e-02,-1.414791916504822555e-01,-1.599585613570561615e-02,-2.803546646748638488e-02,-1.401684416425408308e-02,6.148458800423824318e-04,2.564710706554921074e-02,1.829306997768797780e-02,5.745663499334609930e-02,-3.905524010259613793e-02,1.464693858878325650e-01,2.314974400467133611e-02,7.657575338978107882e-02,-4.242563525702552213e-02,-1.290350567281906558e-01,-5.972067855164078787e-02,-5.755252322017876537e-03,-1.483492260699102901e-02,1.014682611560521613e-01
-1.624655239061019996e-01,3.582093112571330899e-04,-3.949693304043708914e-02,1.125763274412751747e-03,6.700043938590051484e-02,1.630568528264517703e-01,2.816230057098272760e-02,-1.436031638137146849e-01,8.221643482229501823e-03,2.156635192015654012e-01,3.996565569049492783e-02,7.396309442349401075e-02,-2.284727316357142712e-01,-1.021212675632215683e-01,7.290427002122838729e-02,-2.690758786686836893e-02,-2.521478057668525286e-01,-5.674198209468672011e-02,3.136757255562407608e-03,-5.026892478391936127e-03,-1.079877460156299790e-01,-1.127349759161754422e-01,-7.184107837209792458e-02,4.948185585554874463e-03,1.165410142081370511e-02,2.924635605904486735e-02,-5.142535705119651197e-03,-2.315527499470426340e-02,-1.539494787951626864e-01,5.251390797905102978e-03,6.610064224214753925e-02,-1.670912208901041696e-02,2.237970808731016073e-02,-9.421620083412443614e-02,1.845665568368002121e-02,-6.657816515869798002e-02,1.140690836026430482e-02,1.366316737882546650e-01,1.744996149388786388e-01,2.825217084276412244e-02,-1.024287797709246550e-01,1.018522375376960769e-02,4.118781910676857887e-03,9.439998817646226559e-03,-1.090066392742308626e-01,1.430619131556536139e-01,-4.559163078837667922e-03,1.672116912563678948e-01,-7.210871568407033194e-02,-3.121981493570920654e-02,-5.184747801393518180e-02,1.322046786266685946e-02,-1.526289684146422687e-01,4.049251051249747740e-02,1.456149826228697597e-01,-6.163783868479551925e-02,-1.875688544940275759e-01,-3.170981550829466040e-03,8.006791355964230916e-02,-5.311819611843428268e-02,-1.007093167356554048e-01,1.759618410679856804e-01,2.555894170435741783e-02,6.560538127600255842e-02,-2.308914639917403894e-02,-1.205749255218020559e-02,3.349558917012213782e-02,-1.244166525001246387e-01,-5.327074416344657060e-02,7.112100638379713347e-02,-5.063703783136439679e-02,-5.121513644471595295e-02,-1.193866588663880859e-02,2.219739861609619502e-02,-3.609070459240999035e-02,9.655520279708124098e-02,2.698624755635098058e-02,-1.045659937605917522e-01,-7.503426020553763398e-02,-6.333666061100877431e-02
9.179673482465038059e-02,-1.778031549792922772e-01,-1.796966535967326611e-02,-1.291256184284201580e-01,-2.177998912755406691e-01,-5.357059520985164858e-02,-1.013027994123353176e-01,8.200617077038219876e-03,-8.086814495757647936e-02,-8.154782769456260516e-02,-9.015407210852734166e-02,1.974629408423488608e-01,-8.840091358279682232e-02,1.364957939989746294e-01,1.284013947611397644e-01,-1.746707089592184070e-01,-1.398909682152798539e-01,6.457561361407539169e-02,-1.916482687621002753e-02,-6.817851467397019471e-02,-5.908510334596243918e-02,-1.141503240875924169e-01,2.657086572952972389e-02,7.595309522435274296e-02,-4.123809182997573153e-02,1.106849407381644695e-01,6.944333232598479122e-02,2.508459277733121606e-02,-3.050194199545590984e-02,1.433467601729950247e-01,1.210284574583071482e-01,6.459292638948463394e-02,1.742931729517517292e-01,-1.668998283499105173e-01,-4.317518262192786976e-02,-1.910904147928355057e-01,-5.851851433578081352e-02,4.812853273702909912e-02,-3.192873994281569816e-01,-1.330897549110468814e-01,-7.242430837710543690e-02,1.492262349832032819e-01,1.755911338244514341e-01,-6.139653009839988324e-03,-1.194090634271519763e-02,1.027632369328734530e-01,-1.464183679760122092e-01,2.940910246484717758e-02,-1.835744308294229993e-02,1.137183715703110956e-02,8.875103051176722047e-02,-2.598863969535904900e-02,-6.820403242669205446e-02,9.851667021946086678e-02,1.258163373029421161e-01,-4.961498243753765386e-02,-1.345467802737201624e-01,-4.607714378123198284e-02,-1.003018532610308079e-02,5.897857200535304434e-02,2.109598403678525011e-02,8.903619718762587065e-02,-2.023088595162536238e-02,1.132833890995706277e-01,-2.723407515859488370e-02,1.684772014077703106e-01,3.538554052699072281e-03,-1.705269556984690934e-03,1.517864712355266113e-02,8.128538608415614153e-03,-8.417840440849569394e-02,-4.771230835285335953e-02,1.500347932953120522e-01,-6.603655617363489438e-02,1.278602798817910779e-01,-5.576337222000911364e-02,7.115914880398066522e-02,5.497078274158217689e-03,-1.925932672439030014e-03,-3.883763633573588531e-02
2.619800750126248870e-02,1.564071037985367008e-01,3.521688219666613967e-02,9.167406530335213410e-02,6.929585351276397985e-03,4.942227948026353158e-03,-4.767265811531422315e-02,1.927889977960085544e-01,4.072235169973013186e-02,3.213016747111635540e-01,-1.113917897898091675e-01,2.011657478651544817e-01,-9.086415488096365178e-02,1.341704492363873236e-01,-1.161112847714153296e-01,1.012263439688221162e-01,7.600109132902958808e-02,-9.283158404907811134e-02,-5.691311975725366068e-02,-3.719149294625085506e-02,1.270993226273925414e-01,2.476643846224735324e-02,1.508096183877045970e-01,9.157170567339914524e-02,1.014710616560579731e-01,1.217849335772347857e-01,3.025789790769735366e-02,-1.348292409881447218e-01,-5.611559399016038258e-02,5.175447862429556622e-02,-1.299772139351310640e-01,-9.477067951699144621e-02,1.276006588167120648e-01,-9.649567538667161437e-02,-8.468364030280900456e-02,-3.859522476047890557e-03,3.257005928707729786e-02,-4.544374995117627519e-02,1.136768196599199747e-02,-1.511641239357804922e-01,-1.593569051704745165e-01,-1.006099861677500484e-01,-1.470817431485401013e-02,-2.070942850799929180e-01,7.674327370500334811e-02,6.383908587929573719e-02,-2.538387713114848357e-02,1.035002742976157408e-01,3.746223698308303457e-02,-6.796383401448408135e-02,-3.641393257836710029e-02,-2.195691426895731158e-01,-1.230487311038879344e-01,-9.175727203306800750e-02,5.186841847770311265e-02,1.541286903827912835e-01,-8.382430826832824866e-02,-1.530360130396548474e-02,-4.208787480457695102e-02,8.487643995902109662e-02,-1.189287833855978554e-01,2.566491669124959865e-02,5.951812834854122714e-02,9.160866356768067320e-02,2.507287662740701265e-02,2.039578037951079448e-01,-7.915925677281471229e-02,-7.304821893577742586e-02,-9.983904326740748736e-02,-6.072793705405418740e-02,-2.473744008560378738e-02,-1.162938420616438928e-01,1.002317652102031470e-01,1.857795210131023278e-02,6.342885832503902810e-02,6.419813524472968436e-02,-1.194908694390182657e-01,6.513519412106665019e-02,-5.663805885008742214e-02,-4.064469758149306597e-03
-8.891566075111718981e-02,-3.817645216868647412e-02,-4.038149824030583951e-02,1.675024152203684891e-01,-6.980599506235987683e-02,-1.884017800701026646e-01,-7.184590250833605696e-02,1.135329584711037010e-01,-3.394861840928946328e-02,-1.167322344269106082e-01,-7.523968915054350670e-02,9.259110567881924381e-02,1.696342831509239923e-01,-3.239452289616028685e-02,2.126373822919528159e-02,-6.295626111555586990e-02,-1.904666841746977812e-01,2.348889217954132705e-02,9.126130598246547099e-02,1.621365730212346312e-01,8.375646034770280191e-02,1.134334483271709076e-01,-1.755144114527120575e-02,1.180989821969238157e-01,1.527775162645305107e-01,1.680252266707520370e-01,8.896402974828214461e-02,1.318799159356096908e-02,5.184004343812886884e-02,6.897241646467480725e-02,-6.955976964911217419e-02,5.031734591987564037e-02,-8.805166379816160849e-02,-8.904770533701669710e-02,-1.170932919444246934e-01,2.244857283157816394e-02,1.042767977021253067e-01,2.368655459844732497e-02,7.661032861863709131e-02,1.716290061085613550e-01,-1.393915393620846488e-01,8.280055117381346363e-02,-5.977988102601931170e-02,4.122951236685778315e-02,-6.537701510291110685e-02,-8.291524440072084445e-02,-1.791473736422619367e-01,2.280909544318655141e-02,1.178793653679328056e-02,-9.018556639156039348e-03,-7.527101954801652950e-02,-3.245548542052948543e-02,-4.454168564142126779e-02,-8.216104920764499830e-02,-5.093933355235785373e-03,-1.211721179854378591e-02,1.341301899584065038e-01,-7.437881795342793714e-03,1.528706419791968918e-01,-5.053920985829863863e-03,4.616505785709795057e-02,4.427924883894170105e-02,7.516439480364810188e-02,1.373366526967700063e-01,1.066994545915853250e-02,-8.701129325405816684e-02,-3.070034085684776592e-02,1.086537581864659013e-01,6.826625057725563273e-02,8.907622740014134455e-02,-1.253705290294081509e-01,-2.783086004807812375e-02,2.023738436916925829e-02,-2.044362936162693878e-01,-1.036175395267059131e-02,5.141219377933232970e-02,-1.017246949894025504e-01,3.895646348764381095e-02,2.184104490289200465e-02,-5.633219178579296216e-02
3.854369843136413315e-02,1.311783380247989461e-01,1.479354294573578810e-01,1.624380844833831217e-01,-1.748546804761167972e-01,1.557001648438468000e-01,2.162987043114363538e-03,3.647888964450552579e-02,-1.538076416507264677e-01,1.348506182585204605e-01,-1.148394109195333482e-02,2.075042491610025186e-01,5.913508767559499946e-03,-7.731840825512818760e-02,1.224966783308862328e-01,1.334804781077095492e-01,-1.721238641356158117e-01,-1.450046117278636360e-01,-8.229590699324874914e-02,-8.574667267052010766e-02,-7.655009869139034473e-02,-1.132753645909747794e-02,3.226472401362665693e-02,-6.298432568623173189e-02,1.647943722642968567e-01,-1.285012973549612414e-01,4.057166630807495719e-03,-9.664288071637151811e-02,-4.168678812022548474e-02,-1.141575471032562211e-01,-1.120795016324735022e-01,3.893537182948731551e-02,-6.545930199377467118e-02,1.538167470793572189e-02,4.513186523644940884e-02,-1.042795085504655411e-01,-8.656416822861655661e-03,8.361986851336020848e-03,-1.026638334388115942e-01,-1.217535754104191736e-01,2.520621787751912285e-02,5.299604249172893550e-02,2.150917243174217119e-01,6.510253725275336190e-02,-3.136475324875890452e-02,3.369684836627454688e-02,-1.392099103019465156e-01,-1.010835495918384619e-01,-1.818007592808798881e-02,1.445664771786876052e-02,1.050634310913785285e-01,2.474412247915479812e-01,-7.766822218230659547e-02,-3.570367349418532982e-02,3.842543750522860874e-02,-7.521405099772368597e-02,1.604471721278799600e-03,4.398010401632279631e-02,1.227243010113769350e-01,5.598967835751309657e-02,1.079529436388674685e-01,-8.894049218708399707e-02,-1.547073523953789928e-02,-8.990890988673096162e-02,3.678722993698443910e-02,6.558858553474020137e-02,-1.210167428291964442e-01,-1.156811728124794436e-01,3.297223669092196052e-02,-1.216800394405717113e-02,8.408931884938850021e-02,1.002869134987207228e-01,-8.815091961435052303e-02,6.476955554840466145e-02,-7.806190298529847027e-02,-1.035630975203064436e-01,-1.550318613287878303e-02,7.455936447306438231e-02,-3.468704018869061406e-02,4.163695947444054357e-02
-1.725256730176948083e-01,-1.310096149611710559e-01,-4.206263771181471822e-02,8.264008113748003148e-02,-2.081486017413375633e-01,1.465030477243819129e-01,5.303762541404574010e-02,-4.332216301448400114e-02,1.986859640545055733e-02,-1.844086577259039794e-01,-6.604792680679309747e-02,5.338105257253041025e-02,-9.652295300061222716e-02,-1.565013386689789454e-01,2.699201837798806056e-02,-1.937379559359163339e-01,-7.018942247940844481e-02,9.182836000172057977e-02,9.318632617458828815e-02,5.364548545277032787e-02,-2.762194411947947736e-02,-8.493983905961365044e-02,3.755546144248027296e-02,-3.207014175454701160e-02,3.196921013197050881e-02,1.511330787404080445e-01,-3.172485484563260238e-02,-3.710409900076506312e-02,-1.732440328986951938e-01,5.421767702976744430e-02,-9.128670704265268165e-02,7.710983591606225540e-02,-6.813908988564455760e-02,1.668420865258873897e-02,2.627197955199981564e-03,-1.923723225022466177e-01,-2.267780535185591820e-02,8.705429421243748855e-02,6.331792188529167253e-02,4.028670830715211371e-02,2.389144500216728792e-02,-2.997384019469299509e-03,2.163155970024762675e-01,-6.000608061544424054e-02,5.057505445075289457e-02,-4.921749387956315946e-02,-4.613929035448628008e-02,-1.083201132942012701e-01,-5.793789550563010343e-02,-8.728253423950203815e-02,3.545698753881180998e-02,-4.996996966503339938e-02,-2.205579710543253621e-02,1.182700365033357570e-01,1.532224469889441332e-01,1.654312351230726591e-02,6.288570712397618945e-02,1.250386688771091548e-01,2.447105034529880024e-03,-1.168409215055006833e-01,-8.950273445197770572e-02,-2.676568141537225692e-02,1.635536799222447601e-01,-1.219385638720837939e-01,-1.070524469610663471e-01,4.690128307239742333e-02,-1.963164490888860136e-01,-7.908087102081463871e-02,-2.873991157957326084e-02,-2.821959948145236902e-02,1.338266074158309671e-01,-1.775628848138886828e-02,-1.051675663530855231e-01,4.441016463415677247e-03,-3.721587377160853055e-02,1.582225819428494662e-01,1.192359327951002940e-01,-4.203943818892377088e-02,-5.545352915576460401e-02,-4.707565445852179842e-02
1.311102848861362136e-01,2.368542785700979425e-01,-5.332936870176066546e-02,3.940717138176886430e-02,-3.755647651671729648e-01,8.560982308642994809e-03,2.118100740985458252e-01,-1.259304335150491783e-01,1.834701575699323062e-03,4.495660068508015167e-02,-8.039448022772092972e-02,-6.172505024001542079e-02,9.402014338102683555e-02,9.908388876755703373e-03,5.987105739566418033e-02,1.099672803198163250e-03,6.663235193810819468e-02,-1.341375737841187521e-01,-2.841886231971858801e-02,-2.184721753299145863e-02,4.227428990229117889e-02,2.549258608609608970e-02,-1.012746887855051070e-01,2.229038593182899528e-02,9.820810508281870022e-02,-2.195983120975433245e-01,-3.106858461044941996e-02,3.238321408856269235e-02,1.021788087057564492e-01,8.806011332781804590e-02,1.094359661776072301e-01,2.546325782266109158e-02,-2.203430474534999461e-02,2.638266394504569859e-03,5.149490440718686862e-02,-2.207984591755340984e-03,2.161496381349720386e-01,4.278025616909474776e-02,-5.600020047660752426e-02,-6.378842312816271343e-02,-1.292854024000244517e-01,7.409889178699075041e-02,-1.810669592060884237e-01,-6.825124512365285390e-02,-3.289444322674472737e-04,7.469387627326555534e-02,-5.257619775528651201e-02,-6.359452940438088675e-02,-6.660180739414175988e-02,1.729301354905525279e-01,-1.866775540276769188e-02,7.065308840586521921e-02,1.077372771955316111e-01,-3.040597734213733999e-02,-2.249780847631561165e-01,6.516891041250888472e-02,-7.844054582162321432e-02,1.084619525512362376e-01,-8.056420144942544326e-02,-4.505105821361718443e-02,8.983304952815511502e-02,3.419204621868603133e-02,-9.750706471011741372e-02,-1.910656639429142434e-02,9.750283530575377944e-02,1.354340870791118645e-01,2.602226064928848948e-02,8.026153235496892233e-03,-7.091229232458232893e-04,1.075606796131913095e-01,-7.857179473568685901e-02,4.330578285373085090e-02,7.380964709148843395e-02,4.723011434905137473e-02,-4.853877846618168124e-02,1.097441458511207862e-01,1.160770485094050758e-01,1.549112336630193223e-02,-4.546106908458457524e-02,-2.929170932075271863e-02
1.190068691690755465e-01,-1.915346631638024655e-01,1.116909099340129552e-01,3.420985171843910627e-02,4.772420150293953112e-02,2.634047210063636957e-01,-1.357987466514354036e-01,1.069792553335883883e-01,-4.798363347018796271e-02,1.006520701987341643e-01,-1.447375046214985188e-02,1.711782078972010346e-01,1.238826239131704532e-01,2.814522670977636851e-02,2.961440838948977139e-01,-3.934289204434744842e-03,-1.210322684988107689e-01,-4.475137537426803619e-02,4.986251030552883018e-02,3.201054289872658914e-02,-1.197382105552895898e-01,-7.291727653907045803e-02,1.704373296911308733e-01,6.015131275125840810e-02,1.093761824325111959e-01,-8.781666238642509004e-02,-1.862873007884558174e-01,1.294549917697139230e-01,-9.784862589413002854e-02,4.310818640989821232e-02,1.073527051886147832e-01,-2.782002888702628414e-03,-9.227903109672032367e-02,4.621443829688553356e-02,-4.911120560540584851e-02,8.467075294613095326e-02,-4.056808827157296765e-02,-6.382657155462252707e-02,-5.349926696136222265e-02,-8.845841638281731756e-02,-8.893570080745760720e-02,2.452838408435447093e-01,-2.964567403555961461e-02,3.524375981785365930e-02,3.070940743713506185e-02,-2.846577361110829915e-02,8.593416454939921401e-02,1.991896944270475645e-02,-1.038557732382967003e-01,3.223297709041342968e-02,-4.507130429418957501e-02,-5.158447897931970477e-02,1.759693460956872346e-01,-1.385504705458260287e-02,7.199376767712806213e-02,-1.801565420981173782e-01,8.979609109328076655e-02,-1.004325085523477823e-01,6.849703028064696442e-02,3.943550088647403314e-03,-8.479770098323796690e-02,1.959521668738417946e-02,2.567901075281289747e-01,8.023409781209935032e-02,-2.855841785319232148e-02,-4.964814414986559038e-02,-6.416638648629464925e-02,-6.260354187735157894e-02,-1.566522969767575879e-01,-1.591517428067932421e-02,-3.555223043727414201e-03,1.205822425831410000e-01,-2.110209936843748454e-02,-4.033210111940869515e-03,-2.215314903775982350e-02,-3.834907219614280827e-02,-1.176281015105543927e-03,1.358498500152860791e-02,-7.369433543221365346e-02,-9.076401599794745034e-02
1.439592313376965860e-01,-7.153522696932478053e-02,-3.861843744486057051e-01,-6.229782266643226624e-02,-1.423858039716812962e-01,1.315841576348804332e-01,1.001057880851437681e-01,2.295410593970970692e-01,6.972996154110343292e-02,1.167166778904750735e-01,-1.898214735857563229e-02,4.762471611248944581e-02,3.677437693777839411e-02,-7.632352400572185724e-02,-2.152124784120455769e-01,-5.335507035540561216e-02,2.049706951381500414e-02,7.035233225405207458e-02,2.792539149700067405e-02,2.968268227033200174e-02,-7.827197630799843930e-02,-7.041527378671924575e-02,1.037806312419162075e-01,-3.846763419709880311e-02,-1.423793435244189720e-01,-4.141744487398289071e-02,-2.551890826383930444e-02,-2.767085874106691157e-01,7.871393292596266843e-04,-8.033270169104052283e-02,2.163461118942665296e-02,-2.958645230208895582e-01,-1.374018560701784353e-01,2.567087446399034592e-02,-3.468733581196906807e-02,-5.615199349367969162e-02,-2.268057729364726660e-02,8.526799692849015844e-02,-4.998979259562845445e-02,-1.025976697374561368e-02,4.014611774495947111e-02,1.236439410224277058e-01,-2.515346434775457274e-01,8.651783695717482625e-02,1.721552552787601331e-01,2.209187094222231189e-03,1.396819894631118331e-01,4.214269569024732542e-02,-8.746350087886718694e-02,1.721796717543558342e-01,-5.881508012417948315e-03,-1.266608060052992479e-01,-7.942272348762409451e-02,5.560109708061579392e-02,-4.997436999170800503e-02,-5.017128196856499717e-02,4.714037660171398192e-02,-3.839104515337405515e-02,-1.692952884839610816e-01,5.917343924546751566e-02,7.509602365689027614e-02,1.425109585525736848e-02,-6.261956361651879743e-02,4.027684226404580625e-02,8.837023650995791402e-02,5.808193757026124115e-02,4.091995399373495740e-02,8.071993691360020845e-03,-1.582809426381224516e-01,4.712037031241860657e-02,9.438202075878597552e-02,-3.633307140797423229e-02,-1.589416089442456936e-01,-2.639336358219616652e-01,-5.246905418518320319e-02,-1.927923390996748587e-01,-3.930680008215402255e-02,1.081775754152753677e-01,-4.088558019138743144e-02,-6.003490142341448565e-02
-4.840093479519395891e-02,-1.208011604804263839e-01,-7.005125964122707605e-02,7.283642906437669262e-02,-1.890338482714413182e-01,-1.548695311577210909e-01,1.069594490440885781e-01,1.897658478989223130e-01,-1.724272250865558354e-01,7.812633631066066842e-02,-2.235918457013123528e-01,-6.286207161643721231e-02,-2.031761553168442286e-02,-1.283076189953446244e-01,-1.983759561641842695e-01,-8.078986873995663842e-02,-1.048153089840477004e-01,9.442157628928585927e-03,6.678101946926576216e-02,-1.236932203574502703e-01,4.358246273647767982e-02,-6.423866467076511100e-02,-2.380922252803986325e-02,-1.680109346448900934e-02,-4.091135201317445957e-02,-1.282565197340087004e-01,-4.218251229479945408e-02,1.142062302356017245e-01,-3.698535703493358810e-03,1.496605298761277680e-01,1.429743407093328755e-01,1.813140116110606437e-01,-2.106804562166888495e-01,1.655398527811645717e-02,5.015557242508246472e-02,4.483393036897429657e-02,8.982275775161682740e-02,1.245484615952884844e-01,1.096991841398942957e-01,1.090782556578984291e-01,1.497185949042042497e-01,-1.084348092713172673e-01,8.672196821990348081e-02,-3.528078812010481541e-02,-3.560058019078730929e-02,-5.093860654413125653e-03,-5.062033858881211795e-02,-1.437654450124863648e-01,4.788999243327871080e-02,6.176959431462013955e-02,5.193186496129664764e-02,1.069219590681664972e-01,7.312740104886465697e-02,-6.199633392003905431e-03,7.237112046359153728e-02,-1.519071476042108404e-01,-6.392967004217833815e-02,-1.394448757940330019e-01,-1.770983949837323379e-01,-3.672332596226499796e-02,-5.554351711997156799e-02,1.584852712700327015e-01,-1.535071355299689744e-01,-7.395296920686219092e-03,9.067731637482774609e-02,3.685815204521707827e-02,-5.281974842412964083e-02,1.707420830069434070e-01,-1.351601431016279664e-01,8.263843654483782331e-02,-7.837648090810053064e-03,-3.194890686562256582e-02,-6.257430019190086956e-02,1.176609139587690145e-01,4.077586494623687552e-02,3.852646754747753033e-02,9.338780413943270631e-02,1.673381114526986124e-01,3.715631243160664315e-02,4.031906093296306476e-02
1.683563862701816793e-01,2.427426593907356864e-02,-3.029508422415720225e-03,9.694262494061346019e-03,-4.546564868888236521e-02,-2.494697090429776054e-01,1.863858632431910842e-02,-8.396665127165234277e-02,-1.213370064751262759e-02,2.029949444110621948e-01,-2.492490585681322313e-01,6.558632598479667564e-02,-3.990992005567647882e-02,7.770228359156687581e-02,-1.960211994574637823e-02,-1.568969498297863654e-02,1.696749412203630777e-02,8.936945651168892724e-02,-3.737962184079627898e-03,-2.685078970347754695e-02,-9.791018101219746417e-02,-1.114083402706332188e-01,1.330410777601513106e-01,7.530401262296892995e-02,5.925940171493878326e-03,4.044885436140424617e-02,5.867035284661059613e-02,2.435206603575067741e-01,-9.658059978616416463e-02,-3.533827198951799281e-02,-3.861839491442453729e-03,-4.575033928279851475e-03,1.366696841311747582e-02,1.015129808379750670e-01,-2.636364613450205285e-02,2.662381045693878318e-02,1.830555902860908912e-01,-5.158882811249530104e-02,-8.684692951349015644e-02,-5.560906354912902722e-02,-1.016940928907141516e-02,1.012633637740635029e-01,-2.613784406987989736e-02,-6.531198515063034449e-02,7.809092027332978879e-03,-5.030507533950732274e-02,1.904679814459064912e-03,4.793474521401853289e-02,3.506863439440272706e-02,-7.438249712430664018e-02,1.343488063407353716e-01,1.268499580000477696e-02,-4.502030915037003034e-02,1.144945921770446212e-01,3.912742007223895396e-02,9.622315498996800165e-02,9.700939655856258281e-02,-4.140765789111597317e-02,-3.508392443926323934e-02,7.758642888833162943e-02,-5.845992117354675138e-02,8.133929331730002654e-02,-8.392434452919889099e-02,-5.412170398880627314e-02,1.499958919770821020e-01,7.612085032895425304e-03,2.268425562366482573e-01,3.000771530710971691e-02,-1.297347774874937909e-01,-1.539267402875540980e-01,1.988332954973892341e-01,6.963128633620877840e-03,-1.121678796390843391e-01,-6.609593317473907992e-02,1.082485418768310524e-02,5.437659426971292592e-02,5.357111553025104694e-02,1.012010588393328775e-01,-1.245848116609222372e-01,-1.150204313672527762e-01
-2.232360208003144608e-01,3.772561646980273631e-01,-2.292789192902213238e-02,5.012754400855284204e-02,-1.170713247039803159e-02,-7.098292709169619352e-02,-1.434516987929025378e-01,1.607918802404056380e-01,-2.996974226474410918e-01,7.984261659323028948e-02,1.137486669481864859e-01,9.402350937791913166e-02,4.001749793913503966e-02,-1.641050465683083692e-03,-4.484643375449836461e-02,-1.846897694481873867e-02,-4.071032545548369103e-02,5.606414518338742256e-03,-6.251849199312282945e-02,-6.309333276718101513e-02,3.839495008189595243e-02,-4.959106774881405152e-03,-9.817080044794822269e-02,-2.508314838091279739e-02,1.504454264818749221e-01,-1.081302973435627202e-02,1.298283424110313056e-01,-1.782218995530301118e-03,-4.953302652830905012e-02,-1.261906090911775191e-01,-2.663227967236497448e-02,-2.437323689344009572e-02,-1.391557355621537428e-01,1.808494072388817375e-01,-2.120861795146408713e-01,-1.335621534887678208e-01,5.574585432777211941e-02,-7.132236368670084870e-02,1.423631559339411934e-01,-9.101578036730738341e-02,-8.409597015528369468e-02,8.223105742880749969e-02,7.131040373967158230e-02,2.115998688952064055e-01,6.449157991755001540e-02,2.246267257261429784e-01,1.102241688153295651e-01,-8.511307553249274072e-02,-9.885480353179326718e-02,1.086957034976338277e-01,5.639090586513505199e-02,4.990210855183665334e-02,3.027727719610779841e-02,3.143736983844217658e-05,7.232885875278043109e-02,-3.580806292792780565e-02,-8.452133369470765656e-02,-8.938282983914944135e-02,-1.554146640126670247e-02,4.424078642639590192e-02,-1.990554398380598930e-02,1.155586187125032527e-01,-1.939933224899339365e-02,-3.582395057034175063e-03,-8.701203381639928403e-02,6.443576747188114724e-05,7.819851127981568284e-02,5.459655975766868757e-02,6.805625600945915121e-02,-2.364723788302667412e-02,1.102667737967299860e-01,5.820265763585523444e-02,1.060879604990627723e-02,-1.612368100461675224e-01,-3.634284688895992460e-02,-3.551358300529640355e-02,-7.241191337083267843e-02,1.002137407426873933e-01,5.524867729552210976e-02,-6.594495832543666169e-02
6.821341282676654516e-02,-5.650827462100883880e-02,-6.319430091681264849e-02,-5.009718212149742028e-03,6.846604312518067559e-02,-1.218520834203144429e-02,6.001315007137371328e-04,2.715057465941538364e-02,-2.382302040925922751e-02,-1.849350113729273659e-01,9.212325877726640355e-02,2.766375506638605111e-02,-1.887727013353236380e-02,-5.867631651325935088e-02,-1.635418419918955035e-01,-5.475751488754564827e-02,1.750136620050218306e-01,-1.180812832056968124e-02,-9.761579882484058834e-02,-1.036732764687608305e-01,7.333480711353368431e-03,-1.704313981495715960e-02,8.600351191763656172e-03,-1.037472204842479068e-01,2.823729428102885186e-01,3.972056253869107184e-02,1.101470062545858580e-01,3.261502351589584681e-02,1.273887456742494040e-01,1.450998835050569015e-02,-1.276231185307132032e-01,-1.498758784846860870e-01,1.406824837307412146e-01,1.068044685867029636e-01,3.424764236746907081e-02,6.760120568690339282e-02,3.155606791421055463e-02,1.191829046579238466e-01,2.487111059395887003e-02,1.630978489541582907e-02,-1.113544333800665573e-02,-2.548523262027859171e-01,1.207168866461590627e-03,-6.610493193231695673e-03,-1.714057838102133607e-02,-4.443893479766150394e-03,1.160211209980651220e-01,1.123366661134207051e-01,-8.356021131051344364e-02,6.920486916462251226e-02,1.055364918859949125e-01,-1.242053948350719389e-02,1.134987649525702746e-01,-1.270030536103002872e-01,1.474470541715368899e-01,-1.093297556503268486e-01,9.804444015335978414e-04,6.937912721543218475e-02,1.472896129402269383e-01,-1.892963058488779035e-02,-8.679284698969608192e-02,3.508079717272712117e-02,-5.952265094422654751e-02,-1.704294204330677326e-02,-9.443289175541179359e-02,-3.463684341446075093e-02,9.539828189267208006e-03,-1.513568502285844164e-01,4.443774939125945400e-02,9.366348010574700178e-02,-1.153896264035240427e-01,-1.789723841752367123e-02,-1.055202752699700153e-01,-1.228907603280264688e-01,-1.034008025220825404e-02,4.792574277152699541e-02,-8.682991356562935747e-02,6.149417874388877353e-02,-2.812822545589928683e-03,1.855094989375013700e-02
1.827752674342762382e-02,-3.991757360101170354e-02,7.974847690696655611e-02,-4.827836726198440898e-02,-1.093950320262512647e-02,8.006881461240809850e-02,2.948071561055041340e-02,-4.818251828452193436e-02,-2.054723808385901587e-02,-1.185888653031316742e-01,-8.291130073457399219e-02,1.101318478056340922e-01,-1.862091885017163606e-01,4.945482119355665979e-02,7.530808238946556932e-02,-1.342847778588454437e-02,9.942241941659449300e-02,-1.575735747753146954e-01,-1.476197532104845112e-01,-8.224840393708607311e-02,-3.689526791282791984e-02,-4.204246616738960968e-02,2.136480512394075548e-01,1.274988174655465878e-01,1.060549464719012930e-01,8.747806575054377365e-02,7.793415995580449396e-02,3.678158842690810310e-02,3.003427294599697941e-02,1.899536961493034914e-01,4.524773795422568773e-02,-1.610026164405379753e-02,9.433092422977677749e-02,-8.133423922783808435e-02,3.396622845969975851e-02,6.787705115276412848e-02,-2.300045400485520655e-02,-3.870498207836174653e-02,9.330366795233642485e-03,1.035210921244719279e-01,9.170391819049242277e-02,-1.039770436438626766e-01,-1.240446274424389789e-01,-8.733551267210265534e-02,-2.056812781614199281e-02,1.870164209883569840e-03,3.074837570149876066e-03,7.084810911039543524e-02,2.469272936493593917e-01,7.490602332204981950e-02,4.195857638904613302e-02,1.575275334243237402e-01,1.720479125629891248e-01,-9.902246886070516403e-04,-6.455026737663076275e-02,-1.502095171352532399e-01,1.126885167119441589e-01,2.033999781678206414e-02,2.280869226064021274e-03,1.751696873464029689e-04,-1.695767160990502287e-02,-7.537528323049471658e-03,-1.926583383902543689e-01,1.492119206573764845e-01,-1.072107589471639824e-02,-1.184501718630189410e-01,1.150159350845190581e-01,2.160707774919043075e-02,1.102586833969532998e-01,8.298225212396002914e-02,-8.725724536535030273e-02,-1.555662702208513992e-01,-1.321888693612792709e-01,-1.371038365007494764e-01,-1.557748128307651636e-01,2.684791284952270287e-03,-2.246664619741953889e-02,1.026659675040381692e-01,7.180549402132493930e-02,4.308794870203750543e-02
7.302226347994318634e-02,1.374823175291106560e-03,-6.271272729149838208e-03,-3.436538031436552065e-02,1.301257797653811686e-02,8.301803785710396011e-02,-1.231695120562710938e-01,-1.215530899585783586e-01,-9.671512703439454073e-02,-2.601501235665797454e-02,-2.543744721667181782e-02,-5.593327501079384950e-02,2.178652551465762588e-01,-1.033595700410614993e-01,-1.577628905658075564e-01,1.329817247218915144e-01,4.804096465499044233e-02,-5.832274068134973150e-02,5.401157319467981416e-02,-4.802772709922612654e-02,-1.319821304451195554e-01,-5.823528623587108377e-02,6.784388620151613793e-03,-5.123238488642165023e-02,6.240817921239806727e-03,5.052152383763486125e-03,-5.862570459783036925e-02,-5.098576178862018055e-02,-4.112826536584748144e-02,-6.049862926453915268e-02,-8.798911087272323628e-02,-1.347529546141639778e-01,8.048917389602501526e-02,-7.142668394603587240e-03,-1.433085970949315915e-03,1.064268280046757296e-02,-1.577745123605392707e-01,1.172377499483458624e-01,4.256019767515085983e-02,-4.991666067232063825e-02,1.511828949017215429e-01,-3.864957040748622646e-02,-5.275105351898574935e-02,-3.675148720087876436e-02,1.125218479494403262e-01,-6.727545128076632339e-03,3.825286170665895269e-02,1.862809162458707313e-01,-9.140468732474361924e-02,-8.499206632054548405e-02,-2.040740384836522425e-01,4.881466727444958020e-02,1.351520721041877537e-01,-4.279255352321974931e-02,2.496865971249984384e-01,-1.405278948049768495e-01,1.694679388106873005e-02,-4.564484628225467036e-03,-8.022051818643312349e-02,-6.695093091181784396e-03,-3.988763128293985188e-02,-1.259439521207117996e-01,-1.203178916062094296e-02,-7.833141737221431533e-03,1.397422696194742207e-02,-9.084103511847256562e-02,-1.036797845117078676e-01,-5.940864534616892983e-02,8.928247916081806512e-02,1.569225219835339649e-02,-7.388624288553473363e-02,3.757520676842862617e-02,-5.596870405166365359e-02,1.110712544264663842e-01,2.411704306335819559e-01,-5.626738308330715005e-02,-7.808038097149287704e-02,-5.910429252060117600e-03,4.250007565183691605e-02,6.268394111365929722e-02
-2.184430510985073126e-01,5.645695870017294372e-03,-1.033326111218918208e-01,7.049651457655552178e-02,1.779221325029386458e-01,2.631621483885375756e-01,-2.071356743598621319e-01,-1.163979632881034093e-02,7.586253469417376938e-02,-1.854350701064227669e-01,6.299243062346876476e-02,3.027920880498469192e-02,2.492330689091886223e-02,-1.373545339729033941e-02,4.288360035315456897e-02,-2.115785105456836901e-01,-1.207563880455807676e-01,-6.523216347768337475e-02,-3.606282849853501959e-03,1.143191404175920994e-01,1.097433534530718596e-01,-1.230687228132989162e-02,1.704289638437015419e-01,7.451582693830376136e-02,8.608108334598847666e-02,-1.929480837213632671e-01,5.337590587315130947e-02,-1.092696155372164246e-01,2.033514951712661056e-01,-2.167392262282768697e-02,-1.137317896581228199e-01,1.552234030108700646e-01,-1.112670031511853591e-01,-1.763130996300126332e-02,-6.038864079267718815e-02,-7.083255869073477873e-02,-8.392802505950154590e-02,4.498532808367199792e-02,3.209606527778565560e-02,-6.722240810756786866e-02,-8.232214607474290513e-02,7.193900846140391381e-02,-7.468638111763717391e-02,8.749032025658040612e-02,-8.177400747228144584e-02,1.760206947093432422e-02,-1.457964653498145247e-01,1.053702330694029909e-01,9.935289101320910355e-04,-5.510042415516614583e-02,1.798321502175299347e-01,-3.030711905313016735e-02,-3.935686365170990714e-02,2.091980528426974073e-01,1.548179837062408637e-01,5.582159435259211044e-02,-7.685843593263709528e-02,1.327407156978624714e-01,-1.058534682155991280e-01,-6.641117031995172337e-02,-1.257437049635870829e-01,-1.169679656174074239e-01,1.622421550367942819e-02,6.138530906433118522e-02,7.754097879999836615e-03,-1.216402815568447121e-01,2.989963627244055736e-04,-4.230685623699416420e-02,-4.104641362631979151e-02,5.155022182378757312e-02,-1.183593298576537389e-01,2.617951432337766934e-02,6.283206168924811152e-02,-1.132882286258130033e-02,7.366406585673219987e-02,-1.112693919735661431e-02,-4.348303880280527701e-03,-3.397870532353531453e-02,-5.024881619447038594e-02,2.168871234366576140e-02
3.210380363299026457e-02,-2.163812059000880250e-02,-1.859526471883043153e-01,-1.277124391638072010e-01,-3.675432127601220567e-02,-1.046443788676242395e-02,-2.316395676181954438e-02,2.353396187649314797e-02,7.545873958388710223e-02,-2.546733892257619924e-01,-1.151540182229018883e-01,-1.118679602412514795e-01,-3.822277983857720607e-02,-2.390572054053502205e-01,2.167538989569010172e-02,-1.258312398061394444e-01,8.214347680206747146e-03,4.188304553964383031e-02,-6.719820447282615072e-02,-5.153018410264580823e-02,-4.961763565572761131e-02,-2.321791184809548700e-02,6.161209451773827506e-02,2.523854352295408776e-01,-2.506906604122442483e-01,-1.969161271655866241e-01,-1.360003688372004305e-01,1.549179239305656097e-01,-7.728993093938929526e-02,-2.774215428752640003e-02,-1.199853477531593743e-01,-7.490264477346806997e-03,1.342525482418382154e-01,7.217270080094370654e-02,1.402879591815242022e-01,1.665966876068765146e-01,1.024903648920187094e-01,-1.068487550823427473e-01,-5.804564431718375883e-02,-1.040964209780140537e-01,-3.166177171150411085e-02,4.365649129057953826e-02,-3.015584554435050621e-02,6.511927916495274804e-02,-1.204818571483579071e-04,-6.857373291389802852e-03,-1.006224206496176971e-01,9.347371706390887602e-02,8.002602057312374617e-02,-1.844831162557029197e-02,-1.419190547808998892e-01,1.485636120731463061e-01,5.696925860680356751e-02,9.382828299016129914e-02,1.767891094585908804e-02,8.390940580028750928e-02,-1.760105931490219822e-01,9.450707628100915580e-02,-8.020150104279230585e-02,-3.670248841368808218e-02,4.519576143592874545e-02,-5.831586025577058935e-02,9.030211217925329659e-02,-2.111002772587648457e-01,-1.197844056953836778e-01,8.065189591700352295e-03,5.591312039429958969e-02,-6.989258739847396817e-02,-6.995939233348313913e-02,-3.292637619786967923e-02,1.296841998318639666e-01,1.528662319835158087e-02,-2.123160208773622326e-02,1.069187250580529019e-01,-1.128437610118038642e-01,-1.635908118509047382e-01,1.154264961460488015e-01,-1.870504294419124414e-01,1.069334734458862457e-01,-2.321593025384246708e-02
-2.203996720836543799e-01,2.161532260716435283e-02,-1.850618070728139719e-01,-7.215104854099883835e-02,1.409852304463268813e-01,-1.292533701526396017e-01,-1.774742255558622028e-01,-2.030485956487736166e-02,1.417844483104038489e-01,-7.710109249725410896e-02,2.504824340971974900e-02,-3.761991655518023836e-02,-3.954816521889947117e-02,3.973973498903539403e-02,1.583250423457296108e-01,-6.304628469213892361e-02,-9.671236709912638119e-02,4.225077121512192668e-02,2.107012032359639742e-01,5.267844693258174477e-02,-9.065660598724564756e-02,-4.330362632909286191e-02,4.095503585311513137e-03,1.360050432167410617e-01,1.411362084937429484e-01,-3.300283790973365661e-02,-6.323858352441114050e-02,9.038221902877525971e-02,3.054878958497279570e-02,-5.569709393357636512e-02,-3.592428470829005932e-02,4.205642865646937699e-03,-2.092534005949778508e-01,2.184292497348200301e-02,1.695735781112700791e-01,-2.840446074417809011e-02,1.641326913148317135e-01,-3.030598452066106743e-02,-2.043031909366926566e-02,-1.700393122708707960e-01,-1.063806454209515751e-01,-2.681306918841292949e-02,-4.159831845587101673e-02,-1.082655723757701138e-01,-2.359947591228926111e-01,-4.352611825274753377e-02,-6.115024795743613517e-02,8.864408449006384860e-02,1.019230925202917748e-01,4.626291343519148280e-02,-1.747001852929650628e-02,-1.516394134457911547e-01,6.490609766495590571e-02,-4.242976966631606221e-03,5.406463694000827186e-02,-1.128472355819342549e-01,3.404866529793685800e-03,-1.437878359722897514e-01,-2.311520393139409116e-02,7.685891570773101256e-02,-4.580436218347937183e-02,-8.962913540039649241e-02,-1.498983531895684285e-01,-6.146982115608957964e-02,2.450908075293962152e-01,-9.412271285680867683e-02,-1.106222045939495892e-02,-5.347218514046749027e-02,5.255835470696729878e-02,-1.276674089204125617e-01,-1.386929392963152409e-02,3.134662715190963261e-02,-1.554638632246824366e-02,-6.797851944620407483e-02,-1.396127516111679290e-01,3.884388914291025258e-02,-3.036103984112675444e-02,-4.318384373793839742e-02,-2.285187882335975862e-01,-1.375317675274772000e-01
1.435103060111652395e-01,1.420259264664006961e-02,2.986071976215952106e-01,-1.804111599375225194e-01,2.543883685365025960e-01,-2.598572360453131960e-02,9.649049040951687695e-02,-4.513837029529414041e-02,2.258761332782778242e-01,-4.432508301775037879e-02,1.316132630923990410e-01,2.290832578436411749e-04,-2.047558139656424914e-01,-7.148055056191292278e-02,-5.666029036597738239e-03,8.563624022122495738e-02,6.629009703851725110e-02,8.830315562811166807e-02,1.149971175183269467e-01,1.420415702015487003e-01,-1.418158353060249566e-01,3.908523168896951144e-02,9.887268353877681770e-02,5.706646602407119268e-02,-7.106592678103100524e-02,-1.438305864026262204e-01,1.269598338112459812e-02,1.036837921983878724e-01,1.470397139363247563e-01,-1.077171430244762938e-02,-2.207021748374127235e-01,8.379543692689622736e-02,1.667331193599413675e-01,4.027395795323907013e-02,8.239320962031621010e-02,3.535769620186489381e-02,7.869430123092378826e-02,-4.031551935027628125e-02,9.634404793701430159e-02,1.040886398210601194e-01,-1.148098318521098699e-01,1.729731214162642805e-01,2.640984324304301162e-02,1.556889770141156766e-02,-6.234019997987982897e-02,-4.666245208873247285e-02,-1.464865300470636483e-02,2.073121653874457904e-01,4.154967882356619402e-02,-1.089757842469153276e-01,-1.292795697689882138e-02,-6.884125605204251264e-02,4.333241808616501711e-02,1.647782218790985465e-01,1.480784278071794469e-01,7.462379034819145718e-02,-3.820368694075699373e-02,-4.925813540833914178e-02,-1.089838713965061018e-01,2.193219150853338018e-01,1.182882928567839664e-01,6.787902283358272781e-02,-8.050019669684778389e-02,-1.235320691444903862e-01,6.275412359543806884e-02,-1.964596388031503438e-01,4.913539595341229194e-02,5.932044226985055263e-02,-1.415565433277531093e-01,-1.550206915318739012e-02,8.353277697044435290e-02,3.764818521514588096e-02,-1.899165139820166090e-02,1.121941343200354296e-01,3.639931272406304180e-02,-1.486945440978583010e-03,-3.995244500615656447e-02,-5.824688655285466254e-02,-8.110261872663639127e-02,-6.918866613926040465e-02
1.133326121009292781e-01,-2.377047486372407120e-02,-1.994099058228137600e-01,2.569166051868435746e-02,-1.054907428129930602e-01,1.718240262719873679e-01,-2.214127908462267813e-01,5.413709936930399813e-02,1.132304446327069003e-01,-1.529143825091609232e-01,1.625306649543874771e-01,-1.221697232919053133e-01,-9.254150085318019192e-02,-8.807418438683717321e-02,2.531331200463232331e-02,1.539673399355091440e-02,1.072710168625488625e-01,6.678826047411197397e-02,1.160235408219365411e-01,5.633796821796093618e-02,5.826878726001292683e-03,5.486866168412690009e-02,2.780199911171807661e-02,2.826153394424224530e-02,6.050016544715943606e-02,-1.746870253765308093e-02,-6.248197923438749551e-02,-1.038836874548473149e-01,6.104045576577458998e-02,3.780763559451700423e-02,4.493796773556394709e-03,3.944910067972039885e-02,5.751388595335722720e-02,2.113650151128670940e-01,-1.601090302517765018e-01,6.545455659965063178e-02,-1.272943003656613892e-01,4.578780867435667395e-02,-5.273133237016944946e-02,-7.146060454715340293e-02,-1.463569580828140426e-01,5.655789701801564040e-02,1.735072431352531822e-02,-2.693670304053087938e-01,-6.011508329758446373e-02,4.308347001125475279e-03,5.405180866897807412e-02,-2.025896190017732409e-04,6.583434794148491920e-02,1.031888513524433365e-01,6.611269341425854429e-02,-1.094172764612668519e-01,9.815822977156471452e-02,1.991390799137207970e-02,-1.112417114289413894e-01,-1.404733619957903024e-01,5.849218626920068588e-03,-7.223902706127117990e-02,-3.451952624546854309e-02,-4.324789774454951274e-02,6.782577801503135266e-03,-8.411586307483123748e-02,-1.687774622762337751e-02,1.752569826719089785e-01,3.473677425793973012e-02,-5.906029129741785511e-02,1.147972731830948501e-01,-5.947097457468813325e-02,1.035755338048418711e-01,-1.765897695464476369e-03,1.253930277427793838e-01,3.370554081637214781e-03,-1.088866374690191097e-01,3.534502062953039786e-02,-1.484429452413185968e-01,2.277368917223723463e-02,3.167684582560938156e-02,1.200966894678946878e-01,-1.246456075906694633e-01,-5.251714511174873645e-02
6.051331071568867570e-02,5.093929788928773517e-02,1.465423073679086585e-01,-3.924829351415896617e-01,-9.394315050727680694e-02,-3.439785077397461595e-03,-1.593897934821817408e-01,4.942615175044466624e-02,-1.916791801475503307e-02,-1.523681770186759432e-01,1.564429903676587408e-01,-1.554797107846580539e-01,-4.572658693914219766e-03,3.465356899337812546e-02,2.745021563144904239e-02,1.997123677439460385e-02,-1.859336089777539336e-01,1.055968919457135613e-01,-4.481086435784912420e-02,6.806936620521028547e-02,-1.518242464474304186e-02,1.165688517819453950e-02,2.320089313500861561e-02,3.329346596394362756e-02,-8.938874234510794936e-02,5.747448349308141580e-02,-1.591827026269929668e-01,-2.319268820117286606e-02,-4.415054448315909597e-02,-1.476382192569528941e-02,3.538459980550512189e-03,1.353512109875829213e-02,-9.882001812543911301e-02,-1.116885272305485205e-01,1.480017687484150302e-01,9.178753994323814169e-02,-1.580004445229564805e-02,1.963623668304423364e-01,-1.006577084374320336e-01,-1.769255280576969569e-01,3.609208379212808931e-02,1.244296622984728123e-01,1.424451402379987852e-01,7.347412388151111640e-02,-4.598797125483137377e-02,-9.831862849955810835e-02,-2.842116032170394907e-02,-4.501851269468677003e-02,-1.005660854866422815e-01,1.583786118733274684e-01,8.614593188918014946e-04,2.197082243662659348e-02,-4.089803281274482366e-02,-7.142609064256247309e-02,1.286572579996581867e-01,-6.183652648381717659e-03,-1.863294461522625733e-01,1.302256633500001037e-01,6.134276457418050971e-02,-5.275739587841219574e-02,3.974202071387799434e-02,-1.686346147053089176e-02,8.025443242995602966e-02,-1.127863410344495665e-01,-1.230009562827567848e-01,-1.765540295649468960e-01,2.705770860540701941e-02,2.479664113256856151e-02,5.470990460641059899e-02,-7.787523821046228589e-02,4.953794569264587111e-02,4.765282901984371766e-02,-3.889927461122387464e-02,-2.029441000378871471e-02,-1.790321910042838235e-02,5.364369932656209983e-03,1.128504716076988851e-01,1.074517692204523672e-01,-3.309165314804143193e-02,1.117866121635117949e-01
-4.361298276257317280e-02,-9.625039726872566814e-02,4.354040524336195983e-02,7.091427520737296139e-03,-4.564236565482032021e-02,-5.007231979171671704e-02,-5.374983622071491385e-02,3.873135343172744854e-02,1.592933849956194026e-01,-2.944395108759145438e-02,-1.953875857962205642e-01,2.524941970482574155e-02,-3.638494362677942729e-03,1.155474664967530984e-01,-7.487682318248654878e-02,1.851726233696994114e-02,1.016577474988867580e-01,-1.197297128562794383e-01,3.929688964494357922e-02,1.213636006190705885e-01,-6.691750502221682773e-02,-3.041356303310221304e-02,8.424470000692459853e-03,-2.742670805388435773e-01,5.217723772729281756e-02,6.131398415600017998e-02,-5.734492715688136594e-02,1.217849462578758230e-01,1.320327030640027488e-01,1.016438228027418018e-02,-8.799505061161548569e-02,3.921381742187993874e-02,9.541753305134906271e-02,-5.624900110116097529e-02,1.050172959334835440e-02,1.181408547429728811e-01,-6.867047919074914519e-02,-4.376293559504589037e-02,3.636983495540811046e-02,5.581459101367198389e-02,7.457807677503544563e-02,-1.126390039300874252e-01,-5.607475143771777082e-02,-1.153338466028131504e-01,7.327237506277999024e-02,-3.422943983922427380e-04,-7.284640044107514034e-02,-5.360656310101234723e-02,-8.221545544880561052e-02,-1.252768051635882729e-01,-7.933001411461826358e-02,1.106837538755224950e-03,-1.186359881435922192e-02,2.532522607819132077e-02,-2.357018115837913180e-02,-1.448631423070527724e-01,3.604154472148165395e-02,5.745939474126068869e-02,3.900201682768821704e-02,-2.498066223655513729e-02,-1.612654652034977987e-01,-8.289589043532985535e-02,7.112229967258922037e-02,-7.064065124451558708e-02,4.814864449129840906e-02,-1.036632229564745100e-01,8.224238582301206246e-02,6.330835135483856707e-03,1.120451265960388798e-01,-1.635641912452623402e-03,-1.031752198987013897e-01,-3.135287071370656403e-02,1.750310110192847823e-01,3.906958720320444223e-02,-3.245326343384715567e-02,1.073292627114949965e-01,-1.354809855942104846e-01,9.573027460135268008e-02,1.324422695629813573e-01,1.657190998896907186e-01
-5.207804741409582938e-02,2.887612993404359632e-02,-8.329105494228175588e-02,1.180470403030154519e-01,1.907783031079349767e-01,2.876105977780087780e-02,-1.375207820418937032e-03,-5.111851490397414932e-02,3.512186885014147164e-02,1.013106486854571942e-01,-9.529004462898182232e-03,-2.781046985203679614e-02,-6.054262165431097825e-02,-7.025274961205910107e-02,8.524516078576357958e-02,-5.531411023793646881e-02,-9.864993450930207848e-05,-3.592472728933741866e-02,1.154250577780325110e-01,6.973396862715615374e-02,-2.518668932617564374e-02,-1.618761217775440131e-01,-6.205318308768913854e-02,-1.252185775906323462e-01,-4.079821579842904389e-02,2.547016691897380780e-01,-6.253085342632423715e-02,-4.941265968681280568e-02,-6.670310559897062175e-02,-8.533395839642921032e-02,-5.561683002754814337e-02,2.430709433669333772e-02,1.136811881273752933e-01,5.199580584104277620e-02,9.707451895800030262e-02,8.895217714012228216e-02,-6.881540551379039528e-02,1.077139963143467633e-02,-1.301469226543812419e-01,2.709165350798276028e-01,-8.769171213221162164e-02,6.700488293734239986e-02,6.281118527789960639e-03,8.873753500254087656e-02,-6.503472368235777533e-03,8.687782618413882399e-03,2.408235984444177802e-01,-3.774955959614556631e-03,-8.777458492098580119e-04,-6.614937631503645110e-02,1.138804939277856393e-01,-1.090614184381241691e-01,-1.787815682323575517e-01,-2.252092905048123928e-01,3.955212945467173787e-03,-1.537865549610297478e-01,6.430610212057255581e-02,-8.023721243437413608e-02,1.765080038182532257e-02,4.400552538555371762e-02,-7.677126902557857013e-02,6.660729388031996767e-02,1.002546681384714061e-01,-1.177664563351885213e-01,-2.548825711897309901e-02,-1.131219413762479947e-01,1.199273486567049296e-01,-3.579128363755303827e-02,-1.422970198762056326e-01,1.634253789715155170e-02,2.231585266298399123e-02,-5.709820951920775017e-02,-3.352291182565884237e-02,-1.822497167903018057e-03,-2.596121341328359172e-02,1.625403979407751831e-01,2.546454973364207230e-01,-7.191567809975302206e-02,-1.842714103928022509e-03,-1.286574843094376135e-02
-5.108364254780127511e-02,-1.744326364121600303e-01,7.513335825908791510e-02,-1.143525542897742275e-01,1.444802619335130711e-01,-1.915597883591294293e-01,1.572879911542846287e-01,-2.993893774953769460e-02,2.477121561960700727e-02,-8.358266492731909747e-02,-1.252415100477370126e-02,-1.771213890338552976e-01,6.083125561230600525e-02,3.380630082927973956e-02,7.612427314609985368e-03,3.606363069586932674e-02,9.042022186338259659e-02,-9.766587651186835542e-03,8.994098849078806246e-02,-1.536309353646840015e-01,1.795058897509640705e-01,-1.844211002908902053e-01,-1.394833928074749041e-01,-3.600161078035095386e-02,-7.225206546758097814e-02,1.213105640149687295e-03,1.460144217328095684e-01,-3.895599392351815210e-02,-1.201070430028943203e-01,-1.954178677912211254e-02,1.136460141423809300e-01,8.357850037689665279e-02,3.498060235804167917e-02,-8.580525537627582688e-02,-1.839506205884471057e-01,-1.084825959840015064e-01,-1.141547648601101556e-01,-1.754166021199233538e-01,-1.071012513267559224e-01,-1.182249805133653159e-01,-2.996684793046354434e-02,8.185543813656620538e-02,1.576525249413144036e-01,5.420837859560001526e-02,-1.544278496742053364e-01,-3.642611208613623364e-02,1.189151305473001852e-02,-8.728138408250621372e-02,2.329791329658505161e-01,4.529901103102092208e-02,1.448669227366126688e-01,3.675126485767665069e-02,4.518564830898688656e-02,2.129296188095129716e-02,1.915354719643943757e-02,2.063675352868001717e-02,-1.330632644113459162e-01,2.924884035551071279e-02,1.288284225979497710e-01,-1.358464640781327157e-02,-9.992960296868690084e-02,9.343098650468535660e-02,1.177412379996257835e-01,-1.753794443812536630e-01,4.696807217380010585e-02,-8.223283409418297163e-02,2.659136296209012058e-03,-2.959802536658457175e-02,-7.657622894356358283e-03,-5.340766214385011396e-02,1.121078514882889732e-01,8.812641774544711926e-02,4.772015648247267955e-02,8.309676927079004405e-02,-1.881889061551442893e-02,2.495726229343607494e-02,-5.254653588164606010e-02,1.998905593856843410e-01,6.241433029028253809e-02,-7.854026951354647901e-02
-1.208923773981799565e-01,-1.515037364703712697e-01,9.998834250438032312e-02,-1.288687657628068972e-01,-3.888075116825879390e-02,-3.170894001724074152e-02,2.225103264503951739e-01,-2.351459097498137876e-02,1.296962953028112445e-02,-7.383158719669914716e-02,9.396146853408757216e-02,-1.299629510034175650e-01,-2.566514947146181780e-01,8.526462604041226689e-02,-4.370488826137441246e-02,6.923399935705333574e-02,1.008033913247930874e-01,-5.599338869729644091e-02,8.700888613535880112e-02,-6.376967166015257149e-02,7.227408296754810058e-02,1.471211714238659374e-01,7.969758833296611278e-02,-2.552691880907776989e-01,-7.089231352484892494e-03,-1.112562977623506727e-01,5.725395383129773877e-03,-7.867261373221366705e-02,-5.488435033573765831e-02,2.065898097427544267e-01,-1.371064767694613051e-01,7.810581373410109551e-02,-1.024583218652740449e-02,1.999532006850438248e-01,5.808438505365878107e-02,1.214227115733526076e-02,6.848636905737090497e-02,1.713565959858138199e-01,-1.200628258609548471e-01,-2.056760562653224267e-01,-5.056181514664932763e-02,7.743990649893810196e-02,-1.154668928019250557e-01,-1.631921825170729867e-01,3.996706275664751312e-02,8.770747365307814125e-02,-1.199702813570946575e-01,-3.796798220676115827e-04,2.423230871638291234e-02,-3.234495023073659728e-03,1.195736417626185044e-01,1.866052620276759944e-01,1.465958293130391610e-01,-9.552991793683336327e-03,1.880168757039124214e-02,3.082718922473718162e-02,2.950247564208893780e-01,-1.865749480252630876e-01,1.648921245841120931e-01,-4.700699902547741948e-02,4.862759136240767111e-02,1.168967601261872297e-01,-2.457002792928517920e-01,-1.737186196288002804e-01,7.997899714404609062e-02,1.080707958075709241e-01,4.796066323718721491e-02,-7.719808776881742496e-02,1.008716590433367255e-01,5.191156369943498300e-02,-1.419472226059586561e-01,1.729172944423734010e-02,-4.166053013089509455e-02,1.535214306964339526e-01,-9.007900369955534892e-02,4.838441442129983588e-02,2.407540747329927483e-02,3.938552401714382790e-03,-2.404413245442533695e-02,8.550203225914647376e-02
8.715514699854866321e-02,-2.496266285523215944e-01,1.076406796142929667e-01,-3.292500232076996103e-02,3.251818130713961252e-02,6.056631090329731709e-02,1.364637914467248525e-01,-2.089721771584244214e-01,1.390695717070505322e-01,-1.928969668723766184e-01,4.028018079857002484e-03,-2.153446237830213550e-01,-1.006302118079898528e-01,-2.646524417850607339e-02,-1.185691926999967172e-01,5.403244082364275919e-02,-8.742952958237225347e-02,1.277147371317893521e-01,1.357368203016975639e-01,-1.003544337504618800e-01,-1.373402643535087952e-01,1.028158228498206872e-01,-8.628954254538238888e-02,-6.821925792473691741e-02,6.519925672847115550e-02,6.448329835499831686e-02,1.992865799370198976e-01,8.027390098584150091e-02,-4.757355519744683320e-02,-1.112800938853601290e-01,7.510497183998794679e-02,3.189192337212447270e-02,2.005602600907291019e-02,1.380170760383857276e-01,-2.412723198080002074e-01,1.760264580862350159e-01,-1.138290754873948346e-01,-1.013499469910259139e-02,-1.586222302191795941e-01,1.875700908709197062e-02,-1.571792485384637672e-03,1.080822239253273892e-01,-5.221840386943464585e-02,4.465831735644967826e-02,-3.923541837074166067e-02,1.161924483714258244e-01,1.753434562937665753e-01,2.222998543628351142e-01,-9.924582423058249392e-02,1.128567988469516940e-02,8.898422669000004281e-02,4.483548316576662501e-02,-7.847509198568754230e-02,-3.535716729911175804e-02,-5.046351261210688111e-02,-4.279946770674437906e-02,4.321164476972051693e-02,1.362095853012310898e-01,-3.867465850835873076e-02,-3.859663703888739639e-02,-8.612662842990677359e-03,9.647991731981361840e-02,-2.887573343602461637e-02,3.550103719423729903e-02,5.709399779535378333e-02,-4.321572098849325166e-02,6.384611936610676275e-02,-7.548539575380376621e-02,-6.567498385991225266e-04,-6.822880304915072275e-03,4.864619622278389122e-02,8.666349559312794271e-02,3.040655282560105963e-02,4.065204205708578683e-02,1.481729978983610703e-02,-1.081881586086927138e-01,5.709295143934882411e-02,1.472932014958906397e-02,7.124557601878538093e-02,9.186294932765780297e-02
-1.034259990490649789e-01,-2.874752848512890369e-02,2.373903173295099228e-02,3.011217281299598536e-01,-2.954148069845397712e-02,3.157216913171702333e-02,1.497151899647921058e-01,-1.662808140432646131e-01,1.021673229545289746e-01,-3.236631951762859727e-02,-2.300576913788793601e-02,2.765142221951059562e-02,-1.069200110844724105e-01,2.401672164499779605e-01,3.903864752308723596e-02,-2.387847629058965082e-01,-7.737163360426715930e-02,-1.291644219261424420e-01,1.194939093853126105e-01,1.275490682795334674e-01,5.442692927729340935e-02,1.169845604284844576e-01,1.720243367229944698e-01,2.995942060477797819e-02,-1.743688930848015239e-01,2.255781695566800096e-02,-1.811487933325549304e-01,5.556704336153721335e-02,5.046166569300897936e-02,-2.525411916607033652e-02,-5.769703094136762606e-02,5.513556225304946240e-02,-2.051655786786472577e-02,1.317191441683573383e-01,9.004270210276293929e-02,6.132079383906473280e-02,-6.015166911427560076e-02,6.825017829128511571e-02,-1.204548239020864359e-01,-7.237929500454638732e-02,-6.736478969894849067e-02,-4.761525022933758150e-02,-4.811031822547195969e-02,-4.681664151482779757e-02,8.100117507379711590e-02,4.812728040056690054e-02,8.448201795400642200e-02,-3.977636518948894639e-02,-4.169683742399363756e-03,-3.624389512233573696e-02,-3.762594385712027950e-02,7.992676245317581474e-02,-2.071016421816997133e-01,-1.600515182300684958e-01,-4.463372269994599767e-03,7.378519794843016455e-02,-6.464207060867138699e-02,1.700139363391717784e-01,-1.074054677306770234e-01,-6.347946781510356573e-02,-2.829046499788047397e-02,1.751665374419690557e-01,-1.765157409577173264e-01,2.178252658636591760e-02,4.388057961515502009e-02,-2.021326617125553393e-01,-7.519744519676544933e-03,2.481855059503973171e-01,-7.693149998758654073e-02,-5.828456170242451301e-02,-1.439037596881544622e-03,-8.045637356661354544e-02,7.370371421928897937e-02,7.398097886432039583e-02,-7.792632074517731600e-02,2.826149294986136234e-02,8.577627135890496246e-02,5.676786195583690547e-02,-3.524951174537854087e-02,5.165306885320238017e-02
-5.601617175387221814e-02,-4.184573180415744609e-02,1.616015464269731639e-01,-1.889628037144892511e-02,-5.562989182630730806e-02,-2.211428742965111660e-01,-2.056077373744976278e-03,7.106929240694979943e-02,7.861323659144053844e-02,1.342977501760658221e-01,-1.779269166011071199e-02,-3.240059897906125141e-02,-2.436960012068471737e-01,-7.732816237647759106e-02,-1.230014188009068282e-01,4.913276572707279272e-02,3.189000982899353742e-01,-3.226103022684094490e-02,1.720452704285675358e-02,8.798135846470775401e-02,-1.220630487268244413e-01,-8.355140454001905304e-02,5.374688118516921659e-02,4.716862111396982749e-02,-1.757955660930307917e-01,8.978692022483528157e-02,-1.769807151607584728e-01,1.148587084573865838e-02,-1.022170539794738618e-03,-2.297790127360145249e-02,-3.721779243132180334e-03,-2.609524138907137400e-02,-3.566137086977461818e-02,3.790281362801861675e-02,5.861364304149654925e-02,1.349054454028995320e-01,-2.223842609699597517e-01,7.890151498847737532e-02,3.566879414892228789e-02,1.119539390775272786e-01,7.935911857036180572e-02,2.531527880713297513e-02,6.870836969016375084e-02,-1.875587183247221998e-02,1.424375918489085291e-01,1.503295161213769049e-01,-5.676101457310068349e-02,5.729359516742459080e-02,5.209730310618008314e-02,2.206386343231018718e-02,-1.853013342482664333e-02,-2.250611953627416617e-01,-3.158079955857974463e-02,-2.329192757518526793e-02,-1.265000800280436655e-01,-1.988437972778931973e-01,1.262025870567334285e-01,1.226194719273337869e-01,-1.161515554805599842e-01,-2.186443700140808591e-02,1.810268812516180603e-01,1.083747354186543055e-01,-1.463577080932473296e-01,3.968115959356199179e-02,-1.689754620921992134e-01,-1.449321775617659902e-01,-2.215104131820080369e-01,1.610518615666477471e-01,-8.238273912327308268e-02,-9.858706196801141075e-02,9.573519096116887839e-02,-1.677517582489854858e-02,-7.883344498929650834e-02,-9.099510973147051374e-02,-1.013592177102403263e-01,4.011551742772272861e-02,7.153449742831442804e-02,6.709572887660142371e-02,-8.910287187236359818e-02,-1.183715859214460875e-01
4.355894335741074958e-02,4.505201543254066382e-02,2.708527108916649467e-02,-1.186950967532678924e-01,-8.204673045161356426e-02,1.728886855553398438e-01,1.180120843296914857e-01,-9.039029988202636201e-02,-1.664547743689802628e-01,1.805917737745959539e-01,3.137000372765383349e-01,2.357306795172275649e-01,-1.071648323144428795e-02,6.426606244597334039e-02,7.060604117453299355e-02,-1.494696223684747749e-01,2.195934072788099586e-02,1.029507942935733722e-01,1.482662975217608203e-01,3.605124119506181862e-02,-2.588352574793074262e-02,-7.067255967731282673e-02,7.388138288272111387e-02,2.784918215653094803e-02,-2.117278065977923340e-02,-1.173043749230542471e-01,-2.033062648507531767e-02,-3.389120126834656299e-02,-2.569638273410749726e-02,9.487530168438099718e-04,-4.398108832613349325e-03,5.359329043838905599e-02,-5.067409929772025839e-02,6.029420555417944888e-02,3.381697541598078366e-02,-1.284111044456388018e-01,-1.290208173853737428e-01,-3.502202719104471115e-04,-3.519440529022640346e-02,3.447938492584934431e-03,-1.835186865109594279e-01,1.000304293187314307e-02,-1.101866899744765732e-01,1.440273478586156716e-02,-5.315489854820933807e-02,-3.831581982387308183e-02,-4.856875054330947461e-02,3.413261547658685141e-02,-6.048059766546221711e-02,1.503117262548873678e-01,2.014019579334111465e-01,1.848244720869169841e-02,1.489194709881687950e-01,-3.190963963989337099e-02,1.505777093163207236e-01,-1.680286027910481844e-02,2.208247564091310108e-02,1.065878499710856270e-01,5.284706626676298480e-02,8.546348091337170605e-02,6.166437586657444458e-02,-1.640019780492917023e-02,9.268224469719923975e-02,-1.515230822567116831e-01,-8.332214473595306314e-02,-1.627941286133136878e-01,-1.746667178585938757e-02,2.383108952426874760e-01,7.579853386297059903e-02,-3.105514230920662991e-02,1.980340288910109950e-02,-8.605540997964097882e-02,1.383637556620035715e-03,-2.379126608724439762e-02,1.343938260748742120e-01,1.110579143820011744e-01,-2.308477423975339171e-01,-3.997865956825365913e-02,7.496344294632154015e-02,3.867031003552599128e-02
1.198528308502624512e-01,1.075264831470705978e-01,2.410350095739136611e-01,1.361287257490449709e-01,1.382511408706941190e-02,4.996103080505983479e-02,2.104433174902113346e-01,-1.212982268732084451e-01,-2.744989993642439896e-01,-7.487378235096726897e-02,2.998646560606641268e-02,7.040835258268078600e-02,3.722130838492258148e-02,-1.984414508647589226e-01,1.144749096116559617e-01,2.152515914492628135e-01,-5.737077094053825640e-03,1.269713578102433238e-01,-8.083222095500301740e-02,-1.212227284038834389e-02,2.940499060643700716e-02,-1.853748785840419189e-01,-4.709294674738151443e-02,1.669347597310323617e-01,-8.996826730755515256e-02,-6.045831048911096822e-02,1.255269310957202178e-01,-2.833475699924631330e-02,-8.675137417509543036e-02,-9.263833190410167284e-02,1.635796728573935821e-01,1.216223464286345229e-01,-1.403090182798769348e-01,-7.768398235729563617e-02,7.711950418044215272e-02,1.285552516135541777e-03,-5.810234044675363640e-02,2.708689020892930954e-01,-7.659959204059846316e-02,-1.355284016939716507e-01,2.680419247881886124e-01,2.933457390740909845e-02,1.175293716035403779e-01,3.315759762010928036e-02,-4.111326774715694937e-02,-8.972216820832185080e-02,-8.267170766254434977e-02,-3.308064950058332149e-02,6.129117223873160360e-03,-3.998321586836455638e-02,6.892300486149292860e-02,-1.500355677259982978e-01,-9.489044492803175301e-02,8.555408244804058038e-02,-5.487234941153606993e-02,2.174565099730735654e-02,4.997819225437063334e-02,-4.287002421337147984e-02,1.074839348543681593e-02,6.430268361061904081e-02,-2.565219264858891943e-02,7.224069211567221704e-02,-5.653751601055125031e-02,1.183603155775783816e-01,1.103225087077912558e-01,-1.846086286104283922e-02,5.518856266761856116e-02,-3.025838110985747467e-02,4.064568297350321102e-02,6.177799149730649891e-02,-4.644753067730342244e-02,8.352598977483841058e-02,4.900660412451111198e-02,-9.664006115037498956e-02,1.265980623134755345e-01,-9.936093365301242389e-03,1.037621375151430991e-01,2.041061535287800044e-01,1.416782884760311827e-02,-8.500810706605159070e-03
-5.621930093407766227e-02,1.289665311168501464e-02,-2.255608271290212852e-01,-2.862853104752427491e-02,-8.652490815152261150e-02,1.381508860090087665e-01,-1.515696874310188715e-02,-9.234060774209260081e-02,3.489739096385946482e-02,7.494593772454924419e-02,-3.199224978165828015e-02,-6.024832197738726192e-02,6.423985205583841729e-02,-1.147322014256180189e-01,6.532803768393873056e-02,2.129213979417749203e-01,-1.750576406262658591e-01,-2.070935791069482279e-01,-1.597608799091543574e-01,-2.876159546874497777e-02,1.256334357356937437e-01,-6.476762591534344915e-02,2.091659402247866492e-02,4.072656575764019848e-01,1.854039151646119099e-01,7.965638193165010261e-02,7.926579964908304909e-02,5.456298093153192502e-02,-1.286262559608402356e-01,9.415492124607774405e-02,1.971179323722604404e-01,1.530724082500212885e-02,6.936755801939845090e-02,-1.140110452973728747e-02,-5.441374808268286539e-02,-5.365341361015948940e-02,-2.079614631941568981e-02,-3.225452093069684500e-01,-1.193992414250591438e-01,1.743187660160900043e-01,-5.548739495013010892e-02,9.220464419760492081e-02,1.458249951223861418e-01,1.328271675720164580e-01,2.409757556775859316e-02,7.657189412979696456e-03,-4.799572590221094087e-02,1.860185024597910131e-01,-1.073596544342689668e-01,-1.686567671086679904e-02,-1.871722608347954966e-02,-5.817648855699687760e-02,5.236297464212959912e-02,-7.532405025493725537e-02,1.055338696057365154e-02,7.332597115272010413e-03,-2.020858738040115510e-01,-1.101910860123709972e-02,-8.314288630869688668e-02,1.021586579140517786e-01,7.863359215003314084e-02,-1.202456284207537307e-01,8.977385301743631002e-03,5.671616039505665563e-02,1.063045822412581887e-01,2.668960302126321266e-02,1.263326494124985822e-01,4.846605404266511596e-02,5.367760346123628956e-03,-6.251164215787644030e-02,1.066687173145563355e-01,8.128041988633016857e-02,2.116008053846197556e-01,-1.663362785761557661e-01,-2.379622686580621163e-02,-1.016720211426211384e-01,1.437446001439761922e-01,-3.305378352971048098e-03,-6.937533078372856710e-02,-4.824514507394350032e-02
1.401671059437591682e-01,-4.904235138240686104e-02,-5.153204930710179182e-02,-1.640171327947487212e-01,-9.210166621224455397e-02,-1.068247216672752048e-01,-2.545573628181561077e-01,-1.242634138678116035e-01,1.592375782546408269e-01,-4.469098263349329664e-02,4.590131251501074899e-02,2.013837415219770985e-02,2.517531193954691653e-03,1.627452439355823316e-02,-2.323031549417918229e-01,-5.174634783063469107e-02,-1.186850892958013354e-01,-2.008694672982520857e-01,6.745067657265127470e-02,-1.923135498596234838e-01,7.374084208198625201e-02,8.085559078722745485e-02,1.593127792901809572e-02,1.097037813725388194e-01,8.178971414327881884e-02,2.612658919305307359e-01,-7.219169914543495381e-02,-1.228929348967747054e-01,-1.026951670667227423e-01,7.716672433689854282e-02,-7.680298867477895752e-02,6.271140360572999284e-02,1.738866580180007670e-01,7.824059735220124934e-02,9.139921544863739700e-02,-7.698968873051932615e-02,1.207994731126890570e-01,2.129745779803749947e-02,-5.115562579900160417e-02,-2.139012249048875824e-01,1.132858050753982743e-02,1.134845454564736705e-01,3.049080212575710006e-02,-1.075438602763688772e-01,-1.268549278358192256e-01,5.595511113299166117e-02,1.402766540830442665e-01,-4.270358908485864802e-02,5.306627404296389988e-02,7.580457031611448349e-02,1.721196300835104234e-02,6.461705903311655563e-02,-2.836072748557518994e-02,-1.721837090296909900e-01,-5.173826385416135931e-03,-2.373998643505343537e-02,1.809910585950691084e-02,-1.078438280736822852e-01,-1.415823071804133138e-01,-1.080008247227969148e-01,-7.633550657810092566e-02,-1.412551273269598284e-01,5.676839992992550182e-02,-1.644063867400912815e-01,4.007752170858925461e-02,-8.848162797381074057e-03,9.765300456002819207e-02,4.205231704032193207e-02,1.753045928088171057e-01,3.221085899179765288e-02,2.693466191055583492e-01,1.213290738164132104e-01,-2.737429449927383102e-02,4.582259070958685787e-02,-1.597861908198791245e-02,1.454786246620533852e-01,-5.340047338629703294e-02,-2.566429524134143936e-01,-7.185236838794295316e-04,-6.237826289319230860e-02
1.901852047253305700e-01,5.490796234389071565e-03,1.642403583951613788e-01,1.606462537250403499e-01,-1.551556476998774692e-01,-2.088984605809484918e-01,1.580915159929615621e-01,-2.148246019404426721e-01,4.066976737353193705e-02,1.189577066911049891e-01,-9.180479568281448011e-02,-1.007483114634345339e-01,-1.133717162103718146e-01,-9.187929595825744533e-02,-1.140760937551773130e-01,-2.144545517477184672e-03,-1.693996290700989366e-02,7.389006304509360135e-02,1.250243015617286124e-01,2.823251278934875777e-02,-7.928136071329611179e-02,-1.535584423880941574e-01,-2.409455471515783431e-01,-7.036083504091110268e-03,-2.113215815191235303e-01,5.822746804056740805e-02,-7.048625376517241026e-02,-7.136854669424687325e-02,8.262741268826280516e-02,-8.305158655917117827e-02,1.899136018665783798e-01,8.621127138831739811e-02,-5.494704294659853716e-02,-1.073975888920997851e-01,1.445612287595973711e-01,-4.072827179073148368e-02,8.408270050545063601e-03,-4.904854499073443147e-02,5.585648667646527649e-02,-2.804478972479587315e-02,2.733146314623979833e-02,-1.235536334701779586e-02,6.966155591492163845e-02,8.802338010325419515e-02,6.899188479208574754e-02,-1.016269227097697098e-01,3.594071457293126354e-02,-1.189100096409409328e-02,5.448698345458579534e-02,1.421818271649898935e-01,2.648435424215668244e-01,9.476961474654276019e-02,9.001200313606409764e-02,-8.626031821277549416e-02,1.863374195693960058e-03,-1.098531634991854050e-02,-4.233718999053079357e-02,-8.000741094739388659e-02,1.750429636580705939e-01,1.236910680690901307e-02,-1.362317284037122822e-01,9.129299580302177586e-02,7.941536375505155176e-02,-7.256798191209043458e-02,1.329259856117297744e-01,-2.364973726204224261e-02,-9.120252996646337207e-02,-5.727398316467177675e-02,1.099188663535205224e-01,7.961403511376691222e-02,6.916256670292598996e-02,6.435300379750803768e-02,2.533233434726269492e-03,5.407855728751458785e-02,-9.106770220760147805e-02,1.673820125879988130e-01,-4.509611558737513376e-02,6.689779058621697638e-02,4.049117618872703772e-02,-5.351882584334913956e-02
8.030918017309243706e-02,4.042857300968484557e-02,-1.380279914935439167e-01,7.842364178333834784e-03,-2.005559446230813572e-02,4.988465058451044959e-02,-1.283366488051636833e-01,-8.672920454736532392e-02,2.128428253931807512e-01,-1.455028330985696228e-01,-1.004793458039705406e-01,-1.203891275708095093e-01,4.744062063112763905e-02,-1.791609620130407698e-01,7.474777550023367634e-02,1.498327839833751007e-01,7.988144483643601357e-02,-1.501263904104057356e-01,1.463701879259207417e-01,-1.108683084898815299e-02,-6.874300490744647552e-02,7.786944199339251860e-02,7.329520572631732789e-02,2.690322952962765496e-02,3.200192102178848422e-03,5.469208600992187669e-02,8.917178025906018213e-02,-2.827385584647183481e-01,-1.619698436383388562e-01,-6.586745471091681910e-03,-5.162844917868038980e-02,-1.189546121200917711e-01,1.597528107502322603e-01,-1.430856625149843353e-01,-1.737435841688708960e-01,2.128692385217325900e-01,1.445763777408095585e-01,9.101446536055890491e-02,7.029115547840499370e-03,6.262130132163488960e-02,4.254186944333224196e-02,2.228404910769695227e-02,3.032799628263579614e-02,-3.694254713819501018e-02,1.190230708773149515e-01,-5.024538526735965183e-02,-3.273648872142214533e-02,1.715191183067566183e-01,-2.222690098604528097e-02,1.652433749792781847e-01,-2.362957856491171293e-02,-1.846875092597820567e-01,-6.516350547996674347e-02,7.774099501766922049e-02,7.740207893757847062e-03,1.484812360718074098e-01,1.781305495442026265e-01,1.829880932407031702e-01,1.973619648288173906e-02,1.419936760508061328e-02,-6.719560393856287284e-02,-8.639269313711164799e-02,-2.481939394653712855e-02,-7.329519410561845250e-02,7.455907534623276711e-02,7.263542613849910401e-02,-1.192846947822646247e-01,3.312231446077861657e-02,3.836516304762681295e-02,7.847760748604387659e-02,-3.941167282518748954e-02,1.944931763639866085e-01,-1.316022539460252362e-02,-2.382688665589739740e-02,-2.012250363268067513e-02,-3.813714869684434877e-02,2.970984970926609722e-02,1.512562175347873794e-01,1.078865857393558336e-01,2.753727253930133290e-01
7.766671137143231485e-02,1.066625741270552964e-02,-5.976803389242972206e-03,-2.660693930193158696e-02,9.833683847994442728e-02,-1.027462717806298595e-02,9.183348662523996286e-02,-7.791825965923963870e-02,1.304047031105755594e-01,3.459977150654033329e-01,-5.714040861727692072e-02,-9.413867667290316821e-02,3.509822004375895421e-02,-1.822513051123348382e-01,3.536357317856696214e-02,1.538617650722808039e-01,2.356743760126631462e-02,7.297770536919540030e-02,-1.562646204030268549e-01,1.707704988230853149e-01,1.869619177446087410e-01,-1.305040405933182435e-01,-1.409733699726802014e-01,3.630720414025626758e-02,8.218327892419255432e-02,-6.251871278997529931e-03,-6.079128962799731917e-02,5.383353956489807940e-02,-2.208450413291475952e-03,1.445325250729138401e-02,8.407775499682886011e-02,1.041435364450938039e-01,7.781277635207040078e-02,-1.102345430811272065e-01,7.288383218332684932e-02,-2.190763894292493130e-01,-6.173210803835053884e-02,7.845409324301270970e-03,-5.809866399767004558e-02,-4.786597074703533711e-02,-2.434572884976416579e-02,5.373852936295769184e-02,3.661781088386430877e-02,-8.108044090551171090e-02,-1.147420342858840037e-01,1.711342259494740836e-01,6.868674885794984197e-02,1.459112709855907297e-01,1.084279355528340420e-02,-2.315573222652225413e-02,7.824218271242594502e-02,-5.118420984622573840e-03,-7.896889066501291965e-02,9.291162339206301968e-02,2.653226932284507775e-02,4.984358344375749983e-02,-1.074597927046585522e-01,-6.812685465890999659e-02,6.282365917083936047e-02,5.132318162938910577e-02,-9.666504393139857543e-02,2.212864170109299713e-02,-8.886999962608731207e-02,9.799949462226870134e-02,-3.426995874974611382e-03,-3.800676314813737633e-02,-1.117389392592407354e-01,8.306689388762822368e-02,1.005617559169399849e-01,1.066167280167998749e-01,2.223527123624944868e-01,-1.351402379091077022e-01,1.538708628850626314e-01,6.220785313043244481e-03,-2.001223140030078673e-01,-3.532580346797297571e-02,1.176768868565002957e-01,-7.448595895197782091e-02,3.092892185672660790e-02,-3.457127576938057861e-02
2.139602771197711417e-01,-1.050419179897121857e-04,-5.706488546075680346e-02,8.354669717941057283e-02,-3.442913592024647307e-01,-2.868999823223417067e-02,1.221624765797117533e-02,3.875814056158486537e-02,7.114105774400815430e-02,-5.328433952008084819e-03,-4.485744062706824992e-02,-3.057030031557500180e-02,3.237289152635764583e-02,-1.728440245337282966e-02,-5.864452969376145186e-02,1.624838047908017157e-03,2.350197788948496860e-02,-7.655857957364550770e-02,-7.931751611951094738e-02,4.288565602817317915e-04,8.000094381911614094e-02,3.641550382002408520e-02,2.549429780466368547e-02,8.554862812677850592e-02,1.401741370874343695e-01,6.948923649884464204e-02,-2.913707867835234055e-01,1.269475936413872186e-01,-4.654531575761718803e-02,1.199919632007971498e-01,-9.201898677342446042e-02,-1.616711723753204710e-01,1.393874598502381768e-01,4.886500576900966453e-02,1.428833551041988337e-01,2.960706605562717919e-01,1.377364963343845061e-01,1.001050506525304334e-01,-2.376463966211315448e-01,5.481755180256320942e-02,-5.019388297642530389e-02,-5.537287163816919343e-03,-2.876606661859852643e-02,-1.567163855777495840e-01,1.057692519967779882e-01,-5.527335276050426849e-02,2.122826267632939579e-01,-1.108933001854704586e-01,5.374542375066759109e-02,4.460617001081217808e-02,1.654149098869066858e-01,-3.384660776039041113e-02,-6.531248341483349151e-02,5.785669669495589057e-02,3.923118888541686500e-02,-1.709593519958695421e-02,-8.638448135277858320e-03,1.121047032066583606e-02,-2.290108324696088146e-02,-6.514910881387751818e-02,-2.897435252132317743e-02,-1.906514477491819959e-01,-1.184611560371721245e-01,5.798568190479436515e-03,-1.438774012212015035e-02,-2.819015472697602217e-03,1.353668566830284470e-01,1.306152599826082006e-01,6.681060987250024563e-02,-1.522203982272238576e-01,-1.690575316101949888e-02,1.481148363826720049e-01,-1.700007183568506275e-01,-3.941870024362299774e-02,7.291608204975480456e-02,7.258068455843801059e-02,-1.684714437326738368e-01,1.194258537608932635e-01,1.524741692436702156e-01,4.946583224405153717e-02
-7.404396494229119330e-02,1.722001923021515557e-01,-1.467472413436669842e-01,-1.285929696273989398e-01,-6.105977827822720028e-02,-9.929970425452395305e-03,-5.354608774423934292e-02,-1.787401675966252546e-01,-5.655572877375998619e-02,4.852009002792253417e-02,-1.507109560198003906e-01,8.495454435254974623e-02,1.789160996546120333e-02,-1.356278521553193686e-02,-6.104373842485669166e-02,1.159195211059788483e-01,9.631613468781557996e-02,-2.074490697013864002e-02,-1.469102643003302733e-01,4.330087358791097352e-02,-1.540527802261003679e-02,1.328904841594867603e-01,6.534530351023079553e-02,1.611495449557863099e-02,6.035763716144594559e-02,-1.521032825464903870e-01,-1.203461024688171066e-01,-3.677191583491427884e-02,1.760599973950619790e-01,6.450678689252685449e-02,1.456092516959596184e-01,7.445582679458574715e-02,1.527206894045476937e-01,1.019913979531424375e-01,-9.555286747151690852e-02,7.957665230365756903e-02,1.040252062342880562e-01,9.006716510123151387e-02,8.555229483565657267e-02,-7.508238951346564438e-02,-1.398771216183001820e-01,-3.126899771400063616e-02,-4.566606650458886196e-02,-3.764175185098847520e-02,-4.642972203025860084e-02,3.171034676737602420e-02,-1.824151616810426244e-02,1.098224348615572388e-01,-2.938613448485482421e-02,1.391279091677195545e-01,-2.206271327248180911e-02,1.469682676348432471e-01,-1.001050431240516209e-01,-1.185125242711852905e-01,-3.919947755191425381e-02,-4.067706152528807739e-02,7.167033129612546127e-02,-3.283820214706290042e-02,-2.692539973871269955e-03,1.276171490740541092e-01,1.494207896685558479e-01,1.968148793101832592e-02,6.581984635601280387e-02,1.093117500624416621e-01,1.771542729019676479e-02,-3.389417534832852436e-02,7.610404862717437546e-02,-2.816334624082651727e-02,-4.291766369555036209e-02,1.174856411407999499e-02,1.807272275170649090e-01,-4.876362690861704013e-02,-1.199847835895956338e-02,-5.575422136389734246e-02,7.039829832447930258e-02,-1.158380580061545706e-01,2.162639519471521235e-02,1.479000404973072370e-02,9.638585168538134698e-03,-9.064476337733617245e-03
2.168332239724695409e-01,1.854246097602444202e-02,-1.134847792289642998e-01,-4.058529492681554884e-02,-4.033977669810200062e-02,8.839439971722441725e-02,8.201074250558113010e-02,6.960443501673883870e-02,-4.026828860555757388e-03,-3.103530213980177505e-02,-1.341473776710766230e-01,7.438573392341073232e-02,1.889089991018480519e-01,2.172004233737331869e-01,-1.506642372928796436e-01,3.471162258738380406e-03,1.645671507840184289e-01,-3.643801723245178592e-01,9.144786714460630128e-02,-2.565346241452968745e-01,1.920695337483737108e-01,-1.142800297020774430e-01,-2.069632683520645222e-01,1.049849223394216657e-01,1.834259365408112963e-01,-2.496699676738049507e-03,2.830505013834195074e-02,3.047202789358488886e-02,1.031746609735831183e-01,-2.387171799220979412e-02,-9.638757382698778450e-03,8.961116726031564950e-02,-1.754097364379766932e-01,-1.581313875483537079e-01,-2.079356305264239146e-02,-1.457670107458485798e-01,-8.518001565165683742e-02,-9.807257696825085261e-03,7.392756165037665285e-03,-2.515640468842494752e-03,8.931891406956331270e-02,-1.458963639197719819e-01,-7.553987118561118763e-02,-5.410310289840648129e-02,9.044037451899739066e-02,3.448963566406711145e-02,-1.448288326091891343e-01,-3.019598396131376733e-02,1.431022662240994184e-02,3.778406083967807833e-02,-9.565679599708096226e-02,1.302627216096698647e-02,1.041167573436822952e-01,8.464951585109077581e-03,-2.895789292796074887e-02,3.003825235641321891e-03,-1.071001959362077038e-01,4.238768494036371237e-02,-6.782341665598620728e-02,-3.159292088429151851e-02,4.421900573170267634e-02,-1.553860218286404471e-01,1.130551997654128393e-01,2.055613243084946085e-01,-6.107124264640139549e-02,-6.801617119179524662e-02,-1.435916662071453076e-01,-2.745954731434404814e-02,2.311011547044399331e-02,2.556356899491083259e-02,-1.955408753835468361e-01,1.905267866312280577e-03,1.347776682457085817e-01,-6.254776232659114976e-02,-1.026360399001779861e-01,-1.105810634165687867e-01,-4.362683371006488564e-02,7.179426896913544687e-02,8.084712042097962070e-02,-3.360959467218228164e-02
-1.089904371881661969e-02,1.542386209372590689e-01,9.855248424616608327e-02,-6.216365134531395137e-02,1.267377218644269443e-01,8.941316431318095670e-02,-3.147914941659590154e-02,-1.156428593830756135e-01,1.284892205133141008e-01,-2.101772177155575294e-01,4.490953584724925382e-03,-1.615718012015069927e-01,1.630334613794004184e-01,-1.750095569252638206e-01,-7.139099796107997720e-02,-2.110335178890843932e-01,-4.507818077709283000e-02,5.131344860993144325e-02,-1.703867641945615991e-02,1.005378076830515909e-02,-5.239118860835967340e-02,-1.066323728242497826e-01,1.917258222806945411e-01,1.240144701348652595e-01,-9.826758252307532179e-03,6.022870439213427393e-03,-4.123637402950953990e-02,-1.516365669048325426e-01,1.410808043306462367e-01,2.061943232334182974e-01,1.042202817187659614e-02,6.687787693945053402e-02,-1.565971579162461214e-01,9.872767414295018085e-02,-4.575814086814201237e-02,-7.663415229631580054e-03,-4.299096494457499765e-03,-1.923565128485356934e-01,-1.303776876433876963e-01,1.406678263293457097e-02,-1.009440921347753289e-01,-1.497969685672017881e-01,8.861000883425390606e-02,1.205959981462042668e-01,4.942778853282372292e-02,1.156308445592578865e-01,4.462777267762907570e-03,6.405896899169598313e-02,1.171802210305525893e-01,9.469996056525574468e-02,-9.228254783155152852e-02,5.795481095524477461e-02,1.797237873597977431e-02,-3.275549856525074993e-02,-1.641803751075491535e-01,9.500857258545994388e-02,-2.655476018922219850e-01,5.935147717680227392e-02,-1.390145811814090249e-01,4.351818811648359986e-02,2.162702227472763084e-01,-2.005834562049722825e-01,-1.091145669607349565e-02,5.614199198796052809e-02,-1.654326272814652526e-02,6.541110092939422804e-02,9.356012592792201099e-02,1.478687937719713463e-01,1.049074941500463959e-01,-9.563305961575087333e-02,-2.480775300520560861e-02,5.580312724566217908e-02,-2.659697066427121545e-02,-6.861996494867345087e-02,-8.269422412754931159e-03,-4.941050762254380058e-02,4.773003458538491867e-02,-8.521974680719662798e-02,-1.625026088923214873e-01,-7.977184223581289257e-02
1.774172663661085780e-01,-8.672288570606785651e-02,-4.107241935557529033e-02,2.988298967412379714e-02,1.817974852558441878e-01,8.228718722053019255e-03,-9.134046468955321629e-02,-2.065526741717476633e-01,-4.883981900949595917e-02,-2.304257777184488126e-02,9.164368373832762482e-02,-3.732067457078351580e-02,2.468439746195967566e-01,3.023767721780553416e-03,-2.313381295891437650e-01,1.237269444784708100e-01,-2.622490641439395587e-02,-9.116789818839352022e-02,1.141978593519013679e-01,5.869134849399559178e-02,-2.251594755815927024e-02,4.322316933125171928e-02,-5.070240240611671029e-02,1.029152780495857650e-01,4.085970277192985806e-02,1.292404792607413921e-01,5.975028065061360749e-02,1.421121646653606407e-01,-4.366645362467571310e-03,1.662786526859997283e-01,-1.056761100256793234e-01,-1.957852277444408762e-01,4.695295979385918916e-02,1.021746754607081586e-01,6.670496249797809585e-02,-7.910288019256350722e-02,-1.919340907317678147e-01,9.995070529821649397e-02,-1.264194608800419117e-01,-2.240746407013513228e-02,-1.275986350959670279e-01,-3.885448172077057838e-02,-1.244399350798193610e-01,-2.700864353148248534e-02,-6.898970387328536014e-02,7.734135228846901466e-02,7.330195589108795019e-03,-8.252077806254431991e-02,3.967353480571201435e-02,-4.089939766167292878e-02,7.679683929154366984e-02,9.802843476417652177e-03,-4.752932829846502789e-03,4.650014509434004933e-02,5.833568488235015698e-03,-1.335041023837051782e-02,5.293835927028281430e-02,-3.067996130358521464e-02,5.792715640038052088e-02,-1.162642168513106367e-01,-1.143904512953812860e-02,-3.204804934499700525e-02,-1.039393734227019167e-01,-9.506095255225359419e-02,1.769762323528851003e-02,-1.077958367068939244e-01,6.962232900523357762e-03,-1.025324624302282189e-01,-1.006316165743128405e-01,-2.873982902179295779e-02,-6.455511198566357689e-02,6.123432354491771534e-02,8.793075990779040951e-02,-4.718475632924730434e-02,1.064794478931324062e-01,-1.660443634575717309e-02,4.991863245235020341e-02,-3.558352755839440384e-02,1.793305364480259068e-01,-1.239860155732823432e-01
1.122899574010589735e-01,1.473300990716606973e-01,9.398524334241491196e-02,1.134117090066966062e-03,-2.257644935357824012e-01,1.445546815552490871e-01,4.556900304694460474e-02,2.934896044887535041e-02,-8.625115206716504196e-03,-2.918871987732067352e-01,5.435049892766835242e-03,1.103076153451037489e-01,4.398522817925384909e-02,-1.034405063820313248e-01,3.932445708703018183e-02,5.820155373548781264e-02,4.966967684901853197e-02,-1.982442292042763399e-01,-2.056477930496767581e-01,9.430092678593135491e-02,1.155855542087435781e-02,-7.379616732618490826e-02,-1.116415663519556428e-02,1.669881603140899173e-01,4.461673481038298111e-02,3.293587223491568905e-02,-1.187417548999844391e-01,-2.212610130787675544e-01,2.626343544939807595e-02,5.194605577818959402e-02,1.448731494363246063e-03,-2.456995490393053538e-01,3.721466749722476038e-03,-1.393451107748876205e-01,-1.172102330116926855e-01,1.189449512246947838e-01,7.599339867413190674e-02,1.805735456361383731e-02,-9.073242219678741283e-02,-7.918617568460159517e-02,-6.136927110606026081e-02,9.922272019337566307e-02,-5.469038758853243115e-03,-6.422096209666630640e-02,1.779682287021271125e-02,-4.276135902788586601e-02,-5.159435774476724135e-02,-2.332572251751355852e-01,-5.956314623160234231e-03,-1.140867431852487512e-01,1.065362749682298438e-01,-1.607292123606630097e-01,3.689655028637561091e-02,-2.564360494005190477e-02,1.072744843276368237e-01,-4.833599844969806852e-02,-3.693734772713447995e-02,4.058666253053998946e-02,9.434871765794235199e-02,1.744284900981091582e-02,-9.277139649574790703e-02,7.571706410775674856e-02,-2.365425508087537487e-02,2.021126012741883970e-01,2.551842533640169552e-02,-2.538141281321549397e-02,2.840501246463785281e-02,-2.557165745419412786e-02,-6.037895176372253675e-02,-1.145466536082585945e-01,-6.191024126951934908e-02,1.302192886945550132e-01,-4.616033575817703877e-02,4.956581267470404339e-02,1.589116235522483322e-01,-5.957026364389106377e-02,-4.280074506172753396e-02,2.847815331920736798e-02,4.187291600008264530e-02,-2.799207754515099442e-02
2.584289637973817833e-01,8.241808896745378421e-02,1.380632262577418112e-01,1.048186432278992858e-01,-1.993774983532919653e-01,-8.371473038929841404e-02,-3.497356885464798781e-02,1.232953983289021421e-01,1.119196216439081598e-01,1.813560231439662607e-01,8.927217499635584086e-02,-6.438871438030968619e-02,2.198301063627779509e-02,-5.487839909146632889e-02,-1.712368243773327095e-02,-1.353287052877089891e-01,-1.725448045596923996e-01,-2.410321454484305181e-01,-1.660987129635723434e-03,1.206480803127511631e-01,4.714152079964855496e-02,-2.257832883290185610e-01,-1.444567976075581128e-01,1.865839270842681863e-01,7.881141267101131331e-02,-6.926939331520855225e-02,-1.683857789351029255e-01,-5.334426434547571982e-02,2.638405235549360350e-01,-1.268147003449130450e-01,-8.531054495255288583e-02,-2.313508590811197765e-02,4.583997433663371951e-02,-1.118194662336612771e-01,6.718675406750491963e-02,-1.011150710138544739e-01,-1.259204265733611661e-01,-4.194669675675477549e-02,7.322016977145956451e-02,6.182477564402351355e-02,1.581942309585398360e-02,-3.740983999994771519e-02,3.062674404659810889e-01,1.310617841590585309e-01,4.232118368319578994e-02,7.031233074928897042e-02,7.833140506168907724e-02,1.127862022631567901e-01,1.731122656196648971e-02,7.800961047707904994e-02,1.860366440588250569e-01,1.110289171732497665e-01,6.813891232326856062e-02,4.213560350295040419e-02,6.673519717216169767e-02,9.133513174284960817e-03,2.311730257780558739e-01,-7.854754189829074584e-02,-3.685831137911821376e-02,6.792866090517597766e-02,-5.804597364050913949e-02,-1.484554034712514126e-01,1.156958354200933875e-01,-5.713245724637783240e-02,-7.296433095220633547e-02,9.060892104852316664e-02,5.506320743843583221e-02,1.369515446960803684e-01,-1.030885372853027476e-01,-6.249588284696083913e-03,1.223528713412201513e-01,-7.013879627668771766e-02,1.295058743254535460e-01,-1.428591866075537564e-01,7.776155179313874732e-02,4.320389989104349987e-02,6.260397925452254597e-02,1.766003666539542050e-01,1.114665266179605402e-01,-9.916324736498492720e-02
-8.393074582688006546e-02,8.533698492466931795e-02,-1.269741321182897131e-03,7.688152560525908508e-02,-2.100480913068026034e-01,-2.539444682585146329e-01,1.807435837223305974e-01,2.198641639876421083e-01,9.126457736854848291e-02,1.346519559639560160e-01,2.595767525330451297e-01,-2.636521976275258972e-01,-1.989900432478042963e-02,9.671825411581735921e-02,2.411884856560462531e-01,9.830835715236667383e-02,2.165085448470057128e-01,3.708534909312991013e-02,9.541195208096851788e-02,-2.181199344163865239e-01,-9.960843192541720889e-04,3.879558820643248199e-03,-1.013233857180388803e-01,7.656233591988282315e-03,-5.751779840963437002e-02,-4.803099943103690539e-02,1.426897409584729215e-01,1.245903101116753453e-01,1.106645274222794930e-03,9.233719341652599222e-02,6.722842543954878070e-02,-1.485573445374295531e-01,2.012909358005761818e-04,-2.832565334149166891e-01,4.998384837693613941e-02,6.230809460557143464e-02,8.894505262475195517e-02,9.451450436368531716e-02,6.816067407538775602e-02,-3.019665691905958418e-02,-3.800827590345277895e-02,-1.379803412902917414e-01,-7.393527404213447174e-02,-8.594010670222271275e-02,-1.254971762799756557e-02,2.592794803603476125e-02,-3.995017954178025493e-02,1.383545477101722765e-01,7.895954706554438041e-02,1.137586311530230411e-02,9.598300791335544202e-02,1.136499588494831528e-02,3.502807569864738180e-02,1.036222901101365446e-01,1.366790195933971774e-01,2.742153258000182975e-02,1.685421053265651892e-01,7.474122966802072832e-02,4.077612051971458984e-02,1.479835837554102553e-03,9.476873035008344381e-02,-5.572626562107420300e-02,3.548213581134627981e-02,-1.564040744879135469e-01,-1.160990782806636118e-01,5.208191465238577733e-02,1.917156086426630981e-03,8.662338359984475544e-02,-4.857355047913803486e-02,1.568945104138102231e-01,2.274899034513762873e-03,-3.592366713734838207e-02,1.215900842064191606e-01,-7.103574051527386524e-02,-1.221956854435637431e-02,-9.030994668979902551e-02,-9.121618771436733331e-02,-7.485268029017046187e-02,-4.537088632852215309e-02,-1.843348574905716020e-01
-6.272821665239974864e-02,-1.752969255552993405e-02,8.444782504965868408e-02,1.349884313577391082e-01,1.989338185895632004e-03,8.590963441909889309e-02,-6.548634679119975932e-02,1.489249291646683737e-01,2.920343895549690760e-01,-3.671361907550958065e-02,2.396528606262649519e-01,-1.442936232759435555e-01,-1.876216651069245733e-02,4.920742952168574713e-02,2.203343150679544504e-01,-8.937681618318333437e-03,1.128729870257629692e-01,9.836004417507446251e-02,6.810061616711775290e-02,-5.781211560251753312e-02,-1.100522201586912399e-02,2.664283373252585713e-02,2.989856653018007626e-01,-1.017482767623118234e-01,4.933148319524359449e-02,8.312190906313425900e-03,-1.096284968422581996e-01,-1.407358104748856987e-03,-4.191863301628270116e-02,-1.856573285974992549e-01,-6.968991398906602963e-02,3.641041779233333137e-02,1.098537866401934904e-01,5.670560583722205478e-02,-5.697473650196604317e-02,-7.191370304331382024e-02,4.404616969122138875e-02,3.006179262676637529e-02,6.576014921498368748e-02,2.573059438090887635e-02,-2.171827270394055542e-02,-6.138818600880768805e-02,-7.145243111078750098e-02,-1.890905663631640542e-03,-6.176707335705721585e-02,6.123193884665352471e-02,-6.368189780683462808e-02,-6.070444860342385368e-02,9.371879440215895307e-02,-1.677282900722034953e-01,1.605996185316742320e-01,-1.039075758884111522e-01,-1.526364903395488748e-01,-1.963160222577800887e-02,-1.403165908350112734e-01,-1.485841654069582629e-01,8.353355522621032370e-02,1.479201228531654977e-01,4.183414288691855026e-02,2.772297357130105999e-02,2.239372112609195470e-02,9.272153972280536283e-02,-9.259071528998595590e-03,-6.949719148647005851e-02,-6.216454264767590394e-03,-2.597646262091669531e-02,-5.899173236548203511e-03,-5.452429614081635151e-02,-9.420454896866382877e-02,4.623646732621147087e-02,-2.050574265862255621e-02,-6.724009707802681979e-02,2.475839220878133656e-02,9.364362071362043738e-02,-6.580546474051195138e-02,-8.363277285369710712e-02,1.179575511404404170e-01,1.078192061248589850e-01,3.410967125396622418e-02,-1.594035440519221969e-01
-1.346694758443313378e-01,-1.304165395662071347e-01,-3.784332319874005035e-02,1.276477998958108762e-01,9.393576301155173724e-02,6.032679120283178376e-02,1.533048787615307051e-01,2.691340851437841186e-01,1.722908156751709885e-01,-4.036295568249898685e-02,-1.529640328939948501e-01,-1.402519605766666122e-01,8.390366464496400167e-02,1.777994936969232997e-01,-1.559979782335064180e-01,-1.090484938269002668e-01,6.880773751519321524e-02,1.455472688604146636e-01,-1.995143019874766332e-01,2.271339305389273866e-01,2.625158061581518987e-01,4.696333511877672645e-02,1.154113411904153647e-01,-5.282387628390469150e-04,-5.373271298991603995e-02,9.455113404682609357e-02,2.462166374404116398e-01,-2.074767658973610679e-02,-1.454857432459090959e-02,-1.256443553419749337e-01,1.292456708734135706e-01,2.699144822170645650e-02,-4.730764889508295296e-02,-1.124416418871747314e-01,3.214016949819616109e-02,-9.667724657883075556e-02,-6.699216676450897578e-02,1.496736201750779871e-01,-4.245969853014317646e-02,-3.302793437958844586e-02,-7.070582871804644010e-02,1.183900351183037186e-01,2.297513425137978280e-02,4.280823356474224711e-02,-8.466950020085194095e-02,-3.929532560784565476e-02,-1.599540274979360521e-01,7.903205723636634941e-03,7.478365639646672447e-02,-1.296667804428310311e-01,3.816506093324762566e-02,-1.793467515262309464e-01,-3.277128241966135308e-02,8.676528926778130646e-02,1.318751693140810255e-01,-4.463817516730072404e-02,-6.821230722089985377e-02,2.718132313255252133e-02,1.814128467020745816e-01,5.184569304997239253e-02,-8.434989275493446573e-04,-6.916779684372084680e-02,-1.016792459167744356e-01,-1.706859144885540247e-01,-9.236350662336614836e-02,-5.237162733672771214e-02,5.523103513806050524e-02,-1.874632284409682437e-01,1.779419751796126881e-01,-3.224352753810758921e-04,1.514007504732408360e-01,8.364624635966345922e-02,-9.719644475045532972e-02,-1.232163615413260083e-01,1.652376785377523416e-01,-1.723612381086360168e-01,3.914551249337163558e-02,-5.358701582630405469e-02,4.039033693532818881e-02,-1.066179244121759490e-01
1.894902149940957958e-02,-3.456914332012930163e-02,4.387569969678409287e-02,-2.697394769436368689e-01,2.862727635340470145e-01,-5.459381255957566036e-03,-6.342956876797924137e-02,9.501527392769819336e-02,1.841285482371551527e-02,1.533068829853644066e-01,1.701146217492335855e-01,3.394940515784302532e-02,2.156604877596018655e-01,1.034066228876326654e-01,-4.877243873185195533e-02,1.236216579010405124e-02,-5.799359848485523272e-02,-6.685325184067723858e-02,6.379855557063307536e-02,-8.484008933866224456e-02,7.454695749936851579e-02,1.460063902864564278e-01,-7.059186794977335977e-02,3.584591862624663533e-02,-1.094974473390564196e-01,-1.412917713726683788e-01,-1.532296039177316049e-01,-1.091695611117332876e-01,4.297639790888241329e-02,-5.044247980404615445e-02,-1.246175679771003020e-01,-3.135656542508841876e-02,2.577827140039314346e-01,-7.467873588531043216e-02,1.277383455864278816e-01,6.705282997927124178e-02,-1.036544357533359800e-01,1.399576665509401630e-01,-4.139552132215851277e-02,-3.091311534106285994e-02,7.895400297321444882e-02,8.754128779449438236e-02,1.177646896531825416e-01,-7.151223581647286887e-02,3.666728070517245863e-02,-1.537650589293207415e-02,1.653621952583571308e-01,1.115412454892188571e-01,1.197885844943769179e-01,6.359891180875948402e-02,3.838066162773460382e-02,5.055672699071977810e-04,1.078456956409390849e-01,-1.800600788903365390e-01,-2.968235663229897014e-02,1.258314421625306989e-01,-2.081422693368865581e-02,3.775633756494989335e-02,-6.764406751790133510e-02,-1.137949143476656849e-01,4.631969577236880187e-02,1.223367656773652334e-01,2.223266288375937982e-01,-2.563250867758155513e-02,5.631998852712670478e-02,-1.906869101013575164e-03,1.611641369722641437e-01,1.147826659189301879e-01,9.801988978634556399e-03,1.085515205532556343e-01,-8.932061124999882140e-02,1.332624880548846646e-01,-1.219553868942361702e-01,1.414440069569908032e-01,1.709754756019857547e-01,6.048949508273072234e-02,-6.762806516678496194e-02,9.892269527855175604e-02,-9.553030799939987716e-02,-8.356398312153671959e-02
6.946563961745398641e-02,1.185812123421896153e-01,-2.402667605541004003e-01,2.310814584257896709e-01,-1.966423711148487449e-02,-2.043816013763271877e-01,6.112691574651164805e-02,2.259385859970705276e-02,-2.397523038019145625e-01,6.118656481361499366e-02,-1.377030427968304604e-01,-8.073742736360246808e-02,6.761020778095486183e-02,2.061583904991335092e-01,-6.277810382304739589e-02,5.774913803935270359e-03,2.382658896831889306e-02,4.827657318011936705e-02,-1.464588284846205825e-03,6.219192716176498437e-02,-1.577974359858908548e-01,-7.346622960856530598e-05,5.366418454895367784e-02,9.299252937223836946e-02,-1.349678774798843683e-01,1.343164965422210533e-01,-5.833027786146586374e-03,-1.460309984047160059e-01,-2.987725654851630316e-02,-4.995749397169897688e-02,-7.805373296698342456e-02,2.063222542040619653e-02,7.231925138861160229e-02,-1.342589571329223276e-02,2.850755109870418275e-02,1.542410675437888012e-01,4.202610093042889461e-01,-8.857647796465875634e-02,1.250146519861619898e-01,-1.021121987660000563e-01,1.957381717625085726e-01,-8.013967294967931643e-02,8.018889607793999730e-02,-8.113811815482881162e-03,3.801161380767151959e-02,-4.020019151539372740e-03,-4.350633186137552871e-02,-3.923590654290764340e-02,-3.630343556944386901e-02,1.924830463273511857e-02,1.663984365185299658e-02,-4.276678843620947135e-02,-1.160778925967788505e-01,2.695749224492424018e-02,-3.203320694438173410e-02,4.348132550479068964e-02,7.281202544713659408e-02,1.743666809439444344e-03,-3.767007735464055623e-02,1.732711686969871934e-01,6.345763478449456541e-02,-7.860963549772645442e-02,4.881412841810124636e-02,-4.947829369138499744e-02,7.853619964873341519e-02,-7.311001693342748797e-02,1.922315912145499892e-02,-2.271611584506786144e-02,-1.006350024400720772e-01,2.949853525659401534e-03,7.341737172534493726e-03,-8.644498216645842004e-02,2.795569194106629560e-02,-4.237990037145723116e-02,-2.872473983917892340e-02,1.388264248425321278e-02,3.194154800562247487e-02,1.639367052621197585e-02,-1.098833866748004928e-01,-7.001628464950405972e-02
2.927776813294853328e-02,-2.691877607572031317e-01,1.617875493643457924e-02,2.749254990006750124e-02,-3.125577554356333554e-01,-9.526667277361729191e-02,2.292178806400707036e-01,2.285532268816093393e-01,-1.463966063721765520e-01,1.465942542437784213e-01,-5.814012922694606830e-03,9.583848711469031278e-02,7.061645763204994763e-02,4.692433520532589969e-02,4.617201214578540297e-02,1.893753004971509557e-01,-1.416815697417672104e-01,1.272278208703893354e-01,1.412885843010380227e-01,-3.852741817178725187e-02,-1.350478144794292970e-02,-3.410468377410023205e-02,-4.297791795130855713e-02,5.777376282912334918e-03,-1.588687189318921736e-02,-1.538256270945229098e-01,-7.965589819642369951e-02,-4.356369779327227965e-02,1.143158278329679395e-01,7.778502783568876089e-02,8.720749441846441241e-02,-2.373227132548403132e-02,-3.656075285466586777e-02,7.941152048805667774e-02,2.310780492392189855e-01,7.247686347665432960e-02,4.679441979558997960e-02,-1.727852608132842138e-01,-1.267998491989806853e-01,-1.357899312660640068e-01,2.490342123743827935e-02,-5.380024141189983233e-02,-3.765371569897708881e-02,1.406283147641859965e-01,5.709946626743060000e-02,-8.184380182862711905e-02,8.470650965298641075e-03,9.165071443885658420e-02,-3.078118952941122366e-02,-4.411132016671597683e-02,-1.331420065353298154e-01,7.792710169349191356e-03,8.439157053911043593e-02,-7.883593892492671285e-02,8.949646858060022678e-03,-2.964702126452645539e-02,1.182860540163702540e-01,1.174213650538135922e-01,-4.088213861949333700e-02,-1.080184910049724611e-01,8.877993249592153191e-02,-9.647042500144860366e-02,1.347052463327905007e-02,-2.235767592879903815e-02,-1.345380603269284020e-02,-7.676506538173136218e-02,1.386641919059613814e-01,2.948544165007138326e-02,-1.250749932531912689e-01,-2.421611676535911639e-01,-1.864818789840088364e-01,-1.126536472896566554e-04,-5.396752685061716008e-04,-9.248040101901638943e-03,7.508550923351453143e-04,-1.754552314326145862e-02,-1.924211261555469274e-02,-8.899267843599217853e-02,-1.890930145764474837e-02,2.920049252037472398e-02
2.046658914984362532e-01,-1.571310333022846867e-02,2.167423814071048685e-02,-1.451089634056358657e-01,-2.585994144802411521e-01,-5.548701557319213329e-02,2.740641808591384385e-02,-7.607170254360463846e-02,6.677382130597177279e-02,1.066642931466863786e-01,2.653274358939308047e-02,5.925388512813142827e-02,-9.291526794638124004e-03,5.168829332227609791e-02,7.802020216202514014e-02,-1.722788538982883422e-01,1.087997203699636317e-01,-2.427229375691371954e-02,2.100887311554184862e-03,1.892902540336599548e-01,-2.446417035311473365e-01,-1.342955557377827625e-01,1.932276482865510625e-01,-2.494454210396060759e-02,-5.213296051292230088e-02,5.445027585902795231e-02,5.160672178262749182e-02,1.477166183494411922e-01,-1.252566781417331077e-01,-7.293039977622142733e-02,-1.236784391411723943e-01,5.009033523833272133e-02,5.103370386185331065e-02,5.586048571232066912e-02,-2.367938343611255547e-01,1.675379613569973614e-01,8.461845097363204782e-02,5.260829278274922055e-02,3.144629157500958283e-02,-4.477087062843627258e-02,-1.786609865414042209e-01,-3.618663385806411559e-02,1.075591075110515493e-01,9.284936660134174291e-02,-1.168103929359582890e-02,1.533142444359505141e-01,-3.048639298324268970e-02,2.773150553230038871e-03,-1.901248875825009010e-01,-7.803241828189669271e-02,6.888957871738846106e-02,-5.959800412969153832e-02,1.508295089889717666e-01,1.504775690430899537e-01,2.172178148656523505e-02,7.157861121107332580e-02,5.632961093145910821e-03,-5.442429951237560959e-02,-2.307030263403309078e-02,-3.994006094442024979e-02,4.880731187208069144e-02,-6.812521101857194061e-02,4.545423845275816180e-03,8.382931755819796049e-02,-1.009348595208384297e-01,-5.693928214921216424e-02,-1.695852514017105392e-02,4.637872208287396880e-02,-1.139470307782238651e-01,3.013144545680140202e-02,2.174523036019236286e-02,2.751658334567553821e-01,4.910209334168980089e-02,3.838722951228632635e-02,4.974920289300476667e-02,8.680085460955602739e-02,-7.644766594750840305e-02,3.094379739865209603e-02,-7.065624565944002289e-02,2.091971919663232204e-01
-1.998483694447717243e-02,2.289765516240200097e-02,-3.541760440592436193e-02,2.841300316010383908e-01,-4.414863267453889711e-02,-2.366346728751136247e-02,-9.626779986834935188e-02,1.444582865327527499e-01,-2.841960627879396850e-01,-4.220399970887179358e-02,-2.926443747677179644e-02,9.908050350064595557e-02,-1.290031459993713943e-02,4.832113913090993473e-02,-8.116564923638240614e-02,5.619375111946136453e-02,1.490507890593102125e-01,1.402940751033145417e-01,1.015903198106828109e-01,1.275606439320213503e-01,2.984891549780816986e-02,6.503564261704157523e-02,-3.473315855766257593e-02,-1.106084357450703853e-01,-1.636571140355022949e-02,-1.994190045497029884e-01,2.163241805294594533e-01,2.519634848611008171e-01,2.612049301128986992e-02,8.058996278961551296e-02,-7.819529985709084210e-03,-1.278658384202210341e-01,-5.915004993053117610e-02,-4.756905819708674016e-02,-8.193959415075588448e-02,-3.815313729653492525e-02,1.668397606769645714e-01,-4.193651765810092052e-02,1.384283820700607237e-01,8.985465492238998986e-02,-7.062941866508859468e-02,-8.015276235551295481e-02,3.935631721951198675e-02,8.708186476085320871e-02,-2.204754657185343733e-02,1.489811217349876482e-01,3.251997083719754961e-02,-1.418911011085398910e-01,6.027980923460107485e-03,-6.907059180644145591e-02,-8.075914942764250704e-02,9.916544805519022371e-03,8.287986043892256460e-02,9.522276245670589778e-02,-1.346440540477136100e-02,-3.714388203984712172e-02,4.958613295516686725e-02,1.861253767164577563e-02,4.136327997672580720e-02,5.749476284360979100e-02,2.000542267845025358e-03,-1.152070764765608796e-01,1.061626729758003707e-01,-9.313159097890787164e-03,-1.116786218569911365e-01,-5.541052833769135461e-02,-3.340086233412616762e-02,1.859243541204929490e-02,-5.716234294836903401e-02,9.161732994955208709e-02,-7.239932331880577498e-02,-1.277500649561567614e-01,-2.093277381911317070e-01,-6.078427655184029388e-03,1.786757653637412180e-02,-9.092857647105047694e-03,2.271641305360037194e-02,5.947462699311926657e-03,1.155987048444273579e-01,1.218450002889375772e-01
