-6.208525019174746529e-01,-7.077083962172879827e-01,-7.300259118039366113e-01,-7.606463227293726037e-01,-8.015822744571835523e-01,-7.537313071155854471e-01,-7.929762669616600146e-01,-3.921307846750808901e-01,-9.261389678189937968e-02,5.634939326292516537e-02,6.283850473052043396e-03,5.867788973822484107e-03,-2.824121376965519487e-02,-4.906351568776707445e-02,-1.082524649449169013e-01,2.233006807521279238e-02,-2.186488404662447274e-02,-3.215314244554567935e-02,-5.450194679508346685e-02,-2.794609526833744580e-03,5.179397295934001083e-02,4.517156484558137314e-02,1.231165923774334842e-02,-6.954593141787913935e-02,4.637544642422402469e-02,-4.321609413036804626e-02,3.804488629053019710e-02,-5.740895287561460780e-02,9.231296753499598773e-02,3.647200500832994963e-02,-1.988110641176879870e-02,1.163835994203712802e-02,-1.395485295237431853e-02,1.380224994569193703e-02,-5.954665481514462289e-02,-1.839978270556252501e-02,-2.749645711597564074e-02,-1.141690513322683384e-02,-8.411203319016351265e-02,3.397187918331496387e-02,5.702660967059947072e-02,6.686943636353639975e-02,9.711061672601013772e-02,-4.366169065846590980e-02,-1.738159323264325956e-02,-1.070020904070463352e-01,2.214109478083544497e-02,2.711347705277333819e-02,5.519367188728060980e-02,-3.936814987701154483e-02,2.074359137011137083e-02,2.095919059829733783e-02,-2.027990635696506894e-02,4.152526834521050314e-02,3.546535851241008203e-02,3.498319029075842856e-02,6.707566285939775552e-02,3.417483170579203172e-02,3.746147728074434441e-02,3.089057434134237154e-02,-3.585254108874647710e-02,4.280834984674685567e-02,-7.598912640712358890e-02,-6.957484551338850333e-03,-2.270052229587681339e-02,-4.137260764870116098e-02,-1.808200378856339441e-02,-9.103840745499920672e-02,8.103938266075104424e-03,1.766286287184620427e-02,-9.783928718512318115e-03,-1.546926402541230587e-02,-1.623610093860246295e-02,-8.231556772526578414e-03,-5.457188443575432257e-02,-2.097269866280302569e-02,3.137674424739009173e-03,3.905884180060457261e-02,-1.513533008386835563e-02,7.220265077331658454e-02
-4.410445291003781132e-01,-5.852202455830072259e-01,-6.970939158988298523e-01,-6.963492414094292204e-01,-7.612066352342951037e-01,-8.021587172893674955e-01,-7.816980721840612878e-01,-7.926707627160194392e-01,-5.255319806505585056e-01,-2.329165159815615449e-01,-1.022994858911233790e-01,-5.254161363842479830e-03,-9.832018682682424141e-03,5.465611846740810881e-02,-5.215454537934031271e-02,1.075980686093458427e-02,5.404208133976629892e-03,-8.157495241653688056e-02,4.202994495327168345e-02,8.651231465798921161e-02,-1.004049183031374692e-01,-1.306968100889304915e-02,-4.062189707962481945e-03,1.055389073422765694e-01,-6.803863807526244756e-02,7.283445297540728537e-03,-9.777265577962843124e-02,3.461516465416395946e-03,2.153000178740220247e-02,5.529115629963004749e-03,6.296629198933210991e-02,-2.856923136626486615e-02,5.315541001213862360e-02,-4.521508062924888688e-02,-3.745104952629656203e-02,-2.735465314879565596e-02,1.473298337961929418e-02,-4.624664536368763845e-02,8.895139023786315102e-02,-5.035872127713638541e-02,4.388633148385714250e-02,-5.835807156106916083e-02,-5.268346370827218378e-02,-4.716734629012623442e-02,-1.007924884113613889e-01,-6.439755655491313791e-02,3.917656295976201103e-02,-5.831856697611922935e-03,4.594989907952929525e-02,3.211381671721015574e-02,1.317177232317532157e-02,3.748731181418772651e-02,-1.547401515100722477e-02,5.573892904810695548e-02,-1.746460102093997779e-03,8.330982171719819585e-02,-2.780502728707694507e-02,2.522302119225084543e-02,6.488293965926429652e-02,-3.754441634454992044e-02,-1.202928911884818984e-03,-3.314833381270350376e-02,8.420809534040230027e-02,2.192962106809437286e-03,-7.541610761127423047e-03,-4.328570325808886454e-02,-8.329631600028607197e-03,-3.372076516911811511e-02,3.551934817957785786e-03,-6.784490424116002005e-02,2.835391532787482141e-02,-2.067149197687673245e-02,-2.281298314187053464e-02,1.798621390310981352e-02,-9.681992154731001998e-02,6.457782530723932268e-02,-2.200013765198426466e-02,8.609197739744685286e-04,-8.238946677852884704e-02,1.951078745499485942e-02
-3.517906386659384599e-01,-3.581307562814365353e-01,-6.038935731566051901e-01,-6.323335199335865520e-01,-6.593239841368950804e-01,-7.275117327695507230e-01,-7.073622942267753233e-01,-8.050238959396084359e-01,-7.686564380743743374e-01,-4.024696626195553018e-01,-2.242067260677774176e-01,-9.937543547735372407e-02,2.000616485770403269e-02,5.678949315269533893e-02,7.887691369061514482e-03,-4.870508726349193421e-03,2.327158376080274912e-02,2.465296137637715095e-03,3.675911996671721998e-02,6.446261090027788354e-02,-9.750131939953617100e-02,-5.062543473834304336e-02,2.381627312537495326e-03,3.717997800142657655e-02,-7.371973254631256078e-02,-9.019412756425766731e-02,2.710591886819360002e-02,-5.575234303626985799e-02,-4.106115266659096305e-03,3.200323994491989510e-02,-1.842747883654260316e-02,-1.315988727327429553e-01,1.645231372727046920e-02,4.620437355638966001e-03,5.014067745629010447e-02,3.251548508489662120e-02,-1.005426493016644274e-01,1.206816146656743485e-02,-8.752944388701819345e-02,-1.150555734882980317e-02,-2.089120337569428006e-03,-2.707320463479427619e-02,5.153169336445365123e-02,-2.808131932193013575e-02,3.765669562919621207e-03,-1.545800674538651449e-02,-3.016433675259246744e-02,-4.965194407894143319e-02,6.658732179877541180e-02,-2.213403989061789312e-02,4.729096093788054400e-02,4.486931818793827437e-02,-3.247148360246333854e-02,-2.753548351467398347e-02,3.055587029455581003e-03,2.725855287359357781e-02,-5.001697866629465500e-02,3.139344287062824368e-02,5.652453012894680801e-02,5.104770145578800544e-02,5.586874665768624265e-02,2.312393057797718261e-03,-8.723517651760432159e-03,-1.259514283004573576e-01,-2.019848591570875054e-02,-6.041716669992933803e-02,-1.521633758167429719e-02,-5.711896001181649557e-02,-4.372568647202289965e-02,3.576989228357186495e-02,3.540538967582824992e-02,2.212869433025536209e-02,-1.634789478628436155e-01,-1.041688584507040154e-02,-2.238138439649428602e-02,4.513366543262196072e-03,5.064277866167137682e-02,-1.629185849263658364e-02,1.990446198611279388e-02,4.846830673030527031e-02
-2.239502929806644060e-01,-3.372533690019080543e-01,-5.644438886621940821e-01,-5.232537514099275811e-01,-5.838013936187952391e-01,-5.917986325521447100e-01,-7.161875531785880655e-01,-7.261069590911101157e-01,-7.238236195403794371e-01,-5.055916547863499311e-01,-2.289104599997284495e-01,-1.109949964229581254e-01,-1.632315954837681715e-01,-4.970220439490737746e-02,-7.988774302376263486e-03,-8.706249933575153921e-02,-3.352199304846057576e-02,-2.786638249612851531e-02,-1.004805133341815648e-02,2.004601112560242676e-02,2.937168015806343110e-02,4.296006915790034214e-02,-6.977677134482091967e-03,-3.252991846928304787e-02,-1.077924205662020990e-01,4.730954248115093572e-04,9.100700608585135520e-02,-1.311489894429825227e-02,5.027359262211358870e-02,7.521983820016911459e-02,1.106211075751829254e-01,2.532289903496814584e-02,9.417824755042219706e-03,-5.340614476523374010e-02,-3.138799810006436680e-02,-7.969186602397411445e-02,-1.053026063278280078e-01,-5.978137555448446994e-02,1.124527800963182576e-02,8.441195622627359688e-03,-1.508919025432136629e-01,-1.295149221326613309e-01,8.104712085425709936e-03,2.307853031397962343e-02,-2.604959457420992497e-02,-4.852220888185853481e-02,5.818910202567454532e-02,5.960198148740256802e-02,5.455653131010867324e-02,-6.209751050083829604e-02,-5.765454382616908707e-02,-9.398261274136548993e-02,7.130582831109604858e-04,1.167370352084194374e-01,-9.448695794982543347e-03,5.899525766070507632e-02,1.112640518078670919e-02,3.294312980526123424e-02,-7.159636908016851764e-02,-8.453833047509627663e-02,6.878354863854356516e-02,2.428228766462159002e-02,-7.072004483818457093e-04,4.560751808805540812e-03,7.821536076813536461e-04,1.994436804010967651e-02,9.172324041387255530e-03,2.364882001692062297e-03,1.282568504638393891e-01,1.078609220447383256e-02,4.149854339741652215e-02,2.775074917124730617e-02,4.324645552827813960e-02,-9.560365674209318765e-02,-1.624511266920878119e-02,2.106500485847844027e-03,2.549892276359870188e-02,3.597510811790560065e-02,4.492608406539747024e-02,3.487190419481949605e-02
-1.232252108321942319e-01,-2.716475602209725282e-01,-4.339303228802527945e-01,-4.898371738824301436e-01,-4.343879407869659648e-01,-6.389451540961511578e-01,-6.710625078090457496e-01,-6.814153608097982540e-01,-6.966431884343431413e-01,-6.323817109559330962e-01,-3.789841242509508490e-01,-4.447868349542245109e-02,-4.914638371372410941e-02,-1.829694407427862740e-02,-7.257209973666452207e-02,-3.228954598973378387e-02,5.243851521843517077e-03,-3.071613281505193929e-02,8.540507690293966392e-02,-3.971239459872948768e-02,-1.002007358887290756e-01,-1.249099567424999044e-02,-4.466725077463000459e-02,-2.662621194906589911e-02,2.923425927115468406e-02,-8.159233585402854427e-02,5.002415758520740302e-02,6.477088554663470998e-02,5.223483828431183668e-02,-5.101022012639159012e-03,-4.405801254729547339e-02,-8.078935735119360806e-02,5.693699038372149884e-02,-1.775438339588776213e-02,-8.407520990109941528e-02,6.445673364266180094e-02,1.150895052828905668e-01,4.769779115694715299e-02,-2.780114372592732558e-02,7.795582936009883002e-02,-1.789083859118249797e-02,4.379116098205841634e-02,-2.310723019844026366e-02,8.573557334556090870e-02,5.375042119978065691e-02,-1.377828968952699712e-02,-1.895692274501738911e-02,2.143262195002600470e-02,-2.402663865491912534e-02,2.059703420403273186e-02,-4.640255717497705074e-02,4.593460259253804440e-02,-2.373907596884220969e-02,2.939712649847670348e-02,9.114155414193701732e-02,2.275538987572616259e-02,6.618481881556304014e-02,-2.287626812626997880e-02,2.063143865480266889e-02,-4.303238395724560267e-02,3.257633223244279369e-02,1.074411692557816420e-02,6.171136374771413365e-03,6.111680968127093661e-02,-6.028241470252537065e-02,1.098680024496919427e-01,6.265292037805532399e-02,-1.195403848291642869e-04,6.517010595228558967e-02,4.204739158974483970e-02,7.264317472399770513e-03,-5.591309350080168189e-02,-1.677839872856987449e-02,1.870873872255844964e-02,9.044560982278281036e-02,-4.613154252363579899e-02,-9.640219242413650136e-03,1.483530353480689646e-03,-2.474468882676337037e-02,-5.831271095715788444e-02
-2.723383861409250928e-01,-3.350478091624491950e-01,-3.486777689334828456e-01,-5.504474407943877878e-01,-4.863899875816895535e-01,-5.982695932020344332e-01,-6.655922084779868353e-01,-7.156077842262670297e-01,-6.965582269921960501e-01,-6.460463899479065297e-01,-4.011162096049845638e-01,-1.167648610938471498e-01,-1.180138912482820157e-01,-1.303730918517072845e-01,-2.025427038012924535e-02,-5.343207354564925848e-02,-5.874182033555878923e-02,-2.875653130882425274e-02,-1.005853951482247738e-01,-2.801178062138949890e-02,2.355887494025023926e-02,2.163396207122706208e-02,-1.137392437111586774e-02,-6.190124692277756274e-02,1.002744548125689694e-01,1.069425447887859815e-01,-2.716467787139740381e-02,-9.991531495741072522e-02,5.305969912431720420e-02,7.282797644564621697e-02,-7.980426880801115520e-04,5.508634735313810288e-02,2.721237880142148360e-02,1.628819159286973989e-02,8.268060190161704778e-03,-1.494976140653060115e-01,-6.004736180773795340e-02,-3.885301917902121011e-02,-1.161072600616884672e-02,8.661192550261025136e-02,2.520227707770429301e-02,-1.191218855547825908e-03,1.135310029262400454e-02,-3.017874005514294133e-03,2.546875350579495476e-02,-3.388564256173694830e-04,2.776035965335324832e-02,-2.471710498665982345e-02,-6.662879930248419291e-02,-4.609401528611957108e-03,1.501803616287755369e-02,-1.056826033513664220e-01,-1.502990884254487916e-02,5.206022321671986003e-02,4.142637283416360922e-02,6.653559255032939768e-02,7.012623179182496391e-02,2.766108273718999658e-02,-4.848439393868538005e-02,-5.232134987594717901e-02,-7.918961889055697867e-02,-1.106330071529911538e-03,-1.081378261742887807e-02,-2.486107474477501633e-02,2.424607930644168477e-02,-3.581174285570939975e-02,1.437429955159900269e-02,-5.753910293466752736e-03,-1.894596211567496982e-02,-1.220964958456129460e-04,-4.937527525343921031e-02,3.528145630116393677e-02,2.804250708405221088e-02,1.815145351881356645e-02,-4.936629026989417662e-02,-2.992243666128344831e-02,6.360842253472167966e-03,-2.302707597675420284e-02,3.992229600480169671e-02,3.333510585883511096e-02
-1.828688676683391245e-01,-2.957938753491139439e-01,-4.075255121840566930e-01,-4.556842197579202280e-01,-5.252885562098349448e-01,-5.573059604779575515e-01,-6.118370162988573391e-01,-6.629453627583856701e-01,-6.504864766100698636e-01,-5.963985628440635622e-01,-3.207934125640091172e-01,-3.030069916041958633e-01,-1.028912349516023228e-01,-9.209346021441258689e-02,-8.050014227837364034e-02,4.026138670501530625e-02,-1.239583548265938903e-02,-1.509427705151260117e-02,-5.797300132477916507e-02,-4.897932336295660050e-02,-1.212416111281065523e-01,1.679915042750342469e-03,-1.787342243046573242e-02,-6.781587702871587353e-02,-1.352342098400201864e-01,3.049541030571809724e-02,5.302738410433292804e-02,-2.536010622371209083e-02,-7.430991444411076674e-02,1.631015154264319270e-02,-4.148020570978257215e-02,9.095474771541572478e-04,1.544968917757545343e-02,-4.806857279104732178e-02,-6.963200596531940456e-02,3.246178305152826182e-02,-6.332885226807910550e-02,5.318115817400319301e-02,4.872774240842433352e-02,-6.645739764303558450e-02,2.264114937459562465e-02,-7.353679556778101867e-02,-4.394673482834535877e-02,-2.371352850845678470e-02,2.765636396383752346e-02,4.205306760996965071e-02,2.388481860843123458e-02,8.261910309163887980e-03,-6.473986003457012084e-02,5.087705446283545541e-02,1.677280070536685611e-02,-1.620922802218849323e-02,-6.838629511213066559e-02,-2.645225017803474587e-03,6.999507103351720709e-03,9.785311020109346836e-02,7.658430966676406382e-02,-8.820230318905139533e-02,-2.707803721224720517e-02,7.503814414738312066e-02,5.756699437167657474e-02,-3.470168479089688618e-02,-9.153481217955217880e-03,-4.112679597107794099e-02,1.349961865867911892e-01,1.119779112076017477e-02,1.560234712036097891e-02,8.779585906800635789e-03,2.896684448521209473e-02,-4.974329737789488781e-02,-3.555428335736800227e-02,-5.524462283680976749e-02,-1.866496449415244382e-02,-7.740328865787137608e-03,-4.626844598917332469e-04,-4.747206867713905931e-02,-2.529860563422677011e-02,-3.979199099280472662e-02,-1.858227540336361214e-02,2.554333712086441846e-02
-3.022418022557294970e-01,-2.072729524570320614e-01,-2.307884329639649235e-01,-4.502572103814465598e-01,-4.756679334278007820e-01,-4.580755686838214324e-01,-4.591046197495857739e-01,-5.094861315995086182e-01,-5.560318563459527574e-01,-6.133012100466533889e-01,-4.148457330687636002e-01,-2.505803375273342182e-01,1.017848890298250417e-02,-1.100435583121934929e-01,-3.329532111907278213e-02,-2.394975707669342593e-04,7.819122881510025269e-02,-1.227094144921583342e-02,2.859662845609386647e-02,-2.657204353738766914e-02,-4.509383994275783722e-03,4.140032493470358066e-02,3.622808254016532392e-02,-8.029349992331814845e-02,1.296505581695870102e-01,-4.413823590708037398e-02,6.622085821718828869e-02,-3.596495758045826358e-02,-8.117761659448013978e-02,5.806173821579922040e-02,6.371568378604030268e-03,-2.317698951851438968e-02,-1.842772920334679806e-02,-8.553171422383633316e-02,3.389693983142608863e-02,9.923472583204872438e-03,1.524368620465614121e-03,2.996207121726737060e-02,1.962277053724695644e-02,2.866831208330844830e-02,-1.596887479310819813e-02,-7.002892687896847268e-02,-3.497525164503101271e-03,-2.406178391563392610e-02,5.202876513078653203e-02,-6.627882217422896571e-02,2.975839433525415481e-02,7.775923760936165330e-02,5.997933001929925401e-02,2.317445010957861623e-02,-3.566521786622804668e-02,5.326029409820905169e-02,-1.854624701140726237e-02,-3.741646461455328670e-02,5.635486333306595312e-03,-5.834415748024451148e-02,-5.113964341948236403e-02,4.823875215560017443e-02,-1.998969541570263034e-02,-1.104994506411381694e-01,-5.877920539849987996e-02,5.511009894429375056e-02,-7.335582472452627234e-02,2.340699475315333872e-02,4.194834261513764873e-02,2.669919676288392413e-02,-6.361050204243727003e-03,-8.016864517903886378e-02,-4.001226377608594481e-02,2.908628592415174810e-02,-1.930417305445963851e-04,8.304962667649609664e-02,3.064939662475013246e-02,1.908756022612722453e-02,-1.669155215181256438e-02,4.041596817871547648e-02,4.637631793789656100e-03,5.907564120548956105e-02,-7.246060517008702517e-02,-8.615728456948694436e-02
-1.279599816741768259e-01,-1.457887612071347705e-01,-2.971885516885342526e-01,-3.066236082812525132e-01,-4.645305935447484602e-01,-4.749247444652456851e-01,-5.020258134352670876e-01,-5.081956826120830328e-01,-4.814587797897192933e-01,-4.611889623069733712e-01,-3.335497837963287693e-01,-1.092941441726134472e-01,-1.103211964351953622e-01,-1.260983054464775988e-01,4.175919071733329851e-02,-5.566120325503787908e-02,3.102825555765502050e-02,-1.799544452508302153e-02,8.404033020999873704e-02,1.127502229877746232e-01,-9.475537751461923092e-03,-2.575520034363158240e-04,-3.065382461850512871e-02,-7.552198453614616946e-02,8.104751996272424597e-02,-9.427480545392580291e-02,-6.821529614771087990e-02,2.914443963368940071e-02,1.111003172835217379e-01,-4.286400575291550614e-03,-2.384729584193927970e-02,-3.640946255529665249e-02,5.860407128305083341e-02,-4.106151780726752243e-02,-9.181273507155822411e-02,-1.645755006739113221e-02,-1.000869182806475750e-02,2.848543953067007167e-02,1.946250991195330043e-02,5.114658225634694660e-02,2.300758892031976380e-02,6.843905687800799992e-04,-6.796688969853702245e-02,-1.409485581585544905e-02,-7.405285406841649598e-02,-9.326177889486602160e-03,-1.079993071135200433e-01,1.153942506418373648e-01,-3.963651510918593524e-02,1.058602236754833600e-02,-8.853126649842381346e-02,9.561377359456911529e-02,-1.977120254755805259e-02,9.599325298561489639e-02,3.008686558026651796e-03,-5.107495743395999710e-02,5.144410638123552565e-02,-6.905278461252746525e-02,5.674344279760282217e-02,-6.122923973887736682e-02,-1.581535031724458709e-02,-5.661899725529518507e-02,4.538156440702943717e-02,1.230586441323430931e-02,-4.239890078426414993e-02,-1.921402330086696003e-02,-3.341978265127405062e-02,1.278273010496463677e-02,-1.326103779443150443e-01,1.020311332601194984e-02,2.702508160633279935e-02,-2.614292551267086932e-03,-1.157854876417058372e-02,7.701521008470198215e-02,-9.607019589861856904e-03,-2.811256761173833857e-02,7.318520812777472295e-02,7.674226924926071634e-03,-3.776441636543505231e-02,1.626336511556262382e-02
-1.255294862030864878e-01,-1.642038474561807182e-01,-2.532850936251567209e-01,-2.854939558881591233e-01,-4.185504539278530611e-01,-4.173207828053888679e-01,-4.791489719921694368e-01,-4.848671949705943840e-01,-4.986270710501929937e-01,-3.505042006685076816e-01,-1.482188071669676421e-01,-2.039255123034047767e-01,-1.892121787858244419e-01,-4.452776717399961615e-02,-1.731137980175611116e-02,-4.353518466141342164e-02,-1.756060412164266865e-02,8.501423491244528008e-02,3.543122147123211468e-02,-7.729771135929325299e-02,-3.643833621168406783e-02,3.510661973423637172e-02,2.497204372591275978e-02,2.469438162715997809e-03,-1.550624566914464431e-01,3.965279951982677090e-03,-1.191749925961866213e-01,-1.168480226097366181e-01,7.947054451305153588e-02,7.058713108874198339e-02,8.246650417922549159e-02,3.248389119467807312e-02,-1.024093348143764910e-02,-7.766383140324098489e-02,-6.555241172171591413e-02,6.989663007035101360e-04,-1.534991885894670775e-02,6.294898500790141460e-02,-8.187847093028792489e-02,-1.859467588232430538e-02,-1.112603652287367031e-02,-3.528728671489892842e-03,-1.081139825061229118e-02,1.621066159356643333e-02,8.572638625292490488e-02,3.579235618978571232e-02,6.775715424588121816e-02,4.548201857686094696e-02,2.017935526050438147e-02,-2.217107388495256556e-02,4.828863574280751331e-02,-2.609071803397535264e-02,1.712199718745637672e-02,-8.435990998853191980e-02,-3.914611035801746769e-02,-6.920411528436846592e-04,2.220257711005706527e-02,-6.126570353322034063e-02,8.702095744303428582e-02,7.271890608952420731e-02,4.504065757547078691e-02,6.338775932214071873e-02,6.004491832650531852e-02,7.224405349608459259e-02,-4.088544531057174136e-02,-1.393217549624523599e-01,-5.798025447928637811e-03,1.782483322805777188e-03,1.709616750430714427e-01,6.760227248698201519e-02,-6.145494931583205672e-02,-5.512948425281757187e-02,-4.798473623216965855e-02,3.104197138323515695e-02,1.679287533447636899e-02,1.237753948739303035e-02,1.622523708993567695e-02,-7.453185057065474239e-02,-1.342467749501135080e-02,-6.810279810038123716e-02
7.721368609665301905e-03,-2.659389713883357209e-01,-2.972016027731019250e-01,-3.397596515800431205e-01,-4.779996481305398559e-01,-4.315877248239559649e-01,-4.236129962510934432e-01,-4.011673076645159153e-01,-3.146343849494243061e-01,-1.664178312684869432e-01,-2.997563982876955690e-01,-6.322819394797944692e-02,-6.087912278683069861e-02,-7.406382968154609503e-02,-1.168879485711827038e-01,8.697748128363774756e-02,-7.315148213927932797e-02,-6.174075486013767128e-02,-7.779480879523988437e-03,7.122789731283427073e-02,1.456206761288814100e-01,-7.887200651504938653e-02,-1.205640719858213500e-01,-1.190534281753851953e-01,3.984162428900268199e-02,7.595067053478764263e-02,8.230701865267751535e-03,5.075723082896031746e-02,-7.320289233054451394e-02,7.025250031336950640e-02,-1.052400358606081082e-01,-5.751326004259829650e-02,-1.707164182253622930e-01,-5.885748925738596565e-02,-1.205027867088777176e-02,1.662782014040975476e-02,1.318132823478621873e-01,1.364167861442869799e-02,-4.242105765074206947e-02,4.938230833410704214e-03,-2.660437430577610590e-02,5.774227935738440037e-02,-4.582198311834889508e-03,-1.322783174470514855e-01,-1.676409031437383831e-02,-5.333763973237268946e-02,1.455785542648069947e-02,-7.814787098891814998e-02,7.945318910600471587e-03,3.266591411042972515e-02,-7.816922284467509464e-04,-7.852340174520512639e-02,-1.246774325137431881e-02,-2.950404223310980605e-03,3.505264534941851529e-02,-9.602400618147518066e-03,-1.869989259289261962e-02,1.752106760356498052e-02,3.173766495628277395e-02,-6.460546029613614682e-02,2.311326322420883227e-03,1.824703713336544436e-02,3.731687924413144841e-02,9.545711408796623415e-03,-2.372476533354706419e-03,-4.296130547050865112e-02,-2.682660950460370383e-02,-5.099374259265868764e-02,-4.269488475652315901e-02,-3.635427878376848443e-02,-5.368585783730918382e-02,8.482753712984661409e-02,-4.308847527836136108e-03,7.980241061361618982e-02,7.712113606605579263e-02,2.302179579794472186e-02,-5.581741973106758153e-02,5.666939178341916239e-02,6.680988598086520097e-03,2.586403468237317635e-02
-2.567801814339332883e-02,-5.333935689280194098e-02,-1.978342808757801441e-01,-2.828710690157116292e-01,-4.984666102361517970e-01,-4.418991688077765212e-01,-3.671054294973796206e-01,-4.025663346284074628e-01,-4.165217868543825697e-01,-9.220845460536056248e-02,-3.275585882174040786e-01,-1.870428377078155457e-01,-7.096744937990052959e-02,-2.093830423391823334e-02,-1.246833655895593085e-01,1.065197441933918993e-02,1.485642584928410261e-02,9.532012995366213881e-02,-1.634576263356548320e-01,-1.284710877997427558e-02,-5.914770246259151709e-02,1.233640406348444629e-01,-6.053729898778525964e-02,1.025311599265788659e-02,-1.695469176599244676e-01,1.588477965185329521e-01,3.480290568559226555e-02,1.249891471839475153e-02,1.348592743229132598e-02,2.674382245272631173e-02,5.496220060499971971e-02,-3.445274158030385125e-03,3.294757939202914293e-02,7.898630975088268003e-02,-5.531468305852142719e-02,-1.194772123013628090e-01,8.007094950329882166e-02,8.037731460362482205e-02,-1.140059574689820804e-01,9.209328961947733927e-02,-1.438177859265435670e-04,3.203139793932975599e-02,4.693312089107539581e-02,8.719259930854089680e-02,-3.769570437720909297e-03,-1.112178253414677735e-02,-3.525388588658966149e-02,4.962870514745259393e-02,-7.673444782142668959e-03,1.112650538848583004e-01,7.783477385965881234e-02,2.445675720029925546e-02,5.926531082974341447e-02,-1.555054456844280446e-02,-1.884740365381683768e-04,9.944466370371574451e-03,2.024051202591760357e-02,-1.280063854869753145e-02,-8.024397468768373464e-04,-6.004419392194584176e-02,6.528054278331124616e-02,-7.361676859947416385e-03,2.793043852390248577e-02,1.967167899851038695e-02,-1.616953057320602658e-03,1.012229718590903528e-02,1.358661069153964118e-01,5.571561741751378943e-02,4.375484837537713112e-02,5.116095537232921708e-02,-4.319185488282909630e-02,1.124188921393075996e-02,1.586442329461530340e-02,-3.000793912032495396e-03,-9.133649380015403108e-02,-2.977733045870283382e-02,2.112275559020078755e-02,2.910804867066130869e-02,-9.882880033707432121e-02,6.255147464282670433e-02
-4.337484356132401131e-02,-1.536835490574081919e-01,-3.372968494388902116e-01,-3.950063748752555282e-01,-3.740697441779941568e-01,-4.836205995262217172e-01,-1.959116285026418214e-01,-3.291055930832154086e-01,-2.212701720441085096e-01,-1.379336048588357955e-01,-3.423467715113455156e-01,-1.135895677843405116e-01,1.170396601935068219e-02,-1.050259717435079593e-01,-1.522457417581010372e-02,-1.605230110372155294e-01,-1.171996846791833885e-01,-5.250520606616122105e-02,-1.760126581301162466e-02,-8.706124993611098761e-02,-1.482508615983843536e-01,1.030759018441165624e-02,7.426850173651074194e-02,-7.533390222514964318e-02,-1.501355060484014792e-01,6.119145828206407761e-02,-4.588186024737327812e-02,3.826339951722293464e-02,-7.808733772258387440e-02,2.562811448508506632e-02,-1.791632010200875161e-02,-9.468387563908350554e-03,5.300827755202251051e-02,-1.180010461889946516e-01,5.816872878757580606e-02,-3.544782497189915421e-02,-9.534673565871013001e-02,-3.916845380583714592e-02,-4.011877888573124606e-02,-1.034543969681898795e-01,-3.802065757887199832e-02,-6.784363712543416136e-02,-3.060722224313532427e-02,-1.008531365822697007e-01,8.838217281463522923e-02,7.301396756672801081e-02,2.235703005875618390e-02,3.482081587677788442e-02,-7.941632537440218575e-02,1.732009092352951654e-02,7.394716242610883949e-02,-2.440508089361737021e-02,-3.683262909804376622e-02,-8.844711884307014660e-03,-2.604465130255550088e-03,-2.634915760697383730e-02,1.144077079919248591e-01,-7.774972907890828622e-02,-2.581237095399184847e-02,-4.911481412325210266e-02,1.985807675629857466e-02,-7.977854093470857291e-03,-1.006470829058313810e-01,-7.337354592076188176e-02,-4.078562174942495372e-02,-1.038337174999086690e-02,1.445039875791823483e-02,3.037234303929340143e-02,-7.116412691705645277e-02,-1.209539993924686335e-01,-6.396967989831248147e-03,1.116471294279590236e-02,9.122087544193806241e-02,-5.541256326507822128e-02,-5.880627805723444984e-02,-2.585452753676094687e-02,-3.603956866492223632e-02,-8.004139805358716220e-02,-9.200276673805038441e-02,4.099293003833461013e-02
-8.734533999632029810e-02,-3.000443047852009992e-01,-2.034466469285337864e-01,-1.321990449461474260e-01,-1.896816167332375791e-01,-2.662985982787302031e-01,-3.231353350653726753e-01,-3.088909824650851177e-01,-1.933862106378038681e-01,-3.326099030916430110e-01,-1.662979063041748196e-01,-1.909434054668433800e-01,6.530788666050171831e-02,-2.384856924674708389e-01,-4.114499336754806960e-03,-8.181623030290462173e-02,5.361153776206203925e-02,-1.906829698761084158e-01,5.107341413533567770e-02,-5.850985138937376748e-03,-3.403569762888394162e-02,-6.273337373139364903e-02,-3.972223585074270702e-02,-4.985566665301618267e-02,8.865880403725062697e-02,-2.649342067392225497e-02,-4.969120935701181602e-02,-2.925455673712573298e-02,-8.107353322020578908e-04,-1.731734113907557049e-02,-3.614865180104079312e-02,3.777428139314974870e-02,8.189929221027840434e-02,-6.729235691466435403e-03,-2.868806176339971925e-03,1.003165483312359191e-01,3.186983656347464056e-02,1.155595142347493470e-01,1.224569631783423013e-01,2.640035446560922913e-02,9.746348673203165947e-02,-1.042375405081038056e-02,1.299765716573962268e-02,-8.384891516272177658e-02,1.829003297019308333e-02,2.525017865123571972e-02,-1.045784996214791339e-02,3.127958360268386778e-02,-3.031287344070853623e-02,1.384050314291126842e-02,-5.106434934530173358e-02,7.596849670599152560e-02,-1.249795315342714791e-01,-8.378476361457777577e-02,6.901576815229312767e-02,-5.630955175723739714e-02,-3.793969716211664095e-02,2.132135188350790106e-02,-5.398289358562191609e-02,-1.229220314727433455e-01,4.352465253148272983e-02,2.698354511857340224e-02,-5.859996955635018989e-02,-4.579217280242018490e-02,4.161569008981884366e-02,-9.939482486913905901e-02,-3.627601770164865652e-02,1.291190768591453202e-02,-7.674152655868037021e-02,-1.712758854044664839e-02,6.213679809072319288e-02,6.738873297069251922e-02,3.011830214827462132e-02,3.725207776870789744e-02,8.008762270206791489e-02,-8.494918565262958576e-02,6.731167449408231689e-03,-2.727158644153642938e-02,3.938143194644046913e-02,-6.682495202210568530e-02
9.889748400608409928e-02,-7.911660380735158205e-02,-2.093322164331369861e-01,-2.401395928572750971e-01,-1.848325395058085796e-01,-1.929345835619645511e-01,-1.672906665410422156e-01,-2.155124181765021296e-01,-1.384925142702813916e-01,-4.279112366527081102e-02,-1.113244571542487335e-02,-2.406526843894664716e-02,-1.795766504055132662e-01,-1.616415415240835263e-01,4.923102218909051336e-02,-1.315840974088682835e-01,1.232862154445019953e-01,1.474730378471290348e-01,1.554617871287008735e-01,-8.837735649651598524e-02,1.769719554481853294e-02,-8.778781715248513973e-02,-4.755695543018867433e-02,1.411303271899026490e-01,2.567622333990838765e-02,-1.527069378139650838e-02,3.587737082283840896e-03,7.259773737525081205e-02,-8.186092771107261745e-02,2.417713435163852675e-02,-2.351363606359718056e-02,1.120446224496342430e-01,3.349158057050096587e-02,1.766692338107747340e-01,4.599545906661434841e-02,1.518296284469301816e-01,1.070700739936225332e-01,-8.267047224010108664e-02,2.610433568361732876e-02,-2.363213274752387280e-02,-1.040984917909594798e-01,-1.417058268197288369e-02,-3.350192311576020987e-02,-1.001302559436227082e-03,1.062276021763903719e-02,-5.264656673020115529e-02,-4.382765511062484270e-02,9.473850199767622215e-02,7.417167400469315552e-02,-3.031986006935537617e-02,8.206446600780709089e-02,-1.278763090121740921e-02,-4.099217192357632739e-02,2.056388554272607291e-02,1.344962946959037467e-02,-1.174314141149992302e-01,3.085635910018678235e-02,-3.509662161914811618e-03,2.716531574864521764e-02,-7.001212753663102993e-03,4.429747702552432054e-02,-7.336620811774582918e-02,-4.709087200704720200e-02,-2.962570833733604164e-02,3.174992550216122755e-02,-1.319188348719236015e-01,7.205430711343323302e-02,-4.739498508049953124e-02,3.489175902750776825e-02,-5.318368728263191125e-02,-5.422581026872492355e-02,-1.412399870313098549e-01,-3.497748329096241754e-02,-1.317890049995533268e-02,-3.316068182430049333e-02,-5.372543059935729753e-02,-2.402197738591336541e-03,4.855998018045179498e-02,-1.145604011843946168e-01,1.355907007571801048e-01
-2.136965416428583120e-01,-1.318955803904525159e-01,-1.213825194641488942e-01,-1.387288688031081685e-01,-1.697527348394859727e-03,-2.953054602269298834e-01,-2.445114840709447512e-01,-2.648660115741021115e-01,-2.499995685077952556e-01,1.944194521174127596e-02,-1.094579114313491280e-01,-1.791976885585628565e-01,1.352266055891589852e-02,-3.622723092880749535e-02,1.273119035768941094e-02,9.461112910492262135e-03,-7.363772159365530867e-02,9.539436936414755208e-02,4.030830957858493047e-02,-1.443314129236186738e-01,-6.688097492271324017e-03,4.308321594298577389e-02,1.271046687774610986e-03,1.113959436667927381e-03,-1.299824026975665847e-01,-1.423945705247793847e-01,6.202863148873629523e-02,1.136627351231847549e-01,1.066144314823223582e-01,1.990760464458377847e-03,-3.665871932851236248e-02,-6.663672579894849846e-02,-6.729726258493329500e-04,-9.676194710770963728e-03,2.294876458115717791e-02,-4.138130997835511027e-02,-4.607033136174943028e-04,7.858736076418643135e-02,-8.303889866731410663e-02,-7.661604068090160924e-02,8.251581558419189555e-02,-1.468920324130512482e-02,-1.820345591687204737e-02,-3.513131667780308547e-03,5.610203985241730973e-02,1.605968649848764015e-02,-1.030409300450330079e-01,-2.728402757768823989e-02,7.681583056123884867e-02,9.475002467251400495e-02,4.808675597196901408e-02,9.075957746209091861e-03,7.235927900093379328e-02,-4.934818692306866539e-02,-4.061825125598531039e-02,1.220960185273852437e-02,7.191478217592413291e-02,-1.116761762652967171e-01,8.055544073747684941e-02,-8.101370939225693846e-02,-2.604797448032640170e-02,-5.115708524749070646e-03,2.113468294714206108e-02,2.122624077117698030e-02,1.225586095043183256e-03,-3.157588135118313821e-02,1.147858873745526004e-01,1.368287780739113058e-01,7.831929186624767003e-02,4.022748569935327700e-02,3.945217072617535244e-03,-4.032896985368407752e-03,4.838549070680053105e-02,4.502769252960576313e-02,-4.341581610411136133e-02,-8.322720661568314138e-02,-9.493461338722621046e-03,-7.434096614499534003e-03,2.087870372951589407e-02,-6.680815373511074517e-02
-1.395803855377104330e-01,-9.841600021128858733e-02,-3.008353664407033279e-02,-3.542493242999097958e-01,-1.578888895490986599e-01,-2.077950197116293640e-01,-5.874965526456179393e-02,-5.459440403386421614e-02,1.101808690434382398e-01,7.516346113119362626e-02,-1.857304983077902594e-01,-6.562529384039135494e-02,3.572752634968388158e-02,-2.616460654470681782e-02,-2.026570175398053064e-01,1.187074006828737066e-01,-3.415661075993763757e-02,-2.610383506658956951e-02,7.513891986214478458e-02,8.841262801868372823e-02,1.211343824206897596e-01,2.672168056157291083e-02,-9.307809006512193784e-02,-6.635103378277097674e-02,-1.138508159722383117e-01,7.118755904185709860e-02,4.887396686185056273e-03,-3.664090328178675610e-02,2.675099613647204111e-02,9.377687286243471809e-02,-1.806072922743974241e-01,-9.596861995060369105e-03,6.894229880434617208e-02,-6.361099902454812882e-02,9.097237211569056750e-03,-3.762108182500231712e-02,6.081601046846202979e-02,2.654531778939744555e-02,-5.805237809291159679e-02,-5.120896196920041166e-02,-5.849138636976304595e-02,1.973345738357756840e-02,-4.007424656896491771e-02,7.426496043762648158e-02,-1.280025568015951687e-01,-7.857710832844136406e-02,-2.928819888177362427e-02,-2.609443242340219946e-02,-1.688316273504019208e-02,6.115779674607135785e-02,-4.007000343637476258e-02,-1.722757092480888680e-02,-1.878503095412284093e-02,7.750688434341243029e-03,-8.608498724823962500e-02,-4.704233028992468868e-02,-1.682115060213773506e-03,-5.225132952403817310e-02,7.838851637576058767e-03,7.438323266210628004e-02,-1.021858011431213756e-02,3.688546215149382523e-02,3.213645166864430303e-02,1.361206634817333817e-02,-3.547465085743051194e-03,-4.635207952256938796e-03,3.099238369187062685e-03,-7.264216983741317302e-02,-1.240361437012935386e-01,-3.119651730926485331e-02,-4.565714619965378918e-02,2.620512337614646498e-02,-1.899906971744860437e-02,2.058960394658357687e-02,4.062053846058997358e-02,-3.654627510276316910e-02,-4.267958712660092913e-02,7.695511194910557677e-04,-7.760707918976715580e-02,6.863118132596902725e-03
-8.507783058078217941e-02,-1.367494914352874180e-01,-1.895051892173310881e-01,-6.720333742372515407e-02,-1.312692660057767913e-01,1.254908278429608948e-01,-2.250049243333957505e-01,-9.065623069688852342e-02,-3.533664614390417957e-02,8.308382657518377512e-02,-9.940726969705956581e-03,1.034864573710297803e-01,7.844117002822477425e-02,-1.224347281078957822e-01,-1.669478387311841006e-01,1.346140330083585857e-01,-3.529574663676881413e-02,1.073893968910893809e-01,-2.704376269681849423e-02,-9.226747822593510395e-02,-4.560330589904624393e-02,-1.891912566005946733e-02,1.294973932376630166e-01,-4.910339472548454903e-02,4.520441068267669338e-02,3.533190803297937138e-02,4.785077545455376780e-02,-5.654909079819359303e-04,-5.453439605027186193e-02,2.576588787416784002e-02,-1.808772429124159281e-02,8.723175595852065284e-03,4.093531989508390756e-02,1.066247810037019988e-01,-2.349645867216762149e-02,1.125178283512753702e-01,-4.630754327474663479e-02,9.185084621281032480e-02,3.825584084544560171e-02,-7.505274251848438605e-02,-5.663866165296385646e-02,1.190934282879793499e-01,-1.261289334378808413e-01,2.577028330906550382e-02,1.467435024348055783e-01,6.687261973065834753e-02,4.729302079008475962e-02,4.314861628240131836e-02,3.005793523318568000e-02,9.944885321554929047e-02,-4.517277516390270226e-02,-7.288417695717194777e-02,4.827980849871497254e-02,1.206926866837553999e-02,-1.636793716986654212e-01,3.100836661920571002e-02,-3.742833069437981330e-02,2.361294848753046904e-03,6.588571755741141900e-02,-8.790114503512387600e-02,-3.489590752959399744e-02,4.585823078190320867e-02,-1.644805820696847443e-01,-1.533851758090086070e-03,-1.402624218876355119e-02,-8.454668220651856414e-02,1.727951738939463577e-02,5.357044958482595765e-02,1.785067844193040376e-02,3.863521825914291441e-02,-4.897311953485234542e-02,1.866201360961946762e-02,1.903474529804720871e-04,4.384371806026574059e-02,5.061642120533949019e-02,-8.281485531331829464e-02,-1.855415749099647085e-02,-1.772481403645835519e-03,-6.467859312910570480e-02,-4.305568515269986990e-02
-1.904542077141950854e-02,-1.739786426151816168e-01,7.929834771005844773e-02,2.076750291473412890e-02,-1.172940293652431215e-01,-1.923626779048877578e-01,-4.210324392655073918e-03,4.004934779110449344e-02,-8.792111914804377759e-02,-1.669213292319993436e-01,1.129001398830664915e-01,1.544097307931492635e-01,2.168803111814725237e-01,4.948901053524615290e-02,4.700698661456310240e-02,-6.292637110549351154e-02,6.166952909594224791e-02,-6.330592343162021185e-02,1.641437528742258067e-01,5.342442080981205446e-03,5.032934673278836521e-03,3.316993001471266189e-02,1.056698516418662359e-01,2.826087622006653172e-02,-1.285119009832390580e-01,1.180945161117573777e-01,1.014657022543837550e-01,4.605544957593631777e-02,1.633610543743781174e-01,6.901242253643286029e-02,-5.134783981043408718e-02,-6.389410691857817792e-02,-7.791642648768780377e-02,-6.483479488816736025e-02,-2.869060313325544342e-02,1.595054965166701338e-02,-5.532047916043721786e-02,3.985082510437280845e-02,1.021230393270357480e-02,-9.260994142252446104e-02,-6.426551764684014512e-02,-2.320942416732655819e-02,2.433187659714642573e-03,5.316031068432221923e-02,6.634510691931072568e-02,4.830413877798938466e-02,3.531007874487537834e-02,5.527595990265413844e-02,-7.857454059013517511e-02,5.094123801111457434e-02,-5.551498231649656251e-03,-3.176081618124928369e-02,-6.370363143911142445e-02,-9.444028647458040451e-03,1.076304218480786390e-01,1.032863559195018738e-01,-3.173642163786878634e-02,1.400555914010235756e-02,1.590320421928050065e-02,2.989836640475300109e-02,-2.661746786612494142e-02,7.889335597002392064e-02,-2.410738878723226591e-02,-6.859074757581278036e-04,6.659250036883622437e-02,-1.270700428245775115e-01,3.348991287619822871e-02,-6.729038669658905791e-02,3.380071765245189208e-02,3.702251539493051080e-02,7.822420594652039483e-02,-6.183254122091091237e-02,-2.429552198725553128e-02,3.594915667138627591e-02,-9.817235490751988203e-02,8.571210560527305067e-02,-5.453121768437852596e-02,-6.160293338024850490e-02,-4.516372707045986784e-02,-5.235463703352268017e-02
-1.811327764066628099e-01,6.839253649895275788e-02,7.720562773288142111e-02,-8.609188572944218021e-02,-2.867078315600402605e-01,1.215122605531402875e-02,4.168639484581905530e-02,-3.805027786303884912e-02,-1.227800001518628420e-01,9.091417694075026867e-02,-1.419792993745637270e-02,6.870835774716632649e-02,9.791680842976149823e-02,-1.160730832326780314e-04,-1.870422921881410294e-01,-6.125100570272849765e-02,-4.040660651392012637e-02,2.582804846438706628e-02,-2.556306743802146467e-02,-5.018579307229138059e-02,3.543144201743315957e-02,-1.009953566664198166e-01,-4.110987603470049080e-03,-9.520608424919378698e-02,-2.481250504131191081e-01,-1.515197894640693821e-01,-8.734800599944309019e-02,-4.454319021506217280e-02,-1.548770827088527258e-01,-1.684339097327966772e-01,-3.443196898652085836e-02,-3.395705009010172113e-03,8.354989745632970810e-02,-8.977174082305339198e-02,-9.058892639782089098e-03,5.713520424527486485e-02,-2.089562164086554777e-02,5.637292296506239697e-02,3.789290332295140468e-03,-3.150122083168471060e-02,-1.430130558563076811e-02,-1.016233538183404228e-01,1.812727616635893546e-01,-1.536057255690414722e-02,4.645420915086020258e-02,1.053393465971304115e-02,5.431967928853886213e-02,-5.002769667270767773e-02,-3.252154885851456928e-02,7.714044976866113457e-02,-2.281243987729159386e-02,-1.515530078740238464e-02,-1.893127107236530424e-02,-1.752827800912432621e-01,2.685005408110171729e-02,3.398462118039183993e-02,1.969509788390648051e-04,-4.551723982091662041e-02,-3.388580947527583542e-02,-3.306588799159440595e-02,-2.624966425350061527e-02,4.907433500984361568e-02,-1.902322940142090954e-02,-8.252468561220722976e-02,-6.778052517215120421e-02,1.416898602516706018e-01,-1.193745634690748098e-01,-2.614031076526465453e-03,1.677009658232063993e-01,5.811880285396097551e-02,1.106340552321127130e-01,-1.018721164611482120e-02,2.758937603362835236e-02,4.943125810164718248e-02,-5.524015431267632198e-02,2.782844943297389101e-02,1.291011995552639353e-02,7.740415483306740951e-02,4.539005117732774347e-02,-5.040497465304424884e-02
-3.668286567370633317e-03,1.006941941156986181e-01,-8.951133549055416416e-02,-1.175638098210876475e-01,1.240360764424405515e-01,8.904184810569386321e-02,1.063652064416153176e-01,9.661425862545693077e-02,-9.352457294178379010e-02,1.752434160831578824e-01,-6.470854948201566759e-02,5.110775240953279591e-02,2.229548538560455900e-02,-4.080537766974300790e-02,3.807856683280794186e-02,-7.144784360051188721e-02,-6.358301651253393805e-02,1.138196450347474936e-01,-3.787272675599714228e-02,-7.063804697524708742e-02,8.481622262346234786e-02,1.354523144330530282e-01,-8.142679752742229549e-02,-4.803107140383338497e-02,-3.981257266155502133e-04,2.439499114561242618e-02,9.742988944562358533e-02,1.089183991766720511e-01,4.189979342389964917e-02,9.436508045660164934e-02,-4.918973978299434613e-02,-7.160297722498985482e-03,-9.602882605163795895e-03,7.445428617984338471e-02,3.461312001578786129e-02,2.096608761673036947e-02,9.362780399578933543e-02,8.636140037697874472e-02,1.505856093242720073e-01,5.650363355705546181e-02,-3.205805222714563918e-02,-7.133573718112984352e-02,-7.360865348371042893e-02,-8.503979656715096591e-02,-1.714488671808829870e-02,1.963523950164238613e-02,-8.872168515171736936e-02,2.865633890651835512e-03,-7.081381338013177651e-02,3.488002474444300283e-02,5.625332295532511906e-02,8.239132565919664308e-02,3.588754482378136296e-02,-6.460852437720147889e-02,9.674554674986944602e-02,3.656543148608831090e-02,7.172489350977410971e-02,1.046744246487961161e-01,1.055387465935131025e-01,1.724796723569630708e-01,1.444668934801805228e-02,8.709043176016553756e-02,-5.550768599718628599e-02,-2.072460687196233525e-02,-8.130038331609816538e-02,-1.410258698407466059e-02,4.516241808958222637e-02,-7.480715802361546755e-03,4.416654837094742547e-02,-6.667717430137965265e-03,3.023024741391934500e-02,-3.768525269644562581e-02,-9.813591357601225695e-02,-8.604964212815858354e-03,8.109284775888861430e-02,-1.239667086351779225e-02,-6.954199221027330957e-02,-1.200988185395379104e-01,3.356254683952451801e-02,2.632714910896966423e-02
-9.259186351115468450e-02,-1.538697874726311088e-01,-1.018405969196877793e-02,-6.011835945709157608e-02,8.021689490518539578e-02,-2.399353324474211568e-01,1.480383049662234440e-01,1.004288108010244485e-01,-1.587304103785865464e-02,-6.278962564223147802e-02,-7.748675071814682680e-02,-1.259089739222602200e-01,1.002157203768559157e-01,5.201599966094726246e-02,-1.546001167067777848e-01,5.757049589136990081e-02,2.602654454200881498e-02,-7.736490976224282348e-03,-2.033726352676895610e-02,-8.984911146088379874e-02,8.214568951449921497e-02,5.789187552322897640e-02,1.139086917162777102e-01,7.262906567377361289e-02,-1.781941046739946369e-02,1.760068528768651275e-01,-1.229948119380824267e-01,5.113239249486400961e-02,-2.824853951655675530e-02,-1.451111773193036192e-01,-3.364178949215435033e-02,9.268279899977223402e-02,5.301649424925033993e-02,-3.471092921713632429e-02,-1.083908540543123272e-01,-9.732458994894109539e-02,-1.586988601121657738e-01,6.432589467369163871e-02,-9.971781393258000170e-02,-5.852924506592158821e-02,-3.461734690567690870e-02,-1.310177799859591485e-01,-2.571541243139037827e-02,2.183778772039249999e-02,-7.833124418071099604e-02,2.173821659187206295e-02,-3.090850259111934534e-02,5.086831097118366812e-02,-5.368434397528916435e-02,5.254230491048440116e-02,-1.492052367444123354e-02,-9.566584729517916066e-03,-1.043825520654227332e-02,-6.239471310337037918e-02,-2.635778828752216238e-02,1.744579522410015238e-01,-6.886158929915775495e-02,1.864224497941911057e-02,1.843214633885540766e-03,2.564501408931302642e-02,-1.317251395742153296e-02,-2.630943817576364072e-02,-3.976340567453438835e-02,-1.761593194353799213e-02,-3.327799630726355901e-02,1.941279815096823569e-01,2.038231479636285620e-02,-4.069713884722437475e-02,2.118462239407543218e-02,-2.618383576262358139e-02,-9.838816891127989336e-03,5.420788227366126963e-03,1.661930379662885510e-02,-7.895304393114453007e-03,-2.034608794280843777e-02,-1.098788252966790766e-02,-4.005048031848633394e-02,-1.135558628980848778e-01,-4.734383621765488916e-03,2.572270268554809058e-02
1.578293914845683987e-01,-1.616785969584433325e-01,-2.052656570582069018e-01,-1.448054502415533351e-01,4.894667248650645675e-02,2.359102244851327829e-02,2.949589704329824789e-03,6.412850229971839289e-02,-1.189347494567713909e-01,-4.934032195596412852e-03,4.697312620054024113e-02,-2.500722661619440013e-01,2.634222684549323429e-02,-3.102716173393446283e-02,-7.392641194830673439e-03,1.452785853091217438e-01,5.306244104170292075e-02,-2.200526482659139194e-01,1.064568076162350913e-01,-1.269050191447211031e-03,1.140894819582918655e-02,1.527233948567566918e-02,-1.006653733724171829e-01,1.057089156752914344e-01,-2.844431166857236751e-02,-2.028950419701783595e-02,1.008831246177338374e-02,-2.009559573896163576e-01,1.726171691659315888e-01,1.031047484189437889e-02,7.494792908832552392e-02,9.883688975118236353e-02,-1.122912925065584905e-01,8.982290242443521922e-02,8.892467756294744619e-02,1.165606370380650215e-02,-1.765297781352702100e-01,-1.087336677580455491e-01,-2.437189810224584668e-02,-1.188303809550501633e-01,1.440874506367244845e-01,-5.644320746399515698e-02,-6.883375731648160023e-02,1.342297249697015429e-02,-7.499539872360808102e-02,-7.357867258189655646e-02,4.267906630465589241e-02,9.947183513620713735e-02,-1.158287495842460629e-01,3.781147285786898293e-02,-4.545460500797220832e-02,-1.746522343016051679e-02,6.586522738161421087e-02,4.435984232006086325e-02,1.133104380733671451e-01,-7.044908948772993229e-02,6.903271480967299034e-02,2.177010654381650659e-02,-2.039691709748328238e-02,2.166237669017724229e-02,-8.127208972009068721e-02,-2.878002953341782591e-02,5.556280507795291305e-03,-3.077236710919374271e-02,5.021643798649448598e-02,-4.605585411873687647e-03,6.437793086864715408e-02,6.895173767776539842e-02,-3.128262827892770020e-02,1.809489728470318635e-03,2.819498030469548555e-02,1.189112038264421717e-01,5.726197856353108795e-02,-5.597834075358364830e-02,4.820046102050003917e-02,-4.513514139622003263e-02,-2.219734034686025523e-02,-7.976193473364291686e-02,1.268009285808567935e-02,-1.553001413005038536e-02
1.394824822043072843e-01,8.886807954254632991e-02,-8.824713138744470775e-02,-1.176216615904177865e-01,9.145380725014302936e-02,-7.689622627403275290e-02,-1.690827153119818793e-01,7.442622504902375591e-02,-2.719602049585471363e-03,-1.722022939620018456e-01,-2.639172490266461849e-02,9.183994151128170580e-02,7.434022616166989506e-02,-4.393268892981024021e-02,1.323441065916347026e-01,-6.851608898120829794e-02,6.669191392921620942e-02,-6.153178561830829202e-02,1.017725989745992404e-01,-3.049833542444798512e-02,2.186372177361254818e-03,-1.024375700470413902e-01,-1.841544705823304137e-02,-1.282161516316994154e-01,-9.437087012660551333e-02,-4.933405490323714004e-02,-5.286621530311912120e-02,1.438658536678505129e-01,1.535619183755224659e-01,1.308564678000009862e-01,-1.406640701686070194e-01,4.601942675626864709e-02,1.408444048994894338e-01,1.169506723003108789e-01,5.566228214311495781e-02,-7.875606893097091346e-03,4.260640158098993879e-02,1.361966233129750514e-01,-9.232749437617608634e-02,3.584038324923965319e-02,-4.525717984420858653e-02,1.076434390503167998e-01,-2.388527008493395581e-02,-6.346577341946929574e-02,-4.714161045354640228e-02,-1.230364464091607546e-01,-4.264467002965959680e-02,2.797812384003414785e-03,1.066757567544404373e-01,-5.216772843252547032e-02,1.191878158795577416e-02,8.926051948158460203e-02,-4.956545737241137284e-02,-3.422154480526032327e-02,-2.650584896684340247e-02,1.779698759758710849e-02,1.158768085112093088e-01,6.995327814793984855e-02,-4.604671652993607561e-02,-1.001109632486472511e-03,7.825845819854854168e-02,-4.286192020093223393e-03,-6.774592003622678660e-02,1.632205666455469745e-02,-6.892797266571050463e-02,-4.305283764554680009e-02,1.319861963003501719e-02,-6.881140263084219166e-02,-1.283485079468936474e-01,-2.861310681194320985e-02,-1.858620054489652090e-02,-4.641229785405641406e-02,-9.926286825121400769e-04,1.194758603560737292e-01,5.626876702896008858e-02,5.208908154978959294e-03,-9.525775434337591108e-02,1.655474840882472515e-02,4.150301472012431214e-02,-6.285029200718168785e-02
2.563479428593263068e-02,8.189092394660080210e-02,-1.760064764620231439e-02,3.593916986162733196e-02,2.339811990604944714e-01,-1.542954044851111784e-03,1.960847665023382480e-01,-1.541252778637614007e-01,-1.149802336331619268e-01,3.250379590593389240e-02,7.574250355755975106e-02,-1.986546203380530895e-01,-3.007546594508695437e-01,6.950275975027601916e-02,1.652511089491197072e-01,1.220240639937126836e-01,-6.287072415658051527e-02,-1.834392624251505177e-01,-4.291750435736484126e-02,-1.467589653790759008e-01,3.899212510144569460e-02,-8.308247156387232879e-02,1.560450894607268435e-01,-4.552697223646350044e-02,-8.990266450108265472e-02,8.955735558320189471e-02,7.876118950931516871e-02,7.617789072512966796e-03,-1.610435620636569698e-01,-2.191965142774373806e-02,-6.274369434940527124e-02,1.734202207069673873e-01,1.017035919292035157e-01,9.495121213384054293e-02,-5.786987947392267448e-03,1.029916243679526860e-01,3.494167893396756680e-02,-3.567131533471664534e-02,1.055522310805622893e-01,-1.036178333141221930e-01,1.083219242843033725e-01,6.949867902698003697e-02,5.641431958185516571e-02,-2.868324486326062975e-02,1.005006920674545307e-01,-8.319696927782027976e-03,1.105027530782770129e-03,3.895894667877993628e-02,-4.016497960658924754e-02,-3.708764513437744909e-02,-1.587794522722952087e-02,-4.924693617089324904e-02,3.707420074262859910e-02,-4.816840746564199534e-03,1.917619913884987745e-02,3.821517344214055839e-02,-4.551773211195827423e-02,-6.312906265527645777e-02,5.625758760342443321e-02,-7.869105514131376211e-02,4.884337182657352838e-02,1.618545607695488775e-02,9.099276524086906404e-02,1.429329112476291075e-01,8.407889646593887101e-02,-7.675620598431333319e-02,3.351304035417109611e-02,-5.147328527168584106e-02,7.354669620317625701e-03,1.933214076917714672e-02,-1.318771987298709807e-02,-2.612370333647890189e-02,-4.862740549587048905e-02,-9.775579398345843329e-02,9.171034929273820524e-02,-4.515895759969749262e-02,-7.251456687377470789e-02,-6.799465583136726603e-03,-3.955250446237282974e-02,-2.133866978380824161e-02
3.918090333091885091e-02,-1.635260288838888756e-02,-5.057002484778014284e-02,-7.265764083983583532e-02,-6.301555735590240459e-02,-1.516287941518817961e-01,-2.114213973745044176e-02,-4.259127955949907479e-02,1.888615860454389284e-01,-2.052433765455336234e-01,-1.289710615237684432e-01,-1.185918833892790347e-01,8.168396528133876899e-02,1.310165747547911708e-01,-1.635210032282907733e-01,1.439138101211501902e-02,-2.227097807292147472e-02,1.589223630942430965e-01,3.157541745893847895e-02,-4.962550807528900987e-02,-5.017584744795964766e-03,1.082175523977062653e-01,1.169332699221333205e-01,6.666843129831837023e-02,-8.962388648691736130e-04,1.512041051105060541e-01,-5.945578083767857902e-02,2.993364249744796465e-02,1.219918423441514188e-01,5.720693909036027314e-02,-1.819521251464427669e-01,-5.176148895435875308e-02,7.016431212898427416e-02,-8.786057355676978042e-02,2.899736493522056882e-02,2.345779680568211567e-01,-3.599838698847410146e-02,-5.691734063678741823e-02,-6.196652564067001850e-02,1.593414089965002889e-01,3.381585486910287236e-02,-7.455822175819402930e-02,-5.178245796728207784e-02,-1.353267127451104890e-01,-1.043846540479563371e-02,-5.886842367517383656e-02,5.521147656630033540e-02,6.862184325868038448e-02,1.178811118498955951e-01,-5.242018568804559207e-03,1.103702212159812270e-02,-4.885445929017277755e-02,1.226863791616740126e-02,-1.252061214324377836e-01,-5.555345109122657166e-02,2.661856590236733044e-02,3.686386099902282110e-02,7.864868300891361685e-02,4.619140444731331674e-02,-1.306333338160268753e-01,1.290343229953440883e-02,5.547377225482042623e-02,-3.947671531418909564e-03,-3.267733552277223008e-02,-1.974039401878095387e-02,-9.278390234474569176e-03,-3.266616648762062092e-02,-5.542265982886578068e-02,-3.856377705382547320e-03,1.588726183955865498e-02,-3.751047217317924481e-02,-1.807918755441510414e-02,1.188010095627620340e-02,5.642909167453335345e-02,2.706866467632305234e-02,-7.449859706339462262e-02,3.938588879827034650e-02,-1.271020736271809108e-02,-8.519929969021701466e-02,-9.454245374235231703e-02
-4.956642540142796455e-02,-1.311867404952113680e-01,-5.101344332336257142e-02,5.462105230866540206e-02,5.301903701174590089e-02,-1.268829974881490429e-02,-1.140838887761091019e-01,-1.015830341961836830e-01,-1.092274114838594906e-01,2.083120663912566284e-01,-7.169113674369625988e-02,6.012184776589511725e-02,-4.863053092898728808e-02,-7.333029673627798097e-03,-3.249019078651575049e-02,1.451267605241827845e-02,-1.644688194590589181e-01,1.406265129603303209e-02,-1.200065984015289966e-01,-6.680609429597070270e-02,1.184909442077641678e-01,3.365100322369444369e-02,-1.850150843714599147e-01,-2.017002856632129915e-01,1.481473168350811997e-01,-5.634822735200235161e-02,1.140994266496735696e-03,-1.889862191305468342e-01,-6.161115329248959688e-03,4.654071668497237330e-02,-1.989466193722493614e-01,-4.551232780680072171e-02,-4.637472919911457547e-02,-1.919704339763572132e-01,-9.885952356833499488e-02,3.080552895259678747e-03,5.548729610659619560e-02,-5.870505962990244658e-02,7.987109331294710290e-02,1.010219262573480159e-01,-3.819816419230124410e-02,2.106216368628935701e-02,3.088075859086822535e-03,-1.778826191264681889e-01,-1.845638509944133310e-01,-1.221557125999589988e-01,-1.278179073958163846e-02,2.911445093433525158e-02,1.674957667124827784e-02,-4.012064384749319292e-03,2.323253659565686635e-01,-8.707804676690782120e-02,-8.366396508025808823e-03,1.469953400751021965e-03,7.212459855322150837e-02,1.361435773347896283e-01,-9.523718482105014357e-03,-1.952242557667213316e-02,-1.799831706517705451e-02,-5.901602898970322031e-02,-2.582517996976158026e-02,6.524906513740843725e-03,-3.936771484638341284e-02,-4.523864219612010878e-02,-1.418765812635553736e-01,3.055078801311655184e-02,-2.925693773904702519e-02,2.485111961313654985e-02,-6.592638179657359099e-02,6.272573736676449740e-02,2.180059308840544968e-02,1.154189430244742347e-02,5.915469496436282296e-03,-2.700579272807488232e-02,1.194499756797892838e-02,1.020915175713686673e-01,-3.152208298483859250e-02,7.695620244423478917e-02,1.221985187334358701e-02,3.660487434029362219e-02
2.944043889125213045e-02,9.101154771222237302e-03,-4.816167961296123623e-02,-4.255419634495447023e-02,-1.141090254008863825e-01,-3.340410763636498387e-02,-7.883408703688724040e-02,1.255811888177159885e-01,8.244701027311891750e-02,8.763003714817879652e-02,-1.371355088327054494e-01,-2.503635738467001048e-01,-4.579909922986939719e-02,2.231113755584821987e-03,1.196072447259988875e-01,7.364759100208848053e-02,-1.532917009745139170e-01,1.977944786778471076e-01,-4.173179490225897847e-02,-5.480582886805588499e-02,7.156757085738359170e-02,-6.951793997715892404e-02,3.242600304590924631e-01,5.644686911454419032e-02,-1.801313438770126485e-03,1.269993090093062688e-02,1.669099417253760639e-02,-1.972682910289395852e-02,-8.663070169364557593e-02,1.832296473539323789e-01,-1.395701649564081437e-01,-2.426883090685724373e-02,8.967764976054094783e-02,-5.412556814726739163e-02,2.829673439294909040e-03,-7.377160475061264600e-02,-4.874437256293008558e-02,4.355709390732366570e-02,2.346137237714608637e-02,2.948395345373324480e-03,-3.723505565606553130e-02,8.451262855001778762e-02,2.595739149990443015e-02,9.433288786829058248e-03,1.864931767779839378e-01,-4.688254334055078770e-02,-8.669880037566150832e-02,-8.246470769255545216e-03,-7.039787799472329959e-03,8.434761657711910277e-02,5.715880316233425129e-02,8.590052171044488399e-03,-5.374920873587228642e-02,1.025368916146591342e-01,6.942166859031190240e-02,1.021085993085781990e-01,8.735526085897392379e-02,1.706127278057304950e-02,-1.465818560292261874e-01,4.132028824360056696e-02,8.240922489889773717e-02,-5.205363176579321655e-02,-9.947823385770034055e-02,-2.230752953455939977e-02,-9.237678954227833417e-02,1.296018053389356474e-02,-1.157405421778656511e-02,-6.400491609692923745e-02,7.927209402706364427e-02,-3.554798680875018851e-02,-3.880403074051783086e-02,-1.259214956443432953e-01,3.177098760556586188e-02,-6.982177604052548781e-02,5.454462170226807155e-02,-5.336573653168571151e-03,-1.254439674863352255e-02,-3.739272938426322843e-03,-2.008949412298969422e-02,5.737112233848374460e-02
-4.913566827653769592e-02,-1.593803758878157839e-01,2.014393619094367316e-01,-1.502783800426757410e-01,-8.400379357657065948e-02,-2.016441898702557578e-02,-4.735896354091197191e-02,-1.837936875587701385e-02,-4.303975546121721618e-02,-5.527382627713406382e-03,-3.641939768895109675e-02,4.137746754777804625e-02,-7.884267426662186495e-02,5.577891207050826756e-03,-1.973644115312418734e-02,-1.023587612909439420e-01,2.040152425497359090e-01,8.063902103268384691e-02,1.326557323578257119e-01,3.478466261187051350e-02,1.405007222268880029e-01,1.251742692417492399e-02,-1.588756327410849600e-01,-8.356512285348742519e-02,-1.757818599542551249e-02,4.706992796172874277e-02,-1.773542698461564107e-02,1.038685584433210879e-01,8.393064052349648307e-02,8.425507495000983393e-04,1.229351979431563546e-01,-5.768217929534137124e-03,2.939296712097557579e-02,-1.025453428442615611e-01,-2.045118880593965044e-02,-4.448702837445906583e-02,9.200194581382345471e-02,-2.172125176156808682e-02,6.568223746257186024e-02,7.881507444757057668e-02,5.224109471416581163e-02,-1.896953304960660031e-02,8.785428362550055936e-02,2.975529151400885253e-02,-2.901137388138309500e-02,1.269739003416339718e-01,-2.609918306916858381e-03,8.007715822201634526e-02,-5.516371508757415831e-02,-3.927139500766507751e-02,6.082115900416776300e-02,6.827308686830463325e-02,-7.424956792174652875e-02,-1.466082926750579725e-02,-3.363927890138193599e-02,5.435038342605310463e-02,-2.473166929713419351e-02,-1.218081205398088007e-01,-9.312480787781991787e-02,-4.456559625913560085e-02,-7.754071140021150110e-02,-9.677971359856982203e-02,-3.867989209943242107e-02,8.200697625913599964e-02,1.497313219737798906e-01,3.214140947221526962e-02,-2.445016774341667379e-02,8.119155599061665673e-02,3.251079066447053884e-02,1.346644561746587199e-01,-4.673874292640853995e-03,-9.757616242191957125e-05,-4.095289150103746494e-03,-2.023162595619843948e-02,6.980875492658186916e-03,5.721179488045424755e-02,5.388010697971147567e-02,-1.192827519025167760e-01,-4.003535874222092367e-02,5.370336362928782026e-02
-2.175592537779689750e-01,-1.574323859721604990e-01,1.396512978830536100e-01,-1.065321622430210891e-01,-5.906939486835922209e-02,3.190105608840439894e-02,-2.065681387732788976e-01,8.869167736047815775e-02,-5.922961381924354146e-02,1.004391487704566210e-01,1.180080556081847393e-01,-1.014015491248588668e-01,4.725802957139092243e-03,5.154162961130202836e-02,3.756701459416200706e-02,-1.565572205771989800e-01,1.813834551084757829e-01,-7.878758725581473665e-02,7.386913605962923401e-02,-5.715302146897818791e-02,-2.002946216640362764e-01,1.389825706975474362e-01,-2.004788094150889918e-02,-9.338133438643158452e-03,1.622356387094418817e-02,-6.396981908566616408e-03,-9.041431754988418779e-02,3.464893638966230326e-03,-1.388078868714880676e-01,1.597837717097100874e-01,-1.272087219201750441e-01,6.054639566178599691e-02,2.853603524851193729e-01,-8.020497317742923682e-02,-9.317990463120222333e-02,2.996686342120481045e-02,3.227275993027994144e-02,7.005541457980937747e-02,-9.463774899186867817e-02,-1.066434572769370953e-01,-2.069598654304380392e-01,1.970324027297573610e-01,-1.578176231168238949e-02,-6.427546666089964389e-02,7.391094003921602762e-02,-2.194992771839780407e-02,-1.036848881836506531e-01,-4.254042372726273696e-02,1.288804321305748735e-01,4.649417397575506677e-02,-4.890698451597271477e-03,4.497627354522625714e-02,-6.543964126090254241e-02,6.681014394640921727e-02,-8.936081953970996528e-02,-5.891438911165348957e-02,1.247251780093175250e-01,2.125259276464375527e-02,6.452897900496040728e-02,6.700141507997131596e-02,-4.528023477617793002e-02,-5.182928367288884564e-02,1.055644197406937629e-01,2.065614751091439036e-02,-2.559126322012025487e-02,-2.954204352150831270e-02,8.512265948456712583e-02,-2.066972262531230689e-02,8.016930384917202168e-02,-6.711062710104478968e-02,7.791176714557370223e-03,5.246459273868232798e-02,-4.942679193356051826e-02,3.020287577826582994e-03,5.455220511814410506e-02,-7.762394980726382288e-02,3.384374185307496147e-02,9.791399705312656132e-02,-1.203179228430181769e-01,-5.008032202722394188e-02
-7.671518086631580469e-02,7.798783358365803109e-02,-2.479220961659591160e-01,2.907579272686292796e-03,1.198810590861691672e-01,-1.556116202562161099e-01,-5.329423773840873124e-02,1.213000512051821411e-01,-2.208769282025269676e-01,-1.870168697579061845e-01,3.141754537762566496e-02,-1.030926724184691862e-01,1.318611247916018081e-01,8.850185100646693059e-02,3.135978386918749500e-02,1.269083788997540929e-01,2.543555826852229862e-02,-9.280009856160706394e-02,-2.693882147047420017e-01,3.803097474405682521e-02,-3.413804420871141641e-03,6.799910907998373000e-02,-1.572153868843805674e-02,-1.598905039746648937e-01,7.008843116892335932e-03,2.927904663973337346e-02,-8.321799395980479519e-02,1.073994966316514088e-01,6.972260448974208769e-02,4.989589218930185616e-02,2.480327906972877930e-02,2.479356656033078476e-02,1.811184492923536560e-01,-2.678219382671246599e-03,-1.698637771188762080e-01,1.853068665747048885e-02,-6.469118870658027709e-02,-1.116957238943727844e-02,5.379128066392711849e-02,7.854396667399994592e-02,6.221509670450311308e-02,-1.016818782987789632e-01,-1.015875015853418550e-01,5.289147084360612538e-02,1.021233809961139827e-01,-1.689777078509321628e-01,-7.327854301736899667e-02,-1.788867969190683915e-01,-8.098172011081853912e-05,-3.795296544918322357e-02,3.353207978611890284e-03,-1.234634802795282760e-01,5.904648563701828806e-02,3.171585066107518447e-02,4.928007851946062529e-02,2.380546428814937082e-02,3.585693125592239600e-02,5.306808396703388553e-04,1.107667435706414238e-01,-4.111865212419520826e-02,8.288120884394395427e-02,7.539063558923132791e-02,-7.778727321720019239e-02,5.999334304582377986e-02,-1.703882828335296501e-02,-1.247851580903951291e-01,-1.326288231660985029e-01,-7.389417294341796283e-02,-1.343460907580411867e-01,-3.025256405456541384e-02,-1.766819286205665706e-03,7.799649437382857875e-02,1.547399163212840809e-02,-4.056192007254660198e-02,5.792096099753808042e-02,-3.140401614243192464e-03,-8.154106503888211566e-02,8.447656283329697813e-02,-1.113413738560764116e-01,-5.007211085484561397e-02
1.261592380203356012e-01,2.417031120938128649e-02,-1.028810519420178121e-01,1.586357941501529145e-01,1.952228579786088047e-01,1.734843545783865681e-01,-1.514535766815892914e-01,8.282272671566204281e-02,3.168076972175003919e-02,-1.323266232317566737e-01,-2.393171069555349029e-01,2.351019550570758801e-02,2.331641937515548102e-01,1.157964512279836683e-01,9.552316836190441474e-02,9.853149283056204799e-02,-9.360963589616826119e-02,1.662865042098001511e-01,4.058448032026339830e-02,4.065496743065185464e-02,1.092011002232748246e-01,4.102359426514086416e-02,6.090320555443320266e-02,1.253710244164331911e-01,3.974374262772487759e-02,-1.446506499968505666e-01,-1.179139243670924569e-01,3.339192426964936178e-02,4.724352336223444637e-02,1.151259753825987879e-02,-8.126535209867880027e-02,-1.508509238673685082e-01,-9.346658224067906640e-02,4.905928233690828866e-02,3.264753762959869687e-02,4.076010186837022292e-02,1.328415514650836127e-01,6.449423130552341121e-02,-4.565508105273064637e-02,-1.106368116395121254e-01,3.698039177640195796e-02,3.437169537135299074e-02,1.065524860574512400e-01,8.248848245580697736e-02,1.482454335104926510e-02,5.288235376069589516e-02,2.008132819527911339e-01,-8.586540075404867911e-02,7.204875183211667533e-02,7.253811948289519418e-02,5.537027834455061220e-02,-5.119679982158061027e-02,-1.205480376050096086e-01,-4.385159394163091334e-02,-1.124308592511936294e-01,4.455418219792534051e-03,9.020544678806079186e-02,-8.460664020972240296e-02,-9.132317437316411768e-02,-4.936642615723367544e-02,-2.419079192617826918e-02,-1.188869097600572973e-02,1.055665971383439906e-02,-9.383692130396975584e-02,3.689022221193197920e-02,-3.653341784837086867e-03,9.075212818498036571e-02,-1.171603157620378227e-01,1.182575754963098996e-01,7.027881481313484613e-02,-5.993784721212228744e-02,1.506551944793429743e-01,7.859761265296411059e-02,1.546004920819787631e-01,2.507506293422943899e-02,1.469425552760149079e-01,3.439355416609582612e-03,9.583367339575629695e-02,9.242597107634835385e-02,-1.192668178432592235e-01
9.629746919124643201e-02,2.004502973351270697e-03,-1.865544137657643153e-02,-2.242939498870029705e-02,1.666532079601545091e-01,9.163200258849385493e-02,-1.901547645082543592e-01,-4.250087274172209724e-03,-1.180039811390787563e-01,-4.783900411486535081e-02,2.060371417021078164e-02,-2.381564723427025687e-01,1.213212308672660666e-01,-4.463592080358921160e-02,2.970673252411236767e-02,-1.527441643787782743e-01,8.352860180558877023e-02,-4.722640411297981261e-02,-1.518628882552782444e-01,-3.045200558108253630e-01,3.117474516244992874e-02,-2.443336121379416012e-02,-1.618184312263424851e-01,-7.433383762119402660e-02,2.023438547103582619e-01,-1.529879602302815500e-01,-8.424892510137501483e-03,6.593642972062428720e-02,9.983529070456075016e-02,-1.873567433601855126e-01,-1.783569745600771181e-02,-1.600574586502465438e-02,-3.000886564709041512e-02,2.217111488179896242e-02,7.221494763987607035e-02,-1.000992730385084351e-01,9.024643182072025760e-02,9.357389705051846751e-02,-6.824650398189607836e-02,-6.380340153706706707e-02,6.407076310968064237e-02,7.929374300506955575e-02,-1.098712443171009218e-02,6.371141142463854212e-02,9.676008505706193419e-02,-9.007566012703935310e-02,-6.375958843686312799e-03,-1.396488459676243320e-02,-2.462952728716421430e-02,3.084478117080602030e-02,-7.309515683668678376e-02,-3.844147731396912321e-02,2.521897750093340246e-02,-1.550107809145398041e-03,-1.977127135354982482e-02,-6.931530791004550385e-02,2.223573254313964548e-02,7.456018216104244589e-02,-1.264279827313898041e-01,1.179216603963910287e-01,-1.133445140509161189e-02,-8.949520283056404402e-02,-5.487639292903652606e-03,7.424217516165582120e-02,6.188531804717345430e-03,-2.292880129075623025e-02,-5.071502447924099849e-02,-1.504255190490738289e-02,-5.175335346694461859e-03,4.609026995379803676e-02,-7.525509369771357648e-02,2.653442994156600052e-02,-4.022750863041357761e-02,5.203399610397248243e-02,-1.661495673309923080e-02,3.375204326048134723e-02,1.477709307174710981e-02,3.129403955490769884e-02,-8.907925744008236835e-02,4.209609703958289845e-02
-7.739174313274305161e-02,1.865440937438705635e-02,-1.913558754276075136e-01,-2.422558480833920669e-01,-1.627698521315524074e-02,1.286286724963861261e-01,-6.703752931133385995e-02,6.639254427883997667e-02,-1.306329051149286366e-02,-2.039496535632778426e-02,-9.342452880504829860e-02,-3.659613745594059164e-02,1.411740839901884370e-01,-4.858056623989494283e-02,-1.232420083451540513e-02,1.343451965445363328e-01,4.796178097150964603e-02,1.328394058511522535e-01,-1.877502463194253290e-01,4.178509131927198028e-02,-8.605774358067357077e-02,9.979096883793732442e-02,-1.023056531148101717e-01,2.598294490090784573e-02,9.900030718512796424e-02,1.836929098843703423e-01,2.389769373395182403e-02,-5.982331576293784849e-03,-8.572191720803327974e-02,-6.267817072344936125e-02,1.270941180734343721e-02,1.244854940807277183e-01,1.194517483182045703e-01,9.074052495943644991e-02,-3.712959332645997257e-02,-3.551805150837287345e-02,-7.578988788185628267e-02,1.503696055822172639e-01,7.853372120122550926e-02,9.651308155389133614e-02,2.895247083841582039e-02,-1.698936808081147332e-02,-5.725430162236275905e-02,9.228159407556385530e-02,8.068238840572994341e-02,-7.328636211603027639e-02,8.176446417934515876e-02,-4.504871482685375572e-02,-6.862292256368705649e-03,-2.454829931010937133e-02,-6.199101391743955247e-02,5.113572909224904650e-02,-1.409847047006981269e-01,-3.548864769563432608e-02,1.755283465371889479e-02,-1.034927345131866766e-01,4.425453731642281681e-03,9.221777575794923298e-02,-7.265962542020215978e-03,-2.416651784827757599e-03,-2.032837774833574224e-02,-7.605529162473099840e-03,3.267290676146426820e-02,-3.708579464497512718e-02,9.720737216291201743e-02,3.460842432020161397e-02,2.606435313634645340e-02,-1.842660081122812210e-01,8.001996957038788605e-02,2.175158057707775663e-02,4.517810730030098754e-02,3.226019099719083360e-03,-5.741002128022656970e-03,6.075805097484883455e-02,1.908301762545925456e-02,-1.777616242088577358e-03,-2.570273648916421294e-02,-1.598803978089846992e-02,-5.577345427475674522e-02,6.158694331057025517e-02
2.700988406528210053e-02,1.089488567122647023e-01,-2.377436851977204613e-01,-1.706254505032051352e-02,-5.502028607733842197e-02,-1.851788531679478267e-01,-9.479808863645906858e-02,1.793968214268260863e-01,9.815357575740832341e-02,1.265556730217992643e-01,9.269328214571025126e-02,7.124051822330063066e-02,-2.322529627840080324e-01,1.339656553711995879e-01,1.473124825937336957e-01,2.699171414353754989e-02,1.330497117627606543e-02,-1.109564713205029168e-01,4.885663360039867176e-02,-1.034205706702916727e-01,-3.231179294670911278e-02,-7.370630155691232366e-02,-1.552924155173651399e-01,-1.692131480394931317e-02,1.645680143043325161e-02,-3.982257470108690328e-02,8.590002089996556789e-02,-9.348291420588307477e-02,8.406563832464686303e-03,3.285101702304833726e-02,-1.538226671317314588e-02,4.017377285618036614e-02,-4.687137242006542831e-02,-1.085297781863574507e-01,-5.863311786119294877e-02,-7.307905490346773558e-02,2.998424508890505935e-01,4.667958285907703592e-02,-1.224828510802007837e-02,8.632381129147370658e-02,4.722427746541451449e-02,8.524722202432277740e-02,1.169993452751088292e-01,-1.226706189972917721e-01,-6.936943404699361104e-02,2.307829936385785707e-01,1.185054179087040443e-01,-2.019515925503700682e-01,1.015763638204627145e-01,-8.482013315190992109e-02,6.209816652593845229e-03,-1.370364881241489252e-01,7.524663641455095475e-02,-1.061783254427814543e-01,2.687081976410920017e-02,5.131438554539315827e-02,-2.789665097820104214e-03,-4.649276549834445438e-02,-7.492751115365041403e-02,7.526929028613280059e-02,-7.643548546611836358e-02,-9.625116968739605428e-03,8.838248849988836198e-02,-8.574176522552345858e-02,3.589150967640650225e-02,5.908277831737837604e-02,1.202814593002184650e-02,-3.094820003709452400e-02,-6.471364063685293433e-02,-9.308579206465408817e-02,1.446283569390175716e-01,-1.087766829755238140e-01,-1.900520647151340142e-02,2.050196049177111651e-02,3.958705299990687709e-02,-1.149892054814286995e-04,5.163166890576436491e-02,-7.537500984870504524e-03,1.441329965782699694e-02,-5.133258799625152469e-02
-3.059691359146833878e-01,7.428174174755097607e-03,1.555993308062320890e-01,-1.175488996191820235e-01,2.181085195486177630e-01,1.426834991099062699e-01,-4.790579876721944713e-02,7.124796599115598705e-02,6.652668389238400315e-02,-1.449321213761679272e-01,-1.668864089513957261e-01,1.201292643691782500e-02,-9.281797398754765283e-02,-2.097913122273627473e-01,-4.362906611440445920e-02,-1.220940616009756965e-02,3.401518086338398833e-02,1.530771444901811440e-01,-4.742122597911743211e-03,-5.487977344830055615e-02,9.506489218068597813e-02,-1.909365641101502462e-02,-2.556275137053754323e-02,5.763328189877984370e-02,-5.076751512619003676e-02,5.747309742143767025e-02,2.001684490577263498e-01,7.838028676922872973e-02,-3.405027610171472430e-02,3.728475346143994736e-03,9.326970078087461202e-02,1.574182045322740087e-01,-6.317379523339827774e-02,-1.955355556650490156e-01,1.594148145427008445e-01,-8.289646372945794206e-02,8.366553702389274705e-02,-1.045487286803093163e-01,-1.832564908105026313e-02,1.163394261312152012e-01,8.007741696799161590e-02,-4.190022206782228337e-02,-1.152202341877928554e-01,-5.838979289194676237e-02,-8.122167558182750990e-02,3.730946594756005125e-02,6.909777290404116312e-02,1.799872375638507729e-02,7.633650686756725257e-02,-2.660874630534214302e-02,-8.535162182178061482e-03,5.849202039867894970e-02,-1.267142946435229761e-02,-8.473840404586348296e-02,1.961176044030156496e-02,-1.967761041801496108e-02,-1.499469138583157562e-05,6.390841426989757323e-03,-3.600215569287779777e-02,-1.496951843869202825e-01,3.640040056128445584e-02,-9.721712691566988807e-02,-2.494054939748054436e-02,2.666938438733390884e-02,-3.192302650018313814e-02,-1.081080182909263838e-02,-3.789850739764187570e-02,8.511700244699958728e-03,9.726693271721219280e-02,-9.180544347255993609e-02,-3.850287004558510667e-02,2.334422881959768298e-02,-2.246974960350531583e-02,-5.742203447683710826e-02,3.539289277426109492e-02,9.489161824354901131e-02,6.513560944332892622e-02,-3.426756197429117051e-02,-7.721218702893268074e-03,9.922442702658093236e-03
2.022508232837380293e-01,1.788899012819789303e-01,7.499773550320032109e-03,-2.706142216648219773e-02,-1.036286533230840329e-01,-3.141714524828113225e-02,1.936169401408619761e-01,-5.919772475265643735e-02,3.107696839741334593e-01,1.695054110779640674e-02,-1.030969293274150850e-01,-2.214441102436481845e-02,-1.441712572706598805e-01,-5.755400003404938930e-02,7.975791761637966324e-04,-7.072027245729359257e-02,-6.291410728150591269e-02,-1.103313168109893577e-01,1.162197549416421616e-01,2.225336240614080863e-01,-2.174318120389470699e-01,-2.254823753163609501e-02,-6.617538884844791081e-02,1.298822371663724828e-01,9.337155799776350462e-02,-1.151508116989280878e-01,-3.385929757373574989e-02,-1.827519633601463189e-01,5.533281109542217968e-02,-3.211929680375152224e-02,5.936377399930654192e-02,-1.094890577505324911e-02,-1.958805550412597019e-02,-1.161908578289446853e-01,-1.092413826053086900e-01,-2.207353626898909266e-02,2.943983443060970567e-02,-3.675151651735497800e-03,-9.151597482959443475e-02,-7.351670461136669554e-02,1.428053973672955834e-01,4.168556085212090506e-02,-3.243496541719183973e-02,6.335188497933322282e-02,-2.957069719213346187e-02,8.657554987285416559e-02,-6.915346808766507924e-02,-3.337511771558887563e-02,3.261718286559105867e-02,-1.172253460173695722e-01,3.896677569414421644e-02,1.003416267663082180e-02,7.791458571197019956e-02,4.235921288505285071e-02,-7.159948044599655226e-02,9.419401052920188533e-02,-3.301760328913600634e-02,3.730556450100769913e-03,-5.107180743462270966e-02,-4.021752925504891441e-02,5.530175702154735418e-02,-1.147922514996541354e-01,-3.867014193160001057e-02,-1.012088491880371033e-01,-1.604856953597184888e-02,-1.266054773733048811e-01,-1.694326352367605745e-02,-5.489364004981515249e-02,-2.124440238360237460e-02,-1.670303368169804778e-02,-1.231334754800337272e-01,-2.253797229501889460e-02,-3.770770038222973942e-03,-3.850027105154519430e-02,-6.799893538105569735e-02,-1.554109522127191355e-02,-5.841796954363678157e-02,1.408360897284761937e-01,1.087091730251452289e-02,-8.444051325282869724e-02
1.768780360247861061e-01,-7.130019058526551601e-02,1.244816216897789117e-02,9.896308424054953146e-02,8.565333382410987573e-02,-7.109625834057790861e-02,-1.506343735553316021e-01,-7.465209703837698274e-02,-5.848044315440023566e-02,2.806737540862042080e-01,1.982294575123969838e-01,1.640848827233516716e-01,2.250496092253341240e-01,8.177649082014459836e-02,9.807766783623082796e-02,2.073515322821391504e-01,-1.817787199959209482e-02,6.978586228173319639e-02,-5.345868866109279062e-03,-2.172799152588314742e-01,-5.234088987491571782e-02,-1.292165075642305871e-01,7.225650291889622323e-02,1.486068166869605571e-02,-1.436885939626660613e-01,-1.354399102399267696e-01,1.435818261311515298e-01,1.323937369334951542e-01,-1.656389251524186673e-02,-4.165678172572439414e-02,1.447090904138376155e-01,7.896454516001686491e-03,-7.883069329040678919e-02,-1.098372460214626228e-01,-3.896505288591830206e-04,6.979303653526126860e-02,1.760105202765834265e-01,4.429447716895090065e-02,-2.097958594949355382e-01,1.106154937354251466e-01,1.626165159234304464e-02,-1.119184712705408562e-04,6.700016594153020144e-02,1.074658551595631117e-01,1.291825807166975260e-01,4.463439832658742772e-03,-1.442958709851046017e-01,8.490912184047179345e-02,-7.351780895805377913e-02,9.560829515653029853e-02,-9.598853911826155105e-02,2.307107734814491454e-03,1.232968800398604424e-02,-9.402710970711693206e-02,-1.136713543334929438e-01,-5.861813446396834520e-02,1.743894448394820995e-01,6.610578307493128469e-02,3.985671176880383609e-02,7.538805880696108691e-04,7.280818723100326850e-02,7.269798928707899011e-02,2.295386093412142212e-02,1.068458328533825226e-02,-4.945897221064962657e-02,-4.429495126991663673e-02,-1.281434056273454171e-02,-5.143498934134519557e-02,-1.219396992186823174e-02,-5.916822842060686510e-02,1.283916145417227615e-02,5.047049141499193592e-02,4.222061238526992472e-02,7.717451323641415228e-02,5.123818530512812969e-02,-7.664248449672969588e-02,-6.190063880820379297e-03,-4.001561148999843026e-02,5.864395513402861221e-02,5.016252970251739579e-02
2.543537035673827662e-02,-6.354829134349883335e-02,2.027307081702907632e-01,-4.197944303432204344e-02,-1.499028101035156935e-01,3.561521518827714949e-02,-1.112394712286099291e-01,2.151344747331216944e-01,-8.548599960542908882e-02,1.748454231935786252e-01,-4.903941778133056456e-02,-8.267632259647394316e-03,1.991704591592267370e-01,1.391501884459111008e-02,1.386921554134899481e-01,-3.651332847156960743e-02,6.395903571638116014e-02,-5.487285847093968660e-02,4.481073476914244208e-02,-3.895773550247649125e-02,-3.708665802932994277e-02,7.627027781634142245e-02,-2.472550172427565307e-01,2.533579247235895164e-03,4.576265457737786063e-02,8.631826561202721182e-02,8.170260818246391499e-02,-6.834663179722970383e-02,8.798114832817890280e-03,9.761630514237987222e-02,1.335877890944368873e-01,1.786331559656596790e-02,-1.072853291381419827e-01,8.390255385882457173e-02,-1.392101151600173004e-01,-6.988633559692238040e-02,6.287823047243380759e-02,5.000548532130718454e-02,-1.855947505064625414e-01,-1.591394816183759053e-01,-1.412793747441871695e-01,-7.100829968994429309e-02,6.682994176441152748e-03,2.676249986237000042e-02,-8.183043526805518220e-02,-2.263255221835699157e-03,-8.691300063455521807e-02,-2.577057152415627994e-02,1.212199306017205025e-03,2.305154449049133872e-02,1.125332349001832988e-01,6.657769848114296340e-02,1.908476451744884131e-02,-4.431608522005345274e-02,-1.954034892470616347e-01,3.291960515432542506e-02,-2.924129318826542562e-02,1.490495905207716576e-01,5.355827218407491208e-02,-1.957596552525956712e-01,-6.960767395979979011e-02,-7.041515970097443622e-02,-9.768957978487238791e-02,6.196524561219895338e-02,9.692611506759034323e-03,9.634832152456486443e-02,1.516280656606704483e-02,-4.111328273321258886e-02,-9.395558494808393946e-03,3.104901648631497313e-02,2.575657833083983689e-02,-8.574773625068761451e-03,7.289333458856940562e-02,-8.349431811620267041e-02,3.761618106323394439e-02,-4.279781185266450655e-02,-4.142526272811793836e-02,-7.971466062647540596e-02,-6.515577050796811376e-02,1.794573936484845922e-02
-8.435605814611110698e-02,-3.698824594036306118e-02,7.885273442094237195e-02,-1.467255428957255636e-01,2.031320839636900355e-01,1.161298857826307401e-01,-6.316499143634325686e-02,-1.279881663422023641e-01,-1.320172510176594871e-01,-3.534290213146992765e-02,-1.670433093773815089e-02,1.428913290664632178e-02,1.378418496149751149e-01,-1.452069288678454334e-02,5.900028342843828717e-03,-1.391344607226774055e-01,-1.719998867359293360e-01,3.925901272786549295e-02,3.902354719373988812e-01,-4.581496453296162591e-02,2.049556013525475062e-01,2.212769109777793300e-02,-1.643064390840775005e-02,-6.699157469263994358e-02,-1.904928391832630755e-02,-1.045310263386806937e-01,6.308582364419498129e-03,-8.928039395987376337e-02,9.077222117339708504e-03,-1.403778510006929436e-01,-5.662294461612026736e-02,3.390717910302847721e-02,-6.994896721596320643e-02,-9.041104868785174165e-02,9.776553917574438979e-02,-9.025676822602615723e-02,-4.311154189597545677e-02,1.293727212592036234e-02,6.245755154701913142e-02,4.162483937699697906e-02,-3.544142291937680406e-02,-4.315198519837911556e-02,1.466289084552082622e-01,-1.935553176009742748e-01,-7.303767793211329851e-02,5.280910449883425423e-02,1.043020710751927371e-01,-5.441343850711406055e-02,-5.182767606391430054e-02,6.090173758800042705e-03,-6.307949606150821398e-02,-1.498906955153213594e-01,-3.626227828912421958e-02,-1.184989108185108692e-01,7.560174741327439774e-02,-4.127202846831356381e-02,6.741896242508674253e-02,1.342126558201808817e-01,-2.141932726164191836e-02,-1.070453590133175342e-01,5.163560798156165838e-02,2.453960222221462581e-02,-4.414783169999429713e-02,2.440976217016907132e-02,-1.166801308284854261e-01,-1.010414951593459907e-03,-3.266291647925337327e-02,3.760576780300958766e-02,-8.998926684193363223e-02,-4.702596042428282969e-02,8.115777789220257610e-02,9.398445206009838071e-02,-6.988253513806660239e-03,-4.582597153564563902e-02,-7.765005753687538592e-02,-1.194287011464962300e-01,-1.570881148406870764e-01,4.388901150323893524e-02,7.403571128887391495e-02,-9.604405511531372702e-03
1.364659347999271632e-01,-7.576054776285848225e-02,-1.663325920503628264e-01,-9.156326656247407159e-02,-5.635597934246226043e-02,-4.376670844932095683e-03,-3.880393254846222634e-02,-3.254162691170020549e-02,2.345492671809941421e-02,-8.770729031009462384e-02,1.388580320882236985e-01,-5.547854867971307308e-02,-1.774618742512588665e-01,-1.550748596464420204e-01,1.010558084501461118e-01,-1.729872983241870221e-03,7.502967927241541157e-02,-5.677123457831798059e-02,1.421607345961356794e-01,2.124825826251851846e-01,-2.848465927741502396e-02,-2.064563839737309225e-01,9.950704377439881232e-02,-1.180385772263907590e-01,-3.279237136761817273e-02,2.635951549711191416e-02,1.150173390810671770e-01,-1.723029866382498332e-01,-1.443853422793200392e-01,6.223106821570890262e-02,8.892375685437164945e-02,-5.934351291127312744e-02,1.173801251371217602e-01,-2.212649641464187467e-01,1.799691001594875550e-01,9.229450395993311906e-02,-8.796071034784323783e-02,-3.936223407842054270e-04,1.947272267736575302e-01,-4.582542973384495094e-02,1.204881754045108479e-02,3.352564370599455529e-02,-3.870508832510471259e-02,-2.221708660588524523e-02,6.124031775588500287e-02,-5.054218116050941678e-02,7.262987113425649344e-02,-8.895804084012898238e-02,-5.134238617380935954e-02,-9.925404136883142492e-03,7.429899795645336646e-02,-3.554311960180377844e-02,3.088861740642798517e-02,-1.135425002643975917e-01,3.342960905431094365e-02,7.438818032666959235e-02,-1.012363061558854138e-01,9.542321659256808308e-02,5.013696393232926901e-02,-7.437678361729613795e-03,-3.491776972957073150e-02,-7.272743431897841192e-03,4.223204712064598798e-02,-3.667028386740513179e-02,-7.764439752707753828e-02,-6.581870335504837188e-02,-6.496652079339340635e-02,-1.037367236020998312e-01,-5.449783388693788672e-02,-1.109707307352370276e-01,6.388015674295487167e-02,-2.380636490352198726e-03,1.060308473967657705e-01,-8.514680957684306328e-02,-8.776511202985895488e-02,-1.784383114790740344e-03,1.018243695921309221e-02,2.961501683673067181e-02,7.926232063047324028e-02,3.543612026448120234e-02
4.581067877858314291e-02,1.675948815836755257e-01,5.258127762601689376e-02,8.283348116669106420e-02,2.198925987517944547e-01,1.088550555582500634e-01,-1.159321521059592137e-02,1.633870670570648428e-02,1.228744942884709007e-01,2.242634607620073162e-01,4.381349256115330687e-02,-1.518043396729143735e-01,-1.578932432739009115e-02,-2.207329831622430877e-02,6.808233439428462708e-02,6.741629075521253511e-02,-3.211018411920696369e-02,1.720029760644856687e-01,-8.069159062772592039e-02,3.369808483942139665e-02,1.319461564300037082e-01,-1.534576142497610408e-02,-2.870816689124356391e-01,-2.411588873422178536e-01,-7.401419724577046333e-02,-3.188286575969353359e-02,-1.948316234839599440e-02,2.467150394735891528e-03,2.335936427070865185e-01,-1.833088965843440166e-01,-4.218973345095486382e-02,1.119108024374137200e-01,-9.335835383034390977e-02,1.294828216678135975e-02,1.787784826479695000e-01,-3.214096470482135509e-02,1.601899608531810737e-01,4.551630831630072704e-02,4.853335332606742436e-02,1.319176941949902482e-01,6.128965943991182552e-02,-1.502931182036337521e-01,-5.474277587513975279e-02,-1.235942182850647691e-01,-9.102377722850148178e-02,-1.728555592703977517e-01,5.879718272187079570e-02,-1.811197831629555721e-01,6.607576138030718527e-02,-5.066314045300997042e-03,-1.656592041069691185e-02,-2.765006522310814105e-02,8.606350271824041165e-02,5.826589977758198091e-02,-8.354011099382528671e-02,7.217526328999893104e-02,4.548917504606062034e-02,-4.725304563413743227e-03,5.350321586988863315e-02,-1.262706085245094423e-01,8.038023506502750548e-02,1.684776842983298495e-01,-4.603448635788945364e-02,-2.403462637859696965e-02,-1.020524630648812076e-01,2.068347594525237962e-02,2.605476031371596526e-03,-1.307652294018215623e-02,-1.830732390512568308e-02,-3.388217016776352841e-02,9.332348131466647323e-02,2.739609308595065962e-02,-1.091496798829644510e-01,7.695187512263640395e-02,-6.075107032242695222e-04,-3.404522024005517122e-02,6.462190492310453116e-02,2.656659251634965052e-02,-1.661563063423379949e-01,8.501771957799848789e-02
2.290009212150653228e-01,-7.031241516732054941e-02,-1.122201473742516220e-01,-1.155309893031191415e-01,-3.975367026807741407e-03,4.872116324463526479e-03,-1.566732241507056422e-01,8.988196562882423690e-02,5.173741197026882066e-02,4.592057585087143401e-02,6.335402059167175026e-02,9.409362177648557257e-02,-3.793852314360408179e-02,-4.825463922298746378e-02,1.401717778323977315e-01,-1.458163665281458563e-02,1.842913320493027030e-01,-2.260396733229369168e-02,7.544587385917238265e-02,1.015716158560305568e-03,-1.559835085458030797e-02,-1.512271346965944341e-01,2.608833698373623500e-02,-4.751518851978069058e-02,4.240067466856597272e-02,-3.051179087656369707e-02,3.828672793878466069e-02,-1.586565557501750379e-01,-2.677480254994910915e-03,-1.846552816770049010e-01,-1.182356339395548156e-01,1.004961932900510224e-01,-1.883290003864488971e-01,2.029893477065550927e-02,-1.855622623809914939e-01,-5.282930154046629884e-02,-1.259086676598382692e-01,-7.486364395547040473e-02,-4.695668045670704782e-02,6.650588783576463769e-02,-3.744312525213171206e-02,4.833228551974733805e-02,6.334640293601156991e-02,7.096467114262174081e-02,2.090450832936104411e-02,-5.055520806527646904e-02,-4.960801475143427480e-02,-4.737874423930510046e-03,7.815011995603549089e-02,-1.414000127699112375e-01,-1.902370618494635957e-01,7.128318592034271761e-02,1.670820428595031631e-02,8.959316220784584173e-02,3.946885705449969077e-03,-1.760875936252083440e-01,2.463106337381649330e-02,-6.021367503795679345e-03,-2.920366361685160575e-02,6.226596542858426481e-02,-9.386123608690693024e-03,-1.458865738765286468e-01,7.497655433346621379e-02,-6.042894655171374835e-02,1.313391097404351393e-01,2.326203194800632520e-02,-6.253959804973932557e-02,6.542355056467151486e-02,-4.063296874484166599e-02,5.747572487082427267e-02,1.875801515278236256e-02,-4.447241831239271553e-02,-1.125238648437284911e-01,-5.130740283625841863e-02,-6.221482466041712567e-02,4.348497624834246622e-02,-2.263481691029662832e-02,-2.001039427248181221e-02,1.094261571805844185e-01,-5.934386330304190771e-02
1.007008336176823671e-01,1.431518422829745028e-02,-1.098315890807247813e-01,-1.047539764748734413e-02,-7.280608945850755576e-02,-2.493099588707791137e-01,3.166924019460791440e-02,3.380762328242147702e-02,-2.686027056542451830e-02,1.241643793695990788e-01,5.334567261669145855e-02,-1.696845872483965512e-01,-1.885100131829192671e-01,-2.413987210801895877e-01,1.796586164428571608e-01,-1.478233661960064171e-01,-3.767960436703623323e-02,7.533277557559779625e-02,2.407949958985711181e-02,-6.295262458898938374e-02,5.990182760431960601e-02,-7.082461136429106519e-02,3.644902896134107062e-02,7.286104724430225721e-02,1.914565071782420302e-02,-2.262475427352791668e-01,1.760971980458513886e-01,-8.402835746863630828e-03,-2.198243941409393498e-01,-7.303549592965101478e-02,-1.039800557731544173e-01,7.000508542846023419e-02,-2.025712069134781926e-02,1.369513892250550369e-01,6.319669159352850341e-02,-1.965045215795348937e-02,-1.087884534037400347e-01,9.722156754579140692e-02,-8.339081314679543111e-02,-1.222856774781546363e-01,-5.113148039204717943e-02,4.134263919442883461e-02,1.261545444503270330e-01,-3.912536627904160402e-02,5.373887055082973707e-02,-1.100877677107360425e-01,1.648594272581286324e-01,-4.412961966053844526e-02,7.622430279417803656e-02,1.127644466730895467e-02,3.152338652879264295e-04,7.382645313574934254e-02,1.680892208707707447e-01,3.656664920720391343e-02,9.066110013714398161e-03,-1.240640323100429022e-02,5.837293774017628112e-02,4.199103756672784016e-02,8.115087260608330744e-02,5.588506992804876533e-02,1.037113719983493859e-01,-1.433719110771646266e-01,1.916577593810233487e-02,1.137159396570826542e-01,1.342304221291529959e-02,1.416215640542324294e-01,-5.818960003636572398e-02,3.683714971875404198e-02,-2.312106873182625047e-02,-7.941638822651891916e-02,-7.279171894503531914e-02,-1.369955563991735459e-01,-8.852959798321717588e-02,1.198002208542921498e-01,5.234480962194930365e-02,2.351179295428025909e-02,-3.704631077605092387e-02,3.909403276762663665e-02,3.560339442081170841e-02,-1.256778701414778543e-01
1.422956573037293948e-01,-2.497008633140996303e-01,-9.631458073974290268e-02,1.377756084494361488e-01,-4.104235911126819653e-02,-1.600281536248247469e-02,7.006967270802607131e-03,1.190977220506785755e-01,1.078754575469522275e-01,-4.094396644971196736e-02,-1.262921136230036635e-02,-3.929325408703885497e-02,1.177811963193005490e-01,1.875499033855382580e-01,-9.471470133921115753e-02,-5.829687365301225443e-02,1.712351343570573114e-01,1.440309157242283984e-02,-4.474519196249039932e-01,-2.297706343217539512e-02,-1.204516306036674117e-01,5.951109234022592537e-02,-3.118052034086037788e-02,-7.843450870293254551e-02,2.761657336674182006e-01,1.015251281517879495e-01,1.439599319536491173e-01,-2.720629931081832154e-01,1.476443706306167399e-02,-6.643299809547817403e-02,-1.299135939930123884e-01,-1.965748611165075987e-01,9.737227446511308171e-02,6.069808203161112387e-02,-3.396593944857308894e-02,1.011251781118941845e-01,2.500395114750032510e-01,-1.420245544629793466e-01,-7.535004133946990312e-02,5.809855594418538577e-02,-8.470484634161194737e-02,-1.199459656218295756e-01,-5.305414771763991566e-02,3.250360905660037297e-02,-1.470435455208560574e-02,-1.787710301511316324e-01,-6.801653393659327917e-02,6.476054655505256163e-02,-1.787171369739403992e-01,2.195889757531857833e-01,4.909941245115213154e-02,-4.640463138361953371e-02,-3.990164478701031109e-02,-4.077056139386334155e-02,-5.913151062562005400e-02,1.165608420566895675e-01,1.115440065278535710e-02,-2.624461040324975805e-02,5.119533395386031277e-02,-6.361067664691576196e-02,-3.480702905000819525e-02,8.125395026295999246e-02,-2.870986058736885518e-02,2.062664926012802713e-02,5.545260634096999680e-02,-1.139150100737805482e-01,5.656191618881542017e-03,1.273039628684002542e-02,2.866341895122925983e-03,1.162532450601218570e-01,1.142722614337516110e-02,1.665698512394071795e-02,-7.483132588065433133e-02,6.636664741775730181e-02,-6.549168477781087960e-02,5.414042773524910951e-02,1.432797223186395574e-01,5.028699263222806415e-02,5.539630313818377089e-02,3.111104198369492313e-02
-3.564262310994171790e-01,-1.947267204845085919e-01,4.653454093417990628e-02,7.004810365062022481e-02,-9.518997098816224522e-02,-2.367692726798309791e-02,9.425227901874395908e-02,-4.824631692120263243e-02,7.683993411753226206e-03,-2.961272435654580676e-02,6.691976588202631915e-02,-8.204689233795688097e-02,-2.074498891282648416e-01,-1.994505078046876489e-01,1.474708424785958760e-01,1.538400493133594282e-01,-6.666854173212304058e-02,-1.514611808894869016e-01,1.534749679431832436e-01,-7.618234871019027854e-02,5.045751455549306319e-02,-1.432986532460079343e-01,-1.002148287904517793e-01,-2.145474943147132052e-01,6.733884586782173942e-02,-1.018804747869674933e-02,6.508272013820283475e-02,-9.217584966199687813e-02,-4.692366692211957790e-02,1.570455430147153497e-01,1.886676757135797439e-02,2.983372302323227671e-02,8.631173401122037292e-02,-3.440342929640711339e-02,7.082832095925857552e-02,-1.351000467354429302e-01,4.034506466223675147e-02,-4.346682217353633505e-03,-1.323192533794554371e-01,-4.959230889114622787e-02,1.225684901484768302e-01,-2.286380840508736023e-01,-3.853892351080334677e-02,3.792802942544003242e-02,-1.741875512950658011e-01,-1.938062743097302421e-01,1.391202652040048060e-01,2.008718189838187146e-02,-9.643532402130634840e-02,1.130371659151691577e-01,-9.635495010945512029e-02,1.211383104721439619e-01,-1.144935929028859378e-01,6.005415276703304078e-02,5.187520804681008957e-02,-3.260241834508827152e-02,1.154202575481772311e-02,2.605097373478566514e-01,-3.163991560049138341e-02,-7.574686454726418938e-02,-1.809882147100587702e-01,-8.060381049573631107e-02,1.177677334199770248e-01,1.660288564902411279e-01,-3.701836791493029466e-02,1.271479061814225486e-01,6.985025280336767950e-02,-6.497886421543978830e-02,-1.454895218035838836e-02,8.580868129737008465e-02,1.785749397404002570e-01,-6.026484699904879894e-02,-1.346812173775580879e-01,1.316509526078170518e-02,5.814425856364603684e-02,8.361589537138730543e-02,9.064764807025688098e-02,4.945435907590001179e-03,4.695654174411359981e-03,3.901070594179747303e-02
-3.098685424077752271e-01,7.599369298668240402e-02,5.565051819018972806e-02,-3.135183472582327852e-02,-1.706074864256841572e-01,7.296966200236022770e-02,-8.618347605526792410e-02,3.897095810853106607e-02,5.405503398372406287e-02,7.453566452586896096e-02,1.597823050552649726e-01,4.977585528654368541e-02,-2.175768271187619729e-01,1.631857252500917566e-01,-5.469223999707936018e-02,-1.662095453249718136e-01,1.949050731728801944e-01,-2.450122879037811563e-01,9.429130190997346561e-02,1.307279419861618053e-01,-8.974378375427252696e-02,-2.616420430135221048e-02,4.702051708473064390e-02,2.870053896725412862e-02,-7.662025154572585893e-03,6.503651163170433291e-02,8.680390179375182744e-03,1.146552245160281300e-02,-7.510538639766232982e-02,2.301527355411419895e-01,-7.636551451401626944e-02,-1.505441686776600452e-01,-1.791109698827272334e-01,3.394216711010185350e-02,-2.616157097895738942e-02,-2.693063165018242180e-02,8.932994709051454707e-02,-4.301699210474918544e-02,8.786998835663355212e-02,-8.425867485451209171e-02,-1.760542417818591054e-01,-3.265976247612734779e-02,1.481838494133170536e-01,-4.775048207108127662e-02,-2.255890786808091575e-02,-1.326966082178030748e-01,6.567040073649550724e-02,-2.129309032409653912e-01,2.325724188154221304e-03,3.020802001950043461e-02,6.117717185424630111e-02,3.157657653310341067e-02,8.992772306982142749e-02,-6.941584414593653107e-02,-3.470510893553647308e-02,9.548198558029898086e-02,-6.916175851790165585e-02,1.057876646364764028e-01,8.625755107658408805e-02,8.187115862220559204e-02,-3.272598293468746092e-03,-5.543005193299879512e-04,-9.651214484010871286e-02,4.451296293960974038e-02,1.694052729837402030e-02,-2.663695876931260545e-02,-5.315606038303203468e-02,1.151703603121734809e-01,6.431007453556610021e-02,-5.089508226105839833e-02,-2.425548129463194966e-02,1.052065187418000092e-01,-1.016583168461132336e-01,-2.955709162102037463e-02,1.207005367807609114e-01,5.720627584450142106e-02,-5.447843186930294290e-02,-1.311117189559131702e-01,3.221939213682603609e-02,-1.267738120179264516e-01
-5.984594271141473881e-02,-3.243994729325016396e-02,1.880748227041178777e-01,7.978079690719724892e-02,-4.786803711768646691e-02,5.920574246355325525e-03,5.616139255248207146e-02,4.311823297420616652e-02,-2.478375210628925573e-01,1.287664923093901348e-01,-1.538407551039940868e-01,-6.812052412978318594e-02,-7.675715868182853008e-02,1.276514996214106468e-01,-1.730815410355653616e-01,1.933348201605108140e-03,-2.091669621404098067e-01,2.333322154951015734e-02,-6.716765921408709983e-02,-1.609281366123568591e-01,-1.514055659111876728e-01,-4.200795360224832825e-02,-7.090362731492486081e-02,-3.719946148112040357e-02,8.073420697404909419e-02,-3.998670710329960826e-02,2.021641848215781634e-01,-5.923673188536258960e-02,-9.312100047362233731e-04,-8.406480791731393148e-03,2.664861486870355109e-02,-3.307951337463472391e-02,-1.128209948644684629e-01,8.897755780273391979e-02,-1.158190121422771057e-01,1.005358181284480984e-01,-3.286193061547402344e-02,-3.977321449960875832e-02,2.591904909784875297e-02,-1.398180173511986701e-01,-1.148813851875443576e-01,-1.338382265678452476e-01,1.624229452380863692e-01,-1.106778506550385593e-01,6.123468906684111090e-02,-1.295467520225202784e-01,-5.063239967754139953e-02,2.539498481363741123e-01,1.944532300622670573e-01,2.358757185590059161e-02,2.541766731062043982e-01,-8.682173933571385449e-02,7.566518670554456087e-03,-8.715381244222729362e-02,3.846696609741077216e-02,1.153943241547798065e-01,-1.683203203986941565e-01,1.886081388971056969e-02,9.245601654925335311e-03,3.452303352070386355e-02,8.406778571752214491e-02,1.686564073210052583e-01,5.606331785180004162e-02,6.872240081447889004e-02,1.675378468692217682e-01,-2.990126449283212265e-02,5.284876059323658816e-03,2.518321428406066625e-02,-4.492344896778636271e-02,-5.028120550586979293e-02,8.111890704401046592e-02,2.025769686648006690e-02,-7.043767391023147972e-02,-1.170756159524946431e-02,-6.417288895177879204e-02,7.238153086669350811e-02,1.028486664663752909e-01,5.469406666892466171e-03,-8.283740153466039036e-02,3.405257242884631753e-03
9.786674135578553313e-02,1.092239338480134048e-01,9.865994526255297825e-02,-4.413139327127938404e-03,1.988842919067655146e-01,-6.251738532469587606e-02,9.179679845834977370e-02,-1.176148997533089519e-01,-5.092354869085737035e-02,1.619910048452411280e-02,-1.411874265223073688e-01,-7.643974734955298438e-03,-1.435106202675472398e-01,3.349231084834741051e-02,-1.356856085309186277e-01,-4.706691587897052914e-02,-2.408438827853713049e-01,-1.309653061835402699e-01,1.389393384040477075e-01,1.945258416068428864e-01,1.471376137869886969e-01,-6.102777561094293451e-02,-3.871349375430514078e-02,1.564134685208347017e-02,-4.455149146584099634e-02,1.266587089934772814e-01,4.395250693258154900e-02,3.539536040619976204e-02,1.387808036971515183e-02,8.213172787656178309e-02,3.760687855572772409e-02,1.773988445560865101e-01,-1.498288750214464386e-02,-1.378899548817025811e-01,2.283448547701946718e-01,-5.010849121965663816e-02,-1.828778340254624130e-02,2.068072967674814203e-02,-6.843277532722276402e-02,-1.926977734947734056e-01,-4.943116260431987263e-02,6.286618871075401460e-02,8.812240502042947843e-02,3.674135689097950824e-02,-2.039490423158075438e-01,6.262333755000254465e-02,1.226395651635495965e-01,2.792114646848984586e-03,1.654526679877384721e-01,9.759275347660602284e-02,9.265431288747532149e-03,-5.627459990932118933e-02,5.446488102868103642e-02,-1.103351609912839454e-01,8.778907379469158209e-03,-5.175130637525150734e-02,7.254684629824040276e-02,-1.333338633261446915e-01,4.357585889300852333e-02,2.916218379124311394e-02,-6.696587151382224490e-02,-1.703951670154343206e-02,-6.417644875066909338e-02,-1.191625420561714804e-01,1.446752773999865696e-02,-6.454520766212840099e-02,3.993728548675830325e-02,1.154518069041515493e-01,4.312061731535600517e-02,-1.325325460415954608e-02,-6.570920982145822195e-03,5.796029502445453757e-02,4.220780821264477622e-02,-1.298298846473661637e-02,6.507410421306573933e-02,-1.003122327415964000e-02,1.834179139766772132e-02,-1.339650056595060867e-01,-2.496077848009608732e-02,-3.596283189393531532e-02
6.526004985245600909e-02,8.173160294730119624e-02,-3.916248723182622071e-02,1.026003662286223139e-01,-1.604458208919562479e-01,-7.901554102079466624e-02,3.257676727360721280e-02,9.285114611581714306e-02,-6.933080738928941444e-02,-6.512434180066770106e-02,3.486348215491769653e-01,-1.242256051621585533e-01,-6.069417734932521652e-03,1.710938660951951684e-01,-9.129367627089009229e-02,2.390455531833823519e-02,2.040530077088164446e-02,-5.794090852347089787e-02,7.025947204322856299e-02,-9.420179026341095330e-02,-1.108339136928560287e-01,-4.690702605238192963e-02,-1.138732958708242732e-01,-1.026239664801253254e-01,-1.107712128755958536e-01,-1.716163541280625038e-01,-7.901751227118163079e-02,1.045771690380116747e-01,-8.752806899697060383e-02,1.583579075497638100e-01,-5.989365639243811323e-02,7.782979619106265845e-02,2.174855147344697259e-01,1.639252932643613658e-01,6.922165722691282774e-02,-1.227165842776798766e-03,1.060769623487752972e-01,1.890008153075684871e-01,-1.426513810036316998e-01,-1.130324779980907690e-01,-1.920027555494872471e-03,-1.907913164718149160e-02,-2.810023693773145911e-02,-2.106940361871641448e-03,6.038336355817931766e-02,1.947019968000475443e-01,-2.356421165347391544e-01,-1.500635760145348496e-01,-1.255714006968714457e-02,-5.182026722305235755e-02,-5.076132281032207094e-02,7.618826886010422739e-02,1.652734603901412358e-01,1.178151055609309578e-01,1.078942453255581913e-01,-1.475673353462365056e-01,-5.545163174977933707e-02,3.759614962008518690e-02,8.308093376261155294e-02,-1.260471030845883300e-01,-7.295894603551852931e-02,-6.480485517175753329e-02,-1.624341146548256842e-02,5.362923273477609824e-03,3.675484196149888388e-02,-4.815982833365332200e-02,-1.237583356204987640e-02,-4.115297449764922233e-02,-2.083677326955161446e-01,-1.349685877303276049e-01,6.565862607086730973e-02,5.810676503878245414e-02,1.097025440267796331e-01,9.922714635219950785e-02,6.702769629577644273e-02,7.479856358490001578e-02,2.055408285006903035e-02,-1.302953515395959827e-01,-8.323457594901606527e-02,-4.481848933566005139e-02
5.756650436250897868e-02,8.443616534863146103e-03,1.127674059715118443e-01,9.945831157698406880e-03,1.031489635182897824e-01,-8.420603213010201260e-02,-9.273324182215929301e-02,3.505190569236952755e-03,5.347534219359218605e-02,3.719307262099190436e-02,4.473920434878597002e-02,2.690915921420880541e-01,-1.121915670526315856e-01,-1.979717108305800027e-02,2.799583232127896004e-02,-6.961481604734688633e-02,-8.015677977553056430e-03,-1.694245361581006304e-01,-2.199725120276820323e-01,9.945444126920204020e-02,-8.840055105728947607e-03,-3.936866106537708493e-02,1.722319644757264873e-02,9.883909148184590043e-02,7.652650449833678370e-02,1.464062770701490476e-02,-1.535320251174577544e-01,-4.712147177434844458e-03,-1.396007299605362961e-01,3.676297756220774787e-02,-7.716726209961131955e-02,7.103430532305682332e-02,3.586855654366698926e-02,-8.795937459386847512e-02,3.588882988325345358e-02,7.948697711031865731e-02,-7.848919823337417723e-02,-9.476701047946572976e-02,-7.228874947254344818e-02,1.224782212553924415e-01,2.693809294835830537e-01,-1.380982685022827117e-01,1.560262210102830172e-01,-1.328659120493121126e-01,8.571424853300887645e-03,-7.844360058452031284e-03,2.528483378862632011e-02,-1.406480516399045422e-01,-2.482713852335632562e-02,-7.655588553796806306e-02,1.342584341479183818e-01,1.969008954323215044e-01,7.177617044220514775e-02,-3.145402489358265635e-02,-8.673814001382143535e-02,-5.422850577083641876e-02,-1.082563209659621467e-01,-2.941004608066732570e-02,1.185656943106325190e-01,-6.140286436223163502e-03,3.880674480308046737e-02,1.113266944189928026e-01,-5.894621792323775228e-02,9.222999869825384417e-03,1.263672336826314191e-01,-5.618574188352447665e-03,-1.298348028611152546e-02,3.575250777146076614e-02,-1.265348355284351238e-02,5.808058997303565396e-02,9.749100952087601246e-02,8.201389817931471760e-02,-4.209912321412891123e-02,-4.847802321083404670e-02,-6.776041931714739397e-02,-8.832191686953646398e-03,7.895398172680641313e-02,6.397212989140946271e-02,-3.355430699511895154e-02,3.550929689255666322e-02
-1.979576465206865643e-01,-1.634640618883551333e-01,-5.130137474994159175e-02,-4.923126794364127146e-02,-1.427995710011774333e-01,-6.011756296504304486e-02,5.510473863197620781e-02,4.223320934172059005e-02,-6.293595625716925934e-02,2.787743027077216884e-01,-1.416452777698215260e-01,5.146725745539122709e-02,-2.010983746742152078e-01,1.801053727729740733e-02,2.420465329145092895e-02,1.213889063617851483e-01,-9.959982198666315900e-02,7.321683511408513811e-02,-1.225068043200595730e-01,6.311109345196426468e-02,-4.146554118211345091e-02,9.105828229143829444e-02,1.857118216099219732e-01,5.211706225930057279e-02,1.456985194905019709e-01,-1.494367905175552139e-02,3.831690424914612619e-02,-2.260980211254769862e-02,-2.388812035461697347e-02,-8.955473690824505839e-02,-4.447131831640356581e-02,-4.144686147959384531e-02,7.706690572004952500e-02,1.860843604248487715e-01,-4.308901041065359844e-02,1.952466759322835088e-02,-1.740892425905627983e-01,4.253943301261605553e-03,6.146199865268046209e-02,-1.637000101578419131e-01,3.429967022437194896e-02,5.174267423090853774e-02,2.119330468427523262e-01,-3.361856816948764152e-03,3.852084038962253626e-02,1.833411776190806419e-01,-9.324799914554769698e-02,6.507468500924405708e-02,-3.883673241538905530e-02,-1.298704814350884994e-02,1.196723316084536554e-01,-7.098300207907028148e-02,6.027385808173994081e-02,-9.264463325419515505e-02,-1.119371829690496839e-01,9.792270438461096738e-02,-3.327544120571481606e-02,-6.675761266078165945e-02,-7.583632866781606086e-02,-2.053203786214785262e-02,-2.904787044537868873e-02,7.714805224636515912e-02,-5.180662383465529236e-02,-1.337023239765225968e-01,-5.277296519661918428e-02,3.395967785120500293e-02,5.271968015279462905e-02,2.205219433505945237e-01,6.091918533871278074e-02,1.805164307426039214e-02,2.034100564294557267e-01,4.972541250621478892e-02,3.274400912975764227e-03,2.145594878982178821e-01,-1.552072498525632060e-01,4.934372133907459490e-02,-8.062163327057829398e-02,-9.618599262951876838e-02,-2.074773223674608591e-03,-1.022939250117850182e-02
-4.857284382249290461e-02,-1.835373396780196065e-01,-9.794378550640688019e-02,-7.983638043002755369e-02,-5.538937366716438493e-02,-8.324221190526195913e-02,1.072665059323836892e-02,8.877094986554481815e-02,-5.834175700296390793e-02,-4.687222935443836197e-02,-4.866692112222711225e-02,7.245317409695692379e-02,2.741461151326402695e-02,-2.025499403628219786e-01,8.075388581226740359e-02,-8.374671399375918646e-02,-1.309712672216793283e-03,-9.820507468460094869e-02,-1.437684118051055053e-02,-2.716605982574232456e-03,-2.127869654530772647e-01,-4.187057414864244625e-02,2.837359819920174872e-02,-8.965932306976345800e-02,8.408834444619329995e-02,-3.555553967780790414e-02,-6.422523622992802605e-02,-3.008538135245615933e-02,-1.177319962961195961e-02,1.657429624498345799e-01,-3.846472415097879072e-02,9.689750069255256837e-02,-9.428249662934712338e-02,-4.492812589835250281e-02,1.275632460214984609e-01,-4.144035497177232102e-02,-2.321201699342883770e-02,9.944659985474070540e-02,-1.319684831566253769e-01,-2.289735157352719430e-02,-2.750451347126041130e-03,-1.464328637887298556e-01,-8.044337829167275133e-02,-2.360964768391432891e-02,2.540543729063647962e-02,-1.847787269743123295e-01,4.979444976999661959e-02,8.302967778912145880e-02,7.771853601592511318e-02,1.043886493399896614e-01,3.075475370835033598e-02,-1.117105003589090317e-01,-1.009293111918503905e-01,5.608516924678844801e-02,-9.867123509104099022e-02,8.190905414236038240e-02,2.970639124408626375e-02,4.147211135977763724e-02,-1.185279358453101006e-01,-2.015533134080404187e-01,1.007715099397478997e-01,4.359527392165125220e-02,7.102034858158834049e-03,-9.353189846079436320e-02,-2.843477450458374578e-02,-1.095164630256777530e-02,4.520958168745019962e-02,4.257448691989577233e-02,3.030446152124476739e-02,1.138117187881323468e-02,-1.005327566427656472e-01,-1.275015667847815247e-02,-3.268496776586729546e-02,1.430729511582886637e-01,3.890929853220740503e-02,-6.998717319359598447e-03,4.181159473482744943e-02,1.436141529423526630e-01,-7.883304661342978303e-02,-2.423880926352018489e-02
-1.322866415008041863e-01,-2.297164043329661190e-02,1.880598442088398381e-01,-1.323033970339952126e-01,5.174053387349408090e-02,-9.692226991298942204e-03,-6.388629698575609694e-02,-7.208796323615557222e-02,3.719066845112458525e-02,3.360307059000104679e-02,3.429392239321533975e-02,2.796570357539546747e-01,-5.079812495974252509e-03,-1.583639030266356662e-01,-1.852332115161957615e-01,-5.903969084625572405e-02,3.760589455757709643e-02,6.001198861243094845e-02,5.169613081966742407e-02,2.329116316551402277e-01,1.119705003923240766e-01,7.853899670553485257e-02,2.729845901347085005e-02,1.267955738151870793e-01,-3.617364548391355933e-02,-8.450342025063783957e-02,-5.322149691367913417e-03,-8.183654011707261478e-02,6.046761844871030578e-02,-9.385565769250921175e-02,-4.048908208841081602e-02,-1.597425456090359741e-01,-5.965348283359286907e-02,-1.076145729405529466e-01,-1.573225696174971877e-01,1.090031130298035750e-01,1.777125349744654026e-01,9.528143638732813892e-02,6.904878851217063906e-02,-1.067300546226921526e-01,-1.309167500218397784e-01,-1.073706266289567446e-01,-1.042119151294448598e-01,8.104066577528148962e-02,-4.500373491260747927e-02,-4.432259141717597578e-02,-6.271486511924297125e-02,4.356939245460215993e-02,-4.744582094050041332e-02,-5.989176515920106858e-02,1.864808505106215764e-01,-8.346888619647947760e-02,-1.480277249975637532e-01,6.221462275013944776e-02,-2.115671289260353735e-02,4.854077787881719286e-02,5.297337782087739588e-02,6.355956128017747897e-02,6.602092452350505347e-02,-7.245355432581318533e-02,-1.157101547873910230e-01,-2.056160822398371904e-02,-7.097829077038307621e-02,1.450400393598355944e-02,4.096237880754684257e-02,6.568278947127684231e-02,1.249015679675454307e-02,-1.332626144303546978e-01,-1.124970816752422081e-01,1.530294162923054660e-02,1.503820311975244579e-02,2.667834265223939863e-02,-5.363479379501761429e-02,2.900427759621963548e-03,5.691917821857762905e-02,-3.407115008585655247e-02,1.935570613569505549e-01,1.215083777551030295e-02,2.519556859813189970e-02,-7.476550449844499013e-02
5.372162830620526991e-02,-6.749307572300962399e-02,6.195979859813756981e-04,6.877830856243936919e-02,9.113522762379440423e-02,5.686466733422546743e-02,-2.308824916449953857e-01,-8.585633180132626330e-02,-9.414604990292424480e-02,-1.383777251231038952e-01,9.243682033205143089e-03,3.719709365199744960e-02,-2.957862189357898450e-02,-4.995370117943312427e-02,-1.601171741264161008e-01,-1.220936853687697582e-01,-1.983957629399080436e-01,-1.937990515274404940e-02,-1.276291824540165820e-01,1.443191526334869912e-01,1.037321672780174425e-01,-3.551924114112061520e-02,-1.578454742378465891e-01,1.225727639240057759e-01,-7.417692599066948167e-02,-8.125673055615313667e-02,5.680201780312878895e-02,1.696954028079438251e-02,-3.188235019440378848e-02,-1.669281488585757922e-01,-6.226223178692524146e-02,2.015952223226370188e-01,-1.236622750873846708e-04,1.433560875518390676e-01,1.110302499751122801e-01,-1.054573688997294117e-01,1.124482442626305867e-01,2.892109426551871254e-02,1.260076400908463623e-01,-4.088549729262464655e-02,-1.746501661126383387e-01,1.380802320374856784e-01,-8.160423033727794151e-02,-1.747326927423992760e-01,-2.128476049367749104e-02,-1.254112492347306818e-01,-4.913229760596034279e-02,-1.073218013922432601e-01,-1.425552990942698106e-01,7.023670775963469781e-02,-1.037575009552082206e-01,-6.182003513229623881e-02,-3.627927638404153388e-02,-1.665791848743979411e-02,-1.366528690787931488e-01,5.658405371034733872e-02,3.421891192336597859e-02,8.211542273390103064e-02,-3.596231217182081080e-02,3.544919511606428597e-02,8.683783960906067689e-02,1.493857606343369088e-02,7.953492182902950625e-02,1.022178028496318614e-01,8.787193321689391878e-02,-1.104221343816288031e-01,-6.769617954924532499e-02,8.457495634616071789e-02,4.253264922483235289e-02,-5.316378593052283053e-02,-1.450603641991369541e-01,9.405322231419391277e-02,-8.389853983140420357e-02,-2.581908351617095282e-02,3.129197682472286551e-02,6.172451238769773724e-03,9.225092007271427225e-03,6.929254660867292803e-02,-5.507952520472433194e-02,2.512907625793738345e-02
-5.037160491464421491e-02,-1.709556063155792949e-01,1.412617318792876164e-01,-1.014608329047364012e-02,-7.566215984668783756e-02,-1.262383253205031641e-01,-8.707809117257184206e-02,2.559077214000076150e-01,-8.874918304013140746e-02,-1.952679411649811680e-01,-4.026574903486465629e-02,-1.284018537074207156e-01,-1.964431722829843019e-01,-1.744772719306517672e-01,8.826693566864342311e-02,1.445669964969946431e-01,-1.788780892341361173e-01,1.084965057904585389e-01,1.356686223788851342e-01,-2.529216362573112956e-02,1.479861577796742766e-01,-4.228545615900682758e-02,5.638351509636764514e-02,1.261038684473805328e-02,-4.897745362784190065e-02,-2.335332167668341397e-02,-2.508306851664467152e-02,-7.844388203441589325e-02,-5.045420470028293830e-02,9.848986656842423359e-02,5.744887228737269314e-02,5.925568759748413988e-02,-7.113351457770250574e-02,9.710134475404087750e-02,1.012612450661787289e-02,7.086297801240478561e-03,1.176357787629278423e-01,-1.878906636654344847e-02,1.000588692992718798e-01,-1.835734287084985622e-02,-2.005967639980748840e-01,2.210155643129915470e-01,-6.788862073807423736e-02,2.827134513410009195e-02,-1.245786844720372065e-02,-2.440124331595854845e-01,8.416956384264778768e-02,3.347610426986696169e-02,-1.233204733352457061e-01,1.941728862259461952e-02,1.238432226077321591e-01,-1.036018718458177508e-02,1.095173845117021622e-01,-8.679079491815462621e-02,7.600428222269024758e-02,-2.548121353809952236e-03,-1.815333594363804648e-01,-4.239592778674716733e-02,-9.337236421617323145e-02,7.378236735141023399e-03,-8.065354664421417463e-02,-2.517980685503489000e-03,3.518491185947655864e-02,1.052462435081928799e-01,-1.296023086214734277e-01,1.419998781596058246e-01,1.049839532616362453e-01,3.529117424462233088e-02,-3.456607530496835692e-03,-8.960409935091244449e-02,-3.270536931761376664e-02,2.784998323393914413e-03,-4.783069479533694213e-02,-1.319988811726442168e-01,7.055944151847087786e-02,6.859457450934886014e-02,-2.440774530275285625e-01,-1.858682103930290458e-02,-1.347371654158077414e-01,-1.959154081171081072e-02
-3.720918141298064363e-02,7.447446678432058376e-02,-8.962861162630228473e-02,1.563515929146995498e-02,-4.869026299052033394e-03,-1.340300725056734199e-01,1.091229194177313205e-01,-1.907155179125035738e-01,-1.474941293431772729e-02,-4.788529259929286824e-02,1.057359638529539875e-01,1.128500857054181850e-01,-1.445383570074631682e-02,-2.953684957971219882e-01,1.193036084917538653e-01,5.134978882814621864e-02,1.697437966265365472e-01,1.095084859863118543e-01,-5.443541550638100052e-02,-4.779690137413462880e-02,1.199207878828870318e-02,-9.334064776615225156e-02,1.177733069861162662e-01,3.521919890251947339e-03,-6.048462627062618086e-02,-1.148398158632761151e-01,-7.291554513212136768e-02,1.951242591440008681e-02,-5.656101854176465854e-02,-1.746077048772088081e-01,-3.107582141719855001e-02,1.240181010990552279e-01,7.002583972306101676e-03,-2.271510491466838810e-01,-1.879212359214947337e-01,-1.600811383053359627e-01,-1.112137048637425601e-01,4.130113654179624200e-02,-2.591369723841935313e-01,-6.439427587941019826e-02,3.616525344704023259e-02,-9.023064209775129296e-02,5.773865452250146607e-02,7.968678813426442742e-02,6.716840851356917219e-02,-1.346610865796536716e-01,-4.333551636934272755e-02,-7.712234749696442182e-02,3.692542857514376914e-02,1.038695036282449684e-02,-5.414956368849692392e-02,5.887920375884654611e-02,-2.203319846397769691e-02,-6.420846261220317097e-02,-4.131592517656222652e-02,2.474595918847261045e-02,-5.464803057914596057e-02,-8.519773977859853437e-03,-2.145588018087609683e-01,-1.089193005876479686e-01,1.223374748812990215e-01,-6.060377336735818521e-02,5.889448409529718376e-02,9.241050840965216173e-02,8.388926092419371483e-02,-9.926087579721069865e-02,-1.087541079826894880e-01,3.808863868602664626e-02,-4.123779484460616401e-02,-4.650493877473284299e-02,3.746167201846588302e-02,3.085252587749843373e-02,4.825195648989275693e-02,2.080152487119958371e-01,-7.076295869617661716e-02,-1.035311383492546755e-01,4.272385269559676041e-02,-7.133159901101454592e-02,3.490858409336648760e-02,9.526512481314412806e-02
2.973860271692457813e-01,-7.920480298816347242e-02,-1.512256440558487069e-01,1.596245359909289063e-01,4.678095063843392548e-02,-1.808502919301545678e-02,-5.352359055085386536e-02,-8.358806566326110188e-02,1.278491018960646597e-01,9.536994529686990130e-02,4.234113641990835258e-02,-4.474279078309871018e-03,5.295425110453742118e-02,9.686518090373702483e-02,6.329953528815331944e-03,1.744123594309659186e-01,-1.532853339452655388e-02,-7.835819956672077438e-03,-7.621459665205604361e-02,-1.030345827453789248e-01,4.565580604483480270e-02,-1.552781791670505562e-01,-9.596508836911073551e-03,4.699421526107658807e-03,-1.835505624100605138e-01,-7.998615462161087764e-02,6.471935737765081853e-02,1.531631542206146335e-01,-2.055485158066855736e-02,-7.778617564619558222e-02,-7.184713348661163346e-02,-4.970799305770801091e-02,-5.341691428519800694e-02,3.560691612306458517e-03,-1.292284130446116341e-01,3.203933560339645992e-02,2.537739305729589182e-02,1.117728203573361001e-01,1.813822183218170847e-01,1.201582256269256299e-01,1.005575523588563142e-01,3.028293307893847527e-02,-3.805282058928257348e-03,-1.736708643799106042e-02,1.003397612173433096e-01,1.211151496387834620e-01,9.985318491968779575e-02,-5.209774550876320603e-02,-1.424494908357710199e-01,-2.008403899866233466e-01,-1.929732454560579014e-01,-1.455336465936184383e-02,-8.852348333320764207e-02,4.131604932008996200e-02,-6.541192122246508589e-02,-8.195024916058599174e-02,-1.950704254854251085e-01,3.135981630079505422e-02,-1.131764712234748782e-01,-1.129566498963840843e-01,-3.329803583496004915e-02,6.344035647844119101e-03,-3.003074138832647309e-03,5.334757508284625194e-02,3.579899985830180958e-02,7.776529797915572584e-02,-4.263674320264335127e-02,-1.375195835645488807e-01,3.055966441112483931e-02,-4.683966168431092508e-02,-6.395541280274150142e-02,2.642982705839629423e-02,7.154522704511447062e-02,9.047033025562732644e-02,-1.140799606083156142e-01,3.086796386149546698e-02,-8.927926846502923230e-02,-5.271945714285972140e-02,9.834043499029947177e-02,-3.538358345068834399e-02
2.709914210934430412e-01,1.219113425064819178e-01,-1.309152649873591701e-01,-1.137680078391813399e-01,-3.349520721634549059e-01,-1.780868878543719336e-01,1.571835487322947034e-01,-1.521588137188358836e-01,-6.858087679570938622e-02,-2.000046299778027725e-01,-2.768150408032224452e-01,-3.511916966942630475e-02,3.738161578004869923e-02,-3.822919930094238750e-02,-9.161371584993872885e-02,3.828033392734415952e-02,-2.006935767096438006e-01,1.140226291240669099e-01,1.798432218532713955e-01,3.383269430675047568e-02,-3.262280049176512903e-02,1.710856427543614722e-01,-9.394034764131031778e-03,5.100174550615846347e-02,1.490479064932860864e-01,6.992833289298384936e-02,7.899935899494400782e-02,1.371963652665943167e-01,-6.187767400078440783e-02,-1.835481192607095469e-01,-1.260762341128950081e-01,3.291798975921559484e-02,1.457837006045938077e-01,-8.984762143652967603e-02,3.390022054829460590e-02,-1.519510947629632569e-01,8.369156133096830597e-02,6.360704116435338118e-02,6.868711598615945269e-02,-1.310704919237245802e-01,-5.241561572982635780e-02,3.718225682316144559e-02,-1.440122995610594592e-01,2.801995251575116821e-02,1.331976945083712949e-01,-1.328784102435718317e-01,8.160904591247898632e-02,1.887865294652726067e-01,7.386566769686229994e-02,-2.783989205400775116e-02,8.618249285274327820e-02,1.111181037543377687e-01,-3.246489708697120752e-02,3.258298687758835743e-02,-6.463988308380635983e-02,1.536355305352124778e-01,5.239234950021092775e-03,-6.735671963067429990e-02,6.817706037537929475e-02,4.296655756809939636e-02,-2.698680395366673951e-02,-6.891555507414951799e-03,-5.144149018809584389e-02,-2.729002955609893810e-02,1.167920225144374463e-01,1.088658740491255106e-01,-9.187962785943626365e-02,-4.411124551342176375e-02,-3.721271271772073203e-02,-1.120486290839108334e-01,-9.338347701695901004e-02,9.951678423477101909e-02,-5.647797818198486280e-02,9.258065250403793578e-02,-7.196894719207082292e-02,1.109691559709585079e-01,-1.025793528784671310e-01,6.559770022558886193e-02,1.995848538584878845e-02,-1.972046117269040874e-02
8.887942104433341206e-02,3.067503975003849429e-02,8.942014743029250146e-02,1.104416416962044345e-01,-7.604286806627896800e-02,-2.525302903373053895e-02,-3.573896690567632956e-02,-7.873210448226224123e-02,1.562527913288302150e-01,-6.332347213342240898e-03,1.573102148620621893e-02,3.214594457238491576e-01,-5.207763480196366847e-03,-4.321890626959141307e-02,-6.123386750076583590e-02,8.442131257184638804e-02,-4.019276886853164615e-02,2.077964562626375966e-01,-1.689375834523616227e-01,-2.327414455004788232e-02,1.182130270727401768e-02,-1.973473660008780509e-02,3.061558765879956318e-02,-2.184580790518400872e-01,-1.285426536529042825e-02,-1.550385130362935682e-01,2.714564516553868989e-01,-1.845019244871265451e-01,-5.639506760581259465e-02,-2.693796892609578650e-02,1.069574928370338462e-01,6.232740027057089710e-02,7.817742814266065432e-02,1.652892836825678724e-01,2.495282784057588008e-02,2.226905889943183239e-02,2.416322200777057047e-02,-9.940632043674790808e-02,-2.933523075706572780e-01,5.931367256431663293e-02,-1.626640831363317455e-02,1.402983458347986379e-01,4.850797265763159838e-02,-7.788465192091467704e-02,1.033441033649840496e-01,7.354054111680410899e-02,2.572284982118604527e-02,1.160580153125247982e-01,1.016677036134757545e-01,-7.773208872530620872e-02,-1.987353379556217048e-03,-7.049534296439521897e-02,7.106992576723454580e-02,1.663476139803234943e-01,-1.214019414966142490e-01,3.221302980114068570e-02,1.439028791175527844e-01,-4.280966413442625906e-02,-1.188941492002515143e-01,4.042232389303393458e-02,-9.996261639486164752e-02,-7.691187353286242645e-02,1.800378255003843853e-01,-7.385818402484302381e-02,-2.157478345397768060e-01,1.447780249560746135e-01,4.113260002481813025e-03,-4.784677915550865357e-02,3.858778509611555940e-02,-8.237221445883803617e-02,1.092328689104401090e-01,-1.416999226493953837e-02,-2.246047493820015409e-02,-4.664968635718164981e-03,-1.317351475132454708e-01,8.709531417605673176e-02,-5.897136731336560800e-02,1.794306186604345890e-02,9.293614410586602259e-02,-8.165765627551178907e-02
-1.321252122899421455e-01,2.256115289193411089e-01,-2.073862214639880103e-02,7.610568567490509639e-02,6.992321510849656974e-02,-1.105754300295386933e-02,3.328224970987850306e-02,-4.901174619139695571e-02,5.782391751927305062e-02,1.107321506255402356e-02,1.413207706485623827e-01,-6.825728867116401255e-02,-8.304487684276708193e-02,3.473531078985613724e-02,4.747906078278629760e-02,1.436187812539072928e-03,9.640285955210389779e-02,-3.977970959900015840e-02,-2.428107249075652993e-02,-2.214270397123403455e-01,1.879268542074090387e-01,-9.697017707497322669e-02,1.055403903275262817e-01,1.656803572571380889e-01,-2.375714923421901603e-01,-1.576428255754705188e-01,-8.517124555437334543e-02,-2.152901388896181212e-01,2.009543186431302086e-01,-6.315866017433525992e-02,-2.129605754500197845e-01,1.689780696569331830e-02,-4.352536491536963120e-02,1.132758417004354513e-02,1.926285901767585060e-02,4.910716667998311913e-02,-1.058816764221154755e-01,1.570438638336987547e-01,-1.067572219322528715e-01,4.881489303872822705e-02,1.181869298104878119e-01,-7.379499769452194102e-02,2.446966069543282385e-01,-4.416453298379831305e-02,-2.847594278681926314e-02,6.011520696510005285e-03,-1.239607248843838799e-01,1.850232941495860151e-01,-1.319895776459744097e-01,1.428916582489305398e-03,-5.862430179339273711e-02,2.945913757240192429e-02,-6.866249051874370735e-02,-1.580458456593486771e-01,-1.123106717600340504e-01,-2.285154544239515959e-02,-3.913079868082004753e-02,2.504224702197869745e-01,8.378408567617953717e-02,9.056131257856163408e-02,-1.985712216663193530e-02,2.858694414510784196e-02,1.957529438487266849e-02,1.535254984264539796e-02,1.705309892059437005e-01,-2.298055428050400917e-01,5.453129105802057702e-02,1.069036379153299188e-01,-9.684854091603065096e-02,1.296950330488442771e-01,8.315124614440371972e-03,-4.871599537231442734e-02,2.326010770600598146e-02,1.119368467486090701e-01,1.056071070066655349e-01,-1.056920832998561599e-01,1.994029255205641629e-02,7.290248383218315628e-03,3.384402893264649992e-02,6.681553380185729918e-02
6.308824013090051641e-02,-3.367480440733295471e-02,-1.616759583144889573e-02,-1.871643975291538142e-01,1.201638089703549322e-01,1.026580737726346254e-01,1.585240324338682838e-01,1.327063485910105478e-01,5.571929764379698891e-02,1.108047889252519215e-02,-1.067005241282890232e-01,2.005461146853473875e-01,1.489379664800409564e-01,2.314933627026075948e-03,5.947752300920364221e-02,1.546901715660422942e-02,3.843831398975329494e-02,-2.564437224365597942e-02,-7.934137460321208368e-02,-4.521427531421263329e-02,-1.195383823021751724e-01,-3.747444205425101704e-02,-4.688099756210949154e-02,6.930623431946786317e-02,2.298555445850199511e-03,9.853292514024256099e-02,-2.529148542137516029e-03,6.013878290097108420e-02,2.080584739807353201e-01,-1.897809919522021604e-01,-4.108414304548375917e-02,2.533265733633687303e-02,-9.048944069218238517e-02,1.871049343769518314e-01,-1.624758090133774646e-01,-1.151265441202243417e-01,-5.057211276918961718e-02,8.598815396772511652e-03,-1.248656239306230736e-01,6.657871595736608583e-02,-2.083280436306531591e-01,-1.043699942461025348e-01,-9.405094349426462719e-02,-2.709244574872913397e-02,-1.954854129135871407e-02,4.503614920812655520e-02,-1.377115603015198909e-03,-6.900163797514285990e-02,3.894845094259628132e-02,8.273307974848208290e-02,4.097239474914789181e-02,1.946205049943801058e-01,-1.200813463196529901e-01,-6.300278904794077983e-02,1.398628946300316603e-02,1.284038966678547056e-01,-6.366501151380278556e-02,4.601660622759876085e-02,3.529277967153702372e-02,3.541724960693513891e-02,-1.449825085047903861e-01,3.438005706099980796e-02,-1.113972165372844811e-02,2.178951520633172767e-01,1.125992935576051596e-01,-1.185037667805342587e-01,1.213361186493891325e-01,1.110557129551164035e-01,1.557797866667001707e-01,7.107787182029670636e-02,-8.048805241725234816e-02,-6.181501238714813551e-02,3.896734290387649652e-02,1.409310141848835532e-02,-6.361072358794460369e-02,-1.337379138848764637e-01,-1.105620373847330390e-02,1.210807088513085605e-02,-1.212118982800467759e-01,8.310935564733276659e-02
2.033810013456852361e-01,-1.195894939214370636e-02,-2.046794820439656049e-01,1.361255341525468010e-01,-2.583981057964397920e-01,-1.317337464540076220e-01,1.863567127326276260e-02,1.214282712009561033e-01,1.303456355419455592e-01,1.357086871889309210e-01,3.254086647784611985e-01,-1.875483526919884819e-02,-4.892348507504946237e-02,-5.356379035272592487e-02,1.798626142659018046e-01,1.814144934478363058e-01,1.080197559085945003e-01,2.167570066832917933e-02,9.240632046804769795e-02,-7.450628134815502623e-02,1.812291825037622497e-02,1.170248449297788401e-01,7.690786482770907428e-02,-1.405976529852345225e-01,-1.271341559237860741e-01,2.752109421863692396e-02,-2.201406121854053988e-01,-4.245973997767051034e-02,1.904173926428455732e-01,-5.153744166640353980e-02,5.161029655265676058e-02,6.804611210420692669e-02,-2.015212914551957890e-01,-1.476704661358067272e-01,-9.792349402440643502e-02,1.294159713062567330e-01,1.416219176923098899e-01,4.401473414959820862e-02,-5.374149624849496043e-02,-4.996201567037604485e-02,-2.111465546216194922e-01,1.779820976714256431e-01,-9.097614837895649786e-02,-2.241802645867627466e-02,-1.212952811952428683e-02,4.853308816196628961e-02,5.502563858422844512e-02,3.489490690541285217e-02,1.273200377163524188e-01,-2.007012670082018030e-02,-6.898021725297859286e-02,-1.292177405462960615e-01,-7.714935645827232513e-02,-6.703982359231061561e-02,-1.524412288152832053e-03,2.375959618763458573e-04,1.211015907912906947e-01,-7.223285104214048624e-02,-2.997611647526776321e-02,-1.826435890730591372e-01,-5.231149591213222518e-03,-5.957905127989153449e-02,-2.707990527462714528e-02,6.730117990901794689e-02,2.616315648491339407e-02,-5.196352481776900060e-03,-1.913722558778813976e-01,-3.230135491814361236e-03,1.253567952315988721e-01,2.117163976824046681e-02,-4.485733725897512320e-02,7.228144686436773457e-03,4.391567362764180887e-02,-2.662610539574876770e-02,-5.184243493065565644e-02,3.128925339170596925e-02,-5.977799062846616412e-02,-5.068891823289190662e-02,5.776894312024385275e-02,-1.191113372044614593e-01
-7.534729267437614841e-02,1.236648798724812454e-01,9.122718971044071687e-03,-1.446771946020169175e-01,1.397225240744087160e-01,2.702880744034267743e-02,-4.675726975216673575e-02,-8.798899712408880802e-04,-2.182676511758366023e-01,2.383166182152813076e-02,7.633101921158459702e-02,9.796434663380976238e-02,-1.087237232482536620e-01,1.306921953770396466e-02,2.362650577790883777e-01,7.824283615796021052e-02,4.932851394815106899e-02,-3.002833802145857822e-01,-7.558210945322522967e-02,-2.160367995531487645e-02,-1.860141106763588126e-01,9.902048220817165347e-02,2.928504542945382927e-02,-1.598887877030005511e-01,-1.622089794687670006e-01,2.417338479316488431e-01,-3.814344230922542961e-02,5.643269624966532755e-02,9.357277165607917613e-02,-1.451624016591804844e-01,1.181106414811694452e-03,-4.204682567051739456e-02,-2.863467308680505558e-02,2.046102554424784614e-01,-4.636651107223878354e-02,-3.625776616847413425e-02,-3.920460295881973700e-02,1.147956567500964392e-01,-1.017251231606700473e-01,-3.461425835099459641e-02,-7.132998812270169298e-02,1.217983656159131317e-01,1.342075228362146939e-02,-6.457547017303826020e-02,-8.198065624795067285e-02,-4.020445427579903003e-02,-5.944933025885965061e-02,-1.746347915501403891e-01,-3.369180869047645743e-02,7.806933445894490009e-02,1.733295939996410406e-01,-1.445203371308149687e-01,1.563316344766406685e-01,1.346718912608665941e-01,-1.315285699156460153e-01,-3.768950232404558176e-02,1.084338296880975189e-01,-2.423939393237671200e-02,1.303303304460812911e-02,-1.340357792130094927e-01,9.012816657578535950e-02,1.479623248618859013e-03,4.346387768420904851e-02,-5.644064676750241635e-03,8.345878234092456160e-02,-3.125984272588502172e-02,3.070268001482990422e-02,-1.249229055986040074e-02,2.000400502295592541e-03,-1.253928008158684999e-02,4.511252978922831308e-02,-8.723052884819363847e-03,-5.165398799578629213e-02,1.978772098829625625e-01,9.100842608359040187e-02,-1.804332818023327289e-01,8.341395396134050622e-02,-4.326434423910263671e-02,1.127574202630991090e-02,2.074700630970678986e-02
1.448244796507003884e-01,-5.693544156790116516e-03,2.576388240272592736e-02,-1.128509283494643842e-02,-2.032428137933860457e-01,-4.068715555287229918e-02,-3.768978868204165417e-02,-4.352145059848640252e-02,-2.367243451018703759e-02,-1.483564178198621408e-01,-3.177748692118078505e-02,7.237453203875242325e-02,6.444545713707247603e-02,1.952587381767855595e-02,1.398307584717340540e-02,-8.557660431913807764e-02,-8.838062026513211766e-02,-5.732001902598646975e-02,1.654866547956874712e-01,-5.519699577237648785e-02,-1.675377622749919804e-01,-7.080328103704977560e-02,1.583234069190367632e-01,3.825926225912904682e-02,-1.101455920002569200e-01,9.430810170026990291e-02,-9.831868920263620026e-02,6.270633503107946038e-02,-1.233887923280290073e-02,-1.092511341895861382e-01,1.267719504884920467e-01,-8.669900340945189965e-02,1.025939926165121349e-02,1.465639924146685813e-01,-6.002088245878280798e-02,-2.257115852766968661e-02,2.163937010316802634e-01,4.254065340855597843e-02,-5.826958200349667549e-02,-8.246824229937481376e-02,1.838399757860419148e-01,-5.065921016949153505e-02,5.824347043061896961e-02,-2.071879171609954454e-02,1.561570027947831174e-01,-4.371165095842732135e-02,1.078613241370201137e-03,-1.292716012638366330e-01,-1.297047832799315681e-01,5.615417486950421977e-02,-8.046970612957410340e-02,8.178298579928791612e-02,-4.901746289418767305e-02,2.136422378317644200e-01,1.335872807261364974e-02,1.765586195726538687e-01,-1.002018917580898005e-01,7.347182491641492119e-02,-4.759104286299540437e-02,-4.337351120633892165e-02,-1.046359524689169235e-01,6.782508832467996907e-02,1.755603898111406103e-01,-3.178153754783378387e-02,-6.685308081408083969e-02,3.456388310337174530e-02,-8.744608930470175456e-02,5.065627233069339933e-04,-7.075168677136255135e-02,5.901001070951363697e-02,2.824001230754163289e-02,1.204633434744496884e-01,-5.301501769897497274e-02,-4.126712335307199803e-02,-3.442478485051560927e-02,-6.996029316695245859e-02,1.664022584416354478e-01,-6.683990569434904161e-02,2.582187098901390573e-02,7.027237094594948608e-02
6.315394961007994579e-02,4.381700979251812456e-02,-5.751163891756810170e-02,3.486056723512812039e-02,4.235042638467786946e-02,-3.163500117206368561e-02,-6.644154246878913872e-02,-1.414735561755547932e-01,1.031103640386191456e-01,5.973712511877799641e-02,-5.804185801380988552e-02,5.575687858699182597e-02,-9.165950977252101950e-02,1.130732680533108256e-02,1.197688828624524776e-02,1.635438246724153499e-01,-1.720383624861626937e-01,2.332479523453200726e-02,1.276540987520584647e-01,1.331540559581568250e-01,9.120845766375516861e-02,8.705977113459545391e-02,9.451964406607120395e-02,-2.016812390058118909e-01,8.219024795101832759e-02,9.457324195834178326e-02,1.627214036808972975e-01,-1.863415564327852436e-01,1.069690950534566143e-01,6.365482150701629038e-02,-2.289007974378780008e-01,9.655274525952420306e-02,6.106485779625779597e-02,-7.600508538023115213e-02,-1.170285535425750756e-01,8.930016586616938701e-02,5.219514589063836696e-02,1.628855926443953661e-01,-6.550233582803446919e-02,-1.138246853718790919e-01,1.131090695425130271e-01,-1.380080347964542653e-01,1.302336330664697894e-01,3.995180691113776883e-02,-5.844729101624285966e-02,5.881011856855493034e-03,-3.928623505883494654e-02,-9.666341477488217537e-02,2.115974917246654374e-01,3.451614606636829174e-01,-6.674277808192954908e-02,7.800657577207267129e-03,-2.362721639268727716e-03,-1.699335387419238508e-01,-8.311298952378635974e-02,8.130461569958614965e-02,-1.703557927168226904e-01,9.244069542340671575e-02,-2.893368251676925809e-02,9.427907421992816339e-02,-1.667345085441541142e-01,2.065089614413689600e-01,1.024666370528824338e-01,2.927197722585653944e-02,-1.409496489969143118e-01,-1.142271574162301295e-02,-3.630686201098212718e-02,5.495668100805808920e-02,9.675334234965861716e-03,1.511314962000534778e-01,-1.399906490860866881e-01,-1.279120050232889494e-01,1.138995775464415709e-02,6.912035467924819432e-02,6.884210003398968936e-02,-4.589071327278448215e-02,6.886058698133675458e-03,8.008916984484636126e-02,8.321833524535393600e-02,1.958891343099254112e-01
3.453910471254138803e-02,1.131849623758779955e-01,-7.322340278921485313e-02,7.412844511600219510e-02,-1.753482063577548322e-01,-1.426926006480769005e-01,-3.235215827608933087e-02,-2.262571514613655743e-01,4.283531283584560145e-02,5.860564815912654157e-02,1.394664729836037620e-01,1.376705627980309155e-01,1.916141339083297368e-01,-1.395136353775833782e-01,-2.776865027853343548e-01,2.439748239404897906e-02,1.830567187561890630e-01,8.607178780893680325e-02,4.379768086262188220e-02,-1.349454119572480182e-01,3.045837217638765193e-02,2.169065824164532683e-02,-7.878500641870717081e-02,1.733926458861442116e-02,6.782062018487945709e-02,-4.790121073368333593e-02,-8.166587001154722303e-02,2.631786340106021665e-02,1.084549057556286888e-01,7.067637662958497005e-03,-3.950658892317088916e-02,1.127473071874386529e-01,-4.932104022393202225e-02,4.577235918204589082e-02,7.340127098223869773e-02,8.489517514632051454e-02,-5.178643985382812287e-02,-1.287066170243328020e-02,-1.042779145486086578e-01,-1.055604623650296600e-02,-1.366877691949409113e-01,2.096727877054738523e-02,-6.665886583116029107e-02,8.417022707689897701e-03,1.014083531253568565e-01,-5.102368355416272983e-02,-9.256273958268600166e-02,-2.583320431314537965e-03,1.120021663027421233e-01,3.214950181313575711e-02,-2.333194384218480622e-03,-1.231909050068505547e-02,1.448457028989742768e-01,-9.802276975815811533e-02,1.736436263493939536e-01,7.087608663228869843e-02,4.129856592418922751e-02,-1.404461717028985257e-01,-3.481514780837808437e-02,-1.510421148841710470e-01,1.000819367700283777e-02,-6.812685895778519685e-02,1.283198269087036936e-01,5.617925177105944495e-02,1.123121805140658847e-01,-2.301206058076206706e-01,-1.687186758809701773e-02,4.503589482628062197e-03,-1.783100869842025038e-01,-6.986216887856952495e-02,-1.567515882328736343e-01,1.458378186156529810e-01,-9.649002020924486722e-02,7.211625888551471963e-02,5.125193517167844076e-02,7.502277266003004597e-02,5.912635886966945836e-02,-5.730232085664266339e-02,-1.533520804014107952e-01,1.636331175069107025e-01
-1.124453877014979647e-02,1.376298112844135391e-01,-1.440372143502837432e-01,3.308455494081360415e-01,1.647699025810854187e-02,-1.482727118538933533e-02,-4.491529643564679680e-02,-9.896510232019552211e-02,1.001718554726609839e-01,-1.451111914723210959e-02,4.414076746134864421e-02,-1.747308349395822755e-03,5.978407655522047226e-02,1.837627144541424395e-01,-7.007885057315195454e-02,5.025010608240685489e-02,-3.208866180847750726e-03,-1.659496634599024745e-01,1.574442730903431453e-01,2.915022002969457349e-01,-7.936496138938148315e-02,7.678702617435036182e-02,-2.205635020980579453e-01,6.865158458450705548e-02,5.142033799286881840e-02,-2.354930036678309219e-02,7.923804631105518109e-03,-7.290471916563841248e-02,1.585028865667370002e-01,1.305429033355590407e-01,-7.553929361986444491e-02,7.558883233612115338e-02,9.191528167645365496e-03,1.168549088044650991e-01,3.425882942942215406e-04,2.072948923693876122e-01,7.231792833791353403e-02,8.758424158415840889e-04,-5.079721271646821246e-02,-2.077662612410368093e-01,-4.116183801140589626e-02,-5.487139047923290935e-02,7.020023259786262182e-02,9.154094511395334532e-02,2.701566241105022789e-02,1.086167912539073334e-02,1.825753231866904594e-02,-3.153572981136241321e-02,-2.950550833099497769e-02,1.405964126312218565e-01,-1.438190751008505408e-01,3.625382324443528811e-03,-3.034937844927235520e-02,-2.113677409845534372e-01,-5.589935176534077677e-02,3.674824173687188389e-02,1.538301428447864418e-02,-5.765427459163796620e-02,-1.065584478004684976e-01,9.907042477601672725e-02,-3.179606557136773533e-03,4.851000160319227095e-02,1.735772916017747081e-01,-3.696995091266502137e-02,-1.625178337852956068e-01,5.405416591529647007e-03,9.250830505407990623e-02,1.093450826415916788e-01,-3.181228216272362352e-02,-1.749778177231725226e-02,-2.533676193370175758e-02,2.411550205792424920e-02,-1.667343456182532324e-01,3.298352746782425710e-02,-7.540852077996942904e-02,1.471274354789922356e-01,-1.168094526522303889e-01,2.716793820224009393e-01,3.414191346482511186e-02,1.020689311850953851e-01
-2.998528446676849701e-01,-9.665884633905021117e-02,-1.199601024462344512e-01,-1.513465437147790138e-02,-1.546036854607321376e-01,1.995419997104992335e-02,6.720584542586036103e-02,-2.150455478251653979e-02,1.402973799599577590e-02,-1.391891064164753507e-02,8.441262339796411218e-02,3.506913104064020986e-02,-7.613148312160348001e-05,-5.027530116966565099e-02,6.773262213495583051e-02,1.487724213037760479e-01,-1.297993558273597137e-01,-1.492361665013212657e-01,1.364926576500765931e-01,-2.610014024024751023e-01,1.108735119100414251e-01,1.755608303408147663e-01,5.215140692202310108e-02,2.086808175769256646e-01,2.285129229132681558e-02,-1.529900363628146076e-01,1.873389998741329110e-01,-2.579424600457575021e-03,-1.074484275470419768e-02,7.257477527559227232e-03,5.480034410332910999e-02,1.333591285243719733e-02,5.838480740003403752e-02,-1.631035651136698503e-02,-1.218429437232072254e-01,3.902639706357587807e-02,4.004172297954570157e-03,1.159109996062407250e-01,-2.021276202932394683e-01,-1.324944662420949881e-01,-8.313973036126792726e-02,1.519152636649562238e-01,5.318465534542080042e-02,8.761277209655390918e-02,-8.063626542774987582e-02,6.645083746427642157e-02,-1.761127702921417848e-01,-9.842536880173798075e-02,8.128340837690130327e-02,-4.371319838853617024e-02,7.818964686155843724e-02,8.312898755886563573e-02,-6.933477507201951662e-02,3.474750756507912625e-02,6.565362999256088572e-02,-2.029390150215003297e-01,1.809941367964825604e-02,-1.312947519927690210e-01,6.182031432061787374e-02,5.439301129835736465e-02,-1.252136996602130903e-01,-1.661507889126445925e-01,4.414444116553214136e-03,-1.831829312022796308e-01,7.181728272813017733e-02,3.788935118075286573e-02,1.509629419433003161e-01,1.396963232879610273e-01,-7.405997159026583843e-02,-1.687366619061049511e-01,-3.887688210347795686e-02,-1.029280581729287852e-01,8.390403060206748365e-02,-9.960599680279216828e-02,-8.902817834509803296e-02,2.082820302031879733e-01,-2.400491206018300419e-02,1.508518419748443029e-01,8.084449446857638888e-02,3.639937130628113915e-02
-1.030931386884322287e-01,-1.441469768861452228e-01,-2.260553481085055272e-01,9.640349944709946869e-03,-1.064742924867762425e-01,-1.987300017624517995e-02,-2.096387772443795705e-01,-1.419685764437290387e-01,-2.682457595636964995e-02,-2.175786786404690920e-01,2.850929046664376076e-01,-4.820444568826184190e-02,-2.900769307261419905e-01,-2.013432837968985034e-01,-2.052764039382878880e-01,-1.785086748954657909e-01,-1.141160172088197811e-01,9.130479647820298472e-02,-8.870710558312706884e-02,-1.014379277114551142e-01,-1.581930572399891655e-01,1.712275631955122723e-01,-4.493350303678449870e-02,1.014781100931209934e-01,5.489331624346963090e-02,-1.073243155524232079e-01,-1.370451153478809136e-01,-1.314636844187127007e-01,2.738743336875658352e-02,-9.215394577942298548e-02,-8.918015415059353523e-02,-5.729032031696837390e-02,-8.177129465056472146e-02,1.012310381741360205e-01,2.917732565202514963e-02,-1.031863154843560421e-01,-2.130362640962228105e-01,-1.382779664852993966e-02,8.509034921501995585e-02,-1.722112975598958165e-02,-6.609570494876861046e-02,-5.888731697403994277e-04,-6.718477001702002904e-02,-6.757241866229491550e-03,-1.160792141198760397e-01,3.097603425145932510e-02,-1.134353752646140162e-01,6.932588867474848149e-02,-3.473211711883127106e-02,1.101180759465901215e-01,4.660570733342214028e-02,1.476721620077963704e-01,-7.471785157282750944e-02,-1.589177564610912696e-01,5.632030415273270307e-02,1.311948331948357416e-01,2.966238672401909360e-02,1.768189610980243007e-02,2.233884267406034130e-01,1.467062778844154258e-01,1.907662430036940679e-02,1.861641509404995676e-01,-1.163760131761706895e-01,1.402495435771984877e-01,-2.068270389280953692e-01,5.827630174728428564e-02,-6.263368649563350044e-02,7.647421802122774184e-03,3.413966638926502206e-02,-6.922666032541917314e-02,-7.189650476086868747e-02,8.861848136017576316e-02,-5.677196180285987853e-02,-1.404683141249136319e-02,7.608455752735884814e-02,5.757248809261903549e-02,-1.307147234861460311e-02,-4.823925605389337706e-02,4.020262439569703694e-02,-1.157821357150547598e-01
-1.426015125544230662e-02,-1.052908497239544577e-01,-6.416995483408460604e-04,-1.124890814978107278e-01,7.345900209295783134e-02,-1.638429831131276715e-01,-1.824805745097245746e-01,2.471531604134529769e-01,2.602940546141879405e-02,4.868301490617828881e-02,3.689702874198723392e-02,2.645494780914433089e-02,-5.754517521248465883e-02,8.238286387704372993e-02,-6.729303009929152313e-02,-2.278736204030016310e-01,1.349631209158571044e-01,2.905775789333572140e-02,-1.645702725112284034e-02,-1.961412953687483585e-01,8.332994157127311674e-02,-1.013314953500304150e-01,-9.230583961371371937e-02,-9.987882414786734483e-03,3.031369273664473799e-02,3.618895133481647708e-02,-7.444066239198482426e-02,9.964648929595694427e-02,-5.224360503710614306e-02,-4.741858251003920610e-02,5.253865648357788909e-02,3.163834258049596504e-01,-1.840098656149841416e-01,7.737646629890181094e-02,6.107308755732977074e-02,1.360316469983757215e-01,3.473636004336775468e-02,-2.192849421670986163e-02,7.127387268229028183e-02,-8.964797323840058285e-02,-9.568895477136742100e-02,8.261567933221938831e-02,-3.501004607182767181e-02,7.584517167849241792e-02,-2.236133051462988741e-01,4.354130390538079459e-02,-6.118205110456895884e-02,4.815524730572344481e-02,8.401021292137103580e-02,1.134219149902985189e-02,1.343915810676753891e-02,-6.455244522487606218e-02,-3.610097149843770684e-03,-6.725161442876949336e-02,3.115771680952997280e-01,-1.944244515706702175e-02,-1.269225215497719363e-02,-2.448491957715177511e-02,4.946117447679497514e-02,-9.161721152003933499e-02,2.392250788191488745e-02,-1.606911737407193674e-01,-1.287272289703224881e-01,-4.895098397047233790e-02,1.773762087225515260e-02,7.646683155130454268e-02,-1.422521317708836663e-01,-2.796540028324837404e-02,3.879524726234382520e-02,-5.152620268339346693e-02,1.176111860969576879e-02,3.145101813151639919e-02,-9.627330491918159594e-02,4.046542926405032048e-02,-6.599412482548893885e-03,-1.735635727046201150e-03,1.167805900959051485e-01,-8.493328263226189445e-02,1.632288573417313982e-01,5.353938935906307067e-02
1.495787244432321972e-01,-4.067539473872010952e-02,5.164127671856812846e-02,-8.107584959713837192e-02,1.607464058810444685e-01,1.372548479119092280e-01,-8.321278378272160218e-04,-1.312696228187245073e-01,3.546650822673039910e-02,4.844488872693682169e-02,4.741283140442112409e-02,6.082222407818652782e-02,7.337971787456948336e-02,-1.231916209120569733e-01,-1.375094380253379100e-01,1.309258736536935384e-02,-1.307253513830530095e-02,1.089768838806627754e-01,-6.072718776106032085e-02,-1.014737424678103656e-01,-8.647815160900924891e-02,2.273552097425053375e-01,6.191325637653335295e-02,2.328687663405681896e-02,-8.686854503739516176e-02,-1.770467238784032560e-01,1.013488146149202629e-01,-3.716496395979230344e-02,1.467808927480667436e-01,9.536135422960688446e-02,-1.891230205938376485e-01,-2.583606538795621063e-02,-4.892216764621757502e-02,-4.412423827913089514e-02,7.247096539864901488e-02,2.815164810263148885e-03,5.468376923792629685e-02,-7.504902847949017353e-02,-1.385636567856679546e-01,6.704814641123310603e-02,1.286988249476417601e-01,-1.222771985018922952e-01,-7.050930793292879695e-02,3.100300210308931312e-02,-1.044385440577151186e-01,5.821234746186381565e-02,7.031771556667365877e-03,-1.139248520936534947e-01,-2.908336325953166102e-02,6.979242982252500949e-02,-1.815926701585506842e-01,4.665296539087330357e-02,2.683509188249366684e-02,1.408989616606694251e-01,2.137789574479486698e-01,-5.558041895500775986e-02,-1.108262034097850374e-01,1.064478937896641692e-01,1.264013931290937642e-01,1.365259220187938459e-02,-1.466106606350261743e-01,4.256563070596301734e-02,-3.956356063171068832e-02,-1.655652252942881562e-03,-1.165818712143288499e-01,8.214859925782373729e-02,-8.133544422725538098e-03,-2.189398512368856062e-02,-1.321316792840778465e-01,2.966108974427890052e-02,1.329894142100528608e-02,-6.099626293538236432e-02,-1.042966316076785749e-01,1.139642179607855271e-01,1.203054381474142065e-01,7.547731330138103545e-02,1.792059696022896276e-02,2.306933078127526224e-02,-6.442815076671114249e-02,-4.764331083573469100e-02
-9.669125959131718911e-04,5.785207080321156520e-02,-2.684248282377324490e-01,-4.357907231517301264e-03,-9.687344067482087095e-02,-2.244952520134418650e-01,1.683870367568078841e-01,-8.250897165087504523e-03,-1.423662585607811115e-01,-2.788025610784926681e-02,3.270120165584103344e-02,-2.116803841881169101e-01,7.582424715511500157e-02,8.410268481394995999e-02,-5.014913664847923426e-03,-7.735767946650334848e-02,6.110711472379187076e-02,1.087574530650425725e-01,-2.412589829593627874e-02,8.993540206261721459e-02,-5.283234997125808158e-02,1.082896397163364832e-01,-1.582554875355152990e-01,-2.832571887900985907e-01,-9.744840701420073859e-02,-8.939842624300359253e-02,-2.132931396974832861e-01,-1.402053147637239428e-01,2.332596981763128408e-02,1.509098535941360286e-01,-1.234776275331465334e-01,-4.960991451809937391e-02,6.571081961168651064e-02,8.878132442438871341e-02,5.526616470445981644e-02,2.004334878690237076e-01,-1.549826353871049944e-01,1.187674872354252745e-02,-1.008101644436527056e-01,-1.275184977299267386e-01,-1.743485301360344492e-02,-1.512969097068988730e-02,3.561077700597439777e-02,-8.775668738352246367e-02,-1.509629795528801277e-01,-1.279858192484318313e-01,2.624122663119040147e-02,-1.142821422618767041e-01,1.078263323102545967e-01,-2.544834949526651457e-01,-1.623378651868069011e-01,1.294739143573670273e-02,-1.886765183630627341e-01,-8.622301163699638837e-02,-5.785238854682555470e-02,-1.803867305431555157e-01,-8.579104560624267739e-02,-4.111894728958252754e-02,-7.662872434957229695e-02,-6.070463807995658823e-02,-1.021423628167654196e-01,-1.028781772437888098e-01,-4.811873331166596768e-02,2.546967980395179777e-03,-1.004104630015841514e-02,8.877232928608778939e-02,-1.282745262297226296e-01,2.449060536319672965e-01,6.246289980793043317e-02,-2.002786686099215785e-01,-1.070547011999281768e-02,-1.036720245621345626e-01,8.482426704222523206e-02,5.770321448051229929e-02,1.195717022184961537e-01,7.170778552775185222e-02,1.948653307995435249e-02,2.566630818690201002e-03,-3.763472072785955386e-02,8.666181799632731442e-02
-1.330519662440173001e-01,4.186467645622390238e-02,-1.625284630764572413e-01,7.002507418099931935e-02,-1.104632138506728839e-01,7.450623965428380957e-02,-1.547431707876333884e-01,9.130702506594860768e-02,2.178017702534495829e-03,6.451914401331294846e-02,-1.213525873828316254e-01,-8.484926629954801791e-02,1.488426618197105922e-01,-3.786340488014348221e-02,-9.517274248486830290e-02,-2.693369760198914831e-01,1.562835992956580766e-01,-1.505077505565567131e-01,7.236505475859864034e-02,-1.441627376754874290e-01,3.094724992266900329e-02,-2.672340895450563830e-02,9.123685488889793360e-02,-3.197359565344339710e-02,-7.396372556906628815e-02,1.117233141421871551e-01,1.719366632861337937e-02,1.537201175518498018e-02,3.035434101308392973e-02,1.255623235969233198e-01,3.823993224064148235e-03,2.061717198197327364e-02,-6.345644641835063160e-02,7.910066963402949403e-02,-1.025490845121964784e-01,2.221067630238567070e-01,-4.940131914586879530e-02,-2.186008398016324027e-03,-1.076455334666671093e-01,1.193231143979231884e-01,-1.036572219531969041e-01,9.809640652320054943e-02,-4.332813964447670974e-02,8.303295023154939891e-02,3.766709627364088486e-02,1.683492335827871736e-02,6.716971753386770383e-02,4.284780237091175004e-02,-3.797183194297866493e-02,9.948694576554611979e-02,3.652755321414716261e-02,4.235710985211938243e-03,-1.675098716113411212e-01,2.031249147025631918e-01,-1.056558838875545081e-01,-8.426420274044173209e-02,-4.278577113156541850e-02,-2.154362253664021329e-02,-2.187402124305077092e-02,-2.672660582813679020e-01,5.270202780087633598e-02,2.213290131381722911e-02,-1.559722722278027163e-01,-2.293097884331527780e-01,-8.506543752500070332e-02,-1.555839442686194340e-01,-1.096455612010779485e-01,-5.493881592135650693e-02,7.087100422979938918e-02,4.381775476883431608e-02,5.593586165535902044e-02,-1.445617634401783758e-01,4.935333605475240859e-02,1.138449746119732237e-01,-1.660058978929591367e-01,6.294309646978446179e-03,4.968335671693902000e-02,3.854589111266504969e-02,-7.048507838094465738e-02,-1.145032680847743456e-01
2.510889164042432453e-01,-1.478101403201949327e-01,-8.536682553485845995e-03,1.459080249823404007e-01,1.752385350062338545e-02,-1.139574560687667826e-01,-2.457596795047956306e-01,-2.330421038966022929e-01,2.092780145675109116e-02,4.022777278556746022e-02,-1.485551977077384338e-02,6.246987926990069800e-02,-2.554908970130889689e-01,-1.718137541806167845e-01,-1.561684399924039290e-01,4.942722409761762109e-02,-5.218518091129797226e-02,-2.788825702580963878e-02,7.169049113229997161e-02,-1.323747416744123773e-01,1.002815379378240584e-01,-1.127478582050309014e-01,-7.024832352142935943e-02,1.764688884844691219e-01,-3.451818794991827755e-01,-2.100527879038216819e-02,5.179161662950427375e-02,-7.817667563984595502e-02,-9.821158692337168816e-02,-9.076880735527305399e-02,1.115131168994894090e-01,1.219040115650552557e-02,-1.821059224437144020e-01,8.034217056818618308e-02,-1.690121150681628617e-02,-1.325872077737385302e-01,2.686438495389616432e-01,-6.252161253929891527e-02,-6.130911792086557108e-03,7.673995137107429698e-02,5.590344159765556209e-02,6.286123372433906342e-02,8.142522896631613702e-03,-1.718026735557121876e-01,8.858077841642296446e-02,-1.265834020779954203e-02,8.744469433908126643e-02,3.653843749044387301e-02,3.051828729552475902e-02,-3.220146333668188338e-02,4.569094619724480173e-03,1.635869836579920134e-01,5.095876921899407386e-02,7.356691654941180554e-03,5.224102894267435709e-02,-6.700114480473511047e-02,2.061908497406262850e-02,1.400410085210975208e-01,8.911404673835456036e-02,2.996291835099974474e-02,-6.779969493013303372e-02,3.472464968749509884e-02,1.270055624113697323e-02,-4.917943180572063172e-02,-5.064101544007789529e-02,5.761060276977934651e-03,-5.718028277246431368e-02,2.708593723185392377e-01,-2.213754221558546231e-02,-1.503210934953344395e-02,6.279664839981496938e-02,-3.641055058020297580e-02,1.486844183289093846e-01,6.887893489468771557e-02,-1.121020760312598369e-01,-1.118556807684635834e-01,-7.344213356129246362e-02,-7.734805660468491509e-03,9.137124793699923087e-02,9.769712438235868268e-02
-1.670033481372981965e-01,2.300284805876028071e-01,3.999971914827910729e-02,-5.976537636624799921e-02,1.207990518382267980e-01,-1.070527359544402000e-02,-2.774342582695324966e-01,6.010907606355389565e-02,-1.298627217055385585e-01,7.253485746543611445e-02,2.235583242531496706e-01,-9.868721650450154245e-03,9.926324343576284348e-02,-5.553851874899811553e-02,-1.109945175345142254e-01,5.616712681994921047e-02,1.604818424171508204e-02,1.500368289244796982e-01,-4.645540153652742005e-02,-2.378626457603886038e-02,1.377593827449569430e-01,1.158276709336326926e-01,-2.291751297505612572e-01,-1.308195671667904819e-02,2.573627658431739129e-01,-2.712891946606491717e-02,3.135961855061537573e-01,-5.371999538034115396e-02,-1.676144840333386801e-02,1.840926307108927407e-01,-2.629859380748261755e-01,-5.415599545959674799e-02,-1.669203343751260102e-02,-4.831345952752640754e-02,-1.906285968091303851e-01,-2.008042169429934826e-02,-3.831023153431963035e-02,1.708013408131651700e-01,1.520759657019150057e-01,1.090796947502772340e-01,1.354882191048971396e-01,-1.435194389549192609e-02,1.996781515448345368e-01,1.451631168109962233e-01,5.742726316079462684e-02,1.009924089137243242e-01,2.088320527409776306e-01,-3.783772015912093001e-02,1.130213084223901793e-01,-1.112520195544228485e-01,-8.146483275973039062e-02,-4.726782830360973936e-02,1.666329087975153000e-01,-1.033915589738751001e-01,-1.010904665529118070e-02,-1.228515561944284878e-01,1.055380842715035045e-01,-6.514433950227957459e-02,1.236806868177673518e-02,-4.378316511230066765e-02,-2.384840271447159418e-02,-7.667481331798360784e-03,-4.178243723902051732e-02,8.733060562329073018e-02,2.444159688326066546e-02,3.345356441059255809e-02,-8.347631163255145315e-02,-7.291645571705356044e-02,-1.387892222562989164e-01,1.704287454875784771e-02,1.000853042764655587e-01,-1.366091381374460491e-03,4.408612288678662172e-02,3.072663198169661714e-02,-1.328815895380488221e-01,9.889125456617413323e-02,-1.033160657077035818e-02,-2.662040883496390176e-02,4.729175517771033038e-02,1.731687505761488055e-01
-3.048613363099328399e-02,1.648214860090451706e-01,2.027224999450530710e-02,6.682318464939089597e-02,5.736137844171576572e-02,1.267737314227882217e-01,2.296769480472308778e-01,7.650079951254311339e-02,1.152665463954195835e-01,-6.952562821419434880e-02,9.663827492408288977e-02,-1.663272017095582256e-01,4.667251329349506039e-02,1.201247081143086287e-01,5.638889469883533179e-02,-1.704628628776801991e-01,-5.768915969392802989e-02,-2.155725495729023805e-02,-1.122651810378322568e-01,-3.760394925533375177e-02,-7.666334883232146791e-02,1.537300440305221783e-01,-5.088158101942780870e-02,2.403452348610753478e-03,1.868748252003919197e-01,-9.024116046247340761e-02,-3.220903306117072762e-01,1.301994642418911607e-01,5.157612911211142265e-02,1.576287432692017876e-01,1.434148519702532071e-02,-1.307791275686333576e-01,2.196429143076036872e-01,1.524698944432462122e-01,-7.024985476039161125e-02,2.180287321422079150e-01,-5.446095395769520210e-03,8.807409679204851460e-02,8.333175990734898592e-03,-2.258976317620644270e-01,-1.668452046389101284e-03,4.408634117986780232e-02,1.182878238844748200e-02,-7.955336193296531910e-02,4.228069958697332209e-02,-1.375000432198873468e-01,1.118922498910659563e-01,5.027879865823964983e-02,1.641265040272380654e-02,-1.342193847487497538e-01,1.669176140014808907e-01,2.642524433201280318e-02,1.212061835644817620e-02,3.648199637267147272e-02,2.393630561621856029e-02,-1.562441212040216187e-01,1.540246127137802346e-01,5.136455353149972647e-02,-1.678384012035432360e-01,9.188979838131292044e-02,2.782089324000155441e-03,-1.202516601645739203e-01,-3.837890316451288419e-01,-9.837970711159781112e-02,-4.292972941012835469e-02,-1.550870627135018769e-02,-1.101149473584552146e-01,3.844362160142715534e-02,9.345980640763786040e-02,-8.646138308601544753e-02,6.354423140264590930e-02,1.088341306915050627e-01,1.411076566916473485e-01,-2.543469748406787176e-02,-6.284186371143754557e-02,-5.789781781204176442e-02,9.681735764830587398e-02,-7.457696871865759480e-04,1.088699642484793895e-01,2.715540435902459929e-02
2.257640412802378316e-01,-6.610184170452272634e-02,9.817398333613877592e-02,-2.577583142832683416e-01,1.814576140620861866e-02,-1.348225517365197745e-01,-3.101831062981098147e-02,6.934241137404539845e-03,2.958491691523563727e-01,-2.266545787343310914e-01,-1.349564742179913679e-01,1.510659373018835849e-01,-2.243440186785292667e-01,3.077183825537364859e-02,-1.856684067367818380e-01,-3.696436830729395856e-02,1.912369651274030760e-02,1.722557726059953109e-01,-2.166168975096496169e-02,4.952897542359577243e-02,-9.111947315613440346e-02,-1.468835131245296334e-02,-1.295590891890775753e-01,-9.233439544636268259e-02,1.181078276836042412e-01,-1.443661360883628231e-01,8.878168880124519269e-02,-7.627855725319165892e-02,1.646722431116315055e-01,1.138816499723276088e-01,-2.126666788394366847e-01,-5.476801214216144020e-02,-2.197899761305834032e-01,2.188690797059181792e-01,-1.655479913872945630e-01,1.210821863565039180e-01,2.664752087851961215e-02,2.385534663018948898e-01,-3.728597877860740512e-02,3.016198716553507991e-02,-2.452372887941297458e-02,8.236822611015558182e-02,-1.080583994793080232e-01,-5.957643984707494678e-02,8.494087816285773862e-02,-3.808311950520724271e-02,-4.491133928419078353e-02,9.953809771322265354e-02,1.349349863866428911e-01,7.531191985279947487e-02,2.844884735087396255e-01,-7.034929757129140815e-02,-9.726251859918547821e-03,-2.437346299224512347e-01,-6.874505380937280530e-02,-9.919679043192812518e-02,-2.877335217697287242e-02,-9.140100589300099998e-02,1.825976424645022189e-01,1.280292636287465487e-02,-2.673437957934993725e-01,5.513609683363646791e-02,-1.525892956244788989e-01,1.436999522435523091e-01,-1.661719694858972141e-01,-3.809818770354397865e-02,2.587840541104258554e-02,-1.724896233510299082e-01,2.976394890953319716e-02,-2.444595732654482323e-02,4.651585534646407449e-02,-1.568019777510323287e-01,-1.050776935970981069e-01,4.743681895422516281e-02,1.428464900831175922e-02,1.443518967183569368e-01,1.270169202552156595e-01,-6.927610828625946349e-02,-1.199777290011332098e-01,3.344193160577132312e-02
-6.857920653097915320e-02,1.179273860267704144e-01,1.410937741915056221e-01,2.949820780437136317e-02,-1.967547212317141136e-01,-1.415261732874370237e-01,1.019298287765286193e-01,-6.336533611909796193e-02,-1.024182268917801231e-01,-3.017347385515134831e-02,1.089486152641554462e-01,-2.089756108731079254e-01,-1.226588935399894054e-01,9.689545731910086113e-02,1.910049835744912494e-01,7.373260931830148690e-02,4.999267674069708678e-02,1.623844888820130949e-01,-1.634576939704446633e-02,8.128236261335031188e-02,7.159836884082966708e-03,5.175584449572134121e-02,1.804944398020162655e-01,6.730415194026356795e-02,1.968720553204342597e-02,1.008541219763604141e-02,1.816933785835077586e-01,7.850934890228245672e-03,1.879844523749985008e-01,-1.106430346735092080e-01,-1.092400566645983367e-01,-1.010946923101727242e-02,-3.796673753185464406e-02,1.155168230448802014e-01,3.340564668597731379e-02,-3.032430447689054426e-02,-1.059937815398162564e-01,6.266763402581831954e-02,6.718545522867484798e-02,-8.813451429632160328e-02,-3.921578965446796683e-02,-5.181103278671644191e-02,1.048278443977221502e-01,3.852442128902656970e-02,2.219384363703761354e-01,8.860660603203189892e-03,4.863613419379338165e-02,-2.500590442513616479e-02,5.404129071046677793e-03,2.476061392866462652e-01,2.079679963606099677e-02,2.738645773869044162e-02,1.202352122445639604e-01,8.115053540762647011e-02,-1.536107346358023540e-01,1.243448734883524226e-01,-3.028721441407496162e-02,-1.975818948464422992e-02,-5.935503009820006226e-02,1.776737296150403822e-01,3.963100581790691967e-02,-9.056536333259414262e-02,7.270253985958155529e-02,-1.149466963221270066e-01,1.026584326520659368e-01,-5.541066120697538122e-02,1.436513314376899712e-02,2.604221353782387727e-02,-4.178756079619003888e-02,6.478210239741823140e-02,-1.726845862482207505e-01,3.082450123050279808e-02,8.717504857760283166e-02,-8.774222494585356968e-02,-1.965895949166843737e-01,-1.148701620488933595e-01,-8.651687155769162418e-02,8.667621317267884540e-02,-2.847629082435537001e-02,-1.512114959285499327e-01
4.100228026507551221e-02,-1.570239251977116057e-01,-2.240693648551128070e-01,1.871536805878954227e-02,3.405988170235268314e-02,1.623157756598169604e-02,-2.001818231914237745e-01,1.734137385279673482e-01,-4.973034951072397361e-03,1.532918086911913280e-01,-2.486850462072285883e-01,7.205459421287188637e-02,1.296991827524670848e-01,-3.415459173342516586e-02,2.799359932536925333e-02,-2.115295398976286545e-01,1.715124933565652376e-01,2.588588856401090044e-01,-6.665553295387643962e-02,7.273122450840147080e-02,-2.330127577092678814e-01,2.066486082233046639e-01,-1.163358626838192633e-01,-1.518269826405184986e-01,9.168030806099117247e-02,2.070579021964281119e-01,-1.878356806430827100e-02,5.213018702897875140e-02,-1.259039412527248637e-02,3.455950612476490491e-01,-3.811543277717833328e-02,-1.222449978884461580e-01,-9.148083047973651349e-02,9.168461442162013919e-02,-5.054046667371066975e-02,1.241609837140730394e-01,-1.976091606313468141e-02,-1.141272556391722051e-02,2.363734321770280811e-01,1.392927589669832322e-01,4.431596925071874110e-02,1.581988923686973580e-01,2.571271007133509728e-02,-1.775625042737932480e-01,-9.592404605230545056e-02,1.275193906981828829e-01,-1.076049130344514659e-01,-5.647440774541805097e-02,1.089124229674191535e-01,-6.274461134538426854e-02,1.619523872190671010e-01,-1.347372281749359135e-01,-5.055142159044288125e-02,1.774337854217383076e-02,1.016771737371176959e-01,4.527099278478503158e-02,1.396259712024886801e-01,1.886103584342163977e-02,-7.013214561764386130e-03,7.361013271424722559e-02,5.952831724863091867e-02,1.044723320124244792e-01,-4.693889882046493878e-02,1.787632046109074654e-02,5.669664319061153146e-02,-6.354714260775889967e-02,4.908489023066146123e-02,-1.449097211902414251e-01,4.481095627680809629e-02,6.017439510872120423e-02,9.110283756977824443e-02,2.975240507275971891e-01,5.578707742329654107e-02,9.015827112782831554e-02,-9.785183488584740796e-02,-2.704734327330156687e-02,1.354138645217569104e-01,1.648859710828317338e-01,-2.483992080282466652e-01,-9.841759809675816595e-02
