-5.257799120130408621e-01,-6.281395018588653567e-01,-7.529011718242702988e-01,-7.812701182595053195e-01,-7.563885045006819574e-01,-6.144827640926243673e-01,-3.972002318863546155e-02,-4.281295211925430222e-02,-1.286893419351577313e-02,-3.872656267465258290e-02,1.385493876050860121e-02,1.062977423215400938e-02,1.630475846549359759e-02,9.808725057248057766e-03,8.682206760841212553e-03,-1.162705024379873976e-02,-1.646056349548240608e-02,1.511307527758614863e-02,1.924942386764955451e-02,-1.311719698746024176e-01,5.761952966610626309e-02,3.341294968582395747e-02,-1.060396215525507141e-01,-6.055072077812544834e-02,-6.240185146720196585e-02,6.903487775840905227e-02,2.533089677501580098e-03,-6.607362825113025084e-02,-1.142712806535758040e-03,-3.198450074723010322e-02,1.575410277712476631e-02,4.950810640548305996e-02,1.556401881991040063e-02,-1.270337361300778040e-02,-8.457337481144125424e-02,-1.136557535902255056e-02,4.532944912213833499e-02,-9.211024527075612270e-03,-4.724881762960547044e-02,2.147129062339253255e-02,-9.076305386363478500e-02,4.841389047496820475e-02,5.666796608759418902e-02,-1.734789996961980801e-02,-3.262422644715977371e-02,1.541032405660302997e-03,5.668395731221419209e-02,-2.033461530272574758e-02,5.394479810057693780e-02,-3.022028033371201503e-02,5.322251568216101320e-02,-8.953715518712913879e-03,2.256397784368724402e-02,4.201345076487959795e-02,-2.980376516591986755e-02,7.211957538922051693e-03,-5.495696072564146273e-02,5.741145462441385461e-02,5.408812063683397786e-02,1.793851185639107684e-02,3.215507266336917191e-02,-1.016303667395879098e-03,7.348386958894413679e-02,-6.270041493510844499e-02,1.399433120325695723e-01,6.885630501103444379e-02,1.046040936185398292e-02,-1.102603633126485877e-02,-3.296000098384792992e-02,2.037197853437104286e-02,1.238006762284579558e-02,1.072532007212785403e-02,-2.133241263776346208e-02,5.606027529596601527e-02,6.593208861539749666e-02,1.389121219221639558e-01,7.572647262085850650e-02,-5.071105289582469866e-02,2.998459065316987776e-02,-1.369720407204839951e-01
-4.684342400551805286e-01,-5.541649806329453920e-01,-6.926072848180073738e-01,-6.829086031547059177e-01,-7.329365610881507509e-01,-7.915852229212748670e-01,-4.246956285064103498e-01,-1.206854216957229942e-01,1.822997632129845849e-02,1.330429937106592519e-01,-4.269098949438580176e-02,6.622547041951583335e-02,-3.177097112082819669e-02,9.422028410146417177e-02,-1.434277814514470506e-01,4.080791965066386806e-02,-4.147251606814220809e-02,3.343372661373266580e-02,-4.997369403426229692e-03,-2.873162310064782121e-02,4.971680464442213704e-02,1.281006786730822244e-01,7.174169152016532380e-02,-6.325383397254612239e-02,4.051726322748172224e-03,-6.052998747466495355e-02,7.445765099141272991e-02,-6.620065704411780272e-02,1.041350925852182856e-02,-9.616957716543953275e-03,3.007234965747231786e-02,4.086136178016330778e-02,1.900812209371515252e-02,-4.521307167337544619e-02,-1.064813505297569282e-02,5.719431931282429465e-02,-5.075349315605667821e-02,-5.056604144423501590e-02,-3.455772919121079950e-02,3.182468275058279727e-02,-3.416946055719038023e-03,7.207515132366036636e-02,3.526314521416841485e-02,-1.216486356152285571e-02,1.096339345783444580e-01,-3.351361941549836632e-02,-3.023632557282829661e-02,4.059936750405505890e-02,2.144743651444747101e-02,-5.018954995599952257e-02,-1.041666923961698243e-02,-2.863569520983061042e-02,-1.767869956452972763e-02,-2.138516876290822918e-02,1.957770453438894762e-02,-8.167971836213640258e-02,-5.532410375630650301e-02,-3.900529625544200962e-02,5.586242014787450721e-02,-6.555435917745780494e-02,-3.691540982548961042e-02,-3.737794534058268975e-02,7.596954916530324065e-02,-1.080228809729271988e-01,-3.503753455652046378e-02,9.347066302073171393e-03,3.723509291899664009e-02,-2.046192441532941944e-04,2.606383526310899687e-02,-5.326097321234172198e-03,3.569931007188308775e-02,-1.988918861800262686e-02,-8.694616605291695388e-02,-3.205723129209887834e-02,1.792762108547140548e-02,2.837897610387667482e-02,5.144064946725084714e-02,1.179852273180643715e-02,1.028936381619651315e-04,7.525455799457500539e-02
-3.668571652053331800e-01,-4.269195061328291962e-01,-5.489377903337288034e-01,-6.338404194176932016e-01,-6.839244336190052342e-01,-6.552761425068154288e-01,-6.490846520056835489e-01,-2.162270116068344405e-01,-1.907763404789850625e-01,-6.165815176638116818e-02,-7.029475690551220679e-02,9.674342038152361489e-02,-9.380012117543147510e-02,-6.397332718921164285e-02,2.858491316318360898e-02,-7.998922964279389647e-02,-3.118047129668836265e-02,-6.298076765313004310e-02,6.094286641668885535e-03,-2.811178998563830869e-02,-1.054203076600145755e-02,7.780925919983644468e-02,-6.038991319150006920e-02,6.383005168235576267e-03,-4.162798730341661646e-02,-2.932903413222005470e-02,-4.291108243337372202e-02,5.163511034734240973e-02,1.772777048056460927e-02,2.903964013212597534e-02,-9.164220848620267812e-02,7.093168236129042403e-02,-1.675418601389166637e-02,-3.396171678940246991e-02,5.267411813977521812e-02,-5.040309662481787939e-02,3.768269110793678878e-02,2.052138184132750939e-02,5.069732683659422534e-02,1.676457026808856688e-03,7.000024971852689126e-02,4.984394635578227872e-02,-5.288835212801738100e-02,6.734066156536775219e-03,-4.478477338388712342e-02,1.569972676608093198e-02,1.023704213689295185e-02,-7.130726209820142589e-03,-7.581869665980314754e-02,7.983952689901287203e-02,-2.760358422633427903e-03,2.169601711851099068e-02,-7.703785479827952865e-02,5.895674092567844415e-02,7.170699978039807299e-02,-9.347943193436802217e-03,7.746001864782482357e-03,-4.076873986023964169e-02,-7.708399478880859079e-02,1.333996069700579302e-02,-7.261378496271107819e-02,-9.615402918914993380e-02,4.248280700793990311e-02,-2.810425085598629649e-02,-3.496748978785654133e-02,-2.046580459268613345e-02,-1.101318874189096825e-01,-1.382107770119453231e-02,-1.746493389872651528e-02,-4.351248689873975228e-02,1.129546276730744592e-03,-3.097789467179270367e-02,-3.213151189020339166e-02,-1.136695896071825661e-02,2.489481244625063247e-02,1.946749656823248617e-02,1.676841625585062667e-02,-3.662976194235216532e-02,-6.750557133130766219e-02,-4.994868532983220977e-02
-2.345393160935037857e-01,-3.509913523397511503e-01,-4.917953927264032132e-01,-5.725235302284840122e-01,-5.925171833109434960e-01,-6.439386224704559680e-01,-6.152503809709558569e-01,-3.418517550575151387e-01,-9.148539231508056452e-03,-1.600019979877056932e-03,3.832915599324600991e-02,-3.817768464976448867e-02,4.334650372929038653e-02,6.971554545326814900e-02,-3.944189652388950529e-02,2.414079034179165625e-02,8.949610938465704657e-02,-7.803654368194390401e-02,-4.429013823844580450e-02,-7.924516570273808236e-02,-3.384108168322490229e-02,-8.339769072694630178e-03,-4.772204109619607171e-02,-4.564511634762900144e-02,1.284714137948108183e-03,-1.914617492316685737e-02,3.440034333269588809e-03,-9.636510139002801498e-03,-1.755338896919973399e-02,-4.762093475664993550e-06,-7.596122726638276923e-02,-3.021888167373248599e-02,-1.457267269903279698e-02,-4.936081190993112100e-02,-8.529560511085169938e-02,-1.313582952628667734e-02,3.065199465271717730e-02,2.352775376726941661e-02,3.048105865992500538e-02,9.923296973090769968e-02,2.506476546624312757e-03,6.309235261231385672e-02,1.059723681106500559e-01,4.353339250343091216e-04,2.194593591819489833e-02,2.534662702165007067e-02,7.480941086218378944e-02,-1.033127426738959624e-02,1.129456276984498880e-01,3.299924174350372941e-02,-2.519884291627846537e-02,-5.582568821469465620e-02,-3.876421417014516008e-02,-3.548020601449394795e-02,2.851292507770064599e-02,-2.696566785580196621e-02,1.238399918568976014e-02,6.620542971001255883e-02,4.751453950554299088e-02,1.237033554268520408e-01,-6.250805926225584674e-02,5.673342236853470139e-02,-2.703268470183190636e-02,3.368182178631626972e-02,-1.361771156600480141e-02,3.841448336378080336e-02,-4.902223608119780224e-02,4.184003824909362373e-02,4.220368553675419437e-02,-4.401841474086446576e-02,-2.935952691776616552e-02,1.763112162047195813e-02,8.820862452688586763e-03,6.493310635729572511e-02,1.054794702501630696e-02,6.044973571594416256e-02,4.100232174145120728e-02,-3.788646392421254026e-03,-8.602880320514856571e-02,6.636012920124802206e-02
-2.257617762063173217e-01,-3.127685438623687975e-01,-3.582127374993549496e-01,-5.783376755902241984e-01,-6.467731905564698680e-01,-5.982386805587078804e-01,-5.933372789968319738e-01,-2.946173996152058883e-01,-1.810184105975924107e-01,-3.360610259492308877e-02,-4.159480492726947039e-03,-3.140131234468369198e-02,-1.320069694023205155e-02,-4.092982978240758407e-02,4.459678947640421248e-02,2.528904361159422381e-02,-8.400395475619527874e-02,6.687709819225882459e-03,3.371655128043356958e-02,9.277082994419752482e-02,-2.240033703258821271e-02,8.554788127388031349e-02,5.082800622948656366e-02,-4.326219506926694269e-02,-5.291175774508775215e-02,3.986993347467228388e-02,2.893955388500931217e-03,2.413587842537384329e-02,-2.227074864529296136e-02,-1.518389748267350882e-02,-3.312547010540685399e-02,3.843541963836172998e-02,-3.187859818217606001e-02,3.092586757857790705e-02,1.115927072336073654e-02,-1.101303162800757185e-01,9.205135983596141047e-02,1.951252277480734418e-02,-6.681073760776731763e-02,1.019540175184767555e-01,1.844971608196454421e-02,5.713052940332404711e-02,2.133342824156954018e-02,-3.008320975937901418e-02,3.861917095219945251e-02,-1.787878134466952540e-02,-2.540616760645581125e-03,3.430989314145009225e-03,-1.241089983954129644e-01,1.297049306326394924e-01,1.824642221528771646e-02,7.890433906571388267e-02,-1.036300634818847488e-01,7.526504497345877856e-03,3.702312239151347301e-02,-6.157643635152651451e-02,5.194823536600454844e-02,-1.274808849215258548e-02,7.746402837132892842e-03,2.006971198600317197e-02,-6.558955327459821405e-02,2.315968983003008352e-02,-3.984286392893335305e-02,6.515291033322354042e-02,-1.700398647218958129e-02,2.184436611757771193e-02,-5.443018095063830580e-02,6.413624356505501223e-02,-9.462040364979827645e-02,-4.211407051211427111e-02,-1.408402161720249089e-02,-6.041838287052761491e-02,8.139807629082730991e-03,1.554096184407250877e-02,-9.568987189699396101e-03,1.086157281837483828e-02,-2.409606074525957181e-02,-5.580274213180080184e-02,1.670112259083924439e-02,2.691409438811096910e-03
-2.096104049501603117e-01,-2.869040054922071814e-01,-3.855484507434752683e-01,-4.514684904258796094e-01,-5.293198249959788493e-01,-5.542134207581378424e-01,-5.356805151479847593e-01,-2.188318075676282670e-01,-2.762347004725984601e-01,-5.336839318445547875e-02,-1.337994763145064214e-01,-6.157609127290284562e-02,-7.261865366875325245e-02,-8.097596815658093805e-02,3.491137181914457082e-03,1.048715484576827200e-01,-3.050217413301390540e-02,-5.174642188341496002e-02,-8.323298857254105010e-02,-9.154923144507888869e-03,7.699822154995795975e-02,-6.415050279498196728e-02,-6.123117997057741894e-03,-1.023429004652451867e-02,1.195473143429519602e-01,-2.537775180233882780e-02,9.748583551939618563e-02,5.481276602337335074e-02,1.989729496562151964e-02,-8.146038197625204980e-02,-5.677772306869988822e-02,-2.754574173294885645e-02,-4.189991041850566617e-02,-3.508723119438421356e-02,-1.007871113793206569e-02,-3.888446703973245846e-03,5.722534175420699275e-03,-1.535071998811883207e-02,-3.473448924191589217e-03,5.442873774189634258e-03,9.664826930650555203e-02,-2.460238505487576804e-02,3.126576449378607597e-02,1.233743412599367685e-02,9.068660450153210803e-03,4.284379148414907412e-02,-8.493161130660805032e-04,4.862775757644248291e-03,-8.623698804081257260e-03,-6.124991473673218473e-02,-1.553218081531016620e-02,2.605321929451227467e-02,3.729753074219337161e-02,7.299363075637320397e-02,-4.459223773243917686e-03,5.735967312499949677e-02,1.456003121895314356e-03,-4.853655578029248546e-02,-7.701492136780768716e-02,-6.988095172307548508e-02,-3.730743307069826764e-02,8.051335671971261362e-03,6.640249398618337795e-02,1.707240223125077241e-02,4.358928535455216385e-02,1.498052183508165672e-02,7.274268234915780285e-02,5.093244841783210741e-02,-1.273408732597286399e-03,-2.272774068230613408e-03,2.195421900853676295e-03,3.904345962835597400e-02,-8.672694782860899954e-02,-3.380165780607828629e-02,-1.825542972351817863e-03,-5.491755461024842161e-02,-4.397859818789109920e-02,6.825972721304005009e-02,3.683573859833669945e-02,-1.274835597340709566e-02
-1.666866395191866357e-01,-3.342318853163584458e-01,-4.389534967614646677e-01,-4.843592542258298717e-01,-3.504238169503415268e-01,-4.591308498687169393e-01,-3.182535417200708094e-01,-2.606464404539216018e-01,-2.058545107500769078e-01,8.799148063399856237e-03,-6.037903261134101862e-02,-1.102667627602855888e-01,-3.513697961097407563e-02,5.335426614752056262e-02,-1.414232781071267375e-01,4.300284813432586617e-02,-5.401322669431615070e-02,2.190231464102006947e-02,1.255660972457909863e-01,5.856598170395299618e-02,-1.745397361275571185e-02,5.427702340345536003e-03,-1.010587724383958108e-01,-5.295763986781525101e-02,-6.049719259308304620e-02,-1.910143639744332211e-01,5.242843460220594082e-02,5.979235836069241028e-03,4.540583452840789118e-03,1.299741675224178050e-01,3.168599721896660747e-03,3.316851768394264016e-02,5.071943546714749625e-03,-1.606414308872675459e-02,7.169678467639682695e-02,-4.484766069968583457e-02,-7.222758337082460511e-02,-2.216545242011122227e-02,2.088772442992443620e-02,4.628138012161563120e-02,4.249213054391714345e-02,-2.254088906404409440e-02,-7.098510561529239316e-02,-6.342102718926830029e-02,-1.163483558275063643e-03,1.040560057661322341e-02,-8.456666100335950842e-02,2.957103063249525224e-02,3.239821529570153721e-03,-3.451271764982248580e-02,4.268084217558919952e-02,-2.891331092405176675e-02,5.692717359051196330e-02,7.629272564403653811e-02,7.441309716113407580e-02,1.451203087549214100e-02,3.382398540814204185e-02,-2.956998208867754607e-02,-8.135258564683621463e-02,3.589057506116271473e-02,-2.254505146541615698e-02,2.984711946634405894e-02,-1.044905737471126667e-02,8.710451216934941843e-02,2.035608154183213628e-02,-1.815922006430405189e-02,4.617880922658937348e-02,-1.407477604525916026e-01,1.037232952773252254e-01,6.148165386811437622e-02,1.572084434311813925e-02,6.720145490154874612e-02,1.825031637543084520e-02,7.383376789086369685e-02,4.454684593351883326e-02,7.874044972778571072e-02,-2.990384099890708997e-02,-2.215279473681633013e-02,1.165086562819029736e-03,-6.722824057717748623e-03
-1.122155222936229019e-01,-6.680373245591600395e-02,-2.312679874654919310e-01,-4.737839374867990339e-01,-5.085597698297869007e-01,-4.292148537719938650e-01,-3.505405287020965654e-01,-2.733581739729115667e-01,-1.256521799131234407e-01,2.731606071542569750e-02,-1.524902198916266716e-01,-9.763598175707406679e-02,1.089145448370787417e-01,-5.683898651775841360e-02,-3.259745845952408128e-02,5.240858146180966959e-02,4.795727125797968893e-02,1.065680082062875761e-01,-6.041699213359488785e-02,-1.925532189285061521e-02,-5.765279183351200432e-02,-9.176336757796699217e-02,-2.655904835584770723e-02,-4.268106510322185188e-02,-4.984434673798355392e-02,1.524455400151426832e-01,-5.348775522108693836e-02,-4.899336557683829640e-02,-7.807632531158398628e-03,1.920049103979814750e-02,3.482956352374298736e-02,3.445102998253129351e-02,3.664805302509947793e-02,-4.305135204562537260e-02,-5.787959245708366313e-02,2.928272391684290724e-02,1.128645580724652910e-02,7.441846530551590733e-03,5.917676310253830452e-02,-9.665412142000166795e-02,3.563035752751908536e-03,3.558735944668209999e-02,-1.508526506795656273e-03,-8.699135250459821833e-02,2.591033392721337272e-02,8.955216020976293489e-02,-3.278256179798952341e-02,-9.086536608760881206e-02,2.616187803202983317e-02,-8.798455252999404230e-02,-3.283019121696833381e-02,-6.281041808452575946e-03,1.964558767459079203e-02,-4.930148647870395695e-02,1.012543424587388635e-01,1.619701079294616139e-02,-1.090744922448781407e-01,-4.051711966441345208e-02,2.704991162021712706e-02,8.231261792286240220e-03,6.878389180827308713e-02,-5.075005573504376422e-04,-6.798174027411842124e-02,-1.727671501411844404e-02,4.956283747192116729e-02,4.057191021595921848e-02,-5.056517149997736410e-02,3.916516827137948506e-03,-9.431596311202072869e-02,5.579185655814919431e-02,4.089445000061900370e-02,1.571996259697480344e-02,3.625923808474269816e-02,1.261489553673907776e-02,-2.906431544072611301e-03,2.912916456094539683e-02,-3.134926318740305362e-02,-4.039127248776781809e-02,7.664822714459312847e-02,3.893231838477450441e-02
-2.358432007483004800e-01,-2.300695625556141988e-01,-3.253573765780077287e-01,-4.053037812354435832e-01,-4.371598506134699025e-01,-4.567030345332868668e-01,-1.847819367198928198e-01,-1.754389178127259072e-02,-5.465582777925082070e-02,-2.074445556182173411e-01,3.758453721046160073e-02,-2.597780112576280470e-02,-6.444881025199004909e-02,9.567607437830752404e-02,-1.043958328942247438e-01,-2.400463067650021251e-02,-8.034271794390439661e-03,-3.540383075376813543e-02,2.425263204598478509e-02,2.127684313208143274e-02,-8.153867241771491081e-02,-8.775704412202153110e-03,1.017665735361139162e-01,2.015684701062737168e-03,-8.864674704135575012e-02,4.598058469099952639e-02,1.340196807367525188e-02,4.001984510293261216e-02,-7.031363181327214551e-02,9.392521773533334117e-02,6.860871800478804405e-02,-6.902335833259384129e-03,-4.862750456175820440e-02,1.002917921577058460e-02,-3.514989245994380035e-02,4.524012886689986884e-02,-7.479321400824535948e-02,9.789517047612594780e-02,1.422542386943917957e-02,3.988546780775887451e-02,-1.189645020085353250e-01,1.910288109316177207e-02,7.021338713723067337e-02,4.980194139494564104e-02,-9.159151257151557785e-03,5.816707193501814005e-02,2.026971523529941602e-02,-9.730540270117908619e-02,1.045844780880218761e-01,-2.620837674930306255e-02,-1.173839276384813640e-01,-9.140809089661612596e-02,-9.207757111700130490e-03,-3.095771006456282757e-03,-2.463897721501673299e-02,1.127709013873501726e-01,-9.321173888703876420e-02,-1.840045892889017112e-02,1.577128294314299878e-02,-9.315775226043238044e-02,5.560840684258340494e-02,3.742323517598210043e-03,-2.888546824818372799e-02,-3.681218640288281413e-02,-4.679864030274284020e-02,1.902853892429764993e-03,5.936835032744707669e-02,9.070562625500759590e-03,-6.093817781816215223e-02,4.721340100508510801e-02,-8.772759342069592903e-03,5.751473938119441506e-03,-1.856957726074711518e-02,2.314545598298485898e-02,6.478897779455181083e-02,6.561262275293427981e-02,2.466212558482411971e-02,3.584183769019446113e-03,-1.026582403502709906e-01,-1.253777651194496086e-02
-1.459471616613514933e-01,-1.026754464371243958e-01,-2.217763817777392843e-01,-2.256686252492444422e-01,-1.275218589077841136e-01,-1.709225394932586961e-01,-2.867280675693056891e-01,-2.262873154318988944e-01,-6.290138574056179134e-03,5.538741021971547301e-02,1.169179815255097926e-01,1.187471772217395943e-01,-4.949900015310355200e-02,2.162374905186455198e-02,-3.762807515891224142e-02,-6.922260817584757753e-02,1.548875225417006667e-02,-8.656438091711216032e-02,4.818785948700551880e-02,-1.203547109994468900e-01,-1.524507175171472551e-01,1.478161876380031658e-01,1.851947400948002892e-02,-7.718685279021196555e-02,-1.165138467423365576e-01,-6.184383258418359175e-02,3.875445088444886416e-02,-2.780834014564009110e-02,5.542365847972593323e-02,-1.105680261346380505e-02,-3.863270957422829111e-02,1.898472864792288134e-02,7.400166212217478001e-02,-3.797669867158670436e-03,6.919557200865920042e-03,1.085634736729579747e-01,-6.330920778332675691e-02,1.463746492266682075e-01,-1.072489625010083769e-01,-2.390186438077512854e-02,-2.228978049717447035e-02,8.578692301232097861e-02,2.664941338145237690e-02,-2.735366081162414476e-02,1.943400806760061869e-02,-7.531065972040265621e-02,3.741236358684803948e-02,-8.438470905877704098e-02,2.815600143379371270e-02,1.786600094333469502e-02,-5.677235723564295206e-02,4.482057234027507497e-02,-2.593023652540765375e-02,1.323563513948562351e-02,2.333358464410887137e-02,-9.284830781955906442e-02,6.573276250633063034e-02,-3.887438798841272997e-02,-2.984823345618986892e-02,5.755994415245354462e-02,-7.686521349153638272e-02,4.058575784212329479e-02,7.008747463764039565e-02,6.197546779236299576e-03,5.404349028040078551e-02,-1.082867078227770820e-02,-1.984716367384466162e-02,3.779822840848361121e-02,5.923704200440009504e-02,4.582287639801452261e-02,-6.852211191407209939e-03,3.313772248713063584e-02,-6.700700969630228598e-02,-3.275254854373821356e-02,7.321302985323864532e-02,1.550625710886378676e-02,-4.714249519996825330e-03,-7.038549795840827981e-03,5.152292569134229484e-03,-6.655495186009037500e-02
-1.832001679596504395e-01,-8.679138129583106875e-02,-2.108499179693198167e-01,-2.734250505571038103e-01,-1.720897656849788848e-01,-6.092383780680368788e-02,7.915426341909306829e-02,3.634943375666884607e-02,1.438133025337537674e-01,-3.294245373742293176e-02,1.656885198432598780e-02,1.208517472327017700e-02,-9.489667526974801537e-02,1.273247523873444753e-01,-1.138331201105246548e-01,-7.171052352138598818e-02,-5.360424022861161666e-03,8.062222688320035136e-02,-9.880244395678146330e-02,8.612817943606136672e-02,-1.130678385186936474e-01,-2.887970865985456381e-02,-1.446512768487693557e-01,-1.456796412187917888e-01,5.730701747970386867e-02,-5.483975436769249895e-02,2.470608518077933857e-02,-2.995556554364110086e-02,-7.770159810509259801e-02,8.325647508507519334e-02,5.632929081726954258e-03,-4.314579313200750388e-02,-8.496316255586863764e-02,-7.467333025621929188e-02,6.322676485771606958e-02,5.292818301308577916e-02,-2.575919360261822930e-02,9.536845564502420547e-02,-1.567955579805513366e-02,6.448011497518681134e-02,-2.579583380934250339e-02,8.473094713271487471e-03,-2.321403238921781326e-02,-1.473950663850839560e-01,-9.178662164548306163e-03,-3.566072362385970529e-02,1.473686710606153527e-01,-1.596668528447466040e-02,3.778162240197702887e-02,3.315997971802475686e-02,6.361201400891441926e-02,-1.922028624913404635e-02,7.876688799895542603e-02,4.917514129246312871e-02,-3.447101163671571766e-02,2.879087720875429801e-02,-2.142516698265679517e-02,-3.316822629962747071e-02,7.129540421732541433e-02,-3.870235083210125243e-02,5.130148647127936307e-02,1.198492814784087479e-04,-3.212279477774096503e-02,-6.969284396640593182e-02,-5.702682147743622781e-02,1.718858132950847051e-02,1.210201717858859320e-02,8.552404774614067329e-04,-1.633038848823893316e-02,-4.577275053902182117e-02,-2.314361480009505603e-02,5.250404734497340735e-03,-8.526561533262521156e-03,-5.483500688153540581e-02,-4.008377871354043553e-02,6.796932663243367145e-02,9.113728419211320148e-04,3.985956257918309154e-02,1.378061699977228827e-02,-4.511300919333752907e-02
-9.219993244317041536e-02,-6.945818554128496691e-02,2.091261372767190541e-02,-4.938022844753752610e-02,-2.408564095580795206e-01,-1.487498074549781779e-01,-1.972424369399701765e-03,-6.918414146704957024e-02,4.250099589152030871e-02,-2.143440280048401758e-01,1.901758319266439595e-02,2.125755295989237639e-02,1.969684896548340447e-02,4.403672254598448715e-02,-1.687864439437459368e-02,6.734669977101531702e-02,-8.951628416273112870e-03,-9.716114126940955664e-02,-1.065399052506130380e-02,-9.056196428870819798e-03,9.954870881851905773e-02,5.950603196779384596e-02,-8.319883266568638136e-02,-1.000669988482114948e-02,-7.172616536380181651e-02,1.204502793225280081e-02,-4.220747913579137728e-02,7.467656406889748577e-02,-1.125034099662354237e-01,6.574147940380234423e-02,-5.749388489517075207e-02,1.479191648817626027e-02,-3.874334212360629887e-02,4.207974879339212299e-03,9.998055998187559135e-03,1.623800704676701609e-02,-3.560893993628393844e-02,-6.335942053432062904e-02,6.733060555531251989e-02,1.462686575705342057e-03,-2.994705082703809362e-02,1.002333047564461788e-01,2.581522314304868920e-02,-6.297808206338030568e-02,4.075173853881897124e-02,8.934512996400748031e-02,1.985233520417234443e-02,2.625916072333859749e-02,-4.076019793598852081e-02,3.882154462615110962e-02,-3.545415359409746087e-02,1.473769452398169698e-03,-6.508781093464274803e-02,2.717886146073965337e-02,7.060458861203176839e-02,2.454985580354055938e-02,3.468593824486183863e-02,-3.577612345640415054e-02,-2.881225759451896615e-02,5.418603134890946638e-02,-4.565638681512484282e-02,1.125544380369748743e-01,-8.731759303644330561e-03,-9.023976631653522415e-03,1.813098192627052643e-02,6.646316284275574637e-02,-5.780410790620660322e-02,5.961990914479838727e-02,-9.616171659661788829e-02,-4.986063885518450534e-02,-4.395321883110379219e-02,4.477407121200596696e-02,-5.498881429943371785e-02,-3.837207015432893276e-02,-4.127765941144089998e-03,-3.073026848859449606e-04,-1.023314317097916010e-01,6.903357729662723541e-02,6.050417308074510642e-02,3.018493950450581108e-04
-3.621019389078171391e-02,1.094865579217080449e-02,7.276406801812228264e-02,-3.940653098667901838e-02,-2.509402300607719294e-01,6.837860427419267806e-02,-1.846989059649464804e-01,1.538577438761690522e-02,9.800438195055863680e-03,-1.921942527181271301e-02,-6.716445432644189972e-02,3.237300862754077108e-02,-3.008529500678622584e-02,2.190925874061501466e-02,4.150794780556029545e-02,9.047603364981098018e-02,-1.779195717495628964e-02,-3.331713313787426634e-02,8.825887334355840899e-03,1.637195745592394114e-01,5.282659490648007605e-02,9.248865422022875538e-02,-3.068504134775665998e-02,-1.190413241393924876e-02,-5.340076457231927171e-02,5.229356766160440234e-02,-4.759995498203726388e-02,-6.481871824534832932e-03,6.579319838353783756e-02,-1.241888194151241631e-02,-2.718389551039883043e-02,1.502661790909943021e-02,3.946389682364274953e-02,4.803673720815382700e-03,3.453869612714857620e-03,3.387205812068191935e-02,-6.648674417657637892e-02,5.008706302207135280e-02,1.540159511985513818e-01,-3.799333998752849745e-02,-1.217386025710591319e-01,2.058104896545875084e-01,-6.894011756067137953e-02,1.441056558130615964e-02,4.365894638525304877e-02,-1.160195464529729936e-01,-4.248305101635294762e-02,1.874986655340267873e-03,1.240257068474455715e-01,4.402328241388742819e-02,2.520202722387182917e-02,4.505606581287714685e-02,4.207606371549606206e-02,6.081779001869051099e-02,-2.294991849216785479e-02,5.170946198109142855e-02,-4.996036605196720742e-02,5.888161015446871649e-02,4.564870356430757170e-02,1.667676263066491041e-02,-2.111717715899027667e-02,-2.075680901148090063e-02,-1.547529309508637596e-01,6.468988321202970293e-02,9.256103633962406430e-02,-1.656955393339680851e-02,2.834690080950095364e-02,-6.628135227884345004e-02,-7.249813586222475861e-03,-9.370255543959501651e-03,4.244274250122202080e-02,-1.334533938494834003e-02,-4.377483752821037868e-03,-5.442881964006462958e-02,8.706594365289192783e-02,2.240003661796328982e-02,-1.140840517515342122e-02,6.650695249437584000e-02,-4.236469379520049067e-02,4.233605733232758024e-03
-1.738394526741101342e-01,-7.970554687627232635e-04,-1.885620196333226695e-01,5.100362729659532225e-03,6.171999192819845048e-02,7.587425429324526349e-02,-2.795124910211930006e-02,-1.533819595168336158e-01,-1.139497188531656546e-01,-6.045790176122611131e-02,1.969781844077572730e-01,-7.907720761807575383e-02,1.001704223034949465e-01,1.614267192993288497e-02,-9.014382520237035346e-02,-1.174444929765784684e-01,1.421865975124721737e-01,4.463502726071841287e-02,4.213095430407342440e-02,-1.129192409923928699e-02,-7.085552912579502760e-02,9.457034851565772338e-02,5.788671837058226993e-02,4.436957186434057482e-03,-1.027131072217093155e-01,7.925303164029662284e-02,-8.331230737562003719e-02,1.850427015363004593e-02,3.968432545247036619e-02,-5.081517555345944209e-02,-6.448227282307442132e-02,-3.964064014685501902e-02,-1.522293645465660691e-02,1.019354574431648348e-02,2.835000964074497597e-03,8.077668822317869701e-02,-1.178029062454777343e-01,1.212270213936244949e-02,-1.224320356524225863e-02,-1.243853120787634103e-01,-2.042449210886210925e-02,-5.517647740499783543e-03,9.245772078632044644e-02,6.301626956402032499e-03,-3.739324993693296517e-02,-4.280931832315093555e-02,-3.938625856204850534e-02,2.438485213889650741e-02,1.301591246026517074e-02,2.318429241896522233e-02,2.262513796386187923e-02,3.778767114615835809e-02,-3.833773031523448477e-02,4.210574580092341090e-02,3.633674330557713078e-02,-8.540468275088723693e-02,3.076596686692108576e-02,-3.213243615180692847e-02,5.154178406920202626e-02,1.583251054601642407e-02,1.652941122744644095e-02,-1.089585782239737427e-01,1.571112591043303044e-02,-4.077388591936237372e-04,1.446221145499785275e-02,7.137452622615832881e-03,3.242017104473630951e-02,-1.484743847680865605e-02,-4.441466131230652897e-02,-8.926609139781446767e-02,1.030353777824555284e-01,1.675847312809851039e-02,4.498399166523919107e-02,1.052329272371472363e-01,-2.342693940975390868e-02,-2.805209209239572024e-02,4.585610730268033924e-03,-2.443777852202810852e-02,7.527892386400114166e-04,-4.270516358015440800e-02
-1.357272405293910578e-01,6.944510661534236684e-02,-1.400235807886916206e-01,-7.827980948158189123e-02,7.264926305482768965e-02,-7.167163750280032553e-02,1.928425830165725052e-01,1.279285056468741077e-01,-3.938682558046555787e-02,5.530560673502441654e-03,-2.184771838422792933e-02,1.172868629931783091e-01,-1.006883701205691373e-01,2.051917250648039107e-02,-5.711294816540905123e-02,1.164352855501166323e-01,1.236740056161208662e-01,-8.528985512292870663e-02,-1.757778696057771539e-01,-1.795109847800003405e-02,-7.404765187832013096e-02,-1.308177671260642994e-01,-7.006136807118704124e-02,1.245411799910986633e-01,-3.752360595471104787e-02,-6.887399780859821893e-03,-3.245044899955037976e-02,-1.318449346919365051e-01,8.441925494621039736e-03,-3.130168627619238364e-02,-7.280827522644596483e-02,-1.471762491955308505e-02,-2.630638479884385081e-02,5.520046703597703691e-02,8.243592082910719543e-02,-2.124768345747525197e-02,-7.397687242502790084e-02,4.690995493545721431e-04,6.293589401708822584e-02,2.809457651470237405e-02,2.925135995257886062e-02,-4.759098044294956392e-02,4.549913208581302798e-02,-8.608087294691446970e-03,-7.534766776183139669e-02,-9.494073196713527507e-02,7.774761723162100513e-02,7.954494517204588333e-02,1.096763694383191684e-01,1.950645269596808229e-02,5.006713821158044475e-02,-1.830631082358576481e-02,-8.893333765712485572e-02,-3.099811520329539064e-02,3.924253911359068536e-02,-6.706453518868778219e-02,-1.894794659669570697e-02,3.907545490353298706e-02,-5.836612066558810596e-02,5.095174717749556895e-03,-4.027984749733619363e-02,-5.818916069715231176e-02,6.852926166826904357e-03,-7.024533192123365299e-02,7.552779194971152854e-02,-1.151359426979232381e-01,-3.332897217819853070e-02,-7.884251681199955231e-02,1.025344438338752079e-01,-5.302183228227508316e-03,-5.421198765575001993e-02,9.968339231562038660e-02,-2.885879086469206670e-02,1.482687880227958992e-02,1.569355854735143829e-02,-2.565861007623006923e-02,5.868732803125506492e-02,5.967517088670633296e-02,-1.209339287815444780e-01,-7.669767181712363116e-03
1.367854078001244089e-01,-1.699519777877531168e-01,-1.704469039242696438e-01,-2.344473805904858169e-02,-7.773720869167904772e-03,-7.708166131708443780e-02,-7.488851921751979446e-02,-8.284591119469576770e-02,1.842279245083628669e-01,-5.404840955772566985e-02,7.361951429626721610e-02,-5.321590874504823071e-02,4.057905245461716076e-02,-1.108689886158900455e-02,-8.999850451804444762e-02,1.392057179536439204e-01,-4.498164153061355065e-03,3.023314691677829198e-03,2.633504392320633672e-02,2.913064661696433688e-02,8.895597694876506908e-03,1.639792498676091170e-01,-3.098294576091997071e-02,-1.073535872985045686e-01,6.516257556816280883e-02,1.998889141604647934e-03,4.146501923904758607e-02,1.006647230500576640e-01,-4.822528569352718154e-03,5.425753041740698224e-02,-3.759647959658055094e-02,9.378934987387689548e-02,-2.123164081798665365e-02,-6.223174263925998484e-02,-2.583274461379516176e-03,4.326866942572859392e-02,-3.190993095613318953e-02,9.674004955097088810e-04,-1.455010210532814950e-02,-1.658901787861017871e-02,2.157504955723114209e-02,-2.601461407314550542e-02,-3.279688226947507362e-02,-1.799161903143550179e-01,7.455549013103127121e-02,-9.396271746044414924e-03,-5.791662095964911217e-02,-1.275603855281280397e-01,5.386203997946494015e-02,-1.996247785447385903e-02,-1.001380436272097385e-01,-9.699253634608018607e-03,4.605602231666861696e-02,1.260341489777857815e-01,2.918764907625883212e-02,8.325746596760150164e-02,5.117784477522701464e-02,9.270512694318365499e-02,-1.247205938283512013e-02,-6.773112497041680787e-03,-5.872861853489032974e-02,6.192100253073015009e-02,-5.700634275194716577e-02,-4.171068584614885666e-02,-5.187613301082783478e-03,8.002727805929650551e-03,-8.533179154978445813e-02,2.735924003382870021e-02,5.867425626374311171e-02,2.104576066400175305e-02,8.474145938478413673e-03,5.847832754965897467e-02,6.405142093249099888e-02,6.638310468767845418e-02,2.047492460034048070e-02,6.854043915847139734e-02,1.639151892337026252e-03,-5.504940261140852525e-02,9.441453515991569956e-02,-5.159730206520340284e-02
-1.742457250796239643e-01,1.457368328556816472e-01,1.379705098881010283e-01,-2.178289174190524771e-02,-1.999444651189769273e-01,-2.769783450795694768e-01,-1.140957515938385014e-01,-4.422763968789829997e-02,1.100166863017265975e-02,4.404305809788331555e-02,8.629189482153543089e-02,1.259095886177308554e-01,9.136287150296464044e-02,-2.067009152998979665e-02,-9.451567272362224048e-02,-7.114008758432917301e-02,1.208843482503072497e-01,-7.499461246264951808e-02,-8.340667776446296366e-02,1.088149793843670894e-02,-3.700931151701530863e-03,-8.015233474438217265e-02,2.770094646697207966e-02,6.286631345165528961e-02,3.200312069964736383e-02,-3.865650484729475644e-02,-1.474414004945832357e-01,-3.562691136902725042e-02,2.089875396548426453e-02,1.416608485506439252e-01,7.253980729820014295e-02,-1.131744050557814962e-01,2.972380023620534162e-02,6.947928944504692950e-02,-3.784615482192874719e-02,-1.778251284185059650e-02,-2.742422036479054154e-03,-2.097236391002188505e-02,-4.153264383338177435e-02,5.237038406804576246e-02,7.671703490829805128e-02,-1.030677266270159809e-03,7.732030466730625828e-02,-3.801542183711372619e-02,7.627885399468407879e-02,4.148945032561779031e-03,5.456160078991752899e-02,-4.223987502817402873e-02,8.666695785721316436e-03,-7.315477625594520028e-02,-6.310760553887577451e-02,8.650321605001225211e-03,-9.237341533533624874e-03,9.028303385153228777e-02,9.551300014281130513e-02,-1.902211639402162993e-02,-1.889316154975096695e-01,2.969010242609578312e-02,5.323958037911744740e-02,-2.315563019846269416e-02,3.326047965924735974e-03,-3.340146608005034774e-03,-1.911674158245323801e-02,8.710109677927208027e-02,-5.585817375385341427e-02,-1.747597177364333676e-02,3.055682566572731976e-02,1.371848910055326887e-01,-1.983992329698898993e-01,-1.219657648173568670e-01,-4.332874413667805319e-02,-1.014818427396975559e-01,2.207794039303834221e-02,-5.122831973718744436e-02,-3.213084131276035954e-02,6.349243108769350719e-02,2.388633838662049605e-02,-1.510391858973530316e-02,-1.012302524692470507e-01,3.168925885352440186e-02
1.049453691996233423e-02,-5.036817502558443155e-02,5.932178516131233342e-02,5.333616156996468134e-03,4.612452508412067526e-02,9.089067355420296646e-02,6.584107361971594519e-02,-4.247035261914162974e-02,1.317969424471860385e-01,-3.856129248552143951e-02,-5.284999317779861400e-02,3.726536229862728589e-02,-3.847532026295841234e-02,-1.342212757641576271e-01,-4.713249620090178421e-02,-1.201040245270093010e-01,2.691283531787419872e-02,-3.066733172615911454e-02,-1.930813079546313607e-02,6.769355221656522814e-02,-1.539130823349421813e-02,2.767623135500875686e-01,1.202404767189045737e-01,1.640743491037071067e-01,-3.146618234499330008e-02,-1.036472411503366053e-01,-6.376830591537632764e-02,3.104653899647186882e-02,-4.562361406690656346e-02,8.827755724198541043e-02,-3.493091198918951701e-02,-9.140893330526868310e-02,-5.355812235842737773e-02,-5.988688909231257296e-02,3.549238358980328495e-02,5.067258271708768164e-02,-1.971599455143591695e-01,2.899345984574486917e-02,4.692092531139650628e-03,-3.292735689429756446e-02,-2.507301991693747581e-02,1.785062673840419889e-01,-3.414317642724799123e-02,-1.254617998483228414e-01,-6.624357277206932570e-02,7.585945795361197230e-02,-1.477273786512988407e-01,5.257698479120490043e-02,-1.386504447601948423e-02,-1.631802166692617947e-02,-5.462893755000089446e-02,2.858132868038754798e-02,2.784722790643639687e-02,-3.475945496675007795e-02,-4.703155780623849425e-02,1.370416675934663965e-02,-5.129223393111925419e-03,-4.063417757410435482e-02,-3.969224601424554966e-02,-8.063864273640440616e-02,-2.823113689678065710e-02,3.674803186426161411e-02,3.945122438901827594e-02,-1.443709744858837074e-02,3.043523457177306143e-02,7.518430899892664110e-02,-5.955103214356489288e-02,1.419648491569139477e-02,-2.754908391208021196e-02,1.992207984999374291e-04,1.127686952323848218e-01,-8.012343697639968954e-02,8.627862292627594409e-02,1.248455534052474690e-02,-8.360549789425163192e-02,3.047257670934575956e-03,9.457477074128120900e-03,-9.402374039079815227e-02,2.146471621447541833e-02,-1.612159333000926648e-02
-1.831482282341806711e-01,7.612835767166295509e-02,-1.997665798148068050e-01,-1.864045811677369213e-01,1.275783185217468363e-01,-3.204576877039540250e-02,-1.469152300289170709e-01,7.286909429798199556e-02,7.804560841953657457e-02,7.949449098531609359e-02,6.341631197248610852e-02,-7.792879386096851491e-02,-1.200533655567200507e-02,1.728499462301902878e-01,-4.726607658253906968e-02,-7.368846785861965509e-02,9.709686079819858373e-02,1.217444819843581244e-01,-1.366432355370097995e-01,6.668118036058470754e-02,4.680484482868174645e-02,-9.157291586828351926e-02,3.251006589298390675e-02,4.778813757234180726e-02,-1.148919475860401690e-01,2.292839627476472852e-02,1.494070549666407233e-01,-3.442272178741405397e-02,-3.513794998840368000e-02,3.082877106222300587e-02,1.189791556056625683e-02,-2.492836600085160739e-02,4.339702725279767637e-02,8.689096900112357191e-02,-1.441739503978063108e-01,1.757889491712076114e-03,5.739533617391020387e-02,9.043695345109769787e-03,-1.795787143311293188e-01,-8.206710974988129514e-02,2.284725779832309095e-02,3.669631828130301421e-02,2.804956713385441808e-02,-7.656016461274615936e-02,2.218709631628712139e-02,-1.742515389559871550e-02,-5.324929337373327139e-03,-5.529862771236906255e-02,-1.022055590173302775e-01,2.568742972871392374e-02,-1.077602717706881985e-01,-9.172955387976772235e-02,4.685863548752108171e-03,-1.576201982208580432e-02,-8.856592067805144075e-02,5.375813772044850912e-03,-9.033292656430698397e-02,-1.330277944105125003e-02,-1.013260951900851470e-01,-2.843821946685431284e-02,3.139938417348572038e-04,-6.186026360076308378e-02,3.660058354247516799e-02,8.126079868548900798e-02,1.759719291942306654e-02,9.479089767443596437e-02,-1.035624044974009852e-02,2.708949406213287045e-02,4.205254479480768914e-02,-8.597829599304904202e-02,5.134926534451408203e-03,-1.006831252719660036e-01,-2.314612195103918704e-02,6.460855702188565697e-02,1.858884328620621570e-02,-3.030847576674255278e-02,-4.341323933062620627e-02,1.989962865834994654e-02,6.214095739424438380e-02,-1.374268304284456677e-01
-5.810950186131109974e-02,-3.896988147869439451e-02,1.365479321289548298e-01,-6.683584678435365578e-02,-3.281190483529292101e-02,2.998057029752073180e-02,-1.276853436247041007e-01,-2.691641344585892284e-02,4.259240634252513952e-02,-3.065225049892021051e-03,-1.060304799900619321e-01,5.722679405737445685e-02,-4.017001374522369272e-02,-2.370435922768167336e-01,6.611275691192632087e-02,-1.454639586935934856e-02,-1.996286892612463004e-02,-1.118462960235323267e-01,-1.187371546419574847e-01,7.683117767439220924e-02,-3.712503824386900048e-02,-4.365387467126040193e-03,-1.536838459528267094e-02,-4.388506237020945583e-02,3.505541744542273880e-02,-1.251074219607953841e-01,-9.449833808108545896e-02,2.982343947032598669e-02,6.249867905288423314e-03,1.372396163827156040e-02,-1.613067283108778338e-01,5.478147324255048384e-02,-3.128466583028486486e-02,7.003555470425718021e-02,-6.412028555741040858e-02,-6.392256804923743263e-02,3.955426039675620509e-02,-4.442528274974926611e-02,-1.363054395365031479e-01,-1.325792494486210775e-02,-1.377374502274556108e-02,-2.173646216294011779e-03,5.369357460266277471e-02,7.419152474210623065e-03,3.663672063732896500e-02,-3.106650074213391718e-02,-5.802876374658523517e-02,1.926559106470178070e-02,6.217786252794373081e-02,-1.334856412456034702e-01,-4.048478822976322306e-02,3.060430437393860809e-02,1.506571110417024295e-01,3.026303788762890398e-02,2.488553048691809905e-02,5.157024413979522520e-02,-1.072767644066039000e-01,-1.786417920940543483e-02,6.973926534461923066e-02,9.881722761785199927e-03,1.257838307528490462e-01,-6.226141861805857547e-02,-3.407522439121928037e-02,-5.315766618230742535e-02,5.858427717928869211e-02,8.495668669611046442e-02,-7.183022827897787843e-02,-4.132713544911224834e-02,-9.317845345964864689e-02,3.063275643914402553e-03,-2.736614047952952086e-02,-3.365836739653826903e-02,-7.588094060452012235e-02,-3.493600984906815310e-02,-1.560078989184439900e-02,-9.958468793803693098e-02,-1.600338510250444435e-02,1.879950441691598251e-02,-5.516237392885602747e-02,4.060793355835169011e-02
1.750422339703290586e-01,4.500043453091469997e-02,6.718324918177231986e-02,-1.178067738208374814e-02,7.457357424198320095e-02,1.941527434972507571e-01,-5.947884172959618659e-02,1.289215458593599706e-01,5.355080321142648841e-02,8.330882419265843442e-02,-7.247486313789877621e-02,7.046645893600551880e-02,-1.179009482483405792e-02,-1.872037056151033829e-02,1.108184768011760968e-01,-2.960442001101629833e-02,-2.979140709734457229e-02,-1.104358267630341228e-01,1.149020363440586417e-01,-4.689134915258427066e-04,6.516094047500192721e-02,2.779207707885902184e-02,-2.319369436881323077e-01,-9.476237172173559986e-02,-7.229691751471353789e-02,5.821728283842140389e-02,-4.054580760242047083e-02,5.228099228325424480e-02,7.795049827516271901e-02,-4.090300120489658020e-02,-1.123648733049723361e-02,9.431512163455505610e-03,-6.557876982936387822e-02,-3.314602986846303112e-02,-5.316468940364985941e-03,-5.135373413996473929e-02,3.067916075975112358e-02,-1.083537641014271913e-01,6.550371355026157749e-02,-6.596385582731563446e-02,2.104203988158687144e-02,3.553157939747898786e-02,3.492237857691149472e-03,6.171589481801394855e-02,-1.590027111310535202e-01,-2.850313376719051071e-03,3.675100231833498127e-02,5.652918013547199305e-02,-1.524318928564864090e-02,2.561103026188903814e-02,-3.671252159187236852e-02,4.034384779115587211e-02,-1.489742248257404644e-01,-6.445702776013806368e-02,-2.233344435800584810e-02,3.783724635657840368e-02,-4.673426306187513334e-03,-6.768533674215305995e-02,7.138068047794586535e-02,-2.377918939820799354e-02,4.628467383439179537e-03,6.437632216210228964e-03,9.389576223517928644e-02,-5.352365400181632177e-02,2.105187658064665984e-02,2.749019059631285442e-02,-6.070586378493302709e-02,1.934698651327998366e-03,3.262499914467210937e-02,9.268144695272349798e-02,-1.322212051095403296e-02,4.601109375727671646e-02,-1.876055795499965637e-02,-4.626584099660882576e-02,-7.813148415984702555e-02,-1.716851563196804820e-01,-2.827286086961551190e-02,1.625612851415409940e-02,-1.005495046610507121e-01,9.100192886951576077e-02
2.096853427401718095e-02,1.887898430502755742e-01,-1.783130616248798372e-01,-2.234202489003278003e-01,7.666436272732743418e-02,3.382234720640869136e-02,1.629558996108517177e-01,-4.942724462445491525e-03,3.076214516156393006e-02,3.182362444710787330e-02,5.241139701156578151e-02,2.095334040054944169e-01,1.001955471073249192e-02,2.216085311818745407e-01,-1.473930310499351193e-01,-7.051508258509955884e-02,-1.767453158081457310e-01,-1.649208869567489119e-02,-9.636451217117573791e-04,-2.826696967276016992e-02,3.316444512848299581e-02,1.230645301231579614e-01,5.891591382907428870e-02,-7.576586058440609728e-02,5.031353136525699987e-02,-5.595195288747049217e-02,5.569579597928597109e-02,-9.216509459334895626e-02,-5.128908147175952059e-02,2.767147859420525727e-02,-6.764078493634929912e-02,3.738580081793339491e-03,1.112486073064096609e-01,-1.423004745277618374e-02,-5.159759952559474748e-03,-1.242060149886578362e-02,-6.139662292638015800e-02,-1.764905127527610640e-02,1.021114211963621565e-01,7.782094076520849890e-02,8.144469387310998565e-02,-4.773119005093680832e-03,-7.577492585905040712e-02,-4.803073654795376318e-02,-7.677217190080902476e-02,1.041550068371449450e-01,-2.618106893343889741e-02,1.099096452942925212e-01,1.338898094467287116e-03,-3.255507977993289670e-02,-8.642114256173681619e-02,5.954339089995903250e-02,3.358479439877382067e-02,-7.009042447027945266e-02,-1.735587233879517383e-02,2.226822049515063406e-02,2.473171990435683171e-02,1.344227004614777059e-02,1.031952838761234365e-01,6.682345039938202003e-02,3.930908523770653556e-02,-1.786659158577089818e-02,-1.423333984942100859e-02,-5.546918201380893892e-02,-5.608605809635978066e-03,2.883726099334440324e-02,-1.456255962501895249e-02,2.975128855894819749e-02,4.836278869938869657e-02,1.259404885775627092e-01,1.826319732358741912e-02,-1.648482993301327026e-02,6.217049850010687717e-02,-2.402719546713583815e-02,-2.439406318266287496e-02,3.937036332082555212e-02,-3.686760736607670036e-02,-6.043955417893484561e-02,-3.249509179882988097e-02,1.608400122751001485e-02
1.685870362183277682e-01,-5.145155203237585656e-02,1.780485026054060699e-02,-4.408157428125193678e-02,-1.082164128433871220e-01,-1.063905042139631635e-01,2.531485576762816658e-02,-9.718071411179463048e-02,7.412870974131317847e-02,-5.004701220172502046e-02,2.944890750559491649e-02,-5.243966493177669441e-02,-1.215870663772710691e-01,2.348671017337309111e-02,-1.077596301512142862e-01,1.047453085252240089e-02,-1.160469209769659643e-01,1.222624000978927844e-01,1.447449134506345048e-01,-2.093427520244094397e-01,4.615136882733095192e-02,2.854570673742268597e-02,1.752681344543673397e-03,-1.116750159401997365e-02,2.282069804038670477e-02,1.615869585793915930e-01,1.375857629223714226e-02,-1.987096676366959316e-02,-1.688010376506765206e-02,9.342024321820055488e-02,-1.341568979483403201e-01,-1.501879181294490939e-01,-1.139414735048797922e-01,9.354413086879695416e-02,4.727452670796832013e-02,-2.495646159860755858e-02,9.063261379444499666e-02,1.532998917400220373e-01,1.944987090007769702e-03,-4.368957447128320876e-02,-3.100026319978104600e-02,5.453835580952241108e-02,3.761542001164543819e-02,1.136701287216331929e-01,7.051839728006611963e-02,-3.636251628864951846e-02,-4.187908880150970070e-02,1.926547305775605165e-02,-4.508962808243299758e-02,-6.045775394036835559e-02,6.607723963293422875e-02,-7.478670831964687182e-02,7.264396033843477374e-02,-1.985678304126015092e-02,-9.214798742001857265e-03,-6.468612320060909693e-02,-9.075509740451093502e-03,-5.126291268085193809e-02,8.360455461328154814e-02,7.243919015607222511e-02,4.285682530866002232e-02,-9.132529391788830886e-02,1.149654536326587539e-01,-1.764191012316212309e-02,-2.228914381178870394e-03,6.456996890004207401e-02,-1.823470801924390386e-02,-4.726565599677245988e-02,-1.401965635227924167e-01,-1.181465477156713045e-01,7.487354713811965150e-03,-3.385626212389016010e-02,-3.863031963474132524e-02,2.754635172107277458e-02,3.012933057113213395e-02,-8.830575933180537240e-02,7.320188648761830758e-03,4.511766404513786743e-02,6.187889127344808199e-02,2.472270134539952032e-03
1.991188250466273402e-01,4.135543711611188583e-02,1.235121649013656018e-03,2.610095772546481771e-02,4.473679666517751952e-02,1.396925616270569825e-01,1.935727376772352903e-01,1.505232544344274337e-01,-1.166232225021083813e-01,-3.821307814639857831e-02,-8.299835900649013554e-02,1.462418162829355606e-01,1.964076219957363017e-03,-9.413231207928968169e-02,2.042195923309518893e-02,1.961094984206489811e-01,-2.205990514465023741e-02,-1.502058224658789076e-01,1.257929263263589947e-01,1.255023699403472193e-01,-2.915970731730750318e-02,-9.879964559396227364e-02,1.222703220701844840e-01,6.984116017047228842e-02,1.335526233441651778e-01,-4.509244713493518186e-02,-1.892866393342766129e-01,4.689981558298946668e-02,-2.224746652631260507e-02,1.380673616075925141e-02,-2.706309632376371552e-02,-3.204466785639711185e-02,-7.723181131510811759e-03,-9.131071217962563602e-02,1.406265455898758968e-02,-7.695933647102881636e-02,7.246671092322727603e-02,-5.429920289167900621e-02,-1.843014503485515890e-02,4.128634552256868484e-02,6.174564186818896211e-02,2.242589983410146065e-02,-4.420437060274089863e-02,8.303059784287247997e-04,-8.252268450898508911e-02,7.477673513523801219e-02,1.080313525251204720e-01,2.242167627389894148e-03,4.392463597688132243e-02,7.210225595738130322e-02,5.867494799262285704e-02,-1.103727673513073410e-01,-3.352330068515686767e-02,-3.230686523893875478e-02,-1.289772740431124540e-02,1.366777223123940566e-01,-1.470233921284247111e-02,-9.502850029034053125e-02,4.066460050957633118e-03,1.318073398376099215e-01,3.359991254224170467e-03,-3.350640785662420407e-02,9.269124419641401602e-02,-5.727296946863834337e-02,1.325386812764379335e-02,3.169205569429043440e-02,1.569879576795555134e-02,2.456030661884689437e-02,-3.007275744649766380e-02,-1.691897428840521619e-02,-9.940416149762391906e-02,-6.075346701946043176e-02,4.087301063429110010e-02,-4.958169720041837036e-02,3.875545193669774346e-02,2.066254989052296234e-03,4.122061286651410722e-02,7.033353180788394499e-02,-1.678463105181875539e-02,3.744501499016413687e-02
7.779312398542000129e-02,3.960216186483411782e-02,1.745322355004686019e-04,-1.290234556843088132e-01,-1.435082829822944828e-01,1.809672429677370437e-02,-7.628394683329500769e-02,3.530827700239383971e-01,1.411527597159535907e-01,-5.078559976002434972e-02,-8.615948604182584181e-02,1.343762683475005215e-01,1.557973881464733423e-01,6.839455444999872381e-03,-6.250072890053373631e-02,3.915651154108814452e-02,4.622892212218473323e-02,4.558898093264773799e-02,-1.474287476616514270e-01,-1.763168845874782675e-01,-1.255453068428197538e-01,-5.360459427471078730e-02,2.282053830840475792e-02,7.480613249887310169e-03,-4.517271166217901729e-02,1.276574960495213407e-01,-5.052828651234372078e-04,-4.086508103460941184e-03,-5.749703048319843024e-03,-2.675009593287272155e-02,-9.615322668962798802e-02,-1.198300056151072462e-01,2.405455430660716210e-01,-3.617211753707270938e-02,-8.084850697831384020e-03,4.206648376648166113e-03,-9.015557838771597055e-02,-6.661118372527541354e-02,1.147523017238626618e-02,-6.379730357867369195e-02,1.241951551887472693e-01,2.990743394547249953e-02,1.346900238508881853e-01,-1.008223359620007489e-02,-6.912759665553921962e-02,-5.048431286570246451e-02,9.551174690986179161e-02,9.392701826954126532e-02,-1.172806608486614971e-01,7.408660743452689934e-02,7.788897018185778065e-02,1.871790296475983606e-02,4.888062732855454756e-02,-2.302151740656647669e-02,5.598654216717595389e-02,7.727115289764191486e-02,6.750240064214793612e-02,-3.021267935384698566e-02,4.792233290892621012e-02,8.079328269969880683e-02,-3.333208357825739182e-02,-1.805440320030092180e-02,-4.056843737837938224e-02,-3.164455826871316602e-02,-7.193472440529920242e-02,-3.096126151350542255e-02,-5.576021282495515624e-02,1.719021365113579045e-02,-5.839483578011041981e-02,-1.580678241737050460e-02,9.881600208233205784e-03,-4.574495493125729090e-02,2.991745741773810252e-02,6.590951309389053714e-02,2.877687362133817678e-02,4.432530329929450924e-02,5.765719829932688945e-02,-5.700242102982277376e-02,-1.122604437290113250e-01,5.795160391359100577e-02
-2.807498004535243560e-03,-6.333113844482522736e-02,4.318022524816979291e-02,3.953963992712938164e-02,-5.535198476503130210e-02,2.145602777136532413e-01,1.907045330648961950e-02,4.789075688440148915e-02,-1.074231973260631884e-01,5.757924289869415652e-02,-7.023192346767809235e-02,2.653970979293397009e-02,2.627460797753075616e-01,-5.961443258741860700e-03,-4.507333010000902536e-03,-3.230976937781003533e-02,-6.478061548418026505e-02,-7.312434232293399394e-02,-1.242410767195991361e-01,6.649696302872647180e-02,9.878453732582508084e-02,-2.365531181962741633e-02,-6.766688925315662850e-02,9.391340254309238356e-02,-6.360851711576991085e-02,7.113536767779425618e-02,-1.308117684127226010e-01,-5.845999383360143270e-02,1.788962972203631818e-01,1.086324985955831185e-01,-1.031974091754409434e-01,3.248866058116700595e-02,7.821763170353361605e-02,-1.457947377650058163e-01,-9.318104241065255228e-03,-6.910876092226994616e-02,4.670553758162789698e-02,-2.645189526258917567e-03,-8.042176511039703102e-02,-1.308496443378569241e-01,1.280049558385870367e-01,-1.208605235100674441e-01,5.274526816085103875e-02,7.155485400462268004e-04,3.890709459581057073e-02,-2.025824744246322237e-02,1.721332922547569311e-02,-3.085411842414531591e-02,-5.144244693613164027e-02,7.833855763998832933e-02,-7.002537203175011882e-02,-5.332666877514741915e-02,-3.977737368900412240e-02,-6.461033215349390804e-03,-6.402876855585831750e-02,1.324529625986649826e-02,4.558519290279502978e-02,9.084589189923163166e-02,2.614000781435680057e-02,1.691576892225969339e-02,1.890096367034122676e-02,-8.205567636714070079e-02,-5.413807512088964630e-02,1.136355993462853375e-01,-8.198191990377017013e-02,-9.151795249452233938e-02,1.230817137927338323e-01,-2.988863009969115053e-02,1.030319729935727235e-01,1.344910521809506987e-01,9.304178023490113471e-04,2.955438197889514659e-02,-1.326823483143242492e-02,-7.703825729494077901e-02,-1.101056890219293954e-01,-6.572842892818153704e-02,-3.121205915221484523e-02,4.966975099765719853e-02,-5.157578484788796769e-02,-1.578721429699037060e-01
-3.353872032638679362e-02,1.569380009668407405e-01,2.046677858839782149e-01,-1.404359036769308178e-01,-2.547814628106659374e-01,-9.039830817287498876e-02,2.102983423145040817e-02,1.156216914323853484e-01,1.013052494902639544e-01,2.484596854573792590e-01,-4.605852330476986611e-02,3.349421805437739069e-02,-7.845961217087807360e-02,-2.443467584834472378e-02,1.287718777873083503e-02,1.533995728394567104e-01,1.084793259554754086e-01,9.900665824308197555e-03,2.894982891973377562e-02,4.122327677688242958e-02,-7.189456952169540060e-02,-1.846196387950565787e-01,2.635202641674209631e-02,-1.009525059647300854e-01,9.216664414957254081e-02,1.076716186886944246e-02,3.626504193907668580e-03,1.924721367811810802e-01,1.090924145329113387e-02,1.282448695088308777e-01,7.410761391323611620e-03,-1.460591255130116450e-01,-1.605759394685013219e-01,-2.011652571978050641e-01,-1.596979356635235270e-01,2.681569771113552145e-02,-7.200242397460181187e-02,-7.575352597116299935e-02,9.719067206818404747e-02,3.109147872836574324e-03,-1.882072814764919888e-01,-8.482354768161373682e-02,-1.270319695252611174e-02,4.151936573153580667e-02,1.573200736663635524e-01,8.176865332576270518e-02,4.286615771146420895e-02,8.821218123452009060e-04,-5.636521323370649594e-02,1.019332323391704785e-02,5.085088942651545818e-02,4.098382360846002798e-02,-3.791601811640744196e-02,6.046675834181772929e-02,4.379663282848016148e-02,-1.138920673737300188e-01,-4.688552538591989928e-03,-5.503706343363018276e-03,1.481881397443517157e-01,1.023049814240880179e-01,-1.034293390969415888e-01,2.529240850766290016e-02,8.702432816706685836e-02,-2.690131659339779421e-02,9.624989516248128041e-03,7.847905493143539357e-02,7.839469421918167369e-02,1.877375562314531621e-02,2.890067027705035471e-02,-1.342946503250609935e-01,6.493596897960964009e-02,-5.927125524514608584e-02,-3.554528917891076455e-03,-9.815456174582098958e-02,-4.983875875023772301e-02,6.475710147530701821e-04,-8.729854934248197640e-02,-8.151092907100667556e-03,-6.037281917990364871e-02,1.389875039320380250e-02
-2.321590999326388349e-01,-8.525982501784934442e-03,1.703971589509339912e-02,-7.954575900678334532e-02,1.925663662223377551e-02,3.883308400776645797e-02,-4.317762137061447597e-02,4.744547140277080577e-02,2.894560404180918090e-02,-1.355811083894399582e-01,-2.970284141618643667e-02,-2.012446001290659481e-01,-3.393177834462683673e-02,-4.521869659988811407e-02,-2.590507603007484103e-02,2.047682076022522280e-01,5.584934790459497936e-03,4.146871188403164488e-02,-4.755918577803726344e-02,1.579366513419900864e-01,7.366327741666379991e-02,1.148536753068597344e-01,2.452237229449552858e-01,1.618736222213181530e-01,4.276493535557534392e-02,3.383516601291135933e-02,1.642780625249703752e-01,-3.810681197675687415e-02,-3.083977086804139470e-02,2.117801573059901674e-02,1.277461390062866742e-01,5.891857551763359652e-02,-6.453760560861626638e-02,-1.267536884158853572e-01,-1.562758638445085890e-01,-1.235035343757940191e-01,8.709617622366414014e-02,-4.537561594921461078e-02,2.140299948267430918e-02,1.289685370931435149e-01,-5.948349044412721415e-02,5.579887684608970250e-02,1.268804209477469858e-01,-2.022135823795544879e-02,4.766027175177842135e-02,-1.307363150919829409e-01,-5.930091404260015575e-02,-1.282975170692035594e-03,-6.192027161808334734e-02,-2.245660471511640513e-02,4.025805374645175655e-02,-1.595547670206754962e-02,-1.146066992615217897e-02,9.159115520756662410e-02,6.003566669879537715e-02,1.143311584839624140e-01,4.644997018033821673e-02,5.257707548178757601e-02,-5.438428723715948293e-02,-1.520049667665776712e-03,1.294269629128122212e-01,-1.553213128988373964e-02,-1.222417799356311369e-01,-2.320819022476472426e-02,7.748299211549188048e-02,6.062294188168729919e-02,-6.025350960072143464e-02,1.941798138137336774e-02,-1.211683218433423775e-01,-1.053915330497275787e-01,-1.194946975245760740e-01,-1.744126507418888861e-01,-6.131807622753401854e-02,-1.150725648235619292e-01,5.336352436767039659e-02,8.789173578163442246e-02,3.074694180862825449e-02,-1.643372409315473071e-01,2.592566863192023383e-02,-4.401680067491529902e-02
-4.992938759409000504e-02,9.083917495763500771e-02,2.531531258254627326e-01,2.424930795306999842e-01,5.109776939449788002e-02,-6.973910365596019956e-02,-6.802207703184226517e-02,1.328519019143305224e-01,-1.905438801954776051e-01,7.058714743970147427e-03,9.217406811649467291e-02,-7.982098893896774627e-02,3.920126652303053405e-02,8.284132157706189381e-02,8.589928380238405492e-02,-7.427627245020022861e-02,-2.573395504336347672e-01,-9.948583081609513323e-02,-1.338964229174678666e-01,-6.412346190230369669e-02,-6.254339205862988194e-02,-2.352402729721272401e-01,2.303317390302185019e-01,3.475919877056077995e-02,5.918241179473470587e-02,4.131546074779550437e-02,-3.616425590745331320e-02,-1.226281217124178258e-02,1.070726616002357946e-02,-4.692835676653069055e-02,-4.636414311177384368e-02,-1.486452411247957128e-01,1.926458161639565680e-01,1.291775635958238577e-01,4.511178149621621752e-02,9.481023831711095362e-02,2.214923621354627364e-02,-8.903563362020734673e-02,-7.784884023442213696e-02,-1.175019627800533151e-02,-7.379104323063950810e-02,5.795167602077970492e-02,-8.268497403401466050e-02,-1.762043473979431688e-02,-1.204918785530791590e-02,-1.435283506244982854e-01,1.178328522296253483e-01,-3.498947821095440419e-02,3.215877343924767456e-02,-4.851612878686726443e-02,-5.297736616717185765e-02,4.336320959918137097e-02,1.886672856683734023e-02,1.770856404176557874e-01,4.126003713250593619e-03,-1.210487958930256958e-01,4.134932958422932181e-02,-5.413562206787511655e-02,-7.814996894401732286e-02,3.252412163652183136e-02,-3.463725052885257422e-02,-8.862550318465355070e-02,-5.295448600711957776e-02,1.910741462308190516e-02,-6.867116798898811880e-02,-2.370452753491116699e-02,8.181255946693158365e-02,1.786821493197481361e-02,-2.675001029555260437e-02,3.453858941766878646e-03,-2.428358750360464641e-02,-4.417111559991456632e-02,5.184156692533221922e-02,-1.389140348303856756e-02,-1.202755027203956245e-02,1.755834817844980078e-01,-2.922121060610812643e-02,-4.675775848104149479e-02,1.678912157571050418e-02,-4.278841870412546794e-02
-7.713710133262913216e-02,6.776668017385219581e-03,-6.627335855778627993e-02,-9.487937632928718223e-02,2.028837302944667964e-02,-1.599508190013708975e-01,2.850163374928616628e-02,-3.937116537817161172e-02,-2.101698787263196200e-01,2.382029777146429661e-01,-2.538540127102421884e-02,4.921183848631278251e-02,-7.791619898139043321e-02,-2.026728267847788534e-01,-3.173180557388645406e-02,-2.709424208635015374e-02,-1.291578240033127711e-01,-1.284166873788196613e-02,-8.050768446402135903e-02,-4.374859820118941200e-02,-1.242423957209414093e-01,1.504967528809502408e-01,1.921978373178565846e-01,2.138389685941081420e-01,8.640517267316212557e-02,2.195930372502624406e-01,8.313883821138778885e-02,1.854530544810545009e-02,-2.421001553871791542e-02,2.034661442593226413e-02,1.525380923600454762e-02,2.399042585058567666e-03,2.423639859204939143e-02,-4.206977208330480583e-02,2.307525124191260081e-03,-3.348553497223903663e-02,4.727750663133780708e-03,-1.900580262277349816e-02,1.725107611799725493e-03,-3.184702245272824639e-02,1.878507431676180173e-01,-6.722711500338816870e-02,-1.077317547228641842e-01,9.095082143258155505e-02,-2.282684118098589690e-02,8.287023196662130289e-03,5.093125466906499310e-02,-9.674867992398693273e-02,-7.240766472197289472e-02,-4.448537380259324353e-02,-1.457459720280379345e-01,-1.360994190033830605e-02,4.298337807397904775e-02,1.001521408764325521e-01,-7.362547460849286352e-02,-6.458954777953644470e-03,-9.179866747520210035e-02,-3.420943359054555433e-02,1.770774797144707494e-02,4.283439500603432315e-02,-6.793567747636711229e-02,1.053749433074102973e-02,1.550340018019188016e-03,7.839147965194027956e-02,-4.247225304247918137e-02,3.190672974097050196e-02,-9.403315686003362039e-02,-4.703365642607691688e-02,7.835246045724000852e-02,8.702658978203677009e-02,-8.055008838778912605e-02,5.687075463944497866e-02,-7.713906352412415457e-02,-3.409287001388461996e-02,-1.896478313890784945e-02,-6.885242460973214212e-03,-5.433372738328456908e-02,2.020175709807121509e-02,-8.267211682975440790e-02,1.320119946521874574e-02
5.461751077088187328e-02,-6.903103050302832056e-02,-1.982979949949313647e-01,-4.203559090097524348e-02,1.147107798623051705e-01,-1.486670629294808144e-01,9.485063561130709087e-02,1.835342531996092541e-01,-1.792868808251807944e-01,-7.887120430348705524e-02,-1.679969104998794982e-01,1.958224273166431773e-01,-1.045202985890249653e-01,-8.294437268816935716e-03,-1.743091429962482786e-01,1.379830984341002820e-01,-8.907986484825913820e-02,-7.727136606399655216e-02,5.092074985590826913e-02,1.060393154791257481e-01,-9.361015501239355885e-02,-4.370194870456110131e-02,4.077177413709795126e-03,-1.406054998189402161e-01,1.113344537992919242e-01,4.051653944013359349e-02,1.909222826301052887e-03,-1.800737215353735363e-02,1.330488933223249876e-02,-6.770922447701991330e-03,1.116125602705433234e-01,7.169445946887147147e-02,4.834665448014763452e-03,9.318006926237260013e-02,1.313512722541546052e-01,3.921590518019917732e-02,6.935526713271270016e-02,7.734399689688500890e-02,-4.652428597303632368e-02,-5.260136302952889836e-02,7.720785097933982599e-02,6.571030605727160023e-02,6.869606834017846775e-02,2.911578227155125174e-03,-1.120010181633128293e-01,2.609476619269684040e-03,4.089000681084210831e-02,1.029654177675843642e-02,-1.748927010150143624e-01,-3.485752784460101339e-02,-5.674338618566521220e-02,6.187466892061745799e-02,-1.179238912642488202e-01,-6.276011574515190372e-02,1.771245845878674507e-01,-3.303854222847638772e-02,3.815598002903450303e-02,8.101583838206924404e-02,-6.208606685753340765e-02,-1.489698976360326610e-01,5.311084787741940372e-02,7.664673113608329660e-03,1.067153781124820788e-01,-1.841599541501859338e-02,-4.520950778931910607e-02,-6.929764561854034888e-02,7.939308969090544399e-02,-1.470751654854337166e-03,-2.039758798983781936e-03,-1.073987095004188819e-01,-1.302204614231448621e-01,-7.375909702073460937e-03,-1.135592859432324742e-01,5.608880305146606710e-02,-7.327952207850384203e-02,1.341973328505159831e-02,3.990808222674207401e-02,1.432330499055729268e-02,-2.516374900886038032e-02,1.903834084211393843e-02
2.831513519505763354e-01,5.426406413642090310e-02,-2.116202509310367574e-01,1.000481899366435223e-01,-1.505553129750768493e-01,9.493353419318920072e-02,-9.974656553268533565e-02,3.228182550258643091e-01,-1.275945158683755298e-01,4.962346313298000161e-02,-7.364509152873434383e-02,-8.006245179505352971e-02,2.468506317330546387e-02,8.477201306633050382e-02,-7.144711890350016747e-02,2.470113859981670212e-01,2.825295402069180964e-02,1.480147284213645387e-01,1.829851139386976799e-01,-1.359865928451384209e-01,5.668347793325143047e-02,-1.718962385686434169e-01,6.394560603183875591e-02,-1.913802993969958288e-01,5.130877283386101051e-02,-3.965253216464275504e-02,1.138013602878444469e-01,2.003638656298928622e-01,-4.751700718020382408e-02,1.209009603838605701e-01,-7.788642729944987575e-02,1.364528094075459670e-02,-9.097774463372610559e-03,2.262744468593695657e-02,-3.963615410400118250e-02,3.896833939803064084e-02,-2.196124333655604874e-02,4.852189418611437682e-02,-6.616532381306740318e-02,1.244820826630635077e-02,-2.801784144944251265e-02,1.063325834551423661e-02,1.484916521712888737e-01,-1.968912490799096804e-01,-1.297314326237280213e-01,1.265325351705384738e-02,1.861189056090546967e-01,7.973811424747526133e-02,-1.004902768322821494e-01,-7.114277795815754368e-02,3.630598691872120171e-02,1.267784189734957045e-01,1.052791834489933687e-01,-1.868189512377256209e-02,-3.389501185032352260e-02,-1.466375211379442045e-01,-7.429674522830752303e-02,-1.726091306573035444e-01,-1.302873053951914949e-03,8.917099788563306872e-02,-3.286440008561664766e-02,-1.072290976458280670e-01,2.945336020780677314e-02,1.189439797796580656e-01,8.216101928367125495e-02,1.264192837515650258e-01,-3.873337079619467577e-02,6.423022879251714945e-02,7.899918703886786575e-02,8.539776463718113178e-03,4.004554028276614136e-03,-7.345351211707554229e-02,6.377904717109876553e-02,1.061085340895426450e-02,-7.715412723995021538e-02,2.567867937221893996e-03,4.042949618057923959e-03,1.889438762011402470e-02,2.846581403366121171e-02,1.328531599277876871e-03
-2.776257769773814166e-02,-6.816022274076107001e-02,1.274964732685602287e-01,-1.103823033358634353e-01,1.000186410175783053e-01,4.373193838747759660e-02,-1.485343801471715741e-01,1.580460404539797692e-01,1.585614315012365619e-02,3.553557797723224526e-02,5.768188837644056682e-02,1.264602706324347847e-01,1.321530708110041086e-01,1.063269879622995295e-01,-2.133350634817401253e-02,-2.215889431061192905e-01,1.152090151086785919e-01,2.031751546792529839e-01,1.375421124945144964e-02,-1.096478086777678135e-01,3.142499476742063869e-02,1.266531276831723285e-01,1.499424656635170959e-02,1.940560341369377412e-02,2.487028327983259110e-02,-4.268922631179958987e-02,3.902102690941926938e-02,1.091978855889910033e-01,-4.116393836302657122e-02,-1.023609847370368364e-01,5.749881811457780573e-02,1.013470933508307283e-02,9.717510330139536578e-02,2.216984534983049496e-02,-9.941586416246862845e-02,4.881770231373050439e-02,-9.783956966989457160e-02,-1.865655087454602401e-01,-2.734011064780446712e-02,-7.805467238111599149e-02,8.734979689597964156e-03,-6.101155173344530863e-02,1.102014144121906541e-01,3.866180453039892023e-02,6.960976735067629650e-02,6.682940738785987655e-02,9.521890937580911041e-02,-3.665941983073424393e-02,-1.023789595626344584e-01,5.053009780722697575e-02,4.665007805404376012e-02,1.829167109637340125e-02,1.371555404259278688e-01,-8.413919774337608182e-02,-5.102187884499387316e-02,5.587835852284522148e-02,-1.761121555284624746e-02,9.805343340897972396e-03,4.736556717460897736e-02,-5.879422903934625882e-02,-1.568244553846636913e-01,1.761418579689356598e-02,-4.854337377178653129e-02,-7.166699811387737540e-02,-1.959742696912670362e-02,-4.635838511587097970e-03,-2.728155799501486706e-02,6.475507159809562596e-02,-3.346485625191741864e-02,2.663276032481918729e-02,3.847953034490626117e-02,-7.938927428907895101e-02,3.995908352215172404e-02,4.315486084996530275e-02,-5.994244517711239811e-02,6.901145908262829032e-02,-2.528245099235803053e-02,-1.388266622189515964e-01,-6.205798578057826649e-03,8.563324922720162713e-02
-1.815124100983883937e-01,1.027120336183287748e-02,-1.254533895972822881e-02,-2.501704567977658389e-02,6.354704214125391545e-04,-1.349714532491348984e-01,2.069024728332092417e-02,-2.220845965540980960e-01,5.149539557229651510e-02,5.602629957162011398e-02,-4.909148769751248836e-02,-8.708444750398659784e-02,-6.169435585115647103e-02,7.003147346511200133e-02,-2.080702203736256306e-01,-2.087811049239025329e-01,2.384216074847715638e-01,-1.220857819018458801e-01,1.335162978867300218e-02,1.594110576612010333e-01,4.841781896203007501e-02,-1.815754656228952824e-01,-5.692783847647036460e-02,1.594901086018425673e-01,-1.086486310939712430e-01,-1.406996546774765267e-01,1.319620091142887364e-01,9.160581496708460059e-02,-1.520142978572269488e-01,-1.838724679566185573e-03,1.728860011268824048e-01,6.088215697966214979e-02,-4.435180225798711698e-03,2.798838627599612439e-01,4.235898816803538441e-02,8.764145908219239667e-02,2.217688032460735786e-02,-1.218301347796309914e-01,1.310164854211536833e-01,-6.367252740047009418e-02,-4.078711620664325632e-02,1.999155891475269398e-01,-3.579353348046276223e-02,1.049045941062049653e-01,7.203943607328941456e-02,-4.522864743599524368e-02,-3.606112425445633790e-02,8.822732552934144448e-03,-1.508427251045110218e-01,8.871594489763556801e-02,-1.038401105694591181e-01,7.860306104525595361e-02,-1.067832696073521270e-01,-2.677263586547362628e-02,5.267906128909206204e-02,-3.681316902443617506e-02,-6.872183295610438669e-02,1.050939066491704682e-01,2.107791313826324481e-02,8.256012106239649095e-02,-1.177879615774314950e-02,1.194198407362144672e-02,6.175926367074050828e-03,1.759670416343693880e-02,-1.808042351174505430e-02,-4.550616802837578051e-03,-8.673621527762392924e-02,-3.136643678702100840e-02,9.690026458884234972e-02,2.638290720598087530e-02,-2.171627531916963533e-02,-1.606277676615911615e-02,1.344281408490027585e-01,1.134484169815689779e-03,-7.842340197377095298e-03,-1.393861576672396699e-02,1.886939786518354589e-02,-6.426315369471739813e-02,1.228104827329672306e-02,9.946467753238096010e-02
-4.370218225782280391e-02,-7.288646055130762469e-02,-2.537198906819960742e-01,-7.623858264152233444e-02,-5.529722432300863966e-02,-3.823434282466197515e-02,-1.541225263703870918e-01,1.179361765326209371e-01,2.047592655762476080e-02,2.399544146728684046e-02,1.302539806628279506e-01,1.140827549117306161e-01,3.670764429136099544e-02,-4.446674681793130746e-02,4.404019244702502001e-02,5.344900333628243433e-02,-3.453940901220885207e-02,1.073968485093577535e-01,-7.711104802301441130e-02,9.878883118721255852e-02,-6.471673789490529904e-02,1.224102708312642049e-02,-2.504376113720073738e-01,-3.504649009900982770e-02,6.020366441599940555e-02,6.220361618483051871e-03,1.461379171562399437e-01,-2.677134277951418936e-02,2.049865688490516355e-02,-1.413992787783723004e-01,-5.238666953936929604e-02,-1.030577630339070926e-02,4.784692215967831924e-02,9.518216828589085021e-02,4.383612117552517645e-02,5.664349740868924316e-02,-7.627241196050180312e-03,-1.389808232551006939e-01,-1.094148348765983242e-01,-1.089915361002635613e-01,2.323486142551626707e-02,-7.850240836614524875e-02,-3.130536202685095526e-02,4.506822160545642490e-03,9.201817471755685540e-02,-4.321665600687615155e-02,-3.666768390131161688e-03,-4.741438312121561138e-02,-1.172486648942497323e-01,-9.834139509225621467e-02,-3.640566147153818932e-02,5.059154790363973656e-03,8.647709378656786433e-03,-1.837291761775678919e-02,-1.763453428214600549e-01,-5.341803947134103614e-02,-8.104592136040683625e-02,-7.832974759834630471e-03,1.643875231289014804e-01,2.356549249227321390e-03,9.256821931496638650e-03,9.880013266142450082e-03,-2.673608321783674593e-02,-4.205563557248025164e-02,-2.819522221118208119e-02,1.305993712815541486e-03,-7.185034855556675371e-02,-5.204522695933937182e-02,3.092731209971600823e-02,-6.258610550492446634e-02,6.359408480198123874e-03,2.650517629187290961e-02,-2.540005553381849066e-02,-8.477270486152195528e-02,-3.788644694601998181e-02,5.231153964126515621e-02,5.102363613839221157e-02,6.556180530393861117e-02,-1.030020419817732763e-01,6.868914147770628642e-02
-1.806973067036595285e-02,-4.967609380275628261e-02,2.356861787770096056e-02,1.871853870143743229e-02,-1.471866106819015030e-01,3.900720597874873102e-02,-7.006529239655777397e-02,2.748332253254616719e-01,1.649147090309647234e-01,6.694472115609567675e-02,-1.153099274780627209e-02,9.924684552642221158e-02,4.105429068049610414e-02,1.529364314032488903e-01,1.342852455948885804e-01,-1.375123207806334957e-01,-1.060569563840648433e-01,-1.923945826513678847e-01,-7.904950332805653346e-02,-8.194533955139843284e-02,9.616846058671117692e-02,1.525969138305492516e-02,1.382572057178350078e-01,-1.016333566779563241e-01,-2.519693389324399041e-02,8.865348592385864646e-02,-1.669584244769904691e-02,6.446311297743236024e-02,-9.088498037083282688e-02,7.356527149036491686e-02,3.628091054514676755e-02,-3.999477886777686592e-02,2.252173148650692472e-02,1.596407705604370453e-01,-2.167814107976830107e-02,1.011888422461322545e-01,4.096239261936176351e-02,1.328986383246110181e-01,-1.152506047423157709e-01,5.095190000185234602e-02,-2.659641011720326881e-02,-2.931767219582156331e-02,-6.094587020253891541e-02,1.275911929377388232e-01,4.628294741677482088e-02,1.334312609510178438e-01,-2.848834188114426555e-02,2.726495199512509945e-02,-5.033036255412456222e-02,-3.356932058105966538e-02,1.033741874718222958e-01,-7.408567636465818174e-02,1.875270686231593487e-01,3.856420002460964752e-02,5.544308051893583056e-02,-9.317056365556201925e-02,1.209159239821449155e-01,1.123186631651197295e-02,7.773094844177251030e-03,5.784894333926422771e-02,-4.938604087948875870e-02,8.850664632551939748e-02,1.316355411819498944e-01,8.935869986719231425e-03,1.140696944669265106e-01,6.115787852856487822e-03,-3.845684001813821917e-02,-6.506146673080874000e-03,-9.569886034859301227e-02,7.326422664074125346e-02,-1.135814191221376918e-01,8.706781847154261914e-03,5.646739828603365013e-02,-3.020066124537590380e-02,-4.487262321630155343e-03,1.270179616784520571e-01,-5.872409258436527002e-02,-9.976622303376903034e-02,-6.497470802729079370e-03,-2.874573210385720362e-02
8.557105399870849893e-02,5.605994229366324973e-03,-2.864159524249629274e-01,2.261708400651015263e-03,5.772500551836672739e-02,6.511276085450035112e-02,-2.640291813381730468e-01,3.078936856775015690e-02,-1.888546372616044244e-01,2.169302611760649119e-02,2.039094093384629103e-01,3.846810018955711813e-02,-9.265728553194010897e-02,-9.261697928163163673e-02,-6.755812668832213153e-02,-6.789262406449646237e-02,7.436664690779297426e-02,7.443948697368155121e-02,-2.372895484704225511e-01,7.401870138805806409e-02,-1.252911270815736389e-01,1.028878535320703613e-01,4.455528816646865849e-03,3.206466476791015874e-02,-3.940944736602231685e-02,2.332267411794793771e-02,-1.162682610458292826e-01,-3.115259355886884976e-02,-7.956647187334819904e-02,7.178181753144426136e-02,-1.044130993397045792e-01,1.793528888525524334e-01,3.206056955891140037e-02,-1.968291207827221612e-01,-4.986619072803871039e-02,1.971766584458443678e-03,-7.074924689715370030e-02,6.043490465767720893e-02,4.587038853292102480e-02,-7.503547103041345590e-02,2.125486597328198890e-01,-1.111281242822755597e-03,8.486890140098599100e-02,7.764452239249551579e-02,-6.545833547266002861e-02,5.856015180214073357e-02,-5.968348003398379203e-02,6.707828862521185431e-02,-9.447137388424400872e-02,9.645791834475699045e-02,-5.329935490416282291e-03,-7.206174061894446425e-02,1.226057833503707561e-02,6.047155139682942881e-02,2.534682378077237133e-02,3.159329370057805536e-02,-4.452961167409284771e-02,-2.416911232429421949e-02,-1.089217132662853235e-02,-9.782088682849918171e-02,7.659122984863730998e-02,4.529739487844974127e-03,3.749045191651079884e-02,-4.864767688405892410e-02,5.295664314193329614e-02,-3.198849553393542239e-02,-2.306171592360080000e-02,2.112715092577805570e-02,-2.236558458391527462e-02,9.102045162089913988e-02,-9.767247017690400268e-02,-4.213583174297588774e-02,4.939871063490420405e-02,-6.959253253186743760e-02,-1.016440184581316741e-01,2.315046132967167603e-02,1.717153701848235167e-02,1.738936621191008447e-01,1.294352007218226019e-01,1.435012431795917587e-01
2.268798979151184225e-01,6.061317849955492887e-02,-1.187092590220281546e-01,-9.267370872044378149e-03,3.921324880561338592e-03,2.069592099248483141e-01,-6.255280297525660227e-02,6.930871660694255809e-02,1.461727740129417120e-02,-9.547252370879828753e-02,6.766926235764022385e-03,-7.518404457089218618e-02,1.617379772629985168e-01,-1.060713292311569744e-01,1.450758780384932278e-01,1.168073453613716062e-01,3.145032893163298565e-02,3.648696063842874621e-02,1.045477374411083321e-01,9.536079826190342612e-02,-1.081921430638758952e-01,-6.348147730554812296e-02,6.689466331266100130e-02,1.122690117548729299e-01,3.643415945263701189e-02,5.888441661373527286e-02,-1.937479609446783047e-01,-8.880504640935596439e-02,6.931416408449283216e-03,-1.009745829505961645e-01,1.723835238980870599e-01,-3.355174394993414716e-02,1.641734110633476240e-02,8.545557280452552307e-02,1.339993256674033573e-01,-2.974862642715576586e-02,-2.477172465800681154e-03,-6.236938957794047229e-03,9.692420199016411886e-02,-5.880167399531875672e-02,-5.912791015563527430e-02,-3.451383207287102989e-02,4.227354801625673314e-02,1.145024082775803961e-02,5.313903532557808645e-03,-3.300980650826304541e-02,-4.110828225417078458e-02,8.657674249671654110e-02,1.217757474972040038e-01,1.527006939983068488e-02,-2.276202884236990659e-02,-1.763520919688216226e-02,6.245426683519331168e-02,-4.225547608878318234e-02,-1.228479966259424933e-01,3.397896057859865759e-02,-2.352811424306280041e-01,1.087418276876215683e-03,4.261201991561555658e-02,-6.333325040403861572e-02,1.389788307080953682e-02,1.002643287049245595e-02,4.545248402867586857e-02,-2.802029763298996643e-03,-4.561699958387773618e-02,-1.086309272688788241e-01,-1.716483304258874590e-02,-7.136018052810019774e-02,-1.294219879046842360e-02,2.368913970528654239e-02,-1.470587830660652004e-02,-6.625060683039843412e-02,7.373932510639912008e-02,-1.115206601756307397e-01,6.022860035782643534e-02,-5.364348769668988298e-02,-1.385342929026131265e-01,-1.666602547449091629e-02,1.868814561983075245e-02,4.145027696169410747e-02
4.306060808227244602e-02,-7.678057130380643025e-02,-3.054337388035941250e-02,-4.848896394017594702e-02,-1.897140058609106741e-02,-5.762830656658841227e-02,-7.501962346013996141e-03,-7.513566066067349503e-02,-3.314527362555939188e-02,1.292275279306232261e-01,-2.918370408829730756e-01,-8.139530696743275950e-02,5.423304339000614011e-02,9.926311607857767061e-02,-2.534542008371442057e-01,4.844118816119347137e-03,1.989545416075811091e-01,-2.343545620151011796e-02,-2.396311423548868474e-02,7.458318478549563757e-02,9.501290763335187850e-02,-1.421736258967627731e-01,1.417599829659224597e-01,-1.024761220413951401e-01,-1.997143011006368221e-02,-1.409932280000882332e-01,3.412184623928736504e-02,-4.606291468528236205e-02,1.316257756525882616e-01,1.719122587254559922e-02,-1.298966793337293368e-01,4.975312738878856500e-02,-1.053260482775329743e-01,3.563641719545627973e-02,-1.701777332289406697e-01,-1.397677660345859052e-01,-3.087617658617801408e-02,-5.231484617753542204e-02,-3.229585499598146281e-02,2.224335779362814347e-01,7.901910989654235828e-02,3.649789082472901930e-02,4.697039243605030667e-02,-1.065898079123577397e-01,-6.128495821468577659e-02,-1.002377025119123022e-01,1.811864374127735988e-01,-7.280110207274712031e-02,-3.429887151425692338e-02,-4.446989188297485740e-02,7.672567397584564852e-02,8.093707190519679358e-04,1.094402654143802472e-01,-5.774472786881954672e-02,6.089205948917222888e-02,-4.401885494097181745e-02,-5.016547547556907127e-02,-5.649642692424359375e-02,1.617404436097842624e-01,9.452274130394888729e-02,-1.025347633854564733e-01,4.902281802545374600e-02,1.314303682831077097e-02,-6.643770559015337029e-02,-6.139630504385248065e-03,-2.319114678971410937e-02,-4.518938752152470290e-02,-4.163614387643656961e-02,-1.567254072048252234e-01,3.158644497514329769e-02,1.000320475012753535e-01,-1.484455236647138632e-01,-7.108907534719077423e-03,1.504629831666136897e-01,3.150196347903298083e-02,-4.827341757366400421e-02,-3.196563452533651706e-02,3.850578190231397635e-02,4.149216866012406940e-02,-4.232607075590286150e-02
-1.604184945815920194e-01,1.944296557747806908e-01,-1.767706593856576136e-01,1.221018779409766830e-01,1.277087780669228789e-01,1.095112999348187288e-01,-1.451556549092578308e-01,1.089146985347193841e-01,1.669748176985887400e-01,-1.118776309280649917e-01,1.965285931294788457e-01,3.105323534294862978e-02,3.916612281537661111e-02,-1.786206896003613570e-02,4.265253028819781383e-02,-1.246257870766460385e-01,-1.820602631848206032e-01,-1.026712469029145980e-01,-6.658127068270784654e-02,-4.551084078234748226e-02,-5.198473004930184022e-02,-1.383290216402935924e-01,-1.088975848318377987e-01,-2.462550619691206318e-03,1.780397474151399484e-01,-9.349075613204840818e-02,5.342264074948974151e-02,-1.696451152282289210e-01,-4.502544864550086373e-02,8.187278355777156957e-02,9.153170591981972526e-02,1.450624601650895573e-01,-9.462775753604731055e-02,7.390018053407773624e-02,-5.483176909817379791e-02,-4.296558467325042180e-02,-3.441012949537634175e-02,-1.530568007943239051e-01,-2.457204983587179398e-02,-8.001264261738014194e-02,5.417999649465204265e-02,-5.979400694513595238e-02,2.762617565909646078e-02,-1.739662860035981560e-03,1.100625977147576262e-01,-3.494274342800354066e-02,-5.534775489893987294e-02,-1.121338142249707209e-01,-1.685820956912086749e-02,5.431733331837335782e-02,-9.381829168578666167e-02,-7.385809907547044584e-02,1.000811244009854467e-01,-2.153501911929744939e-02,-9.992635273387105721e-02,-2.124997463554216277e-03,-1.839837120714869420e-02,5.697521377871629482e-03,1.343923310592058272e-03,-4.205932821877893246e-02,-4.045045915266799741e-02,-1.926766654689995167e-02,-7.238022275338969191e-02,2.714928200647986206e-02,9.389966594972865011e-02,-4.821695326443559831e-02,-1.109050365569439443e-02,1.051985446374894585e-02,-2.829720026711062680e-02,3.796677410343776704e-02,6.078544437054911320e-03,-8.459756688707004146e-02,6.657672255910854209e-02,4.686680546227395966e-02,-3.158354583535073756e-02,8.964825790181782036e-03,5.892147740459376115e-02,-1.114919408200058526e-01,1.061220582176122069e-03,1.134576266320580333e-02
-1.476450126141980734e-01,1.153446047542447950e-01,-1.705009632821766485e-01,2.230668476771771047e-01,-1.790078118499326409e-01,1.841958663354071463e-02,-1.436698998067275357e-01,5.212981394499871350e-03,7.698864571080157870e-02,1.107560562469792481e-01,1.272539414640299349e-01,9.235199825813555918e-02,2.505538192884296592e-02,1.753846406126211704e-02,-1.550437671014031349e-01,1.420706180195462354e-01,-5.846805165501130219e-02,3.735086307320366339e-02,1.438444589729624967e-01,1.202932700560986751e-01,-4.057615339240068508e-02,-9.430174524391404800e-02,-3.706835210147273879e-02,4.421446966315428079e-02,-4.145442849550706049e-02,-7.567093484493628286e-02,1.069756480467689563e-01,6.981929354701528478e-02,-5.849305163057325063e-02,1.282643650346611541e-01,1.138511066091536933e-01,-9.662269992930165585e-02,-2.444772539314920765e-02,-5.965513155003439316e-02,-2.200559863784545545e-01,-1.065217161470872198e-01,-2.062419821772838030e-02,6.805923335574176614e-02,4.435970133400849585e-02,7.335240240239059017e-02,-3.721213256129600466e-02,-4.802785435181016610e-02,-5.208915643294241560e-02,7.680110887169330769e-02,-5.574633605077417009e-02,-1.362234651963606102e-01,-1.265286585829688282e-01,1.613068871136517923e-01,-7.201018116860427587e-02,-7.881730381978256650e-02,-1.219049386712516697e-01,1.116541303553824083e-01,7.467459678562127223e-02,-8.634147099426453531e-02,6.085452632595573369e-02,-2.940582546721581120e-02,-7.165559516583293320e-02,-5.870271490640666806e-02,5.870099207936327335e-02,1.421664260658923873e-01,1.788184621412660935e-01,-3.845895877490074916e-02,-5.463409585593540646e-02,3.626640900922727812e-02,-6.429206933168134241e-02,-6.702907395149211578e-02,1.646866565420406492e-01,9.196656438617661911e-02,3.320112716177647111e-02,1.279556136097388108e-01,-1.233592421579133708e-01,2.606673596780378563e-02,1.446556007618796102e-01,-4.067257048462675356e-02,-5.839573377945432575e-02,4.260101380679043488e-03,9.215362670220213909e-03,5.098165785732541866e-02,-6.013408665043835921e-02,6.352170273327251149e-02
-1.517913990370011734e-01,-1.850047217257467791e-01,-7.032710277095201301e-02,6.234935190382511622e-02,1.445179876783190265e-01,-2.158587370112070858e-01,-6.060218126791791504e-02,4.019950969887817888e-02,-6.932985692954860002e-02,1.310424274961463076e-01,6.315476373284939493e-02,-3.266839981614939187e-02,2.915581409174408112e-01,6.445520950481610500e-02,-2.184296768514356821e-02,9.934674252084645107e-02,-4.997177137824275472e-02,7.985181907820577962e-02,2.732513109305487742e-01,-1.129703758504156663e-01,-7.321648403843733499e-02,1.043468559446349697e-01,3.520778449689099254e-02,6.136860638151155067e-02,5.875756432090136622e-02,1.102174537340359500e-01,1.145304486862408627e-01,-1.601538252150947958e-02,3.128789947154687889e-02,1.613152765484449774e-02,-1.213284719065689105e-01,1.187967974434082224e-01,-1.156896104475071130e-01,-9.280987659824918579e-02,5.218786858047515936e-02,1.693216752751389442e-01,-5.299032358941630633e-02,-1.102523110964880870e-01,3.907357240985107755e-02,-4.637028635008989819e-02,-4.838884711241353553e-02,-1.554733303007135685e-02,-1.228080464242794767e-01,1.037071206575983645e-01,-1.248117274839675439e-01,7.759973644986552233e-02,6.981166675198939575e-02,7.631615307588476838e-02,-4.239097928416651201e-02,-4.506017642565622421e-03,-3.719012561331185712e-02,-4.713021576188946432e-02,1.734605052532792180e-01,-1.004494988274995809e-01,6.287835304395986147e-02,-1.813563874760991124e-01,-1.816209537643455330e-02,-5.614213816144653438e-03,-2.252338772563504052e-02,5.978615111604337895e-02,1.661712220019813946e-01,-9.830124388702542182e-02,1.593053059241990588e-01,8.703506597602290312e-03,-6.339352116497987133e-02,-2.939300703919049337e-02,-8.004318939996614424e-02,5.014648801660704508e-02,-3.595712612826938714e-02,-4.184394748832688700e-03,-1.819700638517954966e-02,-1.024055369535361269e-02,2.337769125294252709e-02,-5.489223769518156854e-02,6.553864820612458064e-02,6.091519722362528227e-02,1.122336583777901464e-01,-3.623021123556238732e-02,-8.042262184864647223e-02,-5.631134663978507732e-02
-1.471436283676075818e-01,-1.295114719000642345e-01,-1.577485057870245677e-01,8.861519512516916053e-02,1.031048835123601209e-01,1.009683925311841701e-01,-1.242350374550959952e-01,-8.876387831423563149e-03,4.354528064894623574e-02,1.059504825703287412e-01,1.139585269905238687e-02,-1.297462710456546431e-01,1.885289773784737111e-01,5.461548430784086278e-02,1.645585086044858980e-01,-2.030987912712115540e-01,4.572770604344440770e-02,2.596090921484940361e-01,1.774532219033038774e-02,-1.142934229784860201e-01,1.763817785176984704e-02,-7.996775058796190550e-02,-1.614356780589555340e-01,-6.791831000222918469e-02,5.119955022918259296e-02,2.533630498882868953e-01,1.197661460986345835e-02,6.146322816194351585e-02,5.555904727250272901e-02,-2.041501919326660086e-01,-4.180704108269291119e-02,7.307959048535853097e-02,-4.486789747592748873e-02,2.269348955284760661e-01,-1.937987073254801920e-02,6.126345203141465856e-02,-1.211921881128638495e-01,-1.566472684802945881e-01,-6.730688690758442061e-02,7.826740791571613898e-02,-9.102601418828992763e-02,7.076887621111248305e-02,-3.177297773216218309e-04,9.728427310550052942e-02,-9.433695453025895414e-04,7.304613143266373843e-02,-2.215187177288596015e-02,-4.026372540228923685e-02,1.223186369128869827e-01,1.788809305733008448e-01,1.302429452272277355e-02,-5.937002459080498867e-02,-7.825093915897160177e-03,-2.379486411765552312e-02,9.297035647341725384e-02,7.547826518739936263e-02,8.986256857292970746e-02,-2.341102745347450713e-03,1.389081189843995590e-01,-8.784190885981121855e-02,-7.289122976515906294e-02,-6.587411472078921748e-02,-3.058057283817774974e-01,3.756120336518590369e-02,5.188810706020909741e-02,-3.392043829156828061e-02,1.782973717621542387e-01,7.531351830520509327e-02,-8.000130136374823675e-02,-1.063191954877531070e-01,-1.467312954349994369e-01,-1.485267023296978593e-02,-3.259458505623908514e-02,1.796718356647502290e-01,-2.832040399825261692e-02,2.212449260161028150e-02,-6.232372214301026142e-02,-5.880714235271687629e-02,2.076693853210777752e-03,-7.399704655685550303e-02
1.104346957494271690e-02,2.658004330112551661e-01,-6.933781071488362424e-02,1.106611939314325853e-02,-1.411370408048963909e-01,-9.975719215186465427e-02,-5.179705789101386737e-02,5.095649198215890588e-03,1.131771532880878339e-01,6.579462325682941537e-02,1.836049125109336490e-03,1.655266056969369615e-03,-3.426735058633301103e-03,-7.219854639230718907e-02,1.610655673320213546e-02,7.106801128568056292e-02,2.377842952403403168e-02,-1.584300286907220842e-02,2.176255305015655783e-01,2.512433952257407399e-01,1.157423949334242252e-01,-5.357117238689965838e-02,-8.454577335921767411e-02,-1.008792160685836360e-02,-1.204143676711129929e-01,9.486732975717667576e-03,-9.346526701728372077e-02,-1.568834673128748081e-01,-6.971576896413471391e-02,4.320307348669677125e-03,-4.457439968305720976e-04,2.414003881788804456e-02,1.912121111620570801e-01,-2.849629777600336603e-02,1.247554468501458902e-01,1.981204953326941298e-01,6.423442513367376427e-02,1.781429342504987356e-01,-1.360770507583278499e-01,1.650252354342114924e-01,6.428398818447496332e-02,-1.541515780548936843e-01,-7.898341481780650486e-02,-1.283549996390419279e-01,7.526971345651786716e-02,4.241639330237516325e-02,-2.843196736422513166e-02,-1.397003901439712939e-02,-3.436368079912120038e-02,6.809244377205260490e-02,-4.810817091038483567e-02,-4.089828192172632187e-02,2.699366027258173067e-02,1.811586876911966959e-01,7.817842524274731461e-03,-1.013318394823948254e-01,1.162448299270310743e-02,4.135413350516666670e-02,-8.670009388167390640e-02,-2.727796922764838886e-02,-1.028590150057926388e-02,1.553645431454701575e-01,4.434735615361577038e-02,7.769455063149506568e-02,-9.788087735134486100e-02,-7.358804556839793065e-02,3.694966915426484838e-02,-1.580337432076542314e-02,1.350759732156455450e-01,-7.103144760130984670e-02,1.719597326939281646e-03,6.042613290335533544e-02,8.852431401471248795e-02,5.972962808168573445e-02,1.424979016220296810e-02,4.952558908218580858e-02,8.527553967294902726e-02,-8.235177133266312344e-02,7.256764956147468415e-02,2.588380921899107248e-02
-2.555675947042013261e-03,2.441785083379768503e-02,-2.305487680090082935e-03,1.273712381231910211e-02,-1.581202084345466885e-01,4.877698916442332194e-02,2.287138159932887091e-02,1.236508664116477973e-01,1.436123175154788711e-01,-5.628719859046693932e-03,6.882181765934802797e-02,-9.763769013411950637e-02,1.176088883886018538e-01,9.927703443746974023e-04,9.369637214618284360e-02,-1.728491010501191638e-01,1.064079877173352423e-01,4.386103722270331962e-02,5.944798308916422747e-02,1.504088086718234109e-02,2.746986080924750107e-02,1.252257978154528162e-01,-4.634018855523114322e-03,-8.925299865721678105e-02,-6.584713363939360964e-02,-1.771366742954960383e-01,-3.788577988633861499e-02,1.318017907015289203e-01,1.224978820650877431e-01,-4.258272734045880775e-02,1.422728760762587488e-02,1.841757252592551020e-01,-2.717635759191753750e-02,-2.765735423260705719e-02,-9.493332527499005746e-02,1.333688702726844033e-01,-9.017484028018903086e-02,-3.235363479676485812e-03,-2.898832280318492868e-02,-9.328191263239300757e-02,-5.590119666230930831e-03,6.537270671712809914e-03,-3.196175845040718361e-02,-1.768324501037615154e-02,-4.134431388057539097e-02,-3.522085181068712600e-02,-7.519925556914228149e-02,-1.068918539817180074e-01,1.649946939824574466e-02,-9.254174757694720588e-02,2.337657228712504143e-01,-5.898351842649365850e-02,-1.257785467153527126e-01,-3.127305318185088362e-02,1.146687716902397708e-01,1.100208701743300571e-01,-1.043670758432640594e-01,-2.314877485663969781e-01,-5.883871599573754774e-02,4.123830426980488323e-02,-2.976554787470863869e-02,8.424281972325750600e-02,-4.186132979295866668e-02,8.497533436368602533e-02,-6.257249682608256869e-02,2.702946876332879694e-02,-4.206524988725095920e-02,-7.505510363976304611e-02,1.116602771469909355e-02,3.004231388510251750e-03,-7.697684218541732404e-02,-4.439148747714785626e-02,2.596626412955570923e-02,1.384441130452324642e-01,1.004634040554788499e-01,8.480392200937274250e-02,-4.223312192459604403e-02,-2.772862212710951874e-02,3.161606830706967936e-02,9.268341420718001489e-02
-1.161757000594341831e-02,1.776296807581875248e-01,-1.265856281022611218e-01,6.436213355647130152e-02,1.409522987605404953e-02,-1.300745697530615030e-01,5.986481127670675167e-02,-5.337196527422198578e-02,1.349945845784469856e-01,-1.296104106064003836e-01,1.726484746054473760e-02,1.202948898503344299e-01,2.570385158014174692e-02,-1.590564319541044533e-02,6.467834328631642295e-03,-1.403766059881157990e-01,-8.126098856597351039e-02,-2.772147218286920636e-03,7.066723243604859650e-02,2.092744678572385983e-02,3.645746329884201609e-02,1.104830716134819341e-01,2.256874657212235846e-01,6.549439930126138565e-02,1.081194985286745430e-01,1.024920500603726664e-01,-9.139826360183191112e-02,-6.686019729445520643e-02,1.340989178203108034e-01,-1.380290738390170871e-02,5.307043509611854976e-02,-7.545010185467219965e-02,-9.156364336045124189e-03,7.481425453572351780e-02,-1.511446410539021012e-01,3.954705437889974307e-02,-1.091010410726131474e-02,-1.603868285765401190e-03,5.870897831774084252e-02,-4.550290391134404616e-02,-6.083500936796652769e-02,6.854662854538573664e-03,-1.798339639568876935e-01,2.457773751620159070e-02,2.634695332143202964e-02,1.752803900402758741e-01,5.654522066278660358e-02,1.688677107432387248e-01,-3.212345596622874777e-01,2.741500016790348465e-02,-8.424155892765138737e-03,-2.130626145184249740e-02,1.828999432792307034e-01,1.663948127376907449e-01,2.017063312229629146e-02,-2.666437534304881563e-02,3.350135265937455309e-02,-6.293067214313582958e-02,-5.945366449453991925e-02,2.695860989312303529e-02,-1.049613669461085669e-01,-3.656382593201232961e-02,-1.885322658283752548e-02,1.344340350951076790e-01,4.220012689473297968e-02,-3.131172221452823562e-02,-3.169013933457406895e-02,-5.645403318896950046e-02,-1.073403015677622530e-01,-2.450158881967552400e-03,-1.546524631497405156e-01,8.430789981351291540e-02,-4.082277554122867858e-02,7.066468470313597150e-02,6.340779589015041462e-02,-9.234275127902212554e-02,-1.209591900133024636e-03,-9.194230943073132545e-02,5.922475652248655048e-02,-6.244082788522413441e-02
-3.474132519640292516e-02,9.378818138174725705e-02,1.150742070177552525e-03,2.991984424587641571e-03,-5.715193815278322986e-02,1.432847057908301081e-01,1.269519815323219003e-01,1.110044828662243577e-01,-3.405236347214240372e-02,-6.403885320705114681e-02,1.533140101667986310e-01,-2.629833180978550372e-02,6.394446295854748497e-02,-2.456853795018904274e-01,-5.150063193736117290e-02,4.749329923266879666e-02,-1.154991858554124534e-01,-8.860064634581868437e-02,-1.796118001566194416e-02,6.515861152248729471e-02,3.682429209287944871e-02,1.192167606951961695e-01,8.936814376883130129e-02,-4.163487178863312099e-02,-5.119110853238685588e-02,1.025474539436248139e-01,1.019276546992256387e-02,-6.217469982739486090e-02,-5.527865492339667161e-03,1.059046007581880122e-03,-1.342527546237643477e-01,-3.510323288528850449e-01,1.272115187889773409e-02,-3.873745274808778477e-02,-1.172371797530701171e-01,-7.178175323829476262e-02,6.452675261623266878e-02,9.107658137284758981e-02,-2.423227351258740430e-03,7.610143517946271752e-02,9.322097952730068471e-02,8.347523146778608460e-02,4.290254108970450314e-02,-6.383015436566537304e-02,-1.399928467454385761e-01,2.738637423398083137e-01,-2.360782723667486857e-02,-2.232816888231218544e-01,-1.729545355404606966e-01,-3.190604455962543773e-02,3.085640347579014439e-02,-3.867742437855874182e-02,2.339483647602620328e-02,-4.901988214325072452e-02,2.781085718836633081e-02,1.058267040916693741e-01,-7.484569478280919674e-02,4.344080259395109028e-02,3.497799013574156429e-02,-1.046181076936712473e-01,1.215293964379364489e-01,-1.019876433527792253e-01,5.395395100671260963e-02,-4.235291526784659699e-02,-1.334999565122023217e-02,-7.658642267894034961e-02,-1.487424482567485384e-01,-1.537615280140866014e-01,1.112089484533017661e-02,2.440452489512913437e-02,2.333925879550480340e-03,9.977181920343457244e-02,-1.598823083448674617e-02,-1.725775032095050454e-02,1.170085368290105093e-01,1.451690086049465256e-01,1.871309998111611028e-01,-3.870580783198123570e-02,7.203922268309920218e-02,-3.314356542828243019e-02
2.176793270676851966e-01,1.920378347569741961e-01,1.946568678005727512e-02,1.458187194003430706e-02,-1.385335488472032028e-01,-2.551343059850073036e-01,-2.241989235446748552e-01,1.129009697095093162e-01,-4.605217251274744406e-02,-1.693130140647759463e-01,2.191201036915683409e-01,1.907044724809385805e-01,2.774974426994029630e-01,-1.152808299914582918e-01,2.340514953776177964e-02,-1.887995785458586318e-02,-1.030146010783236921e-01,-5.981918407831617046e-02,1.483930453893790059e-02,7.206350287991968029e-02,-1.111036521435497110e-01,1.119623597076786423e-02,1.179237865795112680e-02,2.855488810083140483e-01,-8.854205414915464201e-02,-9.855233928129029930e-02,-1.936641928955155079e-01,8.540732700227791907e-02,-1.899761511066721253e-01,-4.700725759351482430e-02,-1.044168336248603585e-01,-4.534563477717808155e-02,1.491280723167331956e-02,-3.714904450834337346e-02,3.018809113525675394e-02,-1.302169541640815775e-02,3.677517625019573189e-02,9.680523755687502063e-02,-7.351267248851159342e-02,1.346621987551732680e-01,-2.141500093295813523e-03,-1.585287225556926971e-01,-1.694852205312333271e-01,3.494264630799341631e-02,5.766022556829569073e-02,-5.341879684175287329e-02,2.364392097218050853e-02,1.527673560636438367e-02,8.247135319498256900e-02,-5.556878765111997881e-02,-1.661546353198039838e-01,7.614989307570765864e-02,-8.652996658834241628e-02,-1.711303338416880482e-01,1.571159093816920371e-01,7.228834881146847802e-02,-6.098777305252666564e-02,-5.541950388478873030e-02,9.666273657933840621e-03,5.646646207529801287e-02,1.801694239054551228e-01,-4.812445229416654232e-04,1.271669574756812554e-02,-1.817856820929116685e-02,4.566481000399140455e-02,3.680644876429162854e-02,2.083208152276787642e-02,-1.802783583187775041e-01,-1.357288985303977402e-01,8.140346384074631514e-02,4.556868908734291318e-02,4.612363113622582750e-02,-3.198771886666830488e-02,5.880649976916608318e-02,-1.904986051902358979e-02,3.057421963519306798e-02,-4.719173764908433238e-02,9.156738219124108125e-02,6.592441837047163800e-02,4.794314662515522518e-02
-4.894925691905890192e-02,1.248099825890748235e-02,-1.904242171614908552e-01,1.229023653076274057e-02,-5.957352350228613258e-02,-6.955414935083628625e-02,-3.563514033940898829e-01,1.157954541874175874e-01,1.085721222367425909e-01,-3.014081412585529682e-02,2.321336162842750350e-01,-9.969859286304985982e-03,-8.371705916732127828e-02,-1.655100778922639904e-01,-4.541954710935465836e-03,1.377833709010885532e-01,1.223877035919737483e-01,1.516822406212576801e-01,-1.629807560702165870e-01,-2.730384432513485171e-01,-7.895967019542208393e-03,3.871928592958617799e-02,-1.170644812932299661e-01,1.000264311288519559e-01,1.582615733809925318e-01,-1.314704683313586142e-01,-1.785745023905050549e-02,1.675401121142243432e-01,6.318283858939779951e-02,-4.641901131589087209e-02,2.918437590234144313e-02,-8.736605154564332232e-02,-6.699520427288470359e-02,1.033073770645380647e-02,7.341326147902632430e-03,-2.617408507934152959e-03,3.129433960131768055e-02,1.658854840394012597e-01,-1.771942291797080626e-01,-1.282310016508961814e-01,-4.252183350782862831e-02,6.421790637763202629e-03,1.605562368126655648e-01,-2.218624119765620628e-01,7.057633519941525213e-02,-1.617954390367484230e-01,-4.471008548979303610e-02,-1.955754920637819277e-02,-4.339781726440632148e-02,6.686607669744196181e-02,5.081150615463320488e-03,7.215250232964323662e-02,-7.666530359633366709e-02,5.514683513053153519e-02,8.509726213063006917e-02,-1.153300998020263292e-02,-1.845986638262933979e-02,-6.739010431165655401e-02,3.930706469327650832e-02,1.227960189564090698e-01,3.096544308696491665e-03,1.537419058274855539e-02,7.183179871417406936e-02,8.767113657976678687e-02,6.125243134125123862e-02,1.063553939109567054e-01,-7.090145426994523895e-03,6.393972534117983719e-02,-2.615322350609478042e-02,-5.442892922721880022e-02,-8.429387327795545906e-03,6.821376653799035572e-02,1.403321256354591595e-01,1.007595763073504402e-02,6.797125686184039839e-02,-3.376832355753552756e-02,9.207489347016303838e-02,1.489373726133034204e-01,6.839813596165482401e-02,3.336081652409337434e-02
5.355795304261318918e-02,1.071677490310178893e-01,-2.746685995857038876e-01,6.953515227397139009e-02,-2.258452494039686342e-01,5.460876011342471331e-02,-9.893911920548711936e-02,1.789880324440898396e-01,1.429588159043944928e-01,4.619465034415996818e-02,-6.577948686554112301e-02,6.576144901280195354e-02,-8.289524183636634569e-02,4.857842716040479403e-02,2.219945648392015192e-01,-1.966256454299614709e-01,-1.742651383753126282e-01,2.150747685858086511e-01,-2.258176845569886126e-01,-7.584665979418728221e-02,1.177943001353167762e-01,9.264266928405812118e-02,-3.829365879827520414e-02,-3.390333885750859005e-02,-6.636177272488810730e-02,1.869681807560922768e-02,-9.615524685832416152e-02,-1.627152493585125315e-01,-1.468397082446916690e-01,-1.707798657680104637e-01,-9.499102107307999532e-02,-2.195671144131255623e-02,-1.026165930979194285e-01,-9.992178876594300097e-02,-7.383190178565658679e-02,4.225487196828905945e-02,-8.100832284008524509e-02,3.688852304561849454e-02,-4.114909250703811111e-02,-6.636806518161128543e-02,1.894041868765294345e-01,4.418183360126082260e-02,-5.240693294110882611e-02,5.398586161968561836e-02,1.182957007772296038e-01,-1.050920576855031013e-01,-1.006726884790145465e-01,9.640375045496814288e-02,-3.959937192349619745e-02,1.439730324658821531e-02,-3.625582551692378436e-03,1.846194884324912633e-01,-4.543032158233624440e-02,-4.340565558079791803e-03,6.307428786561890266e-02,1.360293336985609614e-01,9.019239608888150739e-02,-6.425318281125902420e-02,9.909093940961920255e-02,-1.535737919758179970e-01,-6.877923429709845160e-02,5.201649968940834368e-02,-1.254262207416081132e-01,7.110347382978883524e-02,-7.771623654721353247e-02,2.254461215817708114e-02,4.760015471214241317e-02,1.134485350808826648e-01,-1.949664482411775923e-01,-7.291912915366036141e-02,5.110689378875427763e-02,6.063498132181917299e-02,8.386679132930957570e-02,6.894229315968055521e-03,-1.069628659898745754e-01,6.568044295099730034e-02,5.660895954663357904e-02,1.562113832506829281e-01,2.634995719591975635e-02,1.356639693750932157e-02
-1.010897383046444331e-01,1.559778407866988480e-02,1.860623337748751327e-01,-2.505898870100272194e-02,3.513612902524822501e-01,4.928400315909874790e-02,-1.968711937728086225e-01,1.508848638111044416e-01,-5.893457785402122368e-02,-1.118148358653852231e-01,7.491845984318290519e-02,-8.080265811580142343e-02,-3.843955989190908640e-02,-7.818302733781500036e-02,-3.992264032909444149e-02,3.880350859882895215e-02,-4.100588502878278058e-02,-1.516610430582468749e-01,-6.011004361628805720e-02,-8.707549874743839013e-02,1.060404312922450104e-01,-2.412797342813689447e-02,-6.772996785841952153e-03,1.565256113703446528e-01,-9.113292100704731280e-02,-2.032200945667468964e-02,-2.922024747689278695e-02,4.982828710292671465e-02,1.092127476071094033e-01,2.634284364903957121e-01,6.041586590260195760e-02,1.175858071502115625e-02,6.283183508627909752e-02,7.202862305059000436e-02,-4.996589660039174423e-03,-4.417517593023682215e-02,1.820449672876092995e-01,-2.952290765960596808e-02,-7.280247155187685726e-02,-1.243032809949504332e-02,6.998864006911860447e-02,-1.972370877380910659e-01,-5.045265459361894522e-02,-2.328489264209882351e-02,4.432281946798839051e-02,2.410828432317278780e-01,-4.682446448584278581e-02,-1.783869288983074564e-01,1.233896684428824331e-01,-4.208911700294673541e-02,1.385070223198567319e-01,7.414528594774486003e-02,5.078584463304813487e-03,-8.094867296041549642e-02,-5.929733134748196854e-02,4.956066577378107768e-02,-9.518476251288096601e-02,6.341984362150424048e-02,7.736614354466854471e-02,-2.934323238123542552e-02,1.044272409186266931e-01,7.634673145997000754e-02,3.438435024037187621e-02,-6.100760813256302095e-02,-2.433885541983228304e-02,5.115019398122254077e-03,-9.877770644702608266e-03,-5.215177971205397361e-02,3.336643767509828856e-02,1.077626793125445459e-01,-4.988102273287051136e-02,-8.375687092853934326e-03,5.486465360562257226e-02,-1.124130237451700237e-02,-1.612300820873854151e-02,-1.529649503185742318e-02,1.589614537656971333e-02,-5.296966190627310639e-02,1.101845365599057325e-01,2.763321193655088499e-03
-5.086307223024214008e-02,6.402162697143126691e-02,1.171027191951226343e-01,-3.781115004384973804e-02,1.168669405057034538e-01,-5.781809533776939569e-02,-6.560505461505763969e-02,-2.463658889113063966e-01,-5.001268798977407531e-02,4.952519953958312710e-02,-8.158164342040212513e-02,1.297406764268511092e-01,7.974980640691756162e-02,-2.815713297509795376e-01,-1.840022932926019261e-01,3.668353262687205213e-02,-1.752965282971268857e-01,7.651464098203950015e-02,-2.775807879641798426e-01,1.780568531320862735e-01,-2.056409439119401793e-03,-3.779481251340204018e-02,7.749366986784625433e-02,-3.057990153798255048e-02,2.162351447726402198e-01,2.540242394004267254e-02,8.851488806842072732e-02,1.249776052680261623e-01,-5.184858650492631116e-02,-2.166917646063684991e-02,2.312023565697026162e-01,-2.151456697460863154e-01,1.186901753512562691e-01,1.383324243897172678e-01,2.759755256493056641e-01,1.560182297325912737e-01,-5.674695631026283049e-02,1.123052837585056946e-01,-7.938089075563821428e-02,-2.545534252041814841e-02,-1.214370391832743507e-01,5.646100074202502032e-03,-7.811689772678682975e-02,-8.644402874889291211e-02,-1.198749902295976055e-01,-3.092529650033797733e-02,5.825302441427248484e-02,1.776377868025926787e-01,2.313763588359641077e-01,9.597799878671918472e-02,-1.777660090195462839e-01,-3.002681707869832642e-02,1.464961175365110946e-01,5.031577243725825904e-02,3.802892460706162187e-02,5.868402189350218658e-03,-6.639487103689831193e-02,1.357423665860705600e-05,1.008325713160356379e-01,-7.096094232026102511e-02,-6.033280344627534042e-02,-2.244825280516663316e-02,3.786076560007254743e-03,-1.162390564432790735e-02,-9.592402608047265189e-02,-9.481993713286989561e-03,-7.473455725981385800e-02,-9.861297679792313531e-02,7.071298682854917916e-02,8.626211589582633010e-02,-1.305177961829272378e-02,4.018121142049820016e-02,1.609352342156515903e-01,-1.438925289547898778e-01,7.978853762075532180e-03,-1.413496807188404682e-02,8.624544179431610502e-02,-2.850566097234886673e-02,7.851657885742099885e-02,-4.421199632105450583e-02
-1.077962126445530661e-01,2.111331984531262806e-01,1.307594163007929355e-01,-1.010392163885877326e-01,-7.366165758940081132e-02,2.376784151626773756e-01,-6.835856722701552646e-02,1.414090474859422408e-01,-2.926054418847592181e-02,1.248748471898277479e-01,-7.639321588438378885e-02,6.380892937631077802e-03,-5.816357565730500938e-03,1.899947178347525245e-01,-4.086900589930615724e-02,-4.351699180323351929e-02,-5.205880366467871556e-02,1.227982257787424841e-01,6.427955676065644219e-02,-1.011725161997193865e-03,1.367562938497472345e-03,9.879055204753767194e-02,2.974050564490290580e-02,-2.269594865204653256e-01,1.489806619919722408e-01,-9.430536799282912552e-02,1.175101308004190132e-01,-7.185787313560164369e-02,1.402525243258930486e-02,-1.159667501036876908e-02,6.867586655858996412e-04,7.504047606902962408e-02,-2.544837074667840107e-02,3.893554670697048359e-02,3.832177611475589413e-02,-1.628686143146911292e-01,1.454314762650701920e-01,-5.572998091651644448e-02,-2.756167801259722452e-02,1.909048186932612787e-02,8.547944584070693574e-02,1.019692077411735731e-01,1.018314759450364600e-02,1.095587249488629011e-01,-1.466873407008119912e-01,6.145779554600007931e-03,-2.354396875516415535e-02,-2.776651320681871107e-02,-8.583254553535632492e-02,1.431350137820937285e-01,5.451365915234347714e-02,-7.545821733811773624e-02,-4.478341780466346678e-02,7.057848602243719550e-03,1.610603123070677642e-02,-4.221715093551289127e-02,-7.911102335067247970e-02,-5.158922561619790764e-02,-2.494152611680192956e-03,4.438184594112760950e-02,8.520201487349826630e-02,-1.830799888558002908e-01,6.951097001217601545e-02,-1.017447240932916053e-01,-4.403255671413551509e-02,-8.303310513571084475e-03,-9.065653716420479791e-02,-3.748766880104646704e-02,2.919642232411596983e-02,-1.150222126323543169e-02,2.793983416007989051e-02,-4.140569211393051174e-02,-7.089617846388564237e-02,-5.855181558125320540e-02,-1.481187712116015798e-01,7.865711969512741847e-03,-4.884032734110121260e-02,-4.877501185608942857e-02,4.856816613670984772e-02,-6.787642739968262340e-02
-1.881067586131578429e-01,1.292903712619228318e-01,2.518366684270654035e-02,-1.875822644202039258e-01,1.916860847355650321e-01,2.243720541287490267e-01,-9.315860569922996409e-03,1.105291431220209314e-01,1.194764215907012372e-01,-1.079703628805816634e-01,2.153329545111217214e-01,-2.140251107134444331e-01,-1.055283989537041528e-01,9.359552284212344087e-02,-7.608139097349804481e-02,-4.430140246685815991e-02,-2.436536994943695467e-01,1.865505539131012136e-01,1.974192631443553725e-01,-3.385014588678516428e-02,-5.512634378659090825e-03,1.022486094466483336e-01,-1.475392421805407084e-01,-4.021394676432844123e-02,-1.248687260497496898e-01,1.648087325964525118e-01,-4.662861255811524136e-02,1.199523709744244049e-01,1.486576942131842723e-02,-8.227949869175055220e-02,1.361963462060050978e-01,-2.993401210427318326e-01,-8.919861866977910059e-02,6.450995865874588342e-02,-1.815028470557980278e-01,5.524523716257565692e-02,1.432780400584005576e-01,-1.128741553500441364e-01,1.281712074739857488e-01,-5.378486922687648192e-02,1.792653531906235331e-01,2.281246427561038279e-02,2.241699577129949855e-02,-6.043033188990695227e-03,-9.585175368865286871e-02,-1.469786385264081063e-01,-1.005601646439872182e-01,-1.106389135704881899e-01,-5.432768259874390382e-02,-1.851839414911105874e-01,-1.133285528974079803e-01,-2.184081224094438778e-01,-1.357389612945655022e-01,-2.092452216063452747e-02,5.660713907377427218e-02,-5.568990986609886028e-03,1.857396411867946392e-02,-2.720142326772163541e-02,-1.986853180903351904e-02,5.837334407742000852e-02,-7.242305157509507096e-02,3.652410061381480832e-02,-8.122509955495656533e-03,-2.118634067520876185e-02,-7.522942762093204339e-02,3.486934273497833969e-02,4.589465416326717062e-02,5.108576048063447408e-03,1.975027140645841395e-01,1.504924313034760874e-01,-9.585788566092783361e-03,-4.537767770880534596e-02,9.971552367257739691e-02,-5.972972017455499549e-02,3.343078666502145857e-02,1.089875639545480161e-02,3.489470628956993503e-02,1.292676150013941441e-02,8.424382546963467278e-02,1.866924448581920581e-02
2.361329092055088411e-02,9.871626478145123507e-02,-1.644867500530865223e-02,-8.149486661250687769e-02,8.073116410032565859e-02,-2.427534236540917767e-01,-1.442643397260695015e-01,-7.789496950090050997e-02,2.239033728401479961e-01,-1.583143378221373299e-01,1.259959609363194011e-01,-1.547119679250826552e-01,-8.679555297534247496e-03,2.917313134198849522e-01,8.256503445982620037e-02,-1.130473505607506868e-01,1.312460895589216414e-01,-2.649398626288783087e-01,1.067236427826170481e-01,8.617927115022065709e-03,-5.949474992843604981e-02,-7.166127629541415092e-03,3.194725506776229657e-02,-8.870105208095653559e-02,-9.254709466123093317e-04,-3.816095204615205932e-02,4.936106981978205521e-02,-1.363829896566871869e-01,8.381276607882952312e-02,4.953849575116842097e-02,-6.190427661742174681e-02,4.186341557355072879e-02,-1.076317888880961166e-01,-1.244392360620946887e-02,1.488318823670474744e-01,-7.724084627903664291e-02,1.059478956749079631e-01,-2.362177791992414386e-02,-5.622613809934387530e-02,-1.093039154796731499e-02,6.754069274675535139e-02,1.150826217864000384e-01,1.363604204148267073e-02,-1.626341198509617669e-01,6.393738247756178793e-03,-3.560968778816797631e-02,3.088841279833745221e-02,2.043600915609488644e-01,9.066869366423190024e-02,-6.137156089258002239e-02,2.533802417971228391e-02,7.761061898197270338e-04,9.098716963837177873e-02,-3.577627984022109780e-03,-6.337351083036554811e-02,-2.324744894124431999e-04,-2.974420652480395943e-02,7.177480704620690932e-02,5.189931732062298859e-03,-4.747101455694179711e-02,-1.067452064030097458e-01,-8.856066320627527244e-02,2.849056813748100658e-02,-1.007628738065708685e-01,3.749789838880630832e-02,3.879920172341391055e-02,1.397294177404388160e-01,-5.704583678745205055e-02,6.269741998203820499e-03,6.768310560062519576e-02,-1.427809845806679231e-02,4.564823517531007430e-02,-8.988031873296289942e-02,-3.219706013873763900e-02,5.328871164719151815e-02,-2.559718654349310910e-02,2.750223147119667741e-02,2.358407606858430733e-02,-1.222514489646797931e-01,1.058520435947762905e-02
-9.158168276553300957e-02,1.709548661391622343e-02,1.946935808974032400e-01,6.613131912936824619e-02,-2.066652683101176738e-02,1.388683798943502190e-01,3.740246434161090261e-01,-5.789508487948298587e-02,-1.730620280943565847e-01,2.113559429258847766e-01,4.553631869385420250e-02,-9.324390389457271056e-02,1.684355954990282844e-01,-1.654696844079715790e-01,1.956599978199661527e-01,3.602276557339948999e-04,3.591970001215197272e-02,7.008042315425815072e-02,1.064187210180760901e-01,-1.703339558442424628e-01,-1.780155771681540267e-01,-2.472781853397206242e-01,-4.294647674022198519e-02,-3.297257841124078825e-01,-8.438650935680562515e-02,-4.691669443095532362e-03,-9.364272406896048673e-02,3.116721713342323133e-02,-9.166383090630413066e-02,3.013426852066181105e-02,-2.128872895276319108e-02,-2.901888125074790492e-02,-1.451234047273764483e-01,2.109255482690709504e-01,-7.396922943874131851e-02,-5.320741380016909966e-02,-3.118967994968475238e-02,1.119510296323873583e-01,-1.821211564318436435e-02,1.734786678766730150e-01,-3.809146367769312286e-02,7.152998037503319195e-02,-1.148663744750401949e-01,2.166339281459637722e-01,-9.410891970676729668e-02,2.432003131595261713e-02,6.998883733676927385e-03,1.902975134593789044e-02,3.397264365080751754e-03,4.251088268368184014e-02,7.737092359797054231e-03,-6.370976187189134055e-02,-2.049235468354587142e-01,4.532183573124816400e-02,1.833891911554604709e-02,1.565089684839255368e-01,-2.881335360701213835e-02,3.841208147331760109e-02,3.727124537386248410e-02,4.557431746891931618e-02,-2.866336851866419649e-02,7.434135021999997706e-02,-9.045477448386029379e-03,-2.525397138796630150e-02,1.458027761738544537e-01,1.554750410196296395e-01,1.891872915182879755e-01,3.271913051711082543e-02,-1.561748664617232663e-01,7.517730506963448897e-03,1.044080389889255611e-01,-1.185297290522715069e-01,-4.581232265484395244e-02,-7.379210169073281700e-02,1.113187728662379111e-01,2.982938681094604583e-02,-1.671549847290190391e-02,4.940671967416408045e-02,3.590286609141483606e-03,-6.318061875192512722e-02
-1.274145479434371786e-01,-1.075208524858329712e-01,-1.494136522634196629e-03,3.078121187324411520e-02,-1.740619009477988866e-01,1.210853858695781909e-01,-9.180218629957884180e-02,4.860273585803361746e-02,1.095809675331152477e-01,-6.349726431702525098e-02,7.368682550784010077e-02,1.226169754578027432e-01,-2.122262963221286519e-02,4.007254919320403508e-02,2.040868592194034978e-02,1.551094773108024627e-01,8.027261356805101555e-02,9.472818227178783634e-02,8.707199652511307675e-02,-1.486202814591463996e-03,-2.313360719551328659e-02,-3.119113596354546325e-01,-6.859075923636963334e-02,8.433662098351826786e-02,-9.238863821873962920e-03,1.082120822922750386e-01,2.140466208847900953e-01,-2.401227985046339164e-02,-3.382559815737340436e-02,2.374402125860220619e-02,-2.519711437037581298e-02,2.892143972187588563e-01,-1.145070028465265677e-01,-8.698531789422132843e-02,-1.378144205463484318e-01,-2.173549120357328238e-02,-5.499066138676726723e-02,-9.634737419932465352e-02,-1.166105412016340548e-01,-9.574073416814625481e-02,-7.278950346932486215e-02,-2.756603812085889685e-02,-3.168377735100659509e-02,-1.157435672804258547e-01,2.059852302414246494e-01,1.687640607094750833e-01,3.658518252394068332e-02,1.339852462196872845e-02,-1.196941293420137643e-02,-4.161965156949556238e-02,1.330669633079372693e-01,-1.050442730093525540e-01,-3.879606682266210915e-02,-7.458307579345738181e-02,-3.123829781500050279e-02,-1.391548009450415124e-01,-3.473416934555329655e-02,1.094379440519257785e-01,5.309147744596982854e-02,-2.646043978502804483e-02,-1.689784946689590617e-01,3.320750650696653594e-02,2.455997939735782634e-02,8.007373705714651568e-03,1.005888979830660453e-02,-1.639983628101207222e-02,4.235866665145320009e-02,-1.525749806738173342e-01,-1.695089973244794448e-02,-4.832839603430123809e-02,8.431468532220806611e-02,-5.976301981131926233e-02,-3.691683043297666958e-03,1.485334220223249180e-01,-2.284233431838743056e-01,1.195027722706953205e-01,2.497005053518184386e-02,-8.277383241769901978e-03,4.954256581294359113e-02,-2.757788486792246696e-02
-1.914306669964771501e-01,2.563756607623954124e-03,1.589778225593149463e-01,-1.240891058057179142e-01,-1.090997126487041301e-02,-6.428438164342301780e-03,-9.929129563337989184e-02,8.426500241810194747e-02,-2.046417315563170691e-01,-1.022266123974768098e-01,-8.006153393782433625e-02,-1.725018153530434306e-01,3.793213445938701384e-02,1.355363783964113125e-02,-1.823816916444432334e-01,-1.079833007482518675e-01,1.638045972522324811e-01,-3.146830049256944123e-02,-1.224285962588763689e-02,4.040574179527798432e-02,-4.855576988148213764e-03,-8.660834423662408521e-02,5.575358259781130511e-03,1.036523430621119797e-02,-1.435576516760821153e-01,7.137509753705902071e-02,2.401347038858273400e-02,2.021066848270202110e-01,-4.775134794870044413e-02,-1.546129504744807592e-01,1.837107439935158348e-01,2.800244888408079391e-01,-1.203499690994904725e-01,-4.960442031222157475e-03,6.280601219526112111e-02,2.700243792131190937e-02,-3.293570889031513516e-02,1.115811353444834397e-02,2.237017538401443739e-01,-2.799042416933650215e-03,8.363315912861619961e-02,4.866374519889616473e-02,-2.458162377058466241e-02,1.493968524588515090e-01,-1.339220817284366392e-03,1.585480608184643148e-02,-1.244562920261981370e-01,5.087530027450159337e-02,-7.162780454143047315e-02,1.042984615647913754e-01,1.028180594852541041e-01,3.513129418848625479e-02,-2.096405289290653728e-02,-7.661109881683723574e-03,-2.479865354963509821e-02,3.491994248149694197e-02,8.780161412380287078e-02,-2.422775117918694876e-02,-2.516468375131725513e-02,5.597135487822319649e-02,-2.106029777890642760e-02,-1.170781022797502957e-01,1.985492205945137492e-02,-1.298444022532710407e-02,1.970765946383001149e-02,-1.753531405842316190e-02,3.003305727040164394e-02,-2.633877769876627126e-02,5.763698864233819663e-02,6.723312908577630531e-02,-2.437658688838697726e-02,-1.018414785192790772e-01,1.496752067523203500e-01,7.019270114906499269e-02,9.941055418942111588e-02,-1.619556956399199332e-01,-1.356167173544241822e-01,9.985736981242102073e-02,-2.354090678677063855e-02,-6.420531324925726757e-02
7.203888960193151336e-02,6.089577144180450402e-02,5.203651308803861932e-03,2.782251244695395087e-01,-3.238677914312836359e-01,9.540214547470201104e-03,-8.394618429688863182e-02,-7.279210758574415630e-02,2.046779337575076463e-01,1.567714110297472319e-01,-6.528635275798366777e-02,7.605677601779433500e-03,-2.800766687758310045e-02,-2.137063512271651644e-01,6.458036459391132411e-02,-3.747765054102804583e-01,1.624498655658801194e-01,-5.592357060447916695e-02,-2.400383458627841290e-02,-4.062089099025564809e-02,-1.319386289472510299e-01,-9.756585601657181972e-02,-3.156301726653901740e-01,-2.373464808611045612e-02,-4.366157916730558503e-02,-1.900085462174234407e-01,-1.626698735368726223e-01,-1.133870077341234683e-01,-5.656261581983158121e-02,-1.073506591024539353e-01,5.770172736236895555e-02,-1.302463476216238758e-01,-7.694255629979074307e-02,1.115772110092230762e-01,-2.192279023471514765e-01,-1.999575134831127754e-01,-1.366781973477352308e-01,-1.400094549036711988e-01,-5.462280568163314920e-02,-1.102877842601165809e-01,-1.242588955031872222e-01,8.545327632228420789e-02,4.848716774221713960e-03,4.707468512773096275e-02,3.672169179151334867e-02,9.839513756725629459e-03,1.976492666964208278e-01,-2.529251495208097167e-02,-9.176807000505807221e-02,1.128614474446860000e-01,2.651803325004239431e-01,-1.122801191818631750e-01,-2.570490654283935292e-02,-1.247672677116515028e-01,-4.035493061220645633e-02,-1.658430832101272234e-01,-4.017453378786758900e-02,-6.636507680088751804e-02,6.088012951654177274e-02,-2.496975595226122724e-01,-1.140191051701270053e-01,8.490609849754214566e-02,-1.011802627988056362e-02,-1.680038512288859961e-02,-1.528985929504202979e-01,-3.603803563605331023e-02,1.574801473130997553e-01,-6.798288315244797875e-02,4.080995577372521083e-02,-4.189305889174772118e-02,-3.235725991545932573e-02,2.821227710028530872e-02,-1.484974226560127619e-01,1.619758061566706209e-01,-9.355262619769121046e-02,-5.041334285113872361e-03,6.077652412303328339e-02,1.501952371934597505e-02,1.079055969241099616e-01,-9.236577829798614525e-02
2.504824049497478386e-04,6.330597494264569858e-02,-5.013880716576509140e-03,5.279788572404917057e-02,2.262150704408130986e-01,9.630037885682392329e-02,8.352343634923424520e-02,-3.169020141283260261e-01,-1.835051439156541037e-02,-5.731982356633409659e-02,9.628858497938093397e-02,-2.128030496737796928e-01,7.460482998490602924e-02,1.427737231674578167e-01,-9.937339188466286222e-02,-1.553621350199637374e-01,-2.148860137167236950e-01,-8.213714812941866339e-02,-3.965182005854480107e-01,-7.071926835973534053e-02,-2.854530412455607777e-02,-1.387109213764601279e-01,-1.450772467872994131e-01,1.199161120281781456e-01,6.404273215487420179e-02,-1.056512172535275379e-01,6.284165779779923855e-02,9.052226226227717831e-02,-9.224336611076998371e-02,4.553002955186055689e-02,2.327875621612855994e-01,-1.417534747839854226e-01,-1.562725682901105681e-02,-1.401665488785775078e-02,-1.640004612333822651e-02,-1.131107818948060562e-01,4.801152419713170666e-02,-4.312990783795573463e-02,-6.984496528397911991e-03,-1.206042288360633374e-01,9.579594594272183850e-02,1.379986602539823026e-01,-1.902328474806812275e-02,1.354671151554785180e-01,-5.172607590611410372e-02,1.033763982258609736e-02,-1.623719251472258845e-02,1.415939855869160491e-01,4.325159428904556264e-02,5.057442638246748001e-02,-8.730586925658591346e-02,1.050347563136926760e-01,-1.365135033428927294e-02,7.158007978882205413e-02,-1.064479037387608407e-01,-6.702408702155793208e-02,-1.445730545959851912e-02,-1.549504927207999150e-01,5.573653299282425866e-02,4.827804525252984112e-03,-2.004204398343250593e-01,-9.587960177441655352e-02,-1.080609594491019169e-02,-6.428022332862996790e-02,-8.969940681994230218e-04,1.220916096581165788e-01,4.585820853140932379e-02,-9.447326415828789792e-02,2.678785268195558664e-02,-1.010161603350296367e-01,-1.132882043664097671e-01,2.724310184446672098e-02,-6.226375813380943119e-02,-6.168573630889092468e-02,-1.118418721066892912e-01,2.477005723986043170e-02,-3.546964065871454491e-02,9.972024111161995052e-02,-4.540285646891448895e-02,2.853112961139383889e-03
-4.629605108544845166e-02,1.273036105850054445e-01,-2.837728871572645431e-02,2.539945249802144644e-01,7.227533268640244646e-02,-2.270362184100170599e-02,9.020965786924485530e-02,-3.064108744134839274e-02,-2.585595126192967094e-03,6.277052316823923672e-02,-1.190153013250654368e-01,7.042056945209765328e-02,3.209919042583491561e-02,-4.774659850002701406e-02,-1.030855969128920274e-01,5.329799383293694348e-02,2.474263195380794755e-01,2.425818214086567295e-02,-1.099955992131864679e-01,-1.691819057918952374e-01,1.067435265305000242e-01,-2.159726658345286765e-01,9.340180957536299566e-02,3.172422057373459545e-03,7.377781316884783613e-02,1.203279494937589816e-01,-1.132955904975429390e-01,1.976900526476743081e-01,4.289203710527817598e-02,1.011663388100613736e-01,9.024453699763716752e-02,1.921567380446459194e-01,2.493689526992411143e-01,-1.401786975578601102e-01,1.866165938940587132e-01,1.274566257870973773e-01,-9.658420957279821584e-02,1.685968005531350566e-01,-1.389630808218388913e-01,-4.127999626151936802e-02,-6.008555337984169964e-02,4.662693270947178975e-02,-6.459097025673100900e-02,-1.940749293032156819e-01,5.040232915734703389e-02,-1.467610251261699805e-01,8.855236125074811282e-02,1.771712305513411037e-02,-6.257168305799851171e-04,-9.328273417435983816e-02,-3.187092080417129603e-02,8.452544128135976165e-02,1.584652672616729957e-02,1.414323389773276818e-01,-1.230442795465028043e-02,-3.857451499771191727e-02,1.728779366538081286e-01,1.064077521877612592e-01,-1.302171896626135583e-01,-1.640090602687981625e-01,3.404620043601196827e-02,-6.817042314542456904e-02,1.503068915994442215e-02,3.836516888942147901e-02,-5.987524874730890123e-02,9.022598145146187854e-02,-2.271794524108089811e-02,1.156610412784887451e-02,2.007603969624543669e-02,1.615531586173578893e-01,4.786764381638167198e-02,7.663751678268378165e-02,-1.060334799895198965e-01,-6.863414252513672272e-03,-1.545145883564069157e-02,-4.619183040201698537e-02,9.273956353524671903e-02,5.152960359282004327e-02,8.669410982016902134e-02,-2.357509057217948428e-02
9.509454643965870035e-02,5.129099151456391337e-02,-2.035933154297425995e-01,-3.488657380978418127e-02,-3.253899998977794611e-02,1.135293134827749795e-01,-1.258353093536979384e-01,1.973989787322409997e-02,5.334413061588400701e-02,1.061153689712834441e-01,1.219505500144258264e-01,5.310049570356638327e-02,9.713638641347169256e-02,-1.903366062278264992e-01,-8.536671695366772339e-02,-3.927515509866678634e-01,-8.485127353286282814e-02,7.775554981589778702e-02,6.134441002682688299e-02,-6.389275589688030166e-02,-4.049100915101851161e-02,1.893412048863303832e-01,-7.221121960272582074e-02,-7.443686135273400173e-02,2.301257484275191778e-01,3.021405267385703919e-01,4.423553282397317543e-02,3.856216915555855940e-02,1.921234346440551244e-01,-2.094662742631254460e-01,5.086477787129321804e-02,2.189186999246318932e-01,-9.780866627401289815e-03,6.228375015704805395e-02,-9.800816273417035929e-02,-1.292215216303598535e-01,-1.555366301293795717e-01,-4.065219356826918484e-02,1.971278028017656447e-01,-2.271921730195840816e-01,1.100719599950086419e-01,1.457354418206737445e-01,3.556476605072871749e-02,1.744571773022508820e-02,1.051810887532006605e-01,-2.200405679842262485e-01,5.357740711915608828e-02,7.685366736306693813e-02,1.058817622823874337e-02,4.437086172057924660e-02,5.487650170496082003e-02,1.096202939344524535e-01,-1.151047819576361125e-01,-9.433689664241245998e-02,1.927585519162217098e-01,-8.116198608823539662e-02,8.618178646379508201e-02,-5.750439213984107067e-02,7.253965356900442252e-02,5.626809070786244205e-02,-9.967640812977619780e-02,1.273168315207525159e-01,-1.402293793907998312e-02,-1.883020975475293429e-02,3.152911917773511957e-02,-3.111383363828782757e-03,-5.760906410130347405e-02,-2.349453506390296667e-02,3.468344800978607340e-02,7.220146321884207859e-03,-8.695451563244241400e-02,4.210987644316165762e-02,2.930063768857756531e-05,4.757415798307753491e-02,1.376355472168038774e-01,-1.513538624161802071e-01,1.258040836313097099e-01,-9.945854442816518329e-03,-2.856471565140108679e-02,8.171805217501403040e-02
-1.765591367539518786e-01,-1.359644925702801488e-01,2.604426051697757497e-02,4.563210060659316641e-02,1.551207731834707837e-01,1.922274527241168429e-01,-9.950371738894790707e-02,2.015368641361685031e-01,-1.880819014098145114e-02,-1.375016493103934645e-01,3.292541774327852749e-02,1.819976423620174866e-01,9.563542106754681360e-02,-9.763136046097269094e-02,-1.115558781785525033e-02,-1.322876261325984237e-01,-6.221714749533259481e-02,4.698180216568466350e-02,-6.767594049661791733e-02,3.249919348447937589e-02,-6.726334635560235475e-02,1.351256517230744192e-01,1.702758434825873274e-02,4.186215626655089700e-02,-1.337812999690864146e-01,-3.875912113949339100e-01,6.951040695203988817e-02,1.943459107592828902e-02,2.537717977875295627e-01,-5.111063298097399260e-02,6.264192135959431584e-02,-8.637656181035636982e-02,4.630264568909644302e-02,-5.009806733468624013e-02,8.501093283871347106e-02,-1.596173115020987354e-01,-6.389756236320345839e-02,-6.305766833148063535e-03,2.099563543704555460e-02,1.771711020932311975e-01,7.975729123452596214e-02,8.299440645219634261e-02,-3.401712950417794257e-02,1.890090652693243722e-02,3.279374217615483450e-02,6.351374611047691521e-02,-4.980617969484359836e-02,2.211574536933236940e-02,-5.537586210347721083e-02,-1.594302767388289521e-01,-1.823763202857821564e-01,1.154074161529672765e-01,4.222927834283396291e-03,2.528518500868513416e-02,-7.471996166356970059e-02,6.667467966019501036e-02,2.051000746045799628e-01,-4.342887999222841411e-02,-1.135349865524649116e-01,3.360359822492302306e-02,-4.583502124802942869e-03,8.496418581798149960e-02,4.520757886825705479e-02,-2.460999340233864172e-02,-2.073579236370870493e-02,-1.606413539020102588e-01,-2.849827850574599211e-02,-6.386095945776928615e-03,-1.548951384332025449e-01,7.887112253494960035e-02,3.880263757176573985e-02,1.182578747358426080e-01,7.757059087643021489e-02,-7.339959786007723384e-03,7.365862655593899411e-02,9.115393326260116946e-02,-8.200259192176484468e-02,9.935251900065482367e-02,1.880324465678615553e-01,-4.178586065875959654e-02
1.461623759496504249e-01,-9.791190727874705957e-02,-2.438195531602021723e-02,1.176161019607327718e-01,-1.431243084919903846e-02,1.083819108240084012e-01,2.342899600173218699e-03,6.190086772821190748e-03,1.929775974486327636e-02,1.886172919077413190e-01,2.487545481984627591e-02,-2.400051874402855945e-01,1.341340172744059228e-02,-7.488624349529672541e-02,-1.247017451221452411e-01,-3.152085004091672443e-02,1.229827313692047480e-01,-1.418056503413761549e-01,1.293750075928936094e-01,5.680507209429330046e-02,2.834403088682744820e-01,3.862214404523636735e-02,-2.316344837139649830e-03,1.409134720751507343e-02,-8.665591694554021507e-02,1.584235028843849480e-01,2.960210357125478073e-02,5.318877767164466308e-02,-2.226413100119876143e-01,7.318274647253988907e-02,1.119607123170804873e-02,8.435549248226854868e-02,2.973715356536215521e-02,8.951103579770704199e-02,3.569595018604240083e-02,-1.644771565386409506e-01,-7.288285125405070952e-02,-1.731818923449645470e-02,3.128362423766677114e-02,-4.574153466780023561e-03,-7.054455075957434540e-02,-1.584191270802398077e-01,2.134694292292942941e-01,-1.431716232034970504e-01,-1.551068528048212825e-01,-1.409266250605734627e-01,1.480648311048313459e-01,1.491701423297628892e-01,-1.758138372739410926e-01,-7.839597100735605506e-02,1.529239819232669495e-01,1.376252361421802586e-02,-1.554668472940911594e-01,1.267205452017149681e-01,1.522340020425424221e-03,1.303971263944130321e-01,2.487125271821698236e-02,-2.138789079472927859e-02,1.899545880540244591e-02,-3.608868261302496452e-03,-7.688080973131786178e-02,-9.764223719017940673e-02,1.488507956224106032e-01,-1.615308717255761403e-02,3.055327457220357590e-01,-8.049686165025400630e-02,4.994891894257072473e-02,-4.713216109523177960e-02,1.976548838178066037e-02,2.170254974987707169e-02,1.866744957947303121e-02,7.425604135994576249e-02,6.420386830674298939e-02,-7.710425133769521766e-02,-7.015026117811765105e-02,-5.964793748627873760e-02,-2.670308074083834263e-02,-4.928182643668319041e-02,9.052644171812818108e-02,9.841370688175149484e-02
8.607128863271529262e-03,1.036853010619689236e-01,1.692275874124025414e-01,-2.425967536069577671e-02,-1.164897071772765108e-01,1.517869950426691816e-01,1.483518430300078371e-02,1.592110970138918280e-01,2.238296246004122525e-01,-4.483779167079587208e-02,-1.161521955136912976e-01,1.092473448395517438e-01,1.139858058240529742e-01,-6.510356831717353798e-02,5.260241106521613974e-02,-1.986865837343536334e-02,1.765752779766332492e-01,1.944646107709491478e-01,3.202705724424467076e-02,-6.031129265375041043e-02,1.523202857107633923e-01,-2.187055290840448155e-02,-1.186773490414995968e-01,1.548360954437952575e-01,-3.222419241460525163e-01,6.570005845872566030e-02,2.079524785119268773e-03,6.613458936411292788e-02,-2.582800240774876452e-02,1.905238297462408248e-01,8.525120513698704328e-02,-2.689914691352906506e-01,1.345558569805998528e-01,-1.120527612624406394e-02,1.659794708125218732e-01,2.681166847723502264e-02,-1.986717066847607793e-01,2.656161603235266885e-02,-2.763689506903209414e-02,-6.917733406480222613e-02,3.306361521786213564e-02,-1.629983833341579202e-01,1.027230785339977998e-01,5.430854285500705952e-02,-1.198420708299406251e-01,-2.272646606361684862e-01,1.620328476091219272e-01,-1.464469621024601896e-02,8.965131193662519149e-02,2.372385768972207903e-02,4.095731158482089455e-03,-4.202833228099399354e-02,-1.007900274733251611e-01,-1.841057901279306852e-01,7.210295194384370998e-02,2.254554220142087340e-01,-8.402795933413884089e-02,4.982316819115865936e-02,-4.184759952479365913e-02,-3.086186743988590941e-01,-2.718639556934249277e-03,2.915511307015075312e-02,-1.193866523743494640e-01,4.949694610230884889e-02,-9.166604109031553649e-02,-1.437921871962051790e-01,-9.251264932463500179e-02,6.726297148790072455e-02,-1.821335548404030003e-01,3.904258623669194100e-02,-5.288724986061553446e-02,-8.920480540663268398e-02,-5.975256743878946952e-02,-9.683795596569927389e-02,1.343905828135329682e-02,1.591509950065768050e-02,5.473615716279897625e-02,-3.969423703843162621e-02,7.336797739724147671e-02,1.352691796702134297e-01
-1.148793831134871241e-01,-1.148083460025200037e-01,1.325789497351871071e-01,-1.727316167633756450e-01,-8.758221297553140825e-04,1.574683427890125054e-01,2.541332401219055792e-01,4.639406443659559176e-02,-1.090287469068985382e-01,9.719727206442957401e-02,-1.011418306335809709e-02,3.306535077434837738e-02,-1.014045423762661574e-01,3.473130035224796658e-02,7.629393883247807817e-02,4.792648227829544166e-02,-1.001999749112100768e-01,3.910313200813315959e-02,-1.285656400968513691e-01,-2.681859975897713747e-03,-1.560812689374601325e-01,5.993770360508610118e-02,-1.032847224194195085e-01,-5.388261232039250059e-02,-4.277136182913490042e-02,-1.294465559970718327e-01,6.362899970076457690e-02,8.118385696409546881e-02,-1.008965056662899512e-01,4.860525880773527291e-02,-2.736210608373308012e-02,2.353179676249289309e-01,1.044999419990015471e-01,-1.587426516817012079e-01,-4.202622732697676444e-02,-1.190845946377305231e-01,-9.078920521405098656e-03,-5.302112733579257553e-02,-1.135612831303821207e-01,1.956980669580830889e-01,-5.829150090019271507e-03,-1.494722556245987009e-02,-1.989825448493401025e-02,-1.664022798234214284e-01,-1.337836144112642123e-01,-2.520878344050631603e-01,1.800685672250443292e-01,2.047421508142689972e-01,1.569725650451802845e-01,-6.269831242907659974e-02,-8.125160324591873540e-02,1.258353263648364362e-01,7.526361356866488606e-02,6.055102751454524007e-02,-9.183635382013428938e-02,1.272776541079561619e-01,-7.358574869478214098e-02,-7.874668436188869691e-02,6.103886570939177220e-02,-9.133887563470097226e-02,5.739136168640179836e-02,3.137261811786114934e-02,8.062789934140295392e-03,-9.458521704256177276e-02,1.873125272328005630e-01,4.932919844898876055e-02,1.437561840075278208e-01,-1.219877872849644967e-01,1.794008539126648941e-02,1.798055179037952311e-01,-1.025099289636920291e-01,1.907605497424058692e-03,4.164112738957654464e-02,-1.876745224149206359e-01,-7.413002636730663120e-02,-5.654836918775465321e-03,2.577994144492268616e-02,-4.866314396260439795e-02,-3.641277743664039085e-02,1.897980577674323113e-02
-8.412168073215374464e-02,-1.150267072610332633e-02,1.173780228428727285e-01,2.564378562652039339e-01,-9.106845973027352659e-02,8.621161499047876042e-02,2.681398720955937773e-02,1.082771061236902227e-01,-4.211073406028361527e-02,-8.466148223511105186e-02,1.728375957715716851e-02,-7.896402001173200014e-02,1.488735905030766637e-01,-2.520996119924363010e-01,7.286486379045695183e-02,-1.938365935741071522e-01,1.644434118828331237e-01,4.277921456365046254e-02,-1.814317018888976507e-01,-5.883983583762240205e-02,-2.136767208226516418e-02,1.870078613415602775e-01,-3.010847082462474525e-02,1.360924899262577203e-01,2.097868115920625484e-02,2.324856692032588046e-01,1.566154868954468607e-02,-2.472482352459360877e-01,1.470945005742953400e-02,1.234619336849342858e-01,1.352757248289922498e-01,3.694897031236105221e-03,-1.506039769701245368e-01,5.139758282205279805e-02,7.282206998130005826e-02,1.256231862591980220e-01,-7.683760032408934459e-02,-8.221410986955539346e-02,-1.233011667815675227e-01,8.657572285730959823e-04,-4.100337615161905869e-02,-1.888502219264938387e-02,8.493648644296858397e-04,-1.749260202534171915e-01,-5.651835296960905537e-03,2.583389831612759036e-02,-8.986081482025391753e-03,1.894251572797367444e-01,2.340333918110444264e-02,-1.251432152117684660e-01,-7.394393376182693822e-02,7.076924145543131428e-02,-4.732571460583095274e-02,4.835674418347050280e-02,3.068454987900136599e-01,-4.973140712607967973e-02,6.875376983700548505e-02,-1.465930451126408809e-02,3.776060729087781388e-03,-1.547629991580904141e-01,6.145264020075764944e-02,4.601722095516436184e-02,-9.918730521247580423e-02,-3.272104690504105268e-02,-7.241136144662879692e-02,-1.019588678296020068e-01,1.449616509707437051e-01,-2.111773307298895827e-02,-6.365825176330278806e-03,2.518206282334436042e-03,-4.519945217684947364e-02,1.742780348198365303e-01,-9.762608320198268297e-02,1.244384345595466596e-02,8.443918531830445044e-04,-5.664062651151425404e-02,1.622955294002674130e-03,7.296394858935791039e-02,-5.930032144332463701e-02,-3.791369379857800759e-02
6.390699162456017768e-02,-1.033197003223948612e-01,-6.776457145184730524e-02,-9.951703814289833416e-02,-1.741202239396311136e-01,1.948048492179014490e-01,-1.201660948333489465e-01,9.018500701041283485e-02,-1.645171585154131533e-01,-5.688060894429642494e-02,1.834619605473124804e-01,-5.424221822229274154e-02,1.771632897881740077e-03,9.561316289380951405e-02,8.265470862178637967e-02,3.184981280448166974e-01,1.316061810434687382e-02,-4.698849039136295674e-02,1.436209857026772563e-01,2.864051255529768691e-01,-1.834797791458948890e-01,-1.749555555082505098e-01,-4.987955602576590181e-02,-2.665248555470596248e-01,-2.663170913110238583e-02,-2.236706297788148001e-01,-6.825921732556970711e-02,-6.910334167947823625e-02,-1.896439241421309374e-01,-2.046499558267517518e-02,5.999002822454432837e-02,-1.943364460844241859e-01,2.218062983026510837e-01,1.298752222324312533e-01,9.723421828137678025e-02,1.432751639689428813e-01,7.191659697694374742e-02,-1.464569819477973961e-02,1.049817205172397377e-01,-1.037938736018497767e-02,-6.093467430363072590e-02,-8.905688160495088546e-02,3.513099053308402220e-02,-6.642236493042952272e-02,1.742156563312014239e-01,-1.710824861571693389e-01,-1.023435405985394092e-01,-1.123860598059490436e-02,-1.949158430652025153e-01,1.028046742155706433e-01,1.989408648130178703e-01,-7.627660134910477230e-02,6.297374831695937147e-02,6.311758921614875339e-02,-1.364977281994144385e-02,1.846442040205907575e-01,-1.301313760078739445e-01,1.185067868861801876e-01,6.886976311453643640e-02,-1.297683926699901846e-01,7.176729507643200834e-02,-3.439602648414143149e-02,-1.102457879532774548e-01,-2.129547161250929660e-02,7.180215583965268711e-02,-1.190639778370475299e-02,1.487021387393187011e-01,2.202965419125844093e-01,-5.458839512436730254e-03,-2.382927400307676136e-01,2.494505090317096843e-03,6.499161126017058421e-02,3.000977998706040595e-02,-3.454629911036807832e-01,-3.875927007410272934e-02,-2.302033075589867903e-02,-2.502810406010903821e-02,-8.423991539450788324e-02,-2.464611421609173153e-02,7.674902062284881532e-02
-8.636468356662251045e-02,-2.944877670988665236e-02,-1.293473577524230020e-02,-1.481968459423855522e-01,7.017774303231537336e-02,-2.067117943680681635e-01,5.741707193166858958e-02,3.627595163449592180e-02,1.978458261328269463e-01,4.435074048518948195e-03,-1.609840800292457186e-01,1.696044289005438355e-03,1.216225489297426271e-01,-1.818731234753502846e-01,7.235005249621138945e-02,1.276050214652633685e-01,-6.871161636788659932e-02,-3.026450284315018724e-02,-1.972688777795530632e-02,-2.063876758493899677e-01,-6.783289188309832296e-02,4.327607391862359904e-02,-1.947055823104470312e-02,1.212470258507579168e-01,-1.222215831783235312e-01,1.888009820732430011e-01,-1.529854217013678630e-01,-1.088472862656904294e-01,3.016876793249845951e-02,8.217314839617721745e-02,4.989488268807176080e-02,-1.577199398184657708e-01,4.146253662178315397e-02,1.029727104869983950e-01,-1.498538577365809421e-01,-2.372093054358025838e-02,-9.418352510594063531e-02,8.852108455088110450e-02,9.645681546484489999e-02,1.293017466062952418e-02,2.774187446650000499e-02,-9.825526763672212671e-02,4.492841366143469906e-02,6.786203818105683572e-02,-6.720469816153447362e-05,8.816631132545392491e-02,-1.892967424943019783e-01,-7.151313369343907655e-02,4.553628353784188246e-03,-1.077226062278796304e-01,-4.862519000819132131e-02,1.148090555516042242e-02,1.320385128721743122e-02,-1.226571691706167117e-01,-1.117434576637665461e-01,-1.066624374671871628e-01,-5.237638860377202832e-02,-1.374941921676416656e-01,-8.189516412724056737e-04,-1.480084628864266824e-02,-5.845126004351874904e-02,-1.554348328867055096e-01,2.473285066280670741e-01,-9.551308963177249090e-02,-3.570898838621335003e-02,-6.738091696738604530e-02,-1.333082433134487321e-01,7.454124662180547367e-02,2.674784004592812778e-02,1.143050428126728690e-01,-4.699491821018334653e-02,-1.411514142200608612e-01,-5.925177089302438582e-02,-3.481634859884305544e-02,4.484663110727503399e-02,-3.735538805848166721e-02,-1.497475950504893460e-01,1.538643041749910602e-02,1.542851577395952696e-02,-1.828477009099503947e-01
5.053204847688388263e-02,-1.021148626940132920e-01,-1.987926845642687401e-01,7.837858563122748756e-02,2.852284785109352461e-01,-2.398061741682737738e-02,-2.126090981756845882e-02,-2.280090777367015098e-02,-1.997315077598650068e-01,1.400031796261983798e-03,-1.728352241160440450e-01,-7.165614361691141632e-02,-2.179911078008668623e-02,1.579483650742020961e-01,-1.543683323512025016e-02,-1.370709768567767439e-01,-6.284481014146891739e-03,-1.125236290769271036e-01,-2.034171873695372890e-01,-2.828998262128339380e-01,7.086831265278049907e-02,3.507851680670106415e-02,1.556593267034552452e-03,-1.902742137719012627e-01,7.080827041930722043e-02,1.454935653743389956e-01,-1.112431298513658628e-01,-1.412312354918371649e-01,-2.295112568485417615e-02,1.328430284576002755e-02,-1.216314243795658251e-01,-1.941660349379895900e-01,-2.200480253956917098e-01,-5.400319433330325394e-03,5.585305920449145506e-02,-7.963044150887624295e-02,-2.470952772608424677e-02,1.838836759184909464e-01,7.203693785721868026e-02,-1.877043932313203767e-01,4.592371558143845678e-02,-9.302132711958019384e-02,-1.543553195957048652e-01,2.024051067367599148e-03,1.468797554543339046e-01,7.405774609303088230e-02,2.211829291521884289e-01,-1.493351280771577048e-02,-2.699441736528943384e-02,-1.756694974473411719e-01,7.519472116368479397e-02,2.632497203883457561e-03,2.512365148262619540e-03,-8.581199030486888479e-02,6.498775810529829923e-03,1.970158498725222210e-02,1.604720294695899663e-01,1.544569770654866947e-01,4.733447435654280361e-02,-4.139356465567905347e-02,-1.052746654970693196e-02,5.194529098850800969e-02,1.150799655285943829e-01,-2.503710528033248894e-01,5.780218320622151906e-02,9.503715855897536258e-02,1.322989954460225825e-01,1.102506135621514338e-01,-2.827231111914627407e-02,-2.858749362559713167e-02,-5.629826727537137754e-02,9.183673303242229080e-02,1.521460950606728368e-01,1.669215402404836401e-01,9.459519445843846130e-02,3.164475407363599724e-02,5.069497434196367641e-02,-8.133719895029632718e-02,6.383532128241062309e-02,-1.025469323711456909e-01
-1.220854327837471581e-01,1.153476667422834862e-01,-1.423199862941338933e-01,3.869140124595073227e-02,-1.445041525837799656e-01,6.226080996511909604e-02,-5.712270269905409849e-03,7.382240874457914048e-02,1.129317003165499489e-01,6.530962065342807432e-02,8.344912712457742965e-02,1.596778793985943745e-01,8.470119832396226511e-02,5.691228732016620495e-02,2.307446612502977168e-01,3.693331364251015853e-02,-8.573163246433725126e-02,3.757645724067011361e-01,-4.622853444215200419e-02,-7.331902943927162686e-02,2.506497559532595495e-02,-1.755847071466625497e-01,2.199590906873227086e-02,1.181825277951728120e-01,2.689392274509690428e-01,-7.415601301719083882e-02,7.671248069601861730e-02,1.747083998879749300e-01,1.439791182022805149e-01,-1.153751968195401711e-01,1.207592550836658757e-01,-1.744532368297310385e-02,7.420480633478908350e-02,-1.221006838781179063e-02,-1.333861976581311726e-01,-5.693434646839765079e-02,1.988670267048108301e-02,-4.540868446087426707e-02,-2.532386523637937883e-02,-1.356000571639336405e-01,8.558315349045157727e-02,5.184703474437545034e-02,1.563364863531259141e-01,1.127891424675177140e-01,1.562306968705118593e-01,9.032667530769214470e-02,-3.219349937334776285e-02,-1.677707798223606883e-01,1.850057220182718329e-02,-2.146655672481070573e-02,-4.801312637853667742e-02,1.121074147292147188e-01,8.605596690190556175e-02,1.728817513898712327e-02,7.663506979467800406e-02,-4.981252039123210129e-02,-2.086532786799324413e-01,-5.409700934306813785e-02,5.643957441614094045e-02,1.609269366118730449e-01,-7.539938255607141204e-02,-1.768856066947556427e-01,-5.492312607878190728e-02,3.768483179655008480e-02,-3.476417840298630900e-03,5.606728208480131481e-02,-1.935640328022516371e-02,9.405168371365650593e-02,5.597432385776671127e-02,1.909714712758459401e-02,2.990445406694774294e-02,-1.463732810633092303e-02,9.288015212039948953e-02,-3.309331786389757557e-02,3.697932075371056226e-02,2.737602157664646430e-01,-7.267536625357781666e-02,1.152338108914701120e-01,-2.373679114347067298e-02,2.948875089112232631e-02
1.738212222864106704e-01,-3.111568088426232559e-01,-8.365267750453030116e-02,6.135978707040689456e-02,4.884705121647701237e-02,1.421863945756984549e-01,2.358213997667895911e-01,-2.643607448584148201e-01,1.478786473931910893e-02,-7.804075284947518953e-02,4.538681410402548022e-02,1.086809548491459165e-01,-1.025902447283655403e-03,-1.116056906088193496e-01,1.029381545289147076e-01,-1.247079853106475705e-01,3.893586792165771443e-02,1.134595625205366970e-01,6.239476712613338527e-02,-1.683516688729107535e-01,1.127900973422069075e-01,-6.056858514367522567e-02,-1.813116089174048873e-01,2.596168433148752785e-01,2.690331298484448241e-02,-9.441186642091307923e-02,-6.729891084298221526e-02,-9.490060002293883301e-02,1.205211206636937898e-01,1.556672056461624702e-02,-1.764051178022042407e-02,5.019750306953215530e-02,1.059857257344450640e-03,-3.105144599233040231e-02,7.381324569736046060e-02,-4.771230714040081838e-02,-6.657762950843494620e-02,-1.668543377793443860e-01,-5.761002998108755158e-02,9.789816515464785929e-02,6.116328733983015381e-02,1.949931071736803537e-02,-2.362583119012608146e-02,8.316012290420843334e-02,4.826046471688140438e-02,-1.183984659245882753e-01,-1.576562390779076006e-01,-7.565561951177705337e-03,-7.119524996116922966e-02,1.817975474657383406e-01,-5.300872108703524183e-02,1.473705215411634795e-01,2.982396252080227531e-02,-3.532298130822853627e-02,-2.263373763776059533e-01,-7.081075475641609475e-03,8.289173961454483763e-02,3.103028195841204054e-02,7.925474940960716697e-02,-9.182183836755811179e-02,-2.199805990387034282e-01,-7.907289914115872564e-02,4.895201570313702233e-02,1.379990119264926374e-01,1.406366048424765036e-01,-1.914440053505823275e-02,7.268649420193053212e-02,3.420409790040586893e-03,-9.973829919636273411e-02,-2.186102901552431921e-01,-5.792345635252760076e-03,5.528285243298509954e-02,-1.000883498483080697e-01,-2.040104945016262827e-01,-2.113719162573217750e-02,2.880704678386572862e-02,1.014785898916935464e-01,1.370194731646951500e-03,-8.112789056062136295e-02,-1.384609305329790718e-03
-1.089018393051166544e-02,1.168073192183144704e-01,-8.963651424085340713e-02,-2.992884785154460436e-01,-1.068224657528437510e-01,1.129516719917124552e-02,7.710327602552367703e-03,-1.271497775748096359e-01,3.558459459758993998e-02,-1.193563636458215282e-01,-2.853372220250769975e-01,-1.866059930171370604e-02,-6.107630006394241390e-02,9.079998405608645518e-02,-1.572554693322012753e-01,1.947928444297159223e-01,-8.768960856275126448e-02,-1.414624068293512671e-01,-1.975210480410492797e-02,7.585376060133487697e-02,1.821085128472578196e-01,-1.362801617502800433e-01,-3.783158306653384290e-02,2.406920207898840050e-02,9.564983905303788003e-02,1.412346441028633215e-01,-2.263632187229679127e-02,2.082435371012145431e-01,-2.225271192905150242e-01,4.159018761945793702e-02,4.553228203338569036e-02,1.258351229010974404e-01,1.122660956040772845e-01,6.292295718255172532e-02,1.743654908851053065e-01,-1.156928060602440550e-01,-7.957410132450615237e-02,-3.809152073911170611e-02,1.300991257643717772e-02,2.003054463219450798e-01,-7.651018284629670409e-03,-3.285880880217113831e-02,7.489060208438472199e-02,-1.270418288927987471e-01,-1.459848118368700653e-01,-6.866349096065876845e-02,1.159893720600144035e-01,1.741059730912750958e-01,1.385213817665430780e-01,-6.963596117871606594e-02,-1.424093434651848844e-01,2.694260643668215938e-01,2.756673305368757126e-02,-1.092783518207018495e-01,-8.354905008409385311e-03,-8.717339249764909440e-03,-8.758314318356678896e-02,2.790727551117447650e-02,5.393023647746245791e-03,1.184390448835122150e-01,8.392831089381090626e-02,-5.164293103562431209e-02,3.505197495561833410e-02,-1.051787191942300664e-01,7.016235718559930834e-02,4.608318901296095532e-02,-2.564803922463981811e-01,-3.778059316716798899e-02,4.650125596990487692e-02,2.313976938693259114e-02,4.860005275736128255e-02,3.263102992523232992e-01,1.430438339750414803e-02,4.774211288069124645e-04,-1.608270696335481476e-01,5.193983397959049675e-02,-1.003594015050354588e-01,9.458626991018286023e-02,9.339591026401042329e-02,-2.125283082291900549e-01
2.239689248687969092e-01,-8.938351292772921119e-02,1.705791635847390963e-01,2.357695411304977159e-02,-1.479310998502620100e-01,-9.947970566297671680e-02,1.438375025529027851e-01,-1.173882224832337173e-01,1.135931281836481260e-01,-7.259373897746865256e-02,-3.237797511318425692e-02,-3.090945188091267712e-02,-2.859829253150415473e-01,5.372217647600636276e-02,-4.633588038845651985e-02,1.527678171891907466e-01,1.621662499131933943e-01,-1.398460590115849778e-01,-5.776465510696248556e-02,-7.544737797274453373e-02,1.401494587520066559e-01,3.164313332926218386e-02,-1.328077521021624012e-02,-5.282985547929761050e-02,-1.533586065587999869e-01,-1.676599408817219805e-01,2.388928326520954257e-02,-8.788120361056331320e-02,1.539387963798562464e-01,-4.021161540505208826e-02,4.890920749997524491e-02,1.133085844984229595e-01,1.099203030397177677e-01,1.121620727177874977e-01,-2.559104326115605246e-02,7.573438048502618980e-02,5.453331355136528669e-02,9.722870626874483002e-02,-6.151833887032972029e-03,-7.798536368438671595e-02,-6.378784709241777651e-02,2.612609891069681695e-02,1.873637346325659342e-02,1.023812314271843743e-01,-1.710528503378780374e-01,-5.158547221291163998e-02,1.340190958202194804e-01,4.885642357501636390e-02,6.162358851390300346e-02,-2.405845050752439956e-02,-6.039584610395949682e-02,-2.177196498894712340e-02,9.629693380561661978e-03,6.654392653451218775e-03,-2.264228942238921335e-02,-9.855185829143493781e-02,-1.479922076154541466e-01,-1.699485921655355669e-01,2.004956024563502581e-01,2.182377563808383383e-04,1.814915188942450575e-01,7.349041936565330058e-02,-2.022857979906545270e-02,1.814514450326107711e-02,6.621549788911065826e-02,5.395358329695946163e-03,-1.929809938410611408e-02,9.545770439215568726e-03,-8.874728385401550734e-02,6.146655999472296766e-02,-8.641367302031038866e-02,-9.211505944018577585e-02,-1.321233622717959619e-02,-1.135679341815754549e-02,6.506359853523165093e-02,-8.780330180383756622e-02,4.899231224830680881e-02,-1.722339313489475165e-01,4.708179092137287219e-02,-9.957427983422868778e-02
7.603587492892943667e-02,6.938249533217726028e-02,-8.632782534684274589e-02,6.810619744378033913e-02,-7.486909731065901318e-03,2.214266803606479374e-04,-7.377212180159263555e-02,4.649113011543114238e-02,1.032856876986296413e-01,1.660471382619334024e-01,1.346703692045572720e-01,1.215031860349396683e-02,-2.191559897363715703e-01,2.171049216199102128e-01,-2.070693825124883536e-01,-1.415177226082119655e-01,1.557987534352639480e-01,-1.300137702659621697e-01,1.003241821244458230e-02,-5.486755919392191649e-02,1.586927285533270837e-01,-1.458435277617018133e-01,6.417975205189377884e-03,7.856248305448208791e-02,-1.867112497902088109e-01,1.603118270336489348e-01,4.691628570268081833e-02,-8.412012384273169496e-02,-3.645673881973093139e-02,-9.425412123171733603e-02,-2.614385634913876308e-02,-1.017410004122409062e-01,-1.683109435113112340e-01,4.228709917493673337e-02,-7.999590701817241301e-02,-8.157836012699562489e-02,-1.117426538133941064e-02,-2.696827558311969408e-01,-7.134533182558873421e-02,-6.376979851397183985e-02,-1.285666576733894284e-01,-1.394925755031416748e-01,-4.803319121962090765e-02,1.616930827912916868e-01,-9.828898869838055552e-02,-2.920992016367282215e-02,-5.434547003786049935e-02,3.827901795698059745e-02,-1.448988477158707766e-01,-1.467588888204947595e-01,-1.318239697177208680e-01,1.575114785854218880e-01,1.521719420025183511e-01,-2.122945168382950887e-01,1.924385729593855732e-01,1.388604527204695405e-02,-7.510108098425009870e-02,-1.099846786266449675e-02,1.934455850250456008e-02,1.789525847750427293e-02,-1.601462441468163092e-02,3.742292885196558255e-02,1.038471438299063965e-01,-4.298067945791939071e-02,-2.656238703709785237e-02,1.122305968810621279e-01,2.333169658571608296e-01,-2.289020816508104475e-02,-3.054091594817803790e-01,3.905259853628442052e-02,-3.874338361776188174e-03,9.725082246095265170e-02,8.746821334327412045e-02,-1.252978274079462329e-01,-2.288582883545142374e-02,3.438223470203700949e-02,-2.748835323292482813e-01,-2.604878363917420645e-03,-9.591999943430749853e-02,9.202660555910643914e-02
-2.922112402561127592e-04,4.881830986220821872e-02,6.983510607132720205e-02,-5.683515397500103067e-02,-2.155385600237964827e-01,5.204958773530347221e-02,7.304508500928846848e-02,-2.106466974047473129e-02,-2.625551841144717694e-02,-1.088090421129567636e-01,9.078397354125354590e-02,5.783909970619602325e-02,-1.570899751449418846e-01,1.157285542699468678e-01,5.329612776599085971e-02,3.900424005025611863e-03,-1.075786111873621442e-01,1.476040387957578415e-01,-2.522601878817750526e-02,2.983958788860074374e-01,1.147270596692853001e-01,1.349328153995240642e-01,-1.275820617272084012e-01,-1.079739246638979633e-01,1.277172180947337976e-01,-3.262049503831840336e-02,1.357554228071241875e-01,2.014342705132121658e-02,1.199594809231687015e-01,-5.892772442147085205e-02,7.158581644621761497e-02,7.571831473705031845e-02,-8.619487918547340255e-02,-1.054129817298975064e-01,5.887780311103608250e-02,-1.329034294994612675e-01,-3.605227317822953248e-01,-1.755095846397994319e-01,-7.889678865613651559e-02,-8.138095524550457982e-02,-7.497814890913566399e-02,-2.202770696392206407e-01,2.235063309944074119e-03,4.549704323957263347e-02,-1.407956040226735484e-01,-1.078145309432982507e-01,-1.300303054570805250e-01,4.966210823984578554e-02,5.709245006738693923e-02,-1.834780388341686885e-01,2.453846641943948151e-02,1.799420456902101895e-01,-1.610967556730369399e-02,-3.211887441692890671e-02,-1.082274951830928950e-01,2.982316380727399307e-03,1.681948948714499792e-02,-1.175636557238534177e-02,1.522393299154089705e-02,9.610867585154621306e-02,-8.490075298640850643e-02,7.866264285454084570e-02,-9.212299647844186812e-02,2.030423190874013073e-02,-2.595910938670272783e-01,1.586197739114541816e-01,2.916124324867129247e-01,8.617636433223010983e-02,4.359428409751749502e-04,3.075054097715904794e-02,-1.187715889541592594e-02,-1.415877428823182627e-01,4.787479128438663217e-02,-7.013281594848435815e-03,8.757319773038951816e-03,-4.143221145771096986e-02,-1.952180113093892055e-01,-8.006900095902383385e-02,-4.253447483996946471e-02,-1.438486843698270345e-01
-9.225689309841597630e-02,1.060668855135733779e-01,-4.613814394014974923e-02,4.846894328310083488e-02,-1.491755044143417974e-01,-1.679743214180778321e-01,7.415141126353499978e-02,1.721095593400259749e-01,-7.916420033850823934e-02,1.863000287059900784e-01,1.588749451124806672e-02,-1.068474428845504198e-01,1.829524855835197583e-01,4.445493130419814892e-02,1.037364100042967863e-01,-1.103464580578316229e-01,2.580885376857927627e-02,1.576704076714079972e-01,1.827880246435429623e-01,-5.885313151991218962e-04,9.506942777869076266e-02,8.278607813482638522e-02,-2.038657007223513597e-03,-6.792684524881614783e-02,3.247080113843137800e-02,-9.227591488497335903e-02,1.836671040018724999e-01,-9.059154900684648903e-02,4.984797741605508092e-02,-2.189757167336886523e-01,-1.356834182326117355e-01,9.548535040348107850e-02,6.447010663310950851e-02,1.467541401527314680e-02,-1.885684614087127821e-03,-3.951345383934799782e-02,-7.619434520391792087e-02,4.905493267801801227e-02,-1.676520622333868005e-01,-2.142447994502149067e-01,-1.345336201461261039e-01,-6.825442461445604958e-02,-1.185340682603950174e-01,-9.047313591747892236e-02,-1.603433886398427932e-01,3.660399751815208297e-02,-4.625003683982544661e-02,1.616113936849954413e-01,1.041845608219081759e-01,-1.091159972883852247e-01,5.979806098888032495e-02,2.805210152025726031e-02,-4.669195081292123323e-02,8.207578841052441329e-03,-1.287824908774010679e-01,-4.968683549849475106e-02,8.061733564085639403e-02,-2.061856105578599718e-01,8.105560717727460299e-03,2.572449312148865005e-03,-1.093210548875568622e-01,-1.282840450437350331e-03,-1.576806504211450133e-01,5.975820845893829551e-03,1.044222875328324092e-02,5.834761026260521649e-02,-8.271565001108389936e-02,-9.275220683395545701e-03,3.128378932064172085e-02,1.123332673938426396e-01,1.096599229965909694e-01,-5.463661670034029860e-02,-1.533027401147740894e-02,-5.014329111013689222e-02,-1.314168302816058065e-01,9.655502008084827781e-02,-5.485425769143917329e-02,-5.051649880866002085e-02,-1.072850913022814073e-01,-1.458118371490016163e-01
1.962791790845231504e-02,3.217315756347494810e-02,3.335109914711446508e-03,4.180436327069917551e-02,-1.424419510164166847e-01,-8.377767228798002619e-02,-1.213766086476611300e-01,-6.964795713766452900e-02,-1.310033134465846127e-02,2.732234734358505168e-01,1.937962817140680694e-01,6.036604230953210998e-02,-4.322554470876357330e-02,7.128157832827969331e-02,-2.213867246163396252e-01,-2.446600254955356435e-01,1.025297451329175297e-01,2.633759573209390470e-01,-9.409621117301833482e-02,9.366547280762792596e-03,-1.406163847026020361e-02,1.559351944686351854e-01,6.345322453811044761e-02,-4.979635216659607407e-03,-1.062431320575449312e-01,9.635099076435513221e-02,5.156820266042707462e-02,6.475315181177107582e-02,-2.005520713892371132e-02,-3.322480008572827048e-02,-1.488652106087330063e-01,9.435535643571939246e-02,2.462538496035961144e-01,6.932809792130063820e-02,-8.145247068129292389e-02,7.109370706442286192e-02,-2.420893100679824897e-02,-2.041205006305440162e-01,-8.378915082175515672e-02,-3.282365527033737768e-02,1.346275330562938521e-01,1.037087891614809909e-01,2.352338611049080430e-01,-1.019998732741799058e-01,2.037027672785689802e-01,-1.609873521817668796e-01,-3.024480535655456326e-02,1.145579565195279856e-02,1.532688135151354103e-01,1.750415223664760975e-02,-1.113477738540906842e-01,1.833731971182861464e-02,-7.235788575066066930e-02,-7.562476691052889832e-02,4.459737398196632341e-02,-9.308092943717177770e-02,-7.710743509752861213e-02,5.067769453760718329e-02,-2.268783037312141135e-02,1.531118779074980563e-01,1.001799052124344447e-01,4.687112084438720128e-02,1.133751003915277854e-02,-7.530705998430812370e-03,-5.292556692592498453e-03,-9.295203764346524067e-02,6.238912072384456171e-03,-2.065061649017528242e-02,4.635042680270520798e-02,4.749366452750273387e-02,4.064436680218359854e-02,-7.612427540011598714e-02,-4.037817008285760068e-03,6.194384184692107442e-02,-5.640883732151431851e-02,1.535027519192064607e-02,-4.336427286416310450e-02,3.664923172335925877e-02,-3.881207008453586155e-02,-4.516245112696126718e-02
1.029335567889628489e-01,1.072851474271904332e-01,-1.141171989929372216e-01,1.018653069013277929e-01,-1.907450046943606481e-01,2.344029258133983329e-01,6.356929720449754073e-02,-2.984595684129188325e-02,-2.804625608166626607e-02,-1.411544488475845183e-01,-1.088391217320909682e-01,4.102068105885438298e-02,-6.463943103270371193e-02,-7.065100660766662766e-02,4.450062459976022317e-02,1.177912031545342714e-01,-7.027689780109820650e-02,-1.978406615443340996e-02,-7.777357159132050612e-02,-8.707357345674775206e-02,7.272731186708824777e-03,1.166683949664157616e-01,2.279953765953804112e-01,1.094611524526069579e-01,5.119212746747210663e-02,3.767818869172204904e-02,-9.159747111911725748e-02,-9.702229010421680594e-03,-2.729140669872663974e-02,1.552545089810742074e-01,-1.999084782661297854e-02,8.429775665800205708e-02,-4.374395071886851699e-02,1.665599941657345661e-03,-1.663243909318826430e-01,1.656929472227446631e-01,9.837539086518060083e-02,2.091649310177523258e-01,8.577713390032577767e-02,-2.530086726692046262e-01,4.473596569898725950e-02,-8.051363614225470755e-02,2.136807324995985691e-01,-6.127396202243569345e-02,8.397726410396459673e-02,-2.332504044704458990e-01,-4.215187011703647180e-02,-9.051588189835255149e-02,2.087827155717229266e-01,-2.951440223557678932e-02,4.898645693250523736e-02,8.152663236364164623e-02,1.194003973405117075e-01,-1.419544841295104602e-02,1.188815565198165919e-01,-2.599926803971074063e-02,1.347700780308701829e-01,9.533111874718616652e-02,7.592457450883386555e-03,5.833463209236668459e-03,2.633709051836518045e-01,1.829812461865588658e-01,-1.010651909666538360e-02,2.662909486394582706e-02,4.345490057535075085e-02,-9.098633814793460894e-02,6.248423839491727000e-02,-1.009163197997245930e-02,-9.105983685659910579e-03,4.874401363040505031e-02,9.067695070201758911e-02,-2.610903278304265579e-02,-6.175794639867519288e-03,-1.254919284240967881e-01,-1.400891911232854115e-01,-1.031321035567731026e-01,5.391582520355296844e-03,-4.579146400213307891e-03,1.162429389639670213e-01,-2.480023642347464058e-02
-3.270688119638830854e-02,9.480352854696638687e-02,1.488823017225468781e-01,-4.048191381644772879e-01,-1.069246137378877665e-01,-2.908453827826338461e-02,-8.473831939024445425e-02,1.215666427184625281e-01,-6.691168338118076882e-03,-1.029927958736265650e-02,-6.718628223997583082e-02,-2.273694113613408327e-02,1.157585866928056290e-01,3.818598266762743276e-02,5.877565476840781317e-02,1.179697764281205721e-02,2.320581609155028188e-02,3.764224223093554783e-02,-5.778996333753223108e-02,4.558279924270820793e-02,1.012831686835645867e-01,9.880427619455151023e-02,9.220197944815114455e-02,-1.774272617764245663e-01,8.887662436367028962e-02,2.247418268616352063e-02,-3.502936104729038186e-02,-8.384478030361047773e-02,-5.250526209735532218e-02,-1.197373271554128676e-01,-4.153152571872618937e-02,-1.298944728112547825e-02,4.908707729500630390e-02,-4.915547995790000430e-02,5.913161897441195081e-02,-3.496095038275515154e-02,1.235965750599077595e-01,1.856358592945903385e-01,1.718991192112917787e-01,8.204332146100602741e-02,-9.753046607659837663e-02,4.768289593087080697e-02,-7.407367675887339964e-02,6.408249611931030043e-02,1.101825383971930805e-01,2.062322288236518447e-02,2.217576228260350821e-02,1.182253288887486625e-02,1.644905279039170776e-01,5.368896116022010834e-02,-2.323905561676142470e-02,8.755140648176467158e-03,1.356723980570209709e-01,-8.220383375315640923e-03,-7.128403618761700034e-02,1.713784099013736517e-01,-7.631111825000758131e-02,-1.715729804737901321e-01,7.105493351502453758e-02,1.570764329671539561e-01,6.385773954097001548e-02,1.078982492568230506e-01,1.517673788599777085e-01,-1.731385467043421444e-01,-6.762633290173222789e-02,3.708874284238900670e-02,5.554948884749870419e-02,-3.583573140967240538e-03,1.409781428614829447e-02,-1.423884535934063535e-02,1.971744666648840849e-01,1.596602909978930007e-01,2.621286671633148851e-02,-1.993108640350029284e-02,-6.047914855401067408e-03,9.655462493023063419e-03,1.139643750115520437e-01,1.192130579590826162e-01,-1.041121087976347864e-01,-1.509617174311179977e-01
