-5.314525332363776444e-01,-4.047184998918815224e-01,-3.635250179732243958e-01,-2.932357628841202879e-01,-1.607359454744747285e-01,-3.483714432682906148e-01,-1.619860146689139635e-01,5.146158470253216211e-02,-1.693877468163136613e-01,-4.766401504873243877e-02,-2.963217993605715694e-01,7.079332975115917859e-02,-7.695992186748921993e-02,2.637902603010995606e-02,9.334227013869256240e-02,1.816402011400639338e-01,-7.870220393743684872e-02,1.681051318561397057e-01,1.687511802687137463e-01,-6.970517419733883446e-02,-1.077363611355767609e-01,-1.445546785229991638e-01,1.863789679289272819e-02,1.429301689929157737e-02,-6.534118096166448286e-02,-7.171487779067330093e-02,1.165024717417815353e-01,4.675690665664321982e-02,-2.849759627198956285e-02,-6.935073551062517772e-02,1.543113792160416553e-01,1.292788993244657347e-01,1.647661640524051771e-02,1.115695178587492314e-01,6.446254170080603640e-02,5.117846909268733424e-02,-3.902287120603958187e-02,-6.100009940566513550e-02,-1.109506101337090767e-01,-5.532017138783409428e-03,-5.396666136676826070e-02,2.669296403622540420e-02,1.201495813116386507e-01,1.733702543878464994e-02,-6.526148437138332148e-02,-9.558654743001904208e-02,-8.017735884082805020e-02,2.275678014831243323e-01,-9.330131542643510523e-02,1.633686816668472319e-01,1.592697623981871036e-01,-4.824038352115909978e-02,6.335160687490001830e-02,-1.816516029524415654e-01,1.261356170535864012e-02,5.008324149105261580e-02,-1.538429849561601948e-01,-4.210848390816791104e-02,-1.552874906359934526e-01,1.030081255498316722e-01,-2.068418108474806005e-01,-2.600598634040864401e-02,-2.131081102978638342e-01,-6.066443850428950707e-02,-4.687018936459019791e-02,2.448058076954869322e-01,1.219813674421025250e-02,5.809942727740088908e-02,1.829872524013394508e-01,1.065460507809925517e-01,1.955852410077860148e-01,1.572292155305528571e-01,1.127488655145838792e-01,7.846929168691429979e-02,1.193539330105910096e-01,5.212331040541224453e-02,1.406433077639085080e-02,4.376779031079652132e-02,-1.966265172208698717e-02,1.177491685919728331e-01
-6.852884320130088192e-01,-5.670847854885046058e-01,-4.265173539337357989e-01,-4.238616420109747596e-01,-2.954856207316958194e-01,-1.871207424834951116e-01,-2.323841996270831489e-01,-1.525187156923221155e-01,-2.063307654547768544e-01,-5.490554763359254548e-02,-2.337244152544049047e-03,-7.952174233019805583e-02,9.672423598323434679e-02,2.125466042347642637e-01,-1.879312987480261377e-01,6.148820333403703237e-02,-7.494559013960078175e-02,1.933526382840632385e-01,-5.029182302486381873e-02,-8.902864804932789089e-02,7.828526005746670735e-02,-7.877523123039990860e-02,9.314511560339383545e-02,-1.877651386006383705e-01,-2.054723339406120119e-01,6.577931274146123219e-02,-3.145883610179717009e-03,-6.490580236705237316e-02,-2.328029335385870674e-02,8.134394987587533756e-04,3.544666105366814368e-02,-1.531322531132511267e-01,1.162875708735290267e-02,1.601047072910889713e-01,2.900019434373013461e-02,1.015297979973871917e-01,3.851775686167861756e-02,1.344525363016938757e-01,-2.546799343333747481e-02,-2.294209865939289550e-01,-6.905553385004765954e-02,2.572081727259982204e-03,-1.637615068205866553e-03,-5.095422969547425823e-02,2.142594457657127915e-01,-1.151788105947622459e-01,-1.968410513130541134e-02,6.187131982289285903e-02,-6.707886721165477739e-02,-3.239921798545423309e-02,-1.661992562373813265e-01,-9.626994345958312174e-03,5.303042683706364613e-02,2.507204515812764059e-02,1.120941219407330658e-01,5.799106612464689087e-02,8.863908028895541025e-02,-5.315246794850034262e-02,1.706589486691191537e-02,6.618733193344825128e-02,-1.577161794159291364e-01,1.769349721208000326e-01,5.718258841030241652e-02,-4.186043976719788090e-02,-1.398665568102791246e-01,1.436908936833784355e-03,1.500529627622518847e-01,-7.029236807253040620e-02,-1.369960781732700583e-01,2.155450763279707915e-02,-2.628515637207167743e-01,-9.992691437984736746e-02,2.034361447445446613e-01,-3.547169137976637077e-02,1.630862491517826030e-01,1.462517588770919086e-01,-2.250713669950991092e-01,-1.619778945331513120e-01,-3.742076440575724250e-02,-3.744696337942430425e-02
-7.352632908073973850e-01,-7.465519883400365542e-01,-5.484114610036942006e-01,-5.140796438134925816e-01,-4.811160048363032349e-01,-3.678380751472723476e-01,-4.099315169955730642e-01,-1.872723166347039503e-01,-1.970185319232194976e-01,-1.816013345927244838e-01,1.299789178700398382e-02,1.165052191022186434e-01,-3.694188308745990912e-02,-1.214339667197856382e-02,1.336366895276105415e-01,-1.341392859159839523e-01,-6.944209539288602462e-02,-1.076228408344045012e-01,7.805061983775338219e-02,-9.857766247081573008e-02,1.820842659856461154e-01,4.083365847985707953e-02,-1.860137049649683294e-01,-1.929917975230900362e-01,1.955781751899593468e-01,-4.199436345690885086e-02,-1.262422113031834263e-02,-8.477552516602317179e-02,-8.257439087004235512e-02,-1.079399546482957550e-01,-1.630158725477300341e-01,5.331359040742900818e-02,-8.801248828337006336e-02,1.225764623589145619e-01,-2.090000045780623927e-01,8.598598544234781205e-03,9.687727240209564883e-02,-1.423559662208238874e-01,-1.115256888774654176e-01,-1.588060874203402195e-01,-6.389195208020764793e-02,1.690438125051797191e-01,-2.627195590687363413e-01,1.855350056821813698e-01,1.277001251508289859e-01,7.862981492951393037e-02,1.631193024276255676e-01,-1.670093361748400951e-01,2.890289860367956445e-02,4.560506013352642538e-03,6.291083107591492751e-02,1.850087135371973265e-02,7.621292050590454392e-02,-3.048664379953878664e-02,9.259976222299569348e-02,-4.182893290118382124e-02,-9.957749132728697938e-02,-1.092346776588770524e-01,1.235245843514558850e-01,-1.239933037706824615e-01,-1.745414765423576042e-01,1.372040356023777018e-02,-9.489507579631011047e-02,2.171974451031347952e-01,-1.695683762569371866e-01,-7.530654798263498872e-02,1.024224431963933063e-01,9.140952730550250260e-02,1.383664012226532569e-01,-7.483684142568293451e-02,-3.441714574741829014e-02,-2.256667969827882148e-01,2.914092276972767848e-01,1.131794720374271340e-01,-5.397324699936662667e-02,-5.987837183501423799e-02,4.367050112623171998e-02,-1.610279667161409189e-01,-2.137605685862356900e-02,-1.199905986746594433e-01
-7.848654406674329120e-01,-7.454017145637101827e-01,-5.928889559888103067e-01,-6.290512796719667232e-01,-5.729394828657164984e-01,-5.758060028633915639e-01,-3.903444967396403342e-01,-3.700632149853816943e-01,-3.583639429842218060e-01,-3.013855693943311431e-01,-2.411438948185612996e-01,1.328741424562494833e-01,1.538184789403755082e-01,-4.287693757393125360e-02,1.195660464360529390e-01,6.597433340047528100e-03,4.426058957322650395e-02,-5.528122807215528345e-02,-1.221593988508458128e-01,-1.115103344244499223e-01,-8.963387882962266240e-02,-8.358404156866793694e-03,2.567729323743859690e-02,1.751763607965097468e-03,-6.361485519786277444e-03,2.890290927144096300e-01,-1.700083852147332361e-02,-2.919327060844408850e-01,-2.618237783693134202e-01,-1.431768504533067754e-01,-2.034856137503698523e-02,2.933496419543891662e-02,3.378721596413700873e-02,-1.304434466416209137e-01,1.847756655639882367e-02,1.202701938426053857e-01,-3.489856761785922745e-02,-7.585365263433804794e-02,4.271201270203176751e-04,9.179635818353179544e-02,1.656330439697517309e-01,2.360274744008360737e-01,7.471146819785282056e-02,1.087603837232054005e-01,-1.799026891037101838e-01,1.976996658405256665e-02,-4.675919617250483273e-02,5.757325842288602696e-02,-4.287928087334318822e-02,5.061924742390221110e-02,1.356057138535137763e-01,4.062959946712937226e-02,-9.062314759730620561e-02,-1.715064896928336080e-01,-5.520203305594821586e-02,3.413841231730406489e-02,-4.888492836027325678e-02,1.015385562031240335e-01,-3.128444891977125164e-02,1.157721366939817170e-01,6.054917696477731676e-02,2.081129345101619815e-02,-6.174454652021601347e-02,8.868844489845789658e-02,1.411022357101622549e-01,4.279066783554292402e-02,1.026326091770568966e-01,1.001577546671147782e-02,-2.507943245924445196e-03,-1.482610657409092619e-02,3.106748606258850909e-02,-8.579239610593041021e-02,-4.587495010431662246e-02,4.649697704673852461e-02,1.087459929948631082e-01,1.337842999552905920e-01,3.268566471866833634e-02,-5.193665732979350913e-02,-1.901998672321606465e-01,6.197473422853971674e-03
-8.123580848169849045e-01,-7.723021685508726364e-01,-6.896944047261724942e-01,-6.520963797190212352e-01,-7.179170908239442817e-01,-5.063633137005093543e-01,-4.628580045646701890e-01,-4.467456186506775229e-01,-4.203563127162313062e-01,-3.748536769967373838e-01,-2.776282086469208932e-01,-1.919165961443956292e-01,-1.460908813895802072e-01,-2.808141674759863024e-02,1.744625017829153080e-01,-6.800927413536979327e-02,-9.434796489969765609e-02,5.459606498516384604e-02,-9.165955620128238279e-02,1.007570116443552155e-01,2.236116238465643835e-01,2.367607416085733621e-02,8.232323545745282023e-02,-4.191208327826970864e-02,-3.833882989096493860e-02,7.700214765703748687e-02,-1.799387298934890245e-02,3.954736887962771730e-02,1.951256282894642258e-02,-6.781856505004170421e-02,9.843486053085893916e-02,1.329279062419593815e-01,2.674209158635218117e-02,-1.393723200399611950e-01,8.540352560781641622e-02,-6.520649931203136018e-02,-2.992504370080908277e-02,-1.863679912482592640e-02,2.012497448782758769e-01,4.544165426639264899e-03,1.881865661428731851e-01,3.165050641456308711e-02,3.426150771685772256e-02,-7.436326167348759897e-02,-3.093047683224223743e-01,7.991029815821872051e-02,2.399652430273564990e-03,-7.054386939264260803e-02,-1.077239966289246370e-01,1.233525288128252406e-01,-3.013659995228249594e-02,-2.772201286168094261e-02,-9.275098874454883180e-02,2.142065194011210927e-01,1.238946313351256129e-01,1.354982976378573400e-01,-4.927399936038174416e-02,-1.385938210229667733e-01,-1.216579471331229179e-01,8.195632964381847907e-02,-2.713547111058854135e-03,-1.990999122353370385e-02,-2.087038776170072607e-01,-1.067484268161812272e-01,-3.976319525430773577e-02,-1.020716574134378912e-01,-1.372973370855742059e-01,7.225295744177478996e-02,-2.000757872791625036e-01,-1.867168381523595377e-01,-1.812395833912328613e-01,-5.063252284507595291e-02,-1.498538921120712020e-01,6.562569825817058701e-03,3.810787387590110209e-02,-6.529957504343766872e-02,1.507848138172438734e-01,-4.803714758168372428e-02,1.295907800102020016e-02,8.633839956495342749e-02
-7.722702317478149503e-01,-7.437183946436787263e-01,-7.379805200886716543e-01,-6.094870121591938750e-01,-6.558978227986049792e-01,-5.540354378670430124e-01,-4.762454968399738586e-01,-4.059139506296057243e-01,-4.237976977678721280e-01,-2.981978112180771467e-01,-1.137905319933045917e-01,-4.097580530960902578e-01,-4.780673314438889376e-02,3.942134588597136918e-02,-1.001456849118464859e-01,9.071683196665665527e-02,4.083738657663714411e-02,-3.127516899926026817e-03,1.702772376734429426e-03,-7.949591560233396775e-03,-3.735602242492848390e-02,1.030148749248131247e-02,-8.749612698350676954e-02,3.173890862595286078e-01,-1.311160260734867411e-01,5.805864503853978148e-02,-2.301766745469660883e-02,-7.891725055408631284e-02,-8.699405438634068288e-02,2.541532251745426754e-02,-4.720261481429697398e-02,-1.619218809378723256e-01,9.042998584473415855e-03,8.019287686542497795e-02,-8.576167233411495505e-02,7.790834165623961027e-02,5.385858345518019369e-02,-1.613692393502681038e-02,2.392124564674218690e-01,-1.364253290944943409e-01,-1.622684282398144384e-01,1.060666636035610677e-01,1.724928173643070217e-01,5.136102404618107103e-02,-1.544245605498471285e-01,9.370614401418521366e-02,-9.264507456656516371e-02,1.871177419263823083e-01,-6.981958283549087596e-02,-3.178461879376015542e-02,5.075079915655045931e-02,1.677828002019889631e-01,2.530320571103560900e-01,4.411552088847995462e-02,6.447957617890719140e-02,7.001602487949697140e-02,-4.030181722950692547e-01,-7.063768927877220327e-02,-1.028186926934381712e-02,6.820466714579082046e-02,1.464196961624452120e-01,-5.254114377583936346e-02,-1.457269888825016568e-01,1.484016003665632466e-01,-1.143788022715576669e-01,1.356321181597273939e-01,-1.811021577453171549e-01,2.194668808261921455e-01,-2.275506393190817322e-01,-5.259941432559130624e-03,3.977115694058253048e-02,-1.966529414174372492e-01,3.774155799107922066e-02,-1.106481261078283984e-01,-2.040777605067509506e-02,-4.163947530587851220e-02,-1.030215916181576096e-04,7.413968605038089021e-02,-5.209217415209232982e-02,3.784417941525818757e-02
-7.941463573899171235e-01,-7.599381908414855058e-01,-7.085039864856966796e-01,-6.765983375609240236e-01,-6.250346212145767577e-01,-5.951804384812182658e-01,-5.404680475596819189e-01,-4.802882267593780452e-01,-4.807947505759969653e-01,-3.944459922707670430e-01,-2.694290886515997019e-01,-1.401599896923532984e-01,5.603772808276804435e-02,-1.558932019617813858e-01,3.358657633338461151e-02,-7.454807519759705514e-02,1.405079451517374060e-02,-2.945361265448927235e-02,2.309970998091130379e-01,1.717501794256421077e-01,-4.569349243766716168e-02,5.986827143992857342e-02,-2.271724051029496566e-02,9.470999005359592715e-02,2.351275467356620796e-01,2.974598921274679286e-02,-4.305492970540553826e-02,-5.948045424686070060e-02,-1.277182991044673865e-01,-1.066334822910796482e-01,1.679648016422573831e-01,-8.564194666611091300e-02,-1.882856900706259273e-01,-9.095030112113250409e-02,1.719369081308317060e-01,-7.921327656695235225e-03,-1.698408806745345112e-01,-1.572154876388625611e-01,-1.694141452432587625e-01,8.891041658902591044e-03,-4.219422901435863210e-02,5.128309861687756904e-03,-5.024658771921955425e-02,1.818026715199762000e-01,2.462266054261763246e-02,9.598461893123351463e-02,-4.502054097992790049e-02,3.529078247228826549e-03,-1.210383787522307658e-01,-4.058897029678827650e-02,-9.579783645631459454e-02,-3.930718630480223297e-02,1.854486922318877018e-01,-7.633006602091280124e-02,-4.457035863801314668e-02,1.216427455607602404e-01,-6.532797289816473507e-02,8.012660897383757155e-03,2.174577829882180791e-01,5.388804340612800975e-02,-1.566281670059526676e-01,7.342828295870311439e-02,-9.292782483192504319e-04,2.088748939626393908e-01,-5.387871587658948219e-02,7.963035738003090835e-02,2.412942492382948861e-02,1.663459424193917957e-01,2.969909874490905474e-02,-1.244489071701360555e-01,1.842227972711616216e-02,1.118911283171621605e-02,-1.790196546949257006e-01,3.280173612749473500e-02,-3.342079049600988477e-02,2.648455079997195580e-02,8.185965877337533780e-02,6.259286202431800505e-02,3.269853502144816071e-01,-1.124240841078368996e-01
-7.723764317030036297e-01,-7.885901509262549514e-01,-7.867718755472862258e-01,-6.831687939261817943e-01,-6.625679296102636728e-01,-6.755595428205535269e-01,-6.816692618292174988e-01,-6.428189000296014033e-01,-5.727726356299506216e-01,-3.590082013833095220e-01,-1.845649678372287272e-01,-1.804448606945216471e-01,-2.771039166949852417e-01,-5.055228506441770270e-02,-1.249991202131729706e-01,-4.297316583471753187e-02,-9.249242709937233187e-02,5.278692333599490499e-02,1.423043261226206446e-01,-9.862640238232885104e-02,-1.290790403380994399e-03,7.156203521705879755e-02,5.661307446262246745e-02,1.314306632871514169e-01,-1.346049388305054217e-01,1.691841759968645276e-01,-1.337324526366247268e-01,5.734485036092107357e-02,2.636498583254656136e-01,-2.244770588942892608e-01,-3.068678810527192616e-02,-1.709299891038809360e-01,-1.729409670469498339e-01,-3.356820912169160287e-02,-1.761312896902456904e-01,-4.831993871272417806e-02,4.646059818709146610e-02,7.900651210847592365e-02,1.221783749825154780e-01,1.396058267308058209e-01,1.933791258354313203e-01,1.223755858886200337e-01,-1.633340072252110198e-01,-5.146490590062421933e-02,2.983028030300099651e-02,-1.935049398368002271e-01,-7.127860605772112779e-02,-1.603315040321451612e-01,-9.436571523237888282e-02,-1.618853695805742288e-01,-1.911040387873066959e-01,-3.953619504602032958e-02,3.026304496848885583e-01,-1.099816277521618452e-01,5.756641117604004848e-02,4.898738126591376842e-03,1.189193804614955829e-01,2.051228375736878495e-02,7.384571060119481112e-02,-8.597162647985682679e-03,-2.473937470694923327e-02,9.530298105358522842e-02,2.280166597000777562e-01,-5.052583235813224577e-02,-8.740325129938805726e-02,-1.081732851694706538e-01,-1.191225886740468996e-02,2.327141867603939873e-01,6.195418806052917921e-02,-9.602106085082251150e-03,-4.857698208524098560e-02,1.266310636004878412e-03,8.928233693776670143e-02,-2.877692975358216165e-02,-7.919084374067111853e-02,6.496336198807198259e-02,-1.607677796125555336e-01,-1.470494714775020251e-01,6.630104211895124222e-02,1.385932464636210892e-01
-8.047220381159423397e-01,-8.047353995166954821e-01,-7.587553402894052779e-01,-7.566197599803602403e-01,-6.722953195470217080e-01,-6.622718982788463604e-01,-6.417923175872439767e-01,-6.378122692734822241e-01,-6.219320325912948144e-01,-4.369418785185484877e-01,-3.485609825219759816e-01,-1.690426863761090581e-01,-2.595741173721664574e-01,-1.430637359428724859e-02,-1.245312631303901740e-01,-8.809164938480380791e-02,-2.034542979693734419e-02,1.596025284780056355e-02,2.773316729576193532e-02,-1.214612011494686783e-02,-3.117748177208273450e-02,1.387467380289378605e-01,8.723455661438629660e-02,-2.066040027716815192e-02,-4.147253242763725145e-02,2.529344769932292958e-01,1.623472706078363595e-02,-1.664376125919832805e-01,-1.773080084977292914e-01,1.629230114682648535e-03,-1.849483477492926131e-01,7.508889100218438251e-02,-7.413015791613389305e-02,1.855329658678529503e-01,1.445803422865957755e-01,-2.492885362128962612e-01,1.336990317333812579e-02,-6.197048473690183745e-02,-1.257481270990851163e-01,-1.712554960088993050e-01,1.577612951503653271e-01,-1.651302673330588833e-02,6.162243979593708121e-02,-1.200632629198576801e-01,1.880395290248735307e-01,-1.409556812344456012e-01,1.123750663401936467e-01,1.239431471895203196e-01,1.091059598380851765e-02,-6.112273844260941724e-02,2.779472173375492905e-01,-9.864470493646829152e-02,-7.583515836507252750e-02,-9.821612565794297922e-02,-1.445715738472670986e-01,2.480514143547654649e-01,-4.407563216565347011e-03,1.803918379674357975e-01,-1.841098427808347815e-01,1.239236161267445041e-01,-1.938295303971761946e-02,-2.676645374434659108e-01,4.808934295463518360e-02,-9.736357602388148735e-02,1.170295041345625064e-01,-1.260883199512810859e-01,3.426300141540368493e-02,4.286170031643897482e-02,-8.053791899170287261e-02,-4.505316697683222488e-02,1.135544300168114945e-01,2.994993516045568391e-02,8.526271061939548479e-02,-1.365683141323965899e-01,-1.673817022390803808e-02,-9.485205861805354188e-02,3.696525860817761328e-02,-1.505113908186360983e-01,1.259938128633631971e-01,-1.832965636879932414e-01
-8.050813120078353924e-01,-7.987054405140039393e-01,-7.744972254686895985e-01,-7.643503016327577448e-01,-7.003793633217439973e-01,-7.000016639239432514e-01,-6.590412021044428359e-01,-6.416765769800694130e-01,-5.476056358115589662e-01,-4.028763580633854535e-01,-4.442929163967536677e-01,-6.438051027089629341e-02,-2.003272523845883724e-02,-6.779453158347376052e-02,3.994832455022975272e-03,-5.628332680652958775e-02,-5.110717948671641975e-02,-2.496072204717243170e-01,-1.547560935492540111e-02,1.072741381744560761e-02,1.585779466854355391e-01,-6.718810798367662318e-02,-4.208686162853970958e-02,4.988408808438000303e-02,1.672440548004094085e-01,-6.487777648729424473e-02,-6.061167283554992624e-02,2.139506211188720863e-01,-1.334884136397714027e-01,-1.495235981018122051e-01,3.300307446891160429e-02,4.020718041573026480e-02,-5.384176522062838338e-02,-7.047999636360993692e-02,-1.257437439319935082e-02,-9.826447119616546141e-03,-9.254889841235354464e-02,-9.191332470795392229e-02,5.187678282218404630e-02,-4.214418672045085190e-02,1.233361977316034114e-01,-1.826976687352434986e-02,4.569005605157347438e-02,-3.641701468491067434e-02,5.835697797234754708e-02,9.628748134975143036e-02,-1.188974285445978385e-01,1.039840596759583069e-01,-1.704386245826157165e-01,7.556273939978277142e-03,1.855842431810783566e-02,6.249100607938985058e-02,-4.856625184266201434e-02,1.737603680051924213e-02,1.086065840864138266e-01,-3.683192994020492717e-02,-1.740236432716958104e-01,3.941663960153114071e-02,8.755637953286356245e-02,1.254254928493782340e-01,9.964425279150562753e-02,1.226090472624397076e-02,1.703364742316178793e-01,7.523258767661691881e-02,7.596037717679120227e-02,-3.302277352326016963e-02,-1.503612946765887637e-01,-7.046651134151889206e-02,-9.939170738559019447e-02,1.189539032197379498e-01,1.755385302081054477e-01,-3.414822693559300265e-02,-1.947088002102881354e-01,-8.693033480281482650e-02,1.006953615492960225e-01,1.212446098940799799e-01,-1.216673051487527496e-01,9.396980310408346859e-02,4.797419571727030985e-02,7.863990754212532228e-03
-8.236905497720404812e-01,-7.753403271657507423e-01,-7.608639547688977878e-01,-7.417725531636818470e-01,-6.739559013189548864e-01,-6.918843230992864912e-01,-6.952390453540702175e-01,-6.603712967266177625e-01,-5.710402784499303275e-01,-4.159885543983916079e-01,-2.133242420544317342e-01,-2.990414209519632882e-01,-2.062450700038652440e-01,-7.555020670466662536e-02,-1.297283203237421106e-02,-1.357403796582994093e-01,1.066376086479036700e-01,2.791697663945368751e-02,3.073464818511763286e-02,-1.371635010416971667e-01,-2.166228999624152662e-01,1.169743863858357102e-01,1.938329780195406637e-01,1.805797337393109658e-01,-6.722021846582909577e-02,-9.050445747585084133e-02,7.061693215852164751e-02,8.278949735503020324e-03,6.567535846805954564e-03,9.470948367210929933e-03,1.070162513383551665e-02,-4.340782649197957865e-02,1.862185576785374552e-01,1.141647211775330267e-01,-9.983258943012615627e-02,-1.523655049317739450e-02,-3.635641737641099325e-01,-4.344045740562608310e-02,6.383653873915717814e-02,6.372892564603493959e-03,-7.775325852290632112e-02,-2.364165618402445657e-01,-4.237724853477824183e-02,-1.107639705096075643e-02,1.234098609398398966e-01,3.407892979846857129e-01,-8.548109671898156126e-02,9.681659436484883752e-02,1.318969086668936586e-01,-1.465774463075802392e-01,-1.484376765228726802e-01,1.117598346635320233e-01,-3.940546789066846217e-02,1.988780035785210273e-02,-4.846181320444246932e-02,-2.019689925319578458e-02,-1.049636603045907800e-02,-8.199267867556712941e-02,-7.606147040953301075e-02,-9.641649379621233806e-02,3.075575026884104779e-01,-5.930246348363006972e-03,4.503834478096879756e-02,4.888902266380510536e-02,-1.649684933931747366e-01,-8.139901984789227329e-02,-9.510288063125857394e-02,-8.328752033414811573e-02,1.338448986286480680e-01,1.967244762145388959e-01,2.829432201909898087e-04,-9.576494477313396425e-02,-2.624710211591126385e-01,-4.190467002664696045e-02,-6.325608318106375194e-02,-1.327406432371777342e-02,-2.041176160515387750e-01,-2.734865476513861221e-02,5.490064197462440898e-02,-3.800919913739560837e-03
-8.181505836209922444e-01,-8.210484916526211707e-01,-7.909017315193617170e-01,-7.641320468169385816e-01,-6.700218044563613917e-01,-6.851177759975873860e-01,-6.955551247048408214e-01,-5.342835133238420520e-01,-3.517670140658762934e-01,-4.608378203848119137e-01,-5.815033719810037277e-02,-1.428675842807529683e-01,-1.026045938368847221e-01,-1.727426541158419773e-02,9.845237462989826771e-02,-2.536896375691612138e-02,2.263565810585370375e-02,-1.011480658325725757e-01,1.162528920621622580e-01,-1.852476926207405339e-01,-5.535895100111774825e-02,-2.998022095006864368e-02,-3.213684169999678208e-02,1.868943016093924797e-02,1.663338816912372509e-01,-3.409942459271828735e-02,-1.658771310363162665e-01,-8.015991069186433060e-02,2.290335169093954230e-03,1.601191348786789870e-01,3.033000959040461561e-02,3.967530614045406551e-02,-1.147722443847489365e-01,-1.327266993472521472e-01,6.573967760081604605e-02,1.287017475611660078e-01,2.477772433187038284e-02,-1.937072038467022028e-01,8.966994304142376915e-02,-2.711014288056349253e-01,4.201292385825917963e-02,-5.157337759393434279e-02,-2.025060700841986583e-02,-2.380125310296021535e-01,1.284378031463968284e-01,1.086136532381408448e-01,4.526335416375779769e-02,1.163003128319399331e-02,-1.511573388681704657e-03,9.943949540171208648e-03,1.850960278112720112e-02,-1.293358389867499958e-01,4.857285662199688214e-02,3.755514596870034721e-02,-1.381020071149139869e-02,4.614155818211208848e-02,-2.190630919837354973e-01,4.026893763304628844e-03,1.128605698315858080e-01,2.663327945625838522e-01,-1.885226176304555246e-01,-1.587814621925624781e-01,-1.198685146446188017e-02,-4.741846962943922078e-02,-2.430655748876964783e-01,-3.740627806075499384e-01,-1.345235322833487346e-01,1.266162577386893973e-01,8.930235094022632991e-02,2.198476300533767358e-01,4.976238795817516242e-02,1.140998822976472815e-01,1.124189954573340602e-02,1.301670249408136970e-01,2.115456201539958614e-01,1.255481841277666932e-01,-1.073585395227099615e-01,-1.055564585724287213e-01,7.844006641152244386e-02,-9.553039337703349287e-02
-8.153605624440067867e-01,-8.001779833017941268e-01,-7.534957738845670105e-01,-7.253159787570271355e-01,-7.125884533150672606e-01,-6.431893005061514179e-01,-7.009477978415818988e-01,-5.180452644422425257e-01,-4.269518713903675544e-01,-1.412316150224759148e-01,8.713341529799133178e-02,-9.855933514343419299e-02,-9.370788564261497977e-02,3.786594750668180465e-02,-2.535982864703196712e-02,9.595463212160763866e-02,1.280089719218220623e-01,-3.358472844961114812e-02,-1.176766963698899632e-01,-6.527487018822293987e-04,2.707541978254521808e-01,-4.250338257450423513e-02,-1.605197109111266077e-02,-3.098472816568783109e-02,1.972497973703332685e-01,-9.999922116722974319e-02,-8.065949764622151394e-03,-9.058381005198100355e-02,7.307146049482886319e-02,2.276238893214110187e-02,-2.162491423621130601e-02,1.291612192052610519e-01,-1.864770367892697178e-01,1.684766026041713272e-02,-9.840852306196873345e-02,6.749442989928143566e-02,1.911610516394144643e-01,1.050776771390349168e-01,-2.146354778162119503e-01,1.805045365523035572e-01,2.135029875663264631e-01,-1.997297175706088876e-02,-1.314633723727162869e-02,-2.402909975885062638e-02,-1.587150430228465303e-01,-1.263404193366308992e-01,-5.097792226774482821e-02,-3.291983733018351288e-02,2.854748204919471330e-02,-6.932025930881635309e-03,-2.754274908049071657e-02,8.158833562394277039e-02,2.087088489672613567e-01,1.288232348006367878e-01,4.389360715264174762e-02,-7.230090206375280881e-02,3.717889811781809051e-02,1.257110790419517232e-01,-2.484551789326588656e-01,2.305542807934352900e-01,-7.669061102757593340e-02,1.559684564589930711e-01,1.419228573741966037e-01,2.624763271616433261e-02,-9.072764879586979470e-02,5.709284051657204095e-02,1.656002532749719092e-01,-6.231688452261598815e-02,-1.390065112077421838e-01,1.340593394848772213e-01,6.562415087531481284e-02,-4.021465667731017463e-02,-1.115279433329238873e-01,-1.820301436299805609e-03,1.977130009479518558e-01,-6.490135593483334353e-02,9.286678340612750104e-02,1.150115655192674863e-01,1.516624875630934455e-01,-3.116811880176848654e-02
-8.100800725219928777e-01,-7.732613168143365190e-01,-7.794912952319533739e-01,-7.948978691518580053e-01,-7.572523429524644634e-01,-6.314379609419715766e-01,-4.919371183510828915e-01,-3.873405193067026575e-01,-2.457822942147679934e-01,-1.291342875088800080e-01,6.518318440101052332e-03,-1.620344751242899090e-02,-1.393313682644986007e-01,1.082891215283195568e-01,4.766941689862398690e-02,5.083850061549214511e-02,-8.676777288429579627e-02,8.710303455682170959e-02,-5.277797559925678783e-02,3.019769416055710989e-02,1.299667176651904121e-01,6.054648230563814543e-02,7.364225434666735182e-02,1.280646050124288060e-01,2.815830564596273969e-02,6.123855834526613362e-02,9.660061731154118148e-02,-9.740532766546874943e-02,-6.112190044038515180e-02,-7.836553137524190915e-02,2.053996256756171132e-02,3.911816709104379286e-02,-8.038886692867280859e-02,1.761939058341242814e-01,-1.915967870251860522e-02,-3.008852941867560804e-01,-1.117427045725011836e-01,-7.515787562259414190e-02,5.407014452291239448e-02,-6.864720730070215937e-02,-6.318724569884487385e-02,9.999916723532745189e-02,-1.166914135018792403e-01,2.805854176424947555e-02,-1.065810046359022822e-01,-2.406033747214367802e-01,2.885368377200860784e-02,-5.441003429918045420e-03,-9.674626779874501148e-02,2.075267614313539705e-02,8.571141273857592335e-02,-2.154070722068771038e-01,7.468456192086297962e-02,8.326903912690974963e-02,-1.672367449426941099e-01,-1.044391469448777976e-01,3.842164004747353756e-01,-5.044264854584232932e-02,3.139829770809753756e-02,-2.199711017062998264e-02,-8.398869832923389067e-02,5.071888116237863176e-02,-1.572805501162682570e-02,-1.050337422411365580e-02,2.780309925134867299e-01,-1.088259134900807085e-01,-1.462488007568494945e-02,1.320123774350453472e-01,-3.712775588338780297e-01,7.859151538373027046e-02,-8.172619921942900212e-02,-7.847902529397030036e-02,-8.036505938998332599e-02,-3.928219997215496445e-02,-8.677173188848556762e-02,1.164417010344243053e-01,5.957360093453912403e-02,-1.293966827137790210e-01,-1.341903736859252072e-01,9.899353555251173831e-02
-8.122849933731447480e-01,-7.615030582334837428e-01,-7.412834136809338670e-01,-6.551970149421368905e-01,-5.947282779282023757e-01,-4.747831668244100189e-01,-4.781267789413556346e-01,-2.062239844115776322e-01,-2.178093284515557337e-01,-1.888204164588454803e-01,-2.348809649242018238e-01,-1.863920047816050585e-01,-5.586989205942434651e-03,4.272082101194783765e-02,-1.717720510150648472e-01,-1.187463935007668399e-02,-1.163380339069734343e-01,-2.198374206611916903e-01,-7.368688746084806063e-02,-1.650403800136194653e-03,-1.157561597376973311e-01,1.523450018797682104e-01,5.204904667054831291e-02,-5.911381935602483956e-02,-6.731186918546239184e-02,-1.389301296057550601e-02,7.002108972649519203e-02,-1.225956822227111248e-01,-2.419023277604527913e-02,4.514847508327425596e-02,2.903636106935481020e-02,-2.467036096820023616e-01,-5.566238805297743508e-02,-1.743647179428032545e-01,6.784053985167523039e-03,-4.994774191396270102e-02,-1.622450387465916855e-01,2.432304322683493114e-01,4.381800895778446142e-03,3.317841179067625851e-02,2.181075228833780910e-01,1.039565692650001733e-01,-1.087453482612970035e-01,-9.155252370122048122e-02,-1.295438836144567618e-01,2.576225738510889290e-02,-3.608163366273484801e-02,-1.442909720165996314e-02,1.939836799600892503e-01,3.805819911362775393e-02,-2.305575599134057074e-01,2.609187752690117143e-02,1.010738444857379043e-01,-1.014228780127635621e-01,-7.415114974314197804e-02,-4.754946139258029586e-02,3.154400258915698863e-02,2.123348606645038827e-01,-4.893420839625258097e-03,2.006105953640526570e-03,-1.951818188949032973e-01,-2.647447775334383843e-02,3.952851666668977249e-02,-1.068688570468101853e-02,-1.818544589055744566e-03,3.548733880406555047e-02,-8.574036316889582787e-02,8.124179527669046774e-02,-1.853249869416406098e-02,4.300929610330957858e-02,6.167084642686564838e-02,-4.007806598431677518e-03,-8.053865117941221008e-02,5.761940425822466294e-02,1.999886055499321413e-01,6.921249301199325354e-02,7.525700904735344032e-02,-1.830651883463065288e-01,2.728244829036931551e-01,-7.920509383945656401e-02
-6.710088330262569123e-01,-6.455137363666723083e-01,-6.591754835803009804e-01,-5.492676841921432240e-01,-4.801803564561225035e-01,-2.941142801436055776e-01,-2.116895616639090649e-01,-1.832520284295532376e-01,-4.887134477806250044e-02,-1.814352749892068073e-01,-7.538292119557629678e-02,1.003057372127122288e-01,1.266916795836989934e-02,-9.270820335034275772e-02,-2.675332843891832860e-02,-6.402539111950782125e-02,1.179033542285073538e-01,-1.583956775490385493e-01,-7.567657864437146720e-02,1.454362795586376378e-01,-9.843545983825666146e-02,-2.711897689641167009e-02,-6.570674939079007570e-02,2.916240060673959411e-02,1.069209094998923720e-01,1.831554601352432254e-01,-1.798269423958910596e-01,-2.105718334340825892e-01,-2.303648220665121815e-01,-1.248217047050649564e-01,1.689330293873110012e-01,-6.564677934065078768e-02,-1.038462308203495083e-01,-1.993921718172770585e-01,-1.271290371438346944e-01,1.488755967788650374e-02,-3.397902599664519990e-02,-1.081478532534958098e-01,7.312662276896224334e-02,1.397484545098880981e-01,-5.108370127036401809e-02,-1.362055908209721389e-01,-4.983555191279071678e-02,-7.230888138792281039e-02,-5.709780667589486186e-02,-3.840912858630208399e-02,9.475621449477741876e-02,1.519167452190869731e-02,-2.411264698486417779e-01,4.345976829709601724e-02,-1.808514883782435245e-01,-2.744942442734946489e-02,-8.014675675615161657e-03,-1.466765570972882599e-02,1.626264849090965359e-01,-1.366986207469427506e-01,1.852843045287415336e-02,7.546173714247300657e-02,-1.553709758579515376e-01,1.141996000492705027e-01,-1.565921360242008842e-01,1.122637622566686061e-01,-1.000956328120841260e-01,-1.320792771655812936e-01,1.793868426277275829e-01,7.301967933465239313e-02,-1.908692709984390334e-01,-5.235462010315099224e-02,7.586957184726438042e-02,-6.800511462687011677e-02,-1.324127446453323975e-01,-2.443067974799087785e-02,9.256064783969070175e-02,9.868420117442792960e-02,6.133451002533098911e-02,1.185594412859584945e-01,2.115296442850648356e-02,-3.274749328317669295e-01,-2.452300741782904581e-01,-4.255341855970725014e-03
-5.352082542697227385e-01,-4.637309965540398204e-01,-4.833796456408202546e-01,-3.447006021325149105e-01,-3.534583767604486670e-01,-3.008694510734101768e-01,-2.187075130039538295e-01,-1.606615248577937249e-01,-1.345313434729638047e-01,-1.958985920343593867e-01,-1.313050869894449510e-02,-1.048696042066436240e-01,-1.188299109531737729e-01,1.104347286625575880e-01,9.456630976931591770e-02,-5.324154173514768218e-02,-9.459123842510935853e-02,8.860657096718899117e-02,-7.725770969236736563e-02,-1.990048576605492059e-01,-1.721265466174298764e-01,-8.229720014931737881e-02,1.062454150937251901e-01,3.631764178451028259e-03,2.839389005593707660e-01,-1.438177110043620532e-01,7.458656449533762611e-02,3.209479467473972617e-03,-5.240649498207592544e-02,-1.383958581152463785e-01,1.985360920128528273e-01,-1.694462528519701805e-01,-2.019679926637599210e-01,1.010755176510572950e-01,6.810544237154941491e-03,5.816493341630369230e-04,-2.515779312128451489e-02,-1.565617829314085996e-01,8.356237481067124717e-02,-5.793187746648776476e-02,9.965813384070675018e-02,-5.052111874066918945e-02,-2.673786899412909993e-02,-9.552892080939083541e-02,4.039120740273037524e-02,5.799302522808081478e-02,1.227911938028826561e-01,-9.113523596373178381e-02,5.634412607178782006e-02,-9.097776293192481878e-02,1.341628281938974342e-02,1.013166583607449378e-01,3.149277867743819487e-02,2.440900753735694012e-02,4.415820147461966411e-02,-3.554460747457307418e-02,2.145207456222058065e-02,-5.435085332643529304e-02,1.248631711537068062e-01,3.597442360794860655e-02,3.481458914720314546e-02,-6.830621188030636115e-02,-4.096346129249760215e-02,1.047681912732373044e-01,-3.253643781623593439e-02,9.782949855787460847e-02,-2.717493511912775217e-01,2.177930781621557621e-01,3.009349415050960319e-01,1.403377601713625689e-01,8.897572121419269897e-02,7.600224197753506321e-03,1.084851970250662757e-03,-9.682404984027953576e-02,-2.037343933583340636e-02,1.279068679669398134e-01,-2.787938165894787018e-02,1.294474523671453603e-01,1.145392121458033707e-01,-1.187588049975903809e-01
-3.617895999845227029e-01,-3.963884902834655666e-01,-2.539050333074714394e-01,-2.456744528088949941e-01,-2.624578850613437653e-01,-2.870293237816770593e-01,-9.281837216001292967e-02,-1.409506491488717872e-01,-1.016227817918403387e-01,-1.794218985275684297e-01,4.002781551654756992e-03,-1.952596531336337204e-01,-1.339196777621416978e-01,9.599684473069294843e-02,1.419719447030731163e-01,-6.256736415373340132e-02,-2.351586951294381417e-02,-1.441005989281942401e-01,6.799606215790028607e-02,9.361558707693433401e-02,-2.158552312424013436e-02,3.631188332688434911e-02,-1.460754196949875516e-01,2.274044574012107009e-02,3.882627718859590904e-02,1.124054176831742746e-01,-1.871398280724388130e-01,-2.843780629594904602e-02,6.092730454152756742e-02,-9.883579897823403272e-04,6.578200196433320324e-02,-5.926290111999106547e-02,1.822391299928883407e-02,-1.502701352941099855e-01,1.283755892557569833e-01,-4.521221441563789967e-02,1.793585717601455520e-01,-6.867796108417707768e-02,1.035977085051471153e-01,2.162537549092525269e-01,-6.069591361189389384e-02,-3.238632574344439963e-01,1.313237232640163399e-01,-1.428200371385969225e-01,-9.038399117946778472e-02,-1.604025822564432990e-01,-2.161098589390966079e-02,3.886013508379845827e-02,3.571309253513836601e-02,-6.436446212043350767e-02,1.848372270960377262e-01,-5.532584966705954982e-02,-9.346946151569962558e-02,8.265553425372591800e-02,2.430110325473520960e-01,-1.435798087003408718e-01,8.332393920674657783e-02,3.975929406424139750e-02,-2.409549689167850978e-02,1.927052285058536152e-01,1.587166628603371987e-01,-1.670765395739430559e-01,2.442233690252940959e-01,2.930803814416621175e-02,-1.714606568326843342e-02,1.246077025337460342e-01,2.040580068251083776e-03,4.480836688460135275e-02,-3.711361790335905575e-02,-8.290342559540210543e-02,1.865096328215363752e-01,2.155020849077749490e-01,1.038806644782349319e-02,6.743999928413005329e-02,7.258679416513190430e-02,2.259419795827448951e-01,6.277654598916911424e-03,8.975234210490028175e-02,4.585301435156192290e-02,-1.306581407080328328e-01
-2.088344688341774169e-01,-2.267833002370094053e-01,-3.179151395704054583e-01,-1.681530047206842293e-01,-1.232989271105871532e-01,-7.358052907076619020e-02,-1.270586900026314248e-01,-5.761141205493251760e-02,1.229369342876657223e-02,-1.843631462328526593e-02,-1.539051346832723544e-01,-1.674378020859454419e-01,-8.460656715665655636e-02,-5.189754670980666063e-02,-8.329941521423624151e-02,2.148139469314711350e-02,-5.609009308072059746e-02,-1.041888918271739566e-02,-1.365376354424785998e-01,6.192174115576751237e-02,-3.503292110391788977e-02,9.186716989263077338e-02,-8.647107575330426066e-02,7.076920545870907242e-02,7.617242784742310480e-02,-2.081217378935030782e-01,-4.361104917958608801e-02,-1.545606895688694249e-01,-1.371786716783338078e-01,3.804343401917043010e-02,3.967509536896828698e-02,-1.013664488705636191e-01,7.239541785411572616e-02,1.042794002939439330e-01,-1.589658561808413861e-01,-6.163003913924754856e-02,3.682644021753817692e-02,-1.608183219235064521e-01,4.142371598945619737e-02,1.359289124766774152e-02,-1.063503256010005366e-01,-1.461871579761124251e-01,-1.171547461213183483e-01,-1.487012255811833716e-01,-3.411704979676367239e-02,-1.453196431945949219e-01,2.295465861835334700e-02,-1.862339506213648577e-01,-1.800565557540169045e-02,-2.292601984441099416e-01,2.691149673924771862e-02,1.224114694666931895e-02,3.812247544937993893e-02,4.742039406981512356e-02,-2.701825108657674446e-01,-2.408374142024987397e-01,-3.872021087064618505e-02,-4.003337316689983827e-02,5.318110656541900211e-02,-1.131063099574794104e-02,9.104687438878950045e-02,-9.693314582082822317e-02,-4.560413524617450143e-02,1.844268308755587504e-01,-3.917114868294673674e-02,-4.688573783732543493e-02,-1.022884392027161027e-01,3.111041916031497337e-02,-1.825486049383142073e-01,-3.069895980224156273e-02,1.597918609824017580e-02,-1.089685837880314950e-01,7.620830868422956428e-02,-9.722560488429245196e-02,-3.590987706216107467e-02,-9.817947857454908944e-02,2.134733859257582356e-01,2.061368831919956068e-01,1.422606928491932099e-01,6.203623232852243513e-02
-1.661804487705163258e-01,-1.255001283817172575e-01,-1.620698703018368936e-01,-1.182765031493104024e-01,-4.581926077672730108e-02,-9.257601846150288749e-02,-7.079148451743663695e-02,-1.400734499242974329e-01,2.285972159770104442e-02,-6.799273903742066028e-02,-8.074352306332042983e-02,-5.494078878748363121e-02,-7.361558044398043565e-02,-1.031956493978512385e-01,1.250515233450878450e-01,-3.069632780544555642e-02,5.925306790654274319e-02,-9.436800100657426194e-02,-1.675295174398349490e-02,6.841102924073668226e-03,-5.693380620688160212e-03,2.099117410525596639e-01,1.674609965546854443e-02,7.097459096796479572e-02,8.118801144293796845e-02,1.767380356143334885e-01,6.610899657259136641e-02,6.898380834975323395e-02,1.751969527863874443e-01,1.745559426883256937e-01,-9.394395819426507380e-03,5.006738332663265845e-02,-1.659228141043653515e-01,2.245320803884931216e-01,2.045413788120102215e-04,9.520462416560343533e-02,-4.066775978893438087e-02,-6.734056611376418311e-02,-8.536237474107098711e-02,1.738298679453135695e-02,1.586363795627423190e-01,-9.467699418937212952e-02,-1.286908503063289022e-01,-1.980604267131627974e-02,9.762106134814230521e-03,-1.271546861984301224e-01,-4.123473640610179208e-02,1.375779872214427657e-01,1.158646157114660673e-02,-3.084470076227813912e-02,-7.254782282381616598e-02,3.001164524726456645e-02,-8.710359579071189073e-02,2.889945953890328267e-01,1.559620495238019655e-01,8.518526483040872455e-02,1.477637905201231554e-02,2.984526214485798412e-02,-4.487523421606468693e-03,-5.137743451134479770e-03,-2.454579280800934377e-02,6.672333339320397905e-02,-1.205800871414995229e-01,1.511645037496678334e-01,-6.740066343785727776e-02,-1.731731606893961162e-01,1.873736599678006709e-01,1.003270673326545764e-02,-2.744467686945221696e-01,1.088131661469646516e-01,-9.650181617959699421e-02,1.981036207536705437e-02,-3.019382395730958995e-03,8.350422700982534918e-02,2.430434785186935120e-01,-1.289168050409485178e-01,-1.826642845830738771e-01,-5.344120368217740447e-02,1.218729560381190263e-01,7.260563169788829263e-02
-1.096267205404607148e-01,-1.111034689757294525e-01,-7.171821491682131566e-02,4.394517692354788646e-02,-1.746946988525551470e-01,-1.144339058301270667e-01,-9.986392535783659985e-02,-4.015889129564531590e-02,-1.645532011990528259e-02,-1.272761158428608319e-01,-7.386986611248823331e-02,7.670671818006365768e-04,5.510410134724685882e-02,3.058811448919360274e-03,3.793757905261863073e-02,3.904011657969184545e-03,4.566547119540680100e-02,-1.130762981882876411e-01,5.395237878117304514e-02,1.017235544333425501e-01,-3.160771216784633692e-04,-2.243440895087416564e-01,4.996385431849451747e-02,1.706900402029767061e-01,-4.317618766943673997e-02,1.612586837002103479e-01,-1.809184015297744252e-01,-1.251248182508421236e-01,-1.732551453784766243e-02,1.236968026945720056e-02,1.222464161902562380e-01,1.533217943215050560e-01,-7.634085631029789709e-02,8.609529894445620835e-02,-1.574874236787599524e-01,-2.429487796745458464e-02,-6.896199308512541981e-02,-8.078478009737892485e-02,-1.494501404032747283e-01,-6.269115777091655017e-02,1.166310560498026727e-01,5.629622897631034878e-02,6.175728301770477130e-02,7.081088066861269958e-02,8.197828363870665602e-02,6.309491180342358119e-02,5.008030415414783248e-02,-1.653963796579171475e-01,-1.334297080989008122e-01,9.176421619506451577e-02,-1.496989825343630898e-01,-5.361319299807768002e-02,3.610376452746899556e-02,-9.397033371253564514e-04,-2.061793386887717655e-02,-1.369138826364196815e-01,-6.991570433783346472e-02,-2.060990677043322838e-01,-1.967336989067747788e-01,-1.270523920083435898e-01,-2.551694612685926483e-02,-1.138658042650469646e-02,2.335385649084606718e-01,1.708655726357858062e-01,2.017297137847083865e-01,-5.584379347321319353e-02,9.774488688170908726e-03,-4.199154399735709198e-02,-2.228602613240162830e-02,-5.725709366838460483e-03,-8.435186606842827450e-02,2.627634208140370783e-02,2.567367576692168862e-01,-1.603082100512046304e-01,-1.858722156912555878e-01,5.766786881093362988e-02,-1.601913934263859418e-01,1.333688376789065599e-01,-2.052677861044579707e-02,-3.032323470119879238e-01
-1.127417303901216278e-01,1.361117497291209830e-02,-7.044262825770260250e-02,-1.149383630565115055e-01,-5.828945605263989582e-02,5.202473564576217541e-02,-8.801194505000341228e-02,-2.010346009786271593e-01,-9.583461153376721109e-02,1.884344391462755477e-03,9.518876815245465653e-03,6.458108712772891655e-03,-8.507460834382087056e-02,-3.784725558824588582e-02,5.942074959151463776e-02,-4.884716200528260721e-02,4.423605183443968941e-02,5.333530876866163228e-02,3.381634727011930373e-03,2.465257051445028137e-03,-8.735111370933733299e-02,-1.340599712150613299e-01,-8.307507118064225149e-02,4.184701742615750016e-03,8.389798762931081899e-02,-1.257246540175980809e-01,5.589888127883938657e-02,-3.226009521518123646e-02,1.430190846071537417e-02,1.355579600903044357e-01,4.590562893787557969e-02,-1.613414498851602763e-01,-3.500221038855006600e-02,-2.239652678877235639e-02,9.831923278557917756e-02,1.942408747929560975e-01,2.347148801608591184e-01,-5.509379785364094256e-02,6.371956325595445891e-02,6.821018542669685103e-02,5.601260042117808813e-02,8.346126740113486708e-02,-1.079797526875431318e-01,-7.158685679495760401e-02,8.122297836981380581e-02,2.023493486311252892e-02,1.107184633748003934e-03,-1.559258299981964302e-01,5.025662959991927109e-02,1.768191080540753787e-02,-1.184027814632548914e-01,7.565388843272836950e-02,2.781452537464753835e-02,-1.521236300280368048e-02,1.144760588996152906e-01,-2.491185580670181310e-01,1.974024597210733978e-01,8.732900605816171224e-02,6.106975122980172477e-02,4.606361161061012233e-02,-1.504935722284187483e-01,3.625374967708097640e-02,3.989818975024107817e-02,1.045298268382677254e-03,2.838599650664866761e-02,-3.302962972981016154e-01,5.451619417056471212e-02,8.285933217777881332e-02,8.213074872185269215e-02,2.939699779636376631e-01,-1.415791073647121659e-02,1.971377452710311451e-02,-9.745686441242749909e-02,8.200200523144704490e-02,-1.612721161670987169e-01,1.356992675873422947e-02,4.431771424284487032e-02,1.127873740443582906e-01,-1.614846787380287418e-01,-1.053859403929388316e-01
-4.730582346857582776e-02,2.314053263610097930e-02,-8.771803513278492517e-03,-5.248315360498603810e-02,-1.750268808024266209e-01,-7.825195951626609525e-02,-5.028488726738187392e-02,-1.865537702432126452e-02,-1.241980412490290529e-02,4.335832336161708767e-02,-8.982150187041476608e-02,1.123621018626764917e-01,1.106757100418725714e-01,4.978958391355826907e-02,-8.042113106999207450e-02,-1.925881081980577447e-01,-5.319269295932276681e-02,2.622635981710857989e-01,-1.539412139308212468e-01,-5.762976693770693187e-02,-5.969646830376131030e-02,-5.641184398411825535e-02,4.128468854269395222e-02,-1.501172569706192006e-01,1.224270783309345384e-01,4.613186978716962705e-02,-5.548288572743300534e-02,1.099217464585803689e-01,-1.355415699424854514e-01,-4.982376697508805741e-02,-9.873420571747239249e-02,5.159158844342980749e-02,7.855520951852495992e-02,-1.965950005479738527e-01,-1.274958114957996380e-01,1.070372471745264509e-01,1.739987374299132583e-01,2.786399165508689213e-02,2.808781169654734830e-02,1.768253775970345387e-01,-1.622764108633153457e-01,1.165805169781832240e-01,4.322061615512448607e-02,-4.953965500683241846e-02,1.925882625929969949e-02,3.548673193980066143e-02,1.037235649412347471e-01,-3.356074713140824728e-02,1.522040365443793897e-01,-1.360247986768720607e-01,4.572085308560193406e-02,-1.160900776403575863e-01,-1.051712529801642482e-01,-1.647809755876343263e-01,-3.356004998598736272e-02,7.921638677425514585e-02,-3.661572494233178432e-02,-2.451104561061169182e-02,1.535582378494084743e-01,-3.921785013318315055e-02,8.646994464444900108e-02,1.196197749081938516e-01,-2.130898026076285742e-02,4.504360273024882871e-02,-6.125377304583617261e-02,-2.936183265643228096e-02,-2.095927923179403130e-01,3.471485706545825167e-02,1.355452543317605396e-01,-1.358991089967430399e-01,-1.841111826578497312e-01,-2.558006966240433111e-01,-8.686079953896984340e-02,-1.843367195795998087e-02,-5.197480893439453131e-02,1.686927927024807761e-01,-3.292440015102746087e-02,7.252082531977573077e-02,-8.485297767139318714e-02,8.092671889721998746e-02
-6.398003530947257711e-02,-9.327865562890028106e-02,-4.347031335098575783e-02,-1.645365702048980430e-02,-4.242286593641182713e-02,-9.753381884072889751e-02,3.789391150595494001e-02,-4.713739862247385420e-02,-5.013407456157234487e-02,5.148056271938673129e-02,-1.234133035567996743e-02,-1.295607482105874952e-01,-5.503373003983467321e-02,4.771143882675436126e-02,-2.914972586804358973e-02,9.425893385964467797e-02,-6.437863400705551298e-02,7.212128641098281001e-02,-9.282385599707569657e-02,-4.687131467198908663e-02,-2.118006054527850693e-02,2.486602572584236184e-02,6.723675878883100809e-02,7.158389780980217720e-02,8.029479432358052615e-02,-1.030607396209982513e-01,1.974521475815467150e-02,-2.065463014941430198e-01,-1.548267333268852630e-01,-3.532731902552827680e-02,3.961949196278118784e-02,-1.451611647944129058e-01,-1.901342066079936555e-01,-9.625253628638290315e-02,6.511654456026548521e-02,-1.087926690960407533e-01,7.111792060029101248e-02,-1.639959079198209657e-01,2.069181196085259911e-01,-5.162466591620527151e-02,-1.281456764179327544e-02,-7.848023088164551853e-02,2.717137567344648022e-02,6.383093532660570613e-02,2.779731373054466353e-02,8.772183251948580118e-02,-5.729988355371547909e-02,-2.503448304956927203e-02,-1.103837866568425502e-01,-9.154688529873000746e-03,-4.482483834934573169e-02,6.916591174469191583e-02,1.661695403233607315e-01,1.189222510361094692e-01,1.065486025130432945e-01,-3.275408906156786204e-02,-1.536031982631823334e-01,-1.629763253069264339e-01,-5.281264080768613423e-02,6.017678602250672339e-03,1.290731342980385452e-03,-1.322464291356190424e-01,3.596650831216537721e-03,-1.317073391727646703e-01,1.763319498353148329e-01,1.293188835417502236e-01,-3.222340583069742415e-02,-2.536209752358734547e-03,1.924515384719965305e-01,1.778661469389345995e-01,-1.150824251159863892e-01,1.556841158907308620e-01,5.018755666557535300e-02,-2.592365553573189665e-02,-1.900911394300044618e-02,-5.584917636113143069e-02,2.238385847677258622e-01,4.687424796107751701e-02,-1.977907568074830161e-02,-1.086581094329138880e-01
-1.070826272195203738e-01,-8.226940415985589672e-02,-8.203237731322247928e-02,-2.585879624403245383e-02,-3.925333357613022822e-02,-4.455686671829937190e-02,-9.925776337749088463e-02,1.286135354824029520e-01,4.575978790118454681e-02,-8.359686532691568139e-02,-7.505105891326629974e-02,7.131764394547825126e-02,1.905076173318605293e-01,-9.583997191204370047e-02,-3.890522543475292278e-02,-1.474015018674019184e-01,4.771547720803718390e-02,1.132623810749490562e-01,4.676022166793156187e-02,8.541994174939812612e-02,-1.753146423875707322e-02,-3.506673208032841903e-03,-1.053812548648041525e-01,8.098169498083077067e-02,1.720406909257633093e-02,-4.950071572243409934e-02,-1.697075171824647954e-01,-1.469685819271609323e-02,1.992967879162051426e-01,-5.037460157536947231e-02,1.037314247191887910e-02,-5.336871732047208244e-02,-9.879775979196778191e-02,-6.499292147465926539e-02,4.565891443286769491e-02,5.224404819131745273e-03,-1.208684983078058169e-02,5.128217440983231373e-02,-1.119272026463436071e-01,2.667258371333723899e-01,-1.134960529463239359e-01,4.012830125799737857e-02,-1.484023997041900370e-02,3.963582205794968089e-02,-1.197871926333609754e-01,-3.081591999430767156e-02,1.433297442150588755e-02,-2.884308550315584779e-02,-5.727856222813358655e-02,8.087202505489814175e-02,1.855548499186949196e-01,-8.435583111606019535e-02,-7.054663791544446561e-02,1.844057994354048324e-01,-1.499501912390987235e-01,-1.068249764186036954e-01,5.121496360263589481e-02,1.790492249769801703e-01,-1.157592887857526870e-01,-4.097872971879028964e-02,5.900663674506970852e-02,-3.408248217882988568e-02,-4.786074127823008312e-02,-1.740121219563295074e-01,-6.805295375783851353e-02,-1.752491750308900198e-02,3.048290882446752850e-02,1.218407066917890497e-01,-8.635655009680191785e-02,1.808565557823484798e-02,1.777060996536219684e-01,-1.029108564716451624e-01,1.874736240427461176e-01,2.063164939778874482e-02,-5.837306324601810453e-02,9.252017206764120982e-02,-2.976585723512540586e-03,5.414582052465465728e-02,2.060698802607967839e-01,1.878985797414094994e-01
-6.803229000752643307e-02,6.285822580230433949e-04,-4.836371724605711270e-02,6.377740891920292976e-02,3.374202469210156596e-03,-1.794165971083327158e-03,-3.488485326738260256e-02,-2.390925417170115461e-02,-1.134270042964239944e-01,1.328780073485532620e-01,9.817538602613544441e-02,-4.495931821344981150e-02,-2.232740694774792284e-02,-1.659706487342656883e-02,-3.888947075788053848e-02,1.575626756180434698e-02,-2.803079348712069277e-02,-1.007018307086632869e-01,-2.833988035939390853e-04,1.143521886708218499e-01,-1.379897941128103711e-01,-1.056490693752567822e-01,4.281566658304389317e-02,-3.469290262087191407e-02,-5.313649183577091178e-02,-1.558277632162260173e-01,3.129549712410553686e-02,1.265094629397101322e-01,-3.186107137946683071e-02,-1.397892050763040739e-01,1.971764595883332069e-02,-8.271027502597873282e-02,-1.296643802012197588e-01,9.062303591824662219e-02,-9.009959716953223896e-03,-1.105914750562048687e-01,-7.787288857391824748e-02,8.775511081210170261e-03,-2.891863926289461872e-02,-2.093115883540845323e-01,-6.542559194579775778e-03,3.798602094302303694e-02,-6.567608589597791202e-02,1.564011210114519546e-01,5.673880869479749206e-02,1.664312572369731555e-02,-6.877866780072589004e-02,-1.277401438747075291e-01,-1.492497737045703730e-02,7.157198004355319609e-02,-2.071588886509869928e-02,2.491383898894565241e-01,-7.307432158013006662e-02,1.320072839449873137e-01,2.214910319818411411e-01,-6.104597566573299189e-02,4.160706179136848711e-03,6.889291118896247179e-02,-7.025232182372077860e-02,1.744914967715419929e-01,-3.025636515967012469e-02,-2.399388675407126414e-01,4.516255117724989748e-02,-7.248122039696000551e-02,-2.068588532878303660e-02,1.223397489540978267e-01,-2.061537652655740654e-02,1.087462637214297451e-01,2.659967912105025032e-04,-2.288348931438689490e-02,-6.690695786470911288e-02,1.047152855349906403e-01,-7.823765404783010469e-02,-1.122554504285471350e-01,-1.249015814077247405e-01,5.706799200569347835e-03,-2.009658673398129029e-03,-8.451659217870161056e-02,1.280161505019353219e-01,-1.671904283021235227e-01
-7.464077521153693329e-02,-3.815817340515826467e-02,2.382740727229559069e-02,-7.645000630471376901e-02,-4.597587523237011559e-02,-5.039036663879321865e-02,-3.329952531156579743e-02,4.944543858128214175e-02,1.479140830915197553e-02,-5.874701365166596495e-02,-3.109402999876820575e-02,-1.949822766476331029e-02,1.857779647317312974e-02,1.242759641610432786e-01,7.466939335878483575e-02,-4.619429106065019858e-02,1.040623170051912239e-01,-9.016862726075362822e-02,-1.651448594482984866e-02,-5.124747025237105097e-02,7.433291663790446945e-03,-2.290677450816453464e-01,2.503198654233566023e-01,4.235595386002333901e-02,-1.702887269067040188e-01,1.312773168537680613e-01,4.708344772913675147e-02,1.496519531055824359e-01,-3.851128571123180883e-02,-1.620512084040470202e-01,1.725340326246601885e-01,4.481530885219086463e-02,2.661049493664615836e-02,2.305443651424346485e-01,3.752692443814595324e-02,-2.487718156586062740e-02,1.135390745860989647e-01,6.283537621299016551e-02,-1.201461467453568410e-01,-9.431752763605057155e-02,1.596942063332305178e-02,-6.114245216560888069e-02,-6.360579948603548896e-03,1.042767221855826071e-01,1.171217871454105358e-01,2.571316698847898041e-01,-1.154704287545045560e-01,-9.691907369142164358e-03,6.967459668410415363e-02,7.376594502729610925e-02,-2.706834004039196939e-01,1.030450912116125800e-01,-1.343738371206847082e-01,2.505797332049401142e-03,-1.915966882244922176e-01,-1.027626635494374996e-01,-6.357360323382905964e-02,4.365935154272460039e-02,-4.705838499663897445e-02,7.880626327701840961e-02,1.559439091387927467e-01,6.145931314867428968e-02,1.733144127446032134e-01,6.429571269105664733e-02,2.276632848039955026e-01,-4.993476853681500655e-02,8.105215598480013106e-02,7.878812707295199114e-02,-3.827449579274356389e-02,-4.753918433593556231e-02,-5.854804441046197738e-02,-8.350947126149514677e-02,2.256969342374771648e-01,1.002238630378808754e-01,1.604344096129431962e-01,1.285175273014154546e-02,-1.291498703586680952e-01,-1.429625113856414775e-01,-1.051061694798060414e-02,-1.285215183743984753e-02
-7.190615935421891536e-02,3.807336743984690575e-02,-5.560822275389205871e-02,2.135110016649179737e-02,-1.551074042915247947e-02,9.055562029133988611e-02,1.051034457232621899e-02,-1.548974343020153438e-02,-2.622299206054715202e-03,-2.040941467970353029e-02,2.200579027261207951e-02,4.044678287945284445e-02,1.468833180060448787e-02,-2.719010232768727386e-02,-2.324710776942570112e-01,-9.717687316839891676e-02,1.180112607315066398e-01,-6.819768836443369786e-02,-7.965332285838077481e-03,1.802325989842727336e-02,-1.114096056099543423e-02,1.889484495440222830e-02,-2.455164854091322069e-01,-4.233439053429872978e-02,-1.502144100080473887e-01,2.602029995400306425e-02,8.737745828583766416e-02,-3.455579481498154137e-02,6.377690471783101223e-02,-7.781494081104699256e-02,9.975713387296648860e-02,1.708196486621639254e-01,-1.229757525596105600e-01,5.806272505131963163e-02,-1.963378541234848604e-02,4.371751884918900419e-03,-1.333079274404704202e-02,-1.584920433186862154e-01,-7.334962133717895516e-02,-5.064587015787845592e-02,2.072865869841743203e-02,-1.050350232050737825e-01,-5.755745495117071259e-02,4.073432644991051288e-02,-2.463290158374076277e-01,2.823287585138961261e-02,8.173198726098070133e-03,-2.694240327096624962e-02,-6.416226395201952981e-02,1.132178213878452105e-01,-9.845452961792572344e-02,4.758766976858576359e-02,-2.697400151786747205e-02,-3.879391141659947750e-02,-5.809642042052783756e-02,-7.865667938350745514e-02,5.008302564094770787e-02,-4.848829326772155501e-02,3.075198016435657378e-01,-1.948789089884368220e-01,-8.760300371865797908e-02,8.247507081026292375e-02,9.543708151651740523e-02,1.113801782686730385e-01,4.442866918175968072e-02,-6.310051177167408376e-02,1.778317265507776412e-01,-1.392446447121962333e-02,-1.202437835723335798e-02,2.840387360745930817e-02,6.350005258913489492e-02,8.312958861788362352e-02,-3.254886774375690978e-03,1.716708941844249103e-01,-1.851818132590422883e-01,1.875853890412837108e-02,1.234521676315610272e-01,-1.043545080119192697e-01,1.216044549742365394e-01,-8.238878218138503962e-02
-4.125495946920277462e-02,5.059644879328546729e-02,-6.834915004674632644e-02,-1.924735891055274692e-02,8.703843899689629390e-03,-7.505330422932819656e-02,7.769244142554858346e-02,-2.511926598848898337e-02,2.724019337129983051e-02,-2.629863469655587330e-02,1.019778113907711869e-03,-4.967552930192956073e-02,-4.589441027867745271e-02,3.321099590874224822e-02,-3.461140870629755839e-02,1.033821727536426011e-01,-1.803620854122573169e-01,-5.074293932820945346e-02,-5.529564107953787583e-02,-8.772631172192854945e-03,-7.711940854028748182e-02,4.938005909732737925e-02,8.557483849047960167e-02,4.933697110273426584e-02,3.136569796078238909e-02,1.736790790648434779e-02,8.697355019036591417e-02,-1.828624519586225794e-01,1.173757880574515661e-02,1.118613634198435125e-01,-2.423469511489014655e-02,-3.107800015255164638e-02,8.452027870621359185e-02,8.363492574993809658e-02,-1.513018111245112386e-03,8.417613769428893000e-02,-2.922040948567389967e-02,-3.045953883291254577e-02,3.929143418338850065e-03,-7.742635427727220798e-02,-8.272759088547745887e-02,-2.764324317089668012e-02,-2.724651709955225320e-01,-3.780466584531656099e-02,-5.208186417930786398e-03,-1.432921473709739824e-01,2.115066075241013865e-01,-7.034408008842581855e-03,3.900189209424410886e-02,-3.801158912601471790e-02,-1.584842597461078861e-01,-3.176268254471655006e-02,4.882005284407287676e-02,5.641344675421596649e-02,-1.309561039639414171e-01,-9.239935388228298629e-02,-4.816590212306955804e-03,-5.197109154646017970e-02,9.979885799545931691e-02,2.170816512019588806e-01,4.979391794934921733e-02,5.237113194356046719e-02,-8.827720317108764259e-02,-4.994658756736100602e-02,-1.952306043478818642e-01,-1.580888462227941771e-01,-4.828012562247906841e-02,-5.946660674837985633e-02,-6.996148707068293449e-02,-2.107256440863014835e-01,-1.251231457616807374e-01,5.830547133469941856e-02,-2.398123212524267897e-02,4.024774001749863855e-02,-2.671883686389792817e-02,-2.474233295528464049e-01,-2.662394469342437703e-02,1.108955484202471670e-01,2.749299393233478050e-01,1.516440862356250793e-02
-6.409847563434726593e-03,1.759087748985251054e-02,-1.406613419231626284e-02,8.508702272472978140e-03,-8.895518124491741396e-02,-2.215696279366119112e-02,-1.760906528744317703e-02,-8.621584085973774125e-02,-4.000087104288704842e-02,-1.421382613936580420e-02,-9.844232204644746964e-02,7.061571001812325110e-02,7.221358193667644365e-02,-6.356015540693342458e-02,-9.403366124925598146e-02,1.319959448397869384e-01,-9.284603711335931431e-02,1.952205697303299042e-02,-3.629178384492096759e-02,1.448435335644172005e-02,1.579329516900699337e-01,7.600941145223609474e-02,6.442602434775993037e-02,-3.037631584027345594e-02,-3.731455650224906051e-02,-1.347576808660383776e-02,6.275709370910380336e-02,1.305743750382424087e-02,1.854519770702354742e-01,-1.298805949033013385e-01,1.195386028979959631e-01,-6.087670280215940616e-02,-2.075251069863881803e-01,1.576462684252451507e-01,-7.650237974910439887e-02,-8.294607309270607409e-02,-1.005750209446290427e-01,-6.758924346568180586e-02,7.138412347622202780e-02,1.199450637027645455e-01,2.333038529988366860e-01,-1.347045920174759215e-01,1.142624599418048115e-01,7.607464355107668164e-02,-4.728682828457694831e-02,9.389564176095392678e-02,1.733183139490934027e-02,-4.297699925967621293e-02,8.733636032335954924e-02,9.405542809544084615e-02,-1.553931050705800905e-02,-1.360525220823369068e-02,-3.706022359925428833e-02,7.252480564164756616e-02,1.265496583136257458e-01,6.522756512752707347e-02,-1.867238347440114965e-01,-9.048621743398960193e-02,-1.632292807926098363e-02,-6.982086744376102272e-02,1.616851961136875349e-01,-2.436306193741598000e-02,-1.900511792546725753e-01,-4.264830600347984529e-02,4.735342146254626489e-02,1.598323288437989986e-01,9.751200735163417788e-02,-6.715509024273343119e-02,-1.139429969164087175e-01,1.807613540950434375e-02,6.429510916334016390e-02,7.750572326948287905e-02,2.222221692709802285e-02,-1.772604460494641432e-01,1.519960625848780673e-02,5.049475314297051376e-02,5.716462001775839824e-02,1.860779494913089860e-01,1.992276468417024382e-01,7.889285018808410432e-02
-7.002072048102153667e-02,1.648283601588220598e-02,3.075196309869881670e-02,2.392654940064273955e-02,2.211111094284507611e-02,-4.268343274592842351e-02,-1.157913819896665558e-01,-5.599672841878020751e-02,6.188380559152859700e-02,5.430817186943748265e-02,1.260772572048491635e-01,-8.387845681048895774e-03,-9.843869033044476413e-02,-3.132669104256183973e-02,8.458726113016061532e-03,-2.392787075773672445e-04,-1.094946119386327327e-01,3.225387039571192375e-03,1.268888113334376844e-01,-1.640140221370230827e-02,-7.087945369624275294e-02,4.395351466398714213e-02,-7.315013484538313016e-02,1.003825341630594781e-01,3.119998755471615690e-02,4.012918431735753454e-07,6.172216358715629236e-02,-1.034761661061230215e-01,6.256528957189874153e-03,-9.138016624851505454e-02,-5.473917898993107406e-02,4.066541435296889412e-02,-1.224978673164007215e-01,-1.331564138411489018e-01,1.991062383312418305e-01,4.193558925738661430e-02,-6.638836248573546685e-03,-3.527162893887867551e-02,-6.514881862023130799e-02,-7.987355363411974274e-02,-1.103201156163285263e-01,-8.747425513900465230e-03,5.908254330603627397e-02,8.189787161291349482e-02,6.827403461039406596e-02,6.675333407850733702e-02,8.670685637693632819e-02,1.234492332582528828e-01,-9.948041538722714183e-02,4.298649176432745023e-02,2.445993490922636349e-02,-7.726677792359114456e-03,-5.406013832107324502e-02,1.258211940425991299e-02,7.108314669084170138e-03,-5.728568110664838259e-02,2.847239417841311224e-02,-3.460798211115827250e-02,-1.817025448617796968e-01,-1.791749632225135558e-02,-1.166537931996716598e-01,-1.184564406995970154e-01,-5.435625868881961698e-02,-3.914798117773414000e-03,8.166525457927138743e-02,1.342413182129886806e-01,1.223172528012351351e-01,1.638032212770194340e-01,2.743895707093108732e-02,8.218186205952569823e-02,-8.119304848253905416e-04,1.991738087589166317e-02,-8.485705379542500537e-02,2.192631478618665281e-02,-1.281478057655547828e-02,-1.036910711229754173e-01,3.432209258925331130e-02,-1.365154782967912817e-01,1.128831250342420545e-01,2.117959788344908612e-01
4.686167151369986794e-02,-3.568691532238496555e-02,-1.795131736476920578e-02,-5.752593508865359168e-02,2.920613753433373705e-03,-5.282596669494576958e-02,-4.065583247899386826e-02,-2.146983561520994163e-02,8.752900426590913552e-02,1.175246094983640605e-01,1.349739137830166524e-01,-1.831233835211547659e-02,-1.791710147225898386e-01,-4.604471222212264819e-02,3.742099625201409513e-02,-1.925442894285750439e-02,7.007897369605887994e-02,-1.044080188549513649e-01,-1.049187113267981281e-01,-1.903529695128396496e-02,4.988027221045523291e-02,7.219004689893841753e-02,-8.774290136284115804e-02,-4.403790365651270855e-02,-4.191779842283245572e-02,-4.049295522025746046e-03,1.673752465691446395e-02,4.153168197279506757e-02,-7.574813779871947261e-02,-1.183544369081141606e-02,2.559467503649217116e-02,1.635575079959145917e-01,2.882010443791259771e-02,-5.437526472951582229e-02,-6.827558561400483284e-02,-2.230487085515721682e-02,-1.361411721963401988e-01,-1.632528336316220463e-01,1.244201718674649987e-01,1.210028098029081733e-01,2.110261622166762635e-02,-3.281840719992051153e-02,-2.462403382167172305e-01,-1.137528214632064216e-01,-2.111600290962678886e-02,1.986194603937574583e-03,-1.505682652092515672e-01,6.357015233856697090e-02,2.869867280322887723e-02,-1.881411792767356816e-01,-8.584881675241688714e-02,8.120911302483482808e-02,6.136781376145554467e-02,8.705062952065727166e-02,4.441985767845074012e-02,7.728776509077932289e-02,-2.235852281732523539e-01,6.769813525198668802e-02,6.085282287547263275e-02,1.010522331823600767e-01,-1.290370089228586870e-01,4.782570821691334642e-03,-3.549774327020727843e-02,1.715918592907967610e-01,-1.140287391395790675e-02,-1.069422199588591395e-02,-1.662746555555946748e-01,1.898577036056806333e-01,-2.544902218956163198e-01,-2.057156087863147576e-01,1.689898615747487077e-03,-1.022085056083752858e-01,-1.108634182432250842e-01,-4.952783836147860858e-02,-5.490524172997783559e-02,-1.200647551206172337e-01,2.808243960102192391e-03,-1.146259516141625301e-01,-4.821228819036709606e-02,1.424416697655553066e-01
-1.318343206171851759e-02,-4.144748152895335463e-02,3.760404586593465298e-02,-1.098206048898057834e-02,-5.088378847216408485e-02,4.777544551249272679e-03,6.564444624879889334e-02,-5.779175420741208130e-02,5.498675282804255104e-02,6.909292153413494619e-02,-6.895007061953782601e-02,1.061322759724350404e-02,-1.043559334425270130e-01,6.399127792297362727e-02,-5.579537034861701411e-02,1.536942321721484761e-01,-3.596672686743651592e-02,1.601349477749192162e-03,2.397064462990308037e-02,1.675888054337398847e-01,9.677409972516960723e-03,1.776483512605760845e-02,6.418767236850606017e-02,1.486081913056621351e-01,-1.357419514933798921e-01,1.735915776429297064e-01,8.382211987218540772e-02,-2.758901348924660060e-02,-4.760169030706487558e-02,2.005715115129538262e-01,-1.647969417572398097e-03,8.381756579340414459e-02,-2.909843449940316515e-04,-4.504057729758472600e-02,-8.311142643072232106e-02,6.610382694541908945e-03,-1.247020259049114177e-01,-1.772702796365408298e-02,-5.379676239432461954e-02,1.792028422989368486e-01,-2.808226113047815678e-02,-3.628213650250186606e-02,-3.711976714442664915e-02,-7.297980725663359702e-02,-1.199814477529246304e-01,1.177802162330015417e-01,-1.297518333256501288e-01,-8.318547594909611945e-03,5.580236789735610464e-02,-3.309214811565094894e-02,8.822279965624350850e-02,-2.153572278846097986e-03,-1.033498919453843257e-01,1.596210371731447003e-02,-7.207710269275678996e-03,8.239410506463565320e-02,-4.152531344230525612e-02,-2.781251444624062083e-02,1.514103817311323874e-01,-6.391775448962247475e-02,-3.749787066795420148e-02,2.747569827330290648e-01,-5.329102221659329924e-02,-8.984942121587506658e-02,-4.650063058529423088e-02,5.073671621013198935e-02,7.027277704651080370e-02,-5.608514940450284869e-02,1.365629536176652115e-01,1.718698597973654721e-02,2.150423598320405291e-02,-1.026852487732920066e-01,-3.075016657676513457e-02,9.376722058542515115e-03,1.229509210572586088e-02,1.786336169209653060e-02,-1.356263550504599458e-01,1.594591545843305480e-01,2.130407809586971624e-01,-2.125182577954849161e-01
4.506834687618275180e-03,-1.062303714277328809e-01,-1.205213429376562721e-02,-5.669494275406994355e-02,3.901677141957208411e-02,1.780004904366051799e-02,5.010655806576731763e-02,8.158659865563855362e-02,-3.381733280222952442e-02,-3.238357440976873808e-02,5.751201514548481136e-02,7.016188118182441202e-02,-1.331395861889393406e-01,6.267632013216505038e-02,-5.393773175766181094e-02,-1.318659220442877644e-01,-2.090924886129063090e-02,-6.793004715108993952e-02,8.052810568046679662e-02,2.705081692333735979e-02,4.498316840654881937e-02,-5.091370066455745691e-02,3.819679664540141795e-02,-5.039611910627688623e-02,-7.274507513626177202e-02,-8.273242967362938460e-02,-9.019035489700330532e-02,1.512075582808344032e-01,1.575141557315892227e-01,1.308075251152019669e-01,-7.886992216534166600e-02,-3.303059131263461068e-02,-2.172584907026813839e-01,-1.138292457606785157e-01,-1.435883938847466387e-02,9.093892195917151547e-03,1.679634196336897423e-01,-1.475038558464855099e-01,5.440326284406533930e-02,-2.481990702292400514e-02,-2.314793458593358139e-02,1.253680655285082865e-02,4.881356099458117846e-03,-1.003434397160153820e-02,-1.180711620694626929e-01,-1.108704668929522651e-02,-2.063058195538442496e-01,-2.010143065671378057e-02,-7.492050503841860692e-03,-8.009336749178269654e-02,-1.031608216368991721e-01,-4.052226267141133265e-02,2.628265828030575402e-01,8.837551003738076949e-02,-2.222804285320625559e-02,2.943134402383616732e-02,1.339492371184926589e-01,-1.033876552528982667e-01,-7.721140525288995582e-02,1.196762601170683719e-02,1.670878513349665084e-01,-1.166850237948204583e-01,6.726780294451308040e-02,-5.973703941586847033e-02,-1.078182595728464782e-01,4.221561437461440747e-02,4.217604764472618339e-02,1.221786073627193908e-01,-7.280916006705116794e-02,-8.121375676647148156e-02,-4.349477910916173945e-02,1.773382043540701336e-01,2.883441901719058231e-02,-1.489858639388314809e-01,-5.886708228277882232e-02,-1.119690878068286544e-01,2.962433958099687861e-02,1.074039275800989096e-01,-1.722978898181911148e-02,1.775256610223149845e-01
-8.264756490571173453e-02,1.020668375029252090e-01,5.894663826213500900e-03,8.199562463933310341e-02,1.510971631503580520e-02,5.074613915813994819e-02,6.743869020320542029e-02,-6.829514212691981112e-02,4.114114162766618205e-02,-4.238178834157885905e-02,-4.654275129341101103e-02,-3.365275386361032961e-02,9.301259744069421964e-02,-2.872554870886571618e-02,-8.330172051842546499e-02,4.364502617097332920e-02,-5.398834213957601214e-02,-3.286140013246672403e-02,-9.669549798166539312e-02,8.150251460033101913e-02,-6.090811508211652764e-02,2.973693674144654159e-02,1.026917741734150874e-01,6.858608063103234509e-02,3.338680797111341636e-02,1.039033270504872569e-01,-1.493520306373588014e-01,6.304527317357042082e-02,-3.472679074224441220e-02,-1.013565715925889565e-01,2.653763088360007807e-02,-6.661023801844732917e-02,-5.998814817695345344e-03,1.387601409241859540e-01,5.960155209426411943e-02,-1.430792053758211425e-02,-1.616497398495823634e-01,-8.557292628435587967e-02,-8.437217852743997271e-02,-1.317348765043646341e-01,-4.695551492901704066e-02,-3.647167878481906433e-02,-1.591484468705623434e-01,1.160757454497043234e-01,4.587876792071777371e-02,-9.489659429748124875e-02,-1.681110975093211835e-01,1.782706842799393343e-01,-1.423915766127469840e-01,1.861062043016322928e-02,-4.029218043585867243e-02,8.954888882979690490e-02,-7.051837219166375188e-03,5.332434681704578683e-03,1.431238125129527354e-02,-1.183732176950186565e-01,-7.646045136774368145e-02,3.795634857612849300e-02,2.105681134311753952e-02,-3.679208690042589519e-02,1.266728906321695769e-01,-2.871258615329059724e-02,-1.756067451969954007e-01,5.547774466366937884e-02,-1.315438553798771969e-03,9.789193006903805505e-02,-6.889420779819506457e-02,-1.269239223401033845e-01,7.060075432199103274e-02,1.584556089899553655e-01,-2.556774265873258400e-01,2.360692269620309411e-02,-8.237967437569444773e-02,4.508197486059324632e-02,-4.497207433270045129e-02,-1.878145909141379008e-02,-2.382294246489139455e-01,5.012763219665140185e-02,-1.408148267514267374e-02,1.179806210326447662e-02
4.647651531304827083e-02,-1.377242131623225389e-02,-8.168438658827043009e-02,-2.247195420450180323e-02,-6.787641120783471926e-02,-5.163420208144593737e-02,-6.947098474116032707e-02,-3.607278391016289359e-02,3.563382591495894286e-02,5.201246977572805685e-02,8.658017385408524336e-02,-1.134965962984115341e-03,-2.418578225773078058e-02,2.993873409244236783e-02,1.037815917491560214e-01,-8.182575336178114778e-02,-7.649214439757370809e-02,-4.873214774323823134e-02,-4.775029793408595846e-02,4.827273710735544704e-02,-7.838599581368267677e-02,3.310632030672829712e-02,-5.968275025851469719e-03,-1.066663125765595771e-01,9.132243867612174770e-02,4.336047425800155369e-02,-9.974524528522160649e-02,-2.010228978096913199e-02,7.004325649249927739e-03,-2.045748567096410467e-02,-3.417765487947087288e-02,-4.719610200648442777e-02,1.724112157432013820e-02,9.246996217816444430e-02,-2.828919780581252708e-01,-3.089951842581539765e-03,-3.861014622465434171e-02,1.291013204767189892e-01,5.758371853868474166e-02,-7.049546154491535821e-02,1.852837520611595040e-02,-6.038765982680409372e-02,1.089463237098305809e-01,1.385583703836578418e-01,1.723638096005782744e-02,5.340119597028646775e-02,-7.272048199207802044e-02,-2.415372582767118248e-02,-7.812025716885037663e-02,-4.313860202632927021e-02,1.788096272514378554e-02,-5.453894265464007823e-02,-7.049314605892925689e-02,1.371131546571199844e-01,2.958436065629293024e-02,5.083784618844378045e-02,1.045442021492357099e-01,9.776625313275810747e-02,3.675687032775705465e-02,1.089772609625515309e-01,-8.179214423668797196e-02,8.172640157277820394e-02,-2.961421975368400128e-02,-1.301495914068545590e-01,-1.038309191962490663e-01,8.117967990440969062e-02,-3.697955527735669740e-02,-4.599215502823839237e-03,-1.571028218135336052e-01,1.149698837105913168e-01,1.217979347409073321e-01,1.933197020553964474e-01,7.836638743867402335e-02,1.157561474721024719e-01,-3.674446411386448827e-03,-1.173622988299784509e-01,-2.938532500347335735e-02,3.815910266666895645e-02,-2.461834471805508448e-02,-1.842804841245652622e-02
-1.429742914243244400e-01,4.045519254724312674e-02,-6.972160927153477940e-03,4.537592434583828660e-02,1.099566016589885592e-01,-1.291416364452187548e-01,-7.895081670231239579e-02,8.459599746753022897e-02,-1.913637139465726097e-02,-1.117601874145692127e-02,4.812133682769370244e-03,-6.451130019901720261e-03,3.754329863036894033e-02,-3.226639866352207925e-02,1.141958268016733252e-01,7.018744726618460217e-02,2.665958974944160689e-02,6.883028105003115293e-02,-2.692780981796819365e-02,-1.383005643669748264e-01,3.704047875322376282e-02,-4.989279687865644242e-02,-2.569959690872427108e-02,-1.385628467286769694e-01,-8.694501807618659761e-02,-1.076142715547017958e-01,-7.259510473052802060e-02,1.104780159718362909e-01,3.255019820226570746e-03,9.335809128899094644e-02,5.184422740633909399e-05,3.702692937443705090e-02,-2.858913543319091186e-02,7.502120429903817722e-02,1.243945042354222957e-01,-5.102512467092776977e-02,5.782105779993367001e-02,3.029571036717465526e-02,5.209651943672292951e-02,6.191801421534967598e-02,-5.428239761321233814e-02,-2.853447885657357103e-02,7.330574761556224450e-02,4.939823004281829882e-02,5.579080109099163881e-02,-2.611043117359014565e-02,-3.766691889684679190e-02,1.120194676701269515e-01,-5.295668373279559943e-02,3.981903933523410488e-02,8.256334268399168064e-03,-7.637591216125239058e-02,-2.057672732076368527e-01,-7.989302896938149656e-02,-3.462921864193158755e-02,4.186890354262259861e-02,7.371718448131679702e-02,4.904507962160753465e-02,1.582054577162233036e-02,-6.351361026885372907e-02,-1.120967627199956768e-01,2.474112277035195595e-01,5.961936289167957953e-02,1.268538385849314332e-01,-4.936999310389473400e-02,2.705185603524368765e-01,5.114913340610908327e-02,4.510752665112834417e-03,-4.972793063442117190e-02,-5.668348302036607667e-03,2.134000465928645729e-01,1.868915039375353693e-01,-3.740803931279387817e-02,9.343806141758700945e-02,1.565501041185777542e-01,8.371753910102511242e-02,-3.609907999672036516e-02,-1.431296414310803955e-01,8.530969767271798232e-02,2.356649690828327426e-02
6.009989090600968697e-02,9.504576197555025807e-02,7.358207790218318500e-02,-9.200172761087271889e-02,1.044221443627576656e-01,1.785156570962391151e-02,-3.088646440867773985e-02,4.064588207894579558e-02,-5.617242115543524122e-02,-6.257723744690030232e-02,-5.747955914683580692e-02,-2.356785300829373694e-02,1.942801241674997278e-02,-4.359791634382301911e-02,-5.445014666099242534e-02,3.357382603242460573e-02,-4.563316024970895390e-02,-8.330306304209825208e-02,7.813993204972299877e-02,5.401966719163868447e-02,6.757309329418818844e-02,1.711814377223084827e-01,-1.137876649754019781e-01,9.285155769098335510e-02,5.941068911063899366e-02,4.182074028093550611e-02,-1.218771183443290301e-01,-6.752956797355226526e-02,4.086536394156855406e-02,9.357710359557896984e-02,-1.146857092227724778e-01,-1.528744515830743889e-01,-2.925374444085961784e-02,4.455053890510413811e-02,-1.252441566820438126e-02,-1.352858731847789708e-01,-1.812586800484914384e-01,-1.084181603594908672e-01,2.150723196705339180e-01,-2.316134440147992468e-01,3.737157247291268691e-02,-1.130152227434669428e-02,-9.540427107574160626e-02,4.146199719725725784e-03,-3.382689519211353607e-02,-1.761107573689351530e-02,1.434317595777072907e-01,-9.673296789515996308e-02,2.651351524676705609e-02,-9.462655815013829019e-02,-5.690782407554448308e-02,1.980691472109493215e-02,-1.324401383255540965e-01,8.492733493655132970e-02,1.220872246836912922e-01,9.663410946081575637e-02,-1.484253221751024310e-01,-4.480174061646954864e-02,-1.142730996754124928e-01,-8.458501606456085564e-02,-7.567620476728190160e-02,-9.332194154294916333e-02,-8.285808401059095718e-02,-3.349558545513165592e-02,1.725369538935623559e-01,-7.845075852721522525e-02,2.719670624268412384e-02,6.613694931349246853e-02,8.463379257585014470e-02,1.558207945259022231e-01,-1.817691516256983997e-01,-4.850693949304383384e-02,6.989790654941324677e-02,-3.187214317084061804e-02,-1.587722417545519779e-02,6.699214608257132719e-02,-3.728101895244904929e-02,1.250603670883495555e-01,6.188752291949691474e-03,-1.195859603662218495e-01
-2.590231203007966037e-03,-3.045362799686186783e-02,-1.438099174504777616e-02,-1.266464383708839660e-02,-3.056895830859822014e-02,9.957567352596848054e-03,6.928006253676871617e-03,-8.759836770619026936e-03,2.109433368477065668e-02,2.502645016585437407e-02,-1.385242234897796076e-02,-4.929052482465670626e-02,-1.094284743368071217e-01,7.630718579772104160e-02,-1.557977176667774966e-01,7.280782154660143946e-02,-9.993058528750206615e-02,1.828616252263367756e-02,-5.392694326811545841e-02,1.020480338025534124e-02,-5.186606602529889726e-02,-1.186433136909670755e-01,1.448654496464634733e-01,-2.728048667727580104e-03,2.673622616236705912e-02,-8.660547615902013108e-02,6.195151138003995167e-02,6.282357832913663953e-02,-9.644619344547346318e-02,-1.002213562615902470e-01,-1.331439145894862952e-01,6.710135358719794552e-02,9.669048617986047978e-02,2.574310819954449964e-02,1.111575381796106876e-01,-2.921138553614723368e-02,1.643689140582606234e-02,-2.716124956394902132e-02,9.149303734696784263e-02,1.053015219160179233e-01,1.988689546430515709e-01,3.348804284681358712e-02,5.208915931899100321e-02,-3.377620869607036308e-02,6.844607372948567636e-02,2.573162808213667538e-02,7.543678802647531267e-02,6.852566324908644646e-02,4.414687318725905169e-02,8.453231088772343582e-02,-1.296493057391179815e-01,-7.873092454116387140e-02,3.584715061824160498e-02,3.980895650433355359e-02,1.459404992943430235e-01,-1.164361723335939486e-01,2.740664286985132134e-02,-9.780088225698732596e-02,6.951669072835350849e-02,2.890379931757032228e-01,1.378018382196520737e-02,8.816721015382263105e-02,1.285539836928253216e-02,6.045477996120009190e-02,1.066716067020577613e-01,-1.320135263461248154e-01,7.430319150622355373e-02,5.417653656032479781e-02,5.630250739294343637e-02,1.049367568080939866e-01,1.979871618146888390e-01,-2.029412875359762891e-01,-7.648211414989351808e-02,-9.813219993194130519e-02,-1.470156406974626739e-01,1.811077383575877831e-02,1.447875157345566433e-01,-1.217154605836286152e-01,3.282859998745215474e-02,1.481275830083308154e-01
-1.961314580503658450e-02,2.200819727240612561e-02,-2.167366771983182117e-01,7.238581158858033160e-02,-2.286694119798383593e-02,-5.445996272405766170e-02,4.130941955896893364e-02,1.150097703156817940e-02,8.252397034986043434e-02,-6.558891424743455538e-03,9.832966127685926344e-03,1.412842715106886818e-02,-1.070557285348554544e-01,1.604487692884061512e-01,-3.161325055184746602e-02,-2.629701299962374991e-02,1.341546554574808980e-01,-2.610283328757039695e-02,-7.724406238676452541e-02,6.426198780472378025e-02,-7.525436905664698028e-02,-7.525782038106039462e-02,4.424224410234445931e-02,1.280407530431232170e-02,4.068279393870855715e-02,-1.525409177351696836e-02,8.976971274568816550e-02,-2.745837424681657479e-02,-1.241749880809130645e-02,1.679190836284452648e-01,2.708630892863107820e-02,8.341913892468501290e-02,-1.938102754300566680e-02,1.153286389723394423e-01,-4.717271417870602668e-02,3.760004107475805463e-02,-6.317374837899561446e-02,-1.194498944349212978e-03,3.817818353487605065e-02,-1.112030840431400130e-01,8.841109489035607616e-02,4.379435935908403132e-02,-7.546562250465164989e-02,1.124376024426367582e-01,4.282004566770581527e-02,-1.005330152948973044e-01,-7.492926647263553619e-02,5.556078968855115291e-02,1.905579665052258564e-01,-2.881152022875972316e-02,-3.437576308320388491e-02,5.279850737260409488e-02,1.501550067030401336e-01,2.202665262988851361e-02,2.441505420583536118e-02,1.020102709377733868e-01,-3.320767726578967294e-02,-1.291370517144013186e-01,1.052449645710234472e-01,1.059762422221081635e-01,-4.479329591798755089e-02,-5.292198128770493615e-02,2.530491387186350333e-02,6.419429999606721116e-02,7.460592703864329933e-02,1.546477613415223329e-01,2.734918929035842425e-02,-1.290254413632032325e-02,2.385130991621287611e-01,-1.243757390205330049e-02,3.892134450137531634e-03,-1.136269580298441828e-01,-1.198282791893027777e-01,8.024197890004765299e-02,1.315446133858775846e-01,7.448895029883462540e-03,8.328870679473669714e-02,-5.451793683685189629e-02,-3.531230609922115377e-02,-3.731634198631379740e-02
5.915464414044183106e-02,2.723293966291742002e-02,4.704824856139391831e-02,-3.463096056047464122e-02,2.787439541629978951e-02,-4.472277126069763159e-02,-2.341930828113229779e-02,-8.727869816219814905e-03,2.213031717493174969e-02,-9.036545437703193129e-02,-3.730396922681488564e-02,8.462680395387084387e-02,5.715533644024784615e-02,2.009051057917439920e-03,-2.950706963124416146e-02,-3.732413999081859307e-02,-9.268635057070122307e-02,-4.749033610017135143e-02,-9.393494529112546287e-02,-2.214814124019120339e-02,1.272762935101357656e-02,1.362874075898650728e-01,-1.239782628494518896e-01,8.962480637631822789e-02,1.574281912363606397e-03,-4.472786531549240857e-02,-4.577058168855803466e-02,1.331265796838215776e-01,1.203156755863868249e-01,-2.638491086710013228e-02,-8.291817087138264597e-02,1.132338919763534596e-01,-4.209877420321170294e-02,1.790856601034714335e-01,-8.244539611695964054e-02,-1.063514560872563242e-01,1.383429216898457159e-01,-7.958318910577431848e-02,-1.186765941332347807e-01,7.210487408004927212e-02,3.534361121660092864e-02,-1.843049105541694904e-02,3.256201162521539863e-03,2.674295630697636969e-02,-1.189185869725011835e-01,-1.193487463303661428e-01,-1.576426577269143120e-02,8.290548616863073483e-02,8.449517252810460899e-02,-7.752721142630615569e-02,4.421400884206929532e-02,1.965786739606057432e-01,4.253113540842864623e-03,9.405537363260504935e-02,-3.931984666555317365e-02,-1.749383570542481225e-01,9.196271417962886829e-02,-7.713242062402277284e-03,9.160432856633328458e-02,1.235556581580643173e-02,1.821643442426417181e-01,4.608622663090191501e-02,-5.871681464825349167e-02,-4.248592476029452308e-02,4.867103317414189084e-02,6.186693284452659397e-02,6.282485089957813573e-02,1.455240791559058444e-01,-6.168170214407499991e-02,1.388859619543719170e-01,-1.470513097796673045e-02,-2.322188470795671922e-02,-8.611939182192690501e-02,3.340056585759088731e-02,1.794070546779448494e-01,-1.477547469814172731e-01,5.773393906855239094e-02,6.370107511470805839e-02,-1.323054994546661867e-01,-1.190619565619721598e-01
8.620565781325408017e-02,9.621385622978657903e-03,-4.800836444840383965e-02,-1.284028699989135658e-01,1.188517614508560055e-02,-1.213871755410962788e-01,5.973193097569167581e-02,2.756099403496192410e-02,2.834011487649769085e-03,-1.406949709293290295e-02,8.493503317220563523e-03,-6.294425895692558511e-04,-4.498086454792638716e-02,-3.603665547859348853e-03,-2.403054555572613910e-02,-4.794712663968433985e-02,2.111992401109205261e-02,8.423710965665402728e-03,-4.054520803786635513e-02,-1.371118644265916994e-02,3.316691568106618082e-02,-3.241349087095361098e-02,1.453663482378963756e-01,6.465608681831787330e-02,3.816937570381439410e-02,-7.758459001816788575e-03,-2.716236536082755962e-02,8.747432009364006222e-02,-3.913531131709115096e-02,-2.810401440215967370e-02,1.715929899589500483e-03,2.490687937465735011e-02,-3.120105830026422347e-03,8.083690835923576512e-02,-1.092030959992263683e-01,-1.490272413619792360e-02,-1.156683195480374959e-01,7.206467279665049186e-02,-4.330966775056817319e-02,-1.248369801027235798e-01,-1.140660178794070667e-01,9.418036317281126835e-02,1.220492471571417263e-02,9.551471370449568510e-02,1.208849307738143891e-01,6.381661758058404521e-02,8.350088919985216782e-03,1.766958997203847692e-01,-7.820550435056176919e-02,3.221569014963153454e-02,5.568814223435284566e-02,5.791356087292241772e-02,-1.651341322709656001e-01,6.802432664109754612e-02,9.610223944820539543e-02,-6.082353455470903419e-02,-7.325385212842543126e-02,-6.686849420135418387e-02,2.331710991858384346e-02,9.411173780565561253e-02,4.602340476096192755e-03,-1.488838036449692814e-01,5.460883169972745310e-02,3.977964061387851552e-02,5.719762939991759887e-02,-1.301554219450980487e-01,-1.195103346777301179e-01,-4.829711411830019119e-02,-1.167056943573569205e-01,-5.108987644781025350e-02,-2.418851148214680724e-01,-6.966945082320312455e-02,2.233330084124290349e-01,-2.522956689346787795e-02,-8.030921790773411922e-03,-1.138537189585229342e-01,-1.658200092035151951e-01,9.945977544902744050e-02,1.184265907255052132e-02,-6.637992084796316694e-02
-3.457624498886995718e-02,1.860178695272509536e-02,-9.442403691435247159e-02,3.418437175838826003e-02,6.633361191044383209e-02,1.380146751677548828e-02,3.553782723025791790e-02,2.282909330479377524e-02,-1.817529231180074756e-02,1.008752413265515818e-01,8.064227211662361450e-02,2.513604436847187082e-02,-3.860121860614686151e-02,-1.788758661296750013e-02,-7.581118743010446803e-02,-1.458256949513638510e-03,-7.379639626431777621e-02,-7.242279424878317329e-02,-3.102659864394081979e-02,-5.522257972227761352e-02,8.829068218637366183e-02,1.201683654250131905e-01,6.587153839528152310e-02,-3.627365711928743838e-03,3.313775032659933839e-02,3.146562288881030872e-02,6.098044072592072491e-03,1.286675230398589276e-01,-2.247320144345223841e-02,7.172852896067219430e-02,-3.170554610027781495e-02,8.281113203201974013e-03,1.894029486257410300e-01,-2.875113576589530609e-02,1.917877708776905832e-01,2.822690880521960561e-03,2.060254761094441056e-01,1.306569643957302372e-02,-2.016414277555391224e-02,-9.154723873470686432e-03,-4.250121138767453191e-03,-6.933505713265140924e-02,-6.554903025466012056e-02,-1.323887512400404309e-01,5.701694236948699063e-02,-3.019430202992006568e-02,1.425647024892197356e-01,-4.110856570236579022e-02,-1.490745369017040245e-01,1.261157917212460400e-01,1.779833430442795961e-01,-7.453648566197342007e-02,-3.959005362477804185e-02,-1.112381517389658264e-01,2.605311809719695892e-02,-6.289415784581846129e-03,-4.777789848847783377e-02,-1.182137792111256393e-02,1.154548697712046330e-02,2.053868398429185404e-03,-9.874125891906961050e-02,1.549593374970074100e-01,-8.845836389508451858e-02,4.569065686175226293e-02,-1.550081526390057751e-01,4.853008325516284735e-03,9.901749478275556626e-02,-5.858849866089164277e-02,-6.990642454191747790e-02,-1.750736227282519153e-01,-1.891580266532170984e-01,-3.506492988283245980e-03,6.591716094857578978e-02,4.308408328229176160e-02,3.320599078513532948e-02,-9.473744550929832919e-02,-1.103789597750126361e-01,-1.858318004690551889e-02,-7.037902010599396407e-02,-1.791006174924887270e-02
-5.527793488719527637e-02,-4.429073748223823562e-03,9.730430399910117156e-03,-1.298862516220058039e-03,2.716582791283935275e-02,4.849731092093145790e-02,-7.565173559679051751e-02,-6.590175233366142582e-02,-6.289673545680579680e-02,5.161690147794255378e-04,7.307577468993960157e-02,6.644764947408184075e-02,5.065760909932107842e-03,6.895126445159421857e-02,-6.166487691865381315e-02,6.233126357833906894e-02,1.409962653544832335e-02,5.928791725870711377e-02,-3.586503142669041078e-02,-5.886450300961295484e-02,3.841005459188482577e-03,8.592556191458758375e-02,-2.599777731605616357e-02,-1.561407292849325001e-01,-2.459025920219249425e-03,1.052176864538045264e-01,-1.005011298710777462e-01,-1.424210988208379769e-01,6.183220579141898710e-02,1.537976282484146973e-01,1.481804072885609114e-01,-1.273245160935412013e-01,-4.327886731109215762e-02,-6.255980204547026413e-02,-2.334373191460696259e-02,2.329759864870997385e-02,2.651059054392220990e-02,-9.158171567065798158e-02,9.635585188149828340e-02,5.676869167872890254e-02,2.292195278169458644e-02,7.265490630094931235e-02,4.456289773592184665e-03,1.928580359669353553e-02,-5.607401526241579531e-02,4.362156268432108852e-02,-1.955372044732773540e-01,-4.121367929950817133e-02,-3.481798084306708674e-02,-5.487995401161129688e-02,-6.106316341113462998e-02,-4.439699670493594749e-03,-1.251441336204704435e-01,-1.352828948168628420e-01,4.087679328982740667e-02,-6.987815622944111571e-02,2.682250120883084357e-02,-1.038014843046191488e-01,-3.618222590237219621e-02,-1.177903659150290744e-01,-1.285173838567129356e-01,1.170019033439521489e-01,-2.755160948806126969e-02,-1.357358886972922507e-01,-1.188604027480765074e-01,-1.739714220985580095e-01,-5.261935776031979872e-02,-8.221636618034576516e-02,3.551770636535351439e-02,-5.363434001304586037e-03,1.484379883501740216e-01,1.284576869390480214e-01,2.309383191504787713e-01,5.576778587450423319e-02,-4.697713191884311107e-02,-3.289356908218690062e-02,4.906886918080670401e-02,-1.894498344963686798e-02,6.802264575441602235e-02,1.403007837576711048e-01
7.133114163287199161e-02,1.061498732975652420e-01,-6.337707801660491524e-02,-5.964046481140006933e-02,4.645495421568104216e-02,6.375335749239031957e-02,8.101139242603040691e-02,1.948803689745638029e-02,-3.784039905252235131e-02,4.986222190040746904e-02,-1.119812852733122893e-02,-1.893080116983342177e-03,2.381076361364323907e-02,1.585735551184254757e-02,1.061312161229619466e-01,3.896063003873891789e-02,-1.492515421503877726e-01,7.340620824576872538e-02,1.895231554534470286e-01,-4.913193589167028086e-02,-3.617519646659770900e-03,-4.636171671603761535e-02,7.728089480124313015e-02,1.468711002330153927e-02,-1.906686084383308888e-01,-1.521709348758109974e-02,-6.305150383587435070e-02,9.554087001686174807e-02,7.079852980513839933e-02,1.927044790404946681e-02,-2.925279606446113193e-02,4.953417645089668725e-02,-1.575118256428208185e-02,1.918677768893059174e-02,4.054408004623122341e-02,-1.967729861167709926e-01,-1.494636044942680708e-01,-5.289908218016929446e-03,4.705142016708811770e-02,-1.026098583810273884e-01,8.244752822602292863e-03,2.288013423792190082e-01,7.501530561752041415e-02,-4.928276333381084034e-02,2.019812337208928138e-02,7.173412665746461969e-02,6.196387261115040429e-02,-7.624829804186473992e-02,6.451865094902344000e-02,-1.975339504201372165e-01,-1.968024699511337627e-01,-7.405817842839852727e-02,-3.316343168903348321e-02,2.251674827795235520e-02,1.393186630049908226e-01,-7.797744807175494008e-02,1.129087915188413532e-01,6.632611537539420156e-03,2.925888008449251468e-02,4.578790647244664665e-04,-6.653281174322363441e-03,-7.709537048439915607e-02,1.115778143701862540e-01,-8.637761746033921495e-02,1.335045432513176297e-02,1.513424371784039824e-01,-1.314406504063301284e-01,-9.909382118780525606e-02,6.006258178250145630e-02,-1.286391354956521182e-01,7.453582755046120334e-02,5.080247175387233444e-02,-1.507742372829314233e-02,-1.303424117009899241e-01,-9.931517827450858649e-03,-1.666176364984637559e-01,-2.280735156661108931e-01,-2.002375852381934329e-01,-1.462889864110198009e-02,1.043045169733946842e-01
8.905208059226199860e-03,-6.077624682921495963e-02,2.344479273634370725e-02,5.011578887309051794e-02,-9.599999081513608049e-03,-5.533144934722818847e-02,-9.129489642487303991e-03,1.022492564509293149e-02,7.922744504481074590e-02,-5.753957249294874149e-02,-2.760797840233077463e-02,3.429988920620755111e-02,3.985739521723494216e-02,2.136146819889404164e-02,-5.071857941488321780e-02,-1.366331606424724676e-01,-5.710243509019346381e-02,2.048718078714634530e-02,-1.004469508084363250e-01,-3.843250888208964156e-02,-1.591498369785353945e-02,6.130688122796076889e-02,3.767836394617566503e-02,2.129634862602737544e-01,-1.532885015214804046e-02,3.645000662548616294e-02,-1.313610336362834030e-01,9.147136521956221455e-02,3.735425363886843431e-02,-9.440863972237606427e-02,4.699788589962781982e-02,-3.213525770986857405e-02,-4.253811782496307731e-02,9.033507565268532324e-02,-5.829268382988283398e-02,3.289645125455276792e-02,1.684817630663420704e-02,3.946013804793103985e-02,-1.756743819510543300e-02,4.006137664069599896e-02,-4.945389083251482132e-02,1.049977096532645759e-01,5.075179269804917792e-02,-7.578338201064009627e-02,1.100727981021797780e-01,1.218597502388764492e-01,-7.222681360455669719e-02,9.551144398746607474e-04,2.068655846608751514e-01,-5.837297509639792492e-02,1.106935028642469093e-01,-1.802683117034064586e-01,2.616653573869100191e-02,-1.741612457084529275e-02,-5.889294364971931622e-02,1.244412678171645352e-02,5.372586620628456294e-02,-2.403696179574972558e-01,4.295788657346553269e-02,-1.642614583297463638e-03,1.988119729920971579e-01,1.786583260545397955e-01,-4.916760843971303141e-02,-1.720760946007961478e-01,-4.620832754353459970e-03,-1.083668255051309232e-01,-5.943960056510165513e-02,5.922754126180210243e-02,8.354741139911716491e-03,-1.689171461523674422e-01,-7.514375323805980167e-02,-3.142118606573316569e-02,3.125316978635778176e-01,-1.221886823734979755e-01,-8.198145137002321378e-03,-1.832642921690347815e-01,-9.048094375840536052e-02,4.030141655676224705e-02,4.757745558539251685e-02,4.595654333594326180e-02
-1.084801293091602198e-02,3.330821216535842402e-04,-4.956382182920696794e-02,8.449192299879143553e-02,-2.708524853416114514e-02,8.348318645846374009e-02,6.796559551940559163e-02,1.410514932705899359e-02,2.510262662610046949e-02,-1.727535983974358034e-03,8.004364376912660728e-03,1.102700661472069132e-01,2.458479893500532462e-02,-3.059367260192417254e-02,2.476064979743162336e-02,3.216640784120214282e-03,-1.000446698731844858e-01,1.370703181029319373e-01,-1.297716128743635622e-01,-1.142688433952963739e-01,3.270061717706047259e-03,2.511327109795038690e-02,2.723382492917185774e-02,-1.562460466386834598e-02,3.018041042589719031e-02,-3.779708218518815915e-02,1.592425248405497304e-02,-1.158861726538290213e-02,9.770645585351044049e-02,-1.535934820954510394e-01,-2.178468265825034625e-02,1.795447478405939601e-01,1.618668767235414696e-01,-8.182968163138338441e-03,-3.029885216454417801e-02,4.486238906797464926e-02,-1.547921318681823033e-01,-4.869837884285738508e-03,-4.856890144284258665e-02,9.235561281061345842e-03,1.457683534144995907e-01,-3.449449367838586245e-04,-2.591095195636782672e-02,8.015212011081655416e-03,7.571362727456252238e-03,1.238426474337070565e-01,-1.430056069588840073e-01,1.332879709218323938e-01,-4.728936346723046358e-02,-9.708213818782066495e-04,-7.403397155178475901e-03,8.326874155816360590e-02,-1.131759671508186516e-01,1.102171600836680393e-01,5.222277756247547219e-03,-1.601940110991190158e-01,1.430419456151513224e-01,-2.193795493011158060e-01,-1.654047651261368046e-01,-1.274968926153725035e-01,-1.871286839123451062e-01,1.836534932000337059e-02,3.801327673618595804e-02,-1.689379641444218594e-01,-5.146937707714386440e-02,7.118960196519716344e-02,1.250947635465856321e-02,-1.522574889387651453e-01,-4.779496011265439714e-02,-7.426314997978394894e-02,-3.226801320537382722e-02,-1.739957551642988265e-01,2.656865660839461407e-01,7.661097894322856094e-02,-1.980578569219239998e-02,1.518977292715601758e-02,8.787510923644975547e-02,2.650414148303838202e-02,-1.499381426377775217e-01,6.966766649664794808e-02
9.152050001503574117e-02,-3.178379853492985241e-02,3.712196386257635150e-02,-4.347609200634634102e-02,4.027702633385561726e-02,-6.801225638143454030e-03,8.066017643897931480e-03,-8.267766878671434227e-02,1.007951211165484806e-01,-1.012997415759059189e-01,1.204182163203002115e-01,7.978948784011914014e-03,7.409952994841352558e-02,-5.627527586718617664e-02,5.728366770473453801e-02,-4.128598658736979538e-02,7.784060339928516870e-02,5.745400851480587240e-02,8.571802849485281317e-02,9.358111600268088914e-02,8.116656782046827168e-02,-5.038806302607377885e-02,7.513527232725331073e-02,-3.880428441148233570e-02,-3.143576137237410334e-02,3.080725828687389672e-02,-7.550274202024344350e-02,-9.958782424526139293e-03,-7.131968197066788050e-03,-8.955552286873391665e-04,-8.478086031019214236e-03,3.348023833113999981e-02,8.642850514606593981e-02,-9.747497701329992104e-02,1.459909899558326507e-01,-3.559529412999659637e-02,6.753381955260533143e-02,3.967831001714093586e-02,2.561468175025018862e-02,5.602828134981064495e-02,1.079995917710300651e-01,5.736049022832701710e-02,-1.224363617379691099e-01,4.915704011202114143e-02,-2.431390636900373700e-02,1.456300758994192868e-01,5.640290456592491480e-02,-2.098372169575431212e-01,-1.659670283036632776e-01,-3.189426504750056401e-02,-1.619868421173625284e-01,-4.561220669998952704e-02,4.755817669143242582e-02,2.379752428959479998e-02,9.459273966675388334e-02,-1.150502638565175928e-01,2.784247925923785671e-01,5.375369927595917419e-02,-1.358136242347238176e-01,-6.973616278726629814e-02,-1.207337588762389946e-01,-1.020869458266568802e-01,-1.112117085146320794e-01,-1.143621602099025025e-01,-7.829116938493942135e-02,-4.354965966867589688e-02,-7.957145992017430544e-03,1.183967495404999321e-01,4.727468523192029232e-02,1.346092979798677869e-01,-1.521086253718792469e-01,6.863564512826988984e-02,2.029572859580777988e-01,-3.171841407629213960e-02,2.212202484164804001e-02,-9.430475439858215791e-02,-8.624166872210141388e-02,1.090553210324393951e-01,-1.962467605588436026e-03,-1.628879393059659564e-01
3.256340196264411596e-02,3.738415375561586484e-02,-2.360311158495504227e-02,-1.689230736496227098e-02,-7.105638803807672044e-02,9.552490044803949032e-02,-2.186867077360672360e-02,4.385213074399003930e-02,-1.629907025420843049e-03,3.802209630626665615e-02,3.402790858122681922e-02,-1.665054329917495801e-01,-2.590884885199679945e-03,-7.219873350822222924e-02,1.852855790107313730e-02,2.592187847199248392e-03,1.080654443385070940e-01,1.939199897027375080e-02,-9.719484328627109315e-02,-1.317280998696336858e-01,-1.204070161261198424e-01,1.395217275512889710e-01,-1.696602290176156070e-03,2.471339606254512392e-02,-1.179045280204827836e-02,-3.462291600557736160e-02,-2.729903107574864832e-02,2.451393293614647414e-03,1.826519563494031703e-02,-1.401497511008459873e-01,4.084391292640639735e-03,-7.759300880999247738e-03,1.686235549033981290e-02,-1.393299684201635032e-02,-2.361421242561006772e-01,4.118322463070538120e-02,2.627520473771934040e-02,-5.479220969376865508e-02,1.179346861305936717e-01,1.194639895243361644e-01,3.185758878565341651e-02,-7.549608801915876077e-02,2.950609324347432810e-02,-4.907044026300965561e-02,1.672597432503897807e-01,3.231991793296454946e-02,-1.464830922823760484e-01,-3.785600868405668284e-02,-2.288230754210502371e-01,-3.910748752405606050e-03,2.007201016847926010e-04,4.538995549448909816e-02,-1.532663720350057115e-02,3.973581187944121018e-02,-6.560715468670486050e-03,-7.708990262106849012e-02,-1.217355165241266052e-01,2.289220282106779469e-01,-8.947454987213673827e-02,6.394835867404972951e-02,1.176951397905091207e-01,1.106552511001940853e-01,4.626030327340859005e-02,5.586683939983424357e-02,1.320634808391212478e-03,6.098103817821706740e-02,-1.492991315385645001e-01,-8.378816085703211236e-02,-1.302025305322215831e-01,1.706487164816925250e-01,-1.432866232344574137e-02,-5.400508429083050038e-02,6.482625044000214776e-02,-1.094501230788336166e-02,-2.000517675109268478e-01,5.051631018742090695e-02,3.658122133030202588e-02,2.245953649714694522e-01,-2.416951604821770613e-02,-7.265747538672420736e-02
2.753497066422391434e-02,3.961511331417112702e-02,-2.259877146242243381e-02,-8.047945439151907299e-02,1.119579677871167384e-01,-8.889776863944573448e-02,6.382955472351921518e-03,-1.921050818325958920e-02,2.794970591062054949e-02,-4.830460173032855020e-02,-1.418660582021900873e-01,-6.452090388476500182e-02,-6.484055048391802745e-02,-7.701842829720345618e-02,6.501877810141988567e-02,-3.467470984577156190e-02,-3.927947083880746482e-02,6.537118992024962272e-02,-4.777941936840599674e-02,5.996116225486514822e-02,2.828945624347935922e-02,-3.464744109755577700e-02,-1.166046483778820919e-02,6.033566728564854209e-02,3.520646132258095640e-02,6.612879646335019686e-04,6.344335940044039390e-02,-5.062914283775819119e-02,-1.639222005083885991e-02,-9.842896029166009475e-02,-2.130304091584231049e-02,-9.871743194939339161e-02,-8.863012969628693283e-02,-1.813402376317315712e-01,-6.871575805324305931e-03,9.767966964554798681e-02,-3.456800949685821106e-02,-1.581195654136573481e-01,8.736793092002419214e-02,1.060479794194002096e-01,8.783129114937331117e-02,-4.691658498311830627e-02,2.249887765325290362e-02,-5.801028141319449632e-02,6.321116084672696867e-02,-5.858506297242064426e-02,1.920385965840036846e-01,-1.475162448249880097e-02,2.240512804472128208e-02,-4.146381349617722645e-02,-9.176429039004087296e-02,-1.311529969101404569e-01,-8.392455867326131802e-02,-3.108577243663353251e-02,-1.267068615748509208e-01,9.948123208042200516e-02,1.327677006508668212e-01,-1.679340181560369794e-01,-7.538009631613201873e-03,4.662327479059295149e-02,-4.864730477569569750e-02,-3.848500672643562909e-02,1.266178602523637675e-02,-1.049343677784667916e-01,-7.145749597565176359e-02,5.477947532165223371e-02,-1.097051244067509396e-01,2.059197847159872918e-02,1.220998854665079070e-01,2.530555777961999639e-02,-8.313001373709671266e-03,2.824769472374598703e-02,-5.222508337377541193e-02,-2.825198623299390865e-01,-2.314943403528057220e-01,-1.143009313075389610e-01,8.163677210941625018e-02,1.812228423727245685e-01,1.359574022080877187e-01,2.241176081663366626e-01
4.371152353249281586e-02,1.138422627250059022e-01,6.123243794778084059e-02,7.105902485361133974e-03,-8.624828000055831390e-02,-2.505670190360579155e-02,-4.982200111256614855e-02,-3.571362871068260725e-02,2.890826982745765827e-02,-6.493343045793328883e-02,-6.017396096564994051e-02,-1.388499530064731535e-01,8.398362246748612703e-02,3.410984242233374569e-02,-2.436301115219096161e-02,5.247878936082938685e-03,-6.757637615136878606e-02,7.579933263358490381e-02,2.554629280074912148e-03,-9.384776921311167863e-02,4.936249099221554776e-02,1.197463927828009561e-01,3.377526992849751164e-02,-7.070760576994868096e-02,-3.417260352565473086e-02,2.754657977244483538e-02,7.147937720859453767e-03,7.645868969512402413e-02,9.799574748808496244e-03,4.867388618207723477e-02,2.815426520643618882e-02,8.846444997436689328e-02,2.434274499287154836e-02,3.888103640536895445e-02,2.116120720860971416e-02,-1.571279014091979051e-02,7.172279829854443130e-03,1.580123338857989390e-01,1.105724775062699727e-02,-1.035248127239364463e-01,-1.035243889431130132e-01,5.599893933988039224e-02,-3.748368954889638033e-02,1.537169287338451262e-01,3.131993798186008537e-02,8.123370015512740294e-02,-1.033353450434529447e-01,1.057805469159934092e-01,5.167185008634593568e-02,-4.432155013956588091e-02,-6.611563500162777329e-02,-1.348382892262510457e-01,-9.391744199754983868e-02,1.692735118377627634e-01,-6.636112474334542044e-02,5.565517270251239823e-02,-5.402156056248215259e-03,6.423069171557223289e-02,-2.447725745792379490e-02,-7.765815002393035293e-02,-7.231255180244304526e-02,-8.988280695001178711e-02,1.096227735097456274e-01,7.183919182417362881e-02,-1.765174890314173128e-01,5.829532168066346720e-02,6.575921614968670281e-02,-1.856490701706359492e-01,1.081806020350775249e-01,-6.478207217120966754e-02,4.052261733050754877e-02,-1.952708845759691279e-03,1.885479986373694294e-01,1.358151877918518380e-01,1.281797457092409206e-02,2.553509833583212860e-02,-1.025910182570978768e-01,-1.054865116670887087e-01,6.678201578834672136e-02,-1.394681691982154088e-02
-5.411991405245492742e-02,6.237654914263097289e-02,9.330232610553632761e-03,3.528641461553232855e-02,-5.647004249589746699e-02,1.767783242675753999e-02,-4.377781419226779019e-02,7.600617267123225933e-03,4.511113133203348974e-02,-1.096304921035695309e-02,1.639294136225652107e-02,4.648675591062201469e-03,1.517919564785017057e-02,2.880223178694503797e-02,5.521065833099780135e-02,-2.534452728378545905e-02,1.573177495424709152e-02,-9.008122355706021933e-02,1.847534331961282403e-02,-2.697210033507201066e-02,1.280093512692052626e-01,5.928861001201439496e-02,-1.457254203524576408e-01,-7.040727579478645026e-02,-6.243849634942752469e-02,-7.988375284212774485e-02,8.840127859842288049e-02,-7.155120725082789179e-02,-1.150420767544451522e-02,1.711009665998477758e-01,-5.997338107568701837e-02,-6.654517764341141839e-02,-6.940062975823955982e-02,-1.170319471839104397e-01,7.495158515892644258e-02,4.796955966187410603e-02,8.562902650720971565e-02,-2.473861124207698062e-02,-3.677467896744160414e-02,1.084966741046908684e-01,-1.216487555557328459e-01,-4.810783618098221637e-02,-2.202077552182092335e-01,6.245408524255610661e-02,5.344462715102357014e-03,-1.183545243207755615e-01,1.743455794445139817e-01,-1.084905592801981844e-01,7.078231174348951441e-04,-7.912174705988217482e-02,1.512821623530917828e-02,1.040089890420326929e-01,-1.974334431979122839e-01,8.033682927478257019e-02,6.502349547652901129e-02,-9.069083274662277649e-02,-2.180592286292699564e-02,4.515718608910626597e-02,4.077325041327899136e-02,-1.820304781322638898e-02,1.650150621921140509e-02,-2.040612738316685895e-02,-2.892162620206417678e-02,2.034503475861107469e-01,6.155499981024210171e-02,-4.637399342703381333e-02,-7.672199087781847449e-02,-2.627519934263425894e-01,-2.848283183605231431e-02,7.474677392003431509e-02,-1.745739557037026823e-01,-1.564577086242765203e-01,3.907779942942418011e-02,-1.776027557446388794e-01,8.938961205385331787e-02,3.511932613585037194e-02,1.562211578456250971e-01,-5.116180476654984960e-02,-3.682107313981840269e-02,4.570819964968656640e-02
3.230306503453742040e-02,7.158748563256621400e-02,-1.500677680762700118e-02,1.411572775608068743e-02,8.465084102647679526e-04,-3.700839762392527099e-02,-2.176312515456043511e-02,5.861959931961490972e-04,-7.268806912561669165e-02,-3.537459846319913198e-02,-2.161999711382158601e-02,-1.848883753011488357e-02,3.556445395504553679e-03,6.756345872548345788e-02,4.094093550474882381e-02,1.122413386130487745e-01,9.420735112238479148e-02,6.243847557980224117e-02,-1.184729354562263969e-04,1.354721838882166560e-02,1.870796066768640187e-01,6.787048603400865077e-02,-6.100229224336110867e-02,1.900183713296194066e-02,-4.013923359748144265e-02,6.782333835804164879e-02,7.031782681118729783e-02,-1.135060388206332455e-01,3.357902827743097784e-02,-1.604468700331068420e-01,2.026295306044996122e-02,4.327326503743996605e-02,2.307199166936299214e-02,-4.328009114226031261e-03,-1.083632136772828686e-01,-6.613030965567437414e-02,1.846215023139563191e-02,-5.741936703304798689e-02,1.094023755991457014e-01,1.965800819627587168e-02,-9.736613667171074848e-02,6.339309349234102664e-02,-3.992552105919164838e-03,1.032425710141249425e-01,-2.790602662200435818e-02,4.289153275151642158e-02,4.789796125992074743e-02,-9.813408015042275612e-02,-1.216165591540927376e-01,-6.385957252340516976e-02,-2.662717142922146202e-02,1.270335038018505780e-01,7.675815105222001666e-02,5.639917135280672622e-02,8.921537397758955157e-02,-5.705147522481020250e-02,8.010886360071385603e-02,7.873232092013927874e-02,2.471718164084537456e-02,1.169865429895793341e-01,-4.494936680458116313e-02,1.237025282967366968e-01,7.950205946242343280e-02,2.155081724035069202e-01,-1.181375514843692187e-01,5.865071781654641880e-02,-2.990032013727546636e-02,-1.077302331911222238e-01,9.952853988074679414e-02,-5.999766535927367889e-02,7.221464312006313502e-02,1.171004491461062891e-01,1.042930885148677100e-01,-9.783692783241233759e-02,8.174889156170278559e-02,-1.271187594844194226e-02,-4.780858443098268823e-02,-1.544254316330942456e-01,5.471975172567875023e-02,3.667477755402663575e-02
-2.666658921156039169e-02,-6.688720163664801932e-02,5.505080925635279926e-02,5.956492378516017004e-03,8.571750056724297684e-02,2.743046895750900910e-02,4.446581180003520567e-02,5.795892038744419883e-02,1.720105027661147923e-01,-2.331092458509666579e-02,-2.164743149336116265e-02,-4.491709296290424813e-02,3.108564039619445343e-02,6.158722594192557465e-02,-2.112379332896473921e-02,1.016625846182266785e-01,-2.417649372137943911e-02,-2.155851285389004390e-02,2.929160118366059759e-02,-1.188312461657064362e-02,2.293132293836985108e-02,2.141463067781743893e-03,4.849086522001892774e-02,-1.327021862059079849e-01,-3.318209460630532764e-02,-3.578338848643365655e-02,1.807751203005064297e-02,6.130688123392776662e-02,-2.638931798082422633e-02,9.238461774215014910e-02,9.233246951537082969e-02,4.444684994245773238e-04,6.489750656676279705e-02,1.103688264610957759e-01,6.025904561340679477e-02,-3.980088645768046357e-02,-1.762670620835144475e-01,-7.612632531356951227e-02,1.532278211536516020e-02,5.080270696208846748e-02,9.000251728761178571e-02,-1.296794084251054902e-03,7.214336688597897118e-02,-1.128419354020518822e-01,2.080936327011139245e-02,5.997087802880590041e-02,-3.785419397530183361e-02,-1.319869083652077668e-01,2.194695865831590778e-02,3.567267008261338496e-02,-9.108510307855910426e-02,-2.804366645662186019e-02,2.240167377467655596e-01,-2.093491121689636594e-02,-1.266685814841048974e-01,2.154950161548809320e-02,-5.445764301900362508e-02,-1.122079237478738022e-02,-8.202208566315900840e-02,1.011068653706366227e-01,-1.823050731736763214e-02,4.465888338373866923e-02,5.358284945919689762e-02,5.723412445533793830e-02,-6.494071931528415387e-02,-3.251584650397071341e-02,-1.205069940580015889e-02,1.296497771501775864e-01,1.134732064397737522e-01,4.511937901068688306e-02,-8.942540117449290782e-02,-7.439718234911986416e-02,1.219010235776999823e-01,7.947183913325998189e-03,-1.043737755332933698e-01,-9.859749930125352724e-02,-6.989058742717321748e-02,3.002301173207564799e-03,4.199721409252375054e-02,3.167186966715652974e-02
-3.291513563360629752e-02,-6.314387902161661126e-02,3.352533807615460520e-02,1.763256362591253401e-02,-4.836116983834914257e-02,-1.118689985577505860e-02,1.314755434991312366e-01,-1.708974534752915816e-02,5.428941350167291319e-02,-6.276618647639961926e-03,7.326571576730549207e-02,-5.256849671022102710e-02,-1.643337269891789743e-02,8.646596175418461150e-02,-4.356019452958530963e-02,-8.853829725479496482e-03,5.576424490896725317e-02,1.873576167345233565e-02,5.291501609510496085e-02,-5.445701137259395530e-02,-6.978552130802695430e-02,-1.760083015223663783e-02,1.148461542637205929e-01,-1.133046781580268891e-01,7.364674865382377089e-02,4.075873651097829814e-02,2.549857274996403245e-02,-1.979143740149015562e-02,-7.725470311478635499e-02,7.226192411531934257e-02,4.620984334539632310e-02,-9.690162500088643494e-02,3.174388743809377906e-04,-3.437870927872344745e-02,-1.471310475751130137e-02,7.155899559085038275e-02,-2.555434241311545923e-02,-5.494788069922078994e-02,-9.556772600123905614e-02,3.076679547838135492e-02,1.137301051339855845e-01,-1.965187704003993827e-02,1.227881861931504059e-02,1.104384307495107354e-01,7.748123611554262602e-02,7.393252663136751224e-02,4.709300312064972072e-02,9.564558404730860719e-03,5.147462776405550139e-02,-5.137200061132552592e-02,-1.636967470303580044e-02,-6.896196107146387302e-05,3.242171292543865463e-02,-1.037985142580705594e-01,1.024287325369690610e-01,-6.102303280541784142e-02,-5.806185333303137686e-02,-3.512943231936303118e-02,7.541189945324200394e-02,-1.829220282957719906e-02,-1.034770424340890477e-01,-9.365643037363614865e-02,-6.353956598845361681e-02,-1.308613562966304544e-01,2.041176745201041601e-02,1.181209792826062033e-01,-6.260212902219382258e-02,-1.028132397995071279e-01,-1.015237565925536239e-01,-9.922665714251556121e-03,1.221489201881762049e-01,4.540956149423568816e-02,9.310209332317448405e-02,4.273518076448601377e-02,6.360338821628028216e-02,5.880831387966788115e-02,-1.634128250135189961e-02,-2.333538631145068432e-01,2.575023103347064482e-02,-1.149060875890730443e-01
7.764878730261210241e-03,6.205267668776576640e-04,-2.911134283946260198e-02,-7.425382966237828453e-02,-9.910018527220268783e-03,8.659994308980861755e-02,-2.186387504647166122e-02,-1.936193740454433126e-02,9.414100047272676991e-03,6.600563167734790904e-02,-5.845993906164470566e-02,-3.808968882583275289e-02,5.484279323198925499e-02,1.851605670347853880e-02,5.374587984118191566e-03,1.104512947933689038e-02,1.556086921994422612e-01,2.374399140936595334e-02,-3.115564920068399427e-02,3.440854742390997423e-02,8.851174448070997514e-02,1.680411040211044621e-02,-1.379494830212525114e-01,-7.324681469499345898e-02,-2.141077336687676955e-02,-5.628640912536375662e-02,4.980343027400772546e-03,8.607413926725113185e-02,-7.748815977174422498e-02,-5.047598960809591973e-02,3.004016162668366602e-02,3.120972241126299465e-02,6.305002533449965973e-02,-4.927505173922248904e-02,8.469567632154870185e-02,8.126329584863820066e-02,-7.198892515575001927e-02,-1.009341523280860367e-02,-8.597721586923280646e-02,-1.606806160288033053e-02,7.070184935106688107e-02,-1.074878360253658099e-01,-8.570363420132712587e-03,-3.763454260073079843e-02,-1.446060754086752331e-01,1.637701511032720048e-01,-6.102120587163421123e-02,-6.360344090685220164e-02,7.736102894895227622e-02,-3.993589440645791550e-02,4.181366322151056775e-02,-8.022727006263098704e-02,-1.404365454453288808e-01,9.465716319139140522e-02,-4.639229026798112263e-03,-2.822204574285625683e-02,1.397784657580835310e-01,4.788134451385481390e-03,1.549444923536659191e-01,-2.791060335100527257e-02,-7.237990220304220401e-02,-1.191961347129373051e-02,-4.857222809580625383e-02,-1.713351818840575524e-01,4.132164347744544941e-02,-2.529207349300574212e-02,3.102784903623405084e-04,-3.199723477535718758e-02,-2.586660600482273281e-02,8.919917692137463439e-02,-1.209162651956557401e-02,-3.166495366703703934e-02,4.390668506912007857e-02,1.558452715401297262e-01,-1.477184277664014833e-01,-7.967760118681627146e-02,2.039003415813289422e-01,2.005636801139538614e-02,7.089818738731480663e-02,1.434793130955366591e-01
-8.165726985848960340e-02,4.652947630446781918e-02,6.109677413717318206e-02,-1.526920134578939499e-02,2.301374707828625008e-02,5.345752921171925687e-03,-4.080878265685477374e-02,-1.633914324891407597e-03,4.038808242912462348e-02,7.410335240206258889e-02,1.519226635039945040e-04,-2.095285494106016028e-02,1.020647486545132876e-01,6.912124520916522463e-02,-1.359220426872322363e-01,3.950888082460568378e-03,-4.976852872535899447e-02,-3.431108327820468762e-02,-3.799369114220876170e-02,-9.984713497923037098e-03,2.521960407475171487e-02,6.355623778533613100e-02,-1.185776430540768783e-01,-7.479219015029640871e-02,-1.121135552674440289e-01,9.892652930181365656e-02,6.372399816175358667e-02,-2.161218141321246886e-02,-3.463951023164535230e-03,1.939728133757875547e-02,-6.205129653057220307e-02,-1.297965780142099068e-01,-3.618876475513995578e-02,1.606006208110032363e-01,9.535778194309073308e-02,8.432980331017134179e-02,9.166515590563555083e-02,-5.111233883642653936e-02,1.492559746966473921e-01,1.227246704439950015e-01,-3.317537543008509948e-02,1.142361194303771060e-01,-5.248663501422729666e-02,8.341112385687314557e-02,-6.540658575630774185e-02,9.178289389548797972e-02,2.334909474671915952e-02,8.265717621723366049e-03,-6.364403315503093517e-02,-1.101859590585071019e-01,2.599262310251150218e-02,4.547110753095081476e-02,1.228140925510493725e-01,2.820083982767315409e-02,-2.104097479518498431e-02,-9.126452367658237363e-03,-1.699830327626073237e-02,1.347698222761194164e-01,1.528411287703036192e-01,8.983714746691010000e-02,-8.518125485028409105e-02,1.333612116072041276e-01,-1.532295869761563512e-01,-3.142246142301811235e-02,-7.031209763314658079e-02,7.261052039854772044e-02,1.215351310218268505e-01,-2.507212627660495782e-02,5.049185257801393906e-02,1.334003681732202073e-01,-3.152848269452170060e-02,-9.449236776441195806e-02,-1.051850635710087634e-01,-5.379639125053593818e-02,1.257886716203577282e-01,-3.316023587642694115e-02,-7.428739623964930594e-02,-6.589572042557247100e-02,-1.689923999547381789e-02,-1.131192697939337882e-01
-5.544934187929222158e-02,-3.197635194810283243e-03,-3.872374173943422121e-02,-5.801073123955131222e-02,-4.137067735714845297e-03,7.480358542950495127e-02,-8.972847160876469205e-03,-1.104719476205405365e-01,-7.199695498148221684e-02,-7.933515423083580681e-03,-2.604680999665152583e-03,-4.500963183576170076e-03,5.807994018771559658e-02,-6.738159308925742441e-02,-7.127811914832103690e-02,5.536377831260042709e-02,3.459733839515702347e-02,-6.124764122538520900e-02,5.110579132283567944e-02,-5.252203567025855516e-03,-1.007359456773791045e-02,7.210679472904001075e-02,1.961546323784889734e-03,2.986706049617592409e-02,3.366261296759612970e-02,5.222781022247411503e-03,-3.863548747017596374e-02,-1.641725311262136333e-01,-7.393264575792869719e-02,9.732548110569545427e-03,6.015469040168058140e-02,1.272932380952773168e-01,1.606953307525841451e-02,-7.552493795870685034e-02,-1.767313740598543603e-03,6.029612744582994385e-03,-1.156143836173974676e-01,-2.156245251279430564e-01,-1.707189463768880866e-01,-4.707799563968752266e-02,-3.058093691004887434e-03,6.272186451767107485e-02,4.820492596185530637e-02,3.121517498925779790e-04,-8.915714115047909671e-02,-2.248906156172489693e-02,-2.107595370935694962e-02,6.033602381640989359e-02,5.327008934595376527e-02,1.368219034327366745e-01,5.387733773367994056e-02,6.012479732240084800e-03,1.136191677170723391e-01,-3.248166193837993820e-02,6.391619382140351774e-03,1.284349374506046637e-01,2.035225427135431142e-01,-2.196423130615868941e-02,8.836321887936305491e-03,1.474324479204784100e-01,1.588610364465128932e-02,-3.663434963957277329e-02,1.347770621048221401e-02,-3.032859081460957326e-02,-8.433008274969509485e-03,-2.421148562595294360e-02,7.531654672683146812e-02,1.163890451699513134e-01,9.205046215499305615e-03,9.843747146215987842e-02,3.418915500439619060e-02,-8.362712030774922811e-02,-2.558843687676177689e-02,-7.686843747898805014e-03,1.061109739277514286e-01,-8.560450368059020765e-02,5.130465889490801179e-02,5.408779655561154337e-02,-1.093980092618993677e-01,1.003262546836009433e-01
-1.401533009689926064e-02,-1.157406792512807453e-01,9.421755875744008968e-02,6.198974103504644589e-02,-1.387412305722935529e-02,3.841974811179741495e-04,4.868568978048277984e-02,4.864154611548651003e-02,-5.065876366324918723e-02,9.655287777063203958e-03,1.946318098037592981e-02,7.422055346775015272e-02,3.906976866624427107e-03,-6.747719001822383156e-02,3.338387709927723157e-02,-1.805591221981465294e-02,8.786082770665405370e-03,-6.944065056486038723e-02,-1.172943376970493612e-01,-3.713743638748050885e-02,4.313179725780578316e-02,3.553360349617049052e-03,1.936375479391166899e-03,4.481968483984557355e-02,-2.005359053073019031e-03,3.916590045635560957e-02,6.764547326243411374e-02,-1.153028318757976928e-01,-3.430240796299668937e-02,1.371593880975158219e-01,6.083388538055604922e-02,2.462724088245532225e-02,-6.893678677428852208e-02,-1.034537680973962245e-02,-5.784564751940599048e-02,9.566933742427338044e-03,-9.621546059086674707e-02,3.317287213534022422e-02,7.889024172225126211e-03,1.457036633011572595e-02,9.625336237045027665e-03,5.458807836015795723e-02,8.311184643125392457e-03,5.599395253423126995e-02,-1.741317663841543684e-01,1.029783514210732970e-01,-2.911210369693285893e-02,-1.173551029726115219e-01,-6.245886253270125504e-02,1.674557799513006276e-02,3.634439900161668020e-03,3.588591133960477436e-02,-2.448086956913379103e-02,-5.854524548315450522e-02,7.983091460024818731e-02,-4.263228581087628866e-02,1.597885334008578365e-02,1.129534907846914543e-01,-2.392593711200554502e-02,-3.052657342583797381e-02,3.502904542161545259e-02,-6.720777864960400007e-03,-1.401310264859347184e-02,7.433393303423943554e-02,-1.343586961887974218e-01,-8.401380793125116930e-02,2.239343294648262969e-02,1.005112851680692136e-02,3.915209968604672214e-02,1.964544974090484397e-01,9.850861886828052305e-02,-3.551872216154924183e-02,2.464027551704974991e-02,-1.252737816691421591e-01,7.233742844131327288e-02,-2.307577296654568788e-01,2.210612036170909178e-01,-8.231322232640246594e-02,-3.462324262830066002e-02,-7.388275222402723719e-02
-3.850794677499596447e-02,3.634116975880184730e-02,4.821001936835606766e-02,1.472808013608101554e-02,3.932702791272757459e-02,-1.384731380325279065e-02,-4.569444987884789533e-02,1.547159594663646007e-03,-6.004119646615659750e-02,2.224715736841069783e-02,5.287143254807312454e-02,5.633115633625737119e-03,-1.594362999357754745e-02,5.247800840189321275e-02,-2.769262134508289341e-02,-9.272582920642399862e-02,-3.789889979647983326e-02,-5.552058970787023678e-02,-6.760651564208301767e-02,-3.352221720310424868e-02,6.065144013443498489e-02,4.994692655501620226e-02,2.138040533586670067e-02,1.116368887335448257e-01,-1.069030068018900388e-02,2.429362133544638383e-02,-7.723076171108210486e-02,8.540712648644979699e-02,-2.990772249728931506e-02,-7.380060430281082384e-02,-6.761438340735716201e-02,4.932714470357229403e-02,-3.075066730573909092e-03,-4.035220106628829156e-02,-1.833852988536762915e-02,8.754770255800228829e-02,-6.948736867400853029e-03,1.433857476423738564e-01,1.220925434806985482e-01,-6.674975228439818109e-02,6.424714806343508229e-03,1.239779592368704143e-02,1.033484217721946166e-02,-1.040469764178698735e-02,-1.450952826726400191e-01,-1.344038682094327863e-01,9.936388138543490040e-03,-3.330247451924413932e-02,2.703811539319485660e-02,-5.566930486563313740e-02,-1.635982660863354726e-02,8.685830218708971359e-03,2.978203144241084802e-02,-7.498951255984215303e-02,1.029711108742284165e-01,-2.276461026852956426e-02,-2.358479899228300702e-01,4.981949126583632564e-02,5.027419208194092159e-02,-1.068238733369270971e-01,1.193185486239790351e-02,4.040650045328697537e-02,-5.935648988734649328e-02,1.793748079013700661e-02,2.815474200396797522e-01,-1.235470258004528615e-01,2.235177237644973836e-02,1.081885377438026874e-01,-4.887972418042393907e-02,1.163764328896630396e-01,-1.391290322147565317e-01,7.861533228084160996e-02,2.208362299707303938e-02,-4.886691147610845720e-02,2.085122893862854376e-01,-1.214474502500738906e-01,-2.717608526189055698e-02,2.925115491715859356e-02,-5.584731897822890756e-02,1.662923807037756663e-01
2.366200926144958194e-02,1.353036783714448976e-03,-1.439472690073931825e-02,3.649353010512280254e-02,-1.509984300751418367e-02,-1.501069306209187534e-02,-2.209622792636860983e-02,-2.363747002720541918e-02,-6.991237907205287427e-02,-1.151512535161206170e-02,-3.942018151392098074e-02,-1.293138275421650690e-02,-7.055775089068272443e-02,-6.143450749290041424e-03,8.978347970500410308e-03,-2.518897549990959869e-02,5.638555163177892682e-02,-1.893446384116078199e-02,-2.184749456802033071e-02,2.189165315195338857e-01,-1.134699339105527255e-01,-3.201474025768463912e-03,-1.457580224337604868e-01,-9.292147942743862743e-02,5.633817052454755114e-02,4.168277687038347834e-02,3.973625473657562551e-03,7.153037081637116101e-02,-8.859422408806558180e-02,4.242413173851772995e-02,5.483828878236841897e-02,9.901783114763419713e-02,3.084214189783873392e-02,-2.450418821645764661e-02,-1.961020839902427506e-03,-1.466146124586283905e-01,-5.312847859398320272e-02,-9.997200620307447605e-02,7.256197048674511985e-02,-1.217285445445900720e-02,2.614364220490931600e-03,3.401593446191796682e-02,-1.205767044525319770e-01,9.766061138588488788e-02,-4.475004436392873014e-02,-4.465538367253826801e-02,1.427770138699772651e-01,-4.557823749619948489e-02,1.588919040464690678e-04,-1.585922272809404121e-01,7.301084893188251879e-02,8.002865828593830333e-04,-3.138539742591286985e-02,-1.374223943730715908e-02,1.272391903733777196e-01,1.115165758574156347e-02,-2.238680818564624253e-02,-1.517817322867279217e-01,-9.471785255027811989e-02,-1.566086567382299621e-01,5.537082517057360237e-02,-7.411158656789821469e-03,-1.483859408445296624e-01,-5.459463781071196425e-02,-5.018577703762069214e-02,1.880997041918739121e-01,-7.693209114864782427e-02,-1.772917184182918049e-01,2.417739231882043535e-04,-1.185349099450770660e-01,2.270653665149463887e-02,-4.014362889442566612e-02,-1.847023437243109495e-02,-9.335123909849057933e-02,9.820272626987019277e-03,1.053086860801722702e-01,7.336264679453270883e-03,-5.824593025704429688e-02,6.346376584861354586e-02,-1.835779572893877359e-02
-8.502081812888546974e-02,-2.337121801944225599e-02,-7.229452701410424287e-02,8.176601856944684665e-02,-2.699752086700666145e-02,-3.257980146735509758e-02,-3.001465152293633296e-02,5.137163718887109015e-02,-5.884356491806106565e-02,-1.424375639581003578e-04,6.370537396207703873e-02,6.898365529407399915e-03,-6.627361049975284690e-02,-1.893530618698584592e-02,1.652817773999132323e-01,-8.484883193414925751e-02,8.783035451528492521e-02,-6.162831972675524017e-02,-7.011116482298238028e-02,-4.366027056389921134e-03,5.826827780519763106e-02,7.163790254551979063e-03,1.785053068772068929e-02,-4.055242059579484970e-02,1.422645710576682940e-03,-6.463247590281850918e-02,6.207594314428589721e-02,-8.465513807752360689e-03,-6.720333796028561679e-02,1.032090787397360182e-01,-8.350642294032033230e-02,7.601782692456993118e-02,-7.947191371985661001e-02,-1.397749653224962529e-01,4.885543486107289668e-02,3.900147752814738661e-02,9.071790741718892270e-02,1.580955346541441583e-02,2.883368349418226340e-02,6.329498052326182345e-02,3.376263205669530892e-02,1.818827712242070127e-02,-1.418514718517264149e-02,4.818078091820843234e-02,1.761483186054390859e-01,1.001765109552990168e-01,5.711462105631321534e-02,3.812109286192581509e-03,-5.076433599907501093e-02,5.025782833102242046e-03,-7.106682111846215032e-03,-2.428820860758651168e-01,8.856691569190652813e-02,4.333432628140809761e-02,-3.747508957775104975e-03,-7.135082039883060279e-02,2.754331304317386361e-02,1.193525545841752321e-02,-3.311865285649850249e-02,-3.371565628204531428e-02,4.239832948310388351e-03,8.774646024984956993e-02,3.922584462528901257e-03,-2.588610199600743789e-01,-6.657548877388698438e-02,4.198285354350794751e-02,-4.980877541668458919e-02,-8.692948695139789128e-02,-1.454041953008405053e-01,-1.733581870814174530e-01,2.073947220215754950e-02,9.750402603075980501e-02,-8.490392791697019825e-02,1.101345868768115049e-01,4.101167483002395031e-02,2.064708869735939036e-04,2.234403022615380138e-02,4.048676434865606383e-02,1.181611015180536184e-01,-1.859177336794884672e-01
-1.382333929783424453e-01,-9.531638515963633540e-02,-3.162727943625135568e-02,-6.302670733589176011e-02,2.187587633940070789e-02,-4.422148414136912314e-02,5.663216162236381877e-03,5.932214882567303504e-02,2.408861814960817568e-02,3.060764748499104557e-02,-1.018555117594688308e-01,-1.403342899862560118e-02,-4.598260601450050028e-02,1.232398883300129394e-02,1.885901763976348920e-03,-1.723517056342287537e-02,-1.095392117362680579e-01,1.298794735736173364e-02,-2.953583699412024380e-02,-3.602421714412529924e-02,2.025861751837724350e-02,-3.874166455660790764e-02,6.143944858674569957e-03,6.005892629609865634e-03,3.600836770570230855e-02,-5.348985331109101793e-02,1.467408959287960779e-01,-1.445573962272888105e-02,-6.500136186690720630e-02,5.348318418351009212e-02,-7.042628912264521299e-03,-8.668806434796237637e-02,2.075260402005030258e-02,-9.213309269603198529e-03,8.154786967989204050e-02,-6.391310748749917670e-02,-2.795221688505270669e-02,-7.970892729518655462e-02,3.702616137608007868e-02,-6.095607511805813117e-02,8.598157541982522079e-02,-4.289107112801076455e-02,9.970573627307656450e-02,5.246883463452038654e-02,1.161846448878932521e-02,-7.628778689060626388e-03,-2.887601681318332711e-02,2.901237234430708092e-02,-1.230336738422436460e-01,4.573241708294970703e-02,5.536673755278718329e-02,9.301857206838320957e-02,1.061384034710296555e-02,1.025338460078810271e-01,-1.171556710712398641e-01,1.068164147842997208e-01,-1.350982463913218135e-01,-2.903315874945881087e-02,2.098708216757930525e-02,1.191096803494703232e-01,-7.149604694698812090e-04,2.513104762031687436e-02,9.194079863857736179e-02,6.759793406485385334e-03,2.909092146980296265e-02,9.162154426062427137e-02,1.034878249565188285e-01,1.661716393409882683e-02,-1.607782545196206336e-01,7.186785903613035487e-02,1.416315565932315113e-01,-2.311852965288641731e-02,9.286482411518009322e-03,2.721965399654817028e-02,1.431200522782168083e-01,6.224893833958258793e-02,-1.100750297368423974e-02,2.009868894939028094e-01,1.022633749916807278e-01,1.254059273049762946e-01
-1.922254071909932152e-02,-7.986503213788699596e-02,-3.721269386042125316e-02,-3.161459661616754929e-02,-7.785422052215246191e-02,-5.575282707578606278e-02,-2.929345564171509722e-02,4.477231855944252895e-03,-5.432314892212121438e-02,6.373938185417522828e-02,-8.878512512747085972e-02,-6.055181642444306539e-02,4.512299299764688243e-02,-1.142030629211915338e-02,-6.931971870442064920e-02,-6.962890123058891600e-02,-6.552231921402704162e-02,1.365722586324805143e-01,-1.148245744680243333e-02,7.934418611163963561e-03,9.699392353795929789e-02,-4.751097676770248829e-02,-3.472036809498106613e-02,6.265008670732732932e-02,1.109254755492024569e-01,-7.984422845893306142e-02,-2.742799154287886218e-02,4.436392845972553928e-02,-5.456890350767237136e-03,1.052663535259286548e-01,-6.611515397276201619e-03,3.789331077835446371e-02,3.917237531917820183e-03,-1.384456952713736810e-01,8.597655672939819374e-03,1.550120350396595736e-01,-2.132584013400468104e-02,-1.732574949372765738e-01,-9.038277922623986702e-03,-1.069510831969429886e-02,-2.858387262395230277e-02,-1.090594288557974606e-01,1.761394555306291035e-02,-9.607216017182163698e-03,1.179333033059721675e-01,-9.643265633214913313e-02,1.818218507171837361e-01,5.372399175950232780e-02,-8.514491858782129163e-02,-1.116531705490853010e-01,-1.872083366067867349e-01,5.706755987934057639e-02,-2.543819965945439202e-02,-1.178056191479905646e-01,1.019936277019123649e-01,2.180176407870585420e-01,1.142682343003813099e-02,1.504774000340274379e-02,5.272450537085970196e-02,-4.924193663591307918e-02,-9.712545195545881083e-02,-6.213755207938023023e-02,-2.337739244607555181e-02,-2.439968658640767271e-02,-3.361033898804510062e-02,3.630031323967510687e-02,2.729083011418542010e-02,5.712532197563249814e-02,-3.629793544218803958e-02,-8.522740976929140885e-03,-6.169928966434776868e-02,1.969963734634577399e-02,7.418222603401274096e-02,-1.675095463274823837e-01,-6.043617448462795111e-02,1.844140254864921336e-01,-3.922453031879565705e-02,3.646472570972677379e-02,-1.267940058399447123e-02,-5.365958799484438213e-02
5.473661292289016406e-02,-6.635671057670206041e-02,9.449129142505867385e-02,-3.466247850180723990e-03,5.953070995411188782e-02,8.140175909746441563e-02,2.017772098512660151e-02,2.222009209382401138e-02,-8.031178141530204151e-02,1.691916704743415961e-02,-5.885883848412476298e-03,-3.230993729451427099e-02,2.827472653770231673e-03,-7.823765687981319369e-03,-4.376197174000154982e-02,-4.266179150887351723e-02,7.850171471942392343e-02,1.239507551312322292e-01,-1.226878361636008358e-01,1.683952028486530028e-01,1.275553997800266681e-01,-1.846464581230426033e-02,-5.306009069171405135e-02,-2.007651544315593520e-02,6.439235424549670517e-02,-1.900258583326293891e-03,7.796806019042358538e-02,-4.824898556121965526e-02,5.953872818276743917e-02,3.137767979095468229e-02,-3.703240233373702311e-02,1.827518381646972469e-03,-6.860806525630910001e-03,-7.924233685084509926e-02,-1.728507394519758489e-02,4.661175822172245603e-02,-1.394387197305590187e-01,3.138952602610102505e-02,9.374832352865122842e-02,4.797415805099685890e-03,-1.845968495023255218e-01,3.522808342108363355e-02,-5.305027554827698028e-02,3.906362094591223771e-02,-9.764578862981936058e-02,7.731014236159392851e-03,8.242181531041214981e-02,4.340177640894599814e-02,4.275220155832373109e-02,-8.037292424337821872e-02,1.669014768840256305e-02,-2.917887839406613920e-02,7.976555206583832436e-02,-9.698083851505188979e-02,8.201538677277131484e-04,-1.839364226708874728e-01,9.976099375018578075e-02,-1.330608063807260655e-01,-5.447777568133068543e-02,4.551462150938166001e-02,9.794839558273667202e-02,4.618476294466381665e-02,-2.706061271402432356e-01,1.849481239181310632e-01,4.905044836126443847e-02,-1.223122342148442038e-01,9.304672318390157237e-02,3.950676897457781195e-02,3.933081104819979162e-02,-2.128551955003684520e-02,-1.308396032992207580e-01,2.034735881659695527e-03,2.551030396952024687e-02,-3.099654337777108318e-02,9.579351958369927700e-02,1.027586297388848879e-01,-1.748741387049272678e-01,5.892918262914116634e-02,-9.618814118786403466e-02,-3.220407482125418885e-02
-1.037884255606275480e-01,2.536883782631986148e-02,5.816910797206915895e-02,-1.059572414090668817e-02,6.270612810391749947e-02,8.850854439031946574e-02,-2.016377347120935221e-02,-3.032328415931742280e-02,3.963876852719870614e-02,3.281805659725087979e-03,2.375657533064891996e-02,5.466787128429825143e-02,5.854099937409704829e-02,-1.642106575118035261e-02,3.193574674395034674e-02,5.341538316202563974e-02,2.169322312059085087e-02,-7.019793461680934321e-02,-2.405281908173778627e-02,-8.777832525857970358e-02,-5.012922157996741596e-02,-4.063444383969985058e-02,-3.872860835555919784e-02,5.389206145480998633e-02,2.041385805146924987e-03,-1.377795764365562503e-01,-1.033173300594571187e-01,-5.786890256192551291e-02,-2.584305124257801900e-02,3.397431396321768521e-02,1.365490411375212265e-01,-1.756597915339993187e-03,-1.352780258477682095e-02,4.998887323834907970e-02,-5.336033741704482997e-02,1.681825528788079629e-02,8.277162415689584551e-02,-7.680999619142912793e-02,-3.548597654557075765e-02,9.749299130700159188e-02,-5.284572392279743291e-02,-3.717647079111722347e-02,-1.198105478192088430e-01,-9.367764127346293879e-02,8.386134682448306843e-02,-7.354185986490758067e-03,-1.159654670946426783e-02,9.560498223648479510e-02,-1.642932348976941515e-01,-2.131528388503696192e-01,3.146152285762094519e-02,3.272575136663425505e-02,-5.659160159288658537e-02,-7.084012224345467845e-02,4.569320744621387792e-02,-8.031184047459991038e-02,2.284602126441696857e-01,-8.352514701836794009e-02,1.971556638380183094e-02,-7.353577338111209893e-02,1.285739171748944421e-01,-2.105973960770323172e-01,-8.081994215822651748e-03,-6.893205490487375013e-03,7.948937317250384660e-02,2.930890840498395419e-02,-2.499985088318935206e-02,-2.750511892228617652e-02,7.965525061901942983e-02,-1.744434909656917831e-01,9.725696420856484725e-02,1.290572357336332854e-01,-8.541972346320252096e-02,-1.026512923797551352e-01,-7.183009010301039110e-02,5.147638173028681180e-02,-1.051967663109684425e-01,-1.336881896702344918e-01,-4.956167059792267182e-02,-9.656942414426566978e-02
4.504858001431644166e-02,-1.394470245663645587e-02,-9.288845333433052437e-03,5.774369305913177458e-02,-4.966640009500910939e-03,1.808646390654588751e-02,1.899773052154802092e-02,8.785747130571773533e-02,1.916724075967678881e-02,-1.758998121536645837e-02,-5.670189596736981835e-02,-1.702547665328120810e-02,-6.601176284829193830e-02,9.013170716008310490e-02,2.665625229745533994e-02,3.006727317565016655e-02,-8.293872342062803826e-02,-3.085178353625354529e-04,5.911066021540862386e-02,5.489667156448629903e-02,-4.424159933041651310e-02,8.792012431711999573e-03,-2.470650328101721416e-02,4.093161335322115235e-02,-2.005181783133088563e-02,-6.686524549680735721e-04,1.382518171727719070e-01,9.194226292385317134e-02,-7.120277775436453793e-02,-4.089981481568689958e-02,9.318724425387099261e-03,-7.724174704045562445e-02,-5.037779324377667650e-02,1.280036313180576979e-02,-5.285190597254301945e-03,-1.416923497983147151e-01,-9.613490425386586602e-02,7.345507561697074694e-02,7.207992270143469271e-02,-1.685281378807557823e-02,2.269606585605679280e-02,-1.795791317081667574e-02,6.806848570631734985e-02,-9.729847302539064435e-02,-7.036501447884196958e-02,1.705258917176687497e-02,6.681082219180493886e-02,6.627106894340521748e-02,-1.190369554938373181e-01,2.532403736992387341e-02,5.060371932751477758e-02,-1.049318860415650728e-01,-1.077581856951609907e-01,1.708124214089292228e-02,-6.692901929796614413e-02,-6.413023490009529815e-02,5.396852544068578977e-02,5.984855696196856450e-02,-4.200986327944324084e-02,9.721297619736662954e-02,-3.675359842441731917e-02,9.139017735127152875e-02,-1.029338834090483545e-01,1.570356337338625619e-02,1.702946010058373552e-02,9.419214188545822763e-02,4.465820992701549641e-02,-2.573103191149440222e-02,1.774192547444022883e-01,6.061163189727273443e-02,2.492149030851894750e-02,-1.360584622883766748e-01,-3.866191139213333294e-02,-2.244906957123233779e-02,-4.197194027440407510e-02,-7.472740734375334093e-02,-2.841922002408844294e-01,-1.240002750266407799e-01,7.137592376544071859e-02,-1.194647932561354597e-01
2.731808790894608638e-02,1.349391474272918640e-02,9.343670762280621711e-02,-2.276042797955957209e-02,-2.578877604581223532e-02,-7.507750958071673919e-02,-1.125234014430017424e-03,1.821694411144426928e-02,2.162272153359313248e-02,4.625072730689173961e-02,-8.168693995149387682e-03,2.422503912240875183e-03,-4.210270150115464488e-02,-8.968300105747098461e-02,4.461904771324674140e-02,-2.915377329966105727e-02,6.545080849200583806e-02,2.494225510551224129e-02,-8.638823677825679601e-03,-1.455187170035222854e-01,-8.546038857604632000e-03,-5.921719860053749340e-02,8.294667478437699193e-02,2.284371412840178681e-02,-5.558375358633195484e-02,-4.772948522097204826e-02,-4.653961366870520283e-02,2.474948155889242912e-02,-1.455792966168025383e-03,-8.714183620699558763e-02,2.687804863665891469e-02,3.978937651406595777e-02,5.619645791055063316e-02,4.512549941890728333e-02,-1.233355225694239988e-03,-3.556391928218337328e-02,3.193250549079866552e-02,-6.654811538338582105e-03,-2.458321174236185232e-03,2.216638775847564746e-01,1.571467091200440813e-01,7.109457103857827476e-02,-4.621363987838004311e-02,-8.691499787386683384e-02,-9.210835853298217357e-02,6.423662202110035080e-02,-8.602151731312105429e-04,-1.762696849017324555e-02,1.530893277649652238e-02,-2.138786736357865814e-01,2.317688692953302765e-02,3.852757804086543066e-03,5.822906781848464358e-02,1.261636704728597569e-01,4.611338950068868958e-02,-4.075453372559868087e-02,-3.309715025581934974e-03,9.227409250421717002e-02,8.006936433842319623e-02,-1.365094829293904688e-01,-6.516927325751033229e-02,-1.577134613519348000e-02,-3.826073368750201181e-02,1.210010594784692063e-02,9.386028188504304259e-02,6.504897560043301774e-02,-1.089061113098918759e-01,-8.006785957503410878e-02,-1.460934153627195010e-02,-5.720588295975428256e-02,-1.216793814160515297e-01,-7.872336274214578045e-02,1.779871265712970052e-01,-8.031234772600198690e-02,1.475195233359302693e-01,-1.499267166004591700e-01,2.598626350721255918e-02,-1.769567196014533994e-01,-1.018331420106176749e-01,-2.169519427652927268e-01
-3.195531942832036121e-02,4.009233754821381335e-02,5.017335104705386573e-02,-1.865390680062217060e-02,4.186075563651488370e-03,2.988233316264461963e-03,7.975351495474855557e-02,6.888512843338388120e-03,-8.426077204264826757e-04,-2.452299430402048175e-02,-5.432449316322923022e-02,-1.439744034836797429e-02,5.923630144338284421e-03,-5.117692600240787010e-02,-9.356826470521713290e-02,-5.125915970155107276e-02,-3.351068317223585089e-03,3.110211971763531327e-02,-3.750924470423892105e-04,1.095685983970560162e-01,3.066649945814352036e-03,-5.283405641857006479e-02,2.643456906959111303e-03,-1.062828146308190530e-01,7.094971807432605415e-02,3.576316228889157844e-02,-7.424842001372214915e-03,-2.238056560707675849e-02,8.319963491257616195e-02,3.040938436862669278e-02,1.026557032254295579e-02,2.724783955353977591e-02,-2.761451227965508112e-02,1.270780372670871766e-02,6.457794633044558474e-02,7.481788128032769436e-02,-4.965362734698760237e-03,-8.949670453437331974e-02,5.511653100250261950e-02,3.105789538304642647e-02,6.658344286469038142e-02,-1.090016594510123116e-01,1.996047133593670600e-02,-4.530524665140474305e-02,-1.965514869326067532e-02,-2.216766209808915949e-02,1.048156897299646756e-01,-2.265578682911688867e-03,1.936300384923161574e-02,1.897848396591844677e-02,6.322095862533227972e-02,-4.595541684785552083e-02,6.058668979107072194e-02,9.958656347621087923e-02,-3.241075664451102678e-02,9.316062950008645316e-02,-5.683207596074509732e-02,-2.743604668076597263e-03,-2.237455660594476342e-02,-1.104299589427462785e-01,4.269322990331714252e-02,1.799312433408524758e-01,1.788913192383020045e-04,1.349416860857612366e-01,-8.729163250388788375e-02,-8.113082109161104394e-02,-2.279297472117626233e-01,-8.416864526346926056e-02,-7.188991087639699795e-02,-1.592940518698135813e-02,-7.480767208184260775e-02,1.409272555294520946e-01,-1.503764417960376520e-01,8.565204549303388759e-02,1.314965056456593728e-01,-7.953016949149382953e-02,4.887058999353115218e-02,-8.213569015558677688e-02,1.042288895416255100e-02,-6.751301377013377292e-02
-2.066837045127519422e-04,-3.400828695821956488e-02,-1.369377207127232647e-03,6.458993131717871532e-03,-1.125958703515670678e-01,5.642829502359340138e-02,3.826962042562408184e-02,-4.692358567938311603e-03,7.490226064898286400e-03,9.021911189904419093e-03,-6.837298428829798047e-02,-9.192052421255489728e-03,8.851014652166884489e-02,2.608464932430558728e-02,-5.923764366735324166e-02,6.267165508953527475e-02,3.963393759169914904e-02,-4.180564070281636568e-02,8.293535727467316043e-02,2.430218678432430682e-02,9.571977818182889064e-02,-7.521265733039890489e-02,6.194672070904421596e-02,-3.308390810414076066e-02,1.334388435962756761e-02,3.920531177015337820e-02,3.555442252733487241e-02,8.658170297075967747e-02,-2.163333639894504667e-02,9.289578634861342388e-02,5.550638934828036608e-02,5.376325518140494947e-02,7.961796919236950598e-02,-2.033648578070198706e-02,4.100122592876091071e-02,-5.749438825474739723e-04,1.318378023207077698e-01,8.289356367976351281e-02,2.359698031567252635e-02,1.443997116416183626e-02,-1.047532057854063357e-02,3.260890305469986428e-02,1.005491737888942888e-01,8.050567836742308914e-02,7.243482303776084541e-02,1.981422410186176389e-02,2.816759819428880929e-02,-4.915414337993971594e-02,5.645893751956167911e-02,-8.304631176656564195e-02,-1.927784678100088328e-02,-2.321521931522126363e-03,5.304096682216073722e-02,4.155837524427114654e-02,-1.012270664910057821e-01,-6.531857282617191396e-02,-8.932091790183863123e-02,1.591813877848595113e-02,-1.176560587091744631e-01,-4.280262418951197995e-02,1.494625156332713145e-01,-8.374204293000207799e-02,1.443879952700419800e-01,-7.048181428436299523e-02,1.167172030954679585e-01,6.647397985544060972e-02,1.907170559379137501e-02,-5.815918803852074964e-02,-3.335337288922073790e-02,5.346726307018213192e-02,1.204660889404245289e-01,-8.289861577187526698e-02,1.322274986399416818e-01,1.605393396694746941e-02,5.356996283191606950e-02,-6.657368578632402722e-02,2.327222502449421623e-02,-1.031195620139692543e-01,5.247749456344073110e-02,3.707739783695815361e-02
-2.005601630274050223e-02,6.743011175553076386e-02,-5.917189810449133974e-02,-2.496440666079546150e-02,-4.037818650770257783e-02,1.026665690383795487e-02,2.940339344487029327e-02,-2.435302416737815390e-02,2.390734347143498584e-02,-3.812243913681305496e-02,4.073290733734738489e-02,-4.047282129106227061e-02,-1.711078335003917567e-02,-5.132112278272562417e-02,1.128402190610062472e-01,2.871291362121374674e-02,-7.031196255014039720e-02,3.013195486583632177e-02,-4.760693863040945523e-02,2.945351388750792193e-02,2.330218683671032506e-02,-1.781324316891437845e-02,8.605499897290201650e-02,-4.904491029049666551e-02,-9.061136831230526267e-02,6.434759749816479357e-02,5.667624410405115720e-02,-7.785398228858572689e-02,3.760631512795363507e-02,5.759502753542355968e-02,-1.625504558945695122e-02,-5.118373155561770776e-02,3.337934064025650793e-02,-4.886952682392761704e-02,3.564454275037584607e-02,-9.908967237646038127e-04,-7.646196859912647581e-02,1.489810177607892860e-01,-2.975573481153806835e-02,9.435448284319368495e-02,3.426998313775366650e-02,-6.776368580982140843e-02,-3.352706139338416241e-02,-1.164146837586129135e-01,1.064310851537000752e-01,-1.441454281930848805e-02,9.579944398510728543e-02,1.521901015115550461e-02,-1.408495548701888256e-01,-1.239267316192271540e-01,-4.992252219451479012e-02,-8.339358963033305719e-03,6.336828884467816947e-02,1.041850394531164681e-01,-9.241250524290180179e-02,-4.240163688500142580e-02,-3.796280710742282877e-02,-1.334120849793158370e-01,-8.572403204121892273e-02,8.103278632124720493e-02,-5.668670938341466292e-02,1.851457111710505532e-01,6.480882518897314315e-02,5.317810439413045084e-03,3.078686710151610009e-02,-1.819702750019399316e-03,8.586425836362748809e-02,-3.513488349525014341e-03,-1.055541406337186933e-01,4.867857500700525919e-02,-4.951783567937993735e-02,-1.052775735634955134e-01,2.312623241566513499e-01,3.605927891719344636e-02,3.177179024536241903e-02,-8.585035928404208261e-02,-7.404145579999303617e-02,9.904053541492659207e-03,-2.704743196611927303e-01,-1.827818227013448468e-02
6.773056990121208501e-03,-9.922800631419186057e-02,-1.148874967404433511e-01,-3.236167803151158984e-02,-6.594451675238501009e-02,-2.987868462593135099e-03,-4.454126390100075078e-02,1.202063003768855387e-01,2.058165020607272133e-02,1.574095501343671447e-02,5.433661408127395814e-03,9.511772051744174505e-02,5.735668792252381076e-02,-3.006601936528453117e-02,-3.713209400949820521e-02,2.658861997529785373e-02,6.881372456656786873e-02,-5.625298293895254070e-02,2.061618452818985217e-02,4.243004153230436892e-03,3.168749473319625726e-02,-1.428398285032770991e-02,-5.325222974147281879e-02,-2.449805548853058873e-02,2.091231088825821344e-02,1.908365164139063860e-02,1.250550827180195272e-02,1.703940322729287447e-03,-1.156211092966070719e-01,-8.725424534159041678e-02,5.531144069878353442e-02,5.753283945604066932e-03,1.017447627312527830e-01,2.332515333517131556e-02,1.562178502909261114e-02,-3.386376122224180052e-02,-4.965795827944999297e-02,4.576396888204365895e-03,-7.856931466868813732e-03,-6.987036860886738920e-02,4.496916381444116093e-04,9.557877537711090277e-02,-6.898312145718259181e-02,6.411732382504099770e-02,1.509947930666083807e-02,-6.236737429605643257e-02,2.564816385044525054e-02,7.360248737081868942e-02,-6.702921476431367154e-02,-1.017065394892019067e-02,3.407008016057760241e-02,2.634164362370716023e-02,6.474248683787844905e-02,-2.673354312630894444e-02,-1.553432973187659771e-01,-1.229244790889174287e-02,4.828755395899382574e-02,-1.412355716687292984e-01,-7.243566013462972297e-02,2.009818963572590142e-02,1.714833824802149687e-01,-2.614614045784387567e-02,1.333148372579324829e-02,-5.124273932195572839e-02,2.190107496853617094e-02,-4.382035197791226550e-02,-3.082105478637826509e-02,-9.197102454139424385e-03,1.166701468146480042e-01,-5.189572914451422853e-02,1.167423160581562563e-01,-6.649124406826871503e-02,3.917995787643602235e-02,-1.828500077880022279e-01,-9.926728437032771024e-02,-1.720394380009097057e-01,-3.451118544588759746e-02,-1.762258895372984802e-01,1.620899391724254790e-01,-5.369833822434981301e-04
1.593200210530390792e-01,4.328640774494903892e-03,5.143995356284300491e-02,-3.415106028866588678e-02,-3.885322254721686880e-02,2.570485925673049454e-03,1.391852243148417045e-02,3.758875898341458577e-02,8.904787791094010557e-03,-3.317660157637087465e-02,-3.708324258435732879e-02,2.035144469087726143e-02,3.011107338116490034e-02,7.514316099623770439e-04,5.368660905934898031e-02,8.721550269918828396e-03,-4.282777551926748166e-02,1.210993352317738317e-02,2.359561493249225789e-02,1.878420173493238615e-02,1.597968089065907385e-02,-3.742364773035922881e-02,9.395921437734000570e-02,4.863037345055101074e-02,1.184147019104136167e-01,8.014122798569647821e-02,5.729937506770752670e-02,7.214014454140700583e-02,-3.991755379793186786e-02,4.857186809423397894e-02,4.501436215419616499e-02,9.500445781510107046e-02,1.731847982023678595e-02,9.554876842228370720e-03,-4.952932926130758362e-02,-7.952976747244286382e-02,4.862554142960254905e-04,3.877158629873297263e-02,8.068974873035722473e-02,2.866207738998727272e-02,8.792316129246592615e-02,-4.342729654779958065e-02,-8.484475072929585637e-02,1.334516388412865186e-04,1.395745842320702743e-02,1.461985410411471495e-02,-3.890721085615763374e-03,5.505014548482708991e-02,1.683405550388594740e-02,1.166288400024540484e-01,9.258503655174840641e-02,4.734124221020216683e-02,2.883635464653277469e-01,-2.085409972624764630e-02,-1.864176383054111721e-02,1.775934241702234462e-01,6.265016926474101244e-02,-4.563664520734771884e-02,2.017507661371710503e-01,3.405576678759397041e-02,5.462811917592881594e-02,9.461134978985286104e-02,1.070473169037339523e-01,-2.122706955721363059e-02,-4.014226169499861274e-02,-5.877240550346171134e-03,5.397201964077657371e-02,-1.098185458312101598e-01,-1.152564858161270328e-01,7.418929544082203398e-02,-5.894434784685891743e-02,5.119936364484023450e-02,-1.037040328121988514e-01,-5.125409117149691551e-02,-1.917006246631276778e-01,-1.066392141256016918e-01,-1.818609828175788215e-02,7.907927402072294221e-02,1.519296425143777489e-02,-6.298630877761793312e-02
3.941692729339781737e-02,-5.404191482430546756e-02,2.858596805665143334e-02,-4.719104692622449852e-03,-5.318453564776713660e-02,-1.830548553116408128e-02,-3.469573091611869581e-02,-1.940256274202687217e-02,7.192355532466020163e-02,-6.678739625721299977e-02,1.520314886054048098e-03,1.255389906860532659e-02,-6.888315374445944106e-02,2.127606039925265119e-02,9.788199931056214276e-02,1.100317175918553575e-01,6.378550425827431147e-02,8.527646674531483284e-02,-8.872565418715920582e-02,1.442498447329579048e-01,-8.581245753102027807e-02,-4.845620890861141589e-02,-8.151538501734248432e-02,-6.256675111102344422e-02,-8.155698252364958212e-03,-3.540761648894630992e-02,4.209542572925197013e-02,-5.394683281861121366e-02,-7.533326557326969208e-02,6.600006283226071691e-02,-1.094331666488413679e-01,2.095632341466285506e-02,7.739938629586949614e-02,-6.078075200392237670e-02,8.866374055282841282e-02,-8.950628239105767880e-02,-1.656133938574294931e-02,3.364028937333497782e-02,1.073638595049140193e-01,6.291382886607990721e-02,5.303668218366435622e-02,2.961244727368778432e-02,1.716121362305068898e-01,-5.088081105421617123e-02,-8.646517526898316042e-02,5.420941115143099870e-02,-1.173121182050924777e-01,-1.388911344139872250e-03,1.658734064423859900e-02,-9.348379180333667160e-02,-9.385769536134239144e-02,-6.621585701604768004e-02,4.521301333889175822e-02,-9.641058949240342846e-02,6.322160457468407879e-02,3.506792929972988443e-02,7.952410367700506189e-02,-7.520304272833534809e-02,-1.145686055326847023e-02,1.243108059656920228e-01,-7.600599972336533061e-02,-7.257236127625005251e-02,1.499583528958521594e-01,8.591300205770122100e-02,-6.068554397833559461e-02,8.278410224592328004e-02,6.154072403254895463e-02,9.767066226472075063e-02,-1.021890095856885644e-01,-8.065200511008137341e-02,-1.178273733939136647e-01,5.545363110673940527e-02,6.344682244182187070e-02,-1.215826444107091925e-01,9.276760717619519925e-02,1.454143086171605717e-02,-4.567811223670677212e-02,-5.823488924516265989e-04,4.903712435724463803e-02,9.305450521019188737e-02
-7.425453677734994429e-02,1.432672380068887863e-01,-1.974234286087288640e-02,-4.251065070098049986e-02,-2.699968006887691133e-05,3.950824924072481731e-02,5.141709748799401514e-02,2.727841769741064584e-02,-1.943462588950253117e-02,2.671873711788321643e-02,7.225657728064353510e-03,2.414676424314242398e-02,-3.675399606280924103e-02,-1.727225943386635071e-02,7.706154646496282505e-03,5.078841086718820924e-02,-2.973141101033438451e-03,7.745926916182092892e-02,-2.599635913625331779e-02,2.605846127194583195e-03,-7.612435606708828351e-02,-2.133476040564395715e-02,4.380314739936441021e-02,-1.801194376253076324e-01,6.356139157695456232e-02,-4.759280105916927073e-02,3.967053025655305903e-02,7.440357390312070385e-02,7.462925760114395846e-02,-3.280200525343719004e-02,2.219666563454502500e-02,4.671880078510538825e-02,8.197296326218432572e-02,-2.196353164812996431e-02,3.170867245208340568e-02,-5.317124922515539115e-03,-7.096595091825121104e-02,-1.133068128318302607e-02,-3.367598771564732363e-02,-2.787938456869028248e-02,1.698624194667516102e-02,-4.365028306186603813e-02,2.464928031586120435e-02,8.312312649765565831e-02,2.546767844349489412e-02,1.048432127488280741e-01,-5.361396149763717617e-02,4.673667068767772825e-02,-2.892689332940477642e-02,1.854619170710871193e-02,-6.700869572120467244e-02,-4.721403827879021298e-02,-6.095300854234653870e-02,5.075892069820114351e-03,5.307573431459683411e-03,4.152752508462267261e-02,-4.186476284210874366e-02,-1.596843627414791245e-01,-9.058154054756378804e-02,-8.648883923587366573e-02,1.005096814811132083e-01,-3.189001746424487138e-02,-3.428904642242793649e-02,-5.664086045213328341e-02,3.684759541182671544e-02,5.779385001683821216e-03,3.234670290900108075e-02,-2.405398685468430608e-01,9.140753633910382592e-02,6.078654454449853792e-03,7.638622061824397458e-02,-9.488676147382786585e-02,-4.261651001204407735e-02,7.337467313743678554e-02,9.772310933752896556e-02,2.305252516611413192e-03,3.733517003064966422e-02,-1.329679361164245142e-02,-4.844457058181560888e-02,-8.648588093547875111e-02
1.540808399646903526e-03,-1.169496245007468765e-01,3.468181827772565812e-02,2.171040137925693211e-02,4.556791176840873508e-02,-5.192122485779667590e-02,6.562986785840392578e-02,-1.128781084474083166e-02,4.616282412299200361e-02,-1.938558150004255493e-02,-4.722786164337471754e-02,8.203171476461763867e-02,-1.111643459870420569e-02,-2.290373559970470749e-02,-3.305819965432613833e-02,5.733015611846188457e-03,3.134919372256716324e-02,-6.726038219937688356e-02,-7.850157096503820528e-03,3.818991248801567769e-03,-3.343343504161456342e-02,-9.604673562821573751e-02,4.846051652192796128e-02,-2.552797464761746155e-02,-2.837910524372588492e-02,-1.941960104366706810e-02,-9.607149559891324520e-02,2.633116413061214675e-02,2.075853000404991391e-02,-1.514778010719110002e-01,2.994636087880003447e-02,2.067388003532055762e-02,3.111180774771753546e-02,-2.427398983837630170e-02,1.468651190837546860e-01,-1.363008763184218181e-02,9.753594821093421185e-02,-2.612454030373114952e-02,-6.039029465184260481e-02,-1.155989555490731235e-01,-6.328749865024269061e-02,-8.967192429286655400e-03,-1.700590887467096912e-01,-1.515892871508681961e-01,1.180579736362828286e-01,-5.184951152901105115e-02,-4.516228270492332608e-02,3.658591937870386140e-02,-7.322997821205322333e-02,-1.928155609533720172e-02,8.015588959721110796e-02,-9.987920573339868768e-02,-1.027008685610330402e-01,5.856414161303171231e-03,4.992815232568345064e-03,1.742546264206504825e-01,-2.645320377905212988e-02,7.943950860947023018e-02,-1.167410954173151161e-01,8.011562290855879509e-02,-1.874461730957189751e-02,2.662468285080234545e-02,-1.172432641865477215e-01,3.259696406432551624e-02,-1.303374964208926512e-01,-5.261359063181224316e-02,5.069340293051554508e-02,5.386667126118117876e-02,1.004373497239319096e-01,2.365119322388265985e-02,-1.877404719560079871e-01,-4.363172292113826414e-03,-3.571768424153222432e-02,-6.465856121337457130e-02,1.224076890543953494e-01,5.792207710820036770e-02,-6.720058176703905262e-02,1.385932782374493452e-02,-7.719762117372019894e-02,-1.155669101473193461e-01
-5.635846536595038453e-02,4.693643858964697407e-02,-3.758609654703615102e-03,6.598761893602007877e-02,-2.575237063984319938e-02,6.578763693331030060e-02,-6.764980042748733324e-02,9.996305422686920655e-03,-5.713435146709196916e-02,4.012114861773072305e-02,-9.646830209818862967e-02,-1.994834383474711550e-02,-6.070502345711836084e-02,-1.245913303353220376e-02,1.585088960946644254e-02,1.771162292291935184e-02,9.019442988717015289e-03,-7.122001358445149977e-02,4.958908226069506237e-02,5.939407700169156007e-02,4.250374322051771875e-02,-1.289549849766176599e-02,-4.824305061541247358e-02,5.851249013217871969e-02,-1.177529634868787201e-01,3.357284861145237720e-02,7.287795090392000519e-02,-4.017054816408736906e-02,2.880239926835573977e-02,-9.150282903826593983e-02,-5.135559602251424383e-02,9.967942526811462978e-02,-8.318157044166916286e-03,-1.304825961568465420e-01,6.115910753309917319e-02,-1.984602797867452972e-01,-1.294960106552259238e-01,1.063146565046315523e-02,-1.651165801712303413e-02,8.929058253987075255e-02,3.210884666005318216e-02,2.168832756090235264e-02,-4.193017738342338235e-02,6.389679760275700227e-02,-4.917793158503858814e-02,8.303743236899442659e-02,-1.464500485535572272e-01,-7.321147120050902624e-02,-2.857591285123047692e-02,-3.765667261975128716e-02,-1.012509862466926119e-01,-2.426637267667073466e-02,3.173559551591893096e-02,2.007044230299990725e-02,-4.915278568196863179e-02,1.005175760668585994e-01,-6.696687442114586386e-02,5.215369895522170562e-02,7.912337368893354594e-02,-2.696475824352505268e-02,-3.192815996395483719e-02,5.246625633837646852e-02,3.091714803921528087e-01,3.077007316492585270e-02,1.099220009734476061e-01,8.745166141456740816e-02,-3.607877148561775688e-02,-1.358765817492636405e-02,-1.379379453599781369e-01,7.483965112394065644e-02,-1.402619269767476917e-01,-9.827871318778599874e-02,-1.055725650429354678e-01,2.583648586013539278e-02,2.700652037578499948e-02,-2.222905876372047521e-02,-1.210928845013069938e-01,9.364770863413719726e-02,-8.957574133415817375e-02,-5.964289993989867894e-02
-2.442410004339801155e-02,4.218160554716558763e-02,-1.038002070793450776e-01,2.384895645051973365e-02,-8.098924521990994449e-04,-2.755284485318205620e-02,-8.415212454648460239e-02,7.214050494195137220e-02,-4.595302260042923720e-02,-5.304327731612334951e-02,-9.578746959755936319e-02,-2.477274150102512160e-02,9.095819476403978199e-02,5.123237552344231394e-02,6.742038263168144419e-02,1.389750813420223725e-02,-3.042700348608922203e-02,-5.441841668691514006e-02,-2.975589196621276217e-02,-1.223444158493322900e-02,-4.484642942652024983e-02,-1.558095349748660555e-02,9.280384825642443158e-02,-2.790618861949322599e-02,-7.622816594248060795e-02,2.786588481050787658e-02,-2.713797854271824544e-02,-7.477461347891364851e-02,-4.640578325864348069e-02,1.468240753445890570e-02,1.429318338132155586e-01,4.080339947692682850e-02,6.230916511809960617e-02,-5.689640029951897188e-02,2.001205402332417727e-01,-7.917649092160462809e-02,-1.369843963146957257e-02,-1.114156828041222430e-01,6.816138958011973281e-02,-1.042173056117819546e-01,-1.359115463956741404e-02,4.616826675318157214e-02,1.145118099431234326e-01,4.291122822221993954e-02,-2.484144672168156834e-02,4.537606117339299319e-03,4.675206766361228450e-02,-9.653165171535356415e-02,-2.928721106910437549e-02,-1.397235595673538833e-01,-1.121670130686529820e-01,4.327373922599014183e-02,3.500464154038204073e-02,1.550574217665547788e-02,-2.858494681977602134e-02,1.471307577655831499e-02,1.138579386195212734e-01,8.999453224398706874e-02,-1.957545571320425393e-01,3.985765935657488435e-02,2.038823665780069294e-01,-5.098534739569496321e-02,1.377492070481908526e-01,-5.109589619008504668e-02,1.132875063273526967e-01,8.840471683084784316e-02,-2.877046601816603613e-02,1.664849660353449612e-01,-2.147928983562162261e-02,6.522395392132745995e-02,-1.067732906964884293e-01,6.875529575001886051e-02,9.410440879582940288e-02,-1.277499254140742613e-01,1.179093935976323164e-02,-1.143049691561796311e-01,-5.688622364857615771e-02,7.436767846332098530e-02,1.353508498678600569e-01,1.036264162854155513e-01
-2.836614079190407853e-02,3.238593532118809850e-04,-1.985075200771447418e-02,2.338435682005678834e-02,-2.232143128106131406e-03,-2.833661747030222569e-02,3.860137468029287838e-02,-1.633425374030904320e-02,7.395863203842620304e-02,3.588999799526866596e-02,-2.390022937181749850e-04,4.391696987814153880e-02,-8.625925145657216755e-03,-4.613829879866679362e-02,2.745898213196368981e-02,-7.569029882468217285e-02,1.857600914534982689e-02,-2.238774440433917781e-02,6.165243846370896397e-02,-4.435474987808633168e-02,1.447186756000935423e-02,-6.483698456961023426e-02,-1.127301633422647248e-01,-6.315810106800520685e-02,2.779592058497893509e-02,-6.026575898270698090e-02,-4.892933353772697253e-02,-6.486590110777777987e-03,-1.200535217754048790e-02,7.083022590694777743e-02,-1.094367943230639337e-02,7.640194460730728720e-02,4.816182975329778154e-02,-5.005488575427827908e-02,6.388873082562133987e-02,3.683254212639875541e-02,-1.454396541875054190e-02,1.614736552175673190e-02,1.562777131517959937e-03,3.402739913004455136e-02,3.010058252825221700e-02,4.771776293514765066e-02,-7.393353335555011285e-02,1.066986845669752777e-02,2.778974408243703800e-02,1.448718599590176695e-02,6.842313549472286288e-03,-2.251419341425331747e-02,3.335100944848171101e-02,-1.358786334322174272e-01,-4.007818993401752322e-02,-3.362075443155547461e-02,-4.926507482745294542e-02,-9.152998877918756826e-02,5.748433591940822762e-02,3.447937732853148529e-02,-1.282673709730319800e-02,6.889680215315747980e-02,-2.721987770097502451e-02,-1.965893172666978161e-01,-1.392302613149424273e-01,6.940334788843195712e-02,1.555469784272277452e-02,5.987804633694258222e-02,-1.310150092156882606e-01,-1.194109847424956461e-01,2.338849079816384541e-02,6.982680676934478747e-02,3.493568266189640836e-02,-4.997893020046945828e-02,6.160286357799635987e-02,5.787415494703490593e-03,-6.901622520167610686e-02,5.307465193736137649e-02,1.000743483293767278e-01,1.030969492259887765e-01,1.171021510727124626e-01,-4.319356234714132048e-02,2.000277314281195540e-01,3.971479461716734966e-02
-6.975999654979347930e-02,-3.882249439813159619e-02,1.776084669813302735e-02,2.327391334805751708e-02,6.583629235187515860e-03,-4.960935102754647497e-02,8.036611200685819800e-02,-4.804306911982863734e-03,-1.513604655848088398e-01,1.834185536089607757e-02,1.048183889340215461e-02,-5.425475481973063979e-02,-4.182986100171407623e-02,-7.595134950182923228e-02,-1.091858639686929949e-01,6.665945706907554225e-02,7.800054560802986703e-02,-6.759030240054633709e-02,7.292474707585930305e-02,-1.626145428015033367e-01,3.303966192281269920e-02,-1.293016962104910350e-01,2.287798808452245342e-02,1.509464756232792391e-03,2.043089252937532393e-02,-2.366017163968776177e-02,6.031539642102547172e-02,-1.166778029159724547e-02,-6.464969442978758807e-02,-3.545348331831658234e-02,2.647967754987990557e-02,1.119585619553283146e-01,-2.409719092153541145e-02,-3.651638773988198639e-02,6.617984344046710932e-02,-2.896236173988745929e-02,1.012726250207260717e-02,-1.092541896721183591e-02,-8.392295314699692310e-02,-2.686329166640473096e-02,-3.760512481332612539e-02,-9.715486459334722602e-02,4.452321300975405592e-03,3.925975747344994521e-02,-6.005196394402921578e-02,-8.436638699470891400e-02,-7.105719976761302840e-03,-1.837582802067448673e-02,3.168001131026095506e-03,4.350475270720947224e-02,-1.279735822503621778e-01,9.123831396094178592e-02,1.321653448802760991e-02,-5.168494232384259618e-02,-1.434495664886177302e-01,2.483766354476408741e-02,-1.866175117519271870e-02,2.133609500084661034e-02,7.586177956060433103e-02,-4.067686541026504891e-03,-3.303343580377206268e-02,-1.822657062259229188e-01,-3.878420526115249067e-02,4.210798497258023271e-02,-3.477453013084976646e-02,4.611154562264743045e-02,-8.018579140941879679e-02,1.346741326463126720e-01,2.955661218031783652e-02,-7.955209805471934181e-02,-1.198881432364854033e-01,-2.404883747191692012e-01,6.404632326103316953e-02,2.177853759831720540e-02,1.511073637915545942e-01,9.881998206424753850e-02,-1.056983351246813252e-01,-1.296120234385884085e-01,1.711676311540411832e-01,3.245598981981771131e-02
